id,schema_candidate_id,document_family,form_name,form_type,status,version,field_count,checklist_count,evidence_count,source_trace,created_at,updated_at
90bd26fd-555d-4cde-8858-f8d92ce90f2a,cc6bf7ef-a4d8-4d31-a259-561fb6a7029a,DOCUMENT,건강진단 결과 보관대장,CUSTOM,CANDIDATE,1,6,0,0,"{'doc_id': None, 'form_code': 'STD-HEALTH-001', 'source_id': '348bbc6e-e7d3-427e-a75d-df40f02605b1', 'source_table': 'document_form_master'}",2026-05-12 10:48:02.174681+09,2026-05-12 10:48:02.174681+09
7c6247fb-7999-4a24-9338-38bf3d0050ce,7e548bf2-5005-4e7b-a0cb-8768868e19e8,DOCUMENT,산업재해 발생 원인 기록서,CUSTOM,CANDIDATE,1,6,0,2,"{'doc_id': None, 'form_code': 'STD-ACC-001', 'source_id': '065207cd-ca55-47d7-a455-a71da2a2fd46', 'source_table': 'document_form_master'}",2026-05-12 10:48:02.174681+09,2026-05-12 10:48:02.174681+09
a093cd6c-d1c8-400a-af7a-f9aa8fb08e19,f9b598a4-eb72-4f7f-9d33-89bfdaf9db99,DOCUMENT,소방시설 자체점검 결과서,CUSTOM,CANDIDATE,1,6,0,2,"{'doc_id': None, 'form_code': 'STD-FIRE-001', 'source_id': '5f05e70d-da84-4a2a-86a1-c6da64d1d7c8', 'source_table': 'document_form_master'}",2026-05-12 10:48:02.174681+09,2026-05-12 10:48:02.174681+09
75dfd109-b5ad-44df-beab-743987fc88f3,dbef7e41-68f9-4025-9d6a-702592f972f6,DOCUMENT,안전관리비 사용명세서,CUSTOM,CANDIDATE,1,6,0,2,"{'doc_id': None, 'form_code': 'STD-COST-001', 'source_id': '035326e2-e699-41fd-a472-898189aea78e', 'source_table': 'document_form_master'}",2026-05-12 10:48:02.174681+09,2026-05-12 10:48:02.174681+09
f2bd5f48-327b-4dd3-9bca-1c7e1d4bd3c4,fbc14794-15fb-4dc8-98a1-3053c010abb5,DOCUMENT,안전보건교육 실시기록부,CUSTOM,CANDIDATE,1,5,0,2,"{'doc_id': None, 'form_code': 'STD-EDU-001', 'source_id': '1e2ccab6-b4b9-47bf-85af-d2e45ad06f2f', 'source_table': 'document_form_master'}",2026-05-12 10:48:02.174681+09,2026-05-12 10:48:02.174681+09
ae14af0b-5835-4735-bb32-0d7223d2542d,c578810b-7858-47e8-b726-13a025791815,DOCUMENT,안전보건위원회 회의록,CUSTOM,CANDIDATE,1,5,0,2,"{'doc_id': None, 'form_code': 'STD-MTG-001', 'source_id': '838e1d93-6a7e-4ec5-9fc2-0198c227f81f', 'source_table': 'document_form_master'}",2026-05-12 10:48:02.174681+09,2026-05-12 10:48:02.174681+09
ecfa9483-f078-4695-8f65-98d17b6fbf77,cc7c4d24-1283-47ce-9bac-b5341d0a2666,DOCUMENT,안전점검 결과서,CUSTOM,CANDIDATE,1,6,0,2,"{'doc_id': None, 'form_code': 'STD-INSPECT-001', 'source_id': '49949506-68ba-45bd-9768-bc6cd5acecd1', 'source_table': 'document_form_master'}",2026-05-12 10:48:02.174681+09,2026-05-12 10:48:02.174681+09
e9a8511f-58eb-45d0-b136-23c25a81df8b,ff17c0ec-0d8d-48ac-b75e-ca23ec20c435,DOCUMENT,위험성평가 결과서,CUSTOM,CANDIDATE,1,5,0,0,"{'doc_id': None, 'form_code': 'STD-RISK-001', 'source_id': '5ccc617f-892c-42bf-9400-36a0fd39bc22', 'source_table': 'document_form_master'}",2026-05-12 10:48:02.174681+09,2026-05-12 10:48:02.174681+09
88e0c5d3-9d7a-453c-abde-e3c17dcb4787,10db227c-32f1-456a-8e46-fcecaa15b221,DOCUMENT,작업환경측정 결과 보관대장,CUSTOM,CANDIDATE,1,6,0,4,"{'doc_id': None, 'form_code': 'STD-ENV-001', 'source_id': '42085613-814d-4efb-b924-eb3663771dab', 'source_table': 'document_form_master'}",2026-05-12 10:48:02.174681+09,2026-05-12 10:48:02.174681+09
6894b5da-80e1-4eca-a2e2-e80de9cbbc91,385eb66e-5f92-4247-8d36-9d841147fe54,DOCUMENT,전기설비 점검일지,CUSTOM,CANDIDATE,1,6,0,2,"{'doc_id': None, 'form_code': 'STD-ELEC-001', 'source_id': 'af6cc2f3-9d09-4df1-abc4-09a08e4f5053', 'source_table': 'document_form_master'}",2026-05-12 10:48:02.174681+09,2026-05-12 10:48:02.174681+09
dc79ac3c-388c-42dc-b029-3dd9bda54a47,167a9e43-5244-4793-bc4a-11e640391065,DOCUMENT,점검 결과 기록서 (범용),CUSTOM,APPROVED_FOR_RUNTIME_USE,1,5,0,0,"{'doc_id': None, 'form_code': 'GEN-INSPECT-RESULT-001', 'source_id': '4236fb68-a620-4804-8951-7064ad908cd4', 'source_table': 'document_form_master'}",2026-08-25 23:12:52.265693+09,2026-08-26 00:33:15.601404+09
52c537f6-7dd8-4947-bc46-3c66a5f30ac9,01f2b298-1330-4978-b996-722ae93cda3c,UNRESOLVED,가설전기 작업 전 점검표,CUSTOM,CANDIDATE,1,0,0,0,"{'doc_id': None, 'form_code': 'BW-TELEC-001', 'source_id': 'e02d9585-ff3d-4f55-b678-c1854425fd7f', 'source_table': 'document_form_master'}",2026-05-12 10:48:02.174681+09,2026-05-12 10:48:02.174681+09
fae3c1bd-58d9-4385-bb7f-d6f8bae09913,2fbb34c4-8db1-4517-8a25-bdd4fe199ace,UNRESOLVED,가스사용시설 정기점검 기록서,OFFICIAL,CANDIDATE,1,0,0,0,"{'doc_id': None, 'form_code': 'INSPECT-GAS-001', 'source_id': 'aaac11fd-a64e-4650-b74f-b273957941b6', 'source_table': 'document_form_master'}",2026-05-12 10:48:02.174681+09,2026-05-12 10:48:02.174681+09
d4c89ae3-7cda-4412-8139-0024d7177ae7,bf73233b-e4be-4a08-a3bb-11333b8ea07a,UNRESOLVED,가스안전관리자 선임 신고서,OFFICIAL,CANDIDATE,1,0,0,0,"{'doc_id': None, 'form_code': 'APPOINT-GAS-001', 'source_id': '8876de9f-8a98-4e38-bae3-eec17f6be230', 'source_table': 'document_form_master'}",2026-05-12 10:48:02.174681+09,2026-05-12 10:48:02.174681+09
09a54d34-2ed2-45f4-b28f-1c4ad4499e35,c172ccf3-8d00-48e4-a769-7928e83e3dc9,UNRESOLVED,거푸집·동바리 작업 전 점검표,CUSTOM,CANDIDATE,1,0,0,0,"{'doc_id': None, 'form_code': 'BW-FORM-001', 'source_id': '0fb70b34-ae40-4a54-a3d2-1c7d31ab14f7', 'source_table': 'document_form_master'}",2026-05-12 10:48:02.174681+09,2026-05-12 10:48:02.174681+09
c28ebed9-9eeb-40c3-898f-d22c443f2980,e66decca-2186-4d70-ab12-dbe5b70626fc,UNRESOLVED,건설용리프트 작업 전 점검표,CUSTOM,CANDIDATE,1,0,0,0,"{'doc_id': None, 'form_code': 'BW-LFT-001', 'source_id': '4c56dc0e-038d-4c1d-a890-252481966beb', 'source_table': 'document_form_master'}",2026-05-12 10:48:02.174681+09,2026-05-12 10:48:02.174681+09
237b1781-a4a8-41d5-aafa-cb120b75aa27,9298234b-b018-4222-b70e-a2ff4d399a67,UNRESOLVED,건축물 정기점검 결과서,OFFICIAL,CANDIDATE,1,0,0,0,"{'doc_id': None, 'form_code': 'INSPECT-BLD-001', 'source_id': 'b0bcd426-fed6-4c08-a4f3-f8c162832e5e', 'source_table': 'document_form_master'}",2026-05-12 10:48:02.174681+09,2026-05-12 10:48:02.174681+09
89f0e563-1783-4a1c-878e-9f42f0e2cbac,b6d20e48-86c8-4393-8a0a-62d15f343592,UNRESOLVED,고소작업 작업 전 점검표,CUSTOM,CANDIDATE,1,0,0,0,"{'doc_id': None, 'form_code': 'BW-HIGH-001', 'source_id': '4e8c5e79-e875-4459-b029-0a6c67d5452e', 'source_table': 'document_form_master'}",2026-05-12 10:48:02.174681+09,2026-05-12 10:48:02.174681+09
79883153-c15b-43b1-bada-d08a43985b01,e6ed7ebc-af56-445b-a6f7-c57f7343c623,UNRESOLVED,곤돌라 작업 전 점검표,CUSTOM,CANDIDATE,1,0,0,0,"{'doc_id': None, 'form_code': 'BW-GDL-001', 'source_id': '0b9c62cc-a6c0-460a-be75-1b64fd9dd536', 'source_table': 'document_form_master'}",2026-05-12 10:48:02.174681+09,2026-05-12 10:48:02.174681+09
58ff4d8b-cb36-459f-83db-e0bdb50f841a,1dcf0f55-d837-45cb-8d10-365ce295b16f,UNRESOLVED,굴착기·건설장비 작업 전 점검표,CUSTOM,CANDIDATE,1,0,0,0,"{'doc_id': None, 'form_code': 'BW-EXC-001', 'source_id': 'ac463329-a52f-4d70-8a17-55102b13e92c', 'source_table': 'document_form_master'}",2026-05-12 10:48:02.174681+09,2026-05-12 10:48:02.174681+09
fbd45391-e7d7-471e-ac32-888c7357fb1a,be69db1e-2c5b-4ced-b6da-ac3d1149086f,UNRESOLVED,밀폐공간 작업 전 점검표,CUSTOM,CANDIDATE,1,0,0,0,"{'doc_id': None, 'form_code': 'BW-CONF-001', 'source_id': '4713fde8-b113-49ea-b93c-8dbdb04a454c', 'source_table': 'document_form_master'}",2026-05-12 10:48:02.174681+09,2026-05-12 10:48:02.174681+09
2041e865-17ab-4ba1-8072-0902c633ae13,403fbec7-ac0c-490b-aa21-3f5223b8e3d7,UNRESOLVED,발파 작업 전 점검표,CUSTOM,CANDIDATE,1,0,0,0,"{'doc_id': None, 'form_code': 'BW-BLAST-001', 'source_id': 'af2e93b8-2273-481b-a7f8-799f4d4928c1', 'source_table': 'document_form_master'}",2026-05-12 10:48:02.174681+09,2026-05-12 10:48:02.174681+09
e0c04dc6-a833-4c06-a955-79ea9bf43ffc,e392d6bf-f4a2-4d88-bf96-19b8f34ac567,UNRESOLVED,보건관리자 선임·해임 신고서,OFFICIAL,CANDIDATE,1,0,0,0,"{'doc_id': None, 'form_code': 'APPOINT-HLTH-001', 'source_id': '7bac30fc-4e84-4c3f-b313-7d00daaebb07', 'source_table': 'document_form_master'}",2026-05-12 10:48:02.174681+09,2026-05-12 10:48:02.174681+09
0bb8775e-a744-449e-b187-dfea235124cd,20205884-c0ee-4f15-9069-c4b7666a9fb7,UNRESOLVED,비계 작업 전 점검표,CUSTOM,CANDIDATE,1,0,0,0,"{'doc_id': None, 'form_code': 'BW-SCF-001', 'source_id': '44cc24fd-9881-4b58-ae7a-8de548556860', 'source_table': 'document_form_master'}",2026-05-12 10:48:02.174681+09,2026-05-12 10:48:02.174681+09
0067c7ea-39e8-45c0-9168-fd6f9571857e,323b7f2f-0eba-4d49-aee2-934f12dcda85,UNRESOLVED,소방시설 작동기능점검 결과서,CUSTOM,CANDIDATE,1,0,0,0,"{'doc_id': None, 'form_code': 'INSPECT-FIRE-002', 'source_id': '1bcf6f6f-5ff1-432d-855a-2a66762df290', 'source_table': 'document_form_master'}",2026-05-12 10:48:02.174681+09,2026-05-12 10:48:02.174681+09
66b21502-2006-4e96-86c6-aa389c3123fc,726bafde-f581-4eea-b9ed-8e732754f4a2,UNRESOLVED,소방시설 종합점검 결과보고서,OFFICIAL,CANDIDATE,1,0,0,0,"{'doc_id': None, 'form_code': 'INSPECT-FIRE-001', 'source_id': '48c04ef9-daf3-47fc-ab02-9f0a71a71a5c', 'source_table': 'document_form_master'}",2026-05-12 10:48:02.174681+09,2026-05-12 10:48:02.174681+09
cbcf6453-3dd6-4df0-afd9-9dfb6485ddfd,a8ced6f2-c1d6-477a-96ac-38cd7e237bed,UNRESOLVED,소방안전관리자 선임 신고서,OFFICIAL,CANDIDATE,1,0,0,0,"{'doc_id': None, 'form_code': 'APPOINT-FIRE-001', 'source_id': '16a69e00-b6c6-4664-be62-c4877dcc4018', 'source_table': 'document_form_master'}",2026-05-12 10:48:02.174681+09,2026-05-12 10:48:02.174681+09
b1b480e1-0f2a-4168-bb77-c2b43ca11212,c87844d0-f2dd-406c-8e63-aa28a23745b4,UNRESOLVED,승강기 자체점검 기록부,CUSTOM,CANDIDATE,1,0,0,0,"{'doc_id': None, 'form_code': 'INSPECT-ELEV-001', 'source_id': '16e053a7-19e9-471d-b7a8-a04bd71abbf7', 'source_table': 'document_form_master'}",2026-05-12 10:48:02.174681+09,2026-05-12 10:48:02.174681+09
b4dda667-01c9-4d92-98aa-cd7d772c073f,96c265af-9ef6-4c9a-b289-b44b85887ba7,UNRESOLVED,승강기 정기검사 성적서,OFFICIAL,CANDIDATE,1,0,0,0,"{'doc_id': None, 'form_code': 'INSPECT-ELEV-002', 'source_id': 'fc5c9a79-bc13-4a44-8e34-56f5f4e5b26c', 'source_table': 'document_form_master'}",2026-05-12 10:48:02.174681+09,2026-05-12 10:48:02.174681+09
39ec71d6-90b3-4884-9c30-054a83f49503,344b0fde-755c-4364-b3dd-239af5c1d03b,UNRESOLVED,승강기안전관리자 지정·변경 신고서,OFFICIAL,CANDIDATE,1,0,0,0,"{'doc_id': None, 'form_code': 'APPOINT-ELEV-001', 'source_id': '010a4906-26fe-40c2-866a-6da8d373ce3b', 'source_table': 'document_form_master'}",2026-05-12 10:48:02.174681+09,2026-05-12 10:48:02.174681+09
6b1156f9-07b8-445f-af86-b4c7a162b0ef,d085062f-afcc-4586-82ee-ef670d03da8d,UNRESOLVED,안전관리자 선임·해임 신고서,OFFICIAL,CANDIDATE,1,0,0,0,"{'doc_id': None, 'form_code': 'APPOINT-SAFE-001', 'source_id': 'de7da74b-4f91-43c4-9454-03222336baea', 'source_table': 'document_form_master'}",2026-05-12 10:48:02.174681+09,2026-05-12 10:48:02.174681+09
e11d6901-0409-47e8-8512-e0732f9500b3,74d696a3-6dbc-4ccf-98d8-49994da6f725,UNRESOLVED,압력용기·보일러 검사 성적서,OFFICIAL,CANDIDATE,1,0,0,0,"{'doc_id': None, 'form_code': 'INSPECT-BOIL-001', 'source_id': '6a381fdd-e9fc-43b3-835c-2e8c7b2399fb', 'source_table': 'document_form_master'}",2026-05-12 10:48:02.174681+09,2026-05-12 10:48:02.174681+09
5772c26c-be3d-4d19-af60-e3983979c132,afa80895-93a4-489d-8d78-c9ae37394ab8,UNRESOLVED,에너지관리자 선임 신고서,OFFICIAL,CANDIDATE,1,0,0,0,"{'doc_id': None, 'form_code': 'APPOINT-ENERGY-001', 'source_id': '0df8a35c-c953-4401-88f8-40e0b36217e4', 'source_table': 'document_form_master'}",2026-05-12 10:48:02.174681+09,2026-05-12 10:48:02.174681+09
89d45167-efda-4c12-8b6e-6b7cac4479d8,dad8984d-ae7a-49ea-835e-4762fda87bc4,UNRESOLVED,용접 작업 전 점검표,CUSTOM,CANDIDATE,1,0,0,0,"{'doc_id': None, 'form_code': 'BW-WELD-001', 'source_id': 'bc00ee59-0cf5-4033-b478-a71cfc472505', 'source_table': 'document_form_master'}",2026-05-12 10:48:02.174681+09,2026-05-12 10:48:02.174681+09
d187e15a-bbd1-476f-b4e5-9364578d4783,c613bb64-5fc0-4b88-a19c-5756b8f9ea92,UNRESOLVED,위험물시설 정기점검 기록부,CUSTOM,CANDIDATE,1,0,0,0,"{'doc_id': None, 'form_code': 'INSPECT-HAZ-001', 'source_id': 'a3f8a074-2d5c-4eec-8d1e-8dbeb94d05b8', 'source_table': 'document_form_master'}",2026-05-12 10:48:02.174681+09,2026-05-12 10:48:02.174681+09
b5e57bad-6152-4b3d-9444-042aa513bd84,62ad0487-d496-42c5-af31-93c099bb75fd,UNRESOLVED,위험물안전관리자 선임 신고서,OFFICIAL,CANDIDATE,1,0,0,0,"{'doc_id': None, 'form_code': 'APPOINT-HAZ-001', 'source_id': '4ed80912-b6c4-4284-a766-29f94f96a7f6', 'source_table': 'document_form_master'}",2026-05-12 10:48:02.174681+09,2026-05-12 10:48:02.174681+09
b86099ad-e1b9-49a9-bbc8-a35a516622ee,b9ce2bcc-c149-40ea-8c7d-5f7ccddc2b92,UNRESOLVED,이동식크레인 작업 전 점검표,CUSTOM,CANDIDATE,1,0,0,0,"{'doc_id': None, 'form_code': 'BW-MCR-001', 'source_id': '28101296-a37d-4d9f-af5a-22d68b382e8f', 'source_table': 'document_form_master'}",2026-05-12 10:48:02.174681+09,2026-05-12 10:48:02.174681+09
6ecfd28a-bd4b-4b4d-acbe-c1e3cc38bb08,a6210d11-0914-42d6-b10b-24898128c411,UNRESOLVED,작업환경측정 결과보고서,OFFICIAL,CANDIDATE,1,0,0,0,"{'doc_id': None, 'form_code': 'INSPECT-WORKEN-001', 'source_id': '682b9998-091d-4f28-9817-004258c83310', 'source_table': 'document_form_master'}",2026-05-12 10:48:02.174681+09,2026-05-12 10:48:02.174681+09
c8a1e313-62b9-4c80-98fc-f71580423745,e2287b1d-8ef7-4cd6-915b-2f11a4b443df,UNRESOLVED,전기설비 정기점검 결과서,OFFICIAL,CANDIDATE,1,0,0,0,"{'doc_id': None, 'form_code': 'INSPECT-ELEC-001', 'source_id': 'e8bacbf8-d417-43be-a9e6-fcbbd100ac6d', 'source_table': 'document_form_master'}",2026-05-12 10:48:02.174681+09,2026-05-12 10:48:02.174681+09
35b0d836-f783-42ac-b7bd-9d4ca2aea128,44aca50e-36fb-4a5e-bcb4-4bb212e7f15c,UNRESOLVED,전기안전관리자 선임 신고서,OFFICIAL,CANDIDATE,1,0,0,0,"{'doc_id': None, 'form_code': 'APPOINT-ELEC-001', 'source_id': '8677c87e-9c52-4149-a13d-38f8ad9537f8', 'source_table': 'document_form_master'}",2026-05-12 10:48:02.174681+09,2026-05-12 10:48:02.174681+09
7bc907de-ed7a-461c-9193-5ce13df336fe,d93f891d-cb32-44bb-8729-9a2ca2b00941,UNRESOLVED,철골 조립 작업 전 점검표,CUSTOM,CANDIDATE,1,0,0,0,"{'doc_id': None, 'form_code': 'BW-STEEL-001', 'source_id': 'f4ff15a6-9d48-4a03-94c2-590da4451daa', 'source_table': 'document_form_master'}",2026-05-12 10:48:02.174681+09,2026-05-12 10:48:02.174681+09
1e752939-257d-4658-8d2c-07f7f956cfdf,752663b4-4fec-440a-ae4c-b99df793d31d,UNRESOLVED,철근 조립 작업 전 점검표,CUSTOM,CANDIDATE,1,0,0,0,"{'doc_id': None, 'form_code': 'BW-REINF-001', 'source_id': 'b9f137c8-1bc6-40b5-b462-8a5213d608fb', 'source_table': 'document_form_master'}",2026-05-12 10:48:02.174681+09,2026-05-12 10:48:02.174681+09
988629ec-fe8a-40c6-98d6-b23dfe1f8021,b9f1f0d9-a126-49a6-834f-075ff8d56554,UNRESOLVED,콘크리트 타설 작업 전 점검표,CUSTOM,CANDIDATE,1,0,0,0,"{'doc_id': None, 'form_code': 'BW-CCP-001', 'source_id': '6e4d1b20-9f54-49b3-a313-9d976cf5df7f', 'source_table': 'document_form_master'}",2026-05-12 10:48:02.174681+09,2026-05-12 10:48:02.174681+09
f6785bec-a8a8-4b64-ada7-5814f2a092e0,44189929-6e13-4152-be83-e5efa3e189d6,UNRESOLVED,크레인 작업 전 점검표,CUSTOM,CANDIDATE,1,0,0,0,"{'doc_id': None, 'form_code': 'BW-CRANE-001', 'source_id': '2ba275e1-12f7-4151-81d1-a1752578870c', 'source_table': 'document_form_master'}",2026-05-12 10:48:02.174681+09,2026-05-12 10:48:02.174681+09
6eda372e-784f-49a1-9f0d-5d6c2ad19dbb,5f56c1d9-52da-4a9d-83b6-8ccf68752533,UNRESOLVED,타워크레인 작업 전 점검표,CUSTOM,CANDIDATE,1,0,0,0,"{'doc_id': None, 'form_code': 'BW-TCR-001', 'source_id': '3fcc2a3e-2c3b-41f9-96b3-430cf66e8d22', 'source_table': 'document_form_master'}",2026-05-12 10:48:02.174681+09,2026-05-12 10:48:02.174681+09
78a69acf-e9eb-49c2-95df-f239ac3439d6,8ad37035-edce-4451-85b9-5525ca1b880a,UNRESOLVED,터널 작업 전 점검표,CUSTOM,CANDIDATE,1,0,0,0,"{'doc_id': None, 'form_code': 'BW-TUN-001', 'source_id': '7b066228-c28a-449e-a1cb-7f3c090271e6', 'source_table': 'document_form_master'}",2026-05-12 10:48:02.174681+09,2026-05-12 10:48:02.174681+09
f0f01c08-930c-422f-ac2a-78b4e268f692,31a9a049-5881-4a65-a0d4-7c2708d88f41,UNRESOLVED,호이스트 작업 전 점검표,CUSTOM,CANDIDATE,1,0,0,0,"{'doc_id': None, 'form_code': 'BW-HST-001', 'source_id': 'd39c5c93-ec68-485a-8cac-74ba11d39933', 'source_table': 'document_form_master'}",2026-05-12 10:48:02.174681+09,2026-05-12 10:48:02.174681+09
73960f77-8fb3-4cf5-8aa3-a724b4c882b2,4ce316fb-fe4f-4da9-a226-4a84aa1d67d1,가이드,자유서식 작성 가이드라인,INTERNAL,CANDIDATE,1,0,0,0,"{'doc_id': None, 'form_code': 'FREE-GUIDE-001', 'source_id': '5addf92c-582e-49e2-b2cb-009995c07bcf', 'source_table': 'document_form_master'}",2026-05-12 10:48:02.174681+09,2026-05-12 10:48:02.174681+09
36d9ccda-546a-4549-8c74-72daa15140bf,a43c29c1-2a71-4868-80bf-8ba5ff733204,감독대응,경영책임자 의무이행 입증자료,OFFICIAL,CANDIDATE,1,6,0,0,"{'doc_id': 'DOC-SERA-012', 'form_code': None, 'source_id': 'a18932fb-3631-4fb2-ba8e-d8cdc8b2628d', 'source_table': 'document_forms'}",2026-05-12 10:48:02.174681+09,2026-05-12 10:48:02.174681+09
6c60d0cf-4713-4e1a-b988-76b4d46ad7f6,8c19288b-df02-430e-8fb4-ca3927840334,감독대응,품질관리계획 심사결과 통보서,OFFICIAL,CANDIDATE,1,5,0,1,"{'doc_id': 'DOC-CON-LAW-005', 'form_code': None, 'source_id': '3c63f3e3-43e9-42ab-b0c3-dc4875218eaf', 'source_table': 'document_forms'}",2026-05-12 10:48:02.174681+09,2026-05-12 10:48:02.174681+09
841a336e-7912-47fe-98d7-038eb5e49a19,c85e8f74-5900-4fb2-98bd-605497e23c49,검사,소방시설 완공검사 신청서,OFFICIAL,CANDIDATE,1,0,0,0,"{'doc_id': None, 'form_code': 'LEGAL-FIRE-001', 'source_id': 'b9c95348-2b7a-442c-a5a6-6a831fb4fc24', 'source_table': 'document_form_master'}",2026-05-12 10:48:02.174681+09,2026-05-12 10:48:02.174681+09
2e43fd6a-4d96-42be-b3e6-dc4a7317640b,bce40b1c-63d6-4acc-b904-676d68468043,관리자선해임,보건관리자 선임·해임 보고서,OFFICIAL,CANDIDATE,1,0,0,0,"{'doc_id': None, 'form_code': 'LEGAL-OSHH-004', 'source_id': 'f959363d-e602-4966-a31e-273d062e5b63', 'source_table': 'document_form_master'}",2026-05-12 10:48:02.174681+09,2026-05-12 10:48:02.174681+09
afae4c07-0665-4dfc-9f91-e0c1c6c6c64c,5ebbd087-9f31-4442-b1f4-7907a09229b7,관리자선해임,안전관리자 선임·해임 보고서,OFFICIAL,CANDIDATE,1,0,0,0,"{'doc_id': None, 'form_code': 'LEGAL-OSHH-003', 'source_id': '521242bf-143e-4c01-b457-ee5709313830', 'source_table': 'document_form_master'}",2026-05-12 10:48:02.174681+09,2026-05-12 10:48:02.174681+09
b65d3bc2-fd37-4934-8c7d-1b2a3cd57838,fd50bbc3-0084-44d7-9dda-06e5e1d5f418,관리자선해임,안전보건관리책임자 선임 보고서,OFFICIAL,CANDIDATE,1,0,0,0,"{'doc_id': None, 'form_code': 'LEGAL-OSHH-005', 'source_id': 'd4e7a1f9-02ba-4009-997a-ec6f61a1b5c3', 'source_table': 'document_form_master'}",2026-05-12 10:48:02.174681+09,2026-05-12 10:48:02.174681+09
d84ee9e2-ca18-4ea3-abdf-b943cd6a60cd,ba6a1dd9-43cb-41cd-b1aa-231aabd06269,교육,안전보건교육 실시 기록,OFFICIAL,CANDIDATE,1,0,0,0,"{'doc_id': None, 'form_code': 'LEGAL-OSHH-007', 'source_id': '482be68a-abdd-4187-86a1-02987d7ad626', 'source_table': 'document_form_master'}",2026-05-12 10:48:02.174681+09,2026-05-12 10:48:02.174681+09
61bf0561-18c1-4373-aed8-90853e109778,bfec3c74-a838-44ab-9006-7ec504fa551f,변경시,건설공사대장 변경통보서,OFFICIAL,CANDIDATE,1,4,0,0,"{'doc_id': 'DOC-CON-051', 'form_code': None, 'source_id': '23d1f8e2-a0ce-42fc-9e24-ca5615b3e582', 'source_table': 'document_forms'}",2026-05-12 10:48:02.174681+09,2026-05-12 10:48:02.174681+09
0480085f-ad1a-4de6-b442-24402d922a55,c67a2cf3-1fa2-4533-a5bb-7cfcc5fe95db,변경시,검사대상기기 개조검사 신청서,OFFICIAL,CANDIDATE,1,4,0,0,"{'doc_id': 'DOC-FAC-034', 'form_code': None, 'source_id': '3c565153-a54d-4a01-aeec-ea28e16169fa', 'source_table': 'document_forms'}",2026-05-12 10:48:02.174681+09,2026-05-12 10:48:02.174681+09
778f47db-4b83-41bd-98ad-2a7ff0092b1c,b03986e0-eb4a-42af-90aa-ea0ba1fadc25,변경시,검사대상기기 설치장소 변경검사 신청서,OFFICIAL,CANDIDATE,1,4,0,0,"{'doc_id': 'DOC-FAC-035', 'form_code': None, 'source_id': '633306b3-5164-49aa-9f5f-9446d0f21cac', 'source_table': 'document_forms'}",2026-05-12 10:48:02.174681+09,2026-05-12 10:48:02.174681+09
3709ed77-2e67-4ed2-bc41-ffb1ce7c8e5b,7eb37819-4558-4917-950a-3570777be962,변경시,등록한 자의 변경신고서,OFFICIAL,CANDIDATE,1,4,0,1,"{'doc_id': 'DOC-CHEM-027', 'form_code': None, 'source_id': 'a6ea9bb4-f247-4fc1-bf15-535d22a22425', 'source_table': 'document_forms'}",2026-05-12 10:48:02.174681+09,2026-05-12 10:48:02.174681+09
8e1aea7d-1220-4352-bfd0-569d6c9478eb,69649676-4228-4d1f-95b1-bf83106f875a,변경시,소규모안전관리계획 변경서,OFFICIAL,CANDIDATE,1,4,0,0,"{'doc_id': 'DOC-CON-045', 'form_code': None, 'source_id': '2f17ec34-c1ad-4c42-b142-63b51f252392', 'source_table': 'document_forms'}",2026-05-12 10:48:02.174681+09,2026-05-12 10:48:02.174681+09
c8d18695-f3c7-4280-bba8-4b72e81e0300,6e5f0fe9-19d1-43a7-a1de-556a540db12c,변경시,안전관리계획 변경서,OFFICIAL,CANDIDATE,1,5,0,0,"{'doc_id': 'DOC-CON-LAW-009', 'form_code': None, 'source_id': '7b430cd2-7e66-40b5-8831-448cbfe241e4', 'source_table': 'document_forms'}",2026-05-12 10:48:02.174681+09,2026-05-12 10:48:02.174681+09
7de245b8-a6b5-4791-8ef9-27714c819ead,d6d2cb78-d146-4264-8ce2-1da723d2f746,변경시,위험물 예방규정 변경인가 신청서,OFFICIAL,CANDIDATE,1,4,0,0,"{'doc_id': 'DOC-FAC-029', 'form_code': None, 'source_id': '4143f6e7-2ee0-44ba-bfbc-8c22950b64bc', 'source_table': 'document_forms'}",2026-05-12 10:48:02.174681+09,2026-05-12 10:48:02.174681+09
223bd35f-9672-4532-af66-9bce32d9d0dd,97bbcd33-5cb1-490b-9b47-f2b4f395a33d,변경시,위험물 제조소등 변경허가 신청서,OFFICIAL,CANDIDATE,1,4,0,0,"{'doc_id': 'DOC-FAC-026', 'form_code': None, 'source_id': 'e1a814cc-61cc-434b-88cd-47ed8a4f090b', 'source_table': 'document_forms'}",2026-05-12 10:48:02.174681+09,2026-05-12 10:48:02.174681+09
0b389cfd-4cd0-4102-8644-998d87a1ae0d,1826609f-b9a8-4884-be07-19d10a7dfe23,변경시,유해화학물질 영업 변경신고서,OFFICIAL,CANDIDATE,1,2,0,0,"{'doc_id': 'DOC-CHEM-018', 'form_code': None, 'source_id': 'a35b127e-fe1b-4dc7-902a-8f7d77b0f76e', 'source_table': 'document_forms'}",2026-05-12 10:48:02.174681+09,2026-05-12 10:48:02.174681+09
e3a9ea40-8c69-46f1-a4bd-713a6c64e49a,f7e6078a-6931-4008-ba5a-2eb368c516fb,변경시,유해화학물질 영업 변경허가 신청서,OFFICIAL,CANDIDATE,1,2,0,0,"{'doc_id': 'DOC-CHEM-017', 'form_code': None, 'source_id': '1ea597ec-a561-471d-8dea-ac25ad1d5e3c', 'source_table': 'document_forms'}",2026-05-12 10:48:02.174681+09,2026-05-12 10:48:02.174681+09
8259457f-8281-425c-9d93-1976811c9451,d1abb7a0-547e-4517-bc9a-21426bbd253b,변경시,품질관리계획 변경서,OFFICIAL,CANDIDATE,1,5,0,2,"{'doc_id': 'DOC-CON-LAW-003', 'form_code': None, 'source_id': 'fc42cdd4-1568-4cfa-b084-903c879fde49', 'source_table': 'document_forms'}",2026-05-12 10:48:02.174681+09,2026-05-12 10:48:02.174681+09
59ee66b6-5d9e-4e31-9c5f-c285176e4273,8bd0c4f8-8ff7-4e74-a0aa-538a0578c88a,변경시,품질시험계획 변경서,OFFICIAL,CANDIDATE,1,5,0,2,"{'doc_id': 'DOC-CON-LAW-004', 'form_code': None, 'source_id': '850d89da-8c2f-4895-925b-1252f5ba0dd3', 'source_table': 'document_forms'}",2026-05-12 10:48:02.174681+09,2026-05-12 10:48:02.174681+09
5544129e-bd7b-4702-b5e2-186722de9366,bea414be-2470-41ed-b592-9dc43d8cdcb2,변경시,화학물질 등록등면제확인 변경신청서,OFFICIAL,CANDIDATE,1,4,0,1,"{'doc_id': 'DOC-CHEM-025', 'form_code': None, 'source_id': '1c7fb853-873f-4555-be81-96f3b34afeaa', 'source_table': 'document_forms'}",2026-05-12 10:48:02.174681+09,2026-05-12 10:48:02.174681+09
a5d85159-5f83-42ca-9298-10133c5d2e0d,410bfea2-8fe9-45a0-ae35-0302d7ad0483,변경시,화학물질 변경등록 신청서,OFFICIAL,CANDIDATE,1,4,0,1,"{'doc_id': 'DOC-CHEM-026', 'form_code': None, 'source_id': '937d9d3b-ac00-48fc-b141-0eb26d75c917', 'source_table': 'document_forms'}",2026-05-12 10:48:02.174681+09,2026-05-12 10:48:02.174681+09
8597310a-e2d2-491f-aad5-12ad60b8d858,ac9d0d18-e9e2-4ff5-b427-48d52fcd81cd,변경시,화학사고예방관리계획서 변경검토 신청서,OFFICIAL,CANDIDATE,1,3,0,0,"{'doc_id': 'DOC-CHEM-014', 'form_code': None, 'source_id': 'bf0439ab-bce0-47e0-9911-8118e5c0edc0', 'source_table': 'document_forms'}",2026-05-12 10:48:02.174681+09,2026-05-12 10:48:02.174681+09
e5a7b04f-d5c2-4c14-b5ce-a233fd4b487a,9106e12b-6d3e-4f54-936c-d608889a6186,사고시,가스사고 보고서,OFFICIAL,CANDIDATE,1,4,0,1,"{'doc_id': 'DOC-FAC-004', 'form_code': None, 'source_id': 'ff3c22d0-ac14-4432-9530-a995cb4f3128', 'source_table': 'document_forms'}",2026-05-12 10:48:02.174681+09,2026-05-12 10:48:02.174681+09
1795e161-863a-4a75-bfb4-89814a4e9021,5738e2d9-0c7c-422d-a3ba-eb07be3c2ff1,사고시,고압가스 사고발생 통보서,OFFICIAL,CANDIDATE,1,4,0,1,"{'doc_id': 'DOC-FAC-023', 'form_code': None, 'source_id': '6301f895-7e11-4336-be6d-593687cedbc7', 'source_table': 'document_forms'}",2026-05-12 10:48:02.174681+09,2026-05-12 10:48:02.174681+09
95a7150b-0bf0-4a1a-afb6-20ddf19624db,1d2eaf6d-778e-4bb7-8600-968d97fbfecd,사고시,긴급안전점검 결과보고서,OFFICIAL,CANDIDATE,1,6,0,1,"{'doc_id': 'DOC-CON-LAW-012', 'form_code': None, 'source_id': '94594f0b-d504-4211-9cb9-e1f73d852abb', 'source_table': 'document_forms'}",2026-05-12 10:48:02.174681+09,2026-05-12 10:48:02.174681+09
82426943-ae7a-46f3-8ea0-df55e61346f7,5120e7cd-665a-49ef-83dd-8bd69b6ea8df,사고시,냉동설비 사고 보고서,OFFICIAL,CANDIDATE,1,5,0,1,"{'doc_id': 'DOC-FAC-018', 'form_code': None, 'source_id': '11ba170e-5332-42d1-9dd2-23345f28fbf7', 'source_table': 'document_forms'}",2026-05-12 10:48:02.174681+09,2026-05-12 10:48:02.174681+09
8840c303-c6c4-4870-9c5d-fc4c1209e6c7,1d0d426b-64a6-4f85-ba17-983eb053d40f,사고시,보일러 사고 보고서,OFFICIAL,CANDIDATE,1,5,0,1,"{'doc_id': 'DOC-FAC-015', 'form_code': None, 'source_id': '524d2f13-70fd-4833-b44a-a58dc61211ef', 'source_table': 'document_forms'}",2026-05-12 10:48:02.174681+09,2026-05-12 10:48:02.174681+09
2d8866b1-9285-4b41-9ea0-1abc86ddb89a,2fe03c9d-9b90-45bc-a916-560813a306cd,사고시,사고보고서,OFFICIAL,CANDIDATE,1,6,0,1,"{'doc_id': 'DOC-OSH-018', 'form_code': None, 'source_id': 'b6ff1827-1407-43bc-a2c9-e56ffc7ea76d', 'source_table': 'document_forms'}",2026-05-12 10:48:02.174681+09,2026-05-12 10:48:02.174681+09
7ca5e51f-c114-43b2-a4c7-3f087814e02c,3810947f-f95c-496c-9764-4c38dc850ffa,사고시,산업재해발생보고서,OFFICIAL,CANDIDATE,1,7,0,2,"{'doc_id': 'DOC-OSH-019', 'form_code': None, 'source_id': '25ade0bb-2ee1-490b-ae48-856555ea357a', 'source_table': 'document_forms'}",2026-05-12 10:48:02.174681+09,2026-05-12 10:48:02.174681+09
f873842a-df00-4c9a-a287-af5fca64c155,bc711b4f-1c29-4a7c-b121-669828bc7e45,사고시,산업재해조사표,OFFICIAL,CANDIDATE,1,10,0,2,"{'doc_id': 'DOC-OSH-003', 'form_code': None, 'source_id': 'c45b80c8-354b-4f81-9214-4c894c228ae1', 'source_table': 'document_forms'}",2026-05-12 10:48:02.174681+09,2026-05-12 10:48:02.174681+09
f28876f9-018f-4a06-b16b-f96bb7482fbd,699ebd55-006f-4a72-b761-add3003dd24d,사고시,산업재해조사표 제출서,OFFICIAL,CANDIDATE,1,4,0,1,"{'doc_id': 'DOC-OSH-032', 'form_code': None, 'source_id': 'd52a2a1c-d1f3-4cd1-bb69-bc8f31ae82a9', 'source_table': 'document_forms'}",2026-05-12 10:48:02.174681+09,2026-05-12 10:48:02.174681+09
b3e89c82-dd30-4bd8-b0be-97840ce2340c,3cd163dc-1416-4da8-af6c-4978712b3d38,사고시,승강기 사고 보고서,OFFICIAL,CANDIDATE,1,5,0,1,"{'doc_id': 'DOC-BLD-013', 'form_code': None, 'source_id': '458937b0-99e1-4db5-a680-c173f45d1b38', 'source_table': 'document_forms'}",2026-05-12 10:48:02.174681+09,2026-05-12 10:48:02.174681+09
fa1d091f-1c10-4df7-bfd5-774bda68ca75,aafdb7bf-b357-42b7-a2b3-79b9dcdc2cb6,사고시,승강기 중대한 고장 보고서,OFFICIAL,CANDIDATE,1,4,0,1,"{'doc_id': 'DOC-BLD-032', 'form_code': None, 'source_id': 'e4810910-0a83-43c9-88dd-1fba57f2ad44', 'source_table': 'document_forms'}",2026-05-12 10:48:02.174681+09,2026-05-12 10:48:02.174681+09
a977cc50-f92d-4604-930a-da8deba92e5f,4a1af430-e1a4-4bd0-b4aa-be1206eeae4b,사고시,시설물 사고보고서,OFFICIAL,CANDIDATE,1,4,0,1,"{'doc_id': 'DOC-BLD-045', 'form_code': None, 'source_id': 'ae4634da-1ed6-46de-9593-b89745a562f6', 'source_table': 'document_forms'}",2026-05-12 10:48:02.174681+09,2026-05-12 10:48:02.174681+09
6113d00a-2904-45f4-af36-e1d972a41f52,30c39a84-0925-43af-ad9d-d33a5cf73151,사고시,시설물 중대한 결함 보고서,OFFICIAL,CANDIDATE,1,4,0,1,"{'doc_id': 'DOC-BLD-044', 'form_code': None, 'source_id': '43f63b57-eb16-445e-8918-1c65ef156e27', 'source_table': 'document_forms'}",2026-05-12 10:48:02.174681+09,2026-05-12 10:48:02.174681+09
fbf5692e-ff36-4d62-84c7-458e63b9e269,ebcbfcb6-20bc-4a51-a441-0466e4510b27,사고시,위험물 사고 보고서,OFFICIAL,CANDIDATE,1,5,0,1,"{'doc_id': 'DOC-FAC-010', 'form_code': None, 'source_id': '8e312ac1-c8da-4670-8a2c-3526ef839c81', 'source_table': 'document_forms'}",2026-05-12 10:48:02.174681+09,2026-05-12 10:48:02.174681+09
c8f3dc2f-5130-405f-b011-485596f18260,2d6e7e79-90d8-4cb6-b5de-5569e4de56e8,사고시,작업중지 및 재개 기록,OFFICIAL,CANDIDATE,1,5,0,2,"{'doc_id': 'DOC-CON-041', 'form_code': None, 'source_id': 'd03cb25e-fa5e-4dfe-abb5-656aa06cd430', 'source_table': 'document_forms'}",2026-05-12 10:48:02.174681+09,2026-05-12 10:48:02.174681+09
ed14ad84-0ca4-4b52-ac37-2f3b74a7b7ce,1d7a34f7-cd1e-4785-8e9a-ffb505a86967,사고시,전기재해 보고서,OFFICIAL,CANDIDATE,1,3,0,1,"{'doc_id': 'DOC-BLD-029', 'form_code': None, 'source_id': 'd10e9c9b-1d9f-4f7b-987e-15e56db42a58', 'source_table': 'document_forms'}",2026-05-12 10:48:02.174681+09,2026-05-12 10:48:02.174681+09
82be19be-ec01-46c7-a15c-fccf1a894dd8,759ffe33-fd70-4feb-823a-cb29260cbd3a,사고시,중대재해 관련 보고자료,OFFICIAL,CANDIDATE,1,5,0,0,"{'doc_id': 'DOC-SERA-011', 'form_code': None, 'source_id': '06a97796-e5e5-4ccf-b679-d80166056101', 'source_table': 'document_forms'}",2026-05-12 10:48:02.174681+09,2026-05-12 10:48:02.174681+09
aa5cf885-956c-44b6-a8d2-7d493998a1c6,f608bb6a-71f7-4cc4-be71-761b059a0f0a,사고시,중대재해 발생 대응기록,OFFICIAL,CANDIDATE,1,5,0,1,"{'doc_id': 'DOC-OSH-053', 'form_code': None, 'source_id': 'e0dd01c1-22e8-4ae6-b960-1c623b625cb3', 'source_table': 'document_forms'}",2026-05-12 10:48:02.174681+09,2026-05-12 10:48:02.174681+09
0fd7c6a9-4b79-4f61-86f5-6a2e349deae1,647eaeb5-e444-485a-b644-b2ae8701da83,사고시,중대재해 발생 대응조치 기록,OFFICIAL,CANDIDATE,1,5,0,0,"{'doc_id': 'DOC-SERA-009', 'form_code': None, 'source_id': 'a05c67c5-73a3-411a-8c2e-49c0975f9cb6', 'source_table': 'document_forms'}",2026-05-12 10:48:02.174681+09,2026-05-12 10:48:02.174681+09
c4a30724-1311-4a88-83ca-975b52f63eae,f29b30fc-5467-4a06-8f72-7212f77f3cc1,사고시,중대재해 원인조사 재발방지 대책서,OFFICIAL,CANDIDATE,1,5,0,0,"{'doc_id': 'DOC-SERA-010', 'form_code': None, 'source_id': '6ba6dfd8-eec7-44ac-ab49-4119b77116f9', 'source_table': 'document_forms'}",2026-05-12 10:48:02.174681+09,2026-05-12 10:48:02.174681+09
19d90665-aae3-4da5-996b-845b69fed482,56a61281-b154-48e0-a653-c3634e266b36,사고시,화학사고 조사보고서,OFFICIAL,CANDIDATE,1,5,0,1,"{'doc_id': 'DOC-CHEM-007', 'form_code': None, 'source_id': 'b8f70c3a-2088-4e51-abcf-311f6e9556a3', 'source_table': 'document_forms'}",2026-05-12 10:48:02.174681+09,2026-05-12 10:48:02.174681+09
846dabd6-85e7-43b8-8969-6c5e55d38668,a0f10965-055f-4997-afe4-5deea7f987e2,사고시,화학사고 즉시신고서,OFFICIAL,CANDIDATE,1,5,0,1,"{'doc_id': 'DOC-CHEM-006', 'form_code': None, 'source_id': '81428aef-d603-4257-9389-36d9f67fe25b', 'source_table': 'document_forms'}",2026-05-12 10:48:02.174681+09,2026-05-12 10:48:02.174681+09
78888f78-6152-4194-bc61-9fc44747f2e8,2b4f1daa-92ee-42b2-9391-8054304c3ab6,안전계획,안전관리계획서,OFFICIAL,CANDIDATE,1,0,0,0,"{'doc_id': None, 'form_code': 'LEGAL-CONST-001', 'source_id': 'bfb097ca-236a-4e06-a285-6b014f005b20', 'source_table': 'document_form_master'}",2026-05-12 10:48:02.174681+09,2026-05-12 10:48:02.174681+09
d734d56d-e400-4153-be35-d937e947df4a,77a8e34f-ac40-4587-954a-cb66a46bbfbc,안전점검,안전점검 결과 보고서,OFFICIAL,CANDIDATE,1,0,0,0,"{'doc_id': None, 'form_code': 'LEGAL-CONST-002', 'source_id': '31a78759-7096-4f1b-8362-b11918044cdf', 'source_table': 'document_form_master'}",2026-05-12 10:48:02.174681+09,2026-05-12 10:48:02.174681+09
7dbfbcfd-d421-45ed-81b1-9c4a17486362,c33b26f6-8645-4488-8b7b-e394665c6458,예시,TBM 시트 자유서식 예시,INTERNAL,CANDIDATE,1,0,0,0,"{'doc_id': None, 'form_code': 'FREE-GUIDE-004', 'source_id': '63e9dabc-c71a-439e-b536-a5390c633404', 'source_table': 'document_form_master'}",2026-05-12 10:48:02.174681+09,2026-05-12 10:48:02.174681+09
b63f4021-664c-4f58-8b5e-ba8893cc2d70,a7467f2f-1d43-4609-85ff-983b262a48b9,예시,교육자료 자유서식 예시,INTERNAL,CANDIDATE,1,0,0,0,"{'doc_id': None, 'form_code': 'FREE-GUIDE-003', 'source_id': '6034eb99-261e-4730-9a19-1439765259f7', 'source_table': 'document_form_master'}",2026-05-12 10:48:02.174681+09,2026-05-12 10:48:02.174681+09
0c417d60-b746-41ea-a725-8d357df92b84,e56cf23f-d1c5-4f6d-bfc6-1492e182cc24,예시,안전점검표 자유서식 예시,INTERNAL,CANDIDATE,1,0,0,0,"{'doc_id': None, 'form_code': 'FREE-GUIDE-002', 'source_id': '184c7963-803c-4f74-8141-3b1490a47b5e', 'source_table': 'document_form_master'}",2026-05-12 10:48:02.174681+09,2026-05-12 10:48:02.174681+09
f72ca7b3-9ddb-4a46-a546-aa35cea1badb,c0ae8ac1-3a99-41a1-9669-de9ecd5cb365,예시,위험성평가 자유서식 예시,INTERNAL,CANDIDATE,1,0,0,0,"{'doc_id': None, 'form_code': 'FREE-GUIDE-005', 'source_id': 'b5d0f0da-ad54-4799-9bf4-7bea63e73258', 'source_table': 'document_form_master'}",2026-05-12 10:48:02.174681+09,2026-05-12 10:48:02.174681+09
1be18c40-c8fd-4c38-8669-5c31ab233f4e,3f7f36cb-a5a5-4a27-88c6-e2a6dc0e50c0,위원회,안전보건위원회 회의 결과 기록,OFFICIAL,CANDIDATE,1,0,0,0,"{'doc_id': None, 'form_code': 'LEGAL-OSHH-008', 'source_id': '19a24e26-e3fc-4408-9e47-f26eb1c9bd57', 'source_table': 'document_form_master'}",2026-05-12 10:48:02.174681+09,2026-05-12 10:48:02.174681+09
80f99116-5a71-439a-9caf-fd0a0e40a068,837ed0c8-dbc5-4d5a-af46-d02a289a04d0,위험성평가,위험성평가 결과 서류,OFFICIAL,CANDIDATE,1,0,0,0,"{'doc_id': None, 'form_code': 'LEGAL-OSHH-006', 'source_id': '6223adba-c270-4397-9b54-312aef856f01', 'source_table': 'document_form_master'}",2026-05-12 10:48:02.174681+09,2026-05-12 10:48:02.174681+09
c0e894c4-f8bc-4f0f-8820-bf633ce81f86,6ad7c853-369c-4cb7-ba41-78a713fbb671,일상,MSDS,OFFICIAL,CANDIDATE,1,16,16,0,"{'doc_id': 'DOC-OSH-012', 'form_code': None, 'source_id': '0cbefa24-b862-4a2f-9307-a94a88aca254', 'source_table': 'document_forms'}",2026-05-12 10:48:02.174681+09,2026-05-12 10:48:02.174681+09
495bdefe-e796-4467-b467-180a90a83202,3c302abe-dbe8-4ea2-bdba-d42b1b6cfffe,일상,TBM 기록,OFFICIAL,CANDIDATE,1,4,4,1,"{'doc_id': 'DOC-OSH-056', 'form_code': None, 'source_id': 'd463785a-959a-428f-9a03-cf30a814de85', 'source_table': 'document_forms'}",2026-05-12 10:48:02.174681+09,2026-05-12 10:48:02.174681+09
c74cfda0-154b-44d2-a145-6de18ca4d7df,34c7c061-450f-4a28-974d-dcca5bf8cfc5,일상,TBM 기록(건설),OFFICIAL,CANDIDATE,1,4,4,1,"{'doc_id': 'DOC-CON-012', 'form_code': None, 'source_id': '8c3bba29-6a36-4a1d-9e1c-eab3ae6ec52a', 'source_table': 'document_forms'}",2026-05-12 10:48:02.174681+09,2026-05-12 10:48:02.174681+09
25d60715-e46f-4c25-a161-cf31d64f4b5a,217ae024-b89a-4dd4-9560-18cbf029b8aa,일상,가스안전관리자 선임신고서,OFFICIAL,CANDIDATE,1,5,5,3,"{'doc_id': 'DOC-FAC-001', 'form_code': None, 'source_id': '64f6bdbc-a15b-45a7-a859-0c9e9917b382', 'source_table': 'document_forms'}",2026-05-12 10:48:02.174681+09,2026-05-12 10:48:02.174681+09
023cde7b-d914-4308-813f-b23819ea7da2,9c67f0de-a353-47a0-9d8d-8ea092539b24,일상,건설공사 안전관리 이행기록,OFFICIAL,CANDIDATE,1,5,5,0,"{'doc_id': 'DOC-CON-LAW-015', 'form_code': None, 'source_id': 'e2c7b836-3ad4-4085-aa0c-0f4e173505d1', 'source_table': 'document_forms'}",2026-05-12 10:48:02.174681+09,2026-05-12 10:48:02.174681+09
d94fde91-bc8e-4f63-9c98-dbdd575d83f9,1410f50f-ed02-484b-8baa-8754ddb71072,일상,건설공사대장,OFFICIAL,CANDIDATE,1,4,4,0,"{'doc_id': 'DOC-CON-050', 'form_code': None, 'source_id': '5ccd0a3e-1cb6-4dc5-a62f-be87371d803f', 'source_table': 'document_forms'}",2026-05-12 10:48:02.174681+09,2026-05-12 10:48:02.174681+09
7199144d-feba-4bc5-b8c5-01c00efa5690,29b2914c-11a8-4e7e-9e73-d35c1a220c06,일상,검사대상기기 설치검사 신청서,OFFICIAL,CANDIDATE,1,4,4,0,"{'doc_id': 'DOC-FAC-032', 'form_code': None, 'source_id': 'd31345c6-6823-46fa-93de-4f11c6cddfc0', 'source_table': 'document_forms'}",2026-05-12 10:48:02.174681+09,2026-05-12 10:48:02.174681+09
13e2f2d9-7c8d-4903-9384-d7f451fe326a,97bcc1fc-7366-4f50-8c43-49f3c8be515e,일상,검사대상기기 조종자 선임해임 신고서,OFFICIAL,CANDIDATE,1,4,4,2,"{'doc_id': 'DOC-FAC-031', 'form_code': None, 'source_id': 'e92b25cc-2fd4-499d-9f05-c52745b99a07', 'source_table': 'document_forms'}",2026-05-12 10:48:02.174681+09,2026-05-12 10:48:02.174681+09
fcbb2d73-967e-4535-a64b-d4155b786925,da6f958e-01bc-47eb-9107-5bc9a02c45b7,일상,고압가스 안전관리자 해임퇴직 신고서,OFFICIAL,CANDIDATE,1,4,4,0,"{'doc_id': 'DOC-FAC-019', 'form_code': None, 'source_id': 'a0112f69-1b86-4edc-ad03-c5091cd62fcf', 'source_table': 'document_forms'}",2026-05-12 10:48:02.174681+09,2026-05-12 10:48:02.174681+09
35809581-6365-4543-954e-3307757b9108,11e6468f-57c3-453b-ac34-8a6146ddaa1b,일상,고압가스배관 시공감리 신청서,OFFICIAL,CANDIDATE,1,4,4,1,"{'doc_id': 'DOC-FAC-020', 'form_code': None, 'source_id': '8d51d083-ef46-4705-844b-2c641bd82404', 'source_table': 'document_forms'}",2026-05-12 10:48:02.174681+09,2026-05-12 10:48:02.174681+09
0074d38b-943c-4f42-a59c-f1365963b50b,ba5dfd69-b007-468a-93ec-824ac3e89c2a,일상,고압가스배관 시공감리 증명서,OFFICIAL,CANDIDATE,1,4,4,0,"{'doc_id': 'DOC-FAC-021', 'form_code': None, 'source_id': '3a32d73b-853f-486b-9a0f-0d95ba3bc65e', 'source_table': 'document_forms'}",2026-05-12 10:48:02.174681+09,2026-05-12 10:48:02.174681+09
50ed8ede-9a76-4bb6-ac9a-b6b3f90df83d,0018090c-051f-4693-8f61-f24919486aeb,일상,공사일지,OFFICIAL,CANDIDATE,1,12,12,2,"{'doc_id': 'DOC-CON-006', 'form_code': None, 'source_id': 'e055e711-693b-4a52-9b97-93fdf6b5b9a4', 'source_table': 'document_forms'}",2026-05-12 10:48:02.174681+09,2026-05-12 10:48:02.174681+09
dd8b30a3-4084-4e6f-a2c0-57f4325bdc44,a338e637-5bc7-41f8-bb70-2708eb639db7,일상,공정안전보고서 변경 제출서,OFFICIAL,CANDIDATE,1,4,4,0,"{'doc_id': 'DOC-OSH-069', 'form_code': None, 'source_id': 'b87f8767-ba27-4d36-8ed7-7b3a2aaecc60', 'source_table': 'document_forms'}",2026-05-12 10:48:02.174681+09,2026-05-12 10:48:02.174681+09
67e1f882-221c-4a6a-9a82-6312f75a548f,2a018727-9a4a-494b-a8a2-ab5abec498d7,일상,근골격계질환 예방관리 프로그램,OFFICIAL,CANDIDATE,1,4,4,0,"{'doc_id': 'DOC-OSH-076', 'form_code': None, 'source_id': 'db99e086-4a00-43bc-affc-2a25dbe1b648', 'source_table': 'document_forms'}",2026-05-12 10:48:02.174681+09,2026-05-12 10:48:02.174681+09
d80f7b25-279f-4ad8-9d05-be7d5366eb50,b32d58a7-e57d-42da-96cf-b8bc87340396,일상,근로자 의견청취 기록,OFFICIAL,CANDIDATE,1,5,5,1,"{'doc_id': 'DOC-OSH-057', 'form_code': None, 'source_id': '281ea475-5a9a-4de6-9ca7-2da41205c7ca', 'source_table': 'document_forms'}",2026-05-12 10:48:02.174681+09,2026-05-12 10:48:02.174681+09
c6150764-2b21-4b2f-8594-ba7173d4af48,99ca464e-9c46-48bc-95d7-bc60a39405ee,일상,기존화학물질 신고서,OFFICIAL,CANDIDATE,1,2,2,0,"{'doc_id': 'DOC-CHEM-022', 'form_code': None, 'source_id': 'b20356e3-c6a6-4b0c-9606-87dba8df4a2b', 'source_table': 'document_forms'}",2026-05-12 10:48:02.174681+09,2026-05-12 10:48:02.174681+09
e7e367d6-845a-490d-96b4-994dd67f3703,d60144c9-58ae-471c-a0e1-7633785c2fe4,일상,도급사업 안전보건조치 이행기록,OFFICIAL,CANDIDATE,1,5,5,0,"{'doc_id': 'DOC-OSH-040', 'form_code': None, 'source_id': '3c4114ef-1dc1-482e-a67b-44fae3a2c2db', 'source_table': 'document_forms'}",2026-05-12 10:48:02.174681+09,2026-05-12 10:48:02.174681+09
3214f248-9fce-4169-a243-a4e43f3e81e5,fe450f3e-7de0-4357-8b5a-d7caa41a78aa,일상,도급사업 안전보건조치계획,OFFICIAL,CANDIDATE,1,6,6,0,"{'doc_id': 'DOC-CON-010', 'form_code': None, 'source_id': '872223d2-63fd-4f66-a348-0a85fb1f0b45', 'source_table': 'document_forms'}",2026-05-12 10:48:02.174681+09,2026-05-12 10:48:02.174681+09
91217759-bd5e-44fa-9348-0ee5b68e8abc,a65c6132-085a-4914-ba4c-bb1a9b76ecd7,일상,도급안전보건조치기록,OFFICIAL,CANDIDATE,1,5,5,0,"{'doc_id': 'DOC-OSH-016', 'form_code': None, 'source_id': 'a4a8c008-57d3-4351-b020-2b5f97a1b20a', 'source_table': 'document_forms'}",2026-05-12 10:48:02.174681+09,2026-05-12 10:48:02.174681+09
22c0195f-1719-4858-b653-0af0b3128f38,db086849-2290-421c-a3bd-d71f48d6b7c9,일상,도급용역위탁 안전보건 확보기록,OFFICIAL,CANDIDATE,1,5,5,0,"{'doc_id': 'DOC-SERA-007', 'form_code': None, 'source_id': '62718fa4-8021-453d-b13c-076b9285e616', 'source_table': 'document_forms'}",2026-05-12 10:48:02.174681+09,2026-05-12 10:48:02.174681+09
7367b537-bff3-4e60-9224-a11afd61f861,2ff9b441-fc60-4727-b321-df5e53b104f2,일상,물질안전보건자료 교육기록,OFFICIAL,CANDIDATE,1,6,6,1,"{'doc_id': 'DOC-OSH-044', 'form_code': None, 'source_id': 'ab96faae-4df5-4608-8c31-c6968e229df1', 'source_table': 'document_forms'}",2026-05-12 10:48:02.174681+09,2026-05-12 10:48:02.174681+09
866c57cd-4bbd-4d75-a6d8-d721ad465875,b422da23-75da-428e-b3a4-70a19de83610,일상,밀폐공간 작업기록부,OFFICIAL,CANDIDATE,1,5,5,2,"{'doc_id': 'DOC-OSH-039', 'form_code': None, 'source_id': '902852dd-7195-4f58-9d95-603c894c9547', 'source_table': 'document_forms'}",2026-05-12 10:48:02.174681+09,2026-05-12 10:48:02.174681+09
69a38ca8-7a57-4d54-86e2-8c056fba90cb,36f179e2-2e8e-4759-9371-547eb9b0a6c9,일상,밀폐공간작업프로그램기록,OFFICIAL,CANDIDATE,1,5,5,1,"{'doc_id': 'DOC-OSH-022', 'form_code': None, 'source_id': 'ee12384d-72eb-4370-9bdd-48d8d3b58772', 'source_table': 'document_forms'}",2026-05-12 10:48:02.174681+09,2026-05-12 10:48:02.174681+09
4b27ef54-8c53-48ca-b5e2-df244cc27025,2ddf5bd2-4de8-4c82-9d31-7520b8c40014,일상,보건관리자 변경신고서,OFFICIAL,CANDIDATE,1,5,5,1,"{'doc_id': 'DOC-OSH-027', 'form_code': None, 'source_id': 'c2637ef7-2bc8-4ec5-beac-81326fe80416', 'source_table': 'document_forms'}",2026-05-12 10:48:02.174681+09,2026-05-12 10:48:02.174681+09
0cf76045-859e-4de9-8a6c-a8069ce05f52,660ef680-afcb-467a-90e2-1294d2cbd0b6,일상,보건관리자 선임신고서,OFFICIAL,CANDIDATE,1,6,6,2,"{'doc_id': 'DOC-OSH-024', 'form_code': None, 'source_id': '18b4c78d-a76a-4852-b19a-69f5953bae86', 'source_table': 'document_forms'}",2026-05-12 10:48:02.174681+09,2026-05-12 10:48:02.174681+09
a2efb018-164c-424f-82c5-ce97aba1f288,e82e6321-942c-4427-ac86-c66e5252af54,일상,보건관리자 해임신고서,OFFICIAL,CANDIDATE,1,4,4,1,"{'doc_id': 'DOC-OSH-030', 'form_code': None, 'source_id': '01906f8f-429b-453d-855f-992ddc93201f', 'source_table': 'document_forms'}",2026-05-12 10:48:02.174681+09,2026-05-12 10:48:02.174681+09
003b5b38-981d-4760-974a-bd4d3fe8ec41,9f9ef3c6-628e-4fcc-81a1-82224bd2d4e0,일상,보건관리자선임보고서,OFFICIAL,CANDIDATE,1,7,7,2,"{'doc_id': 'DOC-OSH-010', 'form_code': None, 'source_id': '4ce857be-406d-4fc8-91d0-e643dd942f11', 'source_table': 'document_forms'}",2026-05-12 10:48:02.174681+09,2026-05-12 10:48:02.174681+09
cb33d0d0-2669-4ce2-a386-7069c6fa5a13,f0a8f74f-4dd7-4eae-b241-3adf07b27d4c,일상,보건관리전문기관 지정신청서,OFFICIAL,CANDIDATE,1,4,4,0,"{'doc_id': 'DOC-OSH-066', 'form_code': None, 'source_id': 'a0e48e42-9203-4e18-91bc-479e272d865c', 'source_table': 'document_forms'}",2026-05-12 10:48:02.174681+09,2026-05-12 10:48:02.174681+09
e51735f6-4d1a-4628-b5f0-8f633ba55adc,2bcfd0c3-0c28-469f-8fca-1ece0145f73b,일상,보일러 관리자 선임신고서,OFFICIAL,CANDIDATE,1,5,5,3,"{'doc_id': 'DOC-FAC-012', 'form_code': None, 'source_id': 'a4d9d7eb-f14a-4a29-8a98-d88bc64729d6', 'source_table': 'document_forms'}",2026-05-12 10:48:02.174681+09,2026-05-12 10:48:02.174681+09
bcbe777b-c4ec-4066-baa8-e38e8815aea1,bb176ca8-645b-4f9d-9d7c-118b2ff9a8d8,일상,보일러 운전일지,OFFICIAL,CANDIDATE,1,4,4,0,"{'doc_id': 'DOC-FAC-013', 'form_code': None, 'source_id': '5eb9a30b-34f6-43a3-bfea-257a652ce6be', 'source_table': 'document_forms'}",2026-05-12 10:48:02.174681+09,2026-05-12 10:48:02.174681+09
325af286-78c5-423c-b023-7cba0aea4e27,0b706254-7f8d-434d-8e03-ec21a1c2789e,일상,보호구 지급대장,OFFICIAL,CANDIDATE,1,6,6,2,"{'doc_id': 'DOC-OSH-045', 'form_code': None, 'source_id': 'e39677b4-fb23-4b50-bde9-cd5b57a079fe', 'source_table': 'document_forms'}",2026-05-12 10:48:02.174681+09,2026-05-12 10:48:02.174681+09
5ab73af9-d808-4a5b-beff-57221d8fba56,35696e91-3547-4223-b559-5e3e9c970d4c,일상,보호구 착용 점검기록,OFFICIAL,CANDIDATE,1,4,4,0,"{'doc_id': 'DOC-OSH-046', 'form_code': None, 'source_id': '249a5b56-9bc8-4c05-bf37-29a79ba377b7', 'source_table': 'document_forms'}",2026-05-12 10:48:02.174681+09,2026-05-12 10:48:02.174681+09
4c871f98-6a30-4cbb-a89a-5751d829471b,a44a414e-b564-41b1-b917-b8793cf1a9a9,일상,비상조치계획서,OFFICIAL,CANDIDATE,1,6,6,0,"{'doc_id': 'DOC-OSH-051', 'form_code': None, 'source_id': '3eb30ecb-23dc-4d63-a85f-d54576f8d4fa', 'source_table': 'document_forms'}",2026-05-12 10:48:02.174681+09,2026-05-12 10:48:02.174681+09
de9ce84e-fe5f-477b-89a4-7a0ac1fcad94,118c7b4b-84c2-4f9e-8d28-c7f8351eb86f,일상,산업보건의 변경신고서,OFFICIAL,CANDIDATE,1,5,5,1,"{'doc_id': 'DOC-OSH-028', 'form_code': None, 'source_id': 'd93df63a-688b-4ffb-8f9b-eebb2cb4be1b', 'source_table': 'document_forms'}",2026-05-12 10:48:02.174681+09,2026-05-12 10:48:02.174681+09
68d532bd-727e-45c2-974d-9e84be60295f,fdd7fb71-67d0-4fb3-bf35-f40cee79ff93,일상,산업보건의 선임신고서,OFFICIAL,CANDIDATE,1,5,5,2,"{'doc_id': 'DOC-OSH-025', 'form_code': None, 'source_id': '593d9e6f-ab9e-4ac0-b022-d8de4ffde9a2', 'source_table': 'document_forms'}",2026-05-12 10:48:02.174681+09,2026-05-12 10:48:02.174681+09
58d03963-3dce-4b7a-9127-8de633dafa24,5b00cac0-9d19-4f09-9ce4-004618820dfa,일상,산업보건의 해임신고서,OFFICIAL,CANDIDATE,1,4,4,1,"{'doc_id': 'DOC-OSH-031', 'form_code': None, 'source_id': 'cb1019e4-9025-4cd5-8370-d32227e21571', 'source_table': 'document_forms'}",2026-05-12 10:48:02.174681+09,2026-05-12 10:48:02.174681+09
4a0044e0-8226-416b-b099-63bc5edd27de,f77ab143-1a01-4b7e-95a3-91104c1943ee,일상,산업보건의선임보고서,OFFICIAL,CANDIDATE,1,6,6,2,"{'doc_id': 'DOC-OSH-011', 'form_code': None, 'source_id': '1fff3fe1-ddb3-4caa-b6f3-618eeaa740c5', 'source_table': 'document_forms'}",2026-05-12 10:48:02.174681+09,2026-05-12 10:48:02.174681+09
7ebe57a4-1f14-437b-a0ab-94b388bbbda5,7badaaba-fc0c-4482-bacd-bc5807d0a561,일상,석면건축물 조치명령 이행결과 보고서,OFFICIAL,CANDIDATE,1,3,3,1,"{'doc_id': 'DOC-BLD-040', 'form_code': None, 'source_id': '5f69c741-2e50-4340-adbf-ac952bfb9ed3', 'source_table': 'document_forms'}",2026-05-12 10:48:02.174681+09,2026-05-12 10:48:02.174681+09
ecc54b1d-7f3e-4556-9134-94ad4dd3cd97,96707556-53df-458c-8a9d-47308f0983d4,일상,석면건축물 조치명령 이행계획서,OFFICIAL,CANDIDATE,1,3,3,0,"{'doc_id': 'DOC-BLD-039', 'form_code': None, 'source_id': 'c16dbdff-941c-4c7e-a89f-3a2fdc375a69', 'source_table': 'document_forms'}",2026-05-12 10:48:02.174681+09,2026-05-12 10:48:02.174681+09
df3190e9-be7e-42bf-9e62-046c21613ab4,2e582c36-7e3c-4d94-ae16-283b1c24138f,일상,석면건축물안전관리인 변경 신고서,OFFICIAL,CANDIDATE,1,4,4,0,"{'doc_id': 'DOC-BLD-037', 'form_code': None, 'source_id': '3e13a50d-83e6-429b-b1a8-a3207a83e723', 'source_table': 'document_forms'}",2026-05-12 10:48:02.174681+09,2026-05-12 10:48:02.174681+09
98290f4f-4f59-44ce-8bac-a1dfe4adc66e,7ee6b23e-43b0-44c0-8c82-16186ac44ede,일상,석면건축물안전관리인 지정 신고서,OFFICIAL,CANDIDATE,1,4,4,1,"{'doc_id': 'DOC-BLD-036', 'form_code': None, 'source_id': '382d1279-8ffc-430a-bdaf-37c62e1141fd', 'source_table': 'document_forms'}",2026-05-12 10:48:02.174681+09,2026-05-12 10:48:02.174681+09
68f45188-be92-4a7d-9ca5-01bf4d01261e,3cf41cf7-0e37-4404-8d78-ff55755de283,일상,석면관리대장,OFFICIAL,CANDIDATE,1,5,5,0,"{'doc_id': 'DOC-BLD-014', 'form_code': None, 'source_id': 'b672ce48-521f-4a21-8f4f-3911275e436b', 'source_table': 'document_forms'}",2026-05-12 10:48:02.174681+09,2026-05-12 10:48:02.174681+09
a03bfe1b-2992-4cd9-ae0b-a85ecbd97f82,6413e67f-7ba7-4216-b016-8f451fb125ba,일상,소방안전관리보조자 선임 연기 신청서,OFFICIAL,CANDIDATE,1,3,3,0,"{'doc_id': 'DOC-BLD-022', 'form_code': None, 'source_id': 'ab63340a-a9ef-4451-87e7-88acc6606ddd', 'source_table': 'document_forms'}",2026-05-12 10:48:02.174681+09,2026-05-12 10:48:02.174681+09
bb41636d-063f-4bc2-8fce-0585d730e295,b855b0d8-f314-46e0-8aa0-eb2fbd519a31,일상,소방안전관리보조자 선임신고서,OFFICIAL,CANDIDATE,1,5,5,2,"{'doc_id': 'DOC-BLD-020', 'form_code': None, 'source_id': '77f24669-2325-4262-9cc3-e4161404c529', 'source_table': 'document_forms'}",2026-05-12 10:48:02.174681+09,2026-05-12 10:48:02.174681+09
5e5c08dd-fddf-481c-9fb6-64017f265cfe,0082c0db-e8e6-4eb4-a3b9-9f9db3f6ac2f,일상,소방안전관리자 선임 연기 신청서,OFFICIAL,CANDIDATE,1,3,3,0,"{'doc_id': 'DOC-BLD-021', 'form_code': None, 'source_id': '24f6e5f5-74fd-424b-85ec-6886ca55acbf', 'source_table': 'document_forms'}",2026-05-12 10:48:02.174681+09,2026-05-12 10:48:02.174681+09
e03ebddb-7f96-4ccb-8eea-292078beb5cd,15563f55-2f9e-491e-8e5d-2ddde305738f,일상,소방안전관리자 선임신고서,OFFICIAL,CANDIDATE,1,5,5,3,"{'doc_id': 'DOC-BLD-004', 'form_code': None, 'source_id': 'ad647012-e8e1-48df-89a5-1c8ed2d4f056', 'source_table': 'document_forms'}",2026-05-12 10:48:02.174681+09,2026-05-12 10:48:02.174681+09
3a7520e4-873e-40f8-96ac-5ef1be0e639a,297d5423-d077-4f6c-a01e-f6de361a4655,일상,승강기 설치검사 결과서,OFFICIAL,CANDIDATE,1,5,5,0,"{'doc_id': 'DOC-BLD-033', 'form_code': None, 'source_id': '1ed035a4-b747-4374-857c-ee05337a7a18', 'source_table': 'document_forms'}",2026-05-12 10:48:02.174681+09,2026-05-12 10:48:02.174681+09
80b4d021-de56-4723-a439-814a6a48d28b,b7ccaea9-9ef5-4b38-a0b2-c2a1e92fd328,일상,승강기 안전관리자 변경 통보서,OFFICIAL,CANDIDATE,1,2,2,0,"{'doc_id': 'DOC-BLD-031', 'form_code': None, 'source_id': '6019885a-138a-4125-8712-d06b5979b1c9', 'source_table': 'document_forms'}",2026-05-12 10:48:02.174681+09,2026-05-12 10:48:02.174681+09
ae57c063-a15b-475d-b711-26bda32fa7d7,58bb30a9-beb5-4676-811a-056080e41e28,일상,승강기 안전관리자 선임 통보서,OFFICIAL,CANDIDATE,1,3,3,1,"{'doc_id': 'DOC-BLD-030', 'form_code': None, 'source_id': '6438e609-a15d-4aa1-b667-bf3609b09182', 'source_table': 'document_forms'}",2026-05-12 10:48:02.174681+09,2026-05-12 10:48:02.174681+09
331ab855-e930-434b-9f8c-25f8a6c8988a,a115086b-0dd2-4bad-afbf-e38cf449fa43,일상,시설물 보수보강 조치 결과보고서,OFFICIAL,CANDIDATE,1,4,4,0,"{'doc_id': 'DOC-BLD-043', 'form_code': None, 'source_id': 'f7976d16-1afa-47ee-ab04-9dd0345686c2', 'source_table': 'document_forms'}",2026-05-12 10:48:02.174681+09,2026-05-12 10:48:02.174681+09
eb895a40-f5ee-4c8c-a12c-80721eefd7f9,f55cb7ad-2c06-4021-a1ee-07665a4feb1c,일상,신규화학물질 신고서,OFFICIAL,CANDIDATE,1,4,4,0,"{'doc_id': 'DOC-CHEM-023', 'form_code': None, 'source_id': 'bc08c35b-8608-4c9c-ae84-a64b2cc16310', 'source_table': 'document_forms'}",2026-05-12 10:48:02.174681+09,2026-05-12 10:48:02.174681+09
4a6ab228-2a61-4e72-b01a-e1a3fd27d97a,08511272-e4f4-4cc0-bcf3-c8c7ab17c5e8,일상,안전관리자 변경신고서,OFFICIAL,CANDIDATE,1,5,5,1,"{'doc_id': 'DOC-OSH-026', 'form_code': None, 'source_id': '64685e3d-8ba2-464b-b2c8-3a66d0d5c3d5', 'source_table': 'document_forms'}",2026-05-12 10:48:02.174681+09,2026-05-12 10:48:02.174681+09
283d3173-d726-477a-bd51-f0adf5e96c76,a6eb5019-2adf-4442-9ccc-d2d104bef319,일상,안전관리자 선임신고서,OFFICIAL,CANDIDATE,1,6,6,2,"{'doc_id': 'DOC-OSH-023', 'form_code': None, 'source_id': '788984a9-0b5b-46dc-bd4a-3bf813c4d374', 'source_table': 'document_forms'}",2026-05-12 10:48:02.174681+09,2026-05-12 10:48:02.174681+09
356e372e-a722-4a32-a6b8-5a34d9a32e9d,e67e2ed3-cf7b-43e0-80a3-0ba3cc747838,일상,안전관리자 해임신고서,OFFICIAL,CANDIDATE,1,4,4,1,"{'doc_id': 'DOC-OSH-029', 'form_code': None, 'source_id': 'e01d7071-7c09-49fa-a4d3-3afb5d86104a', 'source_table': 'document_forms'}",2026-05-12 10:48:02.174681+09,2026-05-12 10:48:02.174681+09
9b667e3e-dd6d-45b0-a34f-8d02c171ec74,0d07eb5d-3c12-4e62-87d8-3683351621ad,일상,안전관리자등 해임 통합 보고서,OFFICIAL,CANDIDATE,1,4,4,1,"{'doc_id': 'DOC-OSH-064', 'form_code': None, 'source_id': '65e211c8-bb9d-4dbe-91de-f66b6a621b18', 'source_table': 'document_forms'}",2026-05-12 10:48:02.174681+09,2026-05-12 10:48:02.174681+09
74cf8ca2-5661-4eb6-9d07-90939a61ff7e,db1113c9-ad43-4e5d-b44c-4b08956ba7a0,일상,안전관리자선임보고서,OFFICIAL,CANDIDATE,1,7,7,2,"{'doc_id': 'DOC-OSH-009', 'form_code': None, 'source_id': '0637ed70-ae2d-45eb-a48b-41549b26d6df', 'source_table': 'document_forms'}",2026-05-12 10:48:02.174681+09,2026-05-12 10:48:02.174681+09
30c530a0-2903-4bf2-865a-85c1d0c2c1d2,7ca01a06-f2fb-429f-977c-055e5610fc3f,일상,안전관리전문기관 지정신청서,OFFICIAL,CANDIDATE,1,4,4,0,"{'doc_id': 'DOC-OSH-065', 'form_code': None, 'source_id': 'd2c18249-1fb6-473f-b8fc-4611a3fc691d', 'source_table': 'document_forms'}",2026-05-12 10:48:02.174681+09,2026-05-12 10:48:02.174681+09
2d4a097a-0a5c-47d7-8115-b537218142fd,34df1592-0c3f-4b81-a6bd-84ae45ebe55f,일상,안전보건관리규정,OFFICIAL,CANDIDATE,1,5,5,0,"{'doc_id': 'DOC-OSH-001', 'form_code': None, 'source_id': 'a9d3e80e-8fd5-44ed-bbfc-86cdd1200421', 'source_table': 'document_forms'}",2026-05-12 10:48:02.174681+09,2026-05-12 10:48:02.174681+09
70a75da8-0aa3-431e-97c7-b49180bcc49c,b66c0bb6-adbc-4546-ba18-a0cdd51a362e,일상,안전보건관리책임자 선임 보고서,OFFICIAL,CANDIDATE,1,4,4,2,"{'doc_id': 'DOC-OSH-062', 'form_code': None, 'source_id': '80091a8d-89cc-48d4-8c8c-c30138b9b17f', 'source_table': 'document_forms'}",2026-05-12 10:48:02.174681+09,2026-05-12 10:48:02.174681+09
65e92560-3823-42b0-88af-45d661801bb1,b4f1f6ec-7383-485b-b049-5489a4a7c3a0,일상,안전보건관리체계 구축계획서,OFFICIAL,CANDIDATE,1,7,7,0,"{'doc_id': 'DOC-SERA-001', 'form_code': None, 'source_id': '6a19c356-0560-4296-beac-34b609690a44', 'source_table': 'document_forms'}",2026-05-12 10:48:02.174681+09,2026-05-12 10:48:02.174681+09
7758efc8-6cf4-4c4f-9209-3c704813c56c,7b40975e-a32b-4a84-b445-1c62c9990295,일상,안전보건교육 실시기록부,OFFICIAL,CANDIDATE,1,4,4,0,"{'doc_id': 'DOC-OSH-037', 'form_code': None, 'source_id': 'ed047fe4-4a0c-443f-9159-b1be0318f779', 'source_table': 'document_forms'}",2026-05-12 10:48:02.174681+09,2026-05-12 10:48:02.174681+09
d8748200-2268-4c7b-86b6-2d3e9c5612f7,2724858d-0a28-405a-80d4-1dfb78936157,일상,안전보건교육일지,OFFICIAL,CANDIDATE,1,6,6,2,"{'doc_id': 'DOC-OSH-006', 'form_code': None, 'source_id': '1f79fada-efed-437d-b472-7a074b8a6eb6', 'source_table': 'document_forms'}",2026-05-12 10:48:02.174681+09,2026-05-12 10:48:02.174681+09
d8e7c4af-ee8b-4557-92a3-3de03cd3172d,89194b46-e0c1-49f6-9a95-92829f88060b,일상,안전보건점검 체크리스트,OFFICIAL,CANDIDATE,1,5,5,1,"{'doc_id': 'DOC-OSH-055', 'form_code': None, 'source_id': '8c69248f-0409-43e2-a2e2-8155bd77e585', 'source_table': 'document_forms'}",2026-05-12 10:48:02.174681+09,2026-05-12 10:48:02.174681+09
3c221fee-d68d-43cc-af19-83c14360a02d,b663faf2-b72b-4b52-b6f7-e2c08ec7db06,일상,안전보건총괄책임자 선임 보고서,OFFICIAL,CANDIDATE,1,4,4,2,"{'doc_id': 'DOC-OSH-063', 'form_code': None, 'source_id': 'd9ce894f-e49e-4853-94a4-24fe5984b418', 'source_table': 'document_forms'}",2026-05-12 10:48:02.174681+09,2026-05-12 10:48:02.174681+09
e71177c7-76e4-4009-a14a-c8d7d0532550,b2768726-c20d-4f29-9608-24b3c9d9ba22,일상,안전작업절차서(SOP),OFFICIAL,CANDIDATE,1,6,6,0,"{'doc_id': 'DOC-OSH-050', 'form_code': None, 'source_id': 'da7bf5d8-157a-4cb0-9d11-e80361352757', 'source_table': 'document_forms'}",2026-05-12 10:48:02.174681+09,2026-05-12 10:48:02.174681+09
3cee80a7-11a3-4472-b806-8ac4c0d91a1f,9583154d-e000-4386-94db-50484dd94745,일상,안전점검 기록부,OFFICIAL,CANDIDATE,1,5,5,1,"{'doc_id': 'DOC-OSH-038', 'form_code': None, 'source_id': '02206a05-47b7-4c7a-84fe-656e2b654eae', 'source_table': 'document_forms'}",2026-05-12 10:48:02.174681+09,2026-05-12 10:48:02.174681+09
a39ac8bb-9d6c-42ef-97ae-2026488645ed,887d436f-c4c4-4a0e-b2a7-2a92d9bf558a,일상,안전점검 실시기록,OFFICIAL,CANDIDATE,1,5,5,1,"{'doc_id': 'DOC-CON-LAW-014', 'form_code': None, 'source_id': '134394a4-0481-445c-9ab9-8c33bea24ec2', 'source_table': 'document_forms'}",2026-05-12 10:48:02.174681+09,2026-05-12 10:48:02.174681+09
2d231cb5-9b92-49e8-a8ec-d1170757f953,d1aba895-d425-4992-9f4e-18f9e4c0e734,일상,안전점검일지,OFFICIAL,CANDIDATE,1,5,5,1,"{'doc_id': 'DOC-OSH-007', 'form_code': None, 'source_id': '22a5bd27-943e-4a05-9ea4-5ead4a90f1c8', 'source_table': 'document_forms'}",2026-05-12 10:48:02.174681+09,2026-05-12 10:48:02.174681+09
1413ce42-6667-46e1-8a5b-4f67da9f3d18,fac75955-fe53-4069-879b-b99e3c3ceaf2,일상,안전점검일지(건설),OFFICIAL,CANDIDATE,1,5,5,1,"{'doc_id': 'DOC-CON-007', 'form_code': None, 'source_id': 'b2dbd375-8a32-408d-9061-5f10fb1ef94b', 'source_table': 'document_forms'}",2026-05-12 10:48:02.174681+09,2026-05-12 10:48:02.174681+09
f0fdc31b-231d-4a86-a1a1-d85e4a7b9682,a646fb7e-7f2f-48e3-b915-ce6977ee5486,일상,위험물 안전관리자 선임신고서,OFFICIAL,CANDIDATE,1,5,5,3,"{'doc_id': 'DOC-FAC-006', 'form_code': None, 'source_id': 'd5512ea7-19be-4400-a9c5-21fdca98417d', 'source_table': 'document_forms'}",2026-05-12 10:48:02.174681+09,2026-05-12 10:48:02.174681+09
f25397e3-c05e-4cc8-9f37-7f56ab16fdd1,e0ad464b-94c7-4b5e-85e9-38e69e574905,일상,위험물 예방규정,OFFICIAL,CANDIDATE,1,11,11,1,"{'doc_id': 'DOC-FAC-011', 'form_code': None, 'source_id': 'd3260b40-1b97-4525-9a26-a602a4d1715a', 'source_table': 'document_forms'}",2026-05-12 10:48:02.174681+09,2026-05-12 10:48:02.174681+09
a398d2aa-fb7e-4b9d-a05c-9e1218e2f71a,348d553e-f917-420f-909e-d7ecd1c906d1,일상,위험물 저장취급 기록부,OFFICIAL,CANDIDATE,1,5,5,1,"{'doc_id': 'DOC-FAC-007', 'form_code': None, 'source_id': 'eda592d3-e0b1-463f-8e08-16b699105b5a', 'source_table': 'document_forms'}",2026-05-12 10:48:02.174681+09,2026-05-12 10:48:02.174681+09
c7d53e42-bb27-401c-8b41-e72692978a56,6e124184-30e2-42f8-b2a2-81c697bf76c2,일상,위험물 제조소등 설치허가 신청서,OFFICIAL,CANDIDATE,1,5,5,0,"{'doc_id': 'DOC-FAC-025', 'form_code': None, 'source_id': '27fe5d6a-3506-4e8b-baef-0b8d425a738b', 'source_table': 'document_forms'}",2026-05-12 10:48:02.174681+09,2026-05-12 10:48:02.174681+09
2ba4e50a-9c44-49fe-ab5c-87f818f59925,a781b695-4830-4de1-8c46-75dc61a70bed,일상,위험물 제조소등 완공검사 신청서,OFFICIAL,CANDIDATE,1,4,4,0,"{'doc_id': 'DOC-FAC-027', 'form_code': None, 'source_id': 'fe3dddbc-0e68-45da-b4c2-61c6b2f94abc', 'source_table': 'document_forms'}",2026-05-12 10:48:02.174681+09,2026-05-12 10:48:02.174681+09
435c05a0-185b-45a7-93dd-3d7adb29e137,21879805-24e8-4227-9eb1-04bbc5e987c8,일상,위험물 제조소등 완공검사필증,OFFICIAL,CANDIDATE,1,4,4,2,"{'doc_id': 'DOC-FAC-028', 'form_code': None, 'source_id': 'b2cf3855-d9c9-4f92-a6ca-c4e6ae83ea76', 'source_table': 'document_forms'}",2026-05-12 10:48:02.174681+09,2026-05-12 10:48:02.174681+09
46300eb3-8e67-46bb-aff0-1d4b1288ca27,b2738cf9-5aa8-4805-b07a-78e158c97f2f,일상,위험물안전관리자 해임퇴직 신고서,OFFICIAL,CANDIDATE,1,7,7,1,"{'doc_id': 'DOC-FAC-024', 'form_code': None, 'source_id': 'de06f122-6fb1-4f86-826a-4940bb09d379', 'source_table': 'document_forms'}",2026-05-12 10:48:02.174681+09,2026-05-12 10:48:02.174681+09
2a65fba7-4439-4ec6-8edb-1798f36902b3,bb199205-415b-4e19-ac70-3db4962f3c39,일상,유해화학물질 관리자 선임신고서,OFFICIAL,CANDIDATE,1,7,7,3,"{'doc_id': 'DOC-CHEM-009', 'form_code': None, 'source_id': 'be3df4d6-6de5-4900-b117-a20e17beba1e', 'source_table': 'document_forms'}",2026-05-12 10:48:02.174681+09,2026-05-12 10:48:02.174681+09
c6a82fc6-e8e0-4bbc-b621-aebba98d8675,f27d10fc-a939-4ddc-9267-d25fd403c562,일상,유해화학물질 관리자 해임퇴직 신고서,OFFICIAL,CANDIDATE,1,2,2,0,"{'doc_id': 'DOC-CHEM-020', 'form_code': None, 'source_id': 'e778aae5-5cd3-4342-acd6-0ce9649397e3', 'source_table': 'document_forms'}",2026-05-12 10:48:02.174681+09,2026-05-12 10:48:02.174681+09
8e141051-1478-45b1-ba27-e1b40c8d5fcb,01049ba2-0ac5-44ea-9c61-7e11782b4aca,일상,유해화학물질 시약 판매업 신고서,OFFICIAL,CANDIDATE,1,2,2,0,"{'doc_id': 'DOC-CHEM-019', 'form_code': None, 'source_id': 'ebef4d62-a30f-4e91-9c4e-2be606798f68', 'source_table': 'document_forms'}",2026-05-12 10:48:02.174681+09,2026-05-12 10:48:02.174681+09
75c4a3e5-3ec1-4c62-a5af-6ad631bb4810,5f045114-d75f-4a71-acff-b0c839e60538,일상,유해화학물질 연간 취급예정량 서류,OFFICIAL,CANDIDATE,1,2,2,0,"{'doc_id': 'DOC-CHEM-016', 'form_code': None, 'source_id': '47c6d6ad-06bf-4e21-9350-61d0668ba067', 'source_table': 'document_forms'}",2026-05-12 10:48:02.174681+09,2026-05-12 10:48:02.174681+09
ebf7b2e0-2262-44e7-9f68-73f6d3450cac,28072532-c50f-4f11-90c0-a51e3849121c,일상,유해화학물질 영업허가 신청서,OFFICIAL,CANDIDATE,1,3,3,0,"{'doc_id': 'DOC-CHEM-015', 'form_code': None, 'source_id': '7ea9a9e5-14c5-4101-b279-5a9d87f186e6', 'source_table': 'document_forms'}",2026-05-12 10:48:02.174681+09,2026-05-12 10:48:02.174681+09
74c22a6c-c8e2-42e8-ba4d-a825b8576ef2,4ad1d692-15fd-4c59-ba11-98ab67275f35,일상,유해화학물질 취급기록부,OFFICIAL,CANDIDATE,1,5,5,1,"{'doc_id': 'DOC-CHEM-008', 'form_code': None, 'source_id': 'ba9f3c12-e501-4c54-bbee-439bab137ec5', 'source_table': 'document_forms'}",2026-05-12 10:48:02.174681+09,2026-05-12 10:48:02.174681+09
b38227eb-08d7-45fa-96ef-2861870fb7c0,f6f8acb7-b732-4fd5-b4ff-03d3107f8b0c,일상,자율검사프로그램 인정신청서,OFFICIAL,CANDIDATE,1,4,4,0,"{'doc_id': 'DOC-OSH-071', 'form_code': None, 'source_id': '43472787-d834-468b-ae70-5c4cfc533fbb', 'source_table': 'document_forms'}",2026-05-12 10:48:02.174681+09,2026-05-12 10:48:02.174681+09
4e07df2e-904a-4fe6-ad18-cecc0f5e57f3,2f41ab16-4748-4bf7-84a3-55a20f74efda,일상,재하도급 승낙 통보서,OFFICIAL,CANDIDATE,1,4,4,1,"{'doc_id': 'DOC-CON-048', 'form_code': None, 'source_id': 'a1d2d277-8552-4370-bb1d-ce6321c7a685', 'source_table': 'document_forms'}",2026-05-12 10:48:02.174681+09,2026-05-12 10:48:02.174681+09
4ea7b229-585f-4a25-b735-f7572340276c,b89761a6-e171-4725-bdbd-c5c3afc78ae2,일상,재하도급계약 통보서,OFFICIAL,CANDIDATE,1,4,4,1,"{'doc_id': 'DOC-CON-049', 'form_code': None, 'source_id': '33bade51-3c5d-42b1-aaad-9661e4e67a4b', 'source_table': 'document_forms'}",2026-05-12 10:48:02.174681+09,2026-05-12 10:48:02.174681+09
21f486d8-fbe2-44be-a347-74c131fa6d8f,ecf79bad-3b97-4e8e-83ba-30f8498ea443,일상,재해예방 전문지도기관 지정신청서,OFFICIAL,CANDIDATE,1,4,4,0,"{'doc_id': 'DOC-OSH-067', 'form_code': None, 'source_id': '184c379a-dc8d-488a-afa8-675b8ad04d34', 'source_table': 'document_forms'}",2026-05-12 10:48:02.174681+09,2026-05-12 10:48:02.174681+09
ef6d9ec5-5ed4-451d-8146-ecacb096d961,2998c213-4569-4aba-ba72-a0f65f62251e,일상,전기설비 사용전검사 신청서,OFFICIAL,CANDIDATE,1,3,3,0,"{'doc_id': 'DOC-BLD-027', 'form_code': None, 'source_id': 'cc7a42a4-1f52-42df-a905-37f1ff1ad16b', 'source_table': 'document_forms'}",2026-05-12 10:48:02.174681+09,2026-05-12 10:48:02.174681+09
0080163a-274d-48d5-b781-7ee7059af457,342d4f23-477c-4f90-9c0e-7d03de9f9246,일상,전기안전관리자 변경신고서,OFFICIAL,CANDIDATE,1,3,3,0,"{'doc_id': 'DOC-BLD-025', 'form_code': None, 'source_id': '08f2fa19-5e30-4484-a567-8d4d409c6b43', 'source_table': 'document_forms'}",2026-05-12 10:48:02.174681+09,2026-05-12 10:48:02.174681+09
aeca6d85-328b-4503-939b-a667448e0a36,4a350e8b-94aa-4d69-bd81-f0e0990aaeae,일상,전기안전관리자 선임신고서,OFFICIAL,CANDIDATE,1,5,5,3,"{'doc_id': 'DOC-BLD-008', 'form_code': None, 'source_id': '0b73a478-8745-4590-92d9-ab0530f578eb', 'source_table': 'document_forms'}",2026-05-12 10:48:02.174681+09,2026-05-12 10:48:02.174681+09
5eeafc6c-5353-4284-b403-397110557bfc,e0464cac-517c-433b-a746-68adcf2998ed,일상,전기안전관리자 해임신고서,OFFICIAL,CANDIDATE,1,2,2,1,"{'doc_id': 'DOC-BLD-026', 'form_code': None, 'source_id': 'b62d4111-1654-413b-b326-6eb713a2f8f1', 'source_table': 'document_forms'}",2026-05-12 10:48:02.174681+09,2026-05-12 10:48:02.174681+09
262847b3-4d20-425d-887b-6323008d97d8,23ed7a07-be8d-433f-858c-0d56a07bce38,일상,점검표(체크리스트),OFFICIAL,CANDIDATE,1,5,5,1,"{'doc_id': 'DOC-OSH-017', 'form_code': None, 'source_id': 'b4100f2a-3ec9-438c-85fb-d1c3758abb91', 'source_table': 'document_forms'}",2026-05-12 10:48:02.174681+09,2026-05-12 10:48:02.174681+09
c0c07d6a-373a-40a5-9570-fc3ac79092fd,984accb1-b72d-4271-aacf-df10c19ac9f7,일상,종사자 의견청취 반영기록,OFFICIAL,CANDIDATE,1,5,5,1,"{'doc_id': 'DOC-SERA-005', 'form_code': None, 'source_id': '1ea3eb56-df16-4014-b0e9-95109c25f6d4', 'source_table': 'document_forms'}",2026-05-12 10:48:02.174681+09,2026-05-12 10:48:02.174681+09
221e5a2f-407d-4adf-8733-c186b49fd792,5002a9ea-50f6-452e-910c-7a8f14ad5490,일상,품질시험 및 검사 기록,OFFICIAL,CANDIDATE,1,6,6,1,"{'doc_id': 'DOC-CON-LAW-006', 'form_code': None, 'source_id': '8bd7ff7e-188b-49b3-b3d6-46c52b0d293c', 'source_table': 'document_forms'}",2026-05-12 10:48:02.174681+09,2026-05-12 10:48:02.174681+09
58bcfbb3-a786-4bba-a479-15dafe7ab11e,02ba804e-cba7-487f-b96a-0eccf1347e5f,일상,하도급계약 통보서,OFFICIAL,CANDIDATE,1,5,5,1,"{'doc_id': 'DOC-CON-047', 'form_code': None, 'source_id': 'b2e40748-7ffa-43fd-9761-fb411fd2f37e', 'source_table': 'document_forms'}",2026-05-12 10:48:02.174681+09,2026-05-12 10:48:02.174681+09
84b4d0f7-e753-4bd7-b2f4-df13677f2557,143aa28c-fd41-4000-81c5-03069c09732a,일상,하도급관리대장,OFFICIAL,CANDIDATE,1,6,6,1,"{'doc_id': 'DOC-CON-019', 'form_code': None, 'source_id': '8b0a8639-f939-420e-8356-8acc43a0974e', 'source_table': 'document_forms'}",2026-05-12 10:48:02.174681+09,2026-05-12 10:48:02.174681+09
85d3d8e0-421e-46d9-971d-cfda24713402,3a7d6a0b-5966-4d1b-a74b-fd83eac9e3d6,일상,화학물질 관리대장,OFFICIAL,CANDIDATE,1,5,5,0,"{'doc_id': 'DOC-OSH-043', 'form_code': None, 'source_id': '1814f7c6-85da-4091-bb17-47604937e3bd', 'source_table': 'document_forms'}",2026-05-12 10:48:02.174681+09,2026-05-12 10:48:02.174681+09
a0338394-bba0-4102-a35c-a59a45601cd8,e3f2200d-5621-47db-abd6-e7edd751eb49,일상,화학물질 등록등면제확인 신청서,OFFICIAL,CANDIDATE,1,4,4,1,"{'doc_id': 'DOC-CHEM-024', 'form_code': None, 'source_id': 'd6051bd9-5563-411c-9012-c37044b2ca7c', 'source_table': 'document_forms'}",2026-05-12 10:48:02.174681+09,2026-05-12 10:48:02.174681+09
bd11e37f-c00b-403a-b93e-aceed79cc745,52cec16e-cf86-4446-84a6-9d5c0e935d61,일상,화학물질 정보제공서,OFFICIAL,CANDIDATE,1,5,5,1,"{'doc_id': 'DOC-CHEM-012', 'form_code': None, 'source_id': 'efe156b5-dec7-452f-8ec7-22e607b27f97', 'source_table': 'document_forms'}",2026-05-12 10:48:02.174681+09,2026-05-12 10:48:02.174681+09
48b04ae3-4c0e-4f78-949c-fc8a24421c50,da2f0fa4-e9a1-4c0c-9f27-c1176eaf3113,작업시,거푸집 설치계획서,OFFICIAL,CANDIDATE,1,5,0,0,"{'doc_id': 'DOC-CON-027', 'form_code': None, 'source_id': '8a2ceea6-6725-4880-adff-ed4813651ad9', 'source_table': 'document_forms'}",2026-05-12 10:48:02.174681+09,2026-05-12 10:48:02.174681+09
c959e7e9-942b-449a-aead-904996476687,5192356d-f57f-4547-aaac-1b253bd8dc7e,작업시,고소작업 계획서,OFFICIAL,CANDIDATE,1,6,0,0,"{'doc_id': 'DOC-CON-038', 'form_code': None, 'source_id': '799f409d-762b-4e59-aa08-6c4553e5b4a9', 'source_table': 'document_forms'}",2026-05-12 10:48:02.174681+09,2026-05-12 10:48:02.174681+09
b3071484-1547-4f1e-8b5f-12ed391f5519,4ed7e74f-634f-493d-a480-092888575a84,작업시,굴착공사 작업계획서,OFFICIAL,CANDIDATE,1,6,0,0,"{'doc_id': 'DOC-CON-023', 'form_code': None, 'source_id': 'b46554fd-7d47-42ae-9fb2-551ce0aa594c', 'source_table': 'document_forms'}",2026-05-12 10:48:02.174681+09,2026-05-12 10:48:02.174681+09
9c34459f-5b82-40f7-a03a-a532cfdefdd4,8b11c26e-ab5a-4b72-bf53-f10c75f59d19,작업시,굴착작업 안전계획서,OFFICIAL,CANDIDATE,1,6,0,0,"{'doc_id': 'DOC-CON-015', 'form_code': None, 'source_id': '501fef0d-8c03-4cfe-bed9-44d0ab8bcc3f', 'source_table': 'document_forms'}",2026-05-12 10:48:02.174681+09,2026-05-12 10:48:02.174681+09
eddf1605-7b4f-469f-947d-a4380ba6a8cc,1ff1dc5f-ab36-44c9-a44c-75e5e1c1d688,작업시,낙하물 방지계획서,OFFICIAL,CANDIDATE,1,5,0,0,"{'doc_id': 'DOC-CON-042', 'form_code': None, 'source_id': '6a43296b-4950-4805-b41e-3e64f5ad24dc', 'source_table': 'document_forms'}",2026-05-12 10:48:02.174681+09,2026-05-12 10:48:02.174681+09
3cdb0b79-6428-4e59-91a1-a656408b2d1d,2c7bf1e9-b06f-416b-b70d-aa4e2fa1e846,작업시,동바리 안전계획서,OFFICIAL,CANDIDATE,1,5,0,1,"{'doc_id': 'DOC-CON-028', 'form_code': None, 'source_id': '45478c85-710e-448a-b976-a4d10ef18ea1', 'source_table': 'document_forms'}",2026-05-12 10:48:02.174681+09,2026-05-12 10:48:02.174681+09
9d89a18f-91b0-414b-b7fc-cf18eced12c1,973c502b-85a5-4276-adcc-2539fa237551,작업시,밀폐공간 산소농도 측정기록,OFFICIAL,CANDIDATE,1,5,0,5,"{'doc_id': 'DOC-OSH-048', 'form_code': None, 'source_id': '75ada7f2-ce19-4f21-ba6f-13683c07207d', 'source_table': 'document_forms'}",2026-05-12 10:48:02.174681+09,2026-05-12 10:48:02.174681+09
39f92866-69e2-44b8-9b71-b20d1c0d576f,c3b244da-b9ba-42a2-af3e-20ff3d37e4c5,작업시,밀폐공간 작업허가서,OFFICIAL,CANDIDATE,1,5,0,3,"{'doc_id': 'DOC-OSH-047', 'form_code': None, 'source_id': '877eabe7-a6fc-4d6d-8808-67f9c96dda93', 'source_table': 'document_forms'}",2026-05-12 10:48:02.174681+09,2026-05-12 10:48:02.174681+09
46dc8ea1-b0ab-41b7-9a7d-18629a120541,d6fbe58b-452a-49ea-ac84-36152529584e,작업시,밀폐공간 작업허가서(건설),OFFICIAL,CANDIDATE,1,7,0,2,"{'doc_id': 'DOC-CON-037', 'form_code': None, 'source_id': 'db15354f-130e-476e-a85b-8ad5bccb47e0', 'source_table': 'document_forms'}",2026-05-12 10:48:02.174681+09,2026-05-12 10:48:02.174681+09
93b590f1-031d-4ed6-b92d-318cae20ca91,4d13cb52-fcf5-48fc-8dba-e94255dd94b7,작업시,밀폐공간작업계획서,OFFICIAL,CANDIDATE,1,5,0,1,"{'doc_id': 'DOC-OSH-014', 'form_code': None, 'source_id': 'dba88e1e-39ce-4c11-9c5e-de50325ca737', 'source_table': 'document_forms'}",2026-05-12 10:48:02.174681+09,2026-05-12 10:48:02.174681+09
4bf3ed32-a9b3-4fdc-ba1a-dd9e5a6de27d,01b83c70-8a99-41bf-b504-ae17cb1ee0ac,작업시,비계 설치계획서,OFFICIAL,CANDIDATE,1,5,0,0,"{'doc_id': 'DOC-CON-025', 'form_code': None, 'source_id': '5863fee5-1a9d-4c78-beca-3d4b0d677641', 'source_table': 'document_forms'}",2026-05-12 10:48:02.174681+09,2026-05-12 10:48:02.174681+09
11875502-bce1-4b34-bcd9-7e286d291e13,6a46e2d1-109d-4df4-a2b2-65404fdfcca0,작업시,석면농도측정 결과보고서,OFFICIAL,CANDIDATE,1,4,0,4,"{'doc_id': 'DOC-OSH-074', 'form_code': None, 'source_id': 'ebc1ba10-3975-492a-bf8f-44e3b462960e', 'source_table': 'document_forms'}",2026-05-12 10:48:02.174681+09,2026-05-12 10:48:02.174681+09
4c15cd79-8603-4423-a9da-49e02ddd4bf9,5b2c0e9c-0e84-4afe-94f2-bd14d896f2e7,작업시,석면해체제거작업 변경신고서,OFFICIAL,CANDIDATE,1,4,0,0,"{'doc_id': 'DOC-OSH-073', 'form_code': None, 'source_id': '76756a2b-df3c-4323-9002-c6d6c22f5c30', 'source_table': 'document_forms'}",2026-05-12 10:48:02.174681+09,2026-05-12 10:48:02.174681+09
eed7660d-e37e-4278-97f9-638968fdbee3,4e827985-7110-4479-8bd7-63c217751ea1,작업시,석면해체제거작업 신고서,OFFICIAL,CANDIDATE,1,4,0,0,"{'doc_id': 'DOC-OSH-072', 'form_code': None, 'source_id': 'a417becb-6439-45e8-af20-008359fd1a9d', 'source_table': 'document_forms'}",2026-05-12 10:48:02.174681+09,2026-05-12 10:48:02.174681+09
5e89caa2-da79-4d20-86f1-cdfe138b5ac7,9e414d2c-4653-4210-9753-ea4afae33d10,작업시,양중작업계획서,OFFICIAL,CANDIDATE,1,6,0,0,"{'doc_id': 'DOC-CON-033', 'form_code': None, 'source_id': 'ab556daa-7366-45ce-a0be-4f19ab1e7b43', 'source_table': 'document_forms'}",2026-05-12 10:48:02.174681+09,2026-05-12 10:48:02.174681+09
3ac8db99-aede-460f-b2d5-daa969b29b6b,40ff1dcc-1ee1-40c8-89c7-e156370dc259,작업시,용접작업 허가서,OFFICIAL,CANDIDATE,1,5,0,0,"{'doc_id': 'DOC-CON-036', 'form_code': None, 'source_id': 'afa892b6-c766-4fb0-9a0f-de7785b2791b', 'source_table': 'document_forms'}",2026-05-12 10:48:02.174681+09,2026-05-12 10:48:02.174681+09
3b246692-a2d2-4b83-978b-11754dfca0ce,6df4e1ff-1b90-41ad-8627-d4aafe924935,작업시,작업계획서(고위험작업),OFFICIAL,CANDIDATE,1,6,0,0,"{'doc_id': 'DOC-CON-008', 'form_code': None, 'source_id': 'bfe45c4b-d562-4384-af5f-ed3571ec24d5', 'source_table': 'document_forms'}",2026-05-12 10:48:02.174681+09,2026-05-12 10:48:02.174681+09
429fbd48-4252-4dc3-b38c-c59f67a3a8d6,a99fdd68-1f04-499a-b95a-86072df73fba,작업시,작업허가서(위험작업),OFFICIAL,CANDIDATE,1,6,0,1,"{'doc_id': 'DOC-OSH-049', 'form_code': None, 'source_id': '6d5a54e5-679c-4c86-b5d0-355702f8c559', 'source_table': 'document_forms'}",2026-05-12 10:48:02.174681+09,2026-05-12 10:48:02.174681+09
55885d45-419c-4e03-ba42-dce980646fc8,7ccbdbdc-9899-445f-91df-38bcf6bbfc88,작업시,작업허가서(일반),OFFICIAL,CANDIDATE,1,5,0,1,"{'doc_id': 'DOC-OSH-013', 'form_code': None, 'source_id': 'c8689df8-a929-4cca-8bdd-2b5aac041b4d', 'source_table': 'document_forms'}",2026-05-12 10:48:02.174681+09,2026-05-12 10:48:02.174681+09
b920ccaf-191a-492c-b43f-8c8f785c632c,a2ec2df5-d9e3-4389-a53e-adc9714be31f,작업시,장비 사용계획서,OFFICIAL,CANDIDATE,1,5,0,0,"{'doc_id': 'DOC-CON-040', 'form_code': None, 'source_id': 'e6db9020-c479-4623-bff2-48f1bac28fb4', 'source_table': 'document_forms'}",2026-05-12 10:48:02.174681+09,2026-05-12 10:48:02.174681+09
117958e3-f936-4d06-b869-273001ea023d,f9a593b2-56af-449c-a2c8-4e84a468a6ad,작업시,전기작업 계획서,OFFICIAL,CANDIDATE,1,5,0,0,"{'doc_id': 'DOC-CON-039', 'form_code': None, 'source_id': '7789ea55-5adf-4ff7-bbc7-dc2076189ab3', 'source_table': 'document_forms'}",2026-05-12 10:48:02.174681+09,2026-05-12 10:48:02.174681+09
769d94ff-476e-4d2a-9310-acdff418bda0,7c72150b-05ec-48c9-a44c-849160965842,작업시,철근 작업계획서,OFFICIAL,CANDIDATE,1,5,0,0,"{'doc_id': 'DOC-CON-029', 'form_code': None, 'source_id': '0175d554-ff5b-4a6b-a0b8-c595cb5c30fa', 'source_table': 'document_forms'}",2026-05-12 10:48:02.174681+09,2026-05-12 10:48:02.174681+09
ca997e85-8f8d-4f08-85e3-e786aafd0ebc,5e7ebc28-4106-49ab-a875-accb6b575657,작업시,콘크리트 타설계획서,OFFICIAL,CANDIDATE,1,6,0,1,"{'doc_id': 'DOC-CON-016', 'form_code': None, 'source_id': 'f78353bd-4d8c-46fe-8898-a4610b66e75f', 'source_table': 'document_forms'}",2026-05-12 10:48:02.174681+09,2026-05-12 10:48:02.174681+09
98b60eca-5a11-4fc5-a386-c62fb67277a4,3d0192fd-9df7-4538-ae01-e77baf500d20,작업시,흙막이공 안전계획서,OFFICIAL,CANDIDATE,1,5,0,0,"{'doc_id': 'DOC-CON-024', 'form_code': None, 'source_id': '28aa89db-ace5-4233-9581-31a13038a4f3', 'source_table': 'document_forms'}",2026-05-12 10:48:02.174681+09,2026-05-12 10:48:02.174681+09
a4347ae3-43e6-4143-b912-3515d49dc65f,46b94bb7-df0c-4d79-90d8-eef26fe0b7d2,재해보고,산업재해 발생 보고서,OFFICIAL,CANDIDATE,1,0,0,0,"{'doc_id': None, 'form_code': 'LEGAL-OSHH-001', 'source_id': '76e7884b-4268-4974-929f-df89f3ecefe2', 'source_table': 'document_form_master'}",2026-05-12 10:48:02.174681+09,2026-05-12 10:48:02.174681+09
d9ec7769-a77d-4282-ac33-ffed161803ba,7e3ffb16-8210-4e2b-8307-dcd575a63905,재해보고,중대재해 발생 보고서,OFFICIAL,CANDIDATE,1,0,0,0,"{'doc_id': None, 'form_code': 'LEGAL-OSHH-002', 'source_id': 'a7dd3551-a988-4084-871b-abf98ec6bb9c', 'source_table': 'document_form_master'}",2026-05-12 10:48:02.174681+09,2026-05-12 10:48:02.174681+09
72a39170-659d-4f13-b271-0e2076184ead,d67f1577-d8e2-426d-863f-41593f6652a1,정기,가스시설 검사 결과서,OFFICIAL,CANDIDATE,1,6,6,1,"{'doc_id': 'DOC-FAC-003', 'form_code': None, 'source_id': 'b3ed372c-19bf-4b2b-a564-2e69426cf9d6', 'source_table': 'document_forms'}",2026-05-12 10:48:02.174681+09,2026-05-12 10:48:02.174681+09
a74c056c-ca30-4bf4-9ed7-7783e966744b,1f839cb2-1f48-49ac-99a8-61b24a5045ff,정기,가스시설 정기점검 기록부,OFFICIAL,CANDIDATE,1,4,4,0,"{'doc_id': 'DOC-FAC-002', 'form_code': None, 'source_id': '14d89799-0a18-4fb9-a6ee-307fe1f076cf', 'source_table': 'document_forms'}",2026-05-12 10:48:02.174681+09,2026-05-12 10:48:02.174681+09
157750ce-7908-41f6-9361-f8e8e432c999,72600260-4b6b-4c26-9dc0-8b3831a446da,정기,가스안전관리계획서,OFFICIAL,CANDIDATE,1,4,4,0,"{'doc_id': 'DOC-FAC-005', 'form_code': None, 'source_id': '73d58069-4c21-4f11-b9a1-a88500f5f66c', 'source_table': 'document_forms'}",2026-05-12 10:48:02.174681+09,2026-05-12 10:48:02.174681+09
c92ef3b9-79df-4439-a4e1-939b68f51e21,f00032a3-e3fd-4242-8f5c-3c65a62d71eb,정기,감리보고서,OFFICIAL,CANDIDATE,1,6,6,0,"{'doc_id': 'DOC-CON-017', 'form_code': None, 'source_id': 'ccd6471c-23a2-4aaa-9b22-5add5d343dfb', 'source_table': 'document_forms'}",2026-05-12 10:48:02.174681+09,2026-05-12 10:48:02.174681+09
3d4eb0d1-d95b-42e7-b99c-f4cad5dda614,c2206487-6e3a-493e-a755-69860e86406b,정기,건강진단 결과 통보서,OFFICIAL,CANDIDATE,1,6,6,0,"{'doc_id': 'DOC-OSH-036', 'form_code': None, 'source_id': '6dfc00dc-73e5-4f52-95d7-5c170511bb83', 'source_table': 'document_forms'}",2026-05-12 10:48:02.174681+09,2026-05-12 10:48:02.174681+09
5dc962df-477c-4b31-ba60-31ef5688dce1,7435efbb-2e91-4b8b-a4ba-cbec85c95ed7,정기,건강진단개인통보서,OFFICIAL,CANDIDATE,1,6,6,1,"{'doc_id': 'DOC-OSH-020', 'form_code': None, 'source_id': '52160ce9-f032-4966-9d8f-2c26c70796bf', 'source_table': 'document_forms'}",2026-05-12 10:48:02.174681+09,2026-05-12 10:48:02.174681+09
741ab9db-cd20-4f17-80a8-17102906e7f4,1b652acf-bf36-46d9-8336-15529fc0fc22,정기,검사대상기기 검사증,OFFICIAL,CANDIDATE,1,4,4,0,"{'doc_id': 'DOC-FAC-036', 'form_code': None, 'source_id': '12a180c1-0bf8-41fd-b2e0-12b16a30144a', 'source_table': 'document_forms'}",2026-05-12 10:48:02.174681+09,2026-05-12 10:48:02.174681+09
a83c57ac-3b24-4168-9d32-1b507765a400,5f6e2267-2263-4b89-b7d9-9581ef815379,정기,검사대상기기 계속사용검사 신청서,OFFICIAL,CANDIDATE,1,4,4,0,"{'doc_id': 'DOC-FAC-033', 'form_code': None, 'source_id': 'b70a5aea-2441-40e2-8fc2-73d499de29ac', 'source_table': 'document_forms'}",2026-05-12 10:48:02.174681+09,2026-05-12 10:48:02.174681+09
6da3f1d2-54de-4f98-b037-ee8e5b401597,a0d7525f-3af3-4753-bbd9-9c605824e663,정기,고압가스 정기검사 신청서,OFFICIAL,CANDIDATE,1,4,4,1,"{'doc_id': 'DOC-FAC-022', 'form_code': None, 'source_id': '05d29ca1-cd74-4e3d-b124-22acc14b8f61', 'source_table': 'document_forms'}",2026-05-12 10:48:02.174681+09,2026-05-12 10:48:02.174681+09
835ef8bb-9433-4044-97bb-5f8966809ac3,2e0461b6-c83a-4b0b-93dd-0aeca206d3eb,정기,근골격계부담작업 유해요인조사표,OFFICIAL,CANDIDATE,1,4,4,0,"{'doc_id': 'DOC-OSH-075', 'form_code': None, 'source_id': 'fe6800b7-1488-4c25-b2bc-c79b78b7ad62', 'source_table': 'document_forms'}",2026-05-12 10:48:02.174681+09,2026-05-12 10:48:02.174681+09
8a482918-eb30-4ab4-baa4-295975b58a61,58497b4c-db9e-4aa4-a6ef-7cc97c482890,정기,기계설비 점검기록부,OFFICIAL,CANDIDATE,1,5,5,1,"{'doc_id': 'DOC-OSH-059', 'form_code': None, 'source_id': '2a55986c-3b23-4834-9fe2-14def22a8f9c', 'source_table': 'document_forms'}",2026-05-12 10:48:02.174681+09,2026-05-12 10:48:02.174681+09
f99be5c5-5693-484c-bffc-25512cc76eeb,524dd13a-5418-4fe3-bf9a-c29ab5b37146,정기,냉동기 설비 점검기록부,OFFICIAL,CANDIDATE,1,3,3,0,"{'doc_id': 'DOC-FAC-016', 'form_code': None, 'source_id': 'bc2d3470-b5a1-400e-936e-d44f5847a6d9', 'source_table': 'document_forms'}",2026-05-12 10:48:02.174681+09,2026-05-12 10:48:02.174681+09
1744cb59-b116-4970-9896-1bf14c21c5b1,7aa2234a-6c20-4c51-b88a-6aafdd3ea2dd,정기,냉동설비 검사 결과서,OFFICIAL,CANDIDATE,1,6,6,1,"{'doc_id': 'DOC-FAC-017', 'form_code': None, 'source_id': '83770f8c-f8a2-4099-bb34-b4a4122f4646', 'source_table': 'document_forms'}",2026-05-12 10:48:02.174681+09,2026-05-12 10:48:02.174681+09
be2bdd5b-affa-462d-b85c-4d67c30c891c,c9c1f0e9-4963-45e4-8f1e-3c1f9a27b00f,정기,방호조치 점검기록,OFFICIAL,CANDIDATE,1,3,3,0,"{'doc_id': 'DOC-CON-043', 'form_code': None, 'source_id': 'fbbdbfe7-08b3-462e-a899-71179de863ae', 'source_table': 'document_forms'}",2026-05-12 10:48:02.174681+09,2026-05-12 10:48:02.174681+09
452d78e2-66fc-47e7-b4f0-ca23b291dd0d,9d3778c4-887f-42a4-82e0-027279953e56,정기,보일러 정기검사 결과서,OFFICIAL,CANDIDATE,1,6,6,1,"{'doc_id': 'DOC-FAC-014', 'form_code': None, 'source_id': '2ec3447e-6b31-461b-8739-39dace783b6d', 'source_table': 'document_forms'}",2026-05-12 10:48:02.174681+09,2026-05-12 10:48:02.174681+09
d18a7909-9497-4cd4-a8ea-9ca1cc1fae64,b31a4c7d-4dbe-45a4-ae8b-1e70f1800e5e,정기,비계 점검기록,OFFICIAL,CANDIDATE,1,3,3,0,"{'doc_id': 'DOC-CON-014', 'form_code': None, 'source_id': '7388fa12-c7be-45cb-b118-271f9a8e5e42', 'source_table': 'document_forms'}",2026-05-12 10:48:02.174681+09,2026-05-12 10:48:02.174681+09
2a31ed12-a713-488a-b63f-41e40a6a9924,2358d090-1b4b-453d-91c8-18289731accd,정기,비계 점검기록부,OFFICIAL,CANDIDATE,1,3,3,0,"{'doc_id': 'DOC-CON-026', 'form_code': None, 'source_id': 'bfe2b028-ff61-46eb-99fc-9132597d0fcb', 'source_table': 'document_forms'}",2026-05-12 10:48:02.174681+09,2026-05-12 10:48:02.174681+09
f28b842b-4182-490c-98c9-25cb349d6e64,6000b18d-6238-48b5-9b00-a4cc8d7e6f3c,정기,비상훈련 실시기록,OFFICIAL,CANDIDATE,1,6,6,1,"{'doc_id': 'DOC-OSH-052', 'form_code': None, 'source_id': 'b715fae2-fd1f-4bf3-a190-92e17196676c', 'source_table': 'document_forms'}",2026-05-12 10:48:02.174681+09,2026-05-12 10:48:02.174681+09
62de864d-cb5a-40f7-b1df-d4cc783cb540,fd24685e-60f6-48c8-92ee-8c0b555b38b3,정기,산업안전보건위원회 회의록,OFFICIAL,CANDIDATE,1,5,5,1,"{'doc_id': 'DOC-OSH-058', 'form_code': None, 'source_id': 'd46d90b7-385d-45ef-8341-219837320ecf', 'source_table': 'document_forms'}",2026-05-12 10:48:02.174681+09,2026-05-12 10:48:02.174681+09
1239de87-95fa-4f1c-bf76-03ad2629d772,44b36ec1-27cf-4460-94ac-5460b6ca2006,정기,석면건축물 관리계획서,OFFICIAL,CANDIDATE,1,4,4,0,"{'doc_id': 'DOC-BLD-015', 'form_code': None, 'source_id': 'b9f3af33-cafb-47cb-8990-97336c661130', 'source_table': 'document_forms'}",2026-05-12 10:48:02.174681+09,2026-05-12 10:48:02.174681+09
b85239cf-a216-493b-849c-dd4e2b62da3c,bea2d634-a927-4356-8bc9-d542f4d77541,정기,석면건축물 조사 결과서,OFFICIAL,CANDIDATE,1,5,5,0,"{'doc_id': 'DOC-BLD-038', 'form_code': None, 'source_id': 'd7c98f26-d681-4b71-813a-60aff0574a56', 'source_table': 'document_forms'}",2026-05-12 10:48:02.174681+09,2026-05-12 10:48:02.174681+09
e6485339-6913-4414-814a-72ac42b01176,c3d0b001-eba1-458b-8de8-7204edaf2bfd,정기,석면점검 기록부,OFFICIAL,CANDIDATE,1,3,3,0,"{'doc_id': 'DOC-BLD-016', 'form_code': None, 'source_id': 'a36d11c1-b217-4ac7-b458-095b523d99fd', 'source_table': 'document_forms'}",2026-05-12 10:48:02.174681+09,2026-05-12 10:48:02.174681+09
0f103c96-140b-498d-8a97-dada0185190e,faac4270-567e-4f61-a43a-5728ae8129a7,정기,소방계획서,OFFICIAL,CANDIDATE,1,5,5,0,"{'doc_id': 'DOC-BLD-005', 'form_code': None, 'source_id': '712e9cfb-1dcf-4c2d-a43b-6cf5734d514f', 'source_table': 'document_forms'}",2026-05-12 10:48:02.174681+09,2026-05-12 10:48:02.174681+09
a4badc14-02c3-4438-b473-bea296b4b262,7b313775-e740-4d1b-b3c5-d66dc0155ad8,정기,소방시설 자체점검 결과보고서,OFFICIAL,CANDIDATE,1,5,5,1,"{'doc_id': 'DOC-BLD-001', 'form_code': None, 'source_id': '02e194b4-c6a7-418e-96e2-4c1709038505', 'source_table': 'document_forms'}",2026-05-12 10:48:02.174681+09,2026-05-12 10:48:02.174681+09
2c62ce24-baea-4d39-a5dc-ce030648d0d7,2c115735-1623-4194-b9ec-c422074dd52e,정기,소방시설 자체점검 조치계획서,OFFICIAL,CANDIDATE,1,3,3,0,"{'doc_id': 'DOC-BLD-023', 'form_code': None, 'source_id': '36d1559f-b95e-4f3d-9838-840bce0722ed', 'source_table': 'document_forms'}",2026-05-12 10:48:02.174681+09,2026-05-12 10:48:02.174681+09
f9de138a-138d-4202-a7be-4bb7158d92c4,d196dcd5-bf0b-48e3-a039-42e96fe5eb54,정기,소방시설 자체점검 조치완료보고서,OFFICIAL,CANDIDATE,1,3,3,0,"{'doc_id': 'DOC-BLD-024', 'form_code': None, 'source_id': 'e0d058bb-43ac-4d16-900f-1de8d9566324', 'source_table': 'document_forms'}",2026-05-12 10:48:02.174681+09,2026-05-12 10:48:02.174681+09
107f9b0f-d9d7-4618-b4f7-f4443d7e64b0,74d33e17-ee33-4a1f-8466-98c8e243066e,정기,소방시설 작동기능점검 기록,OFFICIAL,CANDIDATE,1,5,5,1,"{'doc_id': 'DOC-BLD-002', 'form_code': None, 'source_id': '4ced58a0-7314-42c8-95e6-c2e8bc5d6384', 'source_table': 'document_forms'}",2026-05-12 10:48:02.174681+09,2026-05-12 10:48:02.174681+09
6e35d6a7-6128-4e9f-91b1-81c20c1eef23,4ce0e0c6-3a77-48f0-ab89-2d7b094778ad,정기,소방시설 종합정밀점검 보고서,OFFICIAL,CANDIDATE,1,5,5,1,"{'doc_id': 'DOC-BLD-003', 'form_code': None, 'source_id': 'fc7df800-5d12-4df4-ae92-ea5fe1a40595', 'source_table': 'document_forms'}",2026-05-12 10:48:02.174681+09,2026-05-12 10:48:02.174681+09
b692acc9-523c-43ef-9abc-d98b0aae55c6,71bbd0af-e871-494a-a402-4e27d0aba4cf,정기,소방훈련 교육 기록부,OFFICIAL,CANDIDATE,1,5,5,1,"{'doc_id': 'DOC-BLD-006', 'form_code': None, 'source_id': '206a54d7-c069-4bab-98e3-d4a119f9765f', 'source_table': 'document_forms'}",2026-05-12 10:48:02.174681+09,2026-05-12 10:48:02.174681+09
2a5ba5fe-24f0-4dba-8f4c-0a02ce8125a4,d1c4046c-f058-4326-9150-9cca7fd58ef2,정기,승강기 수시검사 결과서,OFFICIAL,CANDIDATE,1,4,4,1,"{'doc_id': 'DOC-BLD-034', 'form_code': None, 'source_id': '7af4ad9c-a20c-4b27-adf9-10676efeb1db', 'source_table': 'document_forms'}",2026-05-12 10:48:02.174681+09,2026-05-12 10:48:02.174681+09
e26de2ee-39dc-44c8-b239-27b5d142446a,ae16efab-c773-4acf-b174-25c9e01f3e0d,정기,승강기 유지관리 점검기록부,OFFICIAL,CANDIDATE,1,4,4,1,"{'doc_id': 'DOC-BLD-011', 'form_code': None, 'source_id': 'd234ff39-8bc0-4f02-9a65-a21947788008', 'source_table': 'document_forms'}",2026-05-12 10:48:02.174681+09,2026-05-12 10:48:02.174681+09
4d0ecf16-2521-44be-9606-f6114aec0196,dcac67c4-a7da-4991-b204-8321b52d7935,정기,승강기 정기검사 결과서,OFFICIAL,CANDIDATE,1,5,5,1,"{'doc_id': 'DOC-BLD-012', 'form_code': None, 'source_id': '7348570b-d6cd-4f78-a85d-f08d44833c36', 'source_table': 'document_forms'}",2026-05-12 10:48:02.174681+09,2026-05-12 10:48:02.174681+09
70ea7f05-7e77-4e2c-ba4f-29d84c21c933,a3b25e6b-70cc-4ba1-94ef-03648c9cf1fd,정기,승강기 정밀안전검사 결과서,OFFICIAL,CANDIDATE,1,4,4,0,"{'doc_id': 'DOC-BLD-035', 'form_code': None, 'source_id': '96c147aa-36c0-4166-8341-e97fd24b3ffe', 'source_table': 'document_forms'}",2026-05-12 10:48:02.174681+09,2026-05-12 10:48:02.174681+09
ee1e9dde-2b7f-4278-9cf2-a64476d8a014,0e7aac32-232e-463e-b6ab-39d2b885a59d,정기,시설물 성능평가 결과보고서,OFFICIAL,CANDIDATE,1,5,5,0,"{'doc_id': 'DOC-BLD-042', 'form_code': None, 'source_id': 'ed1c5d1b-1d73-4a15-9a5b-889b8c4874c7', 'source_table': 'document_forms'}",2026-05-12 10:48:02.174681+09,2026-05-12 10:48:02.174681+09
dcea0582-d5eb-4671-a258-b75d142e83f3,000b3f54-7069-4fa0-9c8a-7622f218f807,정기,시설물 안전 및 유지관리계획,OFFICIAL,CANDIDATE,1,4,4,0,"{'doc_id': 'DOC-BLD-041', 'form_code': None, 'source_id': '615e9ed3-8e0f-4859-8826-8de5e539d9ad', 'source_table': 'document_forms'}",2026-05-12 10:48:02.174681+09,2026-05-12 10:48:02.174681+09
5892ec8b-b739-4789-bba1-ed9f0434c115,68afd34e-ecef-4065-a2de-a5f3c86a8cf4,정기,시설물 안전점검 결과보고서,OFFICIAL,CANDIDATE,1,5,5,1,"{'doc_id': 'DOC-BLD-017', 'form_code': None, 'source_id': 'e9d05382-bef4-4f89-b732-74ad22652697', 'source_table': 'document_forms'}",2026-05-12 10:48:02.174681+09,2026-05-12 10:48:02.174681+09
e983394d-4c97-4c45-bac2-fa430da6e684,7443d7e8-1193-4677-9f7a-c204d175ed9d,정기,시설물 유지관리계획서,OFFICIAL,CANDIDATE,1,4,4,0,"{'doc_id': 'DOC-BLD-019', 'form_code': None, 'source_id': 'b36e4fb8-7a78-49c1-95bc-9d2e4a143aaa', 'source_table': 'document_forms'}",2026-05-12 10:48:02.174681+09,2026-05-12 10:48:02.174681+09
98efc453-e0de-4052-9cd9-75ccc9dcf39c,6ec4811a-8566-4eb6-ad4d-4b55d4a3746f,정기,시설물 정밀안전진단 보고서,OFFICIAL,CANDIDATE,1,6,6,1,"{'doc_id': 'DOC-BLD-018', 'form_code': None, 'source_id': '13682a13-61dc-4395-b035-a0cd7c495d9b', 'source_table': 'document_forms'}",2026-05-12 10:48:02.174681+09,2026-05-12 10:48:02.174681+09
a1cea7e4-526f-4a6a-850e-802b66eb1267,c220f354-9f53-44be-aee6-33e0aa62d513,정기,안전검사 신청서,OFFICIAL,CANDIDATE,1,4,4,0,"{'doc_id': 'DOC-OSH-070', 'form_code': None, 'source_id': '21fe1e49-576a-4956-9487-efbcb96b0fe4', 'source_table': 'document_forms'}",2026-05-12 10:48:02.174681+09,2026-05-12 10:48:02.174681+09
ee35e7f3-49f4-433c-ba77-41f0bf5a6e1d,4faba1f5-3056-4f6b-9f43-7a6c6b9a8b5d,정기,안전보건관리체계 점검기록,OFFICIAL,CANDIDATE,1,5,5,0,"{'doc_id': 'DOC-SERA-002', 'form_code': None, 'source_id': 'ec1e368b-1313-4c08-82d1-849dcbfdffc3', 'source_table': 'document_forms'}",2026-05-12 10:48:02.174681+09,2026-05-12 10:48:02.174681+09
1491b3f4-2742-40ac-942b-9f20819f854d,6d2549d1-d354-421b-a48c-a80c7527ad61,정기,안전보건교육 실시 결과기록,OFFICIAL,CANDIDATE,1,3,3,0,"{'doc_id': 'DOC-SERA-006', 'form_code': None, 'source_id': '082eb4f4-9129-4ad6-9bf6-223f608eb9f2', 'source_table': 'document_forms'}",2026-05-12 10:48:02.174681+09,2026-05-12 10:48:02.174681+09
30166b8e-b663-447b-a90a-1bfca3417dc6,c00c887c-5c84-47f8-849a-9eb54e1a1492,정기,안전보건협의체 회의록(건설),OFFICIAL,CANDIDATE,1,5,5,1,"{'doc_id': 'DOC-CON-011', 'form_code': None, 'source_id': 'ccc67e35-621e-4318-8537-7166b6acb9b8', 'source_table': 'document_forms'}",2026-05-12 10:48:02.174681+09,2026-05-12 10:48:02.174681+09
ba165c2e-3cc1-4942-bf28-8c3356f0e233,cf2e6e6c-761b-42ad-a965-ec226c1f2d5b,정기,안전보건협의체회의록,OFFICIAL,CANDIDATE,1,5,5,1,"{'doc_id': 'DOC-OSH-015', 'form_code': None, 'source_id': '9cf424e7-ff2a-4720-8d0c-0df5a89dba7b', 'source_table': 'document_forms'}",2026-05-12 10:48:02.174681+09,2026-05-12 10:48:02.174681+09
40523895-3374-4314-b901-a39eacb8a6c4,c4a09415-b468-47df-9921-2944dd9e3c33,정기,위해관리계획서,OFFICIAL,CANDIDATE,1,5,5,0,"{'doc_id': 'DOC-CHEM-005', 'form_code': None, 'source_id': '47471a97-2d98-42d1-ba8c-820618aca926', 'source_table': 'document_forms'}",2026-05-12 10:48:02.174681+09,2026-05-12 10:48:02.174681+09
fdd4e9ea-43dd-4a1d-a17e-5fd25ad016e0,98af2041-5206-43a0-8c14-a6bec57fe6ec,정기,위험물 시설 검사 결과서,OFFICIAL,CANDIDATE,1,5,5,1,"{'doc_id': 'DOC-FAC-009', 'form_code': None, 'source_id': '5e78864a-7d38-4b63-8a3c-fac05b739dba', 'source_table': 'document_forms'}",2026-05-12 10:48:02.174681+09,2026-05-12 10:48:02.174681+09
162c689e-2ec0-41f0-ab51-a1080d3ec1d7,3ecc1e48-3833-4289-85cb-9e836bc811ff,정기,위험물 시설 점검기록부,OFFICIAL,CANDIDATE,1,4,4,0,"{'doc_id': 'DOC-FAC-008', 'form_code': None, 'source_id': 'd300cedf-69aa-4361-b5c7-1006d954e0e1', 'source_table': 'document_forms'}",2026-05-12 10:48:02.174681+09,2026-05-12 10:48:02.174681+09
dec8f88a-9424-4b0c-b68e-106c0cbeb3d1,1cb9a671-c6ae-45fe-a675-e3726a67a218,정기,위험물 정기점검 결과 제출서,OFFICIAL,CANDIDATE,1,4,4,1,"{'doc_id': 'DOC-FAC-030', 'form_code': None, 'source_id': 'efe70a0b-ea97-4aab-b6fc-56504aa10b7b', 'source_table': 'document_forms'}",2026-05-12 10:48:02.174681+09,2026-05-12 10:48:02.174681+09
142280d5-9958-47e4-be9d-d3443db22ec2,f82f7fe1-0079-4234-a875-3ef8ea6a0cac,정기,위험성평가 개선조치계획서,OFFICIAL,CANDIDATE,1,6,6,0,"{'doc_id': 'DOC-OSH-042', 'form_code': None, 'source_id': '2a046094-f35b-4037-94bd-73b066e5d694', 'source_table': 'document_forms'}",2026-05-12 10:48:02.174681+09,2026-05-12 10:48:02.174681+09
6a78a819-40fb-4933-aa9e-01ca515ae7c3,b4914522-8f23-441a-a2fc-bbb9a27795ac,정기,위험성평가 실시결과서,OFFICIAL,CANDIDATE,1,6,6,1,"{'doc_id': 'DOC-OSH-041', 'form_code': None, 'source_id': '12d63de6-3c60-43f9-b17d-b795081b6996', 'source_table': 'document_forms'}",2026-05-12 10:48:02.174681+09,2026-05-12 10:48:02.174681+09
a9a98c5a-1d58-4be4-9e2c-6e3ee96122c1,3e13a7a5-4cec-4810-9816-271ef6672411,정기,위험성평가서,OFFICIAL,CANDIDATE,1,6,6,0,"{'doc_id': 'DOC-OSH-002', 'form_code': None, 'source_id': 'c407a14e-f03f-458d-a281-0c268c5ee502', 'source_table': 'document_forms'}",2026-05-12 10:48:02.174681+09,2026-05-12 10:48:02.174681+09
a84d69be-f51c-4d16-b32c-9fc6b930c7f5,f5a010e8-cbed-4681-b95e-a23296175196,정기,유해위험요인 확인 개선기록,OFFICIAL,CANDIDATE,1,5,5,0,"{'doc_id': 'DOC-SERA-003', 'form_code': None, 'source_id': '12b88121-263b-44db-9fce-783663e25c21', 'source_table': 'document_forms'}",2026-05-12 10:48:02.174681+09,2026-05-12 10:48:02.174681+09
910ef261-3f3b-46a7-9f0b-d6ced4a92376,29e65ed1-63bd-4950-927e-2120ee0e7964,정기,유해화학물질 영업 실적보고서,OFFICIAL,CANDIDATE,1,2,2,0,"{'doc_id': 'DOC-CHEM-021', 'form_code': None, 'source_id': '7b4e72af-d82d-4bc9-aa59-352feb7a3d00', 'source_table': 'document_forms'}",2026-05-12 10:48:02.174681+09,2026-05-12 10:48:02.174681+09
72a1ede2-398e-4ec4-93f8-3a653f4d6895,fbc36037-1002-40ce-b1e3-629a07307432,정기,유해화학물질 취급시설 검사 결과서,OFFICIAL,CANDIDATE,1,5,5,1,"{'doc_id': 'DOC-CHEM-002', 'form_code': None, 'source_id': '2520bdd8-00c4-4368-9e2b-c99e190c55a2', 'source_table': 'document_forms'}",2026-05-12 10:48:02.174681+09,2026-05-12 10:48:02.174681+09
f0f6c84c-22c8-456d-a0af-931676cd3818,d3151755-f9aa-4521-9d21-17006f767a06,정기,유해화학물질 취급시설 자체점검 기록,OFFICIAL,CANDIDATE,1,4,4,0,"{'doc_id': 'DOC-CHEM-003', 'form_code': None, 'source_id': 'b812dbdc-8bf4-4ef8-b2aa-3873694be9cc', 'source_table': 'document_forms'}",2026-05-12 10:48:02.174681+09,2026-05-12 10:48:02.174681+09
593ebabf-78e5-47cc-8199-d9fe89f4b663,2ea4698d-1c9e-4bfb-b88f-299d915d5ad7,정기,작업환경측정 결과보고서 제출서,OFFICIAL,CANDIDATE,1,5,5,4,"{'doc_id': 'DOC-OSH-034', 'form_code': None, 'source_id': 'e09904d9-e1ee-41c8-ba19-d46cc41dcd87', 'source_table': 'document_forms'}",2026-05-12 10:48:02.174681+09,2026-05-12 10:48:02.174681+09
beae485a-bdd0-4329-b2b2-1433dd03477b,27dbe20d-132a-4b2e-a0bb-8bd670a0a4a7,정기,작업환경측정결과보고서,OFFICIAL,CANDIDATE,1,6,6,3,"{'doc_id': 'DOC-OSH-021', 'form_code': None, 'source_id': '4f05b44b-03c2-416c-a22b-8f2b8e4b4ce0', 'source_table': 'document_forms'}",2026-05-12 10:48:02.174681+09,2026-05-12 10:48:02.174681+09
ede760ec-fce3-4606-b212-2710a029634d,b3069591-75c2-4e76-82ce-1e7b14796415,정기,작업환경측정결과서,OFFICIAL,CANDIDATE,1,7,7,4,"{'doc_id': 'DOC-OSH-004', 'form_code': None, 'source_id': '89ff4c92-2e06-46bd-99a4-6091dba797e1', 'source_table': 'document_forms'}",2026-05-12 10:48:02.174681+09,2026-05-12 10:48:02.174681+09
2e533a09-e1d0-491a-901c-6ab148574b44,9210ce85-947f-4765-b4d7-31ae53af7269,정기,장비점검기록부,OFFICIAL,CANDIDATE,1,3,3,0,"{'doc_id': 'DOC-CON-013', 'form_code': None, 'source_id': '28bfb0a7-1542-4200-a40d-b6e8e0855a33', 'source_table': 'document_forms'}",2026-05-12 10:48:02.174681+09,2026-05-12 10:48:02.174681+09
59d28560-4a8a-4727-925e-cd9a19e0b585,045d28e0-a971-4c14-862b-f29666ca3def,정기,재해예방 인력예산 편성기록,OFFICIAL,CANDIDATE,1,5,5,0,"{'doc_id': 'DOC-SERA-004', 'form_code': None, 'source_id': 'c060a7a2-1c90-47c1-b179-e49de27b88a6', 'source_table': 'document_forms'}",2026-05-12 10:48:02.174681+09,2026-05-12 10:48:02.174681+09
d8accb0a-fd25-417f-8668-3a632b9e5dcf,704f20fe-f96c-46c9-8426-1a8f29ceb4af,정기,전기설비 점검기록부,OFFICIAL,CANDIDATE,1,3,3,1,"{'doc_id': 'DOC-BLD-009', 'form_code': None, 'source_id': 'ceff80c9-04cf-4d09-9a23-431f41cef7bc', 'source_table': 'document_forms'}",2026-05-12 10:48:02.174681+09,2026-05-12 10:48:02.174681+09
51ee1916-7954-4523-957c-bb8676d4bd8b,ad1babc9-126b-440e-b441-33ee47c7fb54,정기,전기설비 정기검사 결과서,OFFICIAL,CANDIDATE,1,5,5,1,"{'doc_id': 'DOC-BLD-010', 'form_code': None, 'source_id': 'b882ddc6-fdb9-4480-b56b-34a671e5cdfa', 'source_table': 'document_forms'}",2026-05-12 10:48:02.174681+09,2026-05-12 10:48:02.174681+09
597e80a5-4ade-44ed-a141-27af65bb5acc,857855b0-6b9e-4e35-970f-7ee85cb441f6,정기,전기설비 정기검사 신청서,OFFICIAL,CANDIDATE,1,2,2,0,"{'doc_id': 'DOC-BLD-028', 'form_code': None, 'source_id': 'd4fcac65-1d6d-47a2-9c49-9a1d72f4bb4c', 'source_table': 'document_forms'}",2026-05-12 10:48:02.174681+09,2026-05-12 10:48:02.174681+09
99dc393f-bd7b-4c34-a0e1-2e971187b2ff,daf440f4-bb7b-4e1c-9100-b0b6de9e8b4e,정기,정기안전점검 결과보고서,OFFICIAL,CANDIDATE,1,5,5,1,"{'doc_id': 'DOC-CON-LAW-010', 'form_code': None, 'source_id': 'f79ad720-48d4-484e-b4d0-8160893d2aa8', 'source_table': 'document_forms'}",2026-05-12 10:48:02.174681+09,2026-05-12 10:48:02.174681+09
0427c1a8-7e95-4602-be82-725d7caa3a95,119a4510-f933-429a-94d3-7c75843187b5,정기,정밀안전점검 결과보고서,OFFICIAL,CANDIDATE,1,6,6,1,"{'doc_id': 'DOC-CON-LAW-011', 'form_code': None, 'source_id': '618e04c3-1fa7-4518-a653-dbba467269a2', 'source_table': 'document_forms'}",2026-05-12 10:48:02.174681+09,2026-05-12 10:48:02.174681+09
2d773b5d-671c-4354-a314-e2a9a34834a5,7cd0221b-f14e-4f18-a91f-6174b64dcfde,정기,타워크레인 점검기록부,OFFICIAL,CANDIDATE,1,3,3,0,"{'doc_id': 'DOC-CON-032', 'form_code': None, 'source_id': '319ef1f0-de47-46f5-a631-022ce7c0e9b5', 'source_table': 'document_forms'}",2026-05-12 10:48:02.174681+09,2026-05-12 10:48:02.174681+09
62514710-ff96-420e-aff7-eb5193da1cca,e21c0a37-951a-46ff-aeb4-6f8710515287,정기,통합 산업재해 현황 조사표,OFFICIAL,CANDIDATE,1,4,4,0,"{'doc_id': 'DOC-OSH-061', 'form_code': None, 'source_id': '42b796ba-08ea-40dd-a6cf-e54244cce907', 'source_table': 'document_forms'}",2026-05-12 10:48:02.174681+09,2026-05-12 10:48:02.174681+09
3a7b5f2a-a1d2-4b84-b56a-1d50d3c4a0ea,b66c7339-8a05-4f84-87a3-90857f963cf6,정기,특수건강진단 결과보고서 제출서,OFFICIAL,CANDIDATE,1,5,5,2,"{'doc_id': 'DOC-OSH-035', 'form_code': None, 'source_id': 'a124981f-9624-4ce2-8734-25dd8396284a', 'source_table': 'document_forms'}",2026-05-12 10:48:02.174681+09,2026-05-12 10:48:02.174681+09
612f8b09-dfae-423a-b7c7-0cbd190d51f9,69568e84-d277-4b60-9c6b-98a00158b756,정기,특수건강진단결과서,OFFICIAL,CANDIDATE,1,7,7,0,"{'doc_id': 'DOC-OSH-005', 'form_code': None, 'source_id': '6594ee7c-c79b-4514-9458-69cf99174427', 'source_table': 'document_forms'}",2026-05-12 10:48:02.174681+09,2026-05-12 10:48:02.174681+09
c32cacb1-5ec9-4d1d-af2b-89e45d406be5,d6cf2be7-4001-4654-a183-9d0243e72249,정기,품질시험성적서,OFFICIAL,CANDIDATE,1,6,6,1,"{'doc_id': 'DOC-CON-018', 'form_code': None, 'source_id': '6a1021b3-a02d-46b8-87bc-92cf378f96b9', 'source_table': 'document_forms'}",2026-05-12 10:48:02.174681+09,2026-05-12 10:48:02.174681+09
3ea3ef33-6160-4c1f-bb71-f168c46ce2b6,5d1d1812-b2e0-48f3-ab99-502928a97a12,정기,피난계획 대피훈련 기록,OFFICIAL,CANDIDATE,1,5,5,1,"{'doc_id': 'DOC-BLD-007', 'form_code': None, 'source_id': 'd16bc19a-ee91-4182-a643-59f04d85c97b', 'source_table': 'document_forms'}",2026-05-12 10:48:02.174681+09,2026-05-12 10:48:02.174681+09
4781af01-ab18-4e81-b679-6bca175e8c99,5e139474-cea5-4a45-92dc-0e1535215a07,정기,협력업체 안전관리평가서,OFFICIAL,CANDIDATE,1,5,5,0,"{'doc_id': 'DOC-OSH-054', 'form_code': None, 'source_id': '5d5ddf0a-a0b6-4fbc-a76d-a1276960d467', 'source_table': 'document_forms'}",2026-05-12 10:48:02.174681+09,2026-05-12 10:48:02.174681+09
e49ef6c0-ec5a-4854-894d-4c7be3cdc06e,3efff239-3075-4dff-87f4-1b42aaaa149e,정기,협력업체 안전보건관리 점검기록,OFFICIAL,CANDIDATE,1,5,5,0,"{'doc_id': 'DOC-SERA-008', 'form_code': None, 'source_id': '7e6e02b5-a57a-4eb6-acf2-07f48813d7ad', 'source_table': 'document_forms'}",2026-05-12 10:48:02.174681+09,2026-05-12 10:48:02.174681+09
b65478e8-d239-41e0-8959-c4d5b3b73347,346fb469-3b94-48dd-87fe-c1dd2e9db6a6,종료,안전점검 종합보고서,OFFICIAL,CANDIDATE,1,6,0,0,"{'doc_id': 'DOC-CON-LAW-013', 'form_code': None, 'source_id': '98c45426-63e7-4649-9e83-8d5a5625f17c', 'source_table': 'document_forms'}",2026-05-12 10:48:02.174681+09,2026-05-12 10:48:02.174681+09
99905f16-9b1e-4b79-8e15-ef2d2d56b5e0,e15ba1ce-497a-4a39-88b5-a5e25a6f3355,종료,유지관리지침서,OFFICIAL,CANDIDATE,1,5,0,0,"{'doc_id': 'DOC-CON-022', 'form_code': None, 'source_id': '0a178992-7c5f-448c-a512-751df33de955', 'source_table': 'document_forms'}",2026-05-12 10:48:02.174681+09,2026-05-12 10:48:02.174681+09
c83d53ba-754b-46f4-9937-2689da31e066,25e9f710-fc3d-4eca-afde-92f26c2cebc5,종료,준공검사신청서,OFFICIAL,CANDIDATE,1,6,0,1,"{'doc_id': 'DOC-CON-020', 'form_code': None, 'source_id': '46f248e7-d86c-4b1b-907a-69486718dc8d', 'source_table': 'document_forms'}",2026-05-12 10:48:02.174681+09,2026-05-12 10:48:02.174681+09
5d5a2b58-80e3-4924-933a-006b89267d26,dbabd0b1-4632-44b8-be03-17b48b52a3fc,종료,준공도서,OFFICIAL,CANDIDATE,1,5,0,0,"{'doc_id': 'DOC-CON-021', 'form_code': None, 'source_id': '44f76f14-0d1e-4288-83aa-3eed329a2671', 'source_table': 'document_forms'}",2026-05-12 10:48:02.174681+09,2026-05-12 10:48:02.174681+09
7fee07c5-e992-4000-ac07-dcf4b38013fd,f02c647b-c4c7-432d-a656-5bc74e99ed00,착공전,공정안전보고서,OFFICIAL,CANDIDATE,1,4,0,0,"{'doc_id': 'DOC-OSH-068', 'form_code': None, 'source_id': '8f17f61d-ed0e-4cf9-89bf-57f517304a3d', 'source_table': 'document_forms'}",2026-05-12 10:48:02.174681+09,2026-05-12 10:48:02.174681+09
479a1881-3bec-47ac-a8bf-0f8ff8db2cf8,6b74769f-8f0f-4804-ac5d-07b09556a7db,착공전,소규모안전관리계획,OFFICIAL,CANDIDATE,1,4,0,0,"{'doc_id': 'DOC-CON-044', 'form_code': None, 'source_id': 'a795be1d-08a4-4291-aa68-57b7ff59519d', 'source_table': 'document_forms'}",2026-05-12 10:48:02.174681+09,2026-05-12 10:48:02.174681+09
97773e75-0a92-40cf-9629-c0c7c8893f56,c1aa12e3-4a84-428a-99b6-47f715bb727d,착공전,소규모안전관리계획 검토결과 통보서,OFFICIAL,CANDIDATE,1,4,0,1,"{'doc_id': 'DOC-CON-046', 'form_code': None, 'source_id': '19a194d1-dfe5-4340-95ce-5993f14cca4f', 'source_table': 'document_forms'}",2026-05-12 10:48:02.174681+09,2026-05-12 10:48:02.174681+09
0204725e-c5e8-4cdb-b9a8-ddf8a423ed00,236814ee-9a69-4e72-894a-386caf813407,착공전,시공계획서,OFFICIAL,CANDIDATE,1,5,0,0,"{'doc_id': 'DOC-CON-004', 'form_code': None, 'source_id': '41e18ccf-ea77-4f11-882d-27492d4441ba', 'source_table': 'document_forms'}",2026-05-12 10:48:02.174681+09,2026-05-12 10:48:02.174681+09
f7717d9c-fc75-4bcc-98a7-0a5564be7a42,fc865eba-9e75-446e-b331-754c6cdfcaeb,착공전,안전관리계획(법정),OFFICIAL,CANDIDATE,1,5,0,0,"{'doc_id': 'DOC-CON-LAW-008', 'form_code': None, 'source_id': '925ca663-f238-4b55-bbe3-014c767a4840', 'source_table': 'document_forms'}",2026-05-12 10:48:02.174681+09,2026-05-12 10:48:02.174681+09
c66e0367-cb25-463d-b780-d5907f49dd5a,1ec86b42-5246-42a7-9496-d0a5da99fa50,착공전,안전관리계획서,OFFICIAL,CANDIDATE,1,5,0,0,"{'doc_id': 'DOC-CON-001', 'form_code': None, 'source_id': 'ec45077f-0d47-443d-8d3d-23b4b323ee27', 'source_table': 'document_forms'}",2026-05-12 10:48:02.174681+09,2026-05-12 10:48:02.174681+09
9363b288-8e07-4a2e-bacc-ca8676568778,1e4a36c0-16ac-4114-aa9c-569712795c46,착공전,안전관리계획서 승인서,OFFICIAL,CANDIDATE,1,6,0,4,"{'doc_id': 'DOC-CON-002', 'form_code': None, 'source_id': '84fd89aa-649e-42f2-89ba-c334077581e5', 'source_table': 'document_forms'}",2026-05-12 10:48:02.174681+09,2026-05-12 10:48:02.174681+09
c1597382-71cf-45f1-b42c-9b42f5274a2a,4743eff2-6dfe-40a9-8830-7531fbd80a34,착공전,유해성위해성 자료 제출서,OFFICIAL,CANDIDATE,1,6,0,0,"{'doc_id': 'DOC-CHEM-011', 'form_code': None, 'source_id': '11386bb6-0bc6-4972-a3b4-e700b61eff57', 'source_table': 'document_forms'}",2026-05-12 10:48:02.174681+09,2026-05-12 10:48:02.174681+09
1d64ca99-49d3-49fa-8e3d-f8e944fb4e7b,81754b4f-12e9-47aa-a6af-9c458a98ff35,착공전,유해위험방지계획서,OFFICIAL,CANDIDATE,1,5,0,0,"{'doc_id': 'DOC-OSH-008', 'form_code': None, 'source_id': 'f55d2d31-3dff-4de6-bbce-08a8af7e4941', 'source_table': 'document_forms'}",2026-05-12 10:48:02.174681+09,2026-05-12 10:48:02.174681+09
e07cafd8-081e-4ce9-93fb-f8e05f9c12be,ae4fbd9a-8110-47c4-969e-c5197174b350,착공전,유해위험방지계획서 제출서,OFFICIAL,CANDIDATE,1,5,0,2,"{'doc_id': 'DOC-OSH-033', 'form_code': None, 'source_id': 'b2b2adc6-121b-4ce6-8c05-936ebe339990', 'source_table': 'document_forms'}",2026-05-12 10:48:02.174681+09,2026-05-12 10:48:02.174681+09
a7f10eae-4e9a-4a63-a648-45b147a4a5cb,3c4baf42-c53d-47bf-9253-5cea543c60ca,착공전,유해위험방지계획서(건설),OFFICIAL,CANDIDATE,1,6,0,0,"{'doc_id': 'DOC-CON-009', 'form_code': None, 'source_id': 'c4eac578-03e7-4da0-9c43-6b438958c909', 'source_table': 'document_forms'}",2026-05-12 10:48:02.174681+09,2026-05-12 10:48:02.174681+09
3c09d127-84df-4ba6-92ff-7b7941c2b811,ebf7693a-f472-414c-b084-3db18882e303,착공전,유해화학물질 취급시설 설치검사 신청서,OFFICIAL,CANDIDATE,1,5,0,1,"{'doc_id': 'DOC-CHEM-001', 'form_code': None, 'source_id': '5f40f6ca-ff3a-4ea6-824f-4fcd524e7549', 'source_table': 'document_forms'}",2026-05-12 10:48:02.174681+09,2026-05-12 10:48:02.174681+09
02473149-2657-4702-a0a6-fcc2de7e61fb,3eec58e7-8250-475c-97e9-b58e7e39f213,착공전,장외영향평가서,OFFICIAL,CANDIDATE,1,5,0,0,"{'doc_id': 'DOC-CHEM-004', 'form_code': None, 'source_id': '8eb9dba8-b321-4d02-9cac-38414ce6f0e9', 'source_table': 'document_forms'}",2026-05-12 10:48:02.174681+09,2026-05-12 10:48:02.174681+09
ee9eaebe-2a04-493c-8cec-f6a20586857a,bc1ee664-6c8a-4853-a440-21eaf82e69a3,착공전,착공신고서,OFFICIAL,CANDIDATE,1,5,0,1,"{'doc_id': 'DOC-CON-005', 'form_code': None, 'source_id': '1b6f9376-e7ed-42a4-98b1-05b106882c2f', 'source_table': 'document_forms'}",2026-05-12 10:48:02.174681+09,2026-05-12 10:48:02.174681+09
328bcdb1-45cf-401c-99ad-76e131a39be5,05844c28-493e-46f9-87b2-07124c5012f2,착공전,타워크레인 설치계획서,OFFICIAL,CANDIDATE,1,6,0,0,"{'doc_id': 'DOC-CON-031', 'form_code': None, 'source_id': '218b1a1c-0976-4c61-addd-b7c9509d80e4', 'source_table': 'document_forms'}",2026-05-12 10:48:02.174681+09,2026-05-12 10:48:02.174681+09
daaab7d0-921a-44d7-86aa-980d20ec9194,7bb8119d-6170-4cae-9b54-6e6f3e7928d2,착공전,품질관리계획 사본,OFFICIAL,CANDIDATE,1,5,0,0,"{'doc_id': 'DOC-CON-LAW-007', 'form_code': None, 'source_id': '3747ac78-d513-47b9-83ec-b57c725e62fb', 'source_table': 'document_forms'}",2026-05-12 10:48:02.174681+09,2026-05-12 10:48:02.174681+09
7618048d-fb84-4173-8928-63824cdfab25,6e6c5471-43ab-425b-b9a9-c356a898f63d,착공전,품질관리계획(법정),OFFICIAL,CANDIDATE,1,5,0,0,"{'doc_id': 'DOC-CON-LAW-001', 'form_code': None, 'source_id': 'a9a1af72-5d98-4ebe-8567-53a64aa14fc1', 'source_table': 'document_forms'}",2026-05-12 10:48:02.174681+09,2026-05-12 10:48:02.174681+09
ce690d3b-98c9-43d4-bab6-2dfdcca38ea7,f76e440e-e0a3-4d22-ab05-92901bc2638e,착공전,품질관리계획서,OFFICIAL,CANDIDATE,1,6,0,0,"{'doc_id': 'DOC-CON-003', 'form_code': None, 'source_id': 'a969e5fe-2d21-4467-a73d-ec9541a6fe71', 'source_table': 'document_forms'}",2026-05-12 10:48:02.174681+09,2026-05-12 10:48:02.174681+09
45458e8c-d908-42b6-b19b-78f9c2e499cf,47256c3b-45ff-407f-b11c-f5e9840ab04b,착공전,품질시험계획,OFFICIAL,CANDIDATE,1,5,0,0,"{'doc_id': 'DOC-CON-LAW-002', 'form_code': None, 'source_id': 'a8edc4a8-ebe1-429d-b078-6d2b1f4f817f', 'source_table': 'document_forms'}",2026-05-12 10:48:02.174681+09,2026-05-12 10:48:02.174681+09
3ce74995-9679-4cf0-acde-f46fbd940454,d05bcd57-cd5e-4f57-9928-66fca70ae137,착공전,해체공사 계획서,OFFICIAL,CANDIDATE,1,5,0,0,"{'doc_id': 'DOC-CON-034', 'form_code': None, 'source_id': '30bdb92c-2be3-4652-a471-f77c5bfb19de', 'source_table': 'document_forms'}",2026-05-12 10:48:02.174681+09,2026-05-12 10:48:02.174681+09
4f783679-c8ab-42f1-98c5-ce429cd38b19,0c325df0-d5f7-414f-aad0-7283648866be,착공전,해체공사 안전관리계획서,OFFICIAL,CANDIDATE,1,5,0,0,"{'doc_id': 'DOC-CON-035', 'form_code': None, 'source_id': '2179484b-9923-4f62-bfb2-5cbeccf5edb5', 'source_table': 'document_forms'}",2026-05-12 10:48:02.174681+09,2026-05-12 10:48:02.174681+09
ee228017-676b-43f9-b2c2-2223fa85655a,82a8768d-c8be-4415-9f17-90281c4597fa,착공전,화학물질 등록신청서,OFFICIAL,CANDIDATE,1,5,0,0,"{'doc_id': 'DOC-CHEM-010', 'form_code': None, 'source_id': 'a695c859-1474-455c-8cbc-83f2bb5ba50f', 'source_table': 'document_forms'}",2026-05-12 10:48:02.174681+09,2026-05-12 10:48:02.174681+09
6a6da218-f42a-4329-a2c7-26ca1a879f0c,180fcaf7-bd21-4f93-be58-afcac77a3e20,착공전,화학사고예방관리계획서,OFFICIAL,CANDIDATE,1,4,0,0,"{'doc_id': 'DOC-CHEM-013', 'form_code': None, 'source_id': '1649569a-0503-4e93-8905-901652124f40', 'source_table': 'document_forms'}",2026-05-12 10:48:02.174681+09,2026-05-12 10:48:02.174681+09
9d80a552-82f9-42ff-855b-b87cf3a784d8,976cadc3-71da-4b09-8004-d3096216fb75,허가신고,고압가스 제조·저장 신고서,OFFICIAL,CANDIDATE,1,0,0,0,"{'doc_id': None, 'form_code': 'LEGAL-GAS-001', 'source_id': '759bc522-234e-4793-92fe-ab66da9788c7', 'source_table': 'document_form_master'}",2026-05-12 10:48:02.174681+09,2026-05-12 10:48:02.174681+09
