review_key	source_key	family_key	work_big	work_mid	name_raw	name_normalized	path_raw	semantic_decision	mapping_type	target_canonical_id	target_canonical_name	owner_default	production_candidate
01128e6bb5993f1a787de0dc0b36ba40bc03c57b6b49c3c97d07ce389b683818	c8bdebbdc14ad8db2e77d64e906198f0e48a1bde48a2c187ae9e2d3e71ba4b9c	48105d18ac598a275b9d9af1d4c9dde59b1b0828183211841e868a38d688924f	건축	철근콘크리트공사	절단작업	절단작업	건축 > 철근콘크리트공사 > 절단작업	AMBIGUOUS	AMBIGUOUS			HOLD	NO
025d5960acc620f94d0bd8d05b018df5b764149f89a8092b719be79b76d5c010	2f8761b5c4b2314a775af894bdb3bf9c42874538e35953f705f63b8c5a05bf64	661b1eba5666bb84171755d9955531e6151203c533db707086e82888b2386540	건축	수장공사	고소작업	고소작업	건축 > 수장공사 > 고소작업	CANONICAL_GAP				HOLD	NO
02dbccd6e281ae463111d4e0b3d4774d8000b6f378338e33fbb0bbc9d1befaec	99d335bea928b05f4d14f49ffa7c26c2dcd141def3ae0ac991445b8d90520c42	ef3b17761779d30710ba66b1a0c39ad7c3360cd385349525037715f2c5f8f48c	토목	교량공사	거치작업	거치작업	토목 > 교량공사 > 거치작업	AMBIGUOUS	AMBIGUOUS			HOLD	NO
036d6f9b43ba9b1435f3320417e23da74c6b2ca9ee0c7831dcf8d764af5e5030	b44bbbe637e522ec53e298ea7b179a7ec36d1d186964e203fe79693fe5909596	997f626aa64669e84021801d98f7e3a3606f7cf83769292b52db6dc016179421	건축	방수공사	확인 및 점검작업	확인 및 점검작업	건축 > 방수공사 > 확인 및 점검작업	AMBIGUOUS	AMBIGUOUS			HOLD	NO
03aa3597187c3d27df2f24c47abe16a69df23c5f16db8a7e23baf85dcd17000d	817286ed371f586ba5eb94d793c15e88d8b04db02e4487ccba83055cfde820e6	0e7cb038dc0a2250f2c8fc713582ed2fe79cbe67f5e9c0b08c8c8a43ef13900f	토목	토공사	적재작업	적재작업	토목 > 토공사 > 적재작업	CANONICAL_GAP				HOLD	NO
03f7885d3e45a2b3733c0c35f0a63d4743d7d8f80c4147708423079381cdc016	1f393019d0c8db91e9c252639bee896d2db7506d28c24c2b544f098f809f89f0	f6361061b822a9a71314c4764e7bdc336f7ab6f9979c095e10c4c657a166e203	토목	하천공사	천공작업	천공작업	토목 > 하천공사 > 천공작업	AMBIGUOUS	AMBIGUOUS			HOLD	NO
047d859fc4a74e14b5ca339f6e6af5978da9d814dba6e623ef45be8028a28ec4	6946a2cb145c59e8339f4c585625fbc515929b501af55c7bd65f5cb5bbd33f1f	b1d6b393b80eb3d2952fefdf0d7b27e2d89a40311350d9e8345f9cc2d1f846f1	토목	철근콘크리트공사	굴착작업	굴착작업	토목 > 철근콘크리트공사 > 굴착작업	AMBIGUOUS	AMBIGUOUS			HOLD	NO
04d0a133529ce36e2f67184fac19409b8deb2cf3ba753fbe7ddc426987e6099a	964a694d9e1f854ec5f0287ef2f84e1ee75a4cda5389265451a5a7bcc616d7e9	e887ede926e89a1e5cacb4680a187b2a5881475e353235e12a6a8598b51f0cb2	토목	강구조물공사	조립작업	조립작업	토목 > 강구조물공사 > 조립작업	AMBIGUOUS	AMBIGUOUS			HOLD	NO
050c7954eb2ba8fb05b5a2e3ecd3180b56f6eff19811946c0669c2b9bf625bcc	a10ab68e97b7963fe0b7cb8ad4fe0a410c83f8f73b0ad126ffed164d837be678	bd0485e938079a0f3212b49f32b13b1e7a0d8d998700c754c64ba64251caeb2c	토목	관공사 부대공사	설치작업	설치작업	토목 > 관공사 부대공사 > 설치작업	AMBIGUOUS	AMBIGUOUS			HOLD	NO
058da32d776dcbec69da86daa559b96190b7313a648715ce77dc97762f5544b1	e281d2e92b4c5524181efd19a42e35e5ccd4f30c641857eff9aff9ae720863ca	30dcdc5a76164fafc012336eacaf3c873d854adcb0be380e11d6dce61b78d8ab	건축	건축물 부대공사	인양작업	인양작업	건축 > 건축물 부대공사 > 인양작업	CANONICAL_GAP				HOLD	NO
05a8fdc010aceee3bd865f240a55159d506c0258a726d190233d3843728b8d28	bf96d298be62d6a3ffef772da0d50e7ab042412d5d91340436ce85ab2b972cb0	3c910f25b445bea6a92ceffeca88fb67009e4f969bf24270daecd9bfb850c5f8	건축	철골공사	용접작업	용접작업	건축 > 철골공사 > 용접작업	POSSIBLE_RELATED	POSSIBLE_RELATED	bf3841d0-71ea-4464-a7d9-d0dcdc3dfa33	궤도현장용접	HOLD	YES_HOLD_ONLY
05f5382e009c05cb078d19a47240def36379d00374d86dbc450ec187bca37809	18496498b80dae165b491db08bf3b9b827615842a1203c51416758c1a43522e1	e887ede926e89a1e5cacb4680a187b2a5881475e353235e12a6a8598b51f0cb2	토목	가설공사	조립작업	조립작업	토목 > 가설공사 > 조립작업	AMBIGUOUS	AMBIGUOUS			HOLD	NO
0641cb409a7f792e8a593a223b6729188295723dc185befcf9cbcb55284294bd	928cc3b022b4259e4f998cd6864110a99b01effd92e5bc893824ee53555dce66	cf5fea65784d96e176786807861c6e1dc09cbf17dd41bc7cd1c340efc5171e1b	건축	수장공사	연결작업	연결작업	건축 > 수장공사 > 연결작업	AMBIGUOUS	AMBIGUOUS			HOLD	NO
064d5c3cb3300286b980902f5148ffdc1486ddc1869c766385a8288b8662edef	e79bceb3058a8010eca8c28377a9929eb7d73c653d922d698581b585497cd6e7	282d033d279da81ab42162f2cdf4c2bf2ba05e217d927dc36197cd732c5a3b97	토목	말뚝공사	기타	기타	토목 > 말뚝공사 > 기타	NO_MATCH	NO_MATCH			REJECT	NO
068d1659d6fe9d7fbaa2e3ed6d66ff3c524b6a2eed22bc59dbb185e458ab516d	ad0e90db97797403d2f22789e8a80f02ae576a5bec7ec0a82664236727dc02e0	0756c82cf78ed670c83363f3233e0d198432bafe0a422ed6fc857ca0754e82cc	토목	관공사	반출작업	반출작업	토목 > 관공사 > 반출작업	CANONICAL_GAP				HOLD	NO
0692de763684e07157196fdf8b77aa9d49fb78406acf536527fe110bcfc21fcb	0440dfbdcb637d53f869c4e33b5708acefeb7e8854bbc4cf16b01b5c03141a26	d8e7b54e66d8e5a1bd480770883eae4b5b5ed79631b786d8f9b6c15db98d5ffe	건축	건축물 부대공사	해체작업	해체작업	건축 > 건축물 부대공사 > 해체작업	AMBIGUOUS	AMBIGUOUS			HOLD	NO
084059b8102634714f58067114fd10a00c517f28373ee701c09b55089706709e	01c718e2544b01c24c6ae1c484026ce61cc37b030c41f5dfbacb58b1c2de4e8f	19af917f9c96e6e96b984e95c53a93ad9ab35457202511f7b151a8681accecfc	건축	건축물 부대공사	매설작업	매설작업	건축 > 건축물 부대공사 > 매설작업	CANONICAL_GAP				HOLD	NO
086a619f66ce127c96c4906dd2ba5f0463089a84fcac692532f63fd112b57e03	ba705992e16b245017ca60bda16ad88d304ced2c187821d64607026b43719745	4ca71b41bfbd8dcb80a9d8059a77d8c0e600cae75fbef1caa99f4dad989f04b7	건축	건축물 부대공사	정리작업	정리작업	건축 > 건축물 부대공사 > 정리작업	AMBIGUOUS	AMBIGUOUS			HOLD	NO
086be68a864d63ca3c2254cdb5569a7c67da5820c470fba0a28a1c751f963dc1	eef0cae2f02c06269e2be22bbed9adfab15f247350265cd5479e2259d49e38e9	df6fbe5b23ee09f8601a369c8d5758f13b17f760ef21dcd75ad8a2156deccb7b	건축	지정공사	타설작업	타설작업	건축 > 지정공사 > 타설작업	AMBIGUOUS	AMBIGUOUS			HOLD	NO
095468229ea3909c8134457f6466e96979f24681dec45d0e6160f2e2b5f213b3	9480d0a9f19b59f4185e173f75b36aee337217a802ed6147507747530df32199	bd0485e938079a0f3212b49f32b13b1e7a0d8d998700c754c64ba64251caeb2c	토목	항만공사	설치작업	설치작업	토목 > 항만공사 > 설치작업	AMBIGUOUS	AMBIGUOUS			HOLD	NO
09ff67249ce6a32a37e7576d67acd0f3067451a73f2bf44d05f28fc2409634dc	680679d6bc82afd03a6e4e9cd74b1abf65e9f712503b1db7b33eec495fb7f550	282d033d279da81ab42162f2cdf4c2bf2ba05e217d927dc36197cd732c5a3b97	건축	철근콘크리트공사	기타	기타	건축 > 철근콘크리트공사 > 기타	NO_MATCH	NO_MATCH			REJECT	NO
0a5b22522fcbe1794925513c2a6c50286d195cf8a2e0b06ce2dab78b531d106a	ea067bd6548c2c195f798c980c069ebf05e7bf6298d95c3b4e6e6e0eef4a861a	e887ede926e89a1e5cacb4680a187b2a5881475e353235e12a6a8598b51f0cb2	토목	교량공사	조립작업	조립작업	토목 > 교량공사 > 조립작업	AMBIGUOUS	AMBIGUOUS			HOLD	NO
0a997ef7bcec301fd80c3f259ae3a1f72276660b21fad8c054cc50c386c9002c	70ab21b041aa9260a89e4d815ee67a8a7d75805b8968e46b97c50a8436129214	8f6ecd321691ca29c767d1260283d0df3a18f7467bf7342879ba1b42f6971f82	토목	가설공사	양생작업	양생작업	토목 > 가설공사 > 양생작업	POSSIBLE_RELATED	POSSIBLE_RELATED	3258e587-68ab-40c8-80df-dd4fa0db60b7	콘크리트양생	HOLD	YES_HOLD_ONLY
0b25a0c6792204f81804e90db0b5301d4e1f1fea9551926b32a456aaa95ca6e0	d3624b965341201ebd1273132e728b4d5f1a6643c028adf395790f27997f5d95	f08aca2c9d1e728f9830094ce993aaaf91f6fee7a2c06e656f10d588e63b662f	토목	관공사	전기작업	전기작업	토목 > 관공사 > 전기작업	AMBIGUOUS	AMBIGUOUS			HOLD	NO
0b34781d4fef53753cc8a3763a41996b4443a666548e0e820ab334e4919cdc0c	9d4de918b32c41a0a159ce0e08e5aee02d3d45549d5d98d2c8612383a6a926c8	bd0485e938079a0f3212b49f32b13b1e7a0d8d998700c754c64ba64251caeb2c	전기설비	가설공사	설치작업	설치작업	전기설비 > 가설공사 > 설치작업	AMBIGUOUS	AMBIGUOUS			HOLD	NO
0b4eee52fcb7f0f9efda5065d5cca87ce863007a7879b158496a8760c9d51ecc	5b9ba513d20d99bd2e28126ac0726b1950f068ff5b4c526220d60bb99c5f60cc	661b1eba5666bb84171755d9955531e6151203c533db707086e82888b2386540	토목	도로 및 포장공사	고소작업	고소작업	토목 > 도로 및 포장공사 > 고소작업	CANONICAL_GAP				HOLD	NO
0b64384457178c1d23e2ec49ec6a6258e97dcdcf2618afe3f56ae80691e53125	b6760108a0bc6943b1f54ad63181343589285b0c401f96fec0fb2a047f11376e	f1403c0703a57a01edda9abee1bc15476d3c2ff0f5ef8724b106e5898e745a9d	토목	철근콘크리트공사	양중작업	양중작업	토목 > 철근콘크리트공사 > 양중작업	CANONICAL_GAP				HOLD	NO
0bbabb08634043862e68e1ae635687249f5b86a87a4e3ad3320ce8482c32abf1	393d6e7823c090b0000c3149e6cfff78afe5f532ce746160d69c330e5253db47	1391ca1476e71a2d09c59834e96ab8f45c21ffbf53cce7ae23aed2c4783d2299	건축	철골공사	마감작업	마감작업	건축 > 철골공사 > 마감작업	AMBIGUOUS	AMBIGUOUS			HOLD	NO
0c186a1ef608fc593e6036912e457138fadbdb21242f8e9f96b86043f8a5a235	5bf7977ef69aaddeaaced10eb26e7867c07f62ccc06ee28a11ccbe31096d8a45	3c910f25b445bea6a92ceffeca88fb67009e4f969bf24270daecd9bfb850c5f8	건축	목공사	용접작업	용접작업	건축 > 목공사 > 용접작업	POSSIBLE_RELATED	POSSIBLE_RELATED	bf3841d0-71ea-4464-a7d9-d0dcdc3dfa33	궤도현장용접	HOLD	YES_HOLD_ONLY
0c5e3b9a57f29edd39f6dfbf78ab7253f3f2e662645697194a37565f814e89f2	4a69a709c5057eee96aa562a6aa55e85dc3473ef35fdb7285fbc80ed33c9bdc9	30dcdc5a76164fafc012336eacaf3c873d854adcb0be380e11d6dce61b78d8ab	건축	건축 토공사	인양작업	인양작업	건축 > 건축 토공사 > 인양작업	CANONICAL_GAP				HOLD	NO
0c7e6857c3999416b78a88d32bd24f9d016fe7d392527bdfd25cb21ca5ce0fe9	66db49278e3309f16c9d59d09935a1098af86058833861fbe3c263f5c35794d8	0756c82cf78ed670c83363f3233e0d198432bafe0a422ed6fc857ca0754e82cc	토목	가설공사	반출작업	반출작업	토목 > 가설공사 > 반출작업	CANONICAL_GAP				HOLD	NO
0cb741f646428698ef717afa8cd8546a4a22667a240bb648caad91b968fb70fa	016c9ce38e301026f41853c6057fea4d13a6b067f143881893778d87330c11a8	29ae570d4c4b0f09a50eb0e1ef42e47bca89566fd489fcf6da31ca1acfecd808	건축	조적공사	쌓기작업	쌓기작업	건축 > 조적공사 > 쌓기작업	AMBIGUOUS	AMBIGUOUS			HOLD	NO
0ce0ac9d8ff1cfa744d329594802c2b693a0535fa0eff328f555417e7e0f44ae	30c28901e82d93318b1b049cb413d57a0cd7b1b17c67d416f2803399a724713a	bd0485e938079a0f3212b49f32b13b1e7a0d8d998700c754c64ba64251caeb2c	토목	댐 및 제방공사	설치작업	설치작업	토목 > 댐 및 제방공사 > 설치작업	AMBIGUOUS	AMBIGUOUS			HOLD	NO
0d4cbae9da9a7cebfe8acfe73d33d6ee94cfb1c8ce9ea314eeaeff71f72290a9	932f0c540c653921f6c7e6375b7e8af03b12b42fe0c661c615439f9eb0572401	1391ca1476e71a2d09c59834e96ab8f45c21ffbf53cce7ae23aed2c4783d2299	건축	수장공사	마감작업	마감작업	건축 > 수장공사 > 마감작업	AMBIGUOUS	AMBIGUOUS			HOLD	NO
0d87f908c4644e1dabdf395811a85b23c4437bc7c17b91336f3d9138473bc6db	79872886731774bed61531b49f8e32079010b7f3120d35f31df7109275085479	19c7f999b62c4f39de4c9f889a0f5261b1259d4c4ec2a346d0bcfb03c30a13dd	토목	토공사	측량작업	측량작업	토목 > 토공사 > 측량작업	AMBIGUOUS	AMBIGUOUS			HOLD	NO
0daf1fe1359261751b6f767545ff55fb2d8ccc73ec93635d05c4113fd9ea5c2c	a2fd3aaa837fcc7aeae38e6c9ae4cdc2c1fb22672fa470a6ec496cdcbf5bdb2c	e7316cf9a23edc1490a432601f518b9184dc64c9b05170a4729e8a61ba35dfe4	토목	하천공사	이동	이동	토목 > 하천공사 > 이동	AMBIGUOUS	AMBIGUOUS			HOLD	NO
0ddc37eaaf0a7c445b98ba917240f65594c787a04d51da4c55f0241aa20fb528	4a1ec593741308c815e1db918ae5a49b192339da760549599ff66c6b610982cd	19af917f9c96e6e96b984e95c53a93ad9ab35457202511f7b151a8681accecfc	토목	교량공사	매설작업	매설작업	토목 > 교량공사 > 매설작업	CANONICAL_GAP				HOLD	NO
0ede6538ce49332351ae2311dd030a17f2c1673d272d0dca611dfa9814306946	bd3d6b7a5a13da2e1e6c90d3ffd7d588cf758283769573b9e647367b7dd3a31e	bd0485e938079a0f3212b49f32b13b1e7a0d8d998700c754c64ba64251caeb2c	건축	건축물 부대공사	설치작업	설치작업	건축 > 건축물 부대공사 > 설치작업	AMBIGUOUS	AMBIGUOUS			HOLD	NO
0efd957e7e6c9e3a1e25b727c80691c9b42cce6995e8d4885398d2b38a08f6a3	1424c1124924a686f239e6941c9b2f5906e5662e18bc8881656353553c8460cb	e7316cf9a23edc1490a432601f518b9184dc64c9b05170a4729e8a61ba35dfe4	건축	해체 및 철거공사	이동	이동	건축 > 해체 및 철거공사 > 이동	AMBIGUOUS	AMBIGUOUS			HOLD	NO
10253af2ad2e08d7123cf023a1a2eb1c8837c40a2e200409faea7083fefaa52f	dd44131c130342cc40247ffbd218c568a63cf537d2f7487efce398c393ddc8ef	e887ede926e89a1e5cacb4680a187b2a5881475e353235e12a6a8598b51f0cb2	토목	도로 및 포장공사	조립작업	조립작업	토목 > 도로 및 포장공사 > 조립작업	AMBIGUOUS	AMBIGUOUS			HOLD	NO
108d34599254a4002a0ebab0a86f0d230ace8d8759e0f8e03ea31b6e494f30dc	bfd35612d9902529b1a90a4b5e876e563d09949187f4e2bfbb50fcaa633efad5	0acdd6f6e91785bc8883ca863f907a312b6533f5b151215ca1f37fce8b9b3410	건축	미장공사	준비작업	준비작업	건축 > 미장공사 > 준비작업	AMBIGUOUS	AMBIGUOUS			HOLD	NO
10a1cf074204a2614bc66985eefb74e1e47cdac6b0fa12db04a48b8eaec14060	bc5f4d92ebf232aa597a1f5df8791e2503a1991aea6bf889163a30985bf09b3c	ef3b17761779d30710ba66b1a0c39ad7c3360cd385349525037715f2c5f8f48c	토목	관공사	거치작업	거치작업	토목 > 관공사 > 거치작업	AMBIGUOUS	AMBIGUOUS			HOLD	NO
116fd4e2a9b87bac0c02e6317a82fe3304a2cab3c123e883c7f5a50dcd6e31e0	2a688f5a8413b1658dd06be89acfe48b6149da7160aed073549525f6115bfbf6	ef3b17761779d30710ba66b1a0c39ad7c3360cd385349525037715f2c5f8f48c	산업설비	산업설비공사	거치작업	거치작업	산업설비 > 산업설비공사 > 거치작업	AMBIGUOUS	AMBIGUOUS			HOLD	NO
11710fe64a64e8ea7387785b2190173711dc971f2a68c592e2ccb1a3c5d3d397	cbc8f5bdb49bd87fcabb194cea1cc8ed9cba83405ef46cf64db898ff44c66529	65626010f2477ae09f3144563507bff74d27169c5612620470c3baef1297b869	토목	프리캐스트 콘크리트공사	운반작업	운반작업	토목 > 프리캐스트 콘크리트공사 > 운반작업	AMBIGUOUS	AMBIGUOUS			HOLD	NO
11a424d716b6de83e00cbb2e188d53c475a7958d11fe57a79502a21eb82b63de	fc66076d3b13638cced26a342ca41aace7889aa1b736ee8d9cf021885227ed94	0e7cb038dc0a2250f2c8fc713582ed2fe79cbe67f5e9c0b08c8c8a43ef13900f	토목	철근콘크리트공사	적재작업	적재작업	토목 > 철근콘크리트공사 > 적재작업	CANONICAL_GAP				HOLD	NO
11dcafe8a057a6fcb9ff241590645f18245215f4987d0773828cc000f618d696	ab69b72428e53beb8399bc627c392387782d6bc1806ba71232c9b1184751c189	282d033d279da81ab42162f2cdf4c2bf2ba05e217d927dc36197cd732c5a3b97	건축	창호 및 유리공사	기타	기타	건축 > 창호 및 유리공사 > 기타	NO_MATCH	NO_MATCH			REJECT	NO
129ebf700e03b840db13918e3f9248f0502e3544580275e6a8da4b66324a76a9	9e31491672eb1775da4649019e6205bf556f94163b160c5d4e73a5310414cd5d	b1d6b393b80eb3d2952fefdf0d7b27e2d89a40311350d9e8345f9cc2d1f846f1	건축	철근콘크리트공사	굴착작업	굴착작업	건축 > 철근콘크리트공사 > 굴착작업	AMBIGUOUS	AMBIGUOUS			HOLD	NO
12d4446ab44d6a1cb7220ee736460a315cac96ff50ee91fdbe60059101f19ca5	296c5b123527ea1516de9ed65cd98d2d62a8ec96a93bd209edb97f33261c6f3a	cf5188a72ceab1ccd264117d85b4fdfffe7d059db4a699c96f8558861c4e4bcb	토목	가설공사	부설 및 다짐작업	부설 및 다짐작업	토목 > 가설공사 > 부설 및 다짐작업	CANONICAL_GAP				HOLD	NO
1331a297bd4a3b2fb4dec0b67693d7df8ccf7df2d1adf39b80b232534ee23588	2648b90d2e046dcc2f0af8cb9d140d76b7615241cf79fa9aa28ae62982fefb7d	f6361061b822a9a71314c4764e7bdc336f7ab6f9979c095e10c4c657a166e203	토목	터널공사	천공작업	천공작업	토목 > 터널공사 > 천공작업	AMBIGUOUS	AMBIGUOUS			HOLD	NO
1348785712f3de4885a83efdae8564477283a51170c1aeec09a3cb9fe9ed7230	e0946b424bb9f5833bd60eb740d5d19cbcf664c89276e9c370b0ee1401af1d1c	3f2ad30b04758b15159d56b2e9482ef2dd91275b49c57160abcb94955d7e0064	토목	철근콘크리트공사	보수 및 교체작업	보수 및 교체작업	토목 > 철근콘크리트공사 > 보수 및 교체작업	CANONICAL_GAP				HOLD	NO
13cf6fa0af0f6e766c57ec3d67324304452e0cc9ce979bc128437d5b7c39378f	18708d6279740f03070545f340014a07d65eb503594393ffe43eb64b2b75cb87	8f4821b340cc01494514c5b5320076f222f0a8f76a1c09fd37882b02a4f546a5	토목	지반개량공사	도장작업	도장작업	토목 > 지반개량공사 > 도장작업	AMBIGUOUS	AMBIGUOUS			HOLD	NO
13dad725dcb1fb3424a9fce1e97b6a2a99124e39d7a31e21fc1ebf8a522c35c3	36a21c67ddbfbfae07f05a3477a2a000fdd18893b1c80474ce5f28a9e6dfdd4a	0acdd6f6e91785bc8883ca863f907a312b6533f5b151215ca1f37fce8b9b3410	전기설비	전기설비공사	준비작업	준비작업	전기설비 > 전기설비공사 > 준비작업	AMBIGUOUS	AMBIGUOUS			HOLD	NO
142b484c821cb6b1c8cb4b949aca247f801b815020b167668164baef38f8ac2b	e44d4f2ceb4933333f4fd25589201de6c93072990245afb57bf745c6c30a58a6	bd0485e938079a0f3212b49f32b13b1e7a0d8d998700c754c64ba64251caeb2c	토목	해체 및 철거공사	설치작업	설치작업	토목 > 해체 및 철거공사 > 설치작업	AMBIGUOUS	AMBIGUOUS			HOLD	NO
147540245e3302eca85e255946ae4d46323e62885db9d6dc8936b8d00ce1b7c0	d7b16c9f6b88be0a8606ad1435f84fd315944b71c2fd9769180044cc2b03a9fd	4ca71b41bfbd8dcb80a9d8059a77d8c0e600cae75fbef1caa99f4dad989f04b7	토목	가설공사	정리작업	정리작업	토목 > 가설공사 > 정리작업	AMBIGUOUS	AMBIGUOUS			HOLD	NO
14f03b27f2946857710effd6897163a11e420273584ad13ddbdb42772d81ce33	b592525ef552dfdbe9cb7d6fcb98b68b45645a282d0f655148710bfdd8b95173	3c910f25b445bea6a92ceffeca88fb67009e4f969bf24270daecd9bfb850c5f8	토목	교량공사	용접작업	용접작업	토목 > 교량공사 > 용접작업	POSSIBLE_RELATED	POSSIBLE_RELATED	bf3841d0-71ea-4464-a7d9-d0dcdc3dfa33	궤도현장용접	HOLD	YES_HOLD_ONLY
14f199937dad2b4bc3bddd807e44b1e031009d83d0b007fca2adf00d5171f596	336af21954ea739a14064aa1b42712dfe577b3f9f899e0b1003d7e5f83298af2	997f626aa64669e84021801d98f7e3a3606f7cf83769292b52db6dc016179421	토목	터널공사	확인 및 점검작업	확인 및 점검작업	토목 > 터널공사 > 확인 및 점검작업	AMBIGUOUS	AMBIGUOUS			HOLD	NO
151a905b687b4d813ef1e2bde047b5cb6d74ee5b6c927fa16a5cf0c5cf58df26	6263183d1835e08d73d898e76901c5633c50be852d6d7728fc693345cd9f2f47	661b1eba5666bb84171755d9955531e6151203c533db707086e82888b2386540	토목	하천공사	고소작업	고소작업	토목 > 하천공사 > 고소작업	CANONICAL_GAP				HOLD	NO
151d164960bf88b13d6ba31276efaa84b92fee1bbe4286cb2db2138dac26c293	2b6d4278bca524868b6015a6f2b852db65e6ab8254734e321b3efd48699ead53	ef3b17761779d30710ba66b1a0c39ad7c3360cd385349525037715f2c5f8f48c	토목	항만공사	거치작업	거치작업	토목 > 항만공사 > 거치작업	AMBIGUOUS	AMBIGUOUS			HOLD	NO
153dbbdea0c3906cc25411cb703372055c20899599ffb0bb5963e98bd547536e	c644470aaee8f40207a894131cb2a9b77a243eaa5ae4ca08cbdeaffa6508aea2	ef3b17761779d30710ba66b1a0c39ad7c3360cd385349525037715f2c5f8f48c	토목	프리캐스트 콘크리트공사	거치작업	거치작업	토목 > 프리캐스트 콘크리트공사 > 거치작업	AMBIGUOUS	AMBIGUOUS			HOLD	NO
159539a14ecc50d06a7938ed70a6d4310a72ec6a0bca4b1e1474fc847e149c5a	bf14b2fe7203654df86c203e711e3a5eeee0cd9bb5d515d7d2fd14b2d9805f61	0a231c9f8bb1d0ae86a92ecd91221a878a2443b1bb2ef64af154f0249d5c788c	건축	조적공사	설비작업	설비작업	건축 > 조적공사 > 설비작업	AMBIGUOUS	AMBIGUOUS			HOLD	NO
15b6ba210dbb428e5945762969ab0d4d251b42c46fda935c08d2987dd41577c5	b1e8952070e65fd890b741a284649290e6b103603905574a758549fcd8a69fd7	19af917f9c96e6e96b984e95c53a93ad9ab35457202511f7b151a8681accecfc	건축	건축 토공사	매설작업	매설작업	건축 > 건축 토공사 > 매설작업	CANONICAL_GAP				HOLD	NO
15ee7a21cc0cbd55cc2abf234288f79e788ba1206f8b5c447b193e62a1ed38ba	595177d3781696cd647e9eefd4eebc0b8201cc38954a418af8f6be40b9bed83b	8f4821b340cc01494514c5b5320076f222f0a8f76a1c09fd37882b02a4f546a5	건축	미장공사	도장작업	도장작업	건축 > 미장공사 > 도장작업	AMBIGUOUS	AMBIGUOUS			HOLD	NO
160eb385cfca0a562b2a10046301135c1f6bd846b8d73061e9847ba8caf7ff76	6cca835a9dde4ecd00e80efa1eabe95f936484877bdf06a92610e5a70ebff492	1391ca1476e71a2d09c59834e96ab8f45c21ffbf53cce7ae23aed2c4783d2299	토목	도로 및 포장공사	마감작업	마감작업	토목 > 도로 및 포장공사 > 마감작업	AMBIGUOUS	AMBIGUOUS			HOLD	NO
16ae98baa703fb95b8f26d63802a11a013e60450d0d23cb6b32b04b5f182b767	fbf7cfa0fdb3b897ad4d4cd15fbb6e37413d57d648db63654580dce8c7bbdae5	48105d18ac598a275b9d9af1d4c9dde59b1b0828183211841e868a38d688924f	건축	금속공사	절단작업	절단작업	건축 > 금속공사 > 절단작업	AMBIGUOUS	AMBIGUOUS			HOLD	NO
16bed7d8c9aee2b2699e0cd7f854d887f963ac6c3b8ec69ba24d22140c79e9d5	19a41bb40a70b5892cf816ec1e019794f94a6922ce943bdff1c89df3d061ad72	f1403c0703a57a01edda9abee1bc15476d3c2ff0f5ef8724b106e5898e745a9d	토목	교량공사	양중작업	양중작업	토목 > 교량공사 > 양중작업	CANONICAL_GAP				HOLD	NO
16c21c948550fc371a046713fead5d5e6021f3bb51b9ab570d6b412f9688b5fb	b1d74a75671d66b75532f40cc5b88f771345bebcbe7194abaf744e765b10c30f	b1d6b393b80eb3d2952fefdf0d7b27e2d89a40311350d9e8345f9cc2d1f846f1	토목	도로 및 포장공사	굴착작업	굴착작업	토목 > 도로 및 포장공사 > 굴착작업	AMBIGUOUS	AMBIGUOUS			HOLD	NO
174ba0e3ae990d925d4fc31d53c770684e4211f4115ebb1c019a75b4b17590cb	67bacaefa65507d00a67c98bb0005efb15e3aadd9b19f1c2c7ab282c4e21cfd2	0e7cb038dc0a2250f2c8fc713582ed2fe79cbe67f5e9c0b08c8c8a43ef13900f	기타	기타	적재작업	적재작업	기타 > 기타 > 적재작업	CANONICAL_GAP				HOLD	NO
17df80a0f3d76997579067dfb3b81f2335318ca4e00412a694d7c535caf4b714	1ce80727dcc215a41b8f97155398bdcb00970f4af17d6b7c301e95c74e6494cb	cf5fea65784d96e176786807861c6e1dc09cbf17dd41bc7cd1c340efc5171e1b	토목	교량공사	연결작업	연결작업	토목 > 교량공사 > 연결작업	AMBIGUOUS	AMBIGUOUS			HOLD	NO
188a3bce49e5db3753a1390fa896e79b2476da5530316c7cff209087c3ff9512	79caa2420f2c5265d9cd7b2e9d9431bda113625fa3211224cc1f3d63651ad4f8	df6fbe5b23ee09f8601a369c8d5758f13b17f760ef21dcd75ad8a2156deccb7b	토목	관공사	타설작업	타설작업	토목 > 관공사 > 타설작업	AMBIGUOUS	AMBIGUOUS			HOLD	NO
1898a9a264e7c7ebfc208d71ab436d9a07a6045690c7debda3361bd6c72617b5	06a2087c115e5f265ded5e0acc6a29eac6cb7c51ea04b00e4b9066e8746f6ef8	282d033d279da81ab42162f2cdf4c2bf2ba05e217d927dc36197cd732c5a3b97	건축	도장공사	기타	기타	건축 > 도장공사 > 기타	NO_MATCH	NO_MATCH			REJECT	NO
1923a0e6b521cf844ea53b911eeaceaa4ee2d879ec6b0714dc03e2e49488f936	a98fd84b212c22e1f94efd424f4112da08dfc3afae94cff8b12806a4b911f555	282d033d279da81ab42162f2cdf4c2bf2ba05e217d927dc36197cd732c5a3b97	건축	미장공사	기타	기타	건축 > 미장공사 > 기타	NO_MATCH	NO_MATCH			REJECT	NO
19359612dafd603fe94fefd877375cd499ba7e7d4449715628a3636b5bd91386	8d13a68977fe2e4575397775138304de6030683db463f4743b1c0d45e401c836	bd0485e938079a0f3212b49f32b13b1e7a0d8d998700c754c64ba64251caeb2c	건축	지정공사	설치작업	설치작업	건축 > 지정공사 > 설치작업	AMBIGUOUS	AMBIGUOUS			HOLD	NO
1972abb83a586bb331fcfc2c4ce8833f7b07a280c579041779f8855eef714ea2	94f51f41b16b6844b903633080dca292dbcc7a4c5a8b4564bd130b15c7b99330	282d033d279da81ab42162f2cdf4c2bf2ba05e217d927dc36197cd732c5a3b97	건축	금속공사	기타	기타	건축 > 금속공사 > 기타	NO_MATCH	NO_MATCH			REJECT	NO
198947cb7e35f930d2faea7712d8a4cb5f5ead83864352ece82738b04528c2d4	a34de45f17ad6b283cbd79eec2760aeeba36a6fd3fd36d506996e5cb7d896678	cf5fea65784d96e176786807861c6e1dc09cbf17dd41bc7cd1c340efc5171e1b	통신설비	통신설비공사	연결작업	연결작업	통신설비 > 통신설비공사 > 연결작업	AMBIGUOUS	AMBIGUOUS			HOLD	NO
1992c806bb33920b2a389215b07522541dee50d3025eb3de0d527a2e857169c2	f5a858df88b0ea5284096679f8d6fa62230c396357271f9eca1a530afbeff0e4	19af917f9c96e6e96b984e95c53a93ad9ab35457202511f7b151a8681accecfc	토목	관공사	매설작업	매설작업	토목 > 관공사 > 매설작업	CANONICAL_GAP				HOLD	NO
19ab362ff395a2d36e4a630c20e9d4ac6ed5979f58ac977f7f453715789d2ad0	851e721746d5ab092464b15918581326cabba5fed4e20e13f91b78fde7625361	8c0b57e9750758e2b1fd5835c29669218c2a78a005a18c3ba85bcbd6857c7543	토목	토공사	항타 및 항발작업	항타 및 항발작업	토목 > 토공사 > 항타 및 항발작업	CANONICAL_GAP				HOLD	NO
1a66756d640e5f567429cb458888ebccbdb9c43e87068a1f677dcc2e74531955	5c92d9da447b5efda117f526754217b86f63e5b4d1647f5725bf89e288f5932f	d8e7b54e66d8e5a1bd480770883eae4b5b5ed79631b786d8f9b6c15db98d5ffe	통신설비	통신설비공사	해체작업	해체작업	통신설비 > 통신설비공사 > 해체작업	AMBIGUOUS	AMBIGUOUS			HOLD	NO
1ad59710a135efc0947cecfbf73a65289077700f58481f5579c72e5e5fe490c6	148766e3da32b5adb71575b8916c2b83ee7d939dfbdaf084547dbcae96a3f2a2	b45486f292dde403a31c88157aa9a6b6888b5cd1eb5644d44dcab22dbbdc46b2	토목	가설공사	인발작업	인발작업	토목 > 가설공사 > 인발작업	POSSIBLE_RELATED	POSSIBLE_RELATED	06e686fc-0062-46af-b4f2-72027b7a4668	RockBolt축력및인발측정	HOLD	YES_HOLD_ONLY
1afc46bd98305b209cd7544efd0378d6b8d755f9df2696440228be0fb5c312b2	c7774e1a45376f833b42ded698d46c196ed47340235afc9ba1d8b73aea149d45	cf5188a72ceab1ccd264117d85b4fdfffe7d059db4a699c96f8558861c4e4bcb	건축	지정공사	부설 및 다짐작업	부설 및 다짐작업	건축 > 지정공사 > 부설 및 다짐작업	CANONICAL_GAP				HOLD	NO
1bc1ce1b59a4a352f277058fa291d96e6f9f316c751adb6d4c5519c132a7847a	899da395764caa03645b3d4d3304d737e2c40ecebf8b88d6c0f957955ccd4761	f08aca2c9d1e728f9830094ce993aaaf91f6fee7a2c06e656f10d588e63b662f	토목	댐 및 제방공사	전기작업	전기작업	토목 > 댐 및 제방공사 > 전기작업	AMBIGUOUS	AMBIGUOUS			HOLD	NO
1bc775c6b850cfd33019c68207a7d2005e7f8524dfe8eafc05ba9efe2ff9385d	cc7b3e386afd8a26079dd6413abca2a3e4531316ff1542fe1da63b5b368f98e2	3f2ad30b04758b15159d56b2e9482ef2dd91275b49c57160abcb94955d7e0064	토목	관공사	보수 및 교체작업	보수 및 교체작업	토목 > 관공사 > 보수 및 교체작업	CANONICAL_GAP				HOLD	NO
1bc8659b29816c0be6ade39a3deb584889e09bf408dae83e53c937490e3b06d9	886984edb82080560355d178344ed261a8e347af2853b2b2184f8849233dab7d	f6361061b822a9a71314c4764e7bdc336f7ab6f9979c095e10c4c657a166e203	토목	지반개량공사	천공작업	천공작업	토목 > 지반개량공사 > 천공작업	AMBIGUOUS	AMBIGUOUS			HOLD	NO
1d5e50ac7b0dc5f205daf50e6fcd7662177928b3704d8ce08d43e00d34a57c75	e583403c9f1d3a1aaa948dec1d0ae0e2ea58b5a50bef88e5d9e00fc7fc6558f5	f1403c0703a57a01edda9abee1bc15476d3c2ff0f5ef8724b106e5898e745a9d	토목	터널공사	양중작업	양중작업	토목 > 터널공사 > 양중작업	CANONICAL_GAP				HOLD	NO
1d8457474b21a721be1f2fd34630b96ad27d37158c19dcf1d1c3cabaa6399d03	f85390d3a8b55a553e86a2ad6a75e49c8292fbf8e40c973ffdad6766b32f6439	282d033d279da81ab42162f2cdf4c2bf2ba05e217d927dc36197cd732c5a3b97	토목	교량공사	기타	기타	토목 > 교량공사 > 기타	NO_MATCH	NO_MATCH			REJECT	NO
1e6280d11fe3e3c615a5cb5456a8f660cc1f8c1ffd087b41562c84af2023dc84	fa422737d4c6d09d97562d7db76ab9be036e7c7d7c55b2adca28974602edbe0d	b1d6b393b80eb3d2952fefdf0d7b27e2d89a40311350d9e8345f9cc2d1f846f1	토목	해체 및 철거공사	굴착작업	굴착작업	토목 > 해체 및 철거공사 > 굴착작업	AMBIGUOUS	AMBIGUOUS			HOLD	NO
1eabfdaf8fadb6ffaf8cce140bf9876055fb0b0b09a3623fc60d63a1b580dbee	92b4f67a1415a27dfa271e476f4be47300dd5c8965e73e95347b7f7a3c5c009a	ef3b17761779d30710ba66b1a0c39ad7c3360cd385349525037715f2c5f8f48c	건축	철골공사	거치작업	거치작업	건축 > 철골공사 > 거치작업	AMBIGUOUS	AMBIGUOUS			HOLD	NO
1ed6c8583b28757c01afe881c67b02d1feb09d57e0335eb80c9f2dbc88b668a8	5c32079cfc71726bc4b5fb717cd1492f0a98c2dc4321bd06051ff98a6cf42a02	19c7f999b62c4f39de4c9f889a0f5261b1259d4c4ec2a346d0bcfb03c30a13dd	건축	가설공사	측량작업	측량작업	건축 > 가설공사 > 측량작업	AMBIGUOUS	AMBIGUOUS			HOLD	NO
1f5834b3d473e7f49c7211a7ef013951dc679640f2930a8fa1e1d7f877874c7d	f7d778dd1b86588cefabfe88ae90ef269decd52ee86c4ceb142b20d963251296	2952b47b898b60f09f2cd04e8217794992537f4b967d23dee4d2a8bf2aeb3258	토목	관공사	정비작업	정비작업	토목 > 관공사 > 정비작업	CANONICAL_GAP				HOLD	NO
1fdc8ca8acbaae866f7677291731ce4173f0ec2b9c4fa9fd455a766fcc692d63	060cb8ba047e53c1509a8f9c85bc997156b36a6c578ec4beaab6272e893fb3db	48105d18ac598a275b9d9af1d4c9dde59b1b0828183211841e868a38d688924f	기계설비	기계설비공사	절단작업	절단작업	기계설비 > 기계설비공사 > 절단작업	AMBIGUOUS	AMBIGUOUS			HOLD	NO
202b89b3a27a3f6a4705874772d0ea20dffdcd2f63666c017a78dd00e5a54c9a	5ec5e4a08a617a8e0b3dc0e76bce7f268b7f99928b97604bdaebe239b3954332	4ca71b41bfbd8dcb80a9d8059a77d8c0e600cae75fbef1caa99f4dad989f04b7	토목	교량공사	정리작업	정리작업	토목 > 교량공사 > 정리작업	AMBIGUOUS	AMBIGUOUS			HOLD	NO
205a51b9cdffb6f3d1e6eb299779c1eb465ae9e185bc3bd59c17e2f49275d7dd	04f7f116380b81165d2d54d9d4907f0572d6d7074b1738e7418f0f87ed35bd9f	e7316cf9a23edc1490a432601f518b9184dc64c9b05170a4729e8a61ba35dfe4	건축	건축 토공사	이동	이동	건축 > 건축 토공사 > 이동	AMBIGUOUS	AMBIGUOUS			HOLD	NO
20b80b1a3e2906f210dd611c36ed1e220565068d61259f3bea15aa89e87c9547	c7d1794aded01289b6288ddd3d9827bc2f7d69bf72b858ece3d45e22dbcf5394	bd0485e938079a0f3212b49f32b13b1e7a0d8d998700c754c64ba64251caeb2c	기계설비	기계설비공사	설치작업	설치작업	기계설비 > 기계설비공사 > 설치작업	AMBIGUOUS	AMBIGUOUS			HOLD	NO
2117cc9c63dbefc5e6655d2a92fd97c2eec56f9ee29ed69d2fedcfd85147f3c6	a7d34229a7f440981fa7e2f72c32a7f1357130d82631e15e238a2b0b04c654b6	e887ede926e89a1e5cacb4680a187b2a5881475e353235e12a6a8598b51f0cb2	건축	지붕 및 홈통공사	조립작업	조립작업	건축 > 지붕 및 홈통공사 > 조립작업	AMBIGUOUS	AMBIGUOUS			HOLD	NO
21b21308c66cc7beb26c0644b5318b8ea79eb05cb8d3999edc11538f8f162f55	015d57919cbb5fdd56dd272e39efa77d79457f28570bf8346f049f49c5109163	48105d18ac598a275b9d9af1d4c9dde59b1b0828183211841e868a38d688924f	토목	토공사	절단작업	절단작업	토목 > 토공사 > 절단작업	AMBIGUOUS	AMBIGUOUS			HOLD	NO
21f2c1c206d46314e90a96eb1774334d220055ea96fb6c1c48f927162070f9a2	a3f2bbc348f31b2d65d3e5cfa71264c6078ff8599ba2242078dfc220553ec3ab	cf5fea65784d96e176786807861c6e1dc09cbf17dd41bc7cd1c340efc5171e1b	토목	관공사	연결작업	연결작업	토목 > 관공사 > 연결작업	AMBIGUOUS	AMBIGUOUS			HOLD	NO
227d0ca3d6b63682711f5721b665e3a8177b473e11739416c788b7d0817f76d7	3da5a760922a60391ea2dbdcdf05dfe60d9a3a06ac83f4eede24ad4a600ec452	cf5188a72ceab1ccd264117d85b4fdfffe7d059db4a699c96f8558861c4e4bcb	토목	지반개량공사	부설 및 다짐작업	부설 및 다짐작업	토목 > 지반개량공사 > 부설 및 다짐작업	CANONICAL_GAP				HOLD	NO
22be7b10e45dd7128e61e45011ffab8e201a5e85b22a92d759f504389dc26fcc	63620cc062e187bacaf39f790dcf7dda7c2b25a2e0858ec1dfe05c935d04c717	8f6ecd321691ca29c767d1260283d0df3a18f7467bf7342879ba1b42f6971f82	건축	철근콘크리트공사	양생작업	양생작업	건축 > 철근콘크리트공사 > 양생작업	POSSIBLE_RELATED	POSSIBLE_RELATED	3258e587-68ab-40c8-80df-dd4fa0db60b7	콘크리트양생	HOLD	YES_HOLD_ONLY
22d2a0471423fb62a6317c56c750ef879bb94b15920d42db1dfb28089cb0a245	619f5b15b591c8a6d4bdc66c9125e56520520eb025f6a270896b1a900d0e3f32	8f4821b340cc01494514c5b5320076f222f0a8f76a1c09fd37882b02a4f546a5	토목	강구조물공사	도장작업	도장작업	토목 > 강구조물공사 > 도장작업	AMBIGUOUS	AMBIGUOUS			HOLD	NO
22ddddb564f28eed8a4d9c7eb1242da91163737096aa34dd9d508c93e55d3164	354a2ee51065f6654289ba453dce06434fba124435cfa3b35db7d68de6084695	1391ca1476e71a2d09c59834e96ab8f45c21ffbf53cce7ae23aed2c4783d2299	건축	금속공사	마감작업	마감작업	건축 > 금속공사 > 마감작업	AMBIGUOUS	AMBIGUOUS			HOLD	NO
23a6b51c89a11255a55e1e506c636b71ae5e81c2fa051e046c48026a27c2a776	52c709d16b832fb896822fbc635f88182557a4f4a0f80329e71ca7365677b4c4	f1403c0703a57a01edda9abee1bc15476d3c2ff0f5ef8724b106e5898e745a9d	건축	지붕 및 홈통공사	양중작업	양중작업	건축 > 지붕 및 홈통공사 > 양중작업	CANONICAL_GAP				HOLD	NO
23b8216034d62e7a391f767090257bf9f43ad7e9378d693c1a6b3c57c8c9fd05	d5e61ccb84dec3ec07a1982c6d3fc6fc23fae9269756fc4eaa20e6f3d212d23c	661b1eba5666bb84171755d9955531e6151203c533db707086e82888b2386540	토목	철도 및 궤도공사	고소작업	고소작업	토목 > 철도 및 궤도공사 > 고소작업	CANONICAL_GAP				HOLD	NO
23e21c5df6d4f8b8d4ad9f5422d4245b02a6647f455807bfa635c523a9a9dbd5	f40ae8c56e57aff8aacb03c253f1e708a170100dc1df18c6f40e5b199f9e0ff7	1391ca1476e71a2d09c59834e96ab8f45c21ffbf53cce7ae23aed2c4783d2299	건축	가설공사	마감작업	마감작업	건축 > 가설공사 > 마감작업	AMBIGUOUS	AMBIGUOUS			HOLD	NO
2425a834953d2e5ee445e15c39b6d67154c9d4471a510aae63eff539e7f8a07b	56ded0fa0cc6dfda410aac6688fbbe178e8645dec2427382358b25ee544e6b87	48105d18ac598a275b9d9af1d4c9dde59b1b0828183211841e868a38d688924f	건축	가설공사	절단작업	절단작업	건축 > 가설공사 > 절단작업	AMBIGUOUS	AMBIGUOUS			HOLD	NO
24edc2bfcf7c11ca684aa94f87831581a8137986c9970c2cef3b9eeea43db558	73001f369da075b0d057e1feac3a1d0a0b03425685ed57b0878b5d1546ff030a	65626010f2477ae09f3144563507bff74d27169c5612620470c3baef1297b869	토목	관공사	운반작업	운반작업	토목 > 관공사 > 운반작업	AMBIGUOUS	AMBIGUOUS			HOLD	NO
26023114e18ed9151228d00c7498e88d665b84501e576c06dc2f10e1b9743868	f927ca0094e56f7149f25dfbd0c7617183952948601a1af04bae5c011ada28d2	ef3b17761779d30710ba66b1a0c39ad7c3360cd385349525037715f2c5f8f48c	건축	철근콘크리트공사	거치작업	거치작업	건축 > 철근콘크리트공사 > 거치작업	AMBIGUOUS	AMBIGUOUS			HOLD	NO
261e0baa667ab2e12f53c6bdc8f7131c28eed0b879654816e3afe6da7e63904d	37d46216906ef1ad9d6af823631cbe1d5ed18e21c1b7bc45dd68ce646dd59ba6	48105d18ac598a275b9d9af1d4c9dde59b1b0828183211841e868a38d688924f	토목	관공사 부대공사	절단작업	절단작업	토목 > 관공사 부대공사 > 절단작업	AMBIGUOUS	AMBIGUOUS			HOLD	NO
263b5af76c04573c59b325418f2d4fb1d10ca5a38ff0f47200d78587604fd1d7	58c281c81721f7fa0a7e8466317f7a65976028c8a27e52ac6e4d16cb9239cc19	3c910f25b445bea6a92ceffeca88fb67009e4f969bf24270daecd9bfb850c5f8	산업설비	가설공사	용접작업	용접작업	산업설비 > 가설공사 > 용접작업	POSSIBLE_RELATED	POSSIBLE_RELATED	bf3841d0-71ea-4464-a7d9-d0dcdc3dfa33	궤도현장용접	HOLD	YES_HOLD_ONLY
263b6f027e08430afd7e7e60d3016b35fb0294cb3ff20a7cc451ac0d2e812f74	5c44e20c0605d06b12af88e3114d974dd41295e7c8c7e2f0a5572a3f14fea0cd	f6361061b822a9a71314c4764e7bdc336f7ab6f9979c095e10c4c657a166e203	건축	가설공사	천공작업	천공작업	건축 > 가설공사 > 천공작업	AMBIGUOUS	AMBIGUOUS			HOLD	NO
268eaa7ace1218167e47af786f1092b14ef0d64b0797bd136f714cbd9566125e	d6d93a78b9fc0311e3e7d88524c89f9a1e6ecf78bb09d9b231ec67a6528f1a36	cf5188a72ceab1ccd264117d85b4fdfffe7d059db4a699c96f8558861c4e4bcb	토목	도로 및 포장공사	부설 및 다짐작업	부설 및 다짐작업	토목 > 도로 및 포장공사 > 부설 및 다짐작업	CANONICAL_GAP				HOLD	NO
26f751ded4e51a6db44f575cdbbeb66535492e801b158707006194a4e0c02bc0	60e63de86dc3873aff9da172a67484127810b26ff09c210a3fcd896b684f291c	1391ca1476e71a2d09c59834e96ab8f45c21ffbf53cce7ae23aed2c4783d2299	기타	기타	마감작업	마감작업	기타 > 기타 > 마감작업	AMBIGUOUS	AMBIGUOUS			HOLD	NO
275e24798bceaf8ab04bbd137472155b988fca35e22b5ec4317365e6cad06149	b071890658bd3b4a4a801b000fad2ef2a9ff1e92fa9b70fdf5f6c5c7b2666986	8f4821b340cc01494514c5b5320076f222f0a8f76a1c09fd37882b02a4f546a5	토목	교량공사	도장작업	도장작업	토목 > 교량공사 > 도장작업	AMBIGUOUS	AMBIGUOUS			HOLD	NO
27a7980a1410965baa5ee53e6b845ff6bcebee81791db2edc68e1231b7afb2bf	3011bacb8081f0a23e8749ad10669266e65f38ae406611d86abea933cf8004cf	f08aca2c9d1e728f9830094ce993aaaf91f6fee7a2c06e656f10d588e63b662f	전기설비	전기설비공사	전기작업	전기작업	전기설비 > 전기설비공사 > 전기작업	AMBIGUOUS	AMBIGUOUS			HOLD	NO
27ae90ff1d91afa5b333ed9c583eb1051c14616b2bd435b115cc01ce7b745482	a7b4fb5b93ee7bf95f7d6caa8bae3fa28c06a7c08efd56eb059a5523b600ac92	cf5188a72ceab1ccd264117d85b4fdfffe7d059db4a699c96f8558861c4e4bcb	건축	가설공사	부설 및 다짐작업	부설 및 다짐작업	건축 > 가설공사 > 부설 및 다짐작업	CANONICAL_GAP				HOLD	NO
27dc0d52f36b28aeae7efaceedac7a36ef4d1156bd1394950a3e6380d95e8949	7056e649786d25cfba3e98acb59a97a2a630e2a7d3f72d3c18b65087152a47df	997f626aa64669e84021801d98f7e3a3606f7cf83769292b52db6dc016179421	토목	토공사	확인 및 점검작업	확인 및 점검작업	토목 > 토공사 > 확인 및 점검작업	AMBIGUOUS	AMBIGUOUS			HOLD	NO
285fca9a2f63f932ac9fb4abbba96db2fa9472fb1619047149b07dbec63ee05f	5ae01c3bc67a897e4c96076f4bc8d86222da2172465c068f6504ced99774ea70	d8e7b54e66d8e5a1bd480770883eae4b5b5ed79631b786d8f9b6c15db98d5ffe	토목	관공사	해체작업	해체작업	토목 > 관공사 > 해체작업	AMBIGUOUS	AMBIGUOUS			HOLD	NO
28e9d2619bfd5a61792a36c9bac65027f69b269d1d449b1952b3ee7b7b1626d6	cc2d5d948fef10caa180233137fe37d8212b410cee85f26b1f08a361bfcb90c4	661b1eba5666bb84171755d9955531e6151203c533db707086e82888b2386540	건축	지붕 및 홈통공사	고소작업	고소작업	건축 > 지붕 및 홈통공사 > 고소작업	CANONICAL_GAP				HOLD	NO
29017f82bd1533881edb2c8950c20fd44409bb31cd721ebe76bbd92fca4c0380	520ccfbdc4d0c2ffdaa3aa7ba1b62f79a9d62def6a8cdd12cfc7bee394e89f7f	1391ca1476e71a2d09c59834e96ab8f45c21ffbf53cce7ae23aed2c4783d2299	전기설비	가설공사	마감작업	마감작업	전기설비 > 가설공사 > 마감작업	AMBIGUOUS	AMBIGUOUS			HOLD	NO
291f98d87669023144c8bded393a28a9b688ecbf4a170b75c907b5e887abac51	78e1dedce3e8a4faaf34315bba8912f98037afef3e774c7e73ec2f8996575efb	0e7cb038dc0a2250f2c8fc713582ed2fe79cbe67f5e9c0b08c8c8a43ef13900f	토목	말뚝공사	적재작업	적재작업	토목 > 말뚝공사 > 적재작업	CANONICAL_GAP				HOLD	NO
29576e037533b11c6e0be7c117bd17f2749acb103bb9c368f96a2f586d62a059	d4baebbe8eaa26d5a67d6d33b2a2c4e5e03438b542228fdc94b75a171a972c1c	0a231c9f8bb1d0ae86a92ecd91221a878a2443b1bb2ef64af154f0249d5c788c	건축	방수공사	설비작업	설비작업	건축 > 방수공사 > 설비작업	AMBIGUOUS	AMBIGUOUS			HOLD	NO
2961d79086511ee5700b9476df2dd4982b99b61118924e42892f35c7df633342	ba1ad727082059351c8c685003cf8534d034b52a32dc2012398538999c28bc07	0e7cb038dc0a2250f2c8fc713582ed2fe79cbe67f5e9c0b08c8c8a43ef13900f	건축	철골공사	적재작업	적재작업	건축 > 철골공사 > 적재작업	CANONICAL_GAP				HOLD	NO
299d203180fffa2fb999d93730b5f5918badc5dbd98bff1d1187a1348c7e43e9	f7a3a33eb9a468f64014eb6d0739189614cefc107ca8929d56f90f5e52b0f767	2952b47b898b60f09f2cd04e8217794992537f4b967d23dee4d2a8bf2aeb3258	토목	교량공사	정비작업	정비작업	토목 > 교량공사 > 정비작업	CANONICAL_GAP				HOLD	NO
29b20e047701522a2d8b1a8eaa87d821d0c2293186b7aa18543498f7515f8938	35db5557824c8dfd67e7a1f259411ebe428172d80e30b25afd7adf5133b3004e	e7316cf9a23edc1490a432601f518b9184dc64c9b05170a4729e8a61ba35dfe4	건축	철근콘크리트공사	이동	이동	건축 > 철근콘크리트공사 > 이동	AMBIGUOUS	AMBIGUOUS			HOLD	NO
29be14de273dcd469bcd18bd9bd581d2275c292b329ce880aefcf8be5b1176f1	0ca0377b3dc97e522afe19d934f13b6fcb503ed16f750a212ae94a060993b796	3f2ad30b04758b15159d56b2e9482ef2dd91275b49c57160abcb94955d7e0064	토목	항만공사	보수 및 교체작업	보수 및 교체작업	토목 > 항만공사 > 보수 및 교체작업	CANONICAL_GAP				HOLD	NO
29fd5137dc3822dcebf0044eb30e25183aef6845d48f8ecbc8d956ded16417e4	741ee8596350725b336eb1073456eeff426ca2ae34105a7ef96d2737d4f911e2	0e7cb038dc0a2250f2c8fc713582ed2fe79cbe67f5e9c0b08c8c8a43ef13900f	건축	건축 토공사	적재작업	적재작업	건축 > 건축 토공사 > 적재작업	CANONICAL_GAP				HOLD	NO
2a3255ee23c374368fd0de156f8e325a25c8916917c4687c7e9b8c3b464270fc	82c1e423839d93c972ee4cd5f3966b2d9f71695cff73469e52645fde9ae95319	8c0b57e9750758e2b1fd5835c29669218c2a78a005a18c3ba85bcbd6857c7543	토목	관공사 부대공사	항타 및 항발작업	항타 및 항발작업	토목 > 관공사 부대공사 > 항타 및 항발작업	CANONICAL_GAP				HOLD	NO
2a8dba2d8a265d7daa0da9993134f03186794a53c0baeca83c2543a9f8b4389a	4917daee0632bcde58bf4f7e45612266fbbbaa7fbd4f72482b04156bfb0d2995	0e7cb038dc0a2250f2c8fc713582ed2fe79cbe67f5e9c0b08c8c8a43ef13900f	토목	지반개량공사	적재작업	적재작업	토목 > 지반개량공사 > 적재작업	CANONICAL_GAP				HOLD	NO
2a9e348fc02611acb8c94510b47098fc84402484fabb7f7c614cfbf9f0e9a03b	c670ffb9d74894e6080f7008d85c0ff0c19bb8f73b1f40b5fad56a2b9ab1328d	8f4821b340cc01494514c5b5320076f222f0a8f76a1c09fd37882b02a4f546a5	건축	건축물 부대공사	도장작업	도장작업	건축 > 건축물 부대공사 > 도장작업	AMBIGUOUS	AMBIGUOUS			HOLD	NO
2ac1c2744b8524237500b2dc4dd81cefd49324ec67962b5310c372a3b8d700ea	74d5c3862ea50498161db345bdeb4c2968b18bdfd1d2ceee8e82ee6d0ca58ae0	e7316cf9a23edc1490a432601f518b9184dc64c9b05170a4729e8a61ba35dfe4	건축	미장공사	이동	이동	건축 > 미장공사 > 이동	AMBIGUOUS	AMBIGUOUS			HOLD	NO
2b079341b4b2c1320300d22e7a6610c51aba8f899bdebfd710abb5c4442d4dbe	bd3a2c156381bf2b67bffba140a7142c6e3ee7bcf6a67b4102eb5b39fa036dd1	cf5188a72ceab1ccd264117d85b4fdfffe7d059db4a699c96f8558861c4e4bcb	토목	교량공사	부설 및 다짐작업	부설 및 다짐작업	토목 > 교량공사 > 부설 및 다짐작업	CANONICAL_GAP				HOLD	NO
2bec2431d980c6b2e579d21a4fc03ed714c7d794c35d30222efbfc3cf18825d6	384b5f0a13a64dbda9f3d36ee9157411fa640522eea1c7c8ff90754fe445ef19	4ca71b41bfbd8dcb80a9d8059a77d8c0e600cae75fbef1caa99f4dad989f04b7	건축	지정공사	정리작업	정리작업	건축 > 지정공사 > 정리작업	AMBIGUOUS	AMBIGUOUS			HOLD	NO
2dbb693419946b3cc4edc97578fced6a783975cd485c7bcad925597217fb8a1f	009c68ebfa5442b7f71175701ad952e0b03f3df187892c5d884559869ccb68d8	d8e7b54e66d8e5a1bd480770883eae4b5b5ed79631b786d8f9b6c15db98d5ffe	토목	토공사	해체작업	해체작업	토목 > 토공사 > 해체작업	AMBIGUOUS	AMBIGUOUS			HOLD	NO
2dd14cf2ec53360c2533aadb7c58d03ac0155a9e1abf9ba6621a896a8e01da0f	d7af604145a2b95a88013e8e16d6da104431b224c43e2d08aa1acb166e00f9ae	e7316cf9a23edc1490a432601f518b9184dc64c9b05170a4729e8a61ba35dfe4	토목	교량공사	이동	이동	토목 > 교량공사 > 이동	AMBIGUOUS	AMBIGUOUS			HOLD	NO
2e0c07796f132c208dbe3038b55948a88fae32f319ec851549fc2ca38506c275	765333e40765353002d24260ec0f5e3b0b7072fa42803c0c207fd3e25988b7f5	df6fbe5b23ee09f8601a369c8d5758f13b17f760ef21dcd75ad8a2156deccb7b	건축	미장공사	타설작업	타설작업	건축 > 미장공사 > 타설작업	AMBIGUOUS	AMBIGUOUS			HOLD	NO
2e52c2cdda0ab0cd5faec59ce58662169e542c1e98c1face029f14a4f90ce590	e19dd50990181b0a32b07631dd04cecc0f4bd4188a2ec9aa60428f7436510196	e887ede926e89a1e5cacb4680a187b2a5881475e353235e12a6a8598b51f0cb2	건축	건축 토공사	조립작업	조립작업	건축 > 건축 토공사 > 조립작업	AMBIGUOUS	AMBIGUOUS			HOLD	NO
2eaf1687f60b595c16f1801678ef2b0e476822efe1e2c7a550e8c42caa6f4168	df743040212b80335543032d71bb12a1961e4d62c063c4da022f57e1ed596822	997f626aa64669e84021801d98f7e3a3606f7cf83769292b52db6dc016179421	토목	도로 및 포장공사	확인 및 점검작업	확인 및 점검작업	토목 > 도로 및 포장공사 > 확인 및 점검작업	AMBIGUOUS	AMBIGUOUS			HOLD	NO
2eeb2f0e27ba698282ba7a227768e55538c58d696c557ab9903012214f7925e4	7ad9427fee07d411b12aadebe3c97d754e76560b1679821b27375bcd1200bc79	8c0b57e9750758e2b1fd5835c29669218c2a78a005a18c3ba85bcbd6857c7543	토목	도로 및 포장공사	항타 및 항발작업	항타 및 항발작업	토목 > 도로 및 포장공사 > 항타 및 항발작업	CANONICAL_GAP				HOLD	NO
2f12dce5c1fd2b882533b687d7af62754580753f61e419b284f38271c7a20181	c14e6c9d2a5be18d3f6e8c89c3b54ac383eab02b0bb41f992aef20286e32fc19	bd0485e938079a0f3212b49f32b13b1e7a0d8d998700c754c64ba64251caeb2c	건축	금속공사	설치작업	설치작업	건축 > 금속공사 > 설치작업	AMBIGUOUS	AMBIGUOUS			HOLD	NO
2f133dec3c0229a746ecc6f1f3374b5cb2d5085e29f1e001146bca1da28e090f	3e52e8944ac706adf9910c77ca573916e788890189780e1bed04cebc9a3ab504	4ca71b41bfbd8dcb80a9d8059a77d8c0e600cae75fbef1caa99f4dad989f04b7	토목	토공사	정리작업	정리작업	토목 > 토공사 > 정리작업	AMBIGUOUS	AMBIGUOUS			HOLD	NO
2f2f7e70fa6990ad5aef62fa39a9eb1f16c6c9e192821005b03bb11491bef858	01bde170742d2256b627af791350d48cf3be011fcbef4d16d8506e6bb40addb5	997f626aa64669e84021801d98f7e3a3606f7cf83769292b52db6dc016179421	토목	하천공사	확인 및 점검작업	확인 및 점검작업	토목 > 하천공사 > 확인 및 점검작업	AMBIGUOUS	AMBIGUOUS			HOLD	NO
2f71c8d399c3b68b4c6828e00549fdc600fdffd124af640d720b282a21d18267	b518473e11d37bdf31980ab432fbf56118749be7df7425ecf73cac381690b55d	2952b47b898b60f09f2cd04e8217794992537f4b967d23dee4d2a8bf2aeb3258	토목	도로 및 포장공사	정비작업	정비작업	토목 > 도로 및 포장공사 > 정비작업	CANONICAL_GAP				HOLD	NO
2f7376b2f9adbed393604e6b292d75074b81d1ab0a7dc94ec2cca919a2d06258	31bd9505fbf6d80069d74fd778d628a1cbcb336203ad8d69943454be3d92b241	bd0485e938079a0f3212b49f32b13b1e7a0d8d998700c754c64ba64251caeb2c	건축	목공사	설치작업	설치작업	건축 > 목공사 > 설치작업	AMBIGUOUS	AMBIGUOUS			HOLD	NO
2fea0cdabdfff1bcfcb3c72e11baa68d01b578229b4d3d1ff7889b000fa2bdc8	d0b6703b403f9204431163c4e85ab7dba61ac9d68b4ee1dc7de2750f5db8185c	b1d6b393b80eb3d2952fefdf0d7b27e2d89a40311350d9e8345f9cc2d1f846f1	토목	교량공사	굴착작업	굴착작업	토목 > 교량공사 > 굴착작업	AMBIGUOUS	AMBIGUOUS			HOLD	NO
30211fe0a04bfd175410a2f9818c9119e8f086eee83de8ecf1adb0cb276b86a2	78c2eb1a805253a92b4da7fa8b793e15ff52f3fd063100410bcb578fd1fac0bf	df6fbe5b23ee09f8601a369c8d5758f13b17f760ef21dcd75ad8a2156deccb7b	토목	철도 및 궤도공사	타설작업	타설작업	토목 > 철도 및 궤도공사 > 타설작업	AMBIGUOUS	AMBIGUOUS			HOLD	NO
3065ae6d813fdbd485fe030540779098f81aa26e838003a98bb02e4b983474fe	22c129e781706a5f1e28fe3a32ec42515ad73813b5d6ae3041776cf86bc851f5	997f626aa64669e84021801d98f7e3a3606f7cf83769292b52db6dc016179421	토목	해체 및 철거공사	확인 및 점검작업	확인 및 점검작업	토목 > 해체 및 철거공사 > 확인 및 점검작업	AMBIGUOUS	AMBIGUOUS			HOLD	NO
308193844fef1b4eead0d76fe8cdde9486793ba56feba0a39f459951cc2ac9fc	fa5dd2b7737a62fa8fbd1befc45e710987e40fc377fd4c3bd5369691930a3e9f	30dcdc5a76164fafc012336eacaf3c873d854adcb0be380e11d6dce61b78d8ab	기계설비	가설공사	인양작업	인양작업	기계설비 > 가설공사 > 인양작업	CANONICAL_GAP				HOLD	NO
30836b818cc364a5d2d539b7cf28253cfec5a5c774ec264c83e44ebf8060f41a	c6336fb5e824049121c98da0a4256abaa5bea072810d064147ada53fddbe6cf7	29ae570d4c4b0f09a50eb0e1ef42e47bca89566fd489fcf6da31ca1acfecd808	기타	기타	쌓기작업	쌓기작업	기타 > 기타 > 쌓기작업	AMBIGUOUS	AMBIGUOUS			HOLD	NO
30b7d6c4c98b7ca311a3da527c8cdad2038f813b318dfce9638933a2c0230d41	c20e1a3b7b60229e7088d48a47f1b18727c9200993b3a6abc443fa2d9e6916b2	282d033d279da81ab42162f2cdf4c2bf2ba05e217d927dc36197cd732c5a3b97	토목	관공사 부대공사	기타	기타	토목 > 관공사 부대공사 > 기타	NO_MATCH	NO_MATCH			REJECT	NO
311e17fda8ada5e6f43236774dc2675000e90859cd06f0a1aa11b90121e91a01	afdde6670f54956d66a6a4f664da2697244d1f5078a8e32ae338178a12685398	8c0b57e9750758e2b1fd5835c29669218c2a78a005a18c3ba85bcbd6857c7543	토목	지반개량공사	항타 및 항발작업	항타 및 항발작업	토목 > 지반개량공사 > 항타 및 항발작업	CANONICAL_GAP				HOLD	NO
3154cca735d844ab5b95443262b2c3a512a3ec3dbb889c92c1bce2da8850a705	286fd09c8865255afcc9a5af94b88c3bb3bff717e4aa3404e0a4d0b0a68a8a7c	8c0b57e9750758e2b1fd5835c29669218c2a78a005a18c3ba85bcbd6857c7543	건축	건축물 부대공사	항타 및 항발작업	항타 및 항발작업	건축 > 건축물 부대공사 > 항타 및 항발작업	CANONICAL_GAP				HOLD	NO
3235b7b70e5f3d7eb853e9a55a05d4a0f18a93d773cc81d08b61db591f9ba915	0f22f49939949c5c3983361b2d079222e769e02c05f8c1b3db29026ed696e6ab	48105d18ac598a275b9d9af1d4c9dde59b1b0828183211841e868a38d688924f	기타	기타	절단작업	절단작업	기타 > 기타 > 절단작업	AMBIGUOUS	AMBIGUOUS			HOLD	NO
32b50b35a011eb5612b26ce5bf853fd59b56f926c04f19d65341c067698b03d6	34601bf918dcedef6f8cca533789282c6d0b940cd2d242f554dec7bd51532483	3c910f25b445bea6a92ceffeca88fb67009e4f969bf24270daecd9bfb850c5f8	전기설비	전기설비공사	용접작업	용접작업	전기설비 > 전기설비공사 > 용접작업	POSSIBLE_RELATED	POSSIBLE_RELATED	bf3841d0-71ea-4464-a7d9-d0dcdc3dfa33	궤도현장용접	HOLD	YES_HOLD_ONLY
3322a234c50a40a5554f49eec90b00df272fc7677fe9a78c8d25e73d967cfeb7	95d255b13d0175910db9976c3167d8a382ad7861a791daf04b0cc36dfc70fda4	e7316cf9a23edc1490a432601f518b9184dc64c9b05170a4729e8a61ba35dfe4	건축	건축물 부대공사	이동	이동	건축 > 건축물 부대공사 > 이동	AMBIGUOUS	AMBIGUOUS			HOLD	NO
33bb438c73ca865aaf91ef2f761b7e2f2557ca78d5430f021ea329d1788356fe	8b14681615107c9433c28a443d3de1f37374c6499639f5d7e01f3d47118c037d	0acdd6f6e91785bc8883ca863f907a312b6533f5b151215ca1f37fce8b9b3410	토목	하천공사	준비작업	준비작업	토목 > 하천공사 > 준비작업	AMBIGUOUS	AMBIGUOUS			HOLD	NO
33d6e78e292c90b0dc8ad14bb687fc541c069ec58fcb503d85660e09d150604a	ea17c5a561e41ede2251dfb97894603b44ae2713ec7eb1b3ac82a50705f25309	1391ca1476e71a2d09c59834e96ab8f45c21ffbf53cce7ae23aed2c4783d2299	토목	토공사	마감작업	마감작업	토목 > 토공사 > 마감작업	AMBIGUOUS	AMBIGUOUS			HOLD	NO
3444940e6b344115f214004d7dbb79f5019e676038f574cef466b94c0a076c30	237e15a1294fe1019e7072a42d4f98e18cdf7683ffa7734c8f28e3b1998ae591	1391ca1476e71a2d09c59834e96ab8f45c21ffbf53cce7ae23aed2c4783d2299	건축	건축 토공사	마감작업	마감작업	건축 > 건축 토공사 > 마감작업	AMBIGUOUS	AMBIGUOUS			HOLD	NO
34847bcecea781b273770c507eb51c110e90054564b4226e77bab57753f2b003	0350d083d11c2a63e08613889bed20dc47b0cb955fa2eb3648e2ec928fc5ad90	19af917f9c96e6e96b984e95c53a93ad9ab35457202511f7b151a8681accecfc	토목	프리캐스트 콘크리트공사	매설작업	매설작업	토목 > 프리캐스트 콘크리트공사 > 매설작업	CANONICAL_GAP				HOLD	NO
34e1696674e13fb2eb0e9e3cec9455725bcbb0c23b0b344896b5469879c93b82	37cd0bc50f04630b06c433e1148e7432587abec5eced935cbd1858f8871013bd	cf5fea65784d96e176786807861c6e1dc09cbf17dd41bc7cd1c340efc5171e1b	건축	철근콘크리트공사	연결작업	연결작업	건축 > 철근콘크리트공사 > 연결작업	AMBIGUOUS	AMBIGUOUS			HOLD	NO
34e34959e28fa9d15a7427a0dde9da5d8853c34950638770a378cf3f70e6e124	c8f4e68d1af1078a940fc56a807f5a954f8413ddfce0ffb3432c9f9a51697a26	30dcdc5a76164fafc012336eacaf3c873d854adcb0be380e11d6dce61b78d8ab	토목	하천공사	인양작업	인양작업	토목 > 하천공사 > 인양작업	CANONICAL_GAP				HOLD	NO
3540cd01a2e8a3cb9774e36fb6bfb4ea9688694e87a400755c7cf42e4d784e5e	d8a2ce99b11fa1e139226ac2e6baefd810d6c7be9674b9d5b5e948cf7d73a3c8	e887ede926e89a1e5cacb4680a187b2a5881475e353235e12a6a8598b51f0cb2	건축	가설공사	조립작업	조립작업	건축 > 가설공사 > 조립작업	AMBIGUOUS	AMBIGUOUS			HOLD	NO
354bb110c6158c2ca27167fd31f274be4ab060ed4829e948ca827de6f8715790	b1e9ab1bb0fcca0d56963b0671093d1e4cac62a6fcee0b45e7ece0d266213e1a	19af917f9c96e6e96b984e95c53a93ad9ab35457202511f7b151a8681accecfc	토목	항만공사	매설작업	매설작업	토목 > 항만공사 > 매설작업	CANONICAL_GAP				HOLD	NO
357355ea20ee8cab56f7da4c8bf46bc1d4be42186c4a7a0a5c72de3294e91d6c	cbbc432f4dfaee7110eb0d9e60f1d2847a243af81ab410031e70620352e44599	b1d6b393b80eb3d2952fefdf0d7b27e2d89a40311350d9e8345f9cc2d1f846f1	토목	말뚝공사	굴착작업	굴착작업	토목 > 말뚝공사 > 굴착작업	AMBIGUOUS	AMBIGUOUS			HOLD	NO
369809520bb8bdaabdcf92fb5dd76ee1e2e6635deeeb92ce9d7229dfaca15b41	13edb373b12da86ff389133b8bb4b477e22a3a50f07c9c00f1a0c122dc4ffcb7	997f626aa64669e84021801d98f7e3a3606f7cf83769292b52db6dc016179421	건축	건축물 부대공사	확인 및 점검작업	확인 및 점검작업	건축 > 건축물 부대공사 > 확인 및 점검작업	AMBIGUOUS	AMBIGUOUS			HOLD	NO
372ac61ced2b6bde3e82c146ec5ddb7593637841e17ba0972f22aca4a8bd0796	0280bcad8c6913726e6ab9dc0f13b7d6aafa126924fa65c4f436b8cfa6e26c31	30dcdc5a76164fafc012336eacaf3c873d854adcb0be380e11d6dce61b78d8ab	건축	가설공사	인양작업	인양작업	건축 > 가설공사 > 인양작업	CANONICAL_GAP				HOLD	NO
373f8330e143ac0ec5a3b95a035772cc3aabafff317289d923c0b3184044f0e2	ec7641a5d30bc1a5255dc97c05ae34b4c4320822820bec12fa93c2706ad32b15	e887ede926e89a1e5cacb4680a187b2a5881475e353235e12a6a8598b51f0cb2	토목	철근콘크리트공사	조립작업	조립작업	토목 > 철근콘크리트공사 > 조립작업	AMBIGUOUS	AMBIGUOUS			HOLD	NO
3746ceb4ab022be3ef9826fa3db3cfa354604fcae900d1275bf5344e00aa7f2f	d2b2254bf948ef83f4938b37483041dcf2d80442a735b1ef93291af5edd74fc2	e887ede926e89a1e5cacb4680a187b2a5881475e353235e12a6a8598b51f0cb2	토목	관공사	조립작업	조립작업	토목 > 관공사 > 조립작업	AMBIGUOUS	AMBIGUOUS			HOLD	NO
375cc05db4162c0eb4cda5a38a9eb8b20db09a48f5e83a46635c8adc21c7fc92	9cc744e4b667f21cb73b63681290a14327579eacf75513cae14f5051f7c246b7	cf5fea65784d96e176786807861c6e1dc09cbf17dd41bc7cd1c340efc5171e1b	기타	기타	연결작업	연결작업	기타 > 기타 > 연결작업	AMBIGUOUS	AMBIGUOUS			HOLD	NO
37757543f3e5bf6fc453e1ca13e7ee8830cdb5e587765f1447f760ec69d9f725	44e4ea190766c4886f9eb8cc2e18da37d6cc6c804697e7279433b0e18655bc35	cf5188a72ceab1ccd264117d85b4fdfffe7d059db4a699c96f8558861c4e4bcb	토목	관공사 부대공사	부설 및 다짐작업	부설 및 다짐작업	토목 > 관공사 부대공사 > 부설 및 다짐작업	CANONICAL_GAP				HOLD	NO
37b502b5acbe2b69e40d311f160698cb2b29923024aa9751e27b361c032f3905	df322cd12d592956b5c4a96266d17c94f56dd35ebfa88ed0e7106ce6c024425d	bd0485e938079a0f3212b49f32b13b1e7a0d8d998700c754c64ba64251caeb2c	건축	창호 및 유리공사	설치작업	설치작업	건축 > 창호 및 유리공사 > 설치작업	AMBIGUOUS	AMBIGUOUS			HOLD	NO
37be96f09bc08e90c2962247674e713c5dd9b3f5d54f08270aaba318677e4623	501ac7a55ae7fea079e061cfd8e0f777975c87b8538d82b1a959310045280c80	1391ca1476e71a2d09c59834e96ab8f45c21ffbf53cce7ae23aed2c4783d2299	건축	지붕 및 홈통공사	마감작업	마감작업	건축 > 지붕 및 홈통공사 > 마감작업	AMBIGUOUS	AMBIGUOUS			HOLD	NO
381c59af3bf94c1c3099af14b0b624700c0e255655dbb66be02dd27cf48abc9a	258c115f0bde61eacfab5722996341fe4cf9a48c6594a5488b0fcd01706d0c3f	0e7cb038dc0a2250f2c8fc713582ed2fe79cbe67f5e9c0b08c8c8a43ef13900f	토목	하천공사	적재작업	적재작업	토목 > 하천공사 > 적재작업	CANONICAL_GAP				HOLD	NO
3837df14a3a1c3533ddaa7e8c04384e3e4e9ff9d5c5eaa8a23ebeba760d18e59	eec65b7af2ac863b662272f430a3f68677b10be93510b3b1ffca1b1d72c95fc2	d8e7b54e66d8e5a1bd480770883eae4b5b5ed79631b786d8f9b6c15db98d5ffe	토목	지반개량공사	해체작업	해체작업	토목 > 지반개량공사 > 해체작업	AMBIGUOUS	AMBIGUOUS			HOLD	NO
389e531b5d650af448b0371e11f6da05902e8f034ed14ad3c3c3afd1cb835a7c	5b3a52471c826f3302e5e0c8a88daf5bf4ad79f69d1d31dfdf73552444aa9833	997f626aa64669e84021801d98f7e3a3606f7cf83769292b52db6dc016179421	토목	관공사	확인 및 점검작업	확인 및 점검작업	토목 > 관공사 > 확인 및 점검작업	AMBIGUOUS	AMBIGUOUS			HOLD	NO
38d9a0fe79a4aea41d70726e5fe3701e57f0409f689c4c956ac5a6a3756591fd	e11f7a79ca32c4a9741a3bce1bf95f6aded6d434531196eb85fe0693ba7d80a9	e7316cf9a23edc1490a432601f518b9184dc64c9b05170a4729e8a61ba35dfe4	토목	관공사 부대공사	이동	이동	토목 > 관공사 부대공사 > 이동	AMBIGUOUS	AMBIGUOUS			HOLD	NO
3963f23adc29e8bea13986078ca59191589d397bf8d92bd59fb4629c80a0a997	dbb6a12d3355e879d9a49b480ac22a4cd3d5f4fe07b5e7de086107c00e9cbb86	4ca71b41bfbd8dcb80a9d8059a77d8c0e600cae75fbef1caa99f4dad989f04b7	토목	철도 및 궤도공사	정리작업	정리작업	토목 > 철도 및 궤도공사 > 정리작업	AMBIGUOUS	AMBIGUOUS			HOLD	NO
3971c2005064fcc2fbb2f8c563384184acebc08587ec4b11f893f0eef5330e50	2a138e3764c2a5089a166bbe67ea04bd3913b84fd3739fa150cac452d327a193	f08aca2c9d1e728f9830094ce993aaaf91f6fee7a2c06e656f10d588e63b662f	건축	철근콘크리트공사	전기작업	전기작업	건축 > 철근콘크리트공사 > 전기작업	AMBIGUOUS	AMBIGUOUS			HOLD	NO
39a3115e7d8b93a82712533c0641b2277f9a60d5957570602b4a978a82858c34	2c6b3f61f4b51a7462d42463eeb8ef132d7d303dafe24ee184dec20951d3037a	30dcdc5a76164fafc012336eacaf3c873d854adcb0be380e11d6dce61b78d8ab	토목	관공사	인양작업	인양작업	토목 > 관공사 > 인양작업	CANONICAL_GAP				HOLD	NO
39d1285b8409fc7a1a188647f28fc05f21ab83c3293d354f1758c383f9b3dc7b	e0c1efa28cd8a2fc2f5653c3049a2fd2479fb2bda4c348d9a803b336dd36da4b	282d033d279da81ab42162f2cdf4c2bf2ba05e217d927dc36197cd732c5a3b97	토목	철근콘크리트공사	기타	기타	토목 > 철근콘크리트공사 > 기타	NO_MATCH	NO_MATCH			REJECT	NO
39dd2197f19191a86d95bfed5a1f16367d4eb884877505c40579d7c7a52b4a2c	c2efc24b754c1b47bb368bb59f768d8bf922908086b3a5d0e55b9c7d4aa61cb0	d8e7b54e66d8e5a1bd480770883eae4b5b5ed79631b786d8f9b6c15db98d5ffe	산업설비	가설공사	해체작업	해체작업	산업설비 > 가설공사 > 해체작업	AMBIGUOUS	AMBIGUOUS			HOLD	NO
39de1a1823f53c2c9a7fd9d0e8acaabaf8218a678957fdd6f3d0dcc44b8f3ebf	674801c12f7aad9b002027056b6a065a63f2b2880883413293b892029a60a27e	cf5188a72ceab1ccd264117d85b4fdfffe7d059db4a699c96f8558861c4e4bcb	건축	방수공사	부설 및 다짐작업	부설 및 다짐작업	건축 > 방수공사 > 부설 및 다짐작업	CANONICAL_GAP				HOLD	NO
3a56787023f2704d4981bdebdbc334afb48ca595b02499495a3f52a164a672ce	50a56bb6bf34c89829cd7985d1fd4c060be7db0d3f64ce79bfeecc57449b3304	1391ca1476e71a2d09c59834e96ab8f45c21ffbf53cce7ae23aed2c4783d2299	산업설비	산업설비공사	마감작업	마감작업	산업설비 > 산업설비공사 > 마감작업	AMBIGUOUS	AMBIGUOUS			HOLD	NO
3a5cbf56f8abcf01a858dbc4d4b6cf4bec1246967ffab1e89c718e63f34dec96	6776ef7d8d6d4605ab8e0db0940100e0b16c0d1a50816e3a6fbe1e0967987b44	2952b47b898b60f09f2cd04e8217794992537f4b967d23dee4d2a8bf2aeb3258	건축	지정공사	정비작업	정비작업	건축 > 지정공사 > 정비작업	CANONICAL_GAP				HOLD	NO
3ac96328e4b27747d4c12bf5a72ac850a05ead4f5559db50f07f80581f5a3863	81a7294af5208345ab9a9e00732bb8d0b3f191dd1f473de0b7701e9186fbbaa8	b1d6b393b80eb3d2952fefdf0d7b27e2d89a40311350d9e8345f9cc2d1f846f1	토목	강구조물공사	굴착작업	굴착작업	토목 > 강구조물공사 > 굴착작업	AMBIGUOUS	AMBIGUOUS			HOLD	NO
3af61d911c24587d25c960fb403ae3d2dadd629218d06d696c6330f7e6cecf59	706db50eba0a75fc1091e1a9c405ab22e3f648cce0d610d1cecfcf470918d681	a966477f21ef79379eb27c418c693a5bdc61034e833f766c12361697a1257d8a	건축	건축물 부대공사	절취작업	절취작업	건축 > 건축물 부대공사 > 절취작업	CANONICAL_GAP				HOLD	NO
3b07ffe1e339048848e94607c0b3ab90043cbd2c6ca34f0a7b2343dcf4449519	034b72f6b6a3c5eda4a353dc9a958f9d183608ee5d8985c29181ab1222c973f7	b1d6b393b80eb3d2952fefdf0d7b27e2d89a40311350d9e8345f9cc2d1f846f1	건축	건축물 부대공사	굴착작업	굴착작업	건축 > 건축물 부대공사 > 굴착작업	AMBIGUOUS	AMBIGUOUS			HOLD	NO
3c575f115c127e46b2566be56a1add2be67a262d625be36bbd9f42758c352526	00e011ff9f491415a1100f550af4dd98ca8381f195800292710645946fabde06	a966477f21ef79379eb27c418c693a5bdc61034e833f766c12361697a1257d8a	토목	관공사	절취작업	절취작업	토목 > 관공사 > 절취작업	CANONICAL_GAP				HOLD	NO
3c619a10f166b4a1c1445c38336f3006f78898f6a983043e741cfa0eb2871167	68bce6418e701d5c85ecdaedebcb66450f50431e49564052da6f01261bc393f8	0e7cb038dc0a2250f2c8fc713582ed2fe79cbe67f5e9c0b08c8c8a43ef13900f	건축	지정공사	적재작업	적재작업	건축 > 지정공사 > 적재작업	CANONICAL_GAP				HOLD	NO
3cd97adac6de6faa26cd61b66a1fc62fa411c2d5782baf6289d6a411ef505dc2	8707fae9c982d82115897e463686818a5f50686fd8281ac20ecc94cd40f740c7	8f4821b340cc01494514c5b5320076f222f0a8f76a1c09fd37882b02a4f546a5	건축	가설공사	도장작업	도장작업	건축 > 가설공사 > 도장작업	AMBIGUOUS	AMBIGUOUS			HOLD	NO
3dcdb8670a76374cf2f44b8daed8b902a1bdfd31442f467704b28a108e5df3e6	18e48ab1325cb90d1e80902f8b2a370de788dd5dbff5419b80e7423ed9279870	f1403c0703a57a01edda9abee1bc15476d3c2ff0f5ef8724b106e5898e745a9d	토목	항만공사	양중작업	양중작업	토목 > 항만공사 > 양중작업	CANONICAL_GAP				HOLD	NO
3e6acc3e3b00b952f9aebc09f8a0519f0c0769c804ddee47267e8b95a009a44d	2a2f7e2b8eb3d88e4c3d326106947d963618e784fdfc6ff3e62e22ddfcc94728	df6fbe5b23ee09f8601a369c8d5758f13b17f760ef21dcd75ad8a2156deccb7b	건축	지붕 및 홈통공사	타설작업	타설작업	건축 > 지붕 및 홈통공사 > 타설작업	AMBIGUOUS	AMBIGUOUS			HOLD	NO
3e91ddb556637574acfcf116ad002bb60cd3d0fab2eb1afa0eda02ef6b9476c3	bd4561fc684ea8bb9974ff563ae35e72770783be089377481b9a104cf30e9962	282d033d279da81ab42162f2cdf4c2bf2ba05e217d927dc36197cd732c5a3b97	건축	건축물 부대공사	기타	기타	건축 > 건축물 부대공사 > 기타	NO_MATCH	NO_MATCH			REJECT	NO
3ecc2b899acee8a543d18c9e918d9b616229ca969734c441b583b4421e2cfae9	d43742e1fdd1fb39d8e76e540ad4691223e0e2a3dc2469d8972bd86071fa1830	df6fbe5b23ee09f8601a369c8d5758f13b17f760ef21dcd75ad8a2156deccb7b	산업설비	산업설비공사	타설작업	타설작업	산업설비 > 산업설비공사 > 타설작업	AMBIGUOUS	AMBIGUOUS			HOLD	NO
3ece9979c70b796973818c87f55a6f96483a1e2ee719e8d0ecabe6b315c727db	a03a6f7590bad9e89d74f8d9059e125fc8913828e6d6921350828231054483f2	282d033d279da81ab42162f2cdf4c2bf2ba05e217d927dc36197cd732c5a3b97	토목	하천공사	기타	기타	토목 > 하천공사 > 기타	NO_MATCH	NO_MATCH			REJECT	NO
3ee78437290df5d9bef3863b02e5ada30e7e8faab77af09ab85252e67237c5b0	06ba15c9ae22e0c53ee65548e02996de69966568229273210c181838870f4c2a	29ae570d4c4b0f09a50eb0e1ef42e47bca89566fd489fcf6da31ca1acfecd808	건축	도장공사	쌓기작업	쌓기작업	건축 > 도장공사 > 쌓기작업	AMBIGUOUS	AMBIGUOUS			HOLD	NO
3f2bee7a3d6795a47945ec040d9424fff7ef2caca73afaf67b5bfe3fd675d407	e936a09a356db23696abe65631bd6c64dc3251b0f2d138f27e6c998b72431c1d	8f4821b340cc01494514c5b5320076f222f0a8f76a1c09fd37882b02a4f546a5	토목	관공사	도장작업	도장작업	토목 > 관공사 > 도장작업	AMBIGUOUS	AMBIGUOUS			HOLD	NO
3f5326c562aa9f0f9e184666092af9dde9ab39a866e52654c21fed0f1fe5085a	08eb6190ce7ab11524df2a524532c776c2f054f8e50ff3d6fe035b7c3b31d553	a061f38c4032ce113a6f576c3b1cc9e096cea0537d9569ce5d979ff5ba3f86dd	건축	지정공사	상차 및 하역작업	상차 및 하역작업	건축 > 지정공사 > 상차 및 하역작업	CANONICAL_GAP				HOLD	NO
3f85242d1c8b477094741e6a9b4743905659908f28fdf556fc6b65c455d20307	1cdfd83f51f879570ff73a22fc888f6ddd1e51c911f42dec053cbd787fa371a9	d8e7b54e66d8e5a1bd480770883eae4b5b5ed79631b786d8f9b6c15db98d5ffe	건축	건축 토공사	해체작업	해체작업	건축 > 건축 토공사 > 해체작업	AMBIGUOUS	AMBIGUOUS			HOLD	NO
3fe2aebdadd702064db3972c63c2b4614eff01972859aeb6004c888188b5235e	e3ec48ea1f82235bd800270ccba3d420a1ea6384a474cc386346570bd845c70f	3f2ad30b04758b15159d56b2e9482ef2dd91275b49c57160abcb94955d7e0064	건축	가설공사	보수 및 교체작업	보수 및 교체작업	건축 > 가설공사 > 보수 및 교체작업	CANONICAL_GAP				HOLD	NO
40be024ec90da48435be1226f1aff5dda555124cea9c53b77686e8f36e61c41f	3d1c7ac169d6f6b59b308e3de0046e1725ea2ad5fb26037c20d215cb2f68de93	3c910f25b445bea6a92ceffeca88fb67009e4f969bf24270daecd9bfb850c5f8	토목	댐 및 제방공사	용접작업	용접작업	토목 > 댐 및 제방공사 > 용접작업	POSSIBLE_RELATED	POSSIBLE_RELATED	bf3841d0-71ea-4464-a7d9-d0dcdc3dfa33	궤도현장용접	HOLD	YES_HOLD_ONLY
41ca723391af206df09ab9818af1db33dff97065e8289c25f466cfb274399575	3b9cf9e506d224b5a37511f80ae9fc51c3554a821d89c9006f4b7be213713404	8c0b57e9750758e2b1fd5835c29669218c2a78a005a18c3ba85bcbd6857c7543	토목	관공사	항타 및 항발작업	항타 및 항발작업	토목 > 관공사 > 항타 및 항발작업	CANONICAL_GAP				HOLD	NO
41e2396ca6d65856dcf66ad6f626146045c5bb99f9b52f7b0bc44f8c30c56cac	dc90a68549145aaac458967fc5ba3824a25168544ebd64cca61d8a8f21273748	df6fbe5b23ee09f8601a369c8d5758f13b17f760ef21dcd75ad8a2156deccb7b	토목	터널공사	타설작업	타설작업	토목 > 터널공사 > 타설작업	AMBIGUOUS	AMBIGUOUS			HOLD	NO
429f6d29a8608bfd8a87a800e97d7bc9b4ebb87403546f4fdec5df461f7d057b	678fb499566ed38d645c757848a297c90784d5091b200a17649ba940c7f72122	079391c8343fceeb126f842f6d76e7031a22cbf92bceb56fd510d0b1e811b703	기타	기타	벌목작업	벌목작업	기타 > 기타 > 벌목작업	CANONICAL_GAP				HOLD	NO
42c86824c5bd14ce174082ed7eb5235539437b820b4ceadc84fd3e2f42570110	ae7c0bbd7856213c8fe94de970390230f85d1d7261d81da22dd36285e713b18b	65626010f2477ae09f3144563507bff74d27169c5612620470c3baef1297b869	건축	미장공사	운반작업	운반작업	건축 > 미장공사 > 운반작업	AMBIGUOUS	AMBIGUOUS			HOLD	NO
436df60443f1d38e326a2886bacbe7802a4aad366031a34ba893665656b215c2	cddf320b85693419f1d9a8c27afe3f1b2ca2800937582fb90352a606d102695d	3c910f25b445bea6a92ceffeca88fb67009e4f969bf24270daecd9bfb850c5f8	건축	방수공사	용접작업	용접작업	건축 > 방수공사 > 용접작업	POSSIBLE_RELATED	POSSIBLE_RELATED	bf3841d0-71ea-4464-a7d9-d0dcdc3dfa33	궤도현장용접	HOLD	YES_HOLD_ONLY
441cd445a73b469796c515467656c9e74d48dea1667bd2e3ee9dfcf21e5cdace	5a8a86de3a467fe480d358658b9597b8749e177fcf8282f15dd57a2cd9ba33d7	ef3b17761779d30710ba66b1a0c39ad7c3360cd385349525037715f2c5f8f48c	토목	철근콘크리트공사	거치작업	거치작업	토목 > 철근콘크리트공사 > 거치작업	AMBIGUOUS	AMBIGUOUS			HOLD	NO
445fbb245d6868307084d13415816fe1ec556cc469e572ace90ead7e08dfad13	4ec42dacca9f4ef79f5009fb51fbfe94bb4f5a95c38517b4451596f40ca6d5ed	282d033d279da81ab42162f2cdf4c2bf2ba05e217d927dc36197cd732c5a3b97	토목	지반개량공사	기타	기타	토목 > 지반개량공사 > 기타	NO_MATCH	NO_MATCH			REJECT	NO
44746d721416eb4a56e933bdfb4d1f5bb3378c5d213ed4fb6cfa07a6b28d0fd5	beb42496824d376202c0cedf07653d922f9d7e123bb6b1348c772c5f0222dc94	65626010f2477ae09f3144563507bff74d27169c5612620470c3baef1297b869	건축	해체 및 철거공사	운반작업	운반작업	건축 > 해체 및 철거공사 > 운반작업	AMBIGUOUS	AMBIGUOUS			HOLD	NO
44e0917a8857f884df663a4457d8d8cc5eeee3b8379b914155a5b6d01d373722	f1a7c6e04a02227b603ba4cddcf3ab4458f172df4455352e06e75fcab0a6da34	4ca71b41bfbd8dcb80a9d8059a77d8c0e600cae75fbef1caa99f4dad989f04b7	토목	말뚝공사	정리작업	정리작업	토목 > 말뚝공사 > 정리작업	AMBIGUOUS	AMBIGUOUS			HOLD	NO
455ddbe6e767e0040b6772f3c809b3e78339cda710f960c3feacf9eb5cc610b3	bcc3bcf5a087323a8061456847dded9af1323f028599c8450f7475275b070b96	30dcdc5a76164fafc012336eacaf3c873d854adcb0be380e11d6dce61b78d8ab	토목	댐 및 제방공사	인양작업	인양작업	토목 > 댐 및 제방공사 > 인양작업	CANONICAL_GAP				HOLD	NO
45935600e4fccf3a27b2f79cdf73014e2815e1790d076bcb73d64407ffab7c69	2193c0a6887473aa25457aafef09147ba5b818e90467b7f5cd4fad066667b38d	29ae570d4c4b0f09a50eb0e1ef42e47bca89566fd489fcf6da31ca1acfecd808	건축	수장공사	쌓기작업	쌓기작업	건축 > 수장공사 > 쌓기작업	AMBIGUOUS	AMBIGUOUS			HOLD	NO
4639f9763357ad243a60553298b7fdd3e1de966d50738b2e8752c504b8107d0d	115db8d1c92ef81c575f56078fee393f673e2ff812b6d01e476b8998eb70e38d	30dcdc5a76164fafc012336eacaf3c873d854adcb0be380e11d6dce61b78d8ab	건축	철근콘크리트공사	인양작업	인양작업	건축 > 철근콘크리트공사 > 인양작업	CANONICAL_GAP				HOLD	NO
47a473c228cc83d97b0985c84a21f225d025c356804b4c9153ab0943621c7720	d40c74889661a5f414294bbc087e4d9552d74436be2c6674a092c27933127b86	f1403c0703a57a01edda9abee1bc15476d3c2ff0f5ef8724b106e5898e745a9d	건축	건축물 부대공사	양중작업	양중작업	건축 > 건축물 부대공사 > 양중작업	CANONICAL_GAP				HOLD	NO
47fbc77f1b247fb4c046d35bdfd8d8d2834131f53785a6809f02215bad605f0a	2791a524af8d731915ff20945ac865c941014edc6a953c8b2bd17612de851c28	a966477f21ef79379eb27c418c693a5bdc61034e833f766c12361697a1257d8a	기타	기타	절취작업	절취작업	기타 > 기타 > 절취작업	CANONICAL_GAP				HOLD	NO
4843fa1ff1260b06eb8e77f678152acf48928fd15d84bdb3259c5b3567995ee7	6f75b082268d8110a8a88ab6bddb94e14b7fa4dce7c9a0635357550920bd8ec2	4ca71b41bfbd8dcb80a9d8059a77d8c0e600cae75fbef1caa99f4dad989f04b7	건축	수장공사	정리작업	정리작업	건축 > 수장공사 > 정리작업	AMBIGUOUS	AMBIGUOUS			HOLD	NO
484464588ba71b3c372bf088e6ccb3ca8b26d5c72c8f1390ae6e430b93590426	5352ed5a04dc23abf3e522a8cd2eb9c637e262a61ab7472969e8454ab153bc47	f6361061b822a9a71314c4764e7bdc336f7ab6f9979c095e10c4c657a166e203	토목	항만공사	천공작업	천공작업	토목 > 항만공사 > 천공작업	AMBIGUOUS	AMBIGUOUS			HOLD	NO
48a5aef597ee6951071285e2302ef3375472e609911b5b743b44da725b9ebccc	3f8dccb3f99881258babbedc4f80f863fe24e2cfe216b03ef6a143c642e9ca4a	282d033d279da81ab42162f2cdf4c2bf2ba05e217d927dc36197cd732c5a3b97	전기설비	전기설비공사	기타	기타	전기설비 > 전기설비공사 > 기타	NO_MATCH	NO_MATCH			REJECT	NO
48cedbd28d376bc40b7014c21bf700eb9525ecd654529b9558e7c376211b87a1	23ca59902448963fc69a09c0c6007b3f92c7ac02c36083cfebec9c941fc460d1	0acdd6f6e91785bc8883ca863f907a312b6533f5b151215ca1f37fce8b9b3410	토목	관공사 부대공사	준비작업	준비작업	토목 > 관공사 부대공사 > 준비작업	AMBIGUOUS	AMBIGUOUS			HOLD	NO
49168c559482ff82592abaf0a2b937630fb84b6612497fc2f78dc16b86159a5c	a6a5e4d7255d324287e882a1555aecf47fade3f5017a700b758a9804c6f41ad0	282d033d279da81ab42162f2cdf4c2bf2ba05e217d927dc36197cd732c5a3b97	건축	건축 토공사	기타	기타	건축 > 건축 토공사 > 기타	NO_MATCH	NO_MATCH			REJECT	NO
49772b7f37b0921728473d3a1260724a650fdacab39d9feec41c605b070690a9	7aa6d24bf8871f8c81748acbfc6836885706accf5016600757b7dccc5083f277	a966477f21ef79379eb27c418c693a5bdc61034e833f766c12361697a1257d8a	토목	철근콘크리트공사	절취작업	절취작업	토목 > 철근콘크리트공사 > 절취작업	CANONICAL_GAP				HOLD	NO
49cba47fc5274732f9ff3a2679216a7f5e820362462b617bfba027bdac617ad5	d3b7330a8569c572f413408577c1e79491631524a69ee4b4d567e9c86e93629f	1391ca1476e71a2d09c59834e96ab8f45c21ffbf53cce7ae23aed2c4783d2299	건축	해체 및 철거공사	마감작업	마감작업	건축 > 해체 및 철거공사 > 마감작업	AMBIGUOUS	AMBIGUOUS			HOLD	NO
4a7706cca09f07513db85b6166d9549c4f06cd31afe0a4b93f348c9da0c8ede3	b904d99fefd6322b22125e4e0dd1457df79d73f412e4ecd4e735f8639a2e5fb9	30dcdc5a76164fafc012336eacaf3c873d854adcb0be380e11d6dce61b78d8ab	토목	도로 및 포장공사	인양작업	인양작업	토목 > 도로 및 포장공사 > 인양작업	CANONICAL_GAP				HOLD	NO
4a86639cf641da7668cc82bdc89dd34e3a46e34028cb46ebaee32bce724be6e4	298707ef8fc76b28e618d6814c977d5edb5bb341059906167ae4f7fe91edd2ca	ffb965e265ea89a5f9caa94da676c09b040a85aa3d1e01d2a0b89550f6a1e3d9	토목	말뚝공사	형틀 및 목공	형틀 및 목공	토목 > 말뚝공사 > 형틀 및 목공	CANONICAL_GAP				HOLD	NO
4ac18951ac33f3d9ad39c3bac9b0ccaa055402d81804d8b2c56d3286d1124192	ea4506e9cbcaf8539835db8de0dc715b681e006c6fefcee0b57e8692909908e5	e7316cf9a23edc1490a432601f518b9184dc64c9b05170a4729e8a61ba35dfe4	건축	지붕 및 홈통공사	이동	이동	건축 > 지붕 및 홈통공사 > 이동	AMBIGUOUS	AMBIGUOUS			HOLD	NO
4afc8c64a3200edbc767f6e37f23ddc2fe341b4a565c2e64455b4f17920b043a	98703bf4e1daf8ad5819f52ea0f3d93623b60c37e73cc5a881a705142731536e	e7316cf9a23edc1490a432601f518b9184dc64c9b05170a4729e8a61ba35dfe4	건축	금속공사	이동	이동	건축 > 금속공사 > 이동	AMBIGUOUS	AMBIGUOUS			HOLD	NO
4b07a57bec85be1d12b7c2de684f9025054e445541c1f05e0f6a0d201b673a98	a7efc1d36b6db64a84d5b7f71d31397d8927cc398d4602665aee04cc227982d7	29ae570d4c4b0f09a50eb0e1ef42e47bca89566fd489fcf6da31ca1acfecd808	토목	가설공사	쌓기작업	쌓기작업	토목 > 가설공사 > 쌓기작업	AMBIGUOUS	AMBIGUOUS			HOLD	NO
4b4c20082685dcb5f2d8e98fbfe586965508277b086ac096887c552fe76054a3	a3495d028d3f57356e36d6dfdd2bf94bf428e8bd4fd7336544269b1f8e6cf1a9	48105d18ac598a275b9d9af1d4c9dde59b1b0828183211841e868a38d688924f	토목	도로 및 포장공사	절단작업	절단작업	토목 > 도로 및 포장공사 > 절단작업	AMBIGUOUS	AMBIGUOUS			HOLD	NO
4b571355519d7e02278ccae1c4e9391910d39dca5e187c5ee70534b74394de3d	bad9498e9db568362ab323f632335d475c25deb628174278f597554921b33834	30dcdc5a76164fafc012336eacaf3c873d854adcb0be380e11d6dce61b78d8ab	토목	프리캐스트 콘크리트공사	인양작업	인양작업	토목 > 프리캐스트 콘크리트공사 > 인양작업	CANONICAL_GAP				HOLD	NO
4bcfc8a0c0b851f042b7dab093e7d279d5334975154ca00a7ab0475bba231b47	26c1a4a107c8b3084e9834be5bb65183c5a2cf1783d62fb7c81494b0b9a48295	0acdd6f6e91785bc8883ca863f907a312b6533f5b151215ca1f37fce8b9b3410	토목	지반개량공사	준비작업	준비작업	토목 > 지반개량공사 > 준비작업	AMBIGUOUS	AMBIGUOUS			HOLD	NO
4beb053a51925894a280b9a807d2e08680b0f1ee08815ff248d42fb33fca43bf	ad128ad5f0048424518f9776823452261a32431a371c4c5e1eda38602180f328	4ca71b41bfbd8dcb80a9d8059a77d8c0e600cae75fbef1caa99f4dad989f04b7	건축	창호 및 유리공사	정리작업	정리작업	건축 > 창호 및 유리공사 > 정리작업	AMBIGUOUS	AMBIGUOUS			HOLD	NO
4c8fc473ae74d5610f1baa101735b8a235d289af9ee11cc2f484a22be0dec875	cc451e2ff343e1d0dc6b6add1c62e8e74924fa8de133505998e58e046c433774	f1403c0703a57a01edda9abee1bc15476d3c2ff0f5ef8724b106e5898e745a9d	토목	가설공사	양중작업	양중작업	토목 > 가설공사 > 양중작업	CANONICAL_GAP				HOLD	NO
4dbeaec47b2f82feb6da770113193348c36037d888f975e6eb150c88ba195c1f	d5e65cdeb3bc8ec7f002465aa87bea758e64d4e2bff7708661a91f230d98c900	cf5fea65784d96e176786807861c6e1dc09cbf17dd41bc7cd1c340efc5171e1b	건축	건축물 부대공사	연결작업	연결작업	건축 > 건축물 부대공사 > 연결작업	AMBIGUOUS	AMBIGUOUS			HOLD	NO
4dd36507e50e1460982cdd8d36a770bd63b3dfc392cabc52db0ad61e03280730	b591950e59378bfdd7345b34de7b8d33831a3f7b73851f64743320febaef1d8e	bd0485e938079a0f3212b49f32b13b1e7a0d8d998700c754c64ba64251caeb2c	건축	미장공사	설치작업	설치작업	건축 > 미장공사 > 설치작업	AMBIGUOUS	AMBIGUOUS			HOLD	NO
4e71850e2daee7d8931881ca258dc2c8d10a64480257a809bdce44617ce5a81d	238e79830814ceda798c2efafd671db658372f0b1f546ff93d8ab9083d76d88e	f08aca2c9d1e728f9830094ce993aaaf91f6fee7a2c06e656f10d588e63b662f	건축	미장공사	전기작업	전기작업	건축 > 미장공사 > 전기작업	AMBIGUOUS	AMBIGUOUS			HOLD	NO
4f0315476735f102024efa38396aa33e98f6e151504fbe10a57c94dc8cdb45ef	45391f20659cabd61d484627cc0cd2abf3577a2da90d4b5312a5e62220d6b08e	0a231c9f8bb1d0ae86a92ecd91221a878a2443b1bb2ef64af154f0249d5c788c	건축	가설공사	설비작업	설비작업	건축 > 가설공사 > 설비작업	AMBIGUOUS	AMBIGUOUS			HOLD	NO
4f264a05e4b397d663621e35c068b2096749fda8a95ab2510be5cc2691955eff	a2b20462bafa3b193938b580e61fe1e6d18acfee26976f60a8ab511c9410cfc7	30dcdc5a76164fafc012336eacaf3c873d854adcb0be380e11d6dce61b78d8ab	기타	기타	인양작업	인양작업	기타 > 기타 > 인양작업	CANONICAL_GAP				HOLD	NO
4fd37b8341811231c6c4498ea346a671093bf654572ca68791fecb758c9c47a7	cdb5e608c5dea5c314cd0785242b28b66e5599474f2cf487cb5fdbdfbc49fa26	661b1eba5666bb84171755d9955531e6151203c533db707086e82888b2386540	기타	기타	고소작업	고소작업	기타 > 기타 > 고소작업	CANONICAL_GAP				HOLD	NO
5003079146dffd9954d460ec9d438a9d3544ba95915196846b7acfca85cd8f1f	6ca7a5d87a400c89e034cf854ff3293da714a55c9e549706380ea7f3b810c7f8	65626010f2477ae09f3144563507bff74d27169c5612620470c3baef1297b869	토목	교량공사	운반작업	운반작업	토목 > 교량공사 > 운반작업	AMBIGUOUS	AMBIGUOUS			HOLD	NO
503a007cb8c29d4866eb8c696e44c9b5b3a5cbcb12619ee81cf4bbe9e712ff2b	25f00a86ae4431b1ee9afea31db3b80d966b59319959564b7d33baa00428b34b	1391ca1476e71a2d09c59834e96ab8f45c21ffbf53cce7ae23aed2c4783d2299	건축	도장공사	마감작업	마감작업	건축 > 도장공사 > 마감작업	AMBIGUOUS	AMBIGUOUS			HOLD	NO
50a7e9c92da2737deea00e6027a68c90fe3956672c4725f445d3c5a0ea369196	246175ae656ddeaaa3e1ee3112ad4e2481fae77ee4a8123de8267972f49b5fd8	e887ede926e89a1e5cacb4680a187b2a5881475e353235e12a6a8598b51f0cb2	건축	수장공사	조립작업	조립작업	건축 > 수장공사 > 조립작업	AMBIGUOUS	AMBIGUOUS			HOLD	NO
50d12b507662ede6cc0f3c023a413d9935470fa3ba517d4b0942c4b9555240dc	7b792b5fd02a765d2b023e7509adbaa4048cfdd05fdd85ce28736c382bbe2fff	48105d18ac598a275b9d9af1d4c9dde59b1b0828183211841e868a38d688924f	산업설비	산업설비공사	절단작업	절단작업	산업설비 > 산업설비공사 > 절단작업	AMBIGUOUS	AMBIGUOUS			HOLD	NO
50f58f0ff8a87f1d84d6a882011d594d9c5dabc4274ebebf27e47cca08da74dd	1ce3089af2f10ce262ccca433854454e8e1098acd3572eec812bcdd55248607e	e7316cf9a23edc1490a432601f518b9184dc64c9b05170a4729e8a61ba35dfe4	산업설비	가설공사	이동	이동	산업설비 > 가설공사 > 이동	AMBIGUOUS	AMBIGUOUS			HOLD	NO
513239cbba322e0277842c2a7f40ee86f3e3ee6242dce1d6d4f871feb1e7c630	2ba60baf9bf010ba1fa9bc7697f2f0d5ea716055ec5595e697fa6adbf93b5073	cf5fea65784d96e176786807861c6e1dc09cbf17dd41bc7cd1c340efc5171e1b	토목	강구조물공사	연결작업	연결작업	토목 > 강구조물공사 > 연결작업	AMBIGUOUS	AMBIGUOUS			HOLD	NO
52774a559961829a72ba61ff866ad170c4e5ee3f2feaa8b165e81ada63855398	7f36cfbc16de8c8b5c2bbce5cd6d9afa842c22ecefe17490cd60b9b53f670d7d	661b1eba5666bb84171755d9955531e6151203c533db707086e82888b2386540	토목	교량공사	고소작업	고소작업	토목 > 교량공사 > 고소작업	CANONICAL_GAP				HOLD	NO
527f4ba3ce0e1e7024aae371a85f551c2a2bc5820705478900b250b505644358	e17a67a67839dc33b8cf088a4ad0b74bb3218ccb619d9575ba183a1fb238506a	f08aca2c9d1e728f9830094ce993aaaf91f6fee7a2c06e656f10d588e63b662f	건축	가설공사	전기작업	전기작업	건축 > 가설공사 > 전기작업	AMBIGUOUS	AMBIGUOUS			HOLD	NO
532ea5081f003545759612599dbfebc137fc080ea4fc7f8a73ce16cfdf8b670d	8f26de6e5bcf6c1cc1e6be6eb86e7a6d9e70ad00281d696ede2d340fe289d87c	282d033d279da81ab42162f2cdf4c2bf2ba05e217d927dc36197cd732c5a3b97	토목	지반조사	기타	기타	토목 > 지반조사 > 기타	NO_MATCH	NO_MATCH			REJECT	NO
5381207d01f96628ad63a993dff246d032e55d00d939097dc2db63c7e8d1787c	e6e2056d4da78ba24391d00bffc74cdc45b316fc925b986891f196b3920bc02e	30dcdc5a76164fafc012336eacaf3c873d854adcb0be380e11d6dce61b78d8ab	건축	창호 및 유리공사	인양작업	인양작업	건축 > 창호 및 유리공사 > 인양작업	CANONICAL_GAP				HOLD	NO
543a95b8db9a4b5fdeec6e32a7981516a12694d27a6592a5612243368286bdd6	d0a17118612da80720cb1124b96c8cd8f63c97140d0d3d2a54a0fcc1ad79be19	8c0b57e9750758e2b1fd5835c29669218c2a78a005a18c3ba85bcbd6857c7543	건축	지반조사	항타 및 항발작업	항타 및 항발작업	건축 > 지반조사 > 항타 및 항발작업	CANONICAL_GAP				HOLD	NO
54a95f005017f26c573edcffdf1d150da344810b55da38eaa43e4aa6856a4438	c4a3ea08e4609fae03d923567c52dd2676c9f9f40dabc8af7e0fc2a0067082f4	079391c8343fceeb126f842f6d76e7031a22cbf92bceb56fd510d0b1e811b703	건축	조경공사	벌목작업	벌목작업	건축 > 조경공사 > 벌목작업	CANONICAL_GAP				HOLD	NO
54e914dd751eb079e2d116af68f05f46aaa45e88ac0b98784e2f00a42b89ae98	d93c34bcc2c764e28461e531d4bbeca7c7af0b1d32530c5c1c715bc2b26d3372	e7316cf9a23edc1490a432601f518b9184dc64c9b05170a4729e8a61ba35dfe4	기계설비	가설공사	이동	이동	기계설비 > 가설공사 > 이동	AMBIGUOUS	AMBIGUOUS			HOLD	NO
550444652c9a2c36af0b1dbc73d7926626bab1873d2b95b3e837efc4c277a7f9	aad73481b532c3bd8fc19bf4bb37b99623d6bf8278ca244975faf31a38c2f572	30dcdc5a76164fafc012336eacaf3c873d854adcb0be380e11d6dce61b78d8ab	토목	말뚝공사	인양작업	인양작업	토목 > 말뚝공사 > 인양작업	CANONICAL_GAP				HOLD	NO
5524889c8f2e250f9cc0f0495e467751dfffd153bbe8ef04182015787e8d845b	1b5aab17f3e9dc674c0911638385e8164dd6da740a939e7522154c58f0be98d8	1391ca1476e71a2d09c59834e96ab8f45c21ffbf53cce7ae23aed2c4783d2299	건축	방수공사	마감작업	마감작업	건축 > 방수공사 > 마감작업	AMBIGUOUS	AMBIGUOUS			HOLD	NO
553ff9f4897378e421b64183ef4a6847ca4860853474a45d114371e1dfb57458	dd7c0b17441dfeed535f994278242df17709a51c7358ae7b79b35b50188a59d3	f6361061b822a9a71314c4764e7bdc336f7ab6f9979c095e10c4c657a166e203	토목	가설공사	천공작업	천공작업	토목 > 가설공사 > 천공작업	AMBIGUOUS	AMBIGUOUS			HOLD	NO
55c5cffe469be47dae302f763a6db6271b5dabdfae3552ba0c2ddc447a1750cf	58982ed3fa7348b824e13db0b1ed75f8995bef429ec1dc9c506e3f224cb247ee	cf5fea65784d96e176786807861c6e1dc09cbf17dd41bc7cd1c340efc5171e1b	토목	철근콘크리트공사	연결작업	연결작업	토목 > 철근콘크리트공사 > 연결작업	AMBIGUOUS	AMBIGUOUS			HOLD	NO
55cf561bad78830bb7443a61180dd578129e6181f2d4401b779fa8f2e4656023	d0350ee527adf5a1a529005a47b1c401d3c40b21b640c035c5c0ad32f0ed96e2	30dcdc5a76164fafc012336eacaf3c873d854adcb0be380e11d6dce61b78d8ab	건축	지정공사	인양작업	인양작업	건축 > 지정공사 > 인양작업	CANONICAL_GAP				HOLD	NO
56b56d49d0a213b4630be850e0e80d895d1d0a800fb6ae441ef03edc0780745c	c92f6ed2b11dbe20f8ee646ca7938948b21295bc1480ac4d1516ad0d0d031d84	a061f38c4032ce113a6f576c3b1cc9e096cea0537d9569ce5d979ff5ba3f86dd	토목	철근콘크리트공사	상차 및 하역작업	상차 및 하역작업	토목 > 철근콘크리트공사 > 상차 및 하역작업	CANONICAL_GAP				HOLD	NO
5714bc5ba41b638bf303227b9738a644c11b8e9337146a14e8d0552d156e34b7	2f6a7bdd82f95f128f557d831bdcd6967cb4ffdd2446e0df7832086289065568	997f626aa64669e84021801d98f7e3a3606f7cf83769292b52db6dc016179421	건축	금속공사	확인 및 점검작업	확인 및 점검작업	건축 > 금속공사 > 확인 및 점검작업	AMBIGUOUS	AMBIGUOUS			HOLD	NO
578689c29d783bbdef1669497c5d6d6f445edd487c444c7b76d4038c3a937399	a9f8256c4c1cab121800cdc3a9494bd7425e767e5ba4182dcf7b4e8e62211035	65626010f2477ae09f3144563507bff74d27169c5612620470c3baef1297b869	건축	가설공사	운반작업	운반작업	건축 > 가설공사 > 운반작업	AMBIGUOUS	AMBIGUOUS			HOLD	NO
57a56dd4e741ca4ec05b0eae3292921ddf1a8be649d7a6273c6724b9192b8c62	db0e92f3da24978fc216631e71025a81a10442db069b2b4e54e633c4b1e931bc	48105d18ac598a275b9d9af1d4c9dde59b1b0828183211841e868a38d688924f	토목	하천공사	절단작업	절단작업	토목 > 하천공사 > 절단작업	AMBIGUOUS	AMBIGUOUS			HOLD	NO
57ac2212419d6697b8ad69db9c03e9e2bfc7799873c4388cbf7bd5c110c6daa7	27e9bdbd2fdb3a024e4f2a83ca38e8fba716061ad27f7d74e5367d329c03fdab	df6fbe5b23ee09f8601a369c8d5758f13b17f760ef21dcd75ad8a2156deccb7b	건축	가설공사	타설작업	타설작업	건축 > 가설공사 > 타설작업	AMBIGUOUS	AMBIGUOUS			HOLD	NO
57e99810183c105dda23ef0e9f5c380590bc1a886779b6b0c33523cea0d5c011	9df55e9b54e1f248ad2da08d689ea301692f7dda234f6402236edee267e5440c	4ca71b41bfbd8dcb80a9d8059a77d8c0e600cae75fbef1caa99f4dad989f04b7	기타	기타	정리작업	정리작업	기타 > 기타 > 정리작업	AMBIGUOUS	AMBIGUOUS			HOLD	NO
57f04b686329c40330ccebc505d9a4e12457661cfc4e2f45dfa7394f7a0340d4	832ae03178336a3e3a27db68b25e1071fdbecbbbee3cb33a4fa13ac075a03981	df6fbe5b23ee09f8601a369c8d5758f13b17f760ef21dcd75ad8a2156deccb7b	토목	댐 및 제방공사	타설작업	타설작업	토목 > 댐 및 제방공사 > 타설작업	AMBIGUOUS	AMBIGUOUS			HOLD	NO
582c66f05a94603c6a44b0c6e01818fdbac2a5f0c28388647762b3cba8434643	99cd72d2d90d620c45178bbed6341357d1c0941b767c0dfe09334b3b12337aff	a061f38c4032ce113a6f576c3b1cc9e096cea0537d9569ce5d979ff5ba3f86dd	토목	관공사 부대공사	상차 및 하역작업	상차 및 하역작업	토목 > 관공사 부대공사 > 상차 및 하역작업	CANONICAL_GAP				HOLD	NO
5830e453c5c4da17a4877315b98aee43e5c05e2d0d65389e39a07ca099014bf5	caeb1e7d30b5dd14b4bae9700931b2c84d85d0687abea332f5f926ceb702ef59	cf5188a72ceab1ccd264117d85b4fdfffe7d059db4a699c96f8558861c4e4bcb	토목	토공사	부설 및 다짐작업	부설 및 다짐작업	토목 > 토공사 > 부설 및 다짐작업	CANONICAL_GAP				HOLD	NO
5857ddac5914682708f8d15197f5869eaf55922134a2825ad36ee78702f83a5b	b5d6c056a1e33ad55f4fe4091fd6dbc80f211eea2001b10b31a132ec378e5577	8c0b57e9750758e2b1fd5835c29669218c2a78a005a18c3ba85bcbd6857c7543	건축	건축 토공사	항타 및 항발작업	항타 및 항발작업	건축 > 건축 토공사 > 항타 및 항발작업	CANONICAL_GAP				HOLD	NO
587e7d3bbd51dfdde19f0ec19be4f712352543f8d915f18204ba17fdd309347a	98581a0a5c62b89197064c8b0cbfb74c0d7e4d56942e00f9f8f4af99e256ccde	f6361061b822a9a71314c4764e7bdc336f7ab6f9979c095e10c4c657a166e203	토목	철근콘크리트공사	천공작업	천공작업	토목 > 철근콘크리트공사 > 천공작업	AMBIGUOUS	AMBIGUOUS			HOLD	NO
59fcb9b53e005a772f2223809a41693886271b209a25e1feccfc96dd14bfd2e4	75314a36f5aed3851f8edd8f83e5bceddf896b0bf860a059e7b885be53b083d6	d8e7b54e66d8e5a1bd480770883eae4b5b5ed79631b786d8f9b6c15db98d5ffe	토목	하천공사	해체작업	해체작업	토목 > 하천공사 > 해체작업	AMBIGUOUS	AMBIGUOUS			HOLD	NO
5a11d8bd9929b59690e9e084732e0a2504a84d63089264258f792ff106c84be4	214007a04d14e76e3aa59f75cc8e7af9d379d5d7aa5979ad419db1ec75305be8	4ca71b41bfbd8dcb80a9d8059a77d8c0e600cae75fbef1caa99f4dad989f04b7	토목	관공사 부대공사	정리작업	정리작업	토목 > 관공사 부대공사 > 정리작업	AMBIGUOUS	AMBIGUOUS			HOLD	NO
5a155338a2b78ce2ff2fc93069e998210436d5aecfdac2128b2be907dd8b78cd	7511a3df0769967b7e2cc42f12b63ebecbc619668cc5f35dbde53858ea0e2382	ef3b17761779d30710ba66b1a0c39ad7c3360cd385349525037715f2c5f8f48c	토목	토공사	거치작업	거치작업	토목 > 토공사 > 거치작업	AMBIGUOUS	AMBIGUOUS			HOLD	NO
5a69fa0d6a10b907a4ce61dad50925196b20cde83efcef3ddff6ba5b0e275796	ad90f3c5a5d4e477bf8b58926e140ef03b69e6cea729c09a78a52115aa540c83	cf5188a72ceab1ccd264117d85b4fdfffe7d059db4a699c96f8558861c4e4bcb	토목	프리캐스트 콘크리트공사	부설 및 다짐작업	부설 및 다짐작업	토목 > 프리캐스트 콘크리트공사 > 부설 및 다짐작업	CANONICAL_GAP				HOLD	NO
5a7bd87607628232321d645510eec3ccf59025f50a540bc306c8887f426effde	10cd686bebaa47b0f17613bc520d2df02859673a7e8c7a757ee10f92eac81238	ffb965e265ea89a5f9caa94da676c09b040a85aa3d1e01d2a0b89550f6a1e3d9	토목	철근콘크리트공사	형틀 및 목공	형틀 및 목공	토목 > 철근콘크리트공사 > 형틀 및 목공	CANONICAL_GAP				HOLD	NO
5a87eab499a8fd9b84790a012ccf20f0023f1907747f4c2eaf90406090ea0f7a	9848112453d00f786c697b7465b228a70234d81f07093760e426517d68500b4b	19af917f9c96e6e96b984e95c53a93ad9ab35457202511f7b151a8681accecfc	산업설비	산업설비공사	매설작업	매설작업	산업설비 > 산업설비공사 > 매설작업	CANONICAL_GAP				HOLD	NO
5af008b2d892a5782c5deff8867673ea00bfac89f936db636df1a649549a6ef6	f8df53e4d8d95b59a0e05d2c139b4320a986b9626d39a19af7ca744fec244259	65626010f2477ae09f3144563507bff74d27169c5612620470c3baef1297b869	산업설비	산업설비공사	운반작업	운반작업	산업설비 > 산업설비공사 > 운반작업	AMBIGUOUS	AMBIGUOUS			HOLD	NO
5b8666387671261924a0095fc40293d84853e18afbf38b712561e7da0822d31e	f63085b10ebc129ce3e2d68590f5e5ee01094ac891ba3c84028d858dc64d1100	3f2ad30b04758b15159d56b2e9482ef2dd91275b49c57160abcb94955d7e0064	기타	기타	보수 및 교체작업	보수 및 교체작업	기타 > 기타 > 보수 및 교체작업	CANONICAL_GAP				HOLD	NO
5bffc9c9abb0993f53da36e2e84877a064d5783ac99763838dc674375c4d4cfe	7fbe0082b48350e1eee03842c42852a1cb1babaa505db37315b91809116ff7eb	bd0485e938079a0f3212b49f32b13b1e7a0d8d998700c754c64ba64251caeb2c	건축	지붕 및 홈통공사	설치작업	설치작업	건축 > 지붕 및 홈통공사 > 설치작업	AMBIGUOUS	AMBIGUOUS			HOLD	NO
5c16539ea84cf7da49fd3a84705e2245b0b47f14441e7b0c0d288f288a0c234f	2996bcb3e18d95f8a0fdb370de4318d6154f597f89b7289076140932fa4989a7	0e7cb038dc0a2250f2c8fc713582ed2fe79cbe67f5e9c0b08c8c8a43ef13900f	산업설비	산업설비공사	적재작업	적재작업	산업설비 > 산업설비공사 > 적재작업	CANONICAL_GAP				HOLD	NO
5c9062dc885ed13c75d697262be749864e16309e40864d0c36c3d0bcd6b7ce9b	fe5478eb1241fa6e9506f6bb03a95c7203487f4a1a3e3931da19d18ef52fe532	0e7cb038dc0a2250f2c8fc713582ed2fe79cbe67f5e9c0b08c8c8a43ef13900f	건축	철근콘크리트공사	적재작업	적재작업	건축 > 철근콘크리트공사 > 적재작업	CANONICAL_GAP				HOLD	NO
5cab2422b40fe3295545b3a201175fa901ad2fdb6307dbb9345250d87a7dba91	ff1a5ba775c697df6abe97136293d7dd2bb942b6050651e56355328a70dbcffe	a061f38c4032ce113a6f576c3b1cc9e096cea0537d9569ce5d979ff5ba3f86dd	토목	관공사	상차 및 하역작업	상차 및 하역작업	토목 > 관공사 > 상차 및 하역작업	CANONICAL_GAP				HOLD	NO
5cbead1425f00097da8e641178f53eaa0d767cd92b26f9bbc3164eff43a81b9b	34516f84ea9884bacef856d6929641df27f3ef25a401fd0382cc514ebcdc1210	ffb965e265ea89a5f9caa94da676c09b040a85aa3d1e01d2a0b89550f6a1e3d9	건축	철근콘크리트공사	형틀 및 목공	형틀 및 목공	건축 > 철근콘크리트공사 > 형틀 및 목공	CANONICAL_GAP				HOLD	NO
5da9a6913e8d0006f6706e3bfb99e2589588ca4818dcf7d89487650cd907256b	8a0a297f9497a47de2480e0fc60c6ae87db80e33ae882abd78a3ded252bc82a0	e7316cf9a23edc1490a432601f518b9184dc64c9b05170a4729e8a61ba35dfe4	기계설비	기계설비공사	이동	이동	기계설비 > 기계설비공사 > 이동	AMBIGUOUS	AMBIGUOUS			HOLD	NO
5db98e9572c73c6cf7b07c902a28fcd04558b090a8c42c57910f4f800a0c9645	e261a654a74cf10acfb46f97aba2f7bb20daa4ddf593251d70fb30f63c7e185e	0e7cb038dc0a2250f2c8fc713582ed2fe79cbe67f5e9c0b08c8c8a43ef13900f	토목	교량공사	적재작업	적재작업	토목 > 교량공사 > 적재작업	CANONICAL_GAP				HOLD	NO
5dc930a21bf25ebc128283893860dbd4ccd07f70ef3446967ef4e52a09803367	cdefaae35ad95fb9690d2777105d61cbc12f5e1c7d3c5227ea65d1db0769d36d	3f2ad30b04758b15159d56b2e9482ef2dd91275b49c57160abcb94955d7e0064	건축	철근콘크리트공사	보수 및 교체작업	보수 및 교체작업	건축 > 철근콘크리트공사 > 보수 및 교체작업	CANONICAL_GAP				HOLD	NO
5e7a25c76c4bdee94bd8b6221d9e75431d75f1beb9226a1a532750913ca9736d	a94ef897fda035102724994f7110c843c1fa643fd51b51b0891d5b8f6a833fef	f1403c0703a57a01edda9abee1bc15476d3c2ff0f5ef8724b106e5898e745a9d	토목	관공사 부대공사	양중작업	양중작업	토목 > 관공사 부대공사 > 양중작업	CANONICAL_GAP				HOLD	NO
5e8b70aa4670e9801de03e496257324da83f93360498909a8818af57592f942d	20f96ee75fb6f14ce9218a5d268c91550bd3839e07a9c9b4c8b78899139d8268	e887ede926e89a1e5cacb4680a187b2a5881475e353235e12a6a8598b51f0cb2	토목	지반개량공사	조립작업	조립작업	토목 > 지반개량공사 > 조립작업	AMBIGUOUS	AMBIGUOUS			HOLD	NO
5ed5a8da387455a45b975a1461c93711d7ca27a31cb7f65cb9d41ed1f265d3ca	51a54b0649992865c8852fa4cf2b8f315457129fd59d00919a8e7caa85858cbe	3c910f25b445bea6a92ceffeca88fb67009e4f969bf24270daecd9bfb850c5f8	건축	금속공사	용접작업	용접작업	건축 > 금속공사 > 용접작업	POSSIBLE_RELATED	POSSIBLE_RELATED	bf3841d0-71ea-4464-a7d9-d0dcdc3dfa33	궤도현장용접	HOLD	YES_HOLD_ONLY
5f2004b72b6a0117343139595f747ce93bfeaa8c5a0b3e072858b47fd56d9ed3	52fd7834af8debe766cf513072ce847d9d91e1c22e95c80f3c38d273c4cf2bd5	4ca71b41bfbd8dcb80a9d8059a77d8c0e600cae75fbef1caa99f4dad989f04b7	토목	도로 및 포장공사	정리작업	정리작업	토목 > 도로 및 포장공사 > 정리작업	AMBIGUOUS	AMBIGUOUS			HOLD	NO
5f24cc168b3ac7f684d5960664b746be992a0026528529f53d9ddc4de61c4e64	2ee013ad66e19b8781ab6b26cd34c0a461fa7ba6c312c2ffc62d3d7ee41ff122	3f2ad30b04758b15159d56b2e9482ef2dd91275b49c57160abcb94955d7e0064	토목	교량공사	보수 및 교체작업	보수 및 교체작업	토목 > 교량공사 > 보수 및 교체작업	CANONICAL_GAP				HOLD	NO
5f3c6c4c746855a89e299d06764443b31690ddc2f2b002ade961c92910ba1543	a47140f0db66b4b839579f9230c7fb71ff1b7fdef4dd97733302cb9ad34a4731	30dcdc5a76164fafc012336eacaf3c873d854adcb0be380e11d6dce61b78d8ab	토목	해체 및 철거공사	인양작업	인양작업	토목 > 해체 및 철거공사 > 인양작업	CANONICAL_GAP				HOLD	NO
5f7bf3999e76dce67999c4c6d6796e979e3863fcf5b34b86fa2e2f4449f17119	6e2e2e08f066a4ec3a1369ad57367f7451f4158560269ceb579a8fc49407d24e	282d033d279da81ab42162f2cdf4c2bf2ba05e217d927dc36197cd732c5a3b97	토목	댐 및 제방공사	기타	기타	토목 > 댐 및 제방공사 > 기타	NO_MATCH	NO_MATCH			REJECT	NO
5f8485bb24238f024f32300da5fea45fdd6bb427582ec7bb8cd57c25e51c66b7	3e4fab964a7d97980b612a1a4a54bc87d12a06a814089131a73025413c39214a	29ae570d4c4b0f09a50eb0e1ef42e47bca89566fd489fcf6da31ca1acfecd808	토목	관공사	쌓기작업	쌓기작업	토목 > 관공사 > 쌓기작업	AMBIGUOUS	AMBIGUOUS			HOLD	NO
5f92b2168c108dbc205c2c93192aa2e78fb01c07751763c462e8c54599501e52	4def190a95a9a07b35c92f796850d2b8bf6c42cf8b38892beee112680a4061cf	3c910f25b445bea6a92ceffeca88fb67009e4f969bf24270daecd9bfb850c5f8	토목	가설공사	용접작업	용접작업	토목 > 가설공사 > 용접작업	POSSIBLE_RELATED	POSSIBLE_RELATED	bf3841d0-71ea-4464-a7d9-d0dcdc3dfa33	궤도현장용접	HOLD	YES_HOLD_ONLY
60115e99fa70875616b7f2c484c71025eba743094e806743904af564e0a26165	cf98fef13aa3adcb219eac3c68ba7a8ad1fc1640c213d2eccc0711b0e019756d	bd0485e938079a0f3212b49f32b13b1e7a0d8d998700c754c64ba64251caeb2c	건축	조경공사	설치작업	설치작업	건축 > 조경공사 > 설치작업	AMBIGUOUS	AMBIGUOUS			HOLD	NO
60283592a3149f190a3e28e81dd83853b0e3cb81fbf57e845e6e75916a79e619	5e1d5504533c51e04af538157f88b46fd359d2ca076fc1350cf5e6e1d848f04b	0a231c9f8bb1d0ae86a92ecd91221a878a2443b1bb2ef64af154f0249d5c788c	건축	창호 및 유리공사	설비작업	설비작업	건축 > 창호 및 유리공사 > 설비작업	AMBIGUOUS	AMBIGUOUS			HOLD	NO
602d25dfba322cf25ea059478ffe1e70113c78102d8857bbc45587c5fe8c143f	dddd0ccfa99de0bd342a600cb0e3e1961475587cd9552547e598d6245b48377e	29ae570d4c4b0f09a50eb0e1ef42e47bca89566fd489fcf6da31ca1acfecd808	토목	댐 및 제방공사	쌓기작업	쌓기작업	토목 > 댐 및 제방공사 > 쌓기작업	AMBIGUOUS	AMBIGUOUS			HOLD	NO
6043853e894aa45d95278a0ff00b59a3d8d787edabfffeaafaaac49ddf3a177d	b84598d8c70c18280275803421fed90a616ef4028023709dc49bb064b1acb322	8f4821b340cc01494514c5b5320076f222f0a8f76a1c09fd37882b02a4f546a5	건축	방수공사	도장작업	도장작업	건축 > 방수공사 > 도장작업	AMBIGUOUS	AMBIGUOUS			HOLD	NO
61152407f954d446ad341cc1c174a6649d41cac70f0a769fe6b02b3d42abb500	a65d86052ddd8a6835263234820ded35585e053a2ce72f4ad6bdabc8a255c312	3c910f25b445bea6a92ceffeca88fb67009e4f969bf24270daecd9bfb850c5f8	건축	미장공사	용접작업	용접작업	건축 > 미장공사 > 용접작업	POSSIBLE_RELATED	POSSIBLE_RELATED	bf3841d0-71ea-4464-a7d9-d0dcdc3dfa33	궤도현장용접	HOLD	YES_HOLD_ONLY
61c70f2087d34defe3c583dc38af16207de09ec387d6c9d5f4e3b5cb75ae6c7f	e46058a02097878a38c4bcd57f52de100dd6a97cf535d9fe3f55159ccf33b083	8c0b57e9750758e2b1fd5835c29669218c2a78a005a18c3ba85bcbd6857c7543	산업설비	가설공사	항타 및 항발작업	항타 및 항발작업	산업설비 > 가설공사 > 항타 및 항발작업	CANONICAL_GAP				HOLD	NO
62a94960daeba86416c7974d4077b3262d93bf7b0a822b784489f52910e404e4	b7197c1a11ea68cc9a64821468167fa44f2341432c1419c6f6be7535a986fe49	e887ede926e89a1e5cacb4680a187b2a5881475e353235e12a6a8598b51f0cb2	토목	터널공사	조립작업	조립작업	토목 > 터널공사 > 조립작업	AMBIGUOUS	AMBIGUOUS			HOLD	NO
631564b14a4bdb2328191bda184ac64c4ca97ec2d6ef9c6d70f7f43a18193cff	532607d664a2206df1219fddc7274657c5c260b90359f62a5a32bdcbb4176116	661b1eba5666bb84171755d9955531e6151203c533db707086e82888b2386540	건축	철골공사	고소작업	고소작업	건축 > 철골공사 > 고소작업	CANONICAL_GAP				HOLD	NO
631ccc514d233c046582a23a10d84f2a7a46fd937de71c1750cd0b90fa7a6325	98b65fbcac12d43c75aa1b3cb58f405e763930a1353c1d91080436ea013551e4	3f2ad30b04758b15159d56b2e9482ef2dd91275b49c57160abcb94955d7e0064	건축	해체 및 철거공사	보수 및 교체작업	보수 및 교체작업	건축 > 해체 및 철거공사 > 보수 및 교체작업	CANONICAL_GAP				HOLD	NO
633042aa8f7aaabda70d24aba1668c12d463586c35c179437946b2317428ff97	a940040a66358a0ff561d9e7e2fa45278c6fd18e91e7c2f87a746de5b570601b	8f6ecd321691ca29c767d1260283d0df3a18f7467bf7342879ba1b42f6971f82	토목	토공사	양생작업	양생작업	토목 > 토공사 > 양생작업	POSSIBLE_RELATED	POSSIBLE_RELATED	3258e587-68ab-40c8-80df-dd4fa0db60b7	콘크리트양생	HOLD	YES_HOLD_ONLY
635ecf95562c9ae54e17e5e182588940edfa678c2ce553cdedb2e0cc8dafa3fc	93f07915f5cc9fbfde0d8d138df99a69dfc8db97ede19d33db9d59acbd427452	1391ca1476e71a2d09c59834e96ab8f45c21ffbf53cce7ae23aed2c4783d2299	토목	강구조물공사	마감작업	마감작업	토목 > 강구조물공사 > 마감작업	AMBIGUOUS	AMBIGUOUS			HOLD	NO
63f83c4d16dfa698aa07e17c554037fde91a404f46cb1910c6fe232a04108a90	7a805923a204e21a14cc3974eb5ae77204c1c5524d8a6389f502dff9b2f6f467	8f4821b340cc01494514c5b5320076f222f0a8f76a1c09fd37882b02a4f546a5	기타	기타	도장작업	도장작업	기타 > 기타 > 도장작업	AMBIGUOUS	AMBIGUOUS			HOLD	NO
641a111a95100ba88dcb2de806b68f7db0272104dd84e384e98d1cb9af506489	d4b8e2351fa33dc34135b06fe3c35db9cfcb22bea35cd4c0e5d8c9f480971df0	a061f38c4032ce113a6f576c3b1cc9e096cea0537d9569ce5d979ff5ba3f86dd	토목	토공사	상차 및 하역작업	상차 및 하역작업	토목 > 토공사 > 상차 및 하역작업	CANONICAL_GAP				HOLD	NO
641fc7b6f9f963f364b345f899b29df788ef02331e182c5dd009204bd711d15f	94bddd6634c71e25adc59485cd589653cbe502653722872e99dba56305bb7d36	cf5188a72ceab1ccd264117d85b4fdfffe7d059db4a699c96f8558861c4e4bcb	토목	철도 및 궤도공사	부설 및 다짐작업	부설 및 다짐작업	토목 > 철도 및 궤도공사 > 부설 및 다짐작업	CANONICAL_GAP				HOLD	NO
642a4c35cf7b4ea571f3497822b97746b43bd8274dad17157e95764b5df66e62	4b7c4740ba251d26584487b16ee1f175e9c4d8de88be26a7c888441475a1c878	bd0485e938079a0f3212b49f32b13b1e7a0d8d998700c754c64ba64251caeb2c	산업설비	산업설비공사	설치작업	설치작업	산업설비 > 산업설비공사 > 설치작업	AMBIGUOUS	AMBIGUOUS			HOLD	NO
66a5addcf7722d359c488a12e6fc964dd7923cb31123e58dd1051fbe044ef63e	e5f6543f56dbed472f001493497672e631ee5fa23a5647558972ae882ebc8aa9	0e7cb038dc0a2250f2c8fc713582ed2fe79cbe67f5e9c0b08c8c8a43ef13900f	토목	강구조물공사	적재작업	적재작업	토목 > 강구조물공사 > 적재작업	CANONICAL_GAP				HOLD	NO
66b08f1c4073fcd878cb140129a0a87982b3d2d3ddb95d49fc0bb8463e1d9cdc	8d0d28b5ddde0fbdee89219f3516e32c479c87c8608c191781dba801d385c749	30dcdc5a76164fafc012336eacaf3c873d854adcb0be380e11d6dce61b78d8ab	토목	강구조물공사	인양작업	인양작업	토목 > 강구조물공사 > 인양작업	CANONICAL_GAP				HOLD	NO
67c03fd34c3e80c34d710853610f2b0d2d97883142f655beb0d9cc61e776d2c2	f27ac2c6cbdb80a392c6a6ce98a3fe806e408d040a448d8b4cbdcf393ff8a3c5	f1403c0703a57a01edda9abee1bc15476d3c2ff0f5ef8724b106e5898e745a9d	토목	관공사	양중작업	양중작업	토목 > 관공사 > 양중작업	CANONICAL_GAP				HOLD	NO
67f2dee0478dd38f0fcd1939890125bd1a00f7b3ccc5e7252bb2e2e615903c67	91719e879e72dc9d842d1ed7e37c6ed6564a8a4594ca46acfcad15a13f941352	997f626aa64669e84021801d98f7e3a3606f7cf83769292b52db6dc016179421	토목	댐 및 제방공사	확인 및 점검작업	확인 및 점검작업	토목 > 댐 및 제방공사 > 확인 및 점검작업	AMBIGUOUS	AMBIGUOUS			HOLD	NO
683049d2854da84dc190a3ddb036fd6a147acc1e5de1b327fd838a424f68368f	de97f01f123151fcc13ff8a94cb080e76f99b9ae5f52b6c4326afb567349c292	282d033d279da81ab42162f2cdf4c2bf2ba05e217d927dc36197cd732c5a3b97	토목	관공사	기타	기타	토목 > 관공사 > 기타	NO_MATCH	NO_MATCH			REJECT	NO
684d4633d4e5f5ffdfffb968d049c2c98ee13498bff68fd727711835b5881a84	bec03a068dd14de269f1303f77d31447037b3717228bbc643194f629b3915e5e	d8e7b54e66d8e5a1bd480770883eae4b5b5ed79631b786d8f9b6c15db98d5ffe	토목	철도 및 궤도공사	해체작업	해체작업	토목 > 철도 및 궤도공사 > 해체작업	AMBIGUOUS	AMBIGUOUS			HOLD	NO
68e8373e3ac401fc9ed0e69545cd1252ba9ea53795e88636982580da08ab724d	b416b063eb9976ce49312741319508ed83ace35ecac51d8f4ae21e0cef67d5a4	29ae570d4c4b0f09a50eb0e1ef42e47bca89566fd489fcf6da31ca1acfecd808	건축	가설공사	쌓기작업	쌓기작업	건축 > 가설공사 > 쌓기작업	AMBIGUOUS	AMBIGUOUS			HOLD	NO
68e8706cbba01c54aa99279ec95adee622bbe4b4282893ff1ddc03d22dd79450	8327a7c7b79ade7ec6cba208277c4766bf4ce780a60e135d23456af4983940e2	1391ca1476e71a2d09c59834e96ab8f45c21ffbf53cce7ae23aed2c4783d2299	토목	철근콘크리트공사	마감작업	마감작업	토목 > 철근콘크리트공사 > 마감작업	AMBIGUOUS	AMBIGUOUS			HOLD	NO
690224071232ef14952877ad47abd759a118bc28a3d5f3a7b6658a4b22a915e6	ed758b2ea5ed5b4ef1db15d5741be728495f4a3d4c1c99e99dbf512e43aa6742	1391ca1476e71a2d09c59834e96ab8f45c21ffbf53cce7ae23aed2c4783d2299	토목	철도 및 궤도공사	마감작업	마감작업	토목 > 철도 및 궤도공사 > 마감작업	AMBIGUOUS	AMBIGUOUS			HOLD	NO
696553218b7d56cc3f85406f0b4b03a071de2aba3b99ea9de5ac3b68f5998423	ef306490b891ed20200a25ecf087f1fbc35c62284aa21b829b0176f5639fffff	df6fbe5b23ee09f8601a369c8d5758f13b17f760ef21dcd75ad8a2156deccb7b	기타	기타	타설작업	타설작업	기타 > 기타 > 타설작업	AMBIGUOUS	AMBIGUOUS			HOLD	NO
6a00855592ca12134d58878b1eb63b67272d8f0d29570937e1914f0b2a8383a8	61aaa2147235271432668ebee20fa892a84e7eb533b09047c3cdd4204fac4835	bd0485e938079a0f3212b49f32b13b1e7a0d8d998700c754c64ba64251caeb2c	토목	관공사	설치작업	설치작업	토목 > 관공사 > 설치작업	AMBIGUOUS	AMBIGUOUS			HOLD	NO
6a88b38b92f2f72a2ee2be850e523d7f2f5119676ffddbdd7896b90b2a75d222	987c57efb5ea70d7937f67f158ddb56b010615a5fb5f9c3b3919db7445b90b5c	cf5188a72ceab1ccd264117d85b4fdfffe7d059db4a699c96f8558861c4e4bcb	건축	건축물 부대공사	부설 및 다짐작업	부설 및 다짐작업	건축 > 건축물 부대공사 > 부설 및 다짐작업	CANONICAL_GAP				HOLD	NO
6b223cd3cf40334776c0959bd8d292d715198e4e9e340729d6b03bd23db24fd0	cc3283c85a234ec0d1e363ba7f0e25cac93f3a535611fa4de81e52d445110022	472845d4fc3f329f9af4a3fd3c6136a2998126cc621e414a74dcd3496c2f3ed8	토목	도로 및 포장공사	장약 및 발파작업	장약 및 발파작업	토목 > 도로 및 포장공사 > 장약 및 발파작업	NARROWER_THAN	NARROWER_THAN	473d69ee-4433-487f-bc43-c35c1f2ea28f	발파굴착	UNDECIDED	YES
6c2f5c3708a09a7dd1896f84bff5c98156a477cf6f4e0f9137aa203a20028b46	9146e4eced3cc46aa63b1a120e8b00802607f686aff1ad53fde1f936cbbbd62d	0a231c9f8bb1d0ae86a92ecd91221a878a2443b1bb2ef64af154f0249d5c788c	건축	철골공사	설비작업	설비작업	건축 > 철골공사 > 설비작업	AMBIGUOUS	AMBIGUOUS			HOLD	NO
6c427c8ac34374175668e35dbca79245bf5ceeeea20b2887cb8728e58d4ae638	bd7151d0d408c6f4dd6602f7e9e62fb9ece2c8d0798e82f8f8efc21a420594c2	0acdd6f6e91785bc8883ca863f907a312b6533f5b151215ca1f37fce8b9b3410	토목	토공사	준비작업	준비작업	토목 > 토공사 > 준비작업	AMBIGUOUS	AMBIGUOUS			HOLD	NO
6d237ad67283dff1fdac1929e61af65591ded2636a882851aae9e60564fe9ab6	97f48b0afabe67ad0ee2e92bb26a50af88a06fbe5264adb18151525701bd13c5	f6361061b822a9a71314c4764e7bdc336f7ab6f9979c095e10c4c657a166e203	건축	지정공사	천공작업	천공작업	건축 > 지정공사 > 천공작업	AMBIGUOUS	AMBIGUOUS			HOLD	NO
6db2c47db1f47a15fc4ce01113bf1e92ec56bc943ee3e23e951bb6e81a23094b	cba2843746b06ccacd97eed16ef657160836bcac8717e8a39559d7fa55dc3b75	0a231c9f8bb1d0ae86a92ecd91221a878a2443b1bb2ef64af154f0249d5c788c	토목	철근콘크리트공사	설비작업	설비작업	토목 > 철근콘크리트공사 > 설비작업	AMBIGUOUS	AMBIGUOUS			HOLD	NO
6dcda07c025b4620e9a2cdf6ac75f32226fc6d86f20f09e438dd63ea8cae9523	79e7fee184e0f5e2da29df6c14ac412aa28d0cc3cd10d34ad3e7b97fbdd366e4	8f4821b340cc01494514c5b5320076f222f0a8f76a1c09fd37882b02a4f546a5	토목	철도 및 궤도공사	도장작업	도장작업	토목 > 철도 및 궤도공사 > 도장작업	AMBIGUOUS	AMBIGUOUS			HOLD	NO
6e78095802eac186c4b16b682bfc403e84ae0d097368d6523ed714a1f972b20f	b114892623c3e3670b8c081282423e95e4094a3ae0b3dcddd98c00b92110bf69	cf5188a72ceab1ccd264117d85b4fdfffe7d059db4a699c96f8558861c4e4bcb	건축	조경공사	부설 및 다짐작업	부설 및 다짐작업	건축 > 조경공사 > 부설 및 다짐작업	CANONICAL_GAP				HOLD	NO
6e9d5febb99ee3fcdb7b1228028658e9475a8344445ddf043ac3d080ee3f3870	91f6bf9c63f02e1c6aba13929e0a2726e4fb4ec26a935801ceb40d3bf182bc0e	b45486f292dde403a31c88157aa9a6b6888b5cd1eb5644d44dcab22dbbdc46b2	토목	교량공사	인발작업	인발작업	토목 > 교량공사 > 인발작업	POSSIBLE_RELATED	POSSIBLE_RELATED	06e686fc-0062-46af-b4f2-72027b7a4668	RockBolt축력및인발측정	HOLD	YES_HOLD_ONLY
6ead3bbc12057aff09a350198985f2537f54c44b087800368ba143a5b183a876	425ffba9c62ed5069f4008c35ef560a44bf846e1c668c92fcef749afbcf57368	282d033d279da81ab42162f2cdf4c2bf2ba05e217d927dc36197cd732c5a3b97	건축	가설공사	기타	기타	건축 > 가설공사 > 기타	NO_MATCH	NO_MATCH			REJECT	NO
6f17faba527a4a4f43b4735ee9809a6a488a3c0a67e68204342b4e773af6881d	2f809f26a6f855e8b3c4c9a5553d26b821259898e03a8636aa4de69c95b3afe2	282d033d279da81ab42162f2cdf4c2bf2ba05e217d927dc36197cd732c5a3b97	기계설비	기계설비공사	기타	기타	기계설비 > 기계설비공사 > 기타	NO_MATCH	NO_MATCH			REJECT	NO
6f40e95faa26fc1e953b58862a85e0cd0b455e74e5bacbdc46b6fc50970e15ab	bf753b82ac61300ce34f6af49dba08500eb1dfb6beb285268f715d4d7f7c6171	29ae570d4c4b0f09a50eb0e1ef42e47bca89566fd489fcf6da31ca1acfecd808	건축	건축물 부대공사	쌓기작업	쌓기작업	건축 > 건축물 부대공사 > 쌓기작업	AMBIGUOUS	AMBIGUOUS			HOLD	NO
6f97dc5e9cadec215d16f88e3f7ebe0d88cfd465728c1b48cf61f5ce96d798f1	c10af25e7222a7cb959ee15e84216a84dab5764890a2586272633c6624e4d95f	472845d4fc3f329f9af4a3fd3c6136a2998126cc621e414a74dcd3496c2f3ed8	건축	건축 토공사	장약 및 발파작업	장약 및 발파작업	건축 > 건축 토공사 > 장약 및 발파작업	NARROWER_THAN	NARROWER_THAN	473d69ee-4433-487f-bc43-c35c1f2ea28f	발파굴착	UNDECIDED	YES
6fb652902d326067c8b3e2e739c88e8707606d6ecf5d58c1a533021d57914320	26d2c309b36deba3434b4f5c2a5f6b1b623a813edca85de5b78171b9d572d3f1	d8e7b54e66d8e5a1bd480770883eae4b5b5ed79631b786d8f9b6c15db98d5ffe	토목	터널공사	해체작업	해체작업	토목 > 터널공사 > 해체작업	AMBIGUOUS	AMBIGUOUS			HOLD	NO
6fd04671dc1d89ba51fa2141f35905b6ccc80ddfa855a0ff1f241e0378d208f2	cc26d702ef6db0e7aa9ad7457e26713a999a973b2418b1845a6e12785961266d	0e7cb038dc0a2250f2c8fc713582ed2fe79cbe67f5e9c0b08c8c8a43ef13900f	건축	지반조사	적재작업	적재작업	건축 > 지반조사 > 적재작업	CANONICAL_GAP				HOLD	NO
70561ff4a78a13668621c6431c73b53b03adb17d94cb22b48ec4355fdc0db978	2418190885c84f02b116846acf567cd39cd3dae9d0f0ef9d7b2336388e8596de	cf5fea65784d96e176786807861c6e1dc09cbf17dd41bc7cd1c340efc5171e1b	토목	하천공사	연결작업	연결작업	토목 > 하천공사 > 연결작업	AMBIGUOUS	AMBIGUOUS			HOLD	NO
7069d4466d569472381b6ba05b13e6d5a8490e05220f480b956e1504561a872e	edcd366ee1c0d9d6f69529b81f9cdca359d959bd5c565545f74eb79e63f9502f	b1d6b393b80eb3d2952fefdf0d7b27e2d89a40311350d9e8345f9cc2d1f846f1	토목	관공사	굴착작업	굴착작업	토목 > 관공사 > 굴착작업	AMBIGUOUS	AMBIGUOUS			HOLD	NO
70b7f79226e63be1464a0057233c3eaf934a7719d729921da2819a137425fea7	af98dff732585f6fceffc330a66dc42f4f3b49a1193848e5def1b6e653c1eae7	3c910f25b445bea6a92ceffeca88fb67009e4f969bf24270daecd9bfb850c5f8	산업설비	산업설비공사	용접작업	용접작업	산업설비 > 산업설비공사 > 용접작업	POSSIBLE_RELATED	POSSIBLE_RELATED	bf3841d0-71ea-4464-a7d9-d0dcdc3dfa33	궤도현장용접	HOLD	YES_HOLD_ONLY
710a2004887cc89ba27c18a1ec321093f7f62edc32af9200a7c889f83d50e5f4	3960b785fb386d20f0ff6c0ab62639a5d07bed5a8ba16c01a09003cd9d78e708	ef3b17761779d30710ba66b1a0c39ad7c3360cd385349525037715f2c5f8f48c	토목	댐 및 제방공사	거치작업	거치작업	토목 > 댐 및 제방공사 > 거치작업	AMBIGUOUS	AMBIGUOUS			HOLD	NO
724799c80b99a0eda1d1ca65d229e333e030689ca320a669ba92c1b02783b8ea	8f43ce5fac3d0c1cf73c298d788ded87334a17a059bf039e7f750b4fd526952d	df6fbe5b23ee09f8601a369c8d5758f13b17f760ef21dcd75ad8a2156deccb7b	건축	철골공사	타설작업	타설작업	건축 > 철골공사 > 타설작업	AMBIGUOUS	AMBIGUOUS			HOLD	NO
725fa0e4f853bc2c4cc910929a2255cd97e81b0204dd6ab97e5bcd401267adc8	eeaeec2dc451835e1b2ad21931f68ea6ea5bfae54b30d3e6780e7e4a6e9f23d5	282d033d279da81ab42162f2cdf4c2bf2ba05e217d927dc36197cd732c5a3b97	토목	가설공사	기타	기타	토목 > 가설공사 > 기타	NO_MATCH	NO_MATCH			REJECT	NO
72a6f0da461ab332da43f207509793f9747fb11af3435928cf13076a44dd877c	7ef16c3b9f59adffb852545bd26a68d2d5d2c96f5b8e13ec28a48d2bf782222a	cf5fea65784d96e176786807861c6e1dc09cbf17dd41bc7cd1c340efc5171e1b	토목	토공사	연결작업	연결작업	토목 > 토공사 > 연결작업	AMBIGUOUS	AMBIGUOUS			HOLD	NO
72d20385a7aea0100133ca77bb4b3a15ef50912544a63867ccdde3f441ec9999	054230c579275c8757ec01d947f76f26d285e6fdd5804150643e4bcf776f8ce1	3c910f25b445bea6a92ceffeca88fb67009e4f969bf24270daecd9bfb850c5f8	기타	기타	용접작업	용접작업	기타 > 기타 > 용접작업	POSSIBLE_RELATED	POSSIBLE_RELATED	bf3841d0-71ea-4464-a7d9-d0dcdc3dfa33	궤도현장용접	HOLD	YES_HOLD_ONLY
72f6c249ce97c62a6e1bb62b6d93f279ed79b4a3c3ea680b95bbca4dd82fb170	3fb3b00d3bde2e3e9083f46c755f377d446405798421719baabdfa39bf09b539	3c910f25b445bea6a92ceffeca88fb67009e4f969bf24270daecd9bfb850c5f8	건축	가설공사	용접작업	용접작업	건축 > 가설공사 > 용접작업	POSSIBLE_RELATED	POSSIBLE_RELATED	bf3841d0-71ea-4464-a7d9-d0dcdc3dfa33	궤도현장용접	HOLD	YES_HOLD_ONLY
737e87d7fa2f80895327ec6f9f543f2fd53ff1a39eb584a6faa23dcfe5e953e8	953ee8c3b8744cc7191adc2916ce011e3d694cd6e2dc54b7abcf96a444587c04	e7316cf9a23edc1490a432601f518b9184dc64c9b05170a4729e8a61ba35dfe4	토목	항만공사	이동	이동	토목 > 항만공사 > 이동	AMBIGUOUS	AMBIGUOUS			HOLD	NO
737eec573adc5c0971cb83ec1c9044a7ed6fb7fd2c51bcb867342038a91e69df	5372aeefd5caa90ae34c02416b7b9100e239d253907552b64eb395af7e21027c	997f626aa64669e84021801d98f7e3a3606f7cf83769292b52db6dc016179421	건축	철근콘크리트공사	확인 및 점검작업	확인 및 점검작업	건축 > 철근콘크리트공사 > 확인 및 점검작업	AMBIGUOUS	AMBIGUOUS			HOLD	NO
7385cca0071a2b0b7e227819bbe285e9ba1280e451da808444fb7398be5692a0	ac41973960be2690ad2075d395b19283312eb1c9e57c696c15a89b38405feb14	e887ede926e89a1e5cacb4680a187b2a5881475e353235e12a6a8598b51f0cb2	토목	항만공사	조립작업	조립작업	토목 > 항만공사 > 조립작업	AMBIGUOUS	AMBIGUOUS			HOLD	NO
73c01950378173e0018197daa95f6cde3b2e5d3cbd07e87cc99aa055459f0a7c	4227b4b80007df8a623bb11339e475b47199a8cbefdd93bfa5c4e61d71785005	1391ca1476e71a2d09c59834e96ab8f45c21ffbf53cce7ae23aed2c4783d2299	토목	댐 및 제방공사	마감작업	마감작업	토목 > 댐 및 제방공사 > 마감작업	AMBIGUOUS	AMBIGUOUS			HOLD	NO
73cc36d6f678241dc7ec4f028f6058fb6a36872adb7390b7163c1c38a3657dbc	4d06ab57eb8ea31e1b7e19fbcd1c6d954853a6d2bbd326a9ffdde960a2e9e473	661b1eba5666bb84171755d9955531e6151203c533db707086e82888b2386540	건축	건축물 부대공사	고소작업	고소작업	건축 > 건축물 부대공사 > 고소작업	CANONICAL_GAP				HOLD	NO
74e9b383f43f0aa9ace54902ddf1f2f14067cf3ed01db717cd66d6e7201f4bbe	2bf4cd9701fd313b0625b59445d324d1035a8b61ffb2f5e47da5f5e07965e736	2952b47b898b60f09f2cd04e8217794992537f4b967d23dee4d2a8bf2aeb3258	토목	토공사	정비작업	정비작업	토목 > 토공사 > 정비작업	CANONICAL_GAP				HOLD	NO
757ba641ddff549c7d6ccc17e8342b7bc68020cc9abd802b0763ae03437ba0c6	e03e38f7536741b824dec9b3a4161fc4a02875a6303541fd895661dfaee43d07	30dcdc5a76164fafc012336eacaf3c873d854adcb0be380e11d6dce61b78d8ab	기계설비	기계설비공사	인양작업	인양작업	기계설비 > 기계설비공사 > 인양작업	CANONICAL_GAP				HOLD	NO
758c211abe9995f4fd8c877701f4631300736706e1d6c88d35a9c56d44331051	4070cd40bf2088c31a522227925b93aa55139dc2871310d91175a5e71918a79a	8f4821b340cc01494514c5b5320076f222f0a8f76a1c09fd37882b02a4f546a5	토목	토공사	도장작업	도장작업	토목 > 토공사 > 도장작업	AMBIGUOUS	AMBIGUOUS			HOLD	NO
7642d0fda1a59a569fb4e2dd7634f7bcfa656029aae2c103ac56c77f5444d3f9	483b6cbe4a1e61ca36d2b228710117335d63bee6f24073c8640dd4f24eab3b04	b1d6b393b80eb3d2952fefdf0d7b27e2d89a40311350d9e8345f9cc2d1f846f1	산업설비	산업설비공사	굴착작업	굴착작업	산업설비 > 산업설비공사 > 굴착작업	AMBIGUOUS	AMBIGUOUS			HOLD	NO
773ace456ab9dfc4076d3994b3dbff34bbd7928b94f3f4930f6100aaead0df57	cfa78c54ecc62a2d9673239871b9dbcfe47dfa308a1f30c5a49bf5d48a8f7dd6	bd0485e938079a0f3212b49f32b13b1e7a0d8d998700c754c64ba64251caeb2c	건축	철골공사	설치작업	설치작업	건축 > 철골공사 > 설치작업	AMBIGUOUS	AMBIGUOUS			HOLD	NO
77d8030d3985940f36ef45a22dd7aa5547f42ad390ab0e44bdeabd501ff0a17d	d2a3a560414d2ada7c3f44bb876a53c4630d56df7f5521a0eca72d4dca906fe2	bd0485e938079a0f3212b49f32b13b1e7a0d8d998700c754c64ba64251caeb2c	토목	터널공사	설치작업	설치작업	토목 > 터널공사 > 설치작업	AMBIGUOUS	AMBIGUOUS			HOLD	NO
78572a8cfab0c8cc87fd693440b7be0eb76982f8e98346be964a56a0d919c25e	7ecd70d2d8a5836a07c80e2f91104ad93a51f70e4dcfb494a851c5889d97372c	48105d18ac598a275b9d9af1d4c9dde59b1b0828183211841e868a38d688924f	토목	교량공사	절단작업	절단작업	토목 > 교량공사 > 절단작업	AMBIGUOUS	AMBIGUOUS			HOLD	NO
785e3135af33c57dbb6dbc180dbb066029dd89d3a93227d7a0c46b5d7a2b4d91	bd071b50a95e81a001e767ceb5093745bc4e3b3dcc045fadb3f30a0e7b748e0c	4ca71b41bfbd8dcb80a9d8059a77d8c0e600cae75fbef1caa99f4dad989f04b7	토목	하천공사	정리작업	정리작업	토목 > 하천공사 > 정리작업	AMBIGUOUS	AMBIGUOUS			HOLD	NO
78910805dab33a019c96e756b307a275ba6e1b53b297c6502848f344fb0aeb00	39075ea4434db90f7c49135b020fec6a605062a84e13708406b269f8c4c120ec	df6fbe5b23ee09f8601a369c8d5758f13b17f760ef21dcd75ad8a2156deccb7b	토목	토공사	타설작업	타설작업	토목 > 토공사 > 타설작업	AMBIGUOUS	AMBIGUOUS			HOLD	NO
789a1fc88fca7eadb1f283cd8a2d0c2cbbf3b42051b23f5876876adf16ebffa6	c4095435d743dcf4f1de546dc7b55c3727d0297b7a054d51f4c5a4b110fa6be5	bd0485e938079a0f3212b49f32b13b1e7a0d8d998700c754c64ba64251caeb2c	산업설비	가설공사	설치작업	설치작업	산업설비 > 가설공사 > 설치작업	AMBIGUOUS	AMBIGUOUS			HOLD	NO
7911611e27186c50c559fd11abebe2ec989c3fe86d594cf80d9714c5a567ba3d	cfd1bba1874f0260dc54a27ac44b9acace84b8d4b0bc36e76347265e0660076c	282d033d279da81ab42162f2cdf4c2bf2ba05e217d927dc36197cd732c5a3b97	토목	강구조물공사	기타	기타	토목 > 강구조물공사 > 기타	NO_MATCH	NO_MATCH			REJECT	NO
796cba4c6e288acb75e91dd454e57b9851a27eea2415520eca06595bc1e45569	7b9646423a2875931c8072404840d4cb4691242d7eba524ca239b05b37af5c52	b1d6b393b80eb3d2952fefdf0d7b27e2d89a40311350d9e8345f9cc2d1f846f1	토목	관공사 부대공사	굴착작업	굴착작업	토목 > 관공사 부대공사 > 굴착작업	AMBIGUOUS	AMBIGUOUS			HOLD	NO
796ec7bd8cf80857c944733199002f54e9d05c8f982b739c93cd08cec55b9449	3ac54043c2e2b353fe6c9c739ee0ccd41edd346a44854310dd2fb82c06c270f2	f6361061b822a9a71314c4764e7bdc336f7ab6f9979c095e10c4c657a166e203	토목	관공사	천공작업	천공작업	토목 > 관공사 > 천공작업	AMBIGUOUS	AMBIGUOUS			HOLD	NO
79d3fbd175ac4bc9ac486e82fe996980bca5f20cae97d7e2a6bd928f240bc1c1	1dceb574e5727a68d7a96128c649b1e72ce3752f280a6334465bf5450d129949	8f4821b340cc01494514c5b5320076f222f0a8f76a1c09fd37882b02a4f546a5	산업설비	산업설비공사	도장작업	도장작업	산업설비 > 산업설비공사 > 도장작업	AMBIGUOUS	AMBIGUOUS			HOLD	NO
7a610412d9116effe8d2a313bccddb57bcea73876f5a006534e2c71a7757df61	7dc3dc4315052e15566a5f8a9328e1a76a7c1aa8875e1916e16e06df3c5a6374	ef3b17761779d30710ba66b1a0c39ad7c3360cd385349525037715f2c5f8f48c	토목	하천공사	거치작업	거치작업	토목 > 하천공사 > 거치작업	AMBIGUOUS	AMBIGUOUS			HOLD	NO
7ad543d9e5021cffe87648bb3c7279e490f439cdeea8c3e619a3104bb4d426b2	4bcd12813a918603d8b38a34a89b9d68226deb2c86a82f9d286de0c8f394cb62	472845d4fc3f329f9af4a3fd3c6136a2998126cc621e414a74dcd3496c2f3ed8	토목	터널공사	장약 및 발파작업	장약 및 발파작업	토목 > 터널공사 > 장약 및 발파작업	NARROWER_THAN	NARROWER_THAN	473d69ee-4433-487f-bc43-c35c1f2ea28f	발파굴착	UNDECIDED	YES
7ae120b6c28412bfba09985f0d5550ed56c689a62a8c2efddcc0bccbb2091a40	6866356fa29caa0750f95196c5e5d7564f9963c365b81c0cc56762072f028091	b1d6b393b80eb3d2952fefdf0d7b27e2d89a40311350d9e8345f9cc2d1f846f1	토목	터널공사	굴착작업	굴착작업	토목 > 터널공사 > 굴착작업	AMBIGUOUS	AMBIGUOUS			HOLD	NO
7b15b78232ac046e25e60f055ddd0acc0bcb149f47d379ce79cfe121d3c9252f	f2527ab4d998a0accfc239ba394409c7ecf6a2d90cf9c81c929a49720b8ef254	f6361061b822a9a71314c4764e7bdc336f7ab6f9979c095e10c4c657a166e203	토목	철도 및 궤도공사	천공작업	천공작업	토목 > 철도 및 궤도공사 > 천공작업	AMBIGUOUS	AMBIGUOUS			HOLD	NO
7bd1c0aec6462bb31df6d70dba74cceafa0285ab7501d6d949ed65a8ce943c44	9e16bd367f1e87e41e161497c7c905dc5ee925ebb9f51e98ecdcd6c9c55247cf	b1d6b393b80eb3d2952fefdf0d7b27e2d89a40311350d9e8345f9cc2d1f846f1	토목	지반조사	굴착작업	굴착작업	토목 > 지반조사 > 굴착작업	AMBIGUOUS	AMBIGUOUS			HOLD	NO
7cafff0bdbd9978097825dc3cd09e806a240dd6b01d5e9879012b5d43817dc6a	e2e23de77c7f95a4d14c83f325327a879e0e002d83a2413c10220d5b531e24a7	e7316cf9a23edc1490a432601f518b9184dc64c9b05170a4729e8a61ba35dfe4	토목	댐 및 제방공사	이동	이동	토목 > 댐 및 제방공사 > 이동	AMBIGUOUS	AMBIGUOUS			HOLD	NO
7cc96c32c494ac4fa6f8750fff3d32ad5c631f11da5f7ec68e67a1aa89a903aa	330eb98e24e71db046d1bbbe72edd8ae3ba8798d1a6d98fdf028d750b6c4ca1e	b1d6b393b80eb3d2952fefdf0d7b27e2d89a40311350d9e8345f9cc2d1f846f1	토목	지반개량공사	굴착작업	굴착작업	토목 > 지반개량공사 > 굴착작업	AMBIGUOUS	AMBIGUOUS			HOLD	NO
7cd6b697f04612c92ac389eb5789662d23fa38000a1fc4ec26cb224072a0a399	0fd555efefe20a1b7aedc94daf0ac5ec2fcb542cc040877e6f38bf013784efc1	b1d6b393b80eb3d2952fefdf0d7b27e2d89a40311350d9e8345f9cc2d1f846f1	건축	지반조사	굴착작업	굴착작업	건축 > 지반조사 > 굴착작업	AMBIGUOUS	AMBIGUOUS			HOLD	NO
7d31fa71aa57d152acdbd0911dfe2b7a3a8abe738216037bf0611d1a3dc99e82	045ce91f6658ddca9ccaac8faaac6eb15b154da00ea0a4613d2150924e9a244a	0acdd6f6e91785bc8883ca863f907a312b6533f5b151215ca1f37fce8b9b3410	토목	지반조사	준비작업	준비작업	토목 > 지반조사 > 준비작업	AMBIGUOUS	AMBIGUOUS			HOLD	NO
7d4d238a9404ca92c93a979eb9e938bb460338e640baba61ac1a3d283112a83b	3298635c23238c30f1250a661719714a4fa3d82b393a91a113e4467eff7c8a4b	cf5188a72ceab1ccd264117d85b4fdfffe7d059db4a699c96f8558861c4e4bcb	토목	관공사	부설 및 다짐작업	부설 및 다짐작업	토목 > 관공사 > 부설 및 다짐작업	CANONICAL_GAP				HOLD	NO
7d71bce28ccd64c57ddc1ba5d10bebefea3d4cb7a1a8b136b262cd09629c79d0	78d698d2bb0884b65bd8b8fd20c9a810b03872a35accf0dc89adff17dfc57a16	30dcdc5a76164fafc012336eacaf3c873d854adcb0be380e11d6dce61b78d8ab	건축	철골공사	인양작업	인양작업	건축 > 철골공사 > 인양작업	CANONICAL_GAP				HOLD	NO
7d919d1970ed17417436ec042596a12abb9fffd95779780d40aac4132814c1ed	c4f4330ce0a4489d2bc010cd7c651e6e0b05db192f3eba5f11f85d50ab13d7f7	e887ede926e89a1e5cacb4680a187b2a5881475e353235e12a6a8598b51f0cb2	건축	철근콘크리트공사	조립작업	조립작업	건축 > 철근콘크리트공사 > 조립작업	AMBIGUOUS	AMBIGUOUS			HOLD	NO
7d9f745ca960da6e426393b2ba5ee59754c639e02c6e319121548fc4035fd9a9	f6b2b0363c29bcaf086b2574883f1bdfbfef9ba9894531bbf0801032c20f3522	661b1eba5666bb84171755d9955531e6151203c533db707086e82888b2386540	기계설비	기계설비공사	고소작업	고소작업	기계설비 > 기계설비공사 > 고소작업	CANONICAL_GAP				HOLD	NO
7dbb9233d0408e3b45d926de597b25db7b9ece4f609a152fa1d5b26460f76631	37f407965645405bc980687b83b0f37b2647c6bc15f32922b80ef4a0b9c586e0	df6fbe5b23ee09f8601a369c8d5758f13b17f760ef21dcd75ad8a2156deccb7b	건축	건축물 부대공사	타설작업	타설작업	건축 > 건축물 부대공사 > 타설작업	AMBIGUOUS	AMBIGUOUS			HOLD	NO
7dbff8d1c632e911b1feae0cbb4cc218a06d5c5e221fa7f2bc24e8c8ebd9a67d	af639997418873989ccc161215f2d99c4aff3b77538bc056a9581b7cdf1453df	b45486f292dde403a31c88157aa9a6b6888b5cd1eb5644d44dcab22dbbdc46b2	건축	건축 토공사	인발작업	인발작업	건축 > 건축 토공사 > 인발작업	POSSIBLE_RELATED	POSSIBLE_RELATED	06e686fc-0062-46af-b4f2-72027b7a4668	RockBolt축력및인발측정	HOLD	YES_HOLD_ONLY
7e06ead8aa11e28171edfe51806a3c7e9c8c6698e2257fe942c64b8d6ab74ed7	48a5519760e0b164ee8e7553abeea9cdf334cf40bcfa903b24a245a40209712e	a061f38c4032ce113a6f576c3b1cc9e096cea0537d9569ce5d979ff5ba3f86dd	토목	해체 및 철거공사	상차 및 하역작업	상차 및 하역작업	토목 > 해체 및 철거공사 > 상차 및 하역작업	CANONICAL_GAP				HOLD	NO
7e934dfdba35466433ee0580543f896f1b0b93cdc83c751a537829495f03f417	916e55109f77fd7ab911028e404599a101cdd4905be17f206873b0d9e0fb5ae8	0acdd6f6e91785bc8883ca863f907a312b6533f5b151215ca1f37fce8b9b3410	토목	가설공사	준비작업	준비작업	토목 > 가설공사 > 준비작업	AMBIGUOUS	AMBIGUOUS			HOLD	NO
7f88ec37fee306ec45d6ba52b523613d1885fb291e5fea4732417cff579ae834	1c1a998416696aa61b52a8d4dd28a322e34076e447050afd0f61c4f5feb727c4	d8e7b54e66d8e5a1bd480770883eae4b5b5ed79631b786d8f9b6c15db98d5ffe	건축	가설공사	해체작업	해체작업	건축 > 가설공사 > 해체작업	AMBIGUOUS	AMBIGUOUS			HOLD	NO
7fe80c275e8ef04a72f3d5739a25b16173409b60635bd524bd3c38e128e34e11	ad1e0e6831965ae9b1f5bf09ddc350d1d22944dcc3312dcfbe286eb1cf214bbf	a061f38c4032ce113a6f576c3b1cc9e096cea0537d9569ce5d979ff5ba3f86dd	건축	가설공사	상차 및 하역작업	상차 및 하역작업	건축 > 가설공사 > 상차 및 하역작업	CANONICAL_GAP				HOLD	NO
8026660f8b714f464a03a4a492193f7ab711abaeb09ae97050838fec9f9e06a2	ed647da4dfbe995fd88f096fea1970546f8b0eba1d5d826a561a851100b43122	3f2ad30b04758b15159d56b2e9482ef2dd91275b49c57160abcb94955d7e0064	건축	금속공사	보수 및 교체작업	보수 및 교체작업	건축 > 금속공사 > 보수 및 교체작업	CANONICAL_GAP				HOLD	NO
81111f03a2b033b6b4e58dc79ad1c281e6893b1c9bee2bb013f3d5bdfec88b56	314c14792f1f7fa12bb194733ce69e659275a6d24cb1016e7b13414f66793004	661b1eba5666bb84171755d9955531e6151203c533db707086e82888b2386540	건축	가설공사	고소작업	고소작업	건축 > 가설공사 > 고소작업	CANONICAL_GAP				HOLD	NO
81296955a74668c44a4b39b0d8b92c941f63bcf1aeb68fc426f4320c216132a3	80c5e92f2ea29da14c41c26d7684d191a1362e41c9455f19ac9ed078004384e4	b1d6b393b80eb3d2952fefdf0d7b27e2d89a40311350d9e8345f9cc2d1f846f1	토목	하천공사	굴착작업	굴착작업	토목 > 하천공사 > 굴착작업	AMBIGUOUS	AMBIGUOUS			HOLD	NO
814923dcd0d87631a45dce75dea859ec27fde7f7cfec77841870c8382ad514dc	231f5c782538a2b7e8fc5063250565932678dc142d61bc49e27dea04e18a097d	cf5fea65784d96e176786807861c6e1dc09cbf17dd41bc7cd1c340efc5171e1b	건축	가설공사	연결작업	연결작업	건축 > 가설공사 > 연결작업	AMBIGUOUS	AMBIGUOUS			HOLD	NO
818166b4379a62358c802e7193655eeef93f9955c837fa8e4246c3ff785c707b	3ea38f0e40338be5b37d7e33b8c7a535e391a4d1053139ca79cc1a3bbae182e4	a061f38c4032ce113a6f576c3b1cc9e096cea0537d9569ce5d979ff5ba3f86dd	건축	철골공사	상차 및 하역작업	상차 및 하역작업	건축 > 철골공사 > 상차 및 하역작업	CANONICAL_GAP				HOLD	NO
82adfab06d6983effa3b8cbd4f88b78a37c5ae6fb719d7daf7dae6297b92a6a6	cecd35c58f1428326de1d40cfbe74c317ceb0899dabdca20ac95972d26acd882	e7316cf9a23edc1490a432601f518b9184dc64c9b05170a4729e8a61ba35dfe4	토목	관공사	이동	이동	토목 > 관공사 > 이동	AMBIGUOUS	AMBIGUOUS			HOLD	NO
833816e0fd1d5483bcd13d719d22f1e30274f03c0e8649ccd43efb47f202dbcf	86edf34ffa8c4eb290c128c56ffae5f5989221334267d709026c9513b001d365	997f626aa64669e84021801d98f7e3a3606f7cf83769292b52db6dc016179421	토목	철근콘크리트공사	확인 및 점검작업	확인 및 점검작업	토목 > 철근콘크리트공사 > 확인 및 점검작업	AMBIGUOUS	AMBIGUOUS			HOLD	NO
8345a1ff440e630fb7f73846501025ad742dbf877da148b1e97f3edacb58fca8	6ac3a80b516f9822413f5a16264745c3da6535e59a5d41e94d256e16db88db91	472845d4fc3f329f9af4a3fd3c6136a2998126cc621e414a74dcd3496c2f3ed8	산업설비	산업설비공사	장약 및 발파작업	장약 및 발파작업	산업설비 > 산업설비공사 > 장약 및 발파작업	NARROWER_THAN	NARROWER_THAN	473d69ee-4433-487f-bc43-c35c1f2ea28f	발파굴착	UNDECIDED	YES
83bf36dbb96e70492ea7effe133fa983a5dad4a25811a76ee09a01c64b8cffc7	dd1d5287fdf3841aa10ce45fb64a5d26ff570391ea592b367d9c29c02f89c994	997f626aa64669e84021801d98f7e3a3606f7cf83769292b52db6dc016179421	건축	가설공사	확인 및 점검작업	확인 및 점검작업	건축 > 가설공사 > 확인 및 점검작업	AMBIGUOUS	AMBIGUOUS			HOLD	NO
846f3aa3261710788db3cb943ebcc43620ba4555e552c1943257d7b69362cbda	59435b7c2206e29abccd4645cec3cc46d54cd1e3ee79e5dd6108da74f067af75	079391c8343fceeb126f842f6d76e7031a22cbf92bceb56fd510d0b1e811b703	토목	토공사	벌목작업	벌목작업	토목 > 토공사 > 벌목작업	CANONICAL_GAP				HOLD	NO
8474a8b901eb731abf49c73858b5a0bcd18490d72f848e6fd93a846894b3d4c9	07b6c9195acdecc5dcd44618bb169fae45f64a15226a8e29d7334ac52c3744b3	29ae570d4c4b0f09a50eb0e1ef42e47bca89566fd489fcf6da31ca1acfecd808	토목	하천공사	쌓기작업	쌓기작업	토목 > 하천공사 > 쌓기작업	AMBIGUOUS	AMBIGUOUS			HOLD	NO
85d4295656d21f0a729221428511e9ce718e82f32befb94d755d113d7af81cce	692d9d024f6930d94437baa6361b92d15f4bb539f4ccb056f9d4cbc2e76d578b	b1d6b393b80eb3d2952fefdf0d7b27e2d89a40311350d9e8345f9cc2d1f846f1	토목	댐 및 제방공사	굴착작업	굴착작업	토목 > 댐 및 제방공사 > 굴착작업	AMBIGUOUS	AMBIGUOUS			HOLD	NO
866c35d97927a825628ce3d160b3e5bad792289a10cf1ecb5244b79aec6bf093	bc4f7c0e313ad8b7063074019fe083e84c0ba6fb75d75697fa06d6c0a5502965	f08aca2c9d1e728f9830094ce993aaaf91f6fee7a2c06e656f10d588e63b662f	전기설비	가설공사	전기작업	전기작업	전기설비 > 가설공사 > 전기작업	AMBIGUOUS	AMBIGUOUS			HOLD	NO
866f07366e370616524f90340a1a3c8e6c3afc97c39ed50995976b9f7380bc1f	327753f356d0a794d6671f3f806e527cd3aa21435b02ca04ea1decc6379027dc	b1d6b393b80eb3d2952fefdf0d7b27e2d89a40311350d9e8345f9cc2d1f846f1	건축	철골공사	굴착작업	굴착작업	건축 > 철골공사 > 굴착작업	AMBIGUOUS	AMBIGUOUS			HOLD	NO
86a832aa11a5c07c20f886f231d49dab3074bb7ee954d54e69aa77540af89fa0	bf7ece008e799cf1489159d6b505db076cdb393c463e7139cbd13f67258f768a	0acdd6f6e91785bc8883ca863f907a312b6533f5b151215ca1f37fce8b9b3410	토목	철도 및 궤도공사	준비작업	준비작업	토목 > 철도 및 궤도공사 > 준비작업	AMBIGUOUS	AMBIGUOUS			HOLD	NO
86b5b2fafe3b2ae0149663b52b02d2824093cb405f203af2dff6300a9810e07a	a40b5be4329db63b9b80afe18b785dda02d430d6ccbbb2e9a7eb4b00554bbb64	30dcdc5a76164fafc012336eacaf3c873d854adcb0be380e11d6dce61b78d8ab	토목	교량공사	인양작업	인양작업	토목 > 교량공사 > 인양작업	CANONICAL_GAP				HOLD	NO
86e168f570b361614d341be840bd00e9989d7d5090f95682fa0c57c08e8c9ae7	a7e1a7983bc312bb8ce91ff60bb95a5f79669aa4df849767fe5bdc010014f21f	f1403c0703a57a01edda9abee1bc15476d3c2ff0f5ef8724b106e5898e745a9d	토목	말뚝공사	양중작업	양중작업	토목 > 말뚝공사 > 양중작업	CANONICAL_GAP				HOLD	NO
88d302ac37d75594a6500f82897596ac4bd2c408ac1c101e8b44baa97c7ff650	aac090fef4da14e54bbd22f767525143dc0bb5c2cedf8d04f35983444b9155f7	65626010f2477ae09f3144563507bff74d27169c5612620470c3baef1297b869	토목	가설공사	운반작업	운반작업	토목 > 가설공사 > 운반작업	AMBIGUOUS	AMBIGUOUS			HOLD	NO
896068761cf8a972e1b0a05e531e5b39a96e31d2b815eeb7da439d5021723c3c	da5ae2fc34e154f94616c88df3083ef65e71b93a8da6a079450b469d47e34ba8	8c0b57e9750758e2b1fd5835c29669218c2a78a005a18c3ba85bcbd6857c7543	건축	지정공사	항타 및 항발작업	항타 및 항발작업	건축 > 지정공사 > 항타 및 항발작업	CANONICAL_GAP				HOLD	NO
89af46cd5164fc9103cf1805e0864be97adb727c14efe95ac591f982205516a1	50b433c1451221bded4c5446bf7e278229c545f62d931ce4f7887b4ae2edfe1c	b1d6b393b80eb3d2952fefdf0d7b27e2d89a40311350d9e8345f9cc2d1f846f1	토목	토공사	굴착작업	굴착작업	토목 > 토공사 > 굴착작업	AMBIGUOUS	AMBIGUOUS			HOLD	NO
89b589f128dc59e35121726e09163d62d9c2d50ffc528bbbd6eab31465628ac4	735133424a5e18e8440d7ca8ce4cc27409fa509c361dfc5135ad0cfdcd8a44ed	48105d18ac598a275b9d9af1d4c9dde59b1b0828183211841e868a38d688924f	건축	목공사	절단작업	절단작업	건축 > 목공사 > 절단작업	AMBIGUOUS	AMBIGUOUS			HOLD	NO
8a114d2d1daa9b331d055f2757075cc5f82c922d6aaadf7cee34c75ef6e55354	a24bc1a5be7dd9ef24584696ad3086702a705bfef93b41fb2440a1e48a2718e7	3c910f25b445bea6a92ceffeca88fb67009e4f969bf24270daecd9bfb850c5f8	기계설비	기계설비공사	용접작업	용접작업	기계설비 > 기계설비공사 > 용접작업	POSSIBLE_RELATED	POSSIBLE_RELATED	bf3841d0-71ea-4464-a7d9-d0dcdc3dfa33	궤도현장용접	HOLD	YES_HOLD_ONLY
8a7e2d793e9052d5db822e71f7b5fd06898271656126d82f8879c7b11702cba8	60ee0f862eee955226f361181d5cf1d663886a17ec4e627d3a3df0c4b6410690	bd0485e938079a0f3212b49f32b13b1e7a0d8d998700c754c64ba64251caeb2c	토목	프리캐스트 콘크리트공사	설치작업	설치작업	토목 > 프리캐스트 콘크리트공사 > 설치작업	AMBIGUOUS	AMBIGUOUS			HOLD	NO
8aca5a1c2ce44d2c697fe5870264d9c0d708f7d1872a720b40eb6a518e23bcab	baba8acdc48cb47d6b99046b8b5616f74650288aa9864c66ae6ab6ec59e9442d	bd0485e938079a0f3212b49f32b13b1e7a0d8d998700c754c64ba64251caeb2c	토목	도로 및 포장공사	설치작업	설치작업	토목 > 도로 및 포장공사 > 설치작업	AMBIGUOUS	AMBIGUOUS			HOLD	NO
8ada366c282c48101d7985784f1dcda3ff948e524aef45f3d47b1b9f0433e748	de266fbf51ac909692fd2e769b92a2a7d1bc97f5701604341b31e92ac0185a03	65626010f2477ae09f3144563507bff74d27169c5612620470c3baef1297b869	토목	철근콘크리트공사	운반작업	운반작업	토목 > 철근콘크리트공사 > 운반작업	AMBIGUOUS	AMBIGUOUS			HOLD	NO
8b86b7851a9bf1d82936a7762ded77a4c202ec95186aab9d625129aa284bd60f	81138553ad650138796df98fe46068a2adaac98eeab55c9b16cef32a73c97128	ef3b17761779d30710ba66b1a0c39ad7c3360cd385349525037715f2c5f8f48c	토목	철도 및 궤도공사	거치작업	거치작업	토목 > 철도 및 궤도공사 > 거치작업	AMBIGUOUS	AMBIGUOUS			HOLD	NO
8b8d915221d434079caf9deb6c253a2571c305777b605e5dede52ec1cbecada5	c2753283abacd02897a0b04a3b5db6d515cd7f6b578a20d469da221f4a10a4d4	0a231c9f8bb1d0ae86a92ecd91221a878a2443b1bb2ef64af154f0249d5c788c	건축	철근콘크리트공사	설비작업	설비작업	건축 > 철근콘크리트공사 > 설비작업	AMBIGUOUS	AMBIGUOUS			HOLD	NO
8c03b3a3a428c9354632c8f574ff10727ef44b51032fc026802e21a4474e3334	f92054875c4dfe1f021617edd92a24d64e84d3498466ccbca73c36b8116e7ef8	e7316cf9a23edc1490a432601f518b9184dc64c9b05170a4729e8a61ba35dfe4	토목	지반개량공사	이동	이동	토목 > 지반개량공사 > 이동	AMBIGUOUS	AMBIGUOUS			HOLD	NO
8c2b8666180d91483787d8b35d4e005654434b997ca3b67e0c25e8d7b18b57df	bbcd4f3d3736fa7c3cdb8e908119754bad12e0aa98bc661e9dbe352666bf0bb4	b1d6b393b80eb3d2952fefdf0d7b27e2d89a40311350d9e8345f9cc2d1f846f1	전기설비	전기설비공사	굴착작업	굴착작업	전기설비 > 전기설비공사 > 굴착작업	AMBIGUOUS	AMBIGUOUS			HOLD	NO
8c3d0aef01d79719bd63b6a35807a16fea33b59301f1f7f3a2e7957dced9ddc0	402f200590d05a7dd1ddd4d0940c0d561505dbfb85243f5a95454b68b4691822	4ca71b41bfbd8dcb80a9d8059a77d8c0e600cae75fbef1caa99f4dad989f04b7	건축	도장공사	정리작업	정리작업	건축 > 도장공사 > 정리작업	AMBIGUOUS	AMBIGUOUS			HOLD	NO
8c3dec5fca5e69e3342ec34b3d856abd4f3ad5c0beaf630197d44ccb123d97d5	90b1524398f89329ce3f9e50ebea9330c2c4127f95fbefd19b6afaef3e6dfe34	661b1eba5666bb84171755d9955531e6151203c533db707086e82888b2386540	토목	댐 및 제방공사	고소작업	고소작업	토목 > 댐 및 제방공사 > 고소작업	CANONICAL_GAP				HOLD	NO
8c6328f6be1798acd9e836486cb0fe952e06589eb81a2bb3359f8344553a3208	7dfc2be848ba1cb7938ddac3cd6aeaad8c0292a8e980d1d05328faf6a52f18fb	e887ede926e89a1e5cacb4680a187b2a5881475e353235e12a6a8598b51f0cb2	기계설비	기계설비공사	조립작업	조립작업	기계설비 > 기계설비공사 > 조립작업	AMBIGUOUS	AMBIGUOUS			HOLD	NO
8c7f67064bcca5261a11eed8e32b882aa54bdf5461ad60d6f6a43c79ae2c40fb	c15363094e937f2ef39cc7b60e83804db186b5c4262522dbea95a9472248cae2	e887ede926e89a1e5cacb4680a187b2a5881475e353235e12a6a8598b51f0cb2	토목	토공사	조립작업	조립작업	토목 > 토공사 > 조립작업	AMBIGUOUS	AMBIGUOUS			HOLD	NO
8cf8b6425d3770f8dba2b49f16ebf066b8377b8134999a96ae45df4c4a8b1e4a	adf97204c556e7a8ce81b5c9c5568e3259eab44c8d11eb98cf4f16812445f9f6	f08aca2c9d1e728f9830094ce993aaaf91f6fee7a2c06e656f10d588e63b662f	기타	기타	전기작업	전기작업	기타 > 기타 > 전기작업	AMBIGUOUS	AMBIGUOUS			HOLD	NO
8d02f9caecb02195c6f4558c3c46176e2656298db52eaf20c137e53f4c350b74	7db863a867338eb9a49b4e4095b282175a5020119752119f2d34fd455e64ac22	e7316cf9a23edc1490a432601f518b9184dc64c9b05170a4729e8a61ba35dfe4	건축	지정공사	이동	이동	건축 > 지정공사 > 이동	AMBIGUOUS	AMBIGUOUS			HOLD	NO
8d383cbdfd3e05d97afddf8532af80aa2b44b40bf8cfeec19564cd0dca60ee64	d5f1015ffb456255b8e05cadf9f9561b810bc45505681f6c9ad4aaa43ba089b4	df6fbe5b23ee09f8601a369c8d5758f13b17f760ef21dcd75ad8a2156deccb7b	토목	가설공사	타설작업	타설작업	토목 > 가설공사 > 타설작업	AMBIGUOUS	AMBIGUOUS			HOLD	NO
8de86823d782de8231f4f59533d3a106976aeddea04c2582642aa68ec491394c	bd8a00004d7291710d611937d0030740a29bae3404bc04938be3c5e8179f356a	0acdd6f6e91785bc8883ca863f907a312b6533f5b151215ca1f37fce8b9b3410	건축	건축물 부대공사	준비작업	준비작업	건축 > 건축물 부대공사 > 준비작업	AMBIGUOUS	AMBIGUOUS			HOLD	NO
8e67193413785d5c417985349999e2a913dd75013c7200415a487fd3bea4e9ad	2bf89858e6d989dca0d10401343ff890ad0552e0b1589ea97b84f9a3e2dde1ee	cf5188a72ceab1ccd264117d85b4fdfffe7d059db4a699c96f8558861c4e4bcb	토목	항만공사	부설 및 다짐작업	부설 및 다짐작업	토목 > 항만공사 > 부설 및 다짐작업	CANONICAL_GAP				HOLD	NO
8e74446d6c2195b9f1b31d0c51ffdf51452203bd9224f171d0353be66a00c483	cf56827e98d6082a3490aaf96b6c028050d00f2c7dfbda47c1ee54e2bddfe3d3	8f4821b340cc01494514c5b5320076f222f0a8f76a1c09fd37882b02a4f546a5	토목	도로 및 포장공사	도장작업	도장작업	토목 > 도로 및 포장공사 > 도장작업	AMBIGUOUS	AMBIGUOUS			HOLD	NO
8eed480e3614f879c16fe78c3c07c1ab8c9b12dea25f8adcdc4505b8d9bf57be	279f5b5057fc5fb8ce4b04db372c20e67d5695da75fdbd4d7c7de9a72c3ae50c	bd0485e938079a0f3212b49f32b13b1e7a0d8d998700c754c64ba64251caeb2c	토목	철근콘크리트공사	설치작업	설치작업	토목 > 철근콘크리트공사 > 설치작업	AMBIGUOUS	AMBIGUOUS			HOLD	NO
8f0da709616225a895586c80c775c59f4e83fc84af280fea217b19d52d6ba26b	00a83519381c000b3910a8f643aa18ef1f6e88b9638db25d0fe85bb737721f95	661b1eba5666bb84171755d9955531e6151203c533db707086e82888b2386540	건축	창호 및 유리공사	고소작업	고소작업	건축 > 창호 및 유리공사 > 고소작업	CANONICAL_GAP				HOLD	NO
8f32dc866bf573218a98bcbc9283a054eb0c65fdc43c9d53600adfc5336b9713	d983159cdf2d1ca6a130c32267eb1a9eef6ddcac2a44a89449662671256f6b9b	0e7cb038dc0a2250f2c8fc713582ed2fe79cbe67f5e9c0b08c8c8a43ef13900f	건축	가설공사	적재작업	적재작업	건축 > 가설공사 > 적재작업	CANONICAL_GAP				HOLD	NO
8f63d16d5475c174aeb3c776651227cd9125302ad5f3bd7d67873070ceedb88a	72e0b829ffb2b9db329cab64a1f5a75f323e3e3f60c92684dfd66568ffcb83f6	0e7cb038dc0a2250f2c8fc713582ed2fe79cbe67f5e9c0b08c8c8a43ef13900f	토목	철도 및 궤도공사	적재작업	적재작업	토목 > 철도 및 궤도공사 > 적재작업	CANONICAL_GAP				HOLD	NO
8f872a7ecaf60f1ef38b1c59d636ad62e1bae5ac9d7f23f31af7f75f2a8b112d	d2bf2183aaac17cf2c2e72d750296796c60fb8ec3f8af6a4412b93eb0986b527	f08aca2c9d1e728f9830094ce993aaaf91f6fee7a2c06e656f10d588e63b662f	토목	하천공사	전기작업	전기작업	토목 > 하천공사 > 전기작업	AMBIGUOUS	AMBIGUOUS			HOLD	NO
8fa0926071145ab4caced1556b11b6a8759f206142946fd87d66c669fe132d0b	23cabd87323888f67ceb47cbdb4adb50cbe1cdc93b4611db6e915da9c5926606	48105d18ac598a275b9d9af1d4c9dde59b1b0828183211841e868a38d688924f	토목	철근콘크리트공사	절단작업	절단작업	토목 > 철근콘크리트공사 > 절단작업	AMBIGUOUS	AMBIGUOUS			HOLD	NO
8fd4a37e6a88df0069b95525d554eae2d88dbe003033239f561c2d3b65d88d99	536eeb52464a171515613bca242088c5acd0d330df8441fefab020de309c128c	f6361061b822a9a71314c4764e7bdc336f7ab6f9979c095e10c4c657a166e203	건축	건축 토공사	천공작업	천공작업	건축 > 건축 토공사 > 천공작업	AMBIGUOUS	AMBIGUOUS			HOLD	NO
8fee6f195d0a85d01048ecfecced702031f258fe62fb9148c49248618ee16970	aab4f954e3ef93cc1c0b5638394836998519dbd1104bc8f74c471bbcc5ab3cc9	e887ede926e89a1e5cacb4680a187b2a5881475e353235e12a6a8598b51f0cb2	건축	철골공사	조립작업	조립작업	건축 > 철골공사 > 조립작업	AMBIGUOUS	AMBIGUOUS			HOLD	NO
900ea11b6af7fc49a1d728fed27cd68bb3c61ce1d82fea046b8178c314030cc1	a31f569d510a2f20401b24b9d7cf50fc0a1e35701771fac04e211b875112ad66	3c910f25b445bea6a92ceffeca88fb67009e4f969bf24270daecd9bfb850c5f8	건축	해체 및 철거공사	용접작업	용접작업	건축 > 해체 및 철거공사 > 용접작업	POSSIBLE_RELATED	POSSIBLE_RELATED	bf3841d0-71ea-4464-a7d9-d0dcdc3dfa33	궤도현장용접	HOLD	YES_HOLD_ONLY
9020889ec7e1a00fc6184b2ada68a3f2f60ee01759d9bd012d30653c251dc88b	75670533b6aa835e5a7b46eaf724b1151b6b1b0b8d30afe296748cc4d773613d	3c910f25b445bea6a92ceffeca88fb67009e4f969bf24270daecd9bfb850c5f8	토목	강구조물공사	용접작업	용접작업	토목 > 강구조물공사 > 용접작업	POSSIBLE_RELATED	POSSIBLE_RELATED	bf3841d0-71ea-4464-a7d9-d0dcdc3dfa33	궤도현장용접	HOLD	YES_HOLD_ONLY
90d83807d038f14e7b2cb3f7b475d86336090497635406c87b195404ab07a8ab	b8e4a586e16d02992f7342cfb8e017363d5801f80a9614fac13f10091f3a3c47	65626010f2477ae09f3144563507bff74d27169c5612620470c3baef1297b869	토목	강구조물공사	운반작업	운반작업	토목 > 강구조물공사 > 운반작업	AMBIGUOUS	AMBIGUOUS			HOLD	NO
90e0592fced11316339dbe4cd96e02472686ae7561332721d90b7d13dc8107a3	133d647ba4199c08b7a4a0768fe4e04c6509efe924d2e94dde6b1edfc8679d7a	3c910f25b445bea6a92ceffeca88fb67009e4f969bf24270daecd9bfb850c5f8	토목	철도 및 궤도공사	용접작업	용접작업	토목 > 철도 및 궤도공사 > 용접작업	POSSIBLE_RELATED	POSSIBLE_RELATED	bf3841d0-71ea-4464-a7d9-d0dcdc3dfa33	궤도현장용접	HOLD	YES_HOLD_ONLY
9139768d81cea589b2caeeb78d7070ce48bb62dfdab4df3d5a853b793cdce456	a61d4c8bd691e880b7a152cfba6dce019746923498a212995d85a56c636ee65a	3c910f25b445bea6a92ceffeca88fb67009e4f969bf24270daecd9bfb850c5f8	토목	토공사	용접작업	용접작업	토목 > 토공사 > 용접작업	POSSIBLE_RELATED	POSSIBLE_RELATED	bf3841d0-71ea-4464-a7d9-d0dcdc3dfa33	궤도현장용접	HOLD	YES_HOLD_ONLY
9223c3671cd6c57f4862fbaf154e41c418e1abfcd88f08a36173ac2d398e5e3a	28fe4c3830476a3710715efb6acafa826db847472ba10ce953192e26f9747bd2	b1d6b393b80eb3d2952fefdf0d7b27e2d89a40311350d9e8345f9cc2d1f846f1	토목	철도 및 궤도공사	굴착작업	굴착작업	토목 > 철도 및 궤도공사 > 굴착작업	AMBIGUOUS	AMBIGUOUS			HOLD	NO
9248a82569d800053e11ddfc3987a419cef6d00267b6b211b62ce2ba13b62769	8cca42b213d17baac3f5267dc243c3ae13706bad85eb67e5f9ee7f6e5f4f781a	661b1eba5666bb84171755d9955531e6151203c533db707086e82888b2386540	토목	강구조물공사	고소작업	고소작업	토목 > 강구조물공사 > 고소작업	CANONICAL_GAP				HOLD	NO
927f87d33a587899d26c30da15382dae5779761049290c31db04e541753f46ba	0a82cb3916169bd865adbc9ffc584f4aa243ba9671da338dfe6f1cbe46ce42e9	f1403c0703a57a01edda9abee1bc15476d3c2ff0f5ef8724b106e5898e745a9d	건축	창호 및 유리공사	양중작업	양중작업	건축 > 창호 및 유리공사 > 양중작업	CANONICAL_GAP				HOLD	NO
9287afa90d4c6e5e6e6ccc86c674afcc18a88d08d70275d1d29efacc380f6fb0	583ff83f630c8d145a01525342574db6487926b7aea3e2607e0eb70fda62d4ed	f1403c0703a57a01edda9abee1bc15476d3c2ff0f5ef8724b106e5898e745a9d	토목	도로 및 포장공사	양중작업	양중작업	토목 > 도로 및 포장공사 > 양중작업	CANONICAL_GAP				HOLD	NO
92a289309a90436e187cd5ebd1c5d02cf2c536ac721336d014799cd2ecadbe07	d23dcf71e398101a66470e09eb16a24cf1dd3bc87ab5610c5efd9f68cb40f80b	079391c8343fceeb126f842f6d76e7031a22cbf92bceb56fd510d0b1e811b703	건축	목공사	벌목작업	벌목작업	건축 > 목공사 > 벌목작업	CANONICAL_GAP				HOLD	NO
92c5650e3fc884552975fe77c77c8a43573d5612be470d99a1e5de07c6c64d8b	d2f9df12211fc80e3b60649470da928e91c19a0a41406e80a396af01c0e91aa2	d8e7b54e66d8e5a1bd480770883eae4b5b5ed79631b786d8f9b6c15db98d5ffe	토목	해체 및 철거공사	해체작업	해체작업	토목 > 해체 및 철거공사 > 해체작업	AMBIGUOUS	AMBIGUOUS			HOLD	NO
92cbfa4d1f1c4d78e40d6f8ef25d4fd8b761093e0550cde4c5c311049e46be90	30eccca0f82d41254104383267752686c05c5b33d83d3c8a56579999455c6972	0756c82cf78ed670c83363f3233e0d198432bafe0a422ed6fc857ca0754e82cc	건축	건축 토공사	반출작업	반출작업	건축 > 건축 토공사 > 반출작업	CANONICAL_GAP				HOLD	NO
9379793dd7cc263c5cf0eaf0ee0505b7f43d5fca891998696d4dfb5e33e68a03	8f32ab3b22f856834c24b9aba7fa43b2a0bfe1eccd19f163a49c64b2221957af	3c910f25b445bea6a92ceffeca88fb67009e4f969bf24270daecd9bfb850c5f8	건축	건축 토공사	용접작업	용접작업	건축 > 건축 토공사 > 용접작업	POSSIBLE_RELATED	POSSIBLE_RELATED	bf3841d0-71ea-4464-a7d9-d0dcdc3dfa33	궤도현장용접	HOLD	YES_HOLD_ONLY
93900d6462990e0fb9aa4beb49bb64315c0f54509032994a4274e43f60e5eb31	a529b112574facff1758c27531da7355265b7ef3cc908d5fa307b9b5961a638c	1391ca1476e71a2d09c59834e96ab8f45c21ffbf53cce7ae23aed2c4783d2299	토목	말뚝공사	마감작업	마감작업	토목 > 말뚝공사 > 마감작업	AMBIGUOUS	AMBIGUOUS			HOLD	NO
93abc8a9afa0dd487c91175defc3513888df44639459d4dacb648b3a3c77deee	b5ee77b08194f00a96bea845f20da113ca2624274462eeef11cbbd5bf3823738	19af917f9c96e6e96b984e95c53a93ad9ab35457202511f7b151a8681accecfc	토목	가설공사	매설작업	매설작업	토목 > 가설공사 > 매설작업	CANONICAL_GAP				HOLD	NO
93de96a64fc54f735de055887cf6b6c74de8f9ff419e93abe016a5934d707236	0097dddcf5c3cd91b17fc9e6e896c79e5f95974c60bedd1b6dc29f023f837082	661b1eba5666bb84171755d9955531e6151203c533db707086e82888b2386540	토목	토공사	고소작업	고소작업	토목 > 토공사 > 고소작업	CANONICAL_GAP				HOLD	NO
94303c828311b54739227fb6cd61807b35b7bda1c260360d2834707460cca5ac	af86e3b24bffe048a4d74a2d0c5d2881c059e96bcaca2fb1c9008193466cca36	2952b47b898b60f09f2cd04e8217794992537f4b967d23dee4d2a8bf2aeb3258	건축	건축 토공사	정비작업	정비작업	건축 > 건축 토공사 > 정비작업	CANONICAL_GAP				HOLD	NO
944d87c364f3c02e90808bdf0eaf9de8ad4ddc95819160f95410d011ca1f9598	65abba2abd406e73842f0b520bec95ccbf31d95d32b1e13160648e6bf4aa1167	f6361061b822a9a71314c4764e7bdc336f7ab6f9979c095e10c4c657a166e203	토목	토공사	천공작업	천공작업	토목 > 토공사 > 천공작업	AMBIGUOUS	AMBIGUOUS			HOLD	NO
94b07745219831dbec7d0c6b50a6e97e1255669c9c5037e7d31459338c1c8782	2f16c148daa3a36fc446ff9792c10c01945a7d9af1fc5289fa4f19c1c8046f3e	ffb965e265ea89a5f9caa94da676c09b040a85aa3d1e01d2a0b89550f6a1e3d9	토목	가설공사	형틀 및 목공	형틀 및 목공	토목 > 가설공사 > 형틀 및 목공	CANONICAL_GAP				HOLD	NO
952e02fbb01cac8e745a19b8d757de54cd05ea4e182535c22d41cc7c50e648d8	7a3adf5c3cac8717c12b0f395789aa42104ab0246046f1d11acc1aa71e2e9bbf	df6fbe5b23ee09f8601a369c8d5758f13b17f760ef21dcd75ad8a2156deccb7b	토목	도로 및 포장공사	타설작업	타설작업	토목 > 도로 및 포장공사 > 타설작업	AMBIGUOUS	AMBIGUOUS			HOLD	NO
952fa9bfcde51d7c8c5d8ef46499141741cd0bcf8c01c383155423ba167fc03b	59127e17e22e88a9bbd7cfd935127885b4f6c71ee8d345168b1cca891154721a	8f4821b340cc01494514c5b5320076f222f0a8f76a1c09fd37882b02a4f546a5	토목	관공사 부대공사	도장작업	도장작업	토목 > 관공사 부대공사 > 도장작업	AMBIGUOUS	AMBIGUOUS			HOLD	NO
9532f5fb58bdd7df91760b6c520845ba0dcd4e5dbea947d82b1dfa2cb99c971c	7d60d03bf64afe033f79d4eb0446aed8405906be22c485d573a978f1736d9cbc	19af917f9c96e6e96b984e95c53a93ad9ab35457202511f7b151a8681accecfc	토목	말뚝공사	매설작업	매설작업	토목 > 말뚝공사 > 매설작업	CANONICAL_GAP				HOLD	NO
95754107a858971c616da5bc2e6880ef3a1246ac538287661d445fcd9251ae8e	02cac3f1481582d8de5c1aa31907cb0e86bc45bde5a5240052147ca227868b45	30dcdc5a76164fafc012336eacaf3c873d854adcb0be380e11d6dce61b78d8ab	토목	터널공사	인양작업	인양작업	토목 > 터널공사 > 인양작업	CANONICAL_GAP				HOLD	NO
95a8a5e735b229070e1e469124ef2a0edde1ae4c757e837b5f725ff113e545d0	df80632f6ecf87db0827df7f3e5f95fc50a2c7c52e5b492a48be9d19cbd8dde6	bd0485e938079a0f3212b49f32b13b1e7a0d8d998700c754c64ba64251caeb2c	전기설비	전기설비공사	설치작업	설치작업	전기설비 > 전기설비공사 > 설치작업	AMBIGUOUS	AMBIGUOUS			HOLD	NO
95ac227ac268085e2fd7ae18c656f75c4ff0c6dd1ef89faf47ea5f3ed563e29c	f2a6b4c10b3a5b6d9fd2f54431fef25b8ae28f74fe2904c71c27adbe39c48399	65626010f2477ae09f3144563507bff74d27169c5612620470c3baef1297b869	건축	철근콘크리트공사	운반작업	운반작업	건축 > 철근콘크리트공사 > 운반작업	AMBIGUOUS	AMBIGUOUS			HOLD	NO
95fb337f59c169fc538ddcf3274856ad0d71e0c4637a39de9ac2d98b975864e7	bc6cf1e93bf909bfde5eb3e0fe5a550f9963560d23e99762d6cd182347c19ed9	e7316cf9a23edc1490a432601f518b9184dc64c9b05170a4729e8a61ba35dfe4	건축	가설공사	이동	이동	건축 > 가설공사 > 이동	AMBIGUOUS	AMBIGUOUS			HOLD	NO
96120419dde7b52811d2ab305e52aff5d8dd86475516de06d0ec243ac39f2254	c284c58a7d300c449a422a04770801985ac5ac24d7b1886c3fa386eaa283c8a5	472845d4fc3f329f9af4a3fd3c6136a2998126cc621e414a74dcd3496c2f3ed8	토목	댐 및 제방공사	장약 및 발파작업	장약 및 발파작업	토목 > 댐 및 제방공사 > 장약 및 발파작업	NARROWER_THAN	NARROWER_THAN	473d69ee-4433-487f-bc43-c35c1f2ea28f	발파굴착	UNDECIDED	YES
96565a0d69dfb457fe82400a73a09db31cc771190196201abbdf64ac0436927f	d9b354f39b63b3c8a1deadef8d59b7d4700c1f255a6db0b8ef728afa5e872a2e	30dcdc5a76164fafc012336eacaf3c873d854adcb0be380e11d6dce61b78d8ab	산업설비	산업설비공사	인양작업	인양작업	산업설비 > 산업설비공사 > 인양작업	CANONICAL_GAP				HOLD	NO
96bd5ab1b31b8e57b3d2f00516ea09773e46c7942b7a5476bd573f7234701881	a22b5843d3b973363f82e306b89f08b0e348948e9d2c617580311b1718691c52	8c0b57e9750758e2b1fd5835c29669218c2a78a005a18c3ba85bcbd6857c7543	토목	말뚝공사	항타 및 항발작업	항타 및 항발작업	토목 > 말뚝공사 > 항타 및 항발작업	CANONICAL_GAP				HOLD	NO
96e37c8fbc9de702a24c55ac9aa2aa33e62939ba7178dc0555d0c57edc4afa66	5667b5e17fb5c74c62c897783d67f3a125e9ba7fa698de5adb02788c2f1c954c	997f626aa64669e84021801d98f7e3a3606f7cf83769292b52db6dc016179421	토목	교량공사	확인 및 점검작업	확인 및 점검작업	토목 > 교량공사 > 확인 및 점검작업	AMBIGUOUS	AMBIGUOUS			HOLD	NO
971379f6a18451bd69eb5289d5ee7b1c55ed68bfaaa2733d2f9c864e73757756	faf2dd6b142833276fabeefc0bd26f34ba9d948480f23037ea38fbd670240657	65626010f2477ae09f3144563507bff74d27169c5612620470c3baef1297b869	건축	건축 토공사	운반작업	운반작업	건축 > 건축 토공사 > 운반작업	AMBIGUOUS	AMBIGUOUS			HOLD	NO
97a76283a8f1a9c66904f9f156c1d1946865d6bcc2c9b908b9d15dae45a1a390	b4a4ed976e87730e65904ef0bfff524447c5729463b05d4dcc08384a55b6243b	e887ede926e89a1e5cacb4680a187b2a5881475e353235e12a6a8598b51f0cb2	건축	금속공사	조립작업	조립작업	건축 > 금속공사 > 조립작업	AMBIGUOUS	AMBIGUOUS			HOLD	NO
97f4b3fb8edeb04828cea2e4ddaaabd93fe28dc47aaf56ebc49f10eaa7b1715d	afdb0c17ff15b0dac0b8ce629338fec96f55b3fc3e3e6dd40b902572abcd34fc	48105d18ac598a275b9d9af1d4c9dde59b1b0828183211841e868a38d688924f	토목	해체 및 철거공사	절단작업	절단작업	토목 > 해체 및 철거공사 > 절단작업	AMBIGUOUS	AMBIGUOUS			HOLD	NO
98056ecaba5ff4d60031c27530a8b21cc4fe24e3869fc2f0fc5138fc4ccaf72e	0654e054ec2b6917feb07246dc304ced364fed6f806e2669326ab9b3bb156f58	8f4821b340cc01494514c5b5320076f222f0a8f76a1c09fd37882b02a4f546a5	건축	도장공사	도장작업	도장작업	건축 > 도장공사 > 도장작업	AMBIGUOUS	AMBIGUOUS			HOLD	NO
9831d23067f85b4ec97dd55f1027f1f0499a7820fa0d8192d37da709cb98f414	1db3a20a118673099b335c258f081a4f2825b9f51e47ff441d77a92d690e817a	f08aca2c9d1e728f9830094ce993aaaf91f6fee7a2c06e656f10d588e63b662f	토목	토공사	전기작업	전기작업	토목 > 토공사 > 전기작업	AMBIGUOUS	AMBIGUOUS			HOLD	NO
984cb2a14b59b865599fe8e2e5255c6274b89a4e3b95756f1854a039c6bd2d6f	2ca3dbfad566db8a7760e4edcec39398a92f0b9331c428468ac01e7d96e2bea7	cf5188a72ceab1ccd264117d85b4fdfffe7d059db4a699c96f8558861c4e4bcb	토목	철근콘크리트공사	부설 및 다짐작업	부설 및 다짐작업	토목 > 철근콘크리트공사 > 부설 및 다짐작업	CANONICAL_GAP				HOLD	NO
9866b16bec5b0e164a96fccd4fddcabe53e4defe81c0ec8bfb71678ab13657d1	0e46fcc2622578dab7af5a519f1dc435a8c18a6935a08b5a9d80549136686867	df6fbe5b23ee09f8601a369c8d5758f13b17f760ef21dcd75ad8a2156deccb7b	건축	건축 토공사	타설작업	타설작업	건축 > 건축 토공사 > 타설작업	AMBIGUOUS	AMBIGUOUS			HOLD	NO
9870305f1ec728f26cb76b90cf3a986d80c1584ac58581657e422a527bc38a21	bbb054942c4d4f9ec5f331b9fd965a1762e412fe9f1a564cd6833312749d8085	ffb965e265ea89a5f9caa94da676c09b040a85aa3d1e01d2a0b89550f6a1e3d9	건축	가설공사	형틀 및 목공	형틀 및 목공	건축 > 가설공사 > 형틀 및 목공	CANONICAL_GAP				HOLD	NO
99149cbaaee1304d461c3783b6658a414426ba0d30f12b903226142342420e92	8c4887a21cb3454372f9fbde792d40e9137c3dae964109dd0c6000797f02525f	e7316cf9a23edc1490a432601f518b9184dc64c9b05170a4729e8a61ba35dfe4	건축	도장공사	이동	이동	건축 > 도장공사 > 이동	AMBIGUOUS	AMBIGUOUS			HOLD	NO
992351cba9755683f7fd4f417e2e87269053da494bdab5f8bdd6f21c2c2f1ba6	1d8ffb35a36be108b222ff5369126f90b636b098ade7cd3e79327fc667f9cc7d	f1403c0703a57a01edda9abee1bc15476d3c2ff0f5ef8724b106e5898e745a9d	건축	지정공사	양중작업	양중작업	건축 > 지정공사 > 양중작업	CANONICAL_GAP				HOLD	NO
997332374c03f693c4208a80b79db81d6eabc2f729525507da3829adc059cb8f	5978a1ce5cd5e658688715c5f4f6aa3eb25dd0b46ccdcbf1a6de511d10393a73	1391ca1476e71a2d09c59834e96ab8f45c21ffbf53cce7ae23aed2c4783d2299	건축	철근콘크리트공사	마감작업	마감작업	건축 > 철근콘크리트공사 > 마감작업	AMBIGUOUS	AMBIGUOUS			HOLD	NO
99f808a66be0b1785e12aff0cccfdcbc97de6c864a9aaca93fdfcf79b0c4d179	df8eb22d822480d030807119ce31bc769ad00a80b76ad7b4003b85393bc36a35	0a231c9f8bb1d0ae86a92ecd91221a878a2443b1bb2ef64af154f0249d5c788c	기계설비	기계설비공사	설비작업	설비작업	기계설비 > 기계설비공사 > 설비작업	AMBIGUOUS	AMBIGUOUS			HOLD	NO
9a9a40c708941d871821ca102bc63435ee02384dc734b170a02063bd560e1047	835a21a56fc745a480c7f4624dda721858e12bf4058d1403ff8782c8a08547e3	48105d18ac598a275b9d9af1d4c9dde59b1b0828183211841e868a38d688924f	건축	철골공사	절단작업	절단작업	건축 > 철골공사 > 절단작업	AMBIGUOUS	AMBIGUOUS			HOLD	NO
9a9f868dac3348eed4101d40672472e632178ce1cd1f0be70bc364861617eca9	4eb843b8cdfb84b2c3ec0589684487d5a9eb641ef2636f4a99693f99bc8e887b	8c0b57e9750758e2b1fd5835c29669218c2a78a005a18c3ba85bcbd6857c7543	토목	지반조사	항타 및 항발작업	항타 및 항발작업	토목 > 지반조사 > 항타 및 항발작업	CANONICAL_GAP				HOLD	NO
9b218b5a15f8b7fcf4108972c4195df80e870bca7a5a93ced861d8bef7d4f9bf	d52a1f7e1a7d8d4b25ad464755139babd7bc933192a93baee6e7771a67e46cfb	29ae570d4c4b0f09a50eb0e1ef42e47bca89566fd489fcf6da31ca1acfecd808	토목	강구조물공사	쌓기작업	쌓기작업	토목 > 강구조물공사 > 쌓기작업	AMBIGUOUS	AMBIGUOUS			HOLD	NO
9bbc644c3a6e6389f2e96af73588f1c96bf77d65be773443530bc3860e0e2998	dff26cfe4d653bff731c363bbc673437a1e8f378f4cb9d55bf47bcc4d379938b	0acdd6f6e91785bc8883ca863f907a312b6533f5b151215ca1f37fce8b9b3410	토목	말뚝공사	준비작업	준비작업	토목 > 말뚝공사 > 준비작업	AMBIGUOUS	AMBIGUOUS			HOLD	NO
9c751b9c8e81b180bb2cb33fff11938d67c315bcc51aa0656e614796a8e7c1b8	afaacb47979aba7f929741ece1c5128f70d4fd830212a6a9908aba02a44569b9	1391ca1476e71a2d09c59834e96ab8f45c21ffbf53cce7ae23aed2c4783d2299	토목	하천공사	마감작업	마감작업	토목 > 하천공사 > 마감작업	AMBIGUOUS	AMBIGUOUS			HOLD	NO
9c908b3a350cad3782bbf05920e07e4c3e950db60d51e4126986b71aba9ce199	110cc141ecf120e50d5ccdcb1b36f44c278d69f5cf68f42364b39aedbe2ba3b1	f6361061b822a9a71314c4764e7bdc336f7ab6f9979c095e10c4c657a166e203	토목	도로 및 포장공사	천공작업	천공작업	토목 > 도로 및 포장공사 > 천공작업	AMBIGUOUS	AMBIGUOUS			HOLD	NO
9d505bf95a0eb4ad8242c319b5ee02dfc3fcf1ee0a054c57910bc97d92b31358	f145a6623bf9aaa357115492c92755024a923063f148d8ca1f00833f025dc547	0e7cb038dc0a2250f2c8fc713582ed2fe79cbe67f5e9c0b08c8c8a43ef13900f	건축	건축물 부대공사	적재작업	적재작업	건축 > 건축물 부대공사 > 적재작업	CANONICAL_GAP				HOLD	NO
9da31b6408604420008d847190b5abaa177f123aebb15c8ff354753f8b2d359e	8cabd2f154e147ffe35a1dd2aa4a79a2bc61909c494dd94aeec050853cc22e7a	1391ca1476e71a2d09c59834e96ab8f45c21ffbf53cce7ae23aed2c4783d2299	전기설비	전기설비공사	마감작업	마감작업	전기설비 > 전기설비공사 > 마감작업	AMBIGUOUS	AMBIGUOUS			HOLD	NO
9ed8c0f94f2bd94bb208fb3c15a1066949e908fd02621ea1204093306a19cf94	2d9e0f6d603bde1bee9515118a1b370e2404e3168875a3bf1008478748238860	d8e7b54e66d8e5a1bd480770883eae4b5b5ed79631b786d8f9b6c15db98d5ffe	산업설비	산업설비공사	해체작업	해체작업	산업설비 > 산업설비공사 > 해체작업	AMBIGUOUS	AMBIGUOUS			HOLD	NO
9f01adbcba4bee9dafd11893db78cc5cbdc670f7bb15c4e839b93e8a1784316a	1b1a4ea8dbdd4e3903d3ed3173385492323f52dd0c21af7f8ac3a093d392f053	4ca71b41bfbd8dcb80a9d8059a77d8c0e600cae75fbef1caa99f4dad989f04b7	건축	건축 토공사	정리작업	정리작업	건축 > 건축 토공사 > 정리작업	AMBIGUOUS	AMBIGUOUS			HOLD	NO
9f03333aab19a55bde4283c38f8885d4885e084b133c68cad0b8099083f8598b	94a5442c0ad0a52837f0e81e9f60cd0ab73ef8e7c00158a27916e3eec011d8a4	282d033d279da81ab42162f2cdf4c2bf2ba05e217d927dc36197cd732c5a3b97	건축	조적공사	기타	기타	건축 > 조적공사 > 기타	NO_MATCH	NO_MATCH			REJECT	NO
9f28ea126b97d60e334d477318cba0b11009ab3f50abb651e385b485e7c2b534	4b5b6ba51a4c0ddf7ff874adea47c79e83701cb18cea2230b525c9fd49d07f08	3c910f25b445bea6a92ceffeca88fb67009e4f969bf24270daecd9bfb850c5f8	건축	철근콘크리트공사	용접작업	용접작업	건축 > 철근콘크리트공사 > 용접작업	POSSIBLE_RELATED	POSSIBLE_RELATED	bf3841d0-71ea-4464-a7d9-d0dcdc3dfa33	궤도현장용접	HOLD	YES_HOLD_ONLY
a08c5ea0a9724aabcab930f4db8653e0a01cfeb7ba3cf9c6df51ea5686e86788	72c5085bd4b733fe165e7a66cc3f66314c4a71e21dd4f84c4c8eed4c6d6cc8ff	df6fbe5b23ee09f8601a369c8d5758f13b17f760ef21dcd75ad8a2156deccb7b	토목	지반개량공사	타설작업	타설작업	토목 > 지반개량공사 > 타설작업	AMBIGUOUS	AMBIGUOUS			HOLD	NO
a0dafe1ec68db4ac9125b2086269155e76dd0ff39b32f92011f84c1b409d3eb7	44fbbdcf914c8bc88f9f057fb50d3b87cfe869c9ae31377e0fc8edc8226cdc98	cf5fea65784d96e176786807861c6e1dc09cbf17dd41bc7cd1c340efc5171e1b	토목	관공사 부대공사	연결작업	연결작업	토목 > 관공사 부대공사 > 연결작업	AMBIGUOUS	AMBIGUOUS			HOLD	NO
a0db62c456608c3454f5f071593dac984f5c8a690502ccb88fd8a326dc301cef	34b902f0b594a12b53c0d40651176e68d406c0736598039945b1fa586c042ce0	65626010f2477ae09f3144563507bff74d27169c5612620470c3baef1297b869	토목	토공사	운반작업	운반작업	토목 > 토공사 > 운반작업	AMBIGUOUS	AMBIGUOUS			HOLD	NO
a0fbcc9e12875df18f3f0fc8f5bd2148145d2b7be9c6d103dc4a89746a9c6b8f	f15e57c8bf45be86354ad00ece4d897019ae38b392a07e5c86bd408d05389646	3f2ad30b04758b15159d56b2e9482ef2dd91275b49c57160abcb94955d7e0064	토목	토공사	보수 및 교체작업	보수 및 교체작업	토목 > 토공사 > 보수 및 교체작업	CANONICAL_GAP				HOLD	NO
a19b6c66d2dd0747c3f5ce572cf1512f629a991bf87f7c3efba1291197ea31b5	3deff3795cab6d27b7ef937143b2615408c19185954908216d50b95949fa667d	0a231c9f8bb1d0ae86a92ecd91221a878a2443b1bb2ef64af154f0249d5c788c	토목	관공사	설비작업	설비작업	토목 > 관공사 > 설비작업	AMBIGUOUS	AMBIGUOUS			HOLD	NO
a2558954b97312aa5b1318fdb721c66d8e2a62ed3c8a7c1148b30f3f8627e97b	3cb35b3b20b16d74de8e6669a662d04ed9d87ec73a5d75b3325e0b4d2a5b8e80	d8e7b54e66d8e5a1bd480770883eae4b5b5ed79631b786d8f9b6c15db98d5ffe	건축	철골공사	해체작업	해체작업	건축 > 철골공사 > 해체작업	AMBIGUOUS	AMBIGUOUS			HOLD	NO
a2860b890209c26e5dc9ed9ef8292f1ae63ab60042dbebeb80336d82d5422dab	e297fb2663b25fd920a8cfddff1e0d801c39f58fb583bbd31ab7f1de5b7b84b3	ef3b17761779d30710ba66b1a0c39ad7c3360cd385349525037715f2c5f8f48c	토목	터널공사	거치작업	거치작업	토목 > 터널공사 > 거치작업	AMBIGUOUS	AMBIGUOUS			HOLD	NO
a2be4bdbf7ac6497de3ebe05343cfcae2a16c723a628144602000e24f190d8d1	af5270c572e196cd012a9c172c7e4ea0d9510b70da9fc9e90683246cc054b4a4	a966477f21ef79379eb27c418c693a5bdc61034e833f766c12361697a1257d8a	토목	해체 및 철거공사	절취작업	절취작업	토목 > 해체 및 철거공사 > 절취작업	CANONICAL_GAP				HOLD	NO
a32971d0973ddb3ef21f1e5eb2a13f149f8808b779ffe90d95752967ab9054a8	d3ea18c177ecfa0d7a581d9affd44188d4c87de8560658edb2a4973fd308f589	65626010f2477ae09f3144563507bff74d27169c5612620470c3baef1297b869	토목	관공사 부대공사	운반작업	운반작업	토목 > 관공사 부대공사 > 운반작업	AMBIGUOUS	AMBIGUOUS			HOLD	NO
a366d95547d13e0452b7022c1f91c506d8baf16e99767c02473428f14479ba45	8cb46732f9d12d3325adcd257378ed80e3f03338b76809e67abc21a3ec4cf7e7	b45486f292dde403a31c88157aa9a6b6888b5cd1eb5644d44dcab22dbbdc46b2	토목	관공사	인발작업	인발작업	토목 > 관공사 > 인발작업	POSSIBLE_RELATED	POSSIBLE_RELATED	06e686fc-0062-46af-b4f2-72027b7a4668	RockBolt축력및인발측정	HOLD	YES_HOLD_ONLY
a3a55a8f7032bebaea2ce5e63174d0221601dfbb621895093863a33cd6622a04	868e9c91190869c4400d5bf12af074dc0c40bc21270a595c4f92e5903f15ce6c	3c910f25b445bea6a92ceffeca88fb67009e4f969bf24270daecd9bfb850c5f8	건축	건축물 부대공사	용접작업	용접작업	건축 > 건축물 부대공사 > 용접작업	POSSIBLE_RELATED	POSSIBLE_RELATED	bf3841d0-71ea-4464-a7d9-d0dcdc3dfa33	궤도현장용접	HOLD	YES_HOLD_ONLY
a3be62a975b91a46c29680748ffae84f9888de344443f1dc568e6b52d9b5c90f	b743705633ce49eee147a397bf28f051bff37a9dbcc6e3f22c9638e5aa8aa359	f1403c0703a57a01edda9abee1bc15476d3c2ff0f5ef8724b106e5898e745a9d	산업설비	산업설비공사	양중작업	양중작업	산업설비 > 산업설비공사 > 양중작업	CANONICAL_GAP				HOLD	NO
a3df0b0e05efd89521eb0d426b74c6355ab7bebef238bc53553b24f1c64e82c7	72497470a6e26c834b0b680b6f19890b7c005d3da1903559ad1ed0ca3ffdd040	bd0485e938079a0f3212b49f32b13b1e7a0d8d998700c754c64ba64251caeb2c	건축	해체 및 철거공사	설치작업	설치작업	건축 > 해체 및 철거공사 > 설치작업	AMBIGUOUS	AMBIGUOUS			HOLD	NO
a54429dd4936f0fd5e8d787e34dcca8555ed26633605d818c923ed8e7447812a	2c8f874ff2e97df3f4ec0223725a69405f9b3bebc60a68a861bc0176359715a1	df6fbe5b23ee09f8601a369c8d5758f13b17f760ef21dcd75ad8a2156deccb7b	토목	철근콘크리트공사	타설작업	타설작업	토목 > 철근콘크리트공사 > 타설작업	AMBIGUOUS	AMBIGUOUS			HOLD	NO
a55811c225ef0978ca16b343ced810e683b3b9f34e4d990e97266ddf11b4389c	4392e4251ad2aa4cedba27f68e73f181ef862115de29de07abfe28d6bcc70843	4ca71b41bfbd8dcb80a9d8059a77d8c0e600cae75fbef1caa99f4dad989f04b7	토목	관공사	정리작업	정리작업	토목 > 관공사 > 정리작업	AMBIGUOUS	AMBIGUOUS			HOLD	NO
a570cc1f65b3f25eeae3759afeb176c8f134caed375be228efab207a0cc8699e	c4fe637dff93c2aad0d89f323d80c21a5b4ca7b6fd99abdeba2480b3a28338eb	bd0485e938079a0f3212b49f32b13b1e7a0d8d998700c754c64ba64251caeb2c	토목	말뚝공사	설치작업	설치작업	토목 > 말뚝공사 > 설치작업	AMBIGUOUS	AMBIGUOUS			HOLD	NO
a616f3abda3007de0a932ff47d92dc7eead4c86432951b47a35946a5beb343f3	bb5f5324a72f603872dd26d7763d9ff63997fbd031ec992149bc08aa97055fef	3c910f25b445bea6a92ceffeca88fb67009e4f969bf24270daecd9bfb850c5f8	토목	철근콘크리트공사	용접작업	용접작업	토목 > 철근콘크리트공사 > 용접작업	POSSIBLE_RELATED	POSSIBLE_RELATED	bf3841d0-71ea-4464-a7d9-d0dcdc3dfa33	궤도현장용접	HOLD	YES_HOLD_ONLY
a62e9682730da82bc6e3e9496b5009366122f7400aa82115d6c985a4af7c238b	e110ca001ab7fe8ee832a909e0f970a7869497666b68d64a782161dd45ebfcb2	f08aca2c9d1e728f9830094ce993aaaf91f6fee7a2c06e656f10d588e63b662f	토목	교량공사	전기작업	전기작업	토목 > 교량공사 > 전기작업	AMBIGUOUS	AMBIGUOUS			HOLD	NO
a840a7744c25152cc3e15b870a87d0aba74252df1520a6fd9981ec4ffd943206	9442539d87935b3d96e16dc4684603ee8bb56a210d7d8dcaa4ef6f23be33fede	f1403c0703a57a01edda9abee1bc15476d3c2ff0f5ef8724b106e5898e745a9d	토목	댐 및 제방공사	양중작업	양중작업	토목 > 댐 및 제방공사 > 양중작업	CANONICAL_GAP				HOLD	NO
a84e7f039afc3ff1c2586bee64af1c53aa9ca891a454dc0f9f479114955cc707	da0f7ed77bd79595c327a897e4b8be0046aa8df7e1602de39ab85f409464171f	f1403c0703a57a01edda9abee1bc15476d3c2ff0f5ef8724b106e5898e745a9d	토목	하천공사	양중작업	양중작업	토목 > 하천공사 > 양중작업	CANONICAL_GAP				HOLD	NO
a9ad67e7f01280afc0b061f7fecaf8b0e6cdc2eb69a7daf99c9918b0e09eabf5	5b871a5ac856a012a55e57076c2106ae6a6fb9b9c13a3522a72cd35ad73c6f7d	1391ca1476e71a2d09c59834e96ab8f45c21ffbf53cce7ae23aed2c4783d2299	토목	관공사 부대공사	마감작업	마감작업	토목 > 관공사 부대공사 > 마감작업	AMBIGUOUS	AMBIGUOUS			HOLD	NO
a9da234c5544dd5523c714800fc2934b985f1d9ccc2b94c8479a55017a0c435a	9244ecaaf7582329d0697eadd93c490c3c043dcda8c5c98ef5f2a9a63707c7b3	1391ca1476e71a2d09c59834e96ab8f45c21ffbf53cce7ae23aed2c4783d2299	토목	교량공사	마감작업	마감작업	토목 > 교량공사 > 마감작업	AMBIGUOUS	AMBIGUOUS			HOLD	NO
a9fe2adfce933fc51f228237addeddc32556b7d76329aa872efd41628c0ce655	7175b14e52e219411bc9e29c77665328a3d22b707a1fc6b345579700ae9da19b	b1d6b393b80eb3d2952fefdf0d7b27e2d89a40311350d9e8345f9cc2d1f846f1	기타	기타	굴착작업	굴착작업	기타 > 기타 > 굴착작업	AMBIGUOUS	AMBIGUOUS			HOLD	NO
aa331741c41a83fa2da68a062f502ddaa20fc7721fc7b9f0e0fee34c4127cd47	a99b32d15a0ee90d3c0ae0ed358bc63d260a2f33897e6deb978db83d24a3a64c	e7316cf9a23edc1490a432601f518b9184dc64c9b05170a4729e8a61ba35dfe4	건축	창호 및 유리공사	이동	이동	건축 > 창호 및 유리공사 > 이동	AMBIGUOUS	AMBIGUOUS			HOLD	NO
aa3b52aec81c98517af20011c67d58940b7bdca3bae23cc1800c09a792177c63	827a85fcbd7acc6b26da7fc8d141385f9c68feec18cc2f0de3e3aa485a7e0d73	8f4821b340cc01494514c5b5320076f222f0a8f76a1c09fd37882b02a4f546a5	토목	철근콘크리트공사	도장작업	도장작업	토목 > 철근콘크리트공사 > 도장작업	AMBIGUOUS	AMBIGUOUS			HOLD	NO
ab27a8428a30490bd44d631731227d35743e6ba0139f80980d7104ea53e0e087	c47d076141936ba6affb99f3586c66db8791a400a1eda67c8566744a91da1c72	d8e7b54e66d8e5a1bd480770883eae4b5b5ed79631b786d8f9b6c15db98d5ffe	토목	교량공사	해체작업	해체작업	토목 > 교량공사 > 해체작업	AMBIGUOUS	AMBIGUOUS			HOLD	NO
ab53419543d64b2694a801fb2c75e79dfa064cec6f0ddf6c7cd960a17c6af395	39fea18bcc782ee2a696e05bd72b918a877fa3280a941e07b877c9b1aaabbbad	e7316cf9a23edc1490a432601f518b9184dc64c9b05170a4729e8a61ba35dfe4	기타	기타	이동	이동	기타 > 기타 > 이동	AMBIGUOUS	AMBIGUOUS			HOLD	NO
ab82af81fba558308acfeeeaf8b19c0b22588a08a0e3550057dbc98560e5902b	be5efb71c0148195d1278a2ca3b7821ec1a93cc4589f4b2132f49d558f7785c5	f08aca2c9d1e728f9830094ce993aaaf91f6fee7a2c06e656f10d588e63b662f	토목	관공사 부대공사	전기작업	전기작업	토목 > 관공사 부대공사 > 전기작업	AMBIGUOUS	AMBIGUOUS			HOLD	NO
ac11b784e512d07bc599420d793d520e1d8b015ae751f5895aac4c17974ee863	787f67e78b24e60f1d9893629f918565f352c9a06f9c73b2c110777d7f7c0a71	8c0b57e9750758e2b1fd5835c29669218c2a78a005a18c3ba85bcbd6857c7543	건축	가설공사	항타 및 항발작업	항타 및 항발작업	건축 > 가설공사 > 항타 및 항발작업	CANONICAL_GAP				HOLD	NO
ac3f148c8a36a697d3ce0b2038342d8603a2a58317b8d770245441a53bf6731a	54a03a278306b1edbc5fb7aea00f622e2a40bcf3bbbc7b47bb6934fff1619554	f6361061b822a9a71314c4764e7bdc336f7ab6f9979c095e10c4c657a166e203	토목	지반조사	천공작업	천공작업	토목 > 지반조사 > 천공작업	AMBIGUOUS	AMBIGUOUS			HOLD	NO
acb368dd369f3f5eaa19ff22d296f67f736e9d7705b8e40a17740393ee74569d	fc59ecf84a95b63be5a5d7e2baa5f47fe7cd59990e5783949ec1314622a24f6c	48105d18ac598a275b9d9af1d4c9dde59b1b0828183211841e868a38d688924f	건축	지정공사	절단작업	절단작업	건축 > 지정공사 > 절단작업	AMBIGUOUS	AMBIGUOUS			HOLD	NO
acc977cbf60f686aba5d54373d3cf3caf2a7eefa711cda851811acbca63d7261	4d8a2e3c76b5acb3713468f2b441c1c1327b40f4daa3b9454f1e3514cdb5c82f	1391ca1476e71a2d09c59834e96ab8f45c21ffbf53cce7ae23aed2c4783d2299	건축	타일 및 돌공사	마감작업	마감작업	건축 > 타일 및 돌공사 > 마감작업	AMBIGUOUS	AMBIGUOUS			HOLD	NO
acd3924c1fcb6c182267cf12ddcec40c0c75c90e0344561b7538263382f6fb40	546c5d2b6ba40651bac2c7804da029679b7b8e84da4d864302d3abdbf12cc9b5	661b1eba5666bb84171755d9955531e6151203c533db707086e82888b2386540	건축	건축 토공사	고소작업	고소작업	건축 > 건축 토공사 > 고소작업	CANONICAL_GAP				HOLD	NO
ace24f2b4ca9f2a52099615a8a1a914af49f238a8172d1edee44f8b7b094029a	2117f97ce5cb675ddb98b12bab2f55e237219ef2905da932b8d7a03bf67e2dbb	2952b47b898b60f09f2cd04e8217794992537f4b967d23dee4d2a8bf2aeb3258	토목	철근콘크리트공사	정비작업	정비작업	토목 > 철근콘크리트공사 > 정비작업	CANONICAL_GAP				HOLD	NO
ad1e51e78d72b1ff923357de3f98bc2fef9b16ee4c8443fb127486873e86fee5	11811b3fc113ff7d545eeab66dabbb6ef4093d44bfaaceae30d3b865c741a3e3	19af917f9c96e6e96b984e95c53a93ad9ab35457202511f7b151a8681accecfc	산업설비	가설공사	매설작업	매설작업	산업설비 > 가설공사 > 매설작업	CANONICAL_GAP				HOLD	NO
ad90646f4ebf15b133cc140023fd0a72f59ab824f404f4074f846539530012b2	96e753ce9fe8271ee8406c87454d7a77fbdce2d2365edaea3e288e2277a4fb20	f1403c0703a57a01edda9abee1bc15476d3c2ff0f5ef8724b106e5898e745a9d	토목	해체 및 철거공사	양중작업	양중작업	토목 > 해체 및 철거공사 > 양중작업	CANONICAL_GAP				HOLD	NO
ad999c62d36b90aa34445abedb03a53204292141ee6b6fd5529df7968a7387f3	e9f2e13781a2c1948bc159c3fdb9f91eaa73d3ee95c3ea36363512e7b1c9063c	a061f38c4032ce113a6f576c3b1cc9e096cea0537d9569ce5d979ff5ba3f86dd	토목	철도 및 궤도공사	상차 및 하역작업	상차 및 하역작업	토목 > 철도 및 궤도공사 > 상차 및 하역작업	CANONICAL_GAP				HOLD	NO
adc601d206b8d29d10b93858f1364f48df6fe6b65b0a168ff68a086029251621	57457a331c94593c0ff4836fb335d1cc0ec9c608a858c69c8137b38b697f49a5	3c910f25b445bea6a92ceffeca88fb67009e4f969bf24270daecd9bfb850c5f8	토목	하천공사	용접작업	용접작업	토목 > 하천공사 > 용접작업	POSSIBLE_RELATED	POSSIBLE_RELATED	bf3841d0-71ea-4464-a7d9-d0dcdc3dfa33	궤도현장용접	HOLD	YES_HOLD_ONLY
ae08bd0f5e372402fd80a95845c0d4edddb4280dabb895282229b12d1aa06a86	bbcae77c9c27a67b4d67374857c81737768903a9d1dccb5531c271f2df13d2c3	a966477f21ef79379eb27c418c693a5bdc61034e833f766c12361697a1257d8a	토목	토공사	절취작업	절취작업	토목 > 토공사 > 절취작업	CANONICAL_GAP				HOLD	NO
ae81cae23542b5531952c2c8ee1cf9f633ad8671ffa9e9e20408b48b15fea108	abbe8cddd4482fa9868f485a2be59bac09d710d8c5e3674e35a1d4bcbb042ec5	0a231c9f8bb1d0ae86a92ecd91221a878a2443b1bb2ef64af154f0249d5c788c	전기설비	전기설비공사	설비작업	설비작업	전기설비 > 전기설비공사 > 설비작업	AMBIGUOUS	AMBIGUOUS			HOLD	NO
ae946b06e4b5dba7b9902d9e0f9462790a89107c7d41660eca3f92749260faea	9e87a13468189ecfa33e69356193374ca16ff40bd3528f969d0db5cc82c1060a	30dcdc5a76164fafc012336eacaf3c873d854adcb0be380e11d6dce61b78d8ab	토목	가설공사	인양작업	인양작업	토목 > 가설공사 > 인양작업	CANONICAL_GAP				HOLD	NO
aefbf42b3f7ad8b5bccee5b297eba2a9b8082197a9bcc5c4054f73af7c44880d	8340644903870ea36f75b06c279329dc606339dc9b2acf5d760c999be0445f74	0acdd6f6e91785bc8883ca863f907a312b6533f5b151215ca1f37fce8b9b3410	건축	가설공사	준비작업	준비작업	건축 > 가설공사 > 준비작업	AMBIGUOUS	AMBIGUOUS			HOLD	NO
af31f9a0b5ac29005b6e5254c064ad48d3fde8c9ac989f9aee8f74f255c71541	3d254dedb8e49439b4c6726ee793819b2ce93ca01b2e98df85a4322ad4650328	4ca71b41bfbd8dcb80a9d8059a77d8c0e600cae75fbef1caa99f4dad989f04b7	토목	철근콘크리트공사	정리작업	정리작업	토목 > 철근콘크리트공사 > 정리작업	AMBIGUOUS	AMBIGUOUS			HOLD	NO
af34f08ca67ec60e23080b9f62de48dfb14b97815d3da9900eedd9318e3982fe	50f0212e4667a497890785db777b17b40c484feedef50fb0b2b57dfc6d371995	f1403c0703a57a01edda9abee1bc15476d3c2ff0f5ef8724b106e5898e745a9d	건축	건축 토공사	양중작업	양중작업	건축 > 건축 토공사 > 양중작업	CANONICAL_GAP				HOLD	NO
af47d3f6b086959e157b3f3106a827cb5388f801952fe562506317cf07e1677f	71bf5ba30346f5bcc502c5e0801c7cfc27c9573d737aabc6db127c9d96106f83	282d033d279da81ab42162f2cdf4c2bf2ba05e217d927dc36197cd732c5a3b97	토목	철도 및 궤도공사	기타	기타	토목 > 철도 및 궤도공사 > 기타	NO_MATCH	NO_MATCH			REJECT	NO
af841f9bde210040a6f9d91a1f1affd28ffee5d5157445f726c917a15b7351fe	f3bbb6f16824064534771600371b499f73987e50c0fbb0bc4cb8b635eaa955a8	661b1eba5666bb84171755d9955531e6151203c533db707086e82888b2386540	토목	터널공사	고소작업	고소작업	토목 > 터널공사 > 고소작업	CANONICAL_GAP				HOLD	NO
af8eb51965b8edc76e8c268a7f6e117d9bf3e9851710b0c8e9cf094c2d6c9ce9	18f9dc0a11146324ecfb2eead39665e0dfbcb6f079f30a044415a0ea63225ee9	8f4821b340cc01494514c5b5320076f222f0a8f76a1c09fd37882b02a4f546a5	건축	철근콘크리트공사	도장작업	도장작업	건축 > 철근콘크리트공사 > 도장작업	AMBIGUOUS	AMBIGUOUS			HOLD	NO
afa347d97062fe3921096a03fa9f34e7568c23680063cb78bdf132be4d8121a1	8f916225a1395ee1be258a7128c0ba263c62571cb59a0ac32c36f11f928e9f44	1391ca1476e71a2d09c59834e96ab8f45c21ffbf53cce7ae23aed2c4783d2299	기계설비	기계설비공사	마감작업	마감작업	기계설비 > 기계설비공사 > 마감작업	AMBIGUOUS	AMBIGUOUS			HOLD	NO
aff7018131e4fb0787ab727b2285c8ded8e80abf1e9be265cbbb9049a00bda1c	390ec8677608727f0564f239d6d40753453243b06afb0d7a26628c5e15abc4cb	661b1eba5666bb84171755d9955531e6151203c533db707086e82888b2386540	토목	가설공사	고소작업	고소작업	토목 > 가설공사 > 고소작업	CANONICAL_GAP				HOLD	NO
b022d7382c286151ae766d10006ad428b2681803aa6352cda6224fe22b77900e	28d775bd008765fa5603e9181ffe591773b64926d82e65b97cd4909d892e28bf	bd0485e938079a0f3212b49f32b13b1e7a0d8d998700c754c64ba64251caeb2c	건축	특수 건축물공사	설치작업	설치작업	건축 > 특수 건축물공사 > 설치작업	AMBIGUOUS	AMBIGUOUS			HOLD	NO
b081976e44a65274aacdcf0acd52652f5a090647f5cb0171063630ec979a8e5b	b29139f1fc9aad34704a2b40c074cd920ed5bbb8fcdeb17fff5a0440b07b05ce	19af917f9c96e6e96b984e95c53a93ad9ab35457202511f7b151a8681accecfc	토목	도로 및 포장공사	매설작업	매설작업	토목 > 도로 및 포장공사 > 매설작업	CANONICAL_GAP				HOLD	NO
b15cdb12852ede4fdfd8e9005dd734398f44ecfffe657dc1c3aac79eaef35f58	40e40afd83e558579bd7730669d847034615bec42d9e915ac4004a94e917cbcc	cf5188a72ceab1ccd264117d85b4fdfffe7d059db4a699c96f8558861c4e4bcb	산업설비	산업설비공사	부설 및 다짐작업	부설 및 다짐작업	산업설비 > 산업설비공사 > 부설 및 다짐작업	CANONICAL_GAP				HOLD	NO
b1f9d2764dcac29f1f3721e95d43a8559feb918bfa63fb8bf44828d2099ad5e1	17e721a7b9ce5029d7cbe3f4aa268aff7296671028907ce92cd3762fee140d3d	661b1eba5666bb84171755d9955531e6151203c533db707086e82888b2386540	건축	미장공사	고소작업	고소작업	건축 > 미장공사 > 고소작업	CANONICAL_GAP				HOLD	NO
b2740ecf67961c779858ab064cb289a52c620d356e1ddf003f675a77aedea58f	c98dacbb1234909251e3158769187baec6af1528b2f670caae8ac0b8e0ee926b	bd0485e938079a0f3212b49f32b13b1e7a0d8d998700c754c64ba64251caeb2c	통신설비	통신설비공사	설치작업	설치작업	통신설비 > 통신설비공사 > 설치작업	AMBIGUOUS	AMBIGUOUS			HOLD	NO
b46cc88443722ca1e8f00bbec0c20745159b66b2a16baefb13e92614a2be0471	821357f2977971e83b437bddaa65dd331d8f8a506d2160f842b2046d0706a68f	b1d6b393b80eb3d2952fefdf0d7b27e2d89a40311350d9e8345f9cc2d1f846f1	건축	해체 및 철거공사	굴착작업	굴착작업	건축 > 해체 및 철거공사 > 굴착작업	AMBIGUOUS	AMBIGUOUS			HOLD	NO
b4740dd778a9ecd2902cce2a4874fd9971fa675eb0f0ec0028bfbd3188d655e3	5b2b991e61778ff02f723b1f56b41f042585b75a60dbe69e9e25d73edcbf803e	e887ede926e89a1e5cacb4680a187b2a5881475e353235e12a6a8598b51f0cb2	산업설비	가설공사	조립작업	조립작업	산업설비 > 가설공사 > 조립작업	AMBIGUOUS	AMBIGUOUS			HOLD	NO
b47efe8e9ecd4ccee22bdce35bf6b7719c2ebef42aa9699877b188467dbb3a1c	1d93f399dd581db6584aa421cff666cea9aec341cbb0ad6898d66f093d607c7c	19af917f9c96e6e96b984e95c53a93ad9ab35457202511f7b151a8681accecfc	토목	토공사	매설작업	매설작업	토목 > 토공사 > 매설작업	CANONICAL_GAP				HOLD	NO
b5b3e12fa54ebf3685c4c96bd24b03bccedd4bd3c8c66f700495abefaa707d92	01b2eba8f43074bce25e36871074c9ec6a10b952e5da7eeaa56aaceec791eb3b	a061f38c4032ce113a6f576c3b1cc9e096cea0537d9569ce5d979ff5ba3f86dd	건축	건축 토공사	상차 및 하역작업	상차 및 하역작업	건축 > 건축 토공사 > 상차 및 하역작업	CANONICAL_GAP				HOLD	NO
b6052a1a19016bfb08c82ef017b3777b76560c1f0a2c125ece09e694bb41e911	4d34982f3f41c9abbfa5c8c8afcb6f901c490f4cd360b58a4f7ca4412f5593b3	472845d4fc3f329f9af4a3fd3c6136a2998126cc621e414a74dcd3496c2f3ed8	건축	해체 및 철거공사	장약 및 발파작업	장약 및 발파작업	건축 > 해체 및 철거공사 > 장약 및 발파작업	NARROWER_THAN	NARROWER_THAN	473d69ee-4433-487f-bc43-c35c1f2ea28f	발파굴착	UNDECIDED	YES
b61ba6a3fc06f512e2d617d8848f7fa4a1de5478e89657e6efa3666f7728e099	af980a038c3dc2e077efb0e8dfb3da7360e1a33e86ccd01a18ee147dbcdd2495	e7316cf9a23edc1490a432601f518b9184dc64c9b05170a4729e8a61ba35dfe4	토목	철도 및 궤도공사	이동	이동	토목 > 철도 및 궤도공사 > 이동	AMBIGUOUS	AMBIGUOUS			HOLD	NO
b6202584aa03ad261bf78fe7ab7be7d5187222d22f810f42186d757aacc9e4ce	0e6632334a75e37e2df7bd6430aed7e463453ea87e1af9116ae1acd6ea24968b	e7316cf9a23edc1490a432601f518b9184dc64c9b05170a4729e8a61ba35dfe4	건축	철골공사	이동	이동	건축 > 철골공사 > 이동	AMBIGUOUS	AMBIGUOUS			HOLD	NO
b6733b0aedf0a79ec47fad950ac264b0a3844ec439dd24f7f63a146264c83fd8	59a170ce97cc81abed021bc79f8d1a543deede9263c20d3d58ad5d5e098b410b	661b1eba5666bb84171755d9955531e6151203c533db707086e82888b2386540	건축	타일 및 돌공사	고소작업	고소작업	건축 > 타일 및 돌공사 > 고소작업	CANONICAL_GAP				HOLD	NO
b69e502798b3e5b20dc3832230cfa30503a414a7b078893cfbca0648f094ae78	5bbb69aa201e3a6de779883fc023d38f8b94dbf3728562b785fd310a17365e6d	65626010f2477ae09f3144563507bff74d27169c5612620470c3baef1297b869	토목	철도 및 궤도공사	운반작업	운반작업	토목 > 철도 및 궤도공사 > 운반작업	AMBIGUOUS	AMBIGUOUS			HOLD	NO
b6d0ae28b87605fcaab306e768123e505341823e9088a7e7d1c2584febdf390d	07a791ad1c758efda9eaa58d0fb59065c11bf433a4408ce5b110dc094ee585f3	48105d18ac598a275b9d9af1d4c9dde59b1b0828183211841e868a38d688924f	토목	관공사	절단작업	절단작업	토목 > 관공사 > 절단작업	AMBIGUOUS	AMBIGUOUS			HOLD	NO
b6d0f9f88753342fe75d7230d35affed957af6d4bf605172f970be6e7cee273f	e66116b9961e325106cccc5e7499c2b09d9ed8084d7ccbf25e4fbb7fa9268de8	8f6ecd321691ca29c767d1260283d0df3a18f7467bf7342879ba1b42f6971f82	토목	철근콘크리트공사	양생작업	양생작업	토목 > 철근콘크리트공사 > 양생작업	POSSIBLE_RELATED	POSSIBLE_RELATED	3258e587-68ab-40c8-80df-dd4fa0db60b7	콘크리트양생	HOLD	YES_HOLD_ONLY
b710df6ab1dbfab2936ea7875425247ff7f5d07f12ece3f03040b7356443a32b	9666ebbdc471b6da8a6482670f6b9aa62be3577436095991d3b743b33c61d978	0acdd6f6e91785bc8883ca863f907a312b6533f5b151215ca1f37fce8b9b3410	건축	철골공사	준비작업	준비작업	건축 > 철골공사 > 준비작업	AMBIGUOUS	AMBIGUOUS			HOLD	NO
b715d75358e2589c4e6cb2abb589465056ed9d99e85ce2e6af34fd5aca558cfa	0e76b284b840b25c0c364b8fc0bbc68a786557cdc04716859da8b97b47c162e3	0e7cb038dc0a2250f2c8fc713582ed2fe79cbe67f5e9c0b08c8c8a43ef13900f	건축	조적공사	적재작업	적재작업	건축 > 조적공사 > 적재작업	CANONICAL_GAP				HOLD	NO
b7873108cb75dea339e8b2972c567bbcf88f7e5670988916d20feb0a5406605f	392a272177c6cb3c6ab5d216341d0d88474219c266beb06e2d21e3737fee04ea	cf5188a72ceab1ccd264117d85b4fdfffe7d059db4a699c96f8558861c4e4bcb	기타	기타	부설 및 다짐작업	부설 및 다짐작업	기타 > 기타 > 부설 및 다짐작업	CANONICAL_GAP				HOLD	NO
b79cf93d6c3af2b68fb79e2db10357358589b0c4f63659c2dd14b896cd5572f7	3664c7b63fe50180a94f6a91bee06a4e181ae5681a0c4e68fb3e5dea34b98b5b	3f2ad30b04758b15159d56b2e9482ef2dd91275b49c57160abcb94955d7e0064	건축	건축물 부대공사	보수 및 교체작업	보수 및 교체작업	건축 > 건축물 부대공사 > 보수 및 교체작업	CANONICAL_GAP				HOLD	NO
b7b524297d096b2f26ed993ae71af99835ef49c1d8e071283bc0eae16f5f3fc3	748dad33b41577c2ef865edca1bd081bfda26f767b6430b9cd18d45cfa49211b	8f4821b340cc01494514c5b5320076f222f0a8f76a1c09fd37882b02a4f546a5	건축	금속공사	도장작업	도장작업	건축 > 금속공사 > 도장작업	AMBIGUOUS	AMBIGUOUS			HOLD	NO
b80afe1406a7e8d7aa3410342c1538dd28a68efcb6ed3e735828bddcbc0d06db	05186d4c097731184d0093ea6a2db13967855a34c100a975e6da852d4b3d7644	282d033d279da81ab42162f2cdf4c2bf2ba05e217d927dc36197cd732c5a3b97	건축	지정공사	기타	기타	건축 > 지정공사 > 기타	NO_MATCH	NO_MATCH			REJECT	NO
b830318512c750fddcfb1e606997d9a78d529e27740d02f09a7096c1a0d2e1fa	2b4a115087245367f8910b51b33fa2e3d1cf21a82c8b4175e3df15ebbdfe86af	e887ede926e89a1e5cacb4680a187b2a5881475e353235e12a6a8598b51f0cb2	토목	관공사 부대공사	조립작업	조립작업	토목 > 관공사 부대공사 > 조립작업	AMBIGUOUS	AMBIGUOUS			HOLD	NO
b8cac3009ee1d655fa4b65fccc0909fed832130d646dc0ae7f3234b3d2571ee0	700634c713c095be3ffcab140bb44f68542e194e780381feb1d7e0fb8f47914d	bd0485e938079a0f3212b49f32b13b1e7a0d8d998700c754c64ba64251caeb2c	기타	기타	설치작업	설치작업	기타 > 기타 > 설치작업	AMBIGUOUS	AMBIGUOUS			HOLD	NO
b924a53e4447f7adfa1543299f9be10de5a17293f44ba983ff13ca3dcaee988d	43a565ffeda16252539220cc2cf8ce10b66d5a78431f4119ab78cdf7d582d73c	0a231c9f8bb1d0ae86a92ecd91221a878a2443b1bb2ef64af154f0249d5c788c	전기설비	가설공사	설비작업	설비작업	전기설비 > 가설공사 > 설비작업	AMBIGUOUS	AMBIGUOUS			HOLD	NO
b9520fb0fe8cadff886eb910274365240be8ba7ad045ec95c8904519caa725c4	a8dc07071d29229dd92c749a393e49b04f8eac86771eec380181aef45928b353	282d033d279da81ab42162f2cdf4c2bf2ba05e217d927dc36197cd732c5a3b97	건축	해체 및 철거공사	기타	기타	건축 > 해체 및 철거공사 > 기타	NO_MATCH	NO_MATCH			REJECT	NO
b98066c0109eaf29d303e4c75a809f7aaaf2cf229055886373a91ec07d930991	0910feaef21bc64f142753a819cf50e8551a23bca4f0c57b6f132bdaa6d4e8c5	65626010f2477ae09f3144563507bff74d27169c5612620470c3baef1297b869	기타	기타	운반작업	운반작업	기타 > 기타 > 운반작업	AMBIGUOUS	AMBIGUOUS			HOLD	NO
b9a3af844d04dd60cca80ed5a2045d56e7a0b749470a5b506fa313e2425c3f34	c5629ece90eea8ee78fd9afb97573c72871cca0a37665cca870d04524ace576f	661b1eba5666bb84171755d9955531e6151203c533db707086e82888b2386540	건축	금속공사	고소작업	고소작업	건축 > 금속공사 > 고소작업	CANONICAL_GAP				HOLD	NO
ba3753aac8f91c5771a3dd82941de55609e14b61e07a68931fd3b3158389141d	4518f6b7e54a643273bb1dc9042483ad36dd3ca2ee61d3520f8424afd8998a2b	f1403c0703a57a01edda9abee1bc15476d3c2ff0f5ef8724b106e5898e745a9d	토목	강구조물공사	양중작업	양중작업	토목 > 강구조물공사 > 양중작업	CANONICAL_GAP				HOLD	NO
bb0e789651bf71b36cf45e36854444307b490a25634f3e750f6b308454a08780	204318c42caa4fd5af62c00f8b56e9874ff2d09e497c4257c4b6d56194cfd5a9	ef3b17761779d30710ba66b1a0c39ad7c3360cd385349525037715f2c5f8f48c	토목	관공사 부대공사	거치작업	거치작업	토목 > 관공사 부대공사 > 거치작업	AMBIGUOUS	AMBIGUOUS			HOLD	NO
bb3617bddcfd2b63be94cd9af123673cbc29f0b5ffb43168b43a769349a520d2	7454069afca88741b7e845235629812aad55b4dc37dc2387720f60c9b10c6705	2952b47b898b60f09f2cd04e8217794992537f4b967d23dee4d2a8bf2aeb3258	토목	하천공사	정비작업	정비작업	토목 > 하천공사 > 정비작업	CANONICAL_GAP				HOLD	NO
bb43ca7459d59a0cd4d9fc05584e03b20582b5e2b6aef036cc03ca66907a754d	7cc94121f7c8610aac905ce8e4631b224d1b65d32d60dcea66d4d9ccec3c1b7b	29ae570d4c4b0f09a50eb0e1ef42e47bca89566fd489fcf6da31ca1acfecd808	토목	토공사	쌓기작업	쌓기작업	토목 > 토공사 > 쌓기작업	AMBIGUOUS	AMBIGUOUS			HOLD	NO
bb6828cff958972ff071c9b91c96ea436976b6c6466c7d424267b91cf226cd4b	87ac1a61e9806a7b61b0d760a58d793ac052dc77e02bcdd3225e24bf1f6fb12a	8c0b57e9750758e2b1fd5835c29669218c2a78a005a18c3ba85bcbd6857c7543	기타	기타	항타 및 항발작업	항타 및 항발작업	기타 > 기타 > 항타 및 항발작업	CANONICAL_GAP				HOLD	NO
bb7699bbc7371dfbaa590ebb9d6bc4f2e7cceb46031aa6e70f4e52f1d9fd63d3	bb2b0a97c2888683a746002eb7085fd69d982e14b9e7c96e56558318f1042139	d8e7b54e66d8e5a1bd480770883eae4b5b5ed79631b786d8f9b6c15db98d5ffe	토목	관공사 부대공사	해체작업	해체작업	토목 > 관공사 부대공사 > 해체작업	AMBIGUOUS	AMBIGUOUS			HOLD	NO
bb7c0c36ce7e6792557f751e2c5d1d084c7a1bf7e00d87e5e6bee27d9383c3d2	9c3b76eb27e1290fa3602e6665166e2deb8a1f2b6d3acd58ca4eb1e1766829e4	3c910f25b445bea6a92ceffeca88fb67009e4f969bf24270daecd9bfb850c5f8	토목	관공사	용접작업	용접작업	토목 > 관공사 > 용접작업	POSSIBLE_RELATED	POSSIBLE_RELATED	bf3841d0-71ea-4464-a7d9-d0dcdc3dfa33	궤도현장용접	HOLD	YES_HOLD_ONLY
bbc083b70ab2e0d4e29b785b06ddd545905e3c27dc8494705d5fa170e0935f4d	588c3539013838dfe248d1bcf6f48a488cc8a5b71e3d213b3e1c1aa01265d742	282d033d279da81ab42162f2cdf4c2bf2ba05e217d927dc36197cd732c5a3b97	토목	도로 및 포장공사	기타	기타	토목 > 도로 및 포장공사 > 기타	NO_MATCH	NO_MATCH			REJECT	NO
bc359f8b1a5044395db2bd86c380b08f92234f5c81c9483eb11205737ca227c5	f9e764d0782f17d0c685d82d58213a407554faddb48ace76e9d4b95973cb59ab	f1403c0703a57a01edda9abee1bc15476d3c2ff0f5ef8724b106e5898e745a9d	토목	철도 및 궤도공사	양중작업	양중작업	토목 > 철도 및 궤도공사 > 양중작업	CANONICAL_GAP				HOLD	NO
bc71b1f3065701a4e62acf090ad8949861dd271b2f73b6c50db4ee7d13ff91be	894238d0dd23724d598540f03f144d03eca3b2fbe8ef70502d9e432c8c1e5dd0	a966477f21ef79379eb27c418c693a5bdc61034e833f766c12361697a1257d8a	토목	도로 및 포장공사	절취작업	절취작업	토목 > 도로 및 포장공사 > 절취작업	CANONICAL_GAP				HOLD	NO
bcc4509b538c275d61f0163350901ef47da72add7a8b336ebf1f4f4095b33029	d1963f3e01ef232cff4286e60e315243e779461073555198f2ed7a940c2abb75	1391ca1476e71a2d09c59834e96ab8f45c21ffbf53cce7ae23aed2c4783d2299	토목	지반개량공사	마감작업	마감작업	토목 > 지반개량공사 > 마감작업	AMBIGUOUS	AMBIGUOUS			HOLD	NO
bcdf8b3a5278e70d5c05cb32ff36d41a24284cc193161ded6388de6893312585	d8cbc27bf970dcc5741418e47ae3f176c8e2077af61a6e70f58a46b8e25418f1	65626010f2477ae09f3144563507bff74d27169c5612620470c3baef1297b869	건축	건축물 부대공사	운반작업	운반작업	건축 > 건축물 부대공사 > 운반작업	AMBIGUOUS	AMBIGUOUS			HOLD	NO
bd0f48ee281de798a69403abfee74dc971bc514cc65b40e01d00c266a4042582	f985da9cb24bc735945abb2925b41820171dd37ff4afa8cb4e4ccab54df0f5b7	8f4821b340cc01494514c5b5320076f222f0a8f76a1c09fd37882b02a4f546a5	건축	수장공사	도장작업	도장작업	건축 > 수장공사 > 도장작업	AMBIGUOUS	AMBIGUOUS			HOLD	NO
bd353723540f3398fd7df5a8b6d87b7bd55d32c13713e3f5303a39ea0cdd659c	c5d8cbb363fd00215aa89b3e683249f23348bddcf3379dbea6886fb81e90cb5d	ef3b17761779d30710ba66b1a0c39ad7c3360cd385349525037715f2c5f8f48c	기계설비	기계설비공사	거치작업	거치작업	기계설비 > 기계설비공사 > 거치작업	AMBIGUOUS	AMBIGUOUS			HOLD	NO
bd5e65bc7e9d4253e0517162e2de78f7d061064cc5140eab939b8e6c4a42e6d0	290470df2d2b7ce3ad789c27f638a383daa263fbfd12c10e2a1e7b992f6cee1e	ef3b17761779d30710ba66b1a0c39ad7c3360cd385349525037715f2c5f8f48c	건축	도장공사	거치작업	거치작업	건축 > 도장공사 > 거치작업	AMBIGUOUS	AMBIGUOUS			HOLD	NO
bd6eefa7b23518994cb21ddbf1297b0e3387ab133351ec5079ca53fd5809703f	6698cc2296fbfa694d810b1c6590f3cc9b7f8b6c5e9f4a72e1a7481945ce1a2e	f1403c0703a57a01edda9abee1bc15476d3c2ff0f5ef8724b106e5898e745a9d	기계설비	기계설비공사	양중작업	양중작업	기계설비 > 기계설비공사 > 양중작업	CANONICAL_GAP				HOLD	NO
bd8a5e20d9c9f0c4d0c897c804ce6f6a3e05000fc08488046d0536dc25c277e3	740e1c959bff9b35a9fdbc1c87453ba96bdbe66c4e46aab1a34b23f4bfb8697f	1391ca1476e71a2d09c59834e96ab8f45c21ffbf53cce7ae23aed2c4783d2299	토목	터널공사	마감작업	마감작업	토목 > 터널공사 > 마감작업	AMBIGUOUS	AMBIGUOUS			HOLD	NO
be2408054c07528fee53d14e83a3ccf2685de2ab73e089be67a75eb2bd993d7f	c8207cc5a6bacb3cc897ddbbf73de66bd7254c2a88dbf53feab459169e760982	bd0485e938079a0f3212b49f32b13b1e7a0d8d998700c754c64ba64251caeb2c	토목	철도 및 궤도공사	설치작업	설치작업	토목 > 철도 및 궤도공사 > 설치작업	AMBIGUOUS	AMBIGUOUS			HOLD	NO
be24fe19c1591cc49f299fca7498526a9d21578d25d9c09a169e22ee9b66e2bd	277adf2919a707db5917ec59a70841c9b3709008b5fb3b68bac8c0cb3edb123e	d8e7b54e66d8e5a1bd480770883eae4b5b5ed79631b786d8f9b6c15db98d5ffe	토목	항만공사	해체작업	해체작업	토목 > 항만공사 > 해체작업	AMBIGUOUS	AMBIGUOUS			HOLD	NO
be8bb56e2f2b29d57270fe6f05ebbe0e89d015aeaa3526df251417fbf2609419	de2151310578ab945c4ce4a2eb23230df9926f1cf9d5d404091cf3c7ca8c010b	f08aca2c9d1e728f9830094ce993aaaf91f6fee7a2c06e656f10d588e63b662f	건축	건축 토공사	전기작업	전기작업	건축 > 건축 토공사 > 전기작업	AMBIGUOUS	AMBIGUOUS			HOLD	NO
bee0474cc530ebdabd556b94ead9fe2a8be66bae09cfb74918ff35dffeabc663	2121dd4a39e37c41714f3f8bb64a03b685babfd7afb07cf57da9f70f6619dae6	f6361061b822a9a71314c4764e7bdc336f7ab6f9979c095e10c4c657a166e203	토목	교량공사	천공작업	천공작업	토목 > 교량공사 > 천공작업	AMBIGUOUS	AMBIGUOUS			HOLD	NO
bf0229ca7fb5c346144e1dc8c250d03e5588815b71b9cf9f707c4c8db6ca2366	8784f8e7421c2f2757e3cb346e90edcb9152f9e59a7ed9ac3a0a4793d7a68619	ef3b17761779d30710ba66b1a0c39ad7c3360cd385349525037715f2c5f8f48c	토목	강구조물공사	거치작업	거치작업	토목 > 강구조물공사 > 거치작업	AMBIGUOUS	AMBIGUOUS			HOLD	NO
bf484fcb0dbc7d53f259d21aa48b5992f12046d893f8b070622e8e12651d2457	19a3e1c0c6e44e2fadcc32c0716647d941217036fe6cddf0670bae74928e03a5	30dcdc5a76164fafc012336eacaf3c873d854adcb0be380e11d6dce61b78d8ab	토목	토공사	인양작업	인양작업	토목 > 토공사 > 인양작업	CANONICAL_GAP				HOLD	NO
bf49d956df5340dbb4b9d44d7c2f2e3190ab1218fb3de0a4bdf22b713a9adb4d	8fc8b3ec2acc215a7b0c9b9e31d03f1b3eed9b29b28d83c10e03852569c457ff	f1403c0703a57a01edda9abee1bc15476d3c2ff0f5ef8724b106e5898e745a9d	건축	가설공사	양중작업	양중작업	건축 > 가설공사 > 양중작업	CANONICAL_GAP				HOLD	NO
bf4dc688e7ffd4a9d62655908caea628c74228b115fdbc01db91a1d0cbe6b9d9	e8d62e5c826fdc77affe4e6d3958da4b3801f4b9ddeeb65f6a5eeab09ecffca5	29ae570d4c4b0f09a50eb0e1ef42e47bca89566fd489fcf6da31ca1acfecd808	건축	조경공사	쌓기작업	쌓기작업	건축 > 조경공사 > 쌓기작업	AMBIGUOUS	AMBIGUOUS			HOLD	NO
bf56cb9c1f377db67223a695448b0a96a5911883eaa9ce52eea63674443bd665	ec9bdbce6cd8fc948150706a317bf75de78336058c131e9e60324edd0022a094	f1403c0703a57a01edda9abee1bc15476d3c2ff0f5ef8724b106e5898e745a9d	토목	프리캐스트 콘크리트공사	양중작업	양중작업	토목 > 프리캐스트 콘크리트공사 > 양중작업	CANONICAL_GAP				HOLD	NO
c00ebff7e57065aa939389b6997176c217e3c40fd58cb21e9905fe6e817d9a01	adaf772ee52c5f2e663f79bcaa67d078b71511e92344cffc425de2e41bd4bb5b	e7316cf9a23edc1490a432601f518b9184dc64c9b05170a4729e8a61ba35dfe4	토목	가설공사	이동	이동	토목 > 가설공사 > 이동	AMBIGUOUS	AMBIGUOUS			HOLD	NO
c06debf96180b8191e9d47734b0f621273085654b243b28882da7a5e12ab2bd9	78feb379ea7bcea7bb88dd5a9355effe353239898082baf9e597859f0328ce40	d8e7b54e66d8e5a1bd480770883eae4b5b5ed79631b786d8f9b6c15db98d5ffe	건축	조경공사	해체작업	해체작업	건축 > 조경공사 > 해체작업	AMBIGUOUS	AMBIGUOUS			HOLD	NO
c0794dcc3afede77b104559fdf3a18e7546c147f5a8eff8f7fac19120a8e0fc2	05450e9221e7843e698f9ffcdc7c31db9449e38aba3ac427ff7a9561713c53ec	1391ca1476e71a2d09c59834e96ab8f45c21ffbf53cce7ae23aed2c4783d2299	건축	창호 및 유리공사	마감작업	마감작업	건축 > 창호 및 유리공사 > 마감작업	AMBIGUOUS	AMBIGUOUS			HOLD	NO
c09faeabab048da3808b11bb73cd56f93bfac08a2df0b8f41779fa92098c38a0	2202ee9e172d170a62eeeba695701008d5633c547d45690b328d1e48e883f1e6	e7316cf9a23edc1490a432601f518b9184dc64c9b05170a4729e8a61ba35dfe4	산업설비	산업설비공사	이동	이동	산업설비 > 산업설비공사 > 이동	AMBIGUOUS	AMBIGUOUS			HOLD	NO
c28672e176e371b40e055f6ff6fc2f6c0ac0ad2b72d42e365126af86f6f3a5ba	3d95e32d6a371b8377e6163f6ba5e5e3e2a4ef14baf1a5f43695f083715a619c	2952b47b898b60f09f2cd04e8217794992537f4b967d23dee4d2a8bf2aeb3258	건축	건축물 부대공사	정비작업	정비작업	건축 > 건축물 부대공사 > 정비작업	CANONICAL_GAP				HOLD	NO
c34f488427e19c08920cfd83cdbd214c6704d84bd9ae46d09f805bd3cf665b75	2b39ab1334ed47881b9f07c3d0e4542668bb373422fc5c5f896a564f410cb06c	f08aca2c9d1e728f9830094ce993aaaf91f6fee7a2c06e656f10d588e63b662f	건축	건축물 부대공사	전기작업	전기작업	건축 > 건축물 부대공사 > 전기작업	AMBIGUOUS	AMBIGUOUS			HOLD	NO
c3b6fe3b1f7ae068586dfc943740a9d152a71fb2019f481f22e9dd9e7ae2fcdc	ade6e569b45e40a17ab590e30726a1eee4ac7e73ce63829afc5399040ff24af3	a061f38c4032ce113a6f576c3b1cc9e096cea0537d9569ce5d979ff5ba3f86dd	토목	말뚝공사	상차 및 하역작업	상차 및 하역작업	토목 > 말뚝공사 > 상차 및 하역작업	CANONICAL_GAP				HOLD	NO
c3e20a54237aca57d59ddcd127d0ee0b524790b8c97aed2dafe37c1b4dfae48d	0f510622b28c4035b024f8fca35d7c947e40f5a7eca29f0cb43113592d8537b7	19af917f9c96e6e96b984e95c53a93ad9ab35457202511f7b151a8681accecfc	토목	관공사 부대공사	매설작업	매설작업	토목 > 관공사 부대공사 > 매설작업	CANONICAL_GAP				HOLD	NO
c43ac4ad29314a0d2b4528cdd10d1868561a67e7fd0b92c16f32df8286367386	a98a931a02af0e7dafda62780e3a01c0142aa554a2851fba159b98f35bb6198c	b1d6b393b80eb3d2952fefdf0d7b27e2d89a40311350d9e8345f9cc2d1f846f1	건축	가설공사	굴착작업	굴착작업	건축 > 가설공사 > 굴착작업	AMBIGUOUS	AMBIGUOUS			HOLD	NO
c4b47eb0a30f231789abdf0d53046f41d632d865b3678f6b4a91a58c371000d3	195104c62aa616b4e0c8de0606fd11db397cab62573ec17f8dad8e4f9fe27c03	4ca71b41bfbd8dcb80a9d8059a77d8c0e600cae75fbef1caa99f4dad989f04b7	건축	가설공사	정리작업	정리작업	건축 > 가설공사 > 정리작업	AMBIGUOUS	AMBIGUOUS			HOLD	NO
c4cbec54d0915cfb7331d6efd4fb20754b3f9129e86f7288fffed93d1ab20f07	cbdc3d46b349341e724cb924b62f1d430e0084eae2e86346ce6057103753c1ee	cf5fea65784d96e176786807861c6e1dc09cbf17dd41bc7cd1c340efc5171e1b	산업설비	산업설비공사	연결작업	연결작업	산업설비 > 산업설비공사 > 연결작업	AMBIGUOUS	AMBIGUOUS			HOLD	NO
c4cca988f5f1999e04e37d6bdba911e07873ca7580b320b5058e0ef40d80d0f2	f6bb286c4afb8061f335be74972eaad91f74e6629cc1af17528306b2d4209150	d8e7b54e66d8e5a1bd480770883eae4b5b5ed79631b786d8f9b6c15db98d5ffe	토목	가설공사	해체작업	해체작업	토목 > 가설공사 > 해체작업	AMBIGUOUS	AMBIGUOUS			HOLD	NO
c4d1ae5a2d9f5b3e193331a76e03f019a80ff221588d19202f5c480db6a189be	962fd3fd51172ed18b8b110cae29f581102c00e1572909688ac7678ab48ff0c8	8c0b57e9750758e2b1fd5835c29669218c2a78a005a18c3ba85bcbd6857c7543	산업설비	산업설비공사	항타 및 항발작업	항타 및 항발작업	산업설비 > 산업설비공사 > 항타 및 항발작업	CANONICAL_GAP				HOLD	NO
c529100068dad989616513ee7263ea4ab99a45441b0f16934ebdd690a782e4d7	76f44589dca7319a757781fc96f7fa000e196fc37e92a4b544a930768656d3f6	282d033d279da81ab42162f2cdf4c2bf2ba05e217d927dc36197cd732c5a3b97	토목	항만공사	기타	기타	토목 > 항만공사 > 기타	NO_MATCH	NO_MATCH			REJECT	NO
c5fa8208e2b14274ca4d321109afea8e6ceda173c17cb3f0c8942e88ffbaf4bb	b5d0624486db8a0a715d43a9aecf5fe5a227e260de15b2af1c4670cb2975acdb	3c910f25b445bea6a92ceffeca88fb67009e4f969bf24270daecd9bfb850c5f8	토목	관공사 부대공사	용접작업	용접작업	토목 > 관공사 부대공사 > 용접작업	POSSIBLE_RELATED	POSSIBLE_RELATED	bf3841d0-71ea-4464-a7d9-d0dcdc3dfa33	궤도현장용접	HOLD	YES_HOLD_ONLY
c678649728e70ba5c70ad0abffd59a9db970016b73edb0f85ae1350f2e1195fd	5795866c6402c7032f8e2d7da41edf6ee975bd8484678183c8f16c7417daff10	1391ca1476e71a2d09c59834e96ab8f45c21ffbf53cce7ae23aed2c4783d2299	건축	조적공사	마감작업	마감작업	건축 > 조적공사 > 마감작업	AMBIGUOUS	AMBIGUOUS			HOLD	NO
c6bcdf868192e415764ccd835a1bec00e04667ede0b4c83a1a27572238b3a2c7	38487cbd7c8a56fddcc822be4eb26a9e9535b21cbb2ac498d7310e672d844c2e	30dcdc5a76164fafc012336eacaf3c873d854adcb0be380e11d6dce61b78d8ab	토목	철도 및 궤도공사	인양작업	인양작업	토목 > 철도 및 궤도공사 > 인양작업	CANONICAL_GAP				HOLD	NO
c6f17d8336d0d2e45a1c232a88c90e36910e940c0db63168699f2ac70c199658	35a509796d60a1d18540848443967292ec41a29ce3fda15040040cc2bbac1a02	0a231c9f8bb1d0ae86a92ecd91221a878a2443b1bb2ef64af154f0249d5c788c	토목	도로 및 포장공사	설비작업	설비작업	토목 > 도로 및 포장공사 > 설비작업	AMBIGUOUS	AMBIGUOUS			HOLD	NO
c74f26632ff17734f4a11e8fc797584b806c9c3257a9d30b0af7dcccfb7ca675	42018808ea3f30db8f181f80157ac82dad9ec874ca4c000a72194a8ea43ea693	65626010f2477ae09f3144563507bff74d27169c5612620470c3baef1297b869	건축	철골공사	운반작업	운반작업	건축 > 철골공사 > 운반작업	AMBIGUOUS	AMBIGUOUS			HOLD	NO
c845a074ed23b5822fc1507d841692c3fae21b079a1445e5e73442b2db81dd06	aaf3b02d93e32b6ebae14ce31cb98d5302aa62484b653e11add70b8a9ee91ea8	472845d4fc3f329f9af4a3fd3c6136a2998126cc621e414a74dcd3496c2f3ed8	토목	지반조사	장약 및 발파작업	장약 및 발파작업	토목 > 지반조사 > 장약 및 발파작업	NARROWER_THAN	NARROWER_THAN	473d69ee-4433-487f-bc43-c35c1f2ea28f	발파굴착	UNDECIDED	YES
c890234dd6843a00c75d895c23290f76a9d2fecbde146ceb733428d5325d1551	421c1dc8ae12d1e78a94d14edc3fc1670d254d7fb9c160422c35e5dc26a9735c	d8e7b54e66d8e5a1bd480770883eae4b5b5ed79631b786d8f9b6c15db98d5ffe	토목	댐 및 제방공사	해체작업	해체작업	토목 > 댐 및 제방공사 > 해체작업	AMBIGUOUS	AMBIGUOUS			HOLD	NO
c941580d860829d6b0dd8848ae7f7c6bc274b2d28361d3f8e9cef0f2a41f24fa	affa94a0755e8d25904ed53cf17f51373fad1087329c180b78ae2c454b6a7ba0	65626010f2477ae09f3144563507bff74d27169c5612620470c3baef1297b869	토목	도로 및 포장공사	운반작업	운반작업	토목 > 도로 및 포장공사 > 운반작업	AMBIGUOUS	AMBIGUOUS			HOLD	NO
c99861ec448c14bd00660857032b02b1a4793e00f896a0045765d609276d046c	adbc2abab88facccad227371ebc0433a9b8856c39c64d12371d5c6fba85341e8	65626010f2477ae09f3144563507bff74d27169c5612620470c3baef1297b869	토목	해체 및 철거공사	운반작업	운반작업	토목 > 해체 및 철거공사 > 운반작업	AMBIGUOUS	AMBIGUOUS			HOLD	NO
c9aa27b30e87035ceef4ccf99935ac73c710aa1f9989dc631647443c1637ad91	8804ffafd21e0923f926d38b48ecede3b4035b32bfb536b5665cf92cf297208c	0e7cb038dc0a2250f2c8fc713582ed2fe79cbe67f5e9c0b08c8c8a43ef13900f	토목	관공사	적재작업	적재작업	토목 > 관공사 > 적재작업	CANONICAL_GAP				HOLD	NO
c9e55c03e962789d786f9b2800c597b18df312e0366af311b82a15c78a4a3772	a5b71b15089df7d0519937e2560141eb086c4257c1e9ef12f20629959dfd5772	19af917f9c96e6e96b984e95c53a93ad9ab35457202511f7b151a8681accecfc	기타	기타	매설작업	매설작업	기타 > 기타 > 매설작업	CANONICAL_GAP				HOLD	NO
ca35d175598cc7e9f2aa25fc2ba84d72f0adcae1a9dd3233ff3abaa8f7968aab	5f93221a423abf12677f5b93f3c3010718ae1f9001503ffee7b041f964c31de8	bd0485e938079a0f3212b49f32b13b1e7a0d8d998700c754c64ba64251caeb2c	건축	철근콘크리트공사	설치작업	설치작업	건축 > 철근콘크리트공사 > 설치작업	AMBIGUOUS	AMBIGUOUS			HOLD	NO
caa283c3eee60065ea7429212c0b40bd0903f66e51b216cb7aefc74d3aadba99	c86605e7e367da0a2469614e60a74518e301e7cde5a4d41a25d8e586ff95bddc	30dcdc5a76164fafc012336eacaf3c873d854adcb0be380e11d6dce61b78d8ab	토목	철근콘크리트공사	인양작업	인양작업	토목 > 철근콘크리트공사 > 인양작업	CANONICAL_GAP				HOLD	NO
cb5aa51dc7d07909229019d5df41272b8bf985ce7c73f95467513bc6a38aa688	c64de97ce4b5772b9f47d64245eeaeb306e4a53060bc721b12ec21b9cf8db574	cf5fea65784d96e176786807861c6e1dc09cbf17dd41bc7cd1c340efc5171e1b	토목	터널공사	연결작업	연결작업	토목 > 터널공사 > 연결작업	AMBIGUOUS	AMBIGUOUS			HOLD	NO
cbbc218690d239414cd8e030ec4231bde8d3b5e7f0b5ad1b22a83b8d8cc642f7	6122964f50c7a3a2a72d4e9d54fc6953eb89dbe8bbda6dd0ac52234e42bfb117	bd0485e938079a0f3212b49f32b13b1e7a0d8d998700c754c64ba64251caeb2c	건축	가설공사	설치작업	설치작업	건축 > 가설공사 > 설치작업	AMBIGUOUS	AMBIGUOUS			HOLD	NO
cc09e88cf3f769b4df32a4d0cfe2865276b38984a139898a23bcb3b67d428ff9	4f2af888a9cd88a01786e15c157fd561d9c3f99c470205d945a6040a41f351f6	0756c82cf78ed670c83363f3233e0d198432bafe0a422ed6fc857ca0754e82cc	건축	해체 및 철거공사	반출작업	반출작업	건축 > 해체 및 철거공사 > 반출작업	CANONICAL_GAP				HOLD	NO
cc3c6a06ad5182ba40c986cc9e1d99e14cca85c92fb06de4eadd35aa02a1739c	80538be9bab5a27b4f961597173de91b402184a2aab9a6dd991bd2f3e015ceaf	bd0485e938079a0f3212b49f32b13b1e7a0d8d998700c754c64ba64251caeb2c	토목	하천공사	설치작업	설치작업	토목 > 하천공사 > 설치작업	AMBIGUOUS	AMBIGUOUS			HOLD	NO
cc6a731004f639a357037fc36473228ea62a0c958ca14b7a4e0778aa64014007	4a714917c49a7f14037e8596cd0b8aebf1d538d116a0d31eaa9ae2534ab6237b	48105d18ac598a275b9d9af1d4c9dde59b1b0828183211841e868a38d688924f	토목	가설공사	절단작업	절단작업	토목 > 가설공사 > 절단작업	AMBIGUOUS	AMBIGUOUS			HOLD	NO
ccc862fed147a4e48b02cc8ff148c0f4f0309eea12fdaaa33f434dab58c690fa	33a19b557d35741aca8df8343cf28c6eb5a8a0dbcc37bfa5c1160dcff1ced5b0	e7316cf9a23edc1490a432601f518b9184dc64c9b05170a4729e8a61ba35dfe4	토목	토공사	이동	이동	토목 > 토공사 > 이동	AMBIGUOUS	AMBIGUOUS			HOLD	NO
cd2de0134e2f8d545f82277fb23a38e0087c26209d660b9e798f1a00932846cc	c8c900acf899f25f9462a0ce28926e85e7c8ddc92def3b2b692bbe0bb41b7a9b	661b1eba5666bb84171755d9955531e6151203c533db707086e82888b2386540	건축	철근콘크리트공사	고소작업	고소작업	건축 > 철근콘크리트공사 > 고소작업	CANONICAL_GAP				HOLD	NO
cd894d27dd08d80fa0ee83dfe5af985f4183cfe12fd61399d98e228b353176e5	c0f3a5af06d7231d9edf15580e8f4a74eb9ed4b7159d56a481a487c7b83f1c6b	997f626aa64669e84021801d98f7e3a3606f7cf83769292b52db6dc016179421	건축	철골공사	확인 및 점검작업	확인 및 점검작업	건축 > 철골공사 > 확인 및 점검작업	AMBIGUOUS	AMBIGUOUS			HOLD	NO
cdcc503648f713985b5afbe1e74c8399743fcb285620a6e0091b4ffdb02bae1f	f6f0b4a396739183a88115c351df1abf9d6546dbda74b86c27e4a83cf42e0e39	bd0485e938079a0f3212b49f32b13b1e7a0d8d998700c754c64ba64251caeb2c	건축	지반조사	설치작업	설치작업	건축 > 지반조사 > 설치작업	AMBIGUOUS	AMBIGUOUS			HOLD	NO
cf32a8189d7bcb557401ed2319030ba17b6f6a246d25d03c18847ff298b2bb95	86ccea64c98825bd4f21e0f4609aca55a26f4ac3072e69a53cd30de49000b5c1	bd0485e938079a0f3212b49f32b13b1e7a0d8d998700c754c64ba64251caeb2c	건축	조적공사	설치작업	설치작업	건축 > 조적공사 > 설치작업	AMBIGUOUS	AMBIGUOUS			HOLD	NO
d008c73cf98554ef03888816f29ef3ea09683e0cc1939257238eb972e935ee30	cab8974f312de1c5920a83d975b22e116806c34bafd1493806406ab218c0afb5	1391ca1476e71a2d09c59834e96ab8f45c21ffbf53cce7ae23aed2c4783d2299	건축	목공사	마감작업	마감작업	건축 > 목공사 > 마감작업	AMBIGUOUS	AMBIGUOUS			HOLD	NO
d0fcbf7649130143a4f1e8418db90e408214434a13c72e41ef86cb4943001207	94d18e1df81d07d4a87a4194e0ad1eabeb0cf9dfd8321452ace40b1e4ed1bb87	4ca71b41bfbd8dcb80a9d8059a77d8c0e600cae75fbef1caa99f4dad989f04b7	토목	지반개량공사	정리작업	정리작업	토목 > 지반개량공사 > 정리작업	AMBIGUOUS	AMBIGUOUS			HOLD	NO
d10aeef2b21d4f0613bcf7cb44a5d6bb9953ad3e0da7353ff261e6e54a146011	1dfc51872550d244535006617f132d02206d692f1e6e817571f79b0d9fe50a48	b1d6b393b80eb3d2952fefdf0d7b27e2d89a40311350d9e8345f9cc2d1f846f1	건축	지정공사	굴착작업	굴착작업	건축 > 지정공사 > 굴착작업	AMBIGUOUS	AMBIGUOUS			HOLD	NO
d11e8e3046377b2f723a160d9acc399db7719f48c260222eb2a0f82956fe0592	987352cf2a58396a36667a18bfa7d9ab7a0c35eb94dfa6dcd7afd8a681431586	bd0485e938079a0f3212b49f32b13b1e7a0d8d998700c754c64ba64251caeb2c	건축	도장공사	설치작업	설치작업	건축 > 도장공사 > 설치작업	AMBIGUOUS	AMBIGUOUS			HOLD	NO
d16ff98135badd96b5082da4b855ac32e4171fbba1abd65a187a45f8c0847bf7	af7b7ae54018f4cf6c34713f850d5827376607440c9b8459624f85d3614334ef	997f626aa64669e84021801d98f7e3a3606f7cf83769292b52db6dc016179421	건축	건축 토공사	확인 및 점검작업	확인 및 점검작업	건축 > 건축 토공사 > 확인 및 점검작업	AMBIGUOUS	AMBIGUOUS			HOLD	NO
d1f07cc4cebf4c749387f53217809410bca26243b0705eb3f999acfd234e6c62	d2e901777355c003daf2858cb92b2bacc0fbccbde7ec32bc61d7fdf8dd864eca	f1403c0703a57a01edda9abee1bc15476d3c2ff0f5ef8724b106e5898e745a9d	건축	해체 및 철거공사	양중작업	양중작업	건축 > 해체 및 철거공사 > 양중작업	CANONICAL_GAP				HOLD	NO
d20f071dfbb924b638158d4f411db6f69ad604dac8d3e7e87d7f915ffe1f2682	c091c53a2601ca4ea0c92c9345118cabfe8b761e86ccdf6dd678ac10d85361c8	bd0485e938079a0f3212b49f32b13b1e7a0d8d998700c754c64ba64251caeb2c	토목	교량공사	설치작업	설치작업	토목 > 교량공사 > 설치작업	AMBIGUOUS	AMBIGUOUS			HOLD	NO
d26ffe10d2c4e58b6d656c9f2cb640b7958b83e0510fa50c92adaa67515dd83a	943cc3aefaec71ca740a9fcf1ca2375cc3ca3a40dab08a99f4fdc92dd7bf6ed8	48105d18ac598a275b9d9af1d4c9dde59b1b0828183211841e868a38d688924f	건축	건축 토공사	절단작업	절단작업	건축 > 건축 토공사 > 절단작업	AMBIGUOUS	AMBIGUOUS			HOLD	NO
d2a591a17cfb65e0d4e9234ccf79081f313acc15051f637bcf8dcf76dea0f1e7	b1c6270bb6336fc34d7dabd897b7ac43b07d621c79342de454e84a80fce93a95	cf5188a72ceab1ccd264117d85b4fdfffe7d059db4a699c96f8558861c4e4bcb	토목	하천공사	부설 및 다짐작업	부설 및 다짐작업	토목 > 하천공사 > 부설 및 다짐작업	CANONICAL_GAP				HOLD	NO
d2cd1001a51df12bd3fb0c27397f2b5012475096ec3cee7610e75fee346c7e33	09cb2a25b6993de7579712d117539c4fb8f4e7c2907b24df6ed391b6d3a4e9b9	0e7cb038dc0a2250f2c8fc713582ed2fe79cbe67f5e9c0b08c8c8a43ef13900f	토목	관공사 부대공사	적재작업	적재작업	토목 > 관공사 부대공사 > 적재작업	CANONICAL_GAP				HOLD	NO
d34d8d6c19ccae1b9e08a7c51b3f5757f9aad7591f85d8b709e8ef7b44b21f19	301226e3821c48ee50b7c0f2674020006944a1bd65cc59559512c1282eae1efa	f1403c0703a57a01edda9abee1bc15476d3c2ff0f5ef8724b106e5898e745a9d	토목	토공사	양중작업	양중작업	토목 > 토공사 > 양중작업	CANONICAL_GAP				HOLD	NO
d38bc7ab4dd924732d8b7c6b44acfe11e9782aa8f3ee1ac8ef417c86381af700	83724c0cb838f8d72f9f2db48d1e1144d6fd4d3a2616f5ea2303c4e61cd36fcf	0acdd6f6e91785bc8883ca863f907a312b6533f5b151215ca1f37fce8b9b3410	토목	철근콘크리트공사	준비작업	준비작업	토목 > 철근콘크리트공사 > 준비작업	AMBIGUOUS	AMBIGUOUS			HOLD	NO
d3b88a55e9d02dc53940fa84bb3b856b443d7aa45b768479eaf8f9e327cfde76	3517825dfe152cf1042b6f35eb37e8e6370bb3f0c730016e8acfc6356f6b233c	cf5fea65784d96e176786807861c6e1dc09cbf17dd41bc7cd1c340efc5171e1b	건축	철골공사	연결작업	연결작업	건축 > 철골공사 > 연결작업	AMBIGUOUS	AMBIGUOUS			HOLD	NO
d44f5e1675eee6351cd6cf596d4683b1cbc88eff45eb0d4246b89f081f350c02	e33bc3c981805aee287036bf00ca4a8ff30f2772e751b06a26316b1527f765d1	ef3b17761779d30710ba66b1a0c39ad7c3360cd385349525037715f2c5f8f48c	토목	가설공사	거치작업	거치작업	토목 > 가설공사 > 거치작업	AMBIGUOUS	AMBIGUOUS			HOLD	NO
d485a7be3afb1e88e834a8e954761375064c60a3a0475e5f62afef460829f594	b61f023745c4aa0721141ab9e774e4ea88d84aad4199edfc684177fd7bc87465	661b1eba5666bb84171755d9955531e6151203c533db707086e82888b2386540	토목	철근콘크리트공사	고소작업	고소작업	토목 > 철근콘크리트공사 > 고소작업	CANONICAL_GAP				HOLD	NO
d4912d0b1de1c9691ec230340eb33ac65b5c912537a1ee7302acb82a6bccf2f5	5d2ddb69f899a06fc637a0b7517e1d6c729c2824c4d074ffba0c2ef0e209e23a	65626010f2477ae09f3144563507bff74d27169c5612620470c3baef1297b869	건축	수장공사	운반작업	운반작업	건축 > 수장공사 > 운반작업	AMBIGUOUS	AMBIGUOUS			HOLD	NO
d491f29b8b7d09be64841fc4b6433863585174b19f521dd9e83411bbaac1df72	4bdb94077f0391e7581aa732f29c8944d2bfc75efc387de1d61fcc4d613eaa23	df6fbe5b23ee09f8601a369c8d5758f13b17f760ef21dcd75ad8a2156deccb7b	토목	관공사 부대공사	타설작업	타설작업	토목 > 관공사 부대공사 > 타설작업	AMBIGUOUS	AMBIGUOUS			HOLD	NO
d49de8d68fa211e53e2d5eef5d66a1b1133769109a02c64a0e45d8466fe8ea56	c0364ec77b9e356a6b7ac07f828628ce38a80734d8044a6678f022e763e0b217	0acdd6f6e91785bc8883ca863f907a312b6533f5b151215ca1f37fce8b9b3410	토목	교량공사	준비작업	준비작업	토목 > 교량공사 > 준비작업	AMBIGUOUS	AMBIGUOUS			HOLD	NO
d4e3d4c682581b0c0254730cd4138703fca34e25cbaacb00e36e2f47f0fabead	29608bf7470e24bd2d6d36a507c5ad283b63763e5d92ab8adf021a2316392ee6	0756c82cf78ed670c83363f3233e0d198432bafe0a422ed6fc857ca0754e82cc	건축	미장공사	반출작업	반출작업	건축 > 미장공사 > 반출작업	CANONICAL_GAP				HOLD	NO
d60d082c624fd4d25cdabb72efded166fccf32dfc791b12fdc5e826c96d6cf67	015c30f3067e85053f492f4f289ec8df3d331dfe530893ebf172b6c8ee2b8108	1391ca1476e71a2d09c59834e96ab8f45c21ffbf53cce7ae23aed2c4783d2299	건축	미장공사	마감작업	마감작업	건축 > 미장공사 > 마감작업	AMBIGUOUS	AMBIGUOUS			HOLD	NO
d6e86114aba72eb80e8ce46df2027a2070044703c4a59eb4248a14d61f679873	8e26511a82d35100c5b830d1eda05ca06035d2c506c8c220dd31951e140ab6e5	f6361061b822a9a71314c4764e7bdc336f7ab6f9979c095e10c4c657a166e203	산업설비	산업설비공사	천공작업	천공작업	산업설비 > 산업설비공사 > 천공작업	AMBIGUOUS	AMBIGUOUS			HOLD	NO
d703f6dccbc5440e372174f577c290ee8f1305a595039cd2b2cfed3ca9e4353d	7ffdced66176d56aaf0183e5f5142ee2ef0ce87d0784a1c27b46c03462e95e0f	8c0b57e9750758e2b1fd5835c29669218c2a78a005a18c3ba85bcbd6857c7543	건축	철골공사	항타 및 항발작업	항타 및 항발작업	건축 > 철골공사 > 항타 및 항발작업	CANONICAL_GAP				HOLD	NO
d74df2f9f4625da2076fec540bc9c38df4c16e43d1e466e7278b731eca6c08a3	3c95857535d514d4d505930e0362872b14c69f5e86ef07a8444eb45407738dca	df6fbe5b23ee09f8601a369c8d5758f13b17f760ef21dcd75ad8a2156deccb7b	건축	철근콘크리트공사	타설작업	타설작업	건축 > 철근콘크리트공사 > 타설작업	AMBIGUOUS	AMBIGUOUS			HOLD	NO
d78ad3efd2de5a24f277d15c6960f4b42b5756ccb952ea0a8fd6a87b83b89ecb	97eadf4ffa211434aa1612eac76f17a482962c9eeda1fc1f31820dfab8ba61b3	e7316cf9a23edc1490a432601f518b9184dc64c9b05170a4729e8a61ba35dfe4	토목	강구조물공사	이동	이동	토목 > 강구조물공사 > 이동	AMBIGUOUS	AMBIGUOUS			HOLD	NO
d7ab39932aa5a8f24f5e7679344426f9c1646a74e88ab9433cdcd416142d3961	a3cdd82aff8ea73efb6c40d22b32f55cf10369e3b84a2e6b6aaa8046ba83b265	65626010f2477ae09f3144563507bff74d27169c5612620470c3baef1297b869	기계설비	기계설비공사	운반작업	운반작업	기계설비 > 기계설비공사 > 운반작업	AMBIGUOUS	AMBIGUOUS			HOLD	NO
d7b21dd295f746d62fc2b213b91fed3df193ec0b039ff2892170302e236af4cf	d2d6dc9bf18b3120bde04a8f28182e00e7021ad6776ba31296a632c9974dace2	f08aca2c9d1e728f9830094ce993aaaf91f6fee7a2c06e656f10d588e63b662f	건축	철골공사	전기작업	전기작업	건축 > 철골공사 > 전기작업	AMBIGUOUS	AMBIGUOUS			HOLD	NO
d7edb232753637201af5b9d747314bf3eb53f749306ae566cffe61896545d8a0	bee9d181752e4d57479168d38fda83a55b9a6a7ea0059a861d75f7faf71b390c	cf5fea65784d96e176786807861c6e1dc09cbf17dd41bc7cd1c340efc5171e1b	토목	가설공사	연결작업	연결작업	토목 > 가설공사 > 연결작업	AMBIGUOUS	AMBIGUOUS			HOLD	NO
d899676da70bc163538c7c8d10c36208070689f8a1495f6141e4ef05a5733f19	342cd9af9512a67922e5bfb699935768c7f897ab93cd27500587cacd98ec6c78	ffb965e265ea89a5f9caa94da676c09b040a85aa3d1e01d2a0b89550f6a1e3d9	건축	금속공사	형틀 및 목공	형틀 및 목공	건축 > 금속공사 > 형틀 및 목공	CANONICAL_GAP				HOLD	NO
d97662ce573381fc17ec4a1cbd1d8210e120f840ec8f54a88ab0bf854646f79b	33a0725864f0e207a6b66ae89dc092eb92485295e3b366268ddf016d42265e99	997f626aa64669e84021801d98f7e3a3606f7cf83769292b52db6dc016179421	토목	가설공사	확인 및 점검작업	확인 및 점검작업	토목 > 가설공사 > 확인 및 점검작업	AMBIGUOUS	AMBIGUOUS			HOLD	NO
d9e24c288e4bdcce24bc671d3ea9a1ee4b59a4c12fda0d816d1698c4ab3d65c2	0351b1aee8934e89dd05838c8bd33cd65f952ac66247ef8fd42712dc362afad8	5d6f033d9ee872a3183f43b481a283ae25272493f60697e6c522efd45e06979b	토목	철도 및 궤도공사	청소작업	청소작업	토목 > 철도 및 궤도공사 > 청소작업	AMBIGUOUS	AMBIGUOUS			HOLD	NO
da199928f9d0c30ef6ee7558dfbae26a53cfe0bcda8bd9536d573b58d6062231	8e191537a0db788b4ea70ec45ff0477648f789482ea0aa53a7e0d105fb76021c	e7316cf9a23edc1490a432601f518b9184dc64c9b05170a4729e8a61ba35dfe4	토목	도로 및 포장공사	이동	이동	토목 > 도로 및 포장공사 > 이동	AMBIGUOUS	AMBIGUOUS			HOLD	NO
da2421fae7629d3cbe579b9407bbd65aa9cf25f2ccd947e02a4128903e69c5e3	cb1da1f4d48a41118652aabd9f28b9cd2ca782be7b3aa2375a3833c5b1ecd9c6	bd0485e938079a0f3212b49f32b13b1e7a0d8d998700c754c64ba64251caeb2c	토목	토공사	설치작업	설치작업	토목 > 토공사 > 설치작업	AMBIGUOUS	AMBIGUOUS			HOLD	NO
daba67f5ab480f81628e311af2cca68173f4822b69ae136460fc0953c9108160	2595c79851c0af268132385ded2b2de9eca13d57e6fd6c29c793f1358bd9aa00	3c910f25b445bea6a92ceffeca88fb67009e4f969bf24270daecd9bfb850c5f8	건축	수장공사	용접작업	용접작업	건축 > 수장공사 > 용접작업	POSSIBLE_RELATED	POSSIBLE_RELATED	bf3841d0-71ea-4464-a7d9-d0dcdc3dfa33	궤도현장용접	HOLD	YES_HOLD_ONLY
dadd4c527b8698df586ed7386aacf2235975cfcc4abe8a6fa15e5111f172083f	9f90d4df662ce5f31327ff36ef51c4aa1b316b9c6e5d4bd730acbc579381245a	df6fbe5b23ee09f8601a369c8d5758f13b17f760ef21dcd75ad8a2156deccb7b	토목	교량공사	타설작업	타설작업	토목 > 교량공사 > 타설작업	AMBIGUOUS	AMBIGUOUS			HOLD	NO
dafb7e1753c8c0b6eef6131e126f67a83877f83dc4da1736ea6692997768b637	5f0e4c9c4c74e8202e52a4990635066dc6a9a50895d299a3c77e89ed49933f15	0acdd6f6e91785bc8883ca863f907a312b6533f5b151215ca1f37fce8b9b3410	건축	철근콘크리트공사	준비작업	준비작업	건축 > 철근콘크리트공사 > 준비작업	AMBIGUOUS	AMBIGUOUS			HOLD	NO
db95abdefc8249e45adb336b6fb8ba343a196c730f512eff698bb95f1f7977b6	8ac4baacea5b80dadd836df9395a7f255ece73c743f16e8b423c21e4e5e185e4	0a231c9f8bb1d0ae86a92ecd91221a878a2443b1bb2ef64af154f0249d5c788c	토목	가설공사	설비작업	설비작업	토목 > 가설공사 > 설비작업	AMBIGUOUS	AMBIGUOUS			HOLD	NO
dbaccdd14f699d4c5865fc05ed1dffc2f4f5935bb980deee188160ca401f607a	7d36cd92d79c6fa5f5bb65e8daec486eccf7eaa49484b30b57481429901ad4bd	29ae570d4c4b0f09a50eb0e1ef42e47bca89566fd489fcf6da31ca1acfecd808	토목	철근콘크리트공사	쌓기작업	쌓기작업	토목 > 철근콘크리트공사 > 쌓기작업	AMBIGUOUS	AMBIGUOUS			HOLD	NO
dbc73995d268d5de0d45fb6bdf1f316e846fef7f4341f2c95d425723fdd23d95	e309e73e9a0d76d147444a48f94f92357182fb8639be7187d2d8bb53dda06928	e7316cf9a23edc1490a432601f518b9184dc64c9b05170a4729e8a61ba35dfe4	토목	철근콘크리트공사	이동	이동	토목 > 철근콘크리트공사 > 이동	AMBIGUOUS	AMBIGUOUS			HOLD	NO
dbccf9e988acab3da7f90d649019a32e1bea2e90b04af12b6f2d8138ad95dda1	1a16e456c9ef15217239f110a85699355c7745eafcbe426c72a959906d502ea2	d8e7b54e66d8e5a1bd480770883eae4b5b5ed79631b786d8f9b6c15db98d5ffe	건축	해체 및 철거공사	해체작업	해체작업	건축 > 해체 및 철거공사 > 해체작업	AMBIGUOUS	AMBIGUOUS			HOLD	NO
dbdcfacfe2f80a50e6d0e1317ebd1c5f65351e200235776baf46879d7d9912e1	8539cd08b27053182a0c7b7873078745ca592a207df47d9ff03dad5339f6ccec	a061f38c4032ce113a6f576c3b1cc9e096cea0537d9569ce5d979ff5ba3f86dd	건축	건축물 부대공사	상차 및 하역작업	상차 및 하역작업	건축 > 건축물 부대공사 > 상차 및 하역작업	CANONICAL_GAP				HOLD	NO
dc6c47a7f963e4de679b7c9bc2144c55fb54e46f03ba729315d85f4ce95e8bd0	988cda0033f3d7f88098684da506c6a3680c6b3cebde866794a9279ee9291e15	f08aca2c9d1e728f9830094ce993aaaf91f6fee7a2c06e656f10d588e63b662f	건축	금속공사	전기작업	전기작업	건축 > 금속공사 > 전기작업	AMBIGUOUS	AMBIGUOUS			HOLD	NO
dcc79947ef1a183a82ccf806d5a9e6227ed9114ba642f3ea7154bbbc1edcb9e4	727d98f0080adfe2dcfed6a8f7bce9af18223dac244ef74507abb3d2ca4b714a	1391ca1476e71a2d09c59834e96ab8f45c21ffbf53cce7ae23aed2c4783d2299	토목	관공사	마감작업	마감작업	토목 > 관공사 > 마감작업	AMBIGUOUS	AMBIGUOUS			HOLD	NO
dd094673b8d87952aa6b4cdaa9a477bc528ce5e070d844fed6c7cae72db4e8d6	187d932b4e049dc160352936bc9f38777344bf3af6a4f30de8bf785ed1a21acd	df6fbe5b23ee09f8601a369c8d5758f13b17f760ef21dcd75ad8a2156deccb7b	토목	하천공사	타설작업	타설작업	토목 > 하천공사 > 타설작업	AMBIGUOUS	AMBIGUOUS			HOLD	NO
dd28ca556bb587b8562a8349ce6903725151e32e45fd57a84ae9c87523c0f583	9a07913cc71e08e5f0ff567f62513f4677236c3b776b657f77b0eaf74c1ef92c	a061f38c4032ce113a6f576c3b1cc9e096cea0537d9569ce5d979ff5ba3f86dd	토목	프리캐스트 콘크리트공사	상차 및 하역작업	상차 및 하역작업	토목 > 프리캐스트 콘크리트공사 > 상차 및 하역작업	CANONICAL_GAP				HOLD	NO
dd9759cac1a81c40a55f00cb98d2ccab06d6c4983f8b607b2e68d7afb74d426d	c7a1dfc6450566681d08082a626ca7eb224c8400bd8b98135bbbc2b919ef5179	472845d4fc3f329f9af4a3fd3c6136a2998126cc621e414a74dcd3496c2f3ed8	토목	토공사	장약 및 발파작업	장약 및 발파작업	토목 > 토공사 > 장약 및 발파작업	NARROWER_THAN	NARROWER_THAN	473d69ee-4433-487f-bc43-c35c1f2ea28f	발파굴착	UNDECIDED	YES
de21bf9f2e7aee6cddf17bd1337e5f2f8d29bb209a99dfbb926f65d153ef002b	000dc031efd7a9e83515866c879b62ced7f35b5269ec2da5686ea40dcc199c87	bd0485e938079a0f3212b49f32b13b1e7a0d8d998700c754c64ba64251caeb2c	토목	가설공사	설치작업	설치작업	토목 > 가설공사 > 설치작업	AMBIGUOUS	AMBIGUOUS			HOLD	NO
de60a81406bf7f9f985c35ce42dc4d2bd902a6ea86b033fe4b872aae20f67570	d5e044e380819fc4837a0a160846b610c6134c903dc8556ab976079739c6e33b	2952b47b898b60f09f2cd04e8217794992537f4b967d23dee4d2a8bf2aeb3258	건축	가설공사	정비작업	정비작업	건축 > 가설공사 > 정비작업	CANONICAL_GAP				HOLD	NO
de6bae69cc98984f2aa10e286c53e2f1b9fc377ab4cce83ec77977aeb577e82a	05658a5ccbff492c7c368e35458c50de382410d68ab8b280fa6446c1bc68043e	0a231c9f8bb1d0ae86a92ecd91221a878a2443b1bb2ef64af154f0249d5c788c	건축	금속공사	설비작업	설비작업	건축 > 금속공사 > 설비작업	AMBIGUOUS	AMBIGUOUS			HOLD	NO
de7736a3dcd0cd79c9d0e3ffe894aca04af5010d0270f871cc84825ead9b477a	5da13366cacb99f1cb93dd2db1f241ca6dcb8e2f9c9b0bf92d6de5122e9dfe80	282d033d279da81ab42162f2cdf4c2bf2ba05e217d927dc36197cd732c5a3b97	토목	해체 및 철거공사	기타	기타	토목 > 해체 및 철거공사 > 기타	NO_MATCH	NO_MATCH			REJECT	NO
de8252f6df770cae60097a7141b83567cfe4a1a3b4419b3e7f83dd6009400d8c	79bcb06b59d684d58f2da5ae7e981200accf6c37234d0fb7e75d5adb3b5dfdf8	f1403c0703a57a01edda9abee1bc15476d3c2ff0f5ef8724b106e5898e745a9d	건축	철근콘크리트공사	양중작업	양중작업	건축 > 철근콘크리트공사 > 양중작업	CANONICAL_GAP				HOLD	NO
de91346f98bea46ccaaab1e9ce162f87b0cc2a62d4ccd3356272d26cc75e56a2	e74fec70bcc86cf7e96388ac0116534e84621b5efd0a00f72ee378658e79f551	0756c82cf78ed670c83363f3233e0d198432bafe0a422ed6fc857ca0754e82cc	토목	도로 및 포장공사	반출작업	반출작업	토목 > 도로 및 포장공사 > 반출작업	CANONICAL_GAP				HOLD	NO
deb5f0d9645bfb895d60dde96898b0455b219e48d1f64c9349287871ca59d438	e9cbcb352b7a75d3e5b862e4f2fcedc9369d2579a592f7a7d43b07e0d73256c5	8c0b57e9750758e2b1fd5835c29669218c2a78a005a18c3ba85bcbd6857c7543	토목	가설공사	항타 및 항발작업	항타 및 항발작업	토목 > 가설공사 > 항타 및 항발작업	CANONICAL_GAP				HOLD	NO
debba961cc592f8fd21350edfcba6d98f0feed053256cd70af48cfdb037b84ad	15e134d2cea20474fbac4b9907c646c62a6797698804d26082959c5bcb96ede0	b1d6b393b80eb3d2952fefdf0d7b27e2d89a40311350d9e8345f9cc2d1f846f1	산업설비	지반조사	굴착작업	굴착작업	산업설비 > 지반조사 > 굴착작업	AMBIGUOUS	AMBIGUOUS			HOLD	NO
df34a575566b020a500bfde0bbd33b7765b608ed0f5fc12061732c3f4192f043	0531f33a468629b7c6efd07a4f08a05b98b3a670ec0ea059f7f86b7f9634e2f8	65626010f2477ae09f3144563507bff74d27169c5612620470c3baef1297b869	토목	하천공사	운반작업	운반작업	토목 > 하천공사 > 운반작업	AMBIGUOUS	AMBIGUOUS			HOLD	NO
df5d6a1677c7c3086aacf434366abe827dea538d9c44bb3bc03bb0aaacfda2bb	cc1a71c1246639ec4bd31bf448b145a16f4c84fef71eea0528d7a51230cbebba	e7316cf9a23edc1490a432601f518b9184dc64c9b05170a4729e8a61ba35dfe4	토목	터널공사	이동	이동	토목 > 터널공사 > 이동	AMBIGUOUS	AMBIGUOUS			HOLD	NO
dfaf56fe1a0c214e5905ea9714360fcdcd27eb9ed5c5ecc9816e6fe9b39a3529	9bbbf8f7b753fa60be9f40c7254bb24efd727155f1a8de76e624066ed9aef80f	1391ca1476e71a2d09c59834e96ab8f45c21ffbf53cce7ae23aed2c4783d2299	토목	항만공사	마감작업	마감작업	토목 > 항만공사 > 마감작업	AMBIGUOUS	AMBIGUOUS			HOLD	NO
dfc17be5418081d5ee7f721ae22166441437a53838b10b98efe60240945446f8	9e779b35280b38824f51cf59065c7b424e41a92a1a091e0afafe3228ef939e3d	e7316cf9a23edc1490a432601f518b9184dc64c9b05170a4729e8a61ba35dfe4	건축	특수 건축물공사	이동	이동	건축 > 특수 건축물공사 > 이동	AMBIGUOUS	AMBIGUOUS			HOLD	NO
dff64edb8bd38e8375e2d0336381346d29add54e605d8821401ecc5ab0614c3a	9b7ccab712e8f6c6cdc1e6d7f6ee0e35bfda013d9e74a835d5c3a6084a0ccf25	bd0485e938079a0f3212b49f32b13b1e7a0d8d998700c754c64ba64251caeb2c	건축	타일 및 돌공사	설치작업	설치작업	건축 > 타일 및 돌공사 > 설치작업	AMBIGUOUS	AMBIGUOUS			HOLD	NO
e0354f8ea61ccccac29f503ceda072f4e3a800023862149aefc5177d10dc4957	00c8e777321ce6e780cac352c28da8be3301605d8cfc68d1e15072b1dc5ff8dd	1391ca1476e71a2d09c59834e96ab8f45c21ffbf53cce7ae23aed2c4783d2299	건축	건축물 부대공사	마감작업	마감작업	건축 > 건축물 부대공사 > 마감작업	AMBIGUOUS	AMBIGUOUS			HOLD	NO
e084f4b29526b3b639757ef3e30f2de87fa3ddc5cabf7eeb8bed1e6437e15c94	0eef7023fc07074e4bb0324e3a05c82bcb31a705ea866497c55922507a58362f	65626010f2477ae09f3144563507bff74d27169c5612620470c3baef1297b869	토목	터널공사	운반작업	운반작업	토목 > 터널공사 > 운반작업	AMBIGUOUS	AMBIGUOUS			HOLD	NO
e12fc45ddaec3549a921ed0aecb19ecfdeb8f03a3cdbe873f0200b322d73b541	1b170187a3cdbfdde20bf588a294731f7d92b0c25d7361bb7868e2ec557ed9e0	29ae570d4c4b0f09a50eb0e1ef42e47bca89566fd489fcf6da31ca1acfecd808	건축	건축 토공사	쌓기작업	쌓기작업	건축 > 건축 토공사 > 쌓기작업	AMBIGUOUS	AMBIGUOUS			HOLD	NO
e1de4ff9199f5d2a2a618003efb8f6bbb700db0d21be2e4c9dc16d046ea3ef69	abff275de456ae48a143aa22d41dc261f7378f4ea34e774aeecd4299b0126230	d8e7b54e66d8e5a1bd480770883eae4b5b5ed79631b786d8f9b6c15db98d5ffe	토목	철근콘크리트공사	해체작업	해체작업	토목 > 철근콘크리트공사 > 해체작업	AMBIGUOUS	AMBIGUOUS			HOLD	NO
e29e4132212aaceb8ccaae37ad4e452b545997cdcd9ee0bbebb2f6e98a07888d	a01acb8abb5884545427c7e180ab733ce3365dd75567a98baddefc78e365c706	472845d4fc3f329f9af4a3fd3c6136a2998126cc621e414a74dcd3496c2f3ed8	건축	지반조사	장약 및 발파작업	장약 및 발파작업	건축 > 지반조사 > 장약 및 발파작업	NARROWER_THAN	NARROWER_THAN	473d69ee-4433-487f-bc43-c35c1f2ea28f	발파굴착	UNDECIDED	YES
e2ddbb98078039a34a16c9f4d96cebb044e1c0bd1942b68a90f38a1f97f1bd6c	ee012bdcc3de4a090f1039cf83d0500d1e1f69392e643e3a82313604df7af3b5	cf5fea65784d96e176786807861c6e1dc09cbf17dd41bc7cd1c340efc5171e1b	토목	철도 및 궤도공사	연결작업	연결작업	토목 > 철도 및 궤도공사 > 연결작업	AMBIGUOUS	AMBIGUOUS			HOLD	NO
e2efbbbc12c3f0e0b1fa289a0d38e5ac5b7915ab23c39636117232c25759969b	6e3c00d535ca4207a681b450a3387961818d68a14976717c340d4ee197e53129	30dcdc5a76164fafc012336eacaf3c873d854adcb0be380e11d6dce61b78d8ab	토목	관공사 부대공사	인양작업	인양작업	토목 > 관공사 부대공사 > 인양작업	CANONICAL_GAP				HOLD	NO
e356b6cd076dca9faa0c5ea9fc61c2f68672228ad865e4add59a4be2b427ee2c	4976be77f4801b89d7f26f69708778985b477e32fb95dad46c8c04605a0eb8ff	f08aca2c9d1e728f9830094ce993aaaf91f6fee7a2c06e656f10d588e63b662f	산업설비	산업설비공사	전기작업	전기작업	산업설비 > 산업설비공사 > 전기작업	AMBIGUOUS	AMBIGUOUS			HOLD	NO
e39c3ab7f4a4ff1fcdfe834465f558c9a895d525c6d7c86a2134ff88eaacb129	570bb48ee02905fad273d9db94ec34b3b8f1f07bcba01989dfc8fd3dc7213928	282d033d279da81ab42162f2cdf4c2bf2ba05e217d927dc36197cd732c5a3b97	토목	토공사	기타	기타	토목 > 토공사 > 기타	NO_MATCH	NO_MATCH			REJECT	NO
e3f16683d3bc48fc2bee70ef463cd4d514f29a570662852cdef175f8234e5266	eb8043ed0e67b6b10fcc184f508ffcd77b5d095460601574277d69fe94cbbb0f	cf5fea65784d96e176786807861c6e1dc09cbf17dd41bc7cd1c340efc5171e1b	전기설비	가설공사	연결작업	연결작업	전기설비 > 가설공사 > 연결작업	AMBIGUOUS	AMBIGUOUS			HOLD	NO
e497cb3c9d728f2d474e31c7e28aeb3cc13d4973e36853b1ff08403ee43911c7	8dac82e69691a2cbe638f4703eb57b310cf8af2b123e4e50a7f4416e9ba30ce2	d8e7b54e66d8e5a1bd480770883eae4b5b5ed79631b786d8f9b6c15db98d5ffe	토목	도로 및 포장공사	해체작업	해체작업	토목 > 도로 및 포장공사 > 해체작업	AMBIGUOUS	AMBIGUOUS			HOLD	NO
e4d191edde0c335089d573f0a61f242b538792db564e6ad5c1ade1993370d45a	1a66ec9ba27cfcba59d16a01941b8c3dbda353aceeb79f8b5c9e7911f7ccd998	8f6ecd321691ca29c767d1260283d0df3a18f7467bf7342879ba1b42f6971f82	토목	관공사	양생작업	양생작업	토목 > 관공사 > 양생작업	POSSIBLE_RELATED	POSSIBLE_RELATED	3258e587-68ab-40c8-80df-dd4fa0db60b7	콘크리트양생	HOLD	YES_HOLD_ONLY
e55459f0bfbe0ec7f3c9117945a1ebdd0894d4ab6dbdb364f4443ba667c2f5e9	90ca387a3fd759e3c242c0bf3c924a7f7df6b560bca3023ed1989414717e4a77	5d6f033d9ee872a3183f43b481a283ae25272493f60697e6c522efd45e06979b	토목	철근콘크리트공사	청소작업	청소작업	토목 > 철근콘크리트공사 > 청소작업	AMBIGUOUS	AMBIGUOUS			HOLD	NO
e562bcc9b9d431f000f98d8c1932c49e4b8c6228b453d5e75be52511f3ef0dff	f1dac0c9db764be45fab4285afc486a53c7af2c6867fb0e3a4efafefab2d0450	079391c8343fceeb126f842f6d76e7031a22cbf92bceb56fd510d0b1e811b703	토목	댐 및 제방공사	벌목작업	벌목작업	토목 > 댐 및 제방공사 > 벌목작업	CANONICAL_GAP				HOLD	NO
e5c046672260adaaffe296ca7d61bd7ac6e1861d7c25d0d5366a802adc5a174b	a50837e1dbabe3c234c0cd38e89f1cc2e0ee8e148573cb093233c5b57b9a0f94	a966477f21ef79379eb27c418c693a5bdc61034e833f766c12361697a1257d8a	토목	교량공사	절취작업	절취작업	토목 > 교량공사 > 절취작업	CANONICAL_GAP				HOLD	NO
e691e4e580e6b5854ee595a715e8bbf9537ed474485cf9d836c789e9acc270db	b5f7115d7487e1da0fd4df04137dc63d6e913169971e36c7062f89ab1b7d648d	29ae570d4c4b0f09a50eb0e1ef42e47bca89566fd489fcf6da31ca1acfecd808	토목	교량공사	쌓기작업	쌓기작업	토목 > 교량공사 > 쌓기작업	AMBIGUOUS	AMBIGUOUS			HOLD	NO
e70ee37355f58ea3d40d7e4a0ca1a744516c7c194d1f937eb4ecde3954f2f4ee	d4d439b35d68a37d68e49d1ae32d3f309be2973a835a6c6ee8c5834a033a0fcd	079391c8343fceeb126f842f6d76e7031a22cbf92bceb56fd510d0b1e811b703	토목	관공사 부대공사	벌목작업	벌목작업	토목 > 관공사 부대공사 > 벌목작업	CANONICAL_GAP				HOLD	NO
e84e9c1d76426238c49130c36595481af1cf200c29df06484a7e14dfe2bb806f	cd863fbf19f465d873c29bdf5a264cc058cdfaf5ac39918c386c5bfb5af8c7f1	282d033d279da81ab42162f2cdf4c2bf2ba05e217d927dc36197cd732c5a3b97	기타	기타	기타	기타	기타 > 기타 > 기타	NO_MATCH	NO_MATCH			REJECT	NO
e86dcb05b91460f041c35151395df823e809fbb063431b56e4d1628c10d1c60f	dcb7caf3d2e6830d85b1cafa4968f44cf779cbc54fb6f4c8527894efbf845dd7	079391c8343fceeb126f842f6d76e7031a22cbf92bceb56fd510d0b1e811b703	토목	도로 및 포장공사	벌목작업	벌목작업	토목 > 도로 및 포장공사 > 벌목작업	CANONICAL_GAP				HOLD	NO
e90dd4c6028f9097490af35e463424c000d17dd5bff6e1b0f574ccb4718e2b1f	445223eeb745039728e4c33ce58e192d928e7457496e32ffe3ff0f8adf107d4f	f6361061b822a9a71314c4764e7bdc336f7ab6f9979c095e10c4c657a166e203	토목	말뚝공사	천공작업	천공작업	토목 > 말뚝공사 > 천공작업	AMBIGUOUS	AMBIGUOUS			HOLD	NO
ea142ee8b9579ce46fe01a4223b23c062e2d1bacb6209b643b0838f08f78a3d5	f61b0954f0c0965d93ebd9e38d958a6ec3e9be4c31ccaf1374d4aafa22e765be	29ae570d4c4b0f09a50eb0e1ef42e47bca89566fd489fcf6da31ca1acfecd808	건축	금속공사	쌓기작업	쌓기작업	건축 > 금속공사 > 쌓기작업	AMBIGUOUS	AMBIGUOUS			HOLD	NO
eaa13303dd15f2f257775ba131e7e120931624714622d8b99e3efafdb2105c02	067c05913e034e7b15cb610a0d26d144662abb0bac6ba27a16441f18f5383130	0a231c9f8bb1d0ae86a92ecd91221a878a2443b1bb2ef64af154f0249d5c788c	토목	관공사 부대공사	설비작업	설비작업	토목 > 관공사 부대공사 > 설비작업	AMBIGUOUS	AMBIGUOUS			HOLD	NO
eaa9fcfb1289d5099312c3d27e2bef6914d116329b1a7df719138b9ec60fcfa0	b21445cad7cdce0c8fb0861b511c27304d7aacb1a2d90b59a6106f770bdbe57e	a061f38c4032ce113a6f576c3b1cc9e096cea0537d9569ce5d979ff5ba3f86dd	토목	교량공사	상차 및 하역작업	상차 및 하역작업	토목 > 교량공사 > 상차 및 하역작업	CANONICAL_GAP				HOLD	NO
eafc9a6cbebb864b6fb77369b39067bdf4fa9896397e6d4b723bf1252e25c24f	50907ed0d917a9dbbc0656ffb08eaf68781c74de9bac6f5ed59198b3a7257652	ffb965e265ea89a5f9caa94da676c09b040a85aa3d1e01d2a0b89550f6a1e3d9	토목	하천공사	형틀 및 목공	형틀 및 목공	토목 > 하천공사 > 형틀 및 목공	CANONICAL_GAP				HOLD	NO
eb1e7eacf66cf849e2b0da50b30f8276815c2441063a0bd4937efd1bd6326b83	2c101cbb908062f80475e2cd0eb7ff85d4bf1696bfe90f53c946318ac7d39929	29ae570d4c4b0f09a50eb0e1ef42e47bca89566fd489fcf6da31ca1acfecd808	토목	지반개량공사	쌓기작업	쌓기작업	토목 > 지반개량공사 > 쌓기작업	AMBIGUOUS	AMBIGUOUS			HOLD	NO
eb72a88783a8e265bc0497194b0ba288a54f3628df4c11dc989c3db842137c6f	5e3ecd1f26f58356db4509a7c350b63babd88538ae0f9fef02ae2a82b08c9a5c	cf5188a72ceab1ccd264117d85b4fdfffe7d059db4a699c96f8558861c4e4bcb	토목	터널공사	부설 및 다짐작업	부설 및 다짐작업	토목 > 터널공사 > 부설 및 다짐작업	CANONICAL_GAP				HOLD	NO
ec51532ee1786550eb823ac9f5abc0cdd9d190dc42887ff2d37d3dfe529ac34d	689130bbae65e6ccf278f1f814809d322894c76a752fc86575c03fc0c888c101	0e7cb038dc0a2250f2c8fc713582ed2fe79cbe67f5e9c0b08c8c8a43ef13900f	토목	가설공사	적재작업	적재작업	토목 > 가설공사 > 적재작업	CANONICAL_GAP				HOLD	NO
ed2a07d06222f3dfd0c7a51774310ab67961d82cc3a56aac41d92a89acc55d58	b5beef42895aaa619c7f93ee230abdfd97d0bdc7d92610fee7590f8affb17e0b	d8e7b54e66d8e5a1bd480770883eae4b5b5ed79631b786d8f9b6c15db98d5ffe	산업설비	해체 및 철거공사	해체작업	해체작업	산업설비 > 해체 및 철거공사 > 해체작업	AMBIGUOUS	AMBIGUOUS			HOLD	NO
ed5ac7e5c1e946f5881cbd5e76f13960ee18c64f7ed9399fd9f18a619eeb5137	2d496edc4bf78ae6fd85d13b7ac4121fe0fd633eb6194900ae88203bb0db7075	0756c82cf78ed670c83363f3233e0d198432bafe0a422ed6fc857ca0754e82cc	토목	토공사	반출작업	반출작업	토목 > 토공사 > 반출작업	CANONICAL_GAP				HOLD	NO
eecd05f2afb034aaf1f08e189aa7191e7140645dca6936c139e43f6310a696e0	906da50a7b70557d772e90ed411af5702967c0c74a42c8badc5f92e0bd1aaea0	e7316cf9a23edc1490a432601f518b9184dc64c9b05170a4729e8a61ba35dfe4	토목	말뚝공사	이동	이동	토목 > 말뚝공사 > 이동	AMBIGUOUS	AMBIGUOUS			HOLD	NO
eedb188b77a045a7dc5216694a2b9257fbbc3f490af44d3884c42e3f91ace250	54f58afa8f949e0ccffcc557f5ccbf5ad614cb0ea891efb5e0534c841e138d11	a061f38c4032ce113a6f576c3b1cc9e096cea0537d9569ce5d979ff5ba3f86dd	토목	가설공사	상차 및 하역작업	상차 및 하역작업	토목 > 가설공사 > 상차 및 하역작업	CANONICAL_GAP				HOLD	NO
ef880fb43dfd0813c32fd6395c73bef79f07075d485de4ed1e1ecd0068a4f65c	c624d9ee38176c5f8b0cfd36a1835c6ad6768eccc86ec6d28fa1c5c9e7fd9f3c	f08aca2c9d1e728f9830094ce993aaaf91f6fee7a2c06e656f10d588e63b662f	토목	가설공사	전기작업	전기작업	토목 > 가설공사 > 전기작업	AMBIGUOUS	AMBIGUOUS			HOLD	NO
ef99443f83e285df3cbf96a28e1ec79e5c3a25cfea29e45e14454ff5339ac92a	9965fab8fcc07e12b8dafa3f2198c3e393fddecac9963d1f144fa712fa5a13c6	d8e7b54e66d8e5a1bd480770883eae4b5b5ed79631b786d8f9b6c15db98d5ffe	건축	철근콘크리트공사	해체작업	해체작업	건축 > 철근콘크리트공사 > 해체작업	AMBIGUOUS	AMBIGUOUS			HOLD	NO
efa99b4766dd526b42ff426244568ea44241c127d3db6b37e836f080179ecee8	2b2d94bbbd82e9ff0525d80dec3a5c941829201e290aac561c1382d3fc232df5	0756c82cf78ed670c83363f3233e0d198432bafe0a422ed6fc857ca0754e82cc	건축	가설공사	반출작업	반출작업	건축 > 가설공사 > 반출작업	CANONICAL_GAP				HOLD	NO
efc8abf609447f92f987e6028de64f3a0813f24edfedeb7874a12fcb7683981d	30eb443a715d2d3f85824c1a571c67a9993ce33242444d1f894845e24b772482	661b1eba5666bb84171755d9955531e6151203c533db707086e82888b2386540	토목	관공사 부대공사	고소작업	고소작업	토목 > 관공사 부대공사 > 고소작업	CANONICAL_GAP				HOLD	NO
f007ce23c887ca2adbcda7239f274753b74a3c95afebb4b44a3e22cb4e65aa43	26f444bea902eb7633b53848b042f48dea4580cdd6115d3b07372ccc4d654de0	bd0485e938079a0f3212b49f32b13b1e7a0d8d998700c754c64ba64251caeb2c	건축	건축 토공사	설치작업	설치작업	건축 > 건축 토공사 > 설치작업	AMBIGUOUS	AMBIGUOUS			HOLD	NO
f0294789e135e0a7c5f07a8d58d84bbfad0090fcaf9c65f10ece021ad291e771	bdae3eb5332e00337bb24051a75993d10b9dc5936b75b7a25d4cb2d44de50e1d	bd0485e938079a0f3212b49f32b13b1e7a0d8d998700c754c64ba64251caeb2c	토목	지반개량공사	설치작업	설치작업	토목 > 지반개량공사 > 설치작업	AMBIGUOUS	AMBIGUOUS			HOLD	NO
f0a57a1456b89c3f569a393c68fbc2109e96d94411ef2145d8c4951d17bc8389	82ff49c003504381ba50c34f7033a94843f7491eee29c226b3c0e97243a8a927	8c0b57e9750758e2b1fd5835c29669218c2a78a005a18c3ba85bcbd6857c7543	토목	교량공사	항타 및 항발작업	항타 및 항발작업	토목 > 교량공사 > 항타 및 항발작업	CANONICAL_GAP				HOLD	NO
f0afa42f1f3d756d3ccc4c7198034a24d3bbb28d6ea6e4a26d296bbb5a3f9f1b	e998dc8fb45665e027938e2f90513489918d3e5ac2ebf7d4384661e30f13907e	3c910f25b445bea6a92ceffeca88fb67009e4f969bf24270daecd9bfb850c5f8	건축	지붕 및 홈통공사	용접작업	용접작업	건축 > 지붕 및 홈통공사 > 용접작업	POSSIBLE_RELATED	POSSIBLE_RELATED	bf3841d0-71ea-4464-a7d9-d0dcdc3dfa33	궤도현장용접	HOLD	YES_HOLD_ONLY
f0f5df2e8d8c9dd2e141c3356356062291f054762e84265097d1f5f313c43f49	c1444e8613c36a523874a39635709a4120c93b03d18d65c7cf44a6b8977a0123	3c910f25b445bea6a92ceffeca88fb67009e4f969bf24270daecd9bfb850c5f8	산업설비	지반조사	용접작업	용접작업	산업설비 > 지반조사 > 용접작업	POSSIBLE_RELATED	POSSIBLE_RELATED	bf3841d0-71ea-4464-a7d9-d0dcdc3dfa33	궤도현장용접	HOLD	YES_HOLD_ONLY
f178eedc08a4f99d6361beb05853b97381a113fa7e045562b90a5ac33f78b718	3582ee5a38f569ff8c97db63d77077269e5ebd0f15ca87b2200fcfac342fa4eb	48105d18ac598a275b9d9af1d4c9dde59b1b0828183211841e868a38d688924f	건축	수장공사	절단작업	절단작업	건축 > 수장공사 > 절단작업	AMBIGUOUS	AMBIGUOUS			HOLD	NO
f197177da1f03e992cd8f95c51b7d8185bd9cbd1e2cacddd2a7fb6123ca95c91	a26d99035314db3512531ecda6812800068440fe4da58acc06011390b678d821	997f626aa64669e84021801d98f7e3a3606f7cf83769292b52db6dc016179421	토목	말뚝공사	확인 및 점검작업	확인 및 점검작업	토목 > 말뚝공사 > 확인 및 점검작업	AMBIGUOUS	AMBIGUOUS			HOLD	NO
f19a82a36fc5773f1fb48852982f6d48344d638fd9b63006a14859fa5c6dd91e	580f59743f3519cf93cb7fc4220bed87d66a5c11603a253d7d0dbd7676c56e42	f1403c0703a57a01edda9abee1bc15476d3c2ff0f5ef8724b106e5898e745a9d	기타	기타	양중작업	양중작업	기타 > 기타 > 양중작업	CANONICAL_GAP				HOLD	NO
f1d6a4d9c42dacc6fd589c2532af46865255b14f7221bcb4aa4fbc805cd1a93c	939baeaa803b7a9826083454368b09fa757eba93bba48c133c2718de5f41c6ca	282d033d279da81ab42162f2cdf4c2bf2ba05e217d927dc36197cd732c5a3b97	건축	방수공사	기타	기타	건축 > 방수공사 > 기타	NO_MATCH	NO_MATCH			REJECT	NO
f24ecd017fc2d1536ad78f3784240c06d831f29e94addff9bc82aebf40138085	c85434d0caa74efaf7dbab16ee56424e35f36ca0373b28127e36fd4b5098ad02	0756c82cf78ed670c83363f3233e0d198432bafe0a422ed6fc857ca0754e82cc	토목	터널공사	반출작업	반출작업	토목 > 터널공사 > 반출작업	CANONICAL_GAP				HOLD	NO
f28a73b632992c64ba5e073a6cbb01b8ad43c9c02c137a382864af15eacf603e	0a2392e9f7a8949e4464234a7348b2077e6171b3f8898d673245e9b1dd5406a2	661b1eba5666bb84171755d9955531e6151203c533db707086e82888b2386540	토목	관공사	고소작업	고소작업	토목 > 관공사 > 고소작업	CANONICAL_GAP				HOLD	NO
f291a6eba8009f3eddc76bc30a0bfb4ea27566254daee77e7dce0c050a649af0	87e4792021667715c71b42b56230b569978f642470d426a6692393d38ac8b8c2	e7316cf9a23edc1490a432601f518b9184dc64c9b05170a4729e8a61ba35dfe4	건축	수장공사	이동	이동	건축 > 수장공사 > 이동	AMBIGUOUS	AMBIGUOUS			HOLD	NO
f2ba5cc00674af8030c48bf9e7fa5c1db8cd0213a893200584614ac6a4e076c3	df1a5e2b5e585a68ef0ed6ab52001aca7fd6c6da0d132cc5027c1f6123a0f95b	b1d6b393b80eb3d2952fefdf0d7b27e2d89a40311350d9e8345f9cc2d1f846f1	토목	가설공사	굴착작업	굴착작업	토목 > 가설공사 > 굴착작업	AMBIGUOUS	AMBIGUOUS			HOLD	NO
f36440329cb1866360e2694d3d60fae584a1482334e0da9fce0fedb6c9074a38	d43429f54024e6ee608a79190260b2f8bbce8e3a5d2d9535bdc9e9098f4cb64b	48105d18ac598a275b9d9af1d4c9dde59b1b0828183211841e868a38d688924f	토목	말뚝공사	절단작업	절단작업	토목 > 말뚝공사 > 절단작업	AMBIGUOUS	AMBIGUOUS			HOLD	NO
f40d8bf0b2c85641863752218214246b7ce59ef9ac1d9b9269a62a93f9a0297e	7754ffd62d8dac6fb5421f6013d6d3e2ab91c3cf995f8ecbad9a06bf0089171c	cf5fea65784d96e176786807861c6e1dc09cbf17dd41bc7cd1c340efc5171e1b	건축	목공사	연결작업	연결작업	건축 > 목공사 > 연결작업	AMBIGUOUS	AMBIGUOUS			HOLD	NO
f4651fca8dedf7f5fc495d692c99b0642bc20aa9dcf5d66aa0e63fdfe3a44406	a5b16731060382492c4afca4bb7193476ce2a9730e35be6f170cd0321c4b2dc5	f6361061b822a9a71314c4764e7bdc336f7ab6f9979c095e10c4c657a166e203	토목	관공사 부대공사	천공작업	천공작업	토목 > 관공사 부대공사 > 천공작업	AMBIGUOUS	AMBIGUOUS			HOLD	NO
f501e9b02a7ed7b45b4fa6b723750724b9c441cfc1fdf45f85423a9e29463375	d55c6769f081aeca56061126ba30bb0d83741247daf60d226269a11ff0cc79fd	8c0b57e9750758e2b1fd5835c29669218c2a78a005a18c3ba85bcbd6857c7543	토목	철근콘크리트공사	항타 및 항발작업	항타 및 항발작업	토목 > 철근콘크리트공사 > 항타 및 항발작업	CANONICAL_GAP				HOLD	NO
f592bf22806f768316d666fecc70b56ccfa7f493300b3d93ae4adcaad0877013	7609f55c17ca3492559a2ab8605ba6dadfbc07999af4a2add23729d6de41191c	b1d6b393b80eb3d2952fefdf0d7b27e2d89a40311350d9e8345f9cc2d1f846f1	산업설비	가설공사	굴착작업	굴착작업	산업설비 > 가설공사 > 굴착작업	AMBIGUOUS	AMBIGUOUS			HOLD	NO
f59e97d8b761f168e692e0c888f90cd1c346eeee77bc39f5c20bbab28f842391	be5f9dd93b45077e30b734ebe1f13b660b2529aca14219f081259aaac6ed975b	0acdd6f6e91785bc8883ca863f907a312b6533f5b151215ca1f37fce8b9b3410	토목	관공사	준비작업	준비작업	토목 > 관공사 > 준비작업	AMBIGUOUS	AMBIGUOUS			HOLD	NO
f64bed178acca00b3f6dfbb81d7c6a9d6d3590f59c6259bf8b00538ec970a0ba	6c8c2371e7c0a75e993756b46fff0e3b2dfde6a83d68dbf9def5fbcaefcc47ab	65626010f2477ae09f3144563507bff74d27169c5612620470c3baef1297b869	토목	댐 및 제방공사	운반작업	운반작업	토목 > 댐 및 제방공사 > 운반작업	AMBIGUOUS	AMBIGUOUS			HOLD	NO
f6a8dc24511c9e6ceb18cce1782a417224f48d22bd824cfa8cfaac9272e19070	73149f3128aff47b884290daddfc54933041b409da214c5f9c8bce81666701a3	ef3b17761779d30710ba66b1a0c39ad7c3360cd385349525037715f2c5f8f48c	건축	건축 토공사	거치작업	거치작업	건축 > 건축 토공사 > 거치작업	AMBIGUOUS	AMBIGUOUS			HOLD	NO
f7b54e6628813188d5b9ab1a40b5d0e4d839e028fcac76c80f55670f9a5acb94	33a8a48f6dc4aa96aa7c7f91398745c7260a3c583d30c43c6d35b0fca05e210f	2952b47b898b60f09f2cd04e8217794992537f4b967d23dee4d2a8bf2aeb3258	토목	철도 및 궤도공사	정비작업	정비작업	토목 > 철도 및 궤도공사 > 정비작업	CANONICAL_GAP				HOLD	NO
f7bf6c96d77e8cc0960255303afae249e5a6dd47f52c2be9c5d42b7fb35021e8	529d49796d2a2893c29900dd8f9f1fa39edca836cb9ba198af02834033ba0ffa	ef3b17761779d30710ba66b1a0c39ad7c3360cd385349525037715f2c5f8f48c	건축	금속공사	거치작업	거치작업	건축 > 금속공사 > 거치작업	AMBIGUOUS	AMBIGUOUS			HOLD	NO
f7c1c1346e0ffa9fe90eb014fab997e55e667ba124c420e5b6c34134ee99b0c4	00f584fe5c4d09e1fb449951c1ff4b9ac411436e3cfe0677573a175d714443c1	a061f38c4032ce113a6f576c3b1cc9e096cea0537d9569ce5d979ff5ba3f86dd	기타	기타	상차 및 하역작업	상차 및 하역작업	기타 > 기타 > 상차 및 하역작업	CANONICAL_GAP				HOLD	NO
f7dd401e2e19f25bf97b745ef13308e119c6f5024f96a5706667dda8617c3d2e	b3f1f83621bdd316c19d72369144cbb9241c0e53598da1fa4e7d01a31d4c6613	cf5fea65784d96e176786807861c6e1dc09cbf17dd41bc7cd1c340efc5171e1b	기계설비	기계설비공사	연결작업	연결작업	기계설비 > 기계설비공사 > 연결작업	AMBIGUOUS	AMBIGUOUS			HOLD	NO
f8429e9c1b7530ce4f3ebabf1209833295928460dbe53938436e0ec99191418c	7e2078e7ada138bb87e8625e321dcc636f07e9f7d373c22375eda937fcb291c1	079391c8343fceeb126f842f6d76e7031a22cbf92bceb56fd510d0b1e811b703	토목	해체 및 철거공사	벌목작업	벌목작업	토목 > 해체 및 철거공사 > 벌목작업	CANONICAL_GAP				HOLD	NO
f8aa839334147394a03b3bf9489c50637b1a3369c0ebd07ac09dbc9dc2fdda44	b65f396b837bde88c9e769c5dccdc47c585aa8d23faef2b7554a5e1945f54a36	bd0485e938079a0f3212b49f32b13b1e7a0d8d998700c754c64ba64251caeb2c	토목	지반조사	설치작업	설치작업	토목 > 지반조사 > 설치작업	AMBIGUOUS	AMBIGUOUS			HOLD	NO
f9046c2ec683f3c33d367c092ee70fe6998bf86330b25c24968ab31db7956c1f	6981227fd65395df92cb84caed3c551385cdf7456391ddb043fefc743125abeb	e887ede926e89a1e5cacb4680a187b2a5881475e353235e12a6a8598b51f0cb2	토목	하천공사	조립작업	조립작업	토목 > 하천공사 > 조립작업	AMBIGUOUS	AMBIGUOUS			HOLD	NO
f9546d3faf7ad6b59e61d1a45955641e44108dbcea089c4cb95579f417a8b7cd	2d19fa64f68bb9ffd6695784a0e661a90f7ea8e228ab77a5df30bbc0a9211ce5	f6361061b822a9a71314c4764e7bdc336f7ab6f9979c095e10c4c657a166e203	기타	기타	천공작업	천공작업	기타 > 기타 > 천공작업	AMBIGUOUS	AMBIGUOUS			HOLD	NO
f959c954f0fa4a8e7a59173d8b95fbfa413d0dbe62713787cb0d5312115aaf28	c992d71564fbb785f10c2633ff2abdbd19a131a921805d21266556806859eadf	282d033d279da81ab42162f2cdf4c2bf2ba05e217d927dc36197cd732c5a3b97	토목	터널공사	기타	기타	토목 > 터널공사 > 기타	NO_MATCH	NO_MATCH			REJECT	NO
f961ef2156257815d644cc5363959efdb87d5fb5d3993470f877c8d235fdeeb2	053463091ccc1102174ae9986dcd641651979d365d475a8bd32090730e1f38cf	ffb965e265ea89a5f9caa94da676c09b040a85aa3d1e01d2a0b89550f6a1e3d9	토목	교량공사	형틀 및 목공	형틀 및 목공	토목 > 교량공사 > 형틀 및 목공	CANONICAL_GAP				HOLD	NO
f9a383ba60ec888516a02bc9288a607edac52a3b16e393dea3fc96472f8ecd9a	80bc2e4189b00848cb1a665228c27373fefb03b0f089373a0a5a343e58ab7db9	b1d6b393b80eb3d2952fefdf0d7b27e2d89a40311350d9e8345f9cc2d1f846f1	전기설비	가설공사	굴착작업	굴착작업	전기설비 > 가설공사 > 굴착작업	AMBIGUOUS	AMBIGUOUS			HOLD	NO
f9baeb62b150a75c6ad8d4d3e830f8416ff65edb47f09d5e72c3d1a58d8cb5f1	704699169af4b532e32a54b5f2c0a353728e63cb50e887ec30a32b01c94cd8cb	cf5188a72ceab1ccd264117d85b4fdfffe7d059db4a699c96f8558861c4e4bcb	건축	건축 토공사	부설 및 다짐작업	부설 및 다짐작업	건축 > 건축 토공사 > 부설 및 다짐작업	CANONICAL_GAP				HOLD	NO
fa28944e0729670db7c62828069c699f7fdce8af548564de5ebb997e9cfee75d	85fd02acec1d699ea0a4c5d49c0b8ae22f8a0789f3b6ea15caaead7d7ec379b1	b1d6b393b80eb3d2952fefdf0d7b27e2d89a40311350d9e8345f9cc2d1f846f1	건축	건축 토공사	굴착작업	굴착작업	건축 > 건축 토공사 > 굴착작업	AMBIGUOUS	AMBIGUOUS			HOLD	NO
fa669ff46be79644bad067603b2e9bccd6fa6789fb17ce97dd79dc1b3cd505d8	4505edb0308cc8894c41c7d0a44b1219da2aab7dccc7cbc19aa4e24be47595f6	bd0485e938079a0f3212b49f32b13b1e7a0d8d998700c754c64ba64251caeb2c	건축	방수공사	설치작업	설치작업	건축 > 방수공사 > 설치작업	AMBIGUOUS	AMBIGUOUS			HOLD	NO
fa7b70e492e48f316fe435a78f0b57fd03ee3d68a47c41fa965ba0ea4f67a885	c2335c13f221e8cc586283d4ac0f41ccc8fee4387441f58b53c6984ac118e1ff	997f626aa64669e84021801d98f7e3a3606f7cf83769292b52db6dc016179421	건축	지정공사	확인 및 점검작업	확인 및 점검작업	건축 > 지정공사 > 확인 및 점검작업	AMBIGUOUS	AMBIGUOUS			HOLD	NO
fac4a4f85e18efa4f6abdd813588a74fbbf25716ca8a3065039b9f0a698ed876	89db2f248965b088d346152c578dd684072314950ce6a5b3fe784f07447a86c8	3c910f25b445bea6a92ceffeca88fb67009e4f969bf24270daecd9bfb850c5f8	토목	말뚝공사	용접작업	용접작업	토목 > 말뚝공사 > 용접작업	POSSIBLE_RELATED	POSSIBLE_RELATED	bf3841d0-71ea-4464-a7d9-d0dcdc3dfa33	궤도현장용접	HOLD	YES_HOLD_ONLY
fb27be054502ba4b4aee438256437408afa17153e41043962507360fd36870e8	a14054dfbf5fe38731b002eb2e201828f57e087ef6dca16633bd41d0d6a06fbf	b1d6b393b80eb3d2952fefdf0d7b27e2d89a40311350d9e8345f9cc2d1f846f1	기계설비	기계설비공사	굴착작업	굴착작업	기계설비 > 기계설비공사 > 굴착작업	AMBIGUOUS	AMBIGUOUS			HOLD	NO
fbb4b3958b087427fa5ef75bee47a60fce11b0389c07f8160bc7e5e9af270f39	a3cd30819c4b82335a64329b64592568a0bd9c75869f7dc86c720b6a9af62ec8	df6fbe5b23ee09f8601a369c8d5758f13b17f760ef21dcd75ad8a2156deccb7b	산업설비	가설공사	타설작업	타설작업	산업설비 > 가설공사 > 타설작업	AMBIGUOUS	AMBIGUOUS			HOLD	NO
fc3d683d6110bf72310de90c0febe0218e8eb0d338ec9d2383eefce58eeec474	1cdb19db2cd373298f2158d93e5e5cdd3df5c8b258eb07f87bcc86ab0d5fc5ea	0a231c9f8bb1d0ae86a92ecd91221a878a2443b1bb2ef64af154f0249d5c788c	건축	수장공사	설비작업	설비작업	건축 > 수장공사 > 설비작업	AMBIGUOUS	AMBIGUOUS			HOLD	NO
fc79e3a947fec09b060fe35c415e12bc0a0cefddd5e09d05804c5d2858bef04b	b88c709ddc462362aab243293dea7e416f121c5540a7ce24af6f79470d9a8199	1391ca1476e71a2d09c59834e96ab8f45c21ffbf53cce7ae23aed2c4783d2299	토목	가설공사	마감작업	마감작업	토목 > 가설공사 > 마감작업	AMBIGUOUS	AMBIGUOUS			HOLD	NO
fce946a4c604ae0480960ec74484ae49f23852f77e1429fdae064dc60406966d	96cdf8f3a7b0dce1c7bfde1b9c59a2b72baa1a9171e293fe691744ab3454696b	cf5fea65784d96e176786807861c6e1dc09cbf17dd41bc7cd1c340efc5171e1b	토목	프리캐스트 콘크리트공사	연결작업	연결작업	토목 > 프리캐스트 콘크리트공사 > 연결작업	AMBIGUOUS	AMBIGUOUS			HOLD	NO
fcf56fdfc3ddda17ba8f43cb1d830b889b121e00f9a38fb5a6394077c7055a98	55fb47d97be0a64bbf62f49e7c6c6a3fc26bfb29f384b4bd62167b613e82817a	f1403c0703a57a01edda9abee1bc15476d3c2ff0f5ef8724b106e5898e745a9d	건축	철골공사	양중작업	양중작업	건축 > 철골공사 > 양중작업	CANONICAL_GAP				HOLD	NO
fd349b76b7ed6d0edd50e66f35c2cd5cb65d2a3f925b844c81bfed8dcd64c6d6	556aeaec765e1f3c10a001cea4b0e62b20d380e1ca523660a6b3e117c1f1535b	e887ede926e89a1e5cacb4680a187b2a5881475e353235e12a6a8598b51f0cb2	토목	프리캐스트 콘크리트공사	조립작업	조립작업	토목 > 프리캐스트 콘크리트공사 > 조립작업	AMBIGUOUS	AMBIGUOUS			HOLD	NO
fdcfbcbf61499adb5515e1362092bb2f0087237f942bbb63edd1108cd462d7af	bc0db4072bccca7ee4ba3020ee2abf74931365336f1bc17a9ae0eecf07b680b5	d8e7b54e66d8e5a1bd480770883eae4b5b5ed79631b786d8f9b6c15db98d5ffe	기타	기타	해체작업	해체작업	기타 > 기타 > 해체작업	AMBIGUOUS	AMBIGUOUS			HOLD	NO
fee610e91b424ccf470dcf88794b6ea43df3df405441ad93863a519050583bc7	8cc83a51cb7c276d36a79782654f52851dd98d07a67df55c73951742f266f65b	bd0485e938079a0f3212b49f32b13b1e7a0d8d998700c754c64ba64251caeb2c	건축	수장공사	설치작업	설치작업	건축 > 수장공사 > 설치작업	AMBIGUOUS	AMBIGUOUS			HOLD	NO
fee66abb0bc11b387386b08870de98d27b27b91ddc046d3ad7a84b9f0ee52c1e	47b4c623034eb5bf5c4d95320a8f05e57941b9fca27b36ec3dc971bc20125f3d	b45486f292dde403a31c88157aa9a6b6888b5cd1eb5644d44dcab22dbbdc46b2	토목	토공사	인발작업	인발작업	토목 > 토공사 > 인발작업	POSSIBLE_RELATED	POSSIBLE_RELATED	06e686fc-0062-46af-b4f2-72027b7a4668	RockBolt축력및인발측정	HOLD	YES_HOLD_ONLY
feec87125a8e72973cc07972dc649f1c86bcf2f4a021db50a950076e6cfe6e27	ea9399fb20a8f7a2b67ccbb76ee4fdd55fc19ba8ba76c76447a86a6ef9f0fb2f	282d033d279da81ab42162f2cdf4c2bf2ba05e217d927dc36197cd732c5a3b97	건축	철골공사	기타	기타	건축 > 철골공사 > 기타	NO_MATCH	NO_MATCH			REJECT	NO
ff3eab8701e20b52641c60ad37f5bbc5dc3a32c609cd861f2b2047be669a8cbf	52bdfb176f6ca25fc5b6379a8d50feb2112b47394a0117e40f6b1dc1053181b7	bd0485e938079a0f3212b49f32b13b1e7a0d8d998700c754c64ba64251caeb2c	토목	강구조물공사	설치작업	설치작업	토목 > 강구조물공사 > 설치작업	AMBIGUOUS	AMBIGUOUS			HOLD	NO
ffd8355ecb3f0d1be6753ff5e09e3c10ce36f79238c25f109d66e34195131f8e	9ecff664abf60c82f0a25f0e0bbe781df33edd454f7f56d53e67f240af4dfc71	48105d18ac598a275b9d9af1d4c9dde59b1b0828183211841e868a38d688924f	토목	철도 및 궤도공사	절단작업	절단작업	토목 > 철도 및 궤도공사 > 절단작업	AMBIGUOUS	AMBIGUOUS			HOLD	NO
