review_key	source_key	project_kind	work_type	source_name	source_path	gpt_semantic_decision	gpt_target_canonical_id	gpt_target_canonical_name	gpt_mapping_type	gpt_reason	gpt_confidence_class	input_evidence_sha	canonical_reference_sha	review_authority	review_batch	source_name_normalized	source_path_normalized	batch_no
0034ed50e3602b6df931765d1b234ecad0185972b8c1cee1202075cab4dd8288	91f7f540feca418fc9b1037f0a9259c4ccbf458c14dbfe3a107586f73dc209f7	교량 및 도로	위험기계기구작업	철근절단기 및 절곡기	교량 및 도로 > 위험기계기구작업 > 철근절단기 및 절곡기	NO_MATCH			NO_MATCH	SOURCE_CONCEPT_IS_NOT_A_TASK_SEMANTIC_FOR_CURRENT_CANONICAL_TASK_UNIVERSE	HIGH	bfa75ed7cb87368f9b0744188bd07ac87a495d641945e0e731565fda6517fde8	a22f3a83f3cc2563554eb04b71ac8afc1faff44e3a6a594dd265ff04baafa2a6	GPT	B01	철근절단기 및 절곡기	교량 및 도로 > 위험기계기구작업 > 철근절단기 및 절곡기	B01
0333aab34b4ba4550df52ff68af7e7faf3193d511a9fbc658cb2ac1a6cd85b70	7917b6b3052241b851eb8cf220e41d61c46cddf38623a2c831dfc13ef03b1224	교량 및 도로	안전가시설작업	달대비계	교량 및 도로 > 안전가시설작업 > 달대비계	NO_MATCH			NO_MATCH	SOURCE_CONCEPT_IS_NOT_A_TASK_SEMANTIC_FOR_CURRENT_CANONICAL_TASK_UNIVERSE	HIGH	bfa75ed7cb87368f9b0744188bd07ac87a495d641945e0e731565fda6517fde8	a22f3a83f3cc2563554eb04b71ac8afc1faff44e3a6a594dd265ff04baafa2a6	GPT	B01	달대비계	교량 및 도로 > 안전가시설작업 > 달대비계	B01
04aab323549c5bc26935a05e97722e9e555d99613a3c521e14d14cdb3876bdf2	8597a4b65d8bec9af879b88a4d1512c6157b1c0a58d97089c3ab815c5b048fe3	교량 및 도로	되메움작업	토사반입 및 되메움 실시	교량 및 도로 > 되메움작업 > 토사반입 및 되메움 실시	CANONICAL_GAP				VALID_TASK_BUT_NO_SUITABLE_SINGLE_CANONICAL_TASK_IN_FROZEN_REFERENCE	MEDIUM	bfa75ed7cb87368f9b0744188bd07ac87a495d641945e0e731565fda6517fde8	a22f3a83f3cc2563554eb04b71ac8afc1faff44e3a6a594dd265ff04baafa2a6	GPT	B01	토사반입 및 되메움 실시	교량 및 도로 > 되메움작업 > 토사반입 및 되메움 실시	B01
05bb1b05b8f08812c47f6e1a718cb6625d590133f9edf9dbe13e2be62ccdcad8	3a246af5cd4d88cdb28f6a604ef760436407366119009b2bbfeae768eea12232	교량 및 도로	가설전기작업	교류아크 용접기	교량 및 도로 > 가설전기작업 > 교류아크 용접기	NO_MATCH			NO_MATCH	SOURCE_CONCEPT_IS_NOT_A_TASK_SEMANTIC_FOR_CURRENT_CANONICAL_TASK_UNIVERSE	HIGH	bfa75ed7cb87368f9b0744188bd07ac87a495d641945e0e731565fda6517fde8	a22f3a83f3cc2563554eb04b71ac8afc1faff44e3a6a594dd265ff04baafa2a6	GPT	B01	교류아크 용접기	교량 및 도로 > 가설전기작업 > 교류아크 용접기	B01
076b18770d1abd24ec94df626218dd267895f2622df15f7c88f745a7c82fbb1e	5f42f02170a6d35a1da1d418fb421462b2abde0949ef7fc707e447cbed5ab861	교량 및 도로	PSC교량작업	PSC 교량 거더 운반	교량 및 도로 > PSC교량작업 > PSC 교량 거더 운반	MAP_EXISTING_CANONICAL	2517aed8-23bc-4e23-a7c7-fcd8743847a7	PC부재운반	POSSIBLE_RELATED	PSC_GIRDER_TRANSPORT_IS_STRONGLY_RELATED_TO_PC_MEMBER_TRANSPORT_BUT_PC_PSC_SCOPE_EQUIVALENCE_IS_NOT_ASSUMED	MEDIUM	bfa75ed7cb87368f9b0744188bd07ac87a495d641945e0e731565fda6517fde8	a22f3a83f3cc2563554eb04b71ac8afc1faff44e3a6a594dd265ff04baafa2a6	GPT	B01	PSC 교량 거더 운반	교량 및 도로 > PSC교량작업 > PSC 교량 거더 운반	B01
07d0ae5d882eb8046b9028348fae1d0d4f9bf60cd00effb51984896a6600218a	93c13180caae91b05ffa08f81056279c805504fe0d94e305431f31368316163e	교량 및 도로	위험기계기구작업	열풍기	교량 및 도로 > 위험기계기구작업 > 열풍기	NO_MATCH			NO_MATCH	SOURCE_CONCEPT_IS_NOT_A_TASK_SEMANTIC_FOR_CURRENT_CANONICAL_TASK_UNIVERSE	HIGH	bfa75ed7cb87368f9b0744188bd07ac87a495d641945e0e731565fda6517fde8	a22f3a83f3cc2563554eb04b71ac8afc1faff44e3a6a594dd265ff04baafa2a6	GPT	B01	열풍기	교량 및 도로 > 위험기계기구작업 > 열풍기	B01
0b3511adc033b38e803d8828d67423cadc20c8abb41ea1d7fb86f314ac84a183	a9883fcefdbe237836139b69b9924669e5b504663a218da56e68eb88cee25ad9	터널	발파작업	발파	터널 > 발파작업 > 발파	AMBIGUOUS			AMBIGUOUS	SAME_LEAF_NAME_BUT_SOURCE_CONTEXT_DOES_NOT_UNIQUELY_SELECT_AMONG_MULTIPLE_BLASTING_CANONICAL_TASKS	HIGH	bfa75ed7cb87368f9b0744188bd07ac87a495d641945e0e731565fda6517fde8	a22f3a83f3cc2563554eb04b71ac8afc1faff44e3a6a594dd265ff04baafa2a6	GPT	B01	발파	터널 > 발파작업 > 발파	B01
0cab5d60242928dc7064503f17756e1e279752b1f51f19b3059c426a6fe6acc5	714d8c08d67942ed14f6ec300bf91d81c0aa4372c04fb5e1fea08db1008f6b63	교량 및 도로	안전가시설작업	비계	교량 및 도로 > 안전가시설작업 > 비계	NO_MATCH			NO_MATCH	SOURCE_CONCEPT_IS_NOT_A_TASK_SEMANTIC_FOR_CURRENT_CANONICAL_TASK_UNIVERSE	HIGH	bfa75ed7cb87368f9b0744188bd07ac87a495d641945e0e731565fda6517fde8	a22f3a83f3cc2563554eb04b71ac8afc1faff44e3a6a594dd265ff04baafa2a6	GPT	B01	비계	교량 및 도로 > 안전가시설작업 > 비계	B01
0e228b1a535e67cd134ac2a02827c09a3a51e4d9b7eff19b8d628ebb9e93967a	0b7b703019d74370ac5c5b800396e3f5d447111ba87601a916ee917ea6cc676e	교량 및 도로	가체절작업	가체절(물막이) 흙막이 시공	교량 및 도로 > 가체절작업 > 가체절(물막이) 흙막이 시공	CANONICAL_GAP				VALID_TASK_BUT_NO_SUITABLE_SINGLE_CANONICAL_TASK_IN_FROZEN_REFERENCE	MEDIUM	bfa75ed7cb87368f9b0744188bd07ac87a495d641945e0e731565fda6517fde8	a22f3a83f3cc2563554eb04b71ac8afc1faff44e3a6a594dd265ff04baafa2a6	GPT	B01	가체절(물막이) 흙막이 시공	교량 및 도로 > 가체절작업 > 가체절(물막이) 흙막이 시공	B01
0fc32650fd18a1111343dd4d6b5fbcd4ef3a7db9ee0eff941c5b3ce7ca6bdf3b	c4b70e8dc6758d004799ee4d2983759fd58654017e1b4b421d92d4d3f84f1190	교량 및 도로	발파작업	발파 장약	교량 및 도로 > 발파작업 > 발파 장약	MAP_EXISTING_CANONICAL	bae014b7-2474-48f7-b5c0-0e9f30a0ff56	발파	NARROWER_THAN	EXPLOSIVE_CHARGING_IS_A_SPECIFIC_SUBACTIVITY_OF_BLASTING	HIGH	bfa75ed7cb87368f9b0744188bd07ac87a495d641945e0e731565fda6517fde8	a22f3a83f3cc2563554eb04b71ac8afc1faff44e3a6a594dd265ff04baafa2a6	GPT	B01	발파 장약	교량 및 도로 > 발파작업 > 발파 장약	B01
16f55e54ad7e26cadc227b0281edeb4ba92825e00f54f4b4318bbfe3322bc11c	78b434ca0fc713e089c1e63faf7f01fc5cbac9be97a5a0d9d8482418792a3c6d	교량 및 도로	안전가시설작업	개구부	교량 및 도로 > 안전가시설작업 > 개구부	NO_MATCH			NO_MATCH	SOURCE_CONCEPT_IS_NOT_A_TASK_SEMANTIC_FOR_CURRENT_CANONICAL_TASK_UNIVERSE	HIGH	bfa75ed7cb87368f9b0744188bd07ac87a495d641945e0e731565fda6517fde8	a22f3a83f3cc2563554eb04b71ac8afc1faff44e3a6a594dd265ff04baafa2a6	GPT	B01	개구부	교량 및 도로 > 안전가시설작업 > 개구부	B01
1722bbb30fdaa4f50ee52fa1b21814cbacef758a17657caa020062544f4d9e23	3c9afd24913e114514da195cf6444d90787d9b1526dfe6d8f401363e7258d6a8	교량 및 도로	슬립폼작업	슬립 폼(슬라이딩 폼) 인양	교량 및 도로 > 슬립폼작업 > 슬립 폼(슬라이딩 폼) 인양	CANONICAL_GAP				VALID_TASK_BUT_NO_SUITABLE_SINGLE_CANONICAL_TASK_IN_FROZEN_REFERENCE	MEDIUM	bfa75ed7cb87368f9b0744188bd07ac87a495d641945e0e731565fda6517fde8	a22f3a83f3cc2563554eb04b71ac8afc1faff44e3a6a594dd265ff04baafa2a6	GPT	B01	슬립 폼(슬라이딩 폼) 인양	교량 및 도로 > 슬립폼작업 > 슬립 폼(슬라이딩 폼) 인양	B01
173a4f89a90004758fabbf54225b93c066ed27e0216b216d8beb17f8e5b90fe0	901cb91207a35e91cdac2fd3bccf6583a48f7c073ed8dc79bca7f6fc698f4b7c	교량 및 도로	부대토목작업	부대토목 구내포장	교량 및 도로 > 부대토목작업 > 부대토목 구내포장	AMBIGUOUS			AMBIGUOUS	GENERIC_SITE_PAVING_DOES_NOT_IDENTIFY_MATERIAL_OR_PAVING_METHOD_AMONG_MULTIPLE_CANONICAL_TASKS	MEDIUM	bfa75ed7cb87368f9b0744188bd07ac87a495d641945e0e731565fda6517fde8	a22f3a83f3cc2563554eb04b71ac8afc1faff44e3a6a594dd265ff04baafa2a6	GPT	B01	부대토목 구내포장	교량 및 도로 > 부대토목작업 > 부대토목 구내포장	B01
1869231b6d45ebe5ddc6adb9d49ad485535e04cd4bb8601c69adaa9f41be4d39	f69625a34c19ff0a83728d54a04452cdb1b4b04fdf58da8ffc5d53eac4aceedb	터널	콘크리트작업	콘크리트양생	터널 > 콘크리트작업 > 콘크리트양생	MAP_EXISTING_CANONICAL	3258e587-68ab-40c8-80df-dd4fa0db60b7	콘크리트양생	EXACT_EQUIVALENT	SAME_CURING_TASK_SEMANTICS_AND_COMPATIBLE_CANONICAL_CONTEXT	HIGH	bfa75ed7cb87368f9b0744188bd07ac87a495d641945e0e731565fda6517fde8	a22f3a83f3cc2563554eb04b71ac8afc1faff44e3a6a594dd265ff04baafa2a6	GPT	B01	콘크리트양생	터널 > 콘크리트작업 > 콘크리트양생	B01
18a00877ed7f38c56c92209b61ae684b090b637e8ce4371786d5a8e9f1d7a9bf	aa4c8b0134ef2667a2a95ae200c4ef3a04932e39129f7821c319b09612f15838	교량 및 도로	철근작업	철근가공 및 운반	교량 및 도로 > 철근작업 > 철근가공 및 운반	MAP_EXISTING_CANONICAL	be965f09-464b-4d53-9be4-d72f44d3d1ee	철근가공및조립	POSSIBLE_RELATED	SOURCE_AND_CANONICAL_SHARE_REBAR_PROCESSING_BUT_DIFFER_ON_TRANSPORT_VERSUS_ASSEMBLY_COMPONENT	MEDIUM	bfa75ed7cb87368f9b0744188bd07ac87a495d641945e0e731565fda6517fde8	a22f3a83f3cc2563554eb04b71ac8afc1faff44e3a6a594dd265ff04baafa2a6	GPT	B01	철근가공 및 운반	교량 및 도로 > 철근작업 > 철근가공 및 운반	B01
19170cbeb53e9827a7e402e2b9053772b6d31f5b2060e330ca5d36da2e0a5d14	af804b488a17b2ec4da7642d45e7ab537de018710aa6965d7d522287326d78da	교량 및 도로	발파작업	발파 천공	교량 및 도로 > 발파작업 > 발파 천공	MAP_EXISTING_CANONICAL	bae014b7-2474-48f7-b5c0-0e9f30a0ff56	발파	NARROWER_THAN	BLAST_HOLE_DRILLING_IS_A_SPECIFIC_SUBACTIVITY_OF_BLASTING	HIGH	bfa75ed7cb87368f9b0744188bd07ac87a495d641945e0e731565fda6517fde8	a22f3a83f3cc2563554eb04b71ac8afc1faff44e3a6a594dd265ff04baafa2a6	GPT	B01	발파 천공	교량 및 도로 > 발파작업 > 발파 천공	B01
1a55000cd7cf7c62620a924300b1270d54b99c4de04f1c61b44d62d67568ffd8	6bfbb2a76f1d34975f0393350e800983072a1be640b4a44bf145def3d948c5d1	교량 및 도로	가설전기작업	조명등	교량 및 도로 > 가설전기작업 > 조명등	NO_MATCH			NO_MATCH	SOURCE_CONCEPT_IS_NOT_A_TASK_SEMANTIC_FOR_CURRENT_CANONICAL_TASK_UNIVERSE	HIGH	bfa75ed7cb87368f9b0744188bd07ac87a495d641945e0e731565fda6517fde8	a22f3a83f3cc2563554eb04b71ac8afc1faff44e3a6a594dd265ff04baafa2a6	GPT	B01	조명등	교량 및 도로 > 가설전기작업 > 조명등	B01
23d4e04072a03aa7d9e1b898a514dad2a7c8c297288ef3a6a89cb1460aa8f68a	43784c7564410a0ec1871ff8b41104d551f6ee09eb643a75c2cd629eb8c998b4	교량 및 도로	양중기작업	곤도라	교량 및 도로 > 양중기작업 > 곤도라	NO_MATCH			NO_MATCH	SOURCE_CONCEPT_IS_NOT_A_TASK_SEMANTIC_FOR_CURRENT_CANONICAL_TASK_UNIVERSE	HIGH	bfa75ed7cb87368f9b0744188bd07ac87a495d641945e0e731565fda6517fde8	a22f3a83f3cc2563554eb04b71ac8afc1faff44e3a6a594dd265ff04baafa2a6	GPT	B01	곤도라	교량 및 도로 > 양중기작업 > 곤도라	B01
266aeb4a24faf7196b35bd0a6d33a865aa3239c07bf235b9ef20315571570315	d8e9235523a44019d116f25c9e2dd5f780707469164f40606f555b27ed12c5ed	교량 및 도로	되메움작업	되메움 토사 다짐	교량 및 도로 > 되메움작업 > 되메움 토사 다짐	CANONICAL_GAP				VALID_TASK_BUT_NO_SUITABLE_SINGLE_CANONICAL_TASK_IN_FROZEN_REFERENCE	MEDIUM	bfa75ed7cb87368f9b0744188bd07ac87a495d641945e0e731565fda6517fde8	a22f3a83f3cc2563554eb04b71ac8afc1faff44e3a6a594dd265ff04baafa2a6	GPT	B01	되메움 토사 다짐	교량 및 도로 > 되메움작업 > 되메움 토사 다짐	B01
33c6fe9deb0a46b4fc01e059e8cda6615ef73521772fb043c8665f921f724e31	a2dbb2d7ab94cf648aef33afdb32b004bea08d6b7455d44c72f7e5dd6b3ce919	교량 및 도로	가설도로작업	가설도로 벌목 및 표토제거	교량 및 도로 > 가설도로작업 > 가설도로 벌목 및 표토제거	MAP_EXISTING_CANONICAL	a7106b20-76ca-427f-aa45-2f0b1d417f15	표토제거	POSSIBLE_RELATED	COMPOSITE_SOURCE_INCLUDES_TOPSOIL_REMOVAL_BUT_ALSO_INCLUDES_TREE_CLEARING	MEDIUM	bfa75ed7cb87368f9b0744188bd07ac87a495d641945e0e731565fda6517fde8	a22f3a83f3cc2563554eb04b71ac8afc1faff44e3a6a594dd265ff04baafa2a6	GPT	B01	가설도로 벌목 및 표토제거	교량 및 도로 > 가설도로작업 > 가설도로 벌목 및 표토제거	B01
351945a0c8bbb43220231dff06a60b2f040ac06c322dec2e58bd25be1b7268fa	2eefe143d41fac357b70f84850955ed33845878c299f2f6862a1c140f1371a1c	교량 및 도로	지장물조사 및 이설작업	지장물 되메움	교량 및 도로 > 지장물조사 및 이설작업 > 지장물 되메움	CANONICAL_GAP				VALID_TASK_BUT_NO_SUITABLE_SINGLE_CANONICAL_TASK_IN_FROZEN_REFERENCE	MEDIUM	bfa75ed7cb87368f9b0744188bd07ac87a495d641945e0e731565fda6517fde8	a22f3a83f3cc2563554eb04b71ac8afc1faff44e3a6a594dd265ff04baafa2a6	GPT	B01	지장물 되메움	교량 및 도로 > 지장물조사 및 이설작업 > 지장물 되메움	B01
35574ac2d623a1bf8f9a85754833705d226df817b14144481c20aa774d8bdc02	671dcd6c9997ede5e685b234e1d1cbf9364e32c806850b641a72b4bacf1d6702	댐	콘크리트작업	콘크리트양생	댐 > 콘크리트작업 > 콘크리트양생	MAP_EXISTING_CANONICAL	3258e587-68ab-40c8-80df-dd4fa0db60b7	콘크리트양생	EXACT_EQUIVALENT	SAME_CURING_TASK_SEMANTICS_AND_COMPATIBLE_CANONICAL_CONTEXT	HIGH	bfa75ed7cb87368f9b0744188bd07ac87a495d641945e0e731565fda6517fde8	a22f3a83f3cc2563554eb04b71ac8afc1faff44e3a6a594dd265ff04baafa2a6	GPT	B01	콘크리트양생	댐 > 콘크리트작업 > 콘크리트양생	B01
35828b60eeee51002feacee769ab96296b33b562bbba22749b271082b4b91c14	35e08e3f2b7a7487336c53c07d7483b3a4337bcd3ac6e4055501bb91ba63a19d	교량 및 도로	안전가시설작업	낙하물 방지망	교량 및 도로 > 안전가시설작업 > 낙하물 방지망	NO_MATCH			NO_MATCH	SOURCE_CONCEPT_IS_NOT_A_TASK_SEMANTIC_FOR_CURRENT_CANONICAL_TASK_UNIVERSE	HIGH	bfa75ed7cb87368f9b0744188bd07ac87a495d641945e0e731565fda6517fde8	a22f3a83f3cc2563554eb04b71ac8afc1faff44e3a6a594dd265ff04baafa2a6	GPT	B01	낙하물 방지망	교량 및 도로 > 안전가시설작업 > 낙하물 방지망	B01
3bc97d5486990fc4ba0c6a8f62c5c07b5193aff52d3dfe6432d8ada298e94c8b	821f6aa390740b166a4b434f47639e50db7e9dc52445bc0ae52e4f0fbdaf3c87	교량 및 도로	위험기계기구작업	목재가공용 둥급톱	교량 및 도로 > 위험기계기구작업 > 목재가공용 둥급톱	NO_MATCH			NO_MATCH	SOURCE_CONCEPT_IS_NOT_A_TASK_SEMANTIC_FOR_CURRENT_CANONICAL_TASK_UNIVERSE	HIGH	bfa75ed7cb87368f9b0744188bd07ac87a495d641945e0e731565fda6517fde8	a22f3a83f3cc2563554eb04b71ac8afc1faff44e3a6a594dd265ff04baafa2a6	GPT	B01	목재가공용 둥급톱	교량 및 도로 > 위험기계기구작업 > 목재가공용 둥급톱	B01
3da223f86467231c51ba51bbcdc23441a367ec46e06496bf6fc2d1289ef8b6ed	4eef074aeffde5b8b5573dd0e64584f92310315277a9d99b06c4415f0232d54f	교량 및 도로	가설전기작업	이동석전기 기계기구	교량 및 도로 > 가설전기작업 > 이동석전기 기계기구	NO_MATCH			NO_MATCH	SOURCE_CONCEPT_IS_NOT_A_TASK_SEMANTIC_FOR_CURRENT_CANONICAL_TASK_UNIVERSE	HIGH	bfa75ed7cb87368f9b0744188bd07ac87a495d641945e0e731565fda6517fde8	a22f3a83f3cc2563554eb04b71ac8afc1faff44e3a6a594dd265ff04baafa2a6	GPT	B01	이동석전기 기계기구	교량 및 도로 > 가설전기작업 > 이동석전기 기계기구	B01
3ee99a4f1bacf243fac3c50a69e1dc3dde94a33b1ce45cf0e702899f26df416c	117406f2e819009f2ddab47b1f76558bb8357a553b4fed9892d713cd51954a59	교량 및 도로	강교설치작업	강교 부재 조립	교량 및 도로 > 강교설치작업 > 강교 부재 조립	MAP_EXISTING_CANONICAL	995ba818-1aac-4a5b-82cf-6e83ee485bbc	강교조립및설치	NARROWER_THAN	STEEL_BRIDGE_MEMBER_ASSEMBLY_IS_A_NARROWER_COMPONENT_OF_CANONICAL_STEEL_BRIDGE_ASSEMBLY_AND_INSTALLATION	HIGH	bfa75ed7cb87368f9b0744188bd07ac87a495d641945e0e731565fda6517fde8	a22f3a83f3cc2563554eb04b71ac8afc1faff44e3a6a594dd265ff04baafa2a6	GPT	B01	강교 부재 조립	교량 및 도로 > 강교설치작업 > 강교 부재 조립	B01
4afc9f0bd14a110076178fe1ed33727875d33d73f456b16d13ed8856aae8ddba	ed5fcfed0565a57a3b7a713b84aaf18daee31db3f70256b7712138f8a69e65b5	빌딩	발파작업	발파	빌딩 > 발파작업 > 발파	AMBIGUOUS			AMBIGUOUS	SAME_LEAF_NAME_BUT_SOURCE_CONTEXT_DOES_NOT_UNIQUELY_SELECT_AMONG_MULTIPLE_BLASTING_CANONICAL_TASKS	HIGH	bfa75ed7cb87368f9b0744188bd07ac87a495d641945e0e731565fda6517fde8	a22f3a83f3cc2563554eb04b71ac8afc1faff44e3a6a594dd265ff04baafa2a6	GPT	B01	발파	빌딩 > 발파작업 > 발파	B01
4b3d09746843f5b9e552999f468737c5d9bc53276db0da70e6523bf55f1dced0	74179e5d289b11be8b08c6906c38f78aa4a4425277bcc7549050127916639d80	교량 및 도로	양중기작업	리프트	교량 및 도로 > 양중기작업 > 리프트	NO_MATCH			NO_MATCH	SOURCE_CONCEPT_IS_NOT_A_TASK_SEMANTIC_FOR_CURRENT_CANONICAL_TASK_UNIVERSE	HIGH	bfa75ed7cb87368f9b0744188bd07ac87a495d641945e0e731565fda6517fde8	a22f3a83f3cc2563554eb04b71ac8afc1faff44e3a6a594dd265ff04baafa2a6	GPT	B01	리프트	교량 및 도로 > 양중기작업 > 리프트	B01
4c1cb8c6ada3af07a3d1da5296d49e3c55e1d0fb08d18dd838631265c3506b98	51774c38ff2614a66f3ccfc31914e7a8b9cf378129dc4bf15c6da28addbe13f0	교량 및 도로	슬립폼작업	슬립폼(슬라이딩 폼) 제작	교량 및 도로 > 슬립폼작업 > 슬립폼(슬라이딩 폼) 제작	CANONICAL_GAP				VALID_TASK_BUT_NO_SUITABLE_SINGLE_CANONICAL_TASK_IN_FROZEN_REFERENCE	MEDIUM	bfa75ed7cb87368f9b0744188bd07ac87a495d641945e0e731565fda6517fde8	a22f3a83f3cc2563554eb04b71ac8afc1faff44e3a6a594dd265ff04baafa2a6	GPT	B01	슬립폼(슬라이딩 폼) 제작	교량 및 도로 > 슬립폼작업 > 슬립폼(슬라이딩 폼) 제작	B01
4ed232d740e13b38271caa67c53ebbda0f905c215a50bc8e537e5644e189c511	246911b38de7918628fa28af43bc677def32355c703c6db479bfef59220e8b17	교량 및 도로	거푸집작업	거푸집 동바리 인양	교량 및 도로 > 거푸집작업 > 거푸집 동바리 인양	CANONICAL_GAP				VALID_TASK_BUT_NO_SUITABLE_SINGLE_CANONICAL_TASK_IN_FROZEN_REFERENCE	MEDIUM	bfa75ed7cb87368f9b0744188bd07ac87a495d641945e0e731565fda6517fde8	a22f3a83f3cc2563554eb04b71ac8afc1faff44e3a6a594dd265ff04baafa2a6	GPT	B01	거푸집 동바리 인양	교량 및 도로 > 거푸집작업 > 거푸집 동바리 인양	B01
4f9662b0343b7df259ac88c43d28f7aab4fcebc2e8fa62a77af9dfc1f6c30d9f	dcdebc3b57b27b9c35155669f6f9c81437131d77c91b144529b223b2dcefd8ce	교량 및 도로	위험기계기구작업	이동식 발전기	교량 및 도로 > 위험기계기구작업 > 이동식 발전기	NO_MATCH			NO_MATCH	SOURCE_CONCEPT_IS_NOT_A_TASK_SEMANTIC_FOR_CURRENT_CANONICAL_TASK_UNIVERSE	HIGH	bfa75ed7cb87368f9b0744188bd07ac87a495d641945e0e731565fda6517fde8	a22f3a83f3cc2563554eb04b71ac8afc1faff44e3a6a594dd265ff04baafa2a6	GPT	B01	이동식 발전기	교량 및 도로 > 위험기계기구작업 > 이동식 발전기	B01
5212b14f972aba363c855713008f8eeecd5886f7e1671d10853ec376a9f7e1d3	b9d2df01c6381b471a856bb11472b91880cd4067ad7f7da3e686dc2e39cfb6ec	교량 및 도로	안전가시설작업	가설 경사로	교량 및 도로 > 안전가시설작업 > 가설 경사로	NO_MATCH			NO_MATCH	SOURCE_CONCEPT_IS_NOT_A_TASK_SEMANTIC_FOR_CURRENT_CANONICAL_TASK_UNIVERSE	HIGH	bfa75ed7cb87368f9b0744188bd07ac87a495d641945e0e731565fda6517fde8	a22f3a83f3cc2563554eb04b71ac8afc1faff44e3a6a594dd265ff04baafa2a6	GPT	B01	가설 경사로	교량 및 도로 > 안전가시설작업 > 가설 경사로	B01
555664e7aabc2ccae967ab9ce1d550d130e7f8cfd5c55eaf498668d58d2842e4	c0edca8f389a36179400591a367c6c0328d74366b5e3d4a319790efbece6313e	지하철	콘크리트작업	콘크리트양생	지하철 > 콘크리트작업 > 콘크리트양생	MAP_EXISTING_CANONICAL	3258e587-68ab-40c8-80df-dd4fa0db60b7	콘크리트양생	EXACT_EQUIVALENT	SAME_CURING_TASK_SEMANTICS_AND_COMPATIBLE_CANONICAL_CONTEXT	HIGH	bfa75ed7cb87368f9b0744188bd07ac87a495d641945e0e731565fda6517fde8	a22f3a83f3cc2563554eb04b71ac8afc1faff44e3a6a594dd265ff04baafa2a6	GPT	B01	콘크리트양생	지하철 > 콘크리트작업 > 콘크리트양생	B01
565cfe51bb82cd1d3df3eceb8e5f397c524c6bccbfae902ab42a8a69da637c41	6f2abb0edc62bd731feba5238646f6c1aaaecb3e63a1662639c6361f6ef24106	교량 및 도로	양중기작업	타워크레인	교량 및 도로 > 양중기작업 > 타워크레인	NO_MATCH			NO_MATCH	SOURCE_CONCEPT_IS_NOT_A_TASK_SEMANTIC_FOR_CURRENT_CANONICAL_TASK_UNIVERSE	HIGH	bfa75ed7cb87368f9b0744188bd07ac87a495d641945e0e731565fda6517fde8	a22f3a83f3cc2563554eb04b71ac8afc1faff44e3a6a594dd265ff04baafa2a6	GPT	B01	타워크레인	교량 및 도로 > 양중기작업 > 타워크레인	B01
572c5a61799458a8043cd56aba931c04ba2478701c628b6310b041cf6c59a1f9	96bdcb2b67727f386a9d0d699b6a437e0a25d898abb341efd80e5e09014994d7	교량 및 도로	강교설치작업	강교 슬라브 시공	교량 및 도로 > 강교설치작업 > 강교 슬라브 시공	CANONICAL_GAP				VALID_TASK_BUT_NO_SUITABLE_SINGLE_CANONICAL_TASK_IN_FROZEN_REFERENCE	MEDIUM	bfa75ed7cb87368f9b0744188bd07ac87a495d641945e0e731565fda6517fde8	a22f3a83f3cc2563554eb04b71ac8afc1faff44e3a6a594dd265ff04baafa2a6	GPT	B01	강교 슬라브 시공	교량 및 도로 > 강교설치작업 > 강교 슬라브 시공	B01
57eb303f701218ce44710c5faa7e42f61bd5c0c291e1a86e71dcfe27d9ede0a8	816586652bf0e6f867af223af78be91f930db02cab14af74e0459b5ce3ae6d13	교량 및 도로	기초파일작업	기초파일 천공	교량 및 도로 > 기초파일작업 > 기초파일 천공	CANONICAL_GAP				VALID_TASK_BUT_NO_SUITABLE_SINGLE_CANONICAL_TASK_IN_FROZEN_REFERENCE	MEDIUM	bfa75ed7cb87368f9b0744188bd07ac87a495d641945e0e731565fda6517fde8	a22f3a83f3cc2563554eb04b71ac8afc1faff44e3a6a594dd265ff04baafa2a6	GPT	B01	기초파일 천공	교량 및 도로 > 기초파일작업 > 기초파일 천공	B01
61df4a6cd626f7da23d25d8faafe59044358bdecf929bd2d0c7fd5c60a9586d9	085ce79620c193a053febdd3b79a09903359c3efa25ef3a1172e24ced15686d0	교량 및 도로	가설전기작업	수배전설비	교량 및 도로 > 가설전기작업 > 수배전설비	NO_MATCH			NO_MATCH	SOURCE_CONCEPT_IS_NOT_A_TASK_SEMANTIC_FOR_CURRENT_CANONICAL_TASK_UNIVERSE	HIGH	bfa75ed7cb87368f9b0744188bd07ac87a495d641945e0e731565fda6517fde8	a22f3a83f3cc2563554eb04b71ac8afc1faff44e3a6a594dd265ff04baafa2a6	GPT	B01	수배전설비	교량 및 도로 > 가설전기작업 > 수배전설비	B01
655a83822127ff0a5f7fb0993e33700bf6475e247f12e8860d1579458daf59d9	3451e54a0b6243825471230c6a013af585c16a9aab44684f888540ca9c7c79cd	교량 및 도로	굴착작업	굴착	교량 및 도로 > 굴착작업 > 굴착	AMBIGUOUS			AMBIGUOUS	GENERIC_EXCAVATION_SOURCE_SPANS_MULTIPLE_SPECIFIC_CANONICAL_EXCAVATION_TASKS	HIGH	bfa75ed7cb87368f9b0744188bd07ac87a495d641945e0e731565fda6517fde8	a22f3a83f3cc2563554eb04b71ac8afc1faff44e3a6a594dd265ff04baafa2a6	GPT	B01	굴착	교량 및 도로 > 굴착작업 > 굴착	B01
6a187926ce416c589f8b1562d189cdebef1eb35a16e0bf92437abe11d0a6dcee	d36d83795e5353c29c81c891bb876a6c6dc5adac64517cf9d52d636b89968400	교량 및 도로	PSC교량작업	PSC 교량 거더 인양 및 거치	교량 및 도로 > PSC교량작업 > PSC 교량 거더 인양 및 거치	AMBIGUOUS			AMBIGUOUS	PSC_GIRDER_LIFTING_AND_PLACEMENT_DOES_NOT_UNIQUELY_SELECT_A_CURRENT_PC_PSC_CANONICAL_TASK	MEDIUM	bfa75ed7cb87368f9b0744188bd07ac87a495d641945e0e731565fda6517fde8	a22f3a83f3cc2563554eb04b71ac8afc1faff44e3a6a594dd265ff04baafa2a6	GPT	B01	PSC 교량 거더 인양 및 거치	교량 및 도로 > PSC교량작업 > PSC 교량 거더 인양 및 거치	B01
6a6f7077d2c344ae308dab27b782af066661f4c05a381677470e46223a28184c	a8e4cfab5b9671483a47a3e896172f4cdc68824c836a98058ded45d9ddbe4a1c	교량 및 도로	지장물조사 및 이설작업	지장물 조사 굴착	교량 및 도로 > 지장물조사 및 이설작업 > 지장물 조사 굴착	CANONICAL_GAP				VALID_TASK_BUT_NO_SUITABLE_SINGLE_CANONICAL_TASK_IN_FROZEN_REFERENCE	MEDIUM	bfa75ed7cb87368f9b0744188bd07ac87a495d641945e0e731565fda6517fde8	a22f3a83f3cc2563554eb04b71ac8afc1faff44e3a6a594dd265ff04baafa2a6	GPT	B01	지장물 조사 굴착	교량 및 도로 > 지장물조사 및 이설작업 > 지장물 조사 굴착	B01
6b6bb1410f10cf5ebcf282621f6d8b7e95416aaf3860ca3a523e60b68f114c93	6fb1ed75c42513bf51b1b98f46c74b8a96aabedeba9a56b67deacefbc1aa7521	아파트	발파작업	발파	아파트 > 발파작업 > 발파	AMBIGUOUS			AMBIGUOUS	SAME_LEAF_NAME_BUT_SOURCE_CONTEXT_DOES_NOT_UNIQUELY_SELECT_AMONG_MULTIPLE_BLASTING_CANONICAL_TASKS	HIGH	bfa75ed7cb87368f9b0744188bd07ac87a495d641945e0e731565fda6517fde8	a22f3a83f3cc2563554eb04b71ac8afc1faff44e3a6a594dd265ff04baafa2a6	GPT	B01	발파	아파트 > 발파작업 > 발파	B01
7056f50936ca59ea8e378d1b30bc9601fe12e47e9b88cd43481702d736be59d6	fc3f3dc1922de2b6290051e78475f59e83c5b5ca9c8f37756f2e873f696aa922	지하철	발파작업	발파	지하철 > 발파작업 > 발파	AMBIGUOUS			AMBIGUOUS	SAME_LEAF_NAME_BUT_SOURCE_CONTEXT_DOES_NOT_UNIQUELY_SELECT_AMONG_MULTIPLE_BLASTING_CANONICAL_TASKS	HIGH	bfa75ed7cb87368f9b0744188bd07ac87a495d641945e0e731565fda6517fde8	a22f3a83f3cc2563554eb04b71ac8afc1faff44e3a6a594dd265ff04baafa2a6	GPT	B01	발파	지하철 > 발파작업 > 발파	B01
7640026dc0921bdf98f092d8c97859bee479d354977aeef0958b087d4f271b09	285e80db3db34518bb6e10df63cbca2627a0c74254de770bb1f63ced445d9165	아파트	콘크리트작업	콘크리트양생	아파트 > 콘크리트작업 > 콘크리트양생	MAP_EXISTING_CANONICAL	3258e587-68ab-40c8-80df-dd4fa0db60b7	콘크리트양생	EXACT_EQUIVALENT	SAME_CURING_TASK_SEMANTICS_AND_COMPATIBLE_CANONICAL_CONTEXT	HIGH	bfa75ed7cb87368f9b0744188bd07ac87a495d641945e0e731565fda6517fde8	a22f3a83f3cc2563554eb04b71ac8afc1faff44e3a6a594dd265ff04baafa2a6	GPT	B01	콘크리트양생	아파트 > 콘크리트작업 > 콘크리트양생	B01
774a9e79267a039b3d161cc8953d554f2dc9a5d22a9ff7e0c530819b6f7518cd	bc78f44c9167a4f55446f25b21aeccf6070d6fd9f7c86859affb1183d1e6a559	교량 및 도로	가설플랜트작업	가설플랜트 (콘크리트 Batch Plant)	교량 및 도로 > 가설플랜트작업 > 가설플랜트 (콘크리트 Batch Plant)	NO_MATCH			NO_MATCH	SOURCE_CONCEPT_IS_NOT_A_TASK_SEMANTIC_FOR_CURRENT_CANONICAL_TASK_UNIVERSE	HIGH	bfa75ed7cb87368f9b0744188bd07ac87a495d641945e0e731565fda6517fde8	a22f3a83f3cc2563554eb04b71ac8afc1faff44e3a6a594dd265ff04baafa2a6	GPT	B01	가설플랜트 (콘크리트 Batch Plant)	교량 및 도로 > 가설플랜트작업 > 가설플랜트 (콘크리트 Batch Plant)	B01
77b5d816fd10faed059132fe7c94d83605e83c8352a54f9a36a88996d27f213f	8753bd7c25a8c318abfb28d70e6156e954b5ac7e28945f44fa7a82df409e2e36	교량 및 도로	위험기계기구작업	연삭기	교량 및 도로 > 위험기계기구작업 > 연삭기	NO_MATCH			NO_MATCH	SOURCE_CONCEPT_IS_NOT_A_TASK_SEMANTIC_FOR_CURRENT_CANONICAL_TASK_UNIVERSE	HIGH	bfa75ed7cb87368f9b0744188bd07ac87a495d641945e0e731565fda6517fde8	a22f3a83f3cc2563554eb04b71ac8afc1faff44e3a6a594dd265ff04baafa2a6	GPT	B01	연삭기	교량 및 도로 > 위험기계기구작업 > 연삭기	B01
784d603084b230196a3627ef24d31985642db4b9762d34a08d6a72a05c9ba8c0	7a9f719d322d041cb5ec491eb76a112d1fc16c5f33c5c2ddf342434b333c078b	교량 및 도로	안전가시설작업	이동식 사다리	교량 및 도로 > 안전가시설작업 > 이동식 사다리	NO_MATCH			NO_MATCH	SOURCE_CONCEPT_IS_NOT_A_TASK_SEMANTIC_FOR_CURRENT_CANONICAL_TASK_UNIVERSE	HIGH	bfa75ed7cb87368f9b0744188bd07ac87a495d641945e0e731565fda6517fde8	a22f3a83f3cc2563554eb04b71ac8afc1faff44e3a6a594dd265ff04baafa2a6	GPT	B01	이동식 사다리	교량 및 도로 > 안전가시설작업 > 이동식 사다리	B01
78983702aaa281ea617eda7460fb90033dae464509ebd5799d30ebfa2aee785f	a4e505fdc68d1fae7afb31a7f033be5d78fffdffe2bba4c1749d1c20953042f9	교량 및 도로	슬립폼작업	슬립 폼(슬라이딩 폼) 해체	교량 및 도로 > 슬립폼작업 > 슬립 폼(슬라이딩 폼) 해체	CANONICAL_GAP				VALID_TASK_BUT_NO_SUITABLE_SINGLE_CANONICAL_TASK_IN_FROZEN_REFERENCE	MEDIUM	bfa75ed7cb87368f9b0744188bd07ac87a495d641945e0e731565fda6517fde8	a22f3a83f3cc2563554eb04b71ac8afc1faff44e3a6a594dd265ff04baafa2a6	GPT	B01	슬립 폼(슬라이딩 폼) 해체	교량 및 도로 > 슬립폼작업 > 슬립 폼(슬라이딩 폼) 해체	B01
79d5e23d2c523051427125281b7664f065bcadd9ca99a0802e2dcb9fcef6eb53	bd1d6d90e1b97c6d17285aaf5d3ff795c27af4b19b1112017d0655a1d0c01746	교량 및 도로	제작장설치작업	제작장 설치	교량 및 도로 > 제작장설치작업 > 제작장 설치	CANONICAL_GAP				VALID_TASK_BUT_NO_SUITABLE_SINGLE_CANONICAL_TASK_IN_FROZEN_REFERENCE	MEDIUM	bfa75ed7cb87368f9b0744188bd07ac87a495d641945e0e731565fda6517fde8	a22f3a83f3cc2563554eb04b71ac8afc1faff44e3a6a594dd265ff04baafa2a6	GPT	B01	제작장 설치	교량 및 도로 > 제작장설치작업 > 제작장 설치	B01
7a48d5c9da2f00e4755bacbecd8b04bf3996aa70a6960440ae352f6ee2dbfbf0	2f2539a928530b962d08f2fc5b3b8d6dbdeefedc328e2fefc39b6d5cf5e2a750	교량 및 도로	가설도로작업	가설도로 시공	교량 및 도로 > 가설도로작업 > 가설도로 시공	CANONICAL_GAP				VALID_TASK_BUT_NO_SUITABLE_SINGLE_CANONICAL_TASK_IN_FROZEN_REFERENCE	MEDIUM	bfa75ed7cb87368f9b0744188bd07ac87a495d641945e0e731565fda6517fde8	a22f3a83f3cc2563554eb04b71ac8afc1faff44e3a6a594dd265ff04baafa2a6	GPT	B01	가설도로 시공	교량 및 도로 > 가설도로작업 > 가설도로 시공	B01
7d822c67a35486d5bf0dbcf380a35a86247a5fd6627d43ff1964e56b7e217cfa	f217269ef64ca9569d41e3dae50b2a16cd2ff269068f10d1eca7c5cdc89f1f82	교량 및 도로	안전가시설작업	가설통로 또는 가설계단	교량 및 도로 > 안전가시설작업 > 가설통로 또는 가설계단	NO_MATCH			NO_MATCH	SOURCE_CONCEPT_IS_NOT_A_TASK_SEMANTIC_FOR_CURRENT_CANONICAL_TASK_UNIVERSE	HIGH	bfa75ed7cb87368f9b0744188bd07ac87a495d641945e0e731565fda6517fde8	a22f3a83f3cc2563554eb04b71ac8afc1faff44e3a6a594dd265ff04baafa2a6	GPT	B01	가설통로 또는 가설계단	교량 및 도로 > 안전가시설작업 > 가설통로 또는 가설계단	B01
7f0c71d34c57a40b950db9a68cb18bcb8b769390758e63ded2515defbb3005ac	fbce1fe5a661c25e07e10ab8d02b972cf8fa7a2552501235271d082b4f80874d	교량 및 도로	굴착작업	굴착 장비반입	교량 및 도로 > 굴착작업 > 굴착 장비반입	CANONICAL_GAP				VALID_TASK_BUT_NO_SUITABLE_SINGLE_CANONICAL_TASK_IN_FROZEN_REFERENCE	MEDIUM	bfa75ed7cb87368f9b0744188bd07ac87a495d641945e0e731565fda6517fde8	a22f3a83f3cc2563554eb04b71ac8afc1faff44e3a6a594dd265ff04baafa2a6	GPT	B01	굴착 장비반입	교량 및 도로 > 굴착작업 > 굴착 장비반입	B01
82402d7017fe02d55cece6edb536e78e37a1f9daf3c3f2e40475264db05b7e77	3d2551353832f2f9a0fc994de2b1289a089261fcf0bfb5d9fea96215502f12e8	교량 및 도로	안전가시설작업	이동식 비계	교량 및 도로 > 안전가시설작업 > 이동식 비계	NO_MATCH			NO_MATCH	SOURCE_CONCEPT_IS_NOT_A_TASK_SEMANTIC_FOR_CURRENT_CANONICAL_TASK_UNIVERSE	HIGH	bfa75ed7cb87368f9b0744188bd07ac87a495d641945e0e731565fda6517fde8	a22f3a83f3cc2563554eb04b71ac8afc1faff44e3a6a594dd265ff04baafa2a6	GPT	B01	이동식 비계	교량 및 도로 > 안전가시설작업 > 이동식 비계	B01
83f63b189ff7f1e78bc4e7740e68e8c223dfd4a4ed2342c3208179233fc2586e	fade0c4775fa9b581c6a3b27998eac7671631e72bb3fbdbd2d50c6b511520a2d	교량 및 도로	굴착작업	굴착 토사반출	교량 및 도로 > 굴착작업 > 굴착 토사반출	CANONICAL_GAP				VALID_TASK_BUT_NO_SUITABLE_SINGLE_CANONICAL_TASK_IN_FROZEN_REFERENCE	MEDIUM	bfa75ed7cb87368f9b0744188bd07ac87a495d641945e0e731565fda6517fde8	a22f3a83f3cc2563554eb04b71ac8afc1faff44e3a6a594dd265ff04baafa2a6	GPT	B01	굴착 토사반출	교량 및 도로 > 굴착작업 > 굴착 토사반출	B01
87e665e57e8cf116737bb2e8b63f467b4c7c0c69c2d868bdb373811974bd60ef	13f5acc508f0074b90815f2648d37686736e58fbd47b6ae477c3f8418c734c2c	교량 및 도로	제작장설치작업	제작장 부지조성	교량 및 도로 > 제작장설치작업 > 제작장 부지조성	CANONICAL_GAP				VALID_TASK_BUT_NO_SUITABLE_SINGLE_CANONICAL_TASK_IN_FROZEN_REFERENCE	MEDIUM	bfa75ed7cb87368f9b0744188bd07ac87a495d641945e0e731565fda6517fde8	a22f3a83f3cc2563554eb04b71ac8afc1faff44e3a6a594dd265ff04baafa2a6	GPT	B01	제작장 부지조성	교량 및 도로 > 제작장설치작업 > 제작장 부지조성	B01
8a9ed05d98e1fc321a37d404d9ce4b21a667df8edcc81547e7b84097e1f6349f	de77eab02b4344088f3bb7451a86ebe0c95472da53cdf15be5cffb45f92ff16b	교량 및 도로	부대토목작업	부대토목 옹벽시공	교량 및 도로 > 부대토목작업 > 부대토목 옹벽시공	CANONICAL_GAP				VALID_TASK_BUT_NO_SUITABLE_SINGLE_CANONICAL_TASK_IN_FROZEN_REFERENCE	MEDIUM	bfa75ed7cb87368f9b0744188bd07ac87a495d641945e0e731565fda6517fde8	a22f3a83f3cc2563554eb04b71ac8afc1faff44e3a6a594dd265ff04baafa2a6	GPT	B01	부대토목 옹벽시공	교량 및 도로 > 부대토목작업 > 부대토목 옹벽시공	B01
8cf762e751405cb287e81bc07c234997608c2b9af50fb8e8a6b48009570e0c74	04ee780b216197114f8b99d27fd454116817892455074d7e81650c15153146bf	교량 및 도로	가설전기작업	전선	교량 및 도로 > 가설전기작업 > 전선	NO_MATCH			NO_MATCH	SOURCE_CONCEPT_IS_NOT_A_TASK_SEMANTIC_FOR_CURRENT_CANONICAL_TASK_UNIVERSE	HIGH	bfa75ed7cb87368f9b0744188bd07ac87a495d641945e0e731565fda6517fde8	a22f3a83f3cc2563554eb04b71ac8afc1faff44e3a6a594dd265ff04baafa2a6	GPT	B01	전선	교량 및 도로 > 가설전기작업 > 전선	B01
8e429c4d0270a372c3e3191149f2341ff3d49a8680c32e4b8bc9419071a6f2d2	bb16fcf5d1f6bf604585a7d3c493f722587f1c50d12c074423789b10e251100f	교량 및 도로	가설전기작업	충전부	교량 및 도로 > 가설전기작업 > 충전부	NO_MATCH			NO_MATCH	SOURCE_CONCEPT_IS_NOT_A_TASK_SEMANTIC_FOR_CURRENT_CANONICAL_TASK_UNIVERSE	HIGH	bfa75ed7cb87368f9b0744188bd07ac87a495d641945e0e731565fda6517fde8	a22f3a83f3cc2563554eb04b71ac8afc1faff44e3a6a594dd265ff04baafa2a6	GPT	B01	충전부	교량 및 도로 > 가설전기작업 > 충전부	B01
907567cbe4fcee3c34f6fdc7c357c07e0ec134e8f23812d10732849b7982181d	b093b482b8aaa19f1d9e5153942bbd6825ff556aa89dcf82e95b6c46542cf94e	교량 및 도로	기초파일작업	기초 파일항타	교량 및 도로 > 기초파일작업 > 기초 파일항타	CANONICAL_GAP				VALID_TASK_BUT_NO_SUITABLE_SINGLE_CANONICAL_TASK_IN_FROZEN_REFERENCE	MEDIUM	bfa75ed7cb87368f9b0744188bd07ac87a495d641945e0e731565fda6517fde8	a22f3a83f3cc2563554eb04b71ac8afc1faff44e3a6a594dd265ff04baafa2a6	GPT	B01	기초 파일항타	교량 및 도로 > 기초파일작업 > 기초 파일항타	B01
952d0f8b9769899e0466178cded380cedbd972c84b2517d0178bf2e364231059	738888c38d5e6b7e20cf7e64e71e9e4b25d28fa0c610c9e9c1f6a8434709624a	교량 및 도로	거푸집작업	거푸집 자재반입	교량 및 도로 > 거푸집작업 > 거푸집 자재반입	CANONICAL_GAP				VALID_TASK_BUT_NO_SUITABLE_SINGLE_CANONICAL_TASK_IN_FROZEN_REFERENCE	MEDIUM	bfa75ed7cb87368f9b0744188bd07ac87a495d641945e0e731565fda6517fde8	a22f3a83f3cc2563554eb04b71ac8afc1faff44e3a6a594dd265ff04baafa2a6	GPT	B01	거푸집 자재반입	교량 및 도로 > 거푸집작업 > 거푸집 자재반입	B01
9f776528ebd1158ccbf455f95f77a0162e8b1e93af0c1298b87070481e5fce33	236ef8a995c2c401fcaa7c63537ef37ec49702de7c1a8a477b7eea49d7883f49	교량 및 도로	PSC교량작업	PSC 교량 거더 제작	교량 및 도로 > PSC교량작업 > PSC 교량 거더 제작	CANONICAL_GAP				VALID_TASK_BUT_NO_SUITABLE_SINGLE_CANONICAL_TASK_IN_FROZEN_REFERENCE	MEDIUM	bfa75ed7cb87368f9b0744188bd07ac87a495d641945e0e731565fda6517fde8	a22f3a83f3cc2563554eb04b71ac8afc1faff44e3a6a594dd265ff04baafa2a6	GPT	B01	PSC 교량 거더 제작	교량 및 도로 > PSC교량작업 > PSC 교량 거더 제작	B01
a529f8171460dcd25103a702a985e79b0c53605874f3865115a5dabd74b88967	fe53d49171b2e45171072e5dfd4ba9e5e1c07ba554e79904b9a893b58532de69	교량 및 도로	작업환경	작업환경 (배수)	교량 및 도로 > 작업환경 > 작업환경 (배수)	NO_MATCH			NO_MATCH	SOURCE_CONCEPT_IS_NOT_A_TASK_SEMANTIC_FOR_CURRENT_CANONICAL_TASK_UNIVERSE	HIGH	bfa75ed7cb87368f9b0744188bd07ac87a495d641945e0e731565fda6517fde8	a22f3a83f3cc2563554eb04b71ac8afc1faff44e3a6a594dd265ff04baafa2a6	GPT	B01	작업환경 (배수)	교량 및 도로 > 작업환경 > 작업환경 (배수)	B01
a54af625a8ebe288a9337b543506a126ed812d0b4fdd13ec1e371d4922137a23	5bca42b61bb9ff7076ad4dc7189329fd80e253af88f00e41fefae55ee87f7527	교량 및 도로	PSC교량작업	PSC 교량 슬라브 시공	교량 및 도로 > PSC교량작업 > PSC 교량 슬라브 시공	AMBIGUOUS			AMBIGUOUS	SLAB_CONSTRUCTION_COULD_MEAN_PC_ASSEMBLY_OR_CAST_IN_PLACE_WORK_AND_SOURCE_DOES_NOT_DISAMBIGUATE	MEDIUM	bfa75ed7cb87368f9b0744188bd07ac87a495d641945e0e731565fda6517fde8	a22f3a83f3cc2563554eb04b71ac8afc1faff44e3a6a594dd265ff04baafa2a6	GPT	B01	PSC 교량 슬라브 시공	교량 및 도로 > PSC교량작업 > PSC 교량 슬라브 시공	B01
a811861cb4e940b2bcb9520baf188eb163b189542c523c3a22c68123e68b5776	26577e536beb035265d4252724aebd6fe842aecc139876c6c98cb6d154176afb	교량 및 도로	콘크리트작업	콘크리트양생	교량 및 도로 > 콘크리트작업 > 콘크리트양생	MAP_EXISTING_CANONICAL	3258e587-68ab-40c8-80df-dd4fa0db60b7	콘크리트양생	EXACT_EQUIVALENT	SAME_CURING_TASK_SEMANTICS_AND_COMPATIBLE_CANONICAL_CONTEXT	HIGH	bfa75ed7cb87368f9b0744188bd07ac87a495d641945e0e731565fda6517fde8	a22f3a83f3cc2563554eb04b71ac8afc1faff44e3a6a594dd265ff04baafa2a6	GPT	B01	콘크리트양생	교량 및 도로 > 콘크리트작업 > 콘크리트양생	B01
a84daf1515173944d28cef1bbee3b0212c0a6edc0cb579070872b08a0edf1b26	9a7457fd852f7d90c4e3aad4f59604f7bda18beaaed57fbe01a8b053d02c4ba4	교량 및 도로	작업환경	작업환경 (분진)	교량 및 도로 > 작업환경 > 작업환경 (분진)	NO_MATCH			NO_MATCH	SOURCE_CONCEPT_IS_NOT_A_TASK_SEMANTIC_FOR_CURRENT_CANONICAL_TASK_UNIVERSE	HIGH	bfa75ed7cb87368f9b0744188bd07ac87a495d641945e0e731565fda6517fde8	a22f3a83f3cc2563554eb04b71ac8afc1faff44e3a6a594dd265ff04baafa2a6	GPT	B01	작업환경 (분진)	교량 및 도로 > 작업환경 > 작업환경 (분진)	B01
a9b56a00f859948e40a29efc6d78f3ee3adf174dbfb1cb139d9dd1d7ff1e48d5	b5f1210b27d626cea8c4aec82ea4607c30b2364d97ef85c666310da9f1e21350	교량 및 도로	안전가시설작업	경사지붕	교량 및 도로 > 안전가시설작업 > 경사지붕	NO_MATCH			NO_MATCH	SOURCE_CONCEPT_IS_NOT_A_TASK_SEMANTIC_FOR_CURRENT_CANONICAL_TASK_UNIVERSE	HIGH	bfa75ed7cb87368f9b0744188bd07ac87a495d641945e0e731565fda6517fde8	a22f3a83f3cc2563554eb04b71ac8afc1faff44e3a6a594dd265ff04baafa2a6	GPT	B01	경사지붕	교량 및 도로 > 안전가시설작업 > 경사지붕	B01
aaab18b9b047077b430f20ae234bbd0e4f5279161d0c28138fdbd15253f57a19	db5892c1ba71a85ba1f8a739d3a4b3d227a7f303f1007ae15307825b33233d51	댐	발파작업	발파	댐 > 발파작업 > 발파	AMBIGUOUS			AMBIGUOUS	SAME_LEAF_NAME_BUT_SOURCE_CONTEXT_DOES_NOT_UNIQUELY_SELECT_AMONG_MULTIPLE_BLASTING_CANONICAL_TASKS	HIGH	bfa75ed7cb87368f9b0744188bd07ac87a495d641945e0e731565fda6517fde8	a22f3a83f3cc2563554eb04b71ac8afc1faff44e3a6a594dd265ff04baafa2a6	GPT	B01	발파	댐 > 발파작업 > 발파	B01
ab14aeef53fe121eb7c641591f8053892a3fa6530708160a03834e16f2f1f9f1	fde2bd33e1fd96f3abd29bcd72d48c21d9602bf484821bb3eef5bb6e3b32dde7	교량 및 도로	위험기계기구작업	몰탈 믹서기	교량 및 도로 > 위험기계기구작업 > 몰탈 믹서기	NO_MATCH			NO_MATCH	SOURCE_CONCEPT_IS_NOT_A_TASK_SEMANTIC_FOR_CURRENT_CANONICAL_TASK_UNIVERSE	HIGH	bfa75ed7cb87368f9b0744188bd07ac87a495d641945e0e731565fda6517fde8	a22f3a83f3cc2563554eb04b71ac8afc1faff44e3a6a594dd265ff04baafa2a6	GPT	B01	몰탈 믹서기	교량 및 도로 > 위험기계기구작업 > 몰탈 믹서기	B01
ab1d035d7d71de90b4593d893cc34b5663e56dcf8649ff61a02521e8e84cbe8e	0fb20702a43232d966ca868f1593e655aeed3e49b10e89b7c65146216c1d093b	교량 및 도로	양중기작업	특수 작업대	교량 및 도로 > 양중기작업 > 특수 작업대	NO_MATCH			NO_MATCH	SOURCE_CONCEPT_IS_NOT_A_TASK_SEMANTIC_FOR_CURRENT_CANONICAL_TASK_UNIVERSE	HIGH	bfa75ed7cb87368f9b0744188bd07ac87a495d641945e0e731565fda6517fde8	a22f3a83f3cc2563554eb04b71ac8afc1faff44e3a6a594dd265ff04baafa2a6	GPT	B01	특수 작업대	교량 및 도로 > 양중기작업 > 특수 작업대	B01
ac728de37f1cf8d2d9afc721f3739f6c931b128bdcfa027e0f5bb8748b4e94fc	aeb39e422eee00f41c9ef9d5e401f8a29001c55356521d83f9160c5ed678cbe0	교량 및 도로	안전가시설작업	달비계	교량 및 도로 > 안전가시설작업 > 달비계	NO_MATCH			NO_MATCH	SOURCE_CONCEPT_IS_NOT_A_TASK_SEMANTIC_FOR_CURRENT_CANONICAL_TASK_UNIVERSE	HIGH	bfa75ed7cb87368f9b0744188bd07ac87a495d641945e0e731565fda6517fde8	a22f3a83f3cc2563554eb04b71ac8afc1faff44e3a6a594dd265ff04baafa2a6	GPT	B01	달비계	교량 및 도로 > 안전가시설작업 > 달비계	B01
ac9685dbb9a4bc9d7ed29c6e909cab737003520f4ff240ee88d8b83a588f1407	8e89eaa62441655166dd67dae3e374dd772af33ce210dd7d7c6a3694cc69192e	교량 및 도로	가설전기작업	접지	교량 및 도로 > 가설전기작업 > 접지	CANONICAL_GAP				VALID_TASK_BUT_NO_SUITABLE_SINGLE_CANONICAL_TASK_IN_FROZEN_REFERENCE	MEDIUM	bfa75ed7cb87368f9b0744188bd07ac87a495d641945e0e731565fda6517fde8	a22f3a83f3cc2563554eb04b71ac8afc1faff44e3a6a594dd265ff04baafa2a6	GPT	B01	접지	교량 및 도로 > 가설전기작업 > 접지	B01
ad223fa0c12e0f089fdb9f322ada6a0c01fab88c11b69a61f3a705e8ef459875	391c743f4ee848fe0a0c59b57b2e41b7f5b49c8424534d7d03b4da0ca7afbdb4	교량 및 도로	안전가시설작업	방호선반	교량 및 도로 > 안전가시설작업 > 방호선반	NO_MATCH			NO_MATCH	SOURCE_CONCEPT_IS_NOT_A_TASK_SEMANTIC_FOR_CURRENT_CANONICAL_TASK_UNIVERSE	HIGH	bfa75ed7cb87368f9b0744188bd07ac87a495d641945e0e731565fda6517fde8	a22f3a83f3cc2563554eb04b71ac8afc1faff44e3a6a594dd265ff04baafa2a6	GPT	B01	방호선반	교량 및 도로 > 안전가시설작업 > 방호선반	B01
aecf3000cd436ff0e996586a57353d14f6c43c84ab9431d27a94ba9e42761a2b	95325382db45d5a69e350a470584c1bc2565647ae5ee56fbb20e912048421eb5	교량 및 도로	거푸집작업	거푸집 동바리 해체	교량 및 도로 > 거푸집작업 > 거푸집 동바리 해체	CANONICAL_GAP				VALID_TASK_BUT_NO_SUITABLE_SINGLE_CANONICAL_TASK_IN_FROZEN_REFERENCE	MEDIUM	bfa75ed7cb87368f9b0744188bd07ac87a495d641945e0e731565fda6517fde8	a22f3a83f3cc2563554eb04b71ac8afc1faff44e3a6a594dd265ff04baafa2a6	GPT	B01	거푸집 동바리 해체	교량 및 도로 > 거푸집작업 > 거푸집 동바리 해체	B01
b5d7cf37e466f81945aed62445f5932f182ce4ea0cf10f6f0b4e3b639959b5c8	59603fcac4f8e6ee8cc7e467659ed32142b84e4f5f0b8a00a887d5f4cf83ed63	교량 및 도로	가설전기작업	분전반	교량 및 도로 > 가설전기작업 > 분전반	NO_MATCH			NO_MATCH	SOURCE_CONCEPT_IS_NOT_A_TASK_SEMANTIC_FOR_CURRENT_CANONICAL_TASK_UNIVERSE	HIGH	bfa75ed7cb87368f9b0744188bd07ac87a495d641945e0e731565fda6517fde8	a22f3a83f3cc2563554eb04b71ac8afc1faff44e3a6a594dd265ff04baafa2a6	GPT	B01	분전반	교량 및 도로 > 가설전기작업 > 분전반	B01
b5e7db35e1f705a2d4b66d5f26358e53975a59f36107e6ecf90d76bd4ba30f8c	ec97dd7791f31e74d8aadff7b2e9dcf13953124082ddc6383aeb2b95b99f0bfb	교량 및 도로	가설플랜트작업	가설플랜트 (숏크리트)	교량 및 도로 > 가설플랜트작업 > 가설플랜트 (숏크리트)	NO_MATCH			NO_MATCH	SOURCE_CONCEPT_IS_NOT_A_TASK_SEMANTIC_FOR_CURRENT_CANONICAL_TASK_UNIVERSE	HIGH	bfa75ed7cb87368f9b0744188bd07ac87a495d641945e0e731565fda6517fde8	a22f3a83f3cc2563554eb04b71ac8afc1faff44e3a6a594dd265ff04baafa2a6	GPT	B01	가설플랜트 (숏크리트)	교량 및 도로 > 가설플랜트작업 > 가설플랜트 (숏크리트)	B01
b8699afc19e14cab7e4c565b3fd73f01305a1b7738354923f49c45915795442b	75f98d169c983113d072aa5f671e4a923fc038162471af9eb2fc88ffa41c004c	교량 및 도로	안전가시설작업	리프트승강부 출입문	교량 및 도로 > 안전가시설작업 > 리프트승강부 출입문	NO_MATCH			NO_MATCH	SOURCE_CONCEPT_IS_NOT_A_TASK_SEMANTIC_FOR_CURRENT_CANONICAL_TASK_UNIVERSE	HIGH	bfa75ed7cb87368f9b0744188bd07ac87a495d641945e0e731565fda6517fde8	a22f3a83f3cc2563554eb04b71ac8afc1faff44e3a6a594dd265ff04baafa2a6	GPT	B01	리프트승강부 출입문	교량 및 도로 > 안전가시설작업 > 리프트승강부 출입문	B01
bd88e13750b4a9a6a617d52684d1b992ba3ad764c4695a592c2d75e9d6595af7	bd53cd0415ea1ff132f95ca99b6f8fa377d6706faf79b7c21df2afb4522e39b8	빌딩	콘크리트작업	콘크리트양생	빌딩 > 콘크리트작업 > 콘크리트양생	MAP_EXISTING_CANONICAL	3258e587-68ab-40c8-80df-dd4fa0db60b7	콘크리트양생	EXACT_EQUIVALENT	SAME_CURING_TASK_SEMANTICS_AND_COMPATIBLE_CANONICAL_CONTEXT	HIGH	bfa75ed7cb87368f9b0744188bd07ac87a495d641945e0e731565fda6517fde8	a22f3a83f3cc2563554eb04b71ac8afc1faff44e3a6a594dd265ff04baafa2a6	GPT	B01	콘크리트양생	빌딩 > 콘크리트작업 > 콘크리트양생	B01
be13b9acb7f9b3d46cda1b8e5ff85fbfecfaa602c5d4d14e5b9aefdb5c2ee7b8	c9d75b183cc7c7703b9253ae0854a600aba68b3b37e23271aaff82ce1ce83eed	교량 및 도로	가체절작업	가체절(물막이) 장비 반입	교량 및 도로 > 가체절작업 > 가체절(물막이) 장비 반입	CANONICAL_GAP				VALID_TASK_BUT_NO_SUITABLE_SINGLE_CANONICAL_TASK_IN_FROZEN_REFERENCE	MEDIUM	bfa75ed7cb87368f9b0744188bd07ac87a495d641945e0e731565fda6517fde8	a22f3a83f3cc2563554eb04b71ac8afc1faff44e3a6a594dd265ff04baafa2a6	GPT	B01	가체절(물막이) 장비 반입	교량 및 도로 > 가체절작업 > 가체절(물막이) 장비 반입	B01
bf7cc3a435b5a50fbcd1209780cfca90cf07e1972a93d795042da13cf3a7acd7	2c3954323b33723af6e203f3ef3577270d3f1a3e428deccb204567a485be531d	교량 및 도로	양중기작업	이동식 크레인	교량 및 도로 > 양중기작업 > 이동식 크레인	NO_MATCH			NO_MATCH	SOURCE_CONCEPT_IS_NOT_A_TASK_SEMANTIC_FOR_CURRENT_CANONICAL_TASK_UNIVERSE	HIGH	bfa75ed7cb87368f9b0744188bd07ac87a495d641945e0e731565fda6517fde8	a22f3a83f3cc2563554eb04b71ac8afc1faff44e3a6a594dd265ff04baafa2a6	GPT	B01	이동식 크레인	교량 및 도로 > 양중기작업 > 이동식 크레인	B01
c15323e5362bea5f69bb7277ee4cdea0625872ab6e1e1c3937b4a7c9dd37a7cb	3fbab883ebce04d2d75a4203c4e55166ffe6b8f379746511a25889702a843ab2	교량 및 도로	PSC교량작업	PSC 교량 거더 인양 및 상차	교량 및 도로 > PSC교량작업 > PSC 교량 거더 인양 및 상차	MAP_EXISTING_CANONICAL	2517aed8-23bc-4e23-a7c7-fcd8743847a7	PC부재운반	POSSIBLE_RELATED	GIRDER_LIFTING_AND_LOADING_IS_RELATED_TO_MEMBER_TRANSPORT_BUT_NOT_EQUIVALENT_TO_THE_FULL_TRANSPORT_TASK	MEDIUM	bfa75ed7cb87368f9b0744188bd07ac87a495d641945e0e731565fda6517fde8	a22f3a83f3cc2563554eb04b71ac8afc1faff44e3a6a594dd265ff04baafa2a6	GPT	B01	PSC 교량 거더 인양 및 상차	교량 및 도로 > PSC교량작업 > PSC 교량 거더 인양 및 상차	B01
c39a1f9c24ff4d7459a65acc4b0919213e631711a8965d7dee47f4ad78f85718	ccb479b1ce1354d7c06005824916589ce4f9163213692fe0f5a09685e046235b	교량 및 도로	기초파일작업	기초파일 두부정리	교량 및 도로 > 기초파일작업 > 기초파일 두부정리	CANONICAL_GAP				VALID_TASK_BUT_NO_SUITABLE_SINGLE_CANONICAL_TASK_IN_FROZEN_REFERENCE	MEDIUM	bfa75ed7cb87368f9b0744188bd07ac87a495d641945e0e731565fda6517fde8	a22f3a83f3cc2563554eb04b71ac8afc1faff44e3a6a594dd265ff04baafa2a6	GPT	B01	기초파일 두부정리	교량 및 도로 > 기초파일작업 > 기초파일 두부정리	B01
c66ce400746b827f6260ec6c086b556ee8043358625a0ae923daa810a47eb508	0803bdd6d3d40ba15db3e42a50928c73bc8072614d7cf86727a2a64719e350de	교량 및 도로	안전가시설작업	철골 승강용트랩	교량 및 도로 > 안전가시설작업 > 철골 승강용트랩	NO_MATCH			NO_MATCH	SOURCE_CONCEPT_IS_NOT_A_TASK_SEMANTIC_FOR_CURRENT_CANONICAL_TASK_UNIVERSE	HIGH	bfa75ed7cb87368f9b0744188bd07ac87a495d641945e0e731565fda6517fde8	a22f3a83f3cc2563554eb04b71ac8afc1faff44e3a6a594dd265ff04baafa2a6	GPT	B01	철골 승강용트랩	교량 및 도로 > 안전가시설작업 > 철골 승강용트랩	B01
c9ef40978eaa0af46650c3117fbd9fd4c575d82ddf2ef785d6167f7f2b413293	1b5d4020f5c95c145e356cf5e3af056dd74268530ce278c01b31b435a1a380e9	교량 및 도로	가설플랜트작업	가설플랜트 (크라샤 Plant)	교량 및 도로 > 가설플랜트작업 > 가설플랜트 (크라샤 Plant)	NO_MATCH			NO_MATCH	SOURCE_CONCEPT_IS_NOT_A_TASK_SEMANTIC_FOR_CURRENT_CANONICAL_TASK_UNIVERSE	HIGH	bfa75ed7cb87368f9b0744188bd07ac87a495d641945e0e731565fda6517fde8	a22f3a83f3cc2563554eb04b71ac8afc1faff44e3a6a594dd265ff04baafa2a6	GPT	B01	가설플랜트 (크라샤 Plant)	교량 및 도로 > 가설플랜트작업 > 가설플랜트 (크라샤 Plant)	B01
ca3c9b44caa97f179a6f2efd86c1d23c324546c60d64103246bc7a1373e83c34	680726b3338f703a8760b842ea1a5ef3385c97ca41a477444e854583e080bb53	교량 및 도로	발파작업	발파 화약고 관리	교량 및 도로 > 발파작업 > 발파 화약고 관리	MAP_EXISTING_CANONICAL	bae014b7-2474-48f7-b5c0-0e9f30a0ff56	발파	POSSIBLE_RELATED	EXPLOSIVES_MAGAZINE_MANAGEMENT_SUPPORTS_BLASTING_BUT_IS_NOT_A_BLASTING_EXECUTION_TASK	MEDIUM	bfa75ed7cb87368f9b0744188bd07ac87a495d641945e0e731565fda6517fde8	a22f3a83f3cc2563554eb04b71ac8afc1faff44e3a6a594dd265ff04baafa2a6	GPT	B01	발파 화약고 관리	교량 및 도로 > 발파작업 > 발파 화약고 관리	B01
cceac9d75bc459a3546ec4a5a1b6af48ddfac96440a03a42b78466f1aa5b0ee7	7ae6a94de7404f042d115235075024bae9fbfa9e98072428336607a3e6c10e07	교량 및 도로	PSC교량작업	PSC 교량 Cross Beam설치	교량 및 도로 > PSC교량작업 > PSC 교량 Cross Beam설치	AMBIGUOUS			AMBIGUOUS	PSC_MEMBER_INSTALLATION_HAS_MULTIPLE_PC_PSC_ASSEMBLY_CANONICAL_INTERPRETATIONS	MEDIUM	bfa75ed7cb87368f9b0744188bd07ac87a495d641945e0e731565fda6517fde8	a22f3a83f3cc2563554eb04b71ac8afc1faff44e3a6a594dd265ff04baafa2a6	GPT	B01	PSC 교량 Cross Beam설치	교량 및 도로 > PSC교량작업 > PSC 교량 Cross Beam설치	B01
ceacafa1a8f791df8e6561c46298ee6ee24a7bd6e4a6f4e02eb284336b39d1fb	ec78ad39f92a0dc8099740d1d9ecb29561726cb4f81588b0089809b72be8b37c	교량 및 도로	발파작업	발파	교량 및 도로 > 발파작업 > 발파	AMBIGUOUS			AMBIGUOUS	SAME_LEAF_NAME_BUT_SOURCE_CONTEXT_DOES_NOT_UNIQUELY_SELECT_AMONG_MULTIPLE_BLASTING_CANONICAL_TASKS	HIGH	bfa75ed7cb87368f9b0744188bd07ac87a495d641945e0e731565fda6517fde8	a22f3a83f3cc2563554eb04b71ac8afc1faff44e3a6a594dd265ff04baafa2a6	GPT	B01	발파	교량 및 도로 > 발파작업 > 발파	B01
cf27ed9a28ee65eea00f3248265bc4b765a217e0d2b7cb48ce177de8312c7df0	d9c541d180afdaaca7e1a27a3b9e6c40610337ff837f948187a5e7fa5b90a3eb	교량 및 도로	작업환경	작업환경 (환기)	교량 및 도로 > 작업환경 > 작업환경 (환기)	NO_MATCH			NO_MATCH	SOURCE_CONCEPT_IS_NOT_A_TASK_SEMANTIC_FOR_CURRENT_CANONICAL_TASK_UNIVERSE	HIGH	bfa75ed7cb87368f9b0744188bd07ac87a495d641945e0e731565fda6517fde8	a22f3a83f3cc2563554eb04b71ac8afc1faff44e3a6a594dd265ff04baafa2a6	GPT	B01	작업환경 (환기)	교량 및 도로 > 작업환경 > 작업환경 (환기)	B01
d1045ce403828b512fc71e9b8f8787401376d67794ee48bfd50e2b1ed3c639f8	7d74fcc2e05c3711afe1ee592d6e6594fcd0821002d1cd8dad56291aa76ab235	교량 및 도로	강교설치작업	강교 부재반입	교량 및 도로 > 강교설치작업 > 강교 부재반입	CANONICAL_GAP				VALID_TASK_BUT_NO_SUITABLE_SINGLE_CANONICAL_TASK_IN_FROZEN_REFERENCE	MEDIUM	bfa75ed7cb87368f9b0744188bd07ac87a495d641945e0e731565fda6517fde8	a22f3a83f3cc2563554eb04b71ac8afc1faff44e3a6a594dd265ff04baafa2a6	GPT	B01	강교 부재반입	교량 및 도로 > 강교설치작업 > 강교 부재반입	B01
d26a803e8967210bf156306d2a848ac64eb6f0c18df3223ef3485c5326513cd3	0286a110e0040c6c283cd38b1c5d64c97be5662b5bed3f52ca59eaf0b0a9ae81	교량 및 도로	안전가시설작업	굴착선단부	교량 및 도로 > 안전가시설작업 > 굴착선단부	NO_MATCH			NO_MATCH	SOURCE_CONCEPT_IS_NOT_A_TASK_SEMANTIC_FOR_CURRENT_CANONICAL_TASK_UNIVERSE	HIGH	bfa75ed7cb87368f9b0744188bd07ac87a495d641945e0e731565fda6517fde8	a22f3a83f3cc2563554eb04b71ac8afc1faff44e3a6a594dd265ff04baafa2a6	GPT	B01	굴착선단부	교량 및 도로 > 안전가시설작업 > 굴착선단부	B01
d3b2ff4757e732a392e4227f9e908da19f1b47adcda9994d05fd9f690a77f756	f318a6367c5dc2cccdf6486b79be8581edb32c38213e97cba71d7fe93aa0cc32	교량 및 도로	기초파일작업	기초파일 자재·장비반입	교량 및 도로 > 기초파일작업 > 기초파일 자재·장비반입	CANONICAL_GAP				VALID_TASK_BUT_NO_SUITABLE_SINGLE_CANONICAL_TASK_IN_FROZEN_REFERENCE	MEDIUM	bfa75ed7cb87368f9b0744188bd07ac87a495d641945e0e731565fda6517fde8	a22f3a83f3cc2563554eb04b71ac8afc1faff44e3a6a594dd265ff04baafa2a6	GPT	B01	기초파일 자재 장비반입	교량 및 도로 > 기초파일작업 > 기초파일 자재 장비반입	B01
d3d4e5dffe43c1e749900ffd19a17f26da68247bc68cbf8f2c15aa9908ea41ad	e8ec7b6323c40e040c0848d6e6f5693d9601e5faadc53b633a36900a931ea701	교량 및 도로	작업환경	작업환경 (조명)	교량 및 도로 > 작업환경 > 작업환경 (조명)	NO_MATCH			NO_MATCH	SOURCE_CONCEPT_IS_NOT_A_TASK_SEMANTIC_FOR_CURRENT_CANONICAL_TASK_UNIVERSE	HIGH	bfa75ed7cb87368f9b0744188bd07ac87a495d641945e0e731565fda6517fde8	a22f3a83f3cc2563554eb04b71ac8afc1faff44e3a6a594dd265ff04baafa2a6	GPT	B01	작업환경 (조명)	교량 및 도로 > 작업환경 > 작업환경 (조명)	B01
d8f5b71aa2cdb4afb2dad55bf83b1db350caf3e1181c81415f7683c1b3272be3	c7597142fbf291f590268ceeb5a736a6d7f0712d9ae60c261a50a89a1eef3612	교량 및 도로	안전가시설작업	추락방지망	교량 및 도로 > 안전가시설작업 > 추락방지망	NO_MATCH			NO_MATCH	SOURCE_CONCEPT_IS_NOT_A_TASK_SEMANTIC_FOR_CURRENT_CANONICAL_TASK_UNIVERSE	HIGH	bfa75ed7cb87368f9b0744188bd07ac87a495d641945e0e731565fda6517fde8	a22f3a83f3cc2563554eb04b71ac8afc1faff44e3a6a594dd265ff04baafa2a6	GPT	B01	추락방지망	교량 및 도로 > 안전가시설작업 > 추락방지망	B01
da4114fc765f6aca46a3b7634fc321f9ee97b6e8208fae60075f0849a9dd1e3a	d35c4fc79dc02972722afee7b4944499f457262a1318b0cef9cf350d6f1af389	교량 및 도로	위험기계기구작업	그라우팅 장비	교량 및 도로 > 위험기계기구작업 > 그라우팅 장비	NO_MATCH			NO_MATCH	SOURCE_CONCEPT_IS_NOT_A_TASK_SEMANTIC_FOR_CURRENT_CANONICAL_TASK_UNIVERSE	HIGH	bfa75ed7cb87368f9b0744188bd07ac87a495d641945e0e731565fda6517fde8	a22f3a83f3cc2563554eb04b71ac8afc1faff44e3a6a594dd265ff04baafa2a6	GPT	B01	그라우팅 장비	교량 및 도로 > 위험기계기구작업 > 그라우팅 장비	B01
dc39761901e22e2f5ff4ad976389a84a9bd6577457260adae9d5ae2d82ee7c05	783a4308b5156f917e797c5bdf96fa0e83e60a115f2c0fedb0915f646213d676	교량 및 도로	강교설치작업	강교 부재 운반	교량 및 도로 > 강교설치작업 > 강교 부재 운반	CANONICAL_GAP				VALID_TASK_BUT_NO_SUITABLE_SINGLE_CANONICAL_TASK_IN_FROZEN_REFERENCE	MEDIUM	bfa75ed7cb87368f9b0744188bd07ac87a495d641945e0e731565fda6517fde8	a22f3a83f3cc2563554eb04b71ac8afc1faff44e3a6a594dd265ff04baafa2a6	GPT	B01	강교 부재 운반	교량 및 도로 > 강교설치작업 > 강교 부재 운반	B01
dcc9e288602bcf10bd090aa8834d27a003112d3ada4f369bec6d0ebb84b79ee9	562f0e8d7ba06c730135553e1c41cd33a4e97158ee89c332ec758ffbda516add	교량 및 도로	지장물조사 및 이설작업	지장물 보호	교량 및 도로 > 지장물조사 및 이설작업 > 지장물 보호	AMBIGUOUS			AMBIGUOUS	GENERIC_UTILITY_PROTECTION_SPANS_EXISTING_PIPE_ABOVE_GROUND_AND_UNDERGROUND_PROTECTION_CANONICAL_TASKS	MEDIUM	bfa75ed7cb87368f9b0744188bd07ac87a495d641945e0e731565fda6517fde8	a22f3a83f3cc2563554eb04b71ac8afc1faff44e3a6a594dd265ff04baafa2a6	GPT	B01	지장물 보호	교량 및 도로 > 지장물조사 및 이설작업 > 지장물 보호	B01
e09614a2f064e6225eaaab7f5bf84ad2858b501516ddbddbf483d89ea5df301c	9d09ae53fe0db130fff1b5fa3cd18532d9cb1cef4b258569f4c440db56b531e4	교량 및 도로	거푸집작업	거푸집 동바리 조립	교량 및 도로 > 거푸집작업 > 거푸집 동바리 조립	CANONICAL_GAP				VALID_TASK_BUT_NO_SUITABLE_SINGLE_CANONICAL_TASK_IN_FROZEN_REFERENCE	MEDIUM	bfa75ed7cb87368f9b0744188bd07ac87a495d641945e0e731565fda6517fde8	a22f3a83f3cc2563554eb04b71ac8afc1faff44e3a6a594dd265ff04baafa2a6	GPT	B01	거푸집 동바리 조립	교량 및 도로 > 거푸집작업 > 거푸집 동바리 조립	B01
e7ee8b12a7082e2924bae4a09cff50cac1fa2775b0b3cb32bffd50a9efad80d0	0945929bed943c4472bf187e5de0350a7dfb1be91e8b7e088fcfd8e889d29ba8	교량 및 도로	지장물조사 및 이설작업	지장물 이설	교량 및 도로 > 지장물조사 및 이설작업 > 지장물 이설	CANONICAL_GAP				VALID_TASK_BUT_NO_SUITABLE_SINGLE_CANONICAL_TASK_IN_FROZEN_REFERENCE	MEDIUM	bfa75ed7cb87368f9b0744188bd07ac87a495d641945e0e731565fda6517fde8	a22f3a83f3cc2563554eb04b71ac8afc1faff44e3a6a594dd265ff04baafa2a6	GPT	B01	지장물 이설	교량 및 도로 > 지장물조사 및 이설작업 > 지장물 이설	B01
ec66ddb82a76f4b7acb78aceec0d3c441e96b2affa3c17193f444cc4ece38b7e	ffeb9df6082ba9d3f99bb8a9cac2ffbb257154df81409d99f0d7533a2305edfd	교량 및 도로	안전가시설작업	작업발판	교량 및 도로 > 안전가시설작업 > 작업발판	NO_MATCH			NO_MATCH	SOURCE_CONCEPT_IS_NOT_A_TASK_SEMANTIC_FOR_CURRENT_CANONICAL_TASK_UNIVERSE	HIGH	bfa75ed7cb87368f9b0744188bd07ac87a495d641945e0e731565fda6517fde8	a22f3a83f3cc2563554eb04b71ac8afc1faff44e3a6a594dd265ff04baafa2a6	GPT	B01	작업발판	교량 및 도로 > 안전가시설작업 > 작업발판	B01
ed9ab53831b1511cac3bafc6c656012d19d7d51e6a3baa0ade8cb80b3b81e25f	f73f605ec6e5e73c669be7bcd8061fa991e32d58780f1df11f4ed1c26fae186b	교량 및 도로	양중기작업	윈치	교량 및 도로 > 양중기작업 > 윈치	NO_MATCH			NO_MATCH	SOURCE_CONCEPT_IS_NOT_A_TASK_SEMANTIC_FOR_CURRENT_CANONICAL_TASK_UNIVERSE	HIGH	bfa75ed7cb87368f9b0744188bd07ac87a495d641945e0e731565fda6517fde8	a22f3a83f3cc2563554eb04b71ac8afc1faff44e3a6a594dd265ff04baafa2a6	GPT	B01	윈치	교량 및 도로 > 양중기작업 > 윈치	B01
f73f94f23e09391b0d147e2e9e7d13cc70c767b7f3d0b30a76e3be223778e1d5	15dc1da3628724396d21e84348a3638c7daa943e3c8785f9b248206402a7dfcf	교량 및 도로	발파작업	발파 암처리	교량 및 도로 > 발파작업 > 발파 암처리	MAP_EXISTING_CANONICAL	bae014b7-2474-48f7-b5c0-0e9f30a0ff56	발파	POSSIBLE_RELATED	BLASTED_ROCK_HANDLING_IS_RELATED_TO_BLASTING_BUT_IS_NOT_THE_SAME_TASK	MEDIUM	bfa75ed7cb87368f9b0744188bd07ac87a495d641945e0e731565fda6517fde8	a22f3a83f3cc2563554eb04b71ac8afc1faff44e3a6a594dd265ff04baafa2a6	GPT	B01	발파 암처리	교량 및 도로 > 발파작업 > 발파 암처리	B01
f7685d11f1e777693639f8f4af370dffc2c823204e7a89354892f70fde4ab5f5	4d84eacd00fcd96a2d339fd875ac80e6d832b4ecd8c4839b4cad4541c2cf4f9c	교량 및 도로	위험기계기구작업	공기 압축기	교량 및 도로 > 위험기계기구작업 > 공기 압축기	NO_MATCH			NO_MATCH	SOURCE_CONCEPT_IS_NOT_A_TASK_SEMANTIC_FOR_CURRENT_CANONICAL_TASK_UNIVERSE	HIGH	bfa75ed7cb87368f9b0744188bd07ac87a495d641945e0e731565fda6517fde8	a22f3a83f3cc2563554eb04b71ac8afc1faff44e3a6a594dd265ff04baafa2a6	GPT	B01	공기 압축기	교량 및 도로 > 위험기계기구작업 > 공기 압축기	B01
00811d2554f8c8a86b0b8c6d4b9947c4ee5f5ff34600f8d8fe7ef3d2b2d7eebf	3a503445eed80fa60534191572650d7760bf52e3515357b17b011edf62b6ee7c	댐	굴착작업	굴착 장비반입	댐 > 굴착작업 > 굴착 장비반입	CANONICAL_GAP				VALID_TASK_BUT_NO_SUITABLE_SINGLE_CANONICAL_TASK_IN_FROZEN_REFERENCE	MEDIUM	402fafe9e1026838ffd0c2fb15b6b685b3554c15aa07999329a6c073752f71dd	a22f3a83f3cc2563554eb04b71ac8afc1faff44e3a6a594dd265ff04baafa2a6	GPT	B02	굴착 장비반입	댐 > 굴착작업 > 굴착 장비반입	B02
02635425ba69c809755adda4e4654eaaf1b86545f2e037c7972f1fdaffab066d	77ce2cec08de3c8a19f009a9193cc8d23db48cc779e6948ad3a3ef0f1e239a04	댐	가체절작업	가체절(물막이) 장비 반입	댐 > 가체절작업 > 가체절(물막이) 장비 반입	CANONICAL_GAP				VALID_TASK_BUT_NO_SUITABLE_SINGLE_CANONICAL_TASK_IN_FROZEN_REFERENCE	MEDIUM	402fafe9e1026838ffd0c2fb15b6b685b3554c15aa07999329a6c073752f71dd	a22f3a83f3cc2563554eb04b71ac8afc1faff44e3a6a594dd265ff04baafa2a6	GPT	B02	가체절(물막이) 장비 반입	댐 > 가체절작업 > 가체절(물막이) 장비 반입	B02
0461ca82dac8eb8b6ba14ebd0ec9393eb02dc160c0e6b07933debee2a63087d5	8fed92326f54524d0cace202220491cd29cc3a9734d01e4b11f91b075cff8a94	댐	위험기계기구작업	열풍기	댐 > 위험기계기구작업 > 열풍기	NO_MATCH			NO_MATCH	SOURCE_CONCEPT_IS_NOT_A_TASK_SEMANTIC_FOR_CURRENT_CANONICAL_TASK_UNIVERSE	HIGH	402fafe9e1026838ffd0c2fb15b6b685b3554c15aa07999329a6c073752f71dd	a22f3a83f3cc2563554eb04b71ac8afc1faff44e3a6a594dd265ff04baafa2a6	GPT	B02	열풍기	댐 > 위험기계기구작업 > 열풍기	B02
05012cea08334d40a6a208af844e652b19316b82ed7b7afb1d4df55cd131f8fa	4820f2c79ab6cffd9ecd2c8c44ee2a8b9b754eb875332f2053442330f14f5761	댐	작업환경	작업환경 (조명)	댐 > 작업환경 > 작업환경 (조명)	NO_MATCH			NO_MATCH	SOURCE_CONCEPT_IS_NOT_A_TASK_SEMANTIC_FOR_CURRENT_CANONICAL_TASK_UNIVERSE	HIGH	402fafe9e1026838ffd0c2fb15b6b685b3554c15aa07999329a6c073752f71dd	a22f3a83f3cc2563554eb04b71ac8afc1faff44e3a6a594dd265ff04baafa2a6	GPT	B02	작업환경 (조명)	댐 > 작업환경 > 작업환경 (조명)	B02
07048f8435ed1b2fb586b9445abe8db48f6e5b123327de8fae31ea0c14143113	77d7cd347a662ef5da6ac0cb6f06ca14f40d365483326d3bf62c379ecbe655ed	댐	안전가시설작업	철골 승강용트랩	댐 > 안전가시설작업 > 철골 승강용트랩	NO_MATCH			NO_MATCH	SOURCE_CONCEPT_IS_NOT_A_TASK_SEMANTIC_FOR_CURRENT_CANONICAL_TASK_UNIVERSE	HIGH	402fafe9e1026838ffd0c2fb15b6b685b3554c15aa07999329a6c073752f71dd	a22f3a83f3cc2563554eb04b71ac8afc1faff44e3a6a594dd265ff04baafa2a6	GPT	B02	철골 승강용트랩	댐 > 안전가시설작업 > 철골 승강용트랩	B02
0af8d6d3e5da5dff9f0a3608401a25cd6c1de23f425f0396b915b91c9255c4a8	e0ba6c5ab3af7883250aef0ba6dd9cb99c80e4d1fd071a227bdc81562ce0b963	댐	되메움작업	되메움 토사 다짐	댐 > 되메움작업 > 되메움 토사 다짐	CANONICAL_GAP				VALID_TASK_BUT_NO_SUITABLE_SINGLE_CANONICAL_TASK_IN_FROZEN_REFERENCE	MEDIUM	402fafe9e1026838ffd0c2fb15b6b685b3554c15aa07999329a6c073752f71dd	a22f3a83f3cc2563554eb04b71ac8afc1faff44e3a6a594dd265ff04baafa2a6	GPT	B02	되메움 토사 다짐	댐 > 되메움작업 > 되메움 토사 다짐	B02
0d7705dfb5caa2e3f5ee4dee7d5e01fbb718015d0815d10bae5cd6a6ac33b367	94069902d9500afe2939647113637aa30d982bf8999e4471008392be74667893	교량 및 도로	특수교량작업	특수교량(FCM공법)	교량 및 도로 > 특수교량작업 > 특수교량(FCM공법)	NO_MATCH			NO_MATCH	SOURCE_CONCEPT_IS_NOT_A_TASK_SEMANTIC_FOR_CURRENT_CANONICAL_TASK_UNIVERSE	HIGH	402fafe9e1026838ffd0c2fb15b6b685b3554c15aa07999329a6c073752f71dd	a22f3a83f3cc2563554eb04b71ac8afc1faff44e3a6a594dd265ff04baafa2a6	GPT	B02	특수교량(FCM공법)	교량 및 도로 > 특수교량작업 > 특수교량(FCM공법)	B02
0dfeb5769d3f6e583d042dea845fb3afd7313dcf438eeb8e57406b23167bf701	0961c3f8642dcbb60df9a878ac350f8a11b8556687c450f66809045f893f7dcc	교량 및 도로	특수교량작업	특수교량(ILM공법)	교량 및 도로 > 특수교량작업 > 특수교량(ILM공법)	NO_MATCH			NO_MATCH	SOURCE_CONCEPT_IS_NOT_A_TASK_SEMANTIC_FOR_CURRENT_CANONICAL_TASK_UNIVERSE	HIGH	402fafe9e1026838ffd0c2fb15b6b685b3554c15aa07999329a6c073752f71dd	a22f3a83f3cc2563554eb04b71ac8afc1faff44e3a6a594dd265ff04baafa2a6	GPT	B02	특수교량(ILM공법)	교량 및 도로 > 특수교량작업 > 특수교량(ILM공법)	B02
0e54e58f28e54b2577b48d5382606eef49ed5f0633f9d7104d5ac797f62724f2	b2fa0d981d88286a47696ecb6c14dc5303b1af9580a7a20d4b511682d1dfceb6	댐	안전가시설작업	개구부	댐 > 안전가시설작업 > 개구부	NO_MATCH			NO_MATCH	SOURCE_CONCEPT_IS_NOT_A_TASK_SEMANTIC_FOR_CURRENT_CANONICAL_TASK_UNIVERSE	HIGH	402fafe9e1026838ffd0c2fb15b6b685b3554c15aa07999329a6c073752f71dd	a22f3a83f3cc2563554eb04b71ac8afc1faff44e3a6a594dd265ff04baafa2a6	GPT	B02	개구부	댐 > 안전가시설작업 > 개구부	B02
0f6dc8cf2a0ee040b1fdfe5d358ff8d9d9ec94dadcb53e33a9983c1bb3160cfe	1fd6bacc7ebe9bbb0c2c264933fb6d7ef1e4394fed0661f377d56138bf02fb7d	댐	가체절작업	가체절(물막이) 흙막이 시공	댐 > 가체절작업 > 가체절(물막이) 흙막이 시공	CANONICAL_GAP				VALID_TASK_BUT_NO_SUITABLE_SINGLE_CANONICAL_TASK_IN_FROZEN_REFERENCE	MEDIUM	402fafe9e1026838ffd0c2fb15b6b685b3554c15aa07999329a6c073752f71dd	a22f3a83f3cc2563554eb04b71ac8afc1faff44e3a6a594dd265ff04baafa2a6	GPT	B02	가체절(물막이) 흙막이 시공	댐 > 가체절작업 > 가체절(물막이) 흙막이 시공	B02
14fc92af4b63afd374cace7b2a37c0e176556bfd76b1eec7645efdb4da526b0c	b20583a238529782a83c794f5669ff5ec4077d02453756b5d81b33e028baa577	댐	위험기계기구작업	공기 압축기	댐 > 위험기계기구작업 > 공기 압축기	NO_MATCH			NO_MATCH	SOURCE_CONCEPT_IS_NOT_A_TASK_SEMANTIC_FOR_CURRENT_CANONICAL_TASK_UNIVERSE	HIGH	402fafe9e1026838ffd0c2fb15b6b685b3554c15aa07999329a6c073752f71dd	a22f3a83f3cc2563554eb04b71ac8afc1faff44e3a6a594dd265ff04baafa2a6	GPT	B02	공기 압축기	댐 > 위험기계기구작업 > 공기 압축기	B02
1589b72e03adf71eb83b08c982da896684522967fe877e37c04dc7d321fed181	4371d96a206ce7b093598935451c5e861f6362bd4664460afef95a5ce3859ac7	빌딩	가설전기작업	이동석전기 기계기구	빌딩 > 가설전기작업 > 이동석전기 기계기구	NO_MATCH			NO_MATCH	SOURCE_CONCEPT_IS_NOT_A_TASK_SEMANTIC_FOR_CURRENT_CANONICAL_TASK_UNIVERSE	HIGH	402fafe9e1026838ffd0c2fb15b6b685b3554c15aa07999329a6c073752f71dd	a22f3a83f3cc2563554eb04b71ac8afc1faff44e3a6a594dd265ff04baafa2a6	GPT	B02	이동석전기 기계기구	빌딩 > 가설전기작업 > 이동석전기 기계기구	B02
167bef49e0af86eaad1b4759578601e4759615991157999dccb8ea4d340eec80	9f6ecb0176e2e1ad4bb6b4377b00ae5f884e307d07c2691bbdc43ef9111c2fc2	교량 및 도로	흙막이지보공작업	흙막이지보공 자재반출	교량 및 도로 > 흙막이지보공작업 > 흙막이지보공 자재반출	CANONICAL_GAP				VALID_TASK_BUT_NO_SUITABLE_SINGLE_CANONICAL_TASK_IN_FROZEN_REFERENCE	MEDIUM	402fafe9e1026838ffd0c2fb15b6b685b3554c15aa07999329a6c073752f71dd	a22f3a83f3cc2563554eb04b71ac8afc1faff44e3a6a594dd265ff04baafa2a6	GPT	B02	흙막이지보공 자재반출	교량 및 도로 > 흙막이지보공작업 > 흙막이지보공 자재반출	B02
17857b066286c095fd8d3176759caa44b9ce0c9d9e2dee7361e434851e7c3058	0f2268603a0346622e6415e618c8de7354a0f49b50792c040194017066b00843	교량 및 도로	콘크리트작업	콘크리트 반입	교량 및 도로 > 콘크리트작업 > 콘크리트 반입	CANONICAL_GAP				VALID_TASK_BUT_NO_SUITABLE_SINGLE_CANONICAL_TASK_IN_FROZEN_REFERENCE	MEDIUM	402fafe9e1026838ffd0c2fb15b6b685b3554c15aa07999329a6c073752f71dd	a22f3a83f3cc2563554eb04b71ac8afc1faff44e3a6a594dd265ff04baafa2a6	GPT	B02	콘크리트 반입	교량 및 도로 > 콘크리트작업 > 콘크리트 반입	B02
19b1ec78f24f7221cd0cb6e036c975688718fd9a980582c7f97b62820bac4d8e	05f3d761f2d16da8e5629696c606cfef6416ec1ecb262322f43e4f08c829684a	댐	굴착작업	굴착	댐 > 굴착작업 > 굴착	AMBIGUOUS			AMBIGUOUS	GENERIC_EXCAVATION_SPANS_MULTIPLE_SPECIFIC_CANONICAL_EXCAVATION_TASKS	HIGH	402fafe9e1026838ffd0c2fb15b6b685b3554c15aa07999329a6c073752f71dd	a22f3a83f3cc2563554eb04b71ac8afc1faff44e3a6a594dd265ff04baafa2a6	GPT	B02	굴착	댐 > 굴착작업 > 굴착	B02
1a81a63241d2a3dd90a787cf8c3600e555827026e9a30a198e932835e54be97b	65f0ad508f7a1e287e50c129eddb1bdf533397e85519ed5c879ff5a60a82df12	댐	안전가시설작업	추락방지망	댐 > 안전가시설작업 > 추락방지망	NO_MATCH			NO_MATCH	SOURCE_CONCEPT_IS_NOT_A_TASK_SEMANTIC_FOR_CURRENT_CANONICAL_TASK_UNIVERSE	HIGH	402fafe9e1026838ffd0c2fb15b6b685b3554c15aa07999329a6c073752f71dd	a22f3a83f3cc2563554eb04b71ac8afc1faff44e3a6a594dd265ff04baafa2a6	GPT	B02	추락방지망	댐 > 안전가시설작업 > 추락방지망	B02
1deb9ed06e5615ce18989ebacf0bd69ff477721bf0a747d4f5585c22909ee22f	f0c418636e58bcdc1e89f25952cc9948f6af85680a965f9a9fd19bb64ae27710	댐	발파작업	발파 장약	댐 > 발파작업 > 발파 장약	MAP_EXISTING_CANONICAL	bae014b7-2474-48f7-b5c0-0e9f30a0ff56	발파	NARROWER_THAN	EXPLOSIVE_CHARGING_IS_A_SPECIFIC_SUBACTIVITY_OF_BLASTING	HIGH	402fafe9e1026838ffd0c2fb15b6b685b3554c15aa07999329a6c073752f71dd	a22f3a83f3cc2563554eb04b71ac8afc1faff44e3a6a594dd265ff04baafa2a6	GPT	B02	발파 장약	댐 > 발파작업 > 발파 장약	B02
21e654e0f371a7cfb026cfdbe54535e2ce7953f7a0326293f144c8613480092d	bfca56d66c55eb640dcc8eded6d1c031a66a6a27829cd72aa44dbd6983c89d04	댐	안전가시설작업	리프트승강부 출입문	댐 > 안전가시설작업 > 리프트승강부 출입문	NO_MATCH			NO_MATCH	SOURCE_CONCEPT_IS_NOT_A_TASK_SEMANTIC_FOR_CURRENT_CANONICAL_TASK_UNIVERSE	HIGH	402fafe9e1026838ffd0c2fb15b6b685b3554c15aa07999329a6c073752f71dd	a22f3a83f3cc2563554eb04b71ac8afc1faff44e3a6a594dd265ff04baafa2a6	GPT	B02	리프트승강부 출입문	댐 > 안전가시설작업 > 리프트승강부 출입문	B02
2693337d9ae5d1cb0bf4392bb901a179738d1961aded3de407a68544443fd890	5a3a8db8415739b0a13f7747410f5b1071946ce1c1da5d5feb740eb069c2d3bd	교량 및 도로	포장작업	포장시공	교량 및 도로 > 포장작업 > 포장시공	AMBIGUOUS			AMBIGUOUS	GENERIC_PAVING_DOES_NOT_IDENTIFY_MATERIAL_OR_PAVING_METHOD	MEDIUM	402fafe9e1026838ffd0c2fb15b6b685b3554c15aa07999329a6c073752f71dd	a22f3a83f3cc2563554eb04b71ac8afc1faff44e3a6a594dd265ff04baafa2a6	GPT	B02	포장시공	교량 및 도로 > 포장작업 > 포장시공	B02
28022afd90299743c68a46ecd5aff192e9771e9bf515709fb659d6fc8ae635ae	c79380a2d93663891d26bf3b427845f18ab58012637df588431c778cc930399e	교량 및 도로	케이슨작업	케이슨 제작	교량 및 도로 > 케이슨작업 > 케이슨 제작	MAP_EXISTING_CANONICAL	97cf2571-0f3a-4bb2-8a85-837bbd502bb0	케이슨제작및설치	NARROWER_THAN	CAISSON_FABRICATION_IS_A_SPECIFIC_COMPONENT_OF_CANONICAL_CAISSON_FABRICATION_AND_INSTALLATION	HIGH	402fafe9e1026838ffd0c2fb15b6b685b3554c15aa07999329a6c073752f71dd	a22f3a83f3cc2563554eb04b71ac8afc1faff44e3a6a594dd265ff04baafa2a6	GPT	B02	케이슨 제작	교량 및 도로 > 케이슨작업 > 케이슨 제작	B02
28fa82f9f88822aa582c1d4d3854c568143a8fbb01bb9714a69097fe86c3f214	a19e3bec31a41204ecb62af0018841e4ad28103b100fc954724cfcd8ee0f3d9a	댐	조경작업	조경시공 및 설치	댐 > 조경작업 > 조경시공 및 설치	AMBIGUOUS			AMBIGUOUS	BROAD_COMPOSITE_LANDSCAPE_CONSTRUCTION_LABEL_DOES_NOT_IDENTIFY_A_SINGLE_CANONICAL_TASK	MEDIUM	402fafe9e1026838ffd0c2fb15b6b685b3554c15aa07999329a6c073752f71dd	a22f3a83f3cc2563554eb04b71ac8afc1faff44e3a6a594dd265ff04baafa2a6	GPT	B02	조경시공 및 설치	댐 > 조경작업 > 조경시공 및 설치	B02
31df17624cbfa2a53ddcc149fc88d8d2c95a1ecd6848669ecf9022f7cc968509	0aa5703f0c7c15e779d5a9108102e5f40e12dca57b370c1eac8b58c5c34790fa	교량 및 도로	포장작업	포장 장비 반입	교량 및 도로 > 포장작업 > 포장 장비 반입	CANONICAL_GAP				VALID_TASK_BUT_NO_SUITABLE_SINGLE_CANONICAL_TASK_IN_FROZEN_REFERENCE	MEDIUM	402fafe9e1026838ffd0c2fb15b6b685b3554c15aa07999329a6c073752f71dd	a22f3a83f3cc2563554eb04b71ac8afc1faff44e3a6a594dd265ff04baafa2a6	GPT	B02	포장 장비 반입	교량 및 도로 > 포장작업 > 포장 장비 반입	B02
39de673ccc2c3e1d2934fdba211a60eab40f229bf9e7a946ec220d494135f3d1	d1a6603ef36c99cb34ab1596f47c56495aa362cdfa86709a095977ac3ae5ed96	교량 및 도로	콘크리트작업	콘크리트타설	교량 및 도로 > 콘크리트작업 > 콘크리트타설	AMBIGUOUS			AMBIGUOUS	GENERIC_CONCRETE_PLACEMENT_DOES_NOT_DISTINGUISH_AMONG_MULTIPLE_CONCRETE_PLACEMENT_CANONICAL_TASKS	HIGH	402fafe9e1026838ffd0c2fb15b6b685b3554c15aa07999329a6c073752f71dd	a22f3a83f3cc2563554eb04b71ac8afc1faff44e3a6a594dd265ff04baafa2a6	GPT	B02	콘크리트타설	교량 및 도로 > 콘크리트작업 > 콘크리트타설	B02
3ab0ec9534e248c37fab4435211adbd632790edad5266bb8ce19b557b1c82273	360c8dc59fb900f1a4893d7b29fb6f680d25bb0e94e2c190010f4573baebb71f	댐	거푸집작업	거푸집 동바리 조립	댐 > 거푸집작업 > 거푸집 동바리 조립	CANONICAL_GAP				VALID_TASK_BUT_NO_SUITABLE_SINGLE_CANONICAL_TASK_IN_FROZEN_REFERENCE	MEDIUM	402fafe9e1026838ffd0c2fb15b6b685b3554c15aa07999329a6c073752f71dd	a22f3a83f3cc2563554eb04b71ac8afc1faff44e3a6a594dd265ff04baafa2a6	GPT	B02	거푸집 동바리 조립	댐 > 거푸집작업 > 거푸집 동바리 조립	B02
3dcd72bd508086db29038b01d3910670e621c0c1f34c74eeba2d3da8d9799640	0694f415bddc74eae3f7ae4e981914cfed1e82bbd37c67aee59340535b117908	댐	가설전기작업	분전반	댐 > 가설전기작업 > 분전반	NO_MATCH			NO_MATCH	SOURCE_CONCEPT_IS_NOT_A_TASK_SEMANTIC_FOR_CURRENT_CANONICAL_TASK_UNIVERSE	HIGH	402fafe9e1026838ffd0c2fb15b6b685b3554c15aa07999329a6c073752f71dd	a22f3a83f3cc2563554eb04b71ac8afc1faff44e3a6a594dd265ff04baafa2a6	GPT	B02	분전반	댐 > 가설전기작업 > 분전반	B02
3df4aa9dd3c14d45ec1d0b09b65688ec80af6ff7558e0746462aee2ddcaa2808	c826a967fda0d866048a7925a1ab1119e64cb164510814d6b25ef3887ac81071	댐	발파작업	발파 화약고 관리	댐 > 발파작업 > 발파 화약고 관리	MAP_EXISTING_CANONICAL	bae014b7-2474-48f7-b5c0-0e9f30a0ff56	발파	POSSIBLE_RELATED	EXPLOSIVES_MAGAZINE_MANAGEMENT_SUPPORTS_BLASTING_BUT_IS_NOT_A_BLASTING_EXECUTION_TASK	MEDIUM	402fafe9e1026838ffd0c2fb15b6b685b3554c15aa07999329a6c073752f71dd	a22f3a83f3cc2563554eb04b71ac8afc1faff44e3a6a594dd265ff04baafa2a6	GPT	B02	발파 화약고 관리	댐 > 발파작업 > 발파 화약고 관리	B02
4232226a54eadcffe2f859fb6459a2a57a6da0392a7a94757323dd769339201c	33f4fd724677670a11297ac8f7add04b88d9a409f3dd295c02821f12443f85a3	빌딩	가설전기작업	전선	빌딩 > 가설전기작업 > 전선	NO_MATCH			NO_MATCH	SOURCE_CONCEPT_IS_NOT_A_TASK_SEMANTIC_FOR_CURRENT_CANONICAL_TASK_UNIVERSE	HIGH	402fafe9e1026838ffd0c2fb15b6b685b3554c15aa07999329a6c073752f71dd	a22f3a83f3cc2563554eb04b71ac8afc1faff44e3a6a594dd265ff04baafa2a6	GPT	B02	전선	빌딩 > 가설전기작업 > 전선	B02
4619d5916a2430f5e6d8ce53a2d31a0ca1e875ad1b8a8970d90b1975cf2e5b54	6ce9caa3f42e1164040a6b1664e071eedf5c4f229d883481e3611799df7cc8a7	댐	부대토목작업	부대토목 구내포장	댐 > 부대토목작업 > 부대토목 구내포장	AMBIGUOUS			AMBIGUOUS	GENERIC_PAVING_DOES_NOT_IDENTIFY_MATERIAL_OR_PAVING_METHOD	MEDIUM	402fafe9e1026838ffd0c2fb15b6b685b3554c15aa07999329a6c073752f71dd	a22f3a83f3cc2563554eb04b71ac8afc1faff44e3a6a594dd265ff04baafa2a6	GPT	B02	부대토목 구내포장	댐 > 부대토목작업 > 부대토목 구내포장	B02
47aaebbcf155f2b230f67b6dd0399c6ece75e8797178f9a371f6367ccc0ab58f	a2b912e1442896548721c4444c43d38627bc338412a4ad939a7cdbe676bfa85f	빌딩	가설전기작업	수배전설비	빌딩 > 가설전기작업 > 수배전설비	NO_MATCH			NO_MATCH	SOURCE_CONCEPT_IS_NOT_A_TASK_SEMANTIC_FOR_CURRENT_CANONICAL_TASK_UNIVERSE	HIGH	402fafe9e1026838ffd0c2fb15b6b685b3554c15aa07999329a6c073752f71dd	a22f3a83f3cc2563554eb04b71ac8afc1faff44e3a6a594dd265ff04baafa2a6	GPT	B02	수배전설비	빌딩 > 가설전기작업 > 수배전설비	B02
5a1b1e859d074922894e902375b945b389077d3910315ebbcd90d2644ead8de8	8993d1081a9116937431842abe367e7eeee504bf4884195b0fb9db94a5c394af	댐	안전가시설작업	가설 경사로	댐 > 안전가시설작업 > 가설 경사로	NO_MATCH			NO_MATCH	SOURCE_CONCEPT_IS_NOT_A_TASK_SEMANTIC_FOR_CURRENT_CANONICAL_TASK_UNIVERSE	HIGH	402fafe9e1026838ffd0c2fb15b6b685b3554c15aa07999329a6c073752f71dd	a22f3a83f3cc2563554eb04b71ac8afc1faff44e3a6a594dd265ff04baafa2a6	GPT	B02	가설 경사로	댐 > 안전가시설작업 > 가설 경사로	B02
6048f5b01943e93183eb33dbffc5dba10a03ef7c0ff0d21e3da30578c4820a28	1a45ff6d501b77388b0ac957c996341f936e9aae79bf57d78ae4b4d2b1b99091	댐	거푸집작업	거푸집 동바리 인양	댐 > 거푸집작업 > 거푸집 동바리 인양	CANONICAL_GAP				VALID_TASK_BUT_NO_SUITABLE_SINGLE_CANONICAL_TASK_IN_FROZEN_REFERENCE	MEDIUM	402fafe9e1026838ffd0c2fb15b6b685b3554c15aa07999329a6c073752f71dd	a22f3a83f3cc2563554eb04b71ac8afc1faff44e3a6a594dd265ff04baafa2a6	GPT	B02	거푸집 동바리 인양	댐 > 거푸집작업 > 거푸집 동바리 인양	B02
60872e5273adef0f3421d29ca5d283c3ea05e86c7b8b137698df20c7d66bff4e	255848a98f2e526ca2752eec36094ed0de8922ec444c2cd2cd64e13b927c306b	댐	안전가시설작업	달대비계	댐 > 안전가시설작업 > 달대비계	NO_MATCH			NO_MATCH	SOURCE_CONCEPT_IS_NOT_A_TASK_SEMANTIC_FOR_CURRENT_CANONICAL_TASK_UNIVERSE	HIGH	402fafe9e1026838ffd0c2fb15b6b685b3554c15aa07999329a6c073752f71dd	a22f3a83f3cc2563554eb04b71ac8afc1faff44e3a6a594dd265ff04baafa2a6	GPT	B02	달대비계	댐 > 안전가시설작업 > 달대비계	B02
60ddf5a92af3ef4c3a8a38070b47216536de36eb89588904ed6cbc2e7646dfba	ec6aac07bf727828066997afccbf7af61c67fdc934bc8a7e6a76c1f33fd5a996	교량 및 도로	케이슨작업	케이슨 내 속체움	교량 및 도로 > 케이슨작업 > 케이슨 내 속체움	CANONICAL_GAP				VALID_TASK_BUT_NO_SUITABLE_SINGLE_CANONICAL_TASK_IN_FROZEN_REFERENCE	MEDIUM	402fafe9e1026838ffd0c2fb15b6b685b3554c15aa07999329a6c073752f71dd	a22f3a83f3cc2563554eb04b71ac8afc1faff44e3a6a594dd265ff04baafa2a6	GPT	B02	케이슨 내 속체움	교량 및 도로 > 케이슨작업 > 케이슨 내 속체움	B02
6260932baaad3b772f53c1093da621e7e6c62e6838b1f783dd19c8370efccfdd	12c6336e05655e770be6885f1f9bec9b9ee0c70890620e60e8673e85b1f22369	댐	특수댐작업	특수댐(양수발전용 댐)	댐 > 특수댐작업 > 특수댐(양수발전용 댐)	NO_MATCH			NO_MATCH	SOURCE_CONCEPT_IS_NOT_A_TASK_SEMANTIC_FOR_CURRENT_CANONICAL_TASK_UNIVERSE	HIGH	402fafe9e1026838ffd0c2fb15b6b685b3554c15aa07999329a6c073752f71dd	a22f3a83f3cc2563554eb04b71ac8afc1faff44e3a6a594dd265ff04baafa2a6	GPT	B02	특수댐(양수발전용 댐)	댐 > 특수댐작업 > 특수댐(양수발전용 댐)	B02
64d405677bff812bdd0dd6adc4adeab99eb772f2b4a65ee66d0cc502871a369d	18dd13b6ceb8f503f56e417710183abacead45d069088f51fb4568deeeb260bc	댐	조경작업	조경부지정리	댐 > 조경작업 > 조경부지정리	MAP_EXISTING_CANONICAL	5bb130b1-f1ab-4cdb-86d8-9b0985bf9a81	일반부지정지	NARROWER_THAN	LANDSCAPE_SITE_PREPARATION_IS_A_CONTEXT_SPECIFIC_FORM_OF_GENERAL_SITE_GRADING	MEDIUM	402fafe9e1026838ffd0c2fb15b6b685b3554c15aa07999329a6c073752f71dd	a22f3a83f3cc2563554eb04b71ac8afc1faff44e3a6a594dd265ff04baafa2a6	GPT	B02	조경부지정리	댐 > 조경작업 > 조경부지정리	B02
660f4df6de70b9c78222bf0523c2c20146dbe110b5cfa2f377b9b5df768e1818	6e734c7903e28812c7960605d44c2ea724134ec3d4e62990bbcd3d26fe48b1e1	댐	안전가시설작업	낙하물 방지망	댐 > 안전가시설작업 > 낙하물 방지망	NO_MATCH			NO_MATCH	SOURCE_CONCEPT_IS_NOT_A_TASK_SEMANTIC_FOR_CURRENT_CANONICAL_TASK_UNIVERSE	HIGH	402fafe9e1026838ffd0c2fb15b6b685b3554c15aa07999329a6c073752f71dd	a22f3a83f3cc2563554eb04b71ac8afc1faff44e3a6a594dd265ff04baafa2a6	GPT	B02	낙하물 방지망	댐 > 안전가시설작업 > 낙하물 방지망	B02
6898cd70abe5a3350f56adcb80cb6b49d0aa2ac0852f4b470a55f0b1424a86cb	647a7b943ebe8b1f0672df792245f227a0c88178f655f8703af42099382d8575	댐	기계설비작업	기계설비 자재반입	댐 > 기계설비작업 > 기계설비 자재반입	CANONICAL_GAP				VALID_TASK_BUT_NO_SUITABLE_SINGLE_CANONICAL_TASK_IN_FROZEN_REFERENCE	MEDIUM	402fafe9e1026838ffd0c2fb15b6b685b3554c15aa07999329a6c073752f71dd	a22f3a83f3cc2563554eb04b71ac8afc1faff44e3a6a594dd265ff04baafa2a6	GPT	B02	기계설비 자재반입	댐 > 기계설비작업 > 기계설비 자재반입	B02
693f9a41c9be209e25390ddf3b2a9466a522d7fec2fa831a19c620210f9d82d3	273ec1788daebd1c297192185338ab5c52b386a7889ad363a69ee7fce9ce5e08	댐	안전가시설작업	가설통로 또는 가설계단	댐 > 안전가시설작업 > 가설통로 또는 가설계단	NO_MATCH			NO_MATCH	SOURCE_CONCEPT_IS_NOT_A_TASK_SEMANTIC_FOR_CURRENT_CANONICAL_TASK_UNIVERSE	HIGH	402fafe9e1026838ffd0c2fb15b6b685b3554c15aa07999329a6c073752f71dd	a22f3a83f3cc2563554eb04b71ac8afc1faff44e3a6a594dd265ff04baafa2a6	GPT	B02	가설통로 또는 가설계단	댐 > 안전가시설작업 > 가설통로 또는 가설계단	B02
6ea6497ac4640b4e60ebc9f12f0b6582e61fabb43ca3e5d63c9ba7a811702e3d	eb6dfd7b3151e79a2ef7d7599f6f0ec8dccbe060bc4ae5fa735eabb2f1ebe48a	댐	작업환경	작업환경 (배수)	댐 > 작업환경 > 작업환경 (배수)	NO_MATCH			NO_MATCH	SOURCE_CONCEPT_IS_NOT_A_TASK_SEMANTIC_FOR_CURRENT_CANONICAL_TASK_UNIVERSE	HIGH	402fafe9e1026838ffd0c2fb15b6b685b3554c15aa07999329a6c073752f71dd	a22f3a83f3cc2563554eb04b71ac8afc1faff44e3a6a594dd265ff04baafa2a6	GPT	B02	작업환경 (배수)	댐 > 작업환경 > 작업환경 (배수)	B02
6f3661a426c84e177827fbf9dc33edc92b08ff4a2a7cfe8566b30b19acdd6b3a	4cde003709330e8d03949e555d12365ecee9b939706782c61ccdf8e63dfc3ee2	댐	작업환경	작업환경 (환기)	댐 > 작업환경 > 작업환경 (환기)	NO_MATCH			NO_MATCH	SOURCE_CONCEPT_IS_NOT_A_TASK_SEMANTIC_FOR_CURRENT_CANONICAL_TASK_UNIVERSE	HIGH	402fafe9e1026838ffd0c2fb15b6b685b3554c15aa07999329a6c073752f71dd	a22f3a83f3cc2563554eb04b71ac8afc1faff44e3a6a594dd265ff04baafa2a6	GPT	B02	작업환경 (환기)	댐 > 작업환경 > 작업환경 (환기)	B02
6f73047161f45df1d9586c1fe10dbe8a1efa8154a5c09155e24e87ff49487176	a026a5290bf9abb0f54cb9ec8badf530e5ffdfd569d98fb80584e19ad64384dc	교량 및 도로	흙막이지보공작업	흙막이지보공 설치	교량 및 도로 > 흙막이지보공작업 > 흙막이지보공 설치	CANONICAL_GAP				VALID_TASK_BUT_NO_SUITABLE_SINGLE_CANONICAL_TASK_IN_FROZEN_REFERENCE	MEDIUM	402fafe9e1026838ffd0c2fb15b6b685b3554c15aa07999329a6c073752f71dd	a22f3a83f3cc2563554eb04b71ac8afc1faff44e3a6a594dd265ff04baafa2a6	GPT	B02	흙막이지보공 설치	교량 및 도로 > 흙막이지보공작업 > 흙막이지보공 설치	B02
70354eee9acf6801fac0c9e8202ebc406a41fdb1a281f294c0a870e86d8e5254	3186efe1682bd1de714ab85d3c840495ee8e01e8d8c7f2e864edd43cb996e4f6	댐	안전가시설작업	이동식 사다리	댐 > 안전가시설작업 > 이동식 사다리	NO_MATCH			NO_MATCH	SOURCE_CONCEPT_IS_NOT_A_TASK_SEMANTIC_FOR_CURRENT_CANONICAL_TASK_UNIVERSE	HIGH	402fafe9e1026838ffd0c2fb15b6b685b3554c15aa07999329a6c073752f71dd	a22f3a83f3cc2563554eb04b71ac8afc1faff44e3a6a594dd265ff04baafa2a6	GPT	B02	이동식 사다리	댐 > 안전가시설작업 > 이동식 사다리	B02
727ed0086d4fc0240496c4bec1f11675677ab7e0276280c93a34ca154849f5cd	d09522c57917a9fa6768769062f740aa37817f1b84e010f165e04486d40584be	교량 및 도로	특수교량작업	특수교량(MSS 공법)	교량 및 도로 > 특수교량작업 > 특수교량(MSS 공법)	NO_MATCH			NO_MATCH	SOURCE_CONCEPT_IS_NOT_A_TASK_SEMANTIC_FOR_CURRENT_CANONICAL_TASK_UNIVERSE	HIGH	402fafe9e1026838ffd0c2fb15b6b685b3554c15aa07999329a6c073752f71dd	a22f3a83f3cc2563554eb04b71ac8afc1faff44e3a6a594dd265ff04baafa2a6	GPT	B02	특수교량(MSS 공법)	교량 및 도로 > 특수교량작업 > 특수교량(MSS 공법)	B02
73271a0a3be53e9d6897500d8774036de427c81eba86d0130dc7fad30a57bd82	4f32189647c85f9b2f65a6587306f18cca8f21ddd570ff36904e86ad523c61bd	댐	가설전기작업	이동석전기 기계기구	댐 > 가설전기작업 > 이동석전기 기계기구	NO_MATCH			NO_MATCH	SOURCE_CONCEPT_IS_NOT_A_TASK_SEMANTIC_FOR_CURRENT_CANONICAL_TASK_UNIVERSE	HIGH	402fafe9e1026838ffd0c2fb15b6b685b3554c15aa07999329a6c073752f71dd	a22f3a83f3cc2563554eb04b71ac8afc1faff44e3a6a594dd265ff04baafa2a6	GPT	B02	이동석전기 기계기구	댐 > 가설전기작업 > 이동석전기 기계기구	B02
735dfa51a1f64f11dce9d6e3cf736d2d7a05e7c570a5ead940312094a7d70404	9e01767898a2c7a396e789f8bdd7c1e537c7ccfe4e27cd6c02ca32e927ed0450	댐	작업환경	작업환경 (분진)	댐 > 작업환경 > 작업환경 (분진)	NO_MATCH			NO_MATCH	SOURCE_CONCEPT_IS_NOT_A_TASK_SEMANTIC_FOR_CURRENT_CANONICAL_TASK_UNIVERSE	HIGH	402fafe9e1026838ffd0c2fb15b6b685b3554c15aa07999329a6c073752f71dd	a22f3a83f3cc2563554eb04b71ac8afc1faff44e3a6a594dd265ff04baafa2a6	GPT	B02	작업환경 (분진)	댐 > 작업환경 > 작업환경 (분진)	B02
75ecf96567053fb4bfba3ff62ada8122038e948a081973ec326cd86bc903b70e	ce438244bbd24e91e41c0abbcda1a7cfbd01337de9e079ff9db0c9a7e3f474eb	댐	위험기계기구작업	연삭기	댐 > 위험기계기구작업 > 연삭기	NO_MATCH			NO_MATCH	SOURCE_CONCEPT_IS_NOT_A_TASK_SEMANTIC_FOR_CURRENT_CANONICAL_TASK_UNIVERSE	HIGH	402fafe9e1026838ffd0c2fb15b6b685b3554c15aa07999329a6c073752f71dd	a22f3a83f3cc2563554eb04b71ac8afc1faff44e3a6a594dd265ff04baafa2a6	GPT	B02	연삭기	댐 > 위험기계기구작업 > 연삭기	B02
75fca674e49fbc4aab06eb27565960712e3d8fcd146a499a72c281954612155c	5626a6aaf92bd1d33219d6aa9f71a3577a4e10f0645afa1ab0b5c0b173cbe317	댐	안전가시설작업	굴착선단부	댐 > 안전가시설작업 > 굴착선단부	NO_MATCH			NO_MATCH	SOURCE_CONCEPT_IS_NOT_A_TASK_SEMANTIC_FOR_CURRENT_CANONICAL_TASK_UNIVERSE	HIGH	402fafe9e1026838ffd0c2fb15b6b685b3554c15aa07999329a6c073752f71dd	a22f3a83f3cc2563554eb04b71ac8afc1faff44e3a6a594dd265ff04baafa2a6	GPT	B02	굴착선단부	댐 > 안전가시설작업 > 굴착선단부	B02
79d277750822b0ae8046c4dda5047c85380b24d837821ad6bd979f646e9edec0	a3c7e9ff9b7d02963259eb5e0d769ea140e2df54ea03fe4e79908c85c53c4dd9	댐	거푸집작업	거푸집 자재반입	댐 > 거푸집작업 > 거푸집 자재반입	CANONICAL_GAP				VALID_TASK_BUT_NO_SUITABLE_SINGLE_CANONICAL_TASK_IN_FROZEN_REFERENCE	MEDIUM	402fafe9e1026838ffd0c2fb15b6b685b3554c15aa07999329a6c073752f71dd	a22f3a83f3cc2563554eb04b71ac8afc1faff44e3a6a594dd265ff04baafa2a6	GPT	B02	거푸집 자재반입	댐 > 거푸집작업 > 거푸집 자재반입	B02
7b9b9bc403c7216a2712391b82c556a033a2af8077765ab4529a1961287ee088	1afe0741d0a293ca0144abcdabaa8ab5c1e7d52ec5f86f037d825b1973dc3ef0	댐	안전가시설작업	달비계	댐 > 안전가시설작업 > 달비계	NO_MATCH			NO_MATCH	SOURCE_CONCEPT_IS_NOT_A_TASK_SEMANTIC_FOR_CURRENT_CANONICAL_TASK_UNIVERSE	HIGH	402fafe9e1026838ffd0c2fb15b6b685b3554c15aa07999329a6c073752f71dd	a22f3a83f3cc2563554eb04b71ac8afc1faff44e3a6a594dd265ff04baafa2a6	GPT	B02	달비계	댐 > 안전가시설작업 > 달비계	B02
7bb18461aef10d69ca53978a284418e9c89bd905d669c9cfa24eb54390a33928	82e7b20228f8611ddc7f3baf5857f0a3e80247526510a1e6955538bb35d18cb3	댐	철근작업	철근가공 및 운반	댐 > 철근작업 > 철근가공 및 운반	MAP_EXISTING_CANONICAL	be965f09-464b-4d53-9be4-d72f44d3d1ee	철근가공및조립	POSSIBLE_RELATED	SOURCE_AND_CANONICAL_SHARE_REBAR_PROCESSING_BUT_DIFFER_ON_TRANSPORT_VERSUS_ASSEMBLY_COMPONENT	MEDIUM	402fafe9e1026838ffd0c2fb15b6b685b3554c15aa07999329a6c073752f71dd	a22f3a83f3cc2563554eb04b71ac8afc1faff44e3a6a594dd265ff04baafa2a6	GPT	B02	철근가공 및 운반	댐 > 철근작업 > 철근가공 및 운반	B02
7c6e7b490240eaffbcf452beabf6196b3e07afe7ffbeef584815c6d4a631a669	bec679c4032ad363445ba55af36471a67c0752c15ac0392ab7d40e463ad371f9	댐	위험기계기구작업	이동식 발전기	댐 > 위험기계기구작업 > 이동식 발전기	NO_MATCH			NO_MATCH	SOURCE_CONCEPT_IS_NOT_A_TASK_SEMANTIC_FOR_CURRENT_CANONICAL_TASK_UNIVERSE	HIGH	402fafe9e1026838ffd0c2fb15b6b685b3554c15aa07999329a6c073752f71dd	a22f3a83f3cc2563554eb04b71ac8afc1faff44e3a6a594dd265ff04baafa2a6	GPT	B02	이동식 발전기	댐 > 위험기계기구작업 > 이동식 발전기	B02
7c79c21e2e0a175567ba268805022010f11abad5dbe723afe290f08ba8fa57c8	61e2fdfa472e05a18ee0e0bec7fcdd099172f9382cdfa1b596bb2060978bd5f5	댐	굴착작업	굴착 토사반출	댐 > 굴착작업 > 굴착 토사반출	CANONICAL_GAP				VALID_TASK_BUT_NO_SUITABLE_SINGLE_CANONICAL_TASK_IN_FROZEN_REFERENCE	MEDIUM	402fafe9e1026838ffd0c2fb15b6b685b3554c15aa07999329a6c073752f71dd	a22f3a83f3cc2563554eb04b71ac8afc1faff44e3a6a594dd265ff04baafa2a6	GPT	B02	굴착 토사반출	댐 > 굴착작업 > 굴착 토사반출	B02
7efa78f4745a7090a3438a4422429e36edd8310ad7638017ab55c6a7a8abdde4	c1656fa75662092a0caeb36129573c20838ca8f8da78bf7e66c37784766ad342	빌딩	가설전기작업	조명등	빌딩 > 가설전기작업 > 조명등	NO_MATCH			NO_MATCH	SOURCE_CONCEPT_IS_NOT_A_TASK_SEMANTIC_FOR_CURRENT_CANONICAL_TASK_UNIVERSE	HIGH	402fafe9e1026838ffd0c2fb15b6b685b3554c15aa07999329a6c073752f71dd	a22f3a83f3cc2563554eb04b71ac8afc1faff44e3a6a594dd265ff04baafa2a6	GPT	B02	조명등	빌딩 > 가설전기작업 > 조명등	B02
7fa9680d3c7ee19eeab230fc3af038c7556b8625046d2bb4852703dfa69c9942	0620aa3261e75db6a1c3d87922764cc28204c2cb6e48deca3cbd847b267566d9	댐	철근작업	철근조립	댐 > 철근작업 > 철근조립	MAP_EXISTING_CANONICAL	be965f09-464b-4d53-9be4-d72f44d3d1ee	철근가공및조립	NARROWER_THAN	REBAR_ASSEMBLY_IS_A_SPECIFIC_COMPONENT_OF_CANONICAL_REBAR_PROCESSING_AND_ASSEMBLY	HIGH	402fafe9e1026838ffd0c2fb15b6b685b3554c15aa07999329a6c073752f71dd	a22f3a83f3cc2563554eb04b71ac8afc1faff44e3a6a594dd265ff04baafa2a6	GPT	B02	철근조립	댐 > 철근작업 > 철근조립	B02
83f6ff90c680236f940093ae1671bb6638b99c8fe724d4e8e2de34158b1b6518	2e8a36ab5d5b120795b5da295ff0270afeeb53493506260b698fb3e539c35d04	댐	양중기작업	윈치	댐 > 양중기작업 > 윈치	NO_MATCH			NO_MATCH	SOURCE_CONCEPT_IS_NOT_A_TASK_SEMANTIC_FOR_CURRENT_CANONICAL_TASK_UNIVERSE	HIGH	402fafe9e1026838ffd0c2fb15b6b685b3554c15aa07999329a6c073752f71dd	a22f3a83f3cc2563554eb04b71ac8afc1faff44e3a6a594dd265ff04baafa2a6	GPT	B02	윈치	댐 > 양중기작업 > 윈치	B02
85810e88f2173514782e39eb85d2ac44875328c54e86ec18ca60446a41b31fcf	87f146cb315b5b7a0965b7c06ae4b25bab7aeea77c4d809a68fa334c33680005	빌딩	가설전기작업	교류아크 용접기	빌딩 > 가설전기작업 > 교류아크 용접기	NO_MATCH			NO_MATCH	SOURCE_CONCEPT_IS_NOT_A_TASK_SEMANTIC_FOR_CURRENT_CANONICAL_TASK_UNIVERSE	HIGH	402fafe9e1026838ffd0c2fb15b6b685b3554c15aa07999329a6c073752f71dd	a22f3a83f3cc2563554eb04b71ac8afc1faff44e3a6a594dd265ff04baafa2a6	GPT	B02	교류아크 용접기	빌딩 > 가설전기작업 > 교류아크 용접기	B02
85a8d796ce9f78759bdd24833e7da4b006dc0dacd92d65d03c7288645727d047	ac0b554f4e3de2d03db0634535bd37f8d9bb54f52e906993d7529e507160f275	댐	콘크리트작업	콘크리트타설	댐 > 콘크리트작업 > 콘크리트타설	AMBIGUOUS			AMBIGUOUS	GENERIC_CONCRETE_PLACEMENT_DOES_NOT_DISTINGUISH_AMONG_MULTIPLE_CONCRETE_PLACEMENT_CANONICAL_TASKS	HIGH	402fafe9e1026838ffd0c2fb15b6b685b3554c15aa07999329a6c073752f71dd	a22f3a83f3cc2563554eb04b71ac8afc1faff44e3a6a594dd265ff04baafa2a6	GPT	B02	콘크리트타설	댐 > 콘크리트작업 > 콘크리트타설	B02
8a60735241a43428c4417129ec922b22b89a99165ffcba104b23c58c3c364c75	63186b78bdb7538e80f124db2a10be5b1620b6ccf288e139a6a998356cdf7403	댐	거푸집작업	거푸집 동바리 해체	댐 > 거푸집작업 > 거푸집 동바리 해체	CANONICAL_GAP				VALID_TASK_BUT_NO_SUITABLE_SINGLE_CANONICAL_TASK_IN_FROZEN_REFERENCE	MEDIUM	402fafe9e1026838ffd0c2fb15b6b685b3554c15aa07999329a6c073752f71dd	a22f3a83f3cc2563554eb04b71ac8afc1faff44e3a6a594dd265ff04baafa2a6	GPT	B02	거푸집 동바리 해체	댐 > 거푸집작업 > 거푸집 동바리 해체	B02
8ce1a3cc480bd87ef951311c4eb3fee72f5b0cd6ebbb0f2773fac8a8de3fc7b2	243a1099c6e0e60cd875d8dc76f76996e3311f4134431cb8bc9721a68f2725ee	댐	철근작업	철근반입	댐 > 철근작업 > 철근반입	CANONICAL_GAP				VALID_TASK_BUT_NO_SUITABLE_SINGLE_CANONICAL_TASK_IN_FROZEN_REFERENCE	MEDIUM	402fafe9e1026838ffd0c2fb15b6b685b3554c15aa07999329a6c073752f71dd	a22f3a83f3cc2563554eb04b71ac8afc1faff44e3a6a594dd265ff04baafa2a6	GPT	B02	철근반입	댐 > 철근작업 > 철근반입	B02
91c749244414111aae594b1df9d6100225258071f236330207777481ea96eb55	a83ee8924733fb414aec18c77c0eac9e88196a33316661435c9ffe931d69bbb6	댐	위험기계기구작업	목재가공용 둥급톱	댐 > 위험기계기구작업 > 목재가공용 둥급톱	NO_MATCH			NO_MATCH	SOURCE_CONCEPT_IS_NOT_A_TASK_SEMANTIC_FOR_CURRENT_CANONICAL_TASK_UNIVERSE	HIGH	402fafe9e1026838ffd0c2fb15b6b685b3554c15aa07999329a6c073752f71dd	a22f3a83f3cc2563554eb04b71ac8afc1faff44e3a6a594dd265ff04baafa2a6	GPT	B02	목재가공용 둥급톱	댐 > 위험기계기구작업 > 목재가공용 둥급톱	B02
963c2d3c88be672f350a83ea5e3f095dfc374449276cb40255dafa13b552b4d2	f9e36bb6b7c628c475e84fdac2d8afc8531ad7de0a81c23658ed52e01e3837cf	교량 및 도로	특수교량작업	특수교량(현수교)	교량 및 도로 > 특수교량작업 > 특수교량(현수교)	NO_MATCH			NO_MATCH	SOURCE_CONCEPT_IS_NOT_A_TASK_SEMANTIC_FOR_CURRENT_CANONICAL_TASK_UNIVERSE	HIGH	402fafe9e1026838ffd0c2fb15b6b685b3554c15aa07999329a6c073752f71dd	a22f3a83f3cc2563554eb04b71ac8afc1faff44e3a6a594dd265ff04baafa2a6	GPT	B02	특수교량(현수교)	교량 및 도로 > 특수교량작업 > 특수교량(현수교)	B02
9da76f4a02e70937d78337bc5918ff4ee114bf9779987a746d5427619e14ce30	1cb50770f1bb524d051beff50b61612c90b8925b5d62e539d645860553041f8b	교량 및 도로	흙막이지보공작업	흙막이지보공 해체	교량 및 도로 > 흙막이지보공작업 > 흙막이지보공 해체	CANONICAL_GAP				VALID_TASK_BUT_NO_SUITABLE_SINGLE_CANONICAL_TASK_IN_FROZEN_REFERENCE	MEDIUM	402fafe9e1026838ffd0c2fb15b6b685b3554c15aa07999329a6c073752f71dd	a22f3a83f3cc2563554eb04b71ac8afc1faff44e3a6a594dd265ff04baafa2a6	GPT	B02	흙막이지보공 해체	교량 및 도로 > 흙막이지보공작업 > 흙막이지보공 해체	B02
9e83c8e9d66dd94e29feeeeb9371fc0649aef84c119e82974505774e54a4228e	3edd5d020fdf3efdb0696191d7a1be4a862a5a19d630460d943069bd12ff2b35	댐	위험기계기구작업	몰탈 믹서기	댐 > 위험기계기구작업 > 몰탈 믹서기	NO_MATCH			NO_MATCH	SOURCE_CONCEPT_IS_NOT_A_TASK_SEMANTIC_FOR_CURRENT_CANONICAL_TASK_UNIVERSE	HIGH	402fafe9e1026838ffd0c2fb15b6b685b3554c15aa07999329a6c073752f71dd	a22f3a83f3cc2563554eb04b71ac8afc1faff44e3a6a594dd265ff04baafa2a6	GPT	B02	몰탈 믹서기	댐 > 위험기계기구작업 > 몰탈 믹서기	B02
a1a4bfc8f4a5723719ad4a264938b35eaba3afc903649825c08e16d6affc5ae4	c7520213ea812ef7e35329b306e27995055b1d1721d9fe804679d304e276a650	댐	가설전기작업	충전부	댐 > 가설전기작업 > 충전부	NO_MATCH			NO_MATCH	SOURCE_CONCEPT_IS_NOT_A_TASK_SEMANTIC_FOR_CURRENT_CANONICAL_TASK_UNIVERSE	HIGH	402fafe9e1026838ffd0c2fb15b6b685b3554c15aa07999329a6c073752f71dd	a22f3a83f3cc2563554eb04b71ac8afc1faff44e3a6a594dd265ff04baafa2a6	GPT	B02	충전부	댐 > 가설전기작업 > 충전부	B02
a64fd0a1e395e770154ea9c46ae4e126e86013a2f1674b75c0875654eecd9770	3c8ccd69e1699f0c21395796ac454657aed0be772c6fb50e706b4f7f4232ca19	댐	위험기계기구작업	철근절단기 및 절곡기	댐 > 위험기계기구작업 > 철근절단기 및 절곡기	NO_MATCH			NO_MATCH	SOURCE_CONCEPT_IS_NOT_A_TASK_SEMANTIC_FOR_CURRENT_CANONICAL_TASK_UNIVERSE	HIGH	402fafe9e1026838ffd0c2fb15b6b685b3554c15aa07999329a6c073752f71dd	a22f3a83f3cc2563554eb04b71ac8afc1faff44e3a6a594dd265ff04baafa2a6	GPT	B02	철근절단기 및 절곡기	댐 > 위험기계기구작업 > 철근절단기 및 절곡기	B02
a6f43e1188585346c6eb43000d21687f93deaa67eb9606e6e0ef39227e1d20fd	547b85d08747c4d11e5fdc2974a22d1164e6f5c29a4678ae98cc2577e94fe3ef	빌딩	가설전기작업	접지	빌딩 > 가설전기작업 > 접지	CANONICAL_GAP				VALID_TASK_BUT_NO_SUITABLE_SINGLE_CANONICAL_TASK_IN_FROZEN_REFERENCE	MEDIUM	402fafe9e1026838ffd0c2fb15b6b685b3554c15aa07999329a6c073752f71dd	a22f3a83f3cc2563554eb04b71ac8afc1faff44e3a6a594dd265ff04baafa2a6	GPT	B02	접지	빌딩 > 가설전기작업 > 접지	B02
a9015619fce0c4e70a60c4f060dfe3f93e1afe995d118e37b4d4b5b4c8e2db31	7f5732149c3d9867c5267f99bebde3e84412dde7c36dc5620ee2f5aabc16cf00	교량 및 도로	특수교량작업	특수교량(사장교)	교량 및 도로 > 특수교량작업 > 특수교량(사장교)	NO_MATCH			NO_MATCH	SOURCE_CONCEPT_IS_NOT_A_TASK_SEMANTIC_FOR_CURRENT_CANONICAL_TASK_UNIVERSE	HIGH	402fafe9e1026838ffd0c2fb15b6b685b3554c15aa07999329a6c073752f71dd	a22f3a83f3cc2563554eb04b71ac8afc1faff44e3a6a594dd265ff04baafa2a6	GPT	B02	특수교량(사장교)	교량 및 도로 > 특수교량작업 > 특수교량(사장교)	B02
aa2e33be5311e3d96c85b917e85c09f04dd11dc32223d215455e0cced9c9eb2c	3c93ff67bf9ffe67b27392d50512a8eb2abe359989bba5fb295e7a709c7ac11b	댐	양중기작업	타워크레인	댐 > 양중기작업 > 타워크레인	NO_MATCH			NO_MATCH	SOURCE_CONCEPT_IS_NOT_A_TASK_SEMANTIC_FOR_CURRENT_CANONICAL_TASK_UNIVERSE	HIGH	402fafe9e1026838ffd0c2fb15b6b685b3554c15aa07999329a6c073752f71dd	a22f3a83f3cc2563554eb04b71ac8afc1faff44e3a6a594dd265ff04baafa2a6	GPT	B02	타워크레인	댐 > 양중기작업 > 타워크레인	B02
ae588f9ae808fb82ef075b1ef6995872ecaec1bf9166c46106c40cfc0278aace	b73d5cc831ca678631570a1bb16247b75aeea1c58f5086dcf2a8661422dcc7f3	댐	되메움작업	토사반입 및 되메움 실시	댐 > 되메움작업 > 토사반입 및 되메움 실시	CANONICAL_GAP				VALID_TASK_BUT_NO_SUITABLE_SINGLE_CANONICAL_TASK_IN_FROZEN_REFERENCE	MEDIUM	402fafe9e1026838ffd0c2fb15b6b685b3554c15aa07999329a6c073752f71dd	a22f3a83f3cc2563554eb04b71ac8afc1faff44e3a6a594dd265ff04baafa2a6	GPT	B02	토사반입 및 되메움 실시	댐 > 되메움작업 > 토사반입 및 되메움 실시	B02
afa109bf06a7fa3bf1e3d6e8e6dafce6ec2fb3a6eada0ed1ff6f2663b0756fc6	2bbd903f93001e1712f3b807486b81f26322602862ae829c489412942d0a77c1	교량 및 도로	철근작업	철근반입	교량 및 도로 > 철근작업 > 철근반입	CANONICAL_GAP				VALID_TASK_BUT_NO_SUITABLE_SINGLE_CANONICAL_TASK_IN_FROZEN_REFERENCE	MEDIUM	402fafe9e1026838ffd0c2fb15b6b685b3554c15aa07999329a6c073752f71dd	a22f3a83f3cc2563554eb04b71ac8afc1faff44e3a6a594dd265ff04baafa2a6	GPT	B02	철근반입	교량 및 도로 > 철근작업 > 철근반입	B02
afb76e14ffea1318a4099e846d878e3d5ab1d12c80c38bbecbc9daf9a15aff9d	8a2c047d5e1a264ffcd39e9410c5c101383b5c4c27aa1c2d6d22ffb63c7cfb5b	댐	가설전기작업	수배전설비	댐 > 가설전기작업 > 수배전설비	NO_MATCH			NO_MATCH	SOURCE_CONCEPT_IS_NOT_A_TASK_SEMANTIC_FOR_CURRENT_CANONICAL_TASK_UNIVERSE	HIGH	402fafe9e1026838ffd0c2fb15b6b685b3554c15aa07999329a6c073752f71dd	a22f3a83f3cc2563554eb04b71ac8afc1faff44e3a6a594dd265ff04baafa2a6	GPT	B02	수배전설비	댐 > 가설전기작업 > 수배전설비	B02
bd53f624ce2f40f27a1662d195acbbdddeac97a2bf0e6fb2d7cc8ffb13b02c38	93a704dc81656b77da166bb54935fb2312f613a6eecb5397b337efb681dd8ae0	댐	안전가시설작업	비계	댐 > 안전가시설작업 > 비계	NO_MATCH			NO_MATCH	SOURCE_CONCEPT_IS_NOT_A_TASK_SEMANTIC_FOR_CURRENT_CANONICAL_TASK_UNIVERSE	HIGH	402fafe9e1026838ffd0c2fb15b6b685b3554c15aa07999329a6c073752f71dd	a22f3a83f3cc2563554eb04b71ac8afc1faff44e3a6a594dd265ff04baafa2a6	GPT	B02	비계	댐 > 안전가시설작업 > 비계	B02
c09f70ac1153c7736a99422256954cd1dca95da7aeb0b88eac5234c8001a877f	b6e94551bd9c706e712eb384cf1a6e5ac049e9e4c26481032cfafd7920f93518	댐	부대토목작업	부대토목 옹벽시공	댐 > 부대토목작업 > 부대토목 옹벽시공	CANONICAL_GAP				VALID_TASK_BUT_NO_SUITABLE_SINGLE_CANONICAL_TASK_IN_FROZEN_REFERENCE	MEDIUM	402fafe9e1026838ffd0c2fb15b6b685b3554c15aa07999329a6c073752f71dd	a22f3a83f3cc2563554eb04b71ac8afc1faff44e3a6a594dd265ff04baafa2a6	GPT	B02	부대토목 옹벽시공	댐 > 부대토목작업 > 부대토목 옹벽시공	B02
c57024c4fe7e7fbadb6001ea450823f19846240e1299b6be8413882d798fa308	38e90e4e8d816c715dee7a9a7da36692e36082736d3a23b436ea457ca2e7790c	댐	양중기작업	특수 작업대	댐 > 양중기작업 > 특수 작업대	NO_MATCH			NO_MATCH	SOURCE_CONCEPT_IS_NOT_A_TASK_SEMANTIC_FOR_CURRENT_CANONICAL_TASK_UNIVERSE	HIGH	402fafe9e1026838ffd0c2fb15b6b685b3554c15aa07999329a6c073752f71dd	a22f3a83f3cc2563554eb04b71ac8afc1faff44e3a6a594dd265ff04baafa2a6	GPT	B02	특수 작업대	댐 > 양중기작업 > 특수 작업대	B02
ca6eed382399bfb92cbea0ff402705e0f87072eb644633ad49758e7f381da975	af0b41941bc3abfb477dad8f32db3cea62f2ad82b81eeab423b9f8663c4acd77	댐	가설도로작업	가설도로 벌목 및 표토제거	댐 > 가설도로작업 > 가설도로 벌목 및 표토제거	MAP_EXISTING_CANONICAL	a7106b20-76ca-427f-aa45-2f0b1d417f15	표토제거	POSSIBLE_RELATED	COMPOSITE_SOURCE_INCLUDES_TOPSOIL_REMOVAL_BUT_ALSO_TREE_CLEARING	MEDIUM	402fafe9e1026838ffd0c2fb15b6b685b3554c15aa07999329a6c073752f71dd	a22f3a83f3cc2563554eb04b71ac8afc1faff44e3a6a594dd265ff04baafa2a6	GPT	B02	가설도로 벌목 및 표토제거	댐 > 가설도로작업 > 가설도로 벌목 및 표토제거	B02
cba8e80310356f61cd256cd73d93b6dfe28554144208c9d5de6ccce1ef8d75ca	3d773c30583b296c54450071de671fcf31ec52357456dedd776630e4b9efab82	댐	양중기작업	리프트	댐 > 양중기작업 > 리프트	NO_MATCH			NO_MATCH	SOURCE_CONCEPT_IS_NOT_A_TASK_SEMANTIC_FOR_CURRENT_CANONICAL_TASK_UNIVERSE	HIGH	402fafe9e1026838ffd0c2fb15b6b685b3554c15aa07999329a6c073752f71dd	a22f3a83f3cc2563554eb04b71ac8afc1faff44e3a6a594dd265ff04baafa2a6	GPT	B02	리프트	댐 > 양중기작업 > 리프트	B02
cf314a58d0b5d1a5d77a390040c37bf7c951b3405ef360bb7ab9f586bacb2e0b	b92d9c88d5f2d71854c125df522c72ddccfccff4ceb35cef6ea22c88c6044453	댐	가설도로작업	가설도로 시공	댐 > 가설도로작업 > 가설도로 시공	CANONICAL_GAP				VALID_TASK_BUT_NO_SUITABLE_SINGLE_CANONICAL_TASK_IN_FROZEN_REFERENCE	MEDIUM	402fafe9e1026838ffd0c2fb15b6b685b3554c15aa07999329a6c073752f71dd	a22f3a83f3cc2563554eb04b71ac8afc1faff44e3a6a594dd265ff04baafa2a6	GPT	B02	가설도로 시공	댐 > 가설도로작업 > 가설도로 시공	B02
d016cf0f47d95087605c61fe3771b4f1a6cf5be7d2bd5ac0ae67d50c0228e41b	c7967fefa9488acb201f1d6775fa50e483ff1d0dbdd92a77d18c0bbffeea9059	댐	양중기작업	이동식 크레인	댐 > 양중기작업 > 이동식 크레인	NO_MATCH			NO_MATCH	SOURCE_CONCEPT_IS_NOT_A_TASK_SEMANTIC_FOR_CURRENT_CANONICAL_TASK_UNIVERSE	HIGH	402fafe9e1026838ffd0c2fb15b6b685b3554c15aa07999329a6c073752f71dd	a22f3a83f3cc2563554eb04b71ac8afc1faff44e3a6a594dd265ff04baafa2a6	GPT	B02	이동식 크레인	댐 > 양중기작업 > 이동식 크레인	B02
d159ce835fb7a262c246edf199959ec56ffe8822ae559cfbb89d12443607e1a3	c8e23200a7649947de623e28712498dd8069f3f3682a149b12da33978b0c3d06	댐	안전가시설작업	이동식 비계	댐 > 안전가시설작업 > 이동식 비계	NO_MATCH			NO_MATCH	SOURCE_CONCEPT_IS_NOT_A_TASK_SEMANTIC_FOR_CURRENT_CANONICAL_TASK_UNIVERSE	HIGH	402fafe9e1026838ffd0c2fb15b6b685b3554c15aa07999329a6c073752f71dd	a22f3a83f3cc2563554eb04b71ac8afc1faff44e3a6a594dd265ff04baafa2a6	GPT	B02	이동식 비계	댐 > 안전가시설작업 > 이동식 비계	B02
d605009e703eb6b60335fc0f290974fb9b541a1e6e05756feb90ad95dce7b94a	f615fc7b0aa845b2c2884faed314ffade898072fc246fe500e3637270370b17a	댐	가설전기작업	조명등	댐 > 가설전기작업 > 조명등	NO_MATCH			NO_MATCH	SOURCE_CONCEPT_IS_NOT_A_TASK_SEMANTIC_FOR_CURRENT_CANONICAL_TASK_UNIVERSE	HIGH	402fafe9e1026838ffd0c2fb15b6b685b3554c15aa07999329a6c073752f71dd	a22f3a83f3cc2563554eb04b71ac8afc1faff44e3a6a594dd265ff04baafa2a6	GPT	B02	조명등	댐 > 가설전기작업 > 조명등	B02
d9fdbef37c6605af11e3ff98edaa238c067ecab611bc9ad8abaf83b43772383e	7ab1f5df5699375be53371c214287302f4d413f7b10064d87153956830b53f83	교량 및 도로	흙막이지보공작업	흙막이지보공 자재반입	교량 및 도로 > 흙막이지보공작업 > 흙막이지보공 자재반입	CANONICAL_GAP				VALID_TASK_BUT_NO_SUITABLE_SINGLE_CANONICAL_TASK_IN_FROZEN_REFERENCE	MEDIUM	402fafe9e1026838ffd0c2fb15b6b685b3554c15aa07999329a6c073752f71dd	a22f3a83f3cc2563554eb04b71ac8afc1faff44e3a6a594dd265ff04baafa2a6	GPT	B02	흙막이지보공 자재반입	교량 및 도로 > 흙막이지보공작업 > 흙막이지보공 자재반입	B02
db6c6f704df04a325e71915f8c5aead52894d3096eb1d3fa0696c8615bdaf8cb	eead61646f3d44d3b0f018b70f6c9a2dcd90d1836469daf4707f539da44a43a9	댐	발파작업	발파 천공	댐 > 발파작업 > 발파 천공	MAP_EXISTING_CANONICAL	bae014b7-2474-48f7-b5c0-0e9f30a0ff56	발파	NARROWER_THAN	BLAST_HOLE_DRILLING_IS_A_SPECIFIC_SUBACTIVITY_OF_BLASTING	HIGH	402fafe9e1026838ffd0c2fb15b6b685b3554c15aa07999329a6c073752f71dd	a22f3a83f3cc2563554eb04b71ac8afc1faff44e3a6a594dd265ff04baafa2a6	GPT	B02	발파 천공	댐 > 발파작업 > 발파 천공	B02
dd67181cdb0cf48c19cd2751b1ab7ff02499b80a72dd5596ff89a7521122e628	356e247dc8ffcb04de5f66a0ea98e29b25e646b0f5ab6d9ce5f80f86ba6ad022	교량 및 도로	철근작업	철근조립	교량 및 도로 > 철근작업 > 철근조립	MAP_EXISTING_CANONICAL	be965f09-464b-4d53-9be4-d72f44d3d1ee	철근가공및조립	NARROWER_THAN	REBAR_ASSEMBLY_IS_A_SPECIFIC_COMPONENT_OF_CANONICAL_REBAR_PROCESSING_AND_ASSEMBLY	HIGH	402fafe9e1026838ffd0c2fb15b6b685b3554c15aa07999329a6c073752f71dd	a22f3a83f3cc2563554eb04b71ac8afc1faff44e3a6a594dd265ff04baafa2a6	GPT	B02	철근조립	교량 및 도로 > 철근작업 > 철근조립	B02
e0574d23caa2a6f730514bebe10ea87dfb215cc79f4771b62bce8d4877648dd3	2644afc54e043783211e17c16ea64156c9a4bdd1d912d842d335300720844666	댐	가설전기작업	교류아크 용접기	댐 > 가설전기작업 > 교류아크 용접기	NO_MATCH			NO_MATCH	SOURCE_CONCEPT_IS_NOT_A_TASK_SEMANTIC_FOR_CURRENT_CANONICAL_TASK_UNIVERSE	HIGH	402fafe9e1026838ffd0c2fb15b6b685b3554c15aa07999329a6c073752f71dd	a22f3a83f3cc2563554eb04b71ac8afc1faff44e3a6a594dd265ff04baafa2a6	GPT	B02	교류아크 용접기	댐 > 가설전기작업 > 교류아크 용접기	B02
e22fcc8b4b46bed935679ad63810b2d04c6a3015527a5bf936fc360472833be5	54a94bfc9d43e393580686e89aadddca71b5807b162a7ac1e443d16f006a8cc6	댐	안전가시설작업	방호선반	댐 > 안전가시설작업 > 방호선반	NO_MATCH			NO_MATCH	SOURCE_CONCEPT_IS_NOT_A_TASK_SEMANTIC_FOR_CURRENT_CANONICAL_TASK_UNIVERSE	HIGH	402fafe9e1026838ffd0c2fb15b6b685b3554c15aa07999329a6c073752f71dd	a22f3a83f3cc2563554eb04b71ac8afc1faff44e3a6a594dd265ff04baafa2a6	GPT	B02	방호선반	댐 > 안전가시설작업 > 방호선반	B02
e27ad6dd805ee708823705cabf5f27b5043944cd1447c4697ac6ba184b699cb5	af27b18df7f84c7eb22d81b98bef2c11f74950f7cc7b69e690183e7889258a7a	댐	안전가시설작업	경사지붕	댐 > 안전가시설작업 > 경사지붕	NO_MATCH			NO_MATCH	SOURCE_CONCEPT_IS_NOT_A_TASK_SEMANTIC_FOR_CURRENT_CANONICAL_TASK_UNIVERSE	HIGH	402fafe9e1026838ffd0c2fb15b6b685b3554c15aa07999329a6c073752f71dd	a22f3a83f3cc2563554eb04b71ac8afc1faff44e3a6a594dd265ff04baafa2a6	GPT	B02	경사지붕	댐 > 안전가시설작업 > 경사지붕	B02
e39768a1e9b2c22c2c9f9589b01b494fc03334816c6b39cca9316bda35ddd6bc	a8baeeb266fa35be2e5824cc69a5ad421dd5550b8d30d4f43004f63f94f9979c	교량 및 도로	포설 및 다짐작업	포설 및 다짐	교량 및 도로 > 포설 및 다짐작업 > 포설 및 다짐	AMBIGUOUS			AMBIGUOUS	GENERIC_PLACEMENT_AND_COMPACTION_DOES_NOT_IDENTIFY_A_SINGLE_MATERIAL_OR_CANONICAL_TASK	MEDIUM	402fafe9e1026838ffd0c2fb15b6b685b3554c15aa07999329a6c073752f71dd	a22f3a83f3cc2563554eb04b71ac8afc1faff44e3a6a594dd265ff04baafa2a6	GPT	B02	포설 및 다짐	교량 및 도로 > 포설 및 다짐작업 > 포설 및 다짐	B02
e49c70fb6ce8fdd5e6a7d322e8cae481d14c4f153f4c8ac19c626f69198a38fb	a9a5acab808229853051c0edc657bd04a3ef31ff8e88465773c5eb61e51829d9	빌딩	가설전기작업	분전반	빌딩 > 가설전기작업 > 분전반	NO_MATCH			NO_MATCH	SOURCE_CONCEPT_IS_NOT_A_TASK_SEMANTIC_FOR_CURRENT_CANONICAL_TASK_UNIVERSE	HIGH	402fafe9e1026838ffd0c2fb15b6b685b3554c15aa07999329a6c073752f71dd	a22f3a83f3cc2563554eb04b71ac8afc1faff44e3a6a594dd265ff04baafa2a6	GPT	B02	분전반	빌딩 > 가설전기작업 > 분전반	B02
e7c25ccf25b837b8283022dab32d85544d20701f67c18136a0014ed9c81880b0	897d23e85306524399afcc3a16caf076a3ba4210066c74cced9e43c0be6f6b72	댐	가설전기작업	접지	댐 > 가설전기작업 > 접지	CANONICAL_GAP				VALID_TASK_BUT_NO_SUITABLE_SINGLE_CANONICAL_TASK_IN_FROZEN_REFERENCE	MEDIUM	402fafe9e1026838ffd0c2fb15b6b685b3554c15aa07999329a6c073752f71dd	a22f3a83f3cc2563554eb04b71ac8afc1faff44e3a6a594dd265ff04baafa2a6	GPT	B02	접지	댐 > 가설전기작업 > 접지	B02
e89612ca8ca33f0f977ebab73c11ec6bb220234991338845f99cb793cfd1cc82	7411f7f6feccaa9569111925fafd1de3051530b9942f8e2e19467a1217509e5e	댐	콘크리트작업	콘크리트 반입	댐 > 콘크리트작업 > 콘크리트 반입	CANONICAL_GAP				VALID_TASK_BUT_NO_SUITABLE_SINGLE_CANONICAL_TASK_IN_FROZEN_REFERENCE	MEDIUM	402fafe9e1026838ffd0c2fb15b6b685b3554c15aa07999329a6c073752f71dd	a22f3a83f3cc2563554eb04b71ac8afc1faff44e3a6a594dd265ff04baafa2a6	GPT	B02	콘크리트 반입	댐 > 콘크리트작업 > 콘크리트 반입	B02
e8e5d96eeb0ed2582e66b37b009dd8e848c17651823918d0f0fba37c31a1e65f	bfa5cf3d95dcd5652ce9929437171c95aa4ec7329c74eee2430052d2ba0b634d	댐	가설전기작업	전선	댐 > 가설전기작업 > 전선	NO_MATCH			NO_MATCH	SOURCE_CONCEPT_IS_NOT_A_TASK_SEMANTIC_FOR_CURRENT_CANONICAL_TASK_UNIVERSE	HIGH	402fafe9e1026838ffd0c2fb15b6b685b3554c15aa07999329a6c073752f71dd	a22f3a83f3cc2563554eb04b71ac8afc1faff44e3a6a594dd265ff04baafa2a6	GPT	B02	전선	댐 > 가설전기작업 > 전선	B02
ea53062c9ac97c2bcdf6bcf2aacd078ce1369e8a8de63af3d0b64cf312a3e366	019b2c465ec252bcbe6fe426e1af76d0be56255c03e9f24ff6609d2bfefbb6e9	교량 및 도로	케이슨작업	케이슨운반 및 거치	교량 및 도로 > 케이슨작업 > 케이슨운반 및 거치	MAP_EXISTING_CANONICAL	97cf2571-0f3a-4bb2-8a85-837bbd502bb0	케이슨제작및설치	POSSIBLE_RELATED	CAISSON_TRANSPORT_AND_PLACEMENT_OVERLAPS_INSTALLATION_BUT_IS_NOT_EQUIVALENT_TO_FULL_FABRICATION_AND_INSTALLATION	MEDIUM	402fafe9e1026838ffd0c2fb15b6b685b3554c15aa07999329a6c073752f71dd	a22f3a83f3cc2563554eb04b71ac8afc1faff44e3a6a594dd265ff04baafa2a6	GPT	B02	케이슨운반 및 거치	교량 및 도로 > 케이슨작업 > 케이슨운반 및 거치	B02
eac0aac6c060d4fa3c6362f9db186cbe83342b83fd01b1804d13ba9c952a8d42	c50cf3765ba0e886e63fcc7bc89389e6ba903855e8057e7fcc00cf3bced53a71	댐	가설플랜트작업	가설플랜트 (크라샤 Plant)	댐 > 가설플랜트작업 > 가설플랜트 (크라샤 Plant)	NO_MATCH			NO_MATCH	SOURCE_CONCEPT_IS_NOT_A_TASK_SEMANTIC_FOR_CURRENT_CANONICAL_TASK_UNIVERSE	HIGH	402fafe9e1026838ffd0c2fb15b6b685b3554c15aa07999329a6c073752f71dd	a22f3a83f3cc2563554eb04b71ac8afc1faff44e3a6a594dd265ff04baafa2a6	GPT	B02	가설플랜트 (크라샤 Plant)	댐 > 가설플랜트작업 > 가설플랜트 (크라샤 Plant)	B02
ee2165e72aceb16b6d4947d918cf18799f2c39a69dbf148f57c6f8c0c2691a3b	8c97a2cb4abbee0941d6172ac2fe0ab19c3f9f73024710bd4906a8d44f364269	댐	가설플랜트작업	가설플랜트 (콘크리트 Batch Plant)	댐 > 가설플랜트작업 > 가설플랜트 (콘크리트 Batch Plant)	NO_MATCH			NO_MATCH	SOURCE_CONCEPT_IS_NOT_A_TASK_SEMANTIC_FOR_CURRENT_CANONICAL_TASK_UNIVERSE	HIGH	402fafe9e1026838ffd0c2fb15b6b685b3554c15aa07999329a6c073752f71dd	a22f3a83f3cc2563554eb04b71ac8afc1faff44e3a6a594dd265ff04baafa2a6	GPT	B02	가설플랜트 (콘크리트 Batch Plant)	댐 > 가설플랜트작업 > 가설플랜트 (콘크리트 Batch Plant)	B02
f137e9e386fb306b27978ba3b1e51d55138a69dc532a50eb68d35c3518c1c5a3	3a5c9f5a4b8df57ee09cb6b40925b863322cf53dc30a98b80577fce256c26373	댐	가설플랜트작업	가설플랜트 (숏크리트)	댐 > 가설플랜트작업 > 가설플랜트 (숏크리트)	NO_MATCH			NO_MATCH	SOURCE_CONCEPT_IS_NOT_A_TASK_SEMANTIC_FOR_CURRENT_CANONICAL_TASK_UNIVERSE	HIGH	402fafe9e1026838ffd0c2fb15b6b685b3554c15aa07999329a6c073752f71dd	a22f3a83f3cc2563554eb04b71ac8afc1faff44e3a6a594dd265ff04baafa2a6	GPT	B02	가설플랜트 (숏크리트)	댐 > 가설플랜트작업 > 가설플랜트 (숏크리트)	B02
f2aca7a4f6c6e270bce805f18cbf8d4a70af1846e0c82bfc622b9da51d15e443	b1dd52abf778ddf3ca3fab2e816faad1a725afca4c5054076483ad938d3f9c0d	댐	안전가시설작업	작업발판	댐 > 안전가시설작업 > 작업발판	NO_MATCH			NO_MATCH	SOURCE_CONCEPT_IS_NOT_A_TASK_SEMANTIC_FOR_CURRENT_CANONICAL_TASK_UNIVERSE	HIGH	402fafe9e1026838ffd0c2fb15b6b685b3554c15aa07999329a6c073752f71dd	a22f3a83f3cc2563554eb04b71ac8afc1faff44e3a6a594dd265ff04baafa2a6	GPT	B02	작업발판	댐 > 안전가시설작업 > 작업발판	B02
f853175703529e8a6376769178e8eed1a784bd0066388b81d17ad8452fa54605	63704ae21827dc2741e02e1db3e78a833a5b592adc86e6f52065945a6bb822ff	댐	양중기작업	곤도라	댐 > 양중기작업 > 곤도라	NO_MATCH			NO_MATCH	SOURCE_CONCEPT_IS_NOT_A_TASK_SEMANTIC_FOR_CURRENT_CANONICAL_TASK_UNIVERSE	HIGH	402fafe9e1026838ffd0c2fb15b6b685b3554c15aa07999329a6c073752f71dd	a22f3a83f3cc2563554eb04b71ac8afc1faff44e3a6a594dd265ff04baafa2a6	GPT	B02	곤도라	댐 > 양중기작업 > 곤도라	B02
f8ae388364d4fd893bc18eed54870e9ebb47ea431d7c08fb32b4789d738b5c4a	6d8bd4289c45ece3194cc66e14fe721d9c306cfed6a10dda96a8668dab8448ad	댐	기계설비작업	기계설비 설치	댐 > 기계설비작업 > 기계설비 설치	AMBIGUOUS			AMBIGUOUS	GENERIC_MECHANICAL_EQUIPMENT_INSTALLATION_SPANS_MULTIPLE_SPECIFIC_INSTALLATION_TASKS	MEDIUM	402fafe9e1026838ffd0c2fb15b6b685b3554c15aa07999329a6c073752f71dd	a22f3a83f3cc2563554eb04b71ac8afc1faff44e3a6a594dd265ff04baafa2a6	GPT	B02	기계설비 설치	댐 > 기계설비작업 > 기계설비 설치	B02
fa86a632200154180feeff1935e25c742c3444e01c95862f7cbe35692c54d113	a0c1b7a2f500a47401ec43aa9678fb0934863f948acb658efe01df96a19a655c	댐	위험기계기구작업	그라우팅 장비	댐 > 위험기계기구작업 > 그라우팅 장비	NO_MATCH			NO_MATCH	SOURCE_CONCEPT_IS_NOT_A_TASK_SEMANTIC_FOR_CURRENT_CANONICAL_TASK_UNIVERSE	HIGH	402fafe9e1026838ffd0c2fb15b6b685b3554c15aa07999329a6c073752f71dd	a22f3a83f3cc2563554eb04b71ac8afc1faff44e3a6a594dd265ff04baafa2a6	GPT	B02	그라우팅 장비	댐 > 위험기계기구작업 > 그라우팅 장비	B02
fede6786ccc057da8cab7a6f1138caba2859000af1b87f39ae618d95ed6ac47e	edea1aa11b35d92d4ab96af29234e35d2a6a2a49207a223ba11b34c087e659f6	댐	발파작업	발파 암처리	댐 > 발파작업 > 발파 암처리	MAP_EXISTING_CANONICAL	bae014b7-2474-48f7-b5c0-0e9f30a0ff56	발파	POSSIBLE_RELATED	BLASTED_ROCK_HANDLING_IS_RELATED_TO_BLASTING_BUT_IS_NOT_THE_SAME_TASK	MEDIUM	402fafe9e1026838ffd0c2fb15b6b685b3554c15aa07999329a6c073752f71dd	a22f3a83f3cc2563554eb04b71ac8afc1faff44e3a6a594dd265ff04baafa2a6	GPT	B02	발파 암처리	댐 > 발파작업 > 발파 암처리	B02
00625e73d715216b37aa7da7ad8f31df6b27f915e5d8688998af28d7ad14b45a	7d60667ab44630bb92a9adfec7c0ce987d4316ef963edce323675a91d276ae28	빌딩	작업환경	작업환경 (배수)	빌딩 > 작업환경 > 작업환경 (배수)	NO_MATCH			NO_MATCH	SOURCE_CONCEPT_IS_NOT_A_TASK_SEMANTIC_FOR_CURRENT_CANONICAL_TASK_UNIVERSE	HIGH	22214590663745d75223bcaec284c8f28c0339345703958839952331e1817895	a22f3a83f3cc2563554eb04b71ac8afc1faff44e3a6a594dd265ff04baafa2a6	GPT	B03	작업환경 (배수)	빌딩 > 작업환경 > 작업환경 (배수)	B03
01c2215e892308a689bbb981944564eb85ca923f6c44ffb95d879503b1539b95	c4b98bf861ba4d6a4794c5a9b0559fee550f97d0315f6ebacaf06bb58107fa58	빌딩	엘리베이터 설치작업	엘리베이터 가이드레일 설치	빌딩 > 엘리베이터 설치작업 > 엘리베이터 가이드레일 설치	CANONICAL_GAP				VALID_TASK_BUT_NO_SUITABLE_SINGLE_CANONICAL_TASK_IN_FROZEN_REFERENCE	MEDIUM	22214590663745d75223bcaec284c8f28c0339345703958839952331e1817895	a22f3a83f3cc2563554eb04b71ac8afc1faff44e3a6a594dd265ff04baafa2a6	GPT	B03	엘리베이터 가이드레일 설치	빌딩 > 엘리베이터 설치작업 > 엘리베이터 가이드레일 설치	B03
01f9a39a6f5d9e31d727747845c09aa7f046767158d54e2579333d033a46fad1	afde1d03c39b207a680a3fafab73b7bc4d0ca09e8ccde7500d34450df2438e0c	빌딩	그라우팅작업	그라우팅 장비 및 자재반입	빌딩 > 그라우팅작업 > 그라우팅 장비 및 자재반입	CANONICAL_GAP				VALID_TASK_BUT_NO_SUITABLE_SINGLE_CANONICAL_TASK_IN_FROZEN_REFERENCE	MEDIUM	22214590663745d75223bcaec284c8f28c0339345703958839952331e1817895	a22f3a83f3cc2563554eb04b71ac8afc1faff44e3a6a594dd265ff04baafa2a6	GPT	B03	그라우팅 장비 및 자재반입	빌딩 > 그라우팅작업 > 그라우팅 장비 및 자재반입	B03
01fd994bf17429d04239c4f127cf16623631c4de0985dc833c3d3a991aed4af2	08ffc6af8f6f903ddfb9a259065cab8ce35deea3475f2e2be91c86fd62020007	빌딩	거푸집작업	거푸집 동바리 조립	빌딩 > 거푸집작업 > 거푸집 동바리 조립	CANONICAL_GAP				VALID_TASK_BUT_NO_SUITABLE_SINGLE_CANONICAL_TASK_IN_FROZEN_REFERENCE	MEDIUM	22214590663745d75223bcaec284c8f28c0339345703958839952331e1817895	a22f3a83f3cc2563554eb04b71ac8afc1faff44e3a6a594dd265ff04baafa2a6	GPT	B03	거푸집 동바리 조립	빌딩 > 거푸집작업 > 거푸집 동바리 조립	B03
025473b93c2d9a66163c5810d3c306a71cca6224c4ceb011c0e4d623dcb0ad91	da7f0d4923a73926ee6a7665a109e727140d0dfba9a6002c05fc3e9764c07268	빌딩	안전가시설작업	달대비계	빌딩 > 안전가시설작업 > 달대비계	NO_MATCH			NO_MATCH	SOURCE_CONCEPT_IS_NOT_A_TASK_SEMANTIC_FOR_CURRENT_CANONICAL_TASK_UNIVERSE	HIGH	22214590663745d75223bcaec284c8f28c0339345703958839952331e1817895	a22f3a83f3cc2563554eb04b71ac8afc1faff44e3a6a594dd265ff04baafa2a6	GPT	B03	달대비계	빌딩 > 안전가시설작업 > 달대비계	B03
05201f4789e74101f9774fb3732c70de8918ea69fb013906c0a45111bf5f8cbb	540f5bac99a27522818a09d2ac60d538a936564ffde9aa374bd1f5a1abb1ed0c	빌딩	작업환경	작업환경 (환기)	빌딩 > 작업환경 > 작업환경 (환기)	NO_MATCH			NO_MATCH	SOURCE_CONCEPT_IS_NOT_A_TASK_SEMANTIC_FOR_CURRENT_CANONICAL_TASK_UNIVERSE	HIGH	22214590663745d75223bcaec284c8f28c0339345703958839952331e1817895	a22f3a83f3cc2563554eb04b71ac8afc1faff44e3a6a594dd265ff04baafa2a6	GPT	B03	작업환경 (환기)	빌딩 > 작업환경 > 작업환경 (환기)	B03
09039680e7c6ba2cb1f1b0ed768c90452d5451ae002f782f6721eed25bd067da	e95b51f462f3a7d210ff6d259c8bbba36940f769bf5d01f91f1619564c9b4ec9	빌딩	거푸집작업	거푸집 동바리 인양	빌딩 > 거푸집작업 > 거푸집 동바리 인양	CANONICAL_GAP				VALID_TASK_BUT_NO_SUITABLE_SINGLE_CANONICAL_TASK_IN_FROZEN_REFERENCE	MEDIUM	22214590663745d75223bcaec284c8f28c0339345703958839952331e1817895	a22f3a83f3cc2563554eb04b71ac8afc1faff44e3a6a594dd265ff04baafa2a6	GPT	B03	거푸집 동바리 인양	빌딩 > 거푸집작업 > 거푸집 동바리 인양	B03
1063ef10e07889943c0d05f89ed3fa58580585e7469d5b93be8107c901db8afa	1ace5bcd4713cfa6c71f3bf780ec408d5b7fa3bd2c6bd2c1882ff1867212815b	빌딩	위험기계기구작업	이동식 발전기	빌딩 > 위험기계기구작업 > 이동식 발전기	NO_MATCH			NO_MATCH	SOURCE_CONCEPT_IS_NOT_A_TASK_SEMANTIC_FOR_CURRENT_CANONICAL_TASK_UNIVERSE	HIGH	22214590663745d75223bcaec284c8f28c0339345703958839952331e1817895	a22f3a83f3cc2563554eb04b71ac8afc1faff44e3a6a594dd265ff04baafa2a6	GPT	B03	이동식 발전기	빌딩 > 위험기계기구작업 > 이동식 발전기	B03
11ca74d9f308260eb5df68eb593d0eac8e06470d2ac26de6bf4a60d2f89c036f	1f82b7297fd13199847c5a69a8dbe91ed56b7c1e902187126ea6dc572df8d679	빌딩	전기설비작업	전기설비 설치	빌딩 > 전기설비작업 > 전기설비 설치	AMBIGUOUS			AMBIGUOUS	GENERIC_ELECTRICAL_EQUIPMENT_INSTALLATION_DOES_NOT_IDENTIFY_A_SINGLE_CANONICAL_TASK	MEDIUM	22214590663745d75223bcaec284c8f28c0339345703958839952331e1817895	a22f3a83f3cc2563554eb04b71ac8afc1faff44e3a6a594dd265ff04baafa2a6	GPT	B03	전기설비 설치	빌딩 > 전기설비작업 > 전기설비 설치	B03
138f1336edc92e367f91d1342424dc44d7421dc063b373950d68e2529df7cf65	cef2a43ee14b5827ca4f6396013927c1b1f98b0cc81dea94c65bcd1e91ab81d5	빌딩	전기설비작업	전기설비 자재반입	빌딩 > 전기설비작업 > 전기설비 자재반입	CANONICAL_GAP				VALID_TASK_BUT_NO_SUITABLE_SINGLE_CANONICAL_TASK_IN_FROZEN_REFERENCE	MEDIUM	22214590663745d75223bcaec284c8f28c0339345703958839952331e1817895	a22f3a83f3cc2563554eb04b71ac8afc1faff44e3a6a594dd265ff04baafa2a6	GPT	B03	전기설비 자재반입	빌딩 > 전기설비작업 > 전기설비 자재반입	B03
17ccc16574221bc619dd8e4304481f4c2fcee5fbcee129f90bb5a3d86863d952	81447bdc8507ddfe3eba050f52ad8547f8e7a3c92f0f653d5b9be9b7578c3be4	빌딩	맨홀 및 관부설작업	맨홀 및 관부설 굴착	빌딩 > 맨홀 및 관부설작업 > 맨홀 및 관부설 굴착	CANONICAL_GAP				VALID_TASK_BUT_NO_SUITABLE_SINGLE_CANONICAL_TASK_IN_FROZEN_REFERENCE	MEDIUM	22214590663745d75223bcaec284c8f28c0339345703958839952331e1817895	a22f3a83f3cc2563554eb04b71ac8afc1faff44e3a6a594dd265ff04baafa2a6	GPT	B03	맨홀 및 관부설 굴착	빌딩 > 맨홀 및 관부설작업 > 맨홀 및 관부설 굴착	B03
1df8002a18c7d976c4419c28842423c90b3db5730d5912ef265db7e0c5981651	e9caa71556b8def0db63c1f8a96b737e50e2062dfd3c65f167db812fec1754cf	빌딩	전기설비작업	전기설비 배선	빌딩 > 전기설비작업 > 전기설비 배선	CANONICAL_GAP				VALID_TASK_BUT_NO_SUITABLE_SINGLE_CANONICAL_TASK_IN_FROZEN_REFERENCE	MEDIUM	22214590663745d75223bcaec284c8f28c0339345703958839952331e1817895	a22f3a83f3cc2563554eb04b71ac8afc1faff44e3a6a594dd265ff04baafa2a6	GPT	B03	전기설비 배선	빌딩 > 전기설비작업 > 전기설비 배선	B03
1e327a4a4abc0ed445a56ccefbb7188fd910dd4fb2c2dee34b50833abaf6917c	044cd69cac9e0eee8d561010be2296bdbf0163125f3e67ff40eaf8098bb83964	빌딩	철골작업	철골 Deck Plate 설치	빌딩 > 철골작업 > 철골 Deck Plate 설치	MAP_EXISTING_CANONICAL	813be6a8-13c4-4c96-9c90-36bd04348fb5	바닥판깔기	NARROWER_THAN	STEEL_DECK_PLATE_INSTALLATION_IS_A_CONTEXT_SPECIFIC_FORM_OF_CANONICAL_METAL_FLOOR_PLATE_LAYING	HIGH	22214590663745d75223bcaec284c8f28c0339345703958839952331e1817895	a22f3a83f3cc2563554eb04b71ac8afc1faff44e3a6a594dd265ff04baafa2a6	GPT	B03	철골 Deck Plate 설치	빌딩 > 철골작업 > 철골 Deck Plate 설치	B03
1e4344992917660e8ff62dd521c19db8e437a53aeeebbda08afec3a7c496c285	b629276f616d4f721ef1c527b72858d058cbb57859fdb22c07bf3ca39ea05488	빌딩	안전가시설작업	이동식 사다리	빌딩 > 안전가시설작업 > 이동식 사다리	NO_MATCH			NO_MATCH	SOURCE_CONCEPT_IS_NOT_A_TASK_SEMANTIC_FOR_CURRENT_CANONICAL_TASK_UNIVERSE	HIGH	22214590663745d75223bcaec284c8f28c0339345703958839952331e1817895	a22f3a83f3cc2563554eb04b71ac8afc1faff44e3a6a594dd265ff04baafa2a6	GPT	B03	이동식 사다리	빌딩 > 안전가시설작업 > 이동식 사다리	B03
2788e6fdaa63106524ef58bf15df9e0665a3a83d8a02c30038ee3ee678ced288	f111969fbf57d94093f07978fa820b0f607a4f5f9ebd7327196cba281ba415c7	빌딩	도장작업	실내도장	빌딩 > 도장작업 > 실내도장	AMBIGUOUS			AMBIGUOUS	LOCATION_ONLY_PAINTING_LABEL_DOES_NOT_IDENTIFY_A_SINGLE_PAINTING_CANONICAL_TASK	MEDIUM	22214590663745d75223bcaec284c8f28c0339345703958839952331e1817895	a22f3a83f3cc2563554eb04b71ac8afc1faff44e3a6a594dd265ff04baafa2a6	GPT	B03	실내도장	빌딩 > 도장작업 > 실내도장	B03
29ddda019e1088c525c474eeb5dc67d2b724df244fbf15117036c597df73e5cf	2fb6696b3ecd07c993ec45709c0919ce61c8440cc7940b579662d1809a33ec36	빌딩	기계설비작업	기계설비 자재반입	빌딩 > 기계설비작업 > 기계설비 자재반입	CANONICAL_GAP				VALID_TASK_BUT_NO_SUITABLE_SINGLE_CANONICAL_TASK_IN_FROZEN_REFERENCE	MEDIUM	22214590663745d75223bcaec284c8f28c0339345703958839952331e1817895	a22f3a83f3cc2563554eb04b71ac8afc1faff44e3a6a594dd265ff04baafa2a6	GPT	B03	기계설비 자재반입	빌딩 > 기계설비작업 > 기계설비 자재반입	B03
2d56bd385b7e44721af00460e820b78429c318396da6891afc5bfa1249dcb59a	a52efcc258b97140579fa0bffaebada0141ebb6e469b16cd6735eec61f143a02	빌딩	위험기계기구작업	목재가공용 둥급톱	빌딩 > 위험기계기구작업 > 목재가공용 둥급톱	NO_MATCH			NO_MATCH	SOURCE_CONCEPT_IS_NOT_A_TASK_SEMANTIC_FOR_CURRENT_CANONICAL_TASK_UNIVERSE	HIGH	22214590663745d75223bcaec284c8f28c0339345703958839952331e1817895	a22f3a83f3cc2563554eb04b71ac8afc1faff44e3a6a594dd265ff04baafa2a6	GPT	B03	목재가공용 둥급톱	빌딩 > 위험기계기구작업 > 목재가공용 둥급톱	B03
2e497e1ea557d5b3039d90fd94b83ac684c8daff640a5dc14312194c0107d102	70ffac8dcffb8e1b8ab004f6596dda93e798963b82f1742bd37c04a6cf046fc3	빌딩	발파작업	발파 화약고 관리	빌딩 > 발파작업 > 발파 화약고 관리	MAP_EXISTING_CANONICAL	bae014b7-2474-48f7-b5c0-0e9f30a0ff56	발파	POSSIBLE_RELATED	EXPLOSIVES_MAGAZINE_MANAGEMENT_SUPPORTS_BLASTING_BUT_IS_NOT_A_BLASTING_EXECUTION_TASK	MEDIUM	22214590663745d75223bcaec284c8f28c0339345703958839952331e1817895	a22f3a83f3cc2563554eb04b71ac8afc1faff44e3a6a594dd265ff04baafa2a6	GPT	B03	발파 화약고 관리	빌딩 > 발파작업 > 발파 화약고 관리	B03
3152576d6cb77a71a49cd9e224d005a2f3585321375e9ad0513339dfe3042b12	e00b161f7e4f267073b0896af31ec117beea9c6aeb9d44224acac6d5eb9a63b9	빌딩	안전가시설작업	굴착선단부	빌딩 > 안전가시설작업 > 굴착선단부	NO_MATCH			NO_MATCH	SOURCE_CONCEPT_IS_NOT_A_TASK_SEMANTIC_FOR_CURRENT_CANONICAL_TASK_UNIVERSE	HIGH	22214590663745d75223bcaec284c8f28c0339345703958839952331e1817895	a22f3a83f3cc2563554eb04b71ac8afc1faff44e3a6a594dd265ff04baafa2a6	GPT	B03	굴착선단부	빌딩 > 안전가시설작업 > 굴착선단부	B03
32edc659dbd410d940553dd376722d665aa2708fd5604f0defe6f08b3b939224	7fd3740000a9057803956d0a99397cbd1f2b2a487caa1b7db03e343012c3f6a0	빌딩	부대토목작업	부대토목 구내포장	빌딩 > 부대토목작업 > 부대토목 구내포장	AMBIGUOUS			AMBIGUOUS	GENERIC_SITE_PAVING_DOES_NOT_IDENTIFY_MATERIAL_OR_PAVING_METHOD	MEDIUM	22214590663745d75223bcaec284c8f28c0339345703958839952331e1817895	a22f3a83f3cc2563554eb04b71ac8afc1faff44e3a6a594dd265ff04baafa2a6	GPT	B03	부대토목 구내포장	빌딩 > 부대토목작업 > 부대토목 구내포장	B03
349b683ffc4626dee10fedf18cefc16501a641697a408bbd7934d236bba0923b	445c759f7f43ba2c694678f0514e0baa4c4119bee2a9ff5ff362aa81845b92f2	빌딩	안전가시설작업	경사지붕	빌딩 > 안전가시설작업 > 경사지붕	NO_MATCH			NO_MATCH	SOURCE_CONCEPT_IS_NOT_A_TASK_SEMANTIC_FOR_CURRENT_CANONICAL_TASK_UNIVERSE	HIGH	22214590663745d75223bcaec284c8f28c0339345703958839952331e1817895	a22f3a83f3cc2563554eb04b71ac8afc1faff44e3a6a594dd265ff04baafa2a6	GPT	B03	경사지붕	빌딩 > 안전가시설작업 > 경사지붕	B03
37715e873b975e5817d262e9e7b17bb32e1787e4deef809002daf2ea45930a12	54899044adf4059bdf3750ca6a569593202a93aad4687dd50556d01da38d6cb0	빌딩	기초파일작업	기초파일 천공	빌딩 > 기초파일작업 > 기초파일 천공	CANONICAL_GAP				VALID_TASK_BUT_NO_SUITABLE_SINGLE_CANONICAL_TASK_IN_FROZEN_REFERENCE	MEDIUM	22214590663745d75223bcaec284c8f28c0339345703958839952331e1817895	a22f3a83f3cc2563554eb04b71ac8afc1faff44e3a6a594dd265ff04baafa2a6	GPT	B03	기초파일 천공	빌딩 > 기초파일작업 > 기초파일 천공	B03
387497a94338107be527c16644542057866c6e5983b3335280c609ad114ad9c5	43092bae16ae67b732779e0e21173346f90260a141d7435dc92e119fca13c915	빌딩	전기설비작업	전기 특고압선로	빌딩 > 전기설비작업 > 전기 특고압선로	NO_MATCH			NO_MATCH	SOURCE_CONCEPT_IS_NOT_A_TASK_SEMANTIC_FOR_CURRENT_CANONICAL_TASK_UNIVERSE	HIGH	22214590663745d75223bcaec284c8f28c0339345703958839952331e1817895	a22f3a83f3cc2563554eb04b71ac8afc1faff44e3a6a594dd265ff04baafa2a6	GPT	B03	전기 특고압선로	빌딩 > 전기설비작업 > 전기 특고압선로	B03
3d1d7600bc3258b7359068a2341597211dd491948f79c949b103954b90d38ef7	5fb5fea53b1173cc06b632a7f1170b23c709d83f53a6856eb72213cdbf57a998	빌딩	작업환경	작업환경 (조명)	빌딩 > 작업환경 > 작업환경 (조명)	NO_MATCH			NO_MATCH	SOURCE_CONCEPT_IS_NOT_A_TASK_SEMANTIC_FOR_CURRENT_CANONICAL_TASK_UNIVERSE	HIGH	22214590663745d75223bcaec284c8f28c0339345703958839952331e1817895	a22f3a83f3cc2563554eb04b71ac8afc1faff44e3a6a594dd265ff04baafa2a6	GPT	B03	작업환경 (조명)	빌딩 > 작업환경 > 작업환경 (조명)	B03
42a4888eb80e0ba2861ba18797a6772ee053365a55c1a5afb5ff7bb532580d0f	7efc915d5a83fd9a932fef678784a410008457f2e355f3c249e90f18393b1faf	빌딩	조경작업	조경부지정리	빌딩 > 조경작업 > 조경부지정리	MAP_EXISTING_CANONICAL	5bb130b1-f1ab-4cdb-86d8-9b0985bf9a81	일반부지정지	NARROWER_THAN	LANDSCAPE_SITE_PREPARATION_IS_A_CONTEXT_SPECIFIC_FORM_OF_GENERAL_SITE_GRADING	MEDIUM	22214590663745d75223bcaec284c8f28c0339345703958839952331e1817895	a22f3a83f3cc2563554eb04b71ac8afc1faff44e3a6a594dd265ff04baafa2a6	GPT	B03	조경부지정리	빌딩 > 조경작업 > 조경부지정리	B03
46410587dddab915aee33fa672061e55a436deb603822847ba78f48178b7861f	f9e364e5d200df306ba374afc3c060a3a65c8c963eb440e2270ca3f32591b09b	빌딩	철근작업	철근가공 및 운반	빌딩 > 철근작업 > 철근가공 및 운반	MAP_EXISTING_CANONICAL	be965f09-464b-4d53-9be4-d72f44d3d1ee	철근가공및조립	POSSIBLE_RELATED	SOURCE_AND_CANONICAL_SHARE_REBAR_PROCESSING_BUT_DIFFER_ON_TRANSPORT_VERSUS_ASSEMBLY_COMPONENT	MEDIUM	22214590663745d75223bcaec284c8f28c0339345703958839952331e1817895	a22f3a83f3cc2563554eb04b71ac8afc1faff44e3a6a594dd265ff04baafa2a6	GPT	B03	철근가공 및 운반	빌딩 > 철근작업 > 철근가공 및 운반	B03
4a8a7149fae60f0d5f83d87e81effd063f169c1386570f0e11ded9a1a2b8888c	9f9077c91bcde34a29c7c35c73408188aa5b7b099106287f6a80c9f60128677d	빌딩	부대토목작업	부대토목 옹벽시공	빌딩 > 부대토목작업 > 부대토목 옹벽시공	CANONICAL_GAP				VALID_TASK_BUT_NO_SUITABLE_SINGLE_CANONICAL_TASK_IN_FROZEN_REFERENCE	MEDIUM	22214590663745d75223bcaec284c8f28c0339345703958839952331e1817895	a22f3a83f3cc2563554eb04b71ac8afc1faff44e3a6a594dd265ff04baafa2a6	GPT	B03	부대토목 옹벽시공	빌딩 > 부대토목작업 > 부대토목 옹벽시공	B03
4c5af57f612549c791a31d291e7fa3f90ac0fd1eade9a2e6d3af6c46aca51a62	b0b41a0e5d65bb105ed02d089cd2dcb263a56e9deb403b7ab7d93fa2a3264ad4	빌딩	안전가시설작업	달비계	빌딩 > 안전가시설작업 > 달비계	NO_MATCH			NO_MATCH	SOURCE_CONCEPT_IS_NOT_A_TASK_SEMANTIC_FOR_CURRENT_CANONICAL_TASK_UNIVERSE	HIGH	22214590663745d75223bcaec284c8f28c0339345703958839952331e1817895	a22f3a83f3cc2563554eb04b71ac8afc1faff44e3a6a594dd265ff04baafa2a6	GPT	B03	달비계	빌딩 > 안전가시설작업 > 달비계	B03
4efdb6dec7b0de326a31d915f1a14ef0f79098686daddcd8e9391d2fb8f898da	a294df26da424643dc84d475bf8f4c2206c88b306011ba0f722fc03f3493a2b4	빌딩	흙막이지보공작업	흙막이지보공 자재반입	빌딩 > 흙막이지보공작업 > 흙막이지보공 자재반입	CANONICAL_GAP				VALID_TASK_BUT_NO_SUITABLE_SINGLE_CANONICAL_TASK_IN_FROZEN_REFERENCE	MEDIUM	22214590663745d75223bcaec284c8f28c0339345703958839952331e1817895	a22f3a83f3cc2563554eb04b71ac8afc1faff44e3a6a594dd265ff04baafa2a6	GPT	B03	흙막이지보공 자재반입	빌딩 > 흙막이지보공작업 > 흙막이지보공 자재반입	B03
4fab44c23b94677a142c5ce087e86f019d7edb77377366642329004538b7a75e	2b67ccd0fb6da13ba4783952c552bf2c388da55aecf978439890deacabcbb0f7	빌딩	수장작업	수장 자재반입	빌딩 > 수장작업 > 수장 자재반입	CANONICAL_GAP				VALID_TASK_BUT_NO_SUITABLE_SINGLE_CANONICAL_TASK_IN_FROZEN_REFERENCE	MEDIUM	22214590663745d75223bcaec284c8f28c0339345703958839952331e1817895	a22f3a83f3cc2563554eb04b71ac8afc1faff44e3a6a594dd265ff04baafa2a6	GPT	B03	수장 자재반입	빌딩 > 수장작업 > 수장 자재반입	B03
542f607fca91c627e173bfce0091c707d937495711b64dfd577fdc0bc2fdf332	124c4b8606a9c6f4da6f32369564062d831a879aafc100287615055491399cd7	빌딩	작업환경	작업환경 (분진)	빌딩 > 작업환경 > 작업환경 (분진)	NO_MATCH			NO_MATCH	SOURCE_CONCEPT_IS_NOT_A_TASK_SEMANTIC_FOR_CURRENT_CANONICAL_TASK_UNIVERSE	HIGH	22214590663745d75223bcaec284c8f28c0339345703958839952331e1817895	a22f3a83f3cc2563554eb04b71ac8afc1faff44e3a6a594dd265ff04baafa2a6	GPT	B03	작업환경 (분진)	빌딩 > 작업환경 > 작업환경 (분진)	B03
55ec804f1f9b2715050e12fe49c78aabf82f41a94602cd42cb0d873e01d08dc2	0f914af5b13d89ed79842b0530cce3b041aa855f524964f4f95da19713cbcad0	빌딩	거푸집작업	거푸집 동바리 해체	빌딩 > 거푸집작업 > 거푸집 동바리 해체	CANONICAL_GAP				VALID_TASK_BUT_NO_SUITABLE_SINGLE_CANONICAL_TASK_IN_FROZEN_REFERENCE	MEDIUM	22214590663745d75223bcaec284c8f28c0339345703958839952331e1817895	a22f3a83f3cc2563554eb04b71ac8afc1faff44e3a6a594dd265ff04baafa2a6	GPT	B03	거푸집 동바리 해체	빌딩 > 거푸집작업 > 거푸집 동바리 해체	B03
59980c404265acea7ad9e655dad49ca1c49a9408c4a66b1643f45ae65c546cb0	d36bed370f6fdf32a02b7383ebfc94c06fb1e96a4befe2efd21c6582743017f3	빌딩	수장작업	수장시공(석고보드	빌딩 > 수장작업 > 수장시공(석고보드	AMBIGUOUS			AMBIGUOUS	GYPSUM_BOARD_SOURCE_IS_INCOMPLETE_AND_DOES_NOT_DISTINGUISH_WALL_FROM_CEILING_INSTALLATION	MEDIUM	22214590663745d75223bcaec284c8f28c0339345703958839952331e1817895	a22f3a83f3cc2563554eb04b71ac8afc1faff44e3a6a594dd265ff04baafa2a6	GPT	B03	수장시공(석고보드	빌딩 > 수장작업 > 수장시공(석고보드	B03
59ceb5841d2542cdcb54f401348d63f9dd16f73265bbbd7a56391ccae295b794	15e2fa0f400a8cc72d760d6ea384b39f1d1e045ec3b5e17cf6a7bb62f664e95f	빌딩	되메움작업	토사반입 및 되메움 실시	빌딩 > 되메움작업 > 토사반입 및 되메움 실시	CANONICAL_GAP				VALID_TASK_BUT_NO_SUITABLE_SINGLE_CANONICAL_TASK_IN_FROZEN_REFERENCE	MEDIUM	22214590663745d75223bcaec284c8f28c0339345703958839952331e1817895	a22f3a83f3cc2563554eb04b71ac8afc1faff44e3a6a594dd265ff04baafa2a6	GPT	B03	토사반입 및 되메움 실시	빌딩 > 되메움작업 > 토사반입 및 되메움 실시	B03
5bd33cb6b0f11e74c5ab18d2f0c4bb04fd956773bed667b8d94490d368e00674	c07699a02282e60619084ad295f1a4eb2bf0e5042f5d45aa2af473f525565d51	빌딩	안전가시설작업	가설 경사로	빌딩 > 안전가시설작업 > 가설 경사로	NO_MATCH			NO_MATCH	SOURCE_CONCEPT_IS_NOT_A_TASK_SEMANTIC_FOR_CURRENT_CANONICAL_TASK_UNIVERSE	HIGH	22214590663745d75223bcaec284c8f28c0339345703958839952331e1817895	a22f3a83f3cc2563554eb04b71ac8afc1faff44e3a6a594dd265ff04baafa2a6	GPT	B03	가설 경사로	빌딩 > 안전가시설작업 > 가설 경사로	B03
5eb751b3c9679b11e2d671381f93512b58ac49f0fb3f33fdee208c679ac1dfc5	dec6962dcc78af7d9a88e0cac150d60a8f74a79ba8b1efb5b5040127f4b076ee	빌딩	엘리베이터 설치작업	엘리베이터 기계설치	빌딩 > 엘리베이터 설치작업 > 엘리베이터 기계설치	CANONICAL_GAP				VALID_TASK_BUT_NO_SUITABLE_SINGLE_CANONICAL_TASK_IN_FROZEN_REFERENCE	MEDIUM	22214590663745d75223bcaec284c8f28c0339345703958839952331e1817895	a22f3a83f3cc2563554eb04b71ac8afc1faff44e3a6a594dd265ff04baafa2a6	GPT	B03	엘리베이터 기계설치	빌딩 > 엘리베이터 설치작업 > 엘리베이터 기계설치	B03
607f831fc6699fa806d09cb346cd0ebee5f12b2a4e8adc3e8953398c9ede46ef	3ea97b59aeb58b392d05259ef4897f0fe190714fba478f82894811eb0705e64d	빌딩	방수작업	방수 면처리	빌딩 > 방수작업 > 방수 면처리	CANONICAL_GAP				VALID_TASK_BUT_NO_SUITABLE_SINGLE_CANONICAL_TASK_IN_FROZEN_REFERENCE	MEDIUM	22214590663745d75223bcaec284c8f28c0339345703958839952331e1817895	a22f3a83f3cc2563554eb04b71ac8afc1faff44e3a6a594dd265ff04baafa2a6	GPT	B03	방수 면처리	빌딩 > 방수작업 > 방수 면처리	B03
6244f24b080eedc78f7b1394be533fdbb6d1b78a22ac8abc1d4671ee4f5ba149	4482536e5dfc1af60e1c3b73e2a34cff839b0912dc319265c8b4e6ad9e2a2a1e	빌딩	안전가시설작업	리프트승강부 출입문	빌딩 > 안전가시설작업 > 리프트승강부 출입문	NO_MATCH			NO_MATCH	SOURCE_CONCEPT_IS_NOT_A_TASK_SEMANTIC_FOR_CURRENT_CANONICAL_TASK_UNIVERSE	HIGH	22214590663745d75223bcaec284c8f28c0339345703958839952331e1817895	a22f3a83f3cc2563554eb04b71ac8afc1faff44e3a6a594dd265ff04baafa2a6	GPT	B03	리프트승강부 출입문	빌딩 > 안전가시설작업 > 리프트승강부 출입문	B03
63b0eb710e1184860c6ab5e2652c450657a15192bba4b1c3c8b0e19a4d1fdedb	c8b7f0b3475ab1614bf4af66e468bca51f07fcb7f2e3a6969213795f4470056c	빌딩	양중기작업	특수 작업대	빌딩 > 양중기작업 > 특수 작업대	NO_MATCH			NO_MATCH	SOURCE_CONCEPT_IS_NOT_A_TASK_SEMANTIC_FOR_CURRENT_CANONICAL_TASK_UNIVERSE	HIGH	22214590663745d75223bcaec284c8f28c0339345703958839952331e1817895	a22f3a83f3cc2563554eb04b71ac8afc1faff44e3a6a594dd265ff04baafa2a6	GPT	B03	특수 작업대	빌딩 > 양중기작업 > 특수 작업대	B03
67878528bb9d87fd9280ff77845b26726ac4dec508dab4b1617e62de3918579c	457270c99c0529ab3b4ae102cf88edbc2f2e49018d66d554434a0a11268ca041	빌딩	창호 및 유리작업	창호 및 유리 설치	빌딩 > 창호 및 유리작업 > 창호 및 유리 설치	AMBIGUOUS			AMBIGUOUS	COMPOSITE_WINDOW_AND_GLASS_INSTALLATION_DOES_NOT_IDENTIFY_A_SINGLE_CANONICAL_TASK	MEDIUM	22214590663745d75223bcaec284c8f28c0339345703958839952331e1817895	a22f3a83f3cc2563554eb04b71ac8afc1faff44e3a6a594dd265ff04baafa2a6	GPT	B03	창호 및 유리 설치	빌딩 > 창호 및 유리작업 > 창호 및 유리 설치	B03
6a746fa3f9805b9d7224c38595932b0e6dfd28196466be4fff18d9eee0744028	30a8d460acac6328c2e22da98c5b8078e0db0483f687ac79ba5a4a6c986edec7	빌딩	지장물조사 및 이설작업	지장물 보호	빌딩 > 지장물조사 및 이설작업 > 지장물 보호	AMBIGUOUS			AMBIGUOUS	GENERIC_UTILITY_PROTECTION_SPANS_MULTIPLE_UTILITY_PROTECTION_INTERPRETATIONS	MEDIUM	22214590663745d75223bcaec284c8f28c0339345703958839952331e1817895	a22f3a83f3cc2563554eb04b71ac8afc1faff44e3a6a594dd265ff04baafa2a6	GPT	B03	지장물 보호	빌딩 > 지장물조사 및 이설작업 > 지장물 보호	B03
6b2f2394f0f835173decbc2b9101bb69cad14104dc5647ceea800643359572f4	e91b31abec319ef7f8c06a7582968654f9b350ae4b50f5d098d103608cc06db0	빌딩	되메움작업	되메움 토사 다짐	빌딩 > 되메움작업 > 되메움 토사 다짐	CANONICAL_GAP				VALID_TASK_BUT_NO_SUITABLE_SINGLE_CANONICAL_TASK_IN_FROZEN_REFERENCE	MEDIUM	22214590663745d75223bcaec284c8f28c0339345703958839952331e1817895	a22f3a83f3cc2563554eb04b71ac8afc1faff44e3a6a594dd265ff04baafa2a6	GPT	B03	되메움 토사 다짐	빌딩 > 되메움작업 > 되메움 토사 다짐	B03
6cf23b914e6331ecc4308be3490e1f441f4736b0bd641310a950f29ebcf6c5cb	f84b015f7fe29a75b20cb0e1a3fc444b1ae35ad05bccaf64eecba25aebd1b9f3	빌딩	위험기계기구작업	연삭기	빌딩 > 위험기계기구작업 > 연삭기	NO_MATCH			NO_MATCH	SOURCE_CONCEPT_IS_NOT_A_TASK_SEMANTIC_FOR_CURRENT_CANONICAL_TASK_UNIVERSE	HIGH	22214590663745d75223bcaec284c8f28c0339345703958839952331e1817895	a22f3a83f3cc2563554eb04b71ac8afc1faff44e3a6a594dd265ff04baafa2a6	GPT	B03	연삭기	빌딩 > 위험기계기구작업 > 연삭기	B03
6df3ddc9190664dfaa58c54b3162ad27bfb351f39b48788110debdb81e329c27	a3c2d03e8f4c15994ceaed38e61a543f38cc894c1972ddb987353448be784383	빌딩	기초파일작업	기초파일 자재·장비반입	빌딩 > 기초파일작업 > 기초파일 자재·장비반입	CANONICAL_GAP				VALID_TASK_BUT_NO_SUITABLE_SINGLE_CANONICAL_TASK_IN_FROZEN_REFERENCE	MEDIUM	22214590663745d75223bcaec284c8f28c0339345703958839952331e1817895	a22f3a83f3cc2563554eb04b71ac8afc1faff44e3a6a594dd265ff04baafa2a6	GPT	B03	기초파일 자재 장비반입	빌딩 > 기초파일작업 > 기초파일 자재 장비반입	B03
70be0f6d68c50e493b8c7e2b9c6247504570f9a409504b82322e57959d57f5c0	ce68c1d84cb548f46f0db48d63e3c9d1ddd0311f68eed8e815d5660cfa6635a9	빌딩	흙막이지보공작업	흙막이지보공 자재반출	빌딩 > 흙막이지보공작업 > 흙막이지보공 자재반출	CANONICAL_GAP				VALID_TASK_BUT_NO_SUITABLE_SINGLE_CANONICAL_TASK_IN_FROZEN_REFERENCE	MEDIUM	22214590663745d75223bcaec284c8f28c0339345703958839952331e1817895	a22f3a83f3cc2563554eb04b71ac8afc1faff44e3a6a594dd265ff04baafa2a6	GPT	B03	흙막이지보공 자재반출	빌딩 > 흙막이지보공작업 > 흙막이지보공 자재반출	B03
7116e99bfeb3ade6dd7e082d243dc9ab5a830786f26510d9db25cb85875a9554	322c75bb0ae22db5df5bcb5cb0a5fe33acb69ae55b722e8c80dadf78d8e60b30	빌딩	콘크리트작업	콘크리트 반입	빌딩 > 콘크리트작업 > 콘크리트 반입	CANONICAL_GAP				VALID_TASK_BUT_NO_SUITABLE_SINGLE_CANONICAL_TASK_IN_FROZEN_REFERENCE	MEDIUM	22214590663745d75223bcaec284c8f28c0339345703958839952331e1817895	a22f3a83f3cc2563554eb04b71ac8afc1faff44e3a6a594dd265ff04baafa2a6	GPT	B03	콘크리트 반입	빌딩 > 콘크리트작업 > 콘크리트 반입	B03
71c890f18dc42148ab1641ae19930a7db5daff1c41583ea8419eb517e49aec27	42d292a945dac92493a21b90d356b24cc2e748b9429e1a022627e348857d5e16	빌딩	굴착작업	굴착 장비반입	빌딩 > 굴착작업 > 굴착 장비반입	CANONICAL_GAP				VALID_TASK_BUT_NO_SUITABLE_SINGLE_CANONICAL_TASK_IN_FROZEN_REFERENCE	MEDIUM	22214590663745d75223bcaec284c8f28c0339345703958839952331e1817895	a22f3a83f3cc2563554eb04b71ac8afc1faff44e3a6a594dd265ff04baafa2a6	GPT	B03	굴착 장비반입	빌딩 > 굴착작업 > 굴착 장비반입	B03
7b660ef84abc01b3131b7e85f9db671a0504fa31a8fc1456bfd32681748d6303	3449d51406695c376a6d6b58b955ce797fe3d587ece4cd85e9c0069e0f3d6bb6	빌딩	양중기작업	이동식 크레인	빌딩 > 양중기작업 > 이동식 크레인	NO_MATCH			NO_MATCH	SOURCE_CONCEPT_IS_NOT_A_TASK_SEMANTIC_FOR_CURRENT_CANONICAL_TASK_UNIVERSE	HIGH	22214590663745d75223bcaec284c8f28c0339345703958839952331e1817895	a22f3a83f3cc2563554eb04b71ac8afc1faff44e3a6a594dd265ff04baafa2a6	GPT	B03	이동식 크레인	빌딩 > 양중기작업 > 이동식 크레인	B03
80860cbc41c55cd3d097919a19953c69a8f0d1391ea395f8b41862810ab75572	b23825a05a5dfc9402c0ac1c4108f2d34ea7bc9176b9ed18a4488df9456b1d43	빌딩	안전가시설작업	작업발판	빌딩 > 안전가시설작업 > 작업발판	NO_MATCH			NO_MATCH	SOURCE_CONCEPT_IS_NOT_A_TASK_SEMANTIC_FOR_CURRENT_CANONICAL_TASK_UNIVERSE	HIGH	22214590663745d75223bcaec284c8f28c0339345703958839952331e1817895	a22f3a83f3cc2563554eb04b71ac8afc1faff44e3a6a594dd265ff04baafa2a6	GPT	B03	작업발판	빌딩 > 안전가시설작업 > 작업발판	B03
8099e6d618400e2cdb92a7b637db1c4863d2399030c6f2e73570e0af72e81de9	fbea6462a5a2ca60052e24d3b4fed9cf0e1a23e68f24ade0aaf570895ff2161c	빌딩	위험기계기구작업	철근절단기 및 절곡기	빌딩 > 위험기계기구작업 > 철근절단기 및 절곡기	NO_MATCH			NO_MATCH	SOURCE_CONCEPT_IS_NOT_A_TASK_SEMANTIC_FOR_CURRENT_CANONICAL_TASK_UNIVERSE	HIGH	22214590663745d75223bcaec284c8f28c0339345703958839952331e1817895	a22f3a83f3cc2563554eb04b71ac8afc1faff44e3a6a594dd265ff04baafa2a6	GPT	B03	철근절단기 및 절곡기	빌딩 > 위험기계기구작업 > 철근절단기 및 절곡기	B03
8133e05ba895ebd8af67d2ee04ac3a0bda80a8de64ec88dabbb7f0dfbf8baf62	eeea4ec77d269a7a02a83b6c2467a2108c3b45d98d2e79553d39ae11a921ed13	빌딩	기초파일작업	기초 파일항타	빌딩 > 기초파일작업 > 기초 파일항타	CANONICAL_GAP				VALID_TASK_BUT_NO_SUITABLE_SINGLE_CANONICAL_TASK_IN_FROZEN_REFERENCE	MEDIUM	22214590663745d75223bcaec284c8f28c0339345703958839952331e1817895	a22f3a83f3cc2563554eb04b71ac8afc1faff44e3a6a594dd265ff04baafa2a6	GPT	B03	기초 파일항타	빌딩 > 기초파일작업 > 기초 파일항타	B03
8276ef455f4d207fdec7c15e4eaf42367f9e7a160df0cc5f23bc5af4633774f1	4111216b25c72b30f66021e3293e45aa37a8ef71272a8fa2e2092394f2bb44dd	빌딩	그라우팅작업	그라우팅 천공 및 시공	빌딩 > 그라우팅작업 > 그라우팅 천공 및 시공	MAP_EXISTING_CANONICAL	0ca62c6e-768e-4f68-8198-9abed44589b1	그라우팅천공	POSSIBLE_RELATED	COMPOSITE_SOURCE_INCLUDES_GROUTING_DRILLING_BUT_ALSO_INCLUDES_ADDITIONAL_GROUTING_EXECUTION	MEDIUM	22214590663745d75223bcaec284c8f28c0339345703958839952331e1817895	a22f3a83f3cc2563554eb04b71ac8afc1faff44e3a6a594dd265ff04baafa2a6	GPT	B03	그라우팅 천공 및 시공	빌딩 > 그라우팅작업 > 그라우팅 천공 및 시공	B03
84210d4458c35a6ccd73b912aac9934252cedf47e4a393d898a791fac32a4ed2	6a8a0838d39ea35fec218518045c6450f4e323306af6bdc142eff976ce3e043d	빌딩	석재 및 타일작업	석재 및 타일 붙임	빌딩 > 석재 및 타일작업 > 석재 및 타일 붙임	AMBIGUOUS			AMBIGUOUS	GENERIC_STONE_AND_TILE_ADHESION_SPANS_MULTIPLE_MATERIAL_AND_SURFACE_SPECIFIC_CANONICAL_TASKS	MEDIUM	22214590663745d75223bcaec284c8f28c0339345703958839952331e1817895	a22f3a83f3cc2563554eb04b71ac8afc1faff44e3a6a594dd265ff04baafa2a6	GPT	B03	석재 및 타일 붙임	빌딩 > 석재 및 타일작업 > 석재 및 타일 붙임	B03
8430b6b773932703c359a818f2428b21d2daf3e7fc13d3dfcf3261b4a11f6a0b	ec5612b5ee2b71c4a0df3bb9182ce0bae57cef7accc142c48e08bca49f3b48f1	빌딩	조경작업	조경시공 및 설치	빌딩 > 조경작업 > 조경시공 및 설치	AMBIGUOUS			AMBIGUOUS	BROAD_COMPOSITE_LANDSCAPE_CONSTRUCTION_LABEL_DOES_NOT_IDENTIFY_A_SINGLE_CANONICAL_TASK	MEDIUM	22214590663745d75223bcaec284c8f28c0339345703958839952331e1817895	a22f3a83f3cc2563554eb04b71ac8afc1faff44e3a6a594dd265ff04baafa2a6	GPT	B03	조경시공 및 설치	빌딩 > 조경작업 > 조경시공 및 설치	B03
87697823f0856f59534d8008d95a265875ec853c8a09e3cec69cb0b1704cefcb	cada1cd7f6d0fe613d9951e45554a562f9f50c2c4098f74140c358529138d317	빌딩	안전가시설작업	가설통로 또는 가설계단	빌딩 > 안전가시설작업 > 가설통로 또는 가설계단	NO_MATCH			NO_MATCH	SOURCE_CONCEPT_IS_NOT_A_TASK_SEMANTIC_FOR_CURRENT_CANONICAL_TASK_UNIVERSE	HIGH	22214590663745d75223bcaec284c8f28c0339345703958839952331e1817895	a22f3a83f3cc2563554eb04b71ac8afc1faff44e3a6a594dd265ff04baafa2a6	GPT	B03	가설통로 또는 가설계단	빌딩 > 안전가시설작업 > 가설통로 또는 가설계단	B03
88731c94e710d56ba396fdb1e3ad278424e667be5536bb68c1b0f2ece8959f50	99e019d368c50220d70cf8e1160fbab71490d47e806bfa989e48b1023ac6af86	빌딩	금속 및 잡철물작업	금속 및 잡철물 시공	빌딩 > 금속 및 잡철물작업 > 금속 및 잡철물 시공	AMBIGUOUS			AMBIGUOUS	BROAD_METAL_AND_MISCELLANEOUS_STEEL_WORK_DOES_NOT_IDENTIFY_A_SINGLE_CANONICAL_TASK	MEDIUM	22214590663745d75223bcaec284c8f28c0339345703958839952331e1817895	a22f3a83f3cc2563554eb04b71ac8afc1faff44e3a6a594dd265ff04baafa2a6	GPT	B03	금속 및 잡철물 시공	빌딩 > 금속 및 잡철물작업 > 금속 및 잡철물 시공	B03
893833e7c50a3da5d1e8b04cceffde3f4d405d9d3fbf0b667403911f91b6b5cf	73c02722f5c8e28a32ea5b5ae1430347d930317b21669ab89f7881ce63c406f2	빌딩	양중기작업	리프트	빌딩 > 양중기작업 > 리프트	NO_MATCH			NO_MATCH	SOURCE_CONCEPT_IS_NOT_A_TASK_SEMANTIC_FOR_CURRENT_CANONICAL_TASK_UNIVERSE	HIGH	22214590663745d75223bcaec284c8f28c0339345703958839952331e1817895	a22f3a83f3cc2563554eb04b71ac8afc1faff44e3a6a594dd265ff04baafa2a6	GPT	B03	리프트	빌딩 > 양중기작업 > 리프트	B03
898cbb55a4d1ba8bd6f502149d76a4c090727e9db31aa3f9c5222df266142a66	d3c4b64dc019c432fb35495006d0ed8716e01d87f149bf12c811e634de299f0e	빌딩	철골작업	철골 부재반입	빌딩 > 철골작업 > 철골 부재반입	CANONICAL_GAP				VALID_TASK_BUT_NO_SUITABLE_SINGLE_CANONICAL_TASK_IN_FROZEN_REFERENCE	MEDIUM	22214590663745d75223bcaec284c8f28c0339345703958839952331e1817895	a22f3a83f3cc2563554eb04b71ac8afc1faff44e3a6a594dd265ff04baafa2a6	GPT	B03	철골 부재반입	빌딩 > 철골작업 > 철골 부재반입	B03
8a34c8052706e255b91a7df2ad3abf3a1daf500df29f2c8435c6f1665d781ce7	af53170a57d62b569f5ce8d38ad0e0aa058b032bf7855cc5e865a4c83b561372	빌딩	금속 및 잡철물작업	금속 및 잡철물 자재반입	빌딩 > 금속 및 잡철물작업 > 금속 및 잡철물 자재반입	CANONICAL_GAP				VALID_TASK_BUT_NO_SUITABLE_SINGLE_CANONICAL_TASK_IN_FROZEN_REFERENCE	MEDIUM	22214590663745d75223bcaec284c8f28c0339345703958839952331e1817895	a22f3a83f3cc2563554eb04b71ac8afc1faff44e3a6a594dd265ff04baafa2a6	GPT	B03	금속 및 잡철물 자재반입	빌딩 > 금속 및 잡철물작업 > 금속 및 잡철물 자재반입	B03
8a4cad9e322e978697d142a1c5b61c22d74ee04c3a602aa21353607061d314ba	073fe39243dc26126e077c5e3a9d7e9b22721ba1252e08b81e97df17a9b56498	빌딩	안전가시설작업	방호선반	빌딩 > 안전가시설작업 > 방호선반	NO_MATCH			NO_MATCH	SOURCE_CONCEPT_IS_NOT_A_TASK_SEMANTIC_FOR_CURRENT_CANONICAL_TASK_UNIVERSE	HIGH	22214590663745d75223bcaec284c8f28c0339345703958839952331e1817895	a22f3a83f3cc2563554eb04b71ac8afc1faff44e3a6a594dd265ff04baafa2a6	GPT	B03	방호선반	빌딩 > 안전가시설작업 > 방호선반	B03
92f6ddc96097a49775d70841c46a48269d964c3740c2d54d5e88eda8d4b9bf96	8167d0552e3fe6125d19227d0dee39fd50b236a1741d3a841d52c5e3dfae7df1	빌딩	콘크리트작업	콘크리트타설	빌딩 > 콘크리트작업 > 콘크리트타설	AMBIGUOUS			AMBIGUOUS	GENERIC_CONCRETE_PLACEMENT_DOES_NOT_DISTINGUISH_AMONG_MULTIPLE_CONCRETE_PLACEMENT_CANONICAL_TASKS	HIGH	22214590663745d75223bcaec284c8f28c0339345703958839952331e1817895	a22f3a83f3cc2563554eb04b71ac8afc1faff44e3a6a594dd265ff04baafa2a6	GPT	B03	콘크리트타설	빌딩 > 콘크리트작업 > 콘크리트타설	B03
93fce0c54d85e5377e9bffdc7990bae8d34758caa10c3ec0ca92f252724084e1	87817b191eba6709da65c0ca08adef5884dfc47a35cdda85584ad945996d88ba	빌딩	기초파일작업	기초파일 두부정리	빌딩 > 기초파일작업 > 기초파일 두부정리	CANONICAL_GAP				VALID_TASK_BUT_NO_SUITABLE_SINGLE_CANONICAL_TASK_IN_FROZEN_REFERENCE	MEDIUM	22214590663745d75223bcaec284c8f28c0339345703958839952331e1817895	a22f3a83f3cc2563554eb04b71ac8afc1faff44e3a6a594dd265ff04baafa2a6	GPT	B03	기초파일 두부정리	빌딩 > 기초파일작업 > 기초파일 두부정리	B03
94ae6717d72f775c4d0e7bc5d87c4710d251589803b0c2f50b2a2b49491e3f75	647e47a05715dc19246202143cff19451daa8179de1a2abacdcc14f03dabba5f	빌딩	판넬 등 외부마감작업	판넬 등 외부마감 자재반입	빌딩 > 판넬 등 외부마감작업 > 판넬 등 외부마감 자재반입	CANONICAL_GAP				VALID_TASK_BUT_NO_SUITABLE_SINGLE_CANONICAL_TASK_IN_FROZEN_REFERENCE	MEDIUM	22214590663745d75223bcaec284c8f28c0339345703958839952331e1817895	a22f3a83f3cc2563554eb04b71ac8afc1faff44e3a6a594dd265ff04baafa2a6	GPT	B03	판넬 등 외부마감 자재반입	빌딩 > 판넬 등 외부마감작업 > 판넬 등 외부마감 자재반입	B03
9622760657b853a748f761cf2d9979a1ae82a1dc5121dcf10c9855f2f52ac29f	40c6ce60da288aea3ed42453b89147edeb0880e2d8ee19ded35c3ba7d2136d9e	빌딩	거푸집작업	거푸집 자재반입	빌딩 > 거푸집작업 > 거푸집 자재반입	CANONICAL_GAP				VALID_TASK_BUT_NO_SUITABLE_SINGLE_CANONICAL_TASK_IN_FROZEN_REFERENCE	MEDIUM	22214590663745d75223bcaec284c8f28c0339345703958839952331e1817895	a22f3a83f3cc2563554eb04b71ac8afc1faff44e3a6a594dd265ff04baafa2a6	GPT	B03	거푸집 자재반입	빌딩 > 거푸집작업 > 거푸집 자재반입	B03
97e388fdaaf67da1103bf1fb9bf0fca2cb6f997576895ec4cc371869c3c1ccb6	b8fff74387f80a130c0f59ee2f39e64e1af9f102729cfe1b3c8bff94e982bd50	빌딩	양중기작업	타워크레인	빌딩 > 양중기작업 > 타워크레인	NO_MATCH			NO_MATCH	SOURCE_CONCEPT_IS_NOT_A_TASK_SEMANTIC_FOR_CURRENT_CANONICAL_TASK_UNIVERSE	HIGH	22214590663745d75223bcaec284c8f28c0339345703958839952331e1817895	a22f3a83f3cc2563554eb04b71ac8afc1faff44e3a6a594dd265ff04baafa2a6	GPT	B03	타워크레인	빌딩 > 양중기작업 > 타워크레인	B03
98717e9d40e3628f661f1f64d75dbca0595186c00d3a389027e48163dc27d559	d56ac19c1d1349f8807744a652aecf4a772d72fc4be86edb9e8b5c18ac5d6b4e	빌딩	도장작업	도장 면처리	빌딩 > 도장작업 > 도장 면처리	AMBIGUOUS			AMBIGUOUS	GENERIC_PAINT_SURFACE_PREPARATION_DOES_NOT_IDENTIFY_THE_SUBSTRATE_SPECIFIC_CANONICAL_TASK	MEDIUM	22214590663745d75223bcaec284c8f28c0339345703958839952331e1817895	a22f3a83f3cc2563554eb04b71ac8afc1faff44e3a6a594dd265ff04baafa2a6	GPT	B03	도장 면처리	빌딩 > 도장작업 > 도장 면처리	B03
9b085d3a44f501bdc814d0f1e512275c8799d528100ac2977942ca6860e295f2	d538734d61212ec43db49ae775657cdf24a62873f97726028b25841086cbf16f	빌딩	철근작업	철근반입	빌딩 > 철근작업 > 철근반입	CANONICAL_GAP				VALID_TASK_BUT_NO_SUITABLE_SINGLE_CANONICAL_TASK_IN_FROZEN_REFERENCE	MEDIUM	22214590663745d75223bcaec284c8f28c0339345703958839952331e1817895	a22f3a83f3cc2563554eb04b71ac8afc1faff44e3a6a594dd265ff04baafa2a6	GPT	B03	철근반입	빌딩 > 철근작업 > 철근반입	B03
a0525743ccc3e76de64afde80e31cc9846e4f843a390b3d6b47af99ed10aa15f	51032bb5574d52f44470ce40c38d41198788827aa94a8a163ddf3e4c62632b79	빌딩	도장작업	실외도장	빌딩 > 도장작업 > 실외도장	AMBIGUOUS			AMBIGUOUS	LOCATION_ONLY_PAINTING_LABEL_DOES_NOT_IDENTIFY_A_SINGLE_PAINTING_CANONICAL_TASK	MEDIUM	22214590663745d75223bcaec284c8f28c0339345703958839952331e1817895	a22f3a83f3cc2563554eb04b71ac8afc1faff44e3a6a594dd265ff04baafa2a6	GPT	B03	실외도장	빌딩 > 도장작업 > 실외도장	B03
a3efcf1cf31d9570b2abe7964f5b990845f29a1252446941fa7cab0e1b7b9856	6d7b3cb1434173048e13c3c5195f25c0454652b6bd8791505974fc43cbf2959c	빌딩	안전가시설작업	개구부	빌딩 > 안전가시설작업 > 개구부	NO_MATCH			NO_MATCH	SOURCE_CONCEPT_IS_NOT_A_TASK_SEMANTIC_FOR_CURRENT_CANONICAL_TASK_UNIVERSE	HIGH	22214590663745d75223bcaec284c8f28c0339345703958839952331e1817895	a22f3a83f3cc2563554eb04b71ac8afc1faff44e3a6a594dd265ff04baafa2a6	GPT	B03	개구부	빌딩 > 안전가시설작업 > 개구부	B03
a44030d55b3ada5cc9e6ab04fa0496861f00eb4930e8276b24bf0a9a489e3c6f	cb505df03e7e9ee6fb80dcf5ad9a251b1bff529d28a305d60940c8ee3fd28991	빌딩	지장물조사 및 이설작업	지장물 이설	빌딩 > 지장물조사 및 이설작업 > 지장물 이설	CANONICAL_GAP				VALID_TASK_BUT_NO_SUITABLE_SINGLE_CANONICAL_TASK_IN_FROZEN_REFERENCE	MEDIUM	22214590663745d75223bcaec284c8f28c0339345703958839952331e1817895	a22f3a83f3cc2563554eb04b71ac8afc1faff44e3a6a594dd265ff04baafa2a6	GPT	B03	지장물 이설	빌딩 > 지장물조사 및 이설작업 > 지장물 이설	B03
a62af21bd18f8731eddaa2e47fdf5e21256c22f95ed61f1f560fedb69caa500b	88b763dabd9492e7013c18c47dac92e5c6a8f1c01ea78351d1fb8fc6bc24141f	빌딩	위험기계기구작업	열풍기	빌딩 > 위험기계기구작업 > 열풍기	NO_MATCH			NO_MATCH	SOURCE_CONCEPT_IS_NOT_A_TASK_SEMANTIC_FOR_CURRENT_CANONICAL_TASK_UNIVERSE	HIGH	22214590663745d75223bcaec284c8f28c0339345703958839952331e1817895	a22f3a83f3cc2563554eb04b71ac8afc1faff44e3a6a594dd265ff04baafa2a6	GPT	B03	열풍기	빌딩 > 위험기계기구작업 > 열풍기	B03
acf34d251d24661bd8930e4607bbd21f5b7e168a89cde976828f24fb1b84f129	eab270443b4c66fa9088364549c476b0b5f61648af77b8d0f62225767262d17d	빌딩	기계설비작업	기계설비 설치	빌딩 > 기계설비작업 > 기계설비 설치	AMBIGUOUS			AMBIGUOUS	GENERIC_MECHANICAL_EQUIPMENT_INSTALLATION_SPANS_MULTIPLE_SPECIFIC_INSTALLATION_TASKS	MEDIUM	22214590663745d75223bcaec284c8f28c0339345703958839952331e1817895	a22f3a83f3cc2563554eb04b71ac8afc1faff44e3a6a594dd265ff04baafa2a6	GPT	B03	기계설비 설치	빌딩 > 기계설비작업 > 기계설비 설치	B03
af8ebc4ce8f6dc51b1aff5b4b930e5745fd466be2449067e016185ff49c4c515	eca4302e6b1b61c2e1638f43e71ff02c0c06258f13984248f2422409a3ad69fd	빌딩	석재 및 타일작업	석재 및 타일 줄눈	빌딩 > 석재 및 타일작업 > 석재 및 타일 줄눈	AMBIGUOUS			AMBIGUOUS	GENERIC_STONE_AND_TILE_JOINT_WORK_SPANS_MULTIPLE_STONE_TILE_SEALING_CANONICAL_TASKS	MEDIUM	22214590663745d75223bcaec284c8f28c0339345703958839952331e1817895	a22f3a83f3cc2563554eb04b71ac8afc1faff44e3a6a594dd265ff04baafa2a6	GPT	B03	석재 및 타일 줄눈	빌딩 > 석재 및 타일작업 > 석재 및 타일 줄눈	B03
afccd254d87731213ca5468485770df6aeaab433d72718337e9add3022f65420	c1f9b2d9b036ebd931dc4ea08eeef1f78b2438cf364ff3c71c0e101f28f91692	빌딩	지장물조사 및 이설작업	지장물 조사 굴착	빌딩 > 지장물조사 및 이설작업 > 지장물 조사 굴착	CANONICAL_GAP				VALID_TASK_BUT_NO_SUITABLE_SINGLE_CANONICAL_TASK_IN_FROZEN_REFERENCE	MEDIUM	22214590663745d75223bcaec284c8f28c0339345703958839952331e1817895	a22f3a83f3cc2563554eb04b71ac8afc1faff44e3a6a594dd265ff04baafa2a6	GPT	B03	지장물 조사 굴착	빌딩 > 지장물조사 및 이설작업 > 지장물 조사 굴착	B03
b38300d25aba7a75b750f94fd8d5adc62e5ce610570f2b3bfabe1d4a10dd7def	7d96faeffcce08c4e02c5bf853603a47358cae7d4c55817e903c86662cf0d394	빌딩	흙막이지보공작업	흙막이지보공 설치	빌딩 > 흙막이지보공작업 > 흙막이지보공 설치	CANONICAL_GAP				VALID_TASK_BUT_NO_SUITABLE_SINGLE_CANONICAL_TASK_IN_FROZEN_REFERENCE	MEDIUM	22214590663745d75223bcaec284c8f28c0339345703958839952331e1817895	a22f3a83f3cc2563554eb04b71ac8afc1faff44e3a6a594dd265ff04baafa2a6	GPT	B03	흙막이지보공 설치	빌딩 > 흙막이지보공작업 > 흙막이지보공 설치	B03
bd59d2cf81ff4bdb9e35b49e18bc196903e1344e2611e8ca7f04909dbcea0503	e9fcfabf57036c076a432585fe3c6b3cf2af51e8792010994a5981d53a6ee6a1	빌딩	조적	미장 및 견출작업	빌딩 > 조적 > 미장 및 견출작업	AMBIGUOUS			AMBIGUOUS	COMPOSITE_PLASTERING_AND_SURFACE_FINISHING_LABEL_SPANS_MULTIPLE_CANONICAL_TASKS	MEDIUM	22214590663745d75223bcaec284c8f28c0339345703958839952331e1817895	a22f3a83f3cc2563554eb04b71ac8afc1faff44e3a6a594dd265ff04baafa2a6	GPT	B03	미장 및 견출작업	빌딩 > 조적 > 미장 및 견출작업	B03
be0e3662cbd0cd047ffab85681df94b9408dff894fc5202d31a32d6247c11ffa	f00495f47da5244e3ff84747c8091d272a9ac8e91aca585e27160ea50abfde9a	빌딩	안전가시설작업	비계	빌딩 > 안전가시설작업 > 비계	NO_MATCH			NO_MATCH	SOURCE_CONCEPT_IS_NOT_A_TASK_SEMANTIC_FOR_CURRENT_CANONICAL_TASK_UNIVERSE	HIGH	22214590663745d75223bcaec284c8f28c0339345703958839952331e1817895	a22f3a83f3cc2563554eb04b71ac8afc1faff44e3a6a594dd265ff04baafa2a6	GPT	B03	비계	빌딩 > 안전가시설작업 > 비계	B03
c05d8e4d0374a5b2e6a3f2a385cf6cd5ceb61ab90625842eb4159c4b73179b20	db63511d421c1d3dfa3cb2a67f1ec8f589e930fbc1e22dd52e4840e75d417e1e	빌딩	창호 및 유리작업	창호 및 유리 자재반입	빌딩 > 창호 및 유리작업 > 창호 및 유리 자재반입	CANONICAL_GAP				VALID_TASK_BUT_NO_SUITABLE_SINGLE_CANONICAL_TASK_IN_FROZEN_REFERENCE	MEDIUM	22214590663745d75223bcaec284c8f28c0339345703958839952331e1817895	a22f3a83f3cc2563554eb04b71ac8afc1faff44e3a6a594dd265ff04baafa2a6	GPT	B03	창호 및 유리 자재반입	빌딩 > 창호 및 유리작업 > 창호 및 유리 자재반입	B03
c0ef5af3ccf551ebd4026169574cb2599fc80e202e20a34745888466bf3f81bf	f43ada026dd073162b39c258aebf80c883007ed37134a6b4e019b9ca035c5bf2	빌딩	위험기계기구작업	공기 압축기	빌딩 > 위험기계기구작업 > 공기 압축기	NO_MATCH			NO_MATCH	SOURCE_CONCEPT_IS_NOT_A_TASK_SEMANTIC_FOR_CURRENT_CANONICAL_TASK_UNIVERSE	HIGH	22214590663745d75223bcaec284c8f28c0339345703958839952331e1817895	a22f3a83f3cc2563554eb04b71ac8afc1faff44e3a6a594dd265ff04baafa2a6	GPT	B03	공기 압축기	빌딩 > 위험기계기구작업 > 공기 압축기	B03
c204ad4b25bd1651f977e4dd241e5ad5d19fb023f936a930dda325988b2e5edc	ea6f02036d002043a0007cbd8d3672ede902720f74f559df623c82a377c749c6	빌딩	가설전기작업	충전부	빌딩 > 가설전기작업 > 충전부	NO_MATCH			NO_MATCH	SOURCE_CONCEPT_IS_NOT_A_TASK_SEMANTIC_FOR_CURRENT_CANONICAL_TASK_UNIVERSE	HIGH	22214590663745d75223bcaec284c8f28c0339345703958839952331e1817895	a22f3a83f3cc2563554eb04b71ac8afc1faff44e3a6a594dd265ff04baafa2a6	GPT	B03	충전부	빌딩 > 가설전기작업 > 충전부	B03
c2642e942931b1cd7c5c41d4c4e6030447aefe7840566cb08d41f4e797e919be	fa06a31de85c676f97e7157fe59ed2f4f109d7ee6bef3d451fea58814bb493b1	빌딩	안전가시설작업	낙하물 방지망	빌딩 > 안전가시설작업 > 낙하물 방지망	NO_MATCH			NO_MATCH	SOURCE_CONCEPT_IS_NOT_A_TASK_SEMANTIC_FOR_CURRENT_CANONICAL_TASK_UNIVERSE	HIGH	22214590663745d75223bcaec284c8f28c0339345703958839952331e1817895	a22f3a83f3cc2563554eb04b71ac8afc1faff44e3a6a594dd265ff04baafa2a6	GPT	B03	낙하물 방지망	빌딩 > 안전가시설작업 > 낙하물 방지망	B03
c50d63c9355aeba748598159a60a990bcbe19f36856df27ab08dfbbb05a5bcaa	c24324369b26b27ab179942337a72783dc87fc46c97e2f6e5ce296025a9329f4	빌딩	발파작업	발파 천공	빌딩 > 발파작업 > 발파 천공	MAP_EXISTING_CANONICAL	bae014b7-2474-48f7-b5c0-0e9f30a0ff56	발파	NARROWER_THAN	BLAST_HOLE_DRILLING_IS_A_SPECIFIC_SUBACTIVITY_OF_BLASTING	HIGH	22214590663745d75223bcaec284c8f28c0339345703958839952331e1817895	a22f3a83f3cc2563554eb04b71ac8afc1faff44e3a6a594dd265ff04baafa2a6	GPT	B03	발파 천공	빌딩 > 발파작업 > 발파 천공	B03
cf1e06b9f9d7c585a3c009c66e9523a3538731618812675ab82de23f55f6ada5	c80c0e578482743b07e8e277aaa0c5c10cb444988fc97d3ae480abd99503b789	빌딩	안전가시설작업	이동식 비계	빌딩 > 안전가시설작업 > 이동식 비계	NO_MATCH			NO_MATCH	SOURCE_CONCEPT_IS_NOT_A_TASK_SEMANTIC_FOR_CURRENT_CANONICAL_TASK_UNIVERSE	HIGH	22214590663745d75223bcaec284c8f28c0339345703958839952331e1817895	a22f3a83f3cc2563554eb04b71ac8afc1faff44e3a6a594dd265ff04baafa2a6	GPT	B03	이동식 비계	빌딩 > 안전가시설작업 > 이동식 비계	B03
d0c3f065550b4a82ca2636c1697fe96bf820c4d2aeba7fa6637c3bfa9c0dab87	8305162695fd8b6264d3bfb4ba1339e6cf9d4b1166202b1b723f5dfb5f27003b	빌딩	철골작업	철골 인양	빌딩 > 철골작업 > 철골 인양	MAP_EXISTING_CANONICAL	af9b0594-96e9-4564-bea6-f80a261c55fc	건축철골조립및설치	NARROWER_THAN	STRUCTURAL_STEEL_LIFTING_IS_A_SPECIFIC_SUBACTIVITY_OF_BUILDING_STEEL_ASSEMBLY_AND_INSTALLATION	MEDIUM	22214590663745d75223bcaec284c8f28c0339345703958839952331e1817895	a22f3a83f3cc2563554eb04b71ac8afc1faff44e3a6a594dd265ff04baafa2a6	GPT	B03	철골 인양	빌딩 > 철골작업 > 철골 인양	B03
d3a5895f50e77c1bd957645b1ad778f04605a3ddd9d6691a0e8c0aad912b5dea	4ca5a37cdc34595e425eb02d1220608e2c0acd8de85f190371d0feb9e423a9e4	빌딩	위험기계기구작업	몰탈 믹서기	빌딩 > 위험기계기구작업 > 몰탈 믹서기	NO_MATCH			NO_MATCH	SOURCE_CONCEPT_IS_NOT_A_TASK_SEMANTIC_FOR_CURRENT_CANONICAL_TASK_UNIVERSE	HIGH	22214590663745d75223bcaec284c8f28c0339345703958839952331e1817895	a22f3a83f3cc2563554eb04b71ac8afc1faff44e3a6a594dd265ff04baafa2a6	GPT	B03	몰탈 믹서기	빌딩 > 위험기계기구작업 > 몰탈 믹서기	B03
d6ca89c2fa8872b74d22e4b12508cb9603e53b2e7ddb6e2657d8443a009b6710	3320adc21f5c71d9693bc373dea401d4a512de1e509be14f252103b4b727b3c6	빌딩	양중기작업	곤도라	빌딩 > 양중기작업 > 곤도라	NO_MATCH			NO_MATCH	SOURCE_CONCEPT_IS_NOT_A_TASK_SEMANTIC_FOR_CURRENT_CANONICAL_TASK_UNIVERSE	HIGH	22214590663745d75223bcaec284c8f28c0339345703958839952331e1817895	a22f3a83f3cc2563554eb04b71ac8afc1faff44e3a6a594dd265ff04baafa2a6	GPT	B03	곤도라	빌딩 > 양중기작업 > 곤도라	B03
dad9f544aad722de5c34700e8abb114352ce7c1ecf890ee7794ad8a15b261900	7d50bc2e1134e118de971888e37367424ad4a6991e4c69b6c804f6b955eb67a6	빌딩	지장물조사 및 이설작업	지장물 되메움	빌딩 > 지장물조사 및 이설작업 > 지장물 되메움	CANONICAL_GAP				VALID_TASK_BUT_NO_SUITABLE_SINGLE_CANONICAL_TASK_IN_FROZEN_REFERENCE	MEDIUM	22214590663745d75223bcaec284c8f28c0339345703958839952331e1817895	a22f3a83f3cc2563554eb04b71ac8afc1faff44e3a6a594dd265ff04baafa2a6	GPT	B03	지장물 되메움	빌딩 > 지장물조사 및 이설작업 > 지장물 되메움	B03
e253841497c1c50cfe2f4d4fd6115112f9898121556e6f29ac12c9083176514e	f45b9d79931fd037574ff0ba333e91e0e09f05a68829825b4c78f0832b957dfd	빌딩	굴착작업	굴착 토사반출	빌딩 > 굴착작업 > 굴착 토사반출	CANONICAL_GAP				VALID_TASK_BUT_NO_SUITABLE_SINGLE_CANONICAL_TASK_IN_FROZEN_REFERENCE	MEDIUM	22214590663745d75223bcaec284c8f28c0339345703958839952331e1817895	a22f3a83f3cc2563554eb04b71ac8afc1faff44e3a6a594dd265ff04baafa2a6	GPT	B03	굴착 토사반출	빌딩 > 굴착작업 > 굴착 토사반출	B03
e2f32e4fa5e745ccf49bbff1e1388185f56ecbf603adf90312bc5b6c7bbef00b	51a42fc969d56f80d66fef67a7bdd106b7aff7fcea948c4481283031a35c4133	빌딩	엘리베이터 설치작업	엘리베이터 승강구 조립	빌딩 > 엘리베이터 설치작업 > 엘리베이터 승강구 조립	CANONICAL_GAP				VALID_TASK_BUT_NO_SUITABLE_SINGLE_CANONICAL_TASK_IN_FROZEN_REFERENCE	MEDIUM	22214590663745d75223bcaec284c8f28c0339345703958839952331e1817895	a22f3a83f3cc2563554eb04b71ac8afc1faff44e3a6a594dd265ff04baafa2a6	GPT	B03	엘리베이터 승강구 조립	빌딩 > 엘리베이터 설치작업 > 엘리베이터 승강구 조립	B03
e30921f8855b7dbb72e25d7690cc76364d3a9894083a01e44232b9998328183b	641919de6e83ffb96c9ca7a6cf041a5defe192a379ca46b9dbdc92db4576a9f5	빌딩	발파작업	발파 장약	빌딩 > 발파작업 > 발파 장약	MAP_EXISTING_CANONICAL	bae014b7-2474-48f7-b5c0-0e9f30a0ff56	발파	NARROWER_THAN	EXPLOSIVE_CHARGING_IS_A_SPECIFIC_SUBACTIVITY_OF_BLASTING	HIGH	22214590663745d75223bcaec284c8f28c0339345703958839952331e1817895	a22f3a83f3cc2563554eb04b71ac8afc1faff44e3a6a594dd265ff04baafa2a6	GPT	B03	발파 장약	빌딩 > 발파작업 > 발파 장약	B03
e3cc1d04cafdee7fa93748df6021738648a425c194ab30c90e218e5a8844d99b	b73e7c0bcfd0b88f163e3058fbb8941e2d8e9d129adb84bc793c2e2949deda3b	빌딩	안전가시설작업	추락방지망	빌딩 > 안전가시설작업 > 추락방지망	NO_MATCH			NO_MATCH	SOURCE_CONCEPT_IS_NOT_A_TASK_SEMANTIC_FOR_CURRENT_CANONICAL_TASK_UNIVERSE	HIGH	22214590663745d75223bcaec284c8f28c0339345703958839952331e1817895	a22f3a83f3cc2563554eb04b71ac8afc1faff44e3a6a594dd265ff04baafa2a6	GPT	B03	추락방지망	빌딩 > 안전가시설작업 > 추락방지망	B03
e75aa84c43a44dbb72712a141eecd9d0a0ee39a6b8c60db669e3dd9552696b35	7eb696e29d8a77d6bf88a8fdaf074b983d3cd8001d05c45b06d0e06290ce4276	빌딩	굴착작업	굴착	빌딩 > 굴착작업 > 굴착	AMBIGUOUS			AMBIGUOUS	GENERIC_EXCAVATION_SPANS_MULTIPLE_SPECIFIC_CANONICAL_EXCAVATION_TASKS	HIGH	22214590663745d75223bcaec284c8f28c0339345703958839952331e1817895	a22f3a83f3cc2563554eb04b71ac8afc1faff44e3a6a594dd265ff04baafa2a6	GPT	B03	굴착	빌딩 > 굴착작업 > 굴착	B03
ea0aecafd361acceeddb8b1666e3f5a13e432d75087985bb10495895b2e75c82	eccd6d7cfb6dbe07483ebd032a3774d50276527f231151ecb0604e923611eb1c	빌딩	양중기작업	윈치	빌딩 > 양중기작업 > 윈치	NO_MATCH			NO_MATCH	SOURCE_CONCEPT_IS_NOT_A_TASK_SEMANTIC_FOR_CURRENT_CANONICAL_TASK_UNIVERSE	HIGH	22214590663745d75223bcaec284c8f28c0339345703958839952331e1817895	a22f3a83f3cc2563554eb04b71ac8afc1faff44e3a6a594dd265ff04baafa2a6	GPT	B03	윈치	빌딩 > 양중기작업 > 윈치	B03
ee45960087defe6ff1d20a420009a5bf072f6bf0fb9324adcd34ddcb185fa830	b851dff1572b81adb3965d44f8894e01d5596a14a09a96162afdfc3f53083af1	빌딩	맨홀 및 관부설작업	맨홀 및 관부설	빌딩 > 맨홀 및 관부설작업 > 맨홀 및 관부설	AMBIGUOUS			AMBIGUOUS	COMPOSITE_MANHOLE_AND_PIPE_LAYING_SOURCE_DOES_NOT_IDENTIFY_PIPE_MATERIAL_OR_SINGLE_CANONICAL_TASK	MEDIUM	22214590663745d75223bcaec284c8f28c0339345703958839952331e1817895	a22f3a83f3cc2563554eb04b71ac8afc1faff44e3a6a594dd265ff04baafa2a6	GPT	B03	맨홀 및 관부설	빌딩 > 맨홀 및 관부설작업 > 맨홀 및 관부설	B03
f149c3d25c591cb0ae6428681d78d09c6771b0a51dbd42a9923acd2418cb704a	18d621c09ea5c09722c6485972f3ba15c59228f8c337bc03f1b8bb0a4a87e20f	빌딩	위험기계기구작업	그라우팅 장비	빌딩 > 위험기계기구작업 > 그라우팅 장비	NO_MATCH			NO_MATCH	SOURCE_CONCEPT_IS_NOT_A_TASK_SEMANTIC_FOR_CURRENT_CANONICAL_TASK_UNIVERSE	HIGH	22214590663745d75223bcaec284c8f28c0339345703958839952331e1817895	a22f3a83f3cc2563554eb04b71ac8afc1faff44e3a6a594dd265ff04baafa2a6	GPT	B03	그라우팅 장비	빌딩 > 위험기계기구작업 > 그라우팅 장비	B03
f3dadb23a96ba6bfaccdc532f7f8b0e1187569eb91ce6f21f29bb7313ae2c16f	300cc441c555190f291ecee74d93ea73459afbdaf39c68c507e45cdfbed4250b	빌딩	석재 및 타일작업	석재 및 타일 자재반입	빌딩 > 석재 및 타일작업 > 석재 및 타일 자재반입	CANONICAL_GAP				VALID_TASK_BUT_NO_SUITABLE_SINGLE_CANONICAL_TASK_IN_FROZEN_REFERENCE	MEDIUM	22214590663745d75223bcaec284c8f28c0339345703958839952331e1817895	a22f3a83f3cc2563554eb04b71ac8afc1faff44e3a6a594dd265ff04baafa2a6	GPT	B03	석재 및 타일 자재반입	빌딩 > 석재 및 타일작업 > 석재 및 타일 자재반입	B03
f52644755e67cd1dbfd589af6c41b4483ae89be5fc7eda4a8d782b97240ba479	b95ce311e9ca694ae6390886be6f640d03463a19c93613107684f97881e6ca5a	빌딩	철근작업	철근조립	빌딩 > 철근작업 > 철근조립	MAP_EXISTING_CANONICAL	be965f09-464b-4d53-9be4-d72f44d3d1ee	철근가공및조립	NARROWER_THAN	REBAR_ASSEMBLY_IS_A_SPECIFIC_COMPONENT_OF_CANONICAL_REBAR_PROCESSING_AND_ASSEMBLY	HIGH	22214590663745d75223bcaec284c8f28c0339345703958839952331e1817895	a22f3a83f3cc2563554eb04b71ac8afc1faff44e3a6a594dd265ff04baafa2a6	GPT	B03	철근조립	빌딩 > 철근작업 > 철근조립	B03
f998eb537aa8e11e93226d63cff1ae347110637e5f8b7afd16b9e7052a0347e3	d4d8fa7a2b72730b357ede5c942dc26c13c44b991d06200745da86aa271d4a3c	빌딩	안전가시설작업	철골 승강용트랩	빌딩 > 안전가시설작업 > 철골 승강용트랩	NO_MATCH			NO_MATCH	SOURCE_CONCEPT_IS_NOT_A_TASK_SEMANTIC_FOR_CURRENT_CANONICAL_TASK_UNIVERSE	HIGH	22214590663745d75223bcaec284c8f28c0339345703958839952331e1817895	a22f3a83f3cc2563554eb04b71ac8afc1faff44e3a6a594dd265ff04baafa2a6	GPT	B03	철골 승강용트랩	빌딩 > 안전가시설작업 > 철골 승강용트랩	B03
fcc1597aafa50e16a69b81dce117d14a8f4648d07421ed289d12cacdf491c5f8	87afd5a166ca917afa304f192a68292050ebd4ed90717d059accf459a896b981	빌딩	발파작업	발파 암처리	빌딩 > 발파작업 > 발파 암처리	MAP_EXISTING_CANONICAL	bae014b7-2474-48f7-b5c0-0e9f30a0ff56	발파	POSSIBLE_RELATED	BLASTED_ROCK_HANDLING_IS_RELATED_TO_BLASTING_BUT_IS_NOT_THE_SAME_TASK	MEDIUM	22214590663745d75223bcaec284c8f28c0339345703958839952331e1817895	a22f3a83f3cc2563554eb04b71ac8afc1faff44e3a6a594dd265ff04baafa2a6	GPT	B03	발파 암처리	빌딩 > 발파작업 > 발파 암처리	B03
fe5ea3a2d61112a5e54208862d442f752fc21cc02ee07933efde58c59935c0be	d27445da57a40d7408d35dd44efe69c0424e316fcde7d995b01f861d9d2d2ecf	빌딩	판넬 등 외부마감작업	판넬 등 외부마감 시공	빌딩 > 판넬 등 외부마감작업 > 판넬 등 외부마감 시공	AMBIGUOUS			AMBIGUOUS	BROAD_EXTERNAL_PANEL_AND_FINISHING_LABEL_DOES_NOT_IDENTIFY_A_SINGLE_CANONICAL_TASK	MEDIUM	22214590663745d75223bcaec284c8f28c0339345703958839952331e1817895	a22f3a83f3cc2563554eb04b71ac8afc1faff44e3a6a594dd265ff04baafa2a6	GPT	B03	판넬 등 외부마감 시공	빌딩 > 판넬 등 외부마감작업 > 판넬 등 외부마감 시공	B03
000e418adaf022bd57d050fdee311f1660334293c1dddbca5755edd4746a134a	cb5606407d4712b93b42636b00cbe08d73a0942eef9871404d36b4035e0f133e	아파트	갱폼작업	갱폼 자재반입	아파트 > 갱폼작업 > 갱폼 자재반입	CANONICAL_GAP				VALID_TASK_BUT_NO_SUITABLE_SINGLE_CANONICAL_TASK_IN_FROZEN_REFERENCE	MEDIUM	c44be9c0edac197b175e84a2647497747a636ad71b27dfaa8308492a4616014a	a22f3a83f3cc2563554eb04b71ac8afc1faff44e3a6a594dd265ff04baafa2a6	GPT	B04	갱폼 자재반입	아파트 > 갱폼작업 > 갱폼 자재반입	B04
024db265b19bd9669d8b708dd9e65321e957ae599ee06e0056b82359712a407f	49b47a1f9cb0426343aaab25c94591530421ec9d26695d3b8996e182fbc0a8a6	아파트	부대토목작업	부대토목 구내포장	아파트 > 부대토목작업 > 부대토목 구내포장	AMBIGUOUS			AMBIGUOUS	GENERIC_SITE_PAVING_DOES_NOT_IDENTIFY_MATERIAL_OR_PAVING_METHOD	MEDIUM	c44be9c0edac197b175e84a2647497747a636ad71b27dfaa8308492a4616014a	a22f3a83f3cc2563554eb04b71ac8afc1faff44e3a6a594dd265ff04baafa2a6	GPT	B04	부대토목 구내포장	아파트 > 부대토목작업 > 부대토목 구내포장	B04
094d0e19dc0b43d320c89b854d2568945cd9303d43a8c3a1add436ccf05ecb93	fb59516e87511b16b5358a328613fcce302cf67a1fc65627c09a2a8d56563b8d	아파트	방수작업	방수 면처리	아파트 > 방수작업 > 방수 면처리	CANONICAL_GAP				VALID_TASK_BUT_NO_SUITABLE_SINGLE_CANONICAL_TASK_IN_FROZEN_REFERENCE	MEDIUM	c44be9c0edac197b175e84a2647497747a636ad71b27dfaa8308492a4616014a	a22f3a83f3cc2563554eb04b71ac8afc1faff44e3a6a594dd265ff04baafa2a6	GPT	B04	방수 면처리	아파트 > 방수작업 > 방수 면처리	B04
10073d140dd7675ccd2e35679623bc7ce5df920de660ac448c67ca108699c908	67a5ae300a5be9ddbcaf1367b12b3ac240279cb0e428feaa25a2be155f7e2572	아파트	도장작업	실외도장	아파트 > 도장작업 > 실외도장	AMBIGUOUS			AMBIGUOUS	LOCATION_ONLY_PAINTING_LABEL_DOES_NOT_IDENTIFY_A_SINGLE_PAINTING_CANONICAL_TASK	MEDIUM	c44be9c0edac197b175e84a2647497747a636ad71b27dfaa8308492a4616014a	a22f3a83f3cc2563554eb04b71ac8afc1faff44e3a6a594dd265ff04baafa2a6	GPT	B04	실외도장	아파트 > 도장작업 > 실외도장	B04
10394a373128cafdaf01a732b891cff0250be7a5d4d4132d06c39c9a6a8bf05a	4c6fc21e4b2c02321bad2aeefc9a04b010b119d2259438a62860e4d745845d46	아파트	거푸집작업	거푸집 자재반입	아파트 > 거푸집작업 > 거푸집 자재반입	CANONICAL_GAP				VALID_TASK_BUT_NO_SUITABLE_SINGLE_CANONICAL_TASK_IN_FROZEN_REFERENCE	MEDIUM	c44be9c0edac197b175e84a2647497747a636ad71b27dfaa8308492a4616014a	a22f3a83f3cc2563554eb04b71ac8afc1faff44e3a6a594dd265ff04baafa2a6	GPT	B04	거푸집 자재반입	아파트 > 거푸집작업 > 거푸집 자재반입	B04
10edb9efefec11b29038479f8f8c093d4626b25b1feb6d09407b15c7973ba7ab	c31ba1c6c3445549b2f8c7d07b58a07b9c70c770b0feaee67a78a3bae8d622fb	아파트	발파작업	발파 화약고 관리	아파트 > 발파작업 > 발파 화약고 관리	MAP_EXISTING_CANONICAL	bae014b7-2474-48f7-b5c0-0e9f30a0ff56	발파	POSSIBLE_RELATED	EXPLOSIVES_MAGAZINE_MANAGEMENT_SUPPORTS_BLASTING_BUT_IS_NOT_A_BLASTING_EXECUTION_TASK	MEDIUM	c44be9c0edac197b175e84a2647497747a636ad71b27dfaa8308492a4616014a	a22f3a83f3cc2563554eb04b71ac8afc1faff44e3a6a594dd265ff04baafa2a6	GPT	B04	발파 화약고 관리	아파트 > 발파작업 > 발파 화약고 관리	B04
1124b3a6994e6998a4a415690ecd1ff4b702b8d95b0d0997fa584b14ccaeab02	538c52013b7c4cc06d4209279261fa7c61c53acca688a79aa48e8c3d20a3f185	아파트	맨홀 및 관부설작업	맨홀 및 관부설 굴착	아파트 > 맨홀 및 관부설작업 > 맨홀 및 관부설 굴착	CANONICAL_GAP				VALID_TASK_BUT_NO_SUITABLE_SINGLE_CANONICAL_TASK_IN_FROZEN_REFERENCE	MEDIUM	c44be9c0edac197b175e84a2647497747a636ad71b27dfaa8308492a4616014a	a22f3a83f3cc2563554eb04b71ac8afc1faff44e3a6a594dd265ff04baafa2a6	GPT	B04	맨홀 및 관부설 굴착	아파트 > 맨홀 및 관부설작업 > 맨홀 및 관부설 굴착	B04
12eaef9ac08a89b1c6f761995a6e3ff9b56872b67315e9c5f21b077dd86262d5	1be243ef9c1a86350d3f6a0013db41b7710a90c11246437e93d38db487dcc387	아파트	거푸집작업	거푸집 동바리 해체	아파트 > 거푸집작업 > 거푸집 동바리 해체	CANONICAL_GAP				VALID_TASK_BUT_NO_SUITABLE_SINGLE_CANONICAL_TASK_IN_FROZEN_REFERENCE	MEDIUM	c44be9c0edac197b175e84a2647497747a636ad71b27dfaa8308492a4616014a	a22f3a83f3cc2563554eb04b71ac8afc1faff44e3a6a594dd265ff04baafa2a6	GPT	B04	거푸집 동바리 해체	아파트 > 거푸집작업 > 거푸집 동바리 해체	B04
1c6f776694dbf4bd54b147a0df48309c20f81f940101897c0e52fe37245fa61c	7d12e8aeabfefb2d34e5bd4b1c0abe1c9c97053059c92a40091bf37e81e2e105	아파트	작업환경	작업환경 (조명)	아파트 > 작업환경 > 작업환경 (조명)	NO_MATCH			NO_MATCH	SOURCE_CONCEPT_IS_NOT_A_TASK_SEMANTIC_FOR_CURRENT_CANONICAL_TASK_UNIVERSE	HIGH	c44be9c0edac197b175e84a2647497747a636ad71b27dfaa8308492a4616014a	a22f3a83f3cc2563554eb04b71ac8afc1faff44e3a6a594dd265ff04baafa2a6	GPT	B04	작업환경 (조명)	아파트 > 작업환경 > 작업환경 (조명)	B04
1fa812e710662dace7089a8d23e840f09e75dd1cdff5ac709e771abe6d4280ee	e1f84c8e7c24dac21a1685226b001daf072ae296f357b7aebf2312596111f9df	아파트	가설전기작업	분전반	아파트 > 가설전기작업 > 분전반	NO_MATCH			NO_MATCH	SOURCE_CONCEPT_IS_NOT_A_TASK_SEMANTIC_FOR_CURRENT_CANONICAL_TASK_UNIVERSE	HIGH	c44be9c0edac197b175e84a2647497747a636ad71b27dfaa8308492a4616014a	a22f3a83f3cc2563554eb04b71ac8afc1faff44e3a6a594dd265ff04baafa2a6	GPT	B04	분전반	아파트 > 가설전기작업 > 분전반	B04
2527bba091d1f15132181507b269d1ba9000b5529e6c5897e0177a6f0a3cbfd0	05e3619800e14b269ce3281da7770b324138aa5eb249fc57d5b8c80a7d0e633b	아파트	안전가시설작업	이동식 사다리	아파트 > 안전가시설작업 > 이동식 사다리	NO_MATCH			NO_MATCH	SOURCE_CONCEPT_IS_NOT_A_TASK_SEMANTIC_FOR_CURRENT_CANONICAL_TASK_UNIVERSE	HIGH	c44be9c0edac197b175e84a2647497747a636ad71b27dfaa8308492a4616014a	a22f3a83f3cc2563554eb04b71ac8afc1faff44e3a6a594dd265ff04baafa2a6	GPT	B04	이동식 사다리	아파트 > 안전가시설작업 > 이동식 사다리	B04
2548fb0f40f92f40123d3326a9f53cc3304213a6f8b1911a63591ef5088bb5a4	3ebe9fc0862fdc1f89fb1afc0e8ccc773403df022562e02a4f6468ce6aead7e6	아파트	작업환경	작업환경 (분진)	아파트 > 작업환경 > 작업환경 (분진)	NO_MATCH			NO_MATCH	SOURCE_CONCEPT_IS_NOT_A_TASK_SEMANTIC_FOR_CURRENT_CANONICAL_TASK_UNIVERSE	HIGH	c44be9c0edac197b175e84a2647497747a636ad71b27dfaa8308492a4616014a	a22f3a83f3cc2563554eb04b71ac8afc1faff44e3a6a594dd265ff04baafa2a6	GPT	B04	작업환경 (분진)	아파트 > 작업환경 > 작업환경 (분진)	B04
256427b48e425a1265a615aa248c218359cb762659184b09300e6acd4bebc1a7	5a8cecc9525bb45ffa825d9eaebc84e28ed622d0530f80466aebb567e427a896	아파트	안전가시설작업	가설통로 또는 가설계단	아파트 > 안전가시설작업 > 가설통로 또는 가설계단	NO_MATCH			NO_MATCH	SOURCE_CONCEPT_IS_NOT_A_TASK_SEMANTIC_FOR_CURRENT_CANONICAL_TASK_UNIVERSE	HIGH	c44be9c0edac197b175e84a2647497747a636ad71b27dfaa8308492a4616014a	a22f3a83f3cc2563554eb04b71ac8afc1faff44e3a6a594dd265ff04baafa2a6	GPT	B04	가설통로 또는 가설계단	아파트 > 안전가시설작업 > 가설통로 또는 가설계단	B04
27f53930f672bb6adec8237665054d1766121eaec1e523cdf795c4a0a4e9bd8c	778eddad35144cc6ab125ed81e9776740c9df50826e63e5b1e84286f5f55efc2	아파트	석재 및 타일작업	석재 및 타일 자재반입	아파트 > 석재 및 타일작업 > 석재 및 타일 자재반입	CANONICAL_GAP				VALID_TASK_BUT_NO_SUITABLE_SINGLE_CANONICAL_TASK_IN_FROZEN_REFERENCE	MEDIUM	c44be9c0edac197b175e84a2647497747a636ad71b27dfaa8308492a4616014a	a22f3a83f3cc2563554eb04b71ac8afc1faff44e3a6a594dd265ff04baafa2a6	GPT	B04	석재 및 타일 자재반입	아파트 > 석재 및 타일작업 > 석재 및 타일 자재반입	B04
27fc30ecca291b0f204b321aaa0aa01c97501881aed40c48e856e9e94c8c29c7	3db0653349f8d4c86f85617042af9158557506c3ad1b57837b51d70dc1fcede3	아파트	도장작업	도장 면처리	아파트 > 도장작업 > 도장 면처리	AMBIGUOUS			AMBIGUOUS	GENERIC_PAINT_SURFACE_PREPARATION_DOES_NOT_IDENTIFY_THE_SUBSTRATE_SPECIFIC_CANONICAL_TASK	MEDIUM	c44be9c0edac197b175e84a2647497747a636ad71b27dfaa8308492a4616014a	a22f3a83f3cc2563554eb04b71ac8afc1faff44e3a6a594dd265ff04baafa2a6	GPT	B04	도장 면처리	아파트 > 도장작업 > 도장 면처리	B04
28963d18f38b1965ecf51f003252f32fff64fdcfa5fca5b6a93529b57b93605d	159bbf40c54e5d41103ac09b1362af1849698955ea5b38e978d7c1d60db85af0	아파트	그라우팅작업	그라우팅 장비 및 자재반입	아파트 > 그라우팅작업 > 그라우팅 장비 및 자재반입	CANONICAL_GAP				VALID_TASK_BUT_NO_SUITABLE_SINGLE_CANONICAL_TASK_IN_FROZEN_REFERENCE	MEDIUM	c44be9c0edac197b175e84a2647497747a636ad71b27dfaa8308492a4616014a	a22f3a83f3cc2563554eb04b71ac8afc1faff44e3a6a594dd265ff04baafa2a6	GPT	B04	그라우팅 장비 및 자재반입	아파트 > 그라우팅작업 > 그라우팅 장비 및 자재반입	B04
2cf1e05e868594ea184c7f9853fe19eb50aa6a803e0fe8100413ed160a2bf874	83b5312231d6cadc17c4f77b775ce355b46a195e5bda9ff7cd23ac5128e0ca03	아파트	안전가시설작업	굴착선단부	아파트 > 안전가시설작업 > 굴착선단부	NO_MATCH			NO_MATCH	SOURCE_CONCEPT_IS_NOT_A_TASK_SEMANTIC_FOR_CURRENT_CANONICAL_TASK_UNIVERSE	HIGH	c44be9c0edac197b175e84a2647497747a636ad71b27dfaa8308492a4616014a	a22f3a83f3cc2563554eb04b71ac8afc1faff44e3a6a594dd265ff04baafa2a6	GPT	B04	굴착선단부	아파트 > 안전가시설작업 > 굴착선단부	B04
336ba59f8468742dc2b240ad0a0883e3c07b5cccf339b8fd812d60d7bb52491b	e5ad6b11f8acb74cd4df9c45e25e65230cbe99ef5c5c39aa0d9f6c081cadc16c	아파트	맨홀 및 관부설작업	맨홀 및 관부설	아파트 > 맨홀 및 관부설작업 > 맨홀 및 관부설	AMBIGUOUS			AMBIGUOUS	COMPOSITE_MANHOLE_AND_PIPE_LAYING_SOURCE_DOES_NOT_IDENTIFY_PIPE_MATERIAL_OR_SINGLE_CANONICAL_TASK	MEDIUM	c44be9c0edac197b175e84a2647497747a636ad71b27dfaa8308492a4616014a	a22f3a83f3cc2563554eb04b71ac8afc1faff44e3a6a594dd265ff04baafa2a6	GPT	B04	맨홀 및 관부설	아파트 > 맨홀 및 관부설작업 > 맨홀 및 관부설	B04
376317acac98d186324f83bce24f8507c60dccb446f1a6ee0f49a4c8ee02ba4e	08bd3d179f6c4e12b0f2400ad1ad0e91d804ace409c4eb2a03d48751887d467f	아파트	기계설비작업	기계설비 설치	아파트 > 기계설비작업 > 기계설비 설치	AMBIGUOUS			AMBIGUOUS	GENERIC_MECHANICAL_EQUIPMENT_INSTALLATION_SPANS_MULTIPLE_SPECIFIC_INSTALLATION_TASKS	MEDIUM	c44be9c0edac197b175e84a2647497747a636ad71b27dfaa8308492a4616014a	a22f3a83f3cc2563554eb04b71ac8afc1faff44e3a6a594dd265ff04baafa2a6	GPT	B04	기계설비 설치	아파트 > 기계설비작업 > 기계설비 설치	B04
377bacdf74e1da08ece6646be99cbace5a28452c5ae863d66c59292633bea304	057c8b2452e839c86043367e0b4b9448b3c3073e51d5c491866598f6196c4e3a	아파트	양중기작업	곤도라	아파트 > 양중기작업 > 곤도라	NO_MATCH			NO_MATCH	SOURCE_CONCEPT_IS_NOT_A_TASK_SEMANTIC_FOR_CURRENT_CANONICAL_TASK_UNIVERSE	HIGH	c44be9c0edac197b175e84a2647497747a636ad71b27dfaa8308492a4616014a	a22f3a83f3cc2563554eb04b71ac8afc1faff44e3a6a594dd265ff04baafa2a6	GPT	B04	곤도라	아파트 > 양중기작업 > 곤도라	B04
3d796d1b107b6c20a063a64e6210fd8fe47ee1383906ae8c12a4ea89538c09fc	90de93f8f59b62bea8cddb696eaa3388642ef19b6bf4316efde52fba07e8a281	아파트	안전가시설작업	가설 경사로	아파트 > 안전가시설작업 > 가설 경사로	NO_MATCH			NO_MATCH	SOURCE_CONCEPT_IS_NOT_A_TASK_SEMANTIC_FOR_CURRENT_CANONICAL_TASK_UNIVERSE	HIGH	c44be9c0edac197b175e84a2647497747a636ad71b27dfaa8308492a4616014a	a22f3a83f3cc2563554eb04b71ac8afc1faff44e3a6a594dd265ff04baafa2a6	GPT	B04	가설 경사로	아파트 > 안전가시설작업 > 가설 경사로	B04
3e45dd7975fbc96ab96856973ccc877d7d42cb516ca1efb59cc4e3e8cd21f8c6	14cfd0e4afaa4f8a7a60d9038c5857282322e1913e9b78aacbe21fde6b9c0c42	아파트	전기설비작업	전기설비 배선	아파트 > 전기설비작업 > 전기설비 배선	CANONICAL_GAP				VALID_TASK_BUT_NO_SUITABLE_SINGLE_CANONICAL_TASK_IN_FROZEN_REFERENCE	MEDIUM	c44be9c0edac197b175e84a2647497747a636ad71b27dfaa8308492a4616014a	a22f3a83f3cc2563554eb04b71ac8afc1faff44e3a6a594dd265ff04baafa2a6	GPT	B04	전기설비 배선	아파트 > 전기설비작업 > 전기설비 배선	B04
3eb2c42b2e7fe34f7a80203187d68916e5f0318d8af8903601d6df51dee664b5	f49a179de6093d47a278c11d9365575a90b90336630b7307e62e0d408bcf118e	아파트	조경작업	조경부지정리	아파트 > 조경작업 > 조경부지정리	MAP_EXISTING_CANONICAL	5bb130b1-f1ab-4cdb-86d8-9b0985bf9a81	일반부지정지	NARROWER_THAN	LANDSCAPE_SITE_PREPARATION_IS_A_CONTEXT_SPECIFIC_FORM_OF_GENERAL_SITE_GRADING	MEDIUM	c44be9c0edac197b175e84a2647497747a636ad71b27dfaa8308492a4616014a	a22f3a83f3cc2563554eb04b71ac8afc1faff44e3a6a594dd265ff04baafa2a6	GPT	B04	조경부지정리	아파트 > 조경작업 > 조경부지정리	B04
3f6a2e67b006d348ef41633775364ec4810186012ed3a70fca61ea2466e9d967	6811a3d5f71808690edd53b71cce882ee4d5020c5d50b51cae2ca773f15e1710	아파트	전기설비작업	전기설비 자재반입	아파트 > 전기설비작업 > 전기설비 자재반입	CANONICAL_GAP				VALID_TASK_BUT_NO_SUITABLE_SINGLE_CANONICAL_TASK_IN_FROZEN_REFERENCE	MEDIUM	c44be9c0edac197b175e84a2647497747a636ad71b27dfaa8308492a4616014a	a22f3a83f3cc2563554eb04b71ac8afc1faff44e3a6a594dd265ff04baafa2a6	GPT	B04	전기설비 자재반입	아파트 > 전기설비작업 > 전기설비 자재반입	B04
40d98a391f1b865fa4009502596690d14072428b981a6c9f59f3e814c0d9ee62	3864517fdfa26f5eee51df732d2c7358a93d72a9f0b1d45926ea7bd5fc6d3178	아파트	지장물조사 및 이설작업	지장물 되메움	아파트 > 지장물조사 및 이설작업 > 지장물 되메움	CANONICAL_GAP				VALID_TASK_BUT_NO_SUITABLE_SINGLE_CANONICAL_TASK_IN_FROZEN_REFERENCE	MEDIUM	c44be9c0edac197b175e84a2647497747a636ad71b27dfaa8308492a4616014a	a22f3a83f3cc2563554eb04b71ac8afc1faff44e3a6a594dd265ff04baafa2a6	GPT	B04	지장물 되메움	아파트 > 지장물조사 및 이설작업 > 지장물 되메움	B04
4138aec41041c064ab2a9172bf6294f79afe4147596b501f44b001644ebf30ef	2271e711b3742463351a83e3f64b0309393015917b193229a0347d0c9fabd115	아파트	안전가시설작업	철골 승강용트랩	아파트 > 안전가시설작업 > 철골 승강용트랩	NO_MATCH			NO_MATCH	SOURCE_CONCEPT_IS_NOT_A_TASK_SEMANTIC_FOR_CURRENT_CANONICAL_TASK_UNIVERSE	HIGH	c44be9c0edac197b175e84a2647497747a636ad71b27dfaa8308492a4616014a	a22f3a83f3cc2563554eb04b71ac8afc1faff44e3a6a594dd265ff04baafa2a6	GPT	B04	철골 승강용트랩	아파트 > 안전가시설작업 > 철골 승강용트랩	B04
423190363b84dbff2ff55f6a358d1f57ec255b0e991b8ba25e311d325d652591	81fd2ac32f8435cf648f45c596e8db2cc71f90d5c20344e7b64628547b748f94	아파트	기계설비작업	기계설비 자재반입	아파트 > 기계설비작업 > 기계설비 자재반입	CANONICAL_GAP				VALID_TASK_BUT_NO_SUITABLE_SINGLE_CANONICAL_TASK_IN_FROZEN_REFERENCE	MEDIUM	c44be9c0edac197b175e84a2647497747a636ad71b27dfaa8308492a4616014a	a22f3a83f3cc2563554eb04b71ac8afc1faff44e3a6a594dd265ff04baafa2a6	GPT	B04	기계설비 자재반입	아파트 > 기계설비작업 > 기계설비 자재반입	B04
4bd93685d2062f78d27b2c44b61ab033b00d8b0a811aad179bcd0ea5f3630268	8f4716b1b13605c48c674023bea46275087187fbdaf29b853aa0cac1454beb6f	아파트	가설도로작업	가설도로 시공	아파트 > 가설도로작업 > 가설도로 시공	CANONICAL_GAP				VALID_TASK_BUT_NO_SUITABLE_SINGLE_CANONICAL_TASK_IN_FROZEN_REFERENCE	MEDIUM	c44be9c0edac197b175e84a2647497747a636ad71b27dfaa8308492a4616014a	a22f3a83f3cc2563554eb04b71ac8afc1faff44e3a6a594dd265ff04baafa2a6	GPT	B04	가설도로 시공	아파트 > 가설도로작업 > 가설도로 시공	B04
510b9b35d3e47a41c0c2e03fdead92fe33c94022865205442b7ca5d534f19735	e7e1a3d92ea7a5b6dfb22dc8a6ee1b3e4d737b638729ebeb6c160d7188473286	아파트	위험기계기구작업	몰탈 믹서기	아파트 > 위험기계기구작업 > 몰탈 믹서기	NO_MATCH			NO_MATCH	SOURCE_CONCEPT_IS_NOT_A_TASK_SEMANTIC_FOR_CURRENT_CANONICAL_TASK_UNIVERSE	HIGH	c44be9c0edac197b175e84a2647497747a636ad71b27dfaa8308492a4616014a	a22f3a83f3cc2563554eb04b71ac8afc1faff44e3a6a594dd265ff04baafa2a6	GPT	B04	몰탈 믹서기	아파트 > 위험기계기구작업 > 몰탈 믹서기	B04
526043f015016d6b4be2cf083582ed12516d0a23b9f3a819c92c780f90461ea5	c31a68194e27e1c85a1de05bbbaaaa38318a1e4a04b765e49e2e50773cd840d8	아파트	안전가시설작업	작업발판	아파트 > 안전가시설작업 > 작업발판	NO_MATCH			NO_MATCH	SOURCE_CONCEPT_IS_NOT_A_TASK_SEMANTIC_FOR_CURRENT_CANONICAL_TASK_UNIVERSE	HIGH	c44be9c0edac197b175e84a2647497747a636ad71b27dfaa8308492a4616014a	a22f3a83f3cc2563554eb04b71ac8afc1faff44e3a6a594dd265ff04baafa2a6	GPT	B04	작업발판	아파트 > 안전가시설작업 > 작업발판	B04
533e0ec007e97e361e5a4093e6cd416fd490c776869bb84c73e39cfb456f3937	1e36fcb209cbef0338ba3a17b14450c0e4f063d4a94e4d9e788428924aa66b1d	아파트	가설전기작업	전선	아파트 > 가설전기작업 > 전선	NO_MATCH			NO_MATCH	SOURCE_CONCEPT_IS_NOT_A_TASK_SEMANTIC_FOR_CURRENT_CANONICAL_TASK_UNIVERSE	HIGH	c44be9c0edac197b175e84a2647497747a636ad71b27dfaa8308492a4616014a	a22f3a83f3cc2563554eb04b71ac8afc1faff44e3a6a594dd265ff04baafa2a6	GPT	B04	전선	아파트 > 가설전기작업 > 전선	B04
557f7c93b9b9f0f20ae96b8bcd0d18d4d33892d43827a3cde91925e119a4c630	fccabf461287db4559e99721dd62712ead4ed633d132e1bd6e843b73e9a5231a	아파트	금속 및 잡철물작업	금속 및 잡철물 자재반입	아파트 > 금속 및 잡철물작업 > 금속 및 잡철물 자재반입	CANONICAL_GAP				VALID_TASK_BUT_NO_SUITABLE_SINGLE_CANONICAL_TASK_IN_FROZEN_REFERENCE	MEDIUM	c44be9c0edac197b175e84a2647497747a636ad71b27dfaa8308492a4616014a	a22f3a83f3cc2563554eb04b71ac8afc1faff44e3a6a594dd265ff04baafa2a6	GPT	B04	금속 및 잡철물 자재반입	아파트 > 금속 및 잡철물작업 > 금속 및 잡철물 자재반입	B04
59f7dc0d09ba79c7768be45c5e6ae2d5c9f0536b50242da1456c65a7408b192e	019f81e967d0613b9e8f8704c283433f5d133afb3812f31a2b98e57bde4392e3	아파트	창호 및 유리작업	창호 및 유리 설치	아파트 > 창호 및 유리작업 > 창호 및 유리 설치	AMBIGUOUS			AMBIGUOUS	COMPOSITE_WINDOW_AND_GLASS_INSTALLATION_DOES_NOT_IDENTIFY_A_SINGLE_CANONICAL_TASK	MEDIUM	c44be9c0edac197b175e84a2647497747a636ad71b27dfaa8308492a4616014a	a22f3a83f3cc2563554eb04b71ac8afc1faff44e3a6a594dd265ff04baafa2a6	GPT	B04	창호 및 유리 설치	아파트 > 창호 및 유리작업 > 창호 및 유리 설치	B04
5d765903c29c4526688532c7fa58697fd8af536ac3f96fb944bf56e031ee08d9	c469423c996f4827ed7cefc2fe69a483650af49c1587107d4e175cebe032a7a8	아파트	전기설비작업	전기설비 설치	아파트 > 전기설비작업 > 전기설비 설치	AMBIGUOUS			AMBIGUOUS	GENERIC_ELECTRICAL_EQUIPMENT_INSTALLATION_DOES_NOT_IDENTIFY_A_SINGLE_CANONICAL_TASK	MEDIUM	c44be9c0edac197b175e84a2647497747a636ad71b27dfaa8308492a4616014a	a22f3a83f3cc2563554eb04b71ac8afc1faff44e3a6a594dd265ff04baafa2a6	GPT	B04	전기설비 설치	아파트 > 전기설비작업 > 전기설비 설치	B04
603e3ab1119503344f646d4613486cb790515407aad82c2f3c58a5bf5455a7bd	40336be964a68926fb84ab18c32ff6bd445b2c3ee197bb8aae32893a4a7fafe4	아파트	엘리베이터 설치작업	엘리베이터 가이드레일 설치	아파트 > 엘리베이터 설치작업 > 엘리베이터 가이드레일 설치	CANONICAL_GAP				VALID_TASK_BUT_NO_SUITABLE_SINGLE_CANONICAL_TASK_IN_FROZEN_REFERENCE	MEDIUM	c44be9c0edac197b175e84a2647497747a636ad71b27dfaa8308492a4616014a	a22f3a83f3cc2563554eb04b71ac8afc1faff44e3a6a594dd265ff04baafa2a6	GPT	B04	엘리베이터 가이드레일 설치	아파트 > 엘리베이터 설치작업 > 엘리베이터 가이드레일 설치	B04
62ea25dfc890c984f6479de5594296ade038b93e07943b9aa991351e555667a1	e1e8494c4682b61509797c0083fd99e6444219af53d56a2ec5f314885a3b363a	아파트	조경작업	조경시공 및 설치	아파트 > 조경작업 > 조경시공 및 설치	AMBIGUOUS			AMBIGUOUS	BROAD_COMPOSITE_LANDSCAPE_CONSTRUCTION_LABEL_DOES_NOT_IDENTIFY_A_SINGLE_CANONICAL_TASK	MEDIUM	c44be9c0edac197b175e84a2647497747a636ad71b27dfaa8308492a4616014a	a22f3a83f3cc2563554eb04b71ac8afc1faff44e3a6a594dd265ff04baafa2a6	GPT	B04	조경시공 및 설치	아파트 > 조경작업 > 조경시공 및 설치	B04
64437a62b38214105fc85ac8670c8cb9fc16dfd5de3d4b2c688d445f84c4640c	dec16f7b86d1f135da0c745ae44877337b08f49cfe3b8c402376b992fe3e04c3	아파트	금속 및 잡철물작업	금속 및 잡철물 시공	아파트 > 금속 및 잡철물작업 > 금속 및 잡철물 시공	AMBIGUOUS			AMBIGUOUS	BROAD_METAL_AND_MISCELLANEOUS_STEEL_WORK_DOES_NOT_IDENTIFY_A_SINGLE_CANONICAL_TASK	MEDIUM	c44be9c0edac197b175e84a2647497747a636ad71b27dfaa8308492a4616014a	a22f3a83f3cc2563554eb04b71ac8afc1faff44e3a6a594dd265ff04baafa2a6	GPT	B04	금속 및 잡철물 시공	아파트 > 금속 및 잡철물작업 > 금속 및 잡철물 시공	B04
6952afd805e0e40781c617ba580720e732a9e97f2b305088118b48e12e92f53f	5ea411d54b3c859a2c3fe4530b7fd61066bbd21d27fbbefdd504d7df4e0095fd	아파트	안전가시설작업	이동식 비계	아파트 > 안전가시설작업 > 이동식 비계	NO_MATCH			NO_MATCH	SOURCE_CONCEPT_IS_NOT_A_TASK_SEMANTIC_FOR_CURRENT_CANONICAL_TASK_UNIVERSE	HIGH	c44be9c0edac197b175e84a2647497747a636ad71b27dfaa8308492a4616014a	a22f3a83f3cc2563554eb04b71ac8afc1faff44e3a6a594dd265ff04baafa2a6	GPT	B04	이동식 비계	아파트 > 안전가시설작업 > 이동식 비계	B04
6c2d470bc22cebfffef394a5b8e9be04698516bfbe0945a9508a25ae7be73877	faf00d6b07d1884c46415783ff601f4f6455e07a0620e426181cbf5f64ee2e87	아파트	위험기계기구작업	그라우팅 장비	아파트 > 위험기계기구작업 > 그라우팅 장비	NO_MATCH			NO_MATCH	SOURCE_CONCEPT_IS_NOT_A_TASK_SEMANTIC_FOR_CURRENT_CANONICAL_TASK_UNIVERSE	HIGH	c44be9c0edac197b175e84a2647497747a636ad71b27dfaa8308492a4616014a	a22f3a83f3cc2563554eb04b71ac8afc1faff44e3a6a594dd265ff04baafa2a6	GPT	B04	그라우팅 장비	아파트 > 위험기계기구작업 > 그라우팅 장비	B04
6d8b5ce10180c30dc0c9102b37f7c412b70eb2f88a313b099a0f4d02853fa021	a1bbed7286d6231ff794ba56f60ffe86080e07751c444506651c3d232dc6a149	아파트	가설전기작업	조명등	아파트 > 가설전기작업 > 조명등	NO_MATCH			NO_MATCH	SOURCE_CONCEPT_IS_NOT_A_TASK_SEMANTIC_FOR_CURRENT_CANONICAL_TASK_UNIVERSE	HIGH	c44be9c0edac197b175e84a2647497747a636ad71b27dfaa8308492a4616014a	a22f3a83f3cc2563554eb04b71ac8afc1faff44e3a6a594dd265ff04baafa2a6	GPT	B04	조명등	아파트 > 가설전기작업 > 조명등	B04
6f789f1880f7587463615b302a15c8bceed3f8ffba128a45ad25ecec76c3021a	56dbb446af9811709d22e7634d1a7934f28e9832090c9acb5a588a15fd83b61b	아파트	안전가시설작업	경사지붕	아파트 > 안전가시설작업 > 경사지붕	NO_MATCH			NO_MATCH	SOURCE_CONCEPT_IS_NOT_A_TASK_SEMANTIC_FOR_CURRENT_CANONICAL_TASK_UNIVERSE	HIGH	c44be9c0edac197b175e84a2647497747a636ad71b27dfaa8308492a4616014a	a22f3a83f3cc2563554eb04b71ac8afc1faff44e3a6a594dd265ff04baafa2a6	GPT	B04	경사지붕	아파트 > 안전가시설작업 > 경사지붕	B04
700fc78572748144b0b9f719ca1f03ac7441d95a30f83899a5cda93b1a86de06	9782fca06b81e271b48e09f88ea18403ef6b542e3458ded0d8b11a4c00b654b6	아파트	위험기계기구작업	철근절단기 및 절곡기	아파트 > 위험기계기구작업 > 철근절단기 및 절곡기	NO_MATCH			NO_MATCH	SOURCE_CONCEPT_IS_NOT_A_TASK_SEMANTIC_FOR_CURRENT_CANONICAL_TASK_UNIVERSE	HIGH	c44be9c0edac197b175e84a2647497747a636ad71b27dfaa8308492a4616014a	a22f3a83f3cc2563554eb04b71ac8afc1faff44e3a6a594dd265ff04baafa2a6	GPT	B04	철근절단기 및 절곡기	아파트 > 위험기계기구작업 > 철근절단기 및 절곡기	B04
70cf2b4d397f0169ae1b0bbe3e4e53b14e4c2bb19630700ef021a6a6dc6efb96	861bb01ec296a1634a1073bbae6e3a0655ce9fb303d8b7498ed69c9f0e294a5d	아파트	위험기계기구작업	열풍기	아파트 > 위험기계기구작업 > 열풍기	NO_MATCH			NO_MATCH	SOURCE_CONCEPT_IS_NOT_A_TASK_SEMANTIC_FOR_CURRENT_CANONICAL_TASK_UNIVERSE	HIGH	c44be9c0edac197b175e84a2647497747a636ad71b27dfaa8308492a4616014a	a22f3a83f3cc2563554eb04b71ac8afc1faff44e3a6a594dd265ff04baafa2a6	GPT	B04	열풍기	아파트 > 위험기계기구작업 > 열풍기	B04
730625053d36307cc9d8ea0165e58aa715c993eb96f649611350ec7751ba0c29	903955464a6d486b12c7b44250919b0fc66157e9f5ed4b756d7b284de481ce73	아파트	가설전기작업	충전부	아파트 > 가설전기작업 > 충전부	NO_MATCH			NO_MATCH	SOURCE_CONCEPT_IS_NOT_A_TASK_SEMANTIC_FOR_CURRENT_CANONICAL_TASK_UNIVERSE	HIGH	c44be9c0edac197b175e84a2647497747a636ad71b27dfaa8308492a4616014a	a22f3a83f3cc2563554eb04b71ac8afc1faff44e3a6a594dd265ff04baafa2a6	GPT	B04	충전부	아파트 > 가설전기작업 > 충전부	B04
73ff39f57dc9fe5213d4a144764a7590c1a6347d92c52c9d9ad09b8613502cbc	980fd27bcbc9f38633c387245b693272b18882f9d65d747c5b616238c5c47b50	아파트	도장작업	실내도장	아파트 > 도장작업 > 실내도장	AMBIGUOUS			AMBIGUOUS	LOCATION_ONLY_PAINTING_LABEL_DOES_NOT_IDENTIFY_A_SINGLE_PAINTING_CANONICAL_TASK	MEDIUM	c44be9c0edac197b175e84a2647497747a636ad71b27dfaa8308492a4616014a	a22f3a83f3cc2563554eb04b71ac8afc1faff44e3a6a594dd265ff04baafa2a6	GPT	B04	실내도장	아파트 > 도장작업 > 실내도장	B04
743451b933674eb4223c730c285e97bada02f56d68e5ac85c7140ce9280468cc	9762a98a4285f1eec3acf5ae34a9f8b631587a169788227a07538e3f22d9d47e	아파트	지장물조사 및 이설작업	지장물 조사 굴착	아파트 > 지장물조사 및 이설작업 > 지장물 조사 굴착	CANONICAL_GAP				VALID_TASK_BUT_NO_SUITABLE_SINGLE_CANONICAL_TASK_IN_FROZEN_REFERENCE	MEDIUM	c44be9c0edac197b175e84a2647497747a636ad71b27dfaa8308492a4616014a	a22f3a83f3cc2563554eb04b71ac8afc1faff44e3a6a594dd265ff04baafa2a6	GPT	B04	지장물 조사 굴착	아파트 > 지장물조사 및 이설작업 > 지장물 조사 굴착	B04
7551d6bf30e911006f1fedf2644638324c4dd1bcbcdfed806aa9f389d6a55977	6d2c8e67e629ceaa6e14af02eb50dd52486a5e1ddb44c8e6968f7fa57bd305c5	아파트	되메움작업	되메움 토사 다짐	아파트 > 되메움작업 > 되메움 토사 다짐	CANONICAL_GAP				VALID_TASK_BUT_NO_SUITABLE_SINGLE_CANONICAL_TASK_IN_FROZEN_REFERENCE	MEDIUM	c44be9c0edac197b175e84a2647497747a636ad71b27dfaa8308492a4616014a	a22f3a83f3cc2563554eb04b71ac8afc1faff44e3a6a594dd265ff04baafa2a6	GPT	B04	되메움 토사 다짐	아파트 > 되메움작업 > 되메움 토사 다짐	B04
767f8ecf2d84965f8797a281b6a976b75da7d9451c2aec8dd29d4ce81cb4daf2	0fbf56aa888ace63fc9f6420d1826e730dcd18de638bd19fdc051de9aeab85cf	아파트	안전가시설작업	달대비계	아파트 > 안전가시설작업 > 달대비계	NO_MATCH			NO_MATCH	SOURCE_CONCEPT_IS_NOT_A_TASK_SEMANTIC_FOR_CURRENT_CANONICAL_TASK_UNIVERSE	HIGH	c44be9c0edac197b175e84a2647497747a636ad71b27dfaa8308492a4616014a	a22f3a83f3cc2563554eb04b71ac8afc1faff44e3a6a594dd265ff04baafa2a6	GPT	B04	달대비계	아파트 > 안전가시설작업 > 달대비계	B04
78cf73857e96c94e7d564fdf5e94376900b205f31ec5fbc8db919437f140719d	e9530f19d314cba21f1f5ae979263f7e5c042fb4edb953581f020ac41895f85f	아파트	부대토목작업	부대토목 옹벽시공	아파트 > 부대토목작업 > 부대토목 옹벽시공	CANONICAL_GAP				VALID_TASK_BUT_NO_SUITABLE_SINGLE_CANONICAL_TASK_IN_FROZEN_REFERENCE	MEDIUM	c44be9c0edac197b175e84a2647497747a636ad71b27dfaa8308492a4616014a	a22f3a83f3cc2563554eb04b71ac8afc1faff44e3a6a594dd265ff04baafa2a6	GPT	B04	부대토목 옹벽시공	아파트 > 부대토목작업 > 부대토목 옹벽시공	B04
790b79cdc9050755e5be1d386f8c2902ae83fd6019cc5375067a92166ebb29e8	286428d849d269933a6938c6bd28f240a595510328eed027cbfc6d3b202b6ff2	아파트	조적	미장 및 견출작업	아파트 > 조적 > 미장 및 견출작업	AMBIGUOUS			AMBIGUOUS	COMPOSITE_PLASTERING_AND_SURFACE_FINISHING_LABEL_SPANS_MULTIPLE_CANONICAL_TASKS	MEDIUM	c44be9c0edac197b175e84a2647497747a636ad71b27dfaa8308492a4616014a	a22f3a83f3cc2563554eb04b71ac8afc1faff44e3a6a594dd265ff04baafa2a6	GPT	B04	미장 및 견출작업	아파트 > 조적 > 미장 및 견출작업	B04
7ca5114099d94732ee7cea2c89f8b7ffa2265fa0bc5a1516d13c9c00ac561806	dcafdcc9bd780cc457898c8134b6beb99bd2a6c3d853b4aa2e5d3fb940cfd162	아파트	가설도로작업	가설도로 벌목 및 표토제거	아파트 > 가설도로작업 > 가설도로 벌목 및 표토제거	MAP_EXISTING_CANONICAL	a7106b20-76ca-427f-aa45-2f0b1d417f15	표토제거	POSSIBLE_RELATED	COMPOSITE_SOURCE_INCLUDES_TOPSOIL_REMOVAL_BUT_ALSO_TREE_CLEARING	MEDIUM	c44be9c0edac197b175e84a2647497747a636ad71b27dfaa8308492a4616014a	a22f3a83f3cc2563554eb04b71ac8afc1faff44e3a6a594dd265ff04baafa2a6	GPT	B04	가설도로 벌목 및 표토제거	아파트 > 가설도로작업 > 가설도로 벌목 및 표토제거	B04
7e97e3823526b98b9939ed0364d6308b0cac7d0efd9156a466e286de69eebb00	82cd1b3a10bebc24d585aaa3f94eff29acba12e6fd22b60625bf7ee27207b17e	아파트	안전가시설작업	개구부	아파트 > 안전가시설작업 > 개구부	NO_MATCH			NO_MATCH	SOURCE_CONCEPT_IS_NOT_A_TASK_SEMANTIC_FOR_CURRENT_CANONICAL_TASK_UNIVERSE	HIGH	c44be9c0edac197b175e84a2647497747a636ad71b27dfaa8308492a4616014a	a22f3a83f3cc2563554eb04b71ac8afc1faff44e3a6a594dd265ff04baafa2a6	GPT	B04	개구부	아파트 > 안전가시설작업 > 개구부	B04
81c7001b03d49cbb1e5fda7949b0b637bf3670edc50f61715f9c4ff7d8cf7388	38c49be164542c0b351fb4ff3c363b57d8b4175e22ae0290eb583a8f26fcb4de	아파트	그라우팅작업	그라우팅 천공 및 시공	아파트 > 그라우팅작업 > 그라우팅 천공 및 시공	MAP_EXISTING_CANONICAL	0ca62c6e-768e-4f68-8198-9abed44589b1	그라우팅천공	POSSIBLE_RELATED	COMPOSITE_SOURCE_INCLUDES_GROUTING_DRILLING_BUT_ALSO_ADDITIONAL_GROUTING_EXECUTION	MEDIUM	c44be9c0edac197b175e84a2647497747a636ad71b27dfaa8308492a4616014a	a22f3a83f3cc2563554eb04b71ac8afc1faff44e3a6a594dd265ff04baafa2a6	GPT	B04	그라우팅 천공 및 시공	아파트 > 그라우팅작업 > 그라우팅 천공 및 시공	B04
8256d1168e9c1a53d60458bc95f7c685cf43c189051582ec3133b5702080e63f	28b02366a6737971d409e792d89b64020e4823d5d5f67d21f7f94f6aa462cf55	아파트	엘리베이터 설치작업	엘리베이터 기계설치	아파트 > 엘리베이터 설치작업 > 엘리베이터 기계설치	CANONICAL_GAP				VALID_TASK_BUT_NO_SUITABLE_SINGLE_CANONICAL_TASK_IN_FROZEN_REFERENCE	MEDIUM	c44be9c0edac197b175e84a2647497747a636ad71b27dfaa8308492a4616014a	a22f3a83f3cc2563554eb04b71ac8afc1faff44e3a6a594dd265ff04baafa2a6	GPT	B04	엘리베이터 기계설치	아파트 > 엘리베이터 설치작업 > 엘리베이터 기계설치	B04
86d8324fe76760bfa94fbc0cdb6151a2c45d417b1078b92b06c7f2b1edaa8ba7	97215d36192af91ac0bc1604636d6de2990a32db422d0faaeccbab315bed457a	아파트	지장물조사 및 이설작업	지장물 이설	아파트 > 지장물조사 및 이설작업 > 지장물 이설	CANONICAL_GAP				VALID_TASK_BUT_NO_SUITABLE_SINGLE_CANONICAL_TASK_IN_FROZEN_REFERENCE	MEDIUM	c44be9c0edac197b175e84a2647497747a636ad71b27dfaa8308492a4616014a	a22f3a83f3cc2563554eb04b71ac8afc1faff44e3a6a594dd265ff04baafa2a6	GPT	B04	지장물 이설	아파트 > 지장물조사 및 이설작업 > 지장물 이설	B04
882f445b6250f0a1b513198644bf954072b80d4f920f27b1f84c1a54742d77b1	24737f2782a5e165b432823c01bb0ead175079c15315b1161a4b48d296c09f5d	아파트	굴착작업	굴착 장비반입	아파트 > 굴착작업 > 굴착 장비반입	CANONICAL_GAP				VALID_TASK_BUT_NO_SUITABLE_SINGLE_CANONICAL_TASK_IN_FROZEN_REFERENCE	MEDIUM	c44be9c0edac197b175e84a2647497747a636ad71b27dfaa8308492a4616014a	a22f3a83f3cc2563554eb04b71ac8afc1faff44e3a6a594dd265ff04baafa2a6	GPT	B04	굴착 장비반입	아파트 > 굴착작업 > 굴착 장비반입	B04
890257db179698b9bfd53fe6d2569c5dbf63c6b0a565cb78be548ece22126220	901a83f96dce87dd7b7757770aaee4ae5fe9c67d83dad582d02ec78836719ea6	아파트	양중기작업	이동식 크레인	아파트 > 양중기작업 > 이동식 크레인	NO_MATCH			NO_MATCH	SOURCE_CONCEPT_IS_NOT_A_TASK_SEMANTIC_FOR_CURRENT_CANONICAL_TASK_UNIVERSE	HIGH	c44be9c0edac197b175e84a2647497747a636ad71b27dfaa8308492a4616014a	a22f3a83f3cc2563554eb04b71ac8afc1faff44e3a6a594dd265ff04baafa2a6	GPT	B04	이동식 크레인	아파트 > 양중기작업 > 이동식 크레인	B04
8940c96a230dee4afb4592e9f308bd394df9a91477c534189438726916ede1e7	8c1870e9e0a8dba161bbcf0cff1f0c252147b167a32cefd06cc8974c5dfbe335	아파트	거푸집작업	거푸집 동바리 인양	아파트 > 거푸집작업 > 거푸집 동바리 인양	CANONICAL_GAP				VALID_TASK_BUT_NO_SUITABLE_SINGLE_CANONICAL_TASK_IN_FROZEN_REFERENCE	MEDIUM	c44be9c0edac197b175e84a2647497747a636ad71b27dfaa8308492a4616014a	a22f3a83f3cc2563554eb04b71ac8afc1faff44e3a6a594dd265ff04baafa2a6	GPT	B04	거푸집 동바리 인양	아파트 > 거푸집작업 > 거푸집 동바리 인양	B04
897ebba40376ccadfb5cbc4ac0caf2e4f6f479d86e725dea6a2e1dd8fb5e7d85	1ada6e9838b9e2b3434a2c7e1bbf0efa6c53721628ebbba4963b6fa376711d52	아파트	안전가시설작업	추락방지망	아파트 > 안전가시설작업 > 추락방지망	NO_MATCH			NO_MATCH	SOURCE_CONCEPT_IS_NOT_A_TASK_SEMANTIC_FOR_CURRENT_CANONICAL_TASK_UNIVERSE	HIGH	c44be9c0edac197b175e84a2647497747a636ad71b27dfaa8308492a4616014a	a22f3a83f3cc2563554eb04b71ac8afc1faff44e3a6a594dd265ff04baafa2a6	GPT	B04	추락방지망	아파트 > 안전가시설작업 > 추락방지망	B04
8a058890e5b99ac9c0d128bf22bf933d8ec3f371dd7a3957454bc6996c0b4171	e3a9752786d2d0a42979415ca8d7ae7b37ea78e242c46d4309ed356dcc9cf8d1	아파트	안전가시설작업	낙하물 방지망	아파트 > 안전가시설작업 > 낙하물 방지망	NO_MATCH			NO_MATCH	SOURCE_CONCEPT_IS_NOT_A_TASK_SEMANTIC_FOR_CURRENT_CANONICAL_TASK_UNIVERSE	HIGH	c44be9c0edac197b175e84a2647497747a636ad71b27dfaa8308492a4616014a	a22f3a83f3cc2563554eb04b71ac8afc1faff44e3a6a594dd265ff04baafa2a6	GPT	B04	낙하물 방지망	아파트 > 안전가시설작업 > 낙하물 방지망	B04
8a3b3d80c8ffd8986c1a3307be717e5351e94f93916aeaa6f31ef25ec855c529	47f8cf7b99ffa8da408f45464b47bacf2cb14cfa2f23ffbe4a3c55b450867fb4	아파트	갱폼작업	갱폼 인양 설치	아파트 > 갱폼작업 > 갱폼 인양 설치	CANONICAL_GAP				VALID_TASK_BUT_NO_SUITABLE_SINGLE_CANONICAL_TASK_IN_FROZEN_REFERENCE	MEDIUM	c44be9c0edac197b175e84a2647497747a636ad71b27dfaa8308492a4616014a	a22f3a83f3cc2563554eb04b71ac8afc1faff44e3a6a594dd265ff04baafa2a6	GPT	B04	갱폼 인양 설치	아파트 > 갱폼작업 > 갱폼 인양 설치	B04
8dbb702ea1394690cf0ed602a5fc84ad7d0858d88a4524bf1a353637dc8138ea	dac358b068a2a0d16a872cad08be58355993bdcb3f30f403b4f345fbd8ddfa46	아파트	발파작업	발파 장약	아파트 > 발파작업 > 발파 장약	MAP_EXISTING_CANONICAL	bae014b7-2474-48f7-b5c0-0e9f30a0ff56	발파	NARROWER_THAN	EXPLOSIVE_CHARGING_IS_A_SPECIFIC_SUBACTIVITY_OF_BLASTING	HIGH	c44be9c0edac197b175e84a2647497747a636ad71b27dfaa8308492a4616014a	a22f3a83f3cc2563554eb04b71ac8afc1faff44e3a6a594dd265ff04baafa2a6	GPT	B04	발파 장약	아파트 > 발파작업 > 발파 장약	B04
960d886113e3cfd92485454db373a544ed24b57ea7fc16a4940afb5daa953bd9	14da7e29d2fb1f30d9277b6418fcc3f0e789f3c0f448f1b2a98bacaa25c216e2	아파트	가설전기작업	수배전설비	아파트 > 가설전기작업 > 수배전설비	NO_MATCH			NO_MATCH	SOURCE_CONCEPT_IS_NOT_A_TASK_SEMANTIC_FOR_CURRENT_CANONICAL_TASK_UNIVERSE	HIGH	c44be9c0edac197b175e84a2647497747a636ad71b27dfaa8308492a4616014a	a22f3a83f3cc2563554eb04b71ac8afc1faff44e3a6a594dd265ff04baafa2a6	GPT	B04	수배전설비	아파트 > 가설전기작업 > 수배전설비	B04
9bf40d699cc21f283e872c2793581e57601f9f1cd27c982a44db31b8e7153953	58b626e740b9e2b64c2b860870edd3a4263718c7095c946d329630853afc76b9	아파트	기초파일작업	기초파일 천공	아파트 > 기초파일작업 > 기초파일 천공	CANONICAL_GAP				VALID_TASK_BUT_NO_SUITABLE_SINGLE_CANONICAL_TASK_IN_FROZEN_REFERENCE	MEDIUM	c44be9c0edac197b175e84a2647497747a636ad71b27dfaa8308492a4616014a	a22f3a83f3cc2563554eb04b71ac8afc1faff44e3a6a594dd265ff04baafa2a6	GPT	B04	기초파일 천공	아파트 > 기초파일작업 > 기초파일 천공	B04
9e12573324f42dbae7017b3dc3212c1a400cf14018e28be0f2c92d0f653f429d	b7ca3a94df179acee12b52174739b90a7d98d6a695b2d54fa3bc980ce8b09597	아파트	기초파일작업	기초파일 두부정리	아파트 > 기초파일작업 > 기초파일 두부정리	CANONICAL_GAP				VALID_TASK_BUT_NO_SUITABLE_SINGLE_CANONICAL_TASK_IN_FROZEN_REFERENCE	MEDIUM	c44be9c0edac197b175e84a2647497747a636ad71b27dfaa8308492a4616014a	a22f3a83f3cc2563554eb04b71ac8afc1faff44e3a6a594dd265ff04baafa2a6	GPT	B04	기초파일 두부정리	아파트 > 기초파일작업 > 기초파일 두부정리	B04
a2ee6f25f451d0047fcbc1b2eb82720ad7f16d0c84e996ccde09f0b54855e512	adf138af62fff2a82c4227b13705c62452d832b3d5bb8018cb306bdb2e899167	빌딩	흙막이지보공작업	흙막이지보공 해체	빌딩 > 흙막이지보공작업 > 흙막이지보공 해체	CANONICAL_GAP				VALID_TASK_BUT_NO_SUITABLE_SINGLE_CANONICAL_TASK_IN_FROZEN_REFERENCE	MEDIUM	c44be9c0edac197b175e84a2647497747a636ad71b27dfaa8308492a4616014a	a22f3a83f3cc2563554eb04b71ac8afc1faff44e3a6a594dd265ff04baafa2a6	GPT	B04	흙막이지보공 해체	빌딩 > 흙막이지보공작업 > 흙막이지보공 해체	B04
a7636b3af030f8c42091f4280a6330060ca8d9696e62b0fae0221bce8117fd88	d112394908ff4025366bff4f7a2f8e291fb2b0fba69adfb6fc87da0eb6c579e4	아파트	굴착작업	굴착	아파트 > 굴착작업 > 굴착	AMBIGUOUS			AMBIGUOUS	GENERIC_EXCAVATION_SPANS_MULTIPLE_SPECIFIC_CANONICAL_EXCAVATION_TASKS	HIGH	c44be9c0edac197b175e84a2647497747a636ad71b27dfaa8308492a4616014a	a22f3a83f3cc2563554eb04b71ac8afc1faff44e3a6a594dd265ff04baafa2a6	GPT	B04	굴착	아파트 > 굴착작업 > 굴착	B04
a7be26d74665fc5d1dfdec94c2c7ab661a1dbf115aad0e9757fce0e92dfc6b3c	d8125c0492071664a5fca41960e73a7c3241e0c7e8c785eade83c1701f330e21	아파트	안전가시설작업	비계	아파트 > 안전가시설작업 > 비계	NO_MATCH			NO_MATCH	SOURCE_CONCEPT_IS_NOT_A_TASK_SEMANTIC_FOR_CURRENT_CANONICAL_TASK_UNIVERSE	HIGH	c44be9c0edac197b175e84a2647497747a636ad71b27dfaa8308492a4616014a	a22f3a83f3cc2563554eb04b71ac8afc1faff44e3a6a594dd265ff04baafa2a6	GPT	B04	비계	아파트 > 안전가시설작업 > 비계	B04
a8457f2544dcd05a3a085a563cb03cbc7bb074082d35abb691df1a6df7e05088	c3acea604bd3cde456b9e3dbf2e132643569cb8b08a2a467166b42c0eca1b6ca	아파트	발파작업	발파 암처리	아파트 > 발파작업 > 발파 암처리	MAP_EXISTING_CANONICAL	bae014b7-2474-48f7-b5c0-0e9f30a0ff56	발파	POSSIBLE_RELATED	BLASTED_ROCK_HANDLING_IS_RELATED_TO_BLASTING_BUT_IS_NOT_THE_SAME_TASK	MEDIUM	c44be9c0edac197b175e84a2647497747a636ad71b27dfaa8308492a4616014a	a22f3a83f3cc2563554eb04b71ac8afc1faff44e3a6a594dd265ff04baafa2a6	GPT	B04	발파 암처리	아파트 > 발파작업 > 발파 암처리	B04
aa2b16c1ffd2779c10798254af3054f6474003ac9ba0335763e88b218d2e2c83	e899c4555560678cac9e7bfc4d5dc35420b4233548f372eb89626cf6069c5568	아파트	갱폼작업	갱폼 해체 반출	아파트 > 갱폼작업 > 갱폼 해체 반출	CANONICAL_GAP				VALID_TASK_BUT_NO_SUITABLE_SINGLE_CANONICAL_TASK_IN_FROZEN_REFERENCE	MEDIUM	c44be9c0edac197b175e84a2647497747a636ad71b27dfaa8308492a4616014a	a22f3a83f3cc2563554eb04b71ac8afc1faff44e3a6a594dd265ff04baafa2a6	GPT	B04	갱폼 해체 반출	아파트 > 갱폼작업 > 갱폼 해체 반출	B04
b32d297f97dbff77cca929b7eddd3db8e916e7edadff6267e67bb9d18057745b	38364b46ef78650d06a0fbbaf20effc96c13553cd290c2cbe4a8261e1ae22a27	아파트	거푸집작업	거푸집 동바리 조립	아파트 > 거푸집작업 > 거푸집 동바리 조립	CANONICAL_GAP				VALID_TASK_BUT_NO_SUITABLE_SINGLE_CANONICAL_TASK_IN_FROZEN_REFERENCE	MEDIUM	c44be9c0edac197b175e84a2647497747a636ad71b27dfaa8308492a4616014a	a22f3a83f3cc2563554eb04b71ac8afc1faff44e3a6a594dd265ff04baafa2a6	GPT	B04	거푸집 동바리 조립	아파트 > 거푸집작업 > 거푸집 동바리 조립	B04
b45f146f98bce3713ec64bd1a684f6ec03af79829f28dcaeffb626b3afbea4e8	cc7e75f371aa005ccfb842368b9f2f8842f8f33d3ac23fcbac559d31a1ed4007	아파트	위험기계기구작업	연삭기	아파트 > 위험기계기구작업 > 연삭기	NO_MATCH			NO_MATCH	SOURCE_CONCEPT_IS_NOT_A_TASK_SEMANTIC_FOR_CURRENT_CANONICAL_TASK_UNIVERSE	HIGH	c44be9c0edac197b175e84a2647497747a636ad71b27dfaa8308492a4616014a	a22f3a83f3cc2563554eb04b71ac8afc1faff44e3a6a594dd265ff04baafa2a6	GPT	B04	연삭기	아파트 > 위험기계기구작업 > 연삭기	B04
b4d2713a1d1f23a7b4b8d5ca7c4d54729135bbb290ba0d1cc284030b07d5fed6	6bb391825a6189c52fc7df1d16a18e8b38840194819d817aa947ed4f71d8790b	아파트	수장작업	수장 자재반입	아파트 > 수장작업 > 수장 자재반입	CANONICAL_GAP				VALID_TASK_BUT_NO_SUITABLE_SINGLE_CANONICAL_TASK_IN_FROZEN_REFERENCE	MEDIUM	c44be9c0edac197b175e84a2647497747a636ad71b27dfaa8308492a4616014a	a22f3a83f3cc2563554eb04b71ac8afc1faff44e3a6a594dd265ff04baafa2a6	GPT	B04	수장 자재반입	아파트 > 수장작업 > 수장 자재반입	B04
b5f95db50ba5873631d7f60202c90742a2755f44bed4350a457fee28edea27b7	1222b83e4dafed6e2f0c28e6c8cd0b9f55c480ab468725dcc11baa6eb2863723	아파트	갱폼작업	갱폼 조립	아파트 > 갱폼작업 > 갱폼 조립	CANONICAL_GAP				VALID_TASK_BUT_NO_SUITABLE_SINGLE_CANONICAL_TASK_IN_FROZEN_REFERENCE	MEDIUM	c44be9c0edac197b175e84a2647497747a636ad71b27dfaa8308492a4616014a	a22f3a83f3cc2563554eb04b71ac8afc1faff44e3a6a594dd265ff04baafa2a6	GPT	B04	갱폼 조립	아파트 > 갱폼작업 > 갱폼 조립	B04
b7c2221657ce435c09e17d8d9aa4c09d4064c6a6e06f84df83bacba13ba76f09	a9e21fc4337e48cb8d364706242f68e719f6ac182395a7839467370d59e08659	아파트	수장작업	수장시공(석고보드	아파트 > 수장작업 > 수장시공(석고보드	AMBIGUOUS			AMBIGUOUS	GYPSUM_BOARD_SOURCE_IS_INCOMPLETE_AND_DOES_NOT_DISTINGUISH_WALL_FROM_CEILING_INSTALLATION	MEDIUM	c44be9c0edac197b175e84a2647497747a636ad71b27dfaa8308492a4616014a	a22f3a83f3cc2563554eb04b71ac8afc1faff44e3a6a594dd265ff04baafa2a6	GPT	B04	수장시공(석고보드	아파트 > 수장작업 > 수장시공(석고보드	B04
c9ee21f243975e2851be7a7d6ccfe8f7f575199a77ea20ee4306d5542297177b	4a3dbd922c659097d1433bcf1ab545cdc988aac7912806e9f5316923df385e44	아파트	석재 및 타일작업	석재 및 타일 줄눈	아파트 > 석재 및 타일작업 > 석재 및 타일 줄눈	AMBIGUOUS			AMBIGUOUS	GENERIC_STONE_AND_TILE_JOINT_WORK_SPANS_MULTIPLE_STONE_TILE_SEALING_CANONICAL_TASKS	MEDIUM	c44be9c0edac197b175e84a2647497747a636ad71b27dfaa8308492a4616014a	a22f3a83f3cc2563554eb04b71ac8afc1faff44e3a6a594dd265ff04baafa2a6	GPT	B04	석재 및 타일 줄눈	아파트 > 석재 및 타일작업 > 석재 및 타일 줄눈	B04
cbede62e42b90a2f39f1162d878703331e95520ea78aa0de9b2f908855e6bb96	f86f1107a55bbc577b9ddcbc457941ea31bc599622cd8423908dbc4afcce10b8	아파트	위험기계기구작업	이동식 발전기	아파트 > 위험기계기구작업 > 이동식 발전기	NO_MATCH			NO_MATCH	SOURCE_CONCEPT_IS_NOT_A_TASK_SEMANTIC_FOR_CURRENT_CANONICAL_TASK_UNIVERSE	HIGH	c44be9c0edac197b175e84a2647497747a636ad71b27dfaa8308492a4616014a	a22f3a83f3cc2563554eb04b71ac8afc1faff44e3a6a594dd265ff04baafa2a6	GPT	B04	이동식 발전기	아파트 > 위험기계기구작업 > 이동식 발전기	B04
ce29b6ffb019aa27a6c0e88d32631f2e168912b09086e3f9fb61d2f78eab31cf	9d4d1116c36361c04be1d19dd9e59b8b1c96212d2cdbc74d0711878c5086fabb	아파트	전기설비작업	전기 특고압선로	아파트 > 전기설비작업 > 전기 특고압선로	NO_MATCH			NO_MATCH	SOURCE_CONCEPT_IS_NOT_A_TASK_SEMANTIC_FOR_CURRENT_CANONICAL_TASK_UNIVERSE	HIGH	c44be9c0edac197b175e84a2647497747a636ad71b27dfaa8308492a4616014a	a22f3a83f3cc2563554eb04b71ac8afc1faff44e3a6a594dd265ff04baafa2a6	GPT	B04	전기 특고압선로	아파트 > 전기설비작업 > 전기 특고압선로	B04
cf290cb46d894e840709968cbd9365cc5397f9b53677dd359278c086ff8bead7	b0a3330bec95ccd075bf4d69c4b280bdfad5ba7ba7c72d3ca685a8fc4097d373	아파트	양중기작업	특수 작업대	아파트 > 양중기작업 > 특수 작업대	NO_MATCH			NO_MATCH	SOURCE_CONCEPT_IS_NOT_A_TASK_SEMANTIC_FOR_CURRENT_CANONICAL_TASK_UNIVERSE	HIGH	c44be9c0edac197b175e84a2647497747a636ad71b27dfaa8308492a4616014a	a22f3a83f3cc2563554eb04b71ac8afc1faff44e3a6a594dd265ff04baafa2a6	GPT	B04	특수 작업대	아파트 > 양중기작업 > 특수 작업대	B04
d207bf554cb0308aa8f1790b9f516a1bef0523c4ba77960af6db05a721133594	c0d6be81f2967d720ba5761ff6a56fb1a07b08cae394f63b5fe10506324d19eb	아파트	작업환경	작업환경 (환기)	아파트 > 작업환경 > 작업환경 (환기)	NO_MATCH			NO_MATCH	SOURCE_CONCEPT_IS_NOT_A_TASK_SEMANTIC_FOR_CURRENT_CANONICAL_TASK_UNIVERSE	HIGH	c44be9c0edac197b175e84a2647497747a636ad71b27dfaa8308492a4616014a	a22f3a83f3cc2563554eb04b71ac8afc1faff44e3a6a594dd265ff04baafa2a6	GPT	B04	작업환경 (환기)	아파트 > 작업환경 > 작업환경 (환기)	B04
d2ba51597c11161e3b47cc0ea5f59545a27b1439769abc208eca24f9cd2ef2fe	b33fcd40d98b4db170b171a34ff03ab5d7297d19e01fbf1462d7fd537c8aef94	아파트	양중기작업	윈치	아파트 > 양중기작업 > 윈치	NO_MATCH			NO_MATCH	SOURCE_CONCEPT_IS_NOT_A_TASK_SEMANTIC_FOR_CURRENT_CANONICAL_TASK_UNIVERSE	HIGH	c44be9c0edac197b175e84a2647497747a636ad71b27dfaa8308492a4616014a	a22f3a83f3cc2563554eb04b71ac8afc1faff44e3a6a594dd265ff04baafa2a6	GPT	B04	윈치	아파트 > 양중기작업 > 윈치	B04
d391a5872ef7c4361fc4d8ca596f5e821bc54eb314329058a2771826fa6ab206	cb385c6026aff9239bb2001fa85d8d5bd0a270b9a3874bfe8b72bf1d3f3b78db	아파트	가설전기작업	교류아크 용접기	아파트 > 가설전기작업 > 교류아크 용접기	NO_MATCH			NO_MATCH	SOURCE_CONCEPT_IS_NOT_A_TASK_SEMANTIC_FOR_CURRENT_CANONICAL_TASK_UNIVERSE	HIGH	c44be9c0edac197b175e84a2647497747a636ad71b27dfaa8308492a4616014a	a22f3a83f3cc2563554eb04b71ac8afc1faff44e3a6a594dd265ff04baafa2a6	GPT	B04	교류아크 용접기	아파트 > 가설전기작업 > 교류아크 용접기	B04
d543466f162b19ffe1eb34b8e51699ef0c3741603f296ea7def83bcce0af7f4a	65fe2f95b9469dc3db6ebf294276a2f619b1d928a82aef392a8dc9a9bab2004f	아파트	가설전기작업	이동석전기 기계기구	아파트 > 가설전기작업 > 이동석전기 기계기구	NO_MATCH			NO_MATCH	SOURCE_CONCEPT_IS_NOT_A_TASK_SEMANTIC_FOR_CURRENT_CANONICAL_TASK_UNIVERSE	HIGH	c44be9c0edac197b175e84a2647497747a636ad71b27dfaa8308492a4616014a	a22f3a83f3cc2563554eb04b71ac8afc1faff44e3a6a594dd265ff04baafa2a6	GPT	B04	이동석전기 기계기구	아파트 > 가설전기작업 > 이동석전기 기계기구	B04
d562cce88a7586226079968ba857e34f56c409767c72b27888229d14322cb08b	c52163d322a199cc5e0886a2e7131da67e28a3e849466c5c1843a569606cdf4f	아파트	기초파일작업	기초파일 자재·장비반입	아파트 > 기초파일작업 > 기초파일 자재·장비반입	CANONICAL_GAP				VALID_TASK_BUT_NO_SUITABLE_SINGLE_CANONICAL_TASK_IN_FROZEN_REFERENCE	MEDIUM	c44be9c0edac197b175e84a2647497747a636ad71b27dfaa8308492a4616014a	a22f3a83f3cc2563554eb04b71ac8afc1faff44e3a6a594dd265ff04baafa2a6	GPT	B04	기초파일 자재 장비반입	아파트 > 기초파일작업 > 기초파일 자재 장비반입	B04
d65262b21b49595a2fa6d00d96776fa28c78f72ba355495773d2941fd73df5ce	c627b12da00d39f633c0d5cb113cb8a8751051d207d3d5bf4e332d9b742c4fef	아파트	발파작업	발파 천공	아파트 > 발파작업 > 발파 천공	MAP_EXISTING_CANONICAL	bae014b7-2474-48f7-b5c0-0e9f30a0ff56	발파	NARROWER_THAN	BLAST_HOLE_DRILLING_IS_A_SPECIFIC_SUBACTIVITY_OF_BLASTING	HIGH	c44be9c0edac197b175e84a2647497747a636ad71b27dfaa8308492a4616014a	a22f3a83f3cc2563554eb04b71ac8afc1faff44e3a6a594dd265ff04baafa2a6	GPT	B04	발파 천공	아파트 > 발파작업 > 발파 천공	B04
defa5d15f94ac6ad466dec99848e6a866019a2f473094c85207bad9f83a6ae59	b439ae20f59071a21eabd2b8236e351dfd1ac0a38c3747bdfdad9f93e6e7673b	아파트	석재 및 타일작업	석재 및 타일 붙임	아파트 > 석재 및 타일작업 > 석재 및 타일 붙임	AMBIGUOUS			AMBIGUOUS	GENERIC_STONE_AND_TILE_ADHESION_SPANS_MULTIPLE_MATERIAL_AND_SURFACE_SPECIFIC_CANONICAL_TASKS	MEDIUM	c44be9c0edac197b175e84a2647497747a636ad71b27dfaa8308492a4616014a	a22f3a83f3cc2563554eb04b71ac8afc1faff44e3a6a594dd265ff04baafa2a6	GPT	B04	석재 및 타일 붙임	아파트 > 석재 및 타일작업 > 석재 및 타일 붙임	B04
e407d44ee80c937a06eb0accb379695d221d937bb8434818d997dbc9676ab195	224eb2a7155a72d28f15f6489ac8501297ce85eb348da2e749e333bf055fece6	아파트	양중기작업	타워크레인	아파트 > 양중기작업 > 타워크레인	NO_MATCH			NO_MATCH	SOURCE_CONCEPT_IS_NOT_A_TASK_SEMANTIC_FOR_CURRENT_CANONICAL_TASK_UNIVERSE	HIGH	c44be9c0edac197b175e84a2647497747a636ad71b27dfaa8308492a4616014a	a22f3a83f3cc2563554eb04b71ac8afc1faff44e3a6a594dd265ff04baafa2a6	GPT	B04	타워크레인	아파트 > 양중기작업 > 타워크레인	B04
e45bea18caf0bef23c4be7db02ed898e2b5e19e210a449f969190d8caff92c94	b09f78343467b7ee078a78ee81b33b3196a05ee4a7c70fa80f843e9df800d0db	아파트	기초파일작업	기초 파일항타	아파트 > 기초파일작업 > 기초 파일항타	CANONICAL_GAP				VALID_TASK_BUT_NO_SUITABLE_SINGLE_CANONICAL_TASK_IN_FROZEN_REFERENCE	MEDIUM	c44be9c0edac197b175e84a2647497747a636ad71b27dfaa8308492a4616014a	a22f3a83f3cc2563554eb04b71ac8afc1faff44e3a6a594dd265ff04baafa2a6	GPT	B04	기초 파일항타	아파트 > 기초파일작업 > 기초 파일항타	B04
e488fc27acd59642295d984ebc940f20b5269a46b03190ef4bc405221924538e	a5e4987bd41f3117d452b453898fb254595827d82827acb038db8b2cca143027	아파트	굴착작업	굴착 토사반출	아파트 > 굴착작업 > 굴착 토사반출	CANONICAL_GAP				VALID_TASK_BUT_NO_SUITABLE_SINGLE_CANONICAL_TASK_IN_FROZEN_REFERENCE	MEDIUM	c44be9c0edac197b175e84a2647497747a636ad71b27dfaa8308492a4616014a	a22f3a83f3cc2563554eb04b71ac8afc1faff44e3a6a594dd265ff04baafa2a6	GPT	B04	굴착 토사반출	아파트 > 굴착작업 > 굴착 토사반출	B04
e93a134445d1057a7badfd386130743ef8e5a7c5bb94c66b9a490c4c3df0d39b	490d9717a56d63cdcb8c7fb13277fcbf3a28f06db2fc8ed14f0beedb4bc892ef	아파트	지장물조사 및 이설작업	지장물 보호	아파트 > 지장물조사 및 이설작업 > 지장물 보호	AMBIGUOUS			AMBIGUOUS	GENERIC_UTILITY_PROTECTION_SPANS_MULTIPLE_UTILITY_PROTECTION_INTERPRETATIONS	MEDIUM	c44be9c0edac197b175e84a2647497747a636ad71b27dfaa8308492a4616014a	a22f3a83f3cc2563554eb04b71ac8afc1faff44e3a6a594dd265ff04baafa2a6	GPT	B04	지장물 보호	아파트 > 지장물조사 및 이설작업 > 지장물 보호	B04
eb14a2031ed8ab7f866e89f258e0c136a2d43e675537a25c902430498e8cae42	ef0dca172a1e7c92398c3c24b536447a426a232cf874cd5100beffe3e598a138	아파트	가설전기작업	접지	아파트 > 가설전기작업 > 접지	CANONICAL_GAP				VALID_TASK_BUT_NO_SUITABLE_SINGLE_CANONICAL_TASK_IN_FROZEN_REFERENCE	MEDIUM	c44be9c0edac197b175e84a2647497747a636ad71b27dfaa8308492a4616014a	a22f3a83f3cc2563554eb04b71ac8afc1faff44e3a6a594dd265ff04baafa2a6	GPT	B04	접지	아파트 > 가설전기작업 > 접지	B04
ecd6c13912c5c68ce3b230595b727389b7b19cc6406ac25a577832966db5bbdb	633c402b5189ba7fba22484b108229cf68850d497b43ac1e22a2c4062b160ed5	아파트	엘리베이터 설치작업	엘리베이터 승강구 조립	아파트 > 엘리베이터 설치작업 > 엘리베이터 승강구 조립	CANONICAL_GAP				VALID_TASK_BUT_NO_SUITABLE_SINGLE_CANONICAL_TASK_IN_FROZEN_REFERENCE	MEDIUM	c44be9c0edac197b175e84a2647497747a636ad71b27dfaa8308492a4616014a	a22f3a83f3cc2563554eb04b71ac8afc1faff44e3a6a594dd265ff04baafa2a6	GPT	B04	엘리베이터 승강구 조립	아파트 > 엘리베이터 설치작업 > 엘리베이터 승강구 조립	B04
ef7d50ab6e474dfc0cd42d22f57363f4270453b7ed32c2d446af2b5599ef03ef	623fe784c71c2bcdfd7a56a705abaa590342f8b5c4b52d1dc527920569ff7777	아파트	되메움작업	토사반입 및 되메움 실시	아파트 > 되메움작업 > 토사반입 및 되메움 실시	CANONICAL_GAP				VALID_TASK_BUT_NO_SUITABLE_SINGLE_CANONICAL_TASK_IN_FROZEN_REFERENCE	MEDIUM	c44be9c0edac197b175e84a2647497747a636ad71b27dfaa8308492a4616014a	a22f3a83f3cc2563554eb04b71ac8afc1faff44e3a6a594dd265ff04baafa2a6	GPT	B04	토사반입 및 되메움 실시	아파트 > 되메움작업 > 토사반입 및 되메움 실시	B04
f13264de9da35d20823761e26739d96a3ccfceaa5e483d7fdbe43fb94daff541	2725a167b89e81667f068ebb355cf352cdbcc40971dc2f713985ad1bfe5fd3b1	아파트	안전가시설작업	리프트승강부 출입문	아파트 > 안전가시설작업 > 리프트승강부 출입문	NO_MATCH			NO_MATCH	SOURCE_CONCEPT_IS_NOT_A_TASK_SEMANTIC_FOR_CURRENT_CANONICAL_TASK_UNIVERSE	HIGH	c44be9c0edac197b175e84a2647497747a636ad71b27dfaa8308492a4616014a	a22f3a83f3cc2563554eb04b71ac8afc1faff44e3a6a594dd265ff04baafa2a6	GPT	B04	리프트승강부 출입문	아파트 > 안전가시설작업 > 리프트승강부 출입문	B04
f241b24d96ad2274afeba1a1ae3047b7e998de8da3c7f48cb447f0db9c9f9fd2	6199b56acf90614316d21db982a227222346ca35ddbec719b84157a57d54ff27	아파트	위험기계기구작업	공기 압축기	아파트 > 위험기계기구작업 > 공기 압축기	NO_MATCH			NO_MATCH	SOURCE_CONCEPT_IS_NOT_A_TASK_SEMANTIC_FOR_CURRENT_CANONICAL_TASK_UNIVERSE	HIGH	c44be9c0edac197b175e84a2647497747a636ad71b27dfaa8308492a4616014a	a22f3a83f3cc2563554eb04b71ac8afc1faff44e3a6a594dd265ff04baafa2a6	GPT	B04	공기 압축기	아파트 > 위험기계기구작업 > 공기 압축기	B04
f3d6fc39db7e16f7fa5cecede2eb5f8e9b8b86fa0501a02c325e07f0a594022b	366e0193a0135dc61cd3fa86b8dd482ecd6a0a045b996379220144be502444c6	아파트	위험기계기구작업	목재가공용 둥급톱	아파트 > 위험기계기구작업 > 목재가공용 둥급톱	NO_MATCH			NO_MATCH	SOURCE_CONCEPT_IS_NOT_A_TASK_SEMANTIC_FOR_CURRENT_CANONICAL_TASK_UNIVERSE	HIGH	c44be9c0edac197b175e84a2647497747a636ad71b27dfaa8308492a4616014a	a22f3a83f3cc2563554eb04b71ac8afc1faff44e3a6a594dd265ff04baafa2a6	GPT	B04	목재가공용 둥급톱	아파트 > 위험기계기구작업 > 목재가공용 둥급톱	B04
f5f99963a3972f1afe20099009bed63e2083b86ef723972ae65694e52f118628	2ae1edd0c1d28922f6244cdd073e282222c8d4134f9799e215f2f3f7a0050114	아파트	양중기작업	리프트	아파트 > 양중기작업 > 리프트	NO_MATCH			NO_MATCH	SOURCE_CONCEPT_IS_NOT_A_TASK_SEMANTIC_FOR_CURRENT_CANONICAL_TASK_UNIVERSE	HIGH	c44be9c0edac197b175e84a2647497747a636ad71b27dfaa8308492a4616014a	a22f3a83f3cc2563554eb04b71ac8afc1faff44e3a6a594dd265ff04baafa2a6	GPT	B04	리프트	아파트 > 양중기작업 > 리프트	B04
fb2d85e0798dd3f85a86dbe0356f062de52da80482a153f85981a9fac7aeb2e8	2c1445b55e302ce3158176371ce9edcf52c7c29cc93b268755c1852076c35c80	아파트	작업환경	작업환경 (배수)	아파트 > 작업환경 > 작업환경 (배수)	NO_MATCH			NO_MATCH	SOURCE_CONCEPT_IS_NOT_A_TASK_SEMANTIC_FOR_CURRENT_CANONICAL_TASK_UNIVERSE	HIGH	c44be9c0edac197b175e84a2647497747a636ad71b27dfaa8308492a4616014a	a22f3a83f3cc2563554eb04b71ac8afc1faff44e3a6a594dd265ff04baafa2a6	GPT	B04	작업환경 (배수)	아파트 > 작업환경 > 작업환경 (배수)	B04
fe2194f709349b372340503774dde86c1aed8aadc1f73071daa4be3967385bc4	5935f427d146860c004bf85d9213ee01e6a2fdd3798f71a05af14ea0e34b06f8	아파트	안전가시설작업	방호선반	아파트 > 안전가시설작업 > 방호선반	NO_MATCH			NO_MATCH	SOURCE_CONCEPT_IS_NOT_A_TASK_SEMANTIC_FOR_CURRENT_CANONICAL_TASK_UNIVERSE	HIGH	c44be9c0edac197b175e84a2647497747a636ad71b27dfaa8308492a4616014a	a22f3a83f3cc2563554eb04b71ac8afc1faff44e3a6a594dd265ff04baafa2a6	GPT	B04	방호선반	아파트 > 안전가시설작업 > 방호선반	B04
ffb72b9ac41222168583cb005ac8d4b433c2914891f46f647a2d76631698316c	3290efaeffd119872ee5bfc138a200880363182f7f6cd643f35c5536c85ec920	아파트	안전가시설작업	달비계	아파트 > 안전가시설작업 > 달비계	NO_MATCH			NO_MATCH	SOURCE_CONCEPT_IS_NOT_A_TASK_SEMANTIC_FOR_CURRENT_CANONICAL_TASK_UNIVERSE	HIGH	c44be9c0edac197b175e84a2647497747a636ad71b27dfaa8308492a4616014a	a22f3a83f3cc2563554eb04b71ac8afc1faff44e3a6a594dd265ff04baafa2a6	GPT	B04	달비계	아파트 > 안전가시설작업 > 달비계	B04
00ba29d8b5a56808da3a62b3706804ebc7a428af29ab26588fcff588a68ff769	5ac8a449bfecc8a72fea9bf5090646c4d9d6e84f1b86c4763df591e9b9a10947	지하철	양중기작업	리프트	지하철 > 양중기작업 > 리프트	NO_MATCH			NO_MATCH	SOURCE_CONCEPT_IS_NOT_A_TASK_SEMANTIC_FOR_CURRENT_CANONICAL_TASK_UNIVERSE	HIGH	67a0a8a09af59772c61cad93af3b2dd3fcf818dfde794e972ea0c74fb0fc3ed0	a22f3a83f3cc2563554eb04b71ac8afc1faff44e3a6a594dd265ff04baafa2a6	GPT	B05	리프트	지하철 > 양중기작업 > 리프트	B05
0226991e812ed2564ff7ebb412d5ae8745f79a9c87eee43e72324c8e46f135ac	5f95e1f68791e5dc47687829a2373a43772d56d0eadc87dc4adc6cd5a999a4eb	아파트	철골작업	철골 Deck Plate 설치	아파트 > 철골작업 > 철골 Deck Plate 설치	MAP_EXISTING_CANONICAL	813be6a8-13c4-4c96-9c90-36bd04348fb5	바닥판깔기	NARROWER_THAN	STEEL_DECK_PLATE_INSTALLATION_IS_A_CONTEXT_SPECIFIC_FORM_OF_CANONICAL_METAL_FLOOR_PLATE_LAYING	HIGH	67a0a8a09af59772c61cad93af3b2dd3fcf818dfde794e972ea0c74fb0fc3ed0	a22f3a83f3cc2563554eb04b71ac8afc1faff44e3a6a594dd265ff04baafa2a6	GPT	B05	철골 Deck Plate 설치	아파트 > 철골작업 > 철골 Deck Plate 설치	B05
0315e85d5fad3cafce4aafcc8d9f9f2cdac52d7f152270a60572798f121e5662	ce0838dc444681a356a5af5c6e90ba0848a7ccd970387dfc9a729fbfd63f46ca	지하철	굴착작업	굴착 토사반출	지하철 > 굴착작업 > 굴착 토사반출	CANONICAL_GAP				VALID_TASK_BUT_NO_SUITABLE_SINGLE_CANONICAL_TASK_IN_FROZEN_REFERENCE	MEDIUM	67a0a8a09af59772c61cad93af3b2dd3fcf818dfde794e972ea0c74fb0fc3ed0	a22f3a83f3cc2563554eb04b71ac8afc1faff44e3a6a594dd265ff04baafa2a6	GPT	B05	굴착 토사반출	지하철 > 굴착작업 > 굴착 토사반출	B05
041aa265bae3fb3d764d5d3f6a259cb6eb6c30c857100e4939ef8700484bc1b1	c1a1ed369a73ee5f2940d2dc00baf1eb1e9a21a913382433bfde87db733a657c	아파트	흙막이지보공작업	흙막이지보공 설치	아파트 > 흙막이지보공작업 > 흙막이지보공 설치	CANONICAL_GAP				VALID_TASK_BUT_NO_SUITABLE_SINGLE_CANONICAL_TASK_IN_FROZEN_REFERENCE	MEDIUM	67a0a8a09af59772c61cad93af3b2dd3fcf818dfde794e972ea0c74fb0fc3ed0	a22f3a83f3cc2563554eb04b71ac8afc1faff44e3a6a594dd265ff04baafa2a6	GPT	B05	흙막이지보공 설치	아파트 > 흙막이지보공작업 > 흙막이지보공 설치	B05
047790f2be6961773658c656b12d3ff630a40af3230351b04a8f0db09a42b067	1af0746c7900f7455ad264fa90e83cb76cfa8784b80275ad00eb25589ee45ec9	지하철	기초파일작업	기초파일 자재·장비반입	지하철 > 기초파일작업 > 기초파일 자재·장비반입	CANONICAL_GAP				VALID_TASK_BUT_NO_SUITABLE_SINGLE_CANONICAL_TASK_IN_FROZEN_REFERENCE	MEDIUM	67a0a8a09af59772c61cad93af3b2dd3fcf818dfde794e972ea0c74fb0fc3ed0	a22f3a83f3cc2563554eb04b71ac8afc1faff44e3a6a594dd265ff04baafa2a6	GPT	B05	기초파일 자재 장비반입	지하철 > 기초파일작업 > 기초파일 자재 장비반입	B05
09b4cf59fad04b9ec50844c29d267e634253d4a238e476322c8cdf98dea0cc71	dcaea764b9d35409e620781b9b286f3bc8caa353ccadb5f4d64d995bbd71693a	지하철	가설전기작업	교류아크 용접기	지하철 > 가설전기작업 > 교류아크 용접기	NO_MATCH			NO_MATCH	SOURCE_CONCEPT_IS_NOT_A_TASK_SEMANTIC_FOR_CURRENT_CANONICAL_TASK_UNIVERSE	HIGH	67a0a8a09af59772c61cad93af3b2dd3fcf818dfde794e972ea0c74fb0fc3ed0	a22f3a83f3cc2563554eb04b71ac8afc1faff44e3a6a594dd265ff04baafa2a6	GPT	B05	교류아크 용접기	지하철 > 가설전기작업 > 교류아크 용접기	B05
0a43a20d2e38e02b5247d89cc046d897f08ce90daa211c86551a8c5502c4460e	4341fffa7b4b37cbbd157be146465b2867975fa9a69c8adbb1c4fd212cb7d989	지하철	양중기작업	이동식 크레인	지하철 > 양중기작업 > 이동식 크레인	NO_MATCH			NO_MATCH	SOURCE_CONCEPT_IS_NOT_A_TASK_SEMANTIC_FOR_CURRENT_CANONICAL_TASK_UNIVERSE	HIGH	67a0a8a09af59772c61cad93af3b2dd3fcf818dfde794e972ea0c74fb0fc3ed0	a22f3a83f3cc2563554eb04b71ac8afc1faff44e3a6a594dd265ff04baafa2a6	GPT	B05	이동식 크레인	지하철 > 양중기작업 > 이동식 크레인	B05
0c9524a7d1ca5c14924fa6febaf106ce7e058fc5d2803ad54170ef6d86727e30	40f1df01d2a63507362f8a6ea21c8c8b22e22019e79eaf0ccddbdea7a276c332	지하철	석재 및 타일작업	석재 및 타일 자재반입	지하철 > 석재 및 타일작업 > 석재 및 타일 자재반입	CANONICAL_GAP				VALID_TASK_BUT_NO_SUITABLE_SINGLE_CANONICAL_TASK_IN_FROZEN_REFERENCE	MEDIUM	67a0a8a09af59772c61cad93af3b2dd3fcf818dfde794e972ea0c74fb0fc3ed0	a22f3a83f3cc2563554eb04b71ac8afc1faff44e3a6a594dd265ff04baafa2a6	GPT	B05	석재 및 타일 자재반입	지하철 > 석재 및 타일작업 > 석재 및 타일 자재반입	B05
0d9b3a885791c2e7982ce6ed8a399f802190e9b9d027da8296c7b25dbe4e00e5	2569dbe0963b9e27252dcc99b43db11b0b5264d2e53f46e496676e4506998884	지하철	거푸집작업	거푸집 동바리 조립	지하철 > 거푸집작업 > 거푸집 동바리 조립	CANONICAL_GAP				VALID_TASK_BUT_NO_SUITABLE_SINGLE_CANONICAL_TASK_IN_FROZEN_REFERENCE	MEDIUM	67a0a8a09af59772c61cad93af3b2dd3fcf818dfde794e972ea0c74fb0fc3ed0	a22f3a83f3cc2563554eb04b71ac8afc1faff44e3a6a594dd265ff04baafa2a6	GPT	B05	거푸집 동바리 조립	지하철 > 거푸집작업 > 거푸집 동바리 조립	B05
10f99393eababdf5b895e87eb0415e1d4e22afc51b51266c4a3ac6950b30f38d	00dbfaa40674ac08e63808ce67f5a096e61660f14dab5b31330f9fd992f91fd1	지하철	발파작업	발파 장약	지하철 > 발파작업 > 발파 장약	MAP_EXISTING_CANONICAL	bae014b7-2474-48f7-b5c0-0e9f30a0ff56	발파	NARROWER_THAN	EXPLOSIVE_CHARGING_IS_A_SPECIFIC_SUBACTIVITY_OF_BLASTING	HIGH	67a0a8a09af59772c61cad93af3b2dd3fcf818dfde794e972ea0c74fb0fc3ed0	a22f3a83f3cc2563554eb04b71ac8afc1faff44e3a6a594dd265ff04baafa2a6	GPT	B05	발파 장약	지하철 > 발파작업 > 발파 장약	B05
15562444102d5e0aa674e490207d448459ec60f9442e74107536ae47a091f3ce	7afc3b785111405b19c4e007ed840d8b3609f41291a854d3d1c25596ca3f6c97	지하철	방수작업	방수 면처리	지하철 > 방수작업 > 방수 면처리	CANONICAL_GAP				VALID_TASK_BUT_NO_SUITABLE_SINGLE_CANONICAL_TASK_IN_FROZEN_REFERENCE	MEDIUM	67a0a8a09af59772c61cad93af3b2dd3fcf818dfde794e972ea0c74fb0fc3ed0	a22f3a83f3cc2563554eb04b71ac8afc1faff44e3a6a594dd265ff04baafa2a6	GPT	B05	방수 면처리	지하철 > 방수작업 > 방수 면처리	B05
1a982742ac7548795c0e7d4fd0248e0826b64060d046d2d70484f237f440d829	9e435281cc4f3261b3c319b2aa077d5ae149a5cb6ba68e03db9310b2240a0345	지하철	위험기계기구작업	이동식 발전기	지하철 > 위험기계기구작업 > 이동식 발전기	NO_MATCH			NO_MATCH	SOURCE_CONCEPT_IS_NOT_A_TASK_SEMANTIC_FOR_CURRENT_CANONICAL_TASK_UNIVERSE	HIGH	67a0a8a09af59772c61cad93af3b2dd3fcf818dfde794e972ea0c74fb0fc3ed0	a22f3a83f3cc2563554eb04b71ac8afc1faff44e3a6a594dd265ff04baafa2a6	GPT	B05	이동식 발전기	지하철 > 위험기계기구작업 > 이동식 발전기	B05
1e0cb0d55b556ddf468e60647425b96f5ba3ed1b725b071be080f8da3b745b9e	317ec0d66fe02755e07468c9f83111a437668a53e638e44bcbfddb3c093b2d87	지하철	가설전기작업	이동석전기 기계기구	지하철 > 가설전기작업 > 이동석전기 기계기구	NO_MATCH			NO_MATCH	SOURCE_CONCEPT_IS_NOT_A_TASK_SEMANTIC_FOR_CURRENT_CANONICAL_TASK_UNIVERSE	HIGH	67a0a8a09af59772c61cad93af3b2dd3fcf818dfde794e972ea0c74fb0fc3ed0	a22f3a83f3cc2563554eb04b71ac8afc1faff44e3a6a594dd265ff04baafa2a6	GPT	B05	이동석전기 기계기구	지하철 > 가설전기작업 > 이동석전기 기계기구	B05
21eff9337f3b349936a1e6009f18b096b93ee55c217bae71787e3d0f7f7f086b	821fd22a65bf0e12b644a9601e1527e8c8bc8eb16a4f01d9e45310e677e1111c	지하철	도장작업	도장 면처리	지하철 > 도장작업 > 도장 면처리	AMBIGUOUS			AMBIGUOUS	GENERIC_PAINT_SURFACE_PREPARATION_DOES_NOT_IDENTIFY_THE_SUBSTRATE_SPECIFIC_CANONICAL_TASK	MEDIUM	67a0a8a09af59772c61cad93af3b2dd3fcf818dfde794e972ea0c74fb0fc3ed0	a22f3a83f3cc2563554eb04b71ac8afc1faff44e3a6a594dd265ff04baafa2a6	GPT	B05	도장 면처리	지하철 > 도장작업 > 도장 면처리	B05
22e999a3af229f07cbc31745bd4eb5ec64871cb28cdbc266bc9e27690e609a56	2e0de1de8710c35908d01741f3fe1452ba34da1107c931d0f5c069830c7763d1	지하철	부대토목작업	부대토목 구내포장	지하철 > 부대토목작업 > 부대토목 구내포장	AMBIGUOUS			AMBIGUOUS	GENERIC_SITE_PAVING_DOES_NOT_IDENTIFY_MATERIAL_OR_PAVING_METHOD	MEDIUM	67a0a8a09af59772c61cad93af3b2dd3fcf818dfde794e972ea0c74fb0fc3ed0	a22f3a83f3cc2563554eb04b71ac8afc1faff44e3a6a594dd265ff04baafa2a6	GPT	B05	부대토목 구내포장	지하철 > 부대토목작업 > 부대토목 구내포장	B05
270c22e632ead3c4d281e226c1266aa62770446a9be3085189a5f8c87a04b44e	a3cfbabe3d622390ae9a8783452c489bda011d993c92ae1cc7468afa31e4e6da	아파트	철골작업	철골 인양	아파트 > 철골작업 > 철골 인양	MAP_EXISTING_CANONICAL	af9b0594-96e9-4564-bea6-f80a261c55fc	건축철골조립및설치	NARROWER_THAN	STRUCTURAL_STEEL_LIFTING_IS_A_SPECIFIC_SUBACTIVITY_OF_BUILDING_STEEL_ASSEMBLY_AND_INSTALLATION	MEDIUM	67a0a8a09af59772c61cad93af3b2dd3fcf818dfde794e972ea0c74fb0fc3ed0	a22f3a83f3cc2563554eb04b71ac8afc1faff44e3a6a594dd265ff04baafa2a6	GPT	B05	철골 인양	아파트 > 철골작업 > 철골 인양	B05
27c9be7903755787e40dca662154e78f712a064fe91d24bd28c0a90f0d497856	501605f8705037e741664023abe0a4fd9f8015a82a0c8f2b6ca153ae6ae9092d	지하철	석재 및 타일작업	석재 및 타일 줄눈	지하철 > 석재 및 타일작업 > 석재 및 타일 줄눈	AMBIGUOUS			AMBIGUOUS	GENERIC_STONE_AND_TILE_JOINT_WORK_SPANS_MULTIPLE_STONE_TILE_SEALING_CANONICAL_TASKS	MEDIUM	67a0a8a09af59772c61cad93af3b2dd3fcf818dfde794e972ea0c74fb0fc3ed0	a22f3a83f3cc2563554eb04b71ac8afc1faff44e3a6a594dd265ff04baafa2a6	GPT	B05	석재 및 타일 줄눈	지하철 > 석재 및 타일작업 > 석재 및 타일 줄눈	B05
2b65ddd9453ed4e5895a5fa5c35a7fdbc6c134a76cd3f9df9a973ea1a0dec475	6f038dc372f73f03c9138c752e96dd55b7288633bccdb4d6f47fe59f11e7ea74	지하철	위험기계기구작업	목재가공용 둥급톱	지하철 > 위험기계기구작업 > 목재가공용 둥급톱	NO_MATCH			NO_MATCH	SOURCE_CONCEPT_IS_NOT_A_TASK_SEMANTIC_FOR_CURRENT_CANONICAL_TASK_UNIVERSE	HIGH	67a0a8a09af59772c61cad93af3b2dd3fcf818dfde794e972ea0c74fb0fc3ed0	a22f3a83f3cc2563554eb04b71ac8afc1faff44e3a6a594dd265ff04baafa2a6	GPT	B05	목재가공용 둥급톱	지하철 > 위험기계기구작업 > 목재가공용 둥급톱	B05
2f64f758c49310bc33b0c0737dc907b8361c5d9738f54e4b960466c90d6d3556	a4f4fc45188b1632caa9ab63f68ca268054024740cff842d49bfd2e544a72d8a	지하철	가설플랜트작업	가설플랜트 (숏크리트)	지하철 > 가설플랜트작업 > 가설플랜트 (숏크리트)	NO_MATCH			NO_MATCH	SOURCE_CONCEPT_IS_NOT_A_TASK_SEMANTIC_FOR_CURRENT_CANONICAL_TASK_UNIVERSE	HIGH	67a0a8a09af59772c61cad93af3b2dd3fcf818dfde794e972ea0c74fb0fc3ed0	a22f3a83f3cc2563554eb04b71ac8afc1faff44e3a6a594dd265ff04baafa2a6	GPT	B05	가설플랜트 (숏크리트)	지하철 > 가설플랜트작업 > 가설플랜트 (숏크리트)	B05
33399d94566123e4589585b28b9676b2f61a0099a7bb41b3711291f44d9273c4	9cd9b085c33cfeb626a01bc28283e668b6547498b4c9d461792f6c0f6da61d4c	지하철	안전가시설작업	비계	지하철 > 안전가시설작업 > 비계	NO_MATCH			NO_MATCH	SOURCE_CONCEPT_IS_NOT_A_TASK_SEMANTIC_FOR_CURRENT_CANONICAL_TASK_UNIVERSE	HIGH	67a0a8a09af59772c61cad93af3b2dd3fcf818dfde794e972ea0c74fb0fc3ed0	a22f3a83f3cc2563554eb04b71ac8afc1faff44e3a6a594dd265ff04baafa2a6	GPT	B05	비계	지하철 > 안전가시설작업 > 비계	B05
3484c418352a903a9d2e95725306b081e25d1a60b78df74411caa41ad7794544	96b9aaece79474e2ac748a47c1dad8c195020feaf1f7fd575a9c23b2290f3192	지하철	라이닝거푸집작업	라이닝거푸집 설치	지하철 > 라이닝거푸집작업 > 라이닝거푸집 설치	MAP_EXISTING_CANONICAL	892b579d-42bf-4c3e-8a71-e37d8ce00e1b	현장타설콘크리트라이닝	NARROWER_THAN	LINING_FORMWORK_INSTALLATION_IS_A_SPECIFIC_SUBACTIVITY_OF_CAST_IN_PLACE_CONCRETE_LINING	MEDIUM	67a0a8a09af59772c61cad93af3b2dd3fcf818dfde794e972ea0c74fb0fc3ed0	a22f3a83f3cc2563554eb04b71ac8afc1faff44e3a6a594dd265ff04baafa2a6	GPT	B05	라이닝거푸집 설치	지하철 > 라이닝거푸집작업 > 라이닝거푸집 설치	B05
373a7f4c559a9cacab452007ebc7fd3165d1bb92051e227ad76ab23a3d210645	0723febc423eebfd3a26864631c8b3e27fc13221ed6a7cecb3bf646eb3c4488c	지하철	발파작업	발파 천공	지하철 > 발파작업 > 발파 천공	MAP_EXISTING_CANONICAL	bae014b7-2474-48f7-b5c0-0e9f30a0ff56	발파	NARROWER_THAN	BLAST_HOLE_DRILLING_IS_A_SPECIFIC_SUBACTIVITY_OF_BLASTING	HIGH	67a0a8a09af59772c61cad93af3b2dd3fcf818dfde794e972ea0c74fb0fc3ed0	a22f3a83f3cc2563554eb04b71ac8afc1faff44e3a6a594dd265ff04baafa2a6	GPT	B05	발파 천공	지하철 > 발파작업 > 발파 천공	B05
37c94b8186f7fd8d7e827ed8f64dbad05af5d5fdc9f2f0adf38bce91eefbad87	af33f135a6f8e565f71b3b5fcdf2cf86270cfe680465ff7496262df6ec181b9f	지하철	안전가시설작업	철골 승강용트랩	지하철 > 안전가시설작업 > 철골 승강용트랩	NO_MATCH			NO_MATCH	SOURCE_CONCEPT_IS_NOT_A_TASK_SEMANTIC_FOR_CURRENT_CANONICAL_TASK_UNIVERSE	HIGH	67a0a8a09af59772c61cad93af3b2dd3fcf818dfde794e972ea0c74fb0fc3ed0	a22f3a83f3cc2563554eb04b71ac8afc1faff44e3a6a594dd265ff04baafa2a6	GPT	B05	철골 승강용트랩	지하철 > 안전가시설작업 > 철골 승강용트랩	B05
3eca9420cb4152aa9bbf87e92765415d37a7cf6d5ab6e72f801110c047104bc7	c55e0931eb9bb020bb919cd063c7b6ab394b8af66f0673ec3ca540cfd623f6cc	지하철	도장작업	실외도장	지하철 > 도장작업 > 실외도장	AMBIGUOUS			AMBIGUOUS	LOCATION_ONLY_PAINTING_LABEL_DOES_NOT_IDENTIFY_A_SINGLE_PAINTING_CANONICAL_TASK	MEDIUM	67a0a8a09af59772c61cad93af3b2dd3fcf818dfde794e972ea0c74fb0fc3ed0	a22f3a83f3cc2563554eb04b71ac8afc1faff44e3a6a594dd265ff04baafa2a6	GPT	B05	실외도장	지하철 > 도장작업 > 실외도장	B05
401e806b0e7a8138e2dda5dfbf53997a6fbb00383b2909ce27c4a1592706ddb8	3d28ff27ac74fd92b90d280382f08dc758fee1268e93998fe98f751758a63aac	지하철	위험기계기구작업	몰탈 믹서기	지하철 > 위험기계기구작업 > 몰탈 믹서기	NO_MATCH			NO_MATCH	SOURCE_CONCEPT_IS_NOT_A_TASK_SEMANTIC_FOR_CURRENT_CANONICAL_TASK_UNIVERSE	HIGH	67a0a8a09af59772c61cad93af3b2dd3fcf818dfde794e972ea0c74fb0fc3ed0	a22f3a83f3cc2563554eb04b71ac8afc1faff44e3a6a594dd265ff04baafa2a6	GPT	B05	몰탈 믹서기	지하철 > 위험기계기구작업 > 몰탈 믹서기	B05
4a45292ee13b77f81b9b12fdd152e3df5c55f2118454f0f71b88f835d497795f	62c8d902ba32fa4390c5cdb199569e573d5de160ea1e3eaa565f0923cebefe83	지하철	작업환경	작업환경 (조명)	지하철 > 작업환경 > 작업환경 (조명)	NO_MATCH			NO_MATCH	SOURCE_CONCEPT_IS_NOT_A_TASK_SEMANTIC_FOR_CURRENT_CANONICAL_TASK_UNIVERSE	HIGH	67a0a8a09af59772c61cad93af3b2dd3fcf818dfde794e972ea0c74fb0fc3ed0	a22f3a83f3cc2563554eb04b71ac8afc1faff44e3a6a594dd265ff04baafa2a6	GPT	B05	작업환경 (조명)	지하철 > 작업환경 > 작업환경 (조명)	B05
4a6d37a9e398c2f444c3c3477dafa646903418022a616859b3b983ab3d73c5fe	5ab96958d90884a0d432504a7cbfad0d4d11ea5455b947ab84c63e6f56cb59be	지하철	작업환경	작업환경 (배수)	지하철 > 작업환경 > 작업환경 (배수)	NO_MATCH			NO_MATCH	SOURCE_CONCEPT_IS_NOT_A_TASK_SEMANTIC_FOR_CURRENT_CANONICAL_TASK_UNIVERSE	HIGH	67a0a8a09af59772c61cad93af3b2dd3fcf818dfde794e972ea0c74fb0fc3ed0	a22f3a83f3cc2563554eb04b71ac8afc1faff44e3a6a594dd265ff04baafa2a6	GPT	B05	작업환경 (배수)	지하철 > 작업환경 > 작업환경 (배수)	B05
4cb53803d50cf7498ccb97bd685dbec451b847b1d98161ad83d38ef0b531d2a9	8b6f5880d0f2d2d0d60e4d5e272d67f8a8e92887e23693149d8558001112b7c7	지하철	거푸집작업	거푸집 자재반입	지하철 > 거푸집작업 > 거푸집 자재반입	CANONICAL_GAP				VALID_TASK_BUT_NO_SUITABLE_SINGLE_CANONICAL_TASK_IN_FROZEN_REFERENCE	MEDIUM	67a0a8a09af59772c61cad93af3b2dd3fcf818dfde794e972ea0c74fb0fc3ed0	a22f3a83f3cc2563554eb04b71ac8afc1faff44e3a6a594dd265ff04baafa2a6	GPT	B05	거푸집 자재반입	지하철 > 거푸집작업 > 거푸집 자재반입	B05
4f43cdc1e2c2240733ce2bb8847a29932df2c4602e795041da7741ac6f7cfd8b	6924c3a5724b4b780e232493dbdb7f99e58912535db2734e6b3c3988f9288d5a	지하철	안전가시설작업	이동식 사다리	지하철 > 안전가시설작업 > 이동식 사다리	NO_MATCH			NO_MATCH	SOURCE_CONCEPT_IS_NOT_A_TASK_SEMANTIC_FOR_CURRENT_CANONICAL_TASK_UNIVERSE	HIGH	67a0a8a09af59772c61cad93af3b2dd3fcf818dfde794e972ea0c74fb0fc3ed0	a22f3a83f3cc2563554eb04b71ac8afc1faff44e3a6a594dd265ff04baafa2a6	GPT	B05	이동식 사다리	지하철 > 안전가시설작업 > 이동식 사다리	B05
4fc767bc219c65f95e78c8bf9ebf58b36db5786fe6e4b85e45fb92b00fddd3c6	e34e0c97f475de5bd952df5a09e26f4de535cd3934a9c12bc6a2b97450457033	지하철	안전가시설작업	개구부	지하철 > 안전가시설작업 > 개구부	NO_MATCH			NO_MATCH	SOURCE_CONCEPT_IS_NOT_A_TASK_SEMANTIC_FOR_CURRENT_CANONICAL_TASK_UNIVERSE	HIGH	67a0a8a09af59772c61cad93af3b2dd3fcf818dfde794e972ea0c74fb0fc3ed0	a22f3a83f3cc2563554eb04b71ac8afc1faff44e3a6a594dd265ff04baafa2a6	GPT	B05	개구부	지하철 > 안전가시설작업 > 개구부	B05
5083903dbbc98d774407ac60770f9602f9aa868be9545d5c659a9f94e35ff412	80cb29753ea7063b08e7151a4a006ee0de2b84854500b972ef3ab2b6fce1e11d	지하철	가설전기작업	수배전설비	지하철 > 가설전기작업 > 수배전설비	NO_MATCH			NO_MATCH	SOURCE_CONCEPT_IS_NOT_A_TASK_SEMANTIC_FOR_CURRENT_CANONICAL_TASK_UNIVERSE	HIGH	67a0a8a09af59772c61cad93af3b2dd3fcf818dfde794e972ea0c74fb0fc3ed0	a22f3a83f3cc2563554eb04b71ac8afc1faff44e3a6a594dd265ff04baafa2a6	GPT	B05	수배전설비	지하철 > 가설전기작업 > 수배전설비	B05
5212201f2d1909bfa33ccc1a140503cad1fd5e6573bf4417190e9263aafd96dd	a058da2420c14409d88b3fa3b82db91297646a079b14ed68ac6ca5a26064aebc	지하철	되메움작업	되메움 토사 다짐	지하철 > 되메움작업 > 되메움 토사 다짐	CANONICAL_GAP				VALID_TASK_BUT_NO_SUITABLE_SINGLE_CANONICAL_TASK_IN_FROZEN_REFERENCE	MEDIUM	67a0a8a09af59772c61cad93af3b2dd3fcf818dfde794e972ea0c74fb0fc3ed0	a22f3a83f3cc2563554eb04b71ac8afc1faff44e3a6a594dd265ff04baafa2a6	GPT	B05	되메움 토사 다짐	지하철 > 되메움작업 > 되메움 토사 다짐	B05
54e103826c0302af9f880e41952c2388a14edb43fef5f4c3e4abebd4a75507bd	702fb8de47f765047bc3bf183ccfd8ed50efe55f07e90732feca926f13e255c5	지하철	양중기작업	타워크레인	지하철 > 양중기작업 > 타워크레인	NO_MATCH			NO_MATCH	SOURCE_CONCEPT_IS_NOT_A_TASK_SEMANTIC_FOR_CURRENT_CANONICAL_TASK_UNIVERSE	HIGH	67a0a8a09af59772c61cad93af3b2dd3fcf818dfde794e972ea0c74fb0fc3ed0	a22f3a83f3cc2563554eb04b71ac8afc1faff44e3a6a594dd265ff04baafa2a6	GPT	B05	타워크레인	지하철 > 양중기작업 > 타워크레인	B05
5763b44b20a64ec11d48a86918186933664996e00040089fce603ad64cf20a1d	6eb276897203e8ce18704f7dae8bc57702dc3575dca0da67752236405306584c	지하철	안전가시설작업	굴착선단부	지하철 > 안전가시설작업 > 굴착선단부	NO_MATCH			NO_MATCH	SOURCE_CONCEPT_IS_NOT_A_TASK_SEMANTIC_FOR_CURRENT_CANONICAL_TASK_UNIVERSE	HIGH	67a0a8a09af59772c61cad93af3b2dd3fcf818dfde794e972ea0c74fb0fc3ed0	a22f3a83f3cc2563554eb04b71ac8afc1faff44e3a6a594dd265ff04baafa2a6	GPT	B05	굴착선단부	지하철 > 안전가시설작업 > 굴착선단부	B05
5d7b57cba2c9c084e7b82bd66e92f11e030f7b304ddf05ecc302d37873b97e46	bd581420a468473675b65f9f73fb4ed4539da921e90b5bab4a699de533a6984e	지하철	맨홀 및 관부설작업	맨홀 및 관부설	지하철 > 맨홀 및 관부설작업 > 맨홀 및 관부설	AMBIGUOUS			AMBIGUOUS	COMPOSITE_MANHOLE_AND_PIPE_LAYING_SOURCE_DOES_NOT_IDENTIFY_PIPE_MATERIAL_OR_SINGLE_CANONICAL_TASK	MEDIUM	67a0a8a09af59772c61cad93af3b2dd3fcf818dfde794e972ea0c74fb0fc3ed0	a22f3a83f3cc2563554eb04b71ac8afc1faff44e3a6a594dd265ff04baafa2a6	GPT	B05	맨홀 및 관부설	지하철 > 맨홀 및 관부설작업 > 맨홀 및 관부설	B05
5e575fb38fba7acc4943d9e34cfc6295afca859dccac25c80f7313d436ca2c31	7c04fecca32c5ead4d4b592b0cdeeaacc9c941e899d330a8352a7ebe3355caa0	지하철	안전가시설작업	가설통로 또는 가설계단	지하철 > 안전가시설작업 > 가설통로 또는 가설계단	NO_MATCH			NO_MATCH	SOURCE_CONCEPT_IS_NOT_A_TASK_SEMANTIC_FOR_CURRENT_CANONICAL_TASK_UNIVERSE	HIGH	67a0a8a09af59772c61cad93af3b2dd3fcf818dfde794e972ea0c74fb0fc3ed0	a22f3a83f3cc2563554eb04b71ac8afc1faff44e3a6a594dd265ff04baafa2a6	GPT	B05	가설통로 또는 가설계단	지하철 > 안전가시설작업 > 가설통로 또는 가설계단	B05
5e80a46bc1f5827dbedd46972b79e2bc60a4f3e7d19ea17122c5a5ec00f26936	11b1262236faeebb5c26c364f3d176c9fcfbf859afb26eeb47b04288997030e1	지하철	석재 및 타일작업	석재 및 타일 붙임	지하철 > 석재 및 타일작업 > 석재 및 타일 붙임	AMBIGUOUS			AMBIGUOUS	GENERIC_STONE_AND_TILE_ADHESION_SPANS_MULTIPLE_MATERIAL_AND_SURFACE_SPECIFIC_CANONICAL_TASKS	MEDIUM	67a0a8a09af59772c61cad93af3b2dd3fcf818dfde794e972ea0c74fb0fc3ed0	a22f3a83f3cc2563554eb04b71ac8afc1faff44e3a6a594dd265ff04baafa2a6	GPT	B05	석재 및 타일 붙임	지하철 > 석재 및 타일작업 > 석재 및 타일 붙임	B05
6397488f9b3cde4f3e6c57c5d1c5155f4de7a06d78949f72b512eb7701f4eb96	c6063ede44a167b45b82d9fcacb7186a5e41deb1dd2e01d7143d5e56387b2bc1	지하철	수직구작업	수직구 토사반출	지하철 > 수직구작업 > 수직구 토사반출	CANONICAL_GAP				VALID_TASK_BUT_NO_SUITABLE_SINGLE_CANONICAL_TASK_IN_FROZEN_REFERENCE	MEDIUM	67a0a8a09af59772c61cad93af3b2dd3fcf818dfde794e972ea0c74fb0fc3ed0	a22f3a83f3cc2563554eb04b71ac8afc1faff44e3a6a594dd265ff04baafa2a6	GPT	B05	수직구 토사반출	지하철 > 수직구작업 > 수직구 토사반출	B05
64075dc30304d3b343312ef80e5bd4a916351350135f7f7c9db960891c64fcb1	879f54e43b8336c141aeed703c6937712661df1c3f3c1eea2a18facac6bbc289	지하철	안전가시설작업	리프트승강부 출입문	지하철 > 안전가시설작업 > 리프트승강부 출입문	NO_MATCH			NO_MATCH	SOURCE_CONCEPT_IS_NOT_A_TASK_SEMANTIC_FOR_CURRENT_CANONICAL_TASK_UNIVERSE	HIGH	67a0a8a09af59772c61cad93af3b2dd3fcf818dfde794e972ea0c74fb0fc3ed0	a22f3a83f3cc2563554eb04b71ac8afc1faff44e3a6a594dd265ff04baafa2a6	GPT	B05	리프트승강부 출입문	지하철 > 안전가시설작업 > 리프트승강부 출입문	B05
6441f92d89f4af69d6b0d7af50bae3026668aceeccf36b803cb3b48a4458faab	2a5210b25364601afd98b2d5afec927c679c0acb6067ea70de41e3c60ed845d0	지하철	엘리베이터 설치작업	엘리베이터 가이드레일 설치	지하철 > 엘리베이터 설치작업 > 엘리베이터 가이드레일 설치	CANONICAL_GAP				VALID_TASK_BUT_NO_SUITABLE_SINGLE_CANONICAL_TASK_IN_FROZEN_REFERENCE	MEDIUM	67a0a8a09af59772c61cad93af3b2dd3fcf818dfde794e972ea0c74fb0fc3ed0	a22f3a83f3cc2563554eb04b71ac8afc1faff44e3a6a594dd265ff04baafa2a6	GPT	B05	엘리베이터 가이드레일 설치	지하철 > 엘리베이터 설치작업 > 엘리베이터 가이드레일 설치	B05
67f592e36f10946cdc7cc8358d5c16df3ff7a0b105af5b159dc4c9f39a2dbf53	47d4f4721447d7696851fd3ada8bdcc7dcfd63778b7854b27a128ca43868d553	지하철	가설플랜트작업	가설플랜트 (크라샤 Plant)	지하철 > 가설플랜트작업 > 가설플랜트 (크라샤 Plant)	NO_MATCH			NO_MATCH	SOURCE_CONCEPT_IS_NOT_A_TASK_SEMANTIC_FOR_CURRENT_CANONICAL_TASK_UNIVERSE	HIGH	67a0a8a09af59772c61cad93af3b2dd3fcf818dfde794e972ea0c74fb0fc3ed0	a22f3a83f3cc2563554eb04b71ac8afc1faff44e3a6a594dd265ff04baafa2a6	GPT	B05	가설플랜트 (크라샤 Plant)	지하철 > 가설플랜트작업 > 가설플랜트 (크라샤 Plant)	B05
72a5ebbb371fef9d40665781790173b3cd843dc477d0014693f6cf89a749fb11	4e95962ae29a277187a1b36fb4e6ad2ea92518efc176f32f224c16554896a006	지하철	굴착작업	굴착 장비반입	지하철 > 굴착작업 > 굴착 장비반입	CANONICAL_GAP				VALID_TASK_BUT_NO_SUITABLE_SINGLE_CANONICAL_TASK_IN_FROZEN_REFERENCE	MEDIUM	67a0a8a09af59772c61cad93af3b2dd3fcf818dfde794e972ea0c74fb0fc3ed0	a22f3a83f3cc2563554eb04b71ac8afc1faff44e3a6a594dd265ff04baafa2a6	GPT	B05	굴착 장비반입	지하철 > 굴착작업 > 굴착 장비반입	B05
72a6e9e02145e2178162856d2aa8294d4fcf9452f50fe7a1e278be2e7926096d	e27ec13e1a3f258f6428d9015888090f30bca582151e510712dfc3d954309a29	지하철	가설플랜트작업	가설플랜트 (콘크리트 Batch Plant)	지하철 > 가설플랜트작업 > 가설플랜트 (콘크리트 Batch Plant)	NO_MATCH			NO_MATCH	SOURCE_CONCEPT_IS_NOT_A_TASK_SEMANTIC_FOR_CURRENT_CANONICAL_TASK_UNIVERSE	HIGH	67a0a8a09af59772c61cad93af3b2dd3fcf818dfde794e972ea0c74fb0fc3ed0	a22f3a83f3cc2563554eb04b71ac8afc1faff44e3a6a594dd265ff04baafa2a6	GPT	B05	가설플랜트 (콘크리트 Batch Plant)	지하철 > 가설플랜트작업 > 가설플랜트 (콘크리트 Batch Plant)	B05
73543ac0db83c39c65ba665380c84c421719af53e39488885552e0c607d71fb9	de670809ca1c96b6ae82a7e5e5dce48a029c24f8c220fef1a5ae9eee414b62c1	지하철	안전가시설작업	작업발판	지하철 > 안전가시설작업 > 작업발판	NO_MATCH			NO_MATCH	SOURCE_CONCEPT_IS_NOT_A_TASK_SEMANTIC_FOR_CURRENT_CANONICAL_TASK_UNIVERSE	HIGH	67a0a8a09af59772c61cad93af3b2dd3fcf818dfde794e972ea0c74fb0fc3ed0	a22f3a83f3cc2563554eb04b71ac8afc1faff44e3a6a594dd265ff04baafa2a6	GPT	B05	작업발판	지하철 > 안전가시설작업 > 작업발판	B05
7461764d68c8606add774293964ae7c0ed9469de2400462e9ec05bbd9c512e3c	a222fadd507d15f7e95353b7899c139c8ab3d6f7b27658bf557c9a2ade3a47d9	지하철	작업환경	작업환경 (분진)	지하철 > 작업환경 > 작업환경 (분진)	NO_MATCH			NO_MATCH	SOURCE_CONCEPT_IS_NOT_A_TASK_SEMANTIC_FOR_CURRENT_CANONICAL_TASK_UNIVERSE	HIGH	67a0a8a09af59772c61cad93af3b2dd3fcf818dfde794e972ea0c74fb0fc3ed0	a22f3a83f3cc2563554eb04b71ac8afc1faff44e3a6a594dd265ff04baafa2a6	GPT	B05	작업환경 (분진)	지하철 > 작업환경 > 작업환경 (분진)	B05
7eb9e9bdce1a71d209810161f6f234269844b3f50b118594b6953935abaa783d	af6329accfbef83c71f3c7c8cb14060e9042e687c48306ec345d9f1f425ca552	지하철	수직구작업	수직구 흙막이지보공 시공	지하철 > 수직구작업 > 수직구 흙막이지보공 시공	CANONICAL_GAP				VALID_TASK_BUT_NO_SUITABLE_SINGLE_CANONICAL_TASK_IN_FROZEN_REFERENCE	MEDIUM	67a0a8a09af59772c61cad93af3b2dd3fcf818dfde794e972ea0c74fb0fc3ed0	a22f3a83f3cc2563554eb04b71ac8afc1faff44e3a6a594dd265ff04baafa2a6	GPT	B05	수직구 흙막이지보공 시공	지하철 > 수직구작업 > 수직구 흙막이지보공 시공	B05
859c1d9ee9c1f62d250845293c322e759f959e97529a9fc78b6acfe2311b0e0a	43e3f4ecc303b9e326fe5409fc30488bf4666695e062f8708ecf1d199c18bc92	지하철	기초파일작업	기초파일 천공	지하철 > 기초파일작업 > 기초파일 천공	CANONICAL_GAP				VALID_TASK_BUT_NO_SUITABLE_SINGLE_CANONICAL_TASK_IN_FROZEN_REFERENCE	MEDIUM	67a0a8a09af59772c61cad93af3b2dd3fcf818dfde794e972ea0c74fb0fc3ed0	a22f3a83f3cc2563554eb04b71ac8afc1faff44e3a6a594dd265ff04baafa2a6	GPT	B05	기초파일 천공	지하철 > 기초파일작업 > 기초파일 천공	B05
86181021175aa2c91b3f2be58c7ad220741bb51c7c5d1d531f466aef85efbb32	a2fc3f8977d68c26c5aab2b4a03163a8a095556e556695c28f9aa6afc0df80c0	지하철	가설전기작업	충전부	지하철 > 가설전기작업 > 충전부	NO_MATCH			NO_MATCH	SOURCE_CONCEPT_IS_NOT_A_TASK_SEMANTIC_FOR_CURRENT_CANONICAL_TASK_UNIVERSE	HIGH	67a0a8a09af59772c61cad93af3b2dd3fcf818dfde794e972ea0c74fb0fc3ed0	a22f3a83f3cc2563554eb04b71ac8afc1faff44e3a6a594dd265ff04baafa2a6	GPT	B05	충전부	지하철 > 가설전기작업 > 충전부	B05
87035c42aab7fcc8470a4f772e0c98e156a2c832b38cb0d738685f4f59dd40eb	4160cd3ade62892e9b0fa6fa8dd4b9e59a21ba76a1d139227dd116af831ae4b7	지하철	작업환경	작업환경 (환기)	지하철 > 작업환경 > 작업환경 (환기)	NO_MATCH			NO_MATCH	SOURCE_CONCEPT_IS_NOT_A_TASK_SEMANTIC_FOR_CURRENT_CANONICAL_TASK_UNIVERSE	HIGH	67a0a8a09af59772c61cad93af3b2dd3fcf818dfde794e972ea0c74fb0fc3ed0	a22f3a83f3cc2563554eb04b71ac8afc1faff44e3a6a594dd265ff04baafa2a6	GPT	B05	작업환경 (환기)	지하철 > 작업환경 > 작업환경 (환기)	B05
87812f7b4327b18019c61f6aecfb8cf4958d62fe96e74522ec52cdf0ef6d8973	c7c14e61ac0bc329d9aa5ff8a8c20beb0c7614a78b1e2ad2396a62c5ecfad8d6	지하철	가설전기작업	분전반	지하철 > 가설전기작업 > 분전반	NO_MATCH			NO_MATCH	SOURCE_CONCEPT_IS_NOT_A_TASK_SEMANTIC_FOR_CURRENT_CANONICAL_TASK_UNIVERSE	HIGH	67a0a8a09af59772c61cad93af3b2dd3fcf818dfde794e972ea0c74fb0fc3ed0	a22f3a83f3cc2563554eb04b71ac8afc1faff44e3a6a594dd265ff04baafa2a6	GPT	B05	분전반	지하철 > 가설전기작업 > 분전반	B05
89a654cd0b876c0d57e6ab957de30a875f1411847ef9989caf975d25d1a6a9fc	67f6ddff6eeb8ac5b0fa959c368c0aece46467fcc717b3893ee3b48a69693ead	지하철	엘리베이터 설치작업	엘리베이터 승강구 조립	지하철 > 엘리베이터 설치작업 > 엘리베이터 승강구 조립	CANONICAL_GAP				VALID_TASK_BUT_NO_SUITABLE_SINGLE_CANONICAL_TASK_IN_FROZEN_REFERENCE	MEDIUM	67a0a8a09af59772c61cad93af3b2dd3fcf818dfde794e972ea0c74fb0fc3ed0	a22f3a83f3cc2563554eb04b71ac8afc1faff44e3a6a594dd265ff04baafa2a6	GPT	B05	엘리베이터 승강구 조립	지하철 > 엘리베이터 설치작업 > 엘리베이터 승강구 조립	B05
8a1cdefe79371f542a227a1914744d17949f0f95b4ed6e46303f56bea8e68f84	9ef9237de8d790658f13e1d1e20938a16b146ff98673e39ab2da362be6c83b1a	아파트	흙막이지보공작업	흙막이지보공 해체	아파트 > 흙막이지보공작업 > 흙막이지보공 해체	CANONICAL_GAP				VALID_TASK_BUT_NO_SUITABLE_SINGLE_CANONICAL_TASK_IN_FROZEN_REFERENCE	MEDIUM	67a0a8a09af59772c61cad93af3b2dd3fcf818dfde794e972ea0c74fb0fc3ed0	a22f3a83f3cc2563554eb04b71ac8afc1faff44e3a6a594dd265ff04baafa2a6	GPT	B05	흙막이지보공 해체	아파트 > 흙막이지보공작업 > 흙막이지보공 해체	B05
8ace0738dca465b39d116e999b27175c7b4140305509e4671b4f802a1e22f7e8	bfec41cc48fbc3aceacf9244ef2fa61accc7e514ac00df5516c92da57272e946	지하철	거푸집작업	거푸집 동바리 해체	지하철 > 거푸집작업 > 거푸집 동바리 해체	CANONICAL_GAP				VALID_TASK_BUT_NO_SUITABLE_SINGLE_CANONICAL_TASK_IN_FROZEN_REFERENCE	MEDIUM	67a0a8a09af59772c61cad93af3b2dd3fcf818dfde794e972ea0c74fb0fc3ed0	a22f3a83f3cc2563554eb04b71ac8afc1faff44e3a6a594dd265ff04baafa2a6	GPT	B05	거푸집 동바리 해체	지하철 > 거푸집작업 > 거푸집 동바리 해체	B05
9638a33ecdaf390b7e7b3c063850b701051f3c41f2af1fdf6cf505fddb344287	8af86d1a5e260608fcbe9db316d0102817449d301303f4e5392184b71685edec	지하철	수직구작업	수직구 보강	지하철 > 수직구작업 > 수직구 보강	CANONICAL_GAP				VALID_TASK_BUT_NO_SUITABLE_SINGLE_CANONICAL_TASK_IN_FROZEN_REFERENCE	MEDIUM	67a0a8a09af59772c61cad93af3b2dd3fcf818dfde794e972ea0c74fb0fc3ed0	a22f3a83f3cc2563554eb04b71ac8afc1faff44e3a6a594dd265ff04baafa2a6	GPT	B05	수직구 보강	지하철 > 수직구작업 > 수직구 보강	B05
977e23a7082d4306a19c243b9de993a35672bb28922d82b8e4b585bbeaad7e3a	95b037a7520449c389c0e0993ad04e38fc5b6e6eecc0cf6b3223b2c330e17009	지하철	되메움작업	토사반입 및 되메움 실시	지하철 > 되메움작업 > 토사반입 및 되메움 실시	CANONICAL_GAP				VALID_TASK_BUT_NO_SUITABLE_SINGLE_CANONICAL_TASK_IN_FROZEN_REFERENCE	MEDIUM	67a0a8a09af59772c61cad93af3b2dd3fcf818dfde794e972ea0c74fb0fc3ed0	a22f3a83f3cc2563554eb04b71ac8afc1faff44e3a6a594dd265ff04baafa2a6	GPT	B05	토사반입 및 되메움 실시	지하철 > 되메움작업 > 토사반입 및 되메움 실시	B05
987831f2a89c84774f6553583ed24bda512c181bcac5054867c452108611ce36	351c54240527e26742fbd2679a54f6424f329e153d93cb90299c013945383ae0	아파트	흙막이지보공작업	흙막이지보공 자재반출	아파트 > 흙막이지보공작업 > 흙막이지보공 자재반출	CANONICAL_GAP				VALID_TASK_BUT_NO_SUITABLE_SINGLE_CANONICAL_TASK_IN_FROZEN_REFERENCE	MEDIUM	67a0a8a09af59772c61cad93af3b2dd3fcf818dfde794e972ea0c74fb0fc3ed0	a22f3a83f3cc2563554eb04b71ac8afc1faff44e3a6a594dd265ff04baafa2a6	GPT	B05	흙막이지보공 자재반출	아파트 > 흙막이지보공작업 > 흙막이지보공 자재반출	B05
9a723a7dc44777aa93f5b232a4de9009d7aa8b7acfcddf68c1b14fbee8652eda	e5704c6da3a44329c8b384bb01a63540395cbdb5e73eb6df4fcfbb2e1d981d4c	지하철	안전가시설작업	달비계	지하철 > 안전가시설작업 > 달비계	NO_MATCH			NO_MATCH	SOURCE_CONCEPT_IS_NOT_A_TASK_SEMANTIC_FOR_CURRENT_CANONICAL_TASK_UNIVERSE	HIGH	67a0a8a09af59772c61cad93af3b2dd3fcf818dfde794e972ea0c74fb0fc3ed0	a22f3a83f3cc2563554eb04b71ac8afc1faff44e3a6a594dd265ff04baafa2a6	GPT	B05	달비계	지하철 > 안전가시설작업 > 달비계	B05
9a7a30f89003e7f82fe90bba19b5bbf38cc152025ef8d48aafa3822285a5bd55	7d73b6723d356aaeb929c70b03d256a57af8aa11c5adcc6a4a6e39ddf421843d	지하철	기초파일작업	기초 파일항타	지하철 > 기초파일작업 > 기초 파일항타	CANONICAL_GAP				VALID_TASK_BUT_NO_SUITABLE_SINGLE_CANONICAL_TASK_IN_FROZEN_REFERENCE	MEDIUM	67a0a8a09af59772c61cad93af3b2dd3fcf818dfde794e972ea0c74fb0fc3ed0	a22f3a83f3cc2563554eb04b71ac8afc1faff44e3a6a594dd265ff04baafa2a6	GPT	B05	기초 파일항타	지하철 > 기초파일작업 > 기초 파일항타	B05
9bff2fb126c902e8636f2f231d48ed35585d346fb90f7d1ab8db1e15e197dad9	fd427389d8b9f9a0d43d73a78299b777a47c31bcd91142636936b063b3c8d09c	아파트	철근작업	철근반입	아파트 > 철근작업 > 철근반입	CANONICAL_GAP				VALID_TASK_BUT_NO_SUITABLE_SINGLE_CANONICAL_TASK_IN_FROZEN_REFERENCE	MEDIUM	67a0a8a09af59772c61cad93af3b2dd3fcf818dfde794e972ea0c74fb0fc3ed0	a22f3a83f3cc2563554eb04b71ac8afc1faff44e3a6a594dd265ff04baafa2a6	GPT	B05	철근반입	아파트 > 철근작업 > 철근반입	B05
9df14b6fa9e1b342261ace43619c09a38d789249bfd320ca1480c20bcd08c057	345ef4b4068d1a59b153db2a83644838a637ba280719b81bb092e3ec7644cf7e	지하철	라이닝거푸집작업	라이닝 거푸집 자재반입	지하철 > 라이닝거푸집작업 > 라이닝 거푸집 자재반입	CANONICAL_GAP				VALID_TASK_BUT_NO_SUITABLE_SINGLE_CANONICAL_TASK_IN_FROZEN_REFERENCE	MEDIUM	67a0a8a09af59772c61cad93af3b2dd3fcf818dfde794e972ea0c74fb0fc3ed0	a22f3a83f3cc2563554eb04b71ac8afc1faff44e3a6a594dd265ff04baafa2a6	GPT	B05	라이닝 거푸집 자재반입	지하철 > 라이닝거푸집작업 > 라이닝 거푸집 자재반입	B05
a0c6d4b00db248f53d7056703b872bd96925cbc89601b158dff86de2ef6078dc	98e081d43a7a0ce8c5a3dc87c8ff154da5743737788b460eea5770d6c39b2e5c	지하철	맨홀 및 관부설작업	맨홀 및 관부설 굴착	지하철 > 맨홀 및 관부설작업 > 맨홀 및 관부설 굴착	CANONICAL_GAP				VALID_TASK_BUT_NO_SUITABLE_SINGLE_CANONICAL_TASK_IN_FROZEN_REFERENCE	MEDIUM	67a0a8a09af59772c61cad93af3b2dd3fcf818dfde794e972ea0c74fb0fc3ed0	a22f3a83f3cc2563554eb04b71ac8afc1faff44e3a6a594dd265ff04baafa2a6	GPT	B05	맨홀 및 관부설 굴착	지하철 > 맨홀 및 관부설작업 > 맨홀 및 관부설 굴착	B05
aa7efc2d21d91e85b8919bd4f580ac49dde575fd56294a0cb6aec3a1eb956dd9	e6c4aa3229a87abdf3d6a2675358e7ffaca81c1c52f6e45d4ae7a4baf40fe024	지하철	안전가시설작업	방호선반	지하철 > 안전가시설작업 > 방호선반	NO_MATCH			NO_MATCH	SOURCE_CONCEPT_IS_NOT_A_TASK_SEMANTIC_FOR_CURRENT_CANONICAL_TASK_UNIVERSE	HIGH	67a0a8a09af59772c61cad93af3b2dd3fcf818dfde794e972ea0c74fb0fc3ed0	a22f3a83f3cc2563554eb04b71ac8afc1faff44e3a6a594dd265ff04baafa2a6	GPT	B05	방호선반	지하철 > 안전가시설작업 > 방호선반	B05
ad470061c2b568ceab68669d5b131b6fc097bb5e840c425a2709c13cb46547d4	fe7b0a49566187aedcc9df7a8bc2bba20f81c3956f41bc8879cdeed09d346465	지하철	도장작업	실내도장	지하철 > 도장작업 > 실내도장	AMBIGUOUS			AMBIGUOUS	LOCATION_ONLY_PAINTING_LABEL_DOES_NOT_IDENTIFY_A_SINGLE_PAINTING_CANONICAL_TASK	MEDIUM	67a0a8a09af59772c61cad93af3b2dd3fcf818dfde794e972ea0c74fb0fc3ed0	a22f3a83f3cc2563554eb04b71ac8afc1faff44e3a6a594dd265ff04baafa2a6	GPT	B05	실내도장	지하철 > 도장작업 > 실내도장	B05
ae7ce36d16ad417551611098efdf88f9b683ec272646cf49c2814a25356819e3	870480a0a4af34f3b42a13dab2b5d2b06570bed038d8dc6b12ce68376da950c8	아파트	철근작업	철근가공 및 운반	아파트 > 철근작업 > 철근가공 및 운반	MAP_EXISTING_CANONICAL	be965f09-464b-4d53-9be4-d72f44d3d1ee	철근가공및조립	POSSIBLE_RELATED	SOURCE_AND_CANONICAL_SHARE_REBAR_PROCESSING_BUT_DIFFER_ON_TRANSPORT_VERSUS_ASSEMBLY_COMPONENT	MEDIUM	67a0a8a09af59772c61cad93af3b2dd3fcf818dfde794e972ea0c74fb0fc3ed0	a22f3a83f3cc2563554eb04b71ac8afc1faff44e3a6a594dd265ff04baafa2a6	GPT	B05	철근가공 및 운반	아파트 > 철근작업 > 철근가공 및 운반	B05
b21839690a6f517c92744019964666b9c597194a5c48be28c3ad869ad39eea42	56c6c87b3563ac5309d5bc90ecb87187b55ac6b965443d6eabd2876dc959effe	지하철	양중기작업	곤도라	지하철 > 양중기작업 > 곤도라	NO_MATCH			NO_MATCH	SOURCE_CONCEPT_IS_NOT_A_TASK_SEMANTIC_FOR_CURRENT_CANONICAL_TASK_UNIVERSE	HIGH	67a0a8a09af59772c61cad93af3b2dd3fcf818dfde794e972ea0c74fb0fc3ed0	a22f3a83f3cc2563554eb04b71ac8afc1faff44e3a6a594dd265ff04baafa2a6	GPT	B05	곤도라	지하철 > 양중기작업 > 곤도라	B05
b27a1b43f6ec9dfc7c73fe34512e20e3368055db779f97cfc49e93eaa08d4ff8	5486dd6e1e153e2e7de7ed8f1069de1ace43fbed95bcc3677148fba8c2575b97	지하철	부대토목작업	부대토목 옹벽시공	지하철 > 부대토목작업 > 부대토목 옹벽시공	CANONICAL_GAP				VALID_TASK_BUT_NO_SUITABLE_SINGLE_CANONICAL_TASK_IN_FROZEN_REFERENCE	MEDIUM	67a0a8a09af59772c61cad93af3b2dd3fcf818dfde794e972ea0c74fb0fc3ed0	a22f3a83f3cc2563554eb04b71ac8afc1faff44e3a6a594dd265ff04baafa2a6	GPT	B05	부대토목 옹벽시공	지하철 > 부대토목작업 > 부대토목 옹벽시공	B05
b56c91d207b1993adab940fea59f94546e894bc186da257aca296cd2491bdb7f	e2cfd82d8a4d30f1ca411546ebfc2ccd1cd56f56d8a8c5eb2246fac1acb62f03	지하철	가설전기작업	조명등	지하철 > 가설전기작업 > 조명등	NO_MATCH			NO_MATCH	SOURCE_CONCEPT_IS_NOT_A_TASK_SEMANTIC_FOR_CURRENT_CANONICAL_TASK_UNIVERSE	HIGH	67a0a8a09af59772c61cad93af3b2dd3fcf818dfde794e972ea0c74fb0fc3ed0	a22f3a83f3cc2563554eb04b71ac8afc1faff44e3a6a594dd265ff04baafa2a6	GPT	B05	조명등	지하철 > 가설전기작업 > 조명등	B05
bc988da5ddcea4e1b2b2b104656e0ba9e9a33ee77db23e7296ff5501fe854917	d338979f3800ba580e63593cbd99c086c4041d99375b9e8f516a8f9b1b031509	지하철	굴착작업	굴착	지하철 > 굴착작업 > 굴착	AMBIGUOUS			AMBIGUOUS	GENERIC_EXCAVATION_SPANS_MULTIPLE_SPECIFIC_CANONICAL_EXCAVATION_TASKS	HIGH	67a0a8a09af59772c61cad93af3b2dd3fcf818dfde794e972ea0c74fb0fc3ed0	a22f3a83f3cc2563554eb04b71ac8afc1faff44e3a6a594dd265ff04baafa2a6	GPT	B05	굴착	지하철 > 굴착작업 > 굴착	B05
bdd2ab9956432df310022d08873549383a04dcc7a7403c874602596ab84ca836	63b656eb00f65454ef34f3669a96417448814ec4fd5c18e01ef0da951537978e	지하철	기계설비작업	기계설비 자재반입	지하철 > 기계설비작업 > 기계설비 자재반입	CANONICAL_GAP				VALID_TASK_BUT_NO_SUITABLE_SINGLE_CANONICAL_TASK_IN_FROZEN_REFERENCE	MEDIUM	67a0a8a09af59772c61cad93af3b2dd3fcf818dfde794e972ea0c74fb0fc3ed0	a22f3a83f3cc2563554eb04b71ac8afc1faff44e3a6a594dd265ff04baafa2a6	GPT	B05	기계설비 자재반입	지하철 > 기계설비작업 > 기계설비 자재반입	B05
c0ead78f3ed0b22335a168bf99ac02d92354985717e79a54f64c8a15e33e0eee	e2149d67155b75c62a15d6efeee5bb85a8466466c545487d5cb12b1fcdffe2c1	지하철	안전가시설작업	낙하물 방지망	지하철 > 안전가시설작업 > 낙하물 방지망	NO_MATCH			NO_MATCH	SOURCE_CONCEPT_IS_NOT_A_TASK_SEMANTIC_FOR_CURRENT_CANONICAL_TASK_UNIVERSE	HIGH	67a0a8a09af59772c61cad93af3b2dd3fcf818dfde794e972ea0c74fb0fc3ed0	a22f3a83f3cc2563554eb04b71ac8afc1faff44e3a6a594dd265ff04baafa2a6	GPT	B05	낙하물 방지망	지하철 > 안전가시설작업 > 낙하물 방지망	B05
c0ece1de4a4ff65e7fb8b07c237740238a90a70e4707c1fd47c4e863b2391fd5	ba74b0ed1cd2b4d877497eb48a03a98b047449be9e9aec419e7cb188491645b4	아파트	콘크리트작업	콘크리트 반입	아파트 > 콘크리트작업 > 콘크리트 반입	CANONICAL_GAP				VALID_TASK_BUT_NO_SUITABLE_SINGLE_CANONICAL_TASK_IN_FROZEN_REFERENCE	MEDIUM	67a0a8a09af59772c61cad93af3b2dd3fcf818dfde794e972ea0c74fb0fc3ed0	a22f3a83f3cc2563554eb04b71ac8afc1faff44e3a6a594dd265ff04baafa2a6	GPT	B05	콘크리트 반입	아파트 > 콘크리트작업 > 콘크리트 반입	B05
c1aa8e5cc870c3e07145c55cb6cdd39bf02449e306f1a4e27d08d6c8468ebf68	f4c27132c554127f8056d351d97695b06615ac31ef0d82a5f242917c06f3c193	지하철	위험기계기구작업	공기 압축기	지하철 > 위험기계기구작업 > 공기 압축기	NO_MATCH			NO_MATCH	SOURCE_CONCEPT_IS_NOT_A_TASK_SEMANTIC_FOR_CURRENT_CANONICAL_TASK_UNIVERSE	HIGH	67a0a8a09af59772c61cad93af3b2dd3fcf818dfde794e972ea0c74fb0fc3ed0	a22f3a83f3cc2563554eb04b71ac8afc1faff44e3a6a594dd265ff04baafa2a6	GPT	B05	공기 압축기	지하철 > 위험기계기구작업 > 공기 압축기	B05
c1bf51592389a229ea687d3c4f2c914f6ce2948c397c384652b18e1442275526	e008f2587b767b73ade1361179cb669a7eda642562e84e11c69a05723406e02d	지하철	안전가시설작업	달대비계	지하철 > 안전가시설작업 > 달대비계	NO_MATCH			NO_MATCH	SOURCE_CONCEPT_IS_NOT_A_TASK_SEMANTIC_FOR_CURRENT_CANONICAL_TASK_UNIVERSE	HIGH	67a0a8a09af59772c61cad93af3b2dd3fcf818dfde794e972ea0c74fb0fc3ed0	a22f3a83f3cc2563554eb04b71ac8afc1faff44e3a6a594dd265ff04baafa2a6	GPT	B05	달대비계	지하철 > 안전가시설작업 > 달대비계	B05
c2ff68d1347b17e7bf17c0ba3c6bd79e42aa35df34f68586c3d68009083b9e5a	996f7e1e0a6b2984564ff8b824a007001a8166da3650559c6d9b8c1c6b102612	지하철	금속 및 잡철물작업	금속 및 잡철물 자재반입	지하철 > 금속 및 잡철물작업 > 금속 및 잡철물 자재반입	CANONICAL_GAP				VALID_TASK_BUT_NO_SUITABLE_SINGLE_CANONICAL_TASK_IN_FROZEN_REFERENCE	MEDIUM	67a0a8a09af59772c61cad93af3b2dd3fcf818dfde794e972ea0c74fb0fc3ed0	a22f3a83f3cc2563554eb04b71ac8afc1faff44e3a6a594dd265ff04baafa2a6	GPT	B05	금속 및 잡철물 자재반입	지하철 > 금속 및 잡철물작업 > 금속 및 잡철물 자재반입	B05
c52cf947297f4a2e722cc39bc4e1f563ce3cd4a237da90bb5d7f78814df09c6c	ab0d07fadc9024c302351bcab75efe80bbcd880a5b739d416b0f6ea32f54d33e	지하철	가설전기작업	전선	지하철 > 가설전기작업 > 전선	NO_MATCH			NO_MATCH	SOURCE_CONCEPT_IS_NOT_A_TASK_SEMANTIC_FOR_CURRENT_CANONICAL_TASK_UNIVERSE	HIGH	67a0a8a09af59772c61cad93af3b2dd3fcf818dfde794e972ea0c74fb0fc3ed0	a22f3a83f3cc2563554eb04b71ac8afc1faff44e3a6a594dd265ff04baafa2a6	GPT	B05	전선	지하철 > 가설전기작업 > 전선	B05
c719d50ae24860d4c7aec6deb6d5c423e94d3a266e0b293cd04a100ee2c75224	4528b248b07014e58b1a75dc326bb1757a2da6b7f43158d2ec908ac7b8aaa51d	지하철	발파작업	발파 화약고 관리	지하철 > 발파작업 > 발파 화약고 관리	MAP_EXISTING_CANONICAL	bae014b7-2474-48f7-b5c0-0e9f30a0ff56	발파	POSSIBLE_RELATED	EXPLOSIVES_MAGAZINE_MANAGEMENT_SUPPORTS_BLASTING_BUT_IS_NOT_A_BLASTING_EXECUTION_TASK	MEDIUM	67a0a8a09af59772c61cad93af3b2dd3fcf818dfde794e972ea0c74fb0fc3ed0	a22f3a83f3cc2563554eb04b71ac8afc1faff44e3a6a594dd265ff04baafa2a6	GPT	B05	발파 화약고 관리	지하철 > 발파작업 > 발파 화약고 관리	B05
c8b41d18cf05075eed8d9a763fb3b52353f70b523d5774869a171d0c1722b1f6	327911a8fa48041ff6a97e43efea18313d2b64de40b819f8fa0ce5ce1e98dd08	지하철	위험기계기구작업	연삭기	지하철 > 위험기계기구작업 > 연삭기	NO_MATCH			NO_MATCH	SOURCE_CONCEPT_IS_NOT_A_TASK_SEMANTIC_FOR_CURRENT_CANONICAL_TASK_UNIVERSE	HIGH	67a0a8a09af59772c61cad93af3b2dd3fcf818dfde794e972ea0c74fb0fc3ed0	a22f3a83f3cc2563554eb04b71ac8afc1faff44e3a6a594dd265ff04baafa2a6	GPT	B05	연삭기	지하철 > 위험기계기구작업 > 연삭기	B05
ca80785a31fb1db190b276c42a10f2f281343d37ee143226ea13f73861577212	c7b8c7d084719e5f758e6dcc315b298d07e4cf91a14ccf4d8c5f9992557b0b3d	지하철	가설전기작업	접지	지하철 > 가설전기작업 > 접지	CANONICAL_GAP				VALID_TASK_BUT_NO_SUITABLE_SINGLE_CANONICAL_TASK_IN_FROZEN_REFERENCE	MEDIUM	67a0a8a09af59772c61cad93af3b2dd3fcf818dfde794e972ea0c74fb0fc3ed0	a22f3a83f3cc2563554eb04b71ac8afc1faff44e3a6a594dd265ff04baafa2a6	GPT	B05	접지	지하철 > 가설전기작업 > 접지	B05
cadcf980e4173256e3a25e4da31567ab827efe28d091b46b7e5094531e7a080d	81c6af6cb3808bbd51b404d52005737f8a25791fe7d9e2de0f66c5540d49aa1a	지하철	엘리베이터 설치작업	엘리베이터 기계설치	지하철 > 엘리베이터 설치작업 > 엘리베이터 기계설치	CANONICAL_GAP				VALID_TASK_BUT_NO_SUITABLE_SINGLE_CANONICAL_TASK_IN_FROZEN_REFERENCE	MEDIUM	67a0a8a09af59772c61cad93af3b2dd3fcf818dfde794e972ea0c74fb0fc3ed0	a22f3a83f3cc2563554eb04b71ac8afc1faff44e3a6a594dd265ff04baafa2a6	GPT	B05	엘리베이터 기계설치	지하철 > 엘리베이터 설치작업 > 엘리베이터 기계설치	B05
d03bc0bec70f91d7a152eac9c92bd59ef379209d37a3da3cda9bdc5f5e178436	2858264ab96a5d67aedc51229fd975e34da805d068fe5007f9dae99fb2d863ec	지하철	안전가시설작업	추락방지망	지하철 > 안전가시설작업 > 추락방지망	NO_MATCH			NO_MATCH	SOURCE_CONCEPT_IS_NOT_A_TASK_SEMANTIC_FOR_CURRENT_CANONICAL_TASK_UNIVERSE	HIGH	67a0a8a09af59772c61cad93af3b2dd3fcf818dfde794e972ea0c74fb0fc3ed0	a22f3a83f3cc2563554eb04b71ac8afc1faff44e3a6a594dd265ff04baafa2a6	GPT	B05	추락방지망	지하철 > 안전가시설작업 > 추락방지망	B05
d46869bbccf3b92eec8ed55d5eb670a541469c5edc74395c83cc3b5dfd6e172d	37a63ee733edb8991edd0316acd84af6501c156fa79c7574b807968f79a6494a	지하철	거푸집작업	거푸집 동바리 인양	지하철 > 거푸집작업 > 거푸집 동바리 인양	CANONICAL_GAP				VALID_TASK_BUT_NO_SUITABLE_SINGLE_CANONICAL_TASK_IN_FROZEN_REFERENCE	MEDIUM	67a0a8a09af59772c61cad93af3b2dd3fcf818dfde794e972ea0c74fb0fc3ed0	a22f3a83f3cc2563554eb04b71ac8afc1faff44e3a6a594dd265ff04baafa2a6	GPT	B05	거푸집 동바리 인양	지하철 > 거푸집작업 > 거푸집 동바리 인양	B05
d6b05f1975bc6041527b99805494644a756e073b94df4684e3d8a7335e06aba5	12c7dd8d41405c5f14e8b01b06409c0191d379a5210b42c754074d69ec03c157	지하철	안전가시설작업	이동식 비계	지하철 > 안전가시설작업 > 이동식 비계	NO_MATCH			NO_MATCH	SOURCE_CONCEPT_IS_NOT_A_TASK_SEMANTIC_FOR_CURRENT_CANONICAL_TASK_UNIVERSE	HIGH	67a0a8a09af59772c61cad93af3b2dd3fcf818dfde794e972ea0c74fb0fc3ed0	a22f3a83f3cc2563554eb04b71ac8afc1faff44e3a6a594dd265ff04baafa2a6	GPT	B05	이동식 비계	지하철 > 안전가시설작업 > 이동식 비계	B05
d6fd8c85949bde766c819f400f52ba73acd8b1806fa8be2dc6ba0d00244a0d36	545c88f860cdd92a690f3b2fe44225d19d64d9bccd07b3f9d3254be8aff90ef8	지하철	위험기계기구작업	철근절단기 및 절곡기	지하철 > 위험기계기구작업 > 철근절단기 및 절곡기	NO_MATCH			NO_MATCH	SOURCE_CONCEPT_IS_NOT_A_TASK_SEMANTIC_FOR_CURRENT_CANONICAL_TASK_UNIVERSE	HIGH	67a0a8a09af59772c61cad93af3b2dd3fcf818dfde794e972ea0c74fb0fc3ed0	a22f3a83f3cc2563554eb04b71ac8afc1faff44e3a6a594dd265ff04baafa2a6	GPT	B05	철근절단기 및 절곡기	지하철 > 위험기계기구작업 > 철근절단기 및 절곡기	B05
d7f4d2b9578e2edde5469d08828a941f1c80436f7608365c5ea638556bf0573c	c2107a3f0debfc26ed7ea70fee6701a3f30b531ffbca57d0d40ff4c7b9e31c6f	아파트	철골작업	철골 부재반입	아파트 > 철골작업 > 철골 부재반입	CANONICAL_GAP				VALID_TASK_BUT_NO_SUITABLE_SINGLE_CANONICAL_TASK_IN_FROZEN_REFERENCE	MEDIUM	67a0a8a09af59772c61cad93af3b2dd3fcf818dfde794e972ea0c74fb0fc3ed0	a22f3a83f3cc2563554eb04b71ac8afc1faff44e3a6a594dd265ff04baafa2a6	GPT	B05	철골 부재반입	아파트 > 철골작업 > 철골 부재반입	B05
d8bf703d34a6a67bcd2ca9ab140e4c50ce4fb030d5e346b57bb6afe6ee8dcebb	5c41ab4ae0caa5a982ae5649ed108b8a246dcadc6cf8fc461906418c2d10dbb9	지하철	금속 및 잡철물작업	금속 및 잡철물 시공	지하철 > 금속 및 잡철물작업 > 금속 및 잡철물 시공	AMBIGUOUS			AMBIGUOUS	BROAD_METAL_AND_MISCELLANEOUS_STEEL_WORK_DOES_NOT_IDENTIFY_A_SINGLE_CANONICAL_TASK	MEDIUM	67a0a8a09af59772c61cad93af3b2dd3fcf818dfde794e972ea0c74fb0fc3ed0	a22f3a83f3cc2563554eb04b71ac8afc1faff44e3a6a594dd265ff04baafa2a6	GPT	B05	금속 및 잡철물 시공	지하철 > 금속 및 잡철물작업 > 금속 및 잡철물 시공	B05
d8e263e132c0275970ddb409c5ce1d69a6d8a675f974e3d38b9577110474b998	f674b465439adee738eeb791ef13287d851431821d3197e34b66470795450273	지하철	라이닝거푸집작업	라이닝거푸집 해체	지하철 > 라이닝거푸집작업 > 라이닝거푸집 해체	MAP_EXISTING_CANONICAL	892b579d-42bf-4c3e-8a71-e37d8ce00e1b	현장타설콘크리트라이닝	NARROWER_THAN	LINING_FORMWORK_REMOVAL_IS_A_SPECIFIC_SUBACTIVITY_OF_CAST_IN_PLACE_CONCRETE_LINING	MEDIUM	67a0a8a09af59772c61cad93af3b2dd3fcf818dfde794e972ea0c74fb0fc3ed0	a22f3a83f3cc2563554eb04b71ac8afc1faff44e3a6a594dd265ff04baafa2a6	GPT	B05	라이닝거푸집 해체	지하철 > 라이닝거푸집작업 > 라이닝거푸집 해체	B05
da0516930fec944132cab5bc8b88352ba91ab67ff804d5a73a97558eb2b47053	415931a36ce6062706ea45f3914089d48cb8bdf2882b2d0586ec819aebac65f4	지하철	수직구작업	수직구 굴착	지하철 > 수직구작업 > 수직구 굴착	CANONICAL_GAP				VALID_TASK_BUT_NO_SUITABLE_SINGLE_CANONICAL_TASK_IN_FROZEN_REFERENCE	MEDIUM	67a0a8a09af59772c61cad93af3b2dd3fcf818dfde794e972ea0c74fb0fc3ed0	a22f3a83f3cc2563554eb04b71ac8afc1faff44e3a6a594dd265ff04baafa2a6	GPT	B05	수직구 굴착	지하철 > 수직구작업 > 수직구 굴착	B05
dc33e48518aac310f02af4300e479a270b4e87f959af0f2c267e74cd3e19ff97	4d03e888f99f9b1beb0f19e81b215849e0a759db782571579944f3ec57866f47	지하철	양중기작업	특수 작업대	지하철 > 양중기작업 > 특수 작업대	NO_MATCH			NO_MATCH	SOURCE_CONCEPT_IS_NOT_A_TASK_SEMANTIC_FOR_CURRENT_CANONICAL_TASK_UNIVERSE	HIGH	67a0a8a09af59772c61cad93af3b2dd3fcf818dfde794e972ea0c74fb0fc3ed0	a22f3a83f3cc2563554eb04b71ac8afc1faff44e3a6a594dd265ff04baafa2a6	GPT	B05	특수 작업대	지하철 > 양중기작업 > 특수 작업대	B05
e0908e0c78202ae6a8afb2a87e8cecf14aeffe76b49d5f4248c6d4ad9df1d182	8734033aadf41b2e9395e5a304eff82fe166c1ee2085d4954286dbb5e3c9fef0	아파트	철근작업	철근조립	아파트 > 철근작업 > 철근조립	MAP_EXISTING_CANONICAL	be965f09-464b-4d53-9be4-d72f44d3d1ee	철근가공및조립	NARROWER_THAN	REBAR_ASSEMBLY_IS_A_SPECIFIC_COMPONENT_OF_CANONICAL_REBAR_PROCESSING_AND_ASSEMBLY	HIGH	67a0a8a09af59772c61cad93af3b2dd3fcf818dfde794e972ea0c74fb0fc3ed0	a22f3a83f3cc2563554eb04b71ac8afc1faff44e3a6a594dd265ff04baafa2a6	GPT	B05	철근조립	아파트 > 철근작업 > 철근조립	B05
e145696b1c311adcc3c996f5ab63a8c7bbb1fc5a233dd0e228a98e1225e6ff95	911bce63556fb2de20ce75eb6cbc8a0d31cf5889844475857f4f5724bfaa37b7	지하철	위험기계기구작업	그라우팅 장비	지하철 > 위험기계기구작업 > 그라우팅 장비	NO_MATCH			NO_MATCH	SOURCE_CONCEPT_IS_NOT_A_TASK_SEMANTIC_FOR_CURRENT_CANONICAL_TASK_UNIVERSE	HIGH	67a0a8a09af59772c61cad93af3b2dd3fcf818dfde794e972ea0c74fb0fc3ed0	a22f3a83f3cc2563554eb04b71ac8afc1faff44e3a6a594dd265ff04baafa2a6	GPT	B05	그라우팅 장비	지하철 > 위험기계기구작업 > 그라우팅 장비	B05
e5d6592e8ce1437e6dc9255edc48c6acc912b898fbf97a957738921da6bcfa3b	56a96bbdad4726a128f4ada31d2b47eac76e3677cd828bf3a62f7e87b71c1bc2	지하철	기초파일작업	기초파일 두부정리	지하철 > 기초파일작업 > 기초파일 두부정리	CANONICAL_GAP				VALID_TASK_BUT_NO_SUITABLE_SINGLE_CANONICAL_TASK_IN_FROZEN_REFERENCE	MEDIUM	67a0a8a09af59772c61cad93af3b2dd3fcf818dfde794e972ea0c74fb0fc3ed0	a22f3a83f3cc2563554eb04b71ac8afc1faff44e3a6a594dd265ff04baafa2a6	GPT	B05	기초파일 두부정리	지하철 > 기초파일작업 > 기초파일 두부정리	B05
e6110fd529e7593b71ccc763447fbb6cf9a7d1f50204daa7f6b1004cb68659b1	c1028b4628d28bd6381d2d9418db1d3257154accf5b29cc18903a0589ecf75eb	지하철	기계설비작업	기계설비 설치	지하철 > 기계설비작업 > 기계설비 설치	AMBIGUOUS			AMBIGUOUS	GENERIC_MECHANICAL_EQUIPMENT_INSTALLATION_SPANS_MULTIPLE_SPECIFIC_INSTALLATION_TASKS	MEDIUM	67a0a8a09af59772c61cad93af3b2dd3fcf818dfde794e972ea0c74fb0fc3ed0	a22f3a83f3cc2563554eb04b71ac8afc1faff44e3a6a594dd265ff04baafa2a6	GPT	B05	기계설비 설치	지하철 > 기계설비작업 > 기계설비 설치	B05
e860a2029b0f2084fdf0789a687093b4d18ef626f85a12fb11d7fe46ee840ccd	401e36ffb201df3f700deaa6c18bf569b8d0b25f5ef5731f1fcdbc3a274edcf4	지하철	위험기계기구작업	열풍기	지하철 > 위험기계기구작업 > 열풍기	NO_MATCH			NO_MATCH	SOURCE_CONCEPT_IS_NOT_A_TASK_SEMANTIC_FOR_CURRENT_CANONICAL_TASK_UNIVERSE	HIGH	67a0a8a09af59772c61cad93af3b2dd3fcf818dfde794e972ea0c74fb0fc3ed0	a22f3a83f3cc2563554eb04b71ac8afc1faff44e3a6a594dd265ff04baafa2a6	GPT	B05	열풍기	지하철 > 위험기계기구작업 > 열풍기	B05
e86256623aad323c4dc501316d1b6f874051f983094a32a0dc366080a1dfa8bf	89a48e95ddff09d8c03c3038f9c846990b96bf2da2b881d35fe02908173ba561	지하철	발파작업	발파 암처리	지하철 > 발파작업 > 발파 암처리	MAP_EXISTING_CANONICAL	bae014b7-2474-48f7-b5c0-0e9f30a0ff56	발파	POSSIBLE_RELATED	BLASTED_ROCK_HANDLING_IS_RELATED_TO_BLASTING_BUT_IS_NOT_THE_SAME_TASK	MEDIUM	67a0a8a09af59772c61cad93af3b2dd3fcf818dfde794e972ea0c74fb0fc3ed0	a22f3a83f3cc2563554eb04b71ac8afc1faff44e3a6a594dd265ff04baafa2a6	GPT	B05	발파 암처리	지하철 > 발파작업 > 발파 암처리	B05
f034a95878ad18099e6b44680df935bacfb115bf2f1cbc5d6a73fdb9496f958d	2fa9a94b50505d8e96f24da66c6059319a250d0e941c184e4a92477e865c34ab	아파트	흙막이지보공작업	흙막이지보공 자재반입	아파트 > 흙막이지보공작업 > 흙막이지보공 자재반입	CANONICAL_GAP				VALID_TASK_BUT_NO_SUITABLE_SINGLE_CANONICAL_TASK_IN_FROZEN_REFERENCE	MEDIUM	67a0a8a09af59772c61cad93af3b2dd3fcf818dfde794e972ea0c74fb0fc3ed0	a22f3a83f3cc2563554eb04b71ac8afc1faff44e3a6a594dd265ff04baafa2a6	GPT	B05	흙막이지보공 자재반입	아파트 > 흙막이지보공작업 > 흙막이지보공 자재반입	B05
f2f4873b528b4a9ba50f60e56c45d541ddb6fdaeefd2b3a240a22d3af67c57df	489e1dc03927c8581c75eba9275893bf0004c3287116cc9139d14be846e0aa54	아파트	콘크리트작업	콘크리트타설	아파트 > 콘크리트작업 > 콘크리트타설	AMBIGUOUS			AMBIGUOUS	GENERIC_CONCRETE_PLACEMENT_DOES_NOT_DISTINGUISH_AMONG_MULTIPLE_CONCRETE_PLACEMENT_CANONICAL_TASKS	HIGH	67a0a8a09af59772c61cad93af3b2dd3fcf818dfde794e972ea0c74fb0fc3ed0	a22f3a83f3cc2563554eb04b71ac8afc1faff44e3a6a594dd265ff04baafa2a6	GPT	B05	콘크리트타설	아파트 > 콘크리트작업 > 콘크리트타설	B05
f579f4ce14d0ffeac1c52a8fb7ea91f6ee92fc17ef0c3ee31d8404ca3daa596a	bbf6e226a5e499ee1107466d0f60efe66dd999d4c3b0d639b6b2dcab8c351563	지하철	안전가시설작업	경사지붕	지하철 > 안전가시설작업 > 경사지붕	NO_MATCH			NO_MATCH	SOURCE_CONCEPT_IS_NOT_A_TASK_SEMANTIC_FOR_CURRENT_CANONICAL_TASK_UNIVERSE	HIGH	67a0a8a09af59772c61cad93af3b2dd3fcf818dfde794e972ea0c74fb0fc3ed0	a22f3a83f3cc2563554eb04b71ac8afc1faff44e3a6a594dd265ff04baafa2a6	GPT	B05	경사지붕	지하철 > 안전가시설작업 > 경사지붕	B05
fc7b70e1f0620146c9328b2f04f36ce9c9f3c904d8cd9ab3f55f8ef75284b101	676045fdf3e299c919e6d92d8cd50ffc4d1847e6f8fdb7f291bbf8d3a6b80b75	지하철	안전가시설작업	가설 경사로	지하철 > 안전가시설작업 > 가설 경사로	NO_MATCH			NO_MATCH	SOURCE_CONCEPT_IS_NOT_A_TASK_SEMANTIC_FOR_CURRENT_CANONICAL_TASK_UNIVERSE	HIGH	67a0a8a09af59772c61cad93af3b2dd3fcf818dfde794e972ea0c74fb0fc3ed0	a22f3a83f3cc2563554eb04b71ac8afc1faff44e3a6a594dd265ff04baafa2a6	GPT	B05	가설 경사로	지하철 > 안전가시설작업 > 가설 경사로	B05
fe9aee95d4fb4fb20a7d86bdf8d3dc89823fee770ee096e27559c858b05d50d3	a44ef0ed291481f9609833e14df6862349790478ab85097c99dfb75ed45a6d11	지하철	양중기작업	윈치	지하철 > 양중기작업 > 윈치	NO_MATCH			NO_MATCH	SOURCE_CONCEPT_IS_NOT_A_TASK_SEMANTIC_FOR_CURRENT_CANONICAL_TASK_UNIVERSE	HIGH	67a0a8a09af59772c61cad93af3b2dd3fcf818dfde794e972ea0c74fb0fc3ed0	a22f3a83f3cc2563554eb04b71ac8afc1faff44e3a6a594dd265ff04baafa2a6	GPT	B05	윈치	지하철 > 양중기작업 > 윈치	B05
ff6d1af29a79938d776aa49ed92e9e51dfa25d83f3bb9495028787666abf54df	cca8cc97a529f7467d39fb7ed2ed0363bd528824c0814593bb1d9cddb5052a79	아파트	창호 및 유리작업	창호 및 유리 자재반입	아파트 > 창호 및 유리작업 > 창호 및 유리 자재반입	CANONICAL_GAP				VALID_TASK_BUT_NO_SUITABLE_SINGLE_CANONICAL_TASK_IN_FROZEN_REFERENCE	MEDIUM	67a0a8a09af59772c61cad93af3b2dd3fcf818dfde794e972ea0c74fb0fc3ed0	a22f3a83f3cc2563554eb04b71ac8afc1faff44e3a6a594dd265ff04baafa2a6	GPT	B05	창호 및 유리 자재반입	아파트 > 창호 및 유리작업 > 창호 및 유리 자재반입	B05
001137af6fbea3e99ece7ceae0abc88461b8184a94c2c03dcfdaaec8da19dfe7	ed3c3cab57b6c6b930f0caba4508262cdbc17f6933a4fc6492735f0335cbefbe	터널	수직구작업	수직구 굴착	터널 > 수직구작업 > 수직구 굴착	CANONICAL_GAP				VALID_TASK_BUT_NO_SUITABLE_SINGLE_CANONICAL_TASK_IN_FROZEN_REFERENCE	MEDIUM	b0df9c2e77642184bc98fa67bc94e5073a41913ccc9a867da1ec5bf3bbfc34c2	a22f3a83f3cc2563554eb04b71ac8afc1faff44e3a6a594dd265ff04baafa2a6	GPT	B06	수직구 굴착	터널 > 수직구작업 > 수직구 굴착	B06
047619ff80cf6ead27a217a1a24d041c847fe300fd7f039410be4bda51340551	0ddfb693a7e4e7ed7fb23a53f689f1cb3973fbd5385c88fd9e8023fdce1420d5	지하철	터널보강작업	터널 강지보	지하철 > 터널보강작업 > 터널 강지보	CANONICAL_GAP				VALID_TASK_BUT_NO_SUITABLE_SINGLE_CANONICAL_TASK_IN_FROZEN_REFERENCE	MEDIUM	b0df9c2e77642184bc98fa67bc94e5073a41913ccc9a867da1ec5bf3bbfc34c2	a22f3a83f3cc2563554eb04b71ac8afc1faff44e3a6a594dd265ff04baafa2a6	GPT	B06	터널 강지보	지하철 > 터널보강작업 > 터널 강지보	B06
04bff63c1a3c0280c553b368bb007a3fee147f22d97d12a2a10fcf7339c83533	00e4fc12263393951a28470dcda38e1861a1fdaee64a806b681d6512abade395	터널	갱구부작업	갱구부 보강	터널 > 갱구부작업 > 갱구부 보강	AMBIGUOUS			AMBIGUOUS	GENERIC_TUNNEL_PORTAL_REINFORCEMENT_DOES_NOT_IDENTIFY_A_SINGLE_REINFORCEMENT_METHOD_OR_CANONICAL_TASK	MEDIUM	b0df9c2e77642184bc98fa67bc94e5073a41913ccc9a867da1ec5bf3bbfc34c2	a22f3a83f3cc2563554eb04b71ac8afc1faff44e3a6a594dd265ff04baafa2a6	GPT	B06	갱구부 보강	터널 > 갱구부작업 > 갱구부 보강	B06
0601b84169785014ab3d3053231271981e2ca1d601eb316efe8c88035ba6f7e1	8376cdcfe79feb951159c8d56904d8a83bd680c0396d98b61027257766c9ba49	터널	양중기작업	특수 작업대	터널 > 양중기작업 > 특수 작업대	NO_MATCH			NO_MATCH	SOURCE_CONCEPT_IS_NOT_A_TASK_SEMANTIC_FOR_CURRENT_CANONICAL_TASK_UNIVERSE	HIGH	b0df9c2e77642184bc98fa67bc94e5073a41913ccc9a867da1ec5bf3bbfc34c2	a22f3a83f3cc2563554eb04b71ac8afc1faff44e3a6a594dd265ff04baafa2a6	GPT	B06	특수 작업대	터널 > 양중기작업 > 특수 작업대	B06
08867936373da71e45b39bde6ceb5fe7c944f87804e06eddd071202589645361	f3360ac07e516aae0e5dbe43653399c4869b6825748d033e0fb2d9bfee2e4a4e	터널	위험기계기구작업	이동식 발전기	터널 > 위험기계기구작업 > 이동식 발전기	NO_MATCH			NO_MATCH	SOURCE_CONCEPT_IS_NOT_A_TASK_SEMANTIC_FOR_CURRENT_CANONICAL_TASK_UNIVERSE	HIGH	b0df9c2e77642184bc98fa67bc94e5073a41913ccc9a867da1ec5bf3bbfc34c2	a22f3a83f3cc2563554eb04b71ac8afc1faff44e3a6a594dd265ff04baafa2a6	GPT	B06	이동식 발전기	터널 > 위험기계기구작업 > 이동식 발전기	B06
0db87c56a13b4c95d08235f72810ce15451ea4ca9f59099593f5eb2fe4a065ed	be08c8f9ae65656d0f99106dd6460bec1796b1c309ffb6da5f93c31964d50e8d	터널	안전가시설작업	달대비계	터널 > 안전가시설작업 > 달대비계	NO_MATCH			NO_MATCH	SOURCE_CONCEPT_IS_NOT_A_TASK_SEMANTIC_FOR_CURRENT_CANONICAL_TASK_UNIVERSE	HIGH	b0df9c2e77642184bc98fa67bc94e5073a41913ccc9a867da1ec5bf3bbfc34c2	a22f3a83f3cc2563554eb04b71ac8afc1faff44e3a6a594dd265ff04baafa2a6	GPT	B06	달대비계	터널 > 안전가시설작업 > 달대비계	B06
0dc5b59a1986705030c339281849ff268e013e33b492fbbae6e88abb236abf42	dd287765c824b78d563290ff5254ca9b0d0252e750d7bad8224d8c291c1a5fd7	터널	안전가시설작업	이동식 사다리	터널 > 안전가시설작업 > 이동식 사다리	NO_MATCH			NO_MATCH	SOURCE_CONCEPT_IS_NOT_A_TASK_SEMANTIC_FOR_CURRENT_CANONICAL_TASK_UNIVERSE	HIGH	b0df9c2e77642184bc98fa67bc94e5073a41913ccc9a867da1ec5bf3bbfc34c2	a22f3a83f3cc2563554eb04b71ac8afc1faff44e3a6a594dd265ff04baafa2a6	GPT	B06	이동식 사다리	터널 > 안전가시설작업 > 이동식 사다리	B06
0e6b7ebcd9a6f26ec971d9a98ff4c048dc1db617543e2dc6ebe71947acec8483	7c8002c67d0022fcda32d66b710b64565c5b4219a142c0f6271830409bb47525	터널	수직구작업	수직구 흙막이지보공 시공	터널 > 수직구작업 > 수직구 흙막이지보공 시공	CANONICAL_GAP				VALID_TASK_BUT_NO_SUITABLE_SINGLE_CANONICAL_TASK_IN_FROZEN_REFERENCE	MEDIUM	b0df9c2e77642184bc98fa67bc94e5073a41913ccc9a867da1ec5bf3bbfc34c2	a22f3a83f3cc2563554eb04b71ac8afc1faff44e3a6a594dd265ff04baafa2a6	GPT	B06	수직구 흙막이지보공 시공	터널 > 수직구작업 > 수직구 흙막이지보공 시공	B06
0ef0cca646ab82cca3361898be97750f0e07113b1bb713494e0d0a5f0bd135ee	28f657e13a3bf22013acbd92c5be452d49c0a3c9126b033ecbd50bda6d74f9c6	지하철	전기설비작업	전기설비 자재반입	지하철 > 전기설비작업 > 전기설비 자재반입	CANONICAL_GAP				VALID_TASK_BUT_NO_SUITABLE_SINGLE_CANONICAL_TASK_IN_FROZEN_REFERENCE	MEDIUM	b0df9c2e77642184bc98fa67bc94e5073a41913ccc9a867da1ec5bf3bbfc34c2	a22f3a83f3cc2563554eb04b71ac8afc1faff44e3a6a594dd265ff04baafa2a6	GPT	B06	전기설비 자재반입	지하철 > 전기설비작업 > 전기설비 자재반입	B06
0fc81a44983f02fb0813bf00f72b4c31c598c36acedba4574b7c0df4d295ccf9	7ba4615df684eedec1174aaffb61744175f7b00e40a48868a23026819b35a1fe	지하철	조경작업	조경부지정리	지하철 > 조경작업 > 조경부지정리	MAP_EXISTING_CANONICAL	5bb130b1-f1ab-4cdb-86d8-9b0985bf9a81	일반부지정지	NARROWER_THAN	LANDSCAPE_SITE_PREPARATION_IS_A_CONTEXT_SPECIFIC_FORM_OF_GENERAL_SITE_GRADING	MEDIUM	b0df9c2e77642184bc98fa67bc94e5073a41913ccc9a867da1ec5bf3bbfc34c2	a22f3a83f3cc2563554eb04b71ac8afc1faff44e3a6a594dd265ff04baafa2a6	GPT	B06	조경부지정리	지하철 > 조경작업 > 조경부지정리	B06
1c7427e20ef351c03570024684194c2bf8b11d50ef5f45bbb0efc4dbcf48770e	b75d27054f571b5624733c557b5b70d8605b790bd1420db24d2842c60d8e31d7	터널	위험기계기구작업	열풍기	터널 > 위험기계기구작업 > 열풍기	NO_MATCH			NO_MATCH	SOURCE_CONCEPT_IS_NOT_A_TASK_SEMANTIC_FOR_CURRENT_CANONICAL_TASK_UNIVERSE	HIGH	b0df9c2e77642184bc98fa67bc94e5073a41913ccc9a867da1ec5bf3bbfc34c2	a22f3a83f3cc2563554eb04b71ac8afc1faff44e3a6a594dd265ff04baafa2a6	GPT	B06	열풍기	터널 > 위험기계기구작업 > 열풍기	B06
21da59a788236986040aeb0d1f2bbcbe659c16176d1b3e6926755d65d2b57f5a	fc396f6845802a8121efe1eb67c40f4711ddfe69fe0c2db7e1c43cc88c08dceb	지하철	터널배수작업	터널배수	지하철 > 터널배수작업 > 터널배수	CANONICAL_GAP				VALID_TASK_BUT_NO_SUITABLE_SINGLE_CANONICAL_TASK_IN_FROZEN_REFERENCE	MEDIUM	b0df9c2e77642184bc98fa67bc94e5073a41913ccc9a867da1ec5bf3bbfc34c2	a22f3a83f3cc2563554eb04b71ac8afc1faff44e3a6a594dd265ff04baafa2a6	GPT	B06	터널배수	지하철 > 터널배수작업 > 터널배수	B06
22e6be61b80b53f166426518a177c3c9e5975c9fd7ac12a7e8756a584cb91c15	d0610bb7f28f8ffa95128350d039a09aaecd84271650731a6207061970c4daec	터널	안전가시설작업	개구부	터널 > 안전가시설작업 > 개구부	NO_MATCH			NO_MATCH	SOURCE_CONCEPT_IS_NOT_A_TASK_SEMANTIC_FOR_CURRENT_CANONICAL_TASK_UNIVERSE	HIGH	b0df9c2e77642184bc98fa67bc94e5073a41913ccc9a867da1ec5bf3bbfc34c2	a22f3a83f3cc2563554eb04b71ac8afc1faff44e3a6a594dd265ff04baafa2a6	GPT	B06	개구부	터널 > 안전가시설작업 > 개구부	B06
25557ea859cf6dd328fd65c0b17d625e8cb5f95d2c1885b13aa63cfa86c68108	40bd4ffc4b44a6e114145d10d9af177b7f51cc8e48ca78fc8a692d796e19037c	터널	양중기작업	타워크레인	터널 > 양중기작업 > 타워크레인	NO_MATCH			NO_MATCH	SOURCE_CONCEPT_IS_NOT_A_TASK_SEMANTIC_FOR_CURRENT_CANONICAL_TASK_UNIVERSE	HIGH	b0df9c2e77642184bc98fa67bc94e5073a41913ccc9a867da1ec5bf3bbfc34c2	a22f3a83f3cc2563554eb04b71ac8afc1faff44e3a6a594dd265ff04baafa2a6	GPT	B06	타워크레인	터널 > 양중기작업 > 타워크레인	B06
2735eaa49ed2cc102f9e7b8c68804e3f50c88a4530078c1a2b9e80d5257ea48d	d80809385a3c8ea3b437186526e029340917b7688fc778a3ce32892052990b0a	터널	가설도로작업	가설도로 벌목 및 표토제거	터널 > 가설도로작업 > 가설도로 벌목 및 표토제거	MAP_EXISTING_CANONICAL	a7106b20-76ca-427f-aa45-2f0b1d417f15	표토제거	POSSIBLE_RELATED	COMPOSITE_SOURCE_INCLUDES_TOPSOIL_REMOVAL_BUT_ALSO_TREE_CLEARING	MEDIUM	b0df9c2e77642184bc98fa67bc94e5073a41913ccc9a867da1ec5bf3bbfc34c2	a22f3a83f3cc2563554eb04b71ac8afc1faff44e3a6a594dd265ff04baafa2a6	GPT	B06	가설도로 벌목 및 표토제거	터널 > 가설도로작업 > 가설도로 벌목 및 표토제거	B06
2737ea01efcec70667b65716ed9cf4c6376f7e6871dbaeeea7f2e0656d1674db	77eb41f4802e0411ff422d2b6dda1934775a8880cdddd01eb6d938d0f46fdcba	터널	발파작업	발파 암처리	터널 > 발파작업 > 발파 암처리	MAP_EXISTING_CANONICAL	473d69ee-4433-487f-bc43-c35c1f2ea28f	발파굴착	POSSIBLE_RELATED	BLASTED_ROCK_HANDLING_IS_RELATED_TO_TUNNEL_BLAST_EXCAVATION_BUT_IS_NOT_EQUIVALENT_TO_THE_FULL_CANONICAL_TASK	MEDIUM	b0df9c2e77642184bc98fa67bc94e5073a41913ccc9a867da1ec5bf3bbfc34c2	a22f3a83f3cc2563554eb04b71ac8afc1faff44e3a6a594dd265ff04baafa2a6	GPT	B06	발파 암처리	터널 > 발파작업 > 발파 암처리	B06
294cf2330817a0b38428adee21b08546fdc219c36f771491c62ae99e5aedbfda	a003d155b5f04f619d0063df03150ac73a6cc704fd82e9a79769f2fde56bb113	터널	위험기계기구작업	그라우팅 장비	터널 > 위험기계기구작업 > 그라우팅 장비	NO_MATCH			NO_MATCH	SOURCE_CONCEPT_IS_NOT_A_TASK_SEMANTIC_FOR_CURRENT_CANONICAL_TASK_UNIVERSE	HIGH	b0df9c2e77642184bc98fa67bc94e5073a41913ccc9a867da1ec5bf3bbfc34c2	a22f3a83f3cc2563554eb04b71ac8afc1faff44e3a6a594dd265ff04baafa2a6	GPT	B06	그라우팅 장비	터널 > 위험기계기구작업 > 그라우팅 장비	B06
2f5dc97466e7aeebbaaf36f18d5fe3c4f26fe759ac3369908d6887627f1dbec3	b59323e8cf052f49fcbe75343fa6fd9ff5adfb76339fcb159b502a1ec18e6a7f	지하철	흙막이지보공작업	흙막이지보공 설치	지하철 > 흙막이지보공작업 > 흙막이지보공 설치	CANONICAL_GAP				VALID_TASK_BUT_NO_SUITABLE_SINGLE_CANONICAL_TASK_IN_FROZEN_REFERENCE	MEDIUM	b0df9c2e77642184bc98fa67bc94e5073a41913ccc9a867da1ec5bf3bbfc34c2	a22f3a83f3cc2563554eb04b71ac8afc1faff44e3a6a594dd265ff04baafa2a6	GPT	B06	흙막이지보공 설치	지하철 > 흙막이지보공작업 > 흙막이지보공 설치	B06
30f687bf159d826438f2b964034be3aad5c723508f1000fa11cc9af3046f8b56	c766d5fa02a15127fa95e857bd83dbbb7b9d75489e9d2e0ed35fd029833e793e	지하철	특수터널작업	특수터널 (Shield 공법)	지하철 > 특수터널작업 > 특수터널 (Shield 공법)	NO_MATCH			NO_MATCH	SOURCE_CONCEPT_IS_NOT_A_TASK_SEMANTIC_FOR_CURRENT_CANONICAL_TASK_UNIVERSE	HIGH	b0df9c2e77642184bc98fa67bc94e5073a41913ccc9a867da1ec5bf3bbfc34c2	a22f3a83f3cc2563554eb04b71ac8afc1faff44e3a6a594dd265ff04baafa2a6	GPT	B06	특수터널 (Shield 공법)	지하철 > 특수터널작업 > 특수터널 (Shield 공법)	B06
31505f8fbc58bbeb40a3a3bc41148d3c5a99987512827c921715684b43c5ff5a	e5bcc2db95c4450d5af06846cfb7a7a7d9f890c95cb0c095dafcd0ab3dc395dd	터널	가설전기작업	분전반	터널 > 가설전기작업 > 분전반	NO_MATCH			NO_MATCH	SOURCE_CONCEPT_IS_NOT_A_TASK_SEMANTIC_FOR_CURRENT_CANONICAL_TASK_UNIVERSE	HIGH	b0df9c2e77642184bc98fa67bc94e5073a41913ccc9a867da1ec5bf3bbfc34c2	a22f3a83f3cc2563554eb04b71ac8afc1faff44e3a6a594dd265ff04baafa2a6	GPT	B06	분전반	터널 > 가설전기작업 > 분전반	B06
33b35e1694bee0d3d3ac958bc5989696dd8fb87f4f43c0146131bdacd50118f6	43ec5342601fa02d15b618967c8bbffaee7feafe238cc0e67a2253bd3b9a1ac1	터널	양중기작업	윈치	터널 > 양중기작업 > 윈치	NO_MATCH			NO_MATCH	SOURCE_CONCEPT_IS_NOT_A_TASK_SEMANTIC_FOR_CURRENT_CANONICAL_TASK_UNIVERSE	HIGH	b0df9c2e77642184bc98fa67bc94e5073a41913ccc9a867da1ec5bf3bbfc34c2	a22f3a83f3cc2563554eb04b71ac8afc1faff44e3a6a594dd265ff04baafa2a6	GPT	B06	윈치	터널 > 양중기작업 > 윈치	B06
3cb3570f269d5a6876da31894f06b8d06fc46ddddc865f2b4b1e1ec855ff0902	c51f5cb502c95fb8c9a457464dac37656d295f39ab9e40bd5a65eb6b4abf1701	지하철	흙막이지보공작업	흙막이지보공 해체	지하철 > 흙막이지보공작업 > 흙막이지보공 해체	CANONICAL_GAP				VALID_TASK_BUT_NO_SUITABLE_SINGLE_CANONICAL_TASK_IN_FROZEN_REFERENCE	MEDIUM	b0df9c2e77642184bc98fa67bc94e5073a41913ccc9a867da1ec5bf3bbfc34c2	a22f3a83f3cc2563554eb04b71ac8afc1faff44e3a6a594dd265ff04baafa2a6	GPT	B06	흙막이지보공 해체	지하철 > 흙막이지보공작업 > 흙막이지보공 해체	B06
4567390fe8df67e946990de3bccf0174d2393106e85d54dc924cf228e962278d	c2b13f1e4324cd652c0ce19d16a00bb4015ac5f492a718ecc9ab03520bbd3cdb	터널	안전가시설작업	낙하물 방지망	터널 > 안전가시설작업 > 낙하물 방지망	NO_MATCH			NO_MATCH	SOURCE_CONCEPT_IS_NOT_A_TASK_SEMANTIC_FOR_CURRENT_CANONICAL_TASK_UNIVERSE	HIGH	b0df9c2e77642184bc98fa67bc94e5073a41913ccc9a867da1ec5bf3bbfc34c2	a22f3a83f3cc2563554eb04b71ac8afc1faff44e3a6a594dd265ff04baafa2a6	GPT	B06	낙하물 방지망	터널 > 안전가시설작업 > 낙하물 방지망	B06
4576ebe90839817c8de8830a6c63f3dbb7119654250c3fd01fa923e5de4acbd9	f26e581c0138a3c1abecb4842f5821e4c6076be616a18047b1eeb7ee70e24543	지하철	전기설비작업	전기설비 설치	지하철 > 전기설비작업 > 전기설비 설치	AMBIGUOUS			AMBIGUOUS	GENERIC_ELECTRICAL_EQUIPMENT_INSTALLATION_DOES_NOT_IDENTIFY_A_SINGLE_CANONICAL_TASK	MEDIUM	b0df9c2e77642184bc98fa67bc94e5073a41913ccc9a867da1ec5bf3bbfc34c2	a22f3a83f3cc2563554eb04b71ac8afc1faff44e3a6a594dd265ff04baafa2a6	GPT	B06	전기설비 설치	지하철 > 전기설비작업 > 전기설비 설치	B06
4935d0c38198cf4ed439b0cb93fe7b47003175f92fa830200ec46459a40a28c1	8db8e508c32e7fdd941f485550da23576c9537805706912bd0b2d55306a50dad	터널	안전가시설작업	비계	터널 > 안전가시설작업 > 비계	NO_MATCH			NO_MATCH	SOURCE_CONCEPT_IS_NOT_A_TASK_SEMANTIC_FOR_CURRENT_CANONICAL_TASK_UNIVERSE	HIGH	b0df9c2e77642184bc98fa67bc94e5073a41913ccc9a867da1ec5bf3bbfc34c2	a22f3a83f3cc2563554eb04b71ac8afc1faff44e3a6a594dd265ff04baafa2a6	GPT	B06	비계	터널 > 안전가시설작업 > 비계	B06
4b7f35075945ac8574382ea86b452481102745416a47c7160c069a2b8c2f3185	4f833102d2c7719f7aa869242085170ee950b1fec3b25fae6a1306e5e261cac7	터널	발파작업	발파 장약	터널 > 발파작업 > 발파 장약	MAP_EXISTING_CANONICAL	473d69ee-4433-487f-bc43-c35c1f2ea28f	발파굴착	NARROWER_THAN	EXPLOSIVE_CHARGING_IN_TUNNEL_CONTEXT_IS_A_SPECIFIC_SUBACTIVITY_OF_CANONICAL_TUNNEL_BLAST_EXCAVATION	HIGH	b0df9c2e77642184bc98fa67bc94e5073a41913ccc9a867da1ec5bf3bbfc34c2	a22f3a83f3cc2563554eb04b71ac8afc1faff44e3a6a594dd265ff04baafa2a6	GPT	B06	발파 장약	터널 > 발파작업 > 발파 장약	B06
4bf0123a90c029c35a5bde93b685fbd6bcd8f1471f368aac6fb70b9a71d40c15	fad5b008f66307ff7adcd7064806521854e55bc60d5fd1115b8504e866c1c5f5	지하철	판넬 등 외부마감작업	판넬 등 외부마감 시공	지하철 > 판넬 등 외부마감작업 > 판넬 등 외부마감 시공	AMBIGUOUS			AMBIGUOUS	BROAD_EXTERNAL_PANEL_AND_FINISHING_LABEL_DOES_NOT_IDENTIFY_A_SINGLE_CANONICAL_TASK	MEDIUM	b0df9c2e77642184bc98fa67bc94e5073a41913ccc9a867da1ec5bf3bbfc34c2	a22f3a83f3cc2563554eb04b71ac8afc1faff44e3a6a594dd265ff04baafa2a6	GPT	B06	판넬 등 외부마감 시공	지하철 > 판넬 등 외부마감작업 > 판넬 등 외부마감 시공	B06
4d02f51a104ce4e5d03b78619a3583f453fc4257553c3c3eadb2310415360612	a907c98be216014f900f055022994c89269fa3d338bae2992367e0d0e86e77a0	지하철	철근작업	철근조립	지하철 > 철근작업 > 철근조립	MAP_EXISTING_CANONICAL	be965f09-464b-4d53-9be4-d72f44d3d1ee	철근가공및조립	NARROWER_THAN	REBAR_ASSEMBLY_IS_A_SPECIFIC_COMPONENT_OF_CANONICAL_REBAR_PROCESSING_AND_ASSEMBLY	HIGH	b0df9c2e77642184bc98fa67bc94e5073a41913ccc9a867da1ec5bf3bbfc34c2	a22f3a83f3cc2563554eb04b71ac8afc1faff44e3a6a594dd265ff04baafa2a6	GPT	B06	철근조립	지하철 > 철근작업 > 철근조립	B06
5039aa8e5cf917d7b4780ed32a19739439a266a64a7d52f3d9a10f99813a3f99	6d1a001d3bb22438efd4a924642df27eb9838e1ac5dd8a1a4fb72a78f241c730	터널	가설플랜트작업	가설플랜트 (콘크리트 Batch Plant)	터널 > 가설플랜트작업 > 가설플랜트 (콘크리트 Batch Plant)	NO_MATCH			NO_MATCH	SOURCE_CONCEPT_IS_NOT_A_TASK_SEMANTIC_FOR_CURRENT_CANONICAL_TASK_UNIVERSE	HIGH	b0df9c2e77642184bc98fa67bc94e5073a41913ccc9a867da1ec5bf3bbfc34c2	a22f3a83f3cc2563554eb04b71ac8afc1faff44e3a6a594dd265ff04baafa2a6	GPT	B06	가설플랜트 (콘크리트 Batch Plant)	터널 > 가설플랜트작업 > 가설플랜트 (콘크리트 Batch Plant)	B06
5180e16bc943cf4cb929ecb22ab79517d5f5ea6c2252369f59baed472a862eb4	151c56a48d34860a157271e71b407fb7ddedfae055e846d5e2e9c1815fc663ab	지하철	터널보강작업	터널 특수보강	지하철 > 터널보강작업 > 터널 특수보강	AMBIGUOUS			AMBIGUOUS	GENERIC_SPECIAL_TUNNEL_REINFORCEMENT_DOES_NOT_IDENTIFY_A_SINGLE_REINFORCEMENT_METHOD_OR_CANONICAL_TASK	MEDIUM	b0df9c2e77642184bc98fa67bc94e5073a41913ccc9a867da1ec5bf3bbfc34c2	a22f3a83f3cc2563554eb04b71ac8afc1faff44e3a6a594dd265ff04baafa2a6	GPT	B06	터널 특수보강	지하철 > 터널보강작업 > 터널 특수보강	B06
51c4005f49a83754c140af8c1bcdafe9c30f40921588eb35fc8357ef53af9b80	14bf5ef2f29439efc6da5693663b44cc567142f00fea67f03617f02961d68d23	지하철	지장물조사 및 이설작업	지장물 되메움	지하철 > 지장물조사 및 이설작업 > 지장물 되메움	CANONICAL_GAP				VALID_TASK_BUT_NO_SUITABLE_SINGLE_CANONICAL_TASK_IN_FROZEN_REFERENCE	MEDIUM	b0df9c2e77642184bc98fa67bc94e5073a41913ccc9a867da1ec5bf3bbfc34c2	a22f3a83f3cc2563554eb04b71ac8afc1faff44e3a6a594dd265ff04baafa2a6	GPT	B06	지장물 되메움	지하철 > 지장물조사 및 이설작업 > 지장물 되메움	B06
5412857604b4b9d1b6c7dca1caf0ba625a39194d487d50e4e4b9f830916a834d	c5dc319015c881a1a1133394756d5619ee49042f02d15efb49e263a0389bee09	터널	안전가시설작업	리프트승강부 출입문	터널 > 안전가시설작업 > 리프트승강부 출입문	NO_MATCH			NO_MATCH	SOURCE_CONCEPT_IS_NOT_A_TASK_SEMANTIC_FOR_CURRENT_CANONICAL_TASK_UNIVERSE	HIGH	b0df9c2e77642184bc98fa67bc94e5073a41913ccc9a867da1ec5bf3bbfc34c2	a22f3a83f3cc2563554eb04b71ac8afc1faff44e3a6a594dd265ff04baafa2a6	GPT	B06	리프트승강부 출입문	터널 > 안전가시설작업 > 리프트승강부 출입문	B06
58a88edbd40a2063b2a0d97f2f9def1608cdb984c4aa7c524798c4827e8bba01	646ef33673457d4bbc9963f36fcfe88141cd1387f8a840ed38223937c3495cbc	지하철	콘크리트작업	콘크리트타설	지하철 > 콘크리트작업 > 콘크리트타설	AMBIGUOUS			AMBIGUOUS	GENERIC_CONCRETE_PLACEMENT_DOES_NOT_DISTINGUISH_AMONG_MULTIPLE_CONCRETE_PLACEMENT_CANONICAL_TASKS	HIGH	b0df9c2e77642184bc98fa67bc94e5073a41913ccc9a867da1ec5bf3bbfc34c2	a22f3a83f3cc2563554eb04b71ac8afc1faff44e3a6a594dd265ff04baafa2a6	GPT	B06	콘크리트타설	지하철 > 콘크리트작업 > 콘크리트타설	B06
5a0a4340adf9b597b86e800a459d2ca2ffdb5e4c4908193ccf7f21f947fdd924	c16c72a3149c02ffd62f667ecf843ed598ad0a737a2c30147a28ea97c3efd1a0	터널	가설플랜트작업	가설플랜트 (크라샤 Plant)	터널 > 가설플랜트작업 > 가설플랜트 (크라샤 Plant)	NO_MATCH			NO_MATCH	SOURCE_CONCEPT_IS_NOT_A_TASK_SEMANTIC_FOR_CURRENT_CANONICAL_TASK_UNIVERSE	HIGH	b0df9c2e77642184bc98fa67bc94e5073a41913ccc9a867da1ec5bf3bbfc34c2	a22f3a83f3cc2563554eb04b71ac8afc1faff44e3a6a594dd265ff04baafa2a6	GPT	B06	가설플랜트 (크라샤 Plant)	터널 > 가설플랜트작업 > 가설플랜트 (크라샤 Plant)	B06
5c0e45143e5a61b513dbd8599311863f3a8437c6cb93e2d6ce9b27afe30e18da	380b8647bac56b0078f82cbccaa746fcdf8e1838757c86936e82d1309c7d696f	터널	발파작업	발파 천공	터널 > 발파작업 > 발파 천공	MAP_EXISTING_CANONICAL	473d69ee-4433-487f-bc43-c35c1f2ea28f	발파굴착	NARROWER_THAN	BLAST_HOLE_DRILLING_IN_TUNNEL_CONTEXT_IS_A_SPECIFIC_SUBACTIVITY_OF_CANONICAL_TUNNEL_BLAST_EXCAVATION	HIGH	b0df9c2e77642184bc98fa67bc94e5073a41913ccc9a867da1ec5bf3bbfc34c2	a22f3a83f3cc2563554eb04b71ac8afc1faff44e3a6a594dd265ff04baafa2a6	GPT	B06	발파 천공	터널 > 발파작업 > 발파 천공	B06
5d02b271651f09485127f3a62d1a4628ee6536347aa4b50a3fe6da5f6e2379f3	4ae19ac581724fd2a38115d9add4880db0238dabaa111f26b5050fa1dd621aec	터널	굴착작업	굴착 토사반출	터널 > 굴착작업 > 굴착 토사반출	CANONICAL_GAP				VALID_TASK_BUT_NO_SUITABLE_SINGLE_CANONICAL_TASK_IN_FROZEN_REFERENCE	MEDIUM	b0df9c2e77642184bc98fa67bc94e5073a41913ccc9a867da1ec5bf3bbfc34c2	a22f3a83f3cc2563554eb04b71ac8afc1faff44e3a6a594dd265ff04baafa2a6	GPT	B06	굴착 토사반출	터널 > 굴착작업 > 굴착 토사반출	B06
5dccea2ddf6d842eee1045b5713de253c079cf0a702e55ee0bf69b026d29ba3c	8f78f7b35fa9286a7751e8346a2ec8dec563f20b727345f32fb50c18dccc395d	지하철	전기설비작업	전기 특고압선로	지하철 > 전기설비작업 > 전기 특고압선로	NO_MATCH			NO_MATCH	SOURCE_CONCEPT_IS_NOT_A_TASK_SEMANTIC_FOR_CURRENT_CANONICAL_TASK_UNIVERSE	HIGH	b0df9c2e77642184bc98fa67bc94e5073a41913ccc9a867da1ec5bf3bbfc34c2	a22f3a83f3cc2563554eb04b71ac8afc1faff44e3a6a594dd265ff04baafa2a6	GPT	B06	전기 특고압선로	지하철 > 전기설비작업 > 전기 특고압선로	B06
5f6322cc78d563c1f49749ac9c6b232256a34e6596a3f3ea231fea4edc087eda	f7d22ad2031977a07d5490692038b95e03038ca1f80520b64d9d717381985182	지하철	콘크리트작업	콘크리트 반입	지하철 > 콘크리트작업 > 콘크리트 반입	CANONICAL_GAP				VALID_TASK_BUT_NO_SUITABLE_SINGLE_CANONICAL_TASK_IN_FROZEN_REFERENCE	MEDIUM	b0df9c2e77642184bc98fa67bc94e5073a41913ccc9a867da1ec5bf3bbfc34c2	a22f3a83f3cc2563554eb04b71ac8afc1faff44e3a6a594dd265ff04baafa2a6	GPT	B06	콘크리트 반입	지하철 > 콘크리트작업 > 콘크리트 반입	B06
61f1c0640b68ae4cdca7daae0a030ac6eb44b2b5be43dca5504517487fb6fd6e	f01a05c8ad5ae2ed021a69d9c238af0a241603e00e2098970632fb576cbc06ee	터널	라이닝거푸집작업	라이닝거푸집 설치	터널 > 라이닝거푸집작업 > 라이닝거푸집 설치	MAP_EXISTING_CANONICAL	892b579d-42bf-4c3e-8a71-e37d8ce00e1b	현장타설콘크리트라이닝	NARROWER_THAN	LINING_FORMWORK_INSTALLATION_IS_A_SPECIFIC_SUBACTIVITY_OF_CAST_IN_PLACE_CONCRETE_LINING	MEDIUM	b0df9c2e77642184bc98fa67bc94e5073a41913ccc9a867da1ec5bf3bbfc34c2	a22f3a83f3cc2563554eb04b71ac8afc1faff44e3a6a594dd265ff04baafa2a6	GPT	B06	라이닝거푸집 설치	터널 > 라이닝거푸집작업 > 라이닝거푸집 설치	B06
67683500560a7293374bc933c79fc61f4b4beb2a40b3814e3ad7c809839c513b	dd58e09a2a9408a56e1de1590afe08ea282dad9f7f85a43190e52938e10a5c4a	터널	굴착작업	굴착 장비반입	터널 > 굴착작업 > 굴착 장비반입	CANONICAL_GAP				VALID_TASK_BUT_NO_SUITABLE_SINGLE_CANONICAL_TASK_IN_FROZEN_REFERENCE	MEDIUM	b0df9c2e77642184bc98fa67bc94e5073a41913ccc9a867da1ec5bf3bbfc34c2	a22f3a83f3cc2563554eb04b71ac8afc1faff44e3a6a594dd265ff04baafa2a6	GPT	B06	굴착 장비반입	터널 > 굴착작업 > 굴착 장비반입	B06
676b063d54d395d7dc3b8d9f6c5d89353f05091ec43eec6da55a98291932f673	92555e605324e8974e406ad85440c457c50047b32443a136056d91a062f73199	터널	위험기계기구작업	철근절단기 및 절곡기	터널 > 위험기계기구작업 > 철근절단기 및 절곡기	NO_MATCH			NO_MATCH	SOURCE_CONCEPT_IS_NOT_A_TASK_SEMANTIC_FOR_CURRENT_CANONICAL_TASK_UNIVERSE	HIGH	b0df9c2e77642184bc98fa67bc94e5073a41913ccc9a867da1ec5bf3bbfc34c2	a22f3a83f3cc2563554eb04b71ac8afc1faff44e3a6a594dd265ff04baafa2a6	GPT	B06	철근절단기 및 절곡기	터널 > 위험기계기구작업 > 철근절단기 및 절곡기	B06
69c7e83db5740e15675c15004a1d289a5a9cdb6a42402d7d6cc8758e784b6e66	ff3677dd551609b0bd11217f6a5ba2bd2aa923d3d91da703b648b88479c1debe	지하철	판넬 등 외부마감작업	판넬 등 외부마감 자재반입	지하철 > 판넬 등 외부마감작업 > 판넬 등 외부마감 자재반입	CANONICAL_GAP				VALID_TASK_BUT_NO_SUITABLE_SINGLE_CANONICAL_TASK_IN_FROZEN_REFERENCE	MEDIUM	b0df9c2e77642184bc98fa67bc94e5073a41913ccc9a867da1ec5bf3bbfc34c2	a22f3a83f3cc2563554eb04b71ac8afc1faff44e3a6a594dd265ff04baafa2a6	GPT	B06	판넬 등 외부마감 자재반입	지하철 > 판넬 등 외부마감작업 > 판넬 등 외부마감 자재반입	B06
6d60bb73af5e251ee9158a7d1fab730596a9b0f6885929627da3597f2595e637	6566702c86a3504c18820d80c3a97013ad29fd57c0f2b810f1be77375b2b8ba1	지하철	전기설비작업	전기설비 배선	지하철 > 전기설비작업 > 전기설비 배선	CANONICAL_GAP				VALID_TASK_BUT_NO_SUITABLE_SINGLE_CANONICAL_TASK_IN_FROZEN_REFERENCE	MEDIUM	b0df9c2e77642184bc98fa67bc94e5073a41913ccc9a867da1ec5bf3bbfc34c2	a22f3a83f3cc2563554eb04b71ac8afc1faff44e3a6a594dd265ff04baafa2a6	GPT	B06	전기설비 배선	지하철 > 전기설비작업 > 전기설비 배선	B06
71cfa013fd7253478c47cbf956c4a63a170621a8b7d71e9246e2903716323541	5102e70123cde40a4b8fe45636aab4d279b9d41c6a9bbb9e323cb72012f8cd81	터널	안전가시설작업	달비계	터널 > 안전가시설작업 > 달비계	NO_MATCH			NO_MATCH	SOURCE_CONCEPT_IS_NOT_A_TASK_SEMANTIC_FOR_CURRENT_CANONICAL_TASK_UNIVERSE	HIGH	b0df9c2e77642184bc98fa67bc94e5073a41913ccc9a867da1ec5bf3bbfc34c2	a22f3a83f3cc2563554eb04b71ac8afc1faff44e3a6a594dd265ff04baafa2a6	GPT	B06	달비계	터널 > 안전가시설작업 > 달비계	B06
72be10a34c65c2fee658c2fd1e491d8cf47afb26fc471e37fcdab07594febd32	24a47694b11714e7438ffece3748fea227008c59a13e80374c2da22a1c73874d	터널	양중기작업	곤도라	터널 > 양중기작업 > 곤도라	NO_MATCH			NO_MATCH	SOURCE_CONCEPT_IS_NOT_A_TASK_SEMANTIC_FOR_CURRENT_CANONICAL_TASK_UNIVERSE	HIGH	b0df9c2e77642184bc98fa67bc94e5073a41913ccc9a867da1ec5bf3bbfc34c2	a22f3a83f3cc2563554eb04b71ac8afc1faff44e3a6a594dd265ff04baafa2a6	GPT	B06	곤도라	터널 > 양중기작업 > 곤도라	B06
7817cb0506f995e477a387e39ca8165bc9c42882f0e0931bc5c9f91783cf8958	c8c3a4248817093b1e62462630519ee976af43d02bc895d68dabdf19579e1c4a	터널	작업환경	작업환경 (배수)	터널 > 작업환경 > 작업환경 (배수)	NO_MATCH			NO_MATCH	SOURCE_CONCEPT_IS_NOT_A_TASK_SEMANTIC_FOR_CURRENT_CANONICAL_TASK_UNIVERSE	HIGH	b0df9c2e77642184bc98fa67bc94e5073a41913ccc9a867da1ec5bf3bbfc34c2	a22f3a83f3cc2563554eb04b71ac8afc1faff44e3a6a594dd265ff04baafa2a6	GPT	B06	작업환경 (배수)	터널 > 작업환경 > 작업환경 (배수)	B06
7e8f8650a2bb7e0b43a97354dbff2094d6e890b9f9be81ac938572588925bb87	46aaa08ca2f39e205244b38e9967d45e45c7a897301b9a671f7809ccb87fd9fc	터널	가설전기작업	접지	터널 > 가설전기작업 > 접지	CANONICAL_GAP				VALID_TASK_BUT_NO_SUITABLE_SINGLE_CANONICAL_TASK_IN_FROZEN_REFERENCE	MEDIUM	b0df9c2e77642184bc98fa67bc94e5073a41913ccc9a867da1ec5bf3bbfc34c2	a22f3a83f3cc2563554eb04b71ac8afc1faff44e3a6a594dd265ff04baafa2a6	GPT	B06	접지	터널 > 가설전기작업 > 접지	B06
8e27b69bf4587ffe11511640ce21303a990e1c7fc1e3f86185932de447b6263f	e727ab41bac698b9fb15bf9b8033420fef624e769ea74efeb19af29959a6afdf	터널	라이닝거푸집작업	라이닝 거푸집 자재반입	터널 > 라이닝거푸집작업 > 라이닝 거푸집 자재반입	CANONICAL_GAP				VALID_TASK_BUT_NO_SUITABLE_SINGLE_CANONICAL_TASK_IN_FROZEN_REFERENCE	MEDIUM	b0df9c2e77642184bc98fa67bc94e5073a41913ccc9a867da1ec5bf3bbfc34c2	a22f3a83f3cc2563554eb04b71ac8afc1faff44e3a6a594dd265ff04baafa2a6	GPT	B06	라이닝 거푸집 자재반입	터널 > 라이닝거푸집작업 > 라이닝 거푸집 자재반입	B06
8e9dfdedfacc64cb936054140258838643ed1f5e92088f685dd725faafbfc4fb	48524b4fc1b190a0d0b17c8885835808ae4f2ea2b702336f52c7375e5904515e	터널	가설전기작업	조명등	터널 > 가설전기작업 > 조명등	NO_MATCH			NO_MATCH	SOURCE_CONCEPT_IS_NOT_A_TASK_SEMANTIC_FOR_CURRENT_CANONICAL_TASK_UNIVERSE	HIGH	b0df9c2e77642184bc98fa67bc94e5073a41913ccc9a867da1ec5bf3bbfc34c2	a22f3a83f3cc2563554eb04b71ac8afc1faff44e3a6a594dd265ff04baafa2a6	GPT	B06	조명등	터널 > 가설전기작업 > 조명등	B06
9088a846120cb59ea4e7c2846405725694ad5b4a0213239f7d29c647563bf7ed	b0e3347bf3570ecbfdf03c7c3e3f06b1b9465fd9eb5365da5d66154af2e389c5	터널	라이닝거푸집작업	라이닝거푸집 해체	터널 > 라이닝거푸집작업 > 라이닝거푸집 해체	MAP_EXISTING_CANONICAL	892b579d-42bf-4c3e-8a71-e37d8ce00e1b	현장타설콘크리트라이닝	NARROWER_THAN	LINING_FORMWORK_REMOVAL_IS_A_SPECIFIC_SUBACTIVITY_OF_CAST_IN_PLACE_CONCRETE_LINING	MEDIUM	b0df9c2e77642184bc98fa67bc94e5073a41913ccc9a867da1ec5bf3bbfc34c2	a22f3a83f3cc2563554eb04b71ac8afc1faff44e3a6a594dd265ff04baafa2a6	GPT	B06	라이닝거푸집 해체	터널 > 라이닝거푸집작업 > 라이닝거푸집 해체	B06
9259467b28edf13f9f10e9d40349ad7f7440b924483d90a653e922468074f9e7	7fe75c6c00a570dcf546809e7d16214fd8c7c7d79864e445c66dc4c7dd9d582c	지하철	창호 및 유리작업	창호 및 유리 설치	지하철 > 창호 및 유리작업 > 창호 및 유리 설치	AMBIGUOUS			AMBIGUOUS	COMPOSITE_WINDOW_AND_GLASS_INSTALLATION_DOES_NOT_IDENTIFY_A_SINGLE_CANONICAL_TASK	MEDIUM	b0df9c2e77642184bc98fa67bc94e5073a41913ccc9a867da1ec5bf3bbfc34c2	a22f3a83f3cc2563554eb04b71ac8afc1faff44e3a6a594dd265ff04baafa2a6	GPT	B06	창호 및 유리 설치	지하철 > 창호 및 유리작업 > 창호 및 유리 설치	B06
954630dad6e76e39f0187bdeb50a8b705832882351a413182834e13cb23a98d6	3b733b920b79304a3a08f4e17d1d672dda87223c6a75310431e660b00ce739f0	터널	안전가시설작업	방호선반	터널 > 안전가시설작업 > 방호선반	NO_MATCH			NO_MATCH	SOURCE_CONCEPT_IS_NOT_A_TASK_SEMANTIC_FOR_CURRENT_CANONICAL_TASK_UNIVERSE	HIGH	b0df9c2e77642184bc98fa67bc94e5073a41913ccc9a867da1ec5bf3bbfc34c2	a22f3a83f3cc2563554eb04b71ac8afc1faff44e3a6a594dd265ff04baafa2a6	GPT	B06	방호선반	터널 > 안전가시설작업 > 방호선반	B06
9585ece24b489141145a98aff86e1953800a08ead414ab453148e55da2bd67ee	dc8df47adbdb30208eaf391d00f548c48e3b2dd6b259fc9176f3fb8d1668e692	터널	위험기계기구작업	몰탈 믹서기	터널 > 위험기계기구작업 > 몰탈 믹서기	NO_MATCH			NO_MATCH	SOURCE_CONCEPT_IS_NOT_A_TASK_SEMANTIC_FOR_CURRENT_CANONICAL_TASK_UNIVERSE	HIGH	b0df9c2e77642184bc98fa67bc94e5073a41913ccc9a867da1ec5bf3bbfc34c2	a22f3a83f3cc2563554eb04b71ac8afc1faff44e3a6a594dd265ff04baafa2a6	GPT	B06	몰탈 믹서기	터널 > 위험기계기구작업 > 몰탈 믹서기	B06
95eaf7620904d272d90ff9e24cfca53e92410ac1650e314bde67fd71375b6ac1	34608e60904b2630b92955182469cf5b4153ad3d7065654c832cf804de47774a	터널	가설도로작업	가설도로 시공	터널 > 가설도로작업 > 가설도로 시공	CANONICAL_GAP				VALID_TASK_BUT_NO_SUITABLE_SINGLE_CANONICAL_TASK_IN_FROZEN_REFERENCE	MEDIUM	b0df9c2e77642184bc98fa67bc94e5073a41913ccc9a867da1ec5bf3bbfc34c2	a22f3a83f3cc2563554eb04b71ac8afc1faff44e3a6a594dd265ff04baafa2a6	GPT	B06	가설도로 시공	터널 > 가설도로작업 > 가설도로 시공	B06
9944bac0c3bf19558150d7af8df4337ef7ca1fd70a8de36d6a2ceef34069a1ec	8b052a13fcb4bf3b5e25a41eed0ac1310df3399a9f4c3ee2ce6464a35501e9fd	지하철	조경작업	조경시공 및 설치	지하철 > 조경작업 > 조경시공 및 설치	AMBIGUOUS			AMBIGUOUS	BROAD_COMPOSITE_LANDSCAPE_CONSTRUCTION_LABEL_DOES_NOT_IDENTIFY_A_SINGLE_CANONICAL_TASK	MEDIUM	b0df9c2e77642184bc98fa67bc94e5073a41913ccc9a867da1ec5bf3bbfc34c2	a22f3a83f3cc2563554eb04b71ac8afc1faff44e3a6a594dd265ff04baafa2a6	GPT	B06	조경시공 및 설치	지하철 > 조경작업 > 조경시공 및 설치	B06
9a5407126912ab35fede558b7b80f644fdba2f28831af2b65778df91711a3e97	81b160facabb99b2c40628e9b8232b8851ad41a90d9e1f2d9d72581d0b8849f2	지하철	지장물조사 및 이설작업	지장물 조사 굴착	지하철 > 지장물조사 및 이설작업 > 지장물 조사 굴착	CANONICAL_GAP				VALID_TASK_BUT_NO_SUITABLE_SINGLE_CANONICAL_TASK_IN_FROZEN_REFERENCE	MEDIUM	b0df9c2e77642184bc98fa67bc94e5073a41913ccc9a867da1ec5bf3bbfc34c2	a22f3a83f3cc2563554eb04b71ac8afc1faff44e3a6a594dd265ff04baafa2a6	GPT	B06	지장물 조사 굴착	지하철 > 지장물조사 및 이설작업 > 지장물 조사 굴착	B06
9aa1937e982069e12f1ea8b8c8643dc99235bbced09d39d90d2001897fec8512	8efadacf3f4e6117db5dac715bab661bc5ed3f4742b872eb81cf6536d24958f2	지하철	철근작업	철근반입	지하철 > 철근작업 > 철근반입	CANONICAL_GAP				VALID_TASK_BUT_NO_SUITABLE_SINGLE_CANONICAL_TASK_IN_FROZEN_REFERENCE	MEDIUM	b0df9c2e77642184bc98fa67bc94e5073a41913ccc9a867da1ec5bf3bbfc34c2	a22f3a83f3cc2563554eb04b71ac8afc1faff44e3a6a594dd265ff04baafa2a6	GPT	B06	철근반입	지하철 > 철근작업 > 철근반입	B06
9ad7abffcb9a8bd8fd761d1f85da905102865ce1198cf27f17a2a52131533922	4ce0f353b2aa755d8ef82cf45e489b19eaef64cc1762e0c75ed8fd16fd6fe87b	터널	가설전기작업	전선	터널 > 가설전기작업 > 전선	NO_MATCH			NO_MATCH	SOURCE_CONCEPT_IS_NOT_A_TASK_SEMANTIC_FOR_CURRENT_CANONICAL_TASK_UNIVERSE	HIGH	b0df9c2e77642184bc98fa67bc94e5073a41913ccc9a867da1ec5bf3bbfc34c2	a22f3a83f3cc2563554eb04b71ac8afc1faff44e3a6a594dd265ff04baafa2a6	GPT	B06	전선	터널 > 가설전기작업 > 전선	B06
9d54c7749d12fab41798527831ff937f89024e5967b1d53eb632738c8783b6fe	bd5a7e7f65d998d0ca0c78047041c08a3644cbda327303fe800e639a7bf4656c	지하철	터널굴착작업	터널 발파	지하철 > 터널굴착작업 > 터널 발파	MAP_EXISTING_CANONICAL	473d69ee-4433-487f-bc43-c35c1f2ea28f	발파굴착	NARROWER_THAN	TUNNEL_BLASTING_IS_A_SPECIFIC_BLASTING_PHASE_WITHIN_CANONICAL_TUNNEL_BLAST_EXCAVATION	HIGH	b0df9c2e77642184bc98fa67bc94e5073a41913ccc9a867da1ec5bf3bbfc34c2	a22f3a83f3cc2563554eb04b71ac8afc1faff44e3a6a594dd265ff04baafa2a6	GPT	B06	터널 발파	지하철 > 터널굴착작업 > 터널 발파	B06
a224d701b2610fc61dab3dc3b7f34944f277cba0a98c0f2c893c4cf11d6f2019	f6727b33cd5b8843c41c30b73b67207100f0f6c537d9d326579137d416e58588	터널	안전가시설작업	가설 경사로	터널 > 안전가시설작업 > 가설 경사로	NO_MATCH			NO_MATCH	SOURCE_CONCEPT_IS_NOT_A_TASK_SEMANTIC_FOR_CURRENT_CANONICAL_TASK_UNIVERSE	HIGH	b0df9c2e77642184bc98fa67bc94e5073a41913ccc9a867da1ec5bf3bbfc34c2	a22f3a83f3cc2563554eb04b71ac8afc1faff44e3a6a594dd265ff04baafa2a6	GPT	B06	가설 경사로	터널 > 안전가시설작업 > 가설 경사로	B06
a46fb402f067d88e1bbc6081eeceaccb787605803cc272f0a7580841644beb5e	f9708398cfd8f13d96d563e9b1d539091e309270346f6d67434d37904fed5b7e	터널	양중기작업	리프트	터널 > 양중기작업 > 리프트	NO_MATCH			NO_MATCH	SOURCE_CONCEPT_IS_NOT_A_TASK_SEMANTIC_FOR_CURRENT_CANONICAL_TASK_UNIVERSE	HIGH	b0df9c2e77642184bc98fa67bc94e5073a41913ccc9a867da1ec5bf3bbfc34c2	a22f3a83f3cc2563554eb04b71ac8afc1faff44e3a6a594dd265ff04baafa2a6	GPT	B06	리프트	터널 > 양중기작업 > 리프트	B06
a54cea37be223652d0b51adf73f013d47de45bb44be18a5a1e5b051925685f7b	2d63a9125fa056942d59f622f44b9217400283237a4e8613c5a1e1709a684a3f	지하철	터널보강작업	터널 락볼트	지하철 > 터널보강작업 > 터널 락볼트	CANONICAL_GAP				VALID_TASK_BUT_NO_SUITABLE_SINGLE_CANONICAL_TASK_IN_FROZEN_REFERENCE	MEDIUM	b0df9c2e77642184bc98fa67bc94e5073a41913ccc9a867da1ec5bf3bbfc34c2	a22f3a83f3cc2563554eb04b71ac8afc1faff44e3a6a594dd265ff04baafa2a6	GPT	B06	터널 락볼트	지하철 > 터널보강작업 > 터널 락볼트	B06
a60d460a66e9754bd8cf2b39e815ea1bf3011b7d838b44da65097ec277e9dfb6	8b98825510dc28b6ba15b4643066b5858b5b8eb809903deabeae9898737f5e6e	터널	위험기계기구작업	목재가공용 둥급톱	터널 > 위험기계기구작업 > 목재가공용 둥급톱	NO_MATCH			NO_MATCH	SOURCE_CONCEPT_IS_NOT_A_TASK_SEMANTIC_FOR_CURRENT_CANONICAL_TASK_UNIVERSE	HIGH	b0df9c2e77642184bc98fa67bc94e5073a41913ccc9a867da1ec5bf3bbfc34c2	a22f3a83f3cc2563554eb04b71ac8afc1faff44e3a6a594dd265ff04baafa2a6	GPT	B06	목재가공용 둥급톱	터널 > 위험기계기구작업 > 목재가공용 둥급톱	B06
ac53a96e16248a1aec21547d317bbd250bc2a6e5b3b4ee4535a589a60f80dc25	8c8cdc90f4e3390a46d022958be6a39c597467b73b3e3b18ea179d5f2aab44e6	터널	발파작업	발파 화약고 관리	터널 > 발파작업 > 발파 화약고 관리	MAP_EXISTING_CANONICAL	473d69ee-4433-487f-bc43-c35c1f2ea28f	발파굴착	POSSIBLE_RELATED	EXPLOSIVES_MAGAZINE_MANAGEMENT_SUPPORTS_TUNNEL_BLAST_EXCAVATION_BUT_IS_NOT_THE_EXECUTION_TASK_ITSELF	MEDIUM	b0df9c2e77642184bc98fa67bc94e5073a41913ccc9a867da1ec5bf3bbfc34c2	a22f3a83f3cc2563554eb04b71ac8afc1faff44e3a6a594dd265ff04baafa2a6	GPT	B06	발파 화약고 관리	터널 > 발파작업 > 발파 화약고 관리	B06
ade5771a7ac3762ae522c5c9700d6f019c2da51ae04ab6f2a2ed50d04d148501	2bda98d34e4242f2b7305b031f98c58e501f577ec8fb5f8cb9acaf3d5f5c249a	터널	가설전기작업	수배전설비	터널 > 가설전기작업 > 수배전설비	NO_MATCH			NO_MATCH	SOURCE_CONCEPT_IS_NOT_A_TASK_SEMANTIC_FOR_CURRENT_CANONICAL_TASK_UNIVERSE	HIGH	b0df9c2e77642184bc98fa67bc94e5073a41913ccc9a867da1ec5bf3bbfc34c2	a22f3a83f3cc2563554eb04b71ac8afc1faff44e3a6a594dd265ff04baafa2a6	GPT	B06	수배전설비	터널 > 가설전기작업 > 수배전설비	B06
ae4bdebc88004019d46b944ad09e1e6d76456e1f69ec4aa32af418349541b3a9	e7665335cc322beabbe615009722646c0ce1dba8fffa265bc0cb4895a20cfcc9	터널	안전가시설작업	가설통로 또는 가설계단	터널 > 안전가시설작업 > 가설통로 또는 가설계단	NO_MATCH			NO_MATCH	SOURCE_CONCEPT_IS_NOT_A_TASK_SEMANTIC_FOR_CURRENT_CANONICAL_TASK_UNIVERSE	HIGH	b0df9c2e77642184bc98fa67bc94e5073a41913ccc9a867da1ec5bf3bbfc34c2	a22f3a83f3cc2563554eb04b71ac8afc1faff44e3a6a594dd265ff04baafa2a6	GPT	B06	가설통로 또는 가설계단	터널 > 안전가시설작업 > 가설통로 또는 가설계단	B06
b13fd42301976747bcb3ac8bacb31d261eb17f30523834b764be0aa58436aae8	26743bfa02ed2dc18bb0e761ba28a5744ef7d293e59527573982008048317dbc	터널	안전가시설작업	이동식 비계	터널 > 안전가시설작업 > 이동식 비계	NO_MATCH			NO_MATCH	SOURCE_CONCEPT_IS_NOT_A_TASK_SEMANTIC_FOR_CURRENT_CANONICAL_TASK_UNIVERSE	HIGH	b0df9c2e77642184bc98fa67bc94e5073a41913ccc9a867da1ec5bf3bbfc34c2	a22f3a83f3cc2563554eb04b71ac8afc1faff44e3a6a594dd265ff04baafa2a6	GPT	B06	이동식 비계	터널 > 안전가시설작업 > 이동식 비계	B06
b23f66ad9d34d0587b3c67f8e6cca1bc59e2e1f4e1af177cadff0e45ac1d7ae4	597b8be13c8763549037d1548dce5d27fc944b3074942064a48fc1d34b1b2d8f	터널	위험기계기구작업	공기 압축기	터널 > 위험기계기구작업 > 공기 압축기	NO_MATCH			NO_MATCH	SOURCE_CONCEPT_IS_NOT_A_TASK_SEMANTIC_FOR_CURRENT_CANONICAL_TASK_UNIVERSE	HIGH	b0df9c2e77642184bc98fa67bc94e5073a41913ccc9a867da1ec5bf3bbfc34c2	a22f3a83f3cc2563554eb04b71ac8afc1faff44e3a6a594dd265ff04baafa2a6	GPT	B06	공기 압축기	터널 > 위험기계기구작업 > 공기 압축기	B06
b2f7a39d6bc5a8eddfd2f15103d407c0559f3f6331cd5a685a26af1c8775a71d	ff74791b018c09f59d520d71dd0c3801c288a625e5ae9625a058b3b13d0f0e0b	지하철	철근작업	철근가공 및 운반	지하철 > 철근작업 > 철근가공 및 운반	MAP_EXISTING_CANONICAL	be965f09-464b-4d53-9be4-d72f44d3d1ee	철근가공및조립	POSSIBLE_RELATED	SOURCE_AND_CANONICAL_SHARE_REBAR_PROCESSING_BUT_DIFFER_ON_TRANSPORT_VERSUS_ASSEMBLY_COMPONENT	MEDIUM	b0df9c2e77642184bc98fa67bc94e5073a41913ccc9a867da1ec5bf3bbfc34c2	a22f3a83f3cc2563554eb04b71ac8afc1faff44e3a6a594dd265ff04baafa2a6	GPT	B06	철근가공 및 운반	지하철 > 철근작업 > 철근가공 및 운반	B06
b7f85fbe92d08c80b666a5eaecd48353672a011ec00e953d7ce40e883893a3b9	34cc5e8c3c18c62c58d2f2f3bce3ef4d5a6be3888e5f08af8f65c42ac4fafb86	터널	그라우팅작업	그라우팅 천공 및 시공	터널 > 그라우팅작업 > 그라우팅 천공 및 시공	MAP_EXISTING_CANONICAL	0ca62c6e-768e-4f68-8198-9abed44589b1	그라우팅천공	POSSIBLE_RELATED	COMPOSITE_SOURCE_INCLUDES_GROUTING_DRILLING_BUT_ALSO_ADDITIONAL_GROUTING_EXECUTION	MEDIUM	b0df9c2e77642184bc98fa67bc94e5073a41913ccc9a867da1ec5bf3bbfc34c2	a22f3a83f3cc2563554eb04b71ac8afc1faff44e3a6a594dd265ff04baafa2a6	GPT	B06	그라우팅 천공 및 시공	터널 > 그라우팅작업 > 그라우팅 천공 및 시공	B06
b857feda90885f5b017cca1ef241af5c157b14fed5d12a0f44a90917afabf411	a19498e302410de0523c8f3166b0ceff251babe40e3de9b2431c223799e6be5f	지하철	지장물조사 및 이설작업	지장물 보호	지하철 > 지장물조사 및 이설작업 > 지장물 보호	AMBIGUOUS			AMBIGUOUS	GENERIC_UTILITY_PROTECTION_SPANS_MULTIPLE_UTILITY_PROTECTION_INTERPRETATIONS	MEDIUM	b0df9c2e77642184bc98fa67bc94e5073a41913ccc9a867da1ec5bf3bbfc34c2	a22f3a83f3cc2563554eb04b71ac8afc1faff44e3a6a594dd265ff04baafa2a6	GPT	B06	지장물 보호	지하철 > 지장물조사 및 이설작업 > 지장물 보호	B06
b9d0626e802201461c34bed31d9783c8ef5f6e4e758b23697ef3a805e59ae385	6957c91f7e9ed7a9737f82ec871aa395b522de27aba57f8ecc7e56d5bd271412	터널	부대토목작업	부대토목 구내포장	터널 > 부대토목작업 > 부대토목 구내포장	AMBIGUOUS			AMBIGUOUS	GENERIC_SITE_PAVING_DOES_NOT_IDENTIFY_MATERIAL_OR_PAVING_METHOD	MEDIUM	b0df9c2e77642184bc98fa67bc94e5073a41913ccc9a867da1ec5bf3bbfc34c2	a22f3a83f3cc2563554eb04b71ac8afc1faff44e3a6a594dd265ff04baafa2a6	GPT	B06	부대토목 구내포장	터널 > 부대토목작업 > 부대토목 구내포장	B06
b9d472e5e46bc3916f97415202c996d455d8ea24619e02e057716b14f6bb6117	a5c56f27cf6bb02bc5ea9e47fd3db255c7158a679d72f34c1b6f71b04fe77177	지하철	터널굴착작업	터널 천공	지하철 > 터널굴착작업 > 터널 천공	MAP_EXISTING_CANONICAL	473d69ee-4433-487f-bc43-c35c1f2ea28f	발파굴착	NARROWER_THAN	TUNNEL_BLAST_HOLE_DRILLING_IS_A_SPECIFIC_SUBACTIVITY_OF_CANONICAL_TUNNEL_BLAST_EXCAVATION	HIGH	b0df9c2e77642184bc98fa67bc94e5073a41913ccc9a867da1ec5bf3bbfc34c2	a22f3a83f3cc2563554eb04b71ac8afc1faff44e3a6a594dd265ff04baafa2a6	GPT	B06	터널 천공	지하철 > 터널굴착작업 > 터널 천공	B06
bb07bebd5243cd358c6701022399ebff6d6dd0fe8ecb228ca5f8469c98ecb57d	5d85994a40f12c486ccf28e86eb4d8c6c9d60d12df95b86aa3bcab229b95e4c3	터널	수직구작업	수직구 토사반출	터널 > 수직구작업 > 수직구 토사반출	CANONICAL_GAP				VALID_TASK_BUT_NO_SUITABLE_SINGLE_CANONICAL_TASK_IN_FROZEN_REFERENCE	MEDIUM	b0df9c2e77642184bc98fa67bc94e5073a41913ccc9a867da1ec5bf3bbfc34c2	a22f3a83f3cc2563554eb04b71ac8afc1faff44e3a6a594dd265ff04baafa2a6	GPT	B06	수직구 토사반출	터널 > 수직구작업 > 수직구 토사반출	B06
bfe907294fa4356533e4dc80cab7d349bdae1c24b132ecacfb9d6de29b2045de	8e102be65d0118d771150ee5d1e2880c4bb77e85a8a59399e9d6cc5a2a9a7278	터널	가설전기작업	이동석전기 기계기구	터널 > 가설전기작업 > 이동석전기 기계기구	NO_MATCH			NO_MATCH	SOURCE_CONCEPT_IS_NOT_A_TASK_SEMANTIC_FOR_CURRENT_CANONICAL_TASK_UNIVERSE	HIGH	b0df9c2e77642184bc98fa67bc94e5073a41913ccc9a867da1ec5bf3bbfc34c2	a22f3a83f3cc2563554eb04b71ac8afc1faff44e3a6a594dd265ff04baafa2a6	GPT	B06	이동석전기 기계기구	터널 > 가설전기작업 > 이동석전기 기계기구	B06
c1414acbd57a13414661dbf2abd16bda09687d1e1f8b973b649f4120584c73df	bdd44e2b500e1f8b71c1499906d3b78f53cbea41acd6fd61be05e796e2953d7e	터널	부대토목작업	부대토목 옹벽시공	터널 > 부대토목작업 > 부대토목 옹벽시공	CANONICAL_GAP				VALID_TASK_BUT_NO_SUITABLE_SINGLE_CANONICAL_TASK_IN_FROZEN_REFERENCE	MEDIUM	b0df9c2e77642184bc98fa67bc94e5073a41913ccc9a867da1ec5bf3bbfc34c2	a22f3a83f3cc2563554eb04b71ac8afc1faff44e3a6a594dd265ff04baafa2a6	GPT	B06	부대토목 옹벽시공	터널 > 부대토목작업 > 부대토목 옹벽시공	B06
c28f4dc9f5bd944da85c07bb15135f33ed269c5fcc8ad1889d96f18280d5bea6	ee9e8ecda24412b775feca852083e33f8a64ddab26e9c8c893bacc85b2b888fb	지하철	흙막이지보공작업	흙막이지보공 자재반출	지하철 > 흙막이지보공작업 > 흙막이지보공 자재반출	CANONICAL_GAP				VALID_TASK_BUT_NO_SUITABLE_SINGLE_CANONICAL_TASK_IN_FROZEN_REFERENCE	MEDIUM	b0df9c2e77642184bc98fa67bc94e5073a41913ccc9a867da1ec5bf3bbfc34c2	a22f3a83f3cc2563554eb04b71ac8afc1faff44e3a6a594dd265ff04baafa2a6	GPT	B06	흙막이지보공 자재반출	지하철 > 흙막이지보공작업 > 흙막이지보공 자재반출	B06
c76f78e917704740b2315ec8608fb4130c9626661564a0dd6c5271e77b526539	5c07b81bf955fdccbb389a1d24707ba0ca23c9ebe671e30befe8a6d529d0ea24	터널	안전가시설작업	철골 승강용트랩	터널 > 안전가시설작업 > 철골 승강용트랩	NO_MATCH			NO_MATCH	SOURCE_CONCEPT_IS_NOT_A_TASK_SEMANTIC_FOR_CURRENT_CANONICAL_TASK_UNIVERSE	HIGH	b0df9c2e77642184bc98fa67bc94e5073a41913ccc9a867da1ec5bf3bbfc34c2	a22f3a83f3cc2563554eb04b71ac8afc1faff44e3a6a594dd265ff04baafa2a6	GPT	B06	철골 승강용트랩	터널 > 안전가시설작업 > 철골 승강용트랩	B06
ca80f21e2ef9d42f5ceab263ac2af41e3f44d2d54ec988bffcd19578ebdaa44f	7beec57365872b7fae8e4e26961b8057f3c24e05e488e79bb2fae01f2f0f4238	터널	위험기계기구작업	연삭기	터널 > 위험기계기구작업 > 연삭기	NO_MATCH			NO_MATCH	SOURCE_CONCEPT_IS_NOT_A_TASK_SEMANTIC_FOR_CURRENT_CANONICAL_TASK_UNIVERSE	HIGH	b0df9c2e77642184bc98fa67bc94e5073a41913ccc9a867da1ec5bf3bbfc34c2	a22f3a83f3cc2563554eb04b71ac8afc1faff44e3a6a594dd265ff04baafa2a6	GPT	B06	연삭기	터널 > 위험기계기구작업 > 연삭기	B06
d0ac934fed48c82398393ddf591a1a97003b24f1e0a3cd3c4cf5354176823f02	091118a085729ad4cf5ff631e5aacfff494121a3fe17d11882f0ad265f569698	지하철	터널보강작업	터널 숏크리트	지하철 > 터널보강작업 > 터널 숏크리트	CANONICAL_GAP				VALID_TASK_BUT_NO_SUITABLE_SINGLE_CANONICAL_TASK_IN_FROZEN_REFERENCE	MEDIUM	b0df9c2e77642184bc98fa67bc94e5073a41913ccc9a867da1ec5bf3bbfc34c2	a22f3a83f3cc2563554eb04b71ac8afc1faff44e3a6a594dd265ff04baafa2a6	GPT	B06	터널 숏크리트	지하철 > 터널보강작업 > 터널 숏크리트	B06
d0b7c0d78c7fc8780baf2e62e61ccef89664bf07bcf4660fe5aa3daae5013d9a	2cab31c2a82025467c4970f1599aa51e88a23cc5a371c4ada8fa751727497c0a	지하철	조적	미장 및 견출작업	지하철 > 조적 > 미장 및 견출작업	AMBIGUOUS			AMBIGUOUS	COMPOSITE_PLASTERING_AND_SURFACE_FINISHING_LABEL_SPANS_MULTIPLE_CANONICAL_TASKS	MEDIUM	b0df9c2e77642184bc98fa67bc94e5073a41913ccc9a867da1ec5bf3bbfc34c2	a22f3a83f3cc2563554eb04b71ac8afc1faff44e3a6a594dd265ff04baafa2a6	GPT	B06	미장 및 견출작업	지하철 > 조적 > 미장 및 견출작업	B06
d369b7dd2424277802594238d488ad34795ebbcf704ea9a7a5a038409353ac5c	b900c28221204b24ffff9ca20fcba2fa4ca58cf50f2b2ca7d3d843e80fa5cf6f	터널	그라우팅작업	그라우팅 장비 및 자재반입	터널 > 그라우팅작업 > 그라우팅 장비 및 자재반입	CANONICAL_GAP				VALID_TASK_BUT_NO_SUITABLE_SINGLE_CANONICAL_TASK_IN_FROZEN_REFERENCE	MEDIUM	b0df9c2e77642184bc98fa67bc94e5073a41913ccc9a867da1ec5bf3bbfc34c2	a22f3a83f3cc2563554eb04b71ac8afc1faff44e3a6a594dd265ff04baafa2a6	GPT	B06	그라우팅 장비 및 자재반입	터널 > 그라우팅작업 > 그라우팅 장비 및 자재반입	B06
d36bc1086f811de49ccc5296b26aa4c6d3952f61dc45fd3f358663dba59b4a1c	908f1f486cdda7854b28d44f8417c0497c456575d5cf592180051314e5924a3f	터널	안전가시설작업	추락방지망	터널 > 안전가시설작업 > 추락방지망	NO_MATCH			NO_MATCH	SOURCE_CONCEPT_IS_NOT_A_TASK_SEMANTIC_FOR_CURRENT_CANONICAL_TASK_UNIVERSE	HIGH	b0df9c2e77642184bc98fa67bc94e5073a41913ccc9a867da1ec5bf3bbfc34c2	a22f3a83f3cc2563554eb04b71ac8afc1faff44e3a6a594dd265ff04baafa2a6	GPT	B06	추락방지망	터널 > 안전가시설작업 > 추락방지망	B06
d96ac24fa254b608d00d2877b372171f9922a467354405853fe1cb8fbed480eb	1fa23d907fef358d9b2d1f7d2f6f1a1eacb92010b921a615145f3f67a147c5a3	터널	양중기작업	이동식 크레인	터널 > 양중기작업 > 이동식 크레인	NO_MATCH			NO_MATCH	SOURCE_CONCEPT_IS_NOT_A_TASK_SEMANTIC_FOR_CURRENT_CANONICAL_TASK_UNIVERSE	HIGH	b0df9c2e77642184bc98fa67bc94e5073a41913ccc9a867da1ec5bf3bbfc34c2	a22f3a83f3cc2563554eb04b71ac8afc1faff44e3a6a594dd265ff04baafa2a6	GPT	B06	이동식 크레인	터널 > 양중기작업 > 이동식 크레인	B06
dedb03a690be9e27ce990afdb5e5f45ff058b7027cd31a3f00ded150b075884a	86b52a5c7b27941a8833415009f6af9369c65ef60f6ed1f516cc2519cbcc3975	터널	가설전기작업	충전부	터널 > 가설전기작업 > 충전부	NO_MATCH			NO_MATCH	SOURCE_CONCEPT_IS_NOT_A_TASK_SEMANTIC_FOR_CURRENT_CANONICAL_TASK_UNIVERSE	HIGH	b0df9c2e77642184bc98fa67bc94e5073a41913ccc9a867da1ec5bf3bbfc34c2	a22f3a83f3cc2563554eb04b71ac8afc1faff44e3a6a594dd265ff04baafa2a6	GPT	B06	충전부	터널 > 가설전기작업 > 충전부	B06
def06a3c00ac617abd3363b1a56ee077b7c6db54b44f47ae50ea993beb48902c	86a375f79674bed69eb4e6013ecfbceacddef2319d9d12836ca7ed9d9d3d7bfb	터널	가설플랜트작업	가설플랜트 (숏크리트)	터널 > 가설플랜트작업 > 가설플랜트 (숏크리트)	NO_MATCH			NO_MATCH	SOURCE_CONCEPT_IS_NOT_A_TASK_SEMANTIC_FOR_CURRENT_CANONICAL_TASK_UNIVERSE	HIGH	b0df9c2e77642184bc98fa67bc94e5073a41913ccc9a867da1ec5bf3bbfc34c2	a22f3a83f3cc2563554eb04b71ac8afc1faff44e3a6a594dd265ff04baafa2a6	GPT	B06	가설플랜트 (숏크리트)	터널 > 가설플랜트작업 > 가설플랜트 (숏크리트)	B06
e0191f88cd072359bf9a3b9ac91f7623b364b48d31125938958d2594e9a9cabb	e9c796a0dfc58534096bc061baba4a38f9907df081a3ab972664afad524fb912	터널	가설전기작업	교류아크 용접기	터널 > 가설전기작업 > 교류아크 용접기	NO_MATCH			NO_MATCH	SOURCE_CONCEPT_IS_NOT_A_TASK_SEMANTIC_FOR_CURRENT_CANONICAL_TASK_UNIVERSE	HIGH	b0df9c2e77642184bc98fa67bc94e5073a41913ccc9a867da1ec5bf3bbfc34c2	a22f3a83f3cc2563554eb04b71ac8afc1faff44e3a6a594dd265ff04baafa2a6	GPT	B06	교류아크 용접기	터널 > 가설전기작업 > 교류아크 용접기	B06
e584dd75cf76994f275fa712da80793edbede7ab190850db3fc5155421f8562c	ef26c5370f6ef954c8c7b1be00c5bd4e3b97b3f08a53f4be3afb28ce60fe69b1	터널	안전가시설작업	굴착선단부	터널 > 안전가시설작업 > 굴착선단부	NO_MATCH			NO_MATCH	SOURCE_CONCEPT_IS_NOT_A_TASK_SEMANTIC_FOR_CURRENT_CANONICAL_TASK_UNIVERSE	HIGH	b0df9c2e77642184bc98fa67bc94e5073a41913ccc9a867da1ec5bf3bbfc34c2	a22f3a83f3cc2563554eb04b71ac8afc1faff44e3a6a594dd265ff04baafa2a6	GPT	B06	굴착선단부	터널 > 안전가시설작업 > 굴착선단부	B06
e94a488cd34f0912217c894a058bcf3c7273949af4cbf4a25ed02dbe56970e6e	23b44a957667cad7ed809ad481a3424d9c101b853a552c94eb698598e1f5bf4a	터널	수직구작업	수직구 보강	터널 > 수직구작업 > 수직구 보강	CANONICAL_GAP				VALID_TASK_BUT_NO_SUITABLE_SINGLE_CANONICAL_TASK_IN_FROZEN_REFERENCE	MEDIUM	b0df9c2e77642184bc98fa67bc94e5073a41913ccc9a867da1ec5bf3bbfc34c2	a22f3a83f3cc2563554eb04b71ac8afc1faff44e3a6a594dd265ff04baafa2a6	GPT	B06	수직구 보강	터널 > 수직구작업 > 수직구 보강	B06
ec2fc6853f9a262b48c9d52fa3cbca51e5dcdf7ff4849c540a5b0ac048858c48	0ef6e317ff55ee6ce41148f9e18931177c09037b5975d0aa8f5600dfd5fcd8cf	터널	안전가시설작업	작업발판	터널 > 안전가시설작업 > 작업발판	NO_MATCH			NO_MATCH	SOURCE_CONCEPT_IS_NOT_A_TASK_SEMANTIC_FOR_CURRENT_CANONICAL_TASK_UNIVERSE	HIGH	b0df9c2e77642184bc98fa67bc94e5073a41913ccc9a867da1ec5bf3bbfc34c2	a22f3a83f3cc2563554eb04b71ac8afc1faff44e3a6a594dd265ff04baafa2a6	GPT	B06	작업발판	터널 > 안전가시설작업 > 작업발판	B06
ed684b3b36397b3cbd8c15f1a1952ef395e17c7002ec3a7b4a71d7ead22afa85	f4911a245d0b3f2852b345364c0e352650ecf31ad2cb7ed0aa127f52b48364ff	터널	안전가시설작업	경사지붕	터널 > 안전가시설작업 > 경사지붕	NO_MATCH			NO_MATCH	SOURCE_CONCEPT_IS_NOT_A_TASK_SEMANTIC_FOR_CURRENT_CANONICAL_TASK_UNIVERSE	HIGH	b0df9c2e77642184bc98fa67bc94e5073a41913ccc9a867da1ec5bf3bbfc34c2	a22f3a83f3cc2563554eb04b71ac8afc1faff44e3a6a594dd265ff04baafa2a6	GPT	B06	경사지붕	터널 > 안전가시설작업 > 경사지붕	B06
edef8ca64c894af0005a7370f4ea264ad546f119e013e77fd3675d79286218b1	489c9314f1fd9bbe108faaa20b6ea954de3f3f390f121fbfb38345d301f2d63b	지하철	터널굴착작업	터널 버럭처리	지하철 > 터널굴착작업 > 터널 버럭처리	CANONICAL_GAP				VALID_TASK_BUT_NO_SUITABLE_SINGLE_CANONICAL_TASK_IN_FROZEN_REFERENCE	MEDIUM	b0df9c2e77642184bc98fa67bc94e5073a41913ccc9a867da1ec5bf3bbfc34c2	a22f3a83f3cc2563554eb04b71ac8afc1faff44e3a6a594dd265ff04baafa2a6	GPT	B06	터널 버럭처리	지하철 > 터널굴착작업 > 터널 버럭처리	B06
f1b48276b68b5374fd00e34a7e12fcfe31398436da8d166751dda620ef3e73a7	e6aaf13df44aa473ce7b4b1814e68c7e9d066faa371abfefbe71e03939c5ab8b	지하철	특수터널작업	특수터널 (TBM공법)	지하철 > 특수터널작업 > 특수터널 (TBM공법)	NO_MATCH			NO_MATCH	SOURCE_CONCEPT_IS_NOT_A_TASK_SEMANTIC_FOR_CURRENT_CANONICAL_TASK_UNIVERSE	HIGH	b0df9c2e77642184bc98fa67bc94e5073a41913ccc9a867da1ec5bf3bbfc34c2	a22f3a83f3cc2563554eb04b71ac8afc1faff44e3a6a594dd265ff04baafa2a6	GPT	B06	특수터널 (TBM공법)	지하철 > 특수터널작업 > 특수터널 (TBM공법)	B06
f34ddc13a28da5a08134244516427b291eaedb860b115c3e9cdd97e0de23dae6	8081131e21f31e2808387bd56ce85fc373a36fc09c93953ef958eb0a3752fd37	지하철	터널방수작업	터널 방수쉬트설치	지하철 > 터널방수작업 > 터널 방수쉬트설치	MAP_EXISTING_CANONICAL	30fe37a0-0bd8-4c44-bd9b-76b3625115f5	터널방수	NARROWER_THAN	TUNNEL_WATERPROOF_SHEET_INSTALLATION_IS_A_SPECIFIC_SUBACTIVITY_OF_CANONICAL_TUNNEL_WATERPROOFING	HIGH	b0df9c2e77642184bc98fa67bc94e5073a41913ccc9a867da1ec5bf3bbfc34c2	a22f3a83f3cc2563554eb04b71ac8afc1faff44e3a6a594dd265ff04baafa2a6	GPT	B06	터널 방수쉬트설치	지하철 > 터널방수작업 > 터널 방수쉬트설치	B06
f44ef20ba60c50fc8f668716659a5c79d72b9d63fe9ce264a609e0bfd42a37ab	87b7311a180c3070786c40eaa609ea04d968704ba059eb24ed20e88399aa5cc4	지하철	지장물조사 및 이설작업	지장물 이설	지하철 > 지장물조사 및 이설작업 > 지장물 이설	CANONICAL_GAP				VALID_TASK_BUT_NO_SUITABLE_SINGLE_CANONICAL_TASK_IN_FROZEN_REFERENCE	MEDIUM	b0df9c2e77642184bc98fa67bc94e5073a41913ccc9a867da1ec5bf3bbfc34c2	a22f3a83f3cc2563554eb04b71ac8afc1faff44e3a6a594dd265ff04baafa2a6	GPT	B06	지장물 이설	지하철 > 지장물조사 및 이설작업 > 지장물 이설	B06
f556d0f56dce9fa3be35cef61a4c35e92c55fddfe2b98d1c3ef3acf031e12cff	34f1014e2b7de1f05fef5b6d295d629e191fdafbb9f6d64c99d00021b73810ba	터널	굴착작업	굴착	터널 > 굴착작업 > 굴착	AMBIGUOUS			AMBIGUOUS	GENERIC_EXCAVATION_SPANS_MULTIPLE_SPECIFIC_CANONICAL_EXCAVATION_TASKS	HIGH	b0df9c2e77642184bc98fa67bc94e5073a41913ccc9a867da1ec5bf3bbfc34c2	a22f3a83f3cc2563554eb04b71ac8afc1faff44e3a6a594dd265ff04baafa2a6	GPT	B06	굴착	터널 > 굴착작업 > 굴착	B06
f5a601b570fc55b35c1fc6682e02b06ad3773b51c4b4316fd48e8e85b1ddbac1	0aba6f152d54d1136217f2b2146d16dd3fee6e3a619d4ba089d580bad5753854	지하철	흙막이지보공작업	흙막이지보공 자재반입	지하철 > 흙막이지보공작업 > 흙막이지보공 자재반입	CANONICAL_GAP				VALID_TASK_BUT_NO_SUITABLE_SINGLE_CANONICAL_TASK_IN_FROZEN_REFERENCE	MEDIUM	b0df9c2e77642184bc98fa67bc94e5073a41913ccc9a867da1ec5bf3bbfc34c2	a22f3a83f3cc2563554eb04b71ac8afc1faff44e3a6a594dd265ff04baafa2a6	GPT	B06	흙막이지보공 자재반입	지하철 > 흙막이지보공작업 > 흙막이지보공 자재반입	B06
f5cd091f2219d9a448c406b4810d2fff29e5a4aa4cd28dea92249f82784643cc	754d789458d6b5d133a0b54c99616b4c5de370fffde5f55351c63dd132ff7ad9	지하철	창호 및 유리작업	창호 및 유리 자재반입	지하철 > 창호 및 유리작업 > 창호 및 유리 자재반입	CANONICAL_GAP				VALID_TASK_BUT_NO_SUITABLE_SINGLE_CANONICAL_TASK_IN_FROZEN_REFERENCE	MEDIUM	b0df9c2e77642184bc98fa67bc94e5073a41913ccc9a867da1ec5bf3bbfc34c2	a22f3a83f3cc2563554eb04b71ac8afc1faff44e3a6a594dd265ff04baafa2a6	GPT	B06	창호 및 유리 자재반입	지하철 > 창호 및 유리작업 > 창호 및 유리 자재반입	B06
f7d56f58e49b5750a233b61544f079a11d1d38e1de0b5405d98790ba5bbd59e9	23769941c774a7d4773bce3cd71cfd680c94d371b831ad2087629f6c5caad7de	지하철	터널굴착작업	터널 장약	지하철 > 터널굴착작업 > 터널 장약	MAP_EXISTING_CANONICAL	473d69ee-4433-487f-bc43-c35c1f2ea28f	발파굴착	NARROWER_THAN	TUNNEL_EXPLOSIVE_CHARGING_IS_A_SPECIFIC_SUBACTIVITY_OF_CANONICAL_TUNNEL_BLAST_EXCAVATION	HIGH	b0df9c2e77642184bc98fa67bc94e5073a41913ccc9a867da1ec5bf3bbfc34c2	a22f3a83f3cc2563554eb04b71ac8afc1faff44e3a6a594dd265ff04baafa2a6	GPT	B06	터널 장약	지하철 > 터널굴착작업 > 터널 장약	B06
f82d63a60f213d46e42cdd7ec2d7480047d3060b53246db105f8b5b2b228c06d	7d591aa9dabaa9c2a8d84c10b22cc35dbae9c311b07c955cb98c479696058519	터널	갱구부작업	갱구부 벌목 및 표토제거	터널 > 갱구부작업 > 갱구부 벌목 및 표토제거	MAP_EXISTING_CANONICAL	a7106b20-76ca-427f-aa45-2f0b1d417f15	표토제거	POSSIBLE_RELATED	COMPOSITE_PORTAL_CLEARING_SOURCE_INCLUDES_TOPSOIL_REMOVAL_BUT_ALSO_TREE_CLEARING	MEDIUM	b0df9c2e77642184bc98fa67bc94e5073a41913ccc9a867da1ec5bf3bbfc34c2	a22f3a83f3cc2563554eb04b71ac8afc1faff44e3a6a594dd265ff04baafa2a6	GPT	B06	갱구부 벌목 및 표토제거	터널 > 갱구부작업 > 갱구부 벌목 및 표토제거	B06
166e996febc82f5819036f19d1c507552a0e0e6b73495158d54519b23b604a80	94274fa793458606f074ff70206df203f1e2c916bae5a247372e8421e1bd9f32	터널	터널굴착작업	터널 장약	터널 > 터널굴착작업 > 터널 장약	MAP_EXISTING_CANONICAL	473d69ee-4433-487f-bc43-c35c1f2ea28f	발파굴착	NARROWER_THAN	TUNNEL_EXPLOSIVE_CHARGING_IS_A_SPECIFIC_SUBACTIVITY_OF_CANONICAL_TUNNEL_BLAST_EXCAVATION	HIGH	b1c9ed4280fc971257561a2696df5748c9411c50a0c9330805375d7114af0060	a22f3a83f3cc2563554eb04b71ac8afc1faff44e3a6a594dd265ff04baafa2a6	GPT	B07	터널 장약	터널 > 터널굴착작업 > 터널 장약	B07
2c6c20a1b1e14e72e2b34a73c37d7318fba2a91895be9a9e073b568c7a081ce3	14a514e4b4205495ba687d3beceb71ed8200dffe9dcb53a5b857d15041f1d8d3	터널	터널배수작업	터널배수	터널 > 터널배수작업 > 터널배수	CANONICAL_GAP				VALID_TASK_BUT_NO_SUITABLE_SINGLE_CANONICAL_TASK_IN_FROZEN_REFERENCE	MEDIUM	b1c9ed4280fc971257561a2696df5748c9411c50a0c9330805375d7114af0060	a22f3a83f3cc2563554eb04b71ac8afc1faff44e3a6a594dd265ff04baafa2a6	GPT	B07	터널배수	터널 > 터널배수작업 > 터널배수	B07
3894195db2f8db54621298d038f680606f466dfc95afc25dca93c8fa62394f01	eb28eeaeae8047f48c7688a6504ad630c22eaba7d0dee25c0bcd24b2bfc644a9	터널	터널방수작업	터널 방수쉬트설치	터널 > 터널방수작업 > 터널 방수쉬트설치	MAP_EXISTING_CANONICAL	30fe37a0-0bd8-4c44-bd9b-76b3625115f5	터널방수	NARROWER_THAN	TUNNEL_WATERPROOF_SHEET_INSTALLATION_IS_A_SPECIFIC_SUBACTIVITY_OF_CANONICAL_TUNNEL_WATERPROOFING	HIGH	b1c9ed4280fc971257561a2696df5748c9411c50a0c9330805375d7114af0060	a22f3a83f3cc2563554eb04b71ac8afc1faff44e3a6a594dd265ff04baafa2a6	GPT	B07	터널 방수쉬트설치	터널 > 터널방수작업 > 터널 방수쉬트설치	B07
516885dcc39e2039efde07a32448211b30ca99e3cc234ab0130895834822477b	1ed86919bb1bfc439bc896b940581c4527a8b1d9f5ecb32a6ec161fb1908efcb	터널	작업환경	작업환경 (환기)	터널 > 작업환경 > 작업환경 (환기)	NO_MATCH			NO_MATCH	SOURCE_CONCEPT_IS_NOT_A_TASK_SEMANTIC_FOR_CURRENT_CANONICAL_TASK_UNIVERSE	HIGH	b1c9ed4280fc971257561a2696df5748c9411c50a0c9330805375d7114af0060	a22f3a83f3cc2563554eb04b71ac8afc1faff44e3a6a594dd265ff04baafa2a6	GPT	B07	작업환경 (환기)	터널 > 작업환경 > 작업환경 (환기)	B07
5c800f63f14312ed1444235845a40cf6f5363f2118ffdf6903c049949fe1390a	60f0dc4f1e086ef6fdf609d2a58aa6a763aad5b66105d8f90aa3190821689455	터널	작업환경	작업환경 (분진)	터널 > 작업환경 > 작업환경 (분진)	NO_MATCH			NO_MATCH	SOURCE_CONCEPT_IS_NOT_A_TASK_SEMANTIC_FOR_CURRENT_CANONICAL_TASK_UNIVERSE	HIGH	b1c9ed4280fc971257561a2696df5748c9411c50a0c9330805375d7114af0060	a22f3a83f3cc2563554eb04b71ac8afc1faff44e3a6a594dd265ff04baafa2a6	GPT	B07	작업환경 (분진)	터널 > 작업환경 > 작업환경 (분진)	B07
75dbc84108299d287026eb95a0426e6c831aeb74c4ca8e08c041297d6230ea15	b96a7092ad658bafd34d873684ae2e40629a8a07d1b2f88a6770ec3813e747ec	터널	철근작업	철근조립	터널 > 철근작업 > 철근조립	MAP_EXISTING_CANONICAL	be965f09-464b-4d53-9be4-d72f44d3d1ee	철근가공및조립	NARROWER_THAN	REBAR_ASSEMBLY_IS_A_SPECIFIC_COMPONENT_OF_CANONICAL_REBAR_PROCESSING_AND_ASSEMBLY	HIGH	b1c9ed4280fc971257561a2696df5748c9411c50a0c9330805375d7114af0060	a22f3a83f3cc2563554eb04b71ac8afc1faff44e3a6a594dd265ff04baafa2a6	GPT	B07	철근조립	터널 > 철근작업 > 철근조립	B07
9089154fbbc698affd5b16d090ab70136ae349866bcd3d46e2cd1b12d91d8941	b5c2c7e308afff568661d4cf9b5c75808202267fb40652485820321bb53daca6	터널	터널보강작업	터널 강지보	터널 > 터널보강작업 > 터널 강지보	CANONICAL_GAP				VALID_TASK_BUT_NO_SUITABLE_SINGLE_CANONICAL_TASK_IN_FROZEN_REFERENCE	MEDIUM	b1c9ed4280fc971257561a2696df5748c9411c50a0c9330805375d7114af0060	a22f3a83f3cc2563554eb04b71ac8afc1faff44e3a6a594dd265ff04baafa2a6	GPT	B07	터널 강지보	터널 > 터널보강작업 > 터널 강지보	B07
92e8ce3fb60173e1756f7fc5d055efb81f9800313cd07b8220c3fd3d95040a38	94f5a8315ad5ae766cb46443c8aac14bcea21c7151c3e7307a35fbae58b6c845	터널	터널보강작업	터널 특수보강	터널 > 터널보강작업 > 터널 특수보강	AMBIGUOUS			AMBIGUOUS	GENERIC_SPECIAL_TUNNEL_REINFORCEMENT_DOES_NOT_IDENTIFY_A_SINGLE_REINFORCEMENT_METHOD_OR_CANONICAL_TASK	MEDIUM	b1c9ed4280fc971257561a2696df5748c9411c50a0c9330805375d7114af0060	a22f3a83f3cc2563554eb04b71ac8afc1faff44e3a6a594dd265ff04baafa2a6	GPT	B07	터널 특수보강	터널 > 터널보강작업 > 터널 특수보강	B07
a41cc96a883fec6378a14ed2ea86681f3b252f5aa8369eebf1e2dc9fc1dbd577	1a96feace5107425b59d1eef646378a1066f6f3b0a7632ce0a9e03683049c1d2	터널	터널굴착작업	터널 천공	터널 > 터널굴착작업 > 터널 천공	MAP_EXISTING_CANONICAL	473d69ee-4433-487f-bc43-c35c1f2ea28f	발파굴착	NARROWER_THAN	TUNNEL_BLAST_HOLE_DRILLING_IS_A_SPECIFIC_SUBACTIVITY_OF_CANONICAL_TUNNEL_BLAST_EXCAVATION	HIGH	b1c9ed4280fc971257561a2696df5748c9411c50a0c9330805375d7114af0060	a22f3a83f3cc2563554eb04b71ac8afc1faff44e3a6a594dd265ff04baafa2a6	GPT	B07	터널 천공	터널 > 터널굴착작업 > 터널 천공	B07
aab35b3a56cba653ec6e7fcba48d5a436d9dc9088292630c5c262f2349bbafca	f086bf982a6e5b4e0456a1a602df8373a766053f4d2a829ba5ae919befe5a5ca	터널	특수터널작업	특수터널 (Shield 공법)	터널 > 특수터널작업 > 특수터널 (Shield 공법)	NO_MATCH			NO_MATCH	SOURCE_CONCEPT_IS_NOT_A_TASK_SEMANTIC_FOR_CURRENT_CANONICAL_TASK_UNIVERSE	HIGH	b1c9ed4280fc971257561a2696df5748c9411c50a0c9330805375d7114af0060	a22f3a83f3cc2563554eb04b71ac8afc1faff44e3a6a594dd265ff04baafa2a6	GPT	B07	특수터널 (Shield 공법)	터널 > 특수터널작업 > 특수터널 (Shield 공법)	B07
b77a59a395b32320328db7bfe2f4adc7038d05bc2070f2855d3f614b43aaf14f	942bba35cad4fd6cc5ee1a45f5a004fa27f957ad8f77af6cb2cda021cb99416b	터널	철근작업	철근반입	터널 > 철근작업 > 철근반입	CANONICAL_GAP				VALID_TASK_BUT_NO_SUITABLE_SINGLE_CANONICAL_TASK_IN_FROZEN_REFERENCE	MEDIUM	b1c9ed4280fc971257561a2696df5748c9411c50a0c9330805375d7114af0060	a22f3a83f3cc2563554eb04b71ac8afc1faff44e3a6a594dd265ff04baafa2a6	GPT	B07	철근반입	터널 > 철근작업 > 철근반입	B07
bb65e3719d0dd018a6390376f060cf9f42b61fbf394407b14a94f9fa6369e7c8	cdcf04be80844ef039d4eb064aef2ffb4ac97894adec05f8b26d2794c4b63aa4	터널	특수터널작업	특수터널 (TBM공법)	터널 > 특수터널작업 > 특수터널 (TBM공법)	NO_MATCH			NO_MATCH	SOURCE_CONCEPT_IS_NOT_A_TASK_SEMANTIC_FOR_CURRENT_CANONICAL_TASK_UNIVERSE	HIGH	b1c9ed4280fc971257561a2696df5748c9411c50a0c9330805375d7114af0060	a22f3a83f3cc2563554eb04b71ac8afc1faff44e3a6a594dd265ff04baafa2a6	GPT	B07	특수터널 (TBM공법)	터널 > 특수터널작업 > 특수터널 (TBM공법)	B07
bc063d0af6abd966eb77a18123ab0b296d70300491236412c24ceb822183a857	91235bd1265b4837c124c575e91ad67665b26fb97c90f046835f6291fbbc15a3	터널	터널보강작업	터널 숏크리트	터널 > 터널보강작업 > 터널 숏크리트	CANONICAL_GAP				VALID_TASK_BUT_NO_SUITABLE_SINGLE_CANONICAL_TASK_IN_FROZEN_REFERENCE	MEDIUM	b1c9ed4280fc971257561a2696df5748c9411c50a0c9330805375d7114af0060	a22f3a83f3cc2563554eb04b71ac8afc1faff44e3a6a594dd265ff04baafa2a6	GPT	B07	터널 숏크리트	터널 > 터널보강작업 > 터널 숏크리트	B07
ceff2e72593ece5888b377cc404f0a75341917e13ea29c421bc1d1236c46aa78	8a6636a7a17ed096b68a48b6870742be0fe8e989dcc62cbb6b04628d88b45ca1	터널	철근작업	철근가공 및 운반	터널 > 철근작업 > 철근가공 및 운반	MAP_EXISTING_CANONICAL	be965f09-464b-4d53-9be4-d72f44d3d1ee	철근가공및조립	POSSIBLE_RELATED	SOURCE_AND_CANONICAL_SHARE_REBAR_PROCESSING_BUT_DIFFER_ON_TRANSPORT_VERSUS_ASSEMBLY_COMPONENT	MEDIUM	b1c9ed4280fc971257561a2696df5748c9411c50a0c9330805375d7114af0060	a22f3a83f3cc2563554eb04b71ac8afc1faff44e3a6a594dd265ff04baafa2a6	GPT	B07	철근가공 및 운반	터널 > 철근작업 > 철근가공 및 운반	B07
e9400c436ab90156e3288fd42af8d3cbfcd9a8d884c7197edfa7d2daf30a8df1	48e5dc1bd7f488e6bc76f66dff8580ab9df3e02fe9cb1326937eb5d5396f618d	터널	터널굴착작업	터널 버럭처리	터널 > 터널굴착작업 > 터널 버럭처리	CANONICAL_GAP				VALID_TASK_BUT_NO_SUITABLE_SINGLE_CANONICAL_TASK_IN_FROZEN_REFERENCE	MEDIUM	b1c9ed4280fc971257561a2696df5748c9411c50a0c9330805375d7114af0060	a22f3a83f3cc2563554eb04b71ac8afc1faff44e3a6a594dd265ff04baafa2a6	GPT	B07	터널 버럭처리	터널 > 터널굴착작업 > 터널 버럭처리	B07
f24cd96f8ab480d9e70d1df744fce5f42c1691317fade6e3fecf9da63bc5f72e	6e281c29bd64541e766a756c2ff1464c6c8c4689212aa0e1c2e4382df9adec73	터널	터널보강작업	터널 락볼트	터널 > 터널보강작업 > 터널 락볼트	CANONICAL_GAP				VALID_TASK_BUT_NO_SUITABLE_SINGLE_CANONICAL_TASK_IN_FROZEN_REFERENCE	MEDIUM	b1c9ed4280fc971257561a2696df5748c9411c50a0c9330805375d7114af0060	a22f3a83f3cc2563554eb04b71ac8afc1faff44e3a6a594dd265ff04baafa2a6	GPT	B07	터널 락볼트	터널 > 터널보강작업 > 터널 락볼트	B07
f449a909c96b3130df58e4dddc3d5ce3dfce6c82354ce73a8898440fdd55825b	feaf8df78868a39eee1145f6f20ba84573fb4a8a635091f87e6f8e3d95840dfc	터널	터널굴착작업	터널 발파	터널 > 터널굴착작업 > 터널 발파	MAP_EXISTING_CANONICAL	473d69ee-4433-487f-bc43-c35c1f2ea28f	발파굴착	NARROWER_THAN	TUNNEL_BLASTING_IS_A_SPECIFIC_BLASTING_PHASE_WITHIN_CANONICAL_TUNNEL_BLAST_EXCAVATION	HIGH	b1c9ed4280fc971257561a2696df5748c9411c50a0c9330805375d7114af0060	a22f3a83f3cc2563554eb04b71ac8afc1faff44e3a6a594dd265ff04baafa2a6	GPT	B07	터널 발파	터널 > 터널굴착작업 > 터널 발파	B07
f8e1ae148fdaf9a81a0fba1d6d388e3bf343dccafc7761005bb74d787a63f140	7fac5f711606accf6f133338908778cc7561d468fe0587517058885a32ec499a	터널	콘크리트작업	콘크리트 반입	터널 > 콘크리트작업 > 콘크리트 반입	CANONICAL_GAP				VALID_TASK_BUT_NO_SUITABLE_SINGLE_CANONICAL_TASK_IN_FROZEN_REFERENCE	MEDIUM	b1c9ed4280fc971257561a2696df5748c9411c50a0c9330805375d7114af0060	a22f3a83f3cc2563554eb04b71ac8afc1faff44e3a6a594dd265ff04baafa2a6	GPT	B07	콘크리트 반입	터널 > 콘크리트작업 > 콘크리트 반입	B07
fcf2c40e71eac68f1b657313385b23a6eba4ea184165bd3b8fd640b050548158	f95fe6e975c05fe714f0007230a038d84e82053d2e5ad78f845aa8615e52a1f7	터널	작업환경	작업환경 (조명)	터널 > 작업환경 > 작업환경 (조명)	NO_MATCH			NO_MATCH	SOURCE_CONCEPT_IS_NOT_A_TASK_SEMANTIC_FOR_CURRENT_CANONICAL_TASK_UNIVERSE	HIGH	b1c9ed4280fc971257561a2696df5748c9411c50a0c9330805375d7114af0060	a22f3a83f3cc2563554eb04b71ac8afc1faff44e3a6a594dd265ff04baafa2a6	GPT	B07	작업환경 (조명)	터널 > 작업환경 > 작업환경 (조명)	B07
fd78399b1be303af3221c5dceaf8fd6e7c517de0ecd2794cac7c83d6fce8aecd	cc0c80ef462286f3855d8e814ac817083d06d4f44c3e74d272bd8153d23faf79	터널	콘크리트작업	콘크리트타설	터널 > 콘크리트작업 > 콘크리트타설	AMBIGUOUS			AMBIGUOUS	GENERIC_CONCRETE_PLACEMENT_DOES_NOT_DISTINGUISH_AMONG_MULTIPLE_CONCRETE_PLACEMENT_CANONICAL_TASKS	HIGH	b1c9ed4280fc971257561a2696df5748c9411c50a0c9330805375d7114af0060	a22f3a83f3cc2563554eb04b71ac8afc1faff44e3a6a594dd265ff04baafa2a6	GPT	B07	콘크리트타설	터널 > 콘크리트작업 > 콘크리트타설	B07
