review_concept_key	node_kind	parent_review_concept_key	name	name_normalized	concept_form	origin_type	canonical_code	status	source_member_count	source_keys	source_names	source_context_policy	approval_id	approval_package_sha	amendment_approval_id	amendment_package_sha
bbe558ae99a905c06154f7cc257c8435fb594caa9af47f80e6788e4d18a7d316	PROCESS	33f1ddfc015d1a5a3173d5aa56062b9af98458c2e93edc02b239d897ef4ba8d7	ALC공사	ALC공사	SINGLETON	PROMOTED_FROM_SOURCE		DRAFT	1	414	ALC공사	PRESERVE_SOURCE_MEMBERSHIP	RISK-04-APPROVE-001	62c2c50e3c0becbe23a686735d1a7e50ed8bce2f3fa23c539d2250b68227c2d7	EMPTY	EMPTY
839dc19649fb4273c6626d056fc80cdd40e7d589f4900867908edae42cb393f5	PROCESS	6c2da1062cabb941946777b7381ec0ec9bd0ee98bf97ec5c2dd234d3b19b5b7d	Absorber&AuxSystem공사	Absorber&AuxSystem공사	SINGLETON	PROMOTED_FROM_SOURCE		DRAFT	1	7351	Absorber&AuxSystem공사	PRESERVE_SOURCE_MEMBERSHIP	RISK-04-APPROVE-001	62c2c50e3c0becbe23a686735d1a7e50ed8bce2f3fa23c539d2250b68227c2d7	EMPTY	EMPTY
6c21f362ece7e65e3ec6f684de5dea10fe6b6e06baa8eee79db2d1feb9d94337	PROCESS	6c2da1062cabb941946777b7381ec0ec9bd0ee98bf97ec5c2dd234d3b19b5b7d	FGDAuxSystem공사	FGDAuxSystem공사	SINGLETON	PROMOTED_FROM_SOURCE		DRAFT	1	7355	FGDAuxSystem공사	PRESERVE_SOURCE_MEMBERSHIP	RISK-04-APPROVE-001	62c2c50e3c0becbe23a686735d1a7e50ed8bce2f3fa23c539d2250b68227c2d7	EMPTY	EMPTY
92e32d2dee1666876cca768c52709be997582e7e8091b458c797083793a6d3e4	PROCESS	6c2da1062cabb941946777b7381ec0ec9bd0ee98bf97ec5c2dd234d3b19b5b7d	FlueGasSystem공사	FlueGasSystem공사	SINGLETON	PROMOTED_FROM_SOURCE		DRAFT	1	7352	FlueGasSystem공사	PRESERVE_SOURCE_MEMBERSHIP	RISK-04-APPROVE-001	62c2c50e3c0becbe23a686735d1a7e50ed8bce2f3fa23c539d2250b68227c2d7	EMPTY	EMPTY
86ffb68a39d675b493858a29b00039d3fae64664c0109489755514026b9dfca5	PROCESS	9c5d076acd3550d07d3b8d5e161a39d20bc03992a7d1c3a04b07f92d854efb99	GIS공사	GIS공사	SINGLETON	PROMOTED_FROM_SOURCE		DRAFT	1	8231	GIS공사	PRESERVE_SOURCE_MEMBERSHIP	RISK-04-APPROVE-001	62c2c50e3c0becbe23a686735d1a7e50ed8bce2f3fa23c539d2250b68227c2d7	EMPTY	EMPTY
d1a644bf206f36fbba36773f652f7da71e0611ac4f98b5fe7884bda680ddfea4	PROCESS	4550c015794f93c550fc4a407b3d0537ebd3fde8130246cd5dfb9e0da0674984	LNG및원유저장공사	LNG및원유저장공사	SINGLETON	PROMOTED_FROM_SOURCE		DRAFT	1	762	LNG및원유저장공사	PRESERVE_SOURCE_MEMBERSHIP	RISK-04-APPROVE-001	62c2c50e3c0becbe23a686735d1a7e50ed8bce2f3fa23c539d2250b68227c2d7	EMPTY	EMPTY
6d84520c0cde5906f203cd53dcd7edacd5f1cc45e1cb05cc0d3f74c257568d1e	PROCESS	d1a644bf206f36fbba36773f652f7da71e0611ac4f98b5fe7884bda680ddfea4	LNG및원유저장설비공사	LNG및원유저장설비공사	SINGLETON	PROMOTED_FROM_SOURCE		DRAFT	1	7621	LNG및원유저장설비공사	PRESERVE_SOURCE_MEMBERSHIP	RISK-04-APPROVE-001	62c2c50e3c0becbe23a686735d1a7e50ed8bce2f3fa23c539d2250b68227c2d7	EMPTY	EMPTY
ed71d9533dec298e4d7948cd99d3fb769aa7157a8e94c3bf6e53a1ed115d8040	PROCESS	d28c045a9338660ab84ceaeee6a3e1dda86dd49a33133129bb062dc2d46680b1	LinerPlate설치공사	LinerPlate설치공사	SINGLETON	PROMOTED_FROM_SOURCE		DRAFT	1	7183	LinerPlate설치공사	PRESERVE_SOURCE_MEMBERSHIP	RISK-04-APPROVE-001	62c2c50e3c0becbe23a686735d1a7e50ed8bce2f3fa23c539d2250b68227c2d7	EMPTY	EMPTY
ac92b29e0ba7da0d9ef8b7913ac878b10bd361fbee8c3a6a53774bb049ab064e	PROCESS	6b98d35f3e55a1716df158a441525178b2d9f6cec422a4ebfec65483568a807f	NATM공법굴착	NATM공법굴착	SINGLETON	PROMOTED_FROM_SOURCE		DRAFT	1	3515	NATM공법굴착	PRESERVE_SOURCE_MEMBERSHIP	RISK-04-APPROVE-001	62c2c50e3c0becbe23a686735d1a7e50ed8bce2f3fa23c539d2250b68227c2d7	EMPTY	EMPTY
c582770b2e2875480369557c452dd0492caaf3fe84fd84946ba46a9607bda689	PROCESS	acf048a5240dfcfa6c13ef808f343ba91df60c7588b714ad55e193b842d47c36	P.P마대가물막이	P.P마대가물막이	SINGLETON	PROMOTED_FROM_SOURCE		DRAFT	1	0373	P.P마대가물막이	PRESERVE_SOURCE_MEMBERSHIP	RISK-04-APPROVE-001	62c2c50e3c0becbe23a686735d1a7e50ed8bce2f3fa23c539d2250b68227c2d7	EMPTY	EMPTY
a35727bec64ace552ea87768f92eaa16bcde8af75c0da8aef1651a2880c7dc59	PROCESS	9ff4e35cc5e677d6d8dd41c870da81f1059aab60a35df435d424b7e64af7df61	PC부속공사	PC부속공사	SINGLETON	PROMOTED_FROM_SOURCE		DRAFT	1	268	PC부속공사	PRESERVE_SOURCE_MEMBERSHIP	RISK-04-APPROVE-001	62c2c50e3c0becbe23a686735d1a7e50ed8bce2f3fa23c539d2250b68227c2d7	EMPTY	EMPTY
7bff8bea4adadcc060b1da4fdcdc0495bb16bb4f5f03c3737862541ba252cbc1	PROCESS	a35727bec64ace552ea87768f92eaa16bcde8af75c0da8aef1651a2880c7dc59	PC부속재설치공사	PC부속재설치공사	SINGLETON	PROMOTED_FROM_SOURCE		DRAFT	1	2681	PC부속재설치공사	PRESERVE_SOURCE_MEMBERSHIP	RISK-04-APPROVE-001	62c2c50e3c0becbe23a686735d1a7e50ed8bce2f3fa23c539d2250b68227c2d7	EMPTY	EMPTY
0094e4e7a1f0cbeaa70425941c37f1dd06b42da2328faa8fc78d22d5f7693c2a	PROCESS	9ff4e35cc5e677d6d8dd41c870da81f1059aab60a35df435d424b7e64af7df61	PC부재생산	PC부재생산	SINGLETON	PROMOTED_FROM_SOURCE		DRAFT	1	262	PC부재생산	PRESERVE_SOURCE_MEMBERSHIP	RISK-04-APPROVE-001	62c2c50e3c0becbe23a686735d1a7e50ed8bce2f3fa23c539d2250b68227c2d7	EMPTY	EMPTY
e165ed64bfa19b15dd7f70936869885ec4741351e0dee1d7c16c769383ddb7da	TASK	9ff4e35cc5e677d6d8dd41c870da81f1059aab60a35df435d424b7e64af7df61	PC부재운반	PC부재운반	SINGLETON	PROMOTED_FROM_SOURCE		DRAFT	1	263	PC부재운반	PRESERVE_SOURCE_MEMBERSHIP	RISK-04-APPROVE-001	62c2c50e3c0becbe23a686735d1a7e50ed8bce2f3fa23c539d2250b68227c2d7	EMPTY	EMPTY
7746bbc8fc5a8ff3710d156df63650c2aae782b6622a8e900bac28f9f3e47c78	TASK	6687836107bb3e7d0a4cdc3c83aedda7d8ac7eaa5618bd2b1bbe34550fe9c44a	PC슬라브조립	PC슬라브조립	SINGLETON	PROMOTED_FROM_SOURCE		DRAFT	1	2646	PC슬라브조립	PRESERVE_SOURCE_MEMBERSHIP	RISK-04-APPROVE-001	62c2c50e3c0becbe23a686735d1a7e50ed8bce2f3fa23c539d2250b68227c2d7	EMPTY	EMPTY
36b84656407d811baaf7dc7660242889e7e81aca4fa49f252e5fb0e3f2201233	PROCESS	fc4f7df78ecb9755d8ff69c7766d178706b5e53fc3bd41fe4723431d9bcd5bf1	PC연속벽흙막이	PC연속벽흙막이	SINGLETON	PROMOTED_FROM_SOURCE		DRAFT	1	244	PC연속벽흙막이	PRESERVE_SOURCE_MEMBERSHIP	RISK-04-APPROVE-001	62c2c50e3c0becbe23a686735d1a7e50ed8bce2f3fa23c539d2250b68227c2d7	EMPTY	EMPTY
1de6edbf54fb16a68cce24227808846671e18f26052abcc401d07ed7e2a48929	TASK	a35727bec64ace552ea87768f92eaa16bcde8af75c0da8aef1651a2880c7dc59	PC조인트그라우팅	PC조인트그라우팅	SINGLETON	PROMOTED_FROM_SOURCE		DRAFT	1	2682	PC조인트그라우팅	PRESERVE_SOURCE_MEMBERSHIP	RISK-04-APPROVE-001	62c2c50e3c0becbe23a686735d1a7e50ed8bce2f3fa23c539d2250b68227c2d7	EMPTY	EMPTY
d332c618dd4658d13fbc7b41b96deafa49e8fc97b662ba54324f758f3d1b4bf3	TASK	da5a624c501a2655039fba24eaaf4598e3c28c9642b2e2bc8b23d69a8361f5b1	PVC관제거	PVC관제거	SINGLETON	PROMOTED_FROM_SOURCE		DRAFT	1	1844	PVC관제거	PRESERVE_SOURCE_MEMBERSHIP	RISK-04-APPROVE-001	62c2c50e3c0becbe23a686735d1a7e50ed8bce2f3fa23c539d2250b68227c2d7	EMPTY	EMPTY
96df527ccb239d96a2f604ac5848d689d174bacf9f0b5716d1c76dad7cc4375a	TASK	da54d4926aa79473fa6f89610338b0297765d601166ceb67ac95ba973da49bf0	Riprap재료축조	Riprap재료축조	SINGLETON	PROMOTED_FROM_SOURCE		DRAFT	1	3716	Riprap재료축조	PRESERVE_IN_SOURCE_MAPPING_EVIDENCE	RISK-04-APPROVE-001	62c2c50e3c0becbe23a686735d1a7e50ed8bce2f3fa23c539d2250b68227c2d7	EMPTY	EMPTY
8e9d69ab9685301f267bff114fe2bbbc0fa2e10baa4db7297ee488b9430f78e2	TASK	7d998429c979fb90025cfdc3b72fcecbd47952246191a2bc1ef02f5874c6985e	RockBolt축력및인발측정	RockBolt축력및인발측정	SINGLETON	PROMOTED_FROM_SOURCE		DRAFT	1	1234	RockBolt축력및인발측정	PRESERVE_SOURCE_MEMBERSHIP	RISK-04-APPROVE-001	62c2c50e3c0becbe23a686735d1a7e50ed8bce2f3fa23c539d2250b68227c2d7	EMPTY	EMPTY
b9aec605098ac5c84043f1bff9e1c04cdae3d0cb6fcdd389b48d9f656aca975e	PROCESS	acf048a5240dfcfa6c13ef808f343ba91df60c7588b714ad55e193b842d47c36	SheetPile가물막이	SheetPile가물막이	SINGLETON	PROMOTED_FROM_SOURCE		DRAFT	1	0372	SheetPile가물막이	PRESERVE_SOURCE_MEMBERSHIP	RISK-04-APPROVE-001	62c2c50e3c0becbe23a686735d1a7e50ed8bce2f3fa23c539d2250b68227c2d7	EMPTY	EMPTY
12e3245740a10d2532140e4e0c6bff9ddf3da8cebd37c5e6f9e50002a8d2a0b1	PROCESS	6b98d35f3e55a1716df158a441525178b2d9f6cec422a4ebfec65483568a807f	Shield공법굴착	Shield공법굴착	SINGLETON	PROMOTED_FROM_SOURCE		DRAFT	1	3514	Shield공법굴착	PRESERVE_SOURCE_MEMBERSHIP	RISK-04-APPROVE-001	62c2c50e3c0becbe23a686735d1a7e50ed8bce2f3fa23c539d2250b68227c2d7	EMPTY	EMPTY
829d2d254e65f1cdd45a263429e0bc8c86b6270a6d9cb12aab9d3dba010f3724	TASK	7d998429c979fb90025cfdc3b72fcecbd47952246191a2bc1ef02f5874c6985e	Shotcrete응력측정	Shotcrete응력측정	SINGLETON	PROMOTED_FROM_SOURCE		DRAFT	1	1235	Shotcrete응력측정	PRESERVE_SOURCE_MEMBERSHIP	RISK-04-APPROVE-001	62c2c50e3c0becbe23a686735d1a7e50ed8bce2f3fa23c539d2250b68227c2d7	EMPTY	EMPTY
da9e8d39b4db29b66a8869429977ed7021cf2f4e0a65cd4a2c38e542e7cef3a2	PROCESS	b223c472f28dc1cc03c36e7104f5353323def065f7a948690095bb4a77b40769	T&C(TestandCommissioning)공사	T&C(TestandCommissioning)공사	SINGLETON	PROMOTED_FROM_SOURCE		DRAFT	1	9131	T&C(TestandCommissioning)공사	PRESERVE_SOURCE_MEMBERSHIP	RISK-04-APPROVE-001	62c2c50e3c0becbe23a686735d1a7e50ed8bce2f3fa23c539d2250b68227c2d7	EMPTY	EMPTY
95a0c98e6fc47ea4f5a2a12c472e980f088eb57e647d0d5a1b7c9b11ba57189f	PROCESS	77558d43f2fbdaf86af49dcdaebc94288203e7ea1c9d196cb3c5063a8fd9857f	T.A.B(TestingAdjustingandBalancing)공사	T.A.B(TestingAdjustingandBalancing)공사	SINGLETON	PROMOTED_FROM_SOURCE		DRAFT	1	9111	T.A.B(TestingAdjustingandBalancing)공사	PRESERVE_SOURCE_MEMBERSHIP	RISK-04-APPROVE-001	62c2c50e3c0becbe23a686735d1a7e50ed8bce2f3fa23c539d2250b68227c2d7	EMPTY	EMPTY
f1929d5e90879fcbe57891d91cd35b3ce14f81ab4e0f80681944afdb5c664d71	PROCESS	6b98d35f3e55a1716df158a441525178b2d9f6cec422a4ebfec65483568a807f	TBM공법굴착	TBM공법굴착	SINGLETON	PROMOTED_FROM_SOURCE		DRAFT	1	3513	TBM공법굴착	PRESERVE_SOURCE_MEMBERSHIP	RISK-04-APPROVE-001	62c2c50e3c0becbe23a686735d1a7e50ed8bce2f3fa23c539d2250b68227c2d7	EMPTY	EMPTY
c42e0dfcad1a0d9cb026e4ab029682c0eda733663d350eab261cf16b366a0b15	PROCESS	fd90a2258372539070e5c4d06e5daffb0d65f1d72c4db6f0b2a9cc04d473c76c	TV공청설비공사	TV공청설비공사	SINGLETON	PROMOTED_FROM_SOURCE		DRAFT	1	8432	TV공청설비공사	PRESERVE_SOURCE_MEMBERSHIP	RISK-04-APPROVE-001	62c2c50e3c0becbe23a686735d1a7e50ed8bce2f3fa23c539d2250b68227c2d7	EMPTY	EMPTY
5f3cb094b6d12377e3d44738fc60b3d82afea79aa9ab173c4bb400a3392ea695	TASK	f623fef0b52bee1b6af73b3be121408df1e36d023ca6dfd07ccaf997b1a5c59e	UBR(UnitBathRoom)설치	UBR(UnitBathRoom)설치	SINGLETON	PROMOTED_FROM_SOURCE		DRAFT	1	5425	UBR(UnitBathRoom)설치	PRESERVE_SOURCE_MEMBERSHIP	RISK-04-APPROVE-001	62c2c50e3c0becbe23a686735d1a7e50ed8bce2f3fa23c539d2250b68227c2d7	EMPTY	EMPTY
c344c083a5e99b6732c9ab519017c81644168348cdfa23c7fde349485665c8bd	PROCESS	567b3bdd26473d2aae0c8a6f35251397f2c7b90f08b1c3c7a83c11d6643eef99	가공목재조립식구조목공사	가공목재조립식구조목공사	SINGLETON	PROMOTED_FROM_SOURCE		DRAFT	1	423	가공목재조립식구조목공사	PRESERVE_SOURCE_MEMBERSHIP	RISK-04-APPROVE-001	62c2c50e3c0becbe23a686735d1a7e50ed8bce2f3fa23c539d2250b68227c2d7	EMPTY	EMPTY
206d7fdddef45b9e8a97e6f58bafdc77e5add659193f4b081bef7d0c119bef49	PROCESS	33f1ddfc015d1a5a3173d5aa56062b9af98458c2e93edc02b239d897ef4ba8d7	가공석재조적	가공석재조적	SINGLETON	PROMOTED_FROM_SOURCE		DRAFT	1	416	가공석재조적	PRESERVE_SOURCE_MEMBERSHIP	RISK-04-APPROVE-001	62c2c50e3c0becbe23a686735d1a7e50ed8bce2f3fa23c539d2250b68227c2d7	EMPTY	EMPTY
ffce964e0ef14b5c7f594917df7420c33dacf0a26f6bfab3aec9ac951bb26dd1	PROCESS	567b3bdd26473d2aae0c8a6f35251397f2c7b90f08b1c3c7a83c11d6643eef99	가구식구조목공사	가구식구조목공사	SINGLETON	PROMOTED_FROM_SOURCE		DRAFT	1	421	가구식구조목공사	PRESERVE_SOURCE_MEMBERSHIP	RISK-04-APPROVE-001	62c2c50e3c0becbe23a686735d1a7e50ed8bce2f3fa23c539d2250b68227c2d7	EMPTY	EMPTY
acf048a5240dfcfa6c13ef808f343ba91df60c7588b714ad55e193b842d47c36	PROCESS	97167eb2b29f689eecdc8442c8e8d8af709defa6879ba0d3ff2ed79518836e55	가물막이	가물막이	SINGLETON	PROMOTED_FROM_SOURCE		DRAFT	1	037	가물막이	PRESERVE_SOURCE_MEMBERSHIP	RISK-04-APPROVE-001	62c2c50e3c0becbe23a686735d1a7e50ed8bce2f3fa23c539d2250b68227c2d7	EMPTY	EMPTY
97167eb2b29f689eecdc8442c8e8d8af709defa6879ba0d3ff2ed79518836e55	PROCESS	EMPTY	본공사성가설공사	본공사성가설공사	SINGLETON	PROMOTED_FROM_SOURCE		DRAFT	1	03	본공사성가설공사	PRESERVE_SOURCE_MEMBERSHIP	RISK-04-APPROVE-001	62c2c50e3c0becbe23a686735d1a7e50ed8bce2f3fa23c539d2250b68227c2d7	EMPTY	EMPTY
1a392c4093512b03c51e18de329616928460763dd57577c1260eab06a3341b8f	PROCESS	EMPTY	현장유지관리	현장유지관리	SINGLETON	PROMOTED_FROM_SOURCE		DRAFT	1	05	현장유지관리	PRESERVE_SOURCE_MEMBERSHIP	RISK-04-APPROVE-001	62c2c50e3c0becbe23a686735d1a7e50ed8bce2f3fa23c539d2250b68227c2d7	EMPTY	EMPTY
b010f76c574f6761abb7e73d610ed737629be5b00dffea26cbddac07135e7587	PROCESS	EMPTY	품질시험	품질시험	SINGLETON	PROMOTED_FROM_SOURCE		DRAFT	1	07	품질시험	PRESERVE_SOURCE_MEMBERSHIP	RISK-04-APPROVE-001	62c2c50e3c0becbe23a686735d1a7e50ed8bce2f3fa23c539d2250b68227c2d7	EMPTY	EMPTY
fce048a6ba4d60e4520ac1f54189361e1b473e1bab9f15c88000e42fa44abe0c	PROCESS	b010f76c574f6761abb7e73d610ed737629be5b00dffea26cbddac07135e7587	건축품질시험	건축품질시험	EQUIVALENCE_GROUP	MERGED_FROM_REVIEWED_SOURCES		DRAFT	2	08 | 073	건축품질시험 | 건축품질시험	PRESERVE_SOURCE_MEMBERSHIP	RISK-04-APPROVE-001	62c2c50e3c0becbe23a686735d1a7e50ed8bce2f3fa23c539d2250b68227c2d7	EMPTY	EMPTY
9ac4bb062d521abe8e69b359393e5ce6cf23efda77d4f73fbaae1d63f43d738f	PROCESS	EMPTY	측량	측량	SINGLETON	PROMOTED_FROM_SOURCE		DRAFT	1	11	측량	PRESERVE_SOURCE_MEMBERSHIP	RISK-04-APPROVE-001	62c2c50e3c0becbe23a686735d1a7e50ed8bce2f3fa23c539d2250b68227c2d7	EMPTY	EMPTY
1a13ea0495c762c614f4fa5cbcf476764c9287e017255d6e15df7cb6defa5748	PROCESS	EMPTY	계측	계측	SINGLETON	PROMOTED_FROM_SOURCE		DRAFT	1	12	계측	PRESERVE_SOURCE_MEMBERSHIP	RISK-04-APPROVE-001	62c2c50e3c0becbe23a686735d1a7e50ed8bce2f3fa23c539d2250b68227c2d7	EMPTY	EMPTY
daa906954562f1c33f219f508267ad546d282a7241c4251257bb6c8be54c0b5d	PROCESS	EMPTY	지반조사	지반조사	SINGLETON	PROMOTED_FROM_SOURCE		DRAFT	1	13	지반조사	PRESERVE_SOURCE_MEMBERSHIP	RISK-04-APPROVE-001	62c2c50e3c0becbe23a686735d1a7e50ed8bce2f3fa23c539d2250b68227c2d7	EMPTY	EMPTY
13ef25655bb8802c9f2248fa72aa1339b99db5cd94f16bd2ae8d59f8ac83db00	PROCESS	EMPTY	철거해체공사및시설물보호	철거해체공사및시설물보호	SINGLETON	PROMOTED_FROM_SOURCE		DRAFT	1	18	철거해체공사및시설물보호	PRESERVE_SOURCE_MEMBERSHIP	RISK-04-APPROVE-001	62c2c50e3c0becbe23a686735d1a7e50ed8bce2f3fa23c539d2250b68227c2d7	EMPTY	EMPTY
1b01f7e3cd4bfbdcf610554066aa88036ab7be729aa908b66f0ec7936195732d	PROCESS	EMPTY	토공사	토공사	SINGLETON	PROMOTED_FROM_SOURCE		DRAFT	1	21	토공사	PRESERVE_SOURCE_MEMBERSHIP	RISK-04-APPROVE-001	62c2c50e3c0becbe23a686735d1a7e50ed8bce2f3fa23c539d2250b68227c2d7	EMPTY	EMPTY
87b16db6c82b01f971ea80213fd300e26dc80926320731a8d04ba7f460eefbb8	PROCESS	EMPTY	지반개량및지반보강공사	지반개량및지반보강공사	SINGLETON	PROMOTED_FROM_SOURCE		DRAFT	1	22	지반개량및지반보강공사	PRESERVE_SOURCE_MEMBERSHIP	RISK-04-APPROVE-001	62c2c50e3c0becbe23a686735d1a7e50ed8bce2f3fa23c539d2250b68227c2d7	EMPTY	EMPTY
4d79d74207174f4387cf743541280fcd3fd1bddbeeb78a3b54891618259651d3	PROCESS	EMPTY	말뚝공사	말뚝공사	SINGLETON	PROMOTED_FROM_SOURCE		DRAFT	1	23	말뚝공사	PRESERVE_SOURCE_MEMBERSHIP	RISK-04-APPROVE-001	62c2c50e3c0becbe23a686735d1a7e50ed8bce2f3fa23c539d2250b68227c2d7	EMPTY	EMPTY
fc4f7df78ecb9755d8ff69c7766d178706b5e53fc3bd41fe4723431d9bcd5bf1	PROCESS	EMPTY	흙막이및지보공사	흙막이및지보공사	SINGLETON	PROMOTED_FROM_SOURCE		DRAFT	1	24	흙막이및지보공사	PRESERVE_SOURCE_MEMBERSHIP	RISK-04-APPROVE-001	62c2c50e3c0becbe23a686735d1a7e50ed8bce2f3fa23c539d2250b68227c2d7	EMPTY	EMPTY
13f01c1ad0d027cd2397d07a0e9eafb5222e1bbae9c0855e76a6ca66d279e062	PROCESS	EMPTY	철근콘크리트공사	철근콘크리트공사	SINGLETON	PROMOTED_FROM_SOURCE		DRAFT	1	25	철근콘크리트공사	PRESERVE_SOURCE_MEMBERSHIP	RISK-04-APPROVE-001	62c2c50e3c0becbe23a686735d1a7e50ed8bce2f3fa23c539d2250b68227c2d7	EMPTY	EMPTY
9ff4e35cc5e677d6d8dd41c870da81f1059aab60a35df435d424b7e64af7df61	PROCESS	EMPTY	프리케스트콘크리트공사	프리케스트콘크리트공사	SINGLETON	PROMOTED_FROM_SOURCE		DRAFT	1	26	프리케스트콘크리트공사	PRESERVE_SOURCE_MEMBERSHIP	RISK-04-APPROVE-001	62c2c50e3c0becbe23a686735d1a7e50ed8bce2f3fa23c539d2250b68227c2d7	EMPTY	EMPTY
0159c0afba4f87a183671de62115913a8b31972b208227a187d443435754b047	PROCESS	EMPTY	강구조물공사	강구조물공사	SINGLETON	PROMOTED_FROM_SOURCE		DRAFT	1	27	강구조물공사	PRESERVE_SOURCE_MEMBERSHIP	RISK-04-APPROVE-001	62c2c50e3c0becbe23a686735d1a7e50ed8bce2f3fa23c539d2250b68227c2d7	EMPTY	EMPTY
b15cd2beb1d4901b6d710f491abe2a583003fdfe5fe6d98842ce0257c9159552	PROCESS	EMPTY	토목배관공사및배수공사	토목배관공사및배수공사	SINGLETON	PROMOTED_FROM_SOURCE		DRAFT	1	31	토목배관공사및배수공사	PRESERVE_SOURCE_MEMBERSHIP	RISK-04-APPROVE-001	62c2c50e3c0becbe23a686735d1a7e50ed8bce2f3fa23c539d2250b68227c2d7	EMPTY	EMPTY
9d08608a7869c37de6430fd6bc8d4ab616d9d7366068bf91c791a920227e9601	PROCESS	EMPTY	포장및도로공사	포장및도로공사	SINGLETON	PROMOTED_FROM_SOURCE		DRAFT	1	32	포장및도로공사	PRESERVE_SOURCE_MEMBERSHIP	RISK-04-APPROVE-001	62c2c50e3c0becbe23a686735d1a7e50ed8bce2f3fa23c539d2250b68227c2d7	EMPTY	EMPTY
571d193a16c84db193b5f282dcdc92dd3a9717d4664c18940b186a5399aa42cb	PROCESS	EMPTY	궤도및철로공사	궤도및철로공사	SINGLETON	PROMOTED_FROM_SOURCE		DRAFT	1	33	궤도및철로공사	PRESERVE_SOURCE_MEMBERSHIP	RISK-04-APPROVE-001	62c2c50e3c0becbe23a686735d1a7e50ed8bce2f3fa23c539d2250b68227c2d7	EMPTY	EMPTY
06e5762a27d4f3deb2d03c0dd8ad20c8eddc324415d5d6107a916166121c970c	PROCESS	EMPTY	교량공사	교량공사	SINGLETON	PROMOTED_FROM_SOURCE		DRAFT	1	34	교량공사	PRESERVE_SOURCE_MEMBERSHIP	RISK-04-APPROVE-001	62c2c50e3c0becbe23a686735d1a7e50ed8bce2f3fa23c539d2250b68227c2d7	EMPTY	EMPTY
934cec93edfa5eb83d4262be5e58f58cc6b9cdf02f1d610a2168f31c04864b63	PROCESS	EMPTY	터널공사	터널공사	SINGLETON	PROMOTED_FROM_SOURCE		DRAFT	1	35	터널공사	PRESERVE_SOURCE_MEMBERSHIP	RISK-04-APPROVE-001	62c2c50e3c0becbe23a686735d1a7e50ed8bce2f3fa23c539d2250b68227c2d7	EMPTY	EMPTY
57ce72345c7534cc17240b425a13aa08492c7fbb87f75b086f916c4711922857	PROCESS	EMPTY	하천및항만공사	하천및항만공사	SINGLETON	PROMOTED_FROM_SOURCE		DRAFT	1	36	하천및항만공사	PRESERVE_SOURCE_MEMBERSHIP	RISK-04-APPROVE-001	62c2c50e3c0becbe23a686735d1a7e50ed8bce2f3fa23c539d2250b68227c2d7	EMPTY	EMPTY
da54d4926aa79473fa6f89610338b0297765d601166ceb67ac95ba973da49bf0	PROCESS	EMPTY	댐공사	댐공사	SINGLETON	PROMOTED_FROM_SOURCE		DRAFT	1	37	댐공사	PRESERVE_SOURCE_MEMBERSHIP	RISK-04-APPROVE-001	62c2c50e3c0becbe23a686735d1a7e50ed8bce2f3fa23c539d2250b68227c2d7	EMPTY	EMPTY
bc68572923c8910b9b34b63d85b18ecc876df84b7e42beb1fe2750242dca64f0	PROCESS	EMPTY	옹벽공사	옹벽공사	SINGLETON	PROMOTED_FROM_SOURCE		DRAFT	1	38	옹벽공사	PRESERVE_SOURCE_MEMBERSHIP	RISK-04-APPROVE-001	62c2c50e3c0becbe23a686735d1a7e50ed8bce2f3fa23c539d2250b68227c2d7	EMPTY	EMPTY
33f1ddfc015d1a5a3173d5aa56062b9af98458c2e93edc02b239d897ef4ba8d7	PROCESS	EMPTY	조적공사	조적공사	SINGLETON	PROMOTED_FROM_SOURCE		DRAFT	1	41	조적공사	PRESERVE_SOURCE_MEMBERSHIP	RISK-04-APPROVE-001	62c2c50e3c0becbe23a686735d1a7e50ed8bce2f3fa23c539d2250b68227c2d7	EMPTY	EMPTY
567b3bdd26473d2aae0c8a6f35251397f2c7b90f08b1c3c7a83c11d6643eef99	PROCESS	EMPTY	목공사	목공사	SINGLETON	PROMOTED_FROM_SOURCE		DRAFT	1	42	목공사	PRESERVE_SOURCE_MEMBERSHIP	RISK-04-APPROVE-001	62c2c50e3c0becbe23a686735d1a7e50ed8bce2f3fa23c539d2250b68227c2d7	EMPTY	EMPTY
87fc9dee856fdc0de823757c6910a98d1e79e1ba25099a9d15d9bba3bb100f43	PROCESS	EMPTY	지붕및홈통공사	지붕및홈통공사	SINGLETON	PROMOTED_FROM_SOURCE		DRAFT	1	43	지붕및홈통공사	PRESERVE_SOURCE_MEMBERSHIP	RISK-04-APPROVE-001	62c2c50e3c0becbe23a686735d1a7e50ed8bce2f3fa23c539d2250b68227c2d7	EMPTY	EMPTY
c878122f7b0f7f4bda4517c25c843fce79a340822c88f3421ae25b2b27845f46	PROCESS	EMPTY	방수공사	방수공사	SINGLETON	PROMOTED_FROM_SOURCE		DRAFT	1	44	방수공사	PRESERVE_SOURCE_MEMBERSHIP	RISK-04-APPROVE-001	62c2c50e3c0becbe23a686735d1a7e50ed8bce2f3fa23c539d2250b68227c2d7	EMPTY	EMPTY
ac74a224650d5509cb0506ecd2daf797b6aec4c361eb5e4467bed4db842033c5	PROCESS	EMPTY	단열 방음공사	단열 방음공사	SINGLETON	PROMOTED_FROM_SOURCE		DRAFT	1	45	단열 방음공사	PRESERVE_SOURCE_MEMBERSHIP	RISK-04-APPROVE-001	62c2c50e3c0becbe23a686735d1a7e50ed8bce2f3fa23c539d2250b68227c2d7	EMPTY	EMPTY
00f32052a00a9a85ca580077d451dcc4a0ac451efe34e5408bc333b25fb49ff5	PROCESS	EMPTY	외부판재공사	외부판재공사	SINGLETON	PROMOTED_FROM_SOURCE		DRAFT	1	46	외부판재공사	PRESERVE_SOURCE_MEMBERSHIP	RISK-04-APPROVE-001	62c2c50e3c0becbe23a686735d1a7e50ed8bce2f3fa23c539d2250b68227c2d7	EMPTY	EMPTY
1f1041e6925f663ff5ec5202db7516c78dbb0b31cd24106bd53426ea70b6753a	PROCESS	EMPTY	금속공사	금속공사	SINGLETON	PROMOTED_FROM_SOURCE		DRAFT	1	47	금속공사	PRESERVE_SOURCE_MEMBERSHIP	RISK-04-APPROVE-001	62c2c50e3c0becbe23a686735d1a7e50ed8bce2f3fa23c539d2250b68227c2d7	EMPTY	EMPTY
b03fbd2acb8a7a1f82ae5001f9ca6792bcac86f726798d4be1b18909aa84d8ac	PROCESS	EMPTY	창호공사	창호공사	SINGLETON	PROMOTED_FROM_SOURCE		DRAFT	1	48	창호공사	PRESERVE_SOURCE_MEMBERSHIP	RISK-04-APPROVE-001	62c2c50e3c0becbe23a686735d1a7e50ed8bce2f3fa23c539d2250b68227c2d7	EMPTY	EMPTY
f8f8f8c0ded720ede952c131be6396329a82ad7f1995efa930cff437b5ed9ffa	PROCESS	EMPTY	미장공사	미장공사	SINGLETON	PROMOTED_FROM_SOURCE		DRAFT	1	51	미장공사	PRESERVE_SOURCE_MEMBERSHIP	RISK-04-APPROVE-001	62c2c50e3c0becbe23a686735d1a7e50ed8bce2f3fa23c539d2250b68227c2d7	EMPTY	EMPTY
f9cf17b2b2f5c6b7d8fe1ffb539484309590b0c9d771213a593bf60e8c1b046d	PROCESS	EMPTY	석재판재공사	석재판재공사	SINGLETON	PROMOTED_FROM_SOURCE		DRAFT	1	52	석재판재공사	PRESERVE_SOURCE_MEMBERSHIP	RISK-04-APPROVE-001	62c2c50e3c0becbe23a686735d1a7e50ed8bce2f3fa23c539d2250b68227c2d7	EMPTY	EMPTY
64ef817db9f0e78551ca95f65652b1edbeb4e586e83b00b24390b8089623e293	PROCESS	EMPTY	타일공사	타일공사	SINGLETON	PROMOTED_FROM_SOURCE		DRAFT	1	53	타일공사	PRESERVE_SOURCE_MEMBERSHIP	RISK-04-APPROVE-001	62c2c50e3c0becbe23a686735d1a7e50ed8bce2f3fa23c539d2250b68227c2d7	EMPTY	EMPTY
a53c95b548ab1a1a584ad79f325846f8ac90ecce9234f991f9d8be9919341250	PROCESS	EMPTY	수장공사	수장공사	SINGLETON	PROMOTED_FROM_SOURCE		DRAFT	1	54	수장공사	PRESERVE_SOURCE_MEMBERSHIP	RISK-04-APPROVE-001	62c2c50e3c0becbe23a686735d1a7e50ed8bce2f3fa23c539d2250b68227c2d7	EMPTY	EMPTY
706b109b6fd8aeddce13add7f1c380804672ac30806e855f754e5979a2f7ff3a	PROCESS	EMPTY	도장공사	도장공사	SINGLETON	PROMOTED_FROM_SOURCE		DRAFT	1	55	도장공사	PRESERVE_SOURCE_MEMBERSHIP	RISK-04-APPROVE-001	62c2c50e3c0becbe23a686735d1a7e50ed8bce2f3fa23c539d2250b68227c2d7	EMPTY	EMPTY
668d4bdec5f357d229ae406af4f1e498fcede80b3ea93eea3a9fe0e6a5bc69fe	PROCESS	EMPTY	설치물공사	설치물공사	SINGLETON	PROMOTED_FROM_SOURCE		DRAFT	1	56	설치물공사	PRESERVE_SOURCE_MEMBERSHIP	RISK-04-APPROVE-001	62c2c50e3c0becbe23a686735d1a7e50ed8bce2f3fa23c539d2250b68227c2d7	EMPTY	EMPTY
55a316206a26065b1f7a0d6a78216f3a90d5c6f69045a409f735c2a1a4825df8	PROCESS	EMPTY	조경공사	조경공사	SINGLETON	PROMOTED_FROM_SOURCE		DRAFT	1	59	조경공사	PRESERVE_SOURCE_MEMBERSHIP	RISK-04-APPROVE-001	62c2c50e3c0becbe23a686735d1a7e50ed8bce2f3fa23c539d2250b68227c2d7	EMPTY	EMPTY
028839946d8a54355febe053579f2654b44a02cafb0f9a1e86e358319541e927	PROCESS	EMPTY	기계 플랜트시설공통공사	기계 플랜트시설공통공사	SINGLETON	PROMOTED_FROM_SOURCE		DRAFT	1	61	기계 플랜트시설공통공사	PRESERVE_SOURCE_MEMBERSHIP	RISK-04-APPROVE-001	62c2c50e3c0becbe23a686735d1a7e50ed8bce2f3fa23c539d2250b68227c2d7	EMPTY	EMPTY
49211b2052bbcd7b5bfbcc655622bc55a5e030d18781279df5248769f2649dc0	PROCESS	EMPTY	열원기기설비및공기조화설비공사	열원기기설비및공기조화설비공사	SINGLETON	PROMOTED_FROM_SOURCE		DRAFT	1	62	열원기기설비및공기조화설비공사	PRESERVE_SOURCE_MEMBERSHIP	RISK-04-APPROVE-001	62c2c50e3c0becbe23a686735d1a7e50ed8bce2f3fa23c539d2250b68227c2d7	EMPTY	EMPTY
bd2f71981bff2ef99f94fd8e5945cc39ed763c87eb8b07a054fee95adcb4ae06	PROCESS	EMPTY	위생설비공사	위생설비공사	SINGLETON	PROMOTED_FROM_SOURCE		DRAFT	1	63	위생설비공사	PRESERVE_SOURCE_MEMBERSHIP	RISK-04-APPROVE-001	62c2c50e3c0becbe23a686735d1a7e50ed8bce2f3fa23c539d2250b68227c2d7	EMPTY	EMPTY
6a1c0b77bd9da03f98926215289581bbcbca6e27dba519a092321a602264979d	PROCESS	EMPTY	방재기계설비공사	방재기계설비공사	SINGLETON	PROMOTED_FROM_SOURCE		DRAFT	1	64	방재기계설비공사	PRESERVE_SOURCE_MEMBERSHIP	RISK-04-APPROVE-001	62c2c50e3c0becbe23a686735d1a7e50ed8bce2f3fa23c539d2250b68227c2d7	EMPTY	EMPTY
dc3dff2350840a9f391b06f7a73780bb78385a45b4ccece8cb08a3da4c8d1215	PROCESS	EMPTY	가스설비공사	가스설비공사	SINGLETON	PROMOTED_FROM_SOURCE		DRAFT	1	65	가스설비공사	PRESERVE_SOURCE_MEMBERSHIP	RISK-04-APPROVE-001	62c2c50e3c0becbe23a686735d1a7e50ed8bce2f3fa23c539d2250b68227c2d7	EMPTY	EMPTY
094c2a06438b38402ce06ad7013f0d454002110bdbcbf8e2401b3ec4dc941191	PROCESS	EMPTY	특수설비공사	특수설비공사	SINGLETON	PROMOTED_FROM_SOURCE		DRAFT	1	66	특수설비공사	PRESERVE_SOURCE_MEMBERSHIP	RISK-04-APPROVE-001	62c2c50e3c0becbe23a686735d1a7e50ed8bce2f3fa23c539d2250b68227c2d7	EMPTY	EMPTY
4d9e8f9fa87bd378789d8cf760fcc530d324b31228a4807c8d19549ba282a0af	PROCESS	EMPTY	서비스설비공사	서비스설비공사	SINGLETON	PROMOTED_FROM_SOURCE		DRAFT	1	67	서비스설비공사	PRESERVE_SOURCE_MEMBERSHIP	RISK-04-APPROVE-001	62c2c50e3c0becbe23a686735d1a7e50ed8bce2f3fa23c539d2250b68227c2d7	EMPTY	EMPTY
a1fa7e1fbe536f1c9ab6d4ec21c23d7de63646b1fcb6fef70a8f387763e99bc9	PROCESS	EMPTY	발전설비공사	발전설비공사	SINGLETON	PROMOTED_FROM_SOURCE		DRAFT	1	71	발전설비공사	PRESERVE_SOURCE_MEMBERSHIP	RISK-04-APPROVE-001	62c2c50e3c0becbe23a686735d1a7e50ed8bce2f3fa23c539d2250b68227c2d7	EMPTY	EMPTY
9b0621059d2d4e054b330019943c9b2d53b37d09f2f6115648ed06242f26aa8d	PROCESS	EMPTY	제조설비관련공사	제조설비관련공사	SINGLETON	PROMOTED_FROM_SOURCE		DRAFT	1	72	제조설비관련공사	PRESERVE_SOURCE_MEMBERSHIP	RISK-04-APPROVE-001	62c2c50e3c0becbe23a686735d1a7e50ed8bce2f3fa23c539d2250b68227c2d7	EMPTY	EMPTY
eed4ca91d2eebf54fd65616a1883deb0f030b5f1a097cf88488b3cd1e4d121b6	PROCESS	EMPTY	폐기물처리및대기환경설비관련공사	폐기물처리및대기환경설비관련공사	SINGLETON	PROMOTED_FROM_SOURCE		DRAFT	1	73	폐기물처리및대기환경설비관련공사	PRESERVE_SOURCE_MEMBERSHIP	RISK-04-APPROVE-001	62c2c50e3c0becbe23a686735d1a7e50ed8bce2f3fa23c539d2250b68227c2d7	EMPTY	EMPTY
064c77f0388387fc7ab9132fe3344da1283bbf61141536b1db07134cf70efdf0	PROCESS	EMPTY	운송설비공사	운송설비공사	SINGLETON	PROMOTED_FROM_SOURCE		DRAFT	1	74	운송설비공사	PRESERVE_SOURCE_MEMBERSHIP	RISK-04-APPROVE-001	62c2c50e3c0becbe23a686735d1a7e50ed8bce2f3fa23c539d2250b68227c2d7	EMPTY	EMPTY
4550c015794f93c550fc4a407b3d0537ebd3fde8130246cd5dfb9e0da0674984	PROCESS	EMPTY	에너지저장및관련수송설비공사	에너지저장및관련수송설비공사	SINGLETON	PROMOTED_FROM_SOURCE		DRAFT	1	76	에너지저장및관련수송설비공사	PRESERVE_SOURCE_MEMBERSHIP	RISK-04-APPROVE-001	62c2c50e3c0becbe23a686735d1a7e50ed8bce2f3fa23c539d2250b68227c2d7	EMPTY	EMPTY
03d0ce13703e243cff19322fe0df26962d243d37dea0f0bc2d7522a0544a10ab	PROCESS	EMPTY	전기 자동제어 계장 신호 통신공통공사	전기 자동제어 계장 신호 통신공통공사	SINGLETON	PROMOTED_FROM_SOURCE		DRAFT	1	81	전기 자동제어 계장 신호 통신공통공사	PRESERVE_SOURCE_MEMBERSHIP	RISK-04-APPROVE-001	62c2c50e3c0becbe23a686735d1a7e50ed8bce2f3fa23c539d2250b68227c2d7	EMPTY	EMPTY
87fa53f9401d9b7c7720ef7da477dadd283d8362a38e4a5f37f5d2e5fdaf5ac4	PROCESS	EMPTY	송배전․발 수변전전기공사	송배전․발 수변전전기공사	SINGLETON	PROMOTED_FROM_SOURCE		DRAFT	1	82	송배전․발 수변전전기공사	PRESERVE_SOURCE_MEMBERSHIP	RISK-04-APPROVE-001	62c2c50e3c0becbe23a686735d1a7e50ed8bce2f3fa23c539d2250b68227c2d7	EMPTY	EMPTY
324a6174194830c28313ed55db68d5b1b90bfec20a53637f8cf0bb36595ab486	PROCESS	EMPTY	전력부하설비공사	전력부하설비공사	SINGLETON	PROMOTED_FROM_SOURCE		DRAFT	1	83	전력부하설비공사	PRESERVE_SOURCE_MEMBERSHIP	RISK-04-APPROVE-001	62c2c50e3c0becbe23a686735d1a7e50ed8bce2f3fa23c539d2250b68227c2d7	EMPTY	EMPTY
db6bafcb5396a619ac639b6b4871b38bfd9450a31c31a9a46bbc731f09998c99	PROCESS	EMPTY	정보 통신설비공사	정보 통신설비공사	SINGLETON	PROMOTED_FROM_SOURCE		DRAFT	1	84	정보 통신설비공사	PRESERVE_SOURCE_MEMBERSHIP	RISK-04-APPROVE-001	62c2c50e3c0becbe23a686735d1a7e50ed8bce2f3fa23c539d2250b68227c2d7	EMPTY	EMPTY
07d7c21945459092bbedab343d46779dae0e304fd054608896eace638286e5fd	PROCESS	EMPTY	방재전기설비공사	방재전기설비공사	SINGLETON	PROMOTED_FROM_SOURCE		DRAFT	1	85	방재전기설비공사	PRESERVE_SOURCE_MEMBERSHIP	RISK-04-APPROVE-001	62c2c50e3c0becbe23a686735d1a7e50ed8bce2f3fa23c539d2250b68227c2d7	EMPTY	EMPTY
5bc3acd70ef94be1828618eb4eee664445fda4b87144a9b0b917ff2c6a19b740	PROCESS	EMPTY	기타전기설비공사	기타전기설비공사	EQUIVALENCE_GROUP	MERGED_FROM_REVIEWED_SOURCES		DRAFT	3	86 | 8631 | 863	기타전기설비공사 | 기타전기설비공사 | 기타전기설비공사	PRESERVE_IN_SOURCE_MAPPING_EVIDENCE	RISK-04-APPROVE-001	62c2c50e3c0becbe23a686735d1a7e50ed8bce2f3fa23c539d2250b68227c2d7	EMPTY	EMPTY
56d3df21fd0a64158b82a8652376ab6c7bd18c6309db04b5d442b6587afcf395	PROCESS	EMPTY	기계 플랜트 산업설비 전기 통신시험 시운전공사	기계 플랜트 산업설비 전기 통신시험 시운전공사	SINGLETON	PROMOTED_FROM_SOURCE		DRAFT	1	91	기계 플랜트 산업설비 전기 통신시험 시운전공사	PRESERVE_SOURCE_MEMBERSHIP	RISK-04-APPROVE-001	62c2c50e3c0becbe23a686735d1a7e50ed8bce2f3fa23c539d2250b68227c2d7	EMPTY	EMPTY
9064599e4c516b9459a0dde55a7cd5c7ca9acff7a534ff825f9a435ccca26d89	PROCESS	EMPTY	기계 플랜트 산업․전기설비 통신시험 시설유지정비공사	기계 플랜트 산업․전기설비 통신시험 시설유지정비공사	SINGLETON	PROMOTED_FROM_SOURCE		DRAFT	1	92	기계 플랜트 산업․전기설비 통신시험 시설유지정비공사	PRESERVE_SOURCE_MEMBERSHIP	RISK-04-APPROVE-001	62c2c50e3c0becbe23a686735d1a7e50ed8bce2f3fa23c539d2250b68227c2d7	EMPTY	EMPTY
7362b082fe57b54c4b760adf7a023faab85a842c6fefc63b9662ea58ff2c73b2	PROCESS	9ac4bb062d521abe8e69b359393e5ce6cf23efda77d4f73fbaae1d63f43d738f	노선측량	노선측량	SINGLETON	PROMOTED_FROM_SOURCE		DRAFT	1	114	노선측량	PRESERVE_SOURCE_MEMBERSHIP	RISK-04-APPROVE-001	62c2c50e3c0becbe23a686735d1a7e50ed8bce2f3fa23c539d2250b68227c2d7	EMPTY	EMPTY
6eca78379c93853863766d02655b1003ca45241d359ae85d92aad4c0ba2d84aa	PROCESS	571d193a16c84db193b5f282dcdc92dd3a9717d4664c18940b186a5399aa42cb	궤도부설	궤도부설	SINGLETON	PROMOTED_FROM_SOURCE		DRAFT	1	333	궤도부설	PRESERVE_SOURCE_MEMBERSHIP	RISK-04-APPROVE-001	62c2c50e3c0becbe23a686735d1a7e50ed8bce2f3fa23c539d2250b68227c2d7	EMPTY	EMPTY
398715c2c1a59d0b63150437509cc62b448b7b58089cca0e4a3c45793dc83eeb	PROCESS	57ce72345c7534cc17240b425a13aa08492c7fbb87f75b086f916c4711922857	준설	준설	SINGLETON	PROMOTED_FROM_SOURCE		DRAFT	1	361	준설	PRESERVE_SOURCE_MEMBERSHIP	RISK-04-APPROVE-001	62c2c50e3c0becbe23a686735d1a7e50ed8bce2f3fa23c539d2250b68227c2d7	EMPTY	EMPTY
b84acc473853e920d7ef63dfd2c7026ed302e12a8c298f046af90f6e3cd53f4c	PROCESS	57ce72345c7534cc17240b425a13aa08492c7fbb87f75b086f916c4711922857	호안공사	호안공사	SINGLETON	PROMOTED_FROM_SOURCE		DRAFT	1	364	호안공사	PRESERVE_SOURCE_MEMBERSHIP	RISK-04-APPROVE-001	62c2c50e3c0becbe23a686735d1a7e50ed8bce2f3fa23c539d2250b68227c2d7	EMPTY	EMPTY
a492a0fe0bcc1fa46324941086217984ce0e3a41d318bcddae69d13bff90d910	PROCESS	87fc9dee856fdc0de823757c6910a98d1e79e1ba25099a9d15d9bba3bb100f43	기와잇기	기와잇기	SINGLETON	PROMOTED_FROM_SOURCE		DRAFT	1	432	기와잇기	PRESERVE_SOURCE_MEMBERSHIP	RISK-04-APPROVE-001	62c2c50e3c0becbe23a686735d1a7e50ed8bce2f3fa23c539d2250b68227c2d7	EMPTY	EMPTY
663731e91305b8886f5920d0f41659f79dea06180109346b38779bf90058409e	PROCESS	64ef817db9f0e78551ca95f65652b1edbeb4e586e83b00b24390b8089623e293	바닥타일붙이기	바닥타일붙이기	SINGLETON	PROMOTED_FROM_SOURCE		DRAFT	1	531	바닥타일붙이기	PRESERVE_SOURCE_MEMBERSHIP	RISK-04-APPROVE-001	62c2c50e3c0becbe23a686735d1a7e50ed8bce2f3fa23c539d2250b68227c2d7	EMPTY	EMPTY
b266a326ad7e5eba11caadfe51d101ee205be6a4e31ad787d39ada491eb41c00	PROCESS	64ef817db9f0e78551ca95f65652b1edbeb4e586e83b00b24390b8089623e293	내벽타일붙이기	내벽타일붙이기	SINGLETON	PROMOTED_FROM_SOURCE		DRAFT	1	532	내벽타일붙이기	PRESERVE_SOURCE_MEMBERSHIP	RISK-04-APPROVE-001	62c2c50e3c0becbe23a686735d1a7e50ed8bce2f3fa23c539d2250b68227c2d7	EMPTY	EMPTY
3dec0cc1494076cb9d335b9cc42b3ad01a969cf781da5dd7b1855c9ccb43c9b0	PROCESS	64ef817db9f0e78551ca95f65652b1edbeb4e586e83b00b24390b8089623e293	외벽타일붙이기	외벽타일붙이기	SINGLETON	PROMOTED_FROM_SOURCE		DRAFT	1	533	외벽타일붙이기	PRESERVE_SOURCE_MEMBERSHIP	RISK-04-APPROVE-001	62c2c50e3c0becbe23a686735d1a7e50ed8bce2f3fa23c539d2250b68227c2d7	EMPTY	EMPTY
5de714bb17d80b291c3d7e7d3da321d729f8771914677c30ae25f4e14aa01e91	PROCESS	64ef817db9f0e78551ca95f65652b1edbeb4e586e83b00b24390b8089623e293	구조물밑면타일붙이기	구조물밑면타일붙이기	SINGLETON	PROMOTED_FROM_SOURCE		DRAFT	1	534	구조물밑면타일붙이기	PRESERVE_SOURCE_MEMBERSHIP	RISK-04-APPROVE-001	62c2c50e3c0becbe23a686735d1a7e50ed8bce2f3fa23c539d2250b68227c2d7	EMPTY	EMPTY
43b1a189bbf02fb3ce567f440980c23d9a28a5fb5594f4f5a703ac6331f5fdfe	PROCESS	55a316206a26065b1f7a0d6a78216f3a90d5c6f69045a409f735c2a1a4825df8	조경시설물설치	조경시설물설치	SINGLETON	PROMOTED_FROM_SOURCE		DRAFT	1	596	조경시설물설치	PRESERVE_SOURCE_MEMBERSHIP	RISK-04-APPROVE-001	62c2c50e3c0becbe23a686735d1a7e50ed8bce2f3fa23c539d2250b68227c2d7	EMPTY	EMPTY
9d7bad7d3377b0051c155133999851cda03afb637f6fc506662aa14608b8fd72	PROCESS	028839946d8a54355febe053579f2654b44a02cafb0f9a1e86e358319541e927	설비․시설잡공사	설비․시설잡공사	SINGLETON	PROMOTED_FROM_SOURCE		DRAFT	1	615	설비․시설잡공사	PRESERVE_SOURCE_MEMBERSHIP	RISK-04-APPROVE-001	62c2c50e3c0becbe23a686735d1a7e50ed8bce2f3fa23c539d2250b68227c2d7	EMPTY	EMPTY
f9ca32ca030b7a7fdf1e1d0d815a9a452344402b5b9c2c6900d619510def900a	PROCESS	07d7c21945459092bbedab343d46779dae0e304fd054608896eace638286e5fd	소방전기설비공사	소방전기설비공사	SINGLETON	PROMOTED_FROM_SOURCE		DRAFT	1	851	소방전기설비공사	PRESERVE_SOURCE_MEMBERSHIP	RISK-04-APPROVE-001	62c2c50e3c0becbe23a686735d1a7e50ed8bce2f3fa23c539d2250b68227c2d7	EMPTY	EMPTY
cb142b6da079d1a3769d2c93db8a4f00f3eaf3f87f940f7212fe5312604d74bf	PROCESS	fce048a6ba4d60e4520ac1f54189361e1b473e1bab9f15c88000e42fa44abe0c	건축관리시험(토공 기초 구조체)	건축관리시험(토공 기초 구조체)	SINGLETON	PROMOTED_FROM_SOURCE		DRAFT	1	085	건축관리시험(토공 기초 구조체)	PRESERVE_SOURCE_MEMBERSHIP	RISK-04-APPROVE-001	62c2c50e3c0becbe23a686735d1a7e50ed8bce2f3fa23c539d2250b68227c2d7	EMPTY	EMPTY
3f612031c05b9c0b8ba03255f00c29f63216aab4035a4a662dab66c1ba3616ba	PROCESS	9ac4bb062d521abe8e69b359393e5ce6cf23efda77d4f73fbaae1d63f43d738f	기본측량	기본측량	SINGLETON	PROMOTED_FROM_SOURCE		DRAFT	1	111	기본측량	PRESERVE_SOURCE_MEMBERSHIP	RISK-04-APPROVE-001	62c2c50e3c0becbe23a686735d1a7e50ed8bce2f3fa23c539d2250b68227c2d7	EMPTY	EMPTY
1b33acde756d06171cafc114685d2b6ad10055120d1528e7f9291852ec7e8809	PROCESS	9ac4bb062d521abe8e69b359393e5ce6cf23efda77d4f73fbaae1d63f43d738f	시공측량	시공측량	SINGLETON	PROMOTED_FROM_SOURCE		DRAFT	1	116	시공측량	PRESERVE_SOURCE_MEMBERSHIP	RISK-04-APPROVE-001	62c2c50e3c0becbe23a686735d1a7e50ed8bce2f3fa23c539d2250b68227c2d7	EMPTY	EMPTY
1c9173573f2f0541138461293746faab63d48eb4018852a282872a0707ba58b1	PROCESS	1a13ea0495c762c614f4fa5cbcf476764c9287e017255d6e15df7cb6defa5748	토공사계측	토공사계측	SINGLETON	PROMOTED_FROM_SOURCE		DRAFT	1	121	토공사계측	PRESERVE_SOURCE_MEMBERSHIP	RISK-04-APPROVE-001	62c2c50e3c0becbe23a686735d1a7e50ed8bce2f3fa23c539d2250b68227c2d7	EMPTY	EMPTY
ad52ec48aec12c096ed53d6e802060a29abfdddbc8cf6e7762c5945e04534786	PROCESS	9d08608a7869c37de6430fd6bc8d4ab616d9d7366068bf91c791a920227e9601	아스콘포장	아스콘포장	SINGLETON	PROMOTED_FROM_SOURCE		DRAFT	1	321	아스콘포장	PRESERVE_SOURCE_MEMBERSHIP	RISK-04-APPROVE-001	62c2c50e3c0becbe23a686735d1a7e50ed8bce2f3fa23c539d2250b68227c2d7	EMPTY	EMPTY
8c9aef0df3267527530900e46c5ff2580bb5348e6974b426f48ed134ed67d0f7	PROCESS	57ce72345c7534cc17240b425a13aa08492c7fbb87f75b086f916c4711922857	사석공사	사석공사	SINGLETON	PROMOTED_FROM_SOURCE		DRAFT	1	362	사석공사	PRESERVE_SOURCE_MEMBERSHIP	RISK-04-APPROVE-001	62c2c50e3c0becbe23a686735d1a7e50ed8bce2f3fa23c539d2250b68227c2d7	EMPTY	EMPTY
4813cf1b2638756cfc45513b10dd2cb87c0c8de7d9084742aa967a9b48ac9c10	PROCESS	55a316206a26065b1f7a0d6a78216f3a90d5c6f69045a409f735c2a1a4825df8	이식및식재공사	이식및식재공사	SINGLETON	PROMOTED_FROM_SOURCE		DRAFT	1	592	이식및식재공사	PRESERVE_SOURCE_MEMBERSHIP	RISK-04-APPROVE-001	62c2c50e3c0becbe23a686735d1a7e50ed8bce2f3fa23c539d2250b68227c2d7	EMPTY	EMPTY
e1e8145467429472a59dd7ae0d75512fbe4eb6addb9d8fbed2f334c308857b63	PROCESS	49211b2052bbcd7b5bfbcc655622bc55a5e030d18781279df5248769f2649dc0	공기조화기기설비공사	공기조화기기설비공사	SINGLETON	PROMOTED_FROM_SOURCE		DRAFT	1	623	공기조화기기설비공사	PRESERVE_SOURCE_MEMBERSHIP	RISK-04-APPROVE-001	62c2c50e3c0becbe23a686735d1a7e50ed8bce2f3fa23c539d2250b68227c2d7	EMPTY	EMPTY
dedf7ae4d0b0d778516158b7936e107774dc1d648fee00951a5b60552aa2d086	PROCESS	5bc3acd70ef94be1828618eb4eee664445fda4b87144a9b0b917ff2c6a19b740	감시제어및계장설비공사	감시제어및계장설비공사	SINGLETON	PROMOTED_FROM_SOURCE		DRAFT	1	861	감시제어및계장설비공사	PRESERVE_SOURCE_MEMBERSHIP	RISK-04-APPROVE-001	62c2c50e3c0becbe23a686735d1a7e50ed8bce2f3fa23c539d2250b68227c2d7	EMPTY	EMPTY
af0269e3c78fd1fe872bdb61efabcf77f11a9d5eaf235b8217181d006274c974	PROCESS	1a13ea0495c762c614f4fa5cbcf476764c9287e017255d6e15df7cb6defa5748	댐 제방계측	댐 제방계측	SINGLETON	PROMOTED_FROM_SOURCE		DRAFT	1	125	댐 제방계측	PRESERVE_SOURCE_MEMBERSHIP	RISK-04-APPROVE-001	62c2c50e3c0becbe23a686735d1a7e50ed8bce2f3fa23c539d2250b68227c2d7	EMPTY	EMPTY
da5a624c501a2655039fba24eaaf4598e3c28c9642b2e2bc8b23d69a8361f5b1	PROCESS	13ef25655bb8802c9f2248fa72aa1339b99db5cd94f16bd2ae8d59f8ac83db00	지하지장물철거 해체	지하지장물철거 해체	SINGLETON	PROMOTED_FROM_SOURCE		DRAFT	1	184	지하지장물철거 해체	PRESERVE_SOURCE_MEMBERSHIP	RISK-04-APPROVE-001	62c2c50e3c0becbe23a686735d1a7e50ed8bce2f3fa23c539d2250b68227c2d7	EMPTY	EMPTY
7813a8d1e3c60d92b3956e15f6ed59cb0f8161ab2b50edab4d4f901288342ed0	PROCESS	13ef25655bb8802c9f2248fa72aa1339b99db5cd94f16bd2ae8d59f8ac83db00	기계설비철거 해체	기계설비철거 해체	SINGLETON	PROMOTED_FROM_SOURCE		DRAFT	1	186	기계설비철거 해체	PRESERVE_SOURCE_MEMBERSHIP	RISK-04-APPROVE-001	62c2c50e3c0becbe23a686735d1a7e50ed8bce2f3fa23c539d2250b68227c2d7	EMPTY	EMPTY
3c3ea3dc55db80472b59e9cf2576dc14a2029e2402467451af504591ead80e56	PROCESS	13ef25655bb8802c9f2248fa72aa1339b99db5cd94f16bd2ae8d59f8ac83db00	전기 통신설비철거 해체	전기 통신설비철거 해체	SINGLETON	PROMOTED_FROM_SOURCE		DRAFT	1	187	전기 통신설비철거 해체	PRESERVE_SOURCE_MEMBERSHIP	RISK-04-APPROVE-001	62c2c50e3c0becbe23a686735d1a7e50ed8bce2f3fa23c539d2250b68227c2d7	EMPTY	EMPTY
19a4f25f379f1c2df1583f09f8eb8c3a87236b69fab9c3d0be4f376b3846b4de	PROCESS	13f01c1ad0d027cd2397d07a0e9eafb5222e1bbae9c0855e76a6ca66d279e062	거푸집공사	거푸집공사	SINGLETON	PROMOTED_FROM_SOURCE		DRAFT	1	254	거푸집공사	PRESERVE_SOURCE_MEMBERSHIP	RISK-04-APPROVE-001	62c2c50e3c0becbe23a686735d1a7e50ed8bce2f3fa23c539d2250b68227c2d7	EMPTY	EMPTY
ab5cb14d0f35c4b9c8716882ac8be1f632db619bed3db9e612c87d77954024a0	PROCESS	b15cd2beb1d4901b6d710f491abe2a583003fdfe5fe6d98842ce0257c9159552	토목배관부대공사	토목배관부대공사	SINGLETON	PROMOTED_FROM_SOURCE		DRAFT	1	314	토목배관부대공사	PRESERVE_SOURCE_MEMBERSHIP	RISK-04-APPROVE-001	62c2c50e3c0becbe23a686735d1a7e50ed8bce2f3fa23c539d2250b68227c2d7	EMPTY	EMPTY
11764f7faad5d5d0b6cf4c29d418fc3692b187eb3eaf5e9d251f9570d75cd506	PROCESS	33f1ddfc015d1a5a3173d5aa56062b9af98458c2e93edc02b239d897ef4ba8d7	벽돌조적공사	벽돌조적공사	SINGLETON	PROMOTED_FROM_SOURCE		DRAFT	1	411	벽돌조적공사	PRESERVE_SOURCE_MEMBERSHIP	RISK-04-APPROVE-001	62c2c50e3c0becbe23a686735d1a7e50ed8bce2f3fa23c539d2250b68227c2d7	EMPTY	EMPTY
8bfbba9d95710e0bac851a17945ca6f353070ca9bf1d14005d856e6caac5e12e	PROCESS	567b3bdd26473d2aae0c8a6f35251397f2c7b90f08b1c3c7a83c11d6643eef99	마감목공사	마감목공사	SINGLETON	PROMOTED_FROM_SOURCE		DRAFT	1	425	마감목공사	PRESERVE_SOURCE_MEMBERSHIP	RISK-04-APPROVE-001	62c2c50e3c0becbe23a686735d1a7e50ed8bce2f3fa23c539d2250b68227c2d7	EMPTY	EMPTY
2c053ba6bcd16340ee74523df3f5a058c6c544a1aa2b2e26ffd1cb873ab68540	PROCESS	a53c95b548ab1a1a584ad79f325846f8ac90ecce9234f991f9d8be9919341250	바닥깔기	바닥깔기	SINGLETON	PROMOTED_FROM_SOURCE		DRAFT	1	541	바닥깔기	PRESERVE_SOURCE_MEMBERSHIP	RISK-04-APPROVE-001	62c2c50e3c0becbe23a686735d1a7e50ed8bce2f3fa23c539d2250b68227c2d7	EMPTY	EMPTY
172b5d183961638c11d2ddd68aa2bcca8a5c37d208160fa56f3af8dddb96cf41	PROCESS	706b109b6fd8aeddce13add7f1c380804672ac30806e855f754e5979a2f7ff3a	바탕처리	바탕처리	SINGLETON	PROMOTED_FROM_SOURCE		DRAFT	1	551	바탕처리	PRESERVE_SOURCE_MEMBERSHIP	RISK-04-APPROVE-001	62c2c50e3c0becbe23a686735d1a7e50ed8bce2f3fa23c539d2250b68227c2d7	EMPTY	EMPTY
2a61841990e611de8f10680c45bb92bb5f7c296bed72f99b485ae13d9028b2ba	PROCESS	55a316206a26065b1f7a0d6a78216f3a90d5c6f69045a409f735c2a1a4825df8	조경유지관리	조경유지관리	SINGLETON	PROMOTED_FROM_SOURCE		DRAFT	1	597	조경유지관리	PRESERVE_SOURCE_MEMBERSHIP	RISK-04-APPROVE-001	62c2c50e3c0becbe23a686735d1a7e50ed8bce2f3fa23c539d2250b68227c2d7	EMPTY	EMPTY
e36382f0d8f225fe74d5e7a526053c2fb280393d66819903c899d1baaecfd9c3	PROCESS	1a392c4093512b03c51e18de329616928460763dd57577c1260eab06a3341b8f	가설공해방지	가설공해방지	SINGLETON	PROMOTED_FROM_SOURCE		DRAFT	1	051	가설공해방지	PRESERVE_SOURCE_MEMBERSHIP	RISK-04-APPROVE-001	62c2c50e3c0becbe23a686735d1a7e50ed8bce2f3fa23c539d2250b68227c2d7	EMPTY	EMPTY
249cb67cbed2c90090fb04d8b37f0cac252b36cdb057f689dc1e7b30153c2ea7	PROCESS	1a392c4093512b03c51e18de329616928460763dd57577c1260eab06a3341b8f	준공및현장정리	준공및현장정리	SINGLETON	PROMOTED_FROM_SOURCE		DRAFT	1	058	준공및현장정리	PRESERVE_SOURCE_MEMBERSHIP	RISK-04-APPROVE-001	62c2c50e3c0becbe23a686735d1a7e50ed8bce2f3fa23c539d2250b68227c2d7	EMPTY	EMPTY
77913cf6c76479cf46b1386a35a21a5770e9099c5ef13ec823bb75e5ffac0d5e	PROCESS	b010f76c574f6761abb7e73d610ed737629be5b00dffea26cbddac07135e7587	토목품질시험	토목품질시험	SINGLETON	PROMOTED_FROM_SOURCE		DRAFT	1	072	토목품질시험	PRESERVE_SOURCE_MEMBERSHIP	RISK-04-APPROVE-001	62c2c50e3c0becbe23a686735d1a7e50ed8bce2f3fa23c539d2250b68227c2d7	EMPTY	EMPTY
e6f98a4e40c8b512736f5c704d352e4e0403b85e9c9dc6b920a37212083d5bd5	PROCESS	fce048a6ba4d60e4520ac1f54189361e1b473e1bab9f15c88000e42fa44abe0c	건축관리시험(마감)	건축관리시험(마감)	SINGLETON	PROMOTED_FROM_SOURCE		DRAFT	1	087	건축관리시험(마감)	PRESERVE_SOURCE_MEMBERSHIP	RISK-04-APPROVE-001	62c2c50e3c0becbe23a686735d1a7e50ed8bce2f3fa23c539d2250b68227c2d7	EMPTY	EMPTY
7d998429c979fb90025cfdc3b72fcecbd47952246191a2bc1ef02f5874c6985e	PROCESS	1a13ea0495c762c614f4fa5cbcf476764c9287e017255d6e15df7cb6defa5748	터널공사계측	터널공사계측	SINGLETON	PROMOTED_FROM_SOURCE		DRAFT	1	123	터널공사계측	PRESERVE_SOURCE_MEMBERSHIP	RISK-04-APPROVE-001	62c2c50e3c0becbe23a686735d1a7e50ed8bce2f3fa23c539d2250b68227c2d7	EMPTY	EMPTY
1cfec0bc08793ae94b4373544f7f2c319776ddeaba08da3e088897273233c360	PROCESS	daa906954562f1c33f219f508267ad546d282a7241c4251257bb6c8be54c0b5d	실내실험	실내실험	SINGLETON	PROMOTED_FROM_SOURCE		DRAFT	1	135	실내실험	PRESERVE_SOURCE_MEMBERSHIP	RISK-04-APPROVE-001	62c2c50e3c0becbe23a686735d1a7e50ed8bce2f3fa23c539d2250b68227c2d7	EMPTY	EMPTY
0707456a5c306be3d67234d29e08107639ee0b50f5a561190a450f493338c615	PROCESS	1b01f7e3cd4bfbdcf610554066aa88036ab7be729aa908b66f0ec7936195732d	표토제거및부지정지	표토제거및부지정지	SINGLETON	PROMOTED_FROM_SOURCE		DRAFT	1	211	표토제거및부지정지	PRESERVE_SOURCE_MEMBERSHIP	RISK-04-APPROVE-001	62c2c50e3c0becbe23a686735d1a7e50ed8bce2f3fa23c539d2250b68227c2d7	EMPTY	EMPTY
691dae9908df9fd48fd1a4ab0595c8e671ae3f5a1bc478462bbbf0233a73346e	PROCESS	87b16db6c82b01f971ea80213fd300e26dc80926320731a8d04ba7f460eefbb8	표층처리	표층처리	SINGLETON	PROMOTED_FROM_SOURCE		DRAFT	1	222	표층처리	PRESERVE_SOURCE_MEMBERSHIP	RISK-04-APPROVE-001	62c2c50e3c0becbe23a686735d1a7e50ed8bce2f3fa23c539d2250b68227c2d7	EMPTY	EMPTY
a4423bdd66a9bba1a5ab6ecf87eb0c623f8c76609d6ec3cc553f55e3bb097e9d	PROCESS	87b16db6c82b01f971ea80213fd300e26dc80926320731a8d04ba7f460eefbb8	지반배수	지반배수	SINGLETON	PROMOTED_FROM_SOURCE		DRAFT	1	223	지반배수	PRESERVE_SOURCE_MEMBERSHIP	RISK-04-APPROVE-001	62c2c50e3c0becbe23a686735d1a7e50ed8bce2f3fa23c539d2250b68227c2d7	EMPTY	EMPTY
6687836107bb3e7d0a4cdc3c83aedda7d8ac7eaa5618bd2b1bbe34550fe9c44a	PROCESS	9ff4e35cc5e677d6d8dd41c870da81f1059aab60a35df435d424b7e64af7df61	토목PC구조부재조립	토목PC구조부재조립	SINGLETON	PROMOTED_FROM_SOURCE		DRAFT	1	264	토목PC구조부재조립	PRESERVE_SOURCE_MEMBERSHIP	RISK-04-APPROVE-001	62c2c50e3c0becbe23a686735d1a7e50ed8bce2f3fa23c539d2250b68227c2d7	EMPTY	EMPTY
4f2e093b95fb979b6e7fe6f6e15610c29313de754e86cf0d7afde24ec2151dee	PROCESS	b15cd2beb1d4901b6d710f491abe2a583003fdfe5fe6d98842ce0257c9159552	토목배관부설	토목배관부설	SINGLETON	PROMOTED_FROM_SOURCE		DRAFT	1	311	토목배관부설	PRESERVE_SOURCE_MEMBERSHIP	RISK-04-APPROVE-001	62c2c50e3c0becbe23a686735d1a7e50ed8bce2f3fa23c539d2250b68227c2d7	EMPTY	EMPTY
9ed800b6570d39ac38f5b3202f23981e90d8eb5f37d7e7a332ddcaf782dffd65	PROCESS	571d193a16c84db193b5f282dcdc92dd3a9717d4664c18940b186a5399aa42cb	철로보선작업	철로보선작업	SINGLETON	PROMOTED_FROM_SOURCE		DRAFT	1	338	철로보선작업	PRESERVE_SOURCE_MEMBERSHIP	RISK-04-APPROVE-001	62c2c50e3c0becbe23a686735d1a7e50ed8bce2f3fa23c539d2250b68227c2d7	EMPTY	EMPTY
74a220321964dbd5fe811b35ae77db635c17fa91531a483f5ace2c2488242eee	PROCESS	934cec93edfa5eb83d4262be5e58f58cc6b9cdf02f1d610a2168f31c04864b63	터널보강및안정	터널보강및안정	SINGLETON	PROMOTED_FROM_SOURCE		DRAFT	1	353	터널보강및안정	PRESERVE_SOURCE_MEMBERSHIP	RISK-04-APPROVE-001	62c2c50e3c0becbe23a686735d1a7e50ed8bce2f3fa23c539d2250b68227c2d7	EMPTY	EMPTY
a7db859ba01a80480e9d6c27cc5f0ff506c85487aff4a4f0d5cab61d1e121549	PROCESS	87fc9dee856fdc0de823757c6910a98d1e79e1ba25099a9d15d9bba3bb100f43	금속잇기	금속잇기	SINGLETON	PROMOTED_FROM_SOURCE		DRAFT	1	434	금속잇기	PRESERVE_SOURCE_MEMBERSHIP	RISK-04-APPROVE-001	62c2c50e3c0becbe23a686735d1a7e50ed8bce2f3fa23c539d2250b68227c2d7	EMPTY	EMPTY
d30613c4e13abb5c6c6054ac667e96f3ee9aeb8e99b8f2cf4aa4caadd36d0988	PROCESS	87fc9dee856fdc0de823757c6910a98d1e79e1ba25099a9d15d9bba3bb100f43	홈통공사및지붕부속공사	홈통공사및지붕부속공사	SINGLETON	PROMOTED_FROM_SOURCE		DRAFT	1	437	홈통공사및지붕부속공사	PRESERVE_SOURCE_MEMBERSHIP	RISK-04-APPROVE-001	62c2c50e3c0becbe23a686735d1a7e50ed8bce2f3fa23c539d2250b68227c2d7	EMPTY	EMPTY
5f218950ff1076983ffa9bbe897bf1263bf0ee1116c3397b2516753c0c1ce541	PROCESS	ac74a224650d5509cb0506ecd2daf797b6aec4c361eb5e4467bed4db842033c5	지붕및바닥단열공사	지붕및바닥단열공사	SINGLETON	PROMOTED_FROM_SOURCE		DRAFT	1	451	지붕및바닥단열공사	PRESERVE_SOURCE_MEMBERSHIP	RISK-04-APPROVE-001	62c2c50e3c0becbe23a686735d1a7e50ed8bce2f3fa23c539d2250b68227c2d7	EMPTY	EMPTY
7bf3910987cb6c1c0cf003241a745ed3fbb08dcbd5458ce04bc874215025e5d9	PROCESS	00f32052a00a9a85ca580077d451dcc4a0ac451efe34e5408bc333b25fb49ff5	커튼월프레임및앵커설치	커튼월프레임및앵커설치	SINGLETON	PROMOTED_FROM_SOURCE		DRAFT	1	461	커튼월프레임및앵커설치	PRESERVE_SOURCE_MEMBERSHIP	RISK-04-APPROVE-001	62c2c50e3c0becbe23a686735d1a7e50ed8bce2f3fa23c539d2250b68227c2d7	EMPTY	EMPTY
5e9f3bd52f774810f3b020a8c2160ce5a9e5a4909c1f517b61cc7dd45f0cd9b5	PROCESS	1f1041e6925f663ff5ec5202db7516c78dbb0b31cd24106bd53426ea70b6753a	금속부속물설치	금속부속물설치	SINGLETON	PROMOTED_FROM_SOURCE		DRAFT	1	477	금속부속물설치	PRESERVE_SOURCE_MEMBERSHIP	RISK-04-APPROVE-001	62c2c50e3c0becbe23a686735d1a7e50ed8bce2f3fa23c539d2250b68227c2d7	EMPTY	EMPTY
923c4e57afb54a20be089f3f4fafbf31eb5c2c73c02f65fae6883a3a7748aa51	PROCESS	f8f8f8c0ded720ede952c131be6396329a82ad7f1995efa930cff437b5ed9ffa	시멘트모르터미장	시멘트모르터미장	SINGLETON	PROMOTED_FROM_SOURCE		DRAFT	1	511	시멘트모르터미장	PRESERVE_SOURCE_MEMBERSHIP	RISK-04-APPROVE-001	62c2c50e3c0becbe23a686735d1a7e50ed8bce2f3fa23c539d2250b68227c2d7	EMPTY	EMPTY
b4d47e4841d6736e3d4386a14615655881dfa4c028e4b52e49985bf399bcd562	PROCESS	f8f8f8c0ded720ede952c131be6396329a82ad7f1995efa930cff437b5ed9ffa	온돌바닥공사	온돌바닥공사	SINGLETON	PROMOTED_FROM_SOURCE		DRAFT	1	515	온돌바닥공사	PRESERVE_SOURCE_MEMBERSHIP	RISK-04-APPROVE-001	62c2c50e3c0becbe23a686735d1a7e50ed8bce2f3fa23c539d2250b68227c2d7	EMPTY	EMPTY
f0540c003071465bcdecf64501b12465caaa123e006f92019406024ed8b283b4	TASK	e36382f0d8f225fe74d5e7a526053c2fb280393d66819903c899d1baaecfd9c3	가설수질오염방지	가설수질오염방지	SINGLETON	PROMOTED_FROM_SOURCE		DRAFT	1	0511	가설수질오염방지	PRESERVE_SOURCE_MEMBERSHIP	RISK-04-APPROVE-001	62c2c50e3c0becbe23a686735d1a7e50ed8bce2f3fa23c539d2250b68227c2d7	EMPTY	EMPTY
ef5106a3f08ebe87aa6d4181ef077b2c5ea4b850219d6607cadf51e536d4cffc	TASK	3f612031c05b9c0b8ba03255f00c29f63216aab4035a4a662dab66c1ba3616ba	거리측정	거리측정	SINGLETON	PROMOTED_FROM_SOURCE		DRAFT	1	1111	거리측정	PRESERVE_SOURCE_MEMBERSHIP	RISK-04-APPROVE-001	62c2c50e3c0becbe23a686735d1a7e50ed8bce2f3fa23c539d2250b68227c2d7	EMPTY	EMPTY
6ed307572f5006b02a115b119ae89781a91ac38eac8b6110e1a8ad46c18bb150	TASK	1c9173573f2f0541138461293746faab63d48eb4018852a282872a0707ba58b1	지중수평변위측정	지중수평변위측정	SINGLETON	PROMOTED_FROM_SOURCE		DRAFT	1	1211	지중수평변위측정	PRESERVE_SOURCE_MEMBERSHIP	RISK-04-APPROVE-001	62c2c50e3c0becbe23a686735d1a7e50ed8bce2f3fa23c539d2250b68227c2d7	EMPTY	EMPTY
a17a2083817bf200d186e44992a9d49156c40bc14c598eade0fa0e652c423ca6	TASK	d5c836cf4cffdb658245592f22386d2b5fd37310e0b428f15c718e71e700b1ba	암이외의지질시험굴착	암이외의지질시험굴착	SINGLETON	PROMOTED_FROM_SOURCE		DRAFT	1	1311	암이외의지질시험굴착	PRESERVE_SOURCE_MEMBERSHIP	RISK-04-APPROVE-001	62c2c50e3c0becbe23a686735d1a7e50ed8bce2f3fa23c539d2250b68227c2d7	EMPTY	EMPTY
34dbde855ab59721c5c6b4d1ac70756caf56032c2fb0d6799a81935bec2e7c58	TASK	869d9f89089f464d0e892d12e31f0a5a40cac8a69d3a0568757aeb3fd3c29ec9	벌개 제근	벌개 제근	SINGLETON	PROMOTED_FROM_SOURCE		DRAFT	1	1811	벌개 제근	PRESERVE_SOURCE_MEMBERSHIP	RISK-04-APPROVE-001	62c2c50e3c0becbe23a686735d1a7e50ed8bce2f3fa23c539d2250b68227c2d7	EMPTY	EMPTY
c392f17c82510d2ddb2e28ac1a169e548f65ba5462cf30dbc4cf31dc3ab111ff	TASK	0707456a5c306be3d67234d29e08107639ee0b50f5a561190a450f493338c615	표토제거	표토제거	SINGLETON	PROMOTED_FROM_SOURCE		DRAFT	1	2111	표토제거	PRESERVE_SOURCE_MEMBERSHIP	RISK-04-APPROVE-001	62c2c50e3c0becbe23a686735d1a7e50ed8bce2f3fa23c539d2250b68227c2d7	EMPTY	EMPTY
efc9d9f04c119bc36af82026655ba39b5bb496c0bc84a1e26395ff62bb6f5446	TASK	4d95af2dd5bec935f9d97c990b679e428ec9f123df3e4eef765cf5109b0c75df	굴착치환	굴착치환	SINGLETON	PROMOTED_FROM_SOURCE		DRAFT	1	2211	굴착치환	PRESERVE_SOURCE_MEMBERSHIP	RISK-04-APPROVE-001	62c2c50e3c0becbe23a686735d1a7e50ed8bce2f3fa23c539d2250b68227c2d7	EMPTY	EMPTY
88af76de3ef9907694e4f6fe424107a78c3f7a7abf57097b80664d3f8c2d2996	TASK	3c60fcbd85621850af248f0db3f2a2c529088f6e113d682c55e467a570de88c5	기계식굴착	기계식굴착	SINGLETON	PROMOTED_FROM_SOURCE		DRAFT	1	2311	기계식굴착	PRESERVE_SOURCE_MEMBERSHIP	RISK-04-APPROVE-001	62c2c50e3c0becbe23a686735d1a7e50ed8bce2f3fa23c539d2250b68227c2d7	EMPTY	EMPTY
1c7ee4cebcb97e15359f92f3581032b67fa371259eccc66c6f09117bf9aa81ac	PROCESS	99be967a570fd4905646ea972fb33880e6f79c78e313678e9ef7f1cb73d2fa4a	엄지말뚝가로널흙막이	엄지말뚝가로널흙막이	SINGLETON	PROMOTED_FROM_SOURCE		DRAFT	1	2411	엄지말뚝가로널흙막이	PRESERVE_SOURCE_MEMBERSHIP	RISK-04-APPROVE-001	62c2c50e3c0becbe23a686735d1a7e50ed8bce2f3fa23c539d2250b68227c2d7	EMPTY	EMPTY
c3d33ed6b40d64522155ffd68cc6ebe8cec89ff844101d06a9fee4640b8a7dd3	TASK	0094e4e7a1f0cbeaa70425941c37f1dd06b42da2328faa8fc78d22d5f7693c2a	일반PC구조부재공장생산	일반PC구조부재공장생산	SINGLETON	PROMOTED_FROM_SOURCE		DRAFT	1	2621	일반PC구조부재공장생산	PRESERVE_SOURCE_MEMBERSHIP	RISK-04-APPROVE-001	62c2c50e3c0becbe23a686735d1a7e50ed8bce2f3fa23c539d2250b68227c2d7	EMPTY	EMPTY
e88c9f6b19dfd56a209f04f3af68e12f86f754d622c73a5848b30bd91ac4639d	TASK	4f2e093b95fb979b6e7fe6f6e15610c29313de754e86cf0d7afde24ec2151dee	콘크리트관부설	콘크리트관부설	SINGLETON	PROMOTED_FROM_SOURCE		DRAFT	1	3111	콘크리트관부설	PRESERVE_SOURCE_MEMBERSHIP	RISK-04-APPROVE-001	62c2c50e3c0becbe23a686735d1a7e50ed8bce2f3fa23c539d2250b68227c2d7	EMPTY	EMPTY
4bef9522995ae0ac555954d5914cc664a756015549162fb91c751f9c94780d89	TASK	01cf3373ebf183d4037b67bddd2d8679dcd717e985022494af1f6c6742756512	자갈살포다지기	자갈살포다지기	SINGLETON	PROMOTED_FROM_SOURCE		DRAFT	1	3321	자갈살포다지기	PRESERVE_SOURCE_MEMBERSHIP	RISK-04-APPROVE-001	62c2c50e3c0becbe23a686735d1a7e50ed8bce2f3fa23c539d2250b68227c2d7	EMPTY	EMPTY
12d2a7699abb67d67c81bdea7be84d0d4b48944bb69d2780224afba6342d3f8e	TASK	6b98d35f3e55a1716df158a441525178b2d9f6cec422a4ebfec65483568a807f	토공장비굴착	토공장비굴착	SINGLETON	PROMOTED_FROM_SOURCE		DRAFT	1	3511	토공장비굴착	PRESERVE_SOURCE_MEMBERSHIP	RISK-04-APPROVE-001	62c2c50e3c0becbe23a686735d1a7e50ed8bce2f3fa23c539d2250b68227c2d7	EMPTY	EMPTY
5ec54c9e3d66b25af9d10f82992e53383ce691ada40eb88359f08b8700262026	TASK	da54d4926aa79473fa6f89610338b0297765d601166ceb67ac95ba973da49bf0	불투수성재료축조	불투수성재료축조	SINGLETON	PROMOTED_FROM_SOURCE		DRAFT	1	3711	불투수성재료축조	PRESERVE_IN_SOURCE_MAPPING_EVIDENCE	RISK-04-APPROVE-001	62c2c50e3c0becbe23a686735d1a7e50ed8bce2f3fa23c539d2250b68227c2d7	EMPTY	EMPTY
8cfa037ced0e974d2707b4b5c06ce23f2aa39d3754576b6a932a5586dd7f0c56	TASK	daca4d1a841eb6dc9c1b6685742ee5e1235381037547a32d2f32d4de8140102b	초가지붕잇기	초가지붕잇기	SINGLETON	PROMOTED_FROM_SOURCE		DRAFT	1	4311	초가지붕잇기	PRESERVE_SOURCE_MEMBERSHIP	RISK-04-APPROVE-001	62c2c50e3c0becbe23a686735d1a7e50ed8bce2f3fa23c539d2250b68227c2d7	EMPTY	EMPTY
6f72905443e75de6f596f2e962d1debec3c63a00f61edbaaa2262d0a7bc88e67	TASK	5928030d4b31d0dea0ef3c8f5f472f6c35d3f184ba38c593b8f521dbdc52a60b	아스팔트방수	아스팔트방수	SINGLETON	PROMOTED_FROM_SOURCE		DRAFT	1	4411	아스팔트방수	PRESERVE_SOURCE_MEMBERSHIP	RISK-04-APPROVE-001	62c2c50e3c0becbe23a686735d1a7e50ed8bce2f3fa23c539d2250b68227c2d7	EMPTY	EMPTY
6361b99c7212836ff2d98a099a77af6554da10a01c412be3a44ac4fb2960e8fe	TASK	5f218950ff1076983ffa9bbe897bf1263bf0ee1116c3397b2516753c0c1ce541	보드형지붕 바닥단열	보드형지붕 바닥단열	SINGLETON	PROMOTED_FROM_SOURCE		DRAFT	1	4511	보드형지붕 바닥단열	PRESERVE_SOURCE_MEMBERSHIP	RISK-04-APPROVE-001	62c2c50e3c0becbe23a686735d1a7e50ed8bce2f3fa23c539d2250b68227c2d7	EMPTY	EMPTY
013a2ebaac75458ca2a2c64f2c3e77314ce9cd35fed9dcdd9035761329b9482a	TASK	adacfa272eb4a6a674af7667b520a6085d7d0d0455f5ea6f5b4444af491f8024	화강석깔기	화강석깔기	SINGLETON	PROMOTED_FROM_SOURCE		DRAFT	1	5211	화강석깔기	PRESERVE_SOURCE_MEMBERSHIP	RISK-04-APPROVE-001	62c2c50e3c0becbe23a686735d1a7e50ed8bce2f3fa23c539d2250b68227c2d7	EMPTY	EMPTY
fc3da934fdd305b31619ac6585ade6da86cb13edba11cf2937f0a5394157d309	TASK	663731e91305b8886f5920d0f41659f79dea06180109346b38779bf90058409e	시멘트계타일바닥붙이기	시멘트계타일바닥붙이기	SINGLETON	PROMOTED_FROM_SOURCE		DRAFT	1	5311	시멘트계타일바닥붙이기	PRESERVE_SOURCE_MEMBERSHIP	RISK-04-APPROVE-001	62c2c50e3c0becbe23a686735d1a7e50ed8bce2f3fa23c539d2250b68227c2d7	EMPTY	EMPTY
ee245e1aa10aa359ba3458b72eb4f72ba8cec44ad18449e257a7e37b6566ac3c	TASK	2c053ba6bcd16340ee74523df3f5a058c6c544a1aa2b2e26ffd1cb873ab68540	온돌마루깔기	온돌마루깔기	SINGLETON	PROMOTED_FROM_SOURCE		DRAFT	1	5411	온돌마루깔기	PRESERVE_SOURCE_MEMBERSHIP	RISK-04-APPROVE-001	62c2c50e3c0becbe23a686735d1a7e50ed8bce2f3fa23c539d2250b68227c2d7	EMPTY	EMPTY
02fd02858880cebac2e039f2cc1abb5feadfe685a45198c08ca017270a897a50	TASK	172b5d183961638c11d2ddd68aa2bcca8a5c37d208160fa56f3af8dddb96cf41	금속제바탕처리	금속제바탕처리	SINGLETON	PROMOTED_FROM_SOURCE		DRAFT	1	5511	금속제바탕처리	PRESERVE_SOURCE_MEMBERSHIP	RISK-04-APPROVE-001	62c2c50e3c0becbe23a686735d1a7e50ed8bce2f3fa23c539d2250b68227c2d7	EMPTY	EMPTY
0da37731205236444417ef21c8c8180e5daf2c915d22125074d97e8dadbb2968	TASK	89e2080c0fb55d1bf14445f6369eeffbcfb26bd22732fefd5529328d28370f3a	정지	정지	SINGLETON	PROMOTED_FROM_SOURCE		DRAFT	1	5911	정지	PRESERVE_SOURCE_MEMBERSHIP	RISK-04-APPROVE-001	62c2c50e3c0becbe23a686735d1a7e50ed8bce2f3fa23c539d2250b68227c2d7	EMPTY	EMPTY
7a7f3e0374eb6a49916d458f3487c9b64cdbcefd87d7656d9dd3e11c6294c58f	PROCESS	3ee299700e719122727bf96e921d69ceac1520282666e4ca2bd8d94bd1edcde2	배관공사	배관공사	SINGLETON	PROMOTED_FROM_SOURCE		DRAFT	1	6111	배관공사	PRESERVE_SOURCE_MEMBERSHIP	RISK-04-APPROVE-001	62c2c50e3c0becbe23a686735d1a7e50ed8bce2f3fa23c539d2250b68227c2d7	EMPTY	EMPTY
98204670cffe52a646e69f9dfac2492bb3c3461b10fce6a9e14108fba0486fed	PROCESS	7ef95651357fef3e076b778e5a7468487bdab7ab79e59b3e3660f84296c3a884	기계보일러및부속공사	기계보일러및부속공사	SINGLETON	PROMOTED_FROM_SOURCE		DRAFT	1	6211	기계보일러및부속공사	PRESERVE_SOURCE_MEMBERSHIP	RISK-04-APPROVE-001	62c2c50e3c0becbe23a686735d1a7e50ed8bce2f3fa23c539d2250b68227c2d7	EMPTY	EMPTY
cba5aa7d079256748882b44303797ec104ab20f2e5e1b0769e6970b42e7165cb	PROCESS	2f3b01e8d351eb48adb6117e951ecfeeaf03c78bd08c61a35b5df23bc3600dd4	위생기구류공사	위생기구류공사	EQUIVALENCE_GROUP	MERGED_FROM_REVIEWED_SOURCES		DRAFT	2	6312 | 6311	위생기구류공사 | 위생기구류공사	PRESERVE_SOURCE_MEMBERSHIP	RISK-04-APPROVE-001	62c2c50e3c0becbe23a686735d1a7e50ed8bce2f3fa23c539d2250b68227c2d7	EMPTY	EMPTY
ffb7ce9b3cc90d418858fa956a9609256d28e9fac0087e65b78e6d9745547168	PROCESS	0954849d33f3f16d68648fa6b9789cd137b2a6030d9c853e880c653e0d42741e	소방설비별공사	소방설비별공사	SINGLETON	PROMOTED_FROM_SOURCE		DRAFT	1	6411	소방설비별공사	PRESERVE_SOURCE_MEMBERSHIP	RISK-04-APPROVE-001	62c2c50e3c0becbe23a686735d1a7e50ed8bce2f3fa23c539d2250b68227c2d7	EMPTY	EMPTY
ab0ebbc06f7bc6363f9d1c54092d2d31de78ef0788f5c268428f3136033aeb9d	PROCESS	00a52dd997c21ceab4004fe3ce98b640a5932dcad08ab3bd2f5e91411e4e53a7	저장탱크제작공사	저장탱크제작공사	SINGLETON	PROMOTED_FROM_SOURCE		DRAFT	1	6511	저장탱크제작공사	PRESERVE_SOURCE_MEMBERSHIP	RISK-04-APPROVE-001	62c2c50e3c0becbe23a686735d1a7e50ed8bce2f3fa23c539d2250b68227c2d7	EMPTY	EMPTY
c631c5c132a4fe6aea6a4086c35ae1025fb8589f7cb095d77bd3a58a372fec8f	PROCESS	54ee11f0f90aca0d4c8c52a6baa3cf19b78610c21edf272b68390f7468c2747b	살수설비주기기설비공사	살수설비주기기설비공사	SINGLETON	PROMOTED_FROM_SOURCE		DRAFT	1	6611	살수설비주기기설비공사	PRESERVE_SOURCE_MEMBERSHIP	RISK-04-APPROVE-001	62c2c50e3c0becbe23a686735d1a7e50ed8bce2f3fa23c539d2250b68227c2d7	EMPTY	EMPTY
aa872e4365b79702ca9898925c1792a62158d5fc651af9bd7233fedff38651d8	PROCESS	4d9e8f9fa87bd378789d8cf760fcc530d324b31228a4807c8d19549ba282a0af	주방기구설비공사	주방기구설비공사	EQUIVALENCE_GROUP	MERGED_FROM_REVIEWED_SOURCES		DRAFT	2	671 | 6711	주방기구설비공사 | 주방기구설비공사	PRESERVE_SOURCE_MEMBERSHIP	RISK-04-APPROVE-001	62c2c50e3c0becbe23a686735d1a7e50ed8bce2f3fa23c539d2250b68227c2d7	EMPTY	EMPTY
1a8a137ab604b80d1bb9b2bc6acf6e0f2508139890f6c30d6d8e4874806eb8d7	PROCESS	a2dcca12379082f810e1d09456b90e781746b74cd0b48bacd72cbb2a72c431fe	화력발전설비공사	화력발전설비공사	SINGLETON	PROMOTED_FROM_SOURCE		DRAFT	1	7111	화력발전설비공사	PRESERVE_SOURCE_MEMBERSHIP	RISK-04-APPROVE-001	62c2c50e3c0becbe23a686735d1a7e50ed8bce2f3fa23c539d2250b68227c2d7	EMPTY	EMPTY
573202b5fe30083bc32c90c076ecd552dc04ec3ac8b1749c34d0902a9540faab	PROCESS	0fe12e76efdcd652abd2c3542cb379df486853c054ee66f3acee520b10660e7c	제철설비공사	제철설비공사	SINGLETON	PROMOTED_FROM_SOURCE		DRAFT	1	7211	제철설비공사	PRESERVE_SOURCE_MEMBERSHIP	RISK-04-APPROVE-001	62c2c50e3c0becbe23a686735d1a7e50ed8bce2f3fa23c539d2250b68227c2d7	EMPTY	EMPTY
009e62c24038c1afb5353c6ad36a6f3125ceeb1acb214619341c69107aded022	PROCESS	eed4ca91d2eebf54fd65616a1883deb0f030b5f1a097cf88488b3cd1e4d121b6	쓰레기소각설비공사	쓰레기소각설비공사	EQUIVALENCE_GROUP	MERGED_FROM_REVIEWED_SOURCES		DRAFT	2	731 | 7311	쓰레기소각설비공사 | 쓰레기소각설비공사	PRESERVE_SOURCE_MEMBERSHIP	RISK-04-APPROVE-001	62c2c50e3c0becbe23a686735d1a7e50ed8bce2f3fa23c539d2250b68227c2d7	EMPTY	EMPTY
ee89c81b5167932c6a2ee28ce5d69ef4e5750b6d68de277e8c8fa4be54b9484d	PROCESS	064c77f0388387fc7ab9132fe3344da1283bbf61141536b1db07134cf70efdf0	운반기계설비공사	운반기계설비공사	EQUIVALENCE_GROUP	MERGED_FROM_REVIEWED_SOURCES		DRAFT	2	7411 | 741	운반기계설비공사 | 운반기계설비공사	PRESERVE_SOURCE_MEMBERSHIP	RISK-04-APPROVE-001	62c2c50e3c0becbe23a686735d1a7e50ed8bce2f3fa23c539d2250b68227c2d7	EMPTY	EMPTY
fe4ebdc254854d4150f74c4bac5ca3a3a511e1e199a67363a932b19959c0de0d	PROCESS	c2a3e47336f118519e2032660071a1d358d9069a7b3d4068ffd3d5198ff6ba53	석유비축및수송시설설비공사	석유비축및수송시설설비공사	SINGLETON	PROMOTED_FROM_SOURCE		DRAFT	1	7611	석유비축및수송시설설비공사	PRESERVE_SOURCE_MEMBERSHIP	RISK-04-APPROVE-001	62c2c50e3c0becbe23a686735d1a7e50ed8bce2f3fa23c539d2250b68227c2d7	EMPTY	EMPTY
85186bfd8bcaa78e820ac5ddedf2c656d531931ecafbec8900ef596cc28ae9ee	PROCESS	03d0ce13703e243cff19322fe0df26962d243d37dea0f0bc2d7522a0544a10ab	배관및전로공사	배관및전로공사	EQUIVALENCE_GROUP	MERGED_FROM_REVIEWED_SOURCES		DRAFT	2	811 | 8111	배관․전로공사 | 배관및전로공사	PRESERVE_RAW_SOURCE_LABELS	RISK-04-APPROVE-001	62c2c50e3c0becbe23a686735d1a7e50ed8bce2f3fa23c539d2250b68227c2d7	EMPTY	EMPTY
f5319c82511cab99f9e479579e9e5e721ad9f4d0fb2bd25b788f0e67f1e47541	PROCESS	7cf0e55fc5775e6c8c2904e17fe2f2fb1effd811daa301fed9bf80a8191795bb	송전설비별설치공사	송전설비별설치공사	SINGLETON	PROMOTED_FROM_SOURCE		DRAFT	1	8211	송전설비별설치공사	PRESERVE_SOURCE_MEMBERSHIP	RISK-04-APPROVE-001	62c2c50e3c0becbe23a686735d1a7e50ed8bce2f3fa23c539d2250b68227c2d7	EMPTY	EMPTY
8e6387c64572741f15f24bc48ad45f364b3368e7d8ae29785b313cef52c7654b	PROCESS	324a6174194830c28313ed55db68d5b1b90bfec20a53637f8cf0bb36595ab486	배전설비공사	배전설비공사	EQUIVALENCE_GROUP	MERGED_FROM_REVIEWED_SOURCES		DRAFT	2	8311 | 831	배전설비공사 | 배전설비공사	PRESERVE_SOURCE_MEMBERSHIP	RISK-04-APPROVE-001	62c2c50e3c0becbe23a686735d1a7e50ed8bce2f3fa23c539d2250b68227c2d7	EMPTY	EMPTY
00b255c9bdbf635478d8a44a6e2afaeb6020be10a9b73976fb3c459b903795d9	PROCESS	c2114d3b4146e11a00f569e871b06ceb8dc9419fc3f9909eb3fee63241c61aa7	통신구조물및기타보조기기류설치공사	통신구조물및기타보조기기류설치공사	SINGLETON	PROMOTED_FROM_SOURCE		DRAFT	1	8411	통신구조물및기타보조기기류설치공사	PRESERVE_SOURCE_MEMBERSHIP	RISK-04-APPROVE-001	62c2c50e3c0becbe23a686735d1a7e50ed8bce2f3fa23c539d2250b68227c2d7	EMPTY	EMPTY
0987fc089c9d75012c90c96e2a69726bffb05c3751587576154026973f879f0d	PROCESS	f9ca32ca030b7a7fdf1e1d0d815a9a452344402b5b9c2c6900d619510def900a	자동화재탐지설비공사	자동화재탐지설비공사	SINGLETON	PROMOTED_FROM_SOURCE		DRAFT	1	8511	자동화재탐지설비공사	PRESERVE_SOURCE_MEMBERSHIP	RISK-04-APPROVE-001	62c2c50e3c0becbe23a686735d1a7e50ed8bce2f3fa23c539d2250b68227c2d7	EMPTY	EMPTY
7b950f5dd7994176609d921d7c09c2e641d70a4bec97420d934b50c7dcf03ab1	PROCESS	dedf7ae4d0b0d778516158b7936e107774dc1d648fee00951a5b60552aa2d086	제어설비공사	제어설비공사	SINGLETON	PROMOTED_FROM_SOURCE		DRAFT	1	8611	제어설비공사	PRESERVE_SOURCE_MEMBERSHIP	RISK-04-APPROVE-001	62c2c50e3c0becbe23a686735d1a7e50ed8bce2f3fa23c539d2250b68227c2d7	EMPTY	EMPTY
8ec9ddc90998dc65b7997c438c109312aeae0d791fbd13c180bfa92fe5b3ab26	TASK	77558d43f2fbdaf86af49dcdaebc94288203e7ea1c9d196cb3c5063a8fd9857f	배관관리및시험	배관관리및시험	SINGLETON	PROMOTED_FROM_SOURCE		DRAFT	1	9112	배관관리및시험	PRESERVE_SOURCE_MEMBERSHIP	RISK-04-APPROVE-001	62c2c50e3c0becbe23a686735d1a7e50ed8bce2f3fa23c539d2250b68227c2d7	EMPTY	EMPTY
64d41605ce662fc6053a14010f8c6fb188e3397a9b4853a21e1cadcd06d8c83e	TASK	1a392c4093512b03c51e18de329616928460763dd57577c1260eab06a3341b8f	기존도로유지보수	기존도로유지보수	EQUIVALENCE_GROUP	MERGED_FROM_REVIEWED_SOURCES		DRAFT	2	0521 | 052	기존도로유지보수 | 기존도로유지보수	PRESERVE_SOURCE_MEMBERSHIP	RISK-04-APPROVE-001	62c2c50e3c0becbe23a686735d1a7e50ed8bce2f3fa23c539d2250b68227c2d7	EMPTY	EMPTY
2632f26ff3acc6ef60862e7365121d9799fee88bf74d042cd17a97bec9d79d25	PROCESS	97167eb2b29f689eecdc8442c8e8d8af709defa6879ba0d3ff2ed79518836e55	가설흙막이및지보공사	가설흙막이및지보공사	SINGLETON	PROMOTED_FROM_SOURCE		DRAFT	1	033	가설흙막이및지보공사	PRESERVE_SOURCE_MEMBERSHIP	RISK-04-APPROVE-001	62c2c50e3c0becbe23a686735d1a7e50ed8bce2f3fa23c539d2250b68227c2d7	EMPTY	EMPTY
d5cd59a1cf991fc14c18094927699947f9cd961fc46163ee9b8359da8f2c12d1	PROCESS	97167eb2b29f689eecdc8442c8e8d8af709defa6879ba0d3ff2ed79518836e55	터널가설	터널가설	SINGLETON	PROMOTED_FROM_SOURCE		DRAFT	1	034	터널가설	PRESERVE_SOURCE_MEMBERSHIP	RISK-04-APPROVE-001	62c2c50e3c0becbe23a686735d1a7e50ed8bce2f3fa23c539d2250b68227c2d7	EMPTY	EMPTY
5a08e27fa28d43282a36dfdd3a54a45d0c5a4c926ec2d19787613304ed320197	PROCESS	97167eb2b29f689eecdc8442c8e8d8af709defa6879ba0d3ff2ed79518836e55	교량가설	교량가설	SINGLETON	PROMOTED_FROM_SOURCE		DRAFT	1	035	교량가설	PRESERVE_SOURCE_MEMBERSHIP	RISK-04-APPROVE-001	62c2c50e3c0becbe23a686735d1a7e50ed8bce2f3fa23c539d2250b68227c2d7	EMPTY	EMPTY
83fc91b21a418eac68f4548a7e1771a17929caa44620f5cf00f8eaee98dc8a33	PROCESS	97167eb2b29f689eecdc8442c8e8d8af709defa6879ba0d3ff2ed79518836e55	가체절	가체절	SINGLETON	PROMOTED_FROM_SOURCE		DRAFT	1	038	가체절	PRESERVE_SOURCE_MEMBERSHIP	RISK-04-APPROVE-001	62c2c50e3c0becbe23a686735d1a7e50ed8bce2f3fa23c539d2250b68227c2d7	EMPTY	EMPTY
ba7464ebdf6a54c4e9f41527a34eb43bc81acd1179e83a68a1c0c6244ad03980	TASK	EMPTY	장비운반	장비운반	SINGLETON	PROMOTED_FROM_SOURCE		DRAFT	1	061	장비운반	PRESERVE_IN_SOURCE_MAPPING_EVIDENCE	RISK-04-APPROVE-001	62c2c50e3c0becbe23a686735d1a7e50ed8bce2f3fa23c539d2250b68227c2d7	EMPTY	EMPTY
7f816b587c2698343490e58c8c31a35e35509342329e8286a0bb1f51af5bf77d	PROCESS	b010f76c574f6761abb7e73d610ed737629be5b00dffea26cbddac07135e7587	공통품질시험	공통품질시험	SINGLETON	PROMOTED_FROM_SOURCE		DRAFT	1	071	공통품질시험	PRESERVE_SOURCE_MEMBERSHIP	RISK-04-APPROVE-001	62c2c50e3c0becbe23a686735d1a7e50ed8bce2f3fa23c539d2250b68227c2d7	EMPTY	EMPTY
08f2ec8c8ef4832940ddeaacbbe0a52ca511891b9d7d478c2c8b634cb8fdf9aa	PROCESS	b010f76c574f6761abb7e73d610ed737629be5b00dffea26cbddac07135e7587	기계품질시험	기계품질시험	SINGLETON	PROMOTED_FROM_SOURCE		DRAFT	1	074	기계품질시험	PRESERVE_SOURCE_MEMBERSHIP	RISK-04-APPROVE-001	62c2c50e3c0becbe23a686735d1a7e50ed8bce2f3fa23c539d2250b68227c2d7	EMPTY	EMPTY
04252d0126624a986ae71af54d04a5b3ed3123ab5450ff27177253377d4f8072	PROCESS	b010f76c574f6761abb7e73d610ed737629be5b00dffea26cbddac07135e7587	전기품질시험	전기품질시험	SINGLETON	PROMOTED_FROM_SOURCE		DRAFT	1	075	전기품질시험	PRESERVE_SOURCE_MEMBERSHIP	RISK-04-APPROVE-001	62c2c50e3c0becbe23a686735d1a7e50ed8bce2f3fa23c539d2250b68227c2d7	EMPTY	EMPTY
c9799e2ea296b0f8b9ee2390e7b49016b7185e8afc2b38a9e707b2f4190d597c	PROCESS	b010f76c574f6761abb7e73d610ed737629be5b00dffea26cbddac07135e7587	통신품질시험	통신품질시험	SINGLETON	PROMOTED_FROM_SOURCE		DRAFT	1	076	통신품질시험	PRESERVE_SOURCE_MEMBERSHIP	RISK-04-APPROVE-001	62c2c50e3c0becbe23a686735d1a7e50ed8bce2f3fa23c539d2250b68227c2d7	EMPTY	EMPTY
e6792ac2824cbaa4da97676cdff6ef4d5b6a31121a00f9b1ff53a1fdfe10f7c2	PROCESS	b010f76c574f6761abb7e73d610ed737629be5b00dffea26cbddac07135e7587	기타품질시험	기타품질시험	SINGLETON	PROMOTED_FROM_SOURCE		DRAFT	1	079	기타품질시험	PRESERVE_SOURCE_MEMBERSHIP	RISK-04-APPROVE-001	62c2c50e3c0becbe23a686735d1a7e50ed8bce2f3fa23c539d2250b68227c2d7	EMPTY	EMPTY
027e26195daf3974b7607613c9e172c790e1e9e5e1ec446c5596403eca06c45a	PROCESS	fce048a6ba4d60e4520ac1f54189361e1b473e1bab9f15c88000e42fa44abe0c	건축선정시험(토공 기초 구조체)	건축선정시험(토공 기초 구조체)	SINGLETON	PROMOTED_FROM_SOURCE		DRAFT	1	081	건축선정시험(토공 기초 구조체)	PRESERVE_SOURCE_MEMBERSHIP	RISK-04-APPROVE-001	62c2c50e3c0becbe23a686735d1a7e50ed8bce2f3fa23c539d2250b68227c2d7	EMPTY	EMPTY
47101e3491ef780325de306ffec0253321bfcc93880a0582cd81f57f33ef5c5c	PROCESS	fce048a6ba4d60e4520ac1f54189361e1b473e1bab9f15c88000e42fa44abe0c	건축관리시험(단열 방수 지붕)	건축관리시험(단열 방수 지붕)	SINGLETON	PROMOTED_FROM_SOURCE		DRAFT	1	086	건축관리시험(단열 방수 지붕)	PRESERVE_SOURCE_MEMBERSHIP	RISK-04-APPROVE-001	62c2c50e3c0becbe23a686735d1a7e50ed8bce2f3fa23c539d2250b68227c2d7	EMPTY	EMPTY
de4965442d298972408cfd3261917cde21cb17ba4465a16fef5ff66fa03f586d	PROCESS	fce048a6ba4d60e4520ac1f54189361e1b473e1bab9f15c88000e42fa44abe0c	건축기계 전기시험	건축기계 전기시험	SINGLETON	PROMOTED_FROM_SOURCE		DRAFT	1	088	건축기계 전기시험	PRESERVE_SOURCE_MEMBERSHIP	RISK-04-APPROVE-001	62c2c50e3c0becbe23a686735d1a7e50ed8bce2f3fa23c539d2250b68227c2d7	EMPTY	EMPTY
0cb29f276cba34947d96ef28d16d70dcecac201cd1d82b3ed52d897ec04c8ba9	PROCESS	fce048a6ba4d60e4520ac1f54189361e1b473e1bab9f15c88000e42fa44abe0c	건축공사검사시험	건축공사검사시험	SINGLETON	PROMOTED_FROM_SOURCE		DRAFT	1	089	건축공사검사시험	PRESERVE_SOURCE_MEMBERSHIP	RISK-04-APPROVE-001	62c2c50e3c0becbe23a686735d1a7e50ed8bce2f3fa23c539d2250b68227c2d7	EMPTY	EMPTY
8f84674f28f5dfc4bfe1e51031be39013a9c0bfec014e62790fa0098ee835e18	PROCESS	9ac4bb062d521abe8e69b359393e5ce6cf23efda77d4f73fbaae1d63f43d738f	지형측량	지형측량	SINGLETON	PROMOTED_FROM_SOURCE		DRAFT	1	112	지형측량	PRESERVE_SOURCE_MEMBERSHIP	RISK-04-APPROVE-001	62c2c50e3c0becbe23a686735d1a7e50ed8bce2f3fa23c539d2250b68227c2d7	EMPTY	EMPTY
6809e3b7861c76ec5d26d0c4763354c9388c6581c359eb4b615c453762681846	PROCESS	9ac4bb062d521abe8e69b359393e5ce6cf23efda77d4f73fbaae1d63f43d738f	하해측량	하해측량	SINGLETON	PROMOTED_FROM_SOURCE		DRAFT	1	113	하해측량	PRESERVE_SOURCE_MEMBERSHIP	RISK-04-APPROVE-001	62c2c50e3c0becbe23a686735d1a7e50ed8bce2f3fa23c539d2250b68227c2d7	EMPTY	EMPTY
744e95bb6e4a96594b2a7ad300501609c2e73264f98d8b4d92b4726208bb59cd	PROCESS	9ac4bb062d521abe8e69b359393e5ce6cf23efda77d4f73fbaae1d63f43d738f	지적측량	지적측량	SINGLETON	PROMOTED_FROM_SOURCE		DRAFT	1	115	지적측량	PRESERVE_SOURCE_MEMBERSHIP	RISK-04-APPROVE-001	62c2c50e3c0becbe23a686735d1a7e50ed8bce2f3fa23c539d2250b68227c2d7	EMPTY	EMPTY
ee6c41f2ed48ba58329afbe31673c97b6af2e326b35b284237ac74bdfe372b81	PROCESS	9ac4bb062d521abe8e69b359393e5ce6cf23efda77d4f73fbaae1d63f43d738f	기타응용측량	기타응용측량	SINGLETON	PROMOTED_FROM_SOURCE		DRAFT	1	119	기타응용측량	PRESERVE_SOURCE_MEMBERSHIP	RISK-04-APPROVE-001	62c2c50e3c0becbe23a686735d1a7e50ed8bce2f3fa23c539d2250b68227c2d7	EMPTY	EMPTY
9d99ccebbabc3543fa22a500a689aa9c9635bf56f19b31ae3a4c0a79be7f3c4a	PROCESS	1a13ea0495c762c614f4fa5cbcf476764c9287e017255d6e15df7cb6defa5748	구조체계측	구조체계측	SINGLETON	PROMOTED_FROM_SOURCE		DRAFT	1	122	구조체계측	PRESERVE_SOURCE_MEMBERSHIP	RISK-04-APPROVE-001	62c2c50e3c0becbe23a686735d1a7e50ed8bce2f3fa23c539d2250b68227c2d7	EMPTY	EMPTY
22c25c4d80b5f322322cf132f90fa62ee6252d49235e769b6fb93ec87f34cc77	PROCESS	1a13ea0495c762c614f4fa5cbcf476764c9287e017255d6e15df7cb6defa5748	교량공사계측	교량공사계측	SINGLETON	PROMOTED_FROM_SOURCE		DRAFT	1	124	교량공사계측	PRESERVE_SOURCE_MEMBERSHIP	RISK-04-APPROVE-001	62c2c50e3c0becbe23a686735d1a7e50ed8bce2f3fa23c539d2250b68227c2d7	EMPTY	EMPTY
22d4d77b9102cf5423e38b70f7bc2417e6b7e22c20eed58d9c38e27bc4ff05a1	PROCESS	1a13ea0495c762c614f4fa5cbcf476764c9287e017255d6e15df7cb6defa5748	단열 방음및방수공사계측	단열 방음및방수공사계측	SINGLETON	PROMOTED_FROM_SOURCE		DRAFT	1	126	단열 방음및방수공사계측	PRESERVE_SOURCE_MEMBERSHIP	RISK-04-APPROVE-001	62c2c50e3c0becbe23a686735d1a7e50ed8bce2f3fa23c539d2250b68227c2d7	EMPTY	EMPTY
ee39656eac7cf24f7f526e9f7b574b846dbc4d191c598c3b71dcf0ecaf4c7a5e	PROCESS	1a13ea0495c762c614f4fa5cbcf476764c9287e017255d6e15df7cb6defa5748	전기설비계측	전기설비계측	SINGLETON	PROMOTED_FROM_SOURCE		DRAFT	1	127	전기설비계측	PRESERVE_SOURCE_MEMBERSHIP	RISK-04-APPROVE-001	62c2c50e3c0becbe23a686735d1a7e50ed8bce2f3fa23c539d2250b68227c2d7	EMPTY	EMPTY
e1cbb1b080e1b562d8c9e10f98618335b73f9849a442bf27c51f8985c966b080	PROCESS	1a13ea0495c762c614f4fa5cbcf476764c9287e017255d6e15df7cb6defa5748	기계설비계측	기계설비계측	SINGLETON	PROMOTED_FROM_SOURCE		DRAFT	1	128	기계설비계측	PRESERVE_SOURCE_MEMBERSHIP	RISK-04-APPROVE-001	62c2c50e3c0becbe23a686735d1a7e50ed8bce2f3fa23c539d2250b68227c2d7	EMPTY	EMPTY
0d445286205ef7f127b6f2084fe029d9f23005a11586364d5d0e91188055a4fc	PROCESS	1a13ea0495c762c614f4fa5cbcf476764c9287e017255d6e15df7cb6defa5748	기타공사계측	기타공사계측	SINGLETON	PROMOTED_FROM_SOURCE		DRAFT	1	129	기타공사계측	PRESERVE_SOURCE_MEMBERSHIP	RISK-04-APPROVE-001	62c2c50e3c0becbe23a686735d1a7e50ed8bce2f3fa23c539d2250b68227c2d7	EMPTY	EMPTY
d5c836cf4cffdb658245592f22386d2b5fd37310e0b428f15c718e71e700b1ba	PROCESS	daa906954562f1c33f219f508267ad546d282a7241c4251257bb6c8be54c0b5d	시험굴착	시험굴착	SINGLETON	PROMOTED_FROM_SOURCE		DRAFT	1	131	시험굴착	PRESERVE_SOURCE_MEMBERSHIP	RISK-04-APPROVE-001	62c2c50e3c0becbe23a686735d1a7e50ed8bce2f3fa23c539d2250b68227c2d7	EMPTY	EMPTY
3137f9ff0203fe08dc10f49878ebab54b1fe5cfcf883c274a7c4c8f92acfd1b5	PROCESS	daa906954562f1c33f219f508267ad546d282a7241c4251257bb6c8be54c0b5d	시추(보링)	시추(보링)	SINGLETON	PROMOTED_FROM_SOURCE		DRAFT	1	132	시추(보링)	PRESERVE_SOURCE_MEMBERSHIP	RISK-04-APPROVE-001	62c2c50e3c0becbe23a686735d1a7e50ed8bce2f3fa23c539d2250b68227c2d7	EMPTY	EMPTY
9c384f45877c7d72ffe4533d80d280cd211cb3e8d5be545cba2bead7104d13b1	PROCESS	daa906954562f1c33f219f508267ad546d282a7241c4251257bb6c8be54c0b5d	샘플링	샘플링	SINGLETON	PROMOTED_FROM_SOURCE		DRAFT	1	133	샘플링	PRESERVE_SOURCE_MEMBERSHIP	RISK-04-APPROVE-001	62c2c50e3c0becbe23a686735d1a7e50ed8bce2f3fa23c539d2250b68227c2d7	EMPTY	EMPTY
a59c0bc5efafe8ced03e17d2e0a14ab093d3cb29ca6b9c750cbde03915173b6d	PROCESS	daa906954562f1c33f219f508267ad546d282a7241c4251257bb6c8be54c0b5d	현장시험	현장시험	SINGLETON	PROMOTED_FROM_SOURCE		DRAFT	1	134	현장시험	PRESERVE_SOURCE_MEMBERSHIP	RISK-04-APPROVE-001	62c2c50e3c0becbe23a686735d1a7e50ed8bce2f3fa23c539d2250b68227c2d7	EMPTY	EMPTY
c7f1f2cc78c4ae135dee0f12e4f7c7a93419f07e4924b72dc0cae7eb78ba51fe	PROCESS	daa906954562f1c33f219f508267ad546d282a7241c4251257bb6c8be54c0b5d	암석 암반시험	암석 암반시험	SINGLETON	PROMOTED_FROM_SOURCE		DRAFT	1	136	암석 암반시험	PRESERVE_SOURCE_MEMBERSHIP	RISK-04-APPROVE-001	62c2c50e3c0becbe23a686735d1a7e50ed8bce2f3fa23c539d2250b68227c2d7	EMPTY	EMPTY
869d9f89089f464d0e892d12e31f0a5a40cac8a69d3a0568757aeb3fd3c29ec9	PROCESS	13ef25655bb8802c9f2248fa72aa1339b99db5cd94f16bd2ae8d59f8ac83db00	지상지장물철거 해체	지상지장물철거 해체	SINGLETON	PROMOTED_FROM_SOURCE		DRAFT	1	181	지상지장물철거 해체	PRESERVE_SOURCE_MEMBERSHIP	RISK-04-APPROVE-001	62c2c50e3c0becbe23a686735d1a7e50ed8bce2f3fa23c539d2250b68227c2d7	EMPTY	EMPTY
255d60e7fb7f5be1ec9308980924ecdd73790d9874ec07b53dad5a969b7e8129	PROCESS	13ef25655bb8802c9f2248fa72aa1339b99db5cd94f16bd2ae8d59f8ac83db00	지상구조물철거 해체	지상구조물철거 해체	SINGLETON	PROMOTED_FROM_SOURCE		DRAFT	1	182	지상구조물철거 해체	PRESERVE_SOURCE_MEMBERSHIP	RISK-04-APPROVE-001	62c2c50e3c0becbe23a686735d1a7e50ed8bce2f3fa23c539d2250b68227c2d7	EMPTY	EMPTY
744061e7626adb46fab501aaaf3b3731bb7ae3ec1ac10fd12ea0cc6e0dfde5b7	PROCESS	13ef25655bb8802c9f2248fa72aa1339b99db5cd94f16bd2ae8d59f8ac83db00	해상구조물철거 해체	해상구조물철거 해체	SINGLETON	PROMOTED_FROM_SOURCE		DRAFT	1	183	해상구조물철거 해체	PRESERVE_SOURCE_MEMBERSHIP	RISK-04-APPROVE-001	62c2c50e3c0becbe23a686735d1a7e50ed8bce2f3fa23c539d2250b68227c2d7	EMPTY	EMPTY
662a1cd5be3e0e40b809a2385f9b185da542c9cafc8a3f8b26ea47aac1b6e4a7	PROCESS	13ef25655bb8802c9f2248fa72aa1339b99db5cd94f16bd2ae8d59f8ac83db00	지하구조물제거	지하구조물제거	SINGLETON	PROMOTED_FROM_SOURCE		DRAFT	1	185	지하구조물제거 - - 대․중․소 분류대․중․소 분류	PRESERVE_SOURCE_MEMBERSHIP	RISK-04-APPROVE-001	62c2c50e3c0becbe23a686735d1a7e50ed8bce2f3fa23c539d2250b68227c2d7	EMPTY	EMPTY
41b344dc518604752e2786172abc1ac201b9b2c46e12748176892739cb6f486d	PROCESS	13ef25655bb8802c9f2248fa72aa1339b99db5cd94f16bd2ae8d59f8ac83db00	지장물보호	지장물보호	SINGLETON	PROMOTED_FROM_SOURCE		DRAFT	1	188	지장물보호	PRESERVE_SOURCE_MEMBERSHIP	RISK-04-APPROVE-001	62c2c50e3c0becbe23a686735d1a7e50ed8bce2f3fa23c539d2250b68227c2d7	EMPTY	EMPTY
67d06617cea1577eb709994ee92d946d084281eb80809509efaf18587809e46a	PROCESS	13ef25655bb8802c9f2248fa72aa1339b99db5cd94f16bd2ae8d59f8ac83db00	기타철거 해체공사및시설물보호	기타철거 해체공사및시설물보호	SINGLETON	PROMOTED_FROM_SOURCE		DRAFT	1	189	기타철거 해체공사및시설물보호	PRESERVE_SOURCE_MEMBERSHIP	RISK-04-APPROVE-001	62c2c50e3c0becbe23a686735d1a7e50ed8bce2f3fa23c539d2250b68227c2d7	EMPTY	EMPTY
4ec4c1db1aa96205b1bab2ccd42eb2f8e88a45efd6a034c86676972d0834034d	PROCESS	1b01f7e3cd4bfbdcf610554066aa88036ab7be729aa908b66f0ec7936195732d	흙깍기(절토)	흙깍기(절토)	SINGLETON	PROMOTED_FROM_SOURCE		DRAFT	1	212	흙깍기(절토)	PRESERVE_SOURCE_MEMBERSHIP	RISK-04-APPROVE-001	62c2c50e3c0becbe23a686735d1a7e50ed8bce2f3fa23c539d2250b68227c2d7	EMPTY	EMPTY
77c7032624c29314caf7433c21c9b96367f23d1666a116472e3fd816e5858610	PROCESS	1b01f7e3cd4bfbdcf610554066aa88036ab7be729aa908b66f0ec7936195732d	터파기	터파기	SINGLETON	PROMOTED_FROM_SOURCE		DRAFT	1	213	터파기	PRESERVE_SOURCE_MEMBERSHIP	RISK-04-APPROVE-001	62c2c50e3c0becbe23a686735d1a7e50ed8bce2f3fa23c539d2250b68227c2d7	EMPTY	EMPTY
3b7b077e95c07db8e6148e2075e31482bdf6d214f7705c1fcf949cbdc83710e9	PROCESS	1b01f7e3cd4bfbdcf610554066aa88036ab7be729aa908b66f0ec7936195732d	트랜치터파기	트랜치터파기	SINGLETON	PROMOTED_FROM_SOURCE		DRAFT	1	214	트랜치터파기	PRESERVE_SOURCE_MEMBERSHIP	RISK-04-APPROVE-001	62c2c50e3c0becbe23a686735d1a7e50ed8bce2f3fa23c539d2250b68227c2d7	EMPTY	EMPTY
676f1cf9776f156204c351002f57c75fd1cb6626073782bd364d823d8b3cdd6d	PROCESS	1b01f7e3cd4bfbdcf610554066aa88036ab7be729aa908b66f0ec7936195732d	흙쌓기(성토)	흙쌓기(성토)	SINGLETON	PROMOTED_FROM_SOURCE		DRAFT	1	215	흙쌓기(성토)	PRESERVE_SOURCE_MEMBERSHIP	RISK-04-APPROVE-001	62c2c50e3c0becbe23a686735d1a7e50ed8bce2f3fa23c539d2250b68227c2d7	EMPTY	EMPTY
8afc78b94512791a17f40d495868bafe70cc4b867c0e77a3e4269f22152f36ac	PROCESS	1b01f7e3cd4bfbdcf610554066aa88036ab7be729aa908b66f0ec7936195732d	되메우기	되메우기	SINGLETON	PROMOTED_FROM_SOURCE		DRAFT	1	216	되메우기	PRESERVE_SOURCE_MEMBERSHIP	RISK-04-APPROVE-001	62c2c50e3c0becbe23a686735d1a7e50ed8bce2f3fa23c539d2250b68227c2d7	EMPTY	EMPTY
b89cb358fa0de6d14fa48f2e5f6c311913a998339bb04892f742920b147be884	PROCESS	1b01f7e3cd4bfbdcf610554066aa88036ab7be729aa908b66f0ec7936195732d	토사처리및운반	토사처리및운반	SINGLETON	PROMOTED_FROM_SOURCE		DRAFT	1	217	토사처리및운반	PRESERVE_SOURCE_MEMBERSHIP	RISK-04-APPROVE-001	62c2c50e3c0becbe23a686735d1a7e50ed8bce2f3fa23c539d2250b68227c2d7	EMPTY	EMPTY
3c47be97bfa282855af6f836d66cd88245867d0c60b073b473a50dee61d7112e	PROCESS	1b01f7e3cd4bfbdcf610554066aa88036ab7be729aa908b66f0ec7936195732d	사면보호	사면보호	SINGLETON	PROMOTED_FROM_SOURCE		DRAFT	1	218	사면보호	PRESERVE_SOURCE_MEMBERSHIP	RISK-04-APPROVE-001	62c2c50e3c0becbe23a686735d1a7e50ed8bce2f3fa23c539d2250b68227c2d7	EMPTY	EMPTY
4d95af2dd5bec935f9d97c990b679e428ec9f123df3e4eef765cf5109b0c75df	PROCESS	87b16db6c82b01f971ea80213fd300e26dc80926320731a8d04ba7f460eefbb8	치환	치환	SINGLETON	PROMOTED_FROM_SOURCE		DRAFT	1	221	치환	PRESERVE_SOURCE_MEMBERSHIP	RISK-04-APPROVE-001	62c2c50e3c0becbe23a686735d1a7e50ed8bce2f3fa23c539d2250b68227c2d7	EMPTY	EMPTY
756ad0c501f2d804cec8fa019e3413d1b617534db00da45457afdf6fb807cd10	PROCESS	87b16db6c82b01f971ea80213fd300e26dc80926320731a8d04ba7f460eefbb8	지반그라우팅	지반그라우팅	EQUIVALENCE_GROUP	MERGED_FROM_REVIEWED_SOURCES		DRAFT	2	2263 | 226	지반그라우팅 | 지반그라우팅	PRESERVE_SOURCE_MEMBERSHIP	RISK-04-APPROVE-001	62c2c50e3c0becbe23a686735d1a7e50ed8bce2f3fa23c539d2250b68227c2d7	EMPTY	EMPTY
3c60fcbd85621850af248f0db3f2a2c529088f6e113d682c55e467a570de88c5	PROCESS	4d79d74207174f4387cf743541280fcd3fd1bddbeeb78a3b54891618259651d3	현장타설말뚝	현장타설말뚝	SINGLETON	PROMOTED_FROM_SOURCE		DRAFT	1	231	현장타설말뚝	PRESERVE_SOURCE_MEMBERSHIP	RISK-04-APPROVE-001	62c2c50e3c0becbe23a686735d1a7e50ed8bce2f3fa23c539d2250b68227c2d7	EMPTY	EMPTY
70f8baf73081c23c630d509a315dfad2d6f5e9aeeab0228f0cc1a0cce1e9f827	PROCESS	4d79d74207174f4387cf743541280fcd3fd1bddbeeb78a3b54891618259651d3	기초보강공사	기초보강공사	SINGLETON	PROMOTED_FROM_SOURCE		DRAFT	1	237	기초보강공사	PRESERVE_SOURCE_MEMBERSHIP	RISK-04-APPROVE-001	62c2c50e3c0becbe23a686735d1a7e50ed8bce2f3fa23c539d2250b68227c2d7	EMPTY	EMPTY
99be967a570fd4905646ea972fb33880e6f79c78e313678e9ef7f1cb73d2fa4a	PROCESS	fc4f7df78ecb9755d8ff69c7766d178706b5e53fc3bd41fe4723431d9bcd5bf1	말뚝흙막이	말뚝흙막이	SINGLETON	PROMOTED_FROM_SOURCE		DRAFT	1	241	말뚝흙막이	PRESERVE_SOURCE_MEMBERSHIP	RISK-04-APPROVE-001	62c2c50e3c0becbe23a686735d1a7e50ed8bce2f3fa23c539d2250b68227c2d7	EMPTY	EMPTY
237ebf08eb25d06542020e6009e6b0a318bbfff75403f46e393fdf07a077f060	PROCESS	fc4f7df78ecb9755d8ff69c7766d178706b5e53fc3bd41fe4723431d9bcd5bf1	주열흙막이	주열흙막이	SINGLETON	PROMOTED_FROM_SOURCE		DRAFT	1	242	주열흙막이	PRESERVE_SOURCE_MEMBERSHIP	RISK-04-APPROVE-001	62c2c50e3c0becbe23a686735d1a7e50ed8bce2f3fa23c539d2250b68227c2d7	EMPTY	EMPTY
88ad68153e3b8034d9a250066fb5148ddd30e507da369c58e73cced1440805c9	PROCESS	fc4f7df78ecb9755d8ff69c7766d178706b5e53fc3bd41fe4723431d9bcd5bf1	지하연속벽흙막이	지하연속벽흙막이	SINGLETON	PROMOTED_FROM_SOURCE		DRAFT	1	245	지하연속벽흙막이	PRESERVE_SOURCE_MEMBERSHIP	RISK-04-APPROVE-001	62c2c50e3c0becbe23a686735d1a7e50ed8bce2f3fa23c539d2250b68227c2d7	EMPTY	EMPTY
994c5c6f3e7700bb439cd0c4b1741e3d839795989cfb1523bdf51bbd1e6c9280	PROCESS	fc4f7df78ecb9755d8ff69c7766d178706b5e53fc3bd41fe4723431d9bcd5bf1	흙막이지보공사	흙막이지보공사	SINGLETON	PROMOTED_FROM_SOURCE		DRAFT	1	246	흙막이지보공사	PRESERVE_SOURCE_MEMBERSHIP	RISK-04-APPROVE-001	62c2c50e3c0becbe23a686735d1a7e50ed8bce2f3fa23c539d2250b68227c2d7	EMPTY	EMPTY
f1168a4e4a506320c79ba0fcac09dae44be7947144aace80dba61b9a2b378350	PROCESS	fc4f7df78ecb9755d8ff69c7766d178706b5e53fc3bd41fe4723431d9bcd5bf1	어스앵커(EarthAnchor) 록앵커흙막이	어스앵커(EarthAnchor) 록앵커흙막이	SINGLETON	PROMOTED_FROM_SOURCE		DRAFT	1	247	어스앵커(EarthAnchor) 록앵커흙막이	PRESERVE_SOURCE_MEMBERSHIP	RISK-04-APPROVE-001	62c2c50e3c0becbe23a686735d1a7e50ed8bce2f3fa23c539d2250b68227c2d7	EMPTY	EMPTY
ee0c672329b828c681b5de8ec8f03f85327369f24b816c82655f16e0bef524c8	PROCESS	fc4f7df78ecb9755d8ff69c7766d178706b5e53fc3bd41fe4723431d9bcd5bf1	조립식간이흙막이	조립식간이흙막이	SINGLETON	PROMOTED_FROM_SOURCE		DRAFT	1	248	조립식간이흙막이	PRESERVE_SOURCE_MEMBERSHIP	RISK-04-APPROVE-001	62c2c50e3c0becbe23a686735d1a7e50ed8bce2f3fa23c539d2250b68227c2d7	EMPTY	EMPTY
a4e348e08da8a4e5f535e0a1ed14382cfc73d3ba5abd1e174ef1d2e614152425	PROCESS	13f01c1ad0d027cd2397d07a0e9eafb5222e1bbae9c0855e76a6ca66d279e062	콘크리트생산및구입	콘크리트생산및구입	SINGLETON	PROMOTED_FROM_SOURCE		DRAFT	1	252	콘크리트생산및구입	PRESERVE_SOURCE_MEMBERSHIP	RISK-04-APPROVE-001	62c2c50e3c0becbe23a686735d1a7e50ed8bce2f3fa23c539d2250b68227c2d7	EMPTY	EMPTY
58e88af9a290fbf1488f9595f8420103f1fa3868a286f2c3d3d731c980d831ca	PROCESS	13f01c1ad0d027cd2397d07a0e9eafb5222e1bbae9c0855e76a6ca66d279e062	콘크리트타설	콘크리트타설	SINGLETON	PROMOTED_FROM_SOURCE		DRAFT	1	253	콘크리트타설	PRESERVE_SOURCE_MEMBERSHIP	RISK-04-APPROVE-001	62c2c50e3c0becbe23a686735d1a7e50ed8bce2f3fa23c539d2250b68227c2d7	EMPTY	EMPTY
da93d66161177953a78a151ba958258083bd7ecdc307038e8400e97437c377b4	PROCESS	13f01c1ad0d027cd2397d07a0e9eafb5222e1bbae9c0855e76a6ca66d279e062	콘크리트보강공사	콘크리트보강공사	SINGLETON	PROMOTED_FROM_SOURCE		DRAFT	1	255	콘크리트보강공사	PRESERVE_SOURCE_MEMBERSHIP	RISK-04-APPROVE-001	62c2c50e3c0becbe23a686735d1a7e50ed8bce2f3fa23c539d2250b68227c2d7	EMPTY	EMPTY
03754c84e28a545a6e2f2f5136ab8d915466c43cf7ccc3c05d3193d8829bbd60	PROCESS	13f01c1ad0d027cd2397d07a0e9eafb5222e1bbae9c0855e76a6ca66d279e062	콘크리트부속공사	콘크리트부속공사	SINGLETON	PROMOTED_FROM_SOURCE		DRAFT	1	258	콘크리트부속공사	PRESERVE_SOURCE_MEMBERSHIP	RISK-04-APPROVE-001	62c2c50e3c0becbe23a686735d1a7e50ed8bce2f3fa23c539d2250b68227c2d7	EMPTY	EMPTY
241e8cf487d9313c9bc87d252b8cda80fbcf84336e01ecedffea2fc005f4fdad	PROCESS	9ff4e35cc5e677d6d8dd41c870da81f1059aab60a35df435d424b7e64af7df61	기타토목PC부재조립	기타토목PC부재조립	SINGLETON	PROMOTED_FROM_SOURCE		DRAFT	1	265	기타토목PC부재조립	PRESERVE_SOURCE_MEMBERSHIP	RISK-04-APPROVE-001	62c2c50e3c0becbe23a686735d1a7e50ed8bce2f3fa23c539d2250b68227c2d7	EMPTY	EMPTY
d65964a503db888d8d4c26d0dc1a539b940355fb130fcd9b0b6d54a18ff90ace	PROCESS	9ff4e35cc5e677d6d8dd41c870da81f1059aab60a35df435d424b7e64af7df61	건축PC구조부재조립	건축PC구조부재조립	SINGLETON	PROMOTED_FROM_SOURCE		DRAFT	1	266	건축PC구조부재조립	PRESERVE_SOURCE_MEMBERSHIP	RISK-04-APPROVE-001	62c2c50e3c0becbe23a686735d1a7e50ed8bce2f3fa23c539d2250b68227c2d7	EMPTY	EMPTY
c59d1724914a3d54974ea2bb87922dbf3e48dce6738c2f032299ee0219d592cd	PROCESS	9ff4e35cc5e677d6d8dd41c870da81f1059aab60a35df435d424b7e64af7df61	현장틸트-업콘크리트공사	현장틸트-업콘크리트공사	SINGLETON	PROMOTED_FROM_SOURCE		DRAFT	1	267	현장틸트-업콘크리트공사	PRESERVE_SOURCE_MEMBERSHIP	RISK-04-APPROVE-001	62c2c50e3c0becbe23a686735d1a7e50ed8bce2f3fa23c539d2250b68227c2d7	EMPTY	EMPTY
a9b19d41db62b02d613b384de089cb125f4481f51cc8fb9af7f657c10b31e7dd	PROCESS	0159c0afba4f87a183671de62115913a8b31972b208227a187d443435754b047	철골가공 제작	철골가공 제작	SINGLETON	PROMOTED_FROM_SOURCE		DRAFT	1	272	철골가공 제작	PRESERVE_SOURCE_MEMBERSHIP	RISK-04-APPROVE-001	62c2c50e3c0becbe23a686735d1a7e50ed8bce2f3fa23c539d2250b68227c2d7	EMPTY	EMPTY
8f21587ec43018940afb947efb86af08c59f4ea101a9360830238770576fe31b	PROCESS	0159c0afba4f87a183671de62115913a8b31972b208227a187d443435754b047	철골조립및설치	철골조립및설치	SINGLETON	PROMOTED_FROM_SOURCE		DRAFT	1	273	철골조립및설치	PRESERVE_SOURCE_MEMBERSHIP	RISK-04-APPROVE-001	62c2c50e3c0becbe23a686735d1a7e50ed8bce2f3fa23c539d2250b68227c2d7	EMPTY	EMPTY
894d7093086b3017def26a1e2260a364fa47f606c33ec7b2fd42a620ed0a394e	PROCESS	0159c0afba4f87a183671de62115913a8b31972b208227a187d443435754b047	금속바닥판및부속설비설치	금속바닥판및부속설비설치	SINGLETON	PROMOTED_FROM_SOURCE		DRAFT	1	274	금속바닥판및부속설비설치	PRESERVE_SOURCE_MEMBERSHIP	RISK-04-APPROVE-001	62c2c50e3c0becbe23a686735d1a7e50ed8bce2f3fa23c539d2250b68227c2d7	EMPTY	EMPTY
e7b2885e1bfe92f116c5f7a790ef9390c064d76e62ebd3655eb8fd8ff8203a3e	PROCESS	0159c0afba4f87a183671de62115913a8b31972b208227a187d443435754b047	철골내화피복및도장	철골내화피복및도장	SINGLETON	PROMOTED_FROM_SOURCE		DRAFT	1	278	철골내화피복및도장	PRESERVE_SOURCE_MEMBERSHIP	RISK-04-APPROVE-001	62c2c50e3c0becbe23a686735d1a7e50ed8bce2f3fa23c539d2250b68227c2d7	EMPTY	EMPTY
a3116afd51a8c076f7b6e832b64442a5ecffecfcae3ed6c03770ea81bb273df5	PROCESS	0159c0afba4f87a183671de62115913a8b31972b208227a187d443435754b047	기타강구조물공사	기타강구조물공사	SINGLETON	PROMOTED_FROM_SOURCE		DRAFT	1	279	기타강구조물공사	PRESERVE_SOURCE_MEMBERSHIP	RISK-04-APPROVE-001	62c2c50e3c0becbe23a686735d1a7e50ed8bce2f3fa23c539d2250b68227c2d7	EMPTY	EMPTY
eb0b1e8ac0c91157de26d21c83934d188ce64972b62ad553afa0b9570dc1d2b2	PROCESS	b15cd2beb1d4901b6d710f491abe2a583003fdfe5fe6d98842ce0257c9159552	상수도관갱생	상수도관갱생	SINGLETON	PROMOTED_FROM_SOURCE		DRAFT	1	316	상수도관갱생	PRESERVE_SOURCE_MEMBERSHIP	RISK-04-APPROVE-001	62c2c50e3c0becbe23a686735d1a7e50ed8bce2f3fa23c539d2250b68227c2d7	EMPTY	EMPTY
df10084ef3420d232661a9ae119d90168b42921a54c7076b7b197b6c5485e5f7	PROCESS	b15cd2beb1d4901b6d710f491abe2a583003fdfe5fe6d98842ce0257c9159552	하수도관갱생	하수도관갱생	SINGLETON	PROMOTED_FROM_SOURCE		DRAFT	1	317	하수도관갱생	PRESERVE_SOURCE_MEMBERSHIP	RISK-04-APPROVE-001	62c2c50e3c0becbe23a686735d1a7e50ed8bce2f3fa23c539d2250b68227c2d7	EMPTY	EMPTY
1cd23a808787268e00b50146106a9c6d46975520ee0b11caecc7264a530ecd8d	PROCESS	9d08608a7869c37de6430fd6bc8d4ab616d9d7366068bf91c791a920227e9601	콘크리트포장	콘크리트포장	SINGLETON	PROMOTED_FROM_SOURCE		DRAFT	1	322	콘크리트포장	PRESERVE_SOURCE_MEMBERSHIP	RISK-04-APPROVE-001	62c2c50e3c0becbe23a686735d1a7e50ed8bce2f3fa23c539d2250b68227c2d7	EMPTY	EMPTY
e9d5097280eead87de1f8ee9e24cd53c94b90fa52276ada446bf13467c8c8f72	PROCESS	9d08608a7869c37de6430fd6bc8d4ab616d9d7366068bf91c791a920227e9601	경하중포장	경하중포장	SINGLETON	PROMOTED_FROM_SOURCE		DRAFT	1	323	경하중포장	PRESERVE_SOURCE_MEMBERSHIP	RISK-04-APPROVE-001	62c2c50e3c0becbe23a686735d1a7e50ed8bce2f3fa23c539d2250b68227c2d7	EMPTY	EMPTY
6b8e29a985e54b80a3ee2e22d893d1a0cb4e6109aae032e81177fad4e180cb5e	PROCESS	9d08608a7869c37de6430fd6bc8d4ab616d9d7366068bf91c791a920227e9601	도로배수시설공사	도로배수시설공사	SINGLETON	PROMOTED_FROM_SOURCE		DRAFT	1	324	도로배수시설공사	PRESERVE_SOURCE_MEMBERSHIP	RISK-04-APPROVE-001	62c2c50e3c0becbe23a686735d1a7e50ed8bce2f3fa23c539d2250b68227c2d7	EMPTY	EMPTY
cfc210d4f9cffc865aece6b2dc5d3b066d5510af566f98a8f35fc611d1ecf52d	PROCESS	9d08608a7869c37de6430fd6bc8d4ab616d9d7366068bf91c791a920227e9601	도로안전시설공사	도로안전시설공사	SINGLETON	PROMOTED_FROM_SOURCE		DRAFT	1	326	도로안전시설공사	PRESERVE_SOURCE_MEMBERSHIP	RISK-04-APPROVE-001	62c2c50e3c0becbe23a686735d1a7e50ed8bce2f3fa23c539d2250b68227c2d7	EMPTY	EMPTY
284ace37f54c74d3c98c3b64716f6f4c11fad3feaf6fa0a30011be6992c8bc98	PROCESS	9d08608a7869c37de6430fd6bc8d4ab616d9d7366068bf91c791a920227e9601	도로표식시설공사	도로표식시설공사	SINGLETON	PROMOTED_FROM_SOURCE		DRAFT	1	327	도로표식시설공사	PRESERVE_SOURCE_MEMBERSHIP	RISK-04-APPROVE-001	62c2c50e3c0becbe23a686735d1a7e50ed8bce2f3fa23c539d2250b68227c2d7	EMPTY	EMPTY
aaec78d5502f2db4c028c040ca27b613454195907c0e2b949fbd0b2ab181d5f3	PROCESS	9d08608a7869c37de6430fd6bc8d4ab616d9d7366068bf91c791a920227e9601	포장면및도로보수	포장면및도로보수	SINGLETON	PROMOTED_FROM_SOURCE		DRAFT	1	328	포장면및도로보수	PRESERVE_SOURCE_MEMBERSHIP	RISK-04-APPROVE-001	62c2c50e3c0becbe23a686735d1a7e50ed8bce2f3fa23c539d2250b68227c2d7	EMPTY	EMPTY
01cf3373ebf183d4037b67bddd2d8679dcd717e985022494af1f6c6742756512	PROCESS	571d193a16c84db193b5f282dcdc92dd3a9717d4664c18940b186a5399aa42cb	도상설치공사	도상설치공사	SINGLETON	PROMOTED_FROM_SOURCE		DRAFT	1	332	도상설치공사	PRESERVE_SOURCE_MEMBERSHIP	RISK-04-APPROVE-001	62c2c50e3c0becbe23a686735d1a7e50ed8bce2f3fa23c539d2250b68227c2d7	EMPTY	EMPTY
32dd7d37c2be30a00201eafed5f2957ce9be85730a29767875f1fbce826b3c52	PROCESS	571d193a16c84db193b5f282dcdc92dd3a9717d4664c18940b186a5399aa42cb	분기기설치	분기기설치	SINGLETON	PROMOTED_FROM_SOURCE		DRAFT	1	334	분기기설치	PRESERVE_SOURCE_MEMBERSHIP	RISK-04-APPROVE-001	62c2c50e3c0becbe23a686735d1a7e50ed8bce2f3fa23c539d2250b68227c2d7	EMPTY	EMPTY
7f3096c3b1ffcbc09399fbb58b6bbd30a438e0659db4c98e16b831094794ba0d	PROCESS	571d193a16c84db193b5f282dcdc92dd3a9717d4664c18940b186a5399aa42cb	건널목공사	건널목공사	SINGLETON	PROMOTED_FROM_SOURCE		DRAFT	1	335	건널목공사	PRESERVE_SOURCE_MEMBERSHIP	RISK-04-APPROVE-001	62c2c50e3c0becbe23a686735d1a7e50ed8bce2f3fa23c539d2250b68227c2d7	EMPTY	EMPTY
2e224943f999c88f0c671f50f59d023c08f6b74d2a90e1da9908757a7490512a	PROCESS	571d193a16c84db193b5f282dcdc92dd3a9717d4664c18940b186a5399aa42cb	철도부속설비	철도부속설비	SINGLETON	PROMOTED_FROM_SOURCE		DRAFT	1	337	철도부속설비	PRESERVE_SOURCE_MEMBERSHIP	RISK-04-APPROVE-001	62c2c50e3c0becbe23a686735d1a7e50ed8bce2f3fa23c539d2250b68227c2d7	EMPTY	EMPTY
3d67a5d8f9ba7f14646d8bd404c3eeed9269151a4d468c2607c7e6aa056db910	PROCESS	06e5762a27d4f3deb2d03c0dd8ad20c8eddc324415d5d6107a916166121c970c	교량가설공사	교량가설공사	SINGLETON	PROMOTED_FROM_SOURCE		DRAFT	1	341	교량가설공사	PRESERVE_SOURCE_MEMBERSHIP	RISK-04-APPROVE-001	62c2c50e3c0becbe23a686735d1a7e50ed8bce2f3fa23c539d2250b68227c2d7	EMPTY	EMPTY
b9ca00bbd4e08e5f594d9288d10773940a53994cf048226f944f093394e7dffd	PROCESS	06e5762a27d4f3deb2d03c0dd8ad20c8eddc324415d5d6107a916166121c970c	교량배수설비공사	교량배수설비공사	SINGLETON	PROMOTED_FROM_SOURCE		DRAFT	1	345	교량배수설비공사	PRESERVE_SOURCE_MEMBERSHIP	RISK-04-APPROVE-001	62c2c50e3c0becbe23a686735d1a7e50ed8bce2f3fa23c539d2250b68227c2d7	EMPTY	EMPTY
9c5ed92f0b6f15f5b0dceaf25284cf66346459c05db587f345dda042884fb693	PROCESS	06e5762a27d4f3deb2d03c0dd8ad20c8eddc324415d5d6107a916166121c970c	교량부속공사	교량부속공사	SINGLETON	PROMOTED_FROM_SOURCE		DRAFT	1	346	교량부속공사	PRESERVE_SOURCE_MEMBERSHIP	RISK-04-APPROVE-001	62c2c50e3c0becbe23a686735d1a7e50ed8bce2f3fa23c539d2250b68227c2d7	EMPTY	EMPTY
6b98d35f3e55a1716df158a441525178b2d9f6cec422a4ebfec65483568a807f	PROCESS	934cec93edfa5eb83d4262be5e58f58cc6b9cdf02f1d610a2168f31c04864b63	터널굴착공사	터널굴착공사	SINGLETON	PROMOTED_FROM_SOURCE		DRAFT	1	351	터널굴착공사	PRESERVE_SOURCE_MEMBERSHIP	RISK-04-APPROVE-001	62c2c50e3c0becbe23a686735d1a7e50ed8bce2f3fa23c539d2250b68227c2d7	EMPTY	EMPTY
458ad2107d6228893a555ba0f42f11a3c44b41d01319d0cbc37284b307d59ce8	PROCESS	934cec93edfa5eb83d4262be5e58f58cc6b9cdf02f1d610a2168f31c04864b63	터널라이닝	터널라이닝	SINGLETON	PROMOTED_FROM_SOURCE		DRAFT	1	352	터널라이닝	PRESERVE_SOURCE_MEMBERSHIP	RISK-04-APPROVE-001	62c2c50e3c0becbe23a686735d1a7e50ed8bce2f3fa23c539d2250b68227c2d7	EMPTY	EMPTY
4ee07139a07b17938cca1a523190d0c6cc64256c511ab2742fe0155ead6f2eaf	PROCESS	934cec93edfa5eb83d4262be5e58f58cc6b9cdf02f1d610a2168f31c04864b63	터널방수및배수	터널방수및배수	SINGLETON	PROMOTED_FROM_SOURCE		DRAFT	1	354	터널방수및배수	PRESERVE_SOURCE_MEMBERSHIP	RISK-04-APPROVE-001	62c2c50e3c0becbe23a686735d1a7e50ed8bce2f3fa23c539d2250b68227c2d7	EMPTY	EMPTY
b505012aa8cdaa9786f6aa0ea352ce3686757de4b809bf7505062c3e198e2167	PROCESS	934cec93edfa5eb83d4262be5e58f58cc6b9cdf02f1d610a2168f31c04864b63	터널지보및거푸집	터널지보및거푸집	SINGLETON	PROMOTED_FROM_SOURCE		DRAFT	1	355	터널지보및거푸집	PRESERVE_SOURCE_MEMBERSHIP	RISK-04-APPROVE-001	62c2c50e3c0becbe23a686735d1a7e50ed8bce2f3fa23c539d2250b68227c2d7	EMPTY	EMPTY
99251365e33a7c848579e36872b53d3589f622c7b93763ea82b9ba6c18867317	PROCESS	934cec93edfa5eb83d4262be5e58f58cc6b9cdf02f1d610a2168f31c04864b63	터널내부마감공사	터널내부마감공사	SINGLETON	PROMOTED_FROM_SOURCE		DRAFT	1	356	터널내부마감공사	PRESERVE_SOURCE_MEMBERSHIP	RISK-04-APPROVE-001	62c2c50e3c0becbe23a686735d1a7e50ed8bce2f3fa23c539d2250b68227c2d7	EMPTY	EMPTY
25da943669e985eaf977575346986c0faf2da92c6f79f11546c34be8eebbd7d4	PROCESS	57ce72345c7534cc17240b425a13aa08492c7fbb87f75b086f916c4711922857	호안용콘크리트구조물제작및거치	호안용콘크리트구조물제작및거치	SINGLETON	PROMOTED_FROM_SOURCE		DRAFT	1	363	호안용콘크리트구조물제작및거치	PRESERVE_SOURCE_MEMBERSHIP	RISK-04-APPROVE-001	62c2c50e3c0becbe23a686735d1a7e50ed8bce2f3fa23c539d2250b68227c2d7	EMPTY	EMPTY
518bb5b8ca436f24e400d92adb94fcae1f852d66615210225f9542647b161ffe	PROCESS	57ce72345c7534cc17240b425a13aa08492c7fbb87f75b086f916c4711922857	항만부속설비공사	항만부속설비공사	SINGLETON	PROMOTED_FROM_SOURCE		DRAFT	1	367	항만부속설비공사	PRESERVE_SOURCE_MEMBERSHIP	RISK-04-APPROVE-001	62c2c50e3c0becbe23a686735d1a7e50ed8bce2f3fa23c539d2250b68227c2d7	EMPTY	EMPTY
c201603a494d86fd21efa68a3d8ba3b5e3826ef4195cde21cf766c772edc3236	PROCESS	57ce72345c7534cc17240b425a13aa08492c7fbb87f75b086f916c4711922857	하천 항만부속공사	하천 항만부속공사	SINGLETON	PROMOTED_FROM_SOURCE		DRAFT	1	368	하천 항만부속공사	PRESERVE_SOURCE_MEMBERSHIP	RISK-04-APPROVE-001	62c2c50e3c0becbe23a686735d1a7e50ed8bce2f3fa23c539d2250b68227c2d7	EMPTY	EMPTY
7e7bac0305e8eb238bdb3f181c8cfce879de14046050a8fc72573d5da1c5b245	PROCESS	bc68572923c8910b9b34b63d85b18ecc876df84b7e42beb1fe2750242dca64f0	기타옹벽공사	기타옹벽공사	SINGLETON	PROMOTED_FROM_SOURCE		DRAFT	1	389	기타옹벽공사	PRESERVE_SOURCE_MEMBERSHIP	RISK-04-APPROVE-001	62c2c50e3c0becbe23a686735d1a7e50ed8bce2f3fa23c539d2250b68227c2d7	EMPTY	EMPTY
c9418402ee3fcb767ba1c99a753b74dbd7725ca3b9fbebb0d01bd0b73c0a2ed7	PROCESS	33f1ddfc015d1a5a3173d5aa56062b9af98458c2e93edc02b239d897ef4ba8d7	블록조적공사	블록조적공사	SINGLETON	PROMOTED_FROM_SOURCE		DRAFT	1	413	블록조적공사	PRESERVE_SOURCE_MEMBERSHIP	RISK-04-APPROVE-001	62c2c50e3c0becbe23a686735d1a7e50ed8bce2f3fa23c539d2250b68227c2d7	EMPTY	EMPTY
f235f7f7fb413230f5f653e9f0172a51ac3d0b2a446aa7d020b94803ee7d934a	PROCESS	33f1ddfc015d1a5a3173d5aa56062b9af98458c2e93edc02b239d897ef4ba8d7	조적부속공사	조적부속공사	SINGLETON	PROMOTED_FROM_SOURCE		DRAFT	1	418	조적부속공사	PRESERVE_SOURCE_MEMBERSHIP	RISK-04-APPROVE-001	62c2c50e3c0becbe23a686735d1a7e50ed8bce2f3fa23c539d2250b68227c2d7	EMPTY	EMPTY
6e80ad70770484d94feeded63918d8b5125c8bb88f6bbf31ccb2c08f89793589	PROCESS	567b3bdd26473d2aae0c8a6f35251397f2c7b90f08b1c3c7a83c11d6643eef99	통나무구조목공사	통나무구조목공사	SINGLETON	PROMOTED_FROM_SOURCE		DRAFT	1	422	통나무구조목공사	PRESERVE_SOURCE_MEMBERSHIP	RISK-04-APPROVE-001	62c2c50e3c0becbe23a686735d1a7e50ed8bce2f3fa23c539d2250b68227c2d7	EMPTY	EMPTY
45d871c4f15994b8a60ab19b03d1f2f6af0793ba52cb600437fcb983e814958b	PROCESS	567b3bdd26473d2aae0c8a6f35251397f2c7b90f08b1c3c7a83c11d6643eef99	목조부속목공사	목조부속목공사	SINGLETON	PROMOTED_FROM_SOURCE		DRAFT	1	427	목조부속목공사	PRESERVE_SOURCE_MEMBERSHIP	RISK-04-APPROVE-001	62c2c50e3c0becbe23a686735d1a7e50ed8bce2f3fa23c539d2250b68227c2d7	EMPTY	EMPTY
67147c00f93715db6e67724936aa012d382613bba7f73e3cc28d2e5deca1d52b	PROCESS	567b3bdd26473d2aae0c8a6f35251397f2c7b90f08b1c3c7a83c11d6643eef99	목재처리	목재처리	SINGLETON	PROMOTED_FROM_SOURCE		DRAFT	1	428	목재처리	PRESERVE_SOURCE_MEMBERSHIP	RISK-04-APPROVE-001	62c2c50e3c0becbe23a686735d1a7e50ed8bce2f3fa23c539d2250b68227c2d7	EMPTY	EMPTY
daca4d1a841eb6dc9c1b6685742ee5e1235381037547a32d2f32d4de8140102b	PROCESS	87fc9dee856fdc0de823757c6910a98d1e79e1ba25099a9d15d9bba3bb100f43	자연형지붕잇기	자연형지붕잇기	SINGLETON	PROMOTED_FROM_SOURCE		DRAFT	1	431	자연형지붕잇기	PRESERVE_SOURCE_MEMBERSHIP	RISK-04-APPROVE-001	62c2c50e3c0becbe23a686735d1a7e50ed8bce2f3fa23c539d2250b68227c2d7	EMPTY	EMPTY
2e47d3e7dde1c35fc9f89db11d119d98f6396f975b8c1cb6215e2932b649e81e	PROCESS	87fc9dee856fdc0de823757c6910a98d1e79e1ba25099a9d15d9bba3bb100f43	슬레이트잇기	슬레이트잇기	SINGLETON	PROMOTED_FROM_SOURCE		DRAFT	1	433	슬레이트잇기	PRESERVE_SOURCE_MEMBERSHIP	RISK-04-APPROVE-001	62c2c50e3c0becbe23a686735d1a7e50ed8bce2f3fa23c539d2250b68227c2d7	EMPTY	EMPTY
5928030d4b31d0dea0ef3c8f5f472f6c35d3f184ba38c593b8f521dbdc52a60b	PROCESS	c878122f7b0f7f4bda4517c25c843fce79a340822c88f3421ae25b2b27845f46	멤브레인방수	멤브레인방수	SINGLETON	PROMOTED_FROM_SOURCE		DRAFT	1	441	멤브레인방수	PRESERVE_SOURCE_MEMBERSHIP	RISK-04-APPROVE-001	62c2c50e3c0becbe23a686735d1a7e50ed8bce2f3fa23c539d2250b68227c2d7	EMPTY	EMPTY
e01d99f9fb4b4917819bc5ee6df715b864b1c3b253b8466ccc59f1f5d5bcf926	PROCESS	c878122f7b0f7f4bda4517c25c843fce79a340822c88f3421ae25b2b27845f46	침투성방수	침투성방수	SINGLETON	PROMOTED_FROM_SOURCE		DRAFT	1	442	침투성방수	PRESERVE_SOURCE_MEMBERSHIP	RISK-04-APPROVE-001	62c2c50e3c0becbe23a686735d1a7e50ed8bce2f3fa23c539d2250b68227c2d7	EMPTY	EMPTY
294be0cddd210ecb366785ba23653eed710ce8bfdaab96fc91880fdbb174b748	PROCESS	c878122f7b0f7f4bda4517c25c843fce79a340822c88f3421ae25b2b27845f46	액체방수및모르터방수	액체방수및모르터방수	SINGLETON	PROMOTED_FROM_SOURCE		DRAFT	1	443	액체방수및모르터방수	PRESERVE_SOURCE_MEMBERSHIP	RISK-04-APPROVE-001	62c2c50e3c0becbe23a686735d1a7e50ed8bce2f3fa23c539d2250b68227c2d7	EMPTY	EMPTY
58a6f0ae64b115e33f80cbb5684c41aba2c70b9d17c2f63f04c824ef9c2db91b	PROCESS	c878122f7b0f7f4bda4517c25c843fce79a340822c88f3421ae25b2b27845f46	금속방수	금속방수	SINGLETON	PROMOTED_FROM_SOURCE		DRAFT	1	444	금속방수	PRESERVE_SOURCE_MEMBERSHIP	RISK-04-APPROVE-001	62c2c50e3c0becbe23a686735d1a7e50ed8bce2f3fa23c539d2250b68227c2d7	EMPTY	EMPTY
2425326b235dd2d6471a9eaa0be5c51bcd0d64c42cfa796d4d2f4ffbf1785ed4	PROCESS	c878122f7b0f7f4bda4517c25c843fce79a340822c88f3421ae25b2b27845f46	벤토나이트방수	벤토나이트방수	SINGLETON	PROMOTED_FROM_SOURCE		DRAFT	1	445	벤토나이트방수	PRESERVE_SOURCE_MEMBERSHIP	RISK-04-APPROVE-001	62c2c50e3c0becbe23a686735d1a7e50ed8bce2f3fa23c539d2250b68227c2d7	EMPTY	EMPTY
9d1d7e3cf333b05c23ed838742a05d0d01c6bc294913a89e1f2bb1ad7a31babe	PROCESS	c878122f7b0f7f4bda4517c25c843fce79a340822c88f3421ae25b2b27845f46	방습	방습	SINGLETON	PROMOTED_FROM_SOURCE		DRAFT	1	446	방습	PRESERVE_SOURCE_MEMBERSHIP	RISK-04-APPROVE-001	62c2c50e3c0becbe23a686735d1a7e50ed8bce2f3fa23c539d2250b68227c2d7	EMPTY	EMPTY
c3582e8533c5d9748127737b0972cd56e90ec05458a3309730e65348f10c82e8	PROCESS	c878122f7b0f7f4bda4517c25c843fce79a340822c88f3421ae25b2b27845f46	발수제바르기	발수제바르기	SINGLETON	PROMOTED_FROM_SOURCE		DRAFT	1	447	발수제바르기	PRESERVE_SOURCE_MEMBERSHIP	RISK-04-APPROVE-001	62c2c50e3c0becbe23a686735d1a7e50ed8bce2f3fa23c539d2250b68227c2d7	EMPTY	EMPTY
9da860796603be35e2aeeba9341b671f5a94575985fb3e6b38b38ad6ccda9580	PROCESS	ac74a224650d5509cb0506ecd2daf797b6aec4c361eb5e4467bed4db842033c5	슬래브하부단열	슬래브하부단열	SINGLETON	PROMOTED_FROM_SOURCE		DRAFT	1	452	슬래브하부단열	PRESERVE_SOURCE_MEMBERSHIP	RISK-04-APPROVE-001	62c2c50e3c0becbe23a686735d1a7e50ed8bce2f3fa23c539d2250b68227c2d7	EMPTY	EMPTY
d99cfbb806dd45e4a954f8a6bd14b7c83edd14232ccc2b3cc7937486349cbcaf	PROCESS	ac74a224650d5509cb0506ecd2daf797b6aec4c361eb5e4467bed4db842033c5	천정단열	천정단열	SINGLETON	PROMOTED_FROM_SOURCE		DRAFT	1	453	천정단열	PRESERVE_SOURCE_MEMBERSHIP	RISK-04-APPROVE-001	62c2c50e3c0becbe23a686735d1a7e50ed8bce2f3fa23c539d2250b68227c2d7	EMPTY	EMPTY
3d48573e1d316e06b26b513b3d1b0f6ce573017dffb0fd382f18aa346ee5e727	PROCESS	ac74a224650d5509cb0506ecd2daf797b6aec4c361eb5e4467bed4db842033c5	벽체단열	벽체단열	SINGLETON	PROMOTED_FROM_SOURCE		DRAFT	1	454	벽체단열	PRESERVE_SOURCE_MEMBERSHIP	RISK-04-APPROVE-001	62c2c50e3c0becbe23a686735d1a7e50ed8bce2f3fa23c539d2250b68227c2d7	EMPTY	EMPTY
a2f1fe44215ea3bc676bd103630f70b6070914b6a2cf6fa10ee0443fc08d25dd	PROCESS	ac74a224650d5509cb0506ecd2daf797b6aec4c361eb5e4467bed4db842033c5	외벽단열	외벽단열	SINGLETON	PROMOTED_FROM_SOURCE		DRAFT	1	455	외벽단열	PRESERVE_SOURCE_MEMBERSHIP	RISK-04-APPROVE-001	62c2c50e3c0becbe23a686735d1a7e50ed8bce2f3fa23c539d2250b68227c2d7	EMPTY	EMPTY
ec6c03a8aad00b368c07295be86baea08d9705eebdcce822dbc9811d598c8cf1	PROCESS	ac74a224650d5509cb0506ecd2daf797b6aec4c361eb5e4467bed4db842033c5	방진 방음공사	방진 방음공사	SINGLETON	PROMOTED_FROM_SOURCE		DRAFT	1	456	방진 방음공사	PRESERVE_SOURCE_MEMBERSHIP	RISK-04-APPROVE-001	62c2c50e3c0becbe23a686735d1a7e50ed8bce2f3fa23c539d2250b68227c2d7	EMPTY	EMPTY
012f674cfe4aef679121821ad0d914633c3129fccef94f58deb3bce118d0ca83	PROCESS	1f1041e6925f663ff5ec5202db7516c78dbb0b31cd24106bd53426ea70b6753a	금속바닥틀(장선)설치	금속바닥틀(장선)설치	SINGLETON	PROMOTED_FROM_SOURCE		DRAFT	1	471	금속바닥틀(장선)설치	PRESERVE_SOURCE_MEMBERSHIP	RISK-04-APPROVE-001	62c2c50e3c0becbe23a686735d1a7e50ed8bce2f3fa23c539d2250b68227c2d7	EMPTY	EMPTY
c835908848e6e590471a20e89063e96542f4fce2d333e52ed84e07f432770dd7	PROCESS	1f1041e6925f663ff5ec5202db7516c78dbb0b31cd24106bd53426ea70b6753a	메탈스터드시스템(금속벽틀)설치	메탈스터드시스템(금속벽틀)설치	SINGLETON	PROMOTED_FROM_SOURCE		DRAFT	1	472	메탈스터드시스템(금속벽틀)설치	PRESERVE_SOURCE_MEMBERSHIP	RISK-04-APPROVE-001	62c2c50e3c0becbe23a686735d1a7e50ed8bce2f3fa23c539d2250b68227c2d7	EMPTY	EMPTY
83d0468466185d21e2d45186a55e213bb3677916333d1bfa4d29e4123b4b045d	PROCESS	1f1041e6925f663ff5ec5202db7516c78dbb0b31cd24106bd53426ea70b6753a	경량천정틀설치	경량천정틀설치	SINGLETON	PROMOTED_FROM_SOURCE		DRAFT	1	473	경량천정틀설치	PRESERVE_SOURCE_MEMBERSHIP	RISK-04-APPROVE-001	62c2c50e3c0becbe23a686735d1a7e50ed8bce2f3fa23c539d2250b68227c2d7	EMPTY	EMPTY
0e93c5d551eb1eb656c4d219e2f5cbdde7a611f4d1f8cfd8d35caf54bb82840b	PROCESS	1f1041e6925f663ff5ec5202db7516c78dbb0b31cd24106bd53426ea70b6753a	금속마감	금속마감	SINGLETON	PROMOTED_FROM_SOURCE		DRAFT	1	475	금속마감	PRESERVE_SOURCE_MEMBERSHIP	RISK-04-APPROVE-001	62c2c50e3c0becbe23a686735d1a7e50ed8bce2f3fa23c539d2250b68227c2d7	EMPTY	EMPTY
76cd3025c1c646511cf705f3f178193de585d37436b218cbc62a6d72e8bef44e	PROCESS	1f1041e6925f663ff5ec5202db7516c78dbb0b31cd24106bd53426ea70b6753a	건축잡철물제작설치	건축잡철물제작설치	SINGLETON	PROMOTED_FROM_SOURCE		DRAFT	1	478	건축잡철물제작설치	PRESERVE_SOURCE_MEMBERSHIP	RISK-04-APPROVE-001	62c2c50e3c0becbe23a686735d1a7e50ed8bce2f3fa23c539d2250b68227c2d7	EMPTY	EMPTY
949b2969c0dde56c672c18fc9437d6bec17fb188e73938de265b75880b26056a	PROCESS	b03fbd2acb8a7a1f82ae5001f9ca6792bcac86f726798d4be1b18909aa84d8ac	유리공사	유리공사	SINGLETON	PROMOTED_FROM_SOURCE		DRAFT	1	486	유리공사	PRESERVE_SOURCE_MEMBERSHIP	RISK-04-APPROVE-001	62c2c50e3c0becbe23a686735d1a7e50ed8bce2f3fa23c539d2250b68227c2d7	EMPTY	EMPTY
70435ef21492a20d050dbfc45af0163cd0c4f6248013d5ea65a715ab4a4b4039	PROCESS	b03fbd2acb8a7a1f82ae5001f9ca6792bcac86f726798d4be1b18909aa84d8ac	유리부속공사	유리부속공사	SINGLETON	PROMOTED_FROM_SOURCE		DRAFT	1	487	유리부속공사	PRESERVE_SOURCE_MEMBERSHIP	RISK-04-APPROVE-001	62c2c50e3c0becbe23a686735d1a7e50ed8bce2f3fa23c539d2250b68227c2d7	EMPTY	EMPTY
acaa682822a7efd396a4b67c1cc0cd12330fcc5b12523b900fcbf713b88e18e4	PROCESS	b03fbd2acb8a7a1f82ae5001f9ca6792bcac86f726798d4be1b18909aa84d8ac	코킹및실링	코킹및실링	SINGLETON	PROMOTED_FROM_SOURCE		DRAFT	1	488	코킹및실링	PRESERVE_SOURCE_MEMBERSHIP	RISK-04-APPROVE-001	62c2c50e3c0becbe23a686735d1a7e50ed8bce2f3fa23c539d2250b68227c2d7	EMPTY	EMPTY
f1362bf88c3b9464dbc82d80cc2ce508a4947f8f778e2a5300706dacdbe724bc	PROCESS	f8f8f8c0ded720ede952c131be6396329a82ad7f1995efa930cff437b5ed9ffa	합성수지혼화모르터미장	합성수지혼화모르터미장	SINGLETON	PROMOTED_FROM_SOURCE		DRAFT	1	512	합성수지혼화모르터미장	PRESERVE_SOURCE_MEMBERSHIP	RISK-04-APPROVE-001	62c2c50e3c0becbe23a686735d1a7e50ed8bce2f3fa23c539d2250b68227c2d7	EMPTY	EMPTY
404308c2eb0c32923a21a1d5b36dcf091253d33b454c605616cc65cea7299620	PROCESS	f8f8f8c0ded720ede952c131be6396329a82ad7f1995efa930cff437b5ed9ffa	인조석(테라조)미장및물갈기	인조석(테라조)미장및물갈기	SINGLETON	PROMOTED_FROM_SOURCE		DRAFT	1	514	인조석(테라조)미장및물갈기	PRESERVE_SOURCE_MEMBERSHIP	RISK-04-APPROVE-001	62c2c50e3c0becbe23a686735d1a7e50ed8bce2f3fa23c539d2250b68227c2d7	EMPTY	EMPTY
8dfd87d947fee2f86f04bc53ddb263279df8a89a0e195f57a25386dac1d785d8	PROCESS	f8f8f8c0ded720ede952c131be6396329a82ad7f1995efa930cff437b5ed9ffa	특수미장	특수미장	SINGLETON	PROMOTED_FROM_SOURCE		DRAFT	1	516	특수미장	PRESERVE_SOURCE_MEMBERSHIP	RISK-04-APPROVE-001	62c2c50e3c0becbe23a686735d1a7e50ed8bce2f3fa23c539d2250b68227c2d7	EMPTY	EMPTY
284c5f417d61f4d0f2079adaf11077b2db1dfec5af1fc7ca206d6d46748e0037	PROCESS	f8f8f8c0ded720ede952c131be6396329a82ad7f1995efa930cff437b5ed9ffa	미장부속공사	미장부속공사	SINGLETON	PROMOTED_FROM_SOURCE		DRAFT	1	518	미장부속공사	PRESERVE_SOURCE_MEMBERSHIP	RISK-04-APPROVE-001	62c2c50e3c0becbe23a686735d1a7e50ed8bce2f3fa23c539d2250b68227c2d7	EMPTY	EMPTY
adacfa272eb4a6a674af7667b520a6085d7d0d0455f5ea6f5b4444af491f8024	PROCESS	f9cf17b2b2f5c6b7d8fe1ffb539484309590b0c9d771213a593bf60e8c1b046d	석재바닥깔기	석재바닥깔기	SINGLETON	PROMOTED_FROM_SOURCE		DRAFT	1	521	석재바닥깔기	PRESERVE_SOURCE_MEMBERSHIP	RISK-04-APPROVE-001	62c2c50e3c0becbe23a686735d1a7e50ed8bce2f3fa23c539d2250b68227c2d7	EMPTY	EMPTY
1cf07cdcbd1df01844dc417dfc25899e9f8855c743ffeaa8b82fd28792f90073	PROCESS	f9cf17b2b2f5c6b7d8fe1ffb539484309590b0c9d771213a593bf60e8c1b046d	석재내벽붙이기	석재내벽붙이기	SINGLETON	PROMOTED_FROM_SOURCE		DRAFT	1	522	석재내벽붙이기	PRESERVE_SOURCE_MEMBERSHIP	RISK-04-APPROVE-001	62c2c50e3c0becbe23a686735d1a7e50ed8bce2f3fa23c539d2250b68227c2d7	EMPTY	EMPTY
3a9366d8c831cc54679c134646f37f6df12ae2f4199e045fd2adcb2049fa700c	PROCESS	f9cf17b2b2f5c6b7d8fe1ffb539484309590b0c9d771213a593bf60e8c1b046d	석재외벽붙이기	석재외벽붙이기	SINGLETON	PROMOTED_FROM_SOURCE		DRAFT	1	523	석재외벽붙이기	PRESERVE_SOURCE_MEMBERSHIP	RISK-04-APPROVE-001	62c2c50e3c0becbe23a686735d1a7e50ed8bce2f3fa23c539d2250b68227c2d7	EMPTY	EMPTY
d5c23a14c706351d68257016184208bec83a12432c027c0b54da81f6eb73c85e	PROCESS	f9cf17b2b2f5c6b7d8fe1ffb539484309590b0c9d771213a593bf60e8c1b046d	석재구조물밑면붙이기	석재구조물밑면붙이기	SINGLETON	PROMOTED_FROM_SOURCE		DRAFT	1	524	석재구조물밑면붙이기	PRESERVE_SOURCE_MEMBERSHIP	RISK-04-APPROVE-001	62c2c50e3c0becbe23a686735d1a7e50ed8bce2f3fa23c539d2250b68227c2d7	EMPTY	EMPTY
d247d23d1ed4e328c2447c090f6004c4d9eae4f00fa0467f4a36103620df8729	PROCESS	f9cf17b2b2f5c6b7d8fe1ffb539484309590b0c9d771213a593bf60e8c1b046d	석재계단붙이기	석재계단붙이기	SINGLETON	PROMOTED_FROM_SOURCE		DRAFT	1	525	석재계단붙이기	PRESERVE_SOURCE_MEMBERSHIP	RISK-04-APPROVE-001	62c2c50e3c0becbe23a686735d1a7e50ed8bce2f3fa23c539d2250b68227c2d7	EMPTY	EMPTY
cc03b5f255e4c76a4d9018d5b36c052591b7677fe406b8c343fb8873feb99bf7	PROCESS	f9cf17b2b2f5c6b7d8fe1ffb539484309590b0c9d771213a593bf60e8c1b046d	기타부위석재붙이기	기타부위석재붙이기	SINGLETON	PROMOTED_FROM_SOURCE		DRAFT	1	526	기타부위석재붙이기	PRESERVE_SOURCE_MEMBERSHIP	RISK-04-APPROVE-001	62c2c50e3c0becbe23a686735d1a7e50ed8bce2f3fa23c539d2250b68227c2d7	EMPTY	EMPTY
fba05c07dc62b9938f5b28091b8d88b0633208a1d76deef0200ed6a85b06b11d	PROCESS	f9cf17b2b2f5c6b7d8fe1ffb539484309590b0c9d771213a593bf60e8c1b046d	석재마감공사	석재마감공사	SINGLETON	PROMOTED_FROM_SOURCE		DRAFT	1	528	석재마감공사	PRESERVE_SOURCE_MEMBERSHIP	RISK-04-APPROVE-001	62c2c50e3c0becbe23a686735d1a7e50ed8bce2f3fa23c539d2250b68227c2d7	EMPTY	EMPTY
5bcae9cb8499930f2ebec6571a6abee97f5c1edb83c08b1e02ee349d5a820beb	PROCESS	64ef817db9f0e78551ca95f65652b1edbeb4e586e83b00b24390b8089623e293	계단타일붙이기	계단타일붙이기	SINGLETON	PROMOTED_FROM_SOURCE		DRAFT	1	535	계단타일붙이기	PRESERVE_SOURCE_MEMBERSHIP	RISK-04-APPROVE-001	62c2c50e3c0becbe23a686735d1a7e50ed8bce2f3fa23c539d2250b68227c2d7	EMPTY	EMPTY
35e837c8c67c91eccbccf3c7b34a3aac68e17f34a15595aa80e4f538f6d6b179	PROCESS	64ef817db9f0e78551ca95f65652b1edbeb4e586e83b00b24390b8089623e293	이형타일붙이기	이형타일붙이기	SINGLETON	PROMOTED_FROM_SOURCE		DRAFT	1	536	이형타일붙이기	PRESERVE_SOURCE_MEMBERSHIP	RISK-04-APPROVE-001	62c2c50e3c0becbe23a686735d1a7e50ed8bce2f3fa23c539d2250b68227c2d7	EMPTY	EMPTY
f623fef0b52bee1b6af73b3be121408df1e36d023ca6dfd07ccaf997b1a5c59e	PROCESS	a53c95b548ab1a1a584ad79f325846f8ac90ecce9234f991f9d8be9919341250	칸막이공사	칸막이공사	SINGLETON	PROMOTED_FROM_SOURCE		DRAFT	1	542	칸막이공사	PRESERVE_SOURCE_MEMBERSHIP	RISK-04-APPROVE-001	62c2c50e3c0becbe23a686735d1a7e50ed8bce2f3fa23c539d2250b68227c2d7	EMPTY	EMPTY
b8605fe8c0ef16348371393e2acc2501db26b6877153513bec3000f4f5de1df6	PROCESS	a53c95b548ab1a1a584ad79f325846f8ac90ecce9234f991f9d8be9919341250	벽체붙이기	벽체붙이기	SINGLETON	PROMOTED_FROM_SOURCE		DRAFT	1	543	벽체붙이기	PRESERVE_SOURCE_MEMBERSHIP	RISK-04-APPROVE-001	62c2c50e3c0becbe23a686735d1a7e50ed8bce2f3fa23c539d2250b68227c2d7	EMPTY	EMPTY
0f571190b35b4c9aae3b26ab96a87556f65be7b3e8cb1824c06a807dc34bc0b7	PROCESS	a53c95b548ab1a1a584ad79f325846f8ac90ecce9234f991f9d8be9919341250	천정판재붙이기	천정판재붙이기	SINGLETON	PROMOTED_FROM_SOURCE		DRAFT	1	544	천정판재붙이기	PRESERVE_SOURCE_MEMBERSHIP	RISK-04-APPROVE-001	62c2c50e3c0becbe23a686735d1a7e50ed8bce2f3fa23c539d2250b68227c2d7	EMPTY	EMPTY
57842b6f62bcef11aa5623a54959143ed3d51e2d42f9c3a51e9c6a302a16ff19	PROCESS	a53c95b548ab1a1a584ad79f325846f8ac90ecce9234f991f9d8be9919341250	도배공사	도배공사	SINGLETON	PROMOTED_FROM_SOURCE		DRAFT	1	545	도배공사	PRESERVE_SOURCE_MEMBERSHIP	RISK-04-APPROVE-001	62c2c50e3c0becbe23a686735d1a7e50ed8bce2f3fa23c539d2250b68227c2d7	EMPTY	EMPTY
0f3dce322934ae5e11439e5231fff7a5302aad3b4cfac914f9cd2c803987e6be	PROCESS	a53c95b548ab1a1a584ad79f325846f8ac90ecce9234f991f9d8be9919341250	박판쉬트(비니어)붙이기	박판쉬트(비니어)붙이기	SINGLETON	PROMOTED_FROM_SOURCE		DRAFT	1	546	박판쉬트(비니어)붙이기	PRESERVE_SOURCE_MEMBERSHIP	RISK-04-APPROVE-001	62c2c50e3c0becbe23a686735d1a7e50ed8bce2f3fa23c539d2250b68227c2d7	EMPTY	EMPTY
7f2507b6c1ad8ac7ec8b5b9dbca5f54652d7153248d333c7935cd92b181353d5	PROCESS	a53c95b548ab1a1a584ad79f325846f8ac90ecce9234f991f9d8be9919341250	장식공사	장식공사	SINGLETON	PROMOTED_FROM_SOURCE		DRAFT	1	547	장식공사	PRESERVE_SOURCE_MEMBERSHIP	RISK-04-APPROVE-001	62c2c50e3c0becbe23a686735d1a7e50ed8bce2f3fa23c539d2250b68227c2d7	EMPTY	EMPTY
a2dc7ded8d89babb311abd5d42df16f0222e080e93aed03ba5f05c561ac39358	PROCESS	706b109b6fd8aeddce13add7f1c380804672ac30806e855f754e5979a2f7ff3a	기타도장공사	기타도장공사	SINGLETON	PROMOTED_FROM_SOURCE		DRAFT	1	559	기타도장공사	PRESERVE_SOURCE_MEMBERSHIP	RISK-04-APPROVE-001	62c2c50e3c0becbe23a686735d1a7e50ed8bce2f3fa23c539d2250b68227c2d7	EMPTY	EMPTY
89e2080c0fb55d1bf14445f6369eeffbcfb26bd22732fefd5529328d28370f3a	PROCESS	55a316206a26065b1f7a0d6a78216f3a90d5c6f69045a409f735c2a1a4825df8	토양준비및흙쌓기	토양준비및흙쌓기	SINGLETON	PROMOTED_FROM_SOURCE		DRAFT	1	591	토양준비및흙쌓기	PRESERVE_SOURCE_MEMBERSHIP	RISK-04-APPROVE-001	62c2c50e3c0becbe23a686735d1a7e50ed8bce2f3fa23c539d2250b68227c2d7	EMPTY	EMPTY
0c7cbc64f8d302a1f8747d7ae32ce9ffaee277cd8cba504690b8fdfc4d183e01	PROCESS	55a316206a26065b1f7a0d6a78216f3a90d5c6f69045a409f735c2a1a4825df8	잔디공사	잔디공사	SINGLETON	PROMOTED_FROM_SOURCE		DRAFT	1	593	잔디공사	PRESERVE_SOURCE_MEMBERSHIP	RISK-04-APPROVE-001	62c2c50e3c0becbe23a686735d1a7e50ed8bce2f3fa23c539d2250b68227c2d7	EMPTY	EMPTY
141627cdd8a52d46885395072c371e86aa2a2beb28ce70de3896fa3487309921	PROCESS	55a316206a26065b1f7a0d6a78216f3a90d5c6f69045a409f735c2a1a4825df8	녹화및보호공사	녹화및보호공사	SINGLETON	PROMOTED_FROM_SOURCE		DRAFT	1	594	녹화및보호공사	PRESERVE_SOURCE_MEMBERSHIP	RISK-04-APPROVE-001	62c2c50e3c0becbe23a686735d1a7e50ed8bce2f3fa23c539d2250b68227c2d7	EMPTY	EMPTY
ecff0517d16e0b91202497247863bdb868d18181e32eaa96d696c6c93c45a6d8	PROCESS	55a316206a26065b1f7a0d6a78216f3a90d5c6f69045a409f735c2a1a4825df8	파종및살포	파종및살포	SINGLETON	PROMOTED_FROM_SOURCE		DRAFT	1	595	파종및살포	PRESERVE_SOURCE_MEMBERSHIP	RISK-04-APPROVE-001	62c2c50e3c0becbe23a686735d1a7e50ed8bce2f3fa23c539d2250b68227c2d7	EMPTY	EMPTY
be055a5fbb0c7c9833aad0506eafe4a78dee772fd1ab11430b454d925c89d764	PROCESS	55a316206a26065b1f7a0d6a78216f3a90d5c6f69045a409f735c2a1a4825df8	기타조경공사	기타조경공사	SINGLETON	PROMOTED_FROM_SOURCE		DRAFT	1	599	기타조경공사	PRESERVE_SOURCE_MEMBERSHIP	RISK-04-APPROVE-001	62c2c50e3c0becbe23a686735d1a7e50ed8bce2f3fa23c539d2250b68227c2d7	EMPTY	EMPTY
3ee299700e719122727bf96e921d69ceac1520282666e4ca2bd8d94bd1edcde2	PROCESS	028839946d8a54355febe053579f2654b44a02cafb0f9a1e86e358319541e927	배관및관련부속공사	배관및관련부속공사	SINGLETON	PROMOTED_FROM_SOURCE		DRAFT	1	611	배관및관련부속공사	PRESERVE_SOURCE_MEMBERSHIP	RISK-04-APPROVE-001	62c2c50e3c0becbe23a686735d1a7e50ed8bce2f3fa23c539d2250b68227c2d7	EMPTY	EMPTY
2939170808ebb6a308fbe155abc1965bc0671106260b8a9289cd5d7a2e2f189b	PROCESS	028839946d8a54355febe053579f2654b44a02cafb0f9a1e86e358319541e927	보온공사	보온공사	SINGLETON	PROMOTED_FROM_SOURCE		DRAFT	1	612	보온공사	PRESERVE_SOURCE_MEMBERSHIP	RISK-04-APPROVE-001	62c2c50e3c0becbe23a686735d1a7e50ed8bce2f3fa23c539d2250b68227c2d7	EMPTY	EMPTY
0cf1376b9030596d2d58587d424d5e541a9dc9da939a221d2100a8075df6e45f	PROCESS	028839946d8a54355febe053579f2654b44a02cafb0f9a1e86e358319541e927	자동제어공사	자동제어공사	SINGLETON	PROMOTED_FROM_SOURCE		DRAFT	1	613	자동제어공사	PRESERVE_SOURCE_MEMBERSHIP	RISK-04-APPROVE-001	62c2c50e3c0becbe23a686735d1a7e50ed8bce2f3fa23c539d2250b68227c2d7	EMPTY	EMPTY
68d8d968b9c2bc99957000cb5ebbe4681685312bfd3a63c44c0d0fe3fd0f8410	PROCESS	028839946d8a54355febe053579f2654b44a02cafb0f9a1e86e358319541e927	펌프․공기설비공사	펌프․공기설비공사	SINGLETON	PROMOTED_FROM_SOURCE		DRAFT	1	614	펌프․공기설비공사	PRESERVE_SOURCE_MEMBERSHIP	RISK-04-APPROVE-001	62c2c50e3c0becbe23a686735d1a7e50ed8bce2f3fa23c539d2250b68227c2d7	EMPTY	EMPTY
7ef95651357fef3e076b778e5a7468487bdab7ab79e59b3e3660f84296c3a884	PROCESS	49211b2052bbcd7b5bfbcc655622bc55a5e030d18781279df5248769f2649dc0	보일러부․부속공사	보일러부․부속공사	SINGLETON	PROMOTED_FROM_SOURCE		DRAFT	1	621	보일러부․부속공사	PRESERVE_SOURCE_MEMBERSHIP	RISK-04-APPROVE-001	62c2c50e3c0becbe23a686735d1a7e50ed8bce2f3fa23c539d2250b68227c2d7	EMPTY	EMPTY
72383c60847d8e88b7aa778fef9f8bcbc78b4f55ad9bb300d411bc3de433462b	PROCESS	49211b2052bbcd7b5bfbcc655622bc55a5e030d18781279df5248769f2649dc0	냉동기․냉각탑공사	냉동기․냉각탑공사	SINGLETON	PROMOTED_FROM_SOURCE		DRAFT	1	622	냉동기․냉각탑공사	PRESERVE_SOURCE_MEMBERSHIP	RISK-04-APPROVE-001	62c2c50e3c0becbe23a686735d1a7e50ed8bce2f3fa23c539d2250b68227c2d7	EMPTY	EMPTY
fcf56aeed97bbc55ffffd3b1922a372eb38a1d8032b0957878ffd2f59c39e099	PROCESS	49211b2052bbcd7b5bfbcc655622bc55a5e030d18781279df5248769f2649dc0	덕트공사	덕트공사	SINGLETON	PROMOTED_FROM_SOURCE		DRAFT	1	624	덕트공사	PRESERVE_SOURCE_MEMBERSHIP	RISK-04-APPROVE-001	62c2c50e3c0becbe23a686735d1a7e50ed8bce2f3fa23c539d2250b68227c2d7	EMPTY	EMPTY
60fe27c8f7fc32987291d31f6ae512b1cf6b3ea890f0e152632397ee41c76a28	PROCESS	49211b2052bbcd7b5bfbcc655622bc55a5e030d18781279df5248769f2649dc0	열교환기 탱크 헤더설치공사	열교환기 탱크 헤더설치공사	SINGLETON	PROMOTED_FROM_SOURCE		DRAFT	1	625	열교환기 탱크 헤더설치공사	PRESERVE_SOURCE_MEMBERSHIP	RISK-04-APPROVE-001	62c2c50e3c0becbe23a686735d1a7e50ed8bce2f3fa23c539d2250b68227c2d7	EMPTY	EMPTY
c39ad6615f8d542d28bb7be277a7ed9e823bd05c2064419e3287115032903d0d	PROCESS	49211b2052bbcd7b5bfbcc655622bc55a5e030d18781279df5248769f2649dc0	냉온수기설치공사	냉온수기설치공사	EQUIVALENCE_GROUP	MERGED_FROM_REVIEWED_SOURCES		DRAFT	2	6263 | 626	냉온수기설치공사 | 냉온수기설치공사	PRESERVE_SOURCE_MEMBERSHIP	RISK-04-APPROVE-001	62c2c50e3c0becbe23a686735d1a7e50ed8bce2f3fa23c539d2250b68227c2d7	EMPTY	EMPTY
2f3b01e8d351eb48adb6117e951ecfeeaf03c78bd08c61a35b5df23bc3600dd4	PROCESS	bd2f71981bff2ef99f94fd8e5945cc39ed763c87eb8b07a054fee95adcb4ae06	위생기구설비공사	위생기구설비공사	SINGLETON	PROMOTED_FROM_SOURCE		DRAFT	1	631	위생기구설비공사	PRESERVE_SOURCE_MEMBERSHIP	RISK-04-APPROVE-001	62c2c50e3c0becbe23a686735d1a7e50ed8bce2f3fa23c539d2250b68227c2d7	EMPTY	EMPTY
0954849d33f3f16d68648fa6b9789cd137b2a6030d9c853e880c653e0d42741e	PROCESS	6a1c0b77bd9da03f98926215289581bbcbca6e27dba519a092321a602264979d	소방기계설비공사	소방기계설비공사	SINGLETON	PROMOTED_FROM_SOURCE		DRAFT	1	641	소방기계설비공사	PRESERVE_SOURCE_MEMBERSHIP	RISK-04-APPROVE-001	62c2c50e3c0becbe23a686735d1a7e50ed8bce2f3fa23c539d2250b68227c2d7	EMPTY	EMPTY
00a52dd997c21ceab4004fe3ce98b640a5932dcad08ab3bd2f5e91411e4e53a7	PROCESS	dc3dff2350840a9f391b06f7a73780bb78385a45b4ccece8cb08a3da4c8d1215	저장탱크공사	저장탱크공사	SINGLETON	PROMOTED_FROM_SOURCE		DRAFT	1	651	저장탱크공사	PRESERVE_SOURCE_MEMBERSHIP	RISK-04-APPROVE-001	62c2c50e3c0becbe23a686735d1a7e50ed8bce2f3fa23c539d2250b68227c2d7	EMPTY	EMPTY
b5505742d94b06382f56854611e8b90aed15c861a2a393c78b2690e66b43c954	PROCESS	dc3dff2350840a9f391b06f7a73780bb78385a45b4ccece8cb08a3da4c8d1215	가스설비관련기기설비공사	가스설비관련기기설비공사	SINGLETON	PROMOTED_FROM_SOURCE		DRAFT	1	652	가스설비관련기기설비공사	PRESERVE_SOURCE_MEMBERSHIP	RISK-04-APPROVE-001	62c2c50e3c0becbe23a686735d1a7e50ed8bce2f3fa23c539d2250b68227c2d7	EMPTY	EMPTY
54ee11f0f90aca0d4c8c52a6baa3cf19b78610c21edf272b68390f7468c2747b	PROCESS	094c2a06438b38402ce06ad7013f0d454002110bdbcbf8e2401b3ec4dc941191	살수관련공사	살수관련공사	SINGLETON	PROMOTED_FROM_SOURCE		DRAFT	1	661	살수관련공사	PRESERVE_SOURCE_MEMBERSHIP	RISK-04-APPROVE-001	62c2c50e3c0becbe23a686735d1a7e50ed8bce2f3fa23c539d2250b68227c2d7	EMPTY	EMPTY
fd75ac4138ed5409d0ed30aae578a02942ab49528558d47e4261136cfbe58831	PROCESS	094c2a06438b38402ce06ad7013f0d454002110bdbcbf8e2401b3ec4dc941191	냉동냉장실공사	냉동냉장실공사	SINGLETON	PROMOTED_FROM_SOURCE		DRAFT	1	662	냉동냉장실공사	PRESERVE_SOURCE_MEMBERSHIP	RISK-04-APPROVE-001	62c2c50e3c0becbe23a686735d1a7e50ed8bce2f3fa23c539d2250b68227c2d7	EMPTY	EMPTY
cf1ecf5c2d7cb6f58c0d55291d4f55089f496affdb0ef538b0addb2641c4e15f	PROCESS	094c2a06438b38402ce06ad7013f0d454002110bdbcbf8e2401b3ec4dc941191	살균설비공사	살균설비공사	SINGLETON	PROMOTED_FROM_SOURCE		DRAFT	1	663	살균설비공사	PRESERVE_SOURCE_MEMBERSHIP	RISK-04-APPROVE-001	62c2c50e3c0becbe23a686735d1a7e50ed8bce2f3fa23c539d2250b68227c2d7	EMPTY	EMPTY
e271654f1c7852d2159a26c3090155561877ae3961a251572cd7ef697a459066	PROCESS	094c2a06438b38402ce06ad7013f0d454002110bdbcbf8e2401b3ec4dc941191	지하수개발공사	지하수개발공사	SINGLETON	PROMOTED_FROM_SOURCE		DRAFT	1	664	지하수개발공사	PRESERVE_SOURCE_MEMBERSHIP	RISK-04-APPROVE-001	62c2c50e3c0becbe23a686735d1a7e50ed8bce2f3fa23c539d2250b68227c2d7	EMPTY	EMPTY
5699e667839fbb246cb48d93f87db04834968fc595e50f73319e540c94a0d2d9	PROCESS	094c2a06438b38402ce06ad7013f0d454002110bdbcbf8e2401b3ec4dc941191	방식공사	방식공사	SINGLETON	PROMOTED_FROM_SOURCE		DRAFT	1	665	방식공사	PRESERVE_SOURCE_MEMBERSHIP	RISK-04-APPROVE-001	62c2c50e3c0becbe23a686735d1a7e50ed8bce2f3fa23c539d2250b68227c2d7	EMPTY	EMPTY
97fb76d45383c405adb1236d93e2b6e7d03f0dcb21430cc51ed6c6c0cd0f1ee7	PROCESS	094c2a06438b38402ce06ad7013f0d454002110bdbcbf8e2401b3ec4dc941191	아이스링크설비공사	아이스링크설비공사	SINGLETON	PROMOTED_FROM_SOURCE		DRAFT	1	666	아이스링크설비공사	PRESERVE_SOURCE_MEMBERSHIP	RISK-04-APPROVE-001	62c2c50e3c0becbe23a686735d1a7e50ed8bce2f3fa23c539d2250b68227c2d7	EMPTY	EMPTY
6b6b479c3f4495081e9d94b608880b8017b3f6dd47a7478bb4afb14bff9a2516	PROCESS	094c2a06438b38402ce06ad7013f0d454002110bdbcbf8e2401b3ec4dc941191	기타특수공사	기타특수공사	SINGLETON	PROMOTED_FROM_SOURCE		DRAFT	1	667	기타특수공사	PRESERVE_SOURCE_MEMBERSHIP	RISK-04-APPROVE-001	62c2c50e3c0becbe23a686735d1a7e50ed8bce2f3fa23c539d2250b68227c2d7	EMPTY	EMPTY
5a8671109205cef8fda5e7f8e931851f1c8a2b097e01d72eeb74977f6ec8372e	PROCESS	4d9e8f9fa87bd378789d8cf760fcc530d324b31228a4807c8d19549ba282a0af	세탁장비설비공사	세탁장비설비공사	EQUIVALENCE_GROUP	MERGED_FROM_REVIEWED_SOURCES		DRAFT	2	672 | 6721	세탁장비설비공사 | 세탁장비설비공사	PRESERVE_SOURCE_MEMBERSHIP	RISK-04-APPROVE-001	62c2c50e3c0becbe23a686735d1a7e50ed8bce2f3fa23c539d2250b68227c2d7	EMPTY	EMPTY
cfb52d9ba0bc0f700de3985ceb83668d2509a94cb1154969ad48a8bea3e97ed8	PROCESS	4d9e8f9fa87bd378789d8cf760fcc530d324b31228a4807c8d19549ba282a0af	수영장및분수공사	수영장및분수공사	SINGLETON	PROMOTED_FROM_SOURCE		DRAFT	1	674	수영장및분수공사	PRESERVE_SOURCE_MEMBERSHIP	RISK-04-APPROVE-001	62c2c50e3c0becbe23a686735d1a7e50ed8bce2f3fa23c539d2250b68227c2d7	EMPTY	EMPTY
7d81cf8b2d26a6e0ba0f2ef7e48033aec988f358a830fbf0aa347c2ab286dfc2	PROCESS	4d9e8f9fa87bd378789d8cf760fcc530d324b31228a4807c8d19549ba282a0af	목욕탕및사우나공사	목욕탕및사우나공사	SINGLETON	PROMOTED_FROM_SOURCE		DRAFT	1	675	목욕탕및사우나공사	PRESERVE_SOURCE_MEMBERSHIP	RISK-04-APPROVE-001	62c2c50e3c0becbe23a686735d1a7e50ed8bce2f3fa23c539d2250b68227c2d7	EMPTY	EMPTY
82ab83b57874d5c81a3973878defdb6122933ca317efad006efd9c4fbc920cb2	PROCESS	4d9e8f9fa87bd378789d8cf760fcc530d324b31228a4807c8d19549ba282a0af	진공청소공사	진공청소공사	SINGLETON	PROMOTED_FROM_SOURCE		DRAFT	1	676	진공청소공사	PRESERVE_SOURCE_MEMBERSHIP	RISK-04-APPROVE-001	62c2c50e3c0becbe23a686735d1a7e50ed8bce2f3fa23c539d2250b68227c2d7	EMPTY	EMPTY
93ae7b84189bc8304c057789df6250d445b811e96b1fcdd0f2cada5e82954ac2	PROCESS	4d9e8f9fa87bd378789d8cf760fcc530d324b31228a4807c8d19549ba282a0af	주차장관련공사	주차장관련공사	SINGLETON	PROMOTED_FROM_SOURCE		DRAFT	1	677	주차장관련공사	PRESERVE_SOURCE_MEMBERSHIP	RISK-04-APPROVE-001	62c2c50e3c0becbe23a686735d1a7e50ed8bce2f3fa23c539d2250b68227c2d7	EMPTY	EMPTY
acf499947d510b922fb074eaf5740e396b0a71ec8e9b0d0a6d5990d8efeeee1c	PROCESS	4d9e8f9fa87bd378789d8cf760fcc530d324b31228a4807c8d19549ba282a0af	특수방진공사	특수방진공사	SINGLETON	PROMOTED_FROM_SOURCE		DRAFT	1	678	특수방진공사	PRESERVE_SOURCE_MEMBERSHIP	RISK-04-APPROVE-001	62c2c50e3c0becbe23a686735d1a7e50ed8bce2f3fa23c539d2250b68227c2d7	EMPTY	EMPTY
a2dcca12379082f810e1d09456b90e781746b74cd0b48bacd72cbb2a72c431fe	PROCESS	a1fa7e1fbe536f1c9ab6d4ec21c23d7de63646b1fcb6fef70a8f387763e99bc9	화력발전소공사	화력발전소공사	SINGLETON	PROMOTED_FROM_SOURCE		DRAFT	1	711	화력발전소공사	PRESERVE_SOURCE_MEMBERSHIP	RISK-04-APPROVE-001	62c2c50e3c0becbe23a686735d1a7e50ed8bce2f3fa23c539d2250b68227c2d7	EMPTY	EMPTY
8aaa758ea825b88d4d29afbb451571097b54c58dedb40a6e6e781331df8c88f0	PROCESS	a1fa7e1fbe536f1c9ab6d4ec21c23d7de63646b1fcb6fef70a8f387763e99bc9	수력발전소공사	수력발전소공사	SINGLETON	PROMOTED_FROM_SOURCE		DRAFT	1	712	수력발전소공사	PRESERVE_SOURCE_MEMBERSHIP	RISK-04-APPROVE-001	62c2c50e3c0becbe23a686735d1a7e50ed8bce2f3fa23c539d2250b68227c2d7	EMPTY	EMPTY
39e50939e38be41a255a751a8442d87e0925dea01aa0220a0c9f667b1d6bd072	PROCESS	a1fa7e1fbe536f1c9ab6d4ec21c23d7de63646b1fcb6fef70a8f387763e99bc9	원자력발전소공사	원자력발전소공사	SINGLETON	PROMOTED_FROM_SOURCE		DRAFT	1	713	원자력발전소공사	PRESERVE_SOURCE_MEMBERSHIP	RISK-04-APPROVE-001	62c2c50e3c0becbe23a686735d1a7e50ed8bce2f3fa23c539d2250b68227c2d7	EMPTY	EMPTY
b7c2bc5adaed0af8e84fb7883d2bb66c21e90941249b1198899ef8f1817ef748	PROCESS	a1fa7e1fbe536f1c9ab6d4ec21c23d7de63646b1fcb6fef70a8f387763e99bc9	풍력발전소공사	풍력발전소공사	SINGLETON	PROMOTED_FROM_SOURCE		DRAFT	1	714	풍력발전소공사	PRESERVE_SOURCE_MEMBERSHIP	RISK-04-APPROVE-001	62c2c50e3c0becbe23a686735d1a7e50ed8bce2f3fa23c539d2250b68227c2d7	EMPTY	EMPTY
8e427c41a499859f488d13811e80764344c40611ad01a97d0b1eda8ed5b998a7	PROCESS	a1fa7e1fbe536f1c9ab6d4ec21c23d7de63646b1fcb6fef70a8f387763e99bc9	조력발전소공사	조력발전소공사	SINGLETON	PROMOTED_FROM_SOURCE		DRAFT	1	715	조력발전소공사	PRESERVE_SOURCE_MEMBERSHIP	RISK-04-APPROVE-001	62c2c50e3c0becbe23a686735d1a7e50ed8bce2f3fa23c539d2250b68227c2d7	EMPTY	EMPTY
568be7b55676989271c734e894bdcd02232e6d9d58e6c1b95622b559bf859880	PROCESS	a1fa7e1fbe536f1c9ab6d4ec21c23d7de63646b1fcb6fef70a8f387763e99bc9	열병합발전소공사	열병합발전소공사	SINGLETON	PROMOTED_FROM_SOURCE		DRAFT	1	716	열병합발전소공사	PRESERVE_SOURCE_MEMBERSHIP	RISK-04-APPROVE-001	62c2c50e3c0becbe23a686735d1a7e50ed8bce2f3fa23c539d2250b68227c2d7	EMPTY	EMPTY
40c11af26e5e9b1d10ad95693ef23e74354c43e4ca526b11d04f7eb29599d47f	PROCESS	a1fa7e1fbe536f1c9ab6d4ec21c23d7de63646b1fcb6fef70a8f387763e99bc9	태양열발전설비공사	태양열발전설비공사	SINGLETON	PROMOTED_FROM_SOURCE		DRAFT	1	717	태양열발전설비공사	PRESERVE_SOURCE_MEMBERSHIP	RISK-04-APPROVE-001	62c2c50e3c0becbe23a686735d1a7e50ed8bce2f3fa23c539d2250b68227c2d7	EMPTY	EMPTY
d28c045a9338660ab84ceaeee6a3e1dda86dd49a33133129bb062dc2d46680b1	PROCESS	a1fa7e1fbe536f1c9ab6d4ec21c23d7de63646b1fcb6fef70a8f387763e99bc9	발전설비관련공사	발전설비관련공사	SINGLETON	PROMOTED_FROM_SOURCE		DRAFT	1	718	발전설비관련공사	PRESERVE_SOURCE_MEMBERSHIP	RISK-04-APPROVE-001	62c2c50e3c0becbe23a686735d1a7e50ed8bce2f3fa23c539d2250b68227c2d7	EMPTY	EMPTY
53280542142b59179d383425dc3c0376e294312c5bfdef8b3af6e6aaa6dee067	PROCESS	a1fa7e1fbe536f1c9ab6d4ec21c23d7de63646b1fcb6fef70a8f387763e99bc9	기타형식분류별발전설비공사	기타형식분류별발전설비공사	SINGLETON	PROMOTED_FROM_SOURCE		DRAFT	1	719	기타형식분류별발전설비공사	PRESERVE_SOURCE_MEMBERSHIP	RISK-04-APPROVE-001	62c2c50e3c0becbe23a686735d1a7e50ed8bce2f3fa23c539d2250b68227c2d7	EMPTY	EMPTY
0fe12e76efdcd652abd2c3542cb379df486853c054ee66f3acee520b10660e7c	PROCESS	9b0621059d2d4e054b330019943c9b2d53b37d09f2f6115648ed06242f26aa8d	제철소공사	제철소공사	SINGLETON	PROMOTED_FROM_SOURCE		DRAFT	1	721	제철소공사	PRESERVE_SOURCE_MEMBERSHIP	RISK-04-APPROVE-001	62c2c50e3c0becbe23a686735d1a7e50ed8bce2f3fa23c539d2250b68227c2d7	EMPTY	EMPTY
963d897e29491a4fb7baa586dc5287b483604d5c1d168aa8127bd9ce01cb22ef	PROCESS	eed4ca91d2eebf54fd65616a1883deb0f030b5f1a097cf88488b3cd1e4d121b6	쓰레기관로이송및중계처리설비공사	쓰레기관로이송및중계처리설비공사	SINGLETON	PROMOTED_FROM_SOURCE		DRAFT	1	732	쓰레기관로이송및중계처리설비공사	PRESERVE_SOURCE_MEMBERSHIP	RISK-04-APPROVE-001	62c2c50e3c0becbe23a686735d1a7e50ed8bce2f3fa23c539d2250b68227c2d7	EMPTY	EMPTY
04e2576fcfc65828ea734e1c02a2e47950021599091b79ee7d78e856e56f653e	PROCESS	eed4ca91d2eebf54fd65616a1883deb0f030b5f1a097cf88488b3cd1e4d121b6	폐기물처리설비공사	폐기물처리설비공사	EQUIVALENCE_GROUP	MERGED_FROM_REVIEWED_SOURCES		DRAFT	2	733 | 7331	폐기물처리설비공사 | 폐기물처리설비공사	PRESERVE_SOURCE_MEMBERSHIP	RISK-04-APPROVE-001	62c2c50e3c0becbe23a686735d1a7e50ed8bce2f3fa23c539d2250b68227c2d7	EMPTY	EMPTY
be68e2590a3311e369e3a7213537170faf2c86ddc093c479fe9e8facc1ff17fe	PROCESS	eed4ca91d2eebf54fd65616a1883deb0f030b5f1a097cf88488b3cd1e4d121b6	탈취설비공사	탈취설비공사	EQUIVALENCE_GROUP	MERGED_FROM_REVIEWED_SOURCES		DRAFT	2	7341 | 734	탈취설비공사 | 탈취설비공사	PRESERVE_SOURCE_MEMBERSHIP	RISK-04-APPROVE-001	62c2c50e3c0becbe23a686735d1a7e50ed8bce2f3fa23c539d2250b68227c2d7	EMPTY	EMPTY
6c2da1062cabb941946777b7381ec0ec9bd0ee98bf97ec5c2dd234d3b19b5b7d	PROCESS	eed4ca91d2eebf54fd65616a1883deb0f030b5f1a097cf88488b3cd1e4d121b6	탈황설비공사	탈황설비공사	SINGLETON	PROMOTED_FROM_SOURCE		DRAFT	1	735	탈황설비공사	PRESERVE_SOURCE_MEMBERSHIP	RISK-04-APPROVE-001	62c2c50e3c0becbe23a686735d1a7e50ed8bce2f3fa23c539d2250b68227c2d7	EMPTY	EMPTY
3e480e6d1bd58bafcf3e792750f017666225871117ca38e32831b78babe7ed21	PROCESS	eed4ca91d2eebf54fd65616a1883deb0f030b5f1a097cf88488b3cd1e4d121b6	탈질설비공사	탈질설비공사	SINGLETON	PROMOTED_FROM_SOURCE		DRAFT	1	736	탈질설비공사	PRESERVE_SOURCE_MEMBERSHIP	RISK-04-APPROVE-001	62c2c50e3c0becbe23a686735d1a7e50ed8bce2f3fa23c539d2250b68227c2d7	EMPTY	EMPTY
c48a126442b60fe1ca9b87047b589a1c9ca457cce2a3e4c118ea409857fe9178	PROCESS	eed4ca91d2eebf54fd65616a1883deb0f030b5f1a097cf88488b3cd1e4d121b6	전기집진기설비공사	전기집진기설비공사	SINGLETON	PROMOTED_FROM_SOURCE		DRAFT	1	737	전기집진기설비공사	PRESERVE_SOURCE_MEMBERSHIP	RISK-04-APPROVE-001	62c2c50e3c0becbe23a686735d1a7e50ed8bce2f3fa23c539d2250b68227c2d7	EMPTY	EMPTY
8d816976ae5c7a16e26a7395911f4a7a85c2a9b517b3affe7c6bab59a35fd3b1	PROCESS	eed4ca91d2eebf54fd65616a1883deb0f030b5f1a097cf88488b3cd1e4d121b6	기타환경설비공사	기타환경설비공사	SINGLETON	PROMOTED_FROM_SOURCE		DRAFT	1	739	기타환경설비공사	PRESERVE_SOURCE_MEMBERSHIP	RISK-04-APPROVE-001	62c2c50e3c0becbe23a686735d1a7e50ed8bce2f3fa23c539d2250b68227c2d7	EMPTY	EMPTY
e04b0bdea193e90dc8375f29fe1455c07217b68da111c911ed87de115fb32aa4	PROCESS	064c77f0388387fc7ab9132fe3344da1283bbf61141536b1db07134cf70efdf0	엘리베이터공사	엘리베이터공사	SINGLETON	PROMOTED_FROM_SOURCE		DRAFT	1	742	엘리베이터공사	PRESERVE_SOURCE_MEMBERSHIP	RISK-04-APPROVE-001	62c2c50e3c0becbe23a686735d1a7e50ed8bce2f3fa23c539d2250b68227c2d7	EMPTY	EMPTY
ea3245b5faef0b7303958cb6edf84282597a4097f744cdd21ca50331f45cf375	PROCESS	064c77f0388387fc7ab9132fe3344da1283bbf61141536b1db07134cf70efdf0	에스컬레이터및이동보행로설비공사	에스컬레이터및이동보행로설비공사	SINGLETON	PROMOTED_FROM_SOURCE		DRAFT	1	743	에스컬레이터및이동보행로설비공사	PRESERVE_SOURCE_MEMBERSHIP	RISK-04-APPROVE-001	62c2c50e3c0becbe23a686735d1a7e50ed8bce2f3fa23c539d2250b68227c2d7	EMPTY	EMPTY
5e682e1a14ffa5335918ecbb9d5a443b3ab5206f71a519364d3784dbe1a927b6	PROCESS	064c77f0388387fc7ab9132fe3344da1283bbf61141536b1db07134cf70efdf0	덤웨이터설비및기타운송설비공사	덤웨이터설비및기타운송설비공사	SINGLETON	PROMOTED_FROM_SOURCE		DRAFT	1	744	덤웨이터설비및기타운송설비공사	PRESERVE_SOURCE_MEMBERSHIP	RISK-04-APPROVE-001	62c2c50e3c0becbe23a686735d1a7e50ed8bce2f3fa23c539d2250b68227c2d7	EMPTY	EMPTY
c2a3e47336f118519e2032660071a1d358d9069a7b3d4068ffd3d5198ff6ba53	PROCESS	4550c015794f93c550fc4a407b3d0537ebd3fde8130246cd5dfb9e0da0674984	석유비축및수송공사	석유비축및수송공사	SINGLETON	PROMOTED_FROM_SOURCE		DRAFT	1	761	석유비축및수송공사	PRESERVE_SOURCE_MEMBERSHIP	RISK-04-APPROVE-001	62c2c50e3c0becbe23a686735d1a7e50ed8bce2f3fa23c539d2250b68227c2d7	EMPTY	EMPTY
c129d70ee17ee7e20aba9c21cae92da3fe0fddc46001c4e36396b34ff8f1e49c	PROCESS	4550c015794f93c550fc4a407b3d0537ebd3fde8130246cd5dfb9e0da0674984	지역열공급공사	지역열공급공사	SINGLETON	PROMOTED_FROM_SOURCE		DRAFT	1	763	지역열공급공사	PRESERVE_SOURCE_MEMBERSHIP	RISK-04-APPROVE-001	62c2c50e3c0becbe23a686735d1a7e50ed8bce2f3fa23c539d2250b68227c2d7	EMPTY	EMPTY
082742d404d587bd5bec7873781faf224ccd9811d3ee56edbfbf8e6dacc79dfc	PROCESS	4550c015794f93c550fc4a407b3d0537ebd3fde8130246cd5dfb9e0da0674984	도시가스공급공사	도시가스공급공사	SINGLETON	PROMOTED_FROM_SOURCE		DRAFT	1	764	도시가스공급공사	PRESERVE_SOURCE_MEMBERSHIP	RISK-04-APPROVE-001	62c2c50e3c0becbe23a686735d1a7e50ed8bce2f3fa23c539d2250b68227c2d7	EMPTY	EMPTY
9ead7eca263c3ca000604b0a36fbebb288791c272bedcb2fccaa46f051ad105a	PROCESS	4550c015794f93c550fc4a407b3d0537ebd3fde8130246cd5dfb9e0da0674984	연료처리공사	연료처리공사	SINGLETON	PROMOTED_FROM_SOURCE		DRAFT	1	765	연료처리공사	PRESERVE_SOURCE_MEMBERSHIP	RISK-04-APPROVE-001	62c2c50e3c0becbe23a686735d1a7e50ed8bce2f3fa23c539d2250b68227c2d7	EMPTY	EMPTY
97335367b83d56f2d7376661979c49461e7243cdc2cb9da787d21f32f64db60e	PROCESS	4550c015794f93c550fc4a407b3d0537ebd3fde8130246cd5dfb9e0da0674984	기타에너지원공사	기타에너지원공사	SINGLETON	PROMOTED_FROM_SOURCE		DRAFT	1	769	기타에너지원공사	PRESERVE_SOURCE_MEMBERSHIP	RISK-04-APPROVE-001	62c2c50e3c0becbe23a686735d1a7e50ed8bce2f3fa23c539d2250b68227c2d7	EMPTY	EMPTY
8d001bee4680940152af6429b4c5f3827cfce258485b1683294cbe4bb94cdf1d	PROCESS	03d0ce13703e243cff19322fe0df26962d243d37dea0f0bc2d7522a0544a10ab	배선및가선공사	배선및가선공사	EQUIVALENCE_GROUP	MERGED_FROM_REVIEWED_SOURCES		DRAFT	2	8121 | 812	배선및가선공사 | 배선․가선공사	PRESERVE_RAW_SOURCE_LABELS	RISK-04-APPROVE-001	62c2c50e3c0becbe23a686735d1a7e50ed8bce2f3fa23c539d2250b68227c2d7	EMPTY	EMPTY
7a665c11748c42341077fd9afd02a35c4c5393995913074b384079703b592772	PROCESS	03d0ce13703e243cff19322fe0df26962d243d37dea0f0bc2d7522a0544a10ab	전기․통신공사관련기타공통공사	전기․통신공사관련기타공통공사	SINGLETON	PROMOTED_FROM_SOURCE		DRAFT	1	813	전기․통신공사관련기타공통공사	PRESERVE_SOURCE_MEMBERSHIP	RISK-04-APPROVE-001	62c2c50e3c0becbe23a686735d1a7e50ed8bce2f3fa23c539d2250b68227c2d7	EMPTY	EMPTY
7cf0e55fc5775e6c8c2904e17fe2f2fb1effd811daa301fed9bf80a8191795bb	PROCESS	87fa53f9401d9b7c7720ef7da477dadd283d8362a38e4a5f37f5d2e5fdaf5ac4	송전설비공사	송전설비공사	EQUIVALENCE_GROUP	MERGED_FROM_REVIEWED_SOURCES		DRAFT	2	8212 | 821	송전설비공사 | 송전설비공사	PRESERVE_SOURCE_MEMBERSHIP	RISK-04-APPROVE-001	62c2c50e3c0becbe23a686735d1a7e50ed8bce2f3fa23c539d2250b68227c2d7	EMPTY	EMPTY
2337a9fc8be1675e79588fcde679eab1aba3ca8cc1088817afd912b0beffdc50	PROCESS	87fa53f9401d9b7c7720ef7da477dadd283d8362a38e4a5f37f5d2e5fdaf5ac4	배전설비공사	배전설비공사	EQUIVALENCE_GROUP	MERGED_FROM_REVIEWED_SOURCES		DRAFT	2	822 | 8222	배전설비공사 | 배전설비공사	PRESERVE_SOURCE_MEMBERSHIP	RISK-04-APPROVE-001	62c2c50e3c0becbe23a686735d1a7e50ed8bce2f3fa23c539d2250b68227c2d7	EMPTY	EMPTY
9c5d076acd3550d07d3b8d5e161a39d20bc03992a7d1c3a04b07f92d854efb99	PROCESS	87fa53f9401d9b7c7720ef7da477dadd283d8362a38e4a5f37f5d2e5fdaf5ac4	발전 수변전관련전기설비공사	발전 수변전관련전기설비공사	SINGLETON	PROMOTED_FROM_SOURCE		DRAFT	1	823	발전 수변전관련전기설비공사	PRESERVE_SOURCE_MEMBERSHIP	RISK-04-APPROVE-001	62c2c50e3c0becbe23a686735d1a7e50ed8bce2f3fa23c539d2250b68227c2d7	EMPTY	EMPTY
b669d98511f7e2bfb1e96b16e62a697004f651f201a3cd3c2024d12c39d44efc	PROCESS	87fa53f9401d9b7c7720ef7da477dadd283d8362a38e4a5f37f5d2e5fdaf5ac4	전차선로공사	전차선로공사	SINGLETON	PROMOTED_FROM_SOURCE		DRAFT	1	824	전차선로공사	PRESERVE_SOURCE_MEMBERSHIP	RISK-04-APPROVE-001	62c2c50e3c0becbe23a686735d1a7e50ed8bce2f3fa23c539d2250b68227c2d7	EMPTY	EMPTY
bb852d3b868968a790e5faeaa029a52b75470c19cdadbc3efa7b19e185368a67	PROCESS	87fa53f9401d9b7c7720ef7da477dadd283d8362a38e4a5f37f5d2e5fdaf5ac4	기타전기설비공사	기타전기설비공사	SINGLETON	PROMOTED_FROM_SOURCE		DRAFT	1	825	기타전기설비공사	PRESERVE_SOURCE_MEMBERSHIP	RISK-04-APPROVE-001	62c2c50e3c0becbe23a686735d1a7e50ed8bce2f3fa23c539d2250b68227c2d7	EMPTY	EMPTY
30c5c5b7582a14cbbfd22cf36f874b71b3c0631edbf44c07f05d4e6702817359	PROCESS	324a6174194830c28313ed55db68d5b1b90bfec20a53637f8cf0bb36595ab486	조명설비공사	조명설비공사	SINGLETON	PROMOTED_FROM_SOURCE		DRAFT	1	832	조명설비공사	PRESERVE_SOURCE_MEMBERSHIP	RISK-04-APPROVE-001	62c2c50e3c0becbe23a686735d1a7e50ed8bce2f3fa23c539d2250b68227c2d7	EMPTY	EMPTY
49c4e35e62f053db17c69cb10cd3c568cf26fe18d5ce579d0e78ce4391f2359e	PROCESS	324a6174194830c28313ed55db68d5b1b90bfec20a53637f8cf0bb36595ab486	동력설비공사	동력설비공사	SINGLETON	PROMOTED_FROM_SOURCE		DRAFT	1	833	동력설비공사	PRESERVE_SOURCE_MEMBERSHIP	RISK-04-APPROVE-001	62c2c50e3c0becbe23a686735d1a7e50ed8bce2f3fa23c539d2250b68227c2d7	EMPTY	EMPTY
7dd1d5417300cf8a30f396885c09c9bdbc9355450ce458fbbd02f4de3cd7c641	PROCESS	324a6174194830c28313ed55db68d5b1b90bfec20a53637f8cf0bb36595ab486	예비전원설비공사	예비전원설비공사	EQUIVALENCE_GROUP	MERGED_FROM_REVIEWED_SOURCES		DRAFT	2	8341 | 834	예비전원설비공사 | 예비전원설비공사	PRESERVE_SOURCE_MEMBERSHIP	RISK-04-APPROVE-001	62c2c50e3c0becbe23a686735d1a7e50ed8bce2f3fa23c539d2250b68227c2d7	EMPTY	EMPTY
c2114d3b4146e11a00f569e871b06ceb8dc9419fc3f9909eb3fee63241c61aa7	PROCESS	db6bafcb5396a619ac639b6b4871b38bfd9450a31c31a9a46bbc731f09998c99	통신관련설비공사	통신관련설비공사	SINGLETON	PROMOTED_FROM_SOURCE		DRAFT	1	841	통신관련설비공사	PRESERVE_SOURCE_MEMBERSHIP	RISK-04-APPROVE-001	62c2c50e3c0becbe23a686735d1a7e50ed8bce2f3fa23c539d2250b68227c2d7	EMPTY	EMPTY
8da91d7b42ed495727ee36b4fb2f04b0716b798136eebc272c12941d475071bc	PROCESS	db6bafcb5396a619ac639b6b4871b38bfd9450a31c31a9a46bbc731f09998c99	각종표시및정보전달설비공사	각종표시및정보전달설비공사	SINGLETON	PROMOTED_FROM_SOURCE		DRAFT	1	842	각종표시및정보전달설비공사	PRESERVE_SOURCE_MEMBERSHIP	RISK-04-APPROVE-001	62c2c50e3c0becbe23a686735d1a7e50ed8bce2f3fa23c539d2250b68227c2d7	EMPTY	EMPTY
fd90a2258372539070e5c4d06e5daffb0d65f1d72c4db6f0b2a9cc04d473c76c	PROCESS	db6bafcb5396a619ac639b6b4871b38bfd9450a31c31a9a46bbc731f09998c99	방송수신설비공사	방송수신설비공사	SINGLETON	PROMOTED_FROM_SOURCE		DRAFT	1	843	방송수신설비공사	PRESERVE_SOURCE_MEMBERSHIP	RISK-04-APPROVE-001	62c2c50e3c0becbe23a686735d1a7e50ed8bce2f3fa23c539d2250b68227c2d7	EMPTY	EMPTY
f2996f6bafd81f257eb5bb413e1d97fc2d7ef6be46a6c1255c1d8d956c03d4cb	PROCESS	db6bafcb5396a619ac639b6b4871b38bfd9450a31c31a9a46bbc731f09998c99	방송관련설비공사	방송관련설비공사	SINGLETON	PROMOTED_FROM_SOURCE		DRAFT	1	844	방송관련설비공사	PRESERVE_SOURCE_MEMBERSHIP	RISK-04-APPROVE-001	62c2c50e3c0becbe23a686735d1a7e50ed8bce2f3fa23c539d2250b68227c2d7	EMPTY	EMPTY
04231490c811112bfa29c7d4e4cbf080a670678d9274cc503da398283540555e	PROCESS	db6bafcb5396a619ac639b6b4871b38bfd9450a31c31a9a46bbc731f09998c99	각종통신설비공사	각종통신설비공사	SINGLETON	PROMOTED_FROM_SOURCE		DRAFT	1	845	각종통신설비공사	PRESERVE_SOURCE_MEMBERSHIP	RISK-04-APPROVE-001	62c2c50e3c0becbe23a686735d1a7e50ed8bce2f3fa23c539d2250b68227c2d7	EMPTY	EMPTY
94a9dd9c23196c6b60f5e22b9d7abec4c68f8c467149fa9c91b138ce683130e2	PROCESS	db6bafcb5396a619ac639b6b4871b38bfd9450a31c31a9a46bbc731f09998c99	기타정보설비공사	기타정보설비공사	SINGLETON	PROMOTED_FROM_SOURCE		DRAFT	1	846	기타정보설비공사	PRESERVE_SOURCE_MEMBERSHIP	RISK-04-APPROVE-001	62c2c50e3c0becbe23a686735d1a7e50ed8bce2f3fa23c539d2250b68227c2d7	EMPTY	EMPTY
c9c24e10dd9da5cc97f2759cb026e93a4fcdf6d9824dc3d76e9769c3ecf10552	PROCESS	07d7c21945459092bbedab343d46779dae0e304fd054608896eace638286e5fd	보안전기설비공사	보안전기설비공사	SINGLETON	PROMOTED_FROM_SOURCE		DRAFT	1	852	보안전기설비공사	PRESERVE_SOURCE_MEMBERSHIP	RISK-04-APPROVE-001	62c2c50e3c0becbe23a686735d1a7e50ed8bce2f3fa23c539d2250b68227c2d7	EMPTY	EMPTY
97ae6dbb7b94a38810c359dc83a9e0600e88c972c2fb79369582072e6c0829ec	PROCESS	07d7c21945459092bbedab343d46779dae0e304fd054608896eace638286e5fd	피뢰및접지설비공사	피뢰및접지설비공사	SINGLETON	PROMOTED_FROM_SOURCE		DRAFT	1	853	피뢰및접지설비공사	PRESERVE_SOURCE_MEMBERSHIP	RISK-04-APPROVE-001	62c2c50e3c0becbe23a686735d1a7e50ed8bce2f3fa23c539d2250b68227c2d7	EMPTY	EMPTY
d97ce3648147edb7473401bdc2a36fa8984edc839290ab03cf91ab78fad2d1bf	PROCESS	07d7c21945459092bbedab343d46779dae0e304fd054608896eace638286e5fd	방범전기설비공사	방범전기설비공사	EQUIVALENCE_GROUP	MERGED_FROM_REVIEWED_SOURCES		DRAFT	2	854 | 8541	방범전기설비공사 | 방범전기설비공사	PRESERVE_SOURCE_MEMBERSHIP	RISK-04-APPROVE-001	62c2c50e3c0becbe23a686735d1a7e50ed8bce2f3fa23c539d2250b68227c2d7	EMPTY	EMPTY
e843d46a47bfb8c3bc0602eef10dc3c13e7e2660de0b7acba1d32ff7057f2ed0	PROCESS	07d7c21945459092bbedab343d46779dae0e304fd054608896eace638286e5fd	항공장해등설비공사	항공장해등설비공사	SINGLETON	PROMOTED_FROM_SOURCE		DRAFT	1	855	항공장해등설비공사	PRESERVE_SOURCE_MEMBERSHIP	RISK-04-APPROVE-001	62c2c50e3c0becbe23a686735d1a7e50ed8bce2f3fa23c539d2250b68227c2d7	EMPTY	EMPTY
f2845fdbbbc2e76f294d13974254c644ee77c981dbcbc46800ac4544c0b58d13	PROCESS	5bc3acd70ef94be1828618eb4eee664445fda4b87144a9b0b917ff2c6a19b740	건축물전기설비공사	건축물전기설비공사	EQUIVALENCE_GROUP	MERGED_FROM_REVIEWED_SOURCES		DRAFT	2	8621 | 862	건축물전기설비공사 - - 대․중․소 분류대․중․소 분류 | 건축물전기설비공사	PRESERVE_SOURCE_MEMBERSHIP	RISK-04-APPROVE-001	62c2c50e3c0becbe23a686735d1a7e50ed8bce2f3fa23c539d2250b68227c2d7	EMPTY	EMPTY
2fd5262c121f4e76524938d0cc3b8833c72d6cf66a854a91972a11a18e82c6da	PROCESS	5bc3acd70ef94be1828618eb4eee664445fda4b87144a9b0b917ff2c6a19b740	안전관련전기설비공사	안전관련전기설비공사	EQUIVALENCE_GROUP	MERGED_FROM_REVIEWED_SOURCES		DRAFT	2	864 | 8641	안전관련전기설비공사 | 안전관련전기설비공사	PRESERVE_SOURCE_MEMBERSHIP	RISK-04-APPROVE-001	62c2c50e3c0becbe23a686735d1a7e50ed8bce2f3fa23c539d2250b68227c2d7	EMPTY	EMPTY
77558d43f2fbdaf86af49dcdaebc94288203e7ea1c9d196cb3c5063a8fd9857f	PROCESS	56d3df21fd0a64158b82a8652376ab6c7bd18c6309db04b5d442b6587afcf395	기계 프랜트공통시험 시운전공사	기계 프랜트공통시험 시운전공사	SINGLETON	PROMOTED_FROM_SOURCE		DRAFT	1	911	기계 프랜트공통시험 시운전공사	PRESERVE_SOURCE_MEMBERSHIP	RISK-04-APPROVE-001	62c2c50e3c0becbe23a686735d1a7e50ed8bce2f3fa23c539d2250b68227c2d7	EMPTY	EMPTY
5170dbd24d1e51201637da9b057af2dd43f3249737ed0e78bf090bcaa448c898	PROCESS	56d3df21fd0a64158b82a8652376ab6c7bd18c6309db04b5d442b6587afcf395	기계설비시험 시운전공사	기계설비시험 시운전공사	EQUIVALENCE_GROUP	MERGED_FROM_REVIEWED_SOURCES		DRAFT	2	9121 | 912	기계설비시험 시운전공사 | 기계설비시험 시운전공사	PRESERVE_SOURCE_MEMBERSHIP	RISK-04-APPROVE-001	62c2c50e3c0becbe23a686735d1a7e50ed8bce2f3fa23c539d2250b68227c2d7	EMPTY	EMPTY
b223c472f28dc1cc03c36e7104f5353323def065f7a948690095bb4a77b40769	PROCESS	56d3df21fd0a64158b82a8652376ab6c7bd18c6309db04b5d442b6587afcf395	기계 플랜트 산업․전기설비시험 시운전공사	기계 플랜트 산업․전기설비시험 시운전공사	SINGLETON	PROMOTED_FROM_SOURCE		DRAFT	1	913	기계 플랜트 산업․전기설비시험 시운전공사	PRESERVE_SOURCE_MEMBERSHIP	RISK-04-APPROVE-001	62c2c50e3c0becbe23a686735d1a7e50ed8bce2f3fa23c539d2250b68227c2d7	EMPTY	EMPTY
c61167354764433108d4894a046b286fefe602351bec67471ab7d65883fd461b	PROCESS	56d3df21fd0a64158b82a8652376ab6c7bd18c6309db04b5d442b6587afcf395	전기 통신시험 시운전공사	전기 통신시험 시운전공사	SINGLETON	PROMOTED_FROM_SOURCE		DRAFT	1	914	전기 통신시험 시운전공사	PRESERVE_SOURCE_MEMBERSHIP	RISK-04-APPROVE-001	62c2c50e3c0becbe23a686735d1a7e50ed8bce2f3fa23c539d2250b68227c2d7	EMPTY	EMPTY
b8e46ba013e44fcf84dec546bb472a6958c197c2fa327c061ecbcc50240b35c0	PROCESS	9064599e4c516b9459a0dde55a7cd5c7ca9acff7a534ff825f9a435ccca26d89	기계 플랜트 산업설비공통시설유지정비공사	기계 플랜트 산업설비공통시설유지정비공사	SINGLETON	PROMOTED_FROM_SOURCE		DRAFT	1	921	기계 플랜트 산업설비공통시설유지정비공사	PRESERVE_SOURCE_MEMBERSHIP	RISK-04-APPROVE-001	62c2c50e3c0becbe23a686735d1a7e50ed8bce2f3fa23c539d2250b68227c2d7	EMPTY	EMPTY
cb81d3e00ea3cbce6ea5d0f6e0f85887305661ffa3a7415151a9dd1589066094	PROCESS	9064599e4c516b9459a0dde55a7cd5c7ca9acff7a534ff825f9a435ccca26d89	산업설비공통시설유지정비공사	산업설비공통시설유지정비공사	SINGLETON	PROMOTED_FROM_SOURCE		DRAFT	1	922	산업설비공통시설유지정비공사	PRESERVE_SOURCE_MEMBERSHIP	RISK-04-APPROVE-001	62c2c50e3c0becbe23a686735d1a7e50ed8bce2f3fa23c539d2250b68227c2d7	EMPTY	EMPTY
47103524b3411b065336d8b8883c7c8d19943b12efeb53d995130a53cd04c54c	PROCESS	9064599e4c516b9459a0dde55a7cd5c7ca9acff7a534ff825f9a435ccca26d89	전기 통신설비공통시설유지정비공사	전기 통신설비공통시설유지정비공사	SINGLETON	PROMOTED_FROM_SOURCE		DRAFT	1	923	전기 통신설비공통시설유지정비공사	PRESERVE_SOURCE_MEMBERSHIP	RISK-04-APPROVE-001	62c2c50e3c0becbe23a686735d1a7e50ed8bce2f3fa23c539d2250b68227c2d7	EMPTY	EMPTY
2a45c07065683953b5a79779c61f214056f929f98ced1e234dc0991009ea4320	PROCESS	9064599e4c516b9459a0dde55a7cd5c7ca9acff7a534ff825f9a435ccca26d89	전기설비시설유지정비공사	전기설비시설유지정비공사	SINGLETON	PROMOTED_FROM_SOURCE		DRAFT	1	924	전기설비시설유지정비공사	PRESERVE_SOURCE_MEMBERSHIP	RISK-04-APPROVE-001	62c2c50e3c0becbe23a686735d1a7e50ed8bce2f3fa23c539d2250b68227c2d7	EMPTY	EMPTY
eaa4070004b7b0bb3c3f9ab7493d35e2e10094d3e6221c42286816ff897c1f5f	PROCESS	9064599e4c516b9459a0dde55a7cd5c7ca9acff7a534ff825f9a435ccca26d89	기타전기설비시설유지정비공사	기타전기설비시설유지정비공사	SINGLETON	PROMOTED_FROM_SOURCE		DRAFT	1	925	기타전기설비시설유지정비공사	PRESERVE_SOURCE_MEMBERSHIP	RISK-04-APPROVE-001	62c2c50e3c0becbe23a686735d1a7e50ed8bce2f3fa23c539d2250b68227c2d7	EMPTY	EMPTY
2badeabec606a0a5fefbb3ece2876082ac14c6bda15c3f45dbba7d6e8fe2e5fc	PROCESS	9064599e4c516b9459a0dde55a7cd5c7ca9acff7a534ff825f9a435ccca26d89	통신설비시설유지정비공사	통신설비시설유지정비공사	SINGLETON	PROMOTED_FROM_SOURCE		DRAFT	1	926	통신설비시설유지정비공사	PRESERVE_SOURCE_MEMBERSHIP	RISK-04-APPROVE-001	62c2c50e3c0becbe23a686735d1a7e50ed8bce2f3fa23c539d2250b68227c2d7	EMPTY	EMPTY
c96ac36c304825c29ee231af7f514ce0ac096e0522815892526a63eb98631e39	PROCESS	EMPTY	공사계획	공사계획	SINGLETON	PROMOTED_FROM_SOURCE		DRAFT	1	0112	공사계획	PRESERVE_IN_SOURCE_MAPPING_EVIDENCE	RISK-04-APPROVE-001	62c2c50e3c0becbe23a686735d1a7e50ed8bce2f3fa23c539d2250b68227c2d7	EMPTY	EMPTY
18df971e963e4445f7d9de6e11e0f689795b23e52411ebe3f4e06552ab12c251	TASK	EMPTY	서류및샘플제출	서류및샘플제출	SINGLETON	PROMOTED_FROM_SOURCE		DRAFT	1	0113	서류및샘플제출	PRESERVE_IN_SOURCE_MAPPING_EVIDENCE	RISK-04-APPROVE-001	62c2c50e3c0becbe23a686735d1a7e50ed8bce2f3fa23c539d2250b68227c2d7	EMPTY	EMPTY
7a439acd29dd65f69446cf3e5799efa47c52dc521704096d4356e2e021028380	TASK	EMPTY	검측 기성	검측 기성	SINGLETON	PROMOTED_FROM_SOURCE		DRAFT	1	0114	검측 기성	PRESERVE_IN_SOURCE_MAPPING_EVIDENCE	RISK-04-APPROVE-001	62c2c50e3c0becbe23a686735d1a7e50ed8bce2f3fa23c539d2250b68227c2d7	EMPTY	EMPTY
2a16ffd74a0b9293c8cb8525c8541550a2648d39748806d09ded8308b50594c7	PROCESS	EMPTY	품질관리	품질관리	SINGLETON	PROMOTED_FROM_SOURCE		DRAFT	1	0115	품질관리	PRESERVE_IN_SOURCE_MAPPING_EVIDENCE	RISK-04-APPROVE-001	62c2c50e3c0becbe23a686735d1a7e50ed8bce2f3fa23c539d2250b68227c2d7	EMPTY	EMPTY
1828313c4385bdc9e07ad785dfebebadb97bd1cfabeadeaca85452d84fdbbf0c	TASK	EMPTY	공사회의	공사회의	SINGLETON	PROMOTED_FROM_SOURCE		DRAFT	1	0116	공사회의	PRESERVE_IN_SOURCE_MAPPING_EVIDENCE	RISK-04-APPROVE-001	62c2c50e3c0becbe23a686735d1a7e50ed8bce2f3fa23c539d2250b68227c2d7	EMPTY	EMPTY
086cb7669fde42d8cb3ead1004aab5073c384f43c946be95d4066abffb8e0ff9	PROCESS	EMPTY	공사관리	공사관리	SINGLETON	PROMOTED_FROM_SOURCE		DRAFT	1	0117	공사관리	PRESERVE_IN_SOURCE_MAPPING_EVIDENCE	RISK-04-APPROVE-001	62c2c50e3c0becbe23a686735d1a7e50ed8bce2f3fa23c539d2250b68227c2d7	EMPTY	EMPTY
708f590c9f35d785d6315ee7e29238697d00dd707c7dcda6060e2e370223b385	TASK	EMPTY	시운전	시운전	SINGLETON	PROMOTED_FROM_SOURCE		DRAFT	1	0118	시운전	PRESERVE_IN_SOURCE_MAPPING_EVIDENCE	RISK-04-APPROVE-001	62c2c50e3c0becbe23a686735d1a7e50ed8bce2f3fa23c539d2250b68227c2d7	EMPTY	EMPTY
e53153c5f2d624a42c97eec1ac937ceb3194bc799905a8e083045a94cb260c15	PROCESS	EMPTY	준공및하자보수	준공및하자보수	SINGLETON	PROMOTED_FROM_SOURCE		DRAFT	1	0119	준공및하자보수	PRESERVE_IN_SOURCE_MAPPING_EVIDENCE	RISK-04-APPROVE-001	62c2c50e3c0becbe23a686735d1a7e50ed8bce2f3fa23c539d2250b68227c2d7	EMPTY	EMPTY
9922a5bca521c30d62f034f6aa1ed906c4dea72b28f4eb16321cc489f2f62b0d	PROCESS	acf048a5240dfcfa6c13ef808f343ba91df60c7588b714ad55e193b842d47c36	나무널말뚝가물막이	나무널말뚝가물막이	SINGLETON	PROMOTED_FROM_SOURCE		DRAFT	1	0371	나무널말뚝가물막이	PRESERVE_SOURCE_MEMBERSHIP	RISK-04-APPROVE-001	62c2c50e3c0becbe23a686735d1a7e50ed8bce2f3fa23c539d2250b68227c2d7	EMPTY	EMPTY
40e50be53a2c2f65625b6a16a4c34552caf95de404993c49b8be1cbf38dd0e60	PROCESS	acf048a5240dfcfa6c13ef808f343ba91df60c7588b714ad55e193b842d47c36	토사가물막이	토사가물막이	SINGLETON	PROMOTED_FROM_SOURCE		DRAFT	1	0374	토사가물막이	PRESERVE_SOURCE_MEMBERSHIP	RISK-04-APPROVE-001	62c2c50e3c0becbe23a686735d1a7e50ed8bce2f3fa23c539d2250b68227c2d7	EMPTY	EMPTY
95548b01409deeeb665cdd233c9727acf68309b39ff4e80422db5348e00569b7	PROCESS	acf048a5240dfcfa6c13ef808f343ba91df60c7588b714ad55e193b842d47c36	사석가물막이	사석가물막이	SINGLETON	PROMOTED_FROM_SOURCE		DRAFT	1	0375	사석가물막이	PRESERVE_SOURCE_MEMBERSHIP	RISK-04-APPROVE-001	62c2c50e3c0becbe23a686735d1a7e50ed8bce2f3fa23c539d2250b68227c2d7	EMPTY	EMPTY
46e0a52671a5d615f3aec95f831a55abd6286bf741805749876b63aa879d0e11	TASK	e36382f0d8f225fe74d5e7a526053c2fb280393d66819903c899d1baaecfd9c3	토질오염방지	토질오염방지	SINGLETON	PROMOTED_FROM_SOURCE		DRAFT	1	0512	토질오염방지	PRESERVE_SOURCE_MEMBERSHIP	RISK-04-APPROVE-001	62c2c50e3c0becbe23a686735d1a7e50ed8bce2f3fa23c539d2250b68227c2d7	EMPTY	EMPTY
8a7098471330c43d54b3ab05aa1c620fafef97659c196ebf0a9df9fcc30cf4bf	TASK	e36382f0d8f225fe74d5e7a526053c2fb280393d66819903c899d1baaecfd9c3	대기오염방지	대기오염방지	SINGLETON	PROMOTED_FROM_SOURCE		DRAFT	1	0513	대기오염방지	PRESERVE_SOURCE_MEMBERSHIP	RISK-04-APPROVE-001	62c2c50e3c0becbe23a686735d1a7e50ed8bce2f3fa23c539d2250b68227c2d7	EMPTY	EMPTY
3db38d9b9a8f8def0a76425727fae6a66ab1e55c59346fd1636110c11e5803e9	TASK	e36382f0d8f225fe74d5e7a526053c2fb280393d66819903c899d1baaecfd9c3	소음진동방지	소음진동방지	SINGLETON	PROMOTED_FROM_SOURCE		DRAFT	1	0514	소음진동방지	PRESERVE_SOURCE_MEMBERSHIP	RISK-04-APPROVE-001	62c2c50e3c0becbe23a686735d1a7e50ed8bce2f3fa23c539d2250b68227c2d7	EMPTY	EMPTY
6d83ddbf5bdcb4ffb22e45aa73bf91c2c300baa4b577a7370e97e4f7a76532bf	TASK	e36382f0d8f225fe74d5e7a526053c2fb280393d66819903c899d1baaecfd9c3	도로오염방지	도로오염방지	SINGLETON	PROMOTED_FROM_SOURCE		DRAFT	1	0515	도로오염방지 - - 대․중․소 분류대․중․소 분류	PRESERVE_SOURCE_MEMBERSHIP	RISK-04-APPROVE-001	62c2c50e3c0becbe23a686735d1a7e50ed8bce2f3fa23c539d2250b68227c2d7	EMPTY	EMPTY
8c406df9c39b1a22175d350f0e87e6b32176359084aa100c66fdafa2467d61a9	TASK	e36382f0d8f225fe74d5e7a526053c2fb280393d66819903c899d1baaecfd9c3	폐기물처리	폐기물처리	SINGLETON	PROMOTED_FROM_SOURCE		DRAFT	1	0516	폐기물처리	PRESERVE_SOURCE_MEMBERSHIP	RISK-04-APPROVE-001	62c2c50e3c0becbe23a686735d1a7e50ed8bce2f3fa23c539d2250b68227c2d7	EMPTY	EMPTY
a7f787ab26ce52b0807848c5a03dc921ed7a30f71c337eb68d0bd8aa61555433	TASK	249cb67cbed2c90090fb04d8b37f0cac252b36cdb057f689dc1e7b30153c2ea7	현장상시정리	현장상시정리	SINGLETON	PROMOTED_FROM_SOURCE		DRAFT	1	0581	현장상시정리	PRESERVE_SOURCE_MEMBERSHIP	RISK-04-APPROVE-001	62c2c50e3c0becbe23a686735d1a7e50ed8bce2f3fa23c539d2250b68227c2d7	EMPTY	EMPTY
8f0ff4fff0e3c91cc5e592990f248cc51b58c6bff810530c5346797b4f9f7e63	TASK	249cb67cbed2c90090fb04d8b37f0cac252b36cdb057f689dc1e7b30153c2ea7	정기안전점검	정기안전점검	SINGLETON	PROMOTED_FROM_SOURCE		DRAFT	1	0582	정기안전점검	PRESERVE_SOURCE_MEMBERSHIP	RISK-04-APPROVE-001	62c2c50e3c0becbe23a686735d1a7e50ed8bce2f3fa23c539d2250b68227c2d7	EMPTY	EMPTY
6df4c8fac17dbf399e313d6664023a1cdf674f2eb7e6e014645d2fa55c29fba2	TASK	249cb67cbed2c90090fb04d8b37f0cac252b36cdb057f689dc1e7b30153c2ea7	사후환경평가	사후환경평가	SINGLETON	PROMOTED_FROM_SOURCE		DRAFT	1	0583	사후환경평가	PRESERVE_SOURCE_MEMBERSHIP	RISK-04-APPROVE-001	62c2c50e3c0becbe23a686735d1a7e50ed8bce2f3fa23c539d2250b68227c2d7	EMPTY	EMPTY
71dbb0b83d309315c35fcbf9d7055443a6d44554e4252d03160dcbdf9250ddb7	TASK	249cb67cbed2c90090fb04d8b37f0cac252b36cdb057f689dc1e7b30153c2ea7	구조물건전성평가	구조물건전성평가	SINGLETON	PROMOTED_FROM_SOURCE		DRAFT	1	0584	구조물건전성평가	PRESERVE_SOURCE_MEMBERSHIP	RISK-04-APPROVE-001	62c2c50e3c0becbe23a686735d1a7e50ed8bce2f3fa23c539d2250b68227c2d7	EMPTY	EMPTY
ae0bfd8637184d3bb5755a2588035c0f1a3b4c90b596581f3b40ce2447ad674f	TASK	249cb67cbed2c90090fb04d8b37f0cac252b36cdb057f689dc1e7b30153c2ea7	준공정리	준공정리	SINGLETON	PROMOTED_FROM_SOURCE		DRAFT	1	0588	준공정리	PRESERVE_SOURCE_MEMBERSHIP	RISK-04-APPROVE-001	62c2c50e3c0becbe23a686735d1a7e50ed8bce2f3fa23c539d2250b68227c2d7	EMPTY	EMPTY
b03fbc6a3d1cc5c749f414fcc5f225a1321b4c14400c889ba34906b882270813	TASK	3f612031c05b9c0b8ba03255f00c29f63216aab4035a4a662dab66c1ba3616ba	각측정	각측정	SINGLETON	PROMOTED_FROM_SOURCE		DRAFT	1	1112	각측정	PRESERVE_SOURCE_MEMBERSHIP	RISK-04-APPROVE-001	62c2c50e3c0becbe23a686735d1a7e50ed8bce2f3fa23c539d2250b68227c2d7	EMPTY	EMPTY
7d8f4dfb952b59daa45a71b00c4fff5823d25e78430280718a0544fb9fed1892	TASK	3f612031c05b9c0b8ba03255f00c29f63216aab4035a4a662dab66c1ba3616ba	기준점측량	기준점측량	SINGLETON	PROMOTED_FROM_SOURCE		DRAFT	1	1113	기준점측량	PRESERVE_SOURCE_MEMBERSHIP	RISK-04-APPROVE-001	62c2c50e3c0becbe23a686735d1a7e50ed8bce2f3fa23c539d2250b68227c2d7	EMPTY	EMPTY
796a1e54c219c3640bde0e60f3287acf9718e517d571ef534b81fdefcc942627	TASK	3f612031c05b9c0b8ba03255f00c29f63216aab4035a4a662dab66c1ba3616ba	삼각측량	삼각측량	SINGLETON	PROMOTED_FROM_SOURCE		DRAFT	1	1114	삼각측량	PRESERVE_SOURCE_MEMBERSHIP	RISK-04-APPROVE-001	62c2c50e3c0becbe23a686735d1a7e50ed8bce2f3fa23c539d2250b68227c2d7	EMPTY	EMPTY
13bdd5bc54f96d15e09d43d8f90f3253f1fdfc53cf54c00a8016b893fb25487a	TASK	3f612031c05b9c0b8ba03255f00c29f63216aab4035a4a662dab66c1ba3616ba	다각측량	다각측량	SINGLETON	PROMOTED_FROM_SOURCE		DRAFT	1	1115	다각측량	PRESERVE_SOURCE_MEMBERSHIP	RISK-04-APPROVE-001	62c2c50e3c0becbe23a686735d1a7e50ed8bce2f3fa23c539d2250b68227c2d7	EMPTY	EMPTY
750067d3e434ddea0d8600d1f6d1e29d36e09c7cb701500f63c5ef434b3581f0	TASK	3f612031c05b9c0b8ba03255f00c29f63216aab4035a4a662dab66c1ba3616ba	수준측량	수준측량	SINGLETON	PROMOTED_FROM_SOURCE		DRAFT	1	1116	수준측량	PRESERVE_SOURCE_MEMBERSHIP	RISK-04-APPROVE-001	62c2c50e3c0becbe23a686735d1a7e50ed8bce2f3fa23c539d2250b68227c2d7	EMPTY	EMPTY
f52ae7416a09a26bbb59179713d2ae9be9315392f78c60beec016bca3ba7a5ed	TASK	3f612031c05b9c0b8ba03255f00c29f63216aab4035a4a662dab66c1ba3616ba	사진측량	사진측량	SINGLETON	PROMOTED_FROM_SOURCE		DRAFT	1	1117	사진측량	PRESERVE_SOURCE_MEMBERSHIP	RISK-04-APPROVE-001	62c2c50e3c0becbe23a686735d1a7e50ed8bce2f3fa23c539d2250b68227c2d7	EMPTY	EMPTY
4c0470126a9445cbdda91a0dac821501c19ac277724bd2a0f8b01a89f2c765c3	TASK	3f612031c05b9c0b8ba03255f00c29f63216aab4035a4a662dab66c1ba3616ba	수심측량	수심측량	SINGLETON	PROMOTED_FROM_SOURCE		DRAFT	1	1118	수심측량	PRESERVE_SOURCE_MEMBERSHIP	RISK-04-APPROVE-001	62c2c50e3c0becbe23a686735d1a7e50ed8bce2f3fa23c539d2250b68227c2d7	EMPTY	EMPTY
36d0ddcc880a95a48bd51e7272c8d19e33b4256e82dc8ab9e64e24809ee04ea2	TASK	744e95bb6e4a96594b2a7ad300501609c2e73264f98d8b4d92b4726208bb59cd	신규등록측량	신규등록측량	SINGLETON	PROMOTED_FROM_SOURCE		DRAFT	1	1151	신규등록측량	PRESERVE_SOURCE_MEMBERSHIP	RISK-04-APPROVE-001	62c2c50e3c0becbe23a686735d1a7e50ed8bce2f3fa23c539d2250b68227c2d7	EMPTY	EMPTY
8a5ad2e2dcbf8667bef87a48c6977f121135878995137a6c32e4058b1be6cf95	TASK	744e95bb6e4a96594b2a7ad300501609c2e73264f98d8b4d92b4726208bb59cd	등록전환측량	등록전환측량	SINGLETON	PROMOTED_FROM_SOURCE		DRAFT	1	1152	등록전환측량 - - 대․중․소 분류대․중․소 분류	PRESERVE_SOURCE_MEMBERSHIP	RISK-04-APPROVE-001	62c2c50e3c0becbe23a686735d1a7e50ed8bce2f3fa23c539d2250b68227c2d7	EMPTY	EMPTY
c3782a42aec31a08f6c46c1e238c96eac185b6f01fffd798d5020f3762a78f16	TASK	744e95bb6e4a96594b2a7ad300501609c2e73264f98d8b4d92b4726208bb59cd	분할측량	분할측량	SINGLETON	PROMOTED_FROM_SOURCE		DRAFT	1	1153	분할측량	PRESERVE_SOURCE_MEMBERSHIP	RISK-04-APPROVE-001	62c2c50e3c0becbe23a686735d1a7e50ed8bce2f3fa23c539d2250b68227c2d7	EMPTY	EMPTY
dde0a314d9ec9cfc983fac1e96d0f7f3458528ebc54c068a44f6073d9c4f531b	TASK	744e95bb6e4a96594b2a7ad300501609c2e73264f98d8b4d92b4726208bb59cd	경계복원측량	경계복원측량	SINGLETON	PROMOTED_FROM_SOURCE		DRAFT	1	1154	경계복원측량	PRESERVE_SOURCE_MEMBERSHIP	RISK-04-APPROVE-001	62c2c50e3c0becbe23a686735d1a7e50ed8bce2f3fa23c539d2250b68227c2d7	EMPTY	EMPTY
91683dbe4c2e9cfd8fa2e5f56b4ea67aa0e222c69a68a878ac9d0f3b34e56544	TASK	744e95bb6e4a96594b2a7ad300501609c2e73264f98d8b4d92b4726208bb59cd	지적확정측량	지적확정측량	SINGLETON	PROMOTED_FROM_SOURCE		DRAFT	1	1155	지적확정측량	PRESERVE_SOURCE_MEMBERSHIP	RISK-04-APPROVE-001	62c2c50e3c0becbe23a686735d1a7e50ed8bce2f3fa23c539d2250b68227c2d7	EMPTY	EMPTY
3313a813f7156a19f5903d9739b0f4c14fa98c4c0eb712e7ed0851b78651ee92	TASK	1b33acde756d06171cafc114685d2b6ad10055120d1528e7f9291852ec7e8809	벤치마킹설치	벤치마킹설치	SINGLETON	PROMOTED_FROM_SOURCE		DRAFT	1	1161	벤치마킹설치	PRESERVE_SOURCE_MEMBERSHIP	RISK-04-APPROVE-001	62c2c50e3c0becbe23a686735d1a7e50ed8bce2f3fa23c539d2250b68227c2d7	EMPTY	EMPTY
df370a7127e79025f7e83abe965d3a105cafdcc55558658c6a5716345f46cafe	TASK	1b33acde756d06171cafc114685d2b6ad10055120d1528e7f9291852ec7e8809	중심선측량	중심선측량	SINGLETON	PROMOTED_FROM_SOURCE		DRAFT	1	1162	중심선측량	PRESERVE_SOURCE_MEMBERSHIP	RISK-04-APPROVE-001	62c2c50e3c0becbe23a686735d1a7e50ed8bce2f3fa23c539d2250b68227c2d7	EMPTY	EMPTY
2f283c739eeb7702c2dc1909c9f7c287f6079b039dfda07c3d7dac25d53ea9da	TASK	1b33acde756d06171cafc114685d2b6ad10055120d1528e7f9291852ec7e8809	종단측량	종단측량	SINGLETON	PROMOTED_FROM_SOURCE		DRAFT	1	1163	종단측량	PRESERVE_SOURCE_MEMBERSHIP	RISK-04-APPROVE-001	62c2c50e3c0becbe23a686735d1a7e50ed8bce2f3fa23c539d2250b68227c2d7	EMPTY	EMPTY
33be07b4f4bfad82d747293897345d3507e5145eefb0ff927385f94201681ffd	TASK	1b33acde756d06171cafc114685d2b6ad10055120d1528e7f9291852ec7e8809	횡단측량	횡단측량	SINGLETON	PROMOTED_FROM_SOURCE		DRAFT	1	1164	횡단측량	PRESERVE_SOURCE_MEMBERSHIP	RISK-04-APPROVE-001	62c2c50e3c0becbe23a686735d1a7e50ed8bce2f3fa23c539d2250b68227c2d7	EMPTY	EMPTY
16f0a948e713facd927de143bd06bbc9beaafa8ae4be7a514a7f840d3d5f59af	TASK	1b33acde756d06171cafc114685d2b6ad10055120d1528e7f9291852ec7e8809	면체적측량	면체적측량	SINGLETON	PROMOTED_FROM_SOURCE		DRAFT	1	1165	면체적측량	PRESERVE_SOURCE_MEMBERSHIP	RISK-04-APPROVE-001	62c2c50e3c0becbe23a686735d1a7e50ed8bce2f3fa23c539d2250b68227c2d7	EMPTY	EMPTY
e95758a16e7afb34f50d435468fa380d45304de7012787df4aa63065d9564647	TASK	1b33acde756d06171cafc114685d2b6ad10055120d1528e7f9291852ec7e8809	공사측량	공사측량	SINGLETON	PROMOTED_FROM_SOURCE		DRAFT	1	1166	공사측량	PRESERVE_SOURCE_MEMBERSHIP	RISK-04-APPROVE-001	62c2c50e3c0becbe23a686735d1a7e50ed8bce2f3fa23c539d2250b68227c2d7	EMPTY	EMPTY
a531647729d9b5c118d0879621d600b895cf7e474ee9a97e9c6afbdfbcf14c8a	TASK	ee6c41f2ed48ba58329afbe31673c97b6af2e326b35b284237ac74bdfe372b81	시가지측량	시가지측량	SINGLETON	PROMOTED_FROM_SOURCE		DRAFT	1	1191	시가지측량	PRESERVE_SOURCE_MEMBERSHIP	RISK-04-APPROVE-001	62c2c50e3c0becbe23a686735d1a7e50ed8bce2f3fa23c539d2250b68227c2d7	EMPTY	EMPTY
64a877f0811732bd51f8b8eb40279d4c70aca06e4a6351b542a5f6ae1d60c4c4	TASK	ee6c41f2ed48ba58329afbe31673c97b6af2e326b35b284237ac74bdfe372b81	건축측량	건축측량	SINGLETON	PROMOTED_FROM_SOURCE		DRAFT	1	1192	건축측량	PRESERVE_SOURCE_MEMBERSHIP	RISK-04-APPROVE-001	62c2c50e3c0becbe23a686735d1a7e50ed8bce2f3fa23c539d2250b68227c2d7	EMPTY	EMPTY
c5cf78146982f1a49871ccad7cb4bf27ab3178086bff58ad4a67b1969dd48709	TASK	ee6c41f2ed48ba58329afbe31673c97b6af2e326b35b284237ac74bdfe372b81	터널및광산측량	터널및광산측량	SINGLETON	PROMOTED_FROM_SOURCE		DRAFT	1	1193	터널및광산측량	PRESERVE_SOURCE_MEMBERSHIP	RISK-04-APPROVE-001	62c2c50e3c0becbe23a686735d1a7e50ed8bce2f3fa23c539d2250b68227c2d7	EMPTY	EMPTY
a4786618be452304d37d7ebff5250df8fdf7eb9495b1b866acaf3d0059833470	TASK	ee6c41f2ed48ba58329afbe31673c97b6af2e326b35b284237ac74bdfe372b81	농지및삼림측량	농지및삼림측량	SINGLETON	PROMOTED_FROM_SOURCE		DRAFT	1	1194	농지및삼림측량	PRESERVE_SOURCE_MEMBERSHIP	RISK-04-APPROVE-001	62c2c50e3c0becbe23a686735d1a7e50ed8bce2f3fa23c539d2250b68227c2d7	EMPTY	EMPTY
47b8c92dbad812d2803d14e12ca54cfaf39daf3c02ab663c06fd4e614163332f	TASK	1c9173573f2f0541138461293746faab63d48eb4018852a282872a0707ba58b1	지하수측정	지하수측정	SINGLETON	PROMOTED_FROM_SOURCE		DRAFT	1	1213	지하수측정	PRESERVE_SOURCE_MEMBERSHIP	RISK-04-APPROVE-001	62c2c50e3c0becbe23a686735d1a7e50ed8bce2f3fa23c539d2250b68227c2d7	EMPTY	EMPTY
396cd9af911cf5a48d985fc5f503f910f25121c352ce5864a6eb342f2a71e31e	TASK	1c9173573f2f0541138461293746faab63d48eb4018852a282872a0707ba58b1	인접구조물경사도및균열측정	인접구조물경사도및균열측정	SINGLETON	PROMOTED_FROM_SOURCE		DRAFT	1	1214	인접구조물경사도및균열측정	PRESERVE_SOURCE_MEMBERSHIP	RISK-04-APPROVE-001	62c2c50e3c0becbe23a686735d1a7e50ed8bce2f3fa23c539d2250b68227c2d7	EMPTY	EMPTY
b2d7029323cbc8a1b7cf8daf03b4331428d16f4d9f2a8f82908679624b5975e0	TASK	1c9173573f2f0541138461293746faab63d48eb4018852a282872a0707ba58b1	토압측정(PressureCell)	토압측정(PressureCell)	SINGLETON	PROMOTED_FROM_SOURCE		DRAFT	1	1215	토압측정(PressureCell)	PRESERVE_SOURCE_MEMBERSHIP	RISK-04-APPROVE-001	62c2c50e3c0becbe23a686735d1a7e50ed8bce2f3fa23c539d2250b68227c2d7	EMPTY	EMPTY
2a7f4a15a55b8b24aa192c9bff7838332e5727d2d9bf8f55dff6adb4d2145813	TASK	1c9173573f2f0541138461293746faab63d48eb4018852a282872a0707ba58b1	응력측정(StrainGauge)	응력측정(StrainGauge)	SINGLETON	PROMOTED_FROM_SOURCE		DRAFT	1	1216	응력측정(StrainGauge)	PRESERVE_SOURCE_MEMBERSHIP	RISK-04-APPROVE-001	62c2c50e3c0becbe23a686735d1a7e50ed8bce2f3fa23c539d2250b68227c2d7	EMPTY	EMPTY
aee289032d15fd5ae53b2411a611a57e8438134de0f2b8616c2cf2665db2e7bd	TASK	1c9173573f2f0541138461293746faab63d48eb4018852a282872a0707ba58b1	하중측정(LoadCell)	하중측정(LoadCell)	SINGLETON	PROMOTED_FROM_SOURCE		DRAFT	1	1217	하중측정(LoadCell)	PRESERVE_SOURCE_MEMBERSHIP	RISK-04-APPROVE-001	62c2c50e3c0becbe23a686735d1a7e50ed8bce2f3fa23c539d2250b68227c2d7	EMPTY	EMPTY
936088bde8d859b200f9cb8c0a12a89e475475749a9c7a8e771699e860620209	TASK	1c9173573f2f0541138461293746faab63d48eb4018852a282872a0707ba58b1	진동소음측정	진동소음측정	SINGLETON	PROMOTED_FROM_SOURCE		DRAFT	1	1218	진동소음측정	PRESERVE_SOURCE_MEMBERSHIP	RISK-04-APPROVE-001	62c2c50e3c0becbe23a686735d1a7e50ed8bce2f3fa23c539d2250b68227c2d7	EMPTY	EMPTY
fa43225f53340d18b87d168cfa3e666495b66b3d4620644f7ee0376095ff26ff	TASK	9d99ccebbabc3543fa22a500a689aa9c9635bf56f19b31ae3a4c0a79be7f3c4a	구조체정적계측	구조체정적계측	SINGLETON	PROMOTED_FROM_SOURCE		DRAFT	1	1221	구조체정적계측	PRESERVE_SOURCE_MEMBERSHIP	RISK-04-APPROVE-001	62c2c50e3c0becbe23a686735d1a7e50ed8bce2f3fa23c539d2250b68227c2d7	EMPTY	EMPTY
b96f9d30b8931f4768261890e851dbc2960bd14e6d98e1db0078be9a5d6da033	TASK	1a13ea0495c762c614f4fa5cbcf476764c9287e017255d6e15df7cb6defa5748	동적계측	동적계측	EQUIVALENCE_GROUP	MERGED_FROM_REVIEWED_SOURCES		DRAFT	2	1242 | 1222	동적계측 | 동적계측	PRESERVE_IN_SOURCE_MAPPING_EVIDENCE	RISK-04-APPROVE-001	62c2c50e3c0becbe23a686735d1a7e50ed8bce2f3fa23c539d2250b68227c2d7	EMPTY	EMPTY
24d8355e17a8cef4c25f0f24c34bbf90473cbc175b0a1cf7f89950ec0e030fe1	TASK	9d99ccebbabc3543fa22a500a689aa9c9635bf56f19b31ae3a4c0a79be7f3c4a	하중측정	하중측정	SINGLETON	PROMOTED_FROM_SOURCE		DRAFT	1	1223	하중측정	PRESERVE_SOURCE_MEMBERSHIP	RISK-04-APPROVE-001	62c2c50e3c0becbe23a686735d1a7e50ed8bce2f3fa23c539d2250b68227c2d7	EMPTY	EMPTY
d9e2d17ba956006f5e9059476f1122f8976235c8494d7b2eafd43dc9485e1506	TASK	9d99ccebbabc3543fa22a500a689aa9c9635bf56f19b31ae3a4c0a79be7f3c4a	누수량측정	누수량측정	SINGLETON	PROMOTED_FROM_SOURCE		DRAFT	1	1227	누수량측정	PRESERVE_SOURCE_MEMBERSHIP	RISK-04-APPROVE-001	62c2c50e3c0becbe23a686735d1a7e50ed8bce2f3fa23c539d2250b68227c2d7	EMPTY	EMPTY
2ca4d39796491cdb2a1a251ae850ba2275741ae3c034df5e58355939e0616c76	TASK	7d998429c979fb90025cfdc3b72fcecbd47952246191a2bc1ef02f5874c6985e	터널내공변위측정	터널내공변위측정	SINGLETON	PROMOTED_FROM_SOURCE		DRAFT	1	1231	터널내공변위측정	PRESERVE_SOURCE_MEMBERSHIP	RISK-04-APPROVE-001	62c2c50e3c0becbe23a686735d1a7e50ed8bce2f3fa23c539d2250b68227c2d7	EMPTY	EMPTY
292d17c406577beed16c4ff576a042dd571b8e42952e33857352de895625fb50	TASK	7d998429c979fb90025cfdc3b72fcecbd47952246191a2bc1ef02f5874c6985e	터널천단침하측정	터널천단침하측정	SINGLETON	PROMOTED_FROM_SOURCE		DRAFT	1	1232	터널천단침하측정	PRESERVE_SOURCE_MEMBERSHIP	RISK-04-APPROVE-001	62c2c50e3c0becbe23a686735d1a7e50ed8bce2f3fa23c539d2250b68227c2d7	EMPTY	EMPTY
23cf4984f96c73906eb6eb3d3a71ef7475f14cf43def5c670438cf5ed0f48a68	TASK	7d998429c979fb90025cfdc3b72fcecbd47952246191a2bc1ef02f5874c6985e	터널내지중변위측정	터널내지중변위측정	SINGLETON	PROMOTED_FROM_SOURCE		DRAFT	1	1233	터널내지중변위측정	PRESERVE_SOURCE_MEMBERSHIP	RISK-04-APPROVE-001	62c2c50e3c0becbe23a686735d1a7e50ed8bce2f3fa23c539d2250b68227c2d7	EMPTY	EMPTY
941a681a1cdf0bb527274f0d493dab0416986e8a6993d9d7d885aeac94324598	TASK	7d998429c979fb90025cfdc3b72fcecbd47952246191a2bc1ef02f5874c6985e	지표및지중침하측정	지표및지중침하측정	SINGLETON	PROMOTED_FROM_SOURCE		DRAFT	1	1236	지표및지중침하측정	PRESERVE_SOURCE_MEMBERSHIP	RISK-04-APPROVE-001	62c2c50e3c0becbe23a686735d1a7e50ed8bce2f3fa23c539d2250b68227c2d7	EMPTY	EMPTY
283672ba6aac880e7e36e0f63c1e50a1ecd52f32990e5a866a592fe1b7d3f7b4	TASK	22c25c4d80b5f322322cf132f90fa62ee6252d49235e769b6fb93ec87f34cc77	교량정적계측	교량정적계측	SINGLETON	PROMOTED_FROM_SOURCE		DRAFT	1	1241	교량정적계측	PRESERVE_SOURCE_MEMBERSHIP	RISK-04-APPROVE-001	62c2c50e3c0becbe23a686735d1a7e50ed8bce2f3fa23c539d2250b68227c2d7	EMPTY	EMPTY
82f7947d13a30fadf9dd168b9d5a6020f90ef662b2d8c226b29bb4d56828b653	TASK	a59c0bc5efafe8ced03e17d2e0a14ab093d3cb29ca6b9c750cbde03915173b6d	일반현장시험	일반현장시험	SINGLETON	PROMOTED_FROM_SOURCE		DRAFT	1	1341	일반현장시험	PRESERVE_SOURCE_MEMBERSHIP	RISK-04-APPROVE-001	62c2c50e3c0becbe23a686735d1a7e50ed8bce2f3fa23c539d2250b68227c2d7	EMPTY	EMPTY
22422e38aef5b1746f897e811618ce9728392d205998bf4e29c7c714115ef45d	TASK	a59c0bc5efafe8ced03e17d2e0a14ab093d3cb29ca6b9c750cbde03915173b6d	압밀시험	압밀시험	SINGLETON	PROMOTED_FROM_SOURCE		DRAFT	1	1342	압밀시험	PRESERVE_SOURCE_MEMBERSHIP	RISK-04-APPROVE-001	62c2c50e3c0becbe23a686735d1a7e50ed8bce2f3fa23c539d2250b68227c2d7	EMPTY	EMPTY
092012f72fa71dbe3c210029b2d3fd119cd18a4ab2362683b4610ea9e505dc12	TASK	a59c0bc5efafe8ced03e17d2e0a14ab093d3cb29ca6b9c750cbde03915173b6d	다짐시험	다짐시험	SINGLETON	PROMOTED_FROM_SOURCE		DRAFT	1	1343	다짐시험	PRESERVE_SOURCE_MEMBERSHIP	RISK-04-APPROVE-001	62c2c50e3c0becbe23a686735d1a7e50ed8bce2f3fa23c539d2250b68227c2d7	EMPTY	EMPTY
574e9bef284ab77be9a1177d6f12c41cf1005f6ec5bb8de9aed96f6c74a5826c	TASK	a59c0bc5efafe8ced03e17d2e0a14ab093d3cb29ca6b9c750cbde03915173b6d	사운딩시험	사운딩시험	SINGLETON	PROMOTED_FROM_SOURCE		DRAFT	1	1344	사운딩시험	PRESERVE_SOURCE_MEMBERSHIP	RISK-04-APPROVE-001	62c2c50e3c0becbe23a686735d1a7e50ed8bce2f3fa23c539d2250b68227c2d7	EMPTY	EMPTY
ab490257bbbb9e9fed2e87a3e2101d2ede7d7c5ea60ef5f66e069d8faabf72af	TASK	1cfec0bc08793ae94b4373544f7f2c319776ddeaba08da3e088897273233c360	일반실내실험	일반실내실험	SINGLETON	PROMOTED_FROM_SOURCE		DRAFT	1	1351	일반실내실험	PRESERVE_SOURCE_MEMBERSHIP	RISK-04-APPROVE-001	62c2c50e3c0becbe23a686735d1a7e50ed8bce2f3fa23c539d2250b68227c2d7	EMPTY	EMPTY
06f29e5d1c0ceba9f770fb01bcf5c0355047ad2cef3ab6eba232e835c880e3be	TASK	1cfec0bc08793ae94b4373544f7f2c319776ddeaba08da3e088897273233c360	화학성분실험	화학성분실험	SINGLETON	PROMOTED_FROM_SOURCE		DRAFT	1	1352	화학성분실험	PRESERVE_SOURCE_MEMBERSHIP	RISK-04-APPROVE-001	62c2c50e3c0becbe23a686735d1a7e50ed8bce2f3fa23c539d2250b68227c2d7	EMPTY	EMPTY
a7cb1adc7ed2df7532b4cdf5f7c58317406a809249aa3cdd07834e81726d22b9	TASK	1cfec0bc08793ae94b4373544f7f2c319776ddeaba08da3e088897273233c360	실내다짐도실험	실내다짐도실험	SINGLETON	PROMOTED_FROM_SOURCE		DRAFT	1	1353	실내다짐도실험	PRESERVE_SOURCE_MEMBERSHIP	RISK-04-APPROVE-001	62c2c50e3c0becbe23a686735d1a7e50ed8bce2f3fa23c539d2250b68227c2d7	EMPTY	EMPTY
58cf954b77bbbc4a31846c4e814784229405ba1ba8f87332fc3a0b6f2367842a	TASK	1cfec0bc08793ae94b4373544f7f2c319776ddeaba08da3e088897273233c360	투수시험	투수시험	SINGLETON	PROMOTED_FROM_SOURCE		DRAFT	1	1354	투수시험	PRESERVE_SOURCE_MEMBERSHIP	RISK-04-APPROVE-001	62c2c50e3c0becbe23a686735d1a7e50ed8bce2f3fa23c539d2250b68227c2d7	EMPTY	EMPTY
ad5aa719a9db70a167e29c1bbc2c48d5e6243c9d879003d534c6acc14176c980	TASK	1cfec0bc08793ae94b4373544f7f2c319776ddeaba08da3e088897273233c360	흙의강도시험	흙의강도시험	SINGLETON	PROMOTED_FROM_SOURCE		DRAFT	1	1355	흙의강도시험	PRESERVE_SOURCE_MEMBERSHIP	RISK-04-APPROVE-001	62c2c50e3c0becbe23a686735d1a7e50ed8bce2f3fa23c539d2250b68227c2d7	EMPTY	EMPTY
ee921edac279290dd165e5e4a386ebd0488886641593c917d731098a68203c66	TASK	1cfec0bc08793ae94b4373544f7f2c319776ddeaba08da3e088897273233c360	토사류기타시험	토사류기타시험	SINGLETON	PROMOTED_FROM_SOURCE		DRAFT	1	1356	토사류기타시험	PRESERVE_SOURCE_MEMBERSHIP	RISK-04-APPROVE-001	62c2c50e3c0becbe23a686735d1a7e50ed8bce2f3fa23c539d2250b68227c2d7	EMPTY	EMPTY
645496f94b416c444228542ea262cd4efe7b700f8f56571434f374379ccd5246	TASK	c7f1f2cc78c4ae135dee0f12e4f7c7a93419f07e4924b72dc0cae7eb78ba51fe	암석시험	암석시험	SINGLETON	PROMOTED_FROM_SOURCE		DRAFT	1	1361	암석시험	PRESERVE_SOURCE_MEMBERSHIP	RISK-04-APPROVE-001	62c2c50e3c0becbe23a686735d1a7e50ed8bce2f3fa23c539d2250b68227c2d7	EMPTY	EMPTY
7a8804dea1ba154d095565e97e6bccea70dc6494b5679e73e323c0757ed433f7	TASK	c7f1f2cc78c4ae135dee0f12e4f7c7a93419f07e4924b72dc0cae7eb78ba51fe	암반시험	암반시험	SINGLETON	PROMOTED_FROM_SOURCE		DRAFT	1	1362	암반시험	PRESERVE_SOURCE_MEMBERSHIP	RISK-04-APPROVE-001	62c2c50e3c0becbe23a686735d1a7e50ed8bce2f3fa23c539d2250b68227c2d7	EMPTY	EMPTY
eca34b9dc0d2d1398780bb3649b098fa4577ffb8e312f417d0d1c1b5c42fc359	TASK	869d9f89089f464d0e892d12e31f0a5a40cac8a69d3a0568757aeb3fd3c29ec9	지장수목이식	지장수목이식	SINGLETON	PROMOTED_FROM_SOURCE		DRAFT	1	1812	지장수목이식	PRESERVE_SOURCE_MEMBERSHIP	RISK-04-APPROVE-001	62c2c50e3c0becbe23a686735d1a7e50ed8bce2f3fa23c539d2250b68227c2d7	EMPTY	EMPTY
d55f02d74724bc40cb48d3667d99923f7581a1cdf272e7f2b1d3a46cf02da3a7	TASK	869d9f89089f464d0e892d12e31f0a5a40cac8a69d3a0568757aeb3fd3c29ec9	암지장물제거	암지장물제거	SINGLETON	PROMOTED_FROM_SOURCE		DRAFT	1	1813	암지장물제거	PRESERVE_SOURCE_MEMBERSHIP	RISK-04-APPROVE-001	62c2c50e3c0becbe23a686735d1a7e50ed8bce2f3fa23c539d2250b68227c2d7	EMPTY	EMPTY
4e9686090013c69a8a71ca0d50f5ff01af2dd56c7a442e272dd24cb0eaf94525	TASK	869d9f89089f464d0e892d12e31f0a5a40cac8a69d3a0568757aeb3fd3c29ec9	설치지장물제거	설치지장물제거	SINGLETON	PROMOTED_FROM_SOURCE		DRAFT	1	1814	설치지장물제거	PRESERVE_SOURCE_MEMBERSHIP	RISK-04-APPROVE-001	62c2c50e3c0becbe23a686735d1a7e50ed8bce2f3fa23c539d2250b68227c2d7	EMPTY	EMPTY
bca0ac57710857cd81b9a9b38caf1fbf54203b4276e184a3a3731ac1cdb086f7	TASK	869d9f89089f464d0e892d12e31f0a5a40cac8a69d3a0568757aeb3fd3c29ec9	토석제거	토석제거	SINGLETON	PROMOTED_FROM_SOURCE		DRAFT	1	1815	토석제거	PRESERVE_SOURCE_MEMBERSHIP	RISK-04-APPROVE-001	62c2c50e3c0becbe23a686735d1a7e50ed8bce2f3fa23c539d2250b68227c2d7	EMPTY	EMPTY
bcd33311034205c53d95d0a3083f6e832dd4d5f75bc26618bbe4bbaa2453ebe8	TASK	255d60e7fb7f5be1ec9308980924ecdd73790d9874ec07b53dad5a969b7e8129	콘크리트구조물철거	콘크리트구조물철거	SINGLETON	PROMOTED_FROM_SOURCE		DRAFT	1	1821	콘크리트구조물철거	PRESERVE_SOURCE_MEMBERSHIP	RISK-04-APPROVE-001	62c2c50e3c0becbe23a686735d1a7e50ed8bce2f3fa23c539d2250b68227c2d7	EMPTY	EMPTY
ad786f35898c1c6b60c8ecd2f9d07a6059f9fca279b1594ae8694b63ac5a5d1a	TASK	255d60e7fb7f5be1ec9308980924ecdd73790d9874ec07b53dad5a969b7e8129	철골구조물철거	철골구조물철거	SINGLETON	PROMOTED_FROM_SOURCE		DRAFT	1	1823	철골구조물철거	PRESERVE_SOURCE_MEMBERSHIP	RISK-04-APPROVE-001	62c2c50e3c0becbe23a686735d1a7e50ed8bce2f3fa23c539d2250b68227c2d7	EMPTY	EMPTY
f1ce1085aa7de89c8f19a00c7ec475adcf76e1ba4c0a0651bb993777187dd60c	TASK	255d60e7fb7f5be1ec9308980924ecdd73790d9874ec07b53dad5a969b7e8129	포장제거	포장제거	SINGLETON	PROMOTED_FROM_SOURCE		DRAFT	1	1824	포장제거	PRESERVE_SOURCE_MEMBERSHIP	RISK-04-APPROVE-001	62c2c50e3c0becbe23a686735d1a7e50ed8bce2f3fa23c539d2250b68227c2d7	EMPTY	EMPTY
d4313699d1a739af3f46fdd04c696fd8c585d30266c15e10039d7bda3030635e	TASK	255d60e7fb7f5be1ec9308980924ecdd73790d9874ec07b53dad5a969b7e8129	석축및옹벽철거	석축및옹벽철거	SINGLETON	PROMOTED_FROM_SOURCE		DRAFT	1	1825	석축및옹벽철거	PRESERVE_SOURCE_MEMBERSHIP	RISK-04-APPROVE-001	62c2c50e3c0becbe23a686735d1a7e50ed8bce2f3fa23c539d2250b68227c2d7	EMPTY	EMPTY
7e68620b12c851771d85c67bf2f4069e4538960ac80db7a33b26132d285fb650	TASK	744061e7626adb46fab501aaaf3b3731bb7ae3ec1ac10fd12ea0cc6e0dfde5b7	해상콘크리트구조물철거 해체	해상콘크리트구조물철거 해체	SINGLETON	PROMOTED_FROM_SOURCE		DRAFT	1	1831	해상콘크리트구조물철거 해체	PRESERVE_SOURCE_MEMBERSHIP	RISK-04-APPROVE-001	62c2c50e3c0becbe23a686735d1a7e50ed8bce2f3fa23c539d2250b68227c2d7	EMPTY	EMPTY
ed15ca5ed04f6f1e53e392a212b8daa90473afb681c0389b8369a357eaf6d3bb	TASK	744061e7626adb46fab501aaaf3b3731bb7ae3ec1ac10fd12ea0cc6e0dfde5b7	해상조적구조물철거 해체	해상조적구조물철거 해체	SINGLETON	PROMOTED_FROM_SOURCE		DRAFT	1	1832	해상조적구조물철거 해체	PRESERVE_SOURCE_MEMBERSHIP	RISK-04-APPROVE-001	62c2c50e3c0becbe23a686735d1a7e50ed8bce2f3fa23c539d2250b68227c2d7	EMPTY	EMPTY
db76321feb88cf7ff6d601f409ad1f8de5a42bf7b7b2539f827ba36d50a46e22	TASK	744061e7626adb46fab501aaaf3b3731bb7ae3ec1ac10fd12ea0cc6e0dfde5b7	해상철골구조물철거해체	해상철골구조물철거해체	SINGLETON	PROMOTED_FROM_SOURCE		DRAFT	1	1833	해상철골구조물철거해체	PRESERVE_SOURCE_MEMBERSHIP	RISK-04-APPROVE-001	62c2c50e3c0becbe23a686735d1a7e50ed8bce2f3fa23c539d2250b68227c2d7	EMPTY	EMPTY
d46d12baaf833aa4d804ee35aa1bd5ec740b821479064e39f2ee518fece80639	TASK	744061e7626adb46fab501aaaf3b3731bb7ae3ec1ac10fd12ea0cc6e0dfde5b7	해상토석제거	해상토석제거	SINGLETON	PROMOTED_FROM_SOURCE		DRAFT	1	1834	해상토석제거	PRESERVE_SOURCE_MEMBERSHIP	RISK-04-APPROVE-001	62c2c50e3c0becbe23a686735d1a7e50ed8bce2f3fa23c539d2250b68227c2d7	EMPTY	EMPTY
92ee7f92edaf02bf0edfb9c8ed4e4eedd1f107dcdf0db2213f7a5c3316d53829	TASK	da5a624c501a2655039fba24eaaf4598e3c28c9642b2e2bc8b23d69a8361f5b1	콘크리트관제거	콘크리트관제거	SINGLETON	PROMOTED_FROM_SOURCE		DRAFT	1	1841	콘크리트관제거	PRESERVE_SOURCE_MEMBERSHIP	RISK-04-APPROVE-001	62c2c50e3c0becbe23a686735d1a7e50ed8bce2f3fa23c539d2250b68227c2d7	EMPTY	EMPTY
212cf0ac94fa76903bc13bcf17ea9f72644354fedfafd1f1b8ba3de44f5812f3	TASK	da5a624c501a2655039fba24eaaf4598e3c28c9642b2e2bc8b23d69a8361f5b1	주철관제거	주철관제거	SINGLETON	PROMOTED_FROM_SOURCE		DRAFT	1	1842	주철관제거	PRESERVE_SOURCE_MEMBERSHIP	RISK-04-APPROVE-001	62c2c50e3c0becbe23a686735d1a7e50ed8bce2f3fa23c539d2250b68227c2d7	EMPTY	EMPTY
48db09a5c979dacda0d7439f0c38140596e51093b4defd05e94cad0b4e061a3e	TASK	da5a624c501a2655039fba24eaaf4598e3c28c9642b2e2bc8b23d69a8361f5b1	강관제거	강관제거	SINGLETON	PROMOTED_FROM_SOURCE		DRAFT	1	1843	강관제거	PRESERVE_SOURCE_MEMBERSHIP	RISK-04-APPROVE-001	62c2c50e3c0becbe23a686735d1a7e50ed8bce2f3fa23c539d2250b68227c2d7	EMPTY	EMPTY
922e8ecaf464567fda92d0646c68db67b1bc1032cca59137f58543f4de835ce8	TASK	da5a624c501a2655039fba24eaaf4598e3c28c9642b2e2bc8b23d69a8361f5b1	통신케이블제거	통신케이블제거	SINGLETON	PROMOTED_FROM_SOURCE		DRAFT	1	1845	통신케이블제거	PRESERVE_SOURCE_MEMBERSHIP	RISK-04-APPROVE-001	62c2c50e3c0becbe23a686735d1a7e50ed8bce2f3fa23c539d2250b68227c2d7	EMPTY	EMPTY
03f737d4cc74725d2b592f051fe6b0ee81cad48cc7d89c46ced43836f408c3d2	TASK	da5a624c501a2655039fba24eaaf4598e3c28c9642b2e2bc8b23d69a8361f5b1	전선관로제거	전선관로제거	SINGLETON	PROMOTED_FROM_SOURCE		DRAFT	1	1846	전선관로제거	PRESERVE_SOURCE_MEMBERSHIP	RISK-04-APPROVE-001	62c2c50e3c0becbe23a686735d1a7e50ed8bce2f3fa23c539d2250b68227c2d7	EMPTY	EMPTY
e233e4d3d76b645969408d42c3cc3901d49e4aa8708571e5b697d3b162601361	TASK	da5a624c501a2655039fba24eaaf4598e3c28c9642b2e2bc8b23d69a8361f5b1	기타지하지장물제거	기타지하지장물제거	SINGLETON	PROMOTED_FROM_SOURCE		DRAFT	1	1849	기타지하지장물제거	PRESERVE_SOURCE_MEMBERSHIP	RISK-04-APPROVE-001	62c2c50e3c0becbe23a686735d1a7e50ed8bce2f3fa23c539d2250b68227c2d7	EMPTY	EMPTY
87c1ecef3b17bd67dc73a39b696bee0c6c3680be1a6b581bff96055b5ac07e64	TASK	662a1cd5be3e0e40b809a2385f9b185da542c9cafc8a3f8b26ea47aac1b6e4a7	철근콘크리트기초제거	철근콘크리트기초제거	SINGLETON	PROMOTED_FROM_SOURCE		DRAFT	1	1851	철근콘크리트기초제거	PRESERVE_SOURCE_MEMBERSHIP	RISK-04-APPROVE-001	62c2c50e3c0becbe23a686735d1a7e50ed8bce2f3fa23c539d2250b68227c2d7	EMPTY	EMPTY
9aecf60758dba3ebeaf95274c622558e81440c214e4131e3f755d73ce8ffc4c2	TASK	662a1cd5be3e0e40b809a2385f9b185da542c9cafc8a3f8b26ea47aac1b6e4a7	무근콘크리트제거	무근콘크리트제거	SINGLETON	PROMOTED_FROM_SOURCE		DRAFT	1	1852	무근콘크리트제거	PRESERVE_SOURCE_MEMBERSHIP	RISK-04-APPROVE-001	62c2c50e3c0becbe23a686735d1a7e50ed8bce2f3fa23c539d2250b68227c2d7	EMPTY	EMPTY
4a456803b62795c08c75b71cb3eabbd0dca48e7a8d0e7cb0509be3a10b5a699c	TASK	662a1cd5be3e0e40b809a2385f9b185da542c9cafc8a3f8b26ea47aac1b6e4a7	암거제거	암거제거	SINGLETON	PROMOTED_FROM_SOURCE		DRAFT	1	1853	암거제거	PRESERVE_SOURCE_MEMBERSHIP	RISK-04-APPROVE-001	62c2c50e3c0becbe23a686735d1a7e50ed8bce2f3fa23c539d2250b68227c2d7	EMPTY	EMPTY
72f60ec1e67b3a98729837870fd95698488aaac96744f016ee02cb7c861c4df2	TASK	662a1cd5be3e0e40b809a2385f9b185da542c9cafc8a3f8b26ea47aac1b6e4a7	기타지하구조물제거	기타지하구조물제거	SINGLETON	PROMOTED_FROM_SOURCE		DRAFT	1	1859	기타지하구조물제거	PRESERVE_SOURCE_MEMBERSHIP	RISK-04-APPROVE-001	62c2c50e3c0becbe23a686735d1a7e50ed8bce2f3fa23c539d2250b68227c2d7	EMPTY	EMPTY
4a6cae8b65bedc11b1616a7a667a747d748907580ba113761f735b55675f5ece	TASK	13ef25655bb8802c9f2248fa72aa1339b99db5cd94f16bd2ae8d59f8ac83db00	배관철거 해체	배관철거 해체	EQUIVALENCE_GROUP	MERGED_FROM_REVIEWED_SOURCES		DRAFT	2	1861 | 1871	배관철거 해체 | 배관철거 해체	PRESERVE_IN_SOURCE_MAPPING_EVIDENCE	RISK-04-APPROVE-001	62c2c50e3c0becbe23a686735d1a7e50ed8bce2f3fa23c539d2250b68227c2d7	EMPTY	EMPTY
203b84ed102fd95d016341b2468dc30760c47ee3f41ef084a91278d28d38bc37	TASK	7813a8d1e3c60d92b3956e15f6ed59cb0f8161ab2b50edab4d4f901288342ed0	덕트철거 해체	덕트철거 해체	SINGLETON	PROMOTED_FROM_SOURCE		DRAFT	1	1862	덕트철거 해체	PRESERVE_SOURCE_MEMBERSHIP	RISK-04-APPROVE-001	62c2c50e3c0becbe23a686735d1a7e50ed8bce2f3fa23c539d2250b68227c2d7	EMPTY	EMPTY
d7a4359635a90a4ae705a4e232e3096c0bbe9b47aa7a1b3470e92af01ce3674e	TASK	13ef25655bb8802c9f2248fa72aa1339b99db5cd94f16bd2ae8d59f8ac83db00	장비철거 해체	장비철거 해체	EQUIVALENCE_GROUP	MERGED_FROM_REVIEWED_SOURCES		DRAFT	2	1863 | 1873	장비철거 해체 | 장비철거 해체	PRESERVE_IN_SOURCE_MAPPING_EVIDENCE	RISK-04-APPROVE-001	62c2c50e3c0becbe23a686735d1a7e50ed8bce2f3fa23c539d2250b68227c2d7	EMPTY	EMPTY
25bc4f13e4b4fea37cc37f94f886e10167e0c84a5d3abd5a1ff8836797e88a87	TASK	13ef25655bb8802c9f2248fa72aa1339b99db5cd94f16bd2ae8d59f8ac83db00	잡철물철거 해체	잡철물철거 해체	EQUIVALENCE_GROUP	MERGED_FROM_REVIEWED_SOURCES		DRAFT	2	1864 | 1874	잡철물철거 해체 | 잡철물철거 해체	PRESERVE_IN_SOURCE_MAPPING_EVIDENCE	RISK-04-APPROVE-001	62c2c50e3c0becbe23a686735d1a7e50ed8bce2f3fa23c539d2250b68227c2d7	EMPTY	EMPTY
8fc02e537926b554d7ba0a1b74582b4f08d19e15f71b9203d9781d17426a0183	TASK	7813a8d1e3c60d92b3956e15f6ed59cb0f8161ab2b50edab4d4f901288342ed0	보온재철거 해체	보온재철거 해체	SINGLETON	PROMOTED_FROM_SOURCE		DRAFT	1	1865	보온재철거 해체	PRESERVE_SOURCE_MEMBERSHIP	RISK-04-APPROVE-001	62c2c50e3c0becbe23a686735d1a7e50ed8bce2f3fa23c539d2250b68227c2d7	EMPTY	EMPTY
fae9d846f0ef7c18b38c69e2c0a5b3680621e25d48b9ba3f4577c63e32f61f90	TASK	7813a8d1e3c60d92b3956e15f6ed59cb0f8161ab2b50edab4d4f901288342ed0	위생도기철거 해체	위생도기철거 해체	SINGLETON	PROMOTED_FROM_SOURCE		DRAFT	1	1866	위생도기철거 해체	PRESERVE_SOURCE_MEMBERSHIP	RISK-04-APPROVE-001	62c2c50e3c0becbe23a686735d1a7e50ed8bce2f3fa23c539d2250b68227c2d7	EMPTY	EMPTY
005d0dfd2cad0c9323c44f72ed07f07542c6070730dcd2cd92c8f04c962f7609	TASK	7813a8d1e3c60d92b3956e15f6ed59cb0f8161ab2b50edab4d4f901288342ed0	기타설비철거 해체	기타설비철거 해체	SINGLETON	PROMOTED_FROM_SOURCE		DRAFT	1	1869	기타설비철거 해체	PRESERVE_SOURCE_MEMBERSHIP	RISK-04-APPROVE-001	62c2c50e3c0becbe23a686735d1a7e50ed8bce2f3fa23c539d2250b68227c2d7	EMPTY	EMPTY
03edc6aaf74d36fdeac3b4e9f48c7096b32675e82e44372512aea710d640cbdd	TASK	3c3ea3dc55db80472b59e9cf2576dc14a2029e2402467451af504591ead80e56	관로철거 해체	관로철거 해체	SINGLETON	PROMOTED_FROM_SOURCE		DRAFT	1	1872	관로철거 해체	PRESERVE_SOURCE_MEMBERSHIP	RISK-04-APPROVE-001	62c2c50e3c0becbe23a686735d1a7e50ed8bce2f3fa23c539d2250b68227c2d7	EMPTY	EMPTY
26dd36e40ba952e3cdd14d47c6c9def91d39054c49f7902dbdfe7f72b1fbdc5f	TASK	3c3ea3dc55db80472b59e9cf2576dc14a2029e2402467451af504591ead80e56	옥내설비철거 해체	옥내설비철거 해체	SINGLETON	PROMOTED_FROM_SOURCE		DRAFT	1	1875	옥내설비철거 해체	PRESERVE_SOURCE_MEMBERSHIP	RISK-04-APPROVE-001	62c2c50e3c0becbe23a686735d1a7e50ed8bce2f3fa23c539d2250b68227c2d7	EMPTY	EMPTY
6530234cba5ddef601be2c1504a4cfa23b81c37e15e90af1cf9c8f60ea0c0d85	TASK	3c3ea3dc55db80472b59e9cf2576dc14a2029e2402467451af504591ead80e56	옥외설비철거 해체	옥외설비철거 해체	SINGLETON	PROMOTED_FROM_SOURCE		DRAFT	1	1876	옥외설비철거 해체	PRESERVE_SOURCE_MEMBERSHIP	RISK-04-APPROVE-001	62c2c50e3c0becbe23a686735d1a7e50ed8bce2f3fa23c539d2250b68227c2d7	EMPTY	EMPTY
e6426f5c925e1d0e0dd09f8b0d7d6a77346a40a9e688a9289a6ed44b389eba96	TASK	3c3ea3dc55db80472b59e9cf2576dc14a2029e2402467451af504591ead80e56	기타설비철거 해체	기타설비철거 해체	SINGLETON	PROMOTED_FROM_SOURCE		DRAFT	1	1879	기타설비철거 해체	PRESERVE_SOURCE_MEMBERSHIP	RISK-04-APPROVE-001	62c2c50e3c0becbe23a686735d1a7e50ed8bce2f3fa23c539d2250b68227c2d7	EMPTY	EMPTY
254d5085e643785109d73fc4eb46f521b74d59fc3ee7c196de808b0963a30cbe	TASK	41b344dc518604752e2786172abc1ac201b9b2c46e12748176892739cb6f486d	기존관보호	기존관보호	SINGLETON	PROMOTED_FROM_SOURCE		DRAFT	1	1881	기존관보호	PRESERVE_SOURCE_MEMBERSHIP	RISK-04-APPROVE-001	62c2c50e3c0becbe23a686735d1a7e50ed8bce2f3fa23c539d2250b68227c2d7	EMPTY	EMPTY
2a1a872e2f45ced774bf57413d026ad299139d5789d14d3d5510a0745584afb8	TASK	41b344dc518604752e2786172abc1ac201b9b2c46e12748176892739cb6f486d	지상구조물보호	지상구조물보호	SINGLETON	PROMOTED_FROM_SOURCE		DRAFT	1	1882	지상구조물보호	PRESERVE_SOURCE_MEMBERSHIP	RISK-04-APPROVE-001	62c2c50e3c0becbe23a686735d1a7e50ed8bce2f3fa23c539d2250b68227c2d7	EMPTY	EMPTY
aa9cec147c8e9095c1a46bfdee6469313e725bdc8a2e6740e04d5199ceeb5e85	TASK	41b344dc518604752e2786172abc1ac201b9b2c46e12748176892739cb6f486d	지하구조물보호	지하구조물보호	SINGLETON	PROMOTED_FROM_SOURCE		DRAFT	1	1883	지하구조물보호	PRESERVE_SOURCE_MEMBERSHIP	RISK-04-APPROVE-001	62c2c50e3c0becbe23a686735d1a7e50ed8bce2f3fa23c539d2250b68227c2d7	EMPTY	EMPTY
20d0a78bd41105759c47ddf26bb9dad13eb55368ade8a3b5f5e3968c5e8c8ba4	TASK	41b344dc518604752e2786172abc1ac201b9b2c46e12748176892739cb6f486d	수목보호	수목보호	SINGLETON	PROMOTED_FROM_SOURCE		DRAFT	1	1884	수목보호	PRESERVE_SOURCE_MEMBERSHIP	RISK-04-APPROVE-001	62c2c50e3c0becbe23a686735d1a7e50ed8bce2f3fa23c539d2250b68227c2d7	EMPTY	EMPTY
63614b8ad85464833ce9d4e05a1bdc3833551143a579366556e05784a29adab2	TASK	0707456a5c306be3d67234d29e08107639ee0b50f5a561190a450f493338c615	일반부지정지	일반부지정지	SINGLETON	PROMOTED_FROM_SOURCE		DRAFT	1	2112	일반부지정지	PRESERVE_SOURCE_MEMBERSHIP	RISK-04-APPROVE-001	62c2c50e3c0becbe23a686735d1a7e50ed8bce2f3fa23c539d2250b68227c2d7	EMPTY	EMPTY
fd72ccba1b2890b393bd7c04c7e7d25ab5b9876283ab835d9d6715a19164a85f	TASK	0707456a5c306be3d67234d29e08107639ee0b50f5a561190a450f493338c615	절토면고르기	절토면고르기	SINGLETON	PROMOTED_FROM_SOURCE		DRAFT	1	2113	절토면고르기	PRESERVE_SOURCE_MEMBERSHIP	RISK-04-APPROVE-001	62c2c50e3c0becbe23a686735d1a7e50ed8bce2f3fa23c539d2250b68227c2d7	EMPTY	EMPTY
dc5b89670ed5dc697666ca690e9fdf1d9df6dd17034604b08335645b74cdb035	TASK	0707456a5c306be3d67234d29e08107639ee0b50f5a561190a450f493338c615	성토면고르기	성토면고르기	SINGLETON	PROMOTED_FROM_SOURCE		DRAFT	1	2114	성토면고르기	PRESERVE_SOURCE_MEMBERSHIP	RISK-04-APPROVE-001	62c2c50e3c0becbe23a686735d1a7e50ed8bce2f3fa23c539d2250b68227c2d7	EMPTY	EMPTY
d8bb9bbfe509aafe93750ec50691e752350c92f310319ddbd9a810873aedeea4	TASK	0707456a5c306be3d67234d29e08107639ee0b50f5a561190a450f493338c615	사면면고르기	사면면고르기	SINGLETON	PROMOTED_FROM_SOURCE		DRAFT	1	2115	사면면고르기	PRESERVE_SOURCE_MEMBERSHIP	RISK-04-APPROVE-001	62c2c50e3c0becbe23a686735d1a7e50ed8bce2f3fa23c539d2250b68227c2d7	EMPTY	EMPTY
f493d8c376ab3b2ac7b1977abb4a8c8f5c99f3af34138a87b7d26166a44b4527	TASK	0707456a5c306be3d67234d29e08107639ee0b50f5a561190a450f493338c615	구조물지정	구조물지정	SINGLETON	PROMOTED_FROM_SOURCE		DRAFT	1	2116	구조물지정	PRESERVE_SOURCE_MEMBERSHIP	RISK-04-APPROVE-001	62c2c50e3c0becbe23a686735d1a7e50ed8bce2f3fa23c539d2250b68227c2d7	EMPTY	EMPTY
615d1adba428255ce848d81b207c10f67453a66d0051be19fef983c1c0a7402b	TASK	4ec4c1db1aa96205b1bab2ccd42eb2f8e88a45efd6a034c86676972d0834034d	발파	발파	SINGLETON	PROMOTED_FROM_SOURCE		DRAFT	1	2121	발파	PRESERVE_SOURCE_MEMBERSHIP	RISK-04-APPROVE-001	62c2c50e3c0becbe23a686735d1a7e50ed8bce2f3fa23c539d2250b68227c2d7	EMPTY	EMPTY
ea225013899bf7c6ff53c4642e27ef87450cff226e4d6f54c154e514b5cb2c95	TASK	4ec4c1db1aa96205b1bab2ccd42eb2f8e88a45efd6a034c86676972d0834034d	토사흙깍기	토사흙깍기	SINGLETON	PROMOTED_FROM_SOURCE		DRAFT	1	2122	토사흙깍기	PRESERVE_SOURCE_MEMBERSHIP	RISK-04-APPROVE-001	62c2c50e3c0becbe23a686735d1a7e50ed8bce2f3fa23c539d2250b68227c2d7	EMPTY	EMPTY
72af1c9a9b9f0656891ce93dd513211bb41f80ecdf2c0bc9d4d116d9dcfb3cbe	TASK	4ec4c1db1aa96205b1bab2ccd42eb2f8e88a45efd6a034c86676972d0834034d	리핑암흙깍기	리핑암흙깍기	SINGLETON	PROMOTED_FROM_SOURCE		DRAFT	1	2123	리핑암흙깍기	PRESERVE_SOURCE_MEMBERSHIP	RISK-04-APPROVE-001	62c2c50e3c0becbe23a686735d1a7e50ed8bce2f3fa23c539d2250b68227c2d7	EMPTY	EMPTY
2ea69eb8cfe59c4d755a35d002659cb3c6c4d916686177ed85e90f7acf060a78	TASK	4ec4c1db1aa96205b1bab2ccd42eb2f8e88a45efd6a034c86676972d0834034d	발파암흙깍기	발파암흙깍기	SINGLETON	PROMOTED_FROM_SOURCE		DRAFT	1	2124	발파암흙깍기	PRESERVE_SOURCE_MEMBERSHIP	RISK-04-APPROVE-001	62c2c50e3c0becbe23a686735d1a7e50ed8bce2f3fa23c539d2250b68227c2d7	EMPTY	EMPTY
521142305ebc8c275340a2013855ee698c97538effc2139a8a75150b67ef470d	TASK	4ec4c1db1aa96205b1bab2ccd42eb2f8e88a45efd6a034c86676972d0834034d	인위적경화물질흙깍기	인위적경화물질흙깍기	SINGLETON	PROMOTED_FROM_SOURCE		DRAFT	1	2125	인위적경화물질흙깍기	PRESERVE_SOURCE_MEMBERSHIP	RISK-04-APPROVE-001	62c2c50e3c0becbe23a686735d1a7e50ed8bce2f3fa23c539d2250b68227c2d7	EMPTY	EMPTY
e57cd6fc6ca55d7cf1c9115ed8c36df8a2d74c94cd0293c193344e9cfd688b81	TASK	77c7032624c29314caf7433c21c9b96367f23d1666a116472e3fd816e5858610	토사터파기	토사터파기	SINGLETON	PROMOTED_FROM_SOURCE		DRAFT	1	2131	토사터파기	PRESERVE_SOURCE_MEMBERSHIP	RISK-04-APPROVE-001	62c2c50e3c0becbe23a686735d1a7e50ed8bce2f3fa23c539d2250b68227c2d7	EMPTY	EMPTY
6ee72fc358ceced59b8bb750ddd54be5a16d30115df382ea1d3884bc8e801db8	TASK	77c7032624c29314caf7433c21c9b96367f23d1666a116472e3fd816e5858610	리핑암터파기	리핑암터파기	SINGLETON	PROMOTED_FROM_SOURCE		DRAFT	1	2132	리핑암터파기	PRESERVE_SOURCE_MEMBERSHIP	RISK-04-APPROVE-001	62c2c50e3c0becbe23a686735d1a7e50ed8bce2f3fa23c539d2250b68227c2d7	EMPTY	EMPTY
900ef701cf5c9b1030603aba89b357791bf790dfd0c0a87885a3c58b952b1b03	TASK	77c7032624c29314caf7433c21c9b96367f23d1666a116472e3fd816e5858610	발파암터파기	발파암터파기	SINGLETON	PROMOTED_FROM_SOURCE		DRAFT	1	2133	발파암터파기	PRESERVE_SOURCE_MEMBERSHIP	RISK-04-APPROVE-001	62c2c50e3c0becbe23a686735d1a7e50ed8bce2f3fa23c539d2250b68227c2d7	EMPTY	EMPTY
422594987dbf6d552e9a95ce75ad1ee9f9b40212069df43e3d3d7e0a3d1ac4bd	TASK	77c7032624c29314caf7433c21c9b96367f23d1666a116472e3fd816e5858610	인위적경화물질터파기	인위적경화물질터파기	SINGLETON	PROMOTED_FROM_SOURCE		DRAFT	1	2134	인위적경화물질터파기	PRESERVE_SOURCE_MEMBERSHIP	RISK-04-APPROVE-001	62c2c50e3c0becbe23a686735d1a7e50ed8bce2f3fa23c539d2250b68227c2d7	EMPTY	EMPTY
5cb21e011c141993ed39a58c1b1576ddff442da209722de10ef481fa763f0294	TASK	3b7b077e95c07db8e6148e2075e31482bdf6d214f7705c1fcf949cbdc83710e9	토사트렌치터파기	토사트렌치터파기	SINGLETON	PROMOTED_FROM_SOURCE		DRAFT	1	2141	토사트렌치터파기	PRESERVE_SOURCE_MEMBERSHIP	RISK-04-APPROVE-001	62c2c50e3c0becbe23a686735d1a7e50ed8bce2f3fa23c539d2250b68227c2d7	EMPTY	EMPTY
d76e527e802e20f64308b6f91418f6917dbf1302c4a0587c2abcdfbfed12f099	TASK	3b7b077e95c07db8e6148e2075e31482bdf6d214f7705c1fcf949cbdc83710e9	리핑암트렌치터파기	리핑암트렌치터파기	SINGLETON	PROMOTED_FROM_SOURCE		DRAFT	1	2142	리핑암트렌치터파기	PRESERVE_SOURCE_MEMBERSHIP	RISK-04-APPROVE-001	62c2c50e3c0becbe23a686735d1a7e50ed8bce2f3fa23c539d2250b68227c2d7	EMPTY	EMPTY
dff6046f6ff6b3470546d1efb7d81b938a99846f26728740d85e3c9931a04610	TASK	3b7b077e95c07db8e6148e2075e31482bdf6d214f7705c1fcf949cbdc83710e9	발파암트렌치터파기	발파암트렌치터파기	SINGLETON	PROMOTED_FROM_SOURCE		DRAFT	1	2143	발파암트렌치터파기	PRESERVE_SOURCE_MEMBERSHIP	RISK-04-APPROVE-001	62c2c50e3c0becbe23a686735d1a7e50ed8bce2f3fa23c539d2250b68227c2d7	EMPTY	EMPTY
0dde5868356411f26585aad1d1dc4fa4e5504f7666500d14e5efc9f8dca771f3	TASK	3b7b077e95c07db8e6148e2075e31482bdf6d214f7705c1fcf949cbdc83710e9	경화물질트렌치터파기	경화물질트렌치터파기	SINGLETON	PROMOTED_FROM_SOURCE		DRAFT	1	2144	경화물질트렌치터파기	PRESERVE_SOURCE_MEMBERSHIP	RISK-04-APPROVE-001	62c2c50e3c0becbe23a686735d1a7e50ed8bce2f3fa23c539d2250b68227c2d7	EMPTY	EMPTY
add3afc80e62a7232df6f48e97413d9c53f86f324706204acb22d47b350ac408	TASK	676f1cf9776f156204c351002f57c75fd1cb6626073782bd364d823d8b3cdd6d	토사흙쌓기	토사흙쌓기	SINGLETON	PROMOTED_FROM_SOURCE		DRAFT	1	2151	토사흙쌓기	PRESERVE_SOURCE_MEMBERSHIP	RISK-04-APPROVE-001	62c2c50e3c0becbe23a686735d1a7e50ed8bce2f3fa23c539d2250b68227c2d7	EMPTY	EMPTY
af8675fdee44eaafb4da7657042ceca97af14ab201f67afce58e3d81d2f87b2d	TASK	676f1cf9776f156204c351002f57c75fd1cb6626073782bd364d823d8b3cdd6d	혼합골재쌓기	혼합골재쌓기	SINGLETON	PROMOTED_FROM_SOURCE		DRAFT	1	2152	혼합골재쌓기	PRESERVE_SOURCE_MEMBERSHIP	RISK-04-APPROVE-001	62c2c50e3c0becbe23a686735d1a7e50ed8bce2f3fa23c539d2250b68227c2d7	EMPTY	EMPTY
b263e74895833ce7d8886c01bcb4de542d1b082a345f54a30f6e940bd45ddcd9	TASK	676f1cf9776f156204c351002f57c75fd1cb6626073782bd364d823d8b3cdd6d	사석쌓기	사석쌓기	SINGLETON	PROMOTED_FROM_SOURCE		DRAFT	1	2153	사석쌓기	PRESERVE_SOURCE_MEMBERSHIP	RISK-04-APPROVE-001	62c2c50e3c0becbe23a686735d1a7e50ed8bce2f3fa23c539d2250b68227c2d7	EMPTY	EMPTY
1b0f8a7106d66d1f5bac41de32d009475d003e96587b80ab6700c444622794ae	TASK	676f1cf9776f156204c351002f57c75fd1cb6626073782bd364d823d8b3cdd6d	버럭쌓기	버럭쌓기	SINGLETON	PROMOTED_FROM_SOURCE		DRAFT	1	2154	버럭쌓기	PRESERVE_SOURCE_MEMBERSHIP	RISK-04-APPROVE-001	62c2c50e3c0becbe23a686735d1a7e50ed8bce2f3fa23c539d2250b68227c2d7	EMPTY	EMPTY
975d5cefd8c9a88880143ba83779757f3f7de31e04917f9cfe619833c76566ff	TASK	676f1cf9776f156204c351002f57c75fd1cb6626073782bd364d823d8b3cdd6d	기타흙쌓기	기타흙쌓기	SINGLETON	PROMOTED_FROM_SOURCE		DRAFT	1	2159	기타흙쌓기	PRESERVE_SOURCE_MEMBERSHIP	RISK-04-APPROVE-001	62c2c50e3c0becbe23a686735d1a7e50ed8bce2f3fa23c539d2250b68227c2d7	EMPTY	EMPTY
076223ce4f4af3638618d445c83e47add1431fe06bb299b2c114ebbcb34ebe14	TASK	8afc78b94512791a17f40d495868bafe70cc4b867c0e77a3e4269f22152f36ac	토사되메우기	토사되메우기	SINGLETON	PROMOTED_FROM_SOURCE		DRAFT	1	2161	토사되메우기	PRESERVE_SOURCE_MEMBERSHIP	RISK-04-APPROVE-001	62c2c50e3c0becbe23a686735d1a7e50ed8bce2f3fa23c539d2250b68227c2d7	EMPTY	EMPTY
d110c6d24097172be89c4e887ee3135c7dd2ef8fccdbfd37882784acb99f71d3	TASK	8afc78b94512791a17f40d495868bafe70cc4b867c0e77a3e4269f22152f36ac	혼합골재되메우기	혼합골재되메우기	SINGLETON	PROMOTED_FROM_SOURCE		DRAFT	1	2162	혼합골재되메우기	PRESERVE_SOURCE_MEMBERSHIP	RISK-04-APPROVE-001	62c2c50e3c0becbe23a686735d1a7e50ed8bce2f3fa23c539d2250b68227c2d7	EMPTY	EMPTY
961d94bb5cb8170b52077481ed8a59851fc9e58135fc0454ce4eee2c1862d2e5	TASK	8afc78b94512791a17f40d495868bafe70cc4b867c0e77a3e4269f22152f36ac	사석되메우기	사석되메우기	SINGLETON	PROMOTED_FROM_SOURCE		DRAFT	1	2163	사석되메우기	PRESERVE_SOURCE_MEMBERSHIP	RISK-04-APPROVE-001	62c2c50e3c0becbe23a686735d1a7e50ed8bce2f3fa23c539d2250b68227c2d7	EMPTY	EMPTY
ab70346862ee25d34fc494a337c3e9b3aec57ed869a4889409b4bd89419d7b1c	TASK	8afc78b94512791a17f40d495868bafe70cc4b867c0e77a3e4269f22152f36ac	버럭되메우기	버럭되메우기	SINGLETON	PROMOTED_FROM_SOURCE		DRAFT	1	2164	버럭되메우기	PRESERVE_SOURCE_MEMBERSHIP	RISK-04-APPROVE-001	62c2c50e3c0becbe23a686735d1a7e50ed8bce2f3fa23c539d2250b68227c2d7	EMPTY	EMPTY
93a2cf4bff2ac09907909aca982f1a3a5ffc52a3f056a1d7e4f0672dc6a92022	TASK	b89cb358fa0de6d14fa48f2e5f6c311913a998339bb04892f742920b147be884	성토재생산및선별	성토재생산및선별	SINGLETON	PROMOTED_FROM_SOURCE		DRAFT	1	2172	성토재생산및선별	PRESERVE_SOURCE_MEMBERSHIP	RISK-04-APPROVE-001	62c2c50e3c0becbe23a686735d1a7e50ed8bce2f3fa23c539d2250b68227c2d7	EMPTY	EMPTY
5552bd502aa87b0c466bc7c9dce75c87ce2b8e4950886a8dc0047a834cb89ec7	TASK	b89cb358fa0de6d14fa48f2e5f6c311913a998339bb04892f742920b147be884	흙깍기․잔토처리	흙깍기․잔토처리	SINGLETON	PROMOTED_FROM_SOURCE		DRAFT	1	2173	흙깍기․잔토처리	PRESERVE_SOURCE_MEMBERSHIP	RISK-04-APPROVE-001	62c2c50e3c0becbe23a686735d1a7e50ed8bce2f3fa23c539d2250b68227c2d7	EMPTY	EMPTY
8b315560350f6c068f89aa87f9f39b14a795329d37b9dd4468cd7a4ae5e34d84	TASK	b89cb358fa0de6d14fa48f2e5f6c311913a998339bb04892f742920b147be884	흙쌓기운반	흙쌓기운반	SINGLETON	PROMOTED_FROM_SOURCE		DRAFT	1	2174	흙쌓기운반	PRESERVE_SOURCE_MEMBERSHIP	RISK-04-APPROVE-001	62c2c50e3c0becbe23a686735d1a7e50ed8bce2f3fa23c539d2250b68227c2d7	EMPTY	EMPTY
72928788e298aeb23cd36eccd5110e1421792f84e4e9fc34d24842376382fcc3	PROCESS	3c47be97bfa282855af6f836d66cd88245867d0c60b073b473a50dee61d7112e	비탈면보호	비탈면보호	SINGLETON	PROMOTED_FROM_SOURCE		DRAFT	1	2185	비탈면보호	PRESERVE_SOURCE_MEMBERSHIP	RISK-04-APPROVE-001	62c2c50e3c0becbe23a686735d1a7e50ed8bce2f3fa23c539d2250b68227c2d7	EMPTY	EMPTY
94ff4b3ce0c262de7f1759ba804d1cb8e50621d07a4d0beda3a8a1ed1cd43710	PROCESS	3c47be97bfa282855af6f836d66cd88245867d0c60b073b473a50dee61d7112e	암사면보호	암사면보호	SINGLETON	PROMOTED_FROM_SOURCE		DRAFT	1	2186	암사면보호	PRESERVE_SOURCE_MEMBERSHIP	RISK-04-APPROVE-001	62c2c50e3c0becbe23a686735d1a7e50ed8bce2f3fa23c539d2250b68227c2d7	EMPTY	EMPTY
efecc940f1e1cc24cd1b2c16a5246c4cdda733375868d6605fdba6f830646cdf	TASK	4d95af2dd5bec935f9d97c990b679e428ec9f123df3e4eef765cf5109b0c75df	강제치환	강제치환	SINGLETON	PROMOTED_FROM_SOURCE		DRAFT	1	2212	강제치환	PRESERVE_SOURCE_MEMBERSHIP	RISK-04-APPROVE-001	62c2c50e3c0becbe23a686735d1a7e50ed8bce2f3fa23c539d2250b68227c2d7	EMPTY	EMPTY
6b9ff4657e6abfd87cf8d783058cc6f28c98c3f8bdf191560538b9e43c66afe0	TASK	756ad0c501f2d804cec8fa019e3413d1b617534db00da45457afdf6fb807cd10	지반그라우팅준비공사	지반그라우팅준비공사	SINGLETON	PROMOTED_FROM_SOURCE		DRAFT	1	2261	지반그라우팅준비공사	PRESERVE_SOURCE_MEMBERSHIP	RISK-04-APPROVE-001	62c2c50e3c0becbe23a686735d1a7e50ed8bce2f3fa23c539d2250b68227c2d7	EMPTY	EMPTY
1e002f7ae03119d91de0b3f0ff1b8405be054dc1c2f760397a96006fc9a2e3fb	TASK	756ad0c501f2d804cec8fa019e3413d1b617534db00da45457afdf6fb807cd10	그라우팅천공	그라우팅천공	SINGLETON	PROMOTED_FROM_SOURCE		DRAFT	1	2262	그라우팅천공	PRESERVE_SOURCE_MEMBERSHIP	RISK-04-APPROVE-001	62c2c50e3c0becbe23a686735d1a7e50ed8bce2f3fa23c539d2250b68227c2d7	EMPTY	EMPTY
34cb37de55ba2869be01ba980c0bc2c8022e80c5d7afdb4dba85911449da7aa8	TASK	756ad0c501f2d804cec8fa019e3413d1b617534db00da45457afdf6fb807cd10	지반그라우팅검사	지반그라우팅검사	SINGLETON	PROMOTED_FROM_SOURCE		DRAFT	1	2267	지반그라우팅검사 - - 대․중․소 분류대․중․소 분류	PRESERVE_SOURCE_MEMBERSHIP	RISK-04-APPROVE-001	62c2c50e3c0becbe23a686735d1a7e50ed8bce2f3fa23c539d2250b68227c2d7	EMPTY	EMPTY
e74d004b4681d2a6bfa3a6faacdfea1574ed30a46869f08c4c04df5e3423162e	TASK	70f8baf73081c23c630d509a315dfad2d6f5e9aeeab0228f0cc1a0cce1e9f827	기초그라우팅	기초그라우팅	SINGLETON	PROMOTED_FROM_SOURCE		DRAFT	1	2371	기초그라우팅	PRESERVE_SOURCE_MEMBERSHIP	RISK-04-APPROVE-001	62c2c50e3c0becbe23a686735d1a7e50ed8bce2f3fa23c539d2250b68227c2d7	EMPTY	EMPTY
d28a689e7ab20ae185df265bbc0f70e0a53b3af05ec6df9f0ff97da68808de0b	TASK	70f8baf73081c23c630d509a315dfad2d6f5e9aeeab0228f0cc1a0cce1e9f827	기초지지보설치	기초지지보설치	SINGLETON	PROMOTED_FROM_SOURCE		DRAFT	1	2372	기초지지보설치	PRESERVE_SOURCE_MEMBERSHIP	RISK-04-APPROVE-001	62c2c50e3c0becbe23a686735d1a7e50ed8bce2f3fa23c539d2250b68227c2d7	EMPTY	EMPTY
d2aff13cc809c3a8b5bd5bf3910ec699b28e1657eb58dae20696c0a9c0238e96	TASK	70f8baf73081c23c630d509a315dfad2d6f5e9aeeab0228f0cc1a0cce1e9f827	기초올리기	기초올리기	SINGLETON	PROMOTED_FROM_SOURCE		DRAFT	1	2373	기초올리기	PRESERVE_SOURCE_MEMBERSHIP	RISK-04-APPROVE-001	62c2c50e3c0becbe23a686735d1a7e50ed8bce2f3fa23c539d2250b68227c2d7	EMPTY	EMPTY
03aaad55841df81565fdced35fc4f35a49132608301f3438c309945cdb6e9239	TASK	70f8baf73081c23c630d509a315dfad2d6f5e9aeeab0228f0cc1a0cce1e9f827	기초지반보강	기초지반보강	SINGLETON	PROMOTED_FROM_SOURCE		DRAFT	1	2374	기초지반보강	PRESERVE_SOURCE_MEMBERSHIP	RISK-04-APPROVE-001	62c2c50e3c0becbe23a686735d1a7e50ed8bce2f3fa23c539d2250b68227c2d7	EMPTY	EMPTY
b1c352a662111a85572737e497b5e3b9a5f313c1825a0b0b299fca5e9f30a6ae	PROCESS	99be967a570fd4905646ea972fb33880e6f79c78e313678e9ef7f1cb73d2fa4a	널말뚝흙막이	널말뚝흙막이	SINGLETON	PROMOTED_FROM_SOURCE		DRAFT	1	2412	널말뚝흙막이	PRESERVE_SOURCE_MEMBERSHIP	RISK-04-APPROVE-001	62c2c50e3c0becbe23a686735d1a7e50ed8bce2f3fa23c539d2250b68227c2d7	EMPTY	EMPTY
5645849c5443d6c6c34e62c6122bc6dac63d605d29e650d49cd811e88c9d65c1	PROCESS	99be967a570fd4905646ea972fb33880e6f79c78e313678e9ef7f1cb73d2fa4a	강재널말뚝흙막이(H-Beam및토류판)	강재널말뚝흙막이(H-Beam및토류판)	SINGLETON	PROMOTED_FROM_SOURCE		DRAFT	1	2413	강재널말뚝흙막이(H-Beam및토류판)	PRESERVE_SOURCE_MEMBERSHIP	RISK-04-APPROVE-001	62c2c50e3c0becbe23a686735d1a7e50ed8bce2f3fa23c539d2250b68227c2d7	EMPTY	EMPTY
d7dcd23ad7b7409db5318e81af0e6ee8cee33c1689505952a313553157231b88	PROCESS	99be967a570fd4905646ea972fb33880e6f79c78e313678e9ef7f1cb73d2fa4a	경량강재널흙막이	경량강재널흙막이	SINGLETON	PROMOTED_FROM_SOURCE		DRAFT	1	2414	경량강재널흙막이	PRESERVE_SOURCE_MEMBERSHIP	RISK-04-APPROVE-001	62c2c50e3c0becbe23a686735d1a7e50ed8bce2f3fa23c539d2250b68227c2d7	EMPTY	EMPTY
19e048d957e8878a1ef1a576242867f956d2b15a3ae8f55f7b38c542d55697f7	PROCESS	99be967a570fd4905646ea972fb33880e6f79c78e313678e9ef7f1cb73d2fa4a	강관널말뚝흙막이	강관널말뚝흙막이	SINGLETON	PROMOTED_FROM_SOURCE		DRAFT	1	2415	강관널말뚝흙막이	PRESERVE_SOURCE_MEMBERSHIP	RISK-04-APPROVE-001	62c2c50e3c0becbe23a686735d1a7e50ed8bce2f3fa23c539d2250b68227c2d7	EMPTY	EMPTY
4caa324123bb086dfebe66bf8386e84c039b8174a32c9b78c2d4139fe72411b4	PROCESS	237ebf08eb25d06542020e6009e6b0a318bbfff75403f46e393fdf07a077f060	강관주열흙막이	강관주열흙막이	SINGLETON	PROMOTED_FROM_SOURCE		DRAFT	1	2421	강관주열흙막이	PRESERVE_SOURCE_MEMBERSHIP	RISK-04-APPROVE-001	62c2c50e3c0becbe23a686735d1a7e50ed8bce2f3fa23c539d2250b68227c2d7	EMPTY	EMPTY
354c702fe4e515ad8043e35a5ab6e1e6b1a5ee33a86cbb385a588eddada8e1db	PROCESS	237ebf08eb25d06542020e6009e6b0a318bbfff75403f46e393fdf07a077f060	현장치기주열흙막이	현장치기주열흙막이	SINGLETON	PROMOTED_FROM_SOURCE		DRAFT	1	2422	현장치기주열흙막이	PRESERVE_SOURCE_MEMBERSHIP	RISK-04-APPROVE-001	62c2c50e3c0becbe23a686735d1a7e50ed8bce2f3fa23c539d2250b68227c2d7	EMPTY	EMPTY
8fb4c94ed31903a3e39db9695b48dc06f06d0357134fad4e125893d1bb0e1e41	PROCESS	237ebf08eb25d06542020e6009e6b0a318bbfff75403f46e393fdf07a077f060	기성제콘크리트주열흙막이	기성제콘크리트주열흙막이	SINGLETON	PROMOTED_FROM_SOURCE		DRAFT	1	2423	기성제콘크리트주열흙막이	PRESERVE_SOURCE_MEMBERSHIP	RISK-04-APPROVE-001	62c2c50e3c0becbe23a686735d1a7e50ed8bce2f3fa23c539d2250b68227c2d7	EMPTY	EMPTY
efbeb03aafbbdea1655e6628dbc04a498122e84682ddd4ef4ba8d77cecfddbe4	PROCESS	237ebf08eb25d06542020e6009e6b0a318bbfff75403f46e393fdf07a077f060	소일시멘트주열흙막이	소일시멘트주열흙막이	SINGLETON	PROMOTED_FROM_SOURCE		DRAFT	1	2424	소일시멘트주열흙막이	PRESERVE_SOURCE_MEMBERSHIP	RISK-04-APPROVE-001	62c2c50e3c0becbe23a686735d1a7e50ed8bce2f3fa23c539d2250b68227c2d7	EMPTY	EMPTY
0a8b567213ab76368a43417e3ad6fd7b89adb92c849cef6e17e80ec6c2075fdd	PROCESS	994c5c6f3e7700bb439cd0c4b1741e3d839795989cfb1523bdf51bbd1e6c9280	목재지보공사	목재지보공사	SINGLETON	PROMOTED_FROM_SOURCE		DRAFT	1	2461	목재지보공사	PRESERVE_SOURCE_MEMBERSHIP	RISK-04-APPROVE-001	62c2c50e3c0becbe23a686735d1a7e50ed8bce2f3fa23c539d2250b68227c2d7	EMPTY	EMPTY
be7967021c0ec2b03927f120f77e80740184aed358c5748bfc71d38536fc40b9	PROCESS	994c5c6f3e7700bb439cd0c4b1741e3d839795989cfb1523bdf51bbd1e6c9280	강재지보공사	강재지보공사	SINGLETON	PROMOTED_FROM_SOURCE		DRAFT	1	2462	강재지보공사	PRESERVE_SOURCE_MEMBERSHIP	RISK-04-APPROVE-001	62c2c50e3c0becbe23a686735d1a7e50ed8bce2f3fa23c539d2250b68227c2d7	EMPTY	EMPTY
99d4f72c4a1da1c354c994d94db41ef4eb5f02e07d39f540deaa3365553d8799	PROCESS	994c5c6f3e7700bb439cd0c4b1741e3d839795989cfb1523bdf51bbd1e6c9280	강관지보공사	강관지보공사	SINGLETON	PROMOTED_FROM_SOURCE		DRAFT	1	2463	강관지보공사	PRESERVE_SOURCE_MEMBERSHIP	RISK-04-APPROVE-001	62c2c50e3c0becbe23a686735d1a7e50ed8bce2f3fa23c539d2250b68227c2d7	EMPTY	EMPTY
be1e724587f610fc57a33ba2620df093228ab54c0e36668adc529295c60039b8	PROCESS	994c5c6f3e7700bb439cd0c4b1741e3d839795989cfb1523bdf51bbd1e6c9280	철근콘크리트지보공사	철근콘크리트지보공사	SINGLETON	PROMOTED_FROM_SOURCE		DRAFT	1	2464	철근콘크리트지보공사	PRESERVE_SOURCE_MEMBERSHIP	RISK-04-APPROVE-001	62c2c50e3c0becbe23a686735d1a7e50ed8bce2f3fa23c539d2250b68227c2d7	EMPTY	EMPTY
f0f16c06ab4cb90d25d4fe89308cc6c166adb5d47278506dbaf906f92a58573e	TASK	13f01c1ad0d027cd2397d07a0e9eafb5222e1bbae9c0855e76a6ca66d279e062	골재채취 생산	골재채취 생산	SINGLETON	PROMOTED_FROM_SOURCE		DRAFT	1	2512	골재채취 생산	PRESERVE_IN_SOURCE_MAPPING_EVIDENCE	RISK-04-APPROVE-001	62c2c50e3c0becbe23a686735d1a7e50ed8bce2f3fa23c539d2250b68227c2d7	EMPTY	EMPTY
39f43c011ba393cac28497598616f9562ae5723eec583bc5100030ff7a5286b4	TASK	a4e348e08da8a4e5f535e0a1ed14382cfc73d3ba5abd1e174ef1d2e614152425	콘크리트생산	콘크리트생산	SINGLETON	PROMOTED_FROM_SOURCE		DRAFT	1	2521	콘크리트생산	PRESERVE_SOURCE_MEMBERSHIP	RISK-04-APPROVE-001	62c2c50e3c0becbe23a686735d1a7e50ed8bce2f3fa23c539d2250b68227c2d7	EMPTY	EMPTY
86f35df022fc2c654219cc0fa23aea81675a2ced09202cd274f10256c8f7a55a	TASK	58e88af9a290fbf1488f9595f8420103f1fa3868a286f2c3d3d731c980d831ca	무근콘크리트타설	무근콘크리트타설	SINGLETON	PROMOTED_FROM_SOURCE		DRAFT	1	2531	무근콘크리트타설	PRESERVE_SOURCE_MEMBERSHIP	RISK-04-APPROVE-001	62c2c50e3c0becbe23a686735d1a7e50ed8bce2f3fa23c539d2250b68227c2d7	EMPTY	EMPTY
e0b62c2ffdb38aa4bf0f88236420e66a4c9eab05cd8127bacecc0e58293cc846	TASK	58e88af9a290fbf1488f9595f8420103f1fa3868a286f2c3d3d731c980d831ca	철근콘크리트타설	철근콘크리트타설	SINGLETON	PROMOTED_FROM_SOURCE		DRAFT	1	2532	철근콘크리트타설	PRESERVE_SOURCE_MEMBERSHIP	RISK-04-APPROVE-001	62c2c50e3c0becbe23a686735d1a7e50ed8bce2f3fa23c539d2250b68227c2d7	EMPTY	EMPTY
8a9f61ba113d0ab2ac8559841b4f7cf4d97422e0fafb29b0774b75ebe1cab66d	TASK	58e88af9a290fbf1488f9595f8420103f1fa3868a286f2c3d3d731c980d831ca	프리스트레스콘크리트타설	프리스트레스콘크리트타설	SINGLETON	PROMOTED_FROM_SOURCE		DRAFT	1	2533	프리스트레스콘크리트타설	PRESERVE_SOURCE_MEMBERSHIP	RISK-04-APPROVE-001	62c2c50e3c0becbe23a686735d1a7e50ed8bce2f3fa23c539d2250b68227c2d7	EMPTY	EMPTY
505cc70a8518eeb5971a651d8e9ada22c9cf8c4cde874b23f1aa2a5c500f0e3e	PROCESS	58e88af9a290fbf1488f9595f8420103f1fa3868a286f2c3d3d731c980d831ca	특수콘크리트공사	특수콘크리트공사	SINGLETON	PROMOTED_FROM_SOURCE		DRAFT	1	2536	특수콘크리트공사	PRESERVE_SOURCE_MEMBERSHIP	RISK-04-APPROVE-001	62c2c50e3c0becbe23a686735d1a7e50ed8bce2f3fa23c539d2250b68227c2d7	EMPTY	EMPTY
8f3697afe1d30f13b112001ec5188887d8e4160922faae42c177fc77662d462e	TASK	58e88af9a290fbf1488f9595f8420103f1fa3868a286f2c3d3d731c980d831ca	콘크리트양생	콘크리트양생	SINGLETON	PROMOTED_FROM_SOURCE		DRAFT	1	2537	콘크리트양생	PRESERVE_SOURCE_MEMBERSHIP	RISK-04-APPROVE-001	62c2c50e3c0becbe23a686735d1a7e50ed8bce2f3fa23c539d2250b68227c2d7	EMPTY	EMPTY
702a1972419292ec68b25455315bf5cf56541edaea8c8bdb10a6e9935e0beaf7	PROCESS	19a4f25f379f1c2df1583f09f8eb8c3a87236b69fab9c3d0be4f376b3846b4de	특수거푸집공사	특수거푸집공사	SINGLETON	PROMOTED_FROM_SOURCE		DRAFT	1	2545	특수거푸집공사	PRESERVE_SOURCE_MEMBERSHIP	RISK-04-APPROVE-001	62c2c50e3c0becbe23a686735d1a7e50ed8bce2f3fa23c539d2250b68227c2d7	EMPTY	EMPTY
b7d0587740a4af8ef651796b165b1412ce663e1ed875e2d5d1967861fe2b61de	PROCESS	19a4f25f379f1c2df1583f09f8eb8c3a87236b69fab9c3d0be4f376b3846b4de	거푸집부속공사	거푸집부속공사	SINGLETON	PROMOTED_FROM_SOURCE		DRAFT	1	2548	거푸집부속공사	PRESERVE_SOURCE_MEMBERSHIP	RISK-04-APPROVE-001	62c2c50e3c0becbe23a686735d1a7e50ed8bce2f3fa23c539d2250b68227c2d7	EMPTY	EMPTY
534a1e029932e65c8b841d1e0b8758b67dacc6df04ab006a8e071ca767250c59	TASK	da93d66161177953a78a151ba958258083bd7ecdc307038e8400e97437c377b4	철근가공및조립	철근가공및조립	SINGLETON	PROMOTED_FROM_SOURCE		DRAFT	1	2551	철근가공및조립	PRESERVE_SOURCE_MEMBERSHIP	RISK-04-APPROVE-001	62c2c50e3c0becbe23a686735d1a7e50ed8bce2f3fa23c539d2250b68227c2d7	EMPTY	EMPTY
91607a6b5234112b3b580adf08b809cedf34cd478dbfbf66b3fb34254771e313	TASK	da93d66161177953a78a151ba958258083bd7ecdc307038e8400e97437c377b4	포스트텐션프리스트레싱	포스트텐션프리스트레싱	SINGLETON	PROMOTED_FROM_SOURCE		DRAFT	1	2552	포스트텐션프리스트레싱	PRESERVE_SOURCE_MEMBERSHIP	RISK-04-APPROVE-001	62c2c50e3c0becbe23a686735d1a7e50ed8bce2f3fa23c539d2250b68227c2d7	EMPTY	EMPTY
1ebe0ce0cfa0c6b2489e7c58d60829f894fd006d8ced691437d6254aa6737243	PROCESS	da93d66161177953a78a151ba958258083bd7ecdc307038e8400e97437c377b4	기타콘크리트보강공사	기타콘크리트보강공사	SINGLETON	PROMOTED_FROM_SOURCE		DRAFT	1	2559	기타콘크리트보강공사	PRESERVE_SOURCE_MEMBERSHIP	RISK-04-APPROVE-001	62c2c50e3c0becbe23a686735d1a7e50ed8bce2f3fa23c539d2250b68227c2d7	EMPTY	EMPTY
1b8ed90d692f0511bf6d2cd9e9783cb543ce8eb01b5970bfae4ddb63da0f794d	PROCESS	03754c84e28a545a6e2f2f5136ab8d915466c43cf7ccc3c05d3193d8829bbd60	구조물그라우팅공사	구조물그라우팅공사	SINGLETON	PROMOTED_FROM_SOURCE		DRAFT	1	2586	구조물그라우팅공사	PRESERVE_SOURCE_MEMBERSHIP	RISK-04-APPROVE-001	62c2c50e3c0becbe23a686735d1a7e50ed8bce2f3fa23c539d2250b68227c2d7	EMPTY	EMPTY
b9f29c8796ee9cfb1e440b4f99635a54c802d76b6029dfc2f88345543c73088e	TASK	03754c84e28a545a6e2f2f5136ab8d915466c43cf7ccc3c05d3193d8829bbd60	콘크리트면마감	콘크리트면마감	SINGLETON	PROMOTED_FROM_SOURCE		DRAFT	1	2587	콘크리트면마감	PRESERVE_SOURCE_MEMBERSHIP	RISK-04-APPROVE-001	62c2c50e3c0becbe23a686735d1a7e50ed8bce2f3fa23c539d2250b68227c2d7	EMPTY	EMPTY
587cf1383ecdcab9cedddc863f15d531d8951055912ed6fdd9c1355880cbe0f3	TASK	03754c84e28a545a6e2f2f5136ab8d915466c43cf7ccc3c05d3193d8829bbd60	부속물매입	부속물매입	SINGLETON	PROMOTED_FROM_SOURCE		DRAFT	1	2588	부속물매입	PRESERVE_SOURCE_MEMBERSHIP	RISK-04-APPROVE-001	62c2c50e3c0becbe23a686735d1a7e50ed8bce2f3fa23c539d2250b68227c2d7	EMPTY	EMPTY
eab931fc259700442b04eded5a74f35e3cf42ec80df7c8f8bfa0f2d434917d3d	TASK	0094e4e7a1f0cbeaa70425941c37f1dd06b42da2328faa8fc78d22d5f7693c2a	특수PC구조부재공장생산	특수PC구조부재공장생산	SINGLETON	PROMOTED_FROM_SOURCE		DRAFT	1	2622	특수PC구조부재공장생산	PRESERVE_SOURCE_MEMBERSHIP	RISK-04-APPROVE-001	62c2c50e3c0becbe23a686735d1a7e50ed8bce2f3fa23c539d2250b68227c2d7	EMPTY	EMPTY
b6deaa27e1a606346c8b88c04d2d0f46e01a431862421fae094cdbc279da49fe	TASK	0094e4e7a1f0cbeaa70425941c37f1dd06b42da2328faa8fc78d22d5f7693c2a	기타PC부재공장생산	기타PC부재공장생산	SINGLETON	PROMOTED_FROM_SOURCE		DRAFT	1	2623	기타PC부재공장생산	PRESERVE_SOURCE_MEMBERSHIP	RISK-04-APPROVE-001	62c2c50e3c0becbe23a686735d1a7e50ed8bce2f3fa23c539d2250b68227c2d7	EMPTY	EMPTY
700d44e2086f7e3510b1c8592413bfd7174457af028cd6e2abd663a9660b7a9e	TASK	0094e4e7a1f0cbeaa70425941c37f1dd06b42da2328faa8fc78d22d5f7693c2a	소형PC구조물공장생산	소형PC구조물공장생산	SINGLETON	PROMOTED_FROM_SOURCE		DRAFT	1	2624	소형PC구조물공장생산	PRESERVE_SOURCE_MEMBERSHIP	RISK-04-APPROVE-001	62c2c50e3c0becbe23a686735d1a7e50ed8bce2f3fa23c539d2250b68227c2d7	EMPTY	EMPTY
8ec2cc808e50af2600e037cdc6d93e5a0551884be613b17f7d3c6231881658cd	TASK	0094e4e7a1f0cbeaa70425941c37f1dd06b42da2328faa8fc78d22d5f7693c2a	일반PC구조부재현장생산	일반PC구조부재현장생산	SINGLETON	PROMOTED_FROM_SOURCE		DRAFT	1	2625	일반PC구조부재현장생산	PRESERVE_SOURCE_MEMBERSHIP	RISK-04-APPROVE-001	62c2c50e3c0becbe23a686735d1a7e50ed8bce2f3fa23c539d2250b68227c2d7	EMPTY	EMPTY
78667ee606b918b75d4ecd9e903c7a2e93548e314da292f68715e2f134fd2308	TASK	0094e4e7a1f0cbeaa70425941c37f1dd06b42da2328faa8fc78d22d5f7693c2a	특수PC구조부재현장생산	특수PC구조부재현장생산	SINGLETON	PROMOTED_FROM_SOURCE		DRAFT	1	2626	특수PC구조부재현장생산	PRESERVE_SOURCE_MEMBERSHIP	RISK-04-APPROVE-001	62c2c50e3c0becbe23a686735d1a7e50ed8bce2f3fa23c539d2250b68227c2d7	EMPTY	EMPTY
b32eba72110b31e9759ffc30dd95961d023608b0a0ee3c0248bd22eacdc2b62e	TASK	0094e4e7a1f0cbeaa70425941c37f1dd06b42da2328faa8fc78d22d5f7693c2a	기타PC부재현장생산	기타PC부재현장생산	SINGLETON	PROMOTED_FROM_SOURCE		DRAFT	1	2627	기타PC부재현장생산	PRESERVE_SOURCE_MEMBERSHIP	RISK-04-APPROVE-001	62c2c50e3c0becbe23a686735d1a7e50ed8bce2f3fa23c539d2250b68227c2d7	EMPTY	EMPTY
8218e8727a202f926f45c60d6a1711ce3734d7722bb74641977b953977e5fdf0	TASK	0094e4e7a1f0cbeaa70425941c37f1dd06b42da2328faa8fc78d22d5f7693c2a	소형PC구조물현장생산	소형PC구조물현장생산	SINGLETON	PROMOTED_FROM_SOURCE		DRAFT	1	2628	소형PC구조물현장생산	PRESERVE_SOURCE_MEMBERSHIP	RISK-04-APPROVE-001	62c2c50e3c0becbe23a686735d1a7e50ed8bce2f3fa23c539d2250b68227c2d7	EMPTY	EMPTY
478736d51d40e0e8c95d0abff1e832a22ddd9fd9834f437ff8fb09afc6a4ce08	TASK	6687836107bb3e7d0a4cdc3c83aedda7d8ac7eaa5618bd2b1bbe34550fe9c44a	일반PC보조립	일반PC보조립	SINGLETON	PROMOTED_FROM_SOURCE		DRAFT	1	2641	일반PC보조립	PRESERVE_SOURCE_MEMBERSHIP	RISK-04-APPROVE-001	62c2c50e3c0becbe23a686735d1a7e50ed8bce2f3fa23c539d2250b68227c2d7	EMPTY	EMPTY
3345b0a880ce8e44d60232565409d36adf08b1456a9ee557778cb92508bcd4de	TASK	6687836107bb3e7d0a4cdc3c83aedda7d8ac7eaa5618bd2b1bbe34550fe9c44a	프리텐션PC보조립	프리텐션PC보조립	SINGLETON	PROMOTED_FROM_SOURCE		DRAFT	1	2642	프리텐션PC보조립	PRESERVE_SOURCE_MEMBERSHIP	RISK-04-APPROVE-001	62c2c50e3c0becbe23a686735d1a7e50ed8bce2f3fa23c539d2250b68227c2d7	EMPTY	EMPTY
d8dcf3688ddd3911f04c7591ba9d3d070bec7ebad39d2f81ca9310dcbb061180	TASK	6687836107bb3e7d0a4cdc3c83aedda7d8ac7eaa5618bd2b1bbe34550fe9c44a	포스트텐션PC보조립	포스트텐션PC보조립	SINGLETON	PROMOTED_FROM_SOURCE		DRAFT	1	2643	포스트텐션PC보조립	PRESERVE_SOURCE_MEMBERSHIP	RISK-04-APPROVE-001	62c2c50e3c0becbe23a686735d1a7e50ed8bce2f3fa23c539d2250b68227c2d7	EMPTY	EMPTY
2bc09911e2a00bdbcfd30faf2027c12d267cb76f788f84005de03d49f70617e8	TASK	6687836107bb3e7d0a4cdc3c83aedda7d8ac7eaa5618bd2b1bbe34550fe9c44a	프리프렉스PC보조립	프리프렉스PC보조립	SINGLETON	PROMOTED_FROM_SOURCE		DRAFT	1	2644	프리프렉스PC보조립	PRESERVE_SOURCE_MEMBERSHIP	RISK-04-APPROVE-001	62c2c50e3c0becbe23a686735d1a7e50ed8bce2f3fa23c539d2250b68227c2d7	EMPTY	EMPTY
27c821d18b97b6f608886edbe2256e3622ff782aefb2c3555bfcdde51dfa3c2b	TASK	6687836107bb3e7d0a4cdc3c83aedda7d8ac7eaa5618bd2b1bbe34550fe9c44a	기둥조립	기둥조립	SINGLETON	PROMOTED_FROM_SOURCE		DRAFT	1	2645	기둥조립	PRESERVE_SOURCE_MEMBERSHIP	RISK-04-APPROVE-001	62c2c50e3c0becbe23a686735d1a7e50ed8bce2f3fa23c539d2250b68227c2d7	EMPTY	EMPTY
2b3f1f44c077431eb18333afd9af4016c7fe8e7c1ba7e3cae8fe0774ab341829	TASK	241e8cf487d9313c9bc87d252b8cda80fbcf84336e01ecedffea2fc005f4fdad	세그멘탈부재조립	세그멘탈부재조립	SINGLETON	PROMOTED_FROM_SOURCE		DRAFT	1	2651	세그멘탈부재조립	PRESERVE_SOURCE_MEMBERSHIP	RISK-04-APPROVE-001	62c2c50e3c0becbe23a686735d1a7e50ed8bce2f3fa23c539d2250b68227c2d7	EMPTY	EMPTY
1b5fe88148c46cef4d8d7ab31a1199f3f8972780ca23ac8d08fec82be0bf6496	TASK	241e8cf487d9313c9bc87d252b8cda80fbcf84336e01ecedffea2fc005f4fdad	지하도PC부재조립	지하도PC부재조립	SINGLETON	PROMOTED_FROM_SOURCE		DRAFT	1	2652	지하도PC부재조립 - - 대․중․소 분류대․중․소 분류	PRESERVE_SOURCE_MEMBERSHIP	RISK-04-APPROVE-001	62c2c50e3c0becbe23a686735d1a7e50ed8bce2f3fa23c539d2250b68227c2d7	EMPTY	EMPTY
8ea2a77853c0a58cedaff1e4f25ac4b8647fe3cba53a662065d6bd3018f643d4	TASK	241e8cf487d9313c9bc87d252b8cda80fbcf84336e01ecedffea2fc005f4fdad	암거PC부재조립	암거PC부재조립	SINGLETON	PROMOTED_FROM_SOURCE		DRAFT	1	2653	암거PC부재조립	PRESERVE_SOURCE_MEMBERSHIP	RISK-04-APPROVE-001	62c2c50e3c0becbe23a686735d1a7e50ed8bce2f3fa23c539d2250b68227c2d7	EMPTY	EMPTY
4532feab3011c0f3e3dbc4f8ebdbc1bbb57fd2e8af87eba34cf03e3187886c2c	TASK	a9b19d41db62b02d613b384de089cb125f4481f51cc8fb9af7f657c10b31e7dd	철골공장가공 제작	철골공장가공 제작	SINGLETON	PROMOTED_FROM_SOURCE		DRAFT	1	2721	철골공장가공 제작	PRESERVE_SOURCE_MEMBERSHIP	RISK-04-APPROVE-001	62c2c50e3c0becbe23a686735d1a7e50ed8bce2f3fa23c539d2250b68227c2d7	EMPTY	EMPTY
b1e507d90ce24d1ba45813dbb84ce03f84f98d8500819efd5fec679b291d451c	TASK	a9b19d41db62b02d613b384de089cb125f4481f51cc8fb9af7f657c10b31e7dd	철골현장가공 제작	철골현장가공 제작	SINGLETON	PROMOTED_FROM_SOURCE		DRAFT	1	2725	철골현장가공 제작	PRESERVE_SOURCE_MEMBERSHIP	RISK-04-APPROVE-001	62c2c50e3c0becbe23a686735d1a7e50ed8bce2f3fa23c539d2250b68227c2d7	EMPTY	EMPTY
c3a4af8250b2ddde9a57933d9f504f0c07253c6585e858fcf0c3c23717a5f079	TASK	8f21587ec43018940afb947efb86af08c59f4ea101a9360830238770576fe31b	강교조립및설치	강교조립및설치	SINGLETON	PROMOTED_FROM_SOURCE		DRAFT	1	2731	강교조립및설치	PRESERVE_SOURCE_MEMBERSHIP	RISK-04-APPROVE-001	62c2c50e3c0becbe23a686735d1a7e50ed8bce2f3fa23c539d2250b68227c2d7	EMPTY	EMPTY
a7f8d16d41e860d90ed4a4758bc29bdcc38955ffd7302bd8acb44014b5d64dea	TASK	8f21587ec43018940afb947efb86af08c59f4ea101a9360830238770576fe31b	건축철골조립및설치	건축철골조립및설치	SINGLETON	PROMOTED_FROM_SOURCE		DRAFT	1	2732	건축철골조립및설치	PRESERVE_SOURCE_MEMBERSHIP	RISK-04-APPROVE-001	62c2c50e3c0becbe23a686735d1a7e50ed8bce2f3fa23c539d2250b68227c2d7	EMPTY	EMPTY
3af8899fd0419578df83afe79beaaebcf1f336301fc986bf262e0f4c0b5c2d4c	TASK	8f21587ec43018940afb947efb86af08c59f4ea101a9360830238770576fe31b	플랜트철골조립및설치	플랜트철골조립및설치	SINGLETON	PROMOTED_FROM_SOURCE		DRAFT	1	2733	플랜트철골조립및설치	PRESERVE_SOURCE_MEMBERSHIP	RISK-04-APPROVE-001	62c2c50e3c0becbe23a686735d1a7e50ed8bce2f3fa23c539d2250b68227c2d7	EMPTY	EMPTY
290d01355efefc442840566d9e4a27899ae6a6a41a51f28bc140c18f98374bee	TASK	8f21587ec43018940afb947efb86af08c59f4ea101a9360830238770576fe31b	경량철골조립및설치	경량철골조립및설치	SINGLETON	PROMOTED_FROM_SOURCE		DRAFT	1	2734	경량철골조립및설치	PRESERVE_SOURCE_MEMBERSHIP	RISK-04-APPROVE-001	62c2c50e3c0becbe23a686735d1a7e50ed8bce2f3fa23c539d2250b68227c2d7	EMPTY	EMPTY
8ddb9d12db1eb623a8ed07d879759d57032095e6edaa0eed152d8b73ef5ba4f2	TASK	8f21587ec43018940afb947efb86af08c59f4ea101a9360830238770576fe31b	구조용알루미늄조립및설치	구조용알루미늄조립및설치	SINGLETON	PROMOTED_FROM_SOURCE		DRAFT	1	2736	구조용알루미늄조립및설치	PRESERVE_SOURCE_MEMBERSHIP	RISK-04-APPROVE-001	62c2c50e3c0becbe23a686735d1a7e50ed8bce2f3fa23c539d2250b68227c2d7	EMPTY	EMPTY
7653ce9c87a830de615a7872b94f36b4f95c24e3061fde52463033cfe2e1e438	TASK	894d7093086b3017def26a1e2260a364fa47f606c33ec7b2fd42a620ed0a394e	바닥판깔기	바닥판깔기	SINGLETON	PROMOTED_FROM_SOURCE		DRAFT	1	2741	바닥판깔기	PRESERVE_SOURCE_MEMBERSHIP	RISK-04-APPROVE-001	62c2c50e3c0becbe23a686735d1a7e50ed8bce2f3fa23c539d2250b68227c2d7	EMPTY	EMPTY
ee18220e1e4a8324af2d5cbfa2f2561fbbcdf820aedda7a08111390db0e9377b	TASK	894d7093086b3017def26a1e2260a364fa47f606c33ec7b2fd42a620ed0a394e	철골계단설치	철골계단설치	SINGLETON	PROMOTED_FROM_SOURCE		DRAFT	1	2742	철골계단설치	PRESERVE_SOURCE_MEMBERSHIP	RISK-04-APPROVE-001	62c2c50e3c0becbe23a686735d1a7e50ed8bce2f3fa23c539d2250b68227c2d7	EMPTY	EMPTY
ae98c6091dd38daa07cf5b8d0a6787234d1d84f26827c0621f3184d862c1980f	TASK	894d7093086b3017def26a1e2260a364fa47f606c33ec7b2fd42a620ed0a394e	회랑 통로설치	회랑 통로설치	SINGLETON	PROMOTED_FROM_SOURCE		DRAFT	1	2743	회랑 통로설치	PRESERVE_SOURCE_MEMBERSHIP	RISK-04-APPROVE-001	62c2c50e3c0becbe23a686735d1a7e50ed8bce2f3fa23c539d2250b68227c2d7	EMPTY	EMPTY
25a54deb7083b33507aa5a73fdea688a17256e0bc6494bfa324e646bed130b7d	TASK	894d7093086b3017def26a1e2260a364fa47f606c33ec7b2fd42a620ed0a394e	계단 회랑 통로난간설치	계단 회랑 통로난간설치	SINGLETON	PROMOTED_FROM_SOURCE		DRAFT	1	2744	계단 회랑 통로난간설치	PRESERVE_SOURCE_MEMBERSHIP	RISK-04-APPROVE-001	62c2c50e3c0becbe23a686735d1a7e50ed8bce2f3fa23c539d2250b68227c2d7	EMPTY	EMPTY
3b8e15aef8d1cf78ed0f6af8044dd411b9e3189c9b1cf5cf9aa31b060ab8ab62	TASK	894d7093086b3017def26a1e2260a364fa47f606c33ec7b2fd42a620ed0a394e	토목잡철물제작 설치	토목잡철물제작 설치	SINGLETON	PROMOTED_FROM_SOURCE		DRAFT	1	2748	토목잡철물제작 설치	PRESERVE_SOURCE_MEMBERSHIP	RISK-04-APPROVE-001	62c2c50e3c0becbe23a686735d1a7e50ed8bce2f3fa23c539d2250b68227c2d7	EMPTY	EMPTY
e28797a8110751205a06b5e1a960d5b85c61f3ff7158eea05e87d6fc23ef4f1f	TASK	e7b2885e1bfe92f116c5f7a790ef9390c064d76e62ebd3655eb8fd8ff8203a3e	철골내화피복	철골내화피복	SINGLETON	PROMOTED_FROM_SOURCE		DRAFT	1	2781	철골내화피복	PRESERVE_SOURCE_MEMBERSHIP	RISK-04-APPROVE-001	62c2c50e3c0becbe23a686735d1a7e50ed8bce2f3fa23c539d2250b68227c2d7	EMPTY	EMPTY
954af7f796af6729ca14c96447db4f0e030ef961edf3c87661d997fd0de22afb	TASK	e7b2885e1bfe92f116c5f7a790ef9390c064d76e62ebd3655eb8fd8ff8203a3e	철골 강교도장	철골 강교도장	SINGLETON	PROMOTED_FROM_SOURCE		DRAFT	1	2785	철골 강교도장	PRESERVE_SOURCE_MEMBERSHIP	RISK-04-APPROVE-001	62c2c50e3c0becbe23a686735d1a7e50ed8bce2f3fa23c539d2250b68227c2d7	EMPTY	EMPTY
106095f71924384fb6883c27185490a29683f9ce6af50a8e71a082b6b132a447	TASK	4f2e093b95fb979b6e7fe6f6e15610c29313de754e86cf0d7afde24ec2151dee	금속관부설	금속관부설	SINGLETON	PROMOTED_FROM_SOURCE		DRAFT	1	3112	금속관부설	PRESERVE_SOURCE_MEMBERSHIP	RISK-04-APPROVE-001	62c2c50e3c0becbe23a686735d1a7e50ed8bce2f3fa23c539d2250b68227c2d7	EMPTY	EMPTY
7bf278541877f4e20baa73c0ba0493c6a18892d4c525e53d9221d8620c0d69cf	TASK	4f2e093b95fb979b6e7fe6f6e15610c29313de754e86cf0d7afde24ec2151dee	프라스틱관부설	프라스틱관부설	SINGLETON	PROMOTED_FROM_SOURCE		DRAFT	1	3113	프라스틱관부설	PRESERVE_SOURCE_MEMBERSHIP	RISK-04-APPROVE-001	62c2c50e3c0becbe23a686735d1a7e50ed8bce2f3fa23c539d2250b68227c2d7	EMPTY	EMPTY
41a37bac95ce320d09ae7ac52c36a63069504551670a1d6eed09dda5a8aec88f	TASK	ab5cb14d0f35c4b9c8716882ac8be1f632db619bed3db9e612c87d77954024a0	배관보온 보호공사	배관보온 보호공사	SINGLETON	PROMOTED_FROM_SOURCE		DRAFT	1	3141	배관보온 보호공사	PRESERVE_SOURCE_MEMBERSHIP	RISK-04-APPROVE-001	62c2c50e3c0becbe23a686735d1a7e50ed8bce2f3fa23c539d2250b68227c2d7	EMPTY	EMPTY
f7532ac33b98fe1ee59574d35e2192a05a31b64fc95cc9c59b238108177e8b06	TASK	ab5cb14d0f35c4b9c8716882ac8be1f632db619bed3db9e612c87d77954024a0	구조물배관접합	구조물배관접합	SINGLETON	PROMOTED_FROM_SOURCE		DRAFT	1	3142	구조물배관접합	PRESERVE_SOURCE_MEMBERSHIP	RISK-04-APPROVE-001	62c2c50e3c0becbe23a686735d1a7e50ed8bce2f3fa23c539d2250b68227c2d7	EMPTY	EMPTY
925b310d5460365fd932b25f8fbbdc6addd19ea907c677cfd766d65ed7dc6770	TASK	ab5cb14d0f35c4b9c8716882ac8be1f632db619bed3db9e612c87d77954024a0	관부사	관부사	SINGLETON	PROMOTED_FROM_SOURCE		DRAFT	1	3143	관부사	PRESERVE_SOURCE_MEMBERSHIP	RISK-04-APPROVE-001	62c2c50e3c0becbe23a686735d1a7e50ed8bce2f3fa23c539d2250b68227c2d7	EMPTY	EMPTY
e68637f9e92f0b2dfdc99dacef3940f05a8b866f2fdcbf554edc0c908d778f1f	TASK	ab5cb14d0f35c4b9c8716882ac8be1f632db619bed3db9e612c87d77954024a0	검사관설치	검사관설치	SINGLETON	PROMOTED_FROM_SOURCE		DRAFT	1	3144	검사관설치	PRESERVE_SOURCE_MEMBERSHIP	RISK-04-APPROVE-001	62c2c50e3c0becbe23a686735d1a7e50ed8bce2f3fa23c539d2250b68227c2d7	EMPTY	EMPTY
2f57bad1368df5f8d8564e0fd5d84dfc4e74a9df09cea6dd0a34ceca2ae1d378	TASK	ab5cb14d0f35c4b9c8716882ac8be1f632db619bed3db9e612c87d77954024a0	경사판설치	경사판설치	SINGLETON	PROMOTED_FROM_SOURCE		DRAFT	1	3146	경사판설치	PRESERVE_SOURCE_MEMBERSHIP	RISK-04-APPROVE-001	62c2c50e3c0becbe23a686735d1a7e50ed8bce2f3fa23c539d2250b68227c2d7	EMPTY	EMPTY
b524bc0e73b53bbf6d149d64d04fa2867d8d96672f3a16ff8d608bd31cab85dd	PROCESS	ab5cb14d0f35c4b9c8716882ac8be1f632db619bed3db9e612c87d77954024a0	기타토목배관부대공사	기타토목배관부대공사	SINGLETON	PROMOTED_FROM_SOURCE		DRAFT	1	3149	기타토목배관부대공사	PRESERVE_SOURCE_MEMBERSHIP	RISK-04-APPROVE-001	62c2c50e3c0becbe23a686735d1a7e50ed8bce2f3fa23c539d2250b68227c2d7	EMPTY	EMPTY
512d3906fcf9a0079a12b908c439663d6703b7d06a660b8da1218d18275559b2	TASK	b15cd2beb1d4901b6d710f491abe2a583003fdfe5fe6d98842ce0257c9159552	여과설비설치	여과설비설치	SINGLETON	PROMOTED_FROM_SOURCE		DRAFT	1	3157	여과설비설치	PRESERVE_IN_SOURCE_MAPPING_EVIDENCE	RISK-04-APPROVE-001	62c2c50e3c0becbe23a686735d1a7e50ed8bce2f3fa23c539d2250b68227c2d7	EMPTY	EMPTY
28a7f4186fbab2677155050a78cd9eaa930624e14574a13a56ffcf7d01dd653b	TASK	eb0b1e8ac0c91157de26d21c83934d188ce64972b62ad553afa0b9570dc1d2b2	상수도배관검사	상수도배관검사	SINGLETON	PROMOTED_FROM_SOURCE		DRAFT	1	3161	상수도배관검사	PRESERVE_SOURCE_MEMBERSHIP	RISK-04-APPROVE-001	62c2c50e3c0becbe23a686735d1a7e50ed8bce2f3fa23c539d2250b68227c2d7	EMPTY	EMPTY
b0741454b9d33e4490fe45f8b4a2908be50a14cae33376b6ba8720947c5a6fa0	TASK	eb0b1e8ac0c91157de26d21c83934d188ce64972b62ad553afa0b9570dc1d2b2	상수도배관청소	상수도배관청소	SINGLETON	PROMOTED_FROM_SOURCE		DRAFT	1	3162	상수도배관청소	PRESERVE_SOURCE_MEMBERSHIP	RISK-04-APPROVE-001	62c2c50e3c0becbe23a686735d1a7e50ed8bce2f3fa23c539d2250b68227c2d7	EMPTY	EMPTY
ccddfaaf92e40d4865f46db3e89f447c8859774867b15f58f3a2e029e488b40f	TASK	eb0b1e8ac0c91157de26d21c83934d188ce64972b62ad553afa0b9570dc1d2b2	상수도배관내장애물제거	상수도배관내장애물제거	SINGLETON	PROMOTED_FROM_SOURCE		DRAFT	1	3163	상수도배관내장애물제거	PRESERVE_SOURCE_MEMBERSHIP	RISK-04-APPROVE-001	62c2c50e3c0becbe23a686735d1a7e50ed8bce2f3fa23c539d2250b68227c2d7	EMPTY	EMPTY
8cc2837043ab3c280cc188cfa873761bbbb5dbe7e89c601ebadc66dc5ba05ea4	TASK	eb0b1e8ac0c91157de26d21c83934d188ce64972b62ad553afa0b9570dc1d2b2	상수도배관보수	상수도배관보수	SINGLETON	PROMOTED_FROM_SOURCE		DRAFT	1	3164	상수도배관보수	PRESERVE_SOURCE_MEMBERSHIP	RISK-04-APPROVE-001	62c2c50e3c0becbe23a686735d1a7e50ed8bce2f3fa23c539d2250b68227c2d7	EMPTY	EMPTY
4c3bd67daf652eb29274f81c1603cc9b9fab83645d5c9bbc0d2f2a1e1cd4556d	TASK	df10084ef3420d232661a9ae119d90168b42921a54c7076b7b197b6c5485e5f7	하수도배관검사	하수도배관검사	SINGLETON	PROMOTED_FROM_SOURCE		DRAFT	1	3171	하수도배관검사	PRESERVE_SOURCE_MEMBERSHIP	RISK-04-APPROVE-001	62c2c50e3c0becbe23a686735d1a7e50ed8bce2f3fa23c539d2250b68227c2d7	EMPTY	EMPTY
3dbe53b9b87457e3770ddee6aa72481e755904f36648ba42524abc65ceefc81b	TASK	df10084ef3420d232661a9ae119d90168b42921a54c7076b7b197b6c5485e5f7	하수도배관청소	하수도배관청소	SINGLETON	PROMOTED_FROM_SOURCE		DRAFT	1	3172	하수도배관청소	PRESERVE_SOURCE_MEMBERSHIP	RISK-04-APPROVE-001	62c2c50e3c0becbe23a686735d1a7e50ed8bce2f3fa23c539d2250b68227c2d7	EMPTY	EMPTY
b787fb5dff70a08dc127bf096bc06975888d0808e9d52fb9c1c02449f64bedcc	TASK	df10084ef3420d232661a9ae119d90168b42921a54c7076b7b197b6c5485e5f7	하수도배관내장애물제거	하수도배관내장애물제거	SINGLETON	PROMOTED_FROM_SOURCE		DRAFT	1	3173	하수도배관내장애물제거	PRESERVE_SOURCE_MEMBERSHIP	RISK-04-APPROVE-001	62c2c50e3c0becbe23a686735d1a7e50ed8bce2f3fa23c539d2250b68227c2d7	EMPTY	EMPTY
e65bf1cd77644a54e1893d8eb716652c0e168865e1aceb3c23fb9526b31a3488	TASK	df10084ef3420d232661a9ae119d90168b42921a54c7076b7b197b6c5485e5f7	배관내부준설	배관내부준설	SINGLETON	PROMOTED_FROM_SOURCE		DRAFT	1	3174	배관내부준설	PRESERVE_SOURCE_MEMBERSHIP	RISK-04-APPROVE-001	62c2c50e3c0becbe23a686735d1a7e50ed8bce2f3fa23c539d2250b68227c2d7	EMPTY	EMPTY
a57c24ef4cc08fbc48eac869a59f35817fa925cdb73a32de231faff945fecbc5	TASK	df10084ef3420d232661a9ae119d90168b42921a54c7076b7b197b6c5485e5f7	하수도배관보수	하수도배관보수	SINGLETON	PROMOTED_FROM_SOURCE		DRAFT	1	3175	하수도배관보수	PRESERVE_SOURCE_MEMBERSHIP	RISK-04-APPROVE-001	62c2c50e3c0becbe23a686735d1a7e50ed8bce2f3fa23c539d2250b68227c2d7	EMPTY	EMPTY
41b9ce338d606003a402c2bb1777782ce46ce7d5adc10065a7788b7b4558539b	PROCESS	ad52ec48aec12c096ed53d6e802060a29abfdddbc8cf6e7762c5945e04534786	교량상판포장	교량상판포장	SINGLETON	PROMOTED_FROM_SOURCE		DRAFT	1	3216	교량상판포장	PRESERVE_SOURCE_MEMBERSHIP	RISK-04-APPROVE-001	62c2c50e3c0becbe23a686735d1a7e50ed8bce2f3fa23c539d2250b68227c2d7	EMPTY	EMPTY
0a8ead19e5d1f9a301eabb551149fe3400405a1a55763aabf2e793b7f824f5b3	PROCESS	ad52ec48aec12c096ed53d6e802060a29abfdddbc8cf6e7762c5945e04534786	미끄럼방지포장	미끄럼방지포장	SINGLETON	PROMOTED_FROM_SOURCE		DRAFT	1	3217	미끄럼방지포장	PRESERVE_SOURCE_MEMBERSHIP	RISK-04-APPROVE-001	62c2c50e3c0becbe23a686735d1a7e50ed8bce2f3fa23c539d2250b68227c2d7	EMPTY	EMPTY
190d77b417004dbf747302756abff5a14e59aae27f3ac18739535d323afe8123	PROCESS	ad52ec48aec12c096ed53d6e802060a29abfdddbc8cf6e7762c5945e04534786	특수포장	특수포장	SINGLETON	PROMOTED_FROM_SOURCE		DRAFT	1	3218	특수포장	PRESERVE_SOURCE_MEMBERSHIP	RISK-04-APPROVE-001	62c2c50e3c0becbe23a686735d1a7e50ed8bce2f3fa23c539d2250b68227c2d7	EMPTY	EMPTY
875b01f64ef1c4f9ac210f9df82dd31524bc6362deb4d6e74793dcae575bc864	TASK	1cd23a808787268e00b50146106a9c6d46975520ee0b11caecc7264a530ecd8d	포장콘크리트포설	포장콘크리트포설	SINGLETON	PROMOTED_FROM_SOURCE		DRAFT	1	3221	포장콘크리트포설	PRESERVE_SOURCE_MEMBERSHIP	RISK-04-APPROVE-001	62c2c50e3c0becbe23a686735d1a7e50ed8bce2f3fa23c539d2250b68227c2d7	EMPTY	EMPTY
44ab508840976b882aaf47188aa2db2278701921df40269b5aa8301ddd420bbd	PROCESS	e9d5097280eead87de1f8ee9e24cd53c94b90fa52276ada446bf13467c8c8f72	머캐덤포장	머캐덤포장	SINGLETON	PROMOTED_FROM_SOURCE		DRAFT	1	3231	머캐덤포장	PRESERVE_SOURCE_MEMBERSHIP	RISK-04-APPROVE-001	62c2c50e3c0becbe23a686735d1a7e50ed8bce2f3fa23c539d2250b68227c2d7	EMPTY	EMPTY
6e1db4f1a74f6d59f1562f4a2f2dd9316771f23032e12269be387c58b5d5fe37	PROCESS	e9d5097280eead87de1f8ee9e24cd53c94b90fa52276ada446bf13467c8c8f72	경하중아스콘포장	경하중아스콘포장	SINGLETON	PROMOTED_FROM_SOURCE		DRAFT	1	3232	경하중아스콘포장	PRESERVE_SOURCE_MEMBERSHIP	RISK-04-APPROVE-001	62c2c50e3c0becbe23a686735d1a7e50ed8bce2f3fa23c539d2250b68227c2d7	EMPTY	EMPTY
53e723e6c98f5a77418ccc836150e94446eed260eb4fec012b2a3548f06e8622	PROCESS	e9d5097280eead87de1f8ee9e24cd53c94b90fa52276ada446bf13467c8c8f72	투수콘크리트포장	투수콘크리트포장	SINGLETON	PROMOTED_FROM_SOURCE		DRAFT	1	3233	투수콘크리트포장	PRESERVE_SOURCE_MEMBERSHIP	RISK-04-APPROVE-001	62c2c50e3c0becbe23a686735d1a7e50ed8bce2f3fa23c539d2250b68227c2d7	EMPTY	EMPTY
98cc57b6dbd1611ac5fe9fbf2ddd4e762ed3541c1635472a90dce03a371ed2fa	PROCESS	e9d5097280eead87de1f8ee9e24cd53c94b90fa52276ada446bf13467c8c8f72	보도블록포장	보도블록포장	SINGLETON	PROMOTED_FROM_SOURCE		DRAFT	1	3234	보도블록포장	PRESERVE_SOURCE_MEMBERSHIP	RISK-04-APPROVE-001	62c2c50e3c0becbe23a686735d1a7e50ed8bce2f3fa23c539d2250b68227c2d7	EMPTY	EMPTY
a99842befdc7bb79a03921ad724c4b5e2942d93d8d415e3aaea19cbdfa508e2d	PROCESS	e9d5097280eead87de1f8ee9e24cd53c94b90fa52276ada446bf13467c8c8f72	우레탄수지포장	우레탄수지포장	SINGLETON	PROMOTED_FROM_SOURCE		DRAFT	1	3235	우레탄수지포장	PRESERVE_SOURCE_MEMBERSHIP	RISK-04-APPROVE-001	62c2c50e3c0becbe23a686735d1a7e50ed8bce2f3fa23c539d2250b68227c2d7	EMPTY	EMPTY
263630628061dca5e0f87318ac7e703f8a23aa269fb433175762f90cac07f51a	TASK	aaec78d5502f2db4c028c040ca27b613454195907c0e2b949fbd0b2ab181d5f3	아스콘포장덧씨우기	아스콘포장덧씨우기	SINGLETON	PROMOTED_FROM_SOURCE		DRAFT	1	3281	아스콘포장덧씨우기	PRESERVE_SOURCE_MEMBERSHIP	RISK-04-APPROVE-001	62c2c50e3c0becbe23a686735d1a7e50ed8bce2f3fa23c539d2250b68227c2d7	EMPTY	EMPTY
3a1b62d39d66f7151606d2ee98064e3a5381e44f0b11d12bfcfced8730c972c8	TASK	aaec78d5502f2db4c028c040ca27b613454195907c0e2b949fbd0b2ab181d5f3	아스콘포장보수	아스콘포장보수	SINGLETON	PROMOTED_FROM_SOURCE		DRAFT	1	3282	아스콘포장보수	PRESERVE_SOURCE_MEMBERSHIP	RISK-04-APPROVE-001	62c2c50e3c0becbe23a686735d1a7e50ed8bce2f3fa23c539d2250b68227c2d7	EMPTY	EMPTY
94214fcab50cdcc71c68e401e415c8f01020eddcf3eaf37e7efaf53dee4b5917	TASK	aaec78d5502f2db4c028c040ca27b613454195907c0e2b949fbd0b2ab181d5f3	콘크리트포장보수	콘크리트포장보수	SINGLETON	PROMOTED_FROM_SOURCE		DRAFT	1	3283	콘크리트포장보수	PRESERVE_SOURCE_MEMBERSHIP	RISK-04-APPROVE-001	62c2c50e3c0becbe23a686735d1a7e50ed8bce2f3fa23c539d2250b68227c2d7	EMPTY	EMPTY
c9c82aa3be8b44433c0e8c2b6b2029641b83ffbcc6cd5d1819d9cde749c7cb74	TASK	aaec78d5502f2db4c028c040ca27b613454195907c0e2b949fbd0b2ab181d5f3	경하중포장보수	경하중포장보수	SINGLETON	PROMOTED_FROM_SOURCE		DRAFT	1	3284	경하중포장보수	PRESERVE_SOURCE_MEMBERSHIP	RISK-04-APPROVE-001	62c2c50e3c0becbe23a686735d1a7e50ed8bce2f3fa23c539d2250b68227c2d7	EMPTY	EMPTY
9392db76a86f5259061bf369afb28ddbb8a5711b831558e71f9174fe227a8dcb	TASK	01cf3373ebf183d4037b67bddd2d8679dcd717e985022494af1f6c6742756512	자갈살포고르기	자갈살포고르기	SINGLETON	PROMOTED_FROM_SOURCE		DRAFT	1	3322	자갈살포고르기	PRESERVE_SOURCE_MEMBERSHIP	RISK-04-APPROVE-001	62c2c50e3c0becbe23a686735d1a7e50ed8bce2f3fa23c539d2250b68227c2d7	EMPTY	EMPTY
78a6f187225b597999fcadab5871a7715b1b2ab22d4722e2c4e29edfc2f0fdff	TASK	01cf3373ebf183d4037b67bddd2d8679dcd717e985022494af1f6c6742756512	콘크리트도상설치	콘크리트도상설치	SINGLETON	PROMOTED_FROM_SOURCE		DRAFT	1	3323	콘크리트도상설치	PRESERVE_SOURCE_MEMBERSHIP	RISK-04-APPROVE-001	62c2c50e3c0becbe23a686735d1a7e50ed8bce2f3fa23c539d2250b68227c2d7	EMPTY	EMPTY
465a4ce30c7c27ce67160f99fd7ea254cda54b284306f898c967d57493698baa	TASK	01cf3373ebf183d4037b67bddd2d8679dcd717e985022494af1f6c6742756512	프리케스트도상설치	프리케스트도상설치	SINGLETON	PROMOTED_FROM_SOURCE		DRAFT	1	3324	프리케스트도상설치	PRESERVE_SOURCE_MEMBERSHIP	RISK-04-APPROVE-001	62c2c50e3c0becbe23a686735d1a7e50ed8bce2f3fa23c539d2250b68227c2d7	EMPTY	EMPTY
2223b6185d7fbd3db8fd21b1d1175929ced12ac8d841626dd375d8a05d14a854	TASK	6eca78379c93853863766d02655b1003ca45241d359ae85d92aad4c0ba2d84aa	궤도자재준비	궤도자재준비	SINGLETON	PROMOTED_FROM_SOURCE		DRAFT	1	3331	궤도자재준비	PRESERVE_SOURCE_MEMBERSHIP	RISK-04-APPROVE-001	62c2c50e3c0becbe23a686735d1a7e50ed8bce2f3fa23c539d2250b68227c2d7	EMPTY	EMPTY
abe843723fa72e29b63dae487280c79e637c94c4177c8a35daf05559301682f0	TASK	6eca78379c93853863766d02655b1003ca45241d359ae85d92aad4c0ba2d84aa	침목깔기	침목깔기	SINGLETON	PROMOTED_FROM_SOURCE		DRAFT	1	3332	침목깔기	PRESERVE_SOURCE_MEMBERSHIP	RISK-04-APPROVE-001	62c2c50e3c0becbe23a686735d1a7e50ed8bce2f3fa23c539d2250b68227c2d7	EMPTY	EMPTY
026bdfc7c0996ab971d21d40af9c61a60acef1e1c14009b8fbcf4a63d358760d	TASK	6eca78379c93853863766d02655b1003ca45241d359ae85d92aad4c0ba2d84aa	궤도부설및레일체결	궤도부설및레일체결	SINGLETON	PROMOTED_FROM_SOURCE		DRAFT	1	3333	궤도부설및레일체결	PRESERVE_SOURCE_MEMBERSHIP	RISK-04-APPROVE-001	62c2c50e3c0becbe23a686735d1a7e50ed8bce2f3fa23c539d2250b68227c2d7	EMPTY	EMPTY
d269e394152ef8d84bbdecf3fba86926d0eacdc79a0dee36c0525c762c912973	TASK	6eca78379c93853863766d02655b1003ca45241d359ae85d92aad4c0ba2d84aa	분기부궤도부설	분기부궤도부설	SINGLETON	PROMOTED_FROM_SOURCE		DRAFT	1	3334	분기부궤도부설	PRESERVE_SOURCE_MEMBERSHIP	RISK-04-APPROVE-001	62c2c50e3c0becbe23a686735d1a7e50ed8bce2f3fa23c539d2250b68227c2d7	EMPTY	EMPTY
82406070369b91e38f4020db024817870deea09b198e4131d65466235fb4f559	TASK	6eca78379c93853863766d02655b1003ca45241d359ae85d92aad4c0ba2d84aa	궤도현장용접	궤도현장용접	SINGLETON	PROMOTED_FROM_SOURCE		DRAFT	1	3335	궤도현장용접	PRESERVE_SOURCE_MEMBERSHIP	RISK-04-APPROVE-001	62c2c50e3c0becbe23a686735d1a7e50ed8bce2f3fa23c539d2250b68227c2d7	EMPTY	EMPTY
f7eb29fc70fee2fbfc58c457b21380387a748a6fdcab112ffe168f5fae809e0e	TASK	6eca78379c93853863766d02655b1003ca45241d359ae85d92aad4c0ba2d84aa	레일신축이음장치설치	레일신축이음장치설치	SINGLETON	PROMOTED_FROM_SOURCE		DRAFT	1	3336	레일신축이음장치설치	PRESERVE_SOURCE_MEMBERSHIP	RISK-04-APPROVE-001	62c2c50e3c0becbe23a686735d1a7e50ed8bce2f3fa23c539d2250b68227c2d7	EMPTY	EMPTY
edcc289e8e287947375272afadeba14dc9c442c429193054b4bc75a3ca812764	TASK	6eca78379c93853863766d02655b1003ca45241d359ae85d92aad4c0ba2d84aa	웨인뎃트포인트붙이기	웨인뎃트포인트붙이기	SINGLETON	PROMOTED_FROM_SOURCE		DRAFT	1	3337	웨인뎃트포인트붙이기	PRESERVE_SOURCE_MEMBERSHIP	RISK-04-APPROVE-001	62c2c50e3c0becbe23a686735d1a7e50ed8bce2f3fa23c539d2250b68227c2d7	EMPTY	EMPTY
cfba5073ae85c3893b18caa7ea198fc192507e0f8b6e4628cc32f1206b765d64	TASK	6eca78379c93853863766d02655b1003ca45241d359ae85d92aad4c0ba2d84aa	궤도교정및시험	궤도교정및시험	SINGLETON	PROMOTED_FROM_SOURCE		DRAFT	1	3338	궤도교정및시험	PRESERVE_SOURCE_MEMBERSHIP	RISK-04-APPROVE-001	62c2c50e3c0becbe23a686735d1a7e50ed8bce2f3fa23c539d2250b68227c2d7	EMPTY	EMPTY
89ef8aed6032f0f30ffeba6d54156fb67ef5d13f1417ba343a09c401f50eba90	PROCESS	6eca78379c93853863766d02655b1003ca45241d359ae85d92aad4c0ba2d84aa	기타궤도부설	기타궤도부설	SINGLETON	PROMOTED_FROM_SOURCE		DRAFT	1	3339	기타궤도부설	PRESERVE_SOURCE_MEMBERSHIP	RISK-04-APPROVE-001	62c2c50e3c0becbe23a686735d1a7e50ed8bce2f3fa23c539d2250b68227c2d7	EMPTY	EMPTY
a5dd901414eece0b52464ba8a3e7f4b291c5861e10dc4ac8b581628faf65cd21	TASK	32dd7d37c2be30a00201eafed5f2957ce9be85730a29767875f1fbce826b3c52	일반궤도분기기설치	일반궤도분기기설치	SINGLETON	PROMOTED_FROM_SOURCE		DRAFT	1	3341	일반궤도분기기설치	PRESERVE_SOURCE_MEMBERSHIP	RISK-04-APPROVE-001	62c2c50e3c0becbe23a686735d1a7e50ed8bce2f3fa23c539d2250b68227c2d7	EMPTY	EMPTY
aeeb6de9f457790760b59de05f20d54955228560239e5211d46d19f57e2fef8f	TASK	32dd7d37c2be30a00201eafed5f2957ce9be85730a29767875f1fbce826b3c52	치하철분기기설치	치하철분기기설치	SINGLETON	PROMOTED_FROM_SOURCE		DRAFT	1	3342	치하철분기기설치	PRESERVE_SOURCE_MEMBERSHIP	RISK-04-APPROVE-001	62c2c50e3c0becbe23a686735d1a7e50ed8bce2f3fa23c539d2250b68227c2d7	EMPTY	EMPTY
0cdf9d0f486e1be1b488f201687953ceacccce9b6812a91483c03cd0e4347318	TASK	7f3096c3b1ffcbc09399fbb58b6bbd30a438e0659db4c98e16b831094794ba0d	건널목깔기(구형)	건널목깔기(구형)	SINGLETON	PROMOTED_FROM_SOURCE		DRAFT	1	3351	건널목깔기(구형)	PRESERVE_SOURCE_MEMBERSHIP	RISK-04-APPROVE-001	62c2c50e3c0becbe23a686735d1a7e50ed8bce2f3fa23c539d2250b68227c2d7	EMPTY	EMPTY
7be252a6ee307aae0aaeb7e639cc8a086d9fcc4380867da7cef6c753c4d80e63	TASK	7f3096c3b1ffcbc09399fbb58b6bbd30a438e0659db4c98e16b831094794ba0d	건널목깔기(개량형)	건널목깔기(개량형)	SINGLETON	PROMOTED_FROM_SOURCE		DRAFT	1	3352	건널목깔기(개량형)	PRESERVE_SOURCE_MEMBERSHIP	RISK-04-APPROVE-001	62c2c50e3c0becbe23a686735d1a7e50ed8bce2f3fa23c539d2250b68227c2d7	EMPTY	EMPTY
f6136315a802d17c09823869f297e255f8b0b49136bab52bd53e6550b65817cf	TASK	2e224943f999c88f0c671f50f59d023c08f6b74d2a90e1da9908757a7490512a	레일도유기설치	레일도유기설치	SINGLETON	PROMOTED_FROM_SOURCE		DRAFT	1	3373	레일도유기설치	PRESERVE_SOURCE_MEMBERSHIP	RISK-04-APPROVE-001	62c2c50e3c0becbe23a686735d1a7e50ed8bce2f3fa23c539d2250b68227c2d7	EMPTY	EMPTY
fa30c32dc5a3445a9fdafde308d4124dd04332a5b62bb544ffe66486289a3c90	TASK	9ed800b6570d39ac38f5b3202f23981e90d8eb5f37d7e7a332ddcaf782dffd65	레일보선	레일보선	SINGLETON	PROMOTED_FROM_SOURCE		DRAFT	1	3381	레일보선	PRESERVE_SOURCE_MEMBERSHIP	RISK-04-APPROVE-001	62c2c50e3c0becbe23a686735d1a7e50ed8bce2f3fa23c539d2250b68227c2d7	EMPTY	EMPTY
164c785016186f7397d6674e9c7b1057f9c1092464fb02c004a6d7b8761b248f	TASK	9ed800b6570d39ac38f5b3202f23981e90d8eb5f37d7e7a332ddcaf782dffd65	분기부레일보선	분기부레일보선	SINGLETON	PROMOTED_FROM_SOURCE		DRAFT	1	3382	분기부레일보선	PRESERVE_SOURCE_MEMBERSHIP	RISK-04-APPROVE-001	62c2c50e3c0becbe23a686735d1a7e50ed8bce2f3fa23c539d2250b68227c2d7	EMPTY	EMPTY
51385783f046c24afb343e4ab28aa3a46cd8e6741f5061df2b224abf55d2fb15	TASK	9ed800b6570d39ac38f5b3202f23981e90d8eb5f37d7e7a332ddcaf782dffd65	침목및체결보선	침목및체결보선	SINGLETON	PROMOTED_FROM_SOURCE		DRAFT	1	3383	침목및체결보선	PRESERVE_SOURCE_MEMBERSHIP	RISK-04-APPROVE-001	62c2c50e3c0becbe23a686735d1a7e50ed8bce2f3fa23c539d2250b68227c2d7	EMPTY	EMPTY
a2b8b0a9e830ef81658c6f273ba1ebb7b8821de4f51ea3d78cab4c3481e7b749	TASK	9ed800b6570d39ac38f5b3202f23981e90d8eb5f37d7e7a332ddcaf782dffd65	철도자재교환	철도자재교환	SINGLETON	PROMOTED_FROM_SOURCE		DRAFT	1	3385	철도자재교환	PRESERVE_SOURCE_MEMBERSHIP	RISK-04-APPROVE-001	62c2c50e3c0becbe23a686735d1a7e50ed8bce2f3fa23c539d2250b68227c2d7	EMPTY	EMPTY
00554e9bb6c2daf54d786c9b0c5a188739603a064478c61a180a643b5db2f2aa	TASK	9ed800b6570d39ac38f5b3202f23981e90d8eb5f37d7e7a332ddcaf782dffd65	도상보수	도상보수	SINGLETON	PROMOTED_FROM_SOURCE		DRAFT	1	3386	도상보수	PRESERVE_SOURCE_MEMBERSHIP	RISK-04-APPROVE-001	62c2c50e3c0becbe23a686735d1a7e50ed8bce2f3fa23c539d2250b68227c2d7	EMPTY	EMPTY
2695f28e1d3793f68e4ba319da595da99f621ad71f00cc236b8883af16ac280a	TASK	9ed800b6570d39ac38f5b3202f23981e90d8eb5f37d7e7a332ddcaf782dffd65	철도부대시설보수	철도부대시설보수	SINGLETON	PROMOTED_FROM_SOURCE		DRAFT	1	3387	철도부대시설보수	PRESERVE_SOURCE_MEMBERSHIP	RISK-04-APPROVE-001	62c2c50e3c0becbe23a686735d1a7e50ed8bce2f3fa23c539d2250b68227c2d7	EMPTY	EMPTY
4e30fc865ae735a08bbbfa4dca7a6476f05a9c5d7552126018f52dab91042f06	PROCESS	9c5ed92f0b6f15f5b0dceaf25284cf66346459c05db587f345dda042884fb693	교대및교각보호공사	교대및교각보호공사	SINGLETON	PROMOTED_FROM_SOURCE		DRAFT	1	3461	교대및교각보호공사	PRESERVE_SOURCE_MEMBERSHIP	RISK-04-APPROVE-001	62c2c50e3c0becbe23a686735d1a7e50ed8bce2f3fa23c539d2250b68227c2d7	EMPTY	EMPTY
85ebf617f23b8737f1ccc823b5a8896704c27d7b3d0f5afa696cc542f902bea4	TASK	9c5ed92f0b6f15f5b0dceaf25284cf66346459c05db587f345dda042884fb693	다웰바설치	다웰바설치	SINGLETON	PROMOTED_FROM_SOURCE		DRAFT	1	3462	다웰바설치	PRESERVE_SOURCE_MEMBERSHIP	RISK-04-APPROVE-001	62c2c50e3c0becbe23a686735d1a7e50ed8bce2f3fa23c539d2250b68227c2d7	EMPTY	EMPTY
d6daa04cbbe72dcc51132608261ec647492aa0aaedb976749620bd7467a97e1d	TASK	9c5ed92f0b6f15f5b0dceaf25284cf66346459c05db587f345dda042884fb693	교량측량및계측설비설치	교량측량및계측설비설치	SINGLETON	PROMOTED_FROM_SOURCE		DRAFT	1	3463	교량측량및계측설비설치	PRESERVE_SOURCE_MEMBERSHIP	RISK-04-APPROVE-001	62c2c50e3c0becbe23a686735d1a7e50ed8bce2f3fa23c539d2250b68227c2d7	EMPTY	EMPTY
8e02393f8019873a056ae0c4642608ca641b7452f8e3bb81ff612de438cbb0d7	TASK	6b98d35f3e55a1716df158a441525178b2d9f6cec422a4ebfec65483568a807f	발파굴착	발파굴착	SINGLETON	PROMOTED_FROM_SOURCE		DRAFT	1	3512	발파굴착	PRESERVE_SOURCE_MEMBERSHIP	RISK-04-APPROVE-001	62c2c50e3c0becbe23a686735d1a7e50ed8bce2f3fa23c539d2250b68227c2d7	EMPTY	EMPTY
eacbf518552a57db0bb86ab67a90ad369b077f0e5d65df35139410d6f74087c8	TASK	458ad2107d6228893a555ba0f42f11a3c44b41d01319d0cbc37284b307d59ce8	현장타설콘크리트라이닝	현장타설콘크리트라이닝	SINGLETON	PROMOTED_FROM_SOURCE		DRAFT	1	3521	현장타설콘크리트라이닝	PRESERVE_SOURCE_MEMBERSHIP	RISK-04-APPROVE-001	62c2c50e3c0becbe23a686735d1a7e50ed8bce2f3fa23c539d2250b68227c2d7	EMPTY	EMPTY
b2b4335d670de835f6300b8c5e05ca85b675b8c7e02742fdd5fd9d66375c0328	TASK	458ad2107d6228893a555ba0f42f11a3c44b41d01319d0cbc37284b307d59ce8	세그먼트(Segment)라이닝	세그먼트(Segment)라이닝	SINGLETON	PROMOTED_FROM_SOURCE		DRAFT	1	3522	세그먼트(Segment)라이닝	PRESERVE_SOURCE_MEMBERSHIP	RISK-04-APPROVE-001	62c2c50e3c0becbe23a686735d1a7e50ed8bce2f3fa23c539d2250b68227c2d7	EMPTY	EMPTY
908c8755bb86d39fe06679ac4e49bb2f9d143a0e0319bfd2a61337f7e90bc3cf	TASK	74a220321964dbd5fe811b35ae77db635c17fa91531a483f5ace2c2488242eee	터널복공뒷채움	터널복공뒷채움	SINGLETON	PROMOTED_FROM_SOURCE		DRAFT	1	3532	터널복공뒷채움	PRESERVE_SOURCE_MEMBERSHIP	RISK-04-APPROVE-001	62c2c50e3c0becbe23a686735d1a7e50ed8bce2f3fa23c539d2250b68227c2d7	EMPTY	EMPTY
dc9233c51a625554fb1adf6f32b1cef6337d711522bd6bb82784f286333888e2	TASK	74a220321964dbd5fe811b35ae77db635c17fa91531a483f5ace2c2488242eee	막장안정	막장안정	SINGLETON	PROMOTED_FROM_SOURCE		DRAFT	1	3533	막장안정	PRESERVE_SOURCE_MEMBERSHIP	RISK-04-APPROVE-001	62c2c50e3c0becbe23a686735d1a7e50ed8bce2f3fa23c539d2250b68227c2d7	EMPTY	EMPTY
e5c19fabac8d5fa79fbde4dcfcee9a399de7ab86a56bb33ed598b03577c2f467	TASK	74a220321964dbd5fe811b35ae77db635c17fa91531a483f5ace2c2488242eee	감지천공	감지천공	SINGLETON	PROMOTED_FROM_SOURCE		DRAFT	1	3534	감지천공	PRESERVE_SOURCE_MEMBERSHIP	RISK-04-APPROVE-001	62c2c50e3c0becbe23a686735d1a7e50ed8bce2f3fa23c539d2250b68227c2d7	EMPTY	EMPTY
98a48f928e25adda1e501ad07e1af485ecbcfd339006818313794624e46f2b93	TASK	74a220321964dbd5fe811b35ae77db635c17fa91531a483f5ace2c2488242eee	갱구숏크리트(Shotcrete)	갱구숏크리트(Shotcrete)	SINGLETON	PROMOTED_FROM_SOURCE		DRAFT	1	3535	갱구숏크리트(Shotcrete)	PRESERVE_SOURCE_MEMBERSHIP	RISK-04-APPROVE-001	62c2c50e3c0becbe23a686735d1a7e50ed8bce2f3fa23c539d2250b68227c2d7	EMPTY	EMPTY
b6c641627ce5237f61073aacc7fc3b2c498bf781d6739c9bd56f9e9685b5b884	TASK	74a220321964dbd5fe811b35ae77db635c17fa91531a483f5ace2c2488242eee	터널영구계측설비설치	터널영구계측설비설치	SINGLETON	PROMOTED_FROM_SOURCE		DRAFT	1	3538	터널영구계측설비설치	PRESERVE_SOURCE_MEMBERSHIP	RISK-04-APPROVE-001	62c2c50e3c0becbe23a686735d1a7e50ed8bce2f3fa23c539d2250b68227c2d7	EMPTY	EMPTY
255decf7414a985424f583f201e275f7feeff9badaa6f5385a0fd93739a9dcdf	TASK	4ee07139a07b17938cca1a523190d0c6cc64256c511ab2742fe0155ead6f2eaf	터널방수	터널방수	SINGLETON	PROMOTED_FROM_SOURCE		DRAFT	1	3541	터널방수	PRESERVE_SOURCE_MEMBERSHIP	RISK-04-APPROVE-001	62c2c50e3c0becbe23a686735d1a7e50ed8bce2f3fa23c539d2250b68227c2d7	EMPTY	EMPTY
aefbddc29d2b7e3768edcdd440075176fcda8b8c2ac759d03fbd3bbb9fdf8056	PROCESS	b505012aa8cdaa9786f6aa0ea352ce3686757de4b809bf7505062c3e198e2167	터널내부지보	터널내부지보	SINGLETON	PROMOTED_FROM_SOURCE		DRAFT	1	3552	터널내부지보 - - 대․중․소 분류대․중․소 분류	PRESERVE_SOURCE_MEMBERSHIP	RISK-04-APPROVE-001	62c2c50e3c0becbe23a686735d1a7e50ed8bce2f3fa23c539d2250b68227c2d7	EMPTY	EMPTY
2ff87c7791389265d1720c725bbfd6838a332e2e94d60c18aed9831ba0c2b624	PROCESS	b505012aa8cdaa9786f6aa0ea352ce3686757de4b809bf7505062c3e198e2167	갱문지보및가시설	갱문지보및가시설	SINGLETON	PROMOTED_FROM_SOURCE		DRAFT	1	3553	갱문지보및가시설	PRESERVE_SOURCE_MEMBERSHIP	RISK-04-APPROVE-001	62c2c50e3c0becbe23a686735d1a7e50ed8bce2f3fa23c539d2250b68227c2d7	EMPTY	EMPTY
0d2637b5391b3ed860f9f6eb6857ff8cee8038df51e2457fa22a418b7056fd83	PROCESS	99251365e33a7c848579e36872b53d3589f622c7b93763ea82b9ba6c18867317	터널주행부아스콘포장	터널주행부아스콘포장	SINGLETON	PROMOTED_FROM_SOURCE		DRAFT	1	3561	터널주행부아스콘포장	PRESERVE_SOURCE_MEMBERSHIP	RISK-04-APPROVE-001	62c2c50e3c0becbe23a686735d1a7e50ed8bce2f3fa23c539d2250b68227c2d7	EMPTY	EMPTY
ced48d488628f00c2f0a9326c4242c257146d8a4aec6a654dab5dcce5e138b9d	PROCESS	99251365e33a7c848579e36872b53d3589f622c7b93763ea82b9ba6c18867317	터널주행부콘크리트포장	터널주행부콘크리트포장	SINGLETON	PROMOTED_FROM_SOURCE		DRAFT	1	3562	터널주행부콘크리트포장	PRESERVE_SOURCE_MEMBERSHIP	RISK-04-APPROVE-001	62c2c50e3c0becbe23a686735d1a7e50ed8bce2f3fa23c539d2250b68227c2d7	EMPTY	EMPTY
b28abe946a8bd04f9b8cfffd32b2a547d35d8b8e9509b4cb8001bfa621298328	TASK	99251365e33a7c848579e36872b53d3589f622c7b93763ea82b9ba6c18867317	터널궤도부레일부설	터널궤도부레일부설	SINGLETON	PROMOTED_FROM_SOURCE		DRAFT	1	3563	터널궤도부레일부설	PRESERVE_SOURCE_MEMBERSHIP	RISK-04-APPROVE-001	62c2c50e3c0becbe23a686735d1a7e50ed8bce2f3fa23c539d2250b68227c2d7	EMPTY	EMPTY
85c38af0db0e0bfa30a20d964d1b87e9ca9d3cab22143c09fa038a7d2b24458a	PROCESS	99251365e33a7c848579e36872b53d3589f622c7b93763ea82b9ba6c18867317	터널내부마감	터널내부마감	SINGLETON	PROMOTED_FROM_SOURCE		DRAFT	1	3565	터널내부마감	PRESERVE_SOURCE_MEMBERSHIP	RISK-04-APPROVE-001	62c2c50e3c0becbe23a686735d1a7e50ed8bce2f3fa23c539d2250b68227c2d7	EMPTY	EMPTY
e2f181b7c3bbee26098190347894adb62362265894fb48b887a4092f4c69459e	TASK	398715c2c1a59d0b63150437509cc62b448b7b58089cca0e4a3c45793dc83eeb	연암준설	연암준설	SINGLETON	PROMOTED_FROM_SOURCE		DRAFT	1	3617	연암준설	PRESERVE_SOURCE_MEMBERSHIP	RISK-04-APPROVE-001	62c2c50e3c0becbe23a686735d1a7e50ed8bce2f3fa23c539d2250b68227c2d7	EMPTY	EMPTY
d7dd77641d536ee1bfaaef763f16667df9fb7dcad324ba87a5c27361ed44cb00	TASK	398715c2c1a59d0b63150437509cc62b448b7b58089cca0e4a3c45793dc83eeb	경암준설	경암준설	SINGLETON	PROMOTED_FROM_SOURCE		DRAFT	1	3618	경암준설	PRESERVE_SOURCE_MEMBERSHIP	RISK-04-APPROVE-001	62c2c50e3c0becbe23a686735d1a7e50ed8bce2f3fa23c539d2250b68227c2d7	EMPTY	EMPTY
8b70d1c59c92d829da4bae1b5d42003c4a06ff61985dbb739b9596db4d84bb29	TASK	398715c2c1a59d0b63150437509cc62b448b7b58089cca0e4a3c45793dc83eeb	오니(오염토 오염퇴적물)준설	오니(오염토 오염퇴적물)준설	SINGLETON	PROMOTED_FROM_SOURCE		DRAFT	1	3619	오니(오염토 오염퇴적물)준설	PRESERVE_SOURCE_MEMBERSHIP	RISK-04-APPROVE-001	62c2c50e3c0becbe23a686735d1a7e50ed8bce2f3fa23c539d2250b68227c2d7	EMPTY	EMPTY
8261c5d7c51e5258ab852838d9ad1fca6828d9ed8e310962f82d7da786e8a145	TASK	8c9aef0df3267527530900e46c5ff2580bb5348e6974b426f48ed134ed67d0f7	고르기	고르기	SINGLETON	PROMOTED_FROM_SOURCE		DRAFT	1	3628	고르기	PRESERVE_SOURCE_MEMBERSHIP	RISK-04-APPROVE-001	62c2c50e3c0becbe23a686735d1a7e50ed8bce2f3fa23c539d2250b68227c2d7	EMPTY	EMPTY
00fea4522a479a39940e02f3c04db358c65ddd9a189df6136b8721bd333f6854	TASK	25da943669e985eaf977575346986c0faf2da92c6f79f11546c34be8eebbd7d4	케이슨제작및설치	케이슨제작및설치	SINGLETON	PROMOTED_FROM_SOURCE		DRAFT	1	3631	케이슨제작및설치	PRESERVE_SOURCE_MEMBERSHIP	RISK-04-APPROVE-001	62c2c50e3c0becbe23a686735d1a7e50ed8bce2f3fa23c539d2250b68227c2d7	EMPTY	EMPTY
62a77c79387217bbbef5489f2f1fb5c30beb356a65f0d05eb5a0e8e7aa05534d	TASK	25da943669e985eaf977575346986c0faf2da92c6f79f11546c34be8eebbd7d4	호안용콘크리트구조물제작	호안용콘크리트구조물제작	SINGLETON	PROMOTED_FROM_SOURCE		DRAFT	1	3632	호안용콘크리트구조물제작	PRESERVE_SOURCE_MEMBERSHIP	RISK-04-APPROVE-001	62c2c50e3c0becbe23a686735d1a7e50ed8bce2f3fa23c539d2250b68227c2d7	EMPTY	EMPTY
66e122e2a860b490f7bf8ed32eec77fa7297d33fd70ca39e9d5b8b859883066a	TASK	25da943669e985eaf977575346986c0faf2da92c6f79f11546c34be8eebbd7d4	호안구조물운반및거치	호안구조물운반및거치	SINGLETON	PROMOTED_FROM_SOURCE		DRAFT	1	3633	호안구조물운반및거치	PRESERVE_SOURCE_MEMBERSHIP	RISK-04-APPROVE-001	62c2c50e3c0becbe23a686735d1a7e50ed8bce2f3fa23c539d2250b68227c2d7	EMPTY	EMPTY
34ec84f018e4e8664e573d4f1029f3aea4ae170fda0c9a1b01ebaf958457eea0	TASK	25da943669e985eaf977575346986c0faf2da92c6f79f11546c34be8eebbd7d4	콘크리트블록속채움	콘크리트블록속채움	SINGLETON	PROMOTED_FROM_SOURCE		DRAFT	1	3635	콘크리트블록속채움	PRESERVE_SOURCE_MEMBERSHIP	RISK-04-APPROVE-001	62c2c50e3c0becbe23a686735d1a7e50ed8bce2f3fa23c539d2250b68227c2d7	EMPTY	EMPTY
7cf28178e0052b7cbf45673b245304e12874de3c72852f353458d99c2f1a3e70	PROCESS	b84acc473853e920d7ef63dfd2c7026ed302e12a8c298f046af90f6e3cd53f4c	밑고정공사	밑고정공사	SINGLETON	PROMOTED_FROM_SOURCE		DRAFT	1	3641	밑고정공사	PRESERVE_SOURCE_MEMBERSHIP	RISK-04-APPROVE-001	62c2c50e3c0becbe23a686735d1a7e50ed8bce2f3fa23c539d2250b68227c2d7	EMPTY	EMPTY
a0bde69109899bb18a0e8bdc421202bd811be861a93e91363bfb7fec402a96f4	PROCESS	b84acc473853e920d7ef63dfd2c7026ed302e12a8c298f046af90f6e3cd53f4c	비탈막이	비탈막이	SINGLETON	PROMOTED_FROM_SOURCE		DRAFT	1	3642	비탈막이	PRESERVE_SOURCE_MEMBERSHIP	RISK-04-APPROVE-001	62c2c50e3c0becbe23a686735d1a7e50ed8bce2f3fa23c539d2250b68227c2d7	EMPTY	EMPTY
bd3a6617229efb2fe53a77c83edaf53ba175cb2509147e6d6187b6fc5e74e971	PROCESS	b84acc473853e920d7ef63dfd2c7026ed302e12a8c298f046af90f6e3cd53f4c	비탈복공	비탈복공	SINGLETON	PROMOTED_FROM_SOURCE		DRAFT	1	3644	비탈복공	PRESERVE_SOURCE_MEMBERSHIP	RISK-04-APPROVE-001	62c2c50e3c0becbe23a686735d1a7e50ed8bce2f3fa23c539d2250b68227c2d7	EMPTY	EMPTY
a5ffebcfb72e3a3f70cd5669662c50c7f09fede1509fd6fbeaf81a6b39a0f5e6	PROCESS	b84acc473853e920d7ef63dfd2c7026ed302e12a8c298f046af90f6e3cd53f4c	하천바닥정지공사	하천바닥정지공사	SINGLETON	PROMOTED_FROM_SOURCE		DRAFT	1	3646	하천바닥정지공사	PRESERVE_SOURCE_MEMBERSHIP	RISK-04-APPROVE-001	62c2c50e3c0becbe23a686735d1a7e50ed8bce2f3fa23c539d2250b68227c2d7	EMPTY	EMPTY
2516d429c6a4449236e327160dad18a6c0635fd3f649f9736f15388675b8fd10	PROCESS	b84acc473853e920d7ef63dfd2c7026ed302e12a8c298f046af90f6e3cd53f4c	방사돌제공사	방사돌제공사	SINGLETON	PROMOTED_FROM_SOURCE		DRAFT	1	3647	방사돌제공사	PRESERVE_SOURCE_MEMBERSHIP	RISK-04-APPROVE-001	62c2c50e3c0becbe23a686735d1a7e50ed8bce2f3fa23c539d2250b68227c2d7	EMPTY	EMPTY
816e5a7a0a24add37b3868b97de5103247d20ca455c986a76d49fa9b24912241	PROCESS	b84acc473853e920d7ef63dfd2c7026ed302e12a8c298f046af90f6e3cd53f4c	기타호안공사	기타호안공사	SINGLETON	PROMOTED_FROM_SOURCE		DRAFT	1	3649	기타호안공사	PRESERVE_SOURCE_MEMBERSHIP	RISK-04-APPROVE-001	62c2c50e3c0becbe23a686735d1a7e50ed8bce2f3fa23c539d2250b68227c2d7	EMPTY	EMPTY
7ef5e60c5b84dc17ef4f7d4ab13b1e09ea339ab54c8bd9c473307b02f2c1f4e8	PROCESS	c201603a494d86fd21efa68a3d8ba3b5e3826ef4195cde21cf766c772edc3236	하천 해상오염방지	하천 해상오염방지	SINGLETON	PROMOTED_FROM_SOURCE		DRAFT	1	3681	하천 해상오염방지	PRESERVE_SOURCE_MEMBERSHIP	RISK-04-APPROVE-001	62c2c50e3c0becbe23a686735d1a7e50ed8bce2f3fa23c539d2250b68227c2d7	EMPTY	EMPTY
b547699bf91ffadb7a16f597dabc4f00d228576d8f1db4a2acc01e6f035c98a8	PROCESS	c201603a494d86fd21efa68a3d8ba3b5e3826ef4195cde21cf766c772edc3236	하천 해상방식	하천 해상방식	SINGLETON	PROMOTED_FROM_SOURCE		DRAFT	1	3688	하천 해상방식	PRESERVE_SOURCE_MEMBERSHIP	RISK-04-APPROVE-001	62c2c50e3c0becbe23a686735d1a7e50ed8bce2f3fa23c539d2250b68227c2d7	EMPTY	EMPTY
ef467a3e5fbf9bfabb1bb2275399ad3d5ed56372428997b0f7d746266158e69b	TASK	da54d4926aa79473fa6f89610338b0297765d601166ceb67ac95ba973da49bf0	휠터재료축조	휠터재료축조	SINGLETON	PROMOTED_FROM_SOURCE		DRAFT	1	3712	휠터재료축조	PRESERVE_IN_SOURCE_MAPPING_EVIDENCE	RISK-04-APPROVE-001	62c2c50e3c0becbe23a686735d1a7e50ed8bce2f3fa23c539d2250b68227c2d7	EMPTY	EMPTY
e4bb13e2e59d60b4434332a68193eba5e027152d0c13595c4ca2514f748f50e5	TASK	da54d4926aa79473fa6f89610338b0297765d601166ceb67ac95ba973da49bf0	사력재료축조	사력재료축조	SINGLETON	PROMOTED_FROM_SOURCE		DRAFT	1	3713	사력재료축조	PRESERVE_IN_SOURCE_MAPPING_EVIDENCE	RISK-04-APPROVE-001	62c2c50e3c0becbe23a686735d1a7e50ed8bce2f3fa23c539d2250b68227c2d7	EMPTY	EMPTY
a20f051dae1cbf038a0939447b9d4f7508662cd0fbfe028db1c9208aca35e4f7	TASK	da54d4926aa79473fa6f89610338b0297765d601166ceb67ac95ba973da49bf0	암석재료축조	암석재료축조	SINGLETON	PROMOTED_FROM_SOURCE		DRAFT	1	3714	암석재료축조	PRESERVE_IN_SOURCE_MAPPING_EVIDENCE	RISK-04-APPROVE-001	62c2c50e3c0becbe23a686735d1a7e50ed8bce2f3fa23c539d2250b68227c2d7	EMPTY	EMPTY
fd98cd55706d3e5c006fe7f8b6e705649fdee425f66e36383a54d39a8fce5fcf	TASK	da54d4926aa79473fa6f89610338b0297765d601166ceb67ac95ba973da49bf0	랜덤재료축조	랜덤재료축조	SINGLETON	PROMOTED_FROM_SOURCE		DRAFT	1	3715	랜덤재료축조	PRESERVE_IN_SOURCE_MAPPING_EVIDENCE	RISK-04-APPROVE-001	62c2c50e3c0becbe23a686735d1a7e50ed8bce2f3fa23c539d2250b68227c2d7	EMPTY	EMPTY
a630c5d19464d9db0acd3e5b3cab8465fe8990f4d36be03653fc000e17206066	TASK	bc68572923c8910b9b34b63d85b18ecc876df84b7e42beb1fe2750242dca64f0	석축쌓기	석축쌓기	SINGLETON	PROMOTED_FROM_SOURCE		DRAFT	1	3827	석축쌓기	PRESERVE_IN_SOURCE_MAPPING_EVIDENCE	RISK-04-APPROVE-001	62c2c50e3c0becbe23a686735d1a7e50ed8bce2f3fa23c539d2250b68227c2d7	EMPTY	EMPTY
6aeb0c0085624f5039e903e5cbfb5b103d4201624bf3e1428eb003241778d893	TASK	33f1ddfc015d1a5a3173d5aa56062b9af98458c2e93edc02b239d897ef4ba8d7	유리블록쌓기	유리블록쌓기	SINGLETON	PROMOTED_FROM_SOURCE		DRAFT	1	4151	유리블록쌓기	PRESERVE_IN_SOURCE_MAPPING_EVIDENCE	RISK-04-APPROVE-001	62c2c50e3c0becbe23a686735d1a7e50ed8bce2f3fa23c539d2250b68227c2d7	EMPTY	EMPTY
a27352b5d662e6d1048eeecae66e47f5a993d2674b6fb0789eec4c268f846268	TASK	33f1ddfc015d1a5a3173d5aa56062b9af98458c2e93edc02b239d897ef4ba8d7	유리블록판넬설치	유리블록판넬설치	SINGLETON	PROMOTED_FROM_SOURCE		DRAFT	1	4152	유리블록판넬설치	PRESERVE_IN_SOURCE_MAPPING_EVIDENCE	RISK-04-APPROVE-001	62c2c50e3c0becbe23a686735d1a7e50ed8bce2f3fa23c539d2250b68227c2d7	EMPTY	EMPTY
76c9f3e11a72c087da34f162e7c8b7bab6ca24101a933e786a9c931c7a0ac2df	TASK	206d7fdddef45b9e8a97e6f58bafdc77e5add659193f4b081bef7d0c119bef49	대리석조적	대리석조적	SINGLETON	PROMOTED_FROM_SOURCE		DRAFT	1	4161	대리석조적	PRESERVE_SOURCE_MEMBERSHIP	RISK-04-APPROVE-001	62c2c50e3c0becbe23a686735d1a7e50ed8bce2f3fa23c539d2250b68227c2d7	EMPTY	EMPTY
a4b78c7b9ee1bf20537b5b27469bbca96b67ea3e4f8326a97f5571e1f2dc537d	TASK	206d7fdddef45b9e8a97e6f58bafdc77e5add659193f4b081bef7d0c119bef49	화강석조적	화강석조적	SINGLETON	PROMOTED_FROM_SOURCE		DRAFT	1	4162	화강석조적	PRESERVE_SOURCE_MEMBERSHIP	RISK-04-APPROVE-001	62c2c50e3c0becbe23a686735d1a7e50ed8bce2f3fa23c539d2250b68227c2d7	EMPTY	EMPTY
efeaecc21ca836cff753e92ede6e0c509a97838a2a41d76bf958ccd12d1d3630	TASK	206d7fdddef45b9e8a97e6f58bafdc77e5add659193f4b081bef7d0c119bef49	사암조적	사암조적	SINGLETON	PROMOTED_FROM_SOURCE		DRAFT	1	4163	사암조적	PRESERVE_SOURCE_MEMBERSHIP	RISK-04-APPROVE-001	62c2c50e3c0becbe23a686735d1a7e50ed8bce2f3fa23c539d2250b68227c2d7	EMPTY	EMPTY
cbfa3287cea7c3729ffdb896eef942d3e0b8d7e8ee5b5aff97e196f62c298642	TASK	206d7fdddef45b9e8a97e6f58bafdc77e5add659193f4b081bef7d0c119bef49	석회암조적	석회암조적	SINGLETON	PROMOTED_FROM_SOURCE		DRAFT	1	4164	석회암조적	PRESERVE_SOURCE_MEMBERSHIP	RISK-04-APPROVE-001	62c2c50e3c0becbe23a686735d1a7e50ed8bce2f3fa23c539d2250b68227c2d7	EMPTY	EMPTY
61c80b8dd02282bf22dfd4ac5233f535201e9dde12df7b3f11baeffd30764537	TASK	206d7fdddef45b9e8a97e6f58bafdc77e5add659193f4b081bef7d0c119bef49	천연슬레이트조적	천연슬레이트조적	SINGLETON	PROMOTED_FROM_SOURCE		DRAFT	1	4165	천연슬레이트조적	PRESERVE_SOURCE_MEMBERSHIP	RISK-04-APPROVE-001	62c2c50e3c0becbe23a686735d1a7e50ed8bce2f3fa23c539d2250b68227c2d7	EMPTY	EMPTY
9dec59411fd67507e08e8cf85a198fa5a0623b9031e51727ce3f695f2202399c	TASK	206d7fdddef45b9e8a97e6f58bafdc77e5add659193f4b081bef7d0c119bef49	인조석조적	인조석조적	SINGLETON	PROMOTED_FROM_SOURCE		DRAFT	1	4166	인조석조적	PRESERVE_SOURCE_MEMBERSHIP	RISK-04-APPROVE-001	62c2c50e3c0becbe23a686735d1a7e50ed8bce2f3fa23c539d2250b68227c2d7	EMPTY	EMPTY
fdd337647aeb2134043b6e9db539b46c0da81460d6417cb7a8fbeaf52e8c0818	TASK	f235f7f7fb413230f5f653e9f0172a51ac3d0b2a446aa7d020b94803ee7d934a	보강기둥설치	보강기둥설치	SINGLETON	PROMOTED_FROM_SOURCE		DRAFT	1	4181	보강기둥설치	PRESERVE_SOURCE_MEMBERSHIP	RISK-04-APPROVE-001	62c2c50e3c0becbe23a686735d1a7e50ed8bce2f3fa23c539d2250b68227c2d7	EMPTY	EMPTY
bd89de1b7f69e3e40acbba8001009a491859b04a4405289291ea628d9b445fdc	TASK	f235f7f7fb413230f5f653e9f0172a51ac3d0b2a446aa7d020b94803ee7d934a	보강보설치	보강보설치	SINGLETON	PROMOTED_FROM_SOURCE		DRAFT	1	4182	보강보설치	PRESERVE_SOURCE_MEMBERSHIP	RISK-04-APPROVE-001	62c2c50e3c0becbe23a686735d1a7e50ed8bce2f3fa23c539d2250b68227c2d7	EMPTY	EMPTY
7920f1204063eae32999ca258c5ffb4bbf09254160796ab21d1c839f81601ec9	TASK	f235f7f7fb413230f5f653e9f0172a51ac3d0b2a446aa7d020b94803ee7d934a	인방설치	인방설치	SINGLETON	PROMOTED_FROM_SOURCE		DRAFT	1	4183	인방설치	PRESERVE_SOURCE_MEMBERSHIP	RISK-04-APPROVE-001	62c2c50e3c0becbe23a686735d1a7e50ed8bce2f3fa23c539d2250b68227c2d7	EMPTY	EMPTY
850bc1bd95ea2c4096625f875b3276816c743b3c0a37c945596491d386638206	TASK	f235f7f7fb413230f5f653e9f0172a51ac3d0b2a446aa7d020b94803ee7d934a	창선반(씰)설치	창선반(씰)설치	SINGLETON	PROMOTED_FROM_SOURCE		DRAFT	1	4184	창선반(씰)설치	PRESERVE_SOURCE_MEMBERSHIP	RISK-04-APPROVE-001	62c2c50e3c0becbe23a686735d1a7e50ed8bce2f3fa23c539d2250b68227c2d7	EMPTY	EMPTY
a5ba0751f78f270bb2eb4da563533b6dddf4a73708a1319baa3bf6be51852060	TASK	f235f7f7fb413230f5f653e9f0172a51ac3d0b2a446aa7d020b94803ee7d934a	외벽발수처리	외벽발수처리	SINGLETON	PROMOTED_FROM_SOURCE		DRAFT	1	4185	외벽발수처리	PRESERVE_SOURCE_MEMBERSHIP	RISK-04-APPROVE-001	62c2c50e3c0becbe23a686735d1a7e50ed8bce2f3fa23c539d2250b68227c2d7	EMPTY	EMPTY
a23b53c09384c8b185c431f8dc0a95ea646e012f4afa316ce42046e5d5ba8bda	TASK	8bfbba9d95710e0bac851a17945ca6f353070ca9bf1d14005d856e6caac5e12e	목조바닥깔기	목조바닥깔기	SINGLETON	PROMOTED_FROM_SOURCE		DRAFT	1	4251	목조바닥깔기	PRESERVE_SOURCE_MEMBERSHIP	RISK-04-APPROVE-001	62c2c50e3c0becbe23a686735d1a7e50ed8bce2f3fa23c539d2250b68227c2d7	EMPTY	EMPTY
0ee856aa44d6f1dc5fdf1b5d2a6739dfaecbbe638fb9da4103b55c156142ad27	TASK	8bfbba9d95710e0bac851a17945ca6f353070ca9bf1d14005d856e6caac5e12e	벽체띠장설치	벽체띠장설치	SINGLETON	PROMOTED_FROM_SOURCE		DRAFT	1	4253	벽체띠장설치	PRESERVE_SOURCE_MEMBERSHIP	RISK-04-APPROVE-001	62c2c50e3c0becbe23a686735d1a7e50ed8bce2f3fa23c539d2250b68227c2d7	EMPTY	EMPTY
1c93463172b1077d0fedbf44b111e4c9533e50158bc7690656765bf8bf9fd20e	TASK	8bfbba9d95710e0bac851a17945ca6f353070ca9bf1d14005d856e6caac5e12e	벽체목재마감	벽체목재마감	SINGLETON	PROMOTED_FROM_SOURCE		DRAFT	1	4254	벽체목재마감	PRESERVE_SOURCE_MEMBERSHIP	RISK-04-APPROVE-001	62c2c50e3c0becbe23a686735d1a7e50ed8bce2f3fa23c539d2250b68227c2d7	EMPTY	EMPTY
21a70433ade590e87fa8fcd048a632986cd18e71c57394cf633f25ee1158ff93	TASK	8bfbba9d95710e0bac851a17945ca6f353070ca9bf1d14005d856e6caac5e12e	목재천정마감	목재천정마감	SINGLETON	PROMOTED_FROM_SOURCE		DRAFT	1	4256	목재천정마감	PRESERVE_SOURCE_MEMBERSHIP	RISK-04-APPROVE-001	62c2c50e3c0becbe23a686735d1a7e50ed8bce2f3fa23c539d2250b68227c2d7	EMPTY	EMPTY
e549b218ac76b373fe77a499a9daa147a7d3a9587ca2fce149ad749918ae335e	TASK	8bfbba9d95710e0bac851a17945ca6f353070ca9bf1d14005d856e6caac5e12e	목조지붕널덮기	목조지붕널덮기	SINGLETON	PROMOTED_FROM_SOURCE		DRAFT	1	4257	목조지붕널덮기	PRESERVE_SOURCE_MEMBERSHIP	RISK-04-APPROVE-001	62c2c50e3c0becbe23a686735d1a7e50ed8bce2f3fa23c539d2250b68227c2d7	EMPTY	EMPTY
2a57a9c13d2383dea8ba0ad76d2e7a481b479e082cce4020c2b5f36fabc6a28b	TASK	45d871c4f15994b8a60ab19b03d1f2f6af0793ba52cb600437fcb983e814958b	목재난간설치	목재난간설치	SINGLETON	PROMOTED_FROM_SOURCE		DRAFT	1	4271	목재난간설치	PRESERVE_SOURCE_MEMBERSHIP	RISK-04-APPROVE-001	62c2c50e3c0becbe23a686735d1a7e50ed8bce2f3fa23c539d2250b68227c2d7	EMPTY	EMPTY
ed3dd41444d2d132006bc3f403f92d4438d6b53cb348cc8d941b3b38ad4ad1fd	TASK	45d871c4f15994b8a60ab19b03d1f2f6af0793ba52cb600437fcb983e814958b	목재창선반설치	목재창선반설치	SINGLETON	PROMOTED_FROM_SOURCE		DRAFT	1	4272	목재창선반설치	PRESERVE_SOURCE_MEMBERSHIP	RISK-04-APPROVE-001	62c2c50e3c0becbe23a686735d1a7e50ed8bce2f3fa23c539d2250b68227c2d7	EMPTY	EMPTY
b34d031019aef33a6d5b830eab13dc019cb9549a86f954a8ed70084fb3b9dde0	TASK	45d871c4f15994b8a60ab19b03d1f2f6af0793ba52cb600437fcb983e814958b	목재마감목설치	목재마감목설치	SINGLETON	PROMOTED_FROM_SOURCE		DRAFT	1	4273	목재마감목설치	PRESERVE_SOURCE_MEMBERSHIP	RISK-04-APPROVE-001	62c2c50e3c0becbe23a686735d1a7e50ed8bce2f3fa23c539d2250b68227c2d7	EMPTY	EMPTY
77e493c09f81cf218a27a904040de44d52883fb69f94766be2205f3781da3b96	TASK	67147c00f93715db6e67724936aa012d382613bba7f73e3cc28d2e5deca1d52b	방부처리	방부처리	SINGLETON	PROMOTED_FROM_SOURCE		DRAFT	1	4282	방부처리	PRESERVE_SOURCE_MEMBERSHIP	RISK-04-APPROVE-001	62c2c50e3c0becbe23a686735d1a7e50ed8bce2f3fa23c539d2250b68227c2d7	EMPTY	EMPTY
38f32ff9a7aaf41b8a42558d264f0fcd40a139256bbd9880cb4446a4bf817416	TASK	67147c00f93715db6e67724936aa012d382613bba7f73e3cc28d2e5deca1d52b	방충처리	방충처리	SINGLETON	PROMOTED_FROM_SOURCE		DRAFT	1	4283	방충처리	PRESERVE_SOURCE_MEMBERSHIP	RISK-04-APPROVE-001	62c2c50e3c0becbe23a686735d1a7e50ed8bce2f3fa23c539d2250b68227c2d7	EMPTY	EMPTY
f443e64a9ad9eb1511986586cfc6f6bc656e666dc775fac7adddaff9988867e2	TASK	67147c00f93715db6e67724936aa012d382613bba7f73e3cc28d2e5deca1d52b	내화처리	내화처리	SINGLETON	PROMOTED_FROM_SOURCE		DRAFT	1	4284	내화처리	PRESERVE_SOURCE_MEMBERSHIP	RISK-04-APPROVE-001	62c2c50e3c0becbe23a686735d1a7e50ed8bce2f3fa23c539d2250b68227c2d7	EMPTY	EMPTY
ba15878c8b30d1184de50f4920153d9eab2ffaf7a6a3659ba67abe03e987983b	TASK	67147c00f93715db6e67724936aa012d382613bba7f73e3cc28d2e5deca1d52b	내신축처리	내신축처리	SINGLETON	PROMOTED_FROM_SOURCE		DRAFT	1	4285	내신축처리	PRESERVE_SOURCE_MEMBERSHIP	RISK-04-APPROVE-001	62c2c50e3c0becbe23a686735d1a7e50ed8bce2f3fa23c539d2250b68227c2d7	EMPTY	EMPTY
cb57b7cc00b32ad8a7e6891a9cc6fae03c825f0e513d7f8b6fbfd5c059c894c2	TASK	daca4d1a841eb6dc9c1b6685742ee5e1235381037547a32d2f32d4de8140102b	너와지붕잇기	너와지붕잇기	SINGLETON	PROMOTED_FROM_SOURCE		DRAFT	1	4312	너와지붕잇기	PRESERVE_SOURCE_MEMBERSHIP	RISK-04-APPROVE-001	62c2c50e3c0becbe23a686735d1a7e50ed8bce2f3fa23c539d2250b68227c2d7	EMPTY	EMPTY
1a4552abd433235457edd6993bf6ae859cee45afb16b919c9139b65c0040a863	TASK	a492a0fe0bcc1fa46324941086217984ce0e3a41d318bcddae69d13bff90d910	시멘트기와잇기	시멘트기와잇기	SINGLETON	PROMOTED_FROM_SOURCE		DRAFT	1	4321	시멘트기와잇기	PRESERVE_SOURCE_MEMBERSHIP	RISK-04-APPROVE-001	62c2c50e3c0becbe23a686735d1a7e50ed8bce2f3fa23c539d2250b68227c2d7	EMPTY	EMPTY
a4f6ff82e054bd2466a56391de68f4ba652c57a9a8f57f24d53dbc164bed1ce1	TASK	a492a0fe0bcc1fa46324941086217984ce0e3a41d318bcddae69d13bff90d910	점토질기와잇기	점토질기와잇기	SINGLETON	PROMOTED_FROM_SOURCE		DRAFT	1	4322	점토질기와잇기	PRESERVE_SOURCE_MEMBERSHIP	RISK-04-APPROVE-001	62c2c50e3c0becbe23a686735d1a7e50ed8bce2f3fa23c539d2250b68227c2d7	EMPTY	EMPTY
ce094cd40f6849dea02980450272409b515b65ee4b88edc5cd24ce6d64d51fd7	TASK	a492a0fe0bcc1fa46324941086217984ce0e3a41d318bcddae69d13bff90d910	자기질기와잇기	자기질기와잇기	SINGLETON	PROMOTED_FROM_SOURCE		DRAFT	1	4323	자기질기와잇기	PRESERVE_SOURCE_MEMBERSHIP	RISK-04-APPROVE-001	62c2c50e3c0becbe23a686735d1a7e50ed8bce2f3fa23c539d2250b68227c2d7	EMPTY	EMPTY
2b25dbc4d4730b34cecaa8e15c52e29535f4b7d4226782043a0e5fa9a4e9eda1	TASK	a492a0fe0bcc1fa46324941086217984ce0e3a41d318bcddae69d13bff90d910	슬레이트기와잇기	슬레이트기와잇기	SINGLETON	PROMOTED_FROM_SOURCE		DRAFT	1	4324	슬레이트기와잇기	PRESERVE_SOURCE_MEMBERSHIP	RISK-04-APPROVE-001	62c2c50e3c0becbe23a686735d1a7e50ed8bce2f3fa23c539d2250b68227c2d7	EMPTY	EMPTY
074395a75b54f6506499719fefe3255a479269b2df0944db08a3e8f66acc9017	TASK	a492a0fe0bcc1fa46324941086217984ce0e3a41d318bcddae69d13bff90d910	아스팔트슁글잇기	아스팔트슁글잇기	SINGLETON	PROMOTED_FROM_SOURCE		DRAFT	1	4325	아스팔트슁글잇기	PRESERVE_SOURCE_MEMBERSHIP	RISK-04-APPROVE-001	62c2c50e3c0becbe23a686735d1a7e50ed8bce2f3fa23c539d2250b68227c2d7	EMPTY	EMPTY
85df37eb080107e46394d9504785c2208663f4a04506d6f4efa7fa0b618bd9a1	TASK	a492a0fe0bcc1fa46324941086217984ce0e3a41d318bcddae69d13bff90d910	금속기와잇기	금속기와잇기	SINGLETON	PROMOTED_FROM_SOURCE		DRAFT	1	4326	금속기와잇기	PRESERVE_SOURCE_MEMBERSHIP	RISK-04-APPROVE-001	62c2c50e3c0becbe23a686735d1a7e50ed8bce2f3fa23c539d2250b68227c2d7	EMPTY	EMPTY
b8f23dd725840a1e3271bb5948737f641ba86f1ecd9e8b0f6b6b359bed91eef6	TASK	a492a0fe0bcc1fa46324941086217984ce0e3a41d318bcddae69d13bff90d910	목재기와잇기	목재기와잇기	SINGLETON	PROMOTED_FROM_SOURCE		DRAFT	1	4327	목재기와잇기	PRESERVE_SOURCE_MEMBERSHIP	RISK-04-APPROVE-001	62c2c50e3c0becbe23a686735d1a7e50ed8bce2f3fa23c539d2250b68227c2d7	EMPTY	EMPTY
428a06303710d55360eeac4fb83cac1fdb785b0d180c6d4e625f5fcc7fe9a03c	TASK	a492a0fe0bcc1fa46324941086217984ce0e3a41d318bcddae69d13bff90d910	플라스틱기와잇기	플라스틱기와잇기	SINGLETON	PROMOTED_FROM_SOURCE		DRAFT	1	4328	플라스틱기와잇기	PRESERVE_SOURCE_MEMBERSHIP	RISK-04-APPROVE-001	62c2c50e3c0becbe23a686735d1a7e50ed8bce2f3fa23c539d2250b68227c2d7	EMPTY	EMPTY
385fdf5bb3e90ea8b1d5595029c8276e688afe2136fe3736987672e1dd948d58	TASK	a7db859ba01a80480e9d6c27cc5f0ff506c85487aff4a4f0d5cab61d1e121549	함석잇기	함석잇기	SINGLETON	PROMOTED_FROM_SOURCE		DRAFT	1	4341	함석잇기	PRESERVE_SOURCE_MEMBERSHIP	RISK-04-APPROVE-001	62c2c50e3c0becbe23a686735d1a7e50ed8bce2f3fa23c539d2250b68227c2d7	EMPTY	EMPTY
c22cddad9da89a7c69e9dcf01b22e03e199121ec6fe34ba364abb5b1e2ba7c08	TASK	a7db859ba01a80480e9d6c27cc5f0ff506c85487aff4a4f0d5cab61d1e121549	동판잇기	동판잇기	SINGLETON	PROMOTED_FROM_SOURCE		DRAFT	1	4342	동판잇기	PRESERVE_SOURCE_MEMBERSHIP	RISK-04-APPROVE-001	62c2c50e3c0becbe23a686735d1a7e50ed8bce2f3fa23c539d2250b68227c2d7	EMPTY	EMPTY
8e14d0b0a5164fd372a25bf1593b98f777ef722b0b983996b553234b2ad34824	TASK	a7db859ba01a80480e9d6c27cc5f0ff506c85487aff4a4f0d5cab61d1e121549	스틸테크잇기	스틸테크잇기	SINGLETON	PROMOTED_FROM_SOURCE		DRAFT	1	4343	스틸테크잇기	PRESERVE_SOURCE_MEMBERSHIP	RISK-04-APPROVE-001	62c2c50e3c0becbe23a686735d1a7e50ed8bce2f3fa23c539d2250b68227c2d7	EMPTY	EMPTY
69e3b2c4be5574aa33dd32731b05bcbdba714205e9b776f2847745f3179dd3d9	TASK	a7db859ba01a80480e9d6c27cc5f0ff506c85487aff4a4f0d5cab61d1e121549	알루니늄판잇기	알루니늄판잇기	SINGLETON	PROMOTED_FROM_SOURCE		DRAFT	1	4344	알루니늄판잇기	PRESERVE_SOURCE_MEMBERSHIP	RISK-04-APPROVE-001	62c2c50e3c0becbe23a686735d1a7e50ed8bce2f3fa23c539d2250b68227c2d7	EMPTY	EMPTY
371d6b810957f8ab44afadb9305724c709375e22de12bf6f20cc54a6409fe464	TASK	a7db859ba01a80480e9d6c27cc5f0ff506c85487aff4a4f0d5cab61d1e121549	스테인레스스틸판잇기	스테인레스스틸판잇기	SINGLETON	PROMOTED_FROM_SOURCE		DRAFT	1	4345	스테인레스스틸판잇기	PRESERVE_SOURCE_MEMBERSHIP	RISK-04-APPROVE-001	62c2c50e3c0becbe23a686735d1a7e50ed8bce2f3fa23c539d2250b68227c2d7	EMPTY	EMPTY
485a2f05310e8c8d77500e4846a083c2cf6f90c68020d514facf3b3df997e35f	TASK	a7db859ba01a80480e9d6c27cc5f0ff506c85487aff4a4f0d5cab61d1e121549	법랑피복철판잇기	법랑피복철판잇기	SINGLETON	PROMOTED_FROM_SOURCE		DRAFT	1	4346	법랑피복철판잇기	PRESERVE_SOURCE_MEMBERSHIP	RISK-04-APPROVE-001	62c2c50e3c0becbe23a686735d1a7e50ed8bce2f3fa23c539d2250b68227c2d7	EMPTY	EMPTY
167e6f350b228dad2d04d9c061a39eea5cb0a59c8af54fdbab824971ba6e848d	TASK	5928030d4b31d0dea0ef3c8f5f472f6c35d3f184ba38c593b8f521dbdc52a60b	탄성시트방수	탄성시트방수	SINGLETON	PROMOTED_FROM_SOURCE		DRAFT	1	4412	탄성시트방수	PRESERVE_SOURCE_MEMBERSHIP	RISK-04-APPROVE-001	62c2c50e3c0becbe23a686735d1a7e50ed8bce2f3fa23c539d2250b68227c2d7	EMPTY	EMPTY
3cde0b5885b49a0bcb050b77d3c6d689893ebc2bf8c23dfbb0463289300ff4f4	TASK	5928030d4b31d0dea0ef3c8f5f472f6c35d3f184ba38c593b8f521dbdc52a60b	도막방수	도막방수	SINGLETON	PROMOTED_FROM_SOURCE		DRAFT	1	4413	도막방수	PRESERVE_SOURCE_MEMBERSHIP	RISK-04-APPROVE-001	62c2c50e3c0becbe23a686735d1a7e50ed8bce2f3fa23c539d2250b68227c2d7	EMPTY	EMPTY
869a27401fabbb553402332e93e414341500f131390ee5a23e73a8d06c6a1a53	TASK	e01d99f9fb4b4917819bc5ee6df715b864b1c3b253b8466ccc59f1f5d5bcf926	유기질침투성방수	유기질침투성방수	SINGLETON	PROMOTED_FROM_SOURCE		DRAFT	1	4421	유기질침투성방수	PRESERVE_SOURCE_MEMBERSHIP	RISK-04-APPROVE-001	62c2c50e3c0becbe23a686735d1a7e50ed8bce2f3fa23c539d2250b68227c2d7	EMPTY	EMPTY
2e3985f640b105c3221e654eff55b64f3ef155add37b5fdfd7516fac36855d6c	TASK	e01d99f9fb4b4917819bc5ee6df715b864b1c3b253b8466ccc59f1f5d5bcf926	무기질침투성방수	무기질침투성방수	SINGLETON	PROMOTED_FROM_SOURCE		DRAFT	1	4422	무기질침투성방수	PRESERVE_SOURCE_MEMBERSHIP	RISK-04-APPROVE-001	62c2c50e3c0becbe23a686735d1a7e50ed8bce2f3fa23c539d2250b68227c2d7	EMPTY	EMPTY
4ade02dde07e88793dce836ce025a681d9abd5e0d927bff573c47c8f3315ce3b	TASK	294be0cddd210ecb366785ba23653eed710ce8bfdaab96fc91880fdbb174b748	모르터방수	모르터방수	SINGLETON	PROMOTED_FROM_SOURCE		DRAFT	1	4431	모르터방수	PRESERVE_SOURCE_MEMBERSHIP	RISK-04-APPROVE-001	62c2c50e3c0becbe23a686735d1a7e50ed8bce2f3fa23c539d2250b68227c2d7	EMPTY	EMPTY
db331ddd567ea45fb4db9a487f5b136bf114447b9cc34c52eee23ad22a8b8f96	TASK	294be0cddd210ecb366785ba23653eed710ce8bfdaab96fc91880fdbb174b748	시멘트액체방수	시멘트액체방수	SINGLETON	PROMOTED_FROM_SOURCE		DRAFT	1	4435	시멘트액체방수	PRESERVE_SOURCE_MEMBERSHIP	RISK-04-APPROVE-001	62c2c50e3c0becbe23a686735d1a7e50ed8bce2f3fa23c539d2250b68227c2d7	EMPTY	EMPTY
c4762b0811eb5d44a779a85bbf6c053395ea371a1473c2fe2fd8bae8f97acdbc	TASK	294be0cddd210ecb366785ba23653eed710ce8bfdaab96fc91880fdbb174b748	기타액체및모르터방수	기타액체및모르터방수	SINGLETON	PROMOTED_FROM_SOURCE		DRAFT	1	4439	기타액체및모르터방수	PRESERVE_SOURCE_MEMBERSHIP	RISK-04-APPROVE-001	62c2c50e3c0becbe23a686735d1a7e50ed8bce2f3fa23c539d2250b68227c2d7	EMPTY	EMPTY
8e30763ad163429d9095e8a6822e0117005c824f1aa7cd754041bbf8d02e23c4	TASK	58a6f0ae64b115e33f80cbb5684c41aba2c70b9d17c2f63f04c824ef9c2db91b	동판방수	동판방수	SINGLETON	PROMOTED_FROM_SOURCE		DRAFT	1	4441	동판방수	PRESERVE_SOURCE_MEMBERSHIP	RISK-04-APPROVE-001	62c2c50e3c0becbe23a686735d1a7e50ed8bce2f3fa23c539d2250b68227c2d7	EMPTY	EMPTY
83bf88c0af004621773dad16b817b6bc51c1b7842dce51658c445a76b29a766e	TASK	58a6f0ae64b115e33f80cbb5684c41aba2c70b9d17c2f63f04c824ef9c2db91b	스테인레스강판방수	스테인레스강판방수	SINGLETON	PROMOTED_FROM_SOURCE		DRAFT	1	4442	스테인레스강판방수	PRESERVE_SOURCE_MEMBERSHIP	RISK-04-APPROVE-001	62c2c50e3c0becbe23a686735d1a7e50ed8bce2f3fa23c539d2250b68227c2d7	EMPTY	EMPTY
fd4fb7daa5d1236f960e5a00fae7ed74f5fd44fe1f25a33509ce18261c0e5aff	TASK	2425326b235dd2d6471a9eaa0be5c51bcd0d64c42cfa796d4d2f4ffbf1785ed4	벤토나이트판넬방수	벤토나이트판넬방수	SINGLETON	PROMOTED_FROM_SOURCE		DRAFT	1	4451	벤토나이트판넬방수	PRESERVE_SOURCE_MEMBERSHIP	RISK-04-APPROVE-001	62c2c50e3c0becbe23a686735d1a7e50ed8bce2f3fa23c539d2250b68227c2d7	EMPTY	EMPTY
95efacf73900d07c56afaaf954adf54dd72197759a33f1fe61549bfba4be9be8	TASK	2425326b235dd2d6471a9eaa0be5c51bcd0d64c42cfa796d4d2f4ffbf1785ed4	벤토나이트복합시트방수	벤토나이트복합시트방수	SINGLETON	PROMOTED_FROM_SOURCE		DRAFT	1	4452	벤토나이트복합시트방수	PRESERVE_SOURCE_MEMBERSHIP	RISK-04-APPROVE-001	62c2c50e3c0becbe23a686735d1a7e50ed8bce2f3fa23c539d2250b68227c2d7	EMPTY	EMPTY
d2e4d0a59bdfeb6404808078c276f18e79565e7cdeaf239308f44c9b1766dc45	TASK	9d1d7e3cf333b05c23ed838742a05d0d01c6bc294913a89e1f2bb1ad7a31babe	아스팔트계방습	아스팔트계방습	SINGLETON	PROMOTED_FROM_SOURCE		DRAFT	1	4461	아스팔트계방습	PRESERVE_SOURCE_MEMBERSHIP	RISK-04-APPROVE-001	62c2c50e3c0becbe23a686735d1a7e50ed8bce2f3fa23c539d2250b68227c2d7	EMPTY	EMPTY
da5c46b85137b56bc6a1872da7cd9db1b0bb706e961ddcdde52acb17a23dbbfb	TASK	9d1d7e3cf333b05c23ed838742a05d0d01c6bc294913a89e1f2bb1ad7a31babe	발수성도장방습	발수성도장방습	SINGLETON	PROMOTED_FROM_SOURCE		DRAFT	1	4462	발수성도장방습	PRESERVE_SOURCE_MEMBERSHIP	RISK-04-APPROVE-001	62c2c50e3c0becbe23a686735d1a7e50ed8bce2f3fa23c539d2250b68227c2d7	EMPTY	EMPTY
637eaff7ee515a7f77275af06ba59eed0d20501f67831de3a9f62ebdffb623cf	TASK	9d1d7e3cf333b05c23ed838742a05d0d01c6bc294913a89e1f2bb1ad7a31babe	시멘트성방습	시멘트성방습	SINGLETON	PROMOTED_FROM_SOURCE		DRAFT	1	4463	시멘트성방습	PRESERVE_SOURCE_MEMBERSHIP	RISK-04-APPROVE-001	62c2c50e3c0becbe23a686735d1a7e50ed8bce2f3fa23c539d2250b68227c2d7	EMPTY	EMPTY
f7aee4976d0cdbf81efee8948cce5f9cadd72d70f5fc729e44e30a5dfd6e6224	TASK	9d1d7e3cf333b05c23ed838742a05d0d01c6bc294913a89e1f2bb1ad7a31babe	탄성시트방습	탄성시트방습	SINGLETON	PROMOTED_FROM_SOURCE		DRAFT	1	4464	탄성시트방습	PRESERVE_SOURCE_MEMBERSHIP	RISK-04-APPROVE-001	62c2c50e3c0becbe23a686735d1a7e50ed8bce2f3fa23c539d2250b68227c2d7	EMPTY	EMPTY
0532e14156d402607b4b0e188c2862608dbf0c964fd527940d48e3bffc652f10	TASK	9d1d7e3cf333b05c23ed838742a05d0d01c6bc294913a89e1f2bb1ad7a31babe	배수판설치	배수판설치	SINGLETON	PROMOTED_FROM_SOURCE		DRAFT	1	4465	배수판설치	PRESERVE_SOURCE_MEMBERSHIP	RISK-04-APPROVE-001	62c2c50e3c0becbe23a686735d1a7e50ed8bce2f3fa23c539d2250b68227c2d7	EMPTY	EMPTY
5144855117b54aecb13345144973321b45b349de7448cab8cec7ccaada5f525d	TASK	5f218950ff1076983ffa9bbe897bf1263bf0ee1116c3397b2516753c0c1ce541	시트지붕 바닥단열	시트지붕 바닥단열	SINGLETON	PROMOTED_FROM_SOURCE		DRAFT	1	4512	시트지붕 바닥단열	PRESERVE_SOURCE_MEMBERSHIP	RISK-04-APPROVE-001	62c2c50e3c0becbe23a686735d1a7e50ed8bce2f3fa23c539d2250b68227c2d7	EMPTY	EMPTY
8cbcd766b27e4a99f97a72c412a7b4f08938c77ba63e7eab2b8ea579380fb761	TASK	5f218950ff1076983ffa9bbe897bf1263bf0ee1116c3397b2516753c0c1ce541	현장포말지붕 바닥단열	현장포말지붕 바닥단열	SINGLETON	PROMOTED_FROM_SOURCE		DRAFT	1	4513	현장포말지붕 바닥단열	PRESERVE_SOURCE_MEMBERSHIP	RISK-04-APPROVE-001	62c2c50e3c0becbe23a686735d1a7e50ed8bce2f3fa23c539d2250b68227c2d7	EMPTY	EMPTY
b9b95bb8de3279218000da4fd3e662bd153ed47d97560b7406970382c31d0e77	TASK	5f218950ff1076983ffa9bbe897bf1263bf0ee1116c3397b2516753c0c1ce541	다공성재료지붕 바닥단열	다공성재료지붕 바닥단열	SINGLETON	PROMOTED_FROM_SOURCE		DRAFT	1	4514	다공성재료지붕 바닥단열	PRESERVE_SOURCE_MEMBERSHIP	RISK-04-APPROVE-001	62c2c50e3c0becbe23a686735d1a7e50ed8bce2f3fa23c539d2250b68227c2d7	EMPTY	EMPTY
5056e74d2d7df1d5335def453ed935015a3527d2f91d49ad495b4d9ce92c8ae2	TASK	5f218950ff1076983ffa9bbe897bf1263bf0ee1116c3397b2516753c0c1ce541	뿜칠형지붕 바닥단열	뿜칠형지붕 바닥단열	SINGLETON	PROMOTED_FROM_SOURCE		DRAFT	1	4515	뿜칠형지붕 바닥단열	PRESERVE_SOURCE_MEMBERSHIP	RISK-04-APPROVE-001	62c2c50e3c0becbe23a686735d1a7e50ed8bce2f3fa23c539d2250b68227c2d7	EMPTY	EMPTY
ba8cb40d968a628c666d30fbcd6e3cc049af30ce9ebda801c1038d6a5a75b637	TASK	5f218950ff1076983ffa9bbe897bf1263bf0ee1116c3397b2516753c0c1ce541	도막형바닥단열	도막형바닥단열	SINGLETON	PROMOTED_FROM_SOURCE		DRAFT	1	4516	도막형바닥단열	PRESERVE_SOURCE_MEMBERSHIP	RISK-04-APPROVE-001	62c2c50e3c0becbe23a686735d1a7e50ed8bce2f3fa23c539d2250b68227c2d7	EMPTY	EMPTY
8b51b63e8e85a2f30c99c45a8cc598b05435684fc2727f6eb3774bbd286a455c	TASK	9da860796603be35e2aeeba9341b671f5a94575985fb3e6b38b38ad6ccda9580	보드형슬래브하부단열	보드형슬래브하부단열	SINGLETON	PROMOTED_FROM_SOURCE		DRAFT	1	4521	보드형슬래브하부단열	PRESERVE_SOURCE_MEMBERSHIP	RISK-04-APPROVE-001	62c2c50e3c0becbe23a686735d1a7e50ed8bce2f3fa23c539d2250b68227c2d7	EMPTY	EMPTY
81d18a98292b73b9572adac5a6d3ef415f444ef051b8a0a561ef26568dcc9d42	TASK	9da860796603be35e2aeeba9341b671f5a94575985fb3e6b38b38ad6ccda9580	시트슬래브하부단열	시트슬래브하부단열	SINGLETON	PROMOTED_FROM_SOURCE		DRAFT	1	4522	시트슬래브하부단열	PRESERVE_SOURCE_MEMBERSHIP	RISK-04-APPROVE-001	62c2c50e3c0becbe23a686735d1a7e50ed8bce2f3fa23c539d2250b68227c2d7	EMPTY	EMPTY
4b6a2802c89ff7b346f07b033e2fc3b57797aa5b98d7c502e8e79251157183e4	TASK	9da860796603be35e2aeeba9341b671f5a94575985fb3e6b38b38ad6ccda9580	뿜칠형슬래브하부단열	뿜칠형슬래브하부단열	SINGLETON	PROMOTED_FROM_SOURCE		DRAFT	1	4525	뿜칠형슬래브하부단열	PRESERVE_SOURCE_MEMBERSHIP	RISK-04-APPROVE-001	62c2c50e3c0becbe23a686735d1a7e50ed8bce2f3fa23c539d2250b68227c2d7	EMPTY	EMPTY
8cd0212ca67b11337796d52991a23513989708977727f6c13be32085b2be863e	TASK	9da860796603be35e2aeeba9341b671f5a94575985fb3e6b38b38ad6ccda9580	도막형슬래브하부단열	도막형슬래브하부단열	SINGLETON	PROMOTED_FROM_SOURCE		DRAFT	1	4526	도막형슬래브하부단열	PRESERVE_SOURCE_MEMBERSHIP	RISK-04-APPROVE-001	62c2c50e3c0becbe23a686735d1a7e50ed8bce2f3fa23c539d2250b68227c2d7	EMPTY	EMPTY
60656696f6524d8f309fb56af280d501f7011d89b626f90e8436d95f66d8c476	TASK	d99cfbb806dd45e4a954f8a6bd14b7c83edd14232ccc2b3cc7937486349cbcaf	보드형천정단열	보드형천정단열	SINGLETON	PROMOTED_FROM_SOURCE		DRAFT	1	4531	보드형천정단열	PRESERVE_SOURCE_MEMBERSHIP	RISK-04-APPROVE-001	62c2c50e3c0becbe23a686735d1a7e50ed8bce2f3fa23c539d2250b68227c2d7	EMPTY	EMPTY
cdbbcf14d7a38ef60efde7e167b613c9a07cee070d9c26c5a17b10995a043e19	TASK	d99cfbb806dd45e4a954f8a6bd14b7c83edd14232ccc2b3cc7937486349cbcaf	현장포말천정단열	현장포말천정단열	SINGLETON	PROMOTED_FROM_SOURCE		DRAFT	1	4533	현장포말천정단열	PRESERVE_SOURCE_MEMBERSHIP	RISK-04-APPROVE-001	62c2c50e3c0becbe23a686735d1a7e50ed8bce2f3fa23c539d2250b68227c2d7	EMPTY	EMPTY
09f7236b0612c3b58048c4f5f6bbdebab0ee2b71f282e6cd10078f87f9b371f0	TASK	3d48573e1d316e06b26b513b3d1b0f6ce573017dffb0fd382f18aa346ee5e727	보드형벽체단열	보드형벽체단열	SINGLETON	PROMOTED_FROM_SOURCE		DRAFT	1	4541	보드형벽체단열	PRESERVE_SOURCE_MEMBERSHIP	RISK-04-APPROVE-001	62c2c50e3c0becbe23a686735d1a7e50ed8bce2f3fa23c539d2250b68227c2d7	EMPTY	EMPTY
79c9e18eab7b84dddfa7df4a051126b75af9b73154b2b664848d1d41f0cc3d86	TASK	3d48573e1d316e06b26b513b3d1b0f6ce573017dffb0fd382f18aa346ee5e727	시트벽체단열	시트벽체단열	SINGLETON	PROMOTED_FROM_SOURCE		DRAFT	1	4542	시트벽체단열	PRESERVE_SOURCE_MEMBERSHIP	RISK-04-APPROVE-001	62c2c50e3c0becbe23a686735d1a7e50ed8bce2f3fa23c539d2250b68227c2d7	EMPTY	EMPTY
4831b95cc6323f618b57ca49c27860fe61977dc2bd546d9b6afe80b9d56eb2a1	TASK	3d48573e1d316e06b26b513b3d1b0f6ce573017dffb0fd382f18aa346ee5e727	현장포말벽체단열	현장포말벽체단열	SINGLETON	PROMOTED_FROM_SOURCE		DRAFT	1	4543	현장포말벽체단열	PRESERVE_SOURCE_MEMBERSHIP	RISK-04-APPROVE-001	62c2c50e3c0becbe23a686735d1a7e50ed8bce2f3fa23c539d2250b68227c2d7	EMPTY	EMPTY
ca55317c06ce553d789677f42d5546ba12c11875cd703dcf95a198b849b97a09	TASK	3d48573e1d316e06b26b513b3d1b0f6ce573017dffb0fd382f18aa346ee5e727	뿜칠형벽체단열	뿜칠형벽체단열	SINGLETON	PROMOTED_FROM_SOURCE		DRAFT	1	4545	뿜칠형벽체단열	PRESERVE_SOURCE_MEMBERSHIP	RISK-04-APPROVE-001	62c2c50e3c0becbe23a686735d1a7e50ed8bce2f3fa23c539d2250b68227c2d7	EMPTY	EMPTY
5b12ff6f39f66a552c9835bec69527dee259677a6d4dc4342c984f0873316ae1	TASK	3d48573e1d316e06b26b513b3d1b0f6ce573017dffb0fd382f18aa346ee5e727	도막형벽체단열	도막형벽체단열	SINGLETON	PROMOTED_FROM_SOURCE		DRAFT	1	4546	도막형벽체단열	PRESERVE_SOURCE_MEMBERSHIP	RISK-04-APPROVE-001	62c2c50e3c0becbe23a686735d1a7e50ed8bce2f3fa23c539d2250b68227c2d7	EMPTY	EMPTY
ee04404c57532648a935dc079bfafae6ea3dc17383f1c4394346e11e53f83a68	TASK	a2f1fe44215ea3bc676bd103630f70b6070914b6a2cf6fa10ee0443fc08d25dd	보드형외벽단열	보드형외벽단열	SINGLETON	PROMOTED_FROM_SOURCE		DRAFT	1	4551	보드형외벽단열	PRESERVE_SOURCE_MEMBERSHIP	RISK-04-APPROVE-001	62c2c50e3c0becbe23a686735d1a7e50ed8bce2f3fa23c539d2250b68227c2d7	EMPTY	EMPTY
e5f0b29343458222b8e70cc7f0ce3ce3c863fdeef3238fb48e206a414bf1aae0	TASK	a2f1fe44215ea3bc676bd103630f70b6070914b6a2cf6fa10ee0443fc08d25dd	시트외벽단열	시트외벽단열	SINGLETON	PROMOTED_FROM_SOURCE		DRAFT	1	4552	시트외벽단열	PRESERVE_SOURCE_MEMBERSHIP	RISK-04-APPROVE-001	62c2c50e3c0becbe23a686735d1a7e50ed8bce2f3fa23c539d2250b68227c2d7	EMPTY	EMPTY
1f2659a116d9738ba51c72c39eecde0737dac63289f94032d2fdda39be8567c8	TASK	a2f1fe44215ea3bc676bd103630f70b6070914b6a2cf6fa10ee0443fc08d25dd	현장포말외벽단열	현장포말외벽단열	SINGLETON	PROMOTED_FROM_SOURCE		DRAFT	1	4553	현장포말외벽단열	PRESERVE_SOURCE_MEMBERSHIP	RISK-04-APPROVE-001	62c2c50e3c0becbe23a686735d1a7e50ed8bce2f3fa23c539d2250b68227c2d7	EMPTY	EMPTY
461c84c2f43c53fe19dec05a93e153ee82787a7fc40f56fe2a04dff93f12f68b	TASK	a2f1fe44215ea3bc676bd103630f70b6070914b6a2cf6fa10ee0443fc08d25dd	뿜칠형외벽단열	뿜칠형외벽단열	SINGLETON	PROMOTED_FROM_SOURCE		DRAFT	1	4555	뿜칠형외벽단열	PRESERVE_SOURCE_MEMBERSHIP	RISK-04-APPROVE-001	62c2c50e3c0becbe23a686735d1a7e50ed8bce2f3fa23c539d2250b68227c2d7	EMPTY	EMPTY
92144d57f74f82fb615953fd87f66acbcff0a8e6d1ec5021f689c654cf91fa35	TASK	a2f1fe44215ea3bc676bd103630f70b6070914b6a2cf6fa10ee0443fc08d25dd	도막형외벽단열	도막형외벽단열	SINGLETON	PROMOTED_FROM_SOURCE		DRAFT	1	4556	도막형외벽단열	PRESERVE_SOURCE_MEMBERSHIP	RISK-04-APPROVE-001	62c2c50e3c0becbe23a686735d1a7e50ed8bce2f3fa23c539d2250b68227c2d7	EMPTY	EMPTY
9fc73b0c793e03681c3407d3519d65b2b9ced2347dd0fb5746a20bc386231bbd	PROCESS	ec6c03a8aad00b368c07295be86baea08d9705eebdcce822dbc9811d598c8cf1	진동방지공사	진동방지공사	SINGLETON	PROMOTED_FROM_SOURCE		DRAFT	1	4561	진동방지공사	PRESERVE_SOURCE_MEMBERSHIP	RISK-04-APPROVE-001	62c2c50e3c0becbe23a686735d1a7e50ed8bce2f3fa23c539d2250b68227c2d7	EMPTY	EMPTY
03220e5c135342bf7f534f4cbccf43806685655020bba5b4ce6e6b2a916b0695	PROCESS	ec6c03a8aad00b368c07295be86baea08d9705eebdcce822dbc9811d598c8cf1	방음공사	방음공사	SINGLETON	PROMOTED_FROM_SOURCE		DRAFT	1	4565	방음공사	PRESERVE_SOURCE_MEMBERSHIP	RISK-04-APPROVE-001	62c2c50e3c0becbe23a686735d1a7e50ed8bce2f3fa23c539d2250b68227c2d7	EMPTY	EMPTY
17a65b4ed96f4a0e6b387823c74b0a251c98db870f730695e13469ae5ed964f6	TASK	7bf3910987cb6c1c0cf003241a745ed3fbb08dcbd5458ce04bc874215025e5d9	고정철물및부속재설치	고정철물및부속재설치	SINGLETON	PROMOTED_FROM_SOURCE		DRAFT	1	4618	고정철물및부속재설치	PRESERVE_SOURCE_MEMBERSHIP	RISK-04-APPROVE-001	62c2c50e3c0becbe23a686735d1a7e50ed8bce2f3fa23c539d2250b68227c2d7	EMPTY	EMPTY
973307c8c9363d1eb75fd15ab033f2c197cf3953333a5cc18331f1323f433371	TASK	0e93c5d551eb1eb656c4d219e2f5cbdde7a611f4d1f8cfd8d35caf54bb82840b	바닥금속마감	바닥금속마감	SINGLETON	PROMOTED_FROM_SOURCE		DRAFT	1	4751	바닥금속마감	PRESERVE_SOURCE_MEMBERSHIP	RISK-04-APPROVE-001	62c2c50e3c0becbe23a686735d1a7e50ed8bce2f3fa23c539d2250b68227c2d7	EMPTY	EMPTY
c950ed149acae4c6f39740e24afd6ba59d022f1893b66a176b9d04f5744119e1	TASK	0e93c5d551eb1eb656c4d219e2f5cbdde7a611f4d1f8cfd8d35caf54bb82840b	벽체금속마감	벽체금속마감	SINGLETON	PROMOTED_FROM_SOURCE		DRAFT	1	4752	벽체금속마감	PRESERVE_SOURCE_MEMBERSHIP	RISK-04-APPROVE-001	62c2c50e3c0becbe23a686735d1a7e50ed8bce2f3fa23c539d2250b68227c2d7	EMPTY	EMPTY
1989397a0f85cea517d06c1f60c3efad17df5231be1a47b829d283807d3be2ee	TASK	0e93c5d551eb1eb656c4d219e2f5cbdde7a611f4d1f8cfd8d35caf54bb82840b	천정금속마감	천정금속마감	SINGLETON	PROMOTED_FROM_SOURCE		DRAFT	1	4755	천정금속마감	PRESERVE_SOURCE_MEMBERSHIP	RISK-04-APPROVE-001	62c2c50e3c0becbe23a686735d1a7e50ed8bce2f3fa23c539d2250b68227c2d7	EMPTY	EMPTY
43ab9d5bcc0f0537d6d9ad3f25079ad739501cdfb792cb0e4559f2bfc9662f1b	TASK	5e9f3bd52f774810f3b020a8c2160ce5a9e5a4909c1f517b61cc7dd45f0cd9b5	기타금속부속물설치	기타금속부속물설치	SINGLETON	PROMOTED_FROM_SOURCE		DRAFT	1	4777	기타금속부속물설치	PRESERVE_SOURCE_MEMBERSHIP	RISK-04-APPROVE-001	62c2c50e3c0becbe23a686735d1a7e50ed8bce2f3fa23c539d2250b68227c2d7	EMPTY	EMPTY
0bf2deff037a1b3e3fca6af59208c3d99c63efba682186f021f36562ccfdc1c0	TASK	5e9f3bd52f774810f3b020a8c2160ce5a9e5a4909c1f517b61cc7dd45f0cd9b5	금속조인트(줄눈)덮개및트림제작 설치	금속조인트(줄눈)덮개및트림제작 설치	SINGLETON	PROMOTED_FROM_SOURCE		DRAFT	1	4778	금속조인트(줄눈)덮개및트림제작 설치	PRESERVE_SOURCE_MEMBERSHIP	RISK-04-APPROVE-001	62c2c50e3c0becbe23a686735d1a7e50ed8bce2f3fa23c539d2250b68227c2d7	EMPTY	EMPTY
85798d62d03634b69e0540598bf5aca4cf3dfd8cf35789ae4a14db459c7d359a	TASK	70435ef21492a20d050dbfc45af0163cd0c4f6248013d5ea65a715ab4a4b4039	절단및가공	절단및가공	SINGLETON	PROMOTED_FROM_SOURCE		DRAFT	1	4871	절단및가공	PRESERVE_SOURCE_MEMBERSHIP	RISK-04-APPROVE-001	62c2c50e3c0becbe23a686735d1a7e50ed8bce2f3fa23c539d2250b68227c2d7	EMPTY	EMPTY
1a49b3f77120fc266946453215fae414fe8d21d1bc537f5732641af5a6d8f536	TASK	70435ef21492a20d050dbfc45af0163cd0c4f6248013d5ea65a715ab4a4b4039	보양및청소	보양및청소	SINGLETON	PROMOTED_FROM_SOURCE		DRAFT	1	4878	보양및청소	PRESERVE_SOURCE_MEMBERSHIP	RISK-04-APPROVE-001	62c2c50e3c0becbe23a686735d1a7e50ed8bce2f3fa23c539d2250b68227c2d7	EMPTY	EMPTY
1a52bf5deb8935b80cdd717a29f774277235b47d37fa6e0b6e6c334fa32ba614	TASK	acaa682822a7efd396a4b67c1cc0cd12330fcc5b12523b900fcbf713b88e18e4	창호공사코킹 실링	창호공사코킹 실링	SINGLETON	PROMOTED_FROM_SOURCE		DRAFT	1	4881	창호공사코킹 실링	PRESERVE_SOURCE_MEMBERSHIP	RISK-04-APPROVE-001	62c2c50e3c0becbe23a686735d1a7e50ed8bce2f3fa23c539d2250b68227c2d7	EMPTY	EMPTY
0ac3671d5b81933eaba8f963190b5724a2b0cd45f99f865b9bef0a5d482233a9	TASK	acaa682822a7efd396a4b67c1cc0cd12330fcc5b12523b900fcbf713b88e18e4	유리공사코킹 실링	유리공사코킹 실링	SINGLETON	PROMOTED_FROM_SOURCE		DRAFT	1	4882	유리공사코킹 실링	PRESERVE_SOURCE_MEMBERSHIP	RISK-04-APPROVE-001	62c2c50e3c0becbe23a686735d1a7e50ed8bce2f3fa23c539d2250b68227c2d7	EMPTY	EMPTY
c13d0cc02d411f0999311bf8480ff358124e974df7afd797ba7db472303b3247	TASK	acaa682822a7efd396a4b67c1cc0cd12330fcc5b12523b900fcbf713b88e18e4	석재공사코킹 실링	석재공사코킹 실링	SINGLETON	PROMOTED_FROM_SOURCE		DRAFT	1	4883	석재공사코킹 실링	PRESERVE_SOURCE_MEMBERSHIP	RISK-04-APPROVE-001	62c2c50e3c0becbe23a686735d1a7e50ed8bce2f3fa23c539d2250b68227c2d7	EMPTY	EMPTY
85453cf907fe2e22dbdbfe307bf4714acc62385bc4ed66b77f6f405e59ba5157	TASK	acaa682822a7efd396a4b67c1cc0cd12330fcc5b12523b900fcbf713b88e18e4	타일공사코킹 실링	타일공사코킹 실링	SINGLETON	PROMOTED_FROM_SOURCE		DRAFT	1	4884	타일공사코킹 실링	PRESERVE_SOURCE_MEMBERSHIP	RISK-04-APPROVE-001	62c2c50e3c0becbe23a686735d1a7e50ed8bce2f3fa23c539d2250b68227c2d7	EMPTY	EMPTY
f2f38447710b0762f0fc5b3c9ad8e138173d9777a039b78e24a20430710b17ec	PROCESS	acaa682822a7efd396a4b67c1cc0cd12330fcc5b12523b900fcbf713b88e18e4	코킹부속공사	코킹부속공사	SINGLETON	PROMOTED_FROM_SOURCE		DRAFT	1	4888	코킹부속공사	PRESERVE_SOURCE_MEMBERSHIP	RISK-04-APPROVE-001	62c2c50e3c0becbe23a686735d1a7e50ed8bce2f3fa23c539d2250b68227c2d7	EMPTY	EMPTY
547f6c3944eefedd97dfa5c18e9128c819c354b470395ca0ff4d247283db372d	TASK	f8f8f8c0ded720ede952c131be6396329a82ad7f1995efa930cff437b5ed9ffa	회반죽미장	회반죽미장	SINGLETON	PROMOTED_FROM_SOURCE		DRAFT	1	5131	회반죽미장	PRESERVE_IN_SOURCE_MAPPING_EVIDENCE	RISK-04-APPROVE-001	62c2c50e3c0becbe23a686735d1a7e50ed8bce2f3fa23c539d2250b68227c2d7	EMPTY	EMPTY
f043ecd7b1058a7909717535be66af98f91a496c01eff626b3aa3bac07ff7e89	TASK	f8f8f8c0ded720ede952c131be6396329a82ad7f1995efa930cff437b5ed9ffa	회사미장	회사미장	SINGLETON	PROMOTED_FROM_SOURCE		DRAFT	1	5132	회사미장	PRESERVE_IN_SOURCE_MAPPING_EVIDENCE	RISK-04-APPROVE-001	62c2c50e3c0becbe23a686735d1a7e50ed8bce2f3fa23c539d2250b68227c2d7	EMPTY	EMPTY
329a411f54834448eff5a7789b8d48ea3a4e4d3f1e42c56834beaa5cbf4b6569	TASK	404308c2eb0c32923a21a1d5b36dcf091253d33b454c605616cc65cea7299620	바닥인조석바름및갈기	바닥인조석바름및갈기	SINGLETON	PROMOTED_FROM_SOURCE		DRAFT	1	5141	바닥인조석바름및갈기	PRESERVE_SOURCE_MEMBERSHIP	RISK-04-APPROVE-001	62c2c50e3c0becbe23a686735d1a7e50ed8bce2f3fa23c539d2250b68227c2d7	EMPTY	EMPTY
5a9c42008b3aae9c10919d79089820323ca66fb16a38e3353ede409e2ab82272	TASK	404308c2eb0c32923a21a1d5b36dcf091253d33b454c605616cc65cea7299620	벽인조석바름및갈기	벽인조석바름및갈기	SINGLETON	PROMOTED_FROM_SOURCE		DRAFT	1	5142	벽인조석바름및갈기	PRESERVE_SOURCE_MEMBERSHIP	RISK-04-APPROVE-001	62c2c50e3c0becbe23a686735d1a7e50ed8bce2f3fa23c539d2250b68227c2d7	EMPTY	EMPTY
5cb01356b7cc4b5e995dd54fa61bc627642412f198637ee5571a90cee8301ac4	TASK	404308c2eb0c32923a21a1d5b36dcf091253d33b454c605616cc65cea7299620	계단인조석바름및갈기	계단인조석바름및갈기	SINGLETON	PROMOTED_FROM_SOURCE		DRAFT	1	5144	계단인조석바름및갈기	PRESERVE_SOURCE_MEMBERSHIP	RISK-04-APPROVE-001	62c2c50e3c0becbe23a686735d1a7e50ed8bce2f3fa23c539d2250b68227c2d7	EMPTY	EMPTY
1e052dc642aaa3449d55a631a731e28fdc6cb96cc1b319e6e9ce11adff8d0414	TASK	404308c2eb0c32923a21a1d5b36dcf091253d33b454c605616cc65cea7299620	걸레받이인조석바름및갈기	걸레받이인조석바름및갈기	SINGLETON	PROMOTED_FROM_SOURCE		DRAFT	1	5146	걸레받이인조석바름및갈기	PRESERVE_SOURCE_MEMBERSHIP	RISK-04-APPROVE-001	62c2c50e3c0becbe23a686735d1a7e50ed8bce2f3fa23c539d2250b68227c2d7	EMPTY	EMPTY
6ac1b5aee93b07090893d728d406d422531715676b11cfee0aa095275b6db95a	TASK	b4d47e4841d6736e3d4386a14615655881dfa4c028e4b52e49985bf399bcd562	미장보강	미장보강	SINGLETON	PROMOTED_FROM_SOURCE		DRAFT	1	5154	미장보강	PRESERVE_SOURCE_MEMBERSHIP	RISK-04-APPROVE-001	62c2c50e3c0becbe23a686735d1a7e50ed8bce2f3fa23c539d2250b68227c2d7	EMPTY	EMPTY
a810f9c5ca4a703635f38636b58f8106f68d871b6499752dde69b8aeb934afef	TASK	b4d47e4841d6736e3d4386a14615655881dfa4c028e4b52e49985bf399bcd562	온돌바닥미장	온돌바닥미장	SINGLETON	PROMOTED_FROM_SOURCE		DRAFT	1	5155	온돌바닥미장	PRESERVE_SOURCE_MEMBERSHIP	RISK-04-APPROVE-001	62c2c50e3c0becbe23a686735d1a7e50ed8bce2f3fa23c539d2250b68227c2d7	EMPTY	EMPTY
dcd84ee361efa606f24edcace57d5217b009a11cbb4d98dacdf7b55626fc8b6f	TASK	8dfd87d947fee2f86f04bc53ddb263279df8a89a0e195f57a25386dac1d785d8	흙벽미장	흙벽미장	SINGLETON	PROMOTED_FROM_SOURCE		DRAFT	1	5161	흙벽미장	PRESERVE_SOURCE_MEMBERSHIP	RISK-04-APPROVE-001	62c2c50e3c0becbe23a686735d1a7e50ed8bce2f3fa23c539d2250b68227c2d7	EMPTY	EMPTY
84f0acb926c984609156a37de0852c11573e6b592154e84bf25428d87eaaaed7	TASK	8dfd87d947fee2f86f04bc53ddb263279df8a89a0e195f57a25386dac1d785d8	골재나타내기미장	골재나타내기미장	SINGLETON	PROMOTED_FROM_SOURCE		DRAFT	1	5162	골재나타내기미장	PRESERVE_SOURCE_MEMBERSHIP	RISK-04-APPROVE-001	62c2c50e3c0becbe23a686735d1a7e50ed8bce2f3fa23c539d2250b68227c2d7	EMPTY	EMPTY
896f57e499353fbc20b01363154def59a90ac943d271795aa08ae02cbb795673	TASK	8dfd87d947fee2f86f04bc53ddb263279df8a89a0e195f57a25386dac1d785d8	그래뉼뿜칠미장	그래뉼뿜칠미장	SINGLETON	PROMOTED_FROM_SOURCE		DRAFT	1	5163	그래뉼뿜칠미장	PRESERVE_SOURCE_MEMBERSHIP	RISK-04-APPROVE-001	62c2c50e3c0becbe23a686735d1a7e50ed8bce2f3fa23c539d2250b68227c2d7	EMPTY	EMPTY
72a5aaa482068ddd092e5e0c929fb21af871ef72a08bb278a163c890557357b0	TASK	8dfd87d947fee2f86f04bc53ddb263279df8a89a0e195f57a25386dac1d785d8	시멘트페이스트바름	시멘트페이스트바름	SINGLETON	PROMOTED_FROM_SOURCE		DRAFT	1	5164	시멘트페이스트바름	PRESERVE_SOURCE_MEMBERSHIP	RISK-04-APPROVE-001	62c2c50e3c0becbe23a686735d1a7e50ed8bce2f3fa23c539d2250b68227c2d7	EMPTY	EMPTY
b3668b1c2e71972ff5904c6ff2df777763725bad4e7c73a2cae00505d4eebcd1	TASK	8dfd87d947fee2f86f04bc53ddb263279df8a89a0e195f57a25386dac1d785d8	하드너바르기	하드너바르기	SINGLETON	PROMOTED_FROM_SOURCE		DRAFT	1	5165	하드너바르기	PRESERVE_SOURCE_MEMBERSHIP	RISK-04-APPROVE-001	62c2c50e3c0becbe23a686735d1a7e50ed8bce2f3fa23c539d2250b68227c2d7	EMPTY	EMPTY
be6f82734a12016fbc9036ceb7e6bd097ba4d4ba4cd8fcaa8732129277b229f3	TASK	284c5f417d61f4d0f2079adaf11077b2db1dfec5af1fc7ca206d6d46748e0037	미장면마감	미장면마감	SINGLETON	PROMOTED_FROM_SOURCE		DRAFT	1	5181	미장면마감	PRESERVE_SOURCE_MEMBERSHIP	RISK-04-APPROVE-001	62c2c50e3c0becbe23a686735d1a7e50ed8bce2f3fa23c539d2250b68227c2d7	EMPTY	EMPTY
cfa0e6b529a757c6df4dc19d9b04d8c97b2d3df168b47da9297db01a960d332b	PROCESS	284c5f417d61f4d0f2079adaf11077b2db1dfec5af1fc7ca206d6d46748e0037	미장준비공사	미장준비공사	SINGLETON	PROMOTED_FROM_SOURCE		DRAFT	1	5182	미장준비공사	PRESERVE_SOURCE_MEMBERSHIP	RISK-04-APPROVE-001	62c2c50e3c0becbe23a686735d1a7e50ed8bce2f3fa23c539d2250b68227c2d7	EMPTY	EMPTY
5d84f1a7e196d9b53e4828c1a80f06fe26898c6afdb8d910604fd1bd146ddfcf	TASK	284c5f417d61f4d0f2079adaf11077b2db1dfec5af1fc7ca206d6d46748e0037	미장바탕충전	미장바탕충전	SINGLETON	PROMOTED_FROM_SOURCE		DRAFT	1	5183	미장바탕충전	PRESERVE_SOURCE_MEMBERSHIP	RISK-04-APPROVE-001	62c2c50e3c0becbe23a686735d1a7e50ed8bce2f3fa23c539d2250b68227c2d7	EMPTY	EMPTY
6c57ddb5410f7149ecb79747b399338841988c6e43c676b4ff63a93526e40885	TASK	adacfa272eb4a6a674af7667b520a6085d7d0d0455f5ea6f5b4444af491f8024	대리석깔기	대리석깔기	SINGLETON	PROMOTED_FROM_SOURCE		DRAFT	1	5212	대리석깔기	PRESERVE_SOURCE_MEMBERSHIP	RISK-04-APPROVE-001	62c2c50e3c0becbe23a686735d1a7e50ed8bce2f3fa23c539d2250b68227c2d7	EMPTY	EMPTY
364efa64fa31b8856e512ea6f0165b648c2c00a668737fa5431c94a9cd92ff93	TASK	adacfa272eb4a6a674af7667b520a6085d7d0d0455f5ea6f5b4444af491f8024	사암깔기	사암깔기	SINGLETON	PROMOTED_FROM_SOURCE		DRAFT	1	5213	사암깔기	PRESERVE_SOURCE_MEMBERSHIP	RISK-04-APPROVE-001	62c2c50e3c0becbe23a686735d1a7e50ed8bce2f3fa23c539d2250b68227c2d7	EMPTY	EMPTY
15e6d2ffc98aab416f995846ecc1a08fa4221758ca8af208c01f482f4cb591b3	TASK	adacfa272eb4a6a674af7667b520a6085d7d0d0455f5ea6f5b4444af491f8024	천연슬레이트(점판암)깔기	천연슬레이트(점판암)깔기	SINGLETON	PROMOTED_FROM_SOURCE		DRAFT	1	5214	천연슬레이트(점판암)깔기	PRESERVE_SOURCE_MEMBERSHIP	RISK-04-APPROVE-001	62c2c50e3c0becbe23a686735d1a7e50ed8bce2f3fa23c539d2250b68227c2d7	EMPTY	EMPTY
ba096cccebaafd5d70f4cd708357837be19dabe4efc716cd0d8344b92bc4b207	TASK	adacfa272eb4a6a674af7667b520a6085d7d0d0455f5ea6f5b4444af491f8024	인조석깔기	인조석깔기	SINGLETON	PROMOTED_FROM_SOURCE		DRAFT	1	5215	인조석깔기	PRESERVE_SOURCE_MEMBERSHIP	RISK-04-APPROVE-001	62c2c50e3c0becbe23a686735d1a7e50ed8bce2f3fa23c539d2250b68227c2d7	EMPTY	EMPTY
fa8aa5b36857c1199761987bc82ca71f3fc4795b5ac041114bcf54f64c9d6874	TASK	adacfa272eb4a6a674af7667b520a6085d7d0d0455f5ea6f5b4444af491f8024	테라조타일깔기	테라조타일깔기	SINGLETON	PROMOTED_FROM_SOURCE		DRAFT	1	5216	테라조타일깔기	PRESERVE_SOURCE_MEMBERSHIP	RISK-04-APPROVE-001	62c2c50e3c0becbe23a686735d1a7e50ed8bce2f3fa23c539d2250b68227c2d7	EMPTY	EMPTY
4be382a3518741bfb5e0d653502fbd40cfec07c325cf0e31be43220937570511	TASK	1cf07cdcbd1df01844dc417dfc25899e9f8855c743ffeaa8b82fd28792f90073	화강석내벽붙이기	화강석내벽붙이기	SINGLETON	PROMOTED_FROM_SOURCE		DRAFT	1	5221	화강석내벽붙이기	PRESERVE_SOURCE_MEMBERSHIP	RISK-04-APPROVE-001	62c2c50e3c0becbe23a686735d1a7e50ed8bce2f3fa23c539d2250b68227c2d7	EMPTY	EMPTY
7d7e1656f0fa19609db15574073725418f609bee46b5c86f4902f1e11b7cb561	TASK	1cf07cdcbd1df01844dc417dfc25899e9f8855c743ffeaa8b82fd28792f90073	대리석내벽붙이기	대리석내벽붙이기	SINGLETON	PROMOTED_FROM_SOURCE		DRAFT	1	5222	대리석내벽붙이기	PRESERVE_SOURCE_MEMBERSHIP	RISK-04-APPROVE-001	62c2c50e3c0becbe23a686735d1a7e50ed8bce2f3fa23c539d2250b68227c2d7	EMPTY	EMPTY
589154813ce483c03442a5e19a996671889c887bbf9d024e13b774e26be49232	TASK	1cf07cdcbd1df01844dc417dfc25899e9f8855c743ffeaa8b82fd28792f90073	사암내벽붙이기	사암내벽붙이기	SINGLETON	PROMOTED_FROM_SOURCE		DRAFT	1	5223	사암내벽붙이기	PRESERVE_SOURCE_MEMBERSHIP	RISK-04-APPROVE-001	62c2c50e3c0becbe23a686735d1a7e50ed8bce2f3fa23c539d2250b68227c2d7	EMPTY	EMPTY
47ff6e395a92b38a06b4590e3f00fb0b0b261c5c6de4b081d24ada215edc68c1	TASK	1cf07cdcbd1df01844dc417dfc25899e9f8855c743ffeaa8b82fd28792f90073	천연슬래이트(점판암)내벽붙이기	천연슬래이트(점판암)내벽붙이기	SINGLETON	PROMOTED_FROM_SOURCE		DRAFT	1	5224	천연슬래이트(점판암)내벽붙이기	PRESERVE_SOURCE_MEMBERSHIP	RISK-04-APPROVE-001	62c2c50e3c0becbe23a686735d1a7e50ed8bce2f3fa23c539d2250b68227c2d7	EMPTY	EMPTY
9313b98bb061bd575ccc953f3deec6b4af4ed4f71021933f1c8872149c468d1c	TASK	1cf07cdcbd1df01844dc417dfc25899e9f8855c743ffeaa8b82fd28792f90073	인조석내벽붙이기	인조석내벽붙이기	SINGLETON	PROMOTED_FROM_SOURCE		DRAFT	1	5225	인조석내벽붙이기	PRESERVE_SOURCE_MEMBERSHIP	RISK-04-APPROVE-001	62c2c50e3c0becbe23a686735d1a7e50ed8bce2f3fa23c539d2250b68227c2d7	EMPTY	EMPTY
064a1341a099e8c6d1a821f002b150e5fd8f04086b60cbc1c716a779473b7a57	TASK	1cf07cdcbd1df01844dc417dfc25899e9f8855c743ffeaa8b82fd28792f90073	테라조내벽붙이기	테라조내벽붙이기	SINGLETON	PROMOTED_FROM_SOURCE		DRAFT	1	5226	테라조내벽붙이기	PRESERVE_SOURCE_MEMBERSHIP	RISK-04-APPROVE-001	62c2c50e3c0becbe23a686735d1a7e50ed8bce2f3fa23c539d2250b68227c2d7	EMPTY	EMPTY
10bac51d65bef5b5d7975d67f64a755cf3848d46c7e9d78fcc808268edf07d49	TASK	3a9366d8c831cc54679c134646f37f6df12ae2f4199e045fd2adcb2049fa700c	화강석외벽붙이기	화강석외벽붙이기	SINGLETON	PROMOTED_FROM_SOURCE		DRAFT	1	5231	화강석외벽붙이기	PRESERVE_SOURCE_MEMBERSHIP	RISK-04-APPROVE-001	62c2c50e3c0becbe23a686735d1a7e50ed8bce2f3fa23c539d2250b68227c2d7	EMPTY	EMPTY
6c90b62ab91276670c29082fdb14b406cd2b8a5f4a465d6403564d079accf3f9	TASK	3a9366d8c831cc54679c134646f37f6df12ae2f4199e045fd2adcb2049fa700c	대리석외벽붙이기	대리석외벽붙이기	SINGLETON	PROMOTED_FROM_SOURCE		DRAFT	1	5232	대리석외벽붙이기	PRESERVE_SOURCE_MEMBERSHIP	RISK-04-APPROVE-001	62c2c50e3c0becbe23a686735d1a7e50ed8bce2f3fa23c539d2250b68227c2d7	EMPTY	EMPTY
d73e5d8d5eb6e787fa9e993321900028efee6eec9e14ce25b1003c0a37c06937	TASK	3a9366d8c831cc54679c134646f37f6df12ae2f4199e045fd2adcb2049fa700c	사암외벽붙이기	사암외벽붙이기	SINGLETON	PROMOTED_FROM_SOURCE		DRAFT	1	5233	사암외벽붙이기	PRESERVE_SOURCE_MEMBERSHIP	RISK-04-APPROVE-001	62c2c50e3c0becbe23a686735d1a7e50ed8bce2f3fa23c539d2250b68227c2d7	EMPTY	EMPTY
58d3db150107ed943f52b50d81c50ad37c297d7a92ae610fac1ab170931bec01	TASK	3a9366d8c831cc54679c134646f37f6df12ae2f4199e045fd2adcb2049fa700c	천연슬래이트외벽붙이기	천연슬래이트외벽붙이기	SINGLETON	PROMOTED_FROM_SOURCE		DRAFT	1	5234	천연슬래이트외벽붙이기	PRESERVE_SOURCE_MEMBERSHIP	RISK-04-APPROVE-001	62c2c50e3c0becbe23a686735d1a7e50ed8bce2f3fa23c539d2250b68227c2d7	EMPTY	EMPTY
40543959ddbc9b5f8c5819abf0fcc81996546bc49266ceabfd18038c72204c7a	TASK	3a9366d8c831cc54679c134646f37f6df12ae2f4199e045fd2adcb2049fa700c	인조석외벽붙이기	인조석외벽붙이기	SINGLETON	PROMOTED_FROM_SOURCE		DRAFT	1	5235	인조석외벽붙이기	PRESERVE_SOURCE_MEMBERSHIP	RISK-04-APPROVE-001	62c2c50e3c0becbe23a686735d1a7e50ed8bce2f3fa23c539d2250b68227c2d7	EMPTY	EMPTY
61c365adfe2a16c62a52e5de686aeaaabf453b4350a07cd0e1bb723a7f423d59	TASK	3a9366d8c831cc54679c134646f37f6df12ae2f4199e045fd2adcb2049fa700c	테라조외벽붙이기	테라조외벽붙이기	SINGLETON	PROMOTED_FROM_SOURCE		DRAFT	1	5236	테라조외벽붙이기	PRESERVE_SOURCE_MEMBERSHIP	RISK-04-APPROVE-001	62c2c50e3c0becbe23a686735d1a7e50ed8bce2f3fa23c539d2250b68227c2d7	EMPTY	EMPTY
ae1444cf07abd98aae0a643b0da9db9343c941ba29d6278ff4dc4ff225ed6a79	TASK	d5c23a14c706351d68257016184208bec83a12432c027c0b54da81f6eb73c85e	화강석구조물밑면붙이기	화강석구조물밑면붙이기	SINGLETON	PROMOTED_FROM_SOURCE		DRAFT	1	5241	화강석구조물밑면붙이기	PRESERVE_SOURCE_MEMBERSHIP	RISK-04-APPROVE-001	62c2c50e3c0becbe23a686735d1a7e50ed8bce2f3fa23c539d2250b68227c2d7	EMPTY	EMPTY
dca659b7214251e8214a82066c94d8be6bf1700f76885ec431614d0d47b0b53f	TASK	d5c23a14c706351d68257016184208bec83a12432c027c0b54da81f6eb73c85e	대리석구조물밑면붙이기	대리석구조물밑면붙이기	SINGLETON	PROMOTED_FROM_SOURCE		DRAFT	1	5242	대리석구조물밑면붙이기	PRESERVE_SOURCE_MEMBERSHIP	RISK-04-APPROVE-001	62c2c50e3c0becbe23a686735d1a7e50ed8bce2f3fa23c539d2250b68227c2d7	EMPTY	EMPTY
432a0bbe8e70f37cb076f0323cc80f577864241cd6601b715be087f2ba6312dd	TASK	d5c23a14c706351d68257016184208bec83a12432c027c0b54da81f6eb73c85e	사암구조물밑면붙이기	사암구조물밑면붙이기	SINGLETON	PROMOTED_FROM_SOURCE		DRAFT	1	5243	사암구조물밑면붙이기	PRESERVE_SOURCE_MEMBERSHIP	RISK-04-APPROVE-001	62c2c50e3c0becbe23a686735d1a7e50ed8bce2f3fa23c539d2250b68227c2d7	EMPTY	EMPTY
793a3ed79f2c15fe579a0a091a1c6f197a870fd633d16d8d7bfd8dd4a5894b2b	TASK	d5c23a14c706351d68257016184208bec83a12432c027c0b54da81f6eb73c85e	천연슬래이트구조물밑면붙이기	천연슬래이트구조물밑면붙이기	SINGLETON	PROMOTED_FROM_SOURCE		DRAFT	1	5244	천연슬래이트구조물밑면붙이기	PRESERVE_SOURCE_MEMBERSHIP	RISK-04-APPROVE-001	62c2c50e3c0becbe23a686735d1a7e50ed8bce2f3fa23c539d2250b68227c2d7	EMPTY	EMPTY
71cd73e41b26e97be3c29830496dc73126077e0fe249882ddb0cb3a040619aaf	TASK	d5c23a14c706351d68257016184208bec83a12432c027c0b54da81f6eb73c85e	인조석구조물밑면붙이기	인조석구조물밑면붙이기	SINGLETON	PROMOTED_FROM_SOURCE		DRAFT	1	5245	인조석구조물밑면붙이기	PRESERVE_SOURCE_MEMBERSHIP	RISK-04-APPROVE-001	62c2c50e3c0becbe23a686735d1a7e50ed8bce2f3fa23c539d2250b68227c2d7	EMPTY	EMPTY
453e891bb834c2046ddc95a54be398c151d6fe553fa496306c2a68cdf63d8d22	TASK	d5c23a14c706351d68257016184208bec83a12432c027c0b54da81f6eb73c85e	테라조구조물밑면붙이기	테라조구조물밑면붙이기	SINGLETON	PROMOTED_FROM_SOURCE		DRAFT	1	5246	테라조구조물밑면붙이기	PRESERVE_SOURCE_MEMBERSHIP	RISK-04-APPROVE-001	62c2c50e3c0becbe23a686735d1a7e50ed8bce2f3fa23c539d2250b68227c2d7	EMPTY	EMPTY
28551b2f734086312a3f2e5066c4e949072f207938bf0bcae2b7f87390e1f319	TASK	d247d23d1ed4e328c2447c090f6004c4d9eae4f00fa0467f4a36103620df8729	계단디딤판(트레드)석재붙이기	계단디딤판(트레드)석재붙이기	SINGLETON	PROMOTED_FROM_SOURCE		DRAFT	1	5251	계단디딤판(트레드)석재붙이기	PRESERVE_SOURCE_MEMBERSHIP	RISK-04-APPROVE-001	62c2c50e3c0becbe23a686735d1a7e50ed8bce2f3fa23c539d2250b68227c2d7	EMPTY	EMPTY
6985c17f351847499f1c250343deb7f6b9c81cc4d194fe15f055b3fa2b9c4d0f	TASK	d247d23d1ed4e328c2447c090f6004c4d9eae4f00fa0467f4a36103620df8729	계단채임판(라이저)석재붙이기	계단채임판(라이저)석재붙이기	EQUIVALENCE_GROUP	MERGED_FROM_REVIEWED_SOURCES		DRAFT	2	5352 | 5252	계단채임판(라이저)석재붙이기 | 계단채임판(라이저)석재붙이기	PRESERVE_SOURCE_MEMBERSHIP	RISK-04-APPROVE-001	62c2c50e3c0becbe23a686735d1a7e50ed8bce2f3fa23c539d2250b68227c2d7	EMPTY	EMPTY
989574aa33f954da97d9ebed95d8ed96d61aba878a1b7e9cbab62bb79e9c5e76	TASK	d247d23d1ed4e328c2447c090f6004c4d9eae4f00fa0467f4a36103620df8729	통석재계단놓기	통석재계단놓기	SINGLETON	PROMOTED_FROM_SOURCE		DRAFT	1	5253	통석재계단놓기	PRESERVE_SOURCE_MEMBERSHIP	RISK-04-APPROVE-001	62c2c50e3c0becbe23a686735d1a7e50ed8bce2f3fa23c539d2250b68227c2d7	EMPTY	EMPTY
a07c55e2620d37e34db2b95677e46ceb11ea523067de959206e6f849b9a7ba15	TASK	cc03b5f255e4c76a4d9018d5b36c052591b7677fe406b8c343fb8873feb99bf7	두겁돌붙이기	두겁돌붙이기	SINGLETON	PROMOTED_FROM_SOURCE		DRAFT	1	5261	두겁돌붙이기	PRESERVE_SOURCE_MEMBERSHIP	RISK-04-APPROVE-001	62c2c50e3c0becbe23a686735d1a7e50ed8bce2f3fa23c539d2250b68227c2d7	EMPTY	EMPTY
504b67546ee2290a5042e54702834656b5428763e2f11f674df9a1ba16f1f6f4	TASK	cc03b5f255e4c76a4d9018d5b36c052591b7677fe406b8c343fb8873feb99bf7	창대석붙이기	창대석붙이기	SINGLETON	PROMOTED_FROM_SOURCE		DRAFT	1	5262	창대석붙이기	PRESERVE_SOURCE_MEMBERSHIP	RISK-04-APPROVE-001	62c2c50e3c0becbe23a686735d1a7e50ed8bce2f3fa23c539d2250b68227c2d7	EMPTY	EMPTY
7b21b162c29e061412f9f25ac18e3f5cdf2ab0041f4c81b4d8205698c04803ca	TASK	cc03b5f255e4c76a4d9018d5b36c052591b7677fe406b8c343fb8873feb99bf7	도어씰붙이기	도어씰붙이기	SINGLETON	PROMOTED_FROM_SOURCE		DRAFT	1	5263	도어씰붙이기	PRESERVE_SOURCE_MEMBERSHIP	RISK-04-APPROVE-001	62c2c50e3c0becbe23a686735d1a7e50ed8bce2f3fa23c539d2250b68227c2d7	EMPTY	EMPTY
a7c9715a1d1c19b991b41c8e1ff6f0210d99a11058044926e7838e8fcf47c3ac	TASK	cc03b5f255e4c76a4d9018d5b36c052591b7677fe406b8c343fb8873feb99bf7	경계석(마감석)붙이기	경계석(마감석)붙이기	SINGLETON	PROMOTED_FROM_SOURCE		DRAFT	1	5264	경계석(마감석)붙이기	PRESERVE_SOURCE_MEMBERSHIP	RISK-04-APPROVE-001	62c2c50e3c0becbe23a686735d1a7e50ed8bce2f3fa23c539d2250b68227c2d7	EMPTY	EMPTY
8201ab9c273d2ecf85301419e71f5879048c02f09c73733796027508a2ee4f8f	TASK	fba05c07dc62b9938f5b28091b8d88b0633208a1d76deef0200ed6a85b06b11d	석재물갈기	석재물갈기	SINGLETON	PROMOTED_FROM_SOURCE		DRAFT	1	5281	석재물갈기	PRESERVE_SOURCE_MEMBERSHIP	RISK-04-APPROVE-001	62c2c50e3c0becbe23a686735d1a7e50ed8bce2f3fa23c539d2250b68227c2d7	EMPTY	EMPTY
a62cfdb19570c113a27724aa798938cfba9e0b6346b7420b30bd3a6ab2aff855	TASK	fba05c07dc62b9938f5b28091b8d88b0633208a1d76deef0200ed6a85b06b11d	석재거친다듬마감	석재거친다듬마감	SINGLETON	PROMOTED_FROM_SOURCE		DRAFT	1	5282	석재거친다듬마감 - - 대․중․소 분류대․중․소 분류	PRESERVE_SOURCE_MEMBERSHIP	RISK-04-APPROVE-001	62c2c50e3c0becbe23a686735d1a7e50ed8bce2f3fa23c539d2250b68227c2d7	EMPTY	EMPTY
722bb95ab983fd7e61b5b917e7d273e6f488f2d23db6d9e7d25923afc86fb668	TASK	fba05c07dc62b9938f5b28091b8d88b0633208a1d76deef0200ed6a85b06b11d	석재잔다듬마감	석재잔다듬마감	SINGLETON	PROMOTED_FROM_SOURCE		DRAFT	1	5283	석재잔다듬마감	PRESERVE_SOURCE_MEMBERSHIP	RISK-04-APPROVE-001	62c2c50e3c0becbe23a686735d1a7e50ed8bce2f3fa23c539d2250b68227c2d7	EMPTY	EMPTY
080b1f8178e90ee8b31f2815b7b5642a714c35367a9a2556eae85bf09440afb0	TASK	fba05c07dc62b9938f5b28091b8d88b0633208a1d76deef0200ed6a85b06b11d	석재젯트버너마감	석재젯트버너마감	SINGLETON	PROMOTED_FROM_SOURCE		DRAFT	1	5284	석재젯트버너마감	PRESERVE_SOURCE_MEMBERSHIP	RISK-04-APPROVE-001	62c2c50e3c0becbe23a686735d1a7e50ed8bce2f3fa23c539d2250b68227c2d7	EMPTY	EMPTY
3e3a8b499570f12f8c004b918bc2470c5510c550975a5968977888ecae959f1f	TASK	fba05c07dc62b9938f5b28091b8d88b0633208a1d76deef0200ed6a85b06b11d	석재골파기마감	석재골파기마감	SINGLETON	PROMOTED_FROM_SOURCE		DRAFT	1	5285	석재골파기마감	PRESERVE_SOURCE_MEMBERSHIP	RISK-04-APPROVE-001	62c2c50e3c0becbe23a686735d1a7e50ed8bce2f3fa23c539d2250b68227c2d7	EMPTY	EMPTY
2e33679c852060fd7028a7f4d8e189075b16ec37aff278808aa8f5b6443f4c86	TASK	663731e91305b8886f5920d0f41659f79dea06180109346b38779bf90058409e	점토질타일바닥붙이기	점토질타일바닥붙이기	SINGLETON	PROMOTED_FROM_SOURCE		DRAFT	1	5312	점토질타일바닥붙이기	PRESERVE_SOURCE_MEMBERSHIP	RISK-04-APPROVE-001	62c2c50e3c0becbe23a686735d1a7e50ed8bce2f3fa23c539d2250b68227c2d7	EMPTY	EMPTY
cc4f9149b9012a504e16296fb05e7bbc1a0f915cea2afee136e7f695810da2c5	TASK	663731e91305b8886f5920d0f41659f79dea06180109346b38779bf90058409e	자기질타일바닥붙이기	자기질타일바닥붙이기	SINGLETON	PROMOTED_FROM_SOURCE		DRAFT	1	5313	자기질타일바닥붙이기	PRESERVE_SOURCE_MEMBERSHIP	RISK-04-APPROVE-001	62c2c50e3c0becbe23a686735d1a7e50ed8bce2f3fa23c539d2250b68227c2d7	EMPTY	EMPTY
0675599bdbb24081a2494bf15c718a9320077befe60eccd4095c279b346470ef	TASK	663731e91305b8886f5920d0f41659f79dea06180109346b38779bf90058409e	도기질타일바닥붙이기	도기질타일바닥붙이기	SINGLETON	PROMOTED_FROM_SOURCE		DRAFT	1	5314	도기질타일바닥붙이기	PRESERVE_SOURCE_MEMBERSHIP	RISK-04-APPROVE-001	62c2c50e3c0becbe23a686735d1a7e50ed8bce2f3fa23c539d2250b68227c2d7	EMPTY	EMPTY
2e1991e1f861666f2c5a11f7b0ce773d8819d9be88be93f43abc217b261d88b4	TASK	663731e91305b8886f5920d0f41659f79dea06180109346b38779bf90058409e	합성수지타일바닥붙이기	합성수지타일바닥붙이기	SINGLETON	PROMOTED_FROM_SOURCE		DRAFT	1	5315	합성수지타일바닥붙이기	PRESERVE_SOURCE_MEMBERSHIP	RISK-04-APPROVE-001	62c2c50e3c0becbe23a686735d1a7e50ed8bce2f3fa23c539d2250b68227c2d7	EMPTY	EMPTY
0a00c3ab9f7afc00a36447cca7ad04d7579c06c2dcd5fe800dbf1b3503614db3	TASK	663731e91305b8886f5920d0f41659f79dea06180109346b38779bf90058409e	유리질타일바닥붙이기	유리질타일바닥붙이기	SINGLETON	PROMOTED_FROM_SOURCE		DRAFT	1	5316	유리질타일바닥붙이기	PRESERVE_SOURCE_MEMBERSHIP	RISK-04-APPROVE-001	62c2c50e3c0becbe23a686735d1a7e50ed8bce2f3fa23c539d2250b68227c2d7	EMPTY	EMPTY
22541195733d2ffe360af100642fdaceb654fc30c305547118885068eb9a9c65	TASK	663731e91305b8886f5920d0f41659f79dea06180109346b38779bf90058409e	금속타일바닥붙이기	금속타일바닥붙이기	SINGLETON	PROMOTED_FROM_SOURCE		DRAFT	1	5317	금속타일바닥붙이기	PRESERVE_SOURCE_MEMBERSHIP	RISK-04-APPROVE-001	62c2c50e3c0becbe23a686735d1a7e50ed8bce2f3fa23c539d2250b68227c2d7	EMPTY	EMPTY
6ac0c612bac89113fcd69d819be802a39a57606faeaf85c9f2aa650fc18dccbc	TASK	663731e91305b8886f5920d0f41659f79dea06180109346b38779bf90058409e	석재타일바닥붙이기	석재타일바닥붙이기	SINGLETON	PROMOTED_FROM_SOURCE		DRAFT	1	5318	석재타일바닥붙이기	PRESERVE_SOURCE_MEMBERSHIP	RISK-04-APPROVE-001	62c2c50e3c0becbe23a686735d1a7e50ed8bce2f3fa23c539d2250b68227c2d7	EMPTY	EMPTY
9ef89a40fa3648075581bee7c8f1ce642af6032261a7d69700fb33de9ba47473	TASK	663731e91305b8886f5920d0f41659f79dea06180109346b38779bf90058409e	특수타일바닥붙이기	특수타일바닥붙이기	SINGLETON	PROMOTED_FROM_SOURCE		DRAFT	1	5319	특수타일바닥붙이기	PRESERVE_SOURCE_MEMBERSHIP	RISK-04-APPROVE-001	62c2c50e3c0becbe23a686735d1a7e50ed8bce2f3fa23c539d2250b68227c2d7	EMPTY	EMPTY
943c4d8933f03fbc8df18908d6563a31c6e9ac932c992f5e8b2e7c46e7b84ddb	TASK	b266a326ad7e5eba11caadfe51d101ee205be6a4e31ad787d39ada491eb41c00	시멘트계타일내벽붙이기	시멘트계타일내벽붙이기	SINGLETON	PROMOTED_FROM_SOURCE		DRAFT	1	5321	시멘트계타일내벽붙이기	PRESERVE_SOURCE_MEMBERSHIP	RISK-04-APPROVE-001	62c2c50e3c0becbe23a686735d1a7e50ed8bce2f3fa23c539d2250b68227c2d7	EMPTY	EMPTY
760f584f9c06b7d6dd7f8efe09462141e56df169d50afb5825d06fb4a3adf430	TASK	b266a326ad7e5eba11caadfe51d101ee205be6a4e31ad787d39ada491eb41c00	점토질타일내벽붙이기	점토질타일내벽붙이기	SINGLETON	PROMOTED_FROM_SOURCE		DRAFT	1	5322	점토질타일내벽붙이기	PRESERVE_SOURCE_MEMBERSHIP	RISK-04-APPROVE-001	62c2c50e3c0becbe23a686735d1a7e50ed8bce2f3fa23c539d2250b68227c2d7	EMPTY	EMPTY
77d86b2361e41f7526d930d3888d7a9b5042e288c5e4e50104231f64b58012e2	TASK	b266a326ad7e5eba11caadfe51d101ee205be6a4e31ad787d39ada491eb41c00	자기질타일내벽붙이기	자기질타일내벽붙이기	SINGLETON	PROMOTED_FROM_SOURCE		DRAFT	1	5323	자기질타일내벽붙이기	PRESERVE_SOURCE_MEMBERSHIP	RISK-04-APPROVE-001	62c2c50e3c0becbe23a686735d1a7e50ed8bce2f3fa23c539d2250b68227c2d7	EMPTY	EMPTY
75dc9417299ad56873718c0e4819941294560094ecfc9b9b47c5d97fa1cb273b	TASK	b266a326ad7e5eba11caadfe51d101ee205be6a4e31ad787d39ada491eb41c00	도기질타일내벽붙이기	도기질타일내벽붙이기	SINGLETON	PROMOTED_FROM_SOURCE		DRAFT	1	5324	도기질타일내벽붙이기	PRESERVE_SOURCE_MEMBERSHIP	RISK-04-APPROVE-001	62c2c50e3c0becbe23a686735d1a7e50ed8bce2f3fa23c539d2250b68227c2d7	EMPTY	EMPTY
c7ce0d7dc0469b56d46e2df7909c43dd05d7da9f9ace95ea1c7323b58dc8ff15	TASK	b266a326ad7e5eba11caadfe51d101ee205be6a4e31ad787d39ada491eb41c00	합성수지타일내벽붙이기	합성수지타일내벽붙이기	SINGLETON	PROMOTED_FROM_SOURCE		DRAFT	1	5325	합성수지타일내벽붙이기	PRESERVE_SOURCE_MEMBERSHIP	RISK-04-APPROVE-001	62c2c50e3c0becbe23a686735d1a7e50ed8bce2f3fa23c539d2250b68227c2d7	EMPTY	EMPTY
30d231684847e437017d9e43f371d0773cbf2ec1f221122b20a2728195f5fe6e	TASK	b266a326ad7e5eba11caadfe51d101ee205be6a4e31ad787d39ada491eb41c00	유리질타일내벽붙이기	유리질타일내벽붙이기	SINGLETON	PROMOTED_FROM_SOURCE		DRAFT	1	5326	유리질타일내벽붙이기	PRESERVE_SOURCE_MEMBERSHIP	RISK-04-APPROVE-001	62c2c50e3c0becbe23a686735d1a7e50ed8bce2f3fa23c539d2250b68227c2d7	EMPTY	EMPTY
dca95ac0b79016261e7b699f88c309243d1357aa79cadfce5013b57f03634580	TASK	b266a326ad7e5eba11caadfe51d101ee205be6a4e31ad787d39ada491eb41c00	금속타일내벽붙이기	금속타일내벽붙이기	SINGLETON	PROMOTED_FROM_SOURCE		DRAFT	1	5327	금속타일내벽붙이기	PRESERVE_SOURCE_MEMBERSHIP	RISK-04-APPROVE-001	62c2c50e3c0becbe23a686735d1a7e50ed8bce2f3fa23c539d2250b68227c2d7	EMPTY	EMPTY
50949edff7e5c344cab4f345656179bdb1dfbb3952ffca5bbcc375a45b473136	TASK	b266a326ad7e5eba11caadfe51d101ee205be6a4e31ad787d39ada491eb41c00	석재타일내벽붙이기	석재타일내벽붙이기	SINGLETON	PROMOTED_FROM_SOURCE		DRAFT	1	5328	석재타일내벽붙이기	PRESERVE_SOURCE_MEMBERSHIP	RISK-04-APPROVE-001	62c2c50e3c0becbe23a686735d1a7e50ed8bce2f3fa23c539d2250b68227c2d7	EMPTY	EMPTY
64d988a08af27c34f35ebb34b211a0f61dbf687ed43e7d2f9f86858803ebcbaa	TASK	b266a326ad7e5eba11caadfe51d101ee205be6a4e31ad787d39ada491eb41c00	특수타일내벽붙이기	특수타일내벽붙이기	SINGLETON	PROMOTED_FROM_SOURCE		DRAFT	1	5329	특수타일내벽붙이기	PRESERVE_SOURCE_MEMBERSHIP	RISK-04-APPROVE-001	62c2c50e3c0becbe23a686735d1a7e50ed8bce2f3fa23c539d2250b68227c2d7	EMPTY	EMPTY
6beadc7935f53a144001b119abf75304c84cd8d9117c18d8dceda409fe88f903	TASK	3dec0cc1494076cb9d335b9cc42b3ad01a969cf781da5dd7b1855c9ccb43c9b0	시멘트계타일외벽붙이기	시멘트계타일외벽붙이기	SINGLETON	PROMOTED_FROM_SOURCE		DRAFT	1	5331	시멘트계타일외벽붙이기	PRESERVE_SOURCE_MEMBERSHIP	RISK-04-APPROVE-001	62c2c50e3c0becbe23a686735d1a7e50ed8bce2f3fa23c539d2250b68227c2d7	EMPTY	EMPTY
bb3af9c6cc30773f9dbe46d853c5873bc5064ab32c6b804f958bf4a9ed51d378	TASK	3dec0cc1494076cb9d335b9cc42b3ad01a969cf781da5dd7b1855c9ccb43c9b0	점토질타일외벽붙이기	점토질타일외벽붙이기	SINGLETON	PROMOTED_FROM_SOURCE		DRAFT	1	5332	점토질타일외벽붙이기	PRESERVE_SOURCE_MEMBERSHIP	RISK-04-APPROVE-001	62c2c50e3c0becbe23a686735d1a7e50ed8bce2f3fa23c539d2250b68227c2d7	EMPTY	EMPTY
e3cd4d884461e7d99f7f597240595d89fe8afec627f2827f0567b70d356a65e2	TASK	3dec0cc1494076cb9d335b9cc42b3ad01a969cf781da5dd7b1855c9ccb43c9b0	자기질타일외벽붙이기	자기질타일외벽붙이기	SINGLETON	PROMOTED_FROM_SOURCE		DRAFT	1	5333	자기질타일외벽붙이기	PRESERVE_SOURCE_MEMBERSHIP	RISK-04-APPROVE-001	62c2c50e3c0becbe23a686735d1a7e50ed8bce2f3fa23c539d2250b68227c2d7	EMPTY	EMPTY
bd066ff0ad519a336ac154116de3b5399d79534aed37cbaf00bcfe19874cc88d	TASK	3dec0cc1494076cb9d335b9cc42b3ad01a969cf781da5dd7b1855c9ccb43c9b0	도기질타일외벽붙이기	도기질타일외벽붙이기	SINGLETON	PROMOTED_FROM_SOURCE		DRAFT	1	5334	도기질타일외벽붙이기	PRESERVE_SOURCE_MEMBERSHIP	RISK-04-APPROVE-001	62c2c50e3c0becbe23a686735d1a7e50ed8bce2f3fa23c539d2250b68227c2d7	EMPTY	EMPTY
13b2acf7bc4241828234368867b56189ff2d72ba548f4d6a8ec7efd7a9e5d416	TASK	3dec0cc1494076cb9d335b9cc42b3ad01a969cf781da5dd7b1855c9ccb43c9b0	합성수지타일외벽붙이기	합성수지타일외벽붙이기	SINGLETON	PROMOTED_FROM_SOURCE		DRAFT	1	5335	합성수지타일외벽붙이기	PRESERVE_SOURCE_MEMBERSHIP	RISK-04-APPROVE-001	62c2c50e3c0becbe23a686735d1a7e50ed8bce2f3fa23c539d2250b68227c2d7	EMPTY	EMPTY
1864602f8aba15e2077b911d49d3abf5f8d12c2798fff1b95431cfdfd3de3e51	TASK	3dec0cc1494076cb9d335b9cc42b3ad01a969cf781da5dd7b1855c9ccb43c9b0	유리질타일외벽붙이기	유리질타일외벽붙이기	SINGLETON	PROMOTED_FROM_SOURCE		DRAFT	1	5336	유리질타일외벽붙이기	PRESERVE_SOURCE_MEMBERSHIP	RISK-04-APPROVE-001	62c2c50e3c0becbe23a686735d1a7e50ed8bce2f3fa23c539d2250b68227c2d7	EMPTY	EMPTY
47f173aad97a53bc6e49eaca72a991d1061a86d1900e11a2c4233392dd438ef2	TASK	3dec0cc1494076cb9d335b9cc42b3ad01a969cf781da5dd7b1855c9ccb43c9b0	금속타일외벽붙이기	금속타일외벽붙이기	SINGLETON	PROMOTED_FROM_SOURCE		DRAFT	1	5337	금속타일외벽붙이기	PRESERVE_SOURCE_MEMBERSHIP	RISK-04-APPROVE-001	62c2c50e3c0becbe23a686735d1a7e50ed8bce2f3fa23c539d2250b68227c2d7	EMPTY	EMPTY
af4fac505bdec412e5fbc4647fb48289d164ad6c382ef7635ba0ef064c862ebb	TASK	3dec0cc1494076cb9d335b9cc42b3ad01a969cf781da5dd7b1855c9ccb43c9b0	석재타일외벽붙이기	석재타일외벽붙이기	SINGLETON	PROMOTED_FROM_SOURCE		DRAFT	1	5338	석재타일외벽붙이기	PRESERVE_SOURCE_MEMBERSHIP	RISK-04-APPROVE-001	62c2c50e3c0becbe23a686735d1a7e50ed8bce2f3fa23c539d2250b68227c2d7	EMPTY	EMPTY
361ac011c4f9d20d74fc5b4925de82ca629ee471e9f3272a0bb728e96f564d51	TASK	3dec0cc1494076cb9d335b9cc42b3ad01a969cf781da5dd7b1855c9ccb43c9b0	특수타일외벽붙이기	특수타일외벽붙이기	SINGLETON	PROMOTED_FROM_SOURCE		DRAFT	1	5339	특수타일외벽붙이기	PRESERVE_SOURCE_MEMBERSHIP	RISK-04-APPROVE-001	62c2c50e3c0becbe23a686735d1a7e50ed8bce2f3fa23c539d2250b68227c2d7	EMPTY	EMPTY
3bd5b677590352554d0b9eae29e05deaabfc73bb867aa9740b7d1401b3d0b8cf	TASK	5de714bb17d80b291c3d7e7d3da321d729f8771914677c30ae25f4e14aa01e91	시멘트계타일밑면붙이기	시멘트계타일밑면붙이기	SINGLETON	PROMOTED_FROM_SOURCE		DRAFT	1	5341	시멘트계타일밑면붙이기	PRESERVE_SOURCE_MEMBERSHIP	RISK-04-APPROVE-001	62c2c50e3c0becbe23a686735d1a7e50ed8bce2f3fa23c539d2250b68227c2d7	EMPTY	EMPTY
b2f7bf9778a16508246eaaa742f52e7494f1756356dd69607f03b52c0d2348aa	TASK	5de714bb17d80b291c3d7e7d3da321d729f8771914677c30ae25f4e14aa01e91	점토질타일밑면붙이기	점토질타일밑면붙이기	SINGLETON	PROMOTED_FROM_SOURCE		DRAFT	1	5342	점토질타일밑면붙이기	PRESERVE_SOURCE_MEMBERSHIP	RISK-04-APPROVE-001	62c2c50e3c0becbe23a686735d1a7e50ed8bce2f3fa23c539d2250b68227c2d7	EMPTY	EMPTY
0764af892d5f8668f8eae111cddffaa15b2e2d67a47e434791d6ee26a370317b	TASK	5de714bb17d80b291c3d7e7d3da321d729f8771914677c30ae25f4e14aa01e91	자기질타일밑면붙이기	자기질타일밑면붙이기	SINGLETON	PROMOTED_FROM_SOURCE		DRAFT	1	5343	자기질타일밑면붙이기	PRESERVE_SOURCE_MEMBERSHIP	RISK-04-APPROVE-001	62c2c50e3c0becbe23a686735d1a7e50ed8bce2f3fa23c539d2250b68227c2d7	EMPTY	EMPTY
39c34bfda3a1ddb625bd994aa4b89d4f80215b74a1c46d840001151e70c27417	TASK	5de714bb17d80b291c3d7e7d3da321d729f8771914677c30ae25f4e14aa01e91	도기질타일밑면붙이기	도기질타일밑면붙이기	SINGLETON	PROMOTED_FROM_SOURCE		DRAFT	1	5344	도기질타일밑면붙이기	PRESERVE_SOURCE_MEMBERSHIP	RISK-04-APPROVE-001	62c2c50e3c0becbe23a686735d1a7e50ed8bce2f3fa23c539d2250b68227c2d7	EMPTY	EMPTY
26a1382f42a46ae75ebb5e3c6d1edf793c7a941b58186d8a6eb4d06be61422fc	TASK	5de714bb17d80b291c3d7e7d3da321d729f8771914677c30ae25f4e14aa01e91	합성수지타일밑면붙이기	합성수지타일밑면붙이기	SINGLETON	PROMOTED_FROM_SOURCE		DRAFT	1	5345	합성수지타일밑면붙이기	PRESERVE_SOURCE_MEMBERSHIP	RISK-04-APPROVE-001	62c2c50e3c0becbe23a686735d1a7e50ed8bce2f3fa23c539d2250b68227c2d7	EMPTY	EMPTY
54a409ed1dd1aefabc6074c6c2cb02458343cde643c364ffebf9743bd4e84b50	TASK	5de714bb17d80b291c3d7e7d3da321d729f8771914677c30ae25f4e14aa01e91	유리질타일밑면붙이기	유리질타일밑면붙이기	SINGLETON	PROMOTED_FROM_SOURCE		DRAFT	1	5346	유리질타일밑면붙이기	PRESERVE_SOURCE_MEMBERSHIP	RISK-04-APPROVE-001	62c2c50e3c0becbe23a686735d1a7e50ed8bce2f3fa23c539d2250b68227c2d7	EMPTY	EMPTY
9f6136f861a01b1defee73af204c9b8a32a2cd3fac39504b4bc06639fe5ac45e	TASK	5de714bb17d80b291c3d7e7d3da321d729f8771914677c30ae25f4e14aa01e91	금속타일밑면붙이기	금속타일밑면붙이기	SINGLETON	PROMOTED_FROM_SOURCE		DRAFT	1	5347	금속타일밑면붙이기	PRESERVE_SOURCE_MEMBERSHIP	RISK-04-APPROVE-001	62c2c50e3c0becbe23a686735d1a7e50ed8bce2f3fa23c539d2250b68227c2d7	EMPTY	EMPTY
d0c7a13ab9d6e2709094682f5ac313eb15eb6ffb6a2d54579a78357a816c9293	TASK	5de714bb17d80b291c3d7e7d3da321d729f8771914677c30ae25f4e14aa01e91	석재타일밑면붙이기	석재타일밑면붙이기	SINGLETON	PROMOTED_FROM_SOURCE		DRAFT	1	5348	석재타일밑면붙이기	PRESERVE_SOURCE_MEMBERSHIP	RISK-04-APPROVE-001	62c2c50e3c0becbe23a686735d1a7e50ed8bce2f3fa23c539d2250b68227c2d7	EMPTY	EMPTY
ecb2997662a0a8be4c1f24dc95420d75cd9bd5c04461d76709f22230d2861847	TASK	5de714bb17d80b291c3d7e7d3da321d729f8771914677c30ae25f4e14aa01e91	특수타일밑면붙이기	특수타일밑면붙이기	SINGLETON	PROMOTED_FROM_SOURCE		DRAFT	1	5349	특수타일밑면붙이기	PRESERVE_SOURCE_MEMBERSHIP	RISK-04-APPROVE-001	62c2c50e3c0becbe23a686735d1a7e50ed8bce2f3fa23c539d2250b68227c2d7	EMPTY	EMPTY
45e2c85dde6e446d90d9535c1f4348115cddb9a179ecc4b21c35d7a1ab89be0a	TASK	5bcae9cb8499930f2ebec6571a6abee97f5c1edb83c08b1e02ee349d5a820beb	계단디딤판(트레드)타일붙이기	계단디딤판(트레드)타일붙이기	SINGLETON	PROMOTED_FROM_SOURCE		DRAFT	1	5351	계단디딤판(트레드)타일붙이기	PRESERVE_SOURCE_MEMBERSHIP	RISK-04-APPROVE-001	62c2c50e3c0becbe23a686735d1a7e50ed8bce2f3fa23c539d2250b68227c2d7	EMPTY	EMPTY
f536413e98b1912630cca19cc0911b5d42e52e12812766a8801370123b28f76b	TASK	35e837c8c67c91eccbccf3c7b34a3aac68e17f34a15595aa80e4f538f6d6b179	띠타일붙이기	띠타일붙이기	SINGLETON	PROMOTED_FROM_SOURCE		DRAFT	1	5361	띠타일붙이기	PRESERVE_SOURCE_MEMBERSHIP	RISK-04-APPROVE-001	62c2c50e3c0becbe23a686735d1a7e50ed8bce2f3fa23c539d2250b68227c2d7	EMPTY	EMPTY
a7e6327d3d1ac81346b0e026824f58ad88c3d06d1aae2aab7a6849b43d48779f	TASK	35e837c8c67c91eccbccf3c7b34a3aac68e17f34a15595aa80e4f538f6d6b179	모서리타일붙이기	모서리타일붙이기	SINGLETON	PROMOTED_FROM_SOURCE		DRAFT	1	5362	모서리타일붙이기	PRESERVE_SOURCE_MEMBERSHIP	RISK-04-APPROVE-001	62c2c50e3c0becbe23a686735d1a7e50ed8bce2f3fa23c539d2250b68227c2d7	EMPTY	EMPTY
4e1f9bd734c4d3d6095f9777c8036d219c1307f869096d494149bdce94be3764	TASK	35e837c8c67c91eccbccf3c7b34a3aac68e17f34a15595aa80e4f538f6d6b179	점자타일붙이기	점자타일붙이기	SINGLETON	PROMOTED_FROM_SOURCE		DRAFT	1	5363	점자타일붙이기	PRESERVE_SOURCE_MEMBERSHIP	RISK-04-APPROVE-001	62c2c50e3c0becbe23a686735d1a7e50ed8bce2f3fa23c539d2250b68227c2d7	EMPTY	EMPTY
b63c806b35160ba6e0a5859be8feca3e31969c48b2bacc888aba019bc1f485f3	TASK	35e837c8c67c91eccbccf3c7b34a3aac68e17f34a15595aa80e4f538f6d6b179	그래픽타일붙이기	그래픽타일붙이기	SINGLETON	PROMOTED_FROM_SOURCE		DRAFT	1	5364	그래픽타일붙이기	PRESERVE_SOURCE_MEMBERSHIP	RISK-04-APPROVE-001	62c2c50e3c0becbe23a686735d1a7e50ed8bce2f3fa23c539d2250b68227c2d7	EMPTY	EMPTY
d8da3c9f03cc36165dd4cb913ee093465e3c41b37401a23d6f963eef3e3d73fe	TASK	2c053ba6bcd16340ee74523df3f5a058c6c544a1aa2b2e26ffd1cb873ab68540	카페트깔기	카페트깔기	SINGLETON	PROMOTED_FROM_SOURCE		DRAFT	1	5414	카페트깔기	PRESERVE_SOURCE_MEMBERSHIP	RISK-04-APPROVE-001	62c2c50e3c0becbe23a686735d1a7e50ed8bce2f3fa23c539d2250b68227c2d7	EMPTY	EMPTY
c6e1721b325f212c346209510cdba89a83dfc7717fb82f4224711538d1e41ec6	TASK	2c053ba6bcd16340ee74523df3f5a058c6c544a1aa2b2e26ffd1cb873ab68540	인조잔디깔기	인조잔디깔기	SINGLETON	PROMOTED_FROM_SOURCE		DRAFT	1	5417	인조잔디깔기	PRESERVE_SOURCE_MEMBERSHIP	RISK-04-APPROVE-001	62c2c50e3c0becbe23a686735d1a7e50ed8bce2f3fa23c539d2250b68227c2d7	EMPTY	EMPTY
2bd2b7bd45ea1615eb4cc00f35b8080884f5ff71af92f741b74eca9c0b5ba20e	TASK	b8605fe8c0ef16348371393e2acc2501db26b6877153513bec3000f4f5de1df6	벽체석고보드붙이기	벽체석고보드붙이기	SINGLETON	PROMOTED_FROM_SOURCE		DRAFT	1	5431	벽체석고보드붙이기	PRESERVE_SOURCE_MEMBERSHIP	RISK-04-APPROVE-001	62c2c50e3c0becbe23a686735d1a7e50ed8bce2f3fa23c539d2250b68227c2d7	EMPTY	EMPTY
9192e49ac158c48fd03fde053eec3ad773562b6a752cf650ce79ddb2ef031f5c	TASK	b8605fe8c0ef16348371393e2acc2501db26b6877153513bec3000f4f5de1df6	벽체석면시멘트판재붙이기	벽체석면시멘트판재붙이기	SINGLETON	PROMOTED_FROM_SOURCE		DRAFT	1	5432	벽체석면시멘트판재붙이기	PRESERVE_SOURCE_MEMBERSHIP	RISK-04-APPROVE-001	62c2c50e3c0becbe23a686735d1a7e50ed8bce2f3fa23c539d2250b68227c2d7	EMPTY	EMPTY
d697054f9347ce6cd9f2d9275e172a6ecf7bbebf75ad2474f3a3a1030f1ff154	TASK	b8605fe8c0ef16348371393e2acc2501db26b6877153513bec3000f4f5de1df6	벽체합성수지판재붙이기	벽체합성수지판재붙이기	SINGLETON	PROMOTED_FROM_SOURCE		DRAFT	1	5433	벽체합성수지판재붙이기	PRESERVE_SOURCE_MEMBERSHIP	RISK-04-APPROVE-001	62c2c50e3c0becbe23a686735d1a7e50ed8bce2f3fa23c539d2250b68227c2d7	EMPTY	EMPTY
956d992043654e6eb89146d44ffeb8f6e6ab1ce87e6cff84e7c477ba30f91ffe	TASK	b8605fe8c0ef16348371393e2acc2501db26b6877153513bec3000f4f5de1df6	벽체섬유질판재붙이기	벽체섬유질판재붙이기	SINGLETON	PROMOTED_FROM_SOURCE		DRAFT	1	5434	벽체섬유질판재붙이기	PRESERVE_SOURCE_MEMBERSHIP	RISK-04-APPROVE-001	62c2c50e3c0becbe23a686735d1a7e50ed8bce2f3fa23c539d2250b68227c2d7	EMPTY	EMPTY
80ab5920a95a39d6e9ff2bdfb65959293ce64f9190f38748c95d2a79fd0a52bd	TASK	b8605fe8c0ef16348371393e2acc2501db26b6877153513bec3000f4f5de1df6	벽체카페트붙이기	벽체카페트붙이기	SINGLETON	PROMOTED_FROM_SOURCE		DRAFT	1	5435	벽체카페트붙이기	PRESERVE_SOURCE_MEMBERSHIP	RISK-04-APPROVE-001	62c2c50e3c0becbe23a686735d1a7e50ed8bce2f3fa23c539d2250b68227c2d7	EMPTY	EMPTY
089ba0f30049dd012b20182475b77bf72ac561075c6f4eb5b1ebe43b814b832a	TASK	b8605fe8c0ef16348371393e2acc2501db26b6877153513bec3000f4f5de1df6	벽체페브릭붙이기	벽체페브릭붙이기	SINGLETON	PROMOTED_FROM_SOURCE		DRAFT	1	5436	벽체페브릭붙이기	PRESERVE_SOURCE_MEMBERSHIP	RISK-04-APPROVE-001	62c2c50e3c0becbe23a686735d1a7e50ed8bce2f3fa23c539d2250b68227c2d7	EMPTY	EMPTY
fbcbd1072db570aeebcfabc93dd134d519c6ca38c1b2dac2e1d848adf0f6c702	TASK	0f571190b35b4c9aae3b26ab96a87556f65be7b3e8cb1824c06a807dc34bc0b7	천정석고보드붙이기	천정석고보드붙이기	SINGLETON	PROMOTED_FROM_SOURCE		DRAFT	1	5441	천정석고보드붙이기	PRESERVE_SOURCE_MEMBERSHIP	RISK-04-APPROVE-001	62c2c50e3c0becbe23a686735d1a7e50ed8bce2f3fa23c539d2250b68227c2d7	EMPTY	EMPTY
33d798b0ad019da5011680db134e0a9adaa48735d3afcac0b34a7d8c644ac076	TASK	0f571190b35b4c9aae3b26ab96a87556f65be7b3e8cb1824c06a807dc34bc0b7	천정석면시멘트판재붙이기	천정석면시멘트판재붙이기	SINGLETON	PROMOTED_FROM_SOURCE		DRAFT	1	5442	천정석면시멘트판재붙이기	PRESERVE_SOURCE_MEMBERSHIP	RISK-04-APPROVE-001	62c2c50e3c0becbe23a686735d1a7e50ed8bce2f3fa23c539d2250b68227c2d7	EMPTY	EMPTY
07a488cdbaf16d0c37a607a0a3d8a6d50d0dd3d78e4115fb68facad1c976d0d1	TASK	0f571190b35b4c9aae3b26ab96a87556f65be7b3e8cb1824c06a807dc34bc0b7	천정합성수지판재붙이기	천정합성수지판재붙이기	SINGLETON	PROMOTED_FROM_SOURCE		DRAFT	1	5443	천정합성수지판재붙이기	PRESERVE_SOURCE_MEMBERSHIP	RISK-04-APPROVE-001	62c2c50e3c0becbe23a686735d1a7e50ed8bce2f3fa23c539d2250b68227c2d7	EMPTY	EMPTY
696ec6c453cebd8899c5d56b6bb1d496db7664d9b65e90eafbe21c92b09825f5	TASK	0f571190b35b4c9aae3b26ab96a87556f65be7b3e8cb1824c06a807dc34bc0b7	천정섬유질판재붙이기	천정섬유질판재붙이기	SINGLETON	PROMOTED_FROM_SOURCE		DRAFT	1	5444	천정섬유질판재붙이기	PRESERVE_SOURCE_MEMBERSHIP	RISK-04-APPROVE-001	62c2c50e3c0becbe23a686735d1a7e50ed8bce2f3fa23c539d2250b68227c2d7	EMPTY	EMPTY
f71aa1d13d377156780eaec564e26d55780d0d0bd5bb21be0793bb075cdc5b19	TASK	0f571190b35b4c9aae3b26ab96a87556f65be7b3e8cb1824c06a807dc34bc0b7	천정패브릭붙이기	천정패브릭붙이기	SINGLETON	PROMOTED_FROM_SOURCE		DRAFT	1	5446	천정패브릭붙이기	PRESERVE_SOURCE_MEMBERSHIP	RISK-04-APPROVE-001	62c2c50e3c0becbe23a686735d1a7e50ed8bce2f3fa23c539d2250b68227c2d7	EMPTY	EMPTY
3ac761fa4fb40785920db9a5967742e56d932eb6ed4f2c5d56c8c4386124c338	TASK	57842b6f62bcef11aa5623a54959143ed3d51e2d42f9c3a51e9c6a302a16ff19	벽지바르기	벽지바르기	SINGLETON	PROMOTED_FROM_SOURCE		DRAFT	1	5451	벽지바르기	PRESERVE_SOURCE_MEMBERSHIP	RISK-04-APPROVE-001	62c2c50e3c0becbe23a686735d1a7e50ed8bce2f3fa23c539d2250b68227c2d7	EMPTY	EMPTY
54c4aa958e1db450b05ba644da0a690483728a983c8448869caebffce3f85e65	TASK	57842b6f62bcef11aa5623a54959143ed3d51e2d42f9c3a51e9c6a302a16ff19	천정지바르기	천정지바르기	SINGLETON	PROMOTED_FROM_SOURCE		DRAFT	1	5452	천정지바르기	PRESERVE_SOURCE_MEMBERSHIP	RISK-04-APPROVE-001	62c2c50e3c0becbe23a686735d1a7e50ed8bce2f3fa23c539d2250b68227c2d7	EMPTY	EMPTY
83471a2d8a35330ea85c0814ddd9fd05dfeccb83ab2eb1628ad6c4fe43ed68a1	TASK	57842b6f62bcef11aa5623a54959143ed3d51e2d42f9c3a51e9c6a302a16ff19	장판지바르기	장판지바르기	SINGLETON	PROMOTED_FROM_SOURCE		DRAFT	1	5453	장판지바르기	PRESERVE_SOURCE_MEMBERSHIP	RISK-04-APPROVE-001	62c2c50e3c0becbe23a686735d1a7e50ed8bce2f3fa23c539d2250b68227c2d7	EMPTY	EMPTY
0d3552f53d8bb26076ad3fba2d96b14a895fcfe1eb011cf3a5d1c6c9e1e767d1	TASK	57842b6f62bcef11aa5623a54959143ed3d51e2d42f9c3a51e9c6a302a16ff19	창호지바르기	창호지바르기	SINGLETON	PROMOTED_FROM_SOURCE		DRAFT	1	5455	창호지바르기	PRESERVE_SOURCE_MEMBERSHIP	RISK-04-APPROVE-001	62c2c50e3c0becbe23a686735d1a7e50ed8bce2f3fa23c539d2250b68227c2d7	EMPTY	EMPTY
62d73a0d76ce42ad867a0c4c6d8595060a2d856eb1d1158644359782ee0ce158	TASK	0f3dce322934ae5e11439e5231fff7a5302aad3b4cfac914f9cd2c803987e6be	우드비니어(무늬목)붙이기	우드비니어(무늬목)붙이기	SINGLETON	PROMOTED_FROM_SOURCE		DRAFT	1	5461	우드비니어(무늬목)붙이기	PRESERVE_SOURCE_MEMBERSHIP	RISK-04-APPROVE-001	62c2c50e3c0becbe23a686735d1a7e50ed8bce2f3fa23c539d2250b68227c2d7	EMPTY	EMPTY
425c2d5e2a93d757f78200cbb912cd574d890472e8a193f09fc840d40d850f10	TASK	0f3dce322934ae5e11439e5231fff7a5302aad3b4cfac914f9cd2c803987e6be	멜라민수지쉬트붙이기	멜라민수지쉬트붙이기	SINGLETON	PROMOTED_FROM_SOURCE		DRAFT	1	5462	멜라민수지쉬트붙이기	PRESERVE_SOURCE_MEMBERSHIP	RISK-04-APPROVE-001	62c2c50e3c0becbe23a686735d1a7e50ed8bce2f3fa23c539d2250b68227c2d7	EMPTY	EMPTY
e7c6a8f4a370fe02e86f0922f0311eadd9dac82fcc007bae096286abbfe42c05	TASK	0f3dce322934ae5e11439e5231fff7a5302aad3b4cfac914f9cd2c803987e6be	폴리에스테르수지쉬트붙이기	폴리에스테르수지쉬트붙이기	SINGLETON	PROMOTED_FROM_SOURCE		DRAFT	1	5463	폴리에스테르수지쉬트붙이기	PRESERVE_SOURCE_MEMBERSHIP	RISK-04-APPROVE-001	62c2c50e3c0becbe23a686735d1a7e50ed8bce2f3fa23c539d2250b68227c2d7	EMPTY	EMPTY
951a084e5bee49796397c93c212cc1f8e6f45fa38d504f0009900faf782e6bf3	TASK	0f3dce322934ae5e11439e5231fff7a5302aad3b4cfac914f9cd2c803987e6be	염화비닐수지쉬트붙이기	염화비닐수지쉬트붙이기	SINGLETON	PROMOTED_FROM_SOURCE		DRAFT	1	5464	염화비닐수지쉬트붙이기	PRESERVE_SOURCE_MEMBERSHIP	RISK-04-APPROVE-001	62c2c50e3c0becbe23a686735d1a7e50ed8bce2f3fa23c539d2250b68227c2d7	EMPTY	EMPTY
aff371ce891e274a874fa44d07014f31eaedb12bcc479abd9dbc8d4dc774beb9	TASK	0f3dce322934ae5e11439e5231fff7a5302aad3b4cfac914f9cd2c803987e6be	페놀수지쉬트붙이기	페놀수지쉬트붙이기	SINGLETON	PROMOTED_FROM_SOURCE		DRAFT	1	5465	페놀수지쉬트붙이기	PRESERVE_SOURCE_MEMBERSHIP	RISK-04-APPROVE-001	62c2c50e3c0becbe23a686735d1a7e50ed8bce2f3fa23c539d2250b68227c2d7	EMPTY	EMPTY
5e72346cb1aaa97f01762dbe54152ab030bb411520b84c1c5651e181cf5f7c26	TASK	0f3dce322934ae5e11439e5231fff7a5302aad3b4cfac914f9cd2c803987e6be	박판금속쉬트붙이기	박판금속쉬트붙이기	SINGLETON	PROMOTED_FROM_SOURCE		DRAFT	1	5466	박판금속쉬트붙이기	PRESERVE_SOURCE_MEMBERSHIP	RISK-04-APPROVE-001	62c2c50e3c0becbe23a686735d1a7e50ed8bce2f3fa23c539d2250b68227c2d7	EMPTY	EMPTY
9e59325bd7272dc2f9cdd7d73c9834659904834b5b3c3564198a39896b8158ac	TASK	7f2507b6c1ad8ac7ec8b5b9dbca5f54652d7153248d333c7935cd92b181353d5	그릴설치	그릴설치	SINGLETON	PROMOTED_FROM_SOURCE		DRAFT	1	5471	그릴설치	PRESERVE_SOURCE_MEMBERSHIP	RISK-04-APPROVE-001	62c2c50e3c0becbe23a686735d1a7e50ed8bce2f3fa23c539d2250b68227c2d7	EMPTY	EMPTY
89a65671af28a182870eb83b8fd35e425c2163783b1eead30c4c32153414b934	TASK	7f2507b6c1ad8ac7ec8b5b9dbca5f54652d7153248d333c7935cd92b181353d5	루버설치	루버설치	SINGLETON	PROMOTED_FROM_SOURCE		DRAFT	1	5472	루버설치	PRESERVE_SOURCE_MEMBERSHIP	RISK-04-APPROVE-001	62c2c50e3c0becbe23a686735d1a7e50ed8bce2f3fa23c539d2250b68227c2d7	EMPTY	EMPTY
5113556f199d02ca610e5aae37cdb7822e87a0586831b51b4ba1f2ef6d1f2193	TASK	7f2507b6c1ad8ac7ec8b5b9dbca5f54652d7153248d333c7935cd92b181353d5	수장마감부속재설치	수장마감부속재설치	SINGLETON	PROMOTED_FROM_SOURCE		DRAFT	1	5473	수장마감부속재설치	PRESERVE_SOURCE_MEMBERSHIP	RISK-04-APPROVE-001	62c2c50e3c0becbe23a686735d1a7e50ed8bce2f3fa23c539d2250b68227c2d7	EMPTY	EMPTY
9a60ab98c185638e74bea92c8cf87cdac8a88891b3eded3afa7563449091f782	TASK	172b5d183961638c11d2ddd68aa2bcca8a5c37d208160fa56f3af8dddb96cf41	목재바탕처리	목재바탕처리	SINGLETON	PROMOTED_FROM_SOURCE		DRAFT	1	5512	목재바탕처리	PRESERVE_SOURCE_MEMBERSHIP	RISK-04-APPROVE-001	62c2c50e3c0becbe23a686735d1a7e50ed8bce2f3fa23c539d2250b68227c2d7	EMPTY	EMPTY
3ae86d88009846c037982f414f08effb695bbde94f4486e283af5fc80459ae0d	TASK	172b5d183961638c11d2ddd68aa2bcca8a5c37d208160fa56f3af8dddb96cf41	미장및콘크리트면바탕처리	미장및콘크리트면바탕처리	SINGLETON	PROMOTED_FROM_SOURCE		DRAFT	1	5513	미장및콘크리트면바탕처리	PRESERVE_SOURCE_MEMBERSHIP	RISK-04-APPROVE-001	62c2c50e3c0becbe23a686735d1a7e50ed8bce2f3fa23c539d2250b68227c2d7	EMPTY	EMPTY
51c57e9074b608f0e6cc6dd8fca7ba40fe3f5a791447ca3f590bcbeb8d78402e	TASK	172b5d183961638c11d2ddd68aa2bcca8a5c37d208160fa56f3af8dddb96cf41	석고보드 종이면바탕처리	석고보드 종이면바탕처리	SINGLETON	PROMOTED_FROM_SOURCE		DRAFT	1	5514	석고보드 종이면바탕처리	PRESERVE_SOURCE_MEMBERSHIP	RISK-04-APPROVE-001	62c2c50e3c0becbe23a686735d1a7e50ed8bce2f3fa23c539d2250b68227c2d7	EMPTY	EMPTY
1fef564f94902a45f4752624d0449f1cc7014bfb3c0c9d49bb636840d0d233e7	TASK	172b5d183961638c11d2ddd68aa2bcca8a5c37d208160fa56f3af8dddb96cf41	목재방부칠	목재방부칠	SINGLETON	PROMOTED_FROM_SOURCE		DRAFT	1	5518	목재방부칠	PRESERVE_SOURCE_MEMBERSHIP	RISK-04-APPROVE-001	62c2c50e3c0becbe23a686735d1a7e50ed8bce2f3fa23c539d2250b68227c2d7	EMPTY	EMPTY
e3bc73b175c24fb1d5f975c5457ac8bd8c2b6553ece1d30c0815448b2fd0f890	TASK	172b5d183961638c11d2ddd68aa2bcca8a5c37d208160fa56f3af8dddb96cf41	기타도장바탕처리	기타도장바탕처리	SINGLETON	PROMOTED_FROM_SOURCE		DRAFT	1	5519	기타도장바탕처리	PRESERVE_SOURCE_MEMBERSHIP	RISK-04-APPROVE-001	62c2c50e3c0becbe23a686735d1a7e50ed8bce2f3fa23c539d2250b68227c2d7	EMPTY	EMPTY
08f5208bd4f8ccdc53069f19aaaa920a087dfe3d714346512b8fd90efa04d348	TASK	4813cf1b2638756cfc45513b10dd2cb87c0c8de7d9084742aa967a9b48ac9c10	교목이식공사	교목이식공사	SINGLETON	PROMOTED_FROM_SOURCE		DRAFT	1	5921	교목이식공사	PRESERVE_SOURCE_MEMBERSHIP	RISK-04-APPROVE-001	62c2c50e3c0becbe23a686735d1a7e50ed8bce2f3fa23c539d2250b68227c2d7	EMPTY	EMPTY
d2134479e9678fb0deb39a289d38cd9478423b1377336931ab6e1f1fca9d9a92	TASK	4813cf1b2638756cfc45513b10dd2cb87c0c8de7d9084742aa967a9b48ac9c10	관목이식공사	관목이식공사	SINGLETON	PROMOTED_FROM_SOURCE		DRAFT	1	5922	관목이식공사	PRESERVE_SOURCE_MEMBERSHIP	RISK-04-APPROVE-001	62c2c50e3c0becbe23a686735d1a7e50ed8bce2f3fa23c539d2250b68227c2d7	EMPTY	EMPTY
0c511fbc566a4d32baa68e7e5e763a9c1c23fe44d2c20df1a16119c78a2166e2	TASK	4813cf1b2638756cfc45513b10dd2cb87c0c8de7d9084742aa967a9b48ac9c10	교목식재공사	교목식재공사	SINGLETON	PROMOTED_FROM_SOURCE		DRAFT	1	5923	교목식재공사	PRESERVE_SOURCE_MEMBERSHIP	RISK-04-APPROVE-001	62c2c50e3c0becbe23a686735d1a7e50ed8bce2f3fa23c539d2250b68227c2d7	EMPTY	EMPTY
3c47163387efb0e3cb370669d6ed2955e6ec0137d3858e37bd222f59c9dd4a88	TASK	4813cf1b2638756cfc45513b10dd2cb87c0c8de7d9084742aa967a9b48ac9c10	관목식재공사	관목식재공사	SINGLETON	PROMOTED_FROM_SOURCE		DRAFT	1	5924	관목식재공사	PRESERVE_SOURCE_MEMBERSHIP	RISK-04-APPROVE-001	62c2c50e3c0becbe23a686735d1a7e50ed8bce2f3fa23c539d2250b68227c2d7	EMPTY	EMPTY
bb6845dc4cee1d1ae048e22a7a81248b06913a4d0826ddeb7a727e8e4e66aee6	TASK	4813cf1b2638756cfc45513b10dd2cb87c0c8de7d9084742aa967a9b48ac9c10	지피류및초화류식재	지피류및초화류식재	EQUIVALENCE_GROUP	MERGED_FROM_REVIEWED_SOURCES		DRAFT	2	5927 | 5925	지피류및초화류식재 | 지피류및초화류식재	PRESERVE_SOURCE_MEMBERSHIP	RISK-04-APPROVE-001	62c2c50e3c0becbe23a686735d1a7e50ed8bce2f3fa23c539d2250b68227c2d7	EMPTY	EMPTY
1c1ec9e0f79214a9b47df9b3cf5b1d36138a4c26c445c120b9e7593cba1456cc	TASK	4813cf1b2638756cfc45513b10dd2cb87c0c8de7d9084742aa967a9b48ac9c10	묘목식재	묘목식재	SINGLETON	PROMOTED_FROM_SOURCE		DRAFT	1	5926	묘목식재	PRESERVE_SOURCE_MEMBERSHIP	RISK-04-APPROVE-001	62c2c50e3c0becbe23a686735d1a7e50ed8bce2f3fa23c539d2250b68227c2d7	EMPTY	EMPTY
13adaa1cc87f050b19c2758d57181319623da5f70b6caee37dba9c0750b3c0cc	TASK	4813cf1b2638756cfc45513b10dd2cb87c0c8de7d9084742aa967a9b48ac9c10	식재보호공사	식재보호공사	SINGLETON	PROMOTED_FROM_SOURCE		DRAFT	1	5928	식재보호공사	PRESERVE_SOURCE_MEMBERSHIP	RISK-04-APPROVE-001	62c2c50e3c0becbe23a686735d1a7e50ed8bce2f3fa23c539d2250b68227c2d7	EMPTY	EMPTY
f2c8ab24718b5f95957635abcce829d3e5f5856dd17171ef602b55175e204ce8	TASK	0c7cbc64f8d302a1f8747d7ae32ce9ffaee277cd8cba504690b8fdfc4d183e01	잔디씨뿌리기	잔디씨뿌리기	SINGLETON	PROMOTED_FROM_SOURCE		DRAFT	1	5931	잔디씨뿌리기	PRESERVE_SOURCE_MEMBERSHIP	RISK-04-APPROVE-001	62c2c50e3c0becbe23a686735d1a7e50ed8bce2f3fa23c539d2250b68227c2d7	EMPTY	EMPTY
f6147d041f05f4219641dfe85203b719db44f89675aa5f3dd1c9fb61c74dc8bb	TASK	0c7cbc64f8d302a1f8747d7ae32ce9ffaee277cd8cba504690b8fdfc4d183e01	종자뿜어붙이기	종자뿜어붙이기	SINGLETON	PROMOTED_FROM_SOURCE		DRAFT	1	5932	종자뿜어붙이기	PRESERVE_SOURCE_MEMBERSHIP	RISK-04-APPROVE-001	62c2c50e3c0becbe23a686735d1a7e50ed8bce2f3fa23c539d2250b68227c2d7	EMPTY	EMPTY
3e8b0dfc90f1fcb547fdf286ad432627532ccf7f8e756651c3a9343a3a6463b7	TASK	0c7cbc64f8d302a1f8747d7ae32ce9ffaee277cd8cba504690b8fdfc4d183e01	잔디식재	잔디식재	SINGLETON	PROMOTED_FROM_SOURCE		DRAFT	1	5933	잔디식재	PRESERVE_SOURCE_MEMBERSHIP	RISK-04-APPROVE-001	62c2c50e3c0becbe23a686735d1a7e50ed8bce2f3fa23c539d2250b68227c2d7	EMPTY	EMPTY
0537a067376dd2fc6d07c94010b3fbee454bea1fd992c23c86e7cc37891da58b	TASK	141627cdd8a52d46885395072c371e86aa2a2beb28ce70de3896fa3487309921	비탈면녹화	비탈면녹화	SINGLETON	PROMOTED_FROM_SOURCE		DRAFT	1	5941	비탈면녹화	PRESERVE_SOURCE_MEMBERSHIP	RISK-04-APPROVE-001	62c2c50e3c0becbe23a686735d1a7e50ed8bce2f3fa23c539d2250b68227c2d7	EMPTY	EMPTY
6f46ecfcae7ce9731e6b48b71529b8cf53ee2220cc5f4a079ae463bf3ef6201b	PROCESS	141627cdd8a52d46885395072c371e86aa2a2beb28ce70de3896fa3487309921	생태복원공사	생태복원공사	SINGLETON	PROMOTED_FROM_SOURCE		DRAFT	1	5942	생태복원공사	PRESERVE_SOURCE_MEMBERSHIP	RISK-04-APPROVE-001	62c2c50e3c0becbe23a686735d1a7e50ed8bce2f3fa23c539d2250b68227c2d7	EMPTY	EMPTY
7dfcd72be5586b9f974f007f9acd506e3434c25ae1ae5b8003230dc2406aea68	TASK	ecff0517d16e0b91202497247863bdb868d18181e32eaa96d696c6c93c45a6d8	파종	파종	SINGLETON	PROMOTED_FROM_SOURCE		DRAFT	1	5951	파종	PRESERVE_SOURCE_MEMBERSHIP	RISK-04-APPROVE-001	62c2c50e3c0becbe23a686735d1a7e50ed8bce2f3fa23c539d2250b68227c2d7	EMPTY	EMPTY
23df06ccc93dc3df313706d61bec1506b3fcefbf23da84e187fc707900416c27	TASK	ecff0517d16e0b91202497247863bdb868d18181e32eaa96d696c6c93c45a6d8	초류종자살포	초류종자살포	SINGLETON	PROMOTED_FROM_SOURCE		DRAFT	1	5952	초류종자살포	PRESERVE_SOURCE_MEMBERSHIP	RISK-04-APPROVE-001	62c2c50e3c0becbe23a686735d1a7e50ed8bce2f3fa23c539d2250b68227c2d7	EMPTY	EMPTY
fe07871ac4ddd99e3d0c8137b7714bc167f62652435401e7df66331da5bd0d29	TASK	43b1a189bbf02fb3ce567f440980c23d9a28a5fb5594f4f5a703ac6331f5fdfe	수경시설물설치	수경시설물설치	SINGLETON	PROMOTED_FROM_SOURCE		DRAFT	1	5961	수경시설물설치	PRESERVE_SOURCE_MEMBERSHIP	RISK-04-APPROVE-001	62c2c50e3c0becbe23a686735d1a7e50ed8bce2f3fa23c539d2250b68227c2d7	EMPTY	EMPTY
cb9b113ada8c9f1f8f49bc31d3e53dfb7479362985e327894c5c0c18d04111bb	TASK	43b1a189bbf02fb3ce567f440980c23d9a28a5fb5594f4f5a703ac6331f5fdfe	유희시설물설치	유희시설물설치	SINGLETON	PROMOTED_FROM_SOURCE		DRAFT	1	5962	유희시설물설치	PRESERVE_SOURCE_MEMBERSHIP	RISK-04-APPROVE-001	62c2c50e3c0becbe23a686735d1a7e50ed8bce2f3fa23c539d2250b68227c2d7	EMPTY	EMPTY
da2a6d180bcc58290ec7019904be06e681395316a137c2b203e01529127cb5c6	TASK	43b1a189bbf02fb3ce567f440980c23d9a28a5fb5594f4f5a703ac6331f5fdfe	안내시설물설치	안내시설물설치	SINGLETON	PROMOTED_FROM_SOURCE		DRAFT	1	5963	안내시설물설치	PRESERVE_SOURCE_MEMBERSHIP	RISK-04-APPROVE-001	62c2c50e3c0becbe23a686735d1a7e50ed8bce2f3fa23c539d2250b68227c2d7	EMPTY	EMPTY
ba8fc01551a393bc371dadaf4e56ed81d6922cb99ab3c769bdc9585f172b06a1	TASK	43b1a189bbf02fb3ce567f440980c23d9a28a5fb5594f4f5a703ac6331f5fdfe	휴게시설물설치	휴게시설물설치	SINGLETON	PROMOTED_FROM_SOURCE		DRAFT	1	5964	휴게시설물설치	PRESERVE_SOURCE_MEMBERSHIP	RISK-04-APPROVE-001	62c2c50e3c0becbe23a686735d1a7e50ed8bce2f3fa23c539d2250b68227c2d7	EMPTY	EMPTY
a07074ce16af26584d4e41403bd73022e4e5200e37650d4c1d663fc189278c9a	TASK	43b1a189bbf02fb3ce567f440980c23d9a28a5fb5594f4f5a703ac6331f5fdfe	편의시설물설치	편의시설물설치	SINGLETON	PROMOTED_FROM_SOURCE		DRAFT	1	5965	편의시설물설치	PRESERVE_SOURCE_MEMBERSHIP	RISK-04-APPROVE-001	62c2c50e3c0becbe23a686735d1a7e50ed8bce2f3fa23c539d2250b68227c2d7	EMPTY	EMPTY
7147ddc8d26de85a519355d2536db76cca21dfccd49b7df7866c3a7189c568b4	TASK	43b1a189bbf02fb3ce567f440980c23d9a28a5fb5594f4f5a703ac6331f5fdfe	관리시설물설치	관리시설물설치	SINGLETON	PROMOTED_FROM_SOURCE		DRAFT	1	5966	관리시설물설치	PRESERVE_SOURCE_MEMBERSHIP	RISK-04-APPROVE-001	62c2c50e3c0becbe23a686735d1a7e50ed8bce2f3fa23c539d2250b68227c2d7	EMPTY	EMPTY
1d52399aaa89f9336b3589ea2686bee3230780727ab40b69bdf10958dd3d6a5e	TASK	43b1a189bbf02fb3ce567f440980c23d9a28a5fb5594f4f5a703ac6331f5fdfe	체력단련시설물설치	체력단련시설물설치	SINGLETON	PROMOTED_FROM_SOURCE		DRAFT	1	5967	체력단련시설물설치	PRESERVE_SOURCE_MEMBERSHIP	RISK-04-APPROVE-001	62c2c50e3c0becbe23a686735d1a7e50ed8bce2f3fa23c539d2250b68227c2d7	EMPTY	EMPTY
81f47c712387947a26361d9399db03c842a3a0e14e333ec0f73197359f228ba1	TASK	43b1a189bbf02fb3ce567f440980c23d9a28a5fb5594f4f5a703ac6331f5fdfe	경계시설물설치	경계시설물설치	SINGLETON	PROMOTED_FROM_SOURCE		DRAFT	1	5968	경계시설물설치	PRESERVE_SOURCE_MEMBERSHIP	RISK-04-APPROVE-001	62c2c50e3c0becbe23a686735d1a7e50ed8bce2f3fa23c539d2250b68227c2d7	EMPTY	EMPTY
6efb1b05b11af22396a28c5277fb4371e7cf24e320f1d11210de4da792374e54	TASK	43b1a189bbf02fb3ce567f440980c23d9a28a5fb5594f4f5a703ac6331f5fdfe	환경조형시설물설치	환경조형시설물설치	SINGLETON	PROMOTED_FROM_SOURCE		DRAFT	1	5969	환경조형시설물설치	PRESERVE_SOURCE_MEMBERSHIP	RISK-04-APPROVE-001	62c2c50e3c0becbe23a686735d1a7e50ed8bce2f3fa23c539d2250b68227c2d7	EMPTY	EMPTY
aa39460894ffbb843f7c03bfaec34cf907f82280c93ef0adbde0aa0e4bb7cb03	TASK	2a61841990e611de8f10680c45bb92bb5f7c296bed72f99b485ae13d9028b2ba	전정	전정	SINGLETON	PROMOTED_FROM_SOURCE		DRAFT	1	5971	전정	PRESERVE_SOURCE_MEMBERSHIP	RISK-04-APPROVE-001	62c2c50e3c0becbe23a686735d1a7e50ed8bce2f3fa23c539d2250b68227c2d7	EMPTY	EMPTY
875e1cce58c38eeef89cb71fc215170c124b034a44eb36cfcad2c1ad7acf37d5	TASK	2a61841990e611de8f10680c45bb92bb5f7c296bed72f99b485ae13d9028b2ba	교목수간보호	교목수간보호	SINGLETON	PROMOTED_FROM_SOURCE		DRAFT	1	5972	교목수간보호 - - 대․중․소 분류대․중․소 분류	PRESERVE_SOURCE_MEMBERSHIP	RISK-04-APPROVE-001	62c2c50e3c0becbe23a686735d1a7e50ed8bce2f3fa23c539d2250b68227c2d7	EMPTY	EMPTY
b1cf46ca141679d1b606a59e1f510eaae69093e1da9a70124e41657f63de9ee2	TASK	2a61841990e611de8f10680c45bb92bb5f7c296bed72f99b485ae13d9028b2ba	관수	관수	SINGLETON	PROMOTED_FROM_SOURCE		DRAFT	1	5973	관수	PRESERVE_SOURCE_MEMBERSHIP	RISK-04-APPROVE-001	62c2c50e3c0becbe23a686735d1a7e50ed8bce2f3fa23c539d2250b68227c2d7	EMPTY	EMPTY
7ec20cca98d1a8e57ad965ac03b179046097caa2f4dbdf400767ae556e9c924c	TASK	2a61841990e611de8f10680c45bb92bb5f7c296bed72f99b485ae13d9028b2ba	제초및잔디깍기	제초및잔디깍기	SINGLETON	PROMOTED_FROM_SOURCE		DRAFT	1	5974	제초및잔디깍기	PRESERVE_SOURCE_MEMBERSHIP	RISK-04-APPROVE-001	62c2c50e3c0becbe23a686735d1a7e50ed8bce2f3fa23c539d2250b68227c2d7	EMPTY	EMPTY
e3dc94f5628060d8cd020a578619a697f21f67727c31447f0589b5a7aa780c56	TASK	2a61841990e611de8f10680c45bb92bb5f7c296bed72f99b485ae13d9028b2ba	시비	시비	SINGLETON	PROMOTED_FROM_SOURCE		DRAFT	1	5975	시비	PRESERVE_SOURCE_MEMBERSHIP	RISK-04-APPROVE-001	62c2c50e3c0becbe23a686735d1a7e50ed8bce2f3fa23c539d2250b68227c2d7	EMPTY	EMPTY
f85514f18f5b1fdbb8a9f7a7c542416346de4784c61bea17d4d381cb41d54eb9	TASK	2a61841990e611de8f10680c45bb92bb5f7c296bed72f99b485ae13d9028b2ba	약제살포	약제살포	SINGLETON	PROMOTED_FROM_SOURCE		DRAFT	1	5976	약제살포	PRESERVE_SOURCE_MEMBERSHIP	RISK-04-APPROVE-001	62c2c50e3c0becbe23a686735d1a7e50ed8bce2f3fa23c539d2250b68227c2d7	EMPTY	EMPTY
c20c5ea05609b08219746a2ba56b516679533868cf497653496eb8635cc8d01e	TASK	2a61841990e611de8f10680c45bb92bb5f7c296bed72f99b485ae13d9028b2ba	월동작업	월동작업	SINGLETON	PROMOTED_FROM_SOURCE		DRAFT	1	5977	월동작업	PRESERVE_SOURCE_MEMBERSHIP	RISK-04-APPROVE-001	62c2c50e3c0becbe23a686735d1a7e50ed8bce2f3fa23c539d2250b68227c2d7	EMPTY	EMPTY
dd530e3afd1543c3cc242a7bb6ca4279652ef6bd2665a61a861a1150736360bb	PROCESS	3ee299700e719122727bf96e921d69ceac1520282666e4ca2bd8d94bd1edcde2	설비별배관공사	설비별배관공사	SINGLETON	PROMOTED_FROM_SOURCE		DRAFT	1	6112	설비별배관공사	PRESERVE_SOURCE_MEMBERSHIP	RISK-04-APPROVE-001	62c2c50e3c0becbe23a686735d1a7e50ed8bce2f3fa23c539d2250b68227c2d7	EMPTY	EMPTY
52b820bb4e210920ded93b0ff65e25256a5280a87f4419971c7a2c7b7698f328	PROCESS	3ee299700e719122727bf96e921d69ceac1520282666e4ca2bd8d94bd1edcde2	기타배관및관련부속공사	기타배관및관련부속공사	SINGLETON	PROMOTED_FROM_SOURCE		DRAFT	1	6119	기타배관및관련부속공사	PRESERVE_SOURCE_MEMBERSHIP	RISK-04-APPROVE-001	62c2c50e3c0becbe23a686735d1a7e50ed8bce2f3fa23c539d2250b68227c2d7	EMPTY	EMPTY
fb5c705f7516af200b22bbbad6ff553dab95a84c50b5668054c76b201399bc2c	PROCESS	2939170808ebb6a308fbe155abc1965bc0671106260b8a9289cd5d7a2e2f189b	배관및배관관련부속보온공사	배관및배관관련부속보온공사	SINGLETON	PROMOTED_FROM_SOURCE		DRAFT	1	6121	배관및배관관련부속보온공사	PRESERVE_SOURCE_MEMBERSHIP	RISK-04-APPROVE-001	62c2c50e3c0becbe23a686735d1a7e50ed8bce2f3fa23c539d2250b68227c2d7	EMPTY	EMPTY
bda4c363a5cfee9a0feb8d8da7d9810b69a4aeb0b11f3854dade3ca28e388fd1	PROCESS	2939170808ebb6a308fbe155abc1965bc0671106260b8a9289cd5d7a2e2f189b	덕트보온공사	덕트보온공사	SINGLETON	PROMOTED_FROM_SOURCE		DRAFT	1	6122	덕트보온공사	PRESERVE_SOURCE_MEMBERSHIP	RISK-04-APPROVE-001	62c2c50e3c0becbe23a686735d1a7e50ed8bce2f3fa23c539d2250b68227c2d7	EMPTY	EMPTY
59417e656cf749761c3364911d785cd593fc351d40bed5da1adc3d51150d14cb	PROCESS	2939170808ebb6a308fbe155abc1965bc0671106260b8a9289cd5d7a2e2f189b	평면 탱크 기기보온공사	평면 탱크 기기보온공사	SINGLETON	PROMOTED_FROM_SOURCE		DRAFT	1	6123	평면 탱크 기기보온공사	PRESERVE_SOURCE_MEMBERSHIP	RISK-04-APPROVE-001	62c2c50e3c0becbe23a686735d1a7e50ed8bce2f3fa23c539d2250b68227c2d7	EMPTY	EMPTY
c8211f30d4ad5e254327fd944131a603e615d5f97b6205b15bcff3f719bae7ab	PROCESS	2939170808ebb6a308fbe155abc1965bc0671106260b8a9289cd5d7a2e2f189b	기타보온공사	기타보온공사	SINGLETON	PROMOTED_FROM_SOURCE		DRAFT	1	6129	기타보온공사	PRESERVE_SOURCE_MEMBERSHIP	RISK-04-APPROVE-001	62c2c50e3c0becbe23a686735d1a7e50ed8bce2f3fa23c539d2250b68227c2d7	EMPTY	EMPTY
fd44748d3e4a8ed1846994326f93b2640fad9134af08e79d78bc76443957828c	PROCESS	0cf1376b9030596d2d58587d424d5e541a9dc9da939a221d2100a8075df6e45f	자동제어설비공사	자동제어설비공사	SINGLETON	PROMOTED_FROM_SOURCE		DRAFT	1	6131	자동제어설비공사	PRESERVE_SOURCE_MEMBERSHIP	RISK-04-APPROVE-001	62c2c50e3c0becbe23a686735d1a7e50ed8bce2f3fa23c539d2250b68227c2d7	EMPTY	EMPTY
fe3b05a30d31256b53a6dcc94111801362d90178eb293cbab8c0cc82a4ba2301	PROCESS	0cf1376b9030596d2d58587d424d5e541a9dc9da939a221d2100a8075df6e45f	자동제어설비시스템별공사	자동제어설비시스템별공사	SINGLETON	PROMOTED_FROM_SOURCE		DRAFT	1	6132	자동제어설비시스템별공사	PRESERVE_SOURCE_MEMBERSHIP	RISK-04-APPROVE-001	62c2c50e3c0becbe23a686735d1a7e50ed8bce2f3fa23c539d2250b68227c2d7	EMPTY	EMPTY
1101695867665f358ed5fdf5d1afeee0dbe999592e00a310d03d68870f979f6b	PROCESS	68d8d968b9c2bc99957000cb5ebbe4681685312bfd3a63c44c0d0fe3fd0f8410	펌프공사	펌프공사	SINGLETON	PROMOTED_FROM_SOURCE		DRAFT	1	6141	펌프공사	PRESERVE_SOURCE_MEMBERSHIP	RISK-04-APPROVE-001	62c2c50e3c0becbe23a686735d1a7e50ed8bce2f3fa23c539d2250b68227c2d7	EMPTY	EMPTY
19d8bbf01e85d4e0b2612ada784c484812257c9337d119e546059e40a4336285	PROCESS	68d8d968b9c2bc99957000cb5ebbe4681685312bfd3a63c44c0d0fe3fd0f8410	송풍기및환풍기공사	송풍기및환풍기공사	SINGLETON	PROMOTED_FROM_SOURCE		DRAFT	1	6142	송풍기및환풍기공사	PRESERVE_SOURCE_MEMBERSHIP	RISK-04-APPROVE-001	62c2c50e3c0becbe23a686735d1a7e50ed8bce2f3fa23c539d2250b68227c2d7	EMPTY	EMPTY
69da375d6c9e9b595ff58f54d7939c2f930bc7fda923bf8191eda2b8373618e5	PROCESS	68d8d968b9c2bc99957000cb5ebbe4681685312bfd3a63c44c0d0fe3fd0f8410	공기압축기공사	공기압축기공사	SINGLETON	PROMOTED_FROM_SOURCE		DRAFT	1	6143	공기압축기공사	PRESERVE_SOURCE_MEMBERSHIP	RISK-04-APPROVE-001	62c2c50e3c0becbe23a686735d1a7e50ed8bce2f3fa23c539d2250b68227c2d7	EMPTY	EMPTY
f8759c31af7d23a72eb9a9c69ff49cf7f93593dcfcefa8c8c474d45db64f4c8e	PROCESS	9d7bad7d3377b0051c155133999851cda03afb637f6fc506662aa14608b8fd72	천공공사	천공공사	SINGLETON	PROMOTED_FROM_SOURCE		DRAFT	1	6151	천공공사	PRESERVE_SOURCE_MEMBERSHIP	RISK-04-APPROVE-001	62c2c50e3c0becbe23a686735d1a7e50ed8bce2f3fa23c539d2250b68227c2d7	EMPTY	EMPTY
fd3648260f5e6a72b865497f1d9e85870bbb5dbe942d598706e54a7fc1a30d4c	PROCESS	9d7bad7d3377b0051c155133999851cda03afb637f6fc506662aa14608b8fd72	지지금구류공사	지지금구류공사	SINGLETON	PROMOTED_FROM_SOURCE		DRAFT	1	6152	지지금구류공사	PRESERVE_SOURCE_MEMBERSHIP	RISK-04-APPROVE-001	62c2c50e3c0becbe23a686735d1a7e50ed8bce2f3fa23c539d2250b68227c2d7	EMPTY	EMPTY
d69cea84ab038d08c64a1d93af5d656523141a255523aea943e9abfc917c6b2b	PROCESS	9d7bad7d3377b0051c155133999851cda03afb637f6fc506662aa14608b8fd72	밸브박스 슬리브 조립식PD공사	밸브박스 슬리브 조립식PD공사	SINGLETON	PROMOTED_FROM_SOURCE		DRAFT	1	6153	밸브박스 슬리브 조립식PD공사	PRESERVE_SOURCE_MEMBERSHIP	RISK-04-APPROVE-001	62c2c50e3c0becbe23a686735d1a7e50ed8bce2f3fa23c539d2250b68227c2d7	EMPTY	EMPTY
3f198a9c596fcc677e65a59ee2cb5c6e64001f7f91b4ae06758346d32df321a2	PROCESS	9d7bad7d3377b0051c155133999851cda03afb637f6fc506662aa14608b8fd72	각종잡철물공사및용접공사	각종잡철물공사및용접공사	SINGLETON	PROMOTED_FROM_SOURCE		DRAFT	1	6154	각종잡철물공사및용접공사	PRESERVE_SOURCE_MEMBERSHIP	RISK-04-APPROVE-001	62c2c50e3c0becbe23a686735d1a7e50ed8bce2f3fa23c539d2250b68227c2d7	EMPTY	EMPTY
52570054d9b57108cbe050c6213d7fb187f3001287923162fda8455413123b36	TASK	9d7bad7d3377b0051c155133999851cda03afb637f6fc506662aa14608b8fd72	강재제작설치 조립공사	강재제작설치 조립공사	SINGLETON	PROMOTED_FROM_SOURCE		DRAFT	1	6155	강재제작설치 조립공사	PRESERVE_SOURCE_MEMBERSHIP	RISK-04-APPROVE-001	62c2c50e3c0becbe23a686735d1a7e50ed8bce2f3fa23c539d2250b68227c2d7	EMPTY	EMPTY
71f69f546522ed75040cf704f4f42ed672ce20ad067136bb7750e44e32930a21	PROCESS	9d7bad7d3377b0051c155133999851cda03afb637f6fc506662aa14608b8fd72	관갱생공사	관갱생공사	SINGLETON	PROMOTED_FROM_SOURCE		DRAFT	1	6156	관갱생공사	PRESERVE_SOURCE_MEMBERSHIP	RISK-04-APPROVE-001	62c2c50e3c0becbe23a686735d1a7e50ed8bce2f3fa23c539d2250b68227c2d7	EMPTY	EMPTY
8481d0a1b0de0ca50a0127222387beb6e9b0b44a8dc62143c77b4a8e757c9c39	TASK	9d7bad7d3377b0051c155133999851cda03afb637f6fc506662aa14608b8fd72	도장및방청공사	도장및방청공사	SINGLETON	PROMOTED_FROM_SOURCE		DRAFT	1	6157	도장및방청공사	PRESERVE_SOURCE_MEMBERSHIP	RISK-04-APPROVE-001	62c2c50e3c0becbe23a686735d1a7e50ed8bce2f3fa23c539d2250b68227c2d7	EMPTY	EMPTY
038ad6fb72d989f21edbb398ae9086b91f2a1e29f035dca0684633f19425b199	TASK	9d7bad7d3377b0051c155133999851cda03afb637f6fc506662aa14608b8fd72	터파기및되메우기공사	터파기및되메우기공사	SINGLETON	PROMOTED_FROM_SOURCE		DRAFT	1	6158	터파기및되메우기공사	PRESERVE_SOURCE_MEMBERSHIP	RISK-04-APPROVE-001	62c2c50e3c0becbe23a686735d1a7e50ed8bce2f3fa23c539d2250b68227c2d7	EMPTY	EMPTY
691718b3b61060e1d1266093bbf22fd601561ab83e148c836ab1dcdb0a7ac2bd	PROCESS	7ef95651357fef3e076b778e5a7468487bdab7ab79e59b3e3660f84296c3a884	플랜트보일러및부속공사	플랜트보일러및부속공사	SINGLETON	PROMOTED_FROM_SOURCE		DRAFT	1	6212	플랜트보일러및부속공사	PRESERVE_SOURCE_MEMBERSHIP	RISK-04-APPROVE-001	62c2c50e3c0becbe23a686735d1a7e50ed8bce2f3fa23c539d2250b68227c2d7	EMPTY	EMPTY
6d3f80635389b4fe293da1878b51739e7cf6bd5e3972f70a05f494beac7ba9b5	TASK	72383c60847d8e88b7aa778fef9f8bcbc78b4f55ad9bb300d411bc3de433462b	냉동기및부속설비설치공사	냉동기및부속설비설치공사	SINGLETON	PROMOTED_FROM_SOURCE		DRAFT	1	6221	냉동기및부속설비설치공사	PRESERVE_SOURCE_MEMBERSHIP	RISK-04-APPROVE-001	62c2c50e3c0becbe23a686735d1a7e50ed8bce2f3fa23c539d2250b68227c2d7	EMPTY	EMPTY
787b7cb8a6ca4838fb0a3eb237b359c3be0896b00e2bfedf469d95ee0e82f88f	TASK	72383c60847d8e88b7aa778fef9f8bcbc78b4f55ad9bb300d411bc3de433462b	냉각탑설치공사	냉각탑설치공사	SINGLETON	PROMOTED_FROM_SOURCE		DRAFT	1	6222	냉각탑설치공사	PRESERVE_SOURCE_MEMBERSHIP	RISK-04-APPROVE-001	62c2c50e3c0becbe23a686735d1a7e50ed8bce2f3fa23c539d2250b68227c2d7	EMPTY	EMPTY
b3b5710ba20bf1b257ef181fbc34ed89294150598dd19058fbe720c6869c0920	PROCESS	e1e8145467429472a59dd7ae0d75512fbe4eb6addb9d8fbed2f334c308857b63	공조기및팬공사	공조기및팬공사	SINGLETON	PROMOTED_FROM_SOURCE		DRAFT	1	6231	공조기및팬공사	PRESERVE_SOURCE_MEMBERSHIP	RISK-04-APPROVE-001	62c2c50e3c0becbe23a686735d1a7e50ed8bce2f3fa23c539d2250b68227c2d7	EMPTY	EMPTY
6b9f67bdc03d38dde0a73b6a2e053ce150e5f459c35c0e6403d3cf61a97bedcf	TASK	e1e8145467429472a59dd7ae0d75512fbe4eb6addb9d8fbed2f334c308857b63	온수분배기 방열기설치공사	온수분배기 방열기설치공사	SINGLETON	PROMOTED_FROM_SOURCE		DRAFT	1	6232	온수분배기 방열기설치공사	PRESERVE_SOURCE_MEMBERSHIP	RISK-04-APPROVE-001	62c2c50e3c0becbe23a686735d1a7e50ed8bce2f3fa23c539d2250b68227c2d7	EMPTY	EMPTY
0d269333cd689a171c0199dd6a43ee90a1c431841a2d75cbf249d3e04ee2da6e	TASK	e1e8145467429472a59dd7ae0d75512fbe4eb6addb9d8fbed2f334c308857b63	컨벡터설치공사	컨벡터설치공사	SINGLETON	PROMOTED_FROM_SOURCE		DRAFT	1	6233	컨벡터설치공사	PRESERVE_SOURCE_MEMBERSHIP	RISK-04-APPROVE-001	62c2c50e3c0becbe23a686735d1a7e50ed8bce2f3fa23c539d2250b68227c2d7	EMPTY	EMPTY
e0c1211b14a8b00a5ae1eb747d9d26c00d2e8aa7619dde1ea767812bd753c075	TASK	e1e8145467429472a59dd7ae0d75512fbe4eb6addb9d8fbed2f334c308857b63	적외선히터설치공사	적외선히터설치공사	SINGLETON	PROMOTED_FROM_SOURCE		DRAFT	1	6234	적외선히터설치공사	PRESERVE_SOURCE_MEMBERSHIP	RISK-04-APPROVE-001	62c2c50e3c0becbe23a686735d1a7e50ed8bce2f3fa23c539d2250b68227c2d7	EMPTY	EMPTY
29cae13373f6a82b728f8d4c0e0ba96b81d07c7a8f218903aab86aa927946aca	TASK	e1e8145467429472a59dd7ae0d75512fbe4eb6addb9d8fbed2f334c308857b63	전열교환기설치공사	전열교환기설치공사	SINGLETON	PROMOTED_FROM_SOURCE		DRAFT	1	6235	전열교환기설치공사	PRESERVE_SOURCE_MEMBERSHIP	RISK-04-APPROVE-001	62c2c50e3c0becbe23a686735d1a7e50ed8bce2f3fa23c539d2250b68227c2d7	EMPTY	EMPTY
312383ff2cd3033ef2df86b597ee7fbd11020e67eebb8550fb5947162d3f23fb	TASK	e1e8145467429472a59dd7ae0d75512fbe4eb6addb9d8fbed2f334c308857b63	휀코일유닛설치공사	휀코일유닛설치공사	SINGLETON	PROMOTED_FROM_SOURCE		DRAFT	1	6236	휀코일유닛설치공사	PRESERVE_SOURCE_MEMBERSHIP	RISK-04-APPROVE-001	62c2c50e3c0becbe23a686735d1a7e50ed8bce2f3fa23c539d2250b68227c2d7	EMPTY	EMPTY
be5450076b28fc1787fdc70a125282fd2f055a50b12a2f7bd8490702d983bbf5	TASK	e1e8145467429472a59dd7ae0d75512fbe4eb6addb9d8fbed2f334c308857b63	팩키지유닛설치공사	팩키지유닛설치공사	SINGLETON	PROMOTED_FROM_SOURCE		DRAFT	1	6237	팩키지유닛설치공사	PRESERVE_SOURCE_MEMBERSHIP	RISK-04-APPROVE-001	62c2c50e3c0becbe23a686735d1a7e50ed8bce2f3fa23c539d2250b68227c2d7	EMPTY	EMPTY
44287b2b845da2ccacb082171be4bbbc919526c0faf0946e2f384d663522e05c	TASK	fcf56aeed97bbc55ffffd3b1922a372eb38a1d8032b0957878ffd2f59c39e099	덕트제작공사	덕트제작공사	SINGLETON	PROMOTED_FROM_SOURCE		DRAFT	1	6241	덕트제작공사	PRESERVE_SOURCE_MEMBERSHIP	RISK-04-APPROVE-001	62c2c50e3c0becbe23a686735d1a7e50ed8bce2f3fa23c539d2250b68227c2d7	EMPTY	EMPTY
267f61833f1be4f06eebb530e87b5665c8477cfdcd6e945cd0a7003f36ef9045	TASK	fcf56aeed97bbc55ffffd3b1922a372eb38a1d8032b0957878ffd2f59c39e099	덕트설치공사	덕트설치공사	SINGLETON	PROMOTED_FROM_SOURCE		DRAFT	1	6242	덕트설치공사	PRESERVE_SOURCE_MEMBERSHIP	RISK-04-APPROVE-001	62c2c50e3c0becbe23a686735d1a7e50ed8bce2f3fa23c539d2250b68227c2d7	EMPTY	EMPTY
f955a9b9430faf6ce060864e51e45fbfa4fe19e12c6fd14b7ca87a5f016bad26	TASK	fcf56aeed97bbc55ffffd3b1922a372eb38a1d8032b0957878ffd2f59c39e099	연도제작및설치공사	연도제작및설치공사	SINGLETON	PROMOTED_FROM_SOURCE		DRAFT	1	6243	연도제작및설치공사	PRESERVE_SOURCE_MEMBERSHIP	RISK-04-APPROVE-001	62c2c50e3c0becbe23a686735d1a7e50ed8bce2f3fa23c539d2250b68227c2d7	EMPTY	EMPTY
8d1d2129a57c432dbe09f6d7b88d730261bbf9ab5eded1ca1d754567ded21ca3	TASK	60fe27c8f7fc32987291d31f6ae512b1cf6b3ea890f0e152632397ee41c76a28	열교환기 탱크류설치공사	열교환기 탱크류설치공사	SINGLETON	PROMOTED_FROM_SOURCE		DRAFT	1	6251	열교환기 탱크류설치공사	PRESERVE_SOURCE_MEMBERSHIP	RISK-04-APPROVE-001	62c2c50e3c0becbe23a686735d1a7e50ed8bce2f3fa23c539d2250b68227c2d7	EMPTY	EMPTY
e615fb4e2f1fcc8e3adf8c7823dc5b318280e3d13198329356ac44b8176f584d	TASK	60fe27c8f7fc32987291d31f6ae512b1cf6b3ea890f0e152632397ee41c76a28	현장제작탱크설치공사	현장제작탱크설치공사	SINGLETON	PROMOTED_FROM_SOURCE		DRAFT	1	6252	현장제작탱크설치공사	PRESERVE_SOURCE_MEMBERSHIP	RISK-04-APPROVE-001	62c2c50e3c0becbe23a686735d1a7e50ed8bce2f3fa23c539d2250b68227c2d7	EMPTY	EMPTY
51c72e9981027165e51fba7ce878755d31e7c768d3c76e927e14cb9be8d28276	TASK	60fe27c8f7fc32987291d31f6ae512b1cf6b3ea890f0e152632397ee41c76a28	헤더설치공사	헤더설치공사	SINGLETON	PROMOTED_FROM_SOURCE		DRAFT	1	6253	헤더설치공사	PRESERVE_SOURCE_MEMBERSHIP	RISK-04-APPROVE-001	62c2c50e3c0becbe23a686735d1a7e50ed8bce2f3fa23c539d2250b68227c2d7	EMPTY	EMPTY
c15df2e89928e4a597e01afdd27810d582b31e246485e5d4b40549544b01a5ef	TASK	c39ad6615f8d542d28bb7be277a7ed9e823bd05c2064419e3287115032903d0d	냉수기설치공사	냉수기설치공사	SINGLETON	PROMOTED_FROM_SOURCE		DRAFT	1	6261	냉수기설치공사	PRESERVE_SOURCE_MEMBERSHIP	RISK-04-APPROVE-001	62c2c50e3c0becbe23a686735d1a7e50ed8bce2f3fa23c539d2250b68227c2d7	EMPTY	EMPTY
c55a6c7af4fc197664135b89dd1f41a295cff264d03f9967804d649e27867e05	TASK	c39ad6615f8d542d28bb7be277a7ed9e823bd05c2064419e3287115032903d0d	온수기설치공사	온수기설치공사	SINGLETON	PROMOTED_FROM_SOURCE		DRAFT	1	6262	온수기설치공사	PRESERVE_SOURCE_MEMBERSHIP	RISK-04-APPROVE-001	62c2c50e3c0becbe23a686735d1a7e50ed8bce2f3fa23c539d2250b68227c2d7	EMPTY	EMPTY
180b4ace7a7ebe1a9a14a3001ef88f38b04e495d8bc6ada1a8504c3414a3c83f	PROCESS	2f3b01e8d351eb48adb6117e951ecfeeaf03c78bd08c61a35b5df23bc3600dd4	배수트랩공사	배수트랩공사	SINGLETON	PROMOTED_FROM_SOURCE		DRAFT	1	6313	배수트랩공사	PRESERVE_SOURCE_MEMBERSHIP	RISK-04-APPROVE-001	62c2c50e3c0becbe23a686735d1a7e50ed8bce2f3fa23c539d2250b68227c2d7	EMPTY	EMPTY
e8ff758161a706d3340aa107d571c593b51d2aab0338dbf5c9c8b26d2a96711c	PROCESS	2f3b01e8d351eb48adb6117e951ecfeeaf03c78bd08c61a35b5df23bc3600dd4	수전금구류공사	수전금구류공사	SINGLETON	PROMOTED_FROM_SOURCE		DRAFT	1	6314	수전금구류공사	PRESERVE_SOURCE_MEMBERSHIP	RISK-04-APPROVE-001	62c2c50e3c0becbe23a686735d1a7e50ed8bce2f3fa23c539d2250b68227c2d7	EMPTY	EMPTY
a78d8afd3ff0e875d7d6be5b84807383d054524806f28e1ab54cbf28456331e1	TASK	0954849d33f3f16d68648fa6b9789cd137b2a6030d9c853e880c653e0d42741e	소방설비기기류별설치공사	소방설비기기류별설치공사	SINGLETON	PROMOTED_FROM_SOURCE		DRAFT	1	6412	소방설비기기류별설치공사	PRESERVE_SOURCE_MEMBERSHIP	RISK-04-APPROVE-001	62c2c50e3c0becbe23a686735d1a7e50ed8bce2f3fa23c539d2250b68227c2d7	EMPTY	EMPTY
58a25f0715084c1a9bf2780778752741f2ed6bc69566c48cece3dc3cceda60f8	TASK	00a52dd997c21ceab4004fe3ce98b640a5932dcad08ab3bd2f5e91411e4e53a7	저장탱크설치공사	저장탱크설치공사	SINGLETON	PROMOTED_FROM_SOURCE		DRAFT	1	6512	저장탱크설치공사	PRESERVE_SOURCE_MEMBERSHIP	RISK-04-APPROVE-001	62c2c50e3c0becbe23a686735d1a7e50ed8bce2f3fa23c539d2250b68227c2d7	EMPTY	EMPTY
3dbd798f2881746e1d2b9f045d10a168c544bc545b58c2d0fd73b1cb0cef1150	TASK	b5505742d94b06382f56854611e8b90aed15c861a2a393c78b2690e66b43c954	가스설비관련기기제작공사	가스설비관련기기제작공사	SINGLETON	PROMOTED_FROM_SOURCE		DRAFT	1	6521	가스설비관련기기제작공사	PRESERVE_SOURCE_MEMBERSHIP	RISK-04-APPROVE-001	62c2c50e3c0becbe23a686735d1a7e50ed8bce2f3fa23c539d2250b68227c2d7	EMPTY	EMPTY
05904e0f81d3f046112158b3f4b188e91d74673d2c533e3aed5b9963de0360fe	TASK	b5505742d94b06382f56854611e8b90aed15c861a2a393c78b2690e66b43c954	가스설비관련기기설치공사	가스설비관련기기설치공사	SINGLETON	PROMOTED_FROM_SOURCE		DRAFT	1	6522	가스설비관련기기설치공사	PRESERVE_SOURCE_MEMBERSHIP	RISK-04-APPROVE-001	62c2c50e3c0becbe23a686735d1a7e50ed8bce2f3fa23c539d2250b68227c2d7	EMPTY	EMPTY
ef15473dcf1dacc031152633b6877f4e1c47fcd70c78f83f7415963c200c25a4	PROCESS	54ee11f0f90aca0d4c8c52a6baa3cf19b78610c21edf272b68390f7468c2747b	살수설비보조설비공사	살수설비보조설비공사	SINGLETON	PROMOTED_FROM_SOURCE		DRAFT	1	6612	살수설비보조설비공사	PRESERVE_SOURCE_MEMBERSHIP	RISK-04-APPROVE-001	62c2c50e3c0becbe23a686735d1a7e50ed8bce2f3fa23c539d2250b68227c2d7	EMPTY	EMPTY
06890e334a7a716771ef1bdc5e9ac4fba56022955272e4180b754ec2304c6869	PROCESS	fd75ac4138ed5409d0ed30aae578a02942ab49528558d47e4261136cfbe58831	냉동실설비공사	냉동실설비공사	SINGLETON	PROMOTED_FROM_SOURCE		DRAFT	1	6621	냉동실설비공사	PRESERVE_SOURCE_MEMBERSHIP	RISK-04-APPROVE-001	62c2c50e3c0becbe23a686735d1a7e50ed8bce2f3fa23c539d2250b68227c2d7	EMPTY	EMPTY
0c8c4f8747137614f2825451a99d0471d12a5701da70014c1831163606b41bdf	PROCESS	fd75ac4138ed5409d0ed30aae578a02942ab49528558d47e4261136cfbe58831	냉장실설비공사	냉장실설비공사	SINGLETON	PROMOTED_FROM_SOURCE		DRAFT	1	6622	냉장실설비공사	PRESERVE_SOURCE_MEMBERSHIP	RISK-04-APPROVE-001	62c2c50e3c0becbe23a686735d1a7e50ed8bce2f3fa23c539d2250b68227c2d7	EMPTY	EMPTY
3c39ab7408d60898ac5a4edfabd8d45d4b3836143b2c4a5199a18b70a8b19529	PROCESS	cf1ecf5c2d7cb6f58c0d55291d4f55089f496affdb0ef538b0addb2641c4e15f	살균설비주기기설비공사	살균설비주기기설비공사	SINGLETON	PROMOTED_FROM_SOURCE		DRAFT	1	6631	살균설비주기기설비공사	PRESERVE_SOURCE_MEMBERSHIP	RISK-04-APPROVE-001	62c2c50e3c0becbe23a686735d1a7e50ed8bce2f3fa23c539d2250b68227c2d7	EMPTY	EMPTY
7986d792883029c145809ea43b8aaef8558ef50c7c99fee7d15eb226fe3bae11	PROCESS	cf1ecf5c2d7cb6f58c0d55291d4f55089f496affdb0ef538b0addb2641c4e15f	살균설비보조설비공사	살균설비보조설비공사	SINGLETON	PROMOTED_FROM_SOURCE		DRAFT	1	6632	살균설비보조설비공사	PRESERVE_SOURCE_MEMBERSHIP	RISK-04-APPROVE-001	62c2c50e3c0becbe23a686735d1a7e50ed8bce2f3fa23c539d2250b68227c2d7	EMPTY	EMPTY
6fc8df183a52399ca6a700b818ea0752deb79a5c661f5702085dcbc3ef2822fb	PROCESS	e271654f1c7852d2159a26c3090155561877ae3961a251572cd7ef697a459066	지하수개발주기기설비공사	지하수개발주기기설비공사	SINGLETON	PROMOTED_FROM_SOURCE		DRAFT	1	6641	지하수개발주기기설비공사	PRESERVE_SOURCE_MEMBERSHIP	RISK-04-APPROVE-001	62c2c50e3c0becbe23a686735d1a7e50ed8bce2f3fa23c539d2250b68227c2d7	EMPTY	EMPTY
587c67858b565cf8b01afc4c056316bb8de3dce1e7113ad25be9cca3c1df0dca	PROCESS	e271654f1c7852d2159a26c3090155561877ae3961a251572cd7ef697a459066	지하수개발보조설비공사	지하수개발보조설비공사	SINGLETON	PROMOTED_FROM_SOURCE		DRAFT	1	6642	지하수개발보조설비공사	PRESERVE_SOURCE_MEMBERSHIP	RISK-04-APPROVE-001	62c2c50e3c0becbe23a686735d1a7e50ed8bce2f3fa23c539d2250b68227c2d7	EMPTY	EMPTY
3c831ae682c4527f118ef78dbac28b3de835e76c7beb9fe4e57e4f80f0daa32e	PROCESS	5699e667839fbb246cb48d93f87db04834968fc595e50f73319e540c94a0d2d9	방식전기설비공사	방식전기설비공사	SINGLETON	PROMOTED_FROM_SOURCE		DRAFT	1	6651	방식전기설비공사	PRESERVE_SOURCE_MEMBERSHIP	RISK-04-APPROVE-001	62c2c50e3c0becbe23a686735d1a7e50ed8bce2f3fa23c539d2250b68227c2d7	EMPTY	EMPTY
6ae8b553109b13bd117b001b801804bedab94616ed379326b2dd1716cc8e4a45	PROCESS	5699e667839fbb246cb48d93f87db04834968fc595e50f73319e540c94a0d2d9	방식보조설비공사	방식보조설비공사	SINGLETON	PROMOTED_FROM_SOURCE		DRAFT	1	6652	방식보조설비공사	PRESERVE_SOURCE_MEMBERSHIP	RISK-04-APPROVE-001	62c2c50e3c0becbe23a686735d1a7e50ed8bce2f3fa23c539d2250b68227c2d7	EMPTY	EMPTY
5984e9b936b33f5034c6113d6763d7580d34e1b8e33d16638b79d1a287be1e95	PROCESS	97fb76d45383c405adb1236d93e2b6e7d03f0dcb21430cc51ed6c6c0cd0f1ee7	아이스링크설비주기기공사	아이스링크설비주기기공사	SINGLETON	PROMOTED_FROM_SOURCE		DRAFT	1	6661	아이스링크설비주기기공사	PRESERVE_SOURCE_MEMBERSHIP	RISK-04-APPROVE-001	62c2c50e3c0becbe23a686735d1a7e50ed8bce2f3fa23c539d2250b68227c2d7	EMPTY	EMPTY
f2a2012f70083b9edb3b40cc23a58817b32681b25601bdbbfde2b8b5bd82c0c6	PROCESS	97fb76d45383c405adb1236d93e2b6e7d03f0dcb21430cc51ed6c6c0cd0f1ee7	아이스링크보조설비공사	아이스링크보조설비공사	SINGLETON	PROMOTED_FROM_SOURCE		DRAFT	1	6662	아이스링크보조설비공사	PRESERVE_SOURCE_MEMBERSHIP	RISK-04-APPROVE-001	62c2c50e3c0becbe23a686735d1a7e50ed8bce2f3fa23c539d2250b68227c2d7	EMPTY	EMPTY
e5938afafa74b086b9724cba1bbafdec859216a34a14dfb2895304edd3e7a07b	PROCESS	6b6b479c3f4495081e9d94b608880b8017b3f6dd47a7478bb4afb14bff9a2516	문서이송설비주기기공사	문서이송설비주기기공사	SINGLETON	PROMOTED_FROM_SOURCE		DRAFT	1	6671	문서이송설비주기기공사	PRESERVE_SOURCE_MEMBERSHIP	RISK-04-APPROVE-001	62c2c50e3c0becbe23a686735d1a7e50ed8bce2f3fa23c539d2250b68227c2d7	EMPTY	EMPTY
c95181b2942b52f154aa5b7fe4b0b56efe21caa2eebd9b8aafbd756a45bf0f03	PROCESS	6b6b479c3f4495081e9d94b608880b8017b3f6dd47a7478bb4afb14bff9a2516	문서이송보조설비공사	문서이송보조설비공사	SINGLETON	PROMOTED_FROM_SOURCE		DRAFT	1	6672	문서이송보조설비공사	PRESERVE_SOURCE_MEMBERSHIP	RISK-04-APPROVE-001	62c2c50e3c0becbe23a686735d1a7e50ed8bce2f3fa23c539d2250b68227c2d7	EMPTY	EMPTY
ad47aa0b07258d93fe87f3ae34720b25b4cd41ac7e8575883b3dcc96a82d2e89	PROCESS	5a8671109205cef8fda5e7f8e931851f1c8a2b097e01d72eeb74977f6ec8372e	세탁물운반설비공사	세탁물운반설비공사	SINGLETON	PROMOTED_FROM_SOURCE		DRAFT	1	6722	세탁물운반설비공사	PRESERVE_SOURCE_MEMBERSHIP	RISK-04-APPROVE-001	62c2c50e3c0becbe23a686735d1a7e50ed8bce2f3fa23c539d2250b68227c2d7	EMPTY	EMPTY
246dba3003df34544b7b59939c89a1aae459a17b0d356ce70df1aca64c705e94	PROCESS	4d9e8f9fa87bd378789d8cf760fcc530d324b31228a4807c8d19549ba282a0af	의료시험및시운전공사실가스설비공사	의료시험및시운전공사실가스설비공사	SINGLETON	PROMOTED_FROM_SOURCE		DRAFT	1	6731	의료시험및시운전공사실가스설비공사	PRESERVE_ORIGINAL_HOLD_PARENT_IN_SOURCE_EVIDENCE	RISK-04-APPROVE-001	62c2c50e3c0becbe23a686735d1a7e50ed8bce2f3fa23c539d2250b68227c2d7	RISK-04-APPROVE-002	e9bd6dc41bd50b2ec3c200f4b1017e37cce7e2a7b7ff26139fbaef46071aa365
732907d3a0c1fb040b472b6ebe12001a621ac875f5d25d253b36b405dc501483	PROCESS	cfb52d9ba0bc0f700de3985ceb83668d2509a94cb1154969ad48a8bea3e97ed8	수영장설비공사	수영장설비공사	SINGLETON	PROMOTED_FROM_SOURCE		DRAFT	1	6741	수영장설비공사	PRESERVE_SOURCE_MEMBERSHIP	RISK-04-APPROVE-001	62c2c50e3c0becbe23a686735d1a7e50ed8bce2f3fa23c539d2250b68227c2d7	EMPTY	EMPTY
d71c056d6d5f233cdedb5337ece25687b4a737f15cee2d63ef842c1cb39fd6ba	PROCESS	cfb52d9ba0bc0f700de3985ceb83668d2509a94cb1154969ad48a8bea3e97ed8	분수설비공사	분수설비공사	SINGLETON	PROMOTED_FROM_SOURCE		DRAFT	1	6742	분수설비공사	PRESERVE_SOURCE_MEMBERSHIP	RISK-04-APPROVE-001	62c2c50e3c0becbe23a686735d1a7e50ed8bce2f3fa23c539d2250b68227c2d7	EMPTY	EMPTY
887b4a643d049f718648e5a2379818caf30299d1449571651a60243d7b2cb33c	PROCESS	7d81cf8b2d26a6e0ba0f2ef7e48033aec988f358a830fbf0aa347c2ab286dfc2	목욕탕및사우나설비공사	목욕탕및사우나설비공사	SINGLETON	PROMOTED_FROM_SOURCE		DRAFT	1	6751	목욕탕및사우나설비공사	PRESERVE_SOURCE_MEMBERSHIP	RISK-04-APPROVE-001	62c2c50e3c0becbe23a686735d1a7e50ed8bce2f3fa23c539d2250b68227c2d7	EMPTY	EMPTY
85d010763a4263ad7b9c88a3861a4c9481f58853a58ae435e6f1a0fd6271a344	PROCESS	82ab83b57874d5c81a3973878defdb6122933ca317efad006efd9c4fbc920cb2	진공청소설비공사	진공청소설비공사	SINGLETON	PROMOTED_FROM_SOURCE		DRAFT	1	6761	진공청소설비공사	PRESERVE_SOURCE_MEMBERSHIP	RISK-04-APPROVE-001	62c2c50e3c0becbe23a686735d1a7e50ed8bce2f3fa23c539d2250b68227c2d7	EMPTY	EMPTY
8908831e77dee63d0fa57aeb4dd53d818cd2dbe0fc1a1f0111eb5db49a8becad	PROCESS	93ae7b84189bc8304c057789df6250d445b811e96b1fcdd0f2cada5e82954ac2	주차장환기설비공사	주차장환기설비공사	SINGLETON	PROMOTED_FROM_SOURCE		DRAFT	1	6771	주차장환기설비공사	PRESERVE_SOURCE_MEMBERSHIP	RISK-04-APPROVE-001	62c2c50e3c0becbe23a686735d1a7e50ed8bce2f3fa23c539d2250b68227c2d7	EMPTY	EMPTY
141f971f1d66e7652047d405e3cfc9287a177621e76a9b44b01a12b3eddd637f	PROCESS	93ae7b84189bc8304c057789df6250d445b811e96b1fcdd0f2cada5e82954ac2	주차장설비공사	주차장설비공사	SINGLETON	PROMOTED_FROM_SOURCE		DRAFT	1	6772	주차장설비공사	PRESERVE_SOURCE_MEMBERSHIP	RISK-04-APPROVE-001	62c2c50e3c0becbe23a686735d1a7e50ed8bce2f3fa23c539d2250b68227c2d7	EMPTY	EMPTY
f58a8c7f8ca92c6a579f31ab7bf05b33b0fec0e66bde596d422be105abde7dc6	PROCESS	93ae7b84189bc8304c057789df6250d445b811e96b1fcdd0f2cada5e82954ac2	주차관제설비공사	주차관제설비공사	SINGLETON	PROMOTED_FROM_SOURCE		DRAFT	1	6773	주차관제설비공사	PRESERVE_SOURCE_MEMBERSHIP	RISK-04-APPROVE-001	62c2c50e3c0becbe23a686735d1a7e50ed8bce2f3fa23c539d2250b68227c2d7	EMPTY	EMPTY
ea8d5e200daba9a3b6f86131fc397382b2aa6eddbc5121d9b5d25e9d27a64dfb	PROCESS	acf499947d510b922fb074eaf5740e396b0a71ec8e9b0d0a6d5990d8efeeee1c	특수방진설비공사	특수방진설비공사	SINGLETON	PROMOTED_FROM_SOURCE		DRAFT	1	6781	특수방진설비공사	PRESERVE_SOURCE_MEMBERSHIP	RISK-04-APPROVE-001	62c2c50e3c0becbe23a686735d1a7e50ed8bce2f3fa23c539d2250b68227c2d7	EMPTY	EMPTY
fdd8598eda4acff821f5cc5046933fa17358c3fdcbaade8a3e09f70f5a0322e4	PROCESS	8aaa758ea825b88d4d29afbb451571097b54c58dedb40a6e6e781331df8c88f0	수력발전설비공사	수력발전설비공사	SINGLETON	PROMOTED_FROM_SOURCE		DRAFT	1	7121	수력발전설비공사	PRESERVE_SOURCE_MEMBERSHIP	RISK-04-APPROVE-001	62c2c50e3c0becbe23a686735d1a7e50ed8bce2f3fa23c539d2250b68227c2d7	EMPTY	EMPTY
58993f6c88c0c1a84cc2fbadc3cdaf44a0f9d6a3b557cba817a4b0e5f8cce23b	PROCESS	39e50939e38be41a255a751a8442d87e0925dea01aa0220a0c9f667b1d6bd072	원자력발전시설설비공사	원자력발전시설설비공사	SINGLETON	PROMOTED_FROM_SOURCE		DRAFT	1	7131	원자력발전시설설비공사	PRESERVE_SOURCE_MEMBERSHIP	RISK-04-APPROVE-001	62c2c50e3c0becbe23a686735d1a7e50ed8bce2f3fa23c539d2250b68227c2d7	EMPTY	EMPTY
a84ec68bf94bf0a8ddfeedc47ba2dfbdc2afc1e4ff6b8349879b77c2bfc71f29	PROCESS	b7c2bc5adaed0af8e84fb7883d2bb66c21e90941249b1198899ef8f1817ef748	풍력발전소발전시설설비공사	풍력발전소발전시설설비공사	SINGLETON	PROMOTED_FROM_SOURCE		DRAFT	1	7141	풍력발전소발전시설설비공사	PRESERVE_SOURCE_MEMBERSHIP	RISK-04-APPROVE-001	62c2c50e3c0becbe23a686735d1a7e50ed8bce2f3fa23c539d2250b68227c2d7	EMPTY	EMPTY
c9c4521ff455e82e19593d46c554660ca8f03502e3b5ea8541cdc8577aac8b26	PROCESS	8e427c41a499859f488d13811e80764344c40611ad01a97d0b1eda8ed5b998a7	조력발전시설설비공사	조력발전시설설비공사	SINGLETON	PROMOTED_FROM_SOURCE		DRAFT	1	7151	조력발전시설설비공사	PRESERVE_SOURCE_MEMBERSHIP	RISK-04-APPROVE-001	62c2c50e3c0becbe23a686735d1a7e50ed8bce2f3fa23c539d2250b68227c2d7	EMPTY	EMPTY
a2db02a8170ee988d73c28ee901c368d01a177944388b5ce24d2ae692e80682b	PROCESS	568be7b55676989271c734e894bdcd02232e6d9d58e6c1b95622b559bf859880	열병합발전시설설비공사	열병합발전시설설비공사	SINGLETON	PROMOTED_FROM_SOURCE		DRAFT	1	7161	열병합발전시설설비공사	PRESERVE_SOURCE_MEMBERSHIP	RISK-04-APPROVE-001	62c2c50e3c0becbe23a686735d1a7e50ed8bce2f3fa23c539d2250b68227c2d7	EMPTY	EMPTY
ae7bcf5ed73c7f37b386792695a6c973c2b280b8e41971bcbcb2ef85d866ecf2	PROCESS	40c11af26e5e9b1d10ad95693ef23e74354c43e4ca526b11d04f7eb29599d47f	태양열발전시설설비공사	태양열발전시설설비공사	SINGLETON	PROMOTED_FROM_SOURCE		DRAFT	1	7171	태양열발전시설설비공사	PRESERVE_SOURCE_MEMBERSHIP	RISK-04-APPROVE-001	62c2c50e3c0becbe23a686735d1a7e50ed8bce2f3fa23c539d2250b68227c2d7	EMPTY	EMPTY
3418a569eb4706551795771a87fb6567ebfbc59b826306713ffdbaa3ecf4bdcf	TASK	d28c045a9338660ab84ceaeee6a3e1dda86dd49a33133129bb062dc2d46680b1	터빈및발전기설치공사	터빈및발전기설치공사	SINGLETON	PROMOTED_FROM_SOURCE		DRAFT	1	7181	터빈및발전기설치공사	PRESERVE_SOURCE_MEMBERSHIP	RISK-04-APPROVE-001	62c2c50e3c0becbe23a686735d1a7e50ed8bce2f3fa23c539d2250b68227c2d7	EMPTY	EMPTY
884ddbdf675be7357ba307411aae6dbe156de9336cfa8a6738d5659fe223c69c	TASK	d28c045a9338660ab84ceaeee6a3e1dda86dd49a33133129bb062dc2d46680b1	복수설비설치공사	복수설비설치공사	SINGLETON	PROMOTED_FROM_SOURCE		DRAFT	1	7182	복수설비설치공사	PRESERVE_SOURCE_MEMBERSHIP	RISK-04-APPROVE-001	62c2c50e3c0becbe23a686735d1a7e50ed8bce2f3fa23c539d2250b68227c2d7	EMPTY	EMPTY
00714d829c039e7c5590ef71b44f6e05b3097588dbfe0b20b37b5f1cd4f8ec1a	PROCESS	53280542142b59179d383425dc3c0376e294312c5bfdef8b3af6e6aaa6dee067	디젤발전기플랜트설비공사	디젤발전기플랜트설비공사	SINGLETON	PROMOTED_FROM_SOURCE		DRAFT	1	7191	디젤발전기플랜트설비공사	PRESERVE_SOURCE_MEMBERSHIP	RISK-04-APPROVE-001	62c2c50e3c0becbe23a686735d1a7e50ed8bce2f3fa23c539d2250b68227c2d7	EMPTY	EMPTY
1b0961a06fe7e07fc8286c7f8bb33f9bdd4d68b2c2ff3ea5a50d06869d06c6bd	PROCESS	53280542142b59179d383425dc3c0376e294312c5bfdef8b3af6e6aaa6dee067	복합발전플랜트설비공사	복합발전플랜트설비공사	SINGLETON	PROMOTED_FROM_SOURCE		DRAFT	1	7192	복합발전플랜트설비공사	PRESERVE_SOURCE_MEMBERSHIP	RISK-04-APPROVE-001	62c2c50e3c0becbe23a686735d1a7e50ed8bce2f3fa23c539d2250b68227c2d7	EMPTY	EMPTY
186d3be8aa0bf1be8b6f1c4bcbe9a855f21aa51479fb9eef4d79caeb6536cb52	PROCESS	53280542142b59179d383425dc3c0376e294312c5bfdef8b3af6e6aaa6dee067	내연발전플랜트설비공사	내연발전플랜트설비공사	SINGLETON	PROMOTED_FROM_SOURCE		DRAFT	1	7193	내연발전플랜트설비공사	PRESERVE_SOURCE_MEMBERSHIP	RISK-04-APPROVE-001	62c2c50e3c0becbe23a686735d1a7e50ed8bce2f3fa23c539d2250b68227c2d7	EMPTY	EMPTY
3bc8a3742a25b63f58f237b909103f8850e5420cbf0681cbc724b69d34be5852	PROCESS	53280542142b59179d383425dc3c0376e294312c5bfdef8b3af6e6aaa6dee067	기력발전플랜트설비공사	기력발전플랜트설비공사	SINGLETON	PROMOTED_FROM_SOURCE		DRAFT	1	7194	기력발전플랜트설비공사	PRESERVE_SOURCE_MEMBERSHIP	RISK-04-APPROVE-001	62c2c50e3c0becbe23a686735d1a7e50ed8bce2f3fa23c539d2250b68227c2d7	EMPTY	EMPTY
51eac0e33b791db42cede4366d9f9c5281e9a7e2581ea52906ed204a985bae0f	PROCESS	53280542142b59179d383425dc3c0376e294312c5bfdef8b3af6e6aaa6dee067	양수발전플랜트설비공사	양수발전플랜트설비공사	SINGLETON	PROMOTED_FROM_SOURCE		DRAFT	1	7195	양수발전플랜트설비공사	PRESERVE_SOURCE_MEMBERSHIP	RISK-04-APPROVE-001	62c2c50e3c0becbe23a686735d1a7e50ed8bce2f3fa23c539d2250b68227c2d7	EMPTY	EMPTY
9a39c7bde11d3fd06aecbcec512e2efc39ef79eb682317ce5b1ea1a5145b159c	PROCESS	963d897e29491a4fb7baa586dc5287b483604d5c1d168aa8127bd9ce01cb22ef	쓰레기관로이송및중계처리시설설비공사	쓰레기관로이송및중계처리시설설비공사	SINGLETON	PROMOTED_FROM_SOURCE		DRAFT	1	7321	쓰레기관로이송및중계처리시설설비공사	PRESERVE_SOURCE_MEMBERSHIP	RISK-04-APPROVE-001	62c2c50e3c0becbe23a686735d1a7e50ed8bce2f3fa23c539d2250b68227c2d7	EMPTY	EMPTY
873d12a3de49c9a3ae7d4050db25086216067cab7f42d8fc685e7dc7cc0cdc00	PROCESS	6c2da1062cabb941946777b7381ec0ec9bd0ee98bf97ec5c2dd234d3b19b5b7d	석회석운반및석회석슬러리제조설비공사	석회석운반및석회석슬러리제조설비공사	SINGLETON	PROMOTED_FROM_SOURCE		DRAFT	1	7353	석회석운반및석회석슬러리제조설비공사	PRESERVE_SOURCE_MEMBERSHIP	RISK-04-APPROVE-001	62c2c50e3c0becbe23a686735d1a7e50ed8bce2f3fa23c539d2250b68227c2d7	EMPTY	EMPTY
6f4949d80d1fadfc4dcba9a9d846d5004b7b6c90b6a41b6775522ea817108d5f	PROCESS	6c2da1062cabb941946777b7381ec0ec9bd0ee98bf97ec5c2dd234d3b19b5b7d	석고탈수및취급설비공사	석고탈수및취급설비공사	SINGLETON	PROMOTED_FROM_SOURCE		DRAFT	1	7354	석고탈수및취급설비공사	PRESERVE_SOURCE_MEMBERSHIP	RISK-04-APPROVE-001	62c2c50e3c0becbe23a686735d1a7e50ed8bce2f3fa23c539d2250b68227c2d7	EMPTY	EMPTY
3b30a9e8338674fb5c9f74f38162a2ecbf9fcf60a84d39517946a883aaf07f74	TASK	3e480e6d1bd58bafcf3e792750f017666225871117ca38e32831b78babe7ed21	탈질설비기기류설치공사	탈질설비기기류설치공사	SINGLETON	PROMOTED_FROM_SOURCE		DRAFT	1	7361	탈질설비기기류설치공사	PRESERVE_SOURCE_MEMBERSHIP	RISK-04-APPROVE-001	62c2c50e3c0becbe23a686735d1a7e50ed8bce2f3fa23c539d2250b68227c2d7	EMPTY	EMPTY
cd89aeefdc6c098061130e1078035c7ca73df57c92e44e8f80a241ba6592a94b	TASK	3e480e6d1bd58bafcf3e792750f017666225871117ca38e32831b78babe7ed21	탈질설비덕트류설치공사	탈질설비덕트류설치공사	SINGLETON	PROMOTED_FROM_SOURCE		DRAFT	1	7362	탈질설비덕트류설치공사	PRESERVE_SOURCE_MEMBERSHIP	RISK-04-APPROVE-001	62c2c50e3c0becbe23a686735d1a7e50ed8bce2f3fa23c539d2250b68227c2d7	EMPTY	EMPTY
dea1a8767ece4d0b53bad27167bf5d391d03488126c23f1e14512b88cd085108	TASK	3e480e6d1bd58bafcf3e792750f017666225871117ca38e32831b78babe7ed21	탈질설비Support류설치공사	탈질설비Support류설치공사	SINGLETON	PROMOTED_FROM_SOURCE		DRAFT	1	7363	탈질설비Support류설치공사	PRESERVE_SOURCE_MEMBERSHIP	RISK-04-APPROVE-001	62c2c50e3c0becbe23a686735d1a7e50ed8bce2f3fa23c539d2250b68227c2d7	EMPTY	EMPTY
aede2ad79f2b96eadbc125d70e762d98f5f9149060ed35b45e2f7094b07fd5bf	TASK	c48a126442b60fe1ca9b87047b589a1c9ca457cce2a3e4c118ea409857fe9178	전기집진기설비본체설치공사	전기집진기설비본체설치공사	SINGLETON	PROMOTED_FROM_SOURCE		DRAFT	1	7371	전기집진기설비본체설치공사	PRESERVE_SOURCE_MEMBERSHIP	RISK-04-APPROVE-001	62c2c50e3c0becbe23a686735d1a7e50ed8bce2f3fa23c539d2250b68227c2d7	EMPTY	EMPTY
76bc52f6ae14f969d8aed49631d298ab8e349c21761f8b659fc1e006ea952a5f	TASK	c48a126442b60fe1ca9b87047b589a1c9ca457cce2a3e4c118ea409857fe9178	전기집진기설비방풍벽설치공사	전기집진기설비방풍벽설치공사	SINGLETON	PROMOTED_FROM_SOURCE		DRAFT	1	7372	전기집진기설비방풍벽설치공사	PRESERVE_SOURCE_MEMBERSHIP	RISK-04-APPROVE-001	62c2c50e3c0becbe23a686735d1a7e50ed8bce2f3fa23c539d2250b68227c2d7	EMPTY	EMPTY
6dad0af0e4abb6b5647b94c7a4d9fa3159578203d0966cb036eeffa97f5f4a40	TASK	c48a126442b60fe1ca9b87047b589a1c9ca457cce2a3e4c118ea409857fe9178	전기집진기설비Fan Blower류설치공사	전기집진기설비Fan Blower류설치공사	SINGLETON	PROMOTED_FROM_SOURCE		DRAFT	1	7373	전기집진기설비Fan Blower류설치공사	PRESERVE_SOURCE_MEMBERSHIP	RISK-04-APPROVE-001	62c2c50e3c0becbe23a686735d1a7e50ed8bce2f3fa23c539d2250b68227c2d7	EMPTY	EMPTY
e5a38dbccac3816c57d99922d648edff122d0e719853a768e0fe6a716b4ca0e3	TASK	c48a126442b60fe1ca9b87047b589a1c9ca457cce2a3e4c118ea409857fe9178	전기집진기관련부속설비설치공사	전기집진기관련부속설비설치공사	SINGLETON	PROMOTED_FROM_SOURCE		DRAFT	1	7374	전기집진기관련부속설비설치공사	PRESERVE_SOURCE_MEMBERSHIP	RISK-04-APPROVE-001	62c2c50e3c0becbe23a686735d1a7e50ed8bce2f3fa23c539d2250b68227c2d7	EMPTY	EMPTY
88a00cad3d890c3895d15d8a8574648f893837fc15dbf05906c10285b3f6a27e	PROCESS	8d816976ae5c7a16e26a7395911f4a7a85c2a9b517b3affe7c6bab59a35fd3b1	석탄취급설비공사	석탄취급설비공사	SINGLETON	PROMOTED_FROM_SOURCE		DRAFT	1	7391	석탄취급설비공사	PRESERVE_SOURCE_MEMBERSHIP	RISK-04-APPROVE-001	62c2c50e3c0becbe23a686735d1a7e50ed8bce2f3fa23c539d2250b68227c2d7	EMPTY	EMPTY
7566f09b9ed2087f94f2d76f9c8c854c25aba60ac57d4301142bc7dabe1ce1e4	PROCESS	8d816976ae5c7a16e26a7395911f4a7a85c2a9b517b3affe7c6bab59a35fd3b1	회처리설비공사	회처리설비공사	SINGLETON	PROMOTED_FROM_SOURCE		DRAFT	1	7392	회처리설비공사	PRESERVE_SOURCE_MEMBERSHIP	RISK-04-APPROVE-001	62c2c50e3c0becbe23a686735d1a7e50ed8bce2f3fa23c539d2250b68227c2d7	EMPTY	EMPTY
ec7249fb42ce187a8f3b948e9134fd7b53c29a836dc7d281c665f61deab923b7	PROCESS	8d816976ae5c7a16e26a7395911f4a7a85c2a9b517b3affe7c6bab59a35fd3b1	음식물감량화설비공사	음식물감량화설비공사	SINGLETON	PROMOTED_FROM_SOURCE		DRAFT	1	7393	음식물감량화설비공사	PRESERVE_SOURCE_MEMBERSHIP	RISK-04-APPROVE-001	62c2c50e3c0becbe23a686735d1a7e50ed8bce2f3fa23c539d2250b68227c2d7	EMPTY	EMPTY
9b7a52673419298fe57365551c6877fb823b58f43faa9c6a98f4493908965971	PROCESS	e04b0bdea193e90dc8375f29fe1455c07217b68da111c911ed87de115fb32aa4	승객용엘리베이터설비공사	승객용엘리베이터설비공사	SINGLETON	PROMOTED_FROM_SOURCE		DRAFT	1	7421	승객용엘리베이터설비공사	PRESERVE_SOURCE_MEMBERSHIP	RISK-04-APPROVE-001	62c2c50e3c0becbe23a686735d1a7e50ed8bce2f3fa23c539d2250b68227c2d7	EMPTY	EMPTY
8a74e5b89a513d94b1563a8e183fe03bfe87129be0fd5ad1ad5f220075e660ee	PROCESS	e04b0bdea193e90dc8375f29fe1455c07217b68da111c911ed87de115fb32aa4	승객 운수용엘리베이터설비공사	승객 운수용엘리베이터설비공사	SINGLETON	PROMOTED_FROM_SOURCE		DRAFT	1	7422	승객 운수용엘리베이터설비공사	PRESERVE_SOURCE_MEMBERSHIP	RISK-04-APPROVE-001	62c2c50e3c0becbe23a686735d1a7e50ed8bce2f3fa23c539d2250b68227c2d7	EMPTY	EMPTY
88aac20231e7a0c8b7c46368dc81354db3daeb6cc9cdc1c1f433fa206a1df1f3	PROCESS	e04b0bdea193e90dc8375f29fe1455c07217b68da111c911ed87de115fb32aa4	화물용엘리베이터설비공사	화물용엘리베이터설비공사	SINGLETON	PROMOTED_FROM_SOURCE		DRAFT	1	7423	화물용엘리베이터설비공사	PRESERVE_SOURCE_MEMBERSHIP	RISK-04-APPROVE-001	62c2c50e3c0becbe23a686735d1a7e50ed8bce2f3fa23c539d2250b68227c2d7	EMPTY	EMPTY
cc38efdcb70d8a894aa5471bb3ddfc5460c39d6087767e834b38a03d20e906a4	PROCESS	e04b0bdea193e90dc8375f29fe1455c07217b68da111c911ed87de115fb32aa4	차량용엘리베이터설비공사	차량용엘리베이터설비공사	SINGLETON	PROMOTED_FROM_SOURCE		DRAFT	1	7424	차량용엘리베이터설비공사	PRESERVE_SOURCE_MEMBERSHIP	RISK-04-APPROVE-001	62c2c50e3c0becbe23a686735d1a7e50ed8bce2f3fa23c539d2250b68227c2d7	EMPTY	EMPTY
6e5576075ecc093c2d513c809d61bb2707ab0b90564562c6512b8fcb32194148	PROCESS	e04b0bdea193e90dc8375f29fe1455c07217b68da111c911ed87de115fb32aa4	비상용엘리베이터설비공사	비상용엘리베이터설비공사	SINGLETON	PROMOTED_FROM_SOURCE		DRAFT	1	7425	비상용엘리베이터설비공사	PRESERVE_SOURCE_MEMBERSHIP	RISK-04-APPROVE-001	62c2c50e3c0becbe23a686735d1a7e50ed8bce2f3fa23c539d2250b68227c2d7	EMPTY	EMPTY
3afe2acd72145c2e39d40a59120dacc733c9f5aa64af5801e05c4942f2a7facf	PROCESS	e04b0bdea193e90dc8375f29fe1455c07217b68da111c911ed87de115fb32aa4	특수용엘리베이터설비공사	특수용엘리베이터설비공사	SINGLETON	PROMOTED_FROM_SOURCE		DRAFT	1	7426	특수용엘리베이터설비공사	PRESERVE_SOURCE_MEMBERSHIP	RISK-04-APPROVE-001	62c2c50e3c0becbe23a686735d1a7e50ed8bce2f3fa23c539d2250b68227c2d7	EMPTY	EMPTY
4fe33214fdf94a684ad64d5c4691664580af7cadc51077616eeb9d1d436ad736	PROCESS	ea3245b5faef0b7303958cb6edf84282597a4097f744cdd21ca50331f45cf375	에스컬레이터설비공사	에스컬레이터설비공사	SINGLETON	PROMOTED_FROM_SOURCE		DRAFT	1	7431	에스컬레이터설비공사	PRESERVE_SOURCE_MEMBERSHIP	RISK-04-APPROVE-001	62c2c50e3c0becbe23a686735d1a7e50ed8bce2f3fa23c539d2250b68227c2d7	EMPTY	EMPTY
0cdb425a3e377b8fef8b65832a2e55732b18d244bbc3cc31298f56150ea18110	PROCESS	ea3245b5faef0b7303958cb6edf84282597a4097f744cdd21ca50331f45cf375	이동보행로설비공사	이동보행로설비공사	SINGLETON	PROMOTED_FROM_SOURCE		DRAFT	1	7432	이동보행로설비공사	PRESERVE_SOURCE_MEMBERSHIP	RISK-04-APPROVE-001	62c2c50e3c0becbe23a686735d1a7e50ed8bce2f3fa23c539d2250b68227c2d7	EMPTY	EMPTY
364024c20fde203971b02a0cb803eba0a354f964de9e6360f8b0af55e20c9a21	PROCESS	5e682e1a14ffa5335918ecbb9d5a443b3ab5206f71a519364d3784dbe1a927b6	덤웨이터설비공사	덤웨이터설비공사	SINGLETON	PROMOTED_FROM_SOURCE		DRAFT	1	7441	덤웨이터설비공사	PRESERVE_SOURCE_MEMBERSHIP	RISK-04-APPROVE-001	62c2c50e3c0becbe23a686735d1a7e50ed8bce2f3fa23c539d2250b68227c2d7	EMPTY	EMPTY
7e6f958608008823b4dbe72a4599a7e6b7321c13e91d62e743f9fa9ab0f5d7a7	PROCESS	c129d70ee17ee7e20aba9c21cae92da3fe0fddc46001c4e36396b34ff8f1e49c	지역열공급설비설비공사	지역열공급설비설비공사	SINGLETON	PROMOTED_FROM_SOURCE		DRAFT	1	7631	지역열공급설비설비공사	PRESERVE_SOURCE_MEMBERSHIP	RISK-04-APPROVE-001	62c2c50e3c0becbe23a686735d1a7e50ed8bce2f3fa23c539d2250b68227c2d7	EMPTY	EMPTY
fdddc3011b2e5e91f80ad0bcb66843f5a011dd5cacda4a2ea063150604cc212e	PROCESS	082742d404d587bd5bec7873781faf224ccd9811d3ee56edbfbf8e6dacc79dfc	도시가스공급설비공사	도시가스공급설비공사	SINGLETON	PROMOTED_FROM_SOURCE		DRAFT	1	7641	도시가스공급설비공사	PRESERVE_SOURCE_MEMBERSHIP	RISK-04-APPROVE-001	62c2c50e3c0becbe23a686735d1a7e50ed8bce2f3fa23c539d2250b68227c2d7	EMPTY	EMPTY
a682d557b6a78b6caafd2396dc6436e8ee1b59787079e5296a9e8bb5a9e71ef4	PROCESS	9ead7eca263c3ca000604b0a36fbebb288791c272bedcb2fccaa46f051ad105a	연료처리설비공사	연료처리설비공사	SINGLETON	PROMOTED_FROM_SOURCE		DRAFT	1	7651	연료처리설비공사	PRESERVE_SOURCE_MEMBERSHIP	RISK-04-APPROVE-001	62c2c50e3c0becbe23a686735d1a7e50ed8bce2f3fa23c539d2250b68227c2d7	EMPTY	EMPTY
96dc6b9da041456d3d0bea04bafc870c51d62871c14f0bc548d407e3c336726c	PROCESS	7a665c11748c42341077fd9afd02a35c4c5393995913074b384079703b592772	전기․통신공사관련건설및연관공사	전기․통신공사관련건설및연관공사	SINGLETON	PROMOTED_FROM_SOURCE		DRAFT	1	8131	전기․통신공사관련건설및연관공사	PRESERVE_SOURCE_MEMBERSHIP	RISK-04-APPROVE-001	62c2c50e3c0becbe23a686735d1a7e50ed8bce2f3fa23c539d2250b68227c2d7	EMPTY	EMPTY
528de8efb0840c315f168b4ffea153ef7887ca9961642a62b55df059af47d1aa	PROCESS	7a665c11748c42341077fd9afd02a35c4c5393995913074b384079703b592772	전기․통신공사관련철물류연관공사	전기․통신공사관련철물류연관공사	SINGLETON	PROMOTED_FROM_SOURCE		DRAFT	1	8132	전기․통신공사관련철물류연관공사	PRESERVE_SOURCE_MEMBERSHIP	RISK-04-APPROVE-001	62c2c50e3c0becbe23a686735d1a7e50ed8bce2f3fa23c539d2250b68227c2d7	EMPTY	EMPTY
655eb6ff819d7c70b48dea965d976609af6d46bd97a4661de19acf6862a53edc	TASK	7a665c11748c42341077fd9afd02a35c4c5393995913074b384079703b592772	전기․통신공사관련도장및방청공사	전기․통신공사관련도장및방청공사	SINGLETON	PROMOTED_FROM_SOURCE		DRAFT	1	8134	전기․통신공사관련도장및방청공사	PRESERVE_SOURCE_MEMBERSHIP	RISK-04-APPROVE-001	62c2c50e3c0becbe23a686735d1a7e50ed8bce2f3fa23c539d2250b68227c2d7	EMPTY	EMPTY
a8caecc447913aa89a4d072903f94dc230ecf34cd0a1d6b3cfb9fd9f88862406	TASK	2337a9fc8be1675e79588fcde679eab1aba3ca8cc1088817afd912b0beffdc50	배전설비별기기류설치공사	배전설비별기기류설치공사	SINGLETON	PROMOTED_FROM_SOURCE		DRAFT	1	8221	배전설비별기기류설치공사	PRESERVE_SOURCE_MEMBERSHIP	RISK-04-APPROVE-001	62c2c50e3c0becbe23a686735d1a7e50ed8bce2f3fa23c539d2250b68227c2d7	EMPTY	EMPTY
fbc4319f189d188315154cac4955eb20fbfd36586f627182fb6839e38aa826fb	PROCESS	9c5d076acd3550d07d3b8d5e161a39d20bc03992a7d1c3a04b07f92d854efb99	변전설비공사	변전설비공사	SINGLETON	PROMOTED_FROM_SOURCE		DRAFT	1	8232	변전설비공사	PRESERVE_SOURCE_MEMBERSHIP	RISK-04-APPROVE-001	62c2c50e3c0becbe23a686735d1a7e50ed8bce2f3fa23c539d2250b68227c2d7	EMPTY	EMPTY
5b0c491d79c2961252f6cfaed81d9afdb1365e7369383218272c848c6e28b393	PROCESS	9c5d076acd3550d07d3b8d5e161a39d20bc03992a7d1c3a04b07f92d854efb99	큐비클및차단설비공사	큐비클및차단설비공사	SINGLETON	PROMOTED_FROM_SOURCE		DRAFT	1	8233	큐비클및차단설비공사	PRESERVE_SOURCE_MEMBERSHIP	RISK-04-APPROVE-001	62c2c50e3c0becbe23a686735d1a7e50ed8bce2f3fa23c539d2250b68227c2d7	EMPTY	EMPTY
a130e3893ef000004cc018294024d19d6bcf57e944e45dc9a85f0eaa66a0a8dd	PROCESS	9c5d076acd3550d07d3b8d5e161a39d20bc03992a7d1c3a04b07f92d854efb99	조상설비공사	조상설비공사	SINGLETON	PROMOTED_FROM_SOURCE		DRAFT	1	8234	조상설비공사	PRESERVE_SOURCE_MEMBERSHIP	RISK-04-APPROVE-001	62c2c50e3c0becbe23a686735d1a7e50ed8bce2f3fa23c539d2250b68227c2d7	EMPTY	EMPTY
003eaf9dda9402b198884bef6cce22c05f84422ba4dee38f5d0231aa6efe9320	PROCESS	9c5d076acd3550d07d3b8d5e161a39d20bc03992a7d1c3a04b07f92d854efb99	모선공사	모선공사	SINGLETON	PROMOTED_FROM_SOURCE		DRAFT	1	8235	모선공사	PRESERVE_SOURCE_MEMBERSHIP	RISK-04-APPROVE-001	62c2c50e3c0becbe23a686735d1a7e50ed8bce2f3fa23c539d2250b68227c2d7	EMPTY	EMPTY
2eaabb1951fc91282f26c775f3332ed994097e03277f8b60c12e4d3aa1ba7ffc	PROCESS	b669d98511f7e2bfb1e96b16e62a697004f651f201a3cd3c2024d12c39d44efc	카테나리전차선공사	카테나리전차선공사	SINGLETON	PROMOTED_FROM_SOURCE		DRAFT	1	8241	카테나리전차선공사	PRESERVE_SOURCE_MEMBERSHIP	RISK-04-APPROVE-001	62c2c50e3c0becbe23a686735d1a7e50ed8bce2f3fa23c539d2250b68227c2d7	EMPTY	EMPTY
d7544679e250b7429eb5db32d71abedb793a51f521e0c521c48dcce17a80b471	PROCESS	b669d98511f7e2bfb1e96b16e62a697004f651f201a3cd3c2024d12c39d44efc	강체전차선공사	강체전차선공사	SINGLETON	PROMOTED_FROM_SOURCE		DRAFT	1	8242	강체전차선공사	PRESERVE_SOURCE_MEMBERSHIP	RISK-04-APPROVE-001	62c2c50e3c0becbe23a686735d1a7e50ed8bce2f3fa23c539d2250b68227c2d7	EMPTY	EMPTY
043b3ffe3d31e04feab3c5b053abe66ec7abd652ce16356687d70bd14e47f448	PROCESS	bb852d3b868968a790e5faeaa029a52b75470c19cdadbc3efa7b19e185368a67	무정전공사	무정전공사	SINGLETON	PROMOTED_FROM_SOURCE		DRAFT	1	8251	무정전공사	PRESERVE_SOURCE_MEMBERSHIP	RISK-04-APPROVE-001	62c2c50e3c0becbe23a686735d1a7e50ed8bce2f3fa23c539d2250b68227c2d7	EMPTY	EMPTY
17a9c93d75cc36267bd10b578af84023fe23084d6d75b2637ab064f444560119	TASK	bb852d3b868968a790e5faeaa029a52b75470c19cdadbc3efa7b19e185368a67	전동기설치공사	전동기설치공사	SINGLETON	PROMOTED_FROM_SOURCE		DRAFT	1	8252	전동기설치공사	PRESERVE_SOURCE_MEMBERSHIP	RISK-04-APPROVE-001	62c2c50e3c0becbe23a686735d1a7e50ed8bce2f3fa23c539d2250b68227c2d7	EMPTY	EMPTY
9639d7971467192f06fc113457fe21511cf98a21d427338a166c1a87f3c9f8a3	PROCESS	30c5c5b7582a14cbbfd22cf36f874b71b3c0631edbf44c07f05d4e6702817359	옥내조명설비공사	옥내조명설비공사	SINGLETON	PROMOTED_FROM_SOURCE		DRAFT	1	8321	옥내조명설비공사	PRESERVE_SOURCE_MEMBERSHIP	RISK-04-APPROVE-001	62c2c50e3c0becbe23a686735d1a7e50ed8bce2f3fa23c539d2250b68227c2d7	EMPTY	EMPTY
94dbd39d0a661ec285ae502b113f412ab676095281f9088ccbddb124dbc218c0	PROCESS	30c5c5b7582a14cbbfd22cf36f874b71b3c0631edbf44c07f05d4e6702817359	옥외조명설비공사	옥외조명설비공사	SINGLETON	PROMOTED_FROM_SOURCE		DRAFT	1	8322	옥외조명설비공사	PRESERVE_SOURCE_MEMBERSHIP	RISK-04-APPROVE-001	62c2c50e3c0becbe23a686735d1a7e50ed8bce2f3fa23c539d2250b68227c2d7	EMPTY	EMPTY
eccaf9e55638127a8af8f2c0a01b6995a43f3084a4d0f4803a96ada4ffb79e48	PROCESS	30c5c5b7582a14cbbfd22cf36f874b71b3c0631edbf44c07f05d4e6702817359	비상조명설비공사	비상조명설비공사	SINGLETON	PROMOTED_FROM_SOURCE		DRAFT	1	8323	비상조명설비공사	PRESERVE_SOURCE_MEMBERSHIP	RISK-04-APPROVE-001	62c2c50e3c0becbe23a686735d1a7e50ed8bce2f3fa23c539d2250b68227c2d7	EMPTY	EMPTY
bd96ea245dcd0d67f943bb72c5d3cee7c47acdcfa8ccbdb4a6d6ed7d7c5afcf3	PROCESS	30c5c5b7582a14cbbfd22cf36f874b71b3c0631edbf44c07f05d4e6702817359	특수조명설비공사	특수조명설비공사	SINGLETON	PROMOTED_FROM_SOURCE		DRAFT	1	8324	특수조명설비공사	PRESERVE_SOURCE_MEMBERSHIP	RISK-04-APPROVE-001	62c2c50e3c0becbe23a686735d1a7e50ed8bce2f3fa23c539d2250b68227c2d7	EMPTY	EMPTY
453ca95f3e1c221aea9b4485a913a0983c2da8724d7a8628a06658bcfd70753c	TASK	49c4e35e62f053db17c69cb10cd3c568cf26fe18d5ce579d0e78ce4391f2359e	동력용전동기설치공사	동력용전동기설치공사	SINGLETON	PROMOTED_FROM_SOURCE		DRAFT	1	8331	동력용전동기설치공사	PRESERVE_SOURCE_MEMBERSHIP	RISK-04-APPROVE-001	62c2c50e3c0becbe23a686735d1a7e50ed8bce2f3fa23c539d2250b68227c2d7	EMPTY	EMPTY
4187315acccc49bae2cb4f58816c58adeed189853b1a963e41cc99582cf21b0c	PROCESS	49c4e35e62f053db17c69cb10cd3c568cf26fe18d5ce579d0e78ce4391f2359e	구내동력설비공사	구내동력설비공사	SINGLETON	PROMOTED_FROM_SOURCE		DRAFT	1	8332	구내동력설비공사	PRESERVE_SOURCE_MEMBERSHIP	RISK-04-APPROVE-001	62c2c50e3c0becbe23a686735d1a7e50ed8bce2f3fa23c539d2250b68227c2d7	EMPTY	EMPTY
3e7c67efdbb7152cd11ec523a6bc363de9eceef4946d5664e23c530dd4222e9e	PROCESS	8da91d7b42ed495727ee36b4fb2f04b0716b798136eebc272c12941d475071bc	표시설비공사	표시설비공사	SINGLETON	PROMOTED_FROM_SOURCE		DRAFT	1	8421	표시설비공사	PRESERVE_SOURCE_MEMBERSHIP	RISK-04-APPROVE-001	62c2c50e3c0becbe23a686735d1a7e50ed8bce2f3fa23c539d2250b68227c2d7	EMPTY	EMPTY
aabd22132b845daa0eb0b2e58111475d04d53f6ba847cb3b267950eac5686a71	PROCESS	8da91d7b42ed495727ee36b4fb2f04b0716b798136eebc272c12941d475071bc	시계설비공사	시계설비공사	SINGLETON	PROMOTED_FROM_SOURCE		DRAFT	1	8422	시계설비공사	PRESERVE_SOURCE_MEMBERSHIP	RISK-04-APPROVE-001	62c2c50e3c0becbe23a686735d1a7e50ed8bce2f3fa23c539d2250b68227c2d7	EMPTY	EMPTY
dff26e746a25e20aef246119a77c0b0bc445a522b50883ab1fadec33d82fe86d	PROCESS	8da91d7b42ed495727ee36b4fb2f04b0716b798136eebc272c12941d475071bc	시보설비공사	시보설비공사	SINGLETON	PROMOTED_FROM_SOURCE		DRAFT	1	8423	시보설비공사	PRESERVE_SOURCE_MEMBERSHIP	RISK-04-APPROVE-001	62c2c50e3c0becbe23a686735d1a7e50ed8bce2f3fa23c539d2250b68227c2d7	EMPTY	EMPTY
cf6602706da46ce6239cc2d28d0257bf2ea62aa092f0326b2e1409ff8b23e502	PROCESS	8da91d7b42ed495727ee36b4fb2f04b0716b798136eebc272c12941d475071bc	확성설비공사	확성설비공사	SINGLETON	PROMOTED_FROM_SOURCE		DRAFT	1	8424	확성설비공사	PRESERVE_SOURCE_MEMBERSHIP	RISK-04-APPROVE-001	62c2c50e3c0becbe23a686735d1a7e50ed8bce2f3fa23c539d2250b68227c2d7	EMPTY	EMPTY
16f5e42849b77306ed2922adf4c9bae35b6849bdb7b497098cc7ee5532e585cd	PROCESS	8da91d7b42ed495727ee36b4fb2f04b0716b798136eebc272c12941d475071bc	동시통역설비공사	동시통역설비공사	SINGLETON	PROMOTED_FROM_SOURCE		DRAFT	1	8425	동시통역설비공사	PRESERVE_SOURCE_MEMBERSHIP	RISK-04-APPROVE-001	62c2c50e3c0becbe23a686735d1a7e50ed8bce2f3fa23c539d2250b68227c2d7	EMPTY	EMPTY
cf2c9a0f9b8acc3da94b43d1099f39b7cee4fcf8d0bfbe648a377d0caf244a5b	PROCESS	fd90a2258372539070e5c4d06e5daffb0d65f1d72c4db6f0b2a9cc04d473c76c	라디오공청설비공사	라디오공청설비공사	SINGLETON	PROMOTED_FROM_SOURCE		DRAFT	1	8431	라디오공청설비공사	PRESERVE_SOURCE_MEMBERSHIP	RISK-04-APPROVE-001	62c2c50e3c0becbe23a686735d1a7e50ed8bce2f3fa23c539d2250b68227c2d7	EMPTY	EMPTY
16c1ccdac27ec92c8c4395825a0e62d82d789259e804956f0eefa238d7aad8e3	PROCESS	fd90a2258372539070e5c4d06e5daffb0d65f1d72c4db6f0b2a9cc04d473c76c	유선방송설비공사	유선방송설비공사	SINGLETON	PROMOTED_FROM_SOURCE		DRAFT	1	8433	유선방송설비공사	PRESERVE_SOURCE_MEMBERSHIP	RISK-04-APPROVE-001	62c2c50e3c0becbe23a686735d1a7e50ed8bce2f3fa23c539d2250b68227c2d7	EMPTY	EMPTY
6475b171fcff512335d59146d1d2e8acfaa9bc40e6118db0b303c5bd2e17002d	PROCESS	fd90a2258372539070e5c4d06e5daffb0d65f1d72c4db6f0b2a9cc04d473c76c	위성방송설비공사	위성방송설비공사	SINGLETON	PROMOTED_FROM_SOURCE		DRAFT	1	8434	위성방송설비공사	PRESERVE_SOURCE_MEMBERSHIP	RISK-04-APPROVE-001	62c2c50e3c0becbe23a686735d1a7e50ed8bce2f3fa23c539d2250b68227c2d7	EMPTY	EMPTY
9047a22f35be556fd0fb2e10ae4b19358c2f2cdbafad6fd5bf69b0325b78f376	PROCESS	f2996f6bafd81f257eb5bb413e1d97fc2d7ef6be46a6c1255c1d8d956c03d4cb	방송설비공사	방송설비공사	SINGLETON	PROMOTED_FROM_SOURCE		DRAFT	1	8441	방송설비공사	PRESERVE_SOURCE_MEMBERSHIP	RISK-04-APPROVE-001	62c2c50e3c0becbe23a686735d1a7e50ed8bce2f3fa23c539d2250b68227c2d7	EMPTY	EMPTY
87c3b7ef08274dbdfc8665bd10be51ead22a447654795546d7c4c54d0a0f128d	PROCESS	04231490c811112bfa29c7d4e4cbf080a670678d9274cc503da398283540555e	유선통신망설비공사	유선통신망설비공사	SINGLETON	PROMOTED_FROM_SOURCE		DRAFT	1	8451	유선통신망설비공사	PRESERVE_SOURCE_MEMBERSHIP	RISK-04-APPROVE-001	62c2c50e3c0becbe23a686735d1a7e50ed8bce2f3fa23c539d2250b68227c2d7	EMPTY	EMPTY
a34c5c2ea5ca05f69d23329fb0286a70e9477e90844001d868313a3c6e7bcbc0	PROCESS	04231490c811112bfa29c7d4e4cbf080a670678d9274cc503da398283540555e	무선통신설비공사	무선통신설비공사	SINGLETON	PROMOTED_FROM_SOURCE		DRAFT	1	8452	무선통신설비공사	PRESERVE_SOURCE_MEMBERSHIP	RISK-04-APPROVE-001	62c2c50e3c0becbe23a686735d1a7e50ed8bce2f3fa23c539d2250b68227c2d7	EMPTY	EMPTY
643565f1fa4e5de498564b5eb8beacd847bb612f47d8698e235398e02e657ee5	PROCESS	94a9dd9c23196c6b60f5e22b9d7abec4c68f8c467149fa9c91b138ce683130e2	도시철도자동요금수납설비공사	도시철도자동요금수납설비공사	SINGLETON	PROMOTED_FROM_SOURCE		DRAFT	1	8461	도시철도자동요금수납설비공사	PRESERVE_SOURCE_MEMBERSHIP	RISK-04-APPROVE-001	62c2c50e3c0becbe23a686735d1a7e50ed8bce2f3fa23c539d2250b68227c2d7	EMPTY	EMPTY
82fed8bc2b4eacf8efe1551ff78dade04d8895e4c480c8e60ded2642421090eb	PROCESS	94a9dd9c23196c6b60f5e22b9d7abec4c68f8c467149fa9c91b138ce683130e2	건물자동화통신설비공사	건물자동화통신설비공사	SINGLETON	PROMOTED_FROM_SOURCE		DRAFT	1	8462	건물자동화통신설비공사	PRESERVE_SOURCE_MEMBERSHIP	RISK-04-APPROVE-001	62c2c50e3c0becbe23a686735d1a7e50ed8bce2f3fa23c539d2250b68227c2d7	EMPTY	EMPTY
b59966443fb70448f3661026bd31185fd70c3474ea022bbae3de0f15d2cf1603	PROCESS	94a9dd9c23196c6b60f5e22b9d7abec4c68f8c467149fa9c91b138ce683130e2	원격검침설비공사	원격검침설비공사	SINGLETON	PROMOTED_FROM_SOURCE		DRAFT	1	8463	원격검침설비공사	PRESERVE_SOURCE_MEMBERSHIP	RISK-04-APPROVE-001	62c2c50e3c0becbe23a686735d1a7e50ed8bce2f3fa23c539d2250b68227c2d7	EMPTY	EMPTY
4e9f51f3fd7b769c2791495d1f1b9c265aae50ebfd9b385d4532d125836c849a	PROCESS	f9ca32ca030b7a7fdf1e1d0d815a9a452344402b5b9c2c6900d619510def900a	자동화재속보설비공사	자동화재속보설비공사	SINGLETON	PROMOTED_FROM_SOURCE		DRAFT	1	8512	자동화재속보설비공사	PRESERVE_SOURCE_MEMBERSHIP	RISK-04-APPROVE-001	62c2c50e3c0becbe23a686735d1a7e50ed8bce2f3fa23c539d2250b68227c2d7	EMPTY	EMPTY
53dd3cd0b4663f1e0bf4e6a333f44c21d7502d90b94cce5a2df8b855be49295e	PROCESS	f9ca32ca030b7a7fdf1e1d0d815a9a452344402b5b9c2c6900d619510def900a	자동화재경보기설비공사	자동화재경보기설비공사	SINGLETON	PROMOTED_FROM_SOURCE		DRAFT	1	8513	자동화재경보기설비공사	PRESERVE_SOURCE_MEMBERSHIP	RISK-04-APPROVE-001	62c2c50e3c0becbe23a686735d1a7e50ed8bce2f3fa23c539d2250b68227c2d7	EMPTY	EMPTY
242c829e4ef589a7c4b3f2485ed9749b06b4406f5e244dbb81f3556139e5c57a	PROCESS	f9ca32ca030b7a7fdf1e1d0d815a9a452344402b5b9c2c6900d619510def900a	누전경보기설비공사	누전경보기설비공사	SINGLETON	PROMOTED_FROM_SOURCE		DRAFT	1	8514	누전경보기설비공사	PRESERVE_SOURCE_MEMBERSHIP	RISK-04-APPROVE-001	62c2c50e3c0becbe23a686735d1a7e50ed8bce2f3fa23c539d2250b68227c2d7	EMPTY	EMPTY
b049b96acab99c4df484fca742929b86b432532fef97d66025f4dd949260a5c2	PROCESS	f9ca32ca030b7a7fdf1e1d0d815a9a452344402b5b9c2c6900d619510def900a	비상경보설비및비상방송설비공사	비상경보설비및비상방송설비공사	SINGLETON	PROMOTED_FROM_SOURCE		DRAFT	1	8515	비상경보설비및비상방송설비공사	PRESERVE_SOURCE_MEMBERSHIP	RISK-04-APPROVE-001	62c2c50e3c0becbe23a686735d1a7e50ed8bce2f3fa23c539d2250b68227c2d7	EMPTY	EMPTY
25b9b9849245abb1c0934b542f6d0540e91c9802cfa4097e903c64119c86bf17	PROCESS	f9ca32ca030b7a7fdf1e1d0d815a9a452344402b5b9c2c6900d619510def900a	유도등및유도표지설비공사	유도등및유도표지설비공사	SINGLETON	PROMOTED_FROM_SOURCE		DRAFT	1	8516	유도등및유도표지설비공사	PRESERVE_SOURCE_MEMBERSHIP	RISK-04-APPROVE-001	62c2c50e3c0becbe23a686735d1a7e50ed8bce2f3fa23c539d2250b68227c2d7	EMPTY	EMPTY
e25c6f4fdba97917d1a8ae02f9298a4df162ffd96b343166dfa8376ea7e84151	PROCESS	f9ca32ca030b7a7fdf1e1d0d815a9a452344402b5b9c2c6900d619510def900a	무선통신보조설비공사	무선통신보조설비공사	SINGLETON	PROMOTED_FROM_SOURCE		DRAFT	1	8517	무선통신보조설비공사	PRESERVE_SOURCE_MEMBERSHIP	RISK-04-APPROVE-001	62c2c50e3c0becbe23a686735d1a7e50ed8bce2f3fa23c539d2250b68227c2d7	EMPTY	EMPTY
251a7c36a4536629d6b74e12539bb04d2f44c4e1fd97b8ade5ddcf71c1d27eb7	TASK	f9ca32ca030b7a7fdf1e1d0d815a9a452344402b5b9c2c6900d619510def900a	소방전기설비개별기기설치공사	소방전기설비개별기기설치공사	SINGLETON	PROMOTED_FROM_SOURCE		DRAFT	1	8518	소방전기설비개별기기설치공사	PRESERVE_SOURCE_MEMBERSHIP	RISK-04-APPROVE-001	62c2c50e3c0becbe23a686735d1a7e50ed8bce2f3fa23c539d2250b68227c2d7	EMPTY	EMPTY
3ff2558c80cffa3a008da6353c2dd9b22c1d0135d687d77b1b3d7da44da2e210	PROCESS	c9c24e10dd9da5cc97f2759cb026e93a4fcdf6d9824dc3d76e9769c3ecf10552	감시카메라설비공사	감시카메라설비공사	SINGLETON	PROMOTED_FROM_SOURCE		DRAFT	1	8521	감시카메라설비공사	PRESERVE_SOURCE_MEMBERSHIP	RISK-04-APPROVE-001	62c2c50e3c0becbe23a686735d1a7e50ed8bce2f3fa23c539d2250b68227c2d7	EMPTY	EMPTY
2a5b98b79e359150f55814424a3f0134818c793a353577f008dc17ad6ebfbb4e	PROCESS	c9c24e10dd9da5cc97f2759cb026e93a4fcdf6d9824dc3d76e9769c3ecf10552	방범설비공사	방범설비공사	SINGLETON	PROMOTED_FROM_SOURCE		DRAFT	1	8522	방범설비공사	PRESERVE_SOURCE_MEMBERSHIP	RISK-04-APPROVE-001	62c2c50e3c0becbe23a686735d1a7e50ed8bce2f3fa23c539d2250b68227c2d7	EMPTY	EMPTY
78e7b7ef18b0b9c62ea2cd8a2004514774ae0432271adf024c5ab70f97370fd7	PROCESS	c9c24e10dd9da5cc97f2759cb026e93a4fcdf6d9824dc3d76e9769c3ecf10552	입퇴실관리설비공사	입퇴실관리설비공사	SINGLETON	PROMOTED_FROM_SOURCE		DRAFT	1	8523	입퇴실관리설비공사	PRESERVE_SOURCE_MEMBERSHIP	RISK-04-APPROVE-001	62c2c50e3c0becbe23a686735d1a7e50ed8bce2f3fa23c539d2250b68227c2d7	EMPTY	EMPTY
0295a021468c0e508ae9dc756be46b4ca710d24af753e3fe314873eed255570c	PROCESS	97ae6dbb7b94a38810c359dc83a9e0600e88c972c2fb79369582072e6c0829ec	피뢰설비공사	피뢰설비공사	SINGLETON	PROMOTED_FROM_SOURCE		DRAFT	1	8531	피뢰설비공사	PRESERVE_SOURCE_MEMBERSHIP	RISK-04-APPROVE-001	62c2c50e3c0becbe23a686735d1a7e50ed8bce2f3fa23c539d2250b68227c2d7	EMPTY	EMPTY
47de21d638c3c0d55e1fa9ee70f4839ba86f53c8c933ba0588dfe7c7711cbbb0	PROCESS	97ae6dbb7b94a38810c359dc83a9e0600e88c972c2fb79369582072e6c0829ec	접지설비공사	접지설비공사	SINGLETON	PROMOTED_FROM_SOURCE		DRAFT	1	8532	접지설비공사	PRESERVE_SOURCE_MEMBERSHIP	RISK-04-APPROVE-001	62c2c50e3c0becbe23a686735d1a7e50ed8bce2f3fa23c539d2250b68227c2d7	EMPTY	EMPTY
e89a865cc374cb3aa7ad53e2ff0adc8cb283e57fc38f800c9aab7e4ae9f64794	PROCESS	e843d46a47bfb8c3bc0602eef10dc3c13e7e2660de0b7acba1d32ff7057f2ed0	항공장해등전기설비공사	항공장해등전기설비공사	SINGLETON	PROMOTED_FROM_SOURCE		DRAFT	1	8551	항공장해등전기설비공사	PRESERVE_SOURCE_MEMBERSHIP	RISK-04-APPROVE-001	62c2c50e3c0becbe23a686735d1a7e50ed8bce2f3fa23c539d2250b68227c2d7	EMPTY	EMPTY
922d975a07d0e6322373256c1a5785e2060fa9690d8c56a0241cf9d0027e82d8	PROCESS	dedf7ae4d0b0d778516158b7936e107774dc1d648fee00951a5b60552aa2d086	조명제어설비공사	조명제어설비공사	SINGLETON	PROMOTED_FROM_SOURCE		DRAFT	1	8612	조명제어설비공사	PRESERVE_SOURCE_MEMBERSHIP	RISK-04-APPROVE-001	62c2c50e3c0becbe23a686735d1a7e50ed8bce2f3fa23c539d2250b68227c2d7	EMPTY	EMPTY
a119b8b56a487799a4f3273a38a1fbe8ee917b24738efd230cb90d2a46f35cd9	PROCESS	dedf7ae4d0b0d778516158b7936e107774dc1d648fee00951a5b60552aa2d086	전력제어설비공사	전력제어설비공사	SINGLETON	PROMOTED_FROM_SOURCE		DRAFT	1	8613	전력제어설비공사	PRESERVE_SOURCE_MEMBERSHIP	RISK-04-APPROVE-001	62c2c50e3c0becbe23a686735d1a7e50ed8bce2f3fa23c539d2250b68227c2d7	EMPTY	EMPTY
83e31d1f5a4324c6a8f98528d8540554ebb5f8a1c0100a74bb2b66675669b90b	PROCESS	dedf7ae4d0b0d778516158b7936e107774dc1d648fee00951a5b60552aa2d086	승강기제어설비공사	승강기제어설비공사	SINGLETON	PROMOTED_FROM_SOURCE		DRAFT	1	8614	승강기제어설비공사	PRESERVE_SOURCE_MEMBERSHIP	RISK-04-APPROVE-001	62c2c50e3c0becbe23a686735d1a7e50ed8bce2f3fa23c539d2250b68227c2d7	EMPTY	EMPTY
a7d7618053394d8d656b22e6f89c231982986e4bbb5e32044d045b2ce0cb977c	PROCESS	dedf7ae4d0b0d778516158b7936e107774dc1d648fee00951a5b60552aa2d086	화재감시제어설비공사	화재감시제어설비공사	SINGLETON	PROMOTED_FROM_SOURCE		DRAFT	1	8615	화재감시제어설비공사	PRESERVE_SOURCE_MEMBERSHIP	RISK-04-APPROVE-001	62c2c50e3c0becbe23a686735d1a7e50ed8bce2f3fa23c539d2250b68227c2d7	EMPTY	EMPTY
b5c33d34835ec0f27ca7b3ef633392a5ca93ab667283a11baa495d23055876f2	PROCESS	dedf7ae4d0b0d778516158b7936e107774dc1d648fee00951a5b60552aa2d086	중앙감시제어설비공사	중앙감시제어설비공사	SINGLETON	PROMOTED_FROM_SOURCE		DRAFT	1	8616	중앙감시제어설비공사	PRESERVE_SOURCE_MEMBERSHIP	RISK-04-APPROVE-001	62c2c50e3c0becbe23a686735d1a7e50ed8bce2f3fa23c539d2250b68227c2d7	EMPTY	EMPTY
72693c99195d4a480b6a89968dcec1c8956dd4259d95267be716b2346baeb6c3	PROCESS	dedf7ae4d0b0d778516158b7936e107774dc1d648fee00951a5b60552aa2d086	건축물통합감시설비공사	건축물통합감시설비공사	SINGLETON	PROMOTED_FROM_SOURCE		DRAFT	1	8617	건축물통합감시설비공사	PRESERVE_SOURCE_MEMBERSHIP	RISK-04-APPROVE-001	62c2c50e3c0becbe23a686735d1a7e50ed8bce2f3fa23c539d2250b68227c2d7	EMPTY	EMPTY
50a3e188e5d23e4a7a5e5e4549b086891eac713b43c952e8dadc6550d4babfac	PROCESS	f2845fdbbbc2e76f294d13974254c644ee77c981dbcbc46800ac4544c0b58d13	고층빌딩전기설비공사	고층빌딩전기설비공사	SINGLETON	PROMOTED_FROM_SOURCE		DRAFT	1	8622	고층빌딩전기설비공사	PRESERVE_SOURCE_MEMBERSHIP	RISK-04-APPROVE-001	62c2c50e3c0becbe23a686735d1a7e50ed8bce2f3fa23c539d2250b68227c2d7	EMPTY	EMPTY
c675c9bcdb560a9590c4ea86455344c7913801cdd442a444657c44b3c518e331	PROCESS	5bc3acd70ef94be1828618eb4eee664445fda4b87144a9b0b917ff2c6a19b740	철도전기설비공사	철도전기설비공사	SINGLETON	PROMOTED_FROM_SOURCE		DRAFT	1	8632	철도전기설비공사	PRESERVE_SOURCE_MEMBERSHIP	RISK-04-APPROVE-001	62c2c50e3c0becbe23a686735d1a7e50ed8bce2f3fa23c539d2250b68227c2d7	EMPTY	EMPTY
384f9ba2ed380c5b66a4208e459861782174eb40df48d7dd4654d7b994f8b302	PROCESS	b223c472f28dc1cc03c36e7104f5353323def065f7a948690095bb4a77b40769	발전설비시운전공사	발전설비시운전공사	SINGLETON	PROMOTED_FROM_SOURCE		DRAFT	1	9132	발전설비시운전공사	PRESERVE_SOURCE_MEMBERSHIP	RISK-04-APPROVE-001	62c2c50e3c0becbe23a686735d1a7e50ed8bce2f3fa23c539d2250b68227c2d7	EMPTY	EMPTY
1275c9005a05fa8077d4fd0e63e1975f34cab84c8c435b4a728645ff6e51caec	PROCESS	b223c472f28dc1cc03c36e7104f5353323def065f7a948690095bb4a77b40769	설비별 시스템별시운전공사	설비별 시스템별시운전공사	SINGLETON	PROMOTED_FROM_SOURCE		DRAFT	1	9133	설비별 시스템별시운전공사	PRESERVE_SOURCE_MEMBERSHIP	RISK-04-APPROVE-001	62c2c50e3c0becbe23a686735d1a7e50ed8bce2f3fa23c539d2250b68227c2d7	EMPTY	EMPTY
adf13eaed90ae84aa7ef796afe8576e78d6ec1d1e0caa7640ffe7cc4037fb04a	PROCESS	c61167354764433108d4894a046b286fefe602351bec67471ab7d65883fd461b	전기 통신설비T&C(TestandCommissioning)공사	전기 통신설비T&C(TestandCommissioning)공사	SINGLETON	PROMOTED_FROM_SOURCE		DRAFT	1	9141	전기 통신설비T&C(TestandCommissioning)공사	PRESERVE_SOURCE_MEMBERSHIP	RISK-04-APPROVE-001	62c2c50e3c0becbe23a686735d1a7e50ed8bce2f3fa23c539d2250b68227c2d7	EMPTY	EMPTY
253855a2c57b12618b5570f44de1372f1806b7231f6ae5853959adb8c4715725	PROCESS	c61167354764433108d4894a046b286fefe602351bec67471ab7d65883fd461b	전기 통신설비공통시험 시운전공사	전기 통신설비공통시험 시운전공사	SINGLETON	PROMOTED_FROM_SOURCE		DRAFT	1	9142	전기 통신설비공통시험 시운전공사	PRESERVE_SOURCE_MEMBERSHIP	RISK-04-APPROVE-001	62c2c50e3c0becbe23a686735d1a7e50ed8bce2f3fa23c539d2250b68227c2d7	EMPTY	EMPTY
c7da1487801e1575ef950cc34ab437bdc22e8c98afabfd13808e04e57078ba03	PROCESS	c61167354764433108d4894a046b286fefe602351bec67471ab7d65883fd461b	전기설비시험 시운전공사	전기설비시험 시운전공사	SINGLETON	PROMOTED_FROM_SOURCE		DRAFT	1	9143	전기설비시험 시운전공사	PRESERVE_SOURCE_MEMBERSHIP	RISK-04-APPROVE-001	62c2c50e3c0becbe23a686735d1a7e50ed8bce2f3fa23c539d2250b68227c2d7	EMPTY	EMPTY
40279f6890ceed0db8504fd05c2ef15332580b07b77f8402e444ffec0e7d8fd4	PROCESS	c61167354764433108d4894a046b286fefe602351bec67471ab7d65883fd461b	통신설비시험 시운전공사	통신설비시험 시운전공사	SINGLETON	PROMOTED_FROM_SOURCE		DRAFT	1	9144	통신설비시험 시운전공사	PRESERVE_SOURCE_MEMBERSHIP	RISK-04-APPROVE-001	62c2c50e3c0becbe23a686735d1a7e50ed8bce2f3fa23c539d2250b68227c2d7	EMPTY	EMPTY
