mapping_plan_key	source_id	source_key	source_name	review_concept_key	canonical_id	canonical_name	canonical_kind	canonical_origin_type	mapping_type	mapping_status	mapping_method	evidence_basis	source_context_policy	owner_approval_id	owner_package_sha	canonical_receipt_sha	source_ingest_receipt_sha
ebb21807bb2397349caeaf04ebece3a6c6c43af49561902c171b57569107c804	CIC_W	0112	공사계획	c96ac36c304825c29ee231af7f514ce0ac096e0522815892526a63eb98631e39	882a596c-78dd-4079-ab2c-bad634e529c4	공사계획	PROCESS	PROMOTED_FROM_SOURCE	EXACT_EQUIVALENT	PROPOSED	MANUAL_REVIEW	OWNER_APPROVED_CONCEPT_MEMBERSHIP	PRESERVE_IN_SOURCE_MAPPING_EVIDENCE	RISK-04-APPROVE-001	62c2c50e3c0becbe23a686735d1a7e50ed8bce2f3fa23c539d2250b68227c2d7	c8c4232bf924b52636c9dc33fb1891473d548e09ed15de35f33764fe18603f3c	9493ff9f5515eec26daf0204589d1fa3dbb8128f2b58f3590f49244ebb4ecef4
5da1694f4cfddcf5c0ca77e2855a4c30c536e68efb2f69d2a4033cdeb117e2c9	CIC_W	0113	서류및샘플제출	18df971e963e4445f7d9de6e11e0f689795b23e52411ebe3f4e06552ab12c251	1e1cb456-1c37-493b-a260-5dd23744f258	서류및샘플제출	TASK	PROMOTED_FROM_SOURCE	EXACT_EQUIVALENT	PROPOSED	MANUAL_REVIEW	OWNER_APPROVED_CONCEPT_MEMBERSHIP	PRESERVE_IN_SOURCE_MAPPING_EVIDENCE	RISK-04-APPROVE-001	62c2c50e3c0becbe23a686735d1a7e50ed8bce2f3fa23c539d2250b68227c2d7	c8c4232bf924b52636c9dc33fb1891473d548e09ed15de35f33764fe18603f3c	9493ff9f5515eec26daf0204589d1fa3dbb8128f2b58f3590f49244ebb4ecef4
59100c1100088f0ea28b974cb49c43eee2c3c4da6401639fc66de943408b519e	CIC_W	0114	검측 기성	7a439acd29dd65f69446cf3e5799efa47c52dc521704096d4356e2e021028380	f7a46c9c-1334-4f1e-9d80-def9c46953d2	검측 기성	TASK	PROMOTED_FROM_SOURCE	EXACT_EQUIVALENT	PROPOSED	MANUAL_REVIEW	OWNER_APPROVED_CONCEPT_MEMBERSHIP	PRESERVE_IN_SOURCE_MAPPING_EVIDENCE	RISK-04-APPROVE-001	62c2c50e3c0becbe23a686735d1a7e50ed8bce2f3fa23c539d2250b68227c2d7	c8c4232bf924b52636c9dc33fb1891473d548e09ed15de35f33764fe18603f3c	9493ff9f5515eec26daf0204589d1fa3dbb8128f2b58f3590f49244ebb4ecef4
82a93c3a0067762ab8f0d6b54f8735692d662c31e52543f29e9554079c04ddde	CIC_W	0115	품질관리	2a16ffd74a0b9293c8cb8525c8541550a2648d39748806d09ded8308b50594c7	3f490984-a4e0-4de2-b6d6-4165bda8410c	품질관리	PROCESS	PROMOTED_FROM_SOURCE	EXACT_EQUIVALENT	PROPOSED	MANUAL_REVIEW	OWNER_APPROVED_CONCEPT_MEMBERSHIP	PRESERVE_IN_SOURCE_MAPPING_EVIDENCE	RISK-04-APPROVE-001	62c2c50e3c0becbe23a686735d1a7e50ed8bce2f3fa23c539d2250b68227c2d7	c8c4232bf924b52636c9dc33fb1891473d548e09ed15de35f33764fe18603f3c	9493ff9f5515eec26daf0204589d1fa3dbb8128f2b58f3590f49244ebb4ecef4
6d2199710e5ce4edb6964952d7072100a3d752b01edb90623a929cb08f3f6b74	CIC_W	0116	공사회의	1828313c4385bdc9e07ad785dfebebadb97bd1cfabeadeaca85452d84fdbbf0c	93282807-6170-487e-9344-43d765055467	공사회의	TASK	PROMOTED_FROM_SOURCE	EXACT_EQUIVALENT	PROPOSED	MANUAL_REVIEW	OWNER_APPROVED_CONCEPT_MEMBERSHIP	PRESERVE_IN_SOURCE_MAPPING_EVIDENCE	RISK-04-APPROVE-001	62c2c50e3c0becbe23a686735d1a7e50ed8bce2f3fa23c539d2250b68227c2d7	c8c4232bf924b52636c9dc33fb1891473d548e09ed15de35f33764fe18603f3c	9493ff9f5515eec26daf0204589d1fa3dbb8128f2b58f3590f49244ebb4ecef4
ae7e8032e3eabce2a7dfc865e6966db97974e81bb43443d0c70f23772335db68	CIC_W	0117	공사관리	086cb7669fde42d8cb3ead1004aab5073c384f43c946be95d4066abffb8e0ff9	1ac44e66-459b-4afc-8cc4-e5d9ce385ebe	공사관리	PROCESS	PROMOTED_FROM_SOURCE	EXACT_EQUIVALENT	PROPOSED	MANUAL_REVIEW	OWNER_APPROVED_CONCEPT_MEMBERSHIP	PRESERVE_IN_SOURCE_MAPPING_EVIDENCE	RISK-04-APPROVE-001	62c2c50e3c0becbe23a686735d1a7e50ed8bce2f3fa23c539d2250b68227c2d7	c8c4232bf924b52636c9dc33fb1891473d548e09ed15de35f33764fe18603f3c	9493ff9f5515eec26daf0204589d1fa3dbb8128f2b58f3590f49244ebb4ecef4
333bd382a87c61ec09334447be96f23dbc86ca907ae05a0f1a5c49c5719bae5b	CIC_W	0118	시운전	708f590c9f35d785d6315ee7e29238697d00dd707c7dcda6060e2e370223b385	1546c452-2758-4c09-9aa6-411fd0cdecdd	시운전	TASK	PROMOTED_FROM_SOURCE	EXACT_EQUIVALENT	PROPOSED	MANUAL_REVIEW	OWNER_APPROVED_CONCEPT_MEMBERSHIP	PRESERVE_IN_SOURCE_MAPPING_EVIDENCE	RISK-04-APPROVE-001	62c2c50e3c0becbe23a686735d1a7e50ed8bce2f3fa23c539d2250b68227c2d7	c8c4232bf924b52636c9dc33fb1891473d548e09ed15de35f33764fe18603f3c	9493ff9f5515eec26daf0204589d1fa3dbb8128f2b58f3590f49244ebb4ecef4
cc4ac5b31159b2a4cfe6cdd82fe2afc180d5c35cf23c5c2695f49619f02f9825	CIC_W	0119	준공및하자보수	e53153c5f2d624a42c97eec1ac937ceb3194bc799905a8e083045a94cb260c15	faaffef1-67ca-4562-b0fc-9f1899b30b35	준공및하자보수	PROCESS	PROMOTED_FROM_SOURCE	EXACT_EQUIVALENT	PROPOSED	MANUAL_REVIEW	OWNER_APPROVED_CONCEPT_MEMBERSHIP	PRESERVE_IN_SOURCE_MAPPING_EVIDENCE	RISK-04-APPROVE-001	62c2c50e3c0becbe23a686735d1a7e50ed8bce2f3fa23c539d2250b68227c2d7	c8c4232bf924b52636c9dc33fb1891473d548e09ed15de35f33764fe18603f3c	9493ff9f5515eec26daf0204589d1fa3dbb8128f2b58f3590f49244ebb4ecef4
1e46161fa3eef93ff713b8fcf46979f6d410cfa72a98ff04b4fe0cef689cd57a	CIC_W	03	본공사성가설공사	97167eb2b29f689eecdc8442c8e8d8af709defa6879ba0d3ff2ed79518836e55	a15bbe15-e1ac-4833-b22f-773af7b714c8	본공사성가설공사	PROCESS	PROMOTED_FROM_SOURCE	EXACT_EQUIVALENT	PROPOSED	MANUAL_REVIEW	OWNER_APPROVED_CONCEPT_MEMBERSHIP	PRESERVE_SOURCE_MEMBERSHIP	RISK-04-APPROVE-001	62c2c50e3c0becbe23a686735d1a7e50ed8bce2f3fa23c539d2250b68227c2d7	c8c4232bf924b52636c9dc33fb1891473d548e09ed15de35f33764fe18603f3c	9493ff9f5515eec26daf0204589d1fa3dbb8128f2b58f3590f49244ebb4ecef4
c06e03ccc3d3c26829742fbbe1808f182fc5f39686637bb1120cdbcf2f8e070f	CIC_W	033	가설흙막이및지보공사	2632f26ff3acc6ef60862e7365121d9799fee88bf74d042cd17a97bec9d79d25	f3a65654-18e3-42e7-bcc6-a534b4569d6f	가설흙막이및지보공사	PROCESS	PROMOTED_FROM_SOURCE	EXACT_EQUIVALENT	PROPOSED	MANUAL_REVIEW	OWNER_APPROVED_CONCEPT_MEMBERSHIP	PRESERVE_SOURCE_MEMBERSHIP	RISK-04-APPROVE-001	62c2c50e3c0becbe23a686735d1a7e50ed8bce2f3fa23c539d2250b68227c2d7	c8c4232bf924b52636c9dc33fb1891473d548e09ed15de35f33764fe18603f3c	9493ff9f5515eec26daf0204589d1fa3dbb8128f2b58f3590f49244ebb4ecef4
a3a6059f4726e04cc961f0132492cd82bdafd2d52eca85dfd4864274d78c4e87	CIC_W	034	터널가설	d5cd59a1cf991fc14c18094927699947f9cd961fc46163ee9b8359da8f2c12d1	c430f01c-dd36-4c68-8abb-71125fa19ebf	터널가설	PROCESS	PROMOTED_FROM_SOURCE	EXACT_EQUIVALENT	PROPOSED	MANUAL_REVIEW	OWNER_APPROVED_CONCEPT_MEMBERSHIP	PRESERVE_SOURCE_MEMBERSHIP	RISK-04-APPROVE-001	62c2c50e3c0becbe23a686735d1a7e50ed8bce2f3fa23c539d2250b68227c2d7	c8c4232bf924b52636c9dc33fb1891473d548e09ed15de35f33764fe18603f3c	9493ff9f5515eec26daf0204589d1fa3dbb8128f2b58f3590f49244ebb4ecef4
a6de17751cb1a9bab7e02a925f6b14cc93af653ec2ffe3d64c95c6f8ce09a61e	CIC_W	035	교량가설	5a08e27fa28d43282a36dfdd3a54a45d0c5a4c926ec2d19787613304ed320197	74cf595d-44a2-4eae-9b6e-8ef325c23340	교량가설	PROCESS	PROMOTED_FROM_SOURCE	EXACT_EQUIVALENT	PROPOSED	MANUAL_REVIEW	OWNER_APPROVED_CONCEPT_MEMBERSHIP	PRESERVE_SOURCE_MEMBERSHIP	RISK-04-APPROVE-001	62c2c50e3c0becbe23a686735d1a7e50ed8bce2f3fa23c539d2250b68227c2d7	c8c4232bf924b52636c9dc33fb1891473d548e09ed15de35f33764fe18603f3c	9493ff9f5515eec26daf0204589d1fa3dbb8128f2b58f3590f49244ebb4ecef4
12ed7c7e97b27968646b003a777ab4c6066aea6bc5cd115f82b9d039c0f14ecd	CIC_W	037	가물막이	acf048a5240dfcfa6c13ef808f343ba91df60c7588b714ad55e193b842d47c36	c21d1a95-094c-4128-9360-17e6be8b6efc	가물막이	PROCESS	PROMOTED_FROM_SOURCE	EXACT_EQUIVALENT	PROPOSED	MANUAL_REVIEW	OWNER_APPROVED_CONCEPT_MEMBERSHIP	PRESERVE_SOURCE_MEMBERSHIP	RISK-04-APPROVE-001	62c2c50e3c0becbe23a686735d1a7e50ed8bce2f3fa23c539d2250b68227c2d7	c8c4232bf924b52636c9dc33fb1891473d548e09ed15de35f33764fe18603f3c	9493ff9f5515eec26daf0204589d1fa3dbb8128f2b58f3590f49244ebb4ecef4
f0cc523fc10c70eabd0fb68587056b6334ff22b172c0dd77cd30a6f4fde6b2be	CIC_W	0371	나무널말뚝가물막이	9922a5bca521c30d62f034f6aa1ed906c4dea72b28f4eb16321cc489f2f62b0d	f1556510-366c-4de9-b9e5-51e2118e4566	나무널말뚝가물막이	PROCESS	PROMOTED_FROM_SOURCE	EXACT_EQUIVALENT	PROPOSED	MANUAL_REVIEW	OWNER_APPROVED_CONCEPT_MEMBERSHIP	PRESERVE_SOURCE_MEMBERSHIP	RISK-04-APPROVE-001	62c2c50e3c0becbe23a686735d1a7e50ed8bce2f3fa23c539d2250b68227c2d7	c8c4232bf924b52636c9dc33fb1891473d548e09ed15de35f33764fe18603f3c	9493ff9f5515eec26daf0204589d1fa3dbb8128f2b58f3590f49244ebb4ecef4
8fddd58f2487f5facc7d2aa55db1a676e713457adbfd1e778b8357eb993eab90	CIC_W	0372	SheetPile가물막이	b9aec605098ac5c84043f1bff9e1c04cdae3d0cb6fcdd389b48d9f656aca975e	9c499db2-5c4e-46d3-9c7f-a890fcb21a0c	SheetPile가물막이	PROCESS	PROMOTED_FROM_SOURCE	EXACT_EQUIVALENT	PROPOSED	MANUAL_REVIEW	OWNER_APPROVED_CONCEPT_MEMBERSHIP	PRESERVE_SOURCE_MEMBERSHIP	RISK-04-APPROVE-001	62c2c50e3c0becbe23a686735d1a7e50ed8bce2f3fa23c539d2250b68227c2d7	c8c4232bf924b52636c9dc33fb1891473d548e09ed15de35f33764fe18603f3c	9493ff9f5515eec26daf0204589d1fa3dbb8128f2b58f3590f49244ebb4ecef4
d0c9b657ac269456667d559394258f5cfe8f0f214f2f34126ae156ed28566907	CIC_W	0373	P.P마대가물막이	c582770b2e2875480369557c452dd0492caaf3fe84fd84946ba46a9607bda689	ab5e0e53-de8f-4052-96d2-bf54fc74dbe0	P.P마대가물막이	PROCESS	PROMOTED_FROM_SOURCE	EXACT_EQUIVALENT	PROPOSED	MANUAL_REVIEW	OWNER_APPROVED_CONCEPT_MEMBERSHIP	PRESERVE_SOURCE_MEMBERSHIP	RISK-04-APPROVE-001	62c2c50e3c0becbe23a686735d1a7e50ed8bce2f3fa23c539d2250b68227c2d7	c8c4232bf924b52636c9dc33fb1891473d548e09ed15de35f33764fe18603f3c	9493ff9f5515eec26daf0204589d1fa3dbb8128f2b58f3590f49244ebb4ecef4
41a49ef16a71633130b2da9a57751ecb34f5ed39bf37b7d570b3f780b09d7b67	CIC_W	0374	토사가물막이	40e50be53a2c2f65625b6a16a4c34552caf95de404993c49b8be1cbf38dd0e60	d87f8fa4-d0e1-4305-a697-ca2a81f8c846	토사가물막이	PROCESS	PROMOTED_FROM_SOURCE	EXACT_EQUIVALENT	PROPOSED	MANUAL_REVIEW	OWNER_APPROVED_CONCEPT_MEMBERSHIP	PRESERVE_SOURCE_MEMBERSHIP	RISK-04-APPROVE-001	62c2c50e3c0becbe23a686735d1a7e50ed8bce2f3fa23c539d2250b68227c2d7	c8c4232bf924b52636c9dc33fb1891473d548e09ed15de35f33764fe18603f3c	9493ff9f5515eec26daf0204589d1fa3dbb8128f2b58f3590f49244ebb4ecef4
5c2879a36d1f640e624ae32889755ae0e7e3d280cd6245a885ae80563ccd4137	CIC_W	0375	사석가물막이	95548b01409deeeb665cdd233c9727acf68309b39ff4e80422db5348e00569b7	44b2f9ed-847e-416b-a5c5-5229fa428509	사석가물막이	PROCESS	PROMOTED_FROM_SOURCE	EXACT_EQUIVALENT	PROPOSED	MANUAL_REVIEW	OWNER_APPROVED_CONCEPT_MEMBERSHIP	PRESERVE_SOURCE_MEMBERSHIP	RISK-04-APPROVE-001	62c2c50e3c0becbe23a686735d1a7e50ed8bce2f3fa23c539d2250b68227c2d7	c8c4232bf924b52636c9dc33fb1891473d548e09ed15de35f33764fe18603f3c	9493ff9f5515eec26daf0204589d1fa3dbb8128f2b58f3590f49244ebb4ecef4
a1c7183c6d8c04aabb9b82309a3aed7fcf0e95281f9afc8f3055e0375327b87d	CIC_W	038	가체절	83fc91b21a418eac68f4548a7e1771a17929caa44620f5cf00f8eaee98dc8a33	6b37bcbd-ef47-4be7-9eb7-7cc534a709c6	가체절	PROCESS	PROMOTED_FROM_SOURCE	EXACT_EQUIVALENT	PROPOSED	MANUAL_REVIEW	OWNER_APPROVED_CONCEPT_MEMBERSHIP	PRESERVE_SOURCE_MEMBERSHIP	RISK-04-APPROVE-001	62c2c50e3c0becbe23a686735d1a7e50ed8bce2f3fa23c539d2250b68227c2d7	c8c4232bf924b52636c9dc33fb1891473d548e09ed15de35f33764fe18603f3c	9493ff9f5515eec26daf0204589d1fa3dbb8128f2b58f3590f49244ebb4ecef4
9ca712d7f36b4727a042dd36b4cdcdee4af5f09484b1a8a58128f5de7e5dc520	CIC_W	05	현장유지관리	1a392c4093512b03c51e18de329616928460763dd57577c1260eab06a3341b8f	0e161468-6d4d-4208-837d-a0b0aaf1ac1d	현장유지관리	PROCESS	PROMOTED_FROM_SOURCE	EXACT_EQUIVALENT	PROPOSED	MANUAL_REVIEW	OWNER_APPROVED_CONCEPT_MEMBERSHIP	PRESERVE_SOURCE_MEMBERSHIP	RISK-04-APPROVE-001	62c2c50e3c0becbe23a686735d1a7e50ed8bce2f3fa23c539d2250b68227c2d7	c8c4232bf924b52636c9dc33fb1891473d548e09ed15de35f33764fe18603f3c	9493ff9f5515eec26daf0204589d1fa3dbb8128f2b58f3590f49244ebb4ecef4
8e951939cc3e693cd3ee6d94275e2de5cfb4ca5372fe58a99e57bca27c04bcea	CIC_W	051	가설공해방지	e36382f0d8f225fe74d5e7a526053c2fb280393d66819903c899d1baaecfd9c3	26425132-352f-4b1a-85e2-88ef090df5cc	가설공해방지	PROCESS	PROMOTED_FROM_SOURCE	EXACT_EQUIVALENT	PROPOSED	MANUAL_REVIEW	OWNER_APPROVED_CONCEPT_MEMBERSHIP	PRESERVE_SOURCE_MEMBERSHIP	RISK-04-APPROVE-001	62c2c50e3c0becbe23a686735d1a7e50ed8bce2f3fa23c539d2250b68227c2d7	c8c4232bf924b52636c9dc33fb1891473d548e09ed15de35f33764fe18603f3c	9493ff9f5515eec26daf0204589d1fa3dbb8128f2b58f3590f49244ebb4ecef4
63bd906630f3aeeca48e76bb23038de7590a86f7103af503437cd430228d8fa0	CIC_W	0511	가설수질오염방지	f0540c003071465bcdecf64501b12465caaa123e006f92019406024ed8b283b4	a6b02dc8-0e65-47bf-a52a-2f656c04c159	가설수질오염방지	TASK	PROMOTED_FROM_SOURCE	EXACT_EQUIVALENT	PROPOSED	MANUAL_REVIEW	OWNER_APPROVED_CONCEPT_MEMBERSHIP	PRESERVE_SOURCE_MEMBERSHIP	RISK-04-APPROVE-001	62c2c50e3c0becbe23a686735d1a7e50ed8bce2f3fa23c539d2250b68227c2d7	c8c4232bf924b52636c9dc33fb1891473d548e09ed15de35f33764fe18603f3c	9493ff9f5515eec26daf0204589d1fa3dbb8128f2b58f3590f49244ebb4ecef4
2167ab58b1621c55b0945325309ab66548bb5abb501e44d4d595c69e62e91a7c	CIC_W	0512	토질오염방지	46e0a52671a5d615f3aec95f831a55abd6286bf741805749876b63aa879d0e11	34d55509-74db-47b7-8ff1-d95c8670a4ae	토질오염방지	TASK	PROMOTED_FROM_SOURCE	EXACT_EQUIVALENT	PROPOSED	MANUAL_REVIEW	OWNER_APPROVED_CONCEPT_MEMBERSHIP	PRESERVE_SOURCE_MEMBERSHIP	RISK-04-APPROVE-001	62c2c50e3c0becbe23a686735d1a7e50ed8bce2f3fa23c539d2250b68227c2d7	c8c4232bf924b52636c9dc33fb1891473d548e09ed15de35f33764fe18603f3c	9493ff9f5515eec26daf0204589d1fa3dbb8128f2b58f3590f49244ebb4ecef4
521ed321f86f0c9f37a004ad2701eb4f2c59467ea139667c9fd72f84192ea8be	CIC_W	0513	대기오염방지	8a7098471330c43d54b3ab05aa1c620fafef97659c196ebf0a9df9fcc30cf4bf	d2f3c38f-31d0-4cdb-85ad-e76175192f4a	대기오염방지	TASK	PROMOTED_FROM_SOURCE	EXACT_EQUIVALENT	PROPOSED	MANUAL_REVIEW	OWNER_APPROVED_CONCEPT_MEMBERSHIP	PRESERVE_SOURCE_MEMBERSHIP	RISK-04-APPROVE-001	62c2c50e3c0becbe23a686735d1a7e50ed8bce2f3fa23c539d2250b68227c2d7	c8c4232bf924b52636c9dc33fb1891473d548e09ed15de35f33764fe18603f3c	9493ff9f5515eec26daf0204589d1fa3dbb8128f2b58f3590f49244ebb4ecef4
63e1b1f5757fca9bae495b86c06a79327704bd9864dcb8c421451887922494fb	CIC_W	0514	소음진동방지	3db38d9b9a8f8def0a76425727fae6a66ab1e55c59346fd1636110c11e5803e9	c13a33b4-6c04-4387-bf5e-efe86bcc31ed	소음진동방지	TASK	PROMOTED_FROM_SOURCE	EXACT_EQUIVALENT	PROPOSED	MANUAL_REVIEW	OWNER_APPROVED_CONCEPT_MEMBERSHIP	PRESERVE_SOURCE_MEMBERSHIP	RISK-04-APPROVE-001	62c2c50e3c0becbe23a686735d1a7e50ed8bce2f3fa23c539d2250b68227c2d7	c8c4232bf924b52636c9dc33fb1891473d548e09ed15de35f33764fe18603f3c	9493ff9f5515eec26daf0204589d1fa3dbb8128f2b58f3590f49244ebb4ecef4
8276694b1700fec801918e7ad98fe594540aca7600b3967489a75cd0e1329eec	CIC_W	0515	도로오염방지 - - 대․중․소 분류대․중․소 분류	6d83ddbf5bdcb4ffb22e45aa73bf91c2c300baa4b577a7370e97e4f7a76532bf	f10a1b64-d2ea-4bca-8d84-1c5f2d3335e4	도로오염방지	TASK	PROMOTED_FROM_SOURCE	EXACT_EQUIVALENT	PROPOSED	MANUAL_REVIEW	OWNER_APPROVED_CONCEPT_MEMBERSHIP	PRESERVE_SOURCE_MEMBERSHIP	RISK-04-APPROVE-001	62c2c50e3c0becbe23a686735d1a7e50ed8bce2f3fa23c539d2250b68227c2d7	c8c4232bf924b52636c9dc33fb1891473d548e09ed15de35f33764fe18603f3c	9493ff9f5515eec26daf0204589d1fa3dbb8128f2b58f3590f49244ebb4ecef4
435528925a6dac6a531236a34e026b31a798e1018585698e5f506ff4ac403a1e	CIC_W	0516	폐기물처리	8c406df9c39b1a22175d350f0e87e6b32176359084aa100c66fdafa2467d61a9	f83726ec-cc45-4556-a71d-1b5ff4468456	폐기물처리	TASK	PROMOTED_FROM_SOURCE	EXACT_EQUIVALENT	PROPOSED	MANUAL_REVIEW	OWNER_APPROVED_CONCEPT_MEMBERSHIP	PRESERVE_SOURCE_MEMBERSHIP	RISK-04-APPROVE-001	62c2c50e3c0becbe23a686735d1a7e50ed8bce2f3fa23c539d2250b68227c2d7	c8c4232bf924b52636c9dc33fb1891473d548e09ed15de35f33764fe18603f3c	9493ff9f5515eec26daf0204589d1fa3dbb8128f2b58f3590f49244ebb4ecef4
648c77deaae4630e1b97c1c256e2b1da0468ad674ed7bf0960a9beb5a7fa796e	CIC_W	052	기존도로유지보수	64d41605ce662fc6053a14010f8c6fb188e3397a9b4853a21e1cadcd06d8c83e	e6051915-1330-4aa5-8a1c-60d19cc9accd	기존도로유지보수	TASK	MERGED_FROM_REVIEWED_SOURCES	EXACT_EQUIVALENT	PROPOSED	MANUAL_REVIEW	OWNER_APPROVED_CONCEPT_MEMBERSHIP	PRESERVE_SOURCE_MEMBERSHIP	RISK-04-APPROVE-001	62c2c50e3c0becbe23a686735d1a7e50ed8bce2f3fa23c539d2250b68227c2d7	c8c4232bf924b52636c9dc33fb1891473d548e09ed15de35f33764fe18603f3c	9493ff9f5515eec26daf0204589d1fa3dbb8128f2b58f3590f49244ebb4ecef4
a4567ec141fe81fb8df85e716318375fb9b0e5273be480666a1f39961c09e7d8	CIC_W	0521	기존도로유지보수	64d41605ce662fc6053a14010f8c6fb188e3397a9b4853a21e1cadcd06d8c83e	e6051915-1330-4aa5-8a1c-60d19cc9accd	기존도로유지보수	TASK	MERGED_FROM_REVIEWED_SOURCES	EXACT_EQUIVALENT	PROPOSED	MANUAL_REVIEW	OWNER_APPROVED_CONCEPT_MEMBERSHIP	PRESERVE_SOURCE_MEMBERSHIP	RISK-04-APPROVE-001	62c2c50e3c0becbe23a686735d1a7e50ed8bce2f3fa23c539d2250b68227c2d7	c8c4232bf924b52636c9dc33fb1891473d548e09ed15de35f33764fe18603f3c	9493ff9f5515eec26daf0204589d1fa3dbb8128f2b58f3590f49244ebb4ecef4
8b8aef332e63de810161e8797962697b6e0acf29fd5d9ef0a71e03a9fabc86c1	CIC_W	058	준공및현장정리	249cb67cbed2c90090fb04d8b37f0cac252b36cdb057f689dc1e7b30153c2ea7	68f690db-ae64-421c-8bfa-b2859ec0bbad	준공및현장정리	PROCESS	PROMOTED_FROM_SOURCE	EXACT_EQUIVALENT	PROPOSED	MANUAL_REVIEW	OWNER_APPROVED_CONCEPT_MEMBERSHIP	PRESERVE_SOURCE_MEMBERSHIP	RISK-04-APPROVE-001	62c2c50e3c0becbe23a686735d1a7e50ed8bce2f3fa23c539d2250b68227c2d7	c8c4232bf924b52636c9dc33fb1891473d548e09ed15de35f33764fe18603f3c	9493ff9f5515eec26daf0204589d1fa3dbb8128f2b58f3590f49244ebb4ecef4
51ae3e3dd0081661835f9828e055f419be1fc123d42f4c29233f6b35baf59b8a	CIC_W	0581	현장상시정리	a7f787ab26ce52b0807848c5a03dc921ed7a30f71c337eb68d0bd8aa61555433	86796d38-7d3f-483f-85d0-708f022f0e50	현장상시정리	TASK	PROMOTED_FROM_SOURCE	EXACT_EQUIVALENT	PROPOSED	MANUAL_REVIEW	OWNER_APPROVED_CONCEPT_MEMBERSHIP	PRESERVE_SOURCE_MEMBERSHIP	RISK-04-APPROVE-001	62c2c50e3c0becbe23a686735d1a7e50ed8bce2f3fa23c539d2250b68227c2d7	c8c4232bf924b52636c9dc33fb1891473d548e09ed15de35f33764fe18603f3c	9493ff9f5515eec26daf0204589d1fa3dbb8128f2b58f3590f49244ebb4ecef4
c71501183172ea431098d535ccc489b476accf20827bd01bc5e31a523817d117	CIC_W	0582	정기안전점검	8f0ff4fff0e3c91cc5e592990f248cc51b58c6bff810530c5346797b4f9f7e63	8cdeca1d-dfaf-44fb-88a6-0b239d718562	정기안전점검	TASK	PROMOTED_FROM_SOURCE	EXACT_EQUIVALENT	PROPOSED	MANUAL_REVIEW	OWNER_APPROVED_CONCEPT_MEMBERSHIP	PRESERVE_SOURCE_MEMBERSHIP	RISK-04-APPROVE-001	62c2c50e3c0becbe23a686735d1a7e50ed8bce2f3fa23c539d2250b68227c2d7	c8c4232bf924b52636c9dc33fb1891473d548e09ed15de35f33764fe18603f3c	9493ff9f5515eec26daf0204589d1fa3dbb8128f2b58f3590f49244ebb4ecef4
685f13c0bdb89a7adbf37e953a66d52cdfa03f025738c120626c2c298aefef6d	CIC_W	0583	사후환경평가	6df4c8fac17dbf399e313d6664023a1cdf674f2eb7e6e014645d2fa55c29fba2	6f9bb3f3-a7c6-4484-8413-29b344d22afa	사후환경평가	TASK	PROMOTED_FROM_SOURCE	EXACT_EQUIVALENT	PROPOSED	MANUAL_REVIEW	OWNER_APPROVED_CONCEPT_MEMBERSHIP	PRESERVE_SOURCE_MEMBERSHIP	RISK-04-APPROVE-001	62c2c50e3c0becbe23a686735d1a7e50ed8bce2f3fa23c539d2250b68227c2d7	c8c4232bf924b52636c9dc33fb1891473d548e09ed15de35f33764fe18603f3c	9493ff9f5515eec26daf0204589d1fa3dbb8128f2b58f3590f49244ebb4ecef4
ddacfd1e5c6d198bfaa2cabf7988e29a5ec005d726a6a055a7520b3dff191d2a	CIC_W	0584	구조물건전성평가	71dbb0b83d309315c35fcbf9d7055443a6d44554e4252d03160dcbdf9250ddb7	3e9ee77c-82dc-4e4e-aeb3-066b4b676d50	구조물건전성평가	TASK	PROMOTED_FROM_SOURCE	EXACT_EQUIVALENT	PROPOSED	MANUAL_REVIEW	OWNER_APPROVED_CONCEPT_MEMBERSHIP	PRESERVE_SOURCE_MEMBERSHIP	RISK-04-APPROVE-001	62c2c50e3c0becbe23a686735d1a7e50ed8bce2f3fa23c539d2250b68227c2d7	c8c4232bf924b52636c9dc33fb1891473d548e09ed15de35f33764fe18603f3c	9493ff9f5515eec26daf0204589d1fa3dbb8128f2b58f3590f49244ebb4ecef4
4f253a91058f3d02aa162acdfdd961a257c49069c937572d3f5b006fe1b4f6e9	CIC_W	0588	준공정리	ae0bfd8637184d3bb5755a2588035c0f1a3b4c90b596581f3b40ce2447ad674f	db977384-a8f5-4e32-8604-9a721c9147dc	준공정리	TASK	PROMOTED_FROM_SOURCE	EXACT_EQUIVALENT	PROPOSED	MANUAL_REVIEW	OWNER_APPROVED_CONCEPT_MEMBERSHIP	PRESERVE_SOURCE_MEMBERSHIP	RISK-04-APPROVE-001	62c2c50e3c0becbe23a686735d1a7e50ed8bce2f3fa23c539d2250b68227c2d7	c8c4232bf924b52636c9dc33fb1891473d548e09ed15de35f33764fe18603f3c	9493ff9f5515eec26daf0204589d1fa3dbb8128f2b58f3590f49244ebb4ecef4
f0a1d857f2fb59f78ef6871eefb66321212e509baf98511a732a68f229db43ed	CIC_W	061	장비운반	ba7464ebdf6a54c4e9f41527a34eb43bc81acd1179e83a68a1c0c6244ad03980	9fdbd43a-653f-4a4b-a1b7-995d12c7bc9b	장비운반	TASK	PROMOTED_FROM_SOURCE	EXACT_EQUIVALENT	PROPOSED	MANUAL_REVIEW	OWNER_APPROVED_CONCEPT_MEMBERSHIP	PRESERVE_IN_SOURCE_MAPPING_EVIDENCE	RISK-04-APPROVE-001	62c2c50e3c0becbe23a686735d1a7e50ed8bce2f3fa23c539d2250b68227c2d7	c8c4232bf924b52636c9dc33fb1891473d548e09ed15de35f33764fe18603f3c	9493ff9f5515eec26daf0204589d1fa3dbb8128f2b58f3590f49244ebb4ecef4
e7fa976b277699a57a2cecbfa27934a716c406ba1a925bb809a68dde0bb850e9	CIC_W	07	품질시험	b010f76c574f6761abb7e73d610ed737629be5b00dffea26cbddac07135e7587	6a52b996-2bc6-43cd-9f29-02cab6f1700c	품질시험	PROCESS	PROMOTED_FROM_SOURCE	EXACT_EQUIVALENT	PROPOSED	MANUAL_REVIEW	OWNER_APPROVED_CONCEPT_MEMBERSHIP	PRESERVE_SOURCE_MEMBERSHIP	RISK-04-APPROVE-001	62c2c50e3c0becbe23a686735d1a7e50ed8bce2f3fa23c539d2250b68227c2d7	c8c4232bf924b52636c9dc33fb1891473d548e09ed15de35f33764fe18603f3c	9493ff9f5515eec26daf0204589d1fa3dbb8128f2b58f3590f49244ebb4ecef4
77b90643c658d3eb6162c09ee78da239e219d4c179a0157a66e8e95301429f56	CIC_W	071	공통품질시험	7f816b587c2698343490e58c8c31a35e35509342329e8286a0bb1f51af5bf77d	341adca1-9f3a-4bb7-9bf5-9f64b770d093	공통품질시험	PROCESS	PROMOTED_FROM_SOURCE	EXACT_EQUIVALENT	PROPOSED	MANUAL_REVIEW	OWNER_APPROVED_CONCEPT_MEMBERSHIP	PRESERVE_SOURCE_MEMBERSHIP	RISK-04-APPROVE-001	62c2c50e3c0becbe23a686735d1a7e50ed8bce2f3fa23c539d2250b68227c2d7	c8c4232bf924b52636c9dc33fb1891473d548e09ed15de35f33764fe18603f3c	9493ff9f5515eec26daf0204589d1fa3dbb8128f2b58f3590f49244ebb4ecef4
34fb00d89b6542ff7834856bcd257ae20db28e291e1f8d6dd0a1c68c026e59ca	CIC_W	072	토목품질시험	77913cf6c76479cf46b1386a35a21a5770e9099c5ef13ec823bb75e5ffac0d5e	9bc784f4-b29c-4097-bcf5-8e3f81f33ea4	토목품질시험	PROCESS	PROMOTED_FROM_SOURCE	EXACT_EQUIVALENT	PROPOSED	MANUAL_REVIEW	OWNER_APPROVED_CONCEPT_MEMBERSHIP	PRESERVE_SOURCE_MEMBERSHIP	RISK-04-APPROVE-001	62c2c50e3c0becbe23a686735d1a7e50ed8bce2f3fa23c539d2250b68227c2d7	c8c4232bf924b52636c9dc33fb1891473d548e09ed15de35f33764fe18603f3c	9493ff9f5515eec26daf0204589d1fa3dbb8128f2b58f3590f49244ebb4ecef4
8ee93788cd4cbb5283eb8823d1f28b9c37707adcbf3bd05638cfebb417533116	CIC_W	073	건축품질시험	fce048a6ba4d60e4520ac1f54189361e1b473e1bab9f15c88000e42fa44abe0c	7883246b-2742-4708-9868-5b5be29afbe5	건축품질시험	PROCESS	MERGED_FROM_REVIEWED_SOURCES	EXACT_EQUIVALENT	PROPOSED	MANUAL_REVIEW	OWNER_APPROVED_CONCEPT_MEMBERSHIP	PRESERVE_SOURCE_MEMBERSHIP	RISK-04-APPROVE-001	62c2c50e3c0becbe23a686735d1a7e50ed8bce2f3fa23c539d2250b68227c2d7	c8c4232bf924b52636c9dc33fb1891473d548e09ed15de35f33764fe18603f3c	9493ff9f5515eec26daf0204589d1fa3dbb8128f2b58f3590f49244ebb4ecef4
faa3be2357b2845b505b04dd3196a2a3657272614fc3065fd2867d900cd9216c	CIC_W	074	기계품질시험	08f2ec8c8ef4832940ddeaacbbe0a52ca511891b9d7d478c2c8b634cb8fdf9aa	9c0311c8-4025-4bb9-bced-bd4eded27148	기계품질시험	PROCESS	PROMOTED_FROM_SOURCE	EXACT_EQUIVALENT	PROPOSED	MANUAL_REVIEW	OWNER_APPROVED_CONCEPT_MEMBERSHIP	PRESERVE_SOURCE_MEMBERSHIP	RISK-04-APPROVE-001	62c2c50e3c0becbe23a686735d1a7e50ed8bce2f3fa23c539d2250b68227c2d7	c8c4232bf924b52636c9dc33fb1891473d548e09ed15de35f33764fe18603f3c	9493ff9f5515eec26daf0204589d1fa3dbb8128f2b58f3590f49244ebb4ecef4
bd7c10ff9547c1a3615d04d07aa3746c6f780ccc339b72dc78ce2c8b6fef3e05	CIC_W	075	전기품질시험	04252d0126624a986ae71af54d04a5b3ed3123ab5450ff27177253377d4f8072	d0560f54-2626-4b0d-b391-e0b6281d8921	전기품질시험	PROCESS	PROMOTED_FROM_SOURCE	EXACT_EQUIVALENT	PROPOSED	MANUAL_REVIEW	OWNER_APPROVED_CONCEPT_MEMBERSHIP	PRESERVE_SOURCE_MEMBERSHIP	RISK-04-APPROVE-001	62c2c50e3c0becbe23a686735d1a7e50ed8bce2f3fa23c539d2250b68227c2d7	c8c4232bf924b52636c9dc33fb1891473d548e09ed15de35f33764fe18603f3c	9493ff9f5515eec26daf0204589d1fa3dbb8128f2b58f3590f49244ebb4ecef4
a8f16ac4c3ba08095ea577114d38e9a81b116b774e842f5a8a6c9aec122eabcd	CIC_W	076	통신품질시험	c9799e2ea296b0f8b9ee2390e7b49016b7185e8afc2b38a9e707b2f4190d597c	fa05d30d-5c15-449e-9159-4d8e6dd4242e	통신품질시험	PROCESS	PROMOTED_FROM_SOURCE	EXACT_EQUIVALENT	PROPOSED	MANUAL_REVIEW	OWNER_APPROVED_CONCEPT_MEMBERSHIP	PRESERVE_SOURCE_MEMBERSHIP	RISK-04-APPROVE-001	62c2c50e3c0becbe23a686735d1a7e50ed8bce2f3fa23c539d2250b68227c2d7	c8c4232bf924b52636c9dc33fb1891473d548e09ed15de35f33764fe18603f3c	9493ff9f5515eec26daf0204589d1fa3dbb8128f2b58f3590f49244ebb4ecef4
65a02a6614d031a1ebdba4c3e31a18701ae5fbf885a430de2d7e3db42a1fb508	CIC_W	079	기타품질시험	e6792ac2824cbaa4da97676cdff6ef4d5b6a31121a00f9b1ff53a1fdfe10f7c2	a4ff1d99-33f8-4c22-92f6-2bf39bceab4b	기타품질시험	PROCESS	PROMOTED_FROM_SOURCE	EXACT_EQUIVALENT	PROPOSED	MANUAL_REVIEW	OWNER_APPROVED_CONCEPT_MEMBERSHIP	PRESERVE_SOURCE_MEMBERSHIP	RISK-04-APPROVE-001	62c2c50e3c0becbe23a686735d1a7e50ed8bce2f3fa23c539d2250b68227c2d7	c8c4232bf924b52636c9dc33fb1891473d548e09ed15de35f33764fe18603f3c	9493ff9f5515eec26daf0204589d1fa3dbb8128f2b58f3590f49244ebb4ecef4
5095c592994db9617b735bae72d73095b3702a0dcc8d2198f0410b7bb6e3ca31	CIC_W	08	건축품질시험	fce048a6ba4d60e4520ac1f54189361e1b473e1bab9f15c88000e42fa44abe0c	7883246b-2742-4708-9868-5b5be29afbe5	건축품질시험	PROCESS	MERGED_FROM_REVIEWED_SOURCES	EXACT_EQUIVALENT	PROPOSED	MANUAL_REVIEW	OWNER_APPROVED_CONCEPT_MEMBERSHIP	PRESERVE_SOURCE_MEMBERSHIP	RISK-04-APPROVE-001	62c2c50e3c0becbe23a686735d1a7e50ed8bce2f3fa23c539d2250b68227c2d7	c8c4232bf924b52636c9dc33fb1891473d548e09ed15de35f33764fe18603f3c	9493ff9f5515eec26daf0204589d1fa3dbb8128f2b58f3590f49244ebb4ecef4
30f62da3533b4c4f97f1d3c692bebd068ba6044e751689c4bae9ffb5f3eadf80	CIC_W	081	건축선정시험(토공 기초 구조체)	027e26195daf3974b7607613c9e172c790e1e9e5e1ec446c5596403eca06c45a	45d75079-ab09-4226-98f5-aafa05d1a782	건축선정시험(토공 기초 구조체)	PROCESS	PROMOTED_FROM_SOURCE	EXACT_EQUIVALENT	PROPOSED	MANUAL_REVIEW	OWNER_APPROVED_CONCEPT_MEMBERSHIP	PRESERVE_SOURCE_MEMBERSHIP	RISK-04-APPROVE-001	62c2c50e3c0becbe23a686735d1a7e50ed8bce2f3fa23c539d2250b68227c2d7	c8c4232bf924b52636c9dc33fb1891473d548e09ed15de35f33764fe18603f3c	9493ff9f5515eec26daf0204589d1fa3dbb8128f2b58f3590f49244ebb4ecef4
ca9789e3066027df697203ff0fc0a400f6b7aa7225ae3112570455d4da12932c	CIC_W	085	건축관리시험(토공 기초 구조체)	cb142b6da079d1a3769d2c93db8a4f00f3eaf3f87f940f7212fe5312604d74bf	18ec1247-04e1-445e-849a-0910f448c6be	건축관리시험(토공 기초 구조체)	PROCESS	PROMOTED_FROM_SOURCE	EXACT_EQUIVALENT	PROPOSED	MANUAL_REVIEW	OWNER_APPROVED_CONCEPT_MEMBERSHIP	PRESERVE_SOURCE_MEMBERSHIP	RISK-04-APPROVE-001	62c2c50e3c0becbe23a686735d1a7e50ed8bce2f3fa23c539d2250b68227c2d7	c8c4232bf924b52636c9dc33fb1891473d548e09ed15de35f33764fe18603f3c	9493ff9f5515eec26daf0204589d1fa3dbb8128f2b58f3590f49244ebb4ecef4
ae2f3cd432e4cf1cfd6cb3ca54a4f7368b10d9014295a4701f69b2a486932489	CIC_W	086	건축관리시험(단열 방수 지붕)	47101e3491ef780325de306ffec0253321bfcc93880a0582cd81f57f33ef5c5c	f89459d2-bd69-492f-9d4b-52e4a3126614	건축관리시험(단열 방수 지붕)	PROCESS	PROMOTED_FROM_SOURCE	EXACT_EQUIVALENT	PROPOSED	MANUAL_REVIEW	OWNER_APPROVED_CONCEPT_MEMBERSHIP	PRESERVE_SOURCE_MEMBERSHIP	RISK-04-APPROVE-001	62c2c50e3c0becbe23a686735d1a7e50ed8bce2f3fa23c539d2250b68227c2d7	c8c4232bf924b52636c9dc33fb1891473d548e09ed15de35f33764fe18603f3c	9493ff9f5515eec26daf0204589d1fa3dbb8128f2b58f3590f49244ebb4ecef4
ea5c8e6ce8008c1e380a2861e9ccab49aefa1e62adaffc5b6d0d450b74570190	CIC_W	087	건축관리시험(마감)	e6f98a4e40c8b512736f5c704d352e4e0403b85e9c9dc6b920a37212083d5bd5	af8310a0-ad91-4d1e-9bd8-2a4766f12c5e	건축관리시험(마감)	PROCESS	PROMOTED_FROM_SOURCE	EXACT_EQUIVALENT	PROPOSED	MANUAL_REVIEW	OWNER_APPROVED_CONCEPT_MEMBERSHIP	PRESERVE_SOURCE_MEMBERSHIP	RISK-04-APPROVE-001	62c2c50e3c0becbe23a686735d1a7e50ed8bce2f3fa23c539d2250b68227c2d7	c8c4232bf924b52636c9dc33fb1891473d548e09ed15de35f33764fe18603f3c	9493ff9f5515eec26daf0204589d1fa3dbb8128f2b58f3590f49244ebb4ecef4
b1b6aea46284c2c1f3693ec956b2d7d806dbba936a7377845470bbead9f475cb	CIC_W	088	건축기계 전기시험	de4965442d298972408cfd3261917cde21cb17ba4465a16fef5ff66fa03f586d	6cd154c3-ec98-4dca-acd6-473788fdf94c	건축기계 전기시험	PROCESS	PROMOTED_FROM_SOURCE	EXACT_EQUIVALENT	PROPOSED	MANUAL_REVIEW	OWNER_APPROVED_CONCEPT_MEMBERSHIP	PRESERVE_SOURCE_MEMBERSHIP	RISK-04-APPROVE-001	62c2c50e3c0becbe23a686735d1a7e50ed8bce2f3fa23c539d2250b68227c2d7	c8c4232bf924b52636c9dc33fb1891473d548e09ed15de35f33764fe18603f3c	9493ff9f5515eec26daf0204589d1fa3dbb8128f2b58f3590f49244ebb4ecef4
618678d52d28eec594762b9db5db9db41a468c1fc66f29a91b5c88e560ac05c6	CIC_W	089	건축공사검사시험	0cb29f276cba34947d96ef28d16d70dcecac201cd1d82b3ed52d897ec04c8ba9	041e123c-a86d-4755-b97b-559b66eda693	건축공사검사시험	PROCESS	PROMOTED_FROM_SOURCE	EXACT_EQUIVALENT	PROPOSED	MANUAL_REVIEW	OWNER_APPROVED_CONCEPT_MEMBERSHIP	PRESERVE_SOURCE_MEMBERSHIP	RISK-04-APPROVE-001	62c2c50e3c0becbe23a686735d1a7e50ed8bce2f3fa23c539d2250b68227c2d7	c8c4232bf924b52636c9dc33fb1891473d548e09ed15de35f33764fe18603f3c	9493ff9f5515eec26daf0204589d1fa3dbb8128f2b58f3590f49244ebb4ecef4
54907df54cbeaa94a06cb1e88f2e0a38ba323a4fc7b4daf09375e261ee5e867f	CIC_W	11	측량	9ac4bb062d521abe8e69b359393e5ce6cf23efda77d4f73fbaae1d63f43d738f	028d5fdc-46ea-4021-ae54-f10eaa310163	측량	PROCESS	PROMOTED_FROM_SOURCE	EXACT_EQUIVALENT	PROPOSED	MANUAL_REVIEW	OWNER_APPROVED_CONCEPT_MEMBERSHIP	PRESERVE_SOURCE_MEMBERSHIP	RISK-04-APPROVE-001	62c2c50e3c0becbe23a686735d1a7e50ed8bce2f3fa23c539d2250b68227c2d7	c8c4232bf924b52636c9dc33fb1891473d548e09ed15de35f33764fe18603f3c	9493ff9f5515eec26daf0204589d1fa3dbb8128f2b58f3590f49244ebb4ecef4
b4cafb811eac2f427c7fc491dccab4de2d36acb99ee07a3292e2120e5b3986e6	CIC_W	111	기본측량	3f612031c05b9c0b8ba03255f00c29f63216aab4035a4a662dab66c1ba3616ba	83af0eaa-fc44-43e9-8d32-04cceb71d6f3	기본측량	PROCESS	PROMOTED_FROM_SOURCE	EXACT_EQUIVALENT	PROPOSED	MANUAL_REVIEW	OWNER_APPROVED_CONCEPT_MEMBERSHIP	PRESERVE_SOURCE_MEMBERSHIP	RISK-04-APPROVE-001	62c2c50e3c0becbe23a686735d1a7e50ed8bce2f3fa23c539d2250b68227c2d7	c8c4232bf924b52636c9dc33fb1891473d548e09ed15de35f33764fe18603f3c	9493ff9f5515eec26daf0204589d1fa3dbb8128f2b58f3590f49244ebb4ecef4
dd208d4f55811c8ddcabcfd119d0d5c23e502b0f8bd0f794e4d39bb687fe64de	CIC_W	1111	거리측정	ef5106a3f08ebe87aa6d4181ef077b2c5ea4b850219d6607cadf51e536d4cffc	58da7351-6147-4834-95b0-0c4fa4f390a5	거리측정	TASK	PROMOTED_FROM_SOURCE	EXACT_EQUIVALENT	PROPOSED	MANUAL_REVIEW	OWNER_APPROVED_CONCEPT_MEMBERSHIP	PRESERVE_SOURCE_MEMBERSHIP	RISK-04-APPROVE-001	62c2c50e3c0becbe23a686735d1a7e50ed8bce2f3fa23c539d2250b68227c2d7	c8c4232bf924b52636c9dc33fb1891473d548e09ed15de35f33764fe18603f3c	9493ff9f5515eec26daf0204589d1fa3dbb8128f2b58f3590f49244ebb4ecef4
1bcea3ac4c53c84054255032bbccea0b26b16ecb46740738b6f0fd8513619243	CIC_W	1112	각측정	b03fbc6a3d1cc5c749f414fcc5f225a1321b4c14400c889ba34906b882270813	6db1c63d-fa22-4a1d-82d5-85980f7177db	각측정	TASK	PROMOTED_FROM_SOURCE	EXACT_EQUIVALENT	PROPOSED	MANUAL_REVIEW	OWNER_APPROVED_CONCEPT_MEMBERSHIP	PRESERVE_SOURCE_MEMBERSHIP	RISK-04-APPROVE-001	62c2c50e3c0becbe23a686735d1a7e50ed8bce2f3fa23c539d2250b68227c2d7	c8c4232bf924b52636c9dc33fb1891473d548e09ed15de35f33764fe18603f3c	9493ff9f5515eec26daf0204589d1fa3dbb8128f2b58f3590f49244ebb4ecef4
d5aa5b23be5e9e651bdf4fbd123086dd37b0c157e692c024078a44da2b3d4ab8	CIC_W	1113	기준점측량	7d8f4dfb952b59daa45a71b00c4fff5823d25e78430280718a0544fb9fed1892	add5952f-f7be-4c76-9517-24c222390278	기준점측량	TASK	PROMOTED_FROM_SOURCE	EXACT_EQUIVALENT	PROPOSED	MANUAL_REVIEW	OWNER_APPROVED_CONCEPT_MEMBERSHIP	PRESERVE_SOURCE_MEMBERSHIP	RISK-04-APPROVE-001	62c2c50e3c0becbe23a686735d1a7e50ed8bce2f3fa23c539d2250b68227c2d7	c8c4232bf924b52636c9dc33fb1891473d548e09ed15de35f33764fe18603f3c	9493ff9f5515eec26daf0204589d1fa3dbb8128f2b58f3590f49244ebb4ecef4
b4dcc5094127111d3edb03e3eeb95de077f33bac37caf157cf4292dfeb99845a	CIC_W	1114	삼각측량	796a1e54c219c3640bde0e60f3287acf9718e517d571ef534b81fdefcc942627	36c03836-3955-4701-9f5c-890d3b809197	삼각측량	TASK	PROMOTED_FROM_SOURCE	EXACT_EQUIVALENT	PROPOSED	MANUAL_REVIEW	OWNER_APPROVED_CONCEPT_MEMBERSHIP	PRESERVE_SOURCE_MEMBERSHIP	RISK-04-APPROVE-001	62c2c50e3c0becbe23a686735d1a7e50ed8bce2f3fa23c539d2250b68227c2d7	c8c4232bf924b52636c9dc33fb1891473d548e09ed15de35f33764fe18603f3c	9493ff9f5515eec26daf0204589d1fa3dbb8128f2b58f3590f49244ebb4ecef4
5eef66f7adbebc062abc4b260520e7d14bcea1d7e131f8d746076707344c0adc	CIC_W	1115	다각측량	13bdd5bc54f96d15e09d43d8f90f3253f1fdfc53cf54c00a8016b893fb25487a	209d4e03-be2a-4ad6-8b79-4860f49f4199	다각측량	TASK	PROMOTED_FROM_SOURCE	EXACT_EQUIVALENT	PROPOSED	MANUAL_REVIEW	OWNER_APPROVED_CONCEPT_MEMBERSHIP	PRESERVE_SOURCE_MEMBERSHIP	RISK-04-APPROVE-001	62c2c50e3c0becbe23a686735d1a7e50ed8bce2f3fa23c539d2250b68227c2d7	c8c4232bf924b52636c9dc33fb1891473d548e09ed15de35f33764fe18603f3c	9493ff9f5515eec26daf0204589d1fa3dbb8128f2b58f3590f49244ebb4ecef4
340de871d2fce6521f6ac45206e652d4fa3daee953430e0bc0d4157ef2bda4a5	CIC_W	1116	수준측량	750067d3e434ddea0d8600d1f6d1e29d36e09c7cb701500f63c5ef434b3581f0	976603c1-0758-46a7-b7e8-c30874f776bf	수준측량	TASK	PROMOTED_FROM_SOURCE	EXACT_EQUIVALENT	PROPOSED	MANUAL_REVIEW	OWNER_APPROVED_CONCEPT_MEMBERSHIP	PRESERVE_SOURCE_MEMBERSHIP	RISK-04-APPROVE-001	62c2c50e3c0becbe23a686735d1a7e50ed8bce2f3fa23c539d2250b68227c2d7	c8c4232bf924b52636c9dc33fb1891473d548e09ed15de35f33764fe18603f3c	9493ff9f5515eec26daf0204589d1fa3dbb8128f2b58f3590f49244ebb4ecef4
101f4b472c53cfa34f8f27dc9e41d711772dec03a1a3becec850aab9136cb9a5	CIC_W	1117	사진측량	f52ae7416a09a26bbb59179713d2ae9be9315392f78c60beec016bca3ba7a5ed	87821858-f12e-485c-967f-d7cbe39552d9	사진측량	TASK	PROMOTED_FROM_SOURCE	EXACT_EQUIVALENT	PROPOSED	MANUAL_REVIEW	OWNER_APPROVED_CONCEPT_MEMBERSHIP	PRESERVE_SOURCE_MEMBERSHIP	RISK-04-APPROVE-001	62c2c50e3c0becbe23a686735d1a7e50ed8bce2f3fa23c539d2250b68227c2d7	c8c4232bf924b52636c9dc33fb1891473d548e09ed15de35f33764fe18603f3c	9493ff9f5515eec26daf0204589d1fa3dbb8128f2b58f3590f49244ebb4ecef4
91d54e1a98245a29fdbb9b6148c9989d8589a5c85e77fcb1a5ba2f03c34b7ed8	CIC_W	1118	수심측량	4c0470126a9445cbdda91a0dac821501c19ac277724bd2a0f8b01a89f2c765c3	8f38d71d-77e4-4e2e-804f-fe8b519953ba	수심측량	TASK	PROMOTED_FROM_SOURCE	EXACT_EQUIVALENT	PROPOSED	MANUAL_REVIEW	OWNER_APPROVED_CONCEPT_MEMBERSHIP	PRESERVE_SOURCE_MEMBERSHIP	RISK-04-APPROVE-001	62c2c50e3c0becbe23a686735d1a7e50ed8bce2f3fa23c539d2250b68227c2d7	c8c4232bf924b52636c9dc33fb1891473d548e09ed15de35f33764fe18603f3c	9493ff9f5515eec26daf0204589d1fa3dbb8128f2b58f3590f49244ebb4ecef4
34b3a2318d4e13df4a1bc5df86c0b516ae764677cdc6d1548379e61ef1377bca	CIC_W	112	지형측량	8f84674f28f5dfc4bfe1e51031be39013a9c0bfec014e62790fa0098ee835e18	c4899358-a1cf-49a9-ae65-2d3b56980ff5	지형측량	PROCESS	PROMOTED_FROM_SOURCE	EXACT_EQUIVALENT	PROPOSED	MANUAL_REVIEW	OWNER_APPROVED_CONCEPT_MEMBERSHIP	PRESERVE_SOURCE_MEMBERSHIP	RISK-04-APPROVE-001	62c2c50e3c0becbe23a686735d1a7e50ed8bce2f3fa23c539d2250b68227c2d7	c8c4232bf924b52636c9dc33fb1891473d548e09ed15de35f33764fe18603f3c	9493ff9f5515eec26daf0204589d1fa3dbb8128f2b58f3590f49244ebb4ecef4
a966636ce512a2e5484adc9c97be227dbda13b96b15b98197027516f71fc1a37	CIC_W	113	하해측량	6809e3b7861c76ec5d26d0c4763354c9388c6581c359eb4b615c453762681846	9fec80c8-819f-4453-b9a7-414a5f98da41	하해측량	PROCESS	PROMOTED_FROM_SOURCE	EXACT_EQUIVALENT	PROPOSED	MANUAL_REVIEW	OWNER_APPROVED_CONCEPT_MEMBERSHIP	PRESERVE_SOURCE_MEMBERSHIP	RISK-04-APPROVE-001	62c2c50e3c0becbe23a686735d1a7e50ed8bce2f3fa23c539d2250b68227c2d7	c8c4232bf924b52636c9dc33fb1891473d548e09ed15de35f33764fe18603f3c	9493ff9f5515eec26daf0204589d1fa3dbb8128f2b58f3590f49244ebb4ecef4
2a5bc5512e779ce0ae96d1437bef0821343defbd89b61576ccd03607d67877e8	CIC_W	114	노선측량	7362b082fe57b54c4b760adf7a023faab85a842c6fefc63b9662ea58ff2c73b2	da28d19f-2dbe-4b1a-828a-84af71ea1ce1	노선측량	PROCESS	PROMOTED_FROM_SOURCE	EXACT_EQUIVALENT	PROPOSED	MANUAL_REVIEW	OWNER_APPROVED_CONCEPT_MEMBERSHIP	PRESERVE_SOURCE_MEMBERSHIP	RISK-04-APPROVE-001	62c2c50e3c0becbe23a686735d1a7e50ed8bce2f3fa23c539d2250b68227c2d7	c8c4232bf924b52636c9dc33fb1891473d548e09ed15de35f33764fe18603f3c	9493ff9f5515eec26daf0204589d1fa3dbb8128f2b58f3590f49244ebb4ecef4
e8118927f8a906df09768cd7d9fbfd70d02707594a7caf4d002261c7848a3645	CIC_W	115	지적측량	744e95bb6e4a96594b2a7ad300501609c2e73264f98d8b4d92b4726208bb59cd	c3fc6f08-b063-4c2c-88d3-f2242493e17e	지적측량	PROCESS	PROMOTED_FROM_SOURCE	EXACT_EQUIVALENT	PROPOSED	MANUAL_REVIEW	OWNER_APPROVED_CONCEPT_MEMBERSHIP	PRESERVE_SOURCE_MEMBERSHIP	RISK-04-APPROVE-001	62c2c50e3c0becbe23a686735d1a7e50ed8bce2f3fa23c539d2250b68227c2d7	c8c4232bf924b52636c9dc33fb1891473d548e09ed15de35f33764fe18603f3c	9493ff9f5515eec26daf0204589d1fa3dbb8128f2b58f3590f49244ebb4ecef4
14c1e776918d456263a050449b4391ade4c8b93047d711f6ec711a3b0bc7d3f7	CIC_W	1151	신규등록측량	36d0ddcc880a95a48bd51e7272c8d19e33b4256e82dc8ab9e64e24809ee04ea2	1c707ccb-1db2-4f7b-84a9-34262edded2a	신규등록측량	TASK	PROMOTED_FROM_SOURCE	EXACT_EQUIVALENT	PROPOSED	MANUAL_REVIEW	OWNER_APPROVED_CONCEPT_MEMBERSHIP	PRESERVE_SOURCE_MEMBERSHIP	RISK-04-APPROVE-001	62c2c50e3c0becbe23a686735d1a7e50ed8bce2f3fa23c539d2250b68227c2d7	c8c4232bf924b52636c9dc33fb1891473d548e09ed15de35f33764fe18603f3c	9493ff9f5515eec26daf0204589d1fa3dbb8128f2b58f3590f49244ebb4ecef4
470b739af8b4bf513763eb45c777a4f645ed98494c1cb0a96c633a82ffd0717e	CIC_W	1152	등록전환측량 - - 대․중․소 분류대․중․소 분류	8a5ad2e2dcbf8667bef87a48c6977f121135878995137a6c32e4058b1be6cf95	d89e9dd8-a355-4fb1-bd42-a2823c52c424	등록전환측량	TASK	PROMOTED_FROM_SOURCE	EXACT_EQUIVALENT	PROPOSED	MANUAL_REVIEW	OWNER_APPROVED_CONCEPT_MEMBERSHIP	PRESERVE_SOURCE_MEMBERSHIP	RISK-04-APPROVE-001	62c2c50e3c0becbe23a686735d1a7e50ed8bce2f3fa23c539d2250b68227c2d7	c8c4232bf924b52636c9dc33fb1891473d548e09ed15de35f33764fe18603f3c	9493ff9f5515eec26daf0204589d1fa3dbb8128f2b58f3590f49244ebb4ecef4
680b8e59ebe18276cf902165124f34d63599f30daac17dc7376afd60944aef96	CIC_W	1153	분할측량	c3782a42aec31a08f6c46c1e238c96eac185b6f01fffd798d5020f3762a78f16	1ba06e66-85e5-4bdc-b93f-17b54e910fba	분할측량	TASK	PROMOTED_FROM_SOURCE	EXACT_EQUIVALENT	PROPOSED	MANUAL_REVIEW	OWNER_APPROVED_CONCEPT_MEMBERSHIP	PRESERVE_SOURCE_MEMBERSHIP	RISK-04-APPROVE-001	62c2c50e3c0becbe23a686735d1a7e50ed8bce2f3fa23c539d2250b68227c2d7	c8c4232bf924b52636c9dc33fb1891473d548e09ed15de35f33764fe18603f3c	9493ff9f5515eec26daf0204589d1fa3dbb8128f2b58f3590f49244ebb4ecef4
c4c53e6e050833e7d35825539f9918bba9a662975fef8b601e46fb2351103352	CIC_W	1154	경계복원측량	dde0a314d9ec9cfc983fac1e96d0f7f3458528ebc54c068a44f6073d9c4f531b	3c689468-7750-4a95-b6a5-c7b2c3d64027	경계복원측량	TASK	PROMOTED_FROM_SOURCE	EXACT_EQUIVALENT	PROPOSED	MANUAL_REVIEW	OWNER_APPROVED_CONCEPT_MEMBERSHIP	PRESERVE_SOURCE_MEMBERSHIP	RISK-04-APPROVE-001	62c2c50e3c0becbe23a686735d1a7e50ed8bce2f3fa23c539d2250b68227c2d7	c8c4232bf924b52636c9dc33fb1891473d548e09ed15de35f33764fe18603f3c	9493ff9f5515eec26daf0204589d1fa3dbb8128f2b58f3590f49244ebb4ecef4
508205e288db9b3d5690d0f9a31e3fcba22e4b72bf5222bf8addbf14fa1b9fd1	CIC_W	1155	지적확정측량	91683dbe4c2e9cfd8fa2e5f56b4ea67aa0e222c69a68a878ac9d0f3b34e56544	cd26464f-04c2-4583-823b-07eaad2ab658	지적확정측량	TASK	PROMOTED_FROM_SOURCE	EXACT_EQUIVALENT	PROPOSED	MANUAL_REVIEW	OWNER_APPROVED_CONCEPT_MEMBERSHIP	PRESERVE_SOURCE_MEMBERSHIP	RISK-04-APPROVE-001	62c2c50e3c0becbe23a686735d1a7e50ed8bce2f3fa23c539d2250b68227c2d7	c8c4232bf924b52636c9dc33fb1891473d548e09ed15de35f33764fe18603f3c	9493ff9f5515eec26daf0204589d1fa3dbb8128f2b58f3590f49244ebb4ecef4
43bff1c1fdbd7f02eaace0122a1cafb847ceafb09a4b877745187c333fdf1c28	CIC_W	116	시공측량	1b33acde756d06171cafc114685d2b6ad10055120d1528e7f9291852ec7e8809	9b9a1e82-d8f8-487d-9153-ad89ad4fb111	시공측량	PROCESS	PROMOTED_FROM_SOURCE	EXACT_EQUIVALENT	PROPOSED	MANUAL_REVIEW	OWNER_APPROVED_CONCEPT_MEMBERSHIP	PRESERVE_SOURCE_MEMBERSHIP	RISK-04-APPROVE-001	62c2c50e3c0becbe23a686735d1a7e50ed8bce2f3fa23c539d2250b68227c2d7	c8c4232bf924b52636c9dc33fb1891473d548e09ed15de35f33764fe18603f3c	9493ff9f5515eec26daf0204589d1fa3dbb8128f2b58f3590f49244ebb4ecef4
fc7bfb7cc18000790b4524b249c1fad18fe11b21db778bd1100c9c15d407b789	CIC_W	1161	벤치마킹설치	3313a813f7156a19f5903d9739b0f4c14fa98c4c0eb712e7ed0851b78651ee92	47a50c36-d133-412c-ab03-dd3d5b3f47b5	벤치마킹설치	TASK	PROMOTED_FROM_SOURCE	EXACT_EQUIVALENT	PROPOSED	MANUAL_REVIEW	OWNER_APPROVED_CONCEPT_MEMBERSHIP	PRESERVE_SOURCE_MEMBERSHIP	RISK-04-APPROVE-001	62c2c50e3c0becbe23a686735d1a7e50ed8bce2f3fa23c539d2250b68227c2d7	c8c4232bf924b52636c9dc33fb1891473d548e09ed15de35f33764fe18603f3c	9493ff9f5515eec26daf0204589d1fa3dbb8128f2b58f3590f49244ebb4ecef4
c21e96df05192897a29813575960f628470f104772de1a774da34d3a47e5cbec	CIC_W	1162	중심선측량	df370a7127e79025f7e83abe965d3a105cafdcc55558658c6a5716345f46cafe	e0392064-a6af-45d0-9be8-df85542a92e8	중심선측량	TASK	PROMOTED_FROM_SOURCE	EXACT_EQUIVALENT	PROPOSED	MANUAL_REVIEW	OWNER_APPROVED_CONCEPT_MEMBERSHIP	PRESERVE_SOURCE_MEMBERSHIP	RISK-04-APPROVE-001	62c2c50e3c0becbe23a686735d1a7e50ed8bce2f3fa23c539d2250b68227c2d7	c8c4232bf924b52636c9dc33fb1891473d548e09ed15de35f33764fe18603f3c	9493ff9f5515eec26daf0204589d1fa3dbb8128f2b58f3590f49244ebb4ecef4
e9c39dfa41335c703dfdcf9c73145f03bc8bda799dc033949a76663127281800	CIC_W	1163	종단측량	2f283c739eeb7702c2dc1909c9f7c287f6079b039dfda07c3d7dac25d53ea9da	ebc183b5-4ab7-4e65-a92f-690b51c2b18b	종단측량	TASK	PROMOTED_FROM_SOURCE	EXACT_EQUIVALENT	PROPOSED	MANUAL_REVIEW	OWNER_APPROVED_CONCEPT_MEMBERSHIP	PRESERVE_SOURCE_MEMBERSHIP	RISK-04-APPROVE-001	62c2c50e3c0becbe23a686735d1a7e50ed8bce2f3fa23c539d2250b68227c2d7	c8c4232bf924b52636c9dc33fb1891473d548e09ed15de35f33764fe18603f3c	9493ff9f5515eec26daf0204589d1fa3dbb8128f2b58f3590f49244ebb4ecef4
cdf3f6df644ec5518e20e0513e6cf4211911a0c9373d68dc0315c7a0bdf8e384	CIC_W	1164	횡단측량	33be07b4f4bfad82d747293897345d3507e5145eefb0ff927385f94201681ffd	45225c51-6a67-4e52-ac21-de4fc592e02a	횡단측량	TASK	PROMOTED_FROM_SOURCE	EXACT_EQUIVALENT	PROPOSED	MANUAL_REVIEW	OWNER_APPROVED_CONCEPT_MEMBERSHIP	PRESERVE_SOURCE_MEMBERSHIP	RISK-04-APPROVE-001	62c2c50e3c0becbe23a686735d1a7e50ed8bce2f3fa23c539d2250b68227c2d7	c8c4232bf924b52636c9dc33fb1891473d548e09ed15de35f33764fe18603f3c	9493ff9f5515eec26daf0204589d1fa3dbb8128f2b58f3590f49244ebb4ecef4
c31b91db67d6118cd7ce5fbb8d7f1528355620825f669d008012697d133dbe50	CIC_W	1165	면체적측량	16f0a948e713facd927de143bd06bbc9beaafa8ae4be7a514a7f840d3d5f59af	a75e4a78-977f-4c36-b861-ddd8154793fe	면체적측량	TASK	PROMOTED_FROM_SOURCE	EXACT_EQUIVALENT	PROPOSED	MANUAL_REVIEW	OWNER_APPROVED_CONCEPT_MEMBERSHIP	PRESERVE_SOURCE_MEMBERSHIP	RISK-04-APPROVE-001	62c2c50e3c0becbe23a686735d1a7e50ed8bce2f3fa23c539d2250b68227c2d7	c8c4232bf924b52636c9dc33fb1891473d548e09ed15de35f33764fe18603f3c	9493ff9f5515eec26daf0204589d1fa3dbb8128f2b58f3590f49244ebb4ecef4
1f84c6512a31ed3f3c8aa3316aa84b9f538880e65e0c99f95bd8c28b6bafaa97	CIC_W	1166	공사측량	e95758a16e7afb34f50d435468fa380d45304de7012787df4aa63065d9564647	8c9d4325-ac99-4ee8-a84d-cf644eb2dac3	공사측량	TASK	PROMOTED_FROM_SOURCE	EXACT_EQUIVALENT	PROPOSED	MANUAL_REVIEW	OWNER_APPROVED_CONCEPT_MEMBERSHIP	PRESERVE_SOURCE_MEMBERSHIP	RISK-04-APPROVE-001	62c2c50e3c0becbe23a686735d1a7e50ed8bce2f3fa23c539d2250b68227c2d7	c8c4232bf924b52636c9dc33fb1891473d548e09ed15de35f33764fe18603f3c	9493ff9f5515eec26daf0204589d1fa3dbb8128f2b58f3590f49244ebb4ecef4
3ffbe913f449ba92c4a87bc6b6621dd54e05491c0aabebb1d61949316acc18d5	CIC_W	119	기타응용측량	ee6c41f2ed48ba58329afbe31673c97b6af2e326b35b284237ac74bdfe372b81	90903882-5745-43fe-86b4-0342dc0396ca	기타응용측량	PROCESS	PROMOTED_FROM_SOURCE	EXACT_EQUIVALENT	PROPOSED	MANUAL_REVIEW	OWNER_APPROVED_CONCEPT_MEMBERSHIP	PRESERVE_SOURCE_MEMBERSHIP	RISK-04-APPROVE-001	62c2c50e3c0becbe23a686735d1a7e50ed8bce2f3fa23c539d2250b68227c2d7	c8c4232bf924b52636c9dc33fb1891473d548e09ed15de35f33764fe18603f3c	9493ff9f5515eec26daf0204589d1fa3dbb8128f2b58f3590f49244ebb4ecef4
2f63a71a49a7e8d2613dfc874bb4bbefa2e2d489a70e488a322b5f76c94190e5	CIC_W	1191	시가지측량	a531647729d9b5c118d0879621d600b895cf7e474ee9a97e9c6afbdfbcf14c8a	1a8da6c4-79e1-4a85-a96c-235ad91be16f	시가지측량	TASK	PROMOTED_FROM_SOURCE	EXACT_EQUIVALENT	PROPOSED	MANUAL_REVIEW	OWNER_APPROVED_CONCEPT_MEMBERSHIP	PRESERVE_SOURCE_MEMBERSHIP	RISK-04-APPROVE-001	62c2c50e3c0becbe23a686735d1a7e50ed8bce2f3fa23c539d2250b68227c2d7	c8c4232bf924b52636c9dc33fb1891473d548e09ed15de35f33764fe18603f3c	9493ff9f5515eec26daf0204589d1fa3dbb8128f2b58f3590f49244ebb4ecef4
96bac17960d86b39126424e680a3c206b10cf63830927316d89ce11cae745d60	CIC_W	1192	건축측량	64a877f0811732bd51f8b8eb40279d4c70aca06e4a6351b542a5f6ae1d60c4c4	fe0b5a0f-7e4a-419a-a64d-c27fecb90806	건축측량	TASK	PROMOTED_FROM_SOURCE	EXACT_EQUIVALENT	PROPOSED	MANUAL_REVIEW	OWNER_APPROVED_CONCEPT_MEMBERSHIP	PRESERVE_SOURCE_MEMBERSHIP	RISK-04-APPROVE-001	62c2c50e3c0becbe23a686735d1a7e50ed8bce2f3fa23c539d2250b68227c2d7	c8c4232bf924b52636c9dc33fb1891473d548e09ed15de35f33764fe18603f3c	9493ff9f5515eec26daf0204589d1fa3dbb8128f2b58f3590f49244ebb4ecef4
31dab9df0da645915bb4890163c83e0921bcadf458c585622627699a5d0fc35f	CIC_W	1193	터널및광산측량	c5cf78146982f1a49871ccad7cb4bf27ab3178086bff58ad4a67b1969dd48709	80d29e8e-d871-433f-9af3-d06f1bf7e435	터널및광산측량	TASK	PROMOTED_FROM_SOURCE	EXACT_EQUIVALENT	PROPOSED	MANUAL_REVIEW	OWNER_APPROVED_CONCEPT_MEMBERSHIP	PRESERVE_SOURCE_MEMBERSHIP	RISK-04-APPROVE-001	62c2c50e3c0becbe23a686735d1a7e50ed8bce2f3fa23c539d2250b68227c2d7	c8c4232bf924b52636c9dc33fb1891473d548e09ed15de35f33764fe18603f3c	9493ff9f5515eec26daf0204589d1fa3dbb8128f2b58f3590f49244ebb4ecef4
73aa4898fdf7b9e4b26606f19da6a6553422364ad6cb3973797a81801b6a6340	CIC_W	1194	농지및삼림측량	a4786618be452304d37d7ebff5250df8fdf7eb9495b1b866acaf3d0059833470	00db3819-7b6a-4fc1-8497-2b3fb0998e16	농지및삼림측량	TASK	PROMOTED_FROM_SOURCE	EXACT_EQUIVALENT	PROPOSED	MANUAL_REVIEW	OWNER_APPROVED_CONCEPT_MEMBERSHIP	PRESERVE_SOURCE_MEMBERSHIP	RISK-04-APPROVE-001	62c2c50e3c0becbe23a686735d1a7e50ed8bce2f3fa23c539d2250b68227c2d7	c8c4232bf924b52636c9dc33fb1891473d548e09ed15de35f33764fe18603f3c	9493ff9f5515eec26daf0204589d1fa3dbb8128f2b58f3590f49244ebb4ecef4
7d8b2ba21d8b7b1cf75f36d67d033c887463d89739b761642bddbd5fb7cdd5ec	CIC_W	12	계측	1a13ea0495c762c614f4fa5cbcf476764c9287e017255d6e15df7cb6defa5748	f0d60f4d-849f-4ef2-aa5b-5535bca53c2a	계측	PROCESS	PROMOTED_FROM_SOURCE	EXACT_EQUIVALENT	PROPOSED	MANUAL_REVIEW	OWNER_APPROVED_CONCEPT_MEMBERSHIP	PRESERVE_SOURCE_MEMBERSHIP	RISK-04-APPROVE-001	62c2c50e3c0becbe23a686735d1a7e50ed8bce2f3fa23c539d2250b68227c2d7	c8c4232bf924b52636c9dc33fb1891473d548e09ed15de35f33764fe18603f3c	9493ff9f5515eec26daf0204589d1fa3dbb8128f2b58f3590f49244ebb4ecef4
939fed1995cf0830e22f344e55b0868bf86022ca54a12df46f38e4d679909e4a	CIC_W	121	토공사계측	1c9173573f2f0541138461293746faab63d48eb4018852a282872a0707ba58b1	fc10356e-8340-408d-b01e-9fa1a04457e2	토공사계측	PROCESS	PROMOTED_FROM_SOURCE	EXACT_EQUIVALENT	PROPOSED	MANUAL_REVIEW	OWNER_APPROVED_CONCEPT_MEMBERSHIP	PRESERVE_SOURCE_MEMBERSHIP	RISK-04-APPROVE-001	62c2c50e3c0becbe23a686735d1a7e50ed8bce2f3fa23c539d2250b68227c2d7	c8c4232bf924b52636c9dc33fb1891473d548e09ed15de35f33764fe18603f3c	9493ff9f5515eec26daf0204589d1fa3dbb8128f2b58f3590f49244ebb4ecef4
c499b8210e3c36c037ade75085b3d49502748c1b02d684f46f8d3fd881cfc60c	CIC_W	1211	지중수평변위측정	6ed307572f5006b02a115b119ae89781a91ac38eac8b6110e1a8ad46c18bb150	c1966878-5ed9-4ca1-b343-9b727cf82889	지중수평변위측정	TASK	PROMOTED_FROM_SOURCE	EXACT_EQUIVALENT	PROPOSED	MANUAL_REVIEW	OWNER_APPROVED_CONCEPT_MEMBERSHIP	PRESERVE_SOURCE_MEMBERSHIP	RISK-04-APPROVE-001	62c2c50e3c0becbe23a686735d1a7e50ed8bce2f3fa23c539d2250b68227c2d7	c8c4232bf924b52636c9dc33fb1891473d548e09ed15de35f33764fe18603f3c	9493ff9f5515eec26daf0204589d1fa3dbb8128f2b58f3590f49244ebb4ecef4
f40debe9499fc701dac20a14ac64038190aa3dc86aaa7e0cebf5329d4355088c	CIC_W	1213	지하수측정	47b8c92dbad812d2803d14e12ca54cfaf39daf3c02ab663c06fd4e614163332f	f0482ce2-917d-4304-8a73-7bc49997e105	지하수측정	TASK	PROMOTED_FROM_SOURCE	EXACT_EQUIVALENT	PROPOSED	MANUAL_REVIEW	OWNER_APPROVED_CONCEPT_MEMBERSHIP	PRESERVE_SOURCE_MEMBERSHIP	RISK-04-APPROVE-001	62c2c50e3c0becbe23a686735d1a7e50ed8bce2f3fa23c539d2250b68227c2d7	c8c4232bf924b52636c9dc33fb1891473d548e09ed15de35f33764fe18603f3c	9493ff9f5515eec26daf0204589d1fa3dbb8128f2b58f3590f49244ebb4ecef4
51310b6f6edfd15f27831b5685f769ffad17b06ea323be0ddf96d2c0435c99a4	CIC_W	1214	인접구조물경사도및균열측정	396cd9af911cf5a48d985fc5f503f910f25121c352ce5864a6eb342f2a71e31e	dac34e33-3e42-455e-8174-3036b893a646	인접구조물경사도및균열측정	TASK	PROMOTED_FROM_SOURCE	EXACT_EQUIVALENT	PROPOSED	MANUAL_REVIEW	OWNER_APPROVED_CONCEPT_MEMBERSHIP	PRESERVE_SOURCE_MEMBERSHIP	RISK-04-APPROVE-001	62c2c50e3c0becbe23a686735d1a7e50ed8bce2f3fa23c539d2250b68227c2d7	c8c4232bf924b52636c9dc33fb1891473d548e09ed15de35f33764fe18603f3c	9493ff9f5515eec26daf0204589d1fa3dbb8128f2b58f3590f49244ebb4ecef4
78b80f7fda032bfe94ce98e280522b2e311ad267babd9b66d24e134befebce8b	CIC_W	1215	토압측정(PressureCell)	b2d7029323cbc8a1b7cf8daf03b4331428d16f4d9f2a8f82908679624b5975e0	d4fe9abe-9afb-4788-88be-d209637f833d	토압측정(PressureCell)	TASK	PROMOTED_FROM_SOURCE	EXACT_EQUIVALENT	PROPOSED	MANUAL_REVIEW	OWNER_APPROVED_CONCEPT_MEMBERSHIP	PRESERVE_SOURCE_MEMBERSHIP	RISK-04-APPROVE-001	62c2c50e3c0becbe23a686735d1a7e50ed8bce2f3fa23c539d2250b68227c2d7	c8c4232bf924b52636c9dc33fb1891473d548e09ed15de35f33764fe18603f3c	9493ff9f5515eec26daf0204589d1fa3dbb8128f2b58f3590f49244ebb4ecef4
b00dfad3f8a42e7f1c0d082f4327e9132ffe9a41001452ab838d088e401013f5	CIC_W	1216	응력측정(StrainGauge)	2a7f4a15a55b8b24aa192c9bff7838332e5727d2d9bf8f55dff6adb4d2145813	b5e8da0b-94c9-4971-aa82-7590e3487425	응력측정(StrainGauge)	TASK	PROMOTED_FROM_SOURCE	EXACT_EQUIVALENT	PROPOSED	MANUAL_REVIEW	OWNER_APPROVED_CONCEPT_MEMBERSHIP	PRESERVE_SOURCE_MEMBERSHIP	RISK-04-APPROVE-001	62c2c50e3c0becbe23a686735d1a7e50ed8bce2f3fa23c539d2250b68227c2d7	c8c4232bf924b52636c9dc33fb1891473d548e09ed15de35f33764fe18603f3c	9493ff9f5515eec26daf0204589d1fa3dbb8128f2b58f3590f49244ebb4ecef4
f307319be0fb44e6ee3a474f1da691e88452ca0b32037359f4829deab8d360d2	CIC_W	1217	하중측정(LoadCell)	aee289032d15fd5ae53b2411a611a57e8438134de0f2b8616c2cf2665db2e7bd	345c6066-3bbd-464b-a3a8-c6a8ce7d9568	하중측정(LoadCell)	TASK	PROMOTED_FROM_SOURCE	EXACT_EQUIVALENT	PROPOSED	MANUAL_REVIEW	OWNER_APPROVED_CONCEPT_MEMBERSHIP	PRESERVE_SOURCE_MEMBERSHIP	RISK-04-APPROVE-001	62c2c50e3c0becbe23a686735d1a7e50ed8bce2f3fa23c539d2250b68227c2d7	c8c4232bf924b52636c9dc33fb1891473d548e09ed15de35f33764fe18603f3c	9493ff9f5515eec26daf0204589d1fa3dbb8128f2b58f3590f49244ebb4ecef4
e98e4800062b161f96e8c1d1726acf77084dfd8ee20121ccb157a4eea0fcda88	CIC_W	1218	진동소음측정	936088bde8d859b200f9cb8c0a12a89e475475749a9c7a8e771699e860620209	79edc07b-6516-44e8-8912-971db2a62c6b	진동소음측정	TASK	PROMOTED_FROM_SOURCE	EXACT_EQUIVALENT	PROPOSED	MANUAL_REVIEW	OWNER_APPROVED_CONCEPT_MEMBERSHIP	PRESERVE_SOURCE_MEMBERSHIP	RISK-04-APPROVE-001	62c2c50e3c0becbe23a686735d1a7e50ed8bce2f3fa23c539d2250b68227c2d7	c8c4232bf924b52636c9dc33fb1891473d548e09ed15de35f33764fe18603f3c	9493ff9f5515eec26daf0204589d1fa3dbb8128f2b58f3590f49244ebb4ecef4
f59d4f3d9fcb0b33dcd19e5aaa31a452257d7803435ceac3be2154ab35e155f0	CIC_W	122	구조체계측	9d99ccebbabc3543fa22a500a689aa9c9635bf56f19b31ae3a4c0a79be7f3c4a	ac018e40-20ae-468c-bbf0-78257d139fa1	구조체계측	PROCESS	PROMOTED_FROM_SOURCE	EXACT_EQUIVALENT	PROPOSED	MANUAL_REVIEW	OWNER_APPROVED_CONCEPT_MEMBERSHIP	PRESERVE_SOURCE_MEMBERSHIP	RISK-04-APPROVE-001	62c2c50e3c0becbe23a686735d1a7e50ed8bce2f3fa23c539d2250b68227c2d7	c8c4232bf924b52636c9dc33fb1891473d548e09ed15de35f33764fe18603f3c	9493ff9f5515eec26daf0204589d1fa3dbb8128f2b58f3590f49244ebb4ecef4
9966267117c442abdcc52189efd34c632e9bf629cac9898c3f95f9bcc6394be8	CIC_W	1221	구조체정적계측	fa43225f53340d18b87d168cfa3e666495b66b3d4620644f7ee0376095ff26ff	9a7a04c1-b008-4e1d-9719-8d5e1cdad256	구조체정적계측	TASK	PROMOTED_FROM_SOURCE	EXACT_EQUIVALENT	PROPOSED	MANUAL_REVIEW	OWNER_APPROVED_CONCEPT_MEMBERSHIP	PRESERVE_SOURCE_MEMBERSHIP	RISK-04-APPROVE-001	62c2c50e3c0becbe23a686735d1a7e50ed8bce2f3fa23c539d2250b68227c2d7	c8c4232bf924b52636c9dc33fb1891473d548e09ed15de35f33764fe18603f3c	9493ff9f5515eec26daf0204589d1fa3dbb8128f2b58f3590f49244ebb4ecef4
3dab3db773b4e9ee4760d6e869933db4aedec5884ed2bbae3fba2d5de02eb952	CIC_W	1222	동적계측	b96f9d30b8931f4768261890e851dbc2960bd14e6d98e1db0078be9a5d6da033	af3621c8-15bc-4ab6-b5ce-63f3cd83ebd1	동적계측	TASK	MERGED_FROM_REVIEWED_SOURCES	EXACT_EQUIVALENT	PROPOSED	MANUAL_REVIEW	OWNER_APPROVED_CONCEPT_MEMBERSHIP	PRESERVE_IN_SOURCE_MAPPING_EVIDENCE	RISK-04-APPROVE-001	62c2c50e3c0becbe23a686735d1a7e50ed8bce2f3fa23c539d2250b68227c2d7	c8c4232bf924b52636c9dc33fb1891473d548e09ed15de35f33764fe18603f3c	9493ff9f5515eec26daf0204589d1fa3dbb8128f2b58f3590f49244ebb4ecef4
a06186a9bde0af6c551424d0bad9582fcf507e6fd5c03d27265dc8bd34bb47e1	CIC_W	1223	하중측정	24d8355e17a8cef4c25f0f24c34bbf90473cbc175b0a1cf7f89950ec0e030fe1	8fd5bb0e-18b3-41ec-be34-9d9d065aa9e4	하중측정	TASK	PROMOTED_FROM_SOURCE	EXACT_EQUIVALENT	PROPOSED	MANUAL_REVIEW	OWNER_APPROVED_CONCEPT_MEMBERSHIP	PRESERVE_SOURCE_MEMBERSHIP	RISK-04-APPROVE-001	62c2c50e3c0becbe23a686735d1a7e50ed8bce2f3fa23c539d2250b68227c2d7	c8c4232bf924b52636c9dc33fb1891473d548e09ed15de35f33764fe18603f3c	9493ff9f5515eec26daf0204589d1fa3dbb8128f2b58f3590f49244ebb4ecef4
020ca1660ad1ba6b862a4bedca4ed79020331e08687667b6149a9495abd54cc6	CIC_W	1227	누수량측정	d9e2d17ba956006f5e9059476f1122f8976235c8494d7b2eafd43dc9485e1506	c6bedcb0-30cf-4f1e-9fa3-26259c7421b1	누수량측정	TASK	PROMOTED_FROM_SOURCE	EXACT_EQUIVALENT	PROPOSED	MANUAL_REVIEW	OWNER_APPROVED_CONCEPT_MEMBERSHIP	PRESERVE_SOURCE_MEMBERSHIP	RISK-04-APPROVE-001	62c2c50e3c0becbe23a686735d1a7e50ed8bce2f3fa23c539d2250b68227c2d7	c8c4232bf924b52636c9dc33fb1891473d548e09ed15de35f33764fe18603f3c	9493ff9f5515eec26daf0204589d1fa3dbb8128f2b58f3590f49244ebb4ecef4
7f04567b7b4eea9760a3047d35b5d6d6dc80cb0b45b9d70757a9a2aed8e41f4f	CIC_W	123	터널공사계측	7d998429c979fb90025cfdc3b72fcecbd47952246191a2bc1ef02f5874c6985e	48506cef-8fc8-4838-bbd7-86e32129f825	터널공사계측	PROCESS	PROMOTED_FROM_SOURCE	EXACT_EQUIVALENT	PROPOSED	MANUAL_REVIEW	OWNER_APPROVED_CONCEPT_MEMBERSHIP	PRESERVE_SOURCE_MEMBERSHIP	RISK-04-APPROVE-001	62c2c50e3c0becbe23a686735d1a7e50ed8bce2f3fa23c539d2250b68227c2d7	c8c4232bf924b52636c9dc33fb1891473d548e09ed15de35f33764fe18603f3c	9493ff9f5515eec26daf0204589d1fa3dbb8128f2b58f3590f49244ebb4ecef4
1d888bf510c35c3e19cdf17ac17a38061ea0445f37cda87984d9a704d9fc8e78	CIC_W	1231	터널내공변위측정	2ca4d39796491cdb2a1a251ae850ba2275741ae3c034df5e58355939e0616c76	0cad8b63-dc57-4a41-81c9-1aa43d51bc24	터널내공변위측정	TASK	PROMOTED_FROM_SOURCE	EXACT_EQUIVALENT	PROPOSED	MANUAL_REVIEW	OWNER_APPROVED_CONCEPT_MEMBERSHIP	PRESERVE_SOURCE_MEMBERSHIP	RISK-04-APPROVE-001	62c2c50e3c0becbe23a686735d1a7e50ed8bce2f3fa23c539d2250b68227c2d7	c8c4232bf924b52636c9dc33fb1891473d548e09ed15de35f33764fe18603f3c	9493ff9f5515eec26daf0204589d1fa3dbb8128f2b58f3590f49244ebb4ecef4
114d3fa71789ff1d594405ee08b5e4a0548a9caf0225e12e6fe6a5b4e31e99ed	CIC_W	1232	터널천단침하측정	292d17c406577beed16c4ff576a042dd571b8e42952e33857352de895625fb50	408aac7a-26ff-4304-af2b-d26089b4c56d	터널천단침하측정	TASK	PROMOTED_FROM_SOURCE	EXACT_EQUIVALENT	PROPOSED	MANUAL_REVIEW	OWNER_APPROVED_CONCEPT_MEMBERSHIP	PRESERVE_SOURCE_MEMBERSHIP	RISK-04-APPROVE-001	62c2c50e3c0becbe23a686735d1a7e50ed8bce2f3fa23c539d2250b68227c2d7	c8c4232bf924b52636c9dc33fb1891473d548e09ed15de35f33764fe18603f3c	9493ff9f5515eec26daf0204589d1fa3dbb8128f2b58f3590f49244ebb4ecef4
39cb1109038005b8d28e5bb8dee236ac9fbe66cc91cb82ff7d25e7043e0e1eb1	CIC_W	1233	터널내지중변위측정	23cf4984f96c73906eb6eb3d3a71ef7475f14cf43def5c670438cf5ed0f48a68	ba489302-8e06-48a5-8e14-25c1809cf5d8	터널내지중변위측정	TASK	PROMOTED_FROM_SOURCE	EXACT_EQUIVALENT	PROPOSED	MANUAL_REVIEW	OWNER_APPROVED_CONCEPT_MEMBERSHIP	PRESERVE_SOURCE_MEMBERSHIP	RISK-04-APPROVE-001	62c2c50e3c0becbe23a686735d1a7e50ed8bce2f3fa23c539d2250b68227c2d7	c8c4232bf924b52636c9dc33fb1891473d548e09ed15de35f33764fe18603f3c	9493ff9f5515eec26daf0204589d1fa3dbb8128f2b58f3590f49244ebb4ecef4
f3c94ea21f0f3dacb95c2f716797527f922ad50575d2970109845e7413a590c5	CIC_W	1234	RockBolt축력및인발측정	8e9d69ab9685301f267bff114fe2bbbc0fa2e10baa4db7297ee488b9430f78e2	06e686fc-0062-46af-b4f2-72027b7a4668	RockBolt축력및인발측정	TASK	PROMOTED_FROM_SOURCE	EXACT_EQUIVALENT	PROPOSED	MANUAL_REVIEW	OWNER_APPROVED_CONCEPT_MEMBERSHIP	PRESERVE_SOURCE_MEMBERSHIP	RISK-04-APPROVE-001	62c2c50e3c0becbe23a686735d1a7e50ed8bce2f3fa23c539d2250b68227c2d7	c8c4232bf924b52636c9dc33fb1891473d548e09ed15de35f33764fe18603f3c	9493ff9f5515eec26daf0204589d1fa3dbb8128f2b58f3590f49244ebb4ecef4
a4ed514549d422000d24fa79fa29129b72eebb391165d413c6236168875e8082	CIC_W	1235	Shotcrete응력측정	829d2d254e65f1cdd45a263429e0bc8c86b6270a6d9cb12aab9d3dba010f3724	49c2fe76-d45d-4e42-9b5c-1a793492c97d	Shotcrete응력측정	TASK	PROMOTED_FROM_SOURCE	EXACT_EQUIVALENT	PROPOSED	MANUAL_REVIEW	OWNER_APPROVED_CONCEPT_MEMBERSHIP	PRESERVE_SOURCE_MEMBERSHIP	RISK-04-APPROVE-001	62c2c50e3c0becbe23a686735d1a7e50ed8bce2f3fa23c539d2250b68227c2d7	c8c4232bf924b52636c9dc33fb1891473d548e09ed15de35f33764fe18603f3c	9493ff9f5515eec26daf0204589d1fa3dbb8128f2b58f3590f49244ebb4ecef4
11cf3668d8355888224df7a205c641311b6ad69a96f164ae4c7fa71eec8c5f3c	CIC_W	1236	지표및지중침하측정	941a681a1cdf0bb527274f0d493dab0416986e8a6993d9d7d885aeac94324598	b4675b66-9e65-4de3-ab16-8593b87f66c0	지표및지중침하측정	TASK	PROMOTED_FROM_SOURCE	EXACT_EQUIVALENT	PROPOSED	MANUAL_REVIEW	OWNER_APPROVED_CONCEPT_MEMBERSHIP	PRESERVE_SOURCE_MEMBERSHIP	RISK-04-APPROVE-001	62c2c50e3c0becbe23a686735d1a7e50ed8bce2f3fa23c539d2250b68227c2d7	c8c4232bf924b52636c9dc33fb1891473d548e09ed15de35f33764fe18603f3c	9493ff9f5515eec26daf0204589d1fa3dbb8128f2b58f3590f49244ebb4ecef4
ecf859bb4e9d935a69fa0bd529a2dbcc8c26ce6e582eaeee1de9ec74bc2bb9a4	CIC_W	124	교량공사계측	22c25c4d80b5f322322cf132f90fa62ee6252d49235e769b6fb93ec87f34cc77	351f17df-5f06-404d-8c36-49a5e51dba53	교량공사계측	PROCESS	PROMOTED_FROM_SOURCE	EXACT_EQUIVALENT	PROPOSED	MANUAL_REVIEW	OWNER_APPROVED_CONCEPT_MEMBERSHIP	PRESERVE_SOURCE_MEMBERSHIP	RISK-04-APPROVE-001	62c2c50e3c0becbe23a686735d1a7e50ed8bce2f3fa23c539d2250b68227c2d7	c8c4232bf924b52636c9dc33fb1891473d548e09ed15de35f33764fe18603f3c	9493ff9f5515eec26daf0204589d1fa3dbb8128f2b58f3590f49244ebb4ecef4
5444f2f81a3b9895f4c001584ee2961ade0aff70c41211ffb4b6da23d3c0d56e	CIC_W	1241	교량정적계측	283672ba6aac880e7e36e0f63c1e50a1ecd52f32990e5a866a592fe1b7d3f7b4	e9ce532d-9509-4c4c-bded-03d6fc383be0	교량정적계측	TASK	PROMOTED_FROM_SOURCE	EXACT_EQUIVALENT	PROPOSED	MANUAL_REVIEW	OWNER_APPROVED_CONCEPT_MEMBERSHIP	PRESERVE_SOURCE_MEMBERSHIP	RISK-04-APPROVE-001	62c2c50e3c0becbe23a686735d1a7e50ed8bce2f3fa23c539d2250b68227c2d7	c8c4232bf924b52636c9dc33fb1891473d548e09ed15de35f33764fe18603f3c	9493ff9f5515eec26daf0204589d1fa3dbb8128f2b58f3590f49244ebb4ecef4
7ea3e66463f0631e6b50c8e7468c874d770b27e8b148e631c96f0d559b9d98af	CIC_W	1242	동적계측	b96f9d30b8931f4768261890e851dbc2960bd14e6d98e1db0078be9a5d6da033	af3621c8-15bc-4ab6-b5ce-63f3cd83ebd1	동적계측	TASK	MERGED_FROM_REVIEWED_SOURCES	EXACT_EQUIVALENT	PROPOSED	MANUAL_REVIEW	OWNER_APPROVED_CONCEPT_MEMBERSHIP	PRESERVE_IN_SOURCE_MAPPING_EVIDENCE	RISK-04-APPROVE-001	62c2c50e3c0becbe23a686735d1a7e50ed8bce2f3fa23c539d2250b68227c2d7	c8c4232bf924b52636c9dc33fb1891473d548e09ed15de35f33764fe18603f3c	9493ff9f5515eec26daf0204589d1fa3dbb8128f2b58f3590f49244ebb4ecef4
f450aebe477a8103ee0cc8beecc84d068b0e93930e39fb1cbfdc0098bd2ebd65	CIC_W	125	댐 제방계측	af0269e3c78fd1fe872bdb61efabcf77f11a9d5eaf235b8217181d006274c974	5246393c-ea40-4aff-a8fc-442b9be412dd	댐 제방계측	PROCESS	PROMOTED_FROM_SOURCE	EXACT_EQUIVALENT	PROPOSED	MANUAL_REVIEW	OWNER_APPROVED_CONCEPT_MEMBERSHIP	PRESERVE_SOURCE_MEMBERSHIP	RISK-04-APPROVE-001	62c2c50e3c0becbe23a686735d1a7e50ed8bce2f3fa23c539d2250b68227c2d7	c8c4232bf924b52636c9dc33fb1891473d548e09ed15de35f33764fe18603f3c	9493ff9f5515eec26daf0204589d1fa3dbb8128f2b58f3590f49244ebb4ecef4
2adc248f70367f82775e622435ed79af7afe9bc275c907857d636f3b22beb8f2	CIC_W	126	단열 방음및방수공사계측	22d4d77b9102cf5423e38b70f7bc2417e6b7e22c20eed58d9c38e27bc4ff05a1	868708fb-8cf4-4e12-81b7-b5751a226280	단열 방음및방수공사계측	PROCESS	PROMOTED_FROM_SOURCE	EXACT_EQUIVALENT	PROPOSED	MANUAL_REVIEW	OWNER_APPROVED_CONCEPT_MEMBERSHIP	PRESERVE_SOURCE_MEMBERSHIP	RISK-04-APPROVE-001	62c2c50e3c0becbe23a686735d1a7e50ed8bce2f3fa23c539d2250b68227c2d7	c8c4232bf924b52636c9dc33fb1891473d548e09ed15de35f33764fe18603f3c	9493ff9f5515eec26daf0204589d1fa3dbb8128f2b58f3590f49244ebb4ecef4
6d04310d5cbb345167e806f34cac8a70bb009c4c9ed5c185ed05a706a323a66d	CIC_W	127	전기설비계측	ee39656eac7cf24f7f526e9f7b574b846dbc4d191c598c3b71dcf0ecaf4c7a5e	313b04c2-eaa2-48e9-b756-6501182f97c7	전기설비계측	PROCESS	PROMOTED_FROM_SOURCE	EXACT_EQUIVALENT	PROPOSED	MANUAL_REVIEW	OWNER_APPROVED_CONCEPT_MEMBERSHIP	PRESERVE_SOURCE_MEMBERSHIP	RISK-04-APPROVE-001	62c2c50e3c0becbe23a686735d1a7e50ed8bce2f3fa23c539d2250b68227c2d7	c8c4232bf924b52636c9dc33fb1891473d548e09ed15de35f33764fe18603f3c	9493ff9f5515eec26daf0204589d1fa3dbb8128f2b58f3590f49244ebb4ecef4
e992f90cae3116bcc8686797e52ddf2e5cef17d14b581a8229bb8c58f9426cb1	CIC_W	128	기계설비계측	e1cbb1b080e1b562d8c9e10f98618335b73f9849a442bf27c51f8985c966b080	66aa227f-5b7b-47aa-bbce-ca5e1185fafa	기계설비계측	PROCESS	PROMOTED_FROM_SOURCE	EXACT_EQUIVALENT	PROPOSED	MANUAL_REVIEW	OWNER_APPROVED_CONCEPT_MEMBERSHIP	PRESERVE_SOURCE_MEMBERSHIP	RISK-04-APPROVE-001	62c2c50e3c0becbe23a686735d1a7e50ed8bce2f3fa23c539d2250b68227c2d7	c8c4232bf924b52636c9dc33fb1891473d548e09ed15de35f33764fe18603f3c	9493ff9f5515eec26daf0204589d1fa3dbb8128f2b58f3590f49244ebb4ecef4
edf69549392646d8665a25dd1734e6657da0492c6fec58bd42e6dae52d2d0956	CIC_W	129	기타공사계측	0d445286205ef7f127b6f2084fe029d9f23005a11586364d5d0e91188055a4fc	55bee069-c895-4583-82a1-8a905bc28455	기타공사계측	PROCESS	PROMOTED_FROM_SOURCE	EXACT_EQUIVALENT	PROPOSED	MANUAL_REVIEW	OWNER_APPROVED_CONCEPT_MEMBERSHIP	PRESERVE_SOURCE_MEMBERSHIP	RISK-04-APPROVE-001	62c2c50e3c0becbe23a686735d1a7e50ed8bce2f3fa23c539d2250b68227c2d7	c8c4232bf924b52636c9dc33fb1891473d548e09ed15de35f33764fe18603f3c	9493ff9f5515eec26daf0204589d1fa3dbb8128f2b58f3590f49244ebb4ecef4
a8793a810d120e013c5f1bdb562fc93600b8b5141437b61582c5f66a7c553d3f	CIC_W	13	지반조사	daa906954562f1c33f219f508267ad546d282a7241c4251257bb6c8be54c0b5d	1f3fad6f-505e-4c8a-8924-44f68b3a0652	지반조사	PROCESS	PROMOTED_FROM_SOURCE	EXACT_EQUIVALENT	PROPOSED	MANUAL_REVIEW	OWNER_APPROVED_CONCEPT_MEMBERSHIP	PRESERVE_SOURCE_MEMBERSHIP	RISK-04-APPROVE-001	62c2c50e3c0becbe23a686735d1a7e50ed8bce2f3fa23c539d2250b68227c2d7	c8c4232bf924b52636c9dc33fb1891473d548e09ed15de35f33764fe18603f3c	9493ff9f5515eec26daf0204589d1fa3dbb8128f2b58f3590f49244ebb4ecef4
d56acf7c95cc0ee5cb7a0a99a1b40063b030a68551ad241346170cd2c399b793	CIC_W	131	시험굴착	d5c836cf4cffdb658245592f22386d2b5fd37310e0b428f15c718e71e700b1ba	b1711c33-2150-4175-af17-30437a6b908a	시험굴착	PROCESS	PROMOTED_FROM_SOURCE	EXACT_EQUIVALENT	PROPOSED	MANUAL_REVIEW	OWNER_APPROVED_CONCEPT_MEMBERSHIP	PRESERVE_SOURCE_MEMBERSHIP	RISK-04-APPROVE-001	62c2c50e3c0becbe23a686735d1a7e50ed8bce2f3fa23c539d2250b68227c2d7	c8c4232bf924b52636c9dc33fb1891473d548e09ed15de35f33764fe18603f3c	9493ff9f5515eec26daf0204589d1fa3dbb8128f2b58f3590f49244ebb4ecef4
b1301151cba75f8ec6046bde2fc8e5173c71181a286b610bbdfd31ad7f6fa111	CIC_W	1311	암이외의지질시험굴착	a17a2083817bf200d186e44992a9d49156c40bc14c598eade0fa0e652c423ca6	d35c54fb-26bc-4f27-b5ef-cd6ce1e2e04e	암이외의지질시험굴착	TASK	PROMOTED_FROM_SOURCE	EXACT_EQUIVALENT	PROPOSED	MANUAL_REVIEW	OWNER_APPROVED_CONCEPT_MEMBERSHIP	PRESERVE_SOURCE_MEMBERSHIP	RISK-04-APPROVE-001	62c2c50e3c0becbe23a686735d1a7e50ed8bce2f3fa23c539d2250b68227c2d7	c8c4232bf924b52636c9dc33fb1891473d548e09ed15de35f33764fe18603f3c	9493ff9f5515eec26daf0204589d1fa3dbb8128f2b58f3590f49244ebb4ecef4
8eb1ba6872574678bdd478e8d8fd0265cd0fafd11961489f713580c663597881	CIC_W	132	시추(보링)	3137f9ff0203fe08dc10f49878ebab54b1fe5cfcf883c274a7c4c8f92acfd1b5	de0838ee-23ff-4020-a494-8ee37e060315	시추(보링)	PROCESS	PROMOTED_FROM_SOURCE	EXACT_EQUIVALENT	PROPOSED	MANUAL_REVIEW	OWNER_APPROVED_CONCEPT_MEMBERSHIP	PRESERVE_SOURCE_MEMBERSHIP	RISK-04-APPROVE-001	62c2c50e3c0becbe23a686735d1a7e50ed8bce2f3fa23c539d2250b68227c2d7	c8c4232bf924b52636c9dc33fb1891473d548e09ed15de35f33764fe18603f3c	9493ff9f5515eec26daf0204589d1fa3dbb8128f2b58f3590f49244ebb4ecef4
315102264e939a1308c1069fd770edc2f27b63f82501a57f82e5931ebbf59550	CIC_W	133	샘플링	9c384f45877c7d72ffe4533d80d280cd211cb3e8d5be545cba2bead7104d13b1	fa26073f-586c-4a04-a24e-bf77762cb1d2	샘플링	PROCESS	PROMOTED_FROM_SOURCE	EXACT_EQUIVALENT	PROPOSED	MANUAL_REVIEW	OWNER_APPROVED_CONCEPT_MEMBERSHIP	PRESERVE_SOURCE_MEMBERSHIP	RISK-04-APPROVE-001	62c2c50e3c0becbe23a686735d1a7e50ed8bce2f3fa23c539d2250b68227c2d7	c8c4232bf924b52636c9dc33fb1891473d548e09ed15de35f33764fe18603f3c	9493ff9f5515eec26daf0204589d1fa3dbb8128f2b58f3590f49244ebb4ecef4
31a1d21420f4074500e9dbac89ce2dd336e93d2191d7ecc83923cc40ce6884e1	CIC_W	134	현장시험	a59c0bc5efafe8ced03e17d2e0a14ab093d3cb29ca6b9c750cbde03915173b6d	a94a4691-ba52-4ff6-8fac-bae9279adae5	현장시험	PROCESS	PROMOTED_FROM_SOURCE	EXACT_EQUIVALENT	PROPOSED	MANUAL_REVIEW	OWNER_APPROVED_CONCEPT_MEMBERSHIP	PRESERVE_SOURCE_MEMBERSHIP	RISK-04-APPROVE-001	62c2c50e3c0becbe23a686735d1a7e50ed8bce2f3fa23c539d2250b68227c2d7	c8c4232bf924b52636c9dc33fb1891473d548e09ed15de35f33764fe18603f3c	9493ff9f5515eec26daf0204589d1fa3dbb8128f2b58f3590f49244ebb4ecef4
27088b90f5912412e9f9d98f1ac5a45781bdaa40497ef0ddffc9a847303dc56a	CIC_W	1341	일반현장시험	82f7947d13a30fadf9dd168b9d5a6020f90ef662b2d8c226b29bb4d56828b653	ba00b036-bed2-413a-86ca-d7262f0d86f2	일반현장시험	TASK	PROMOTED_FROM_SOURCE	EXACT_EQUIVALENT	PROPOSED	MANUAL_REVIEW	OWNER_APPROVED_CONCEPT_MEMBERSHIP	PRESERVE_SOURCE_MEMBERSHIP	RISK-04-APPROVE-001	62c2c50e3c0becbe23a686735d1a7e50ed8bce2f3fa23c539d2250b68227c2d7	c8c4232bf924b52636c9dc33fb1891473d548e09ed15de35f33764fe18603f3c	9493ff9f5515eec26daf0204589d1fa3dbb8128f2b58f3590f49244ebb4ecef4
430b5562e2b7a1ba1c3e841596ceb55414de0e8c79e196f02bf3645a5205b880	CIC_W	1342	압밀시험	22422e38aef5b1746f897e811618ce9728392d205998bf4e29c7c714115ef45d	93cefdea-b09f-4999-ac7e-74633d5d8553	압밀시험	TASK	PROMOTED_FROM_SOURCE	EXACT_EQUIVALENT	PROPOSED	MANUAL_REVIEW	OWNER_APPROVED_CONCEPT_MEMBERSHIP	PRESERVE_SOURCE_MEMBERSHIP	RISK-04-APPROVE-001	62c2c50e3c0becbe23a686735d1a7e50ed8bce2f3fa23c539d2250b68227c2d7	c8c4232bf924b52636c9dc33fb1891473d548e09ed15de35f33764fe18603f3c	9493ff9f5515eec26daf0204589d1fa3dbb8128f2b58f3590f49244ebb4ecef4
f9b9f9685a6ca48d872ac57985c0a38b8e367dd9a2da4da90ec621dbad0f293c	CIC_W	1343	다짐시험	092012f72fa71dbe3c210029b2d3fd119cd18a4ab2362683b4610ea9e505dc12	fcb16e1a-bff3-44e4-bd6f-80ee1e1c6a72	다짐시험	TASK	PROMOTED_FROM_SOURCE	EXACT_EQUIVALENT	PROPOSED	MANUAL_REVIEW	OWNER_APPROVED_CONCEPT_MEMBERSHIP	PRESERVE_SOURCE_MEMBERSHIP	RISK-04-APPROVE-001	62c2c50e3c0becbe23a686735d1a7e50ed8bce2f3fa23c539d2250b68227c2d7	c8c4232bf924b52636c9dc33fb1891473d548e09ed15de35f33764fe18603f3c	9493ff9f5515eec26daf0204589d1fa3dbb8128f2b58f3590f49244ebb4ecef4
3a90be09b7be3fc1ef24238028bdd1f30b0bbd50b3b7cbf0b69f43608408c03c	CIC_W	1344	사운딩시험	574e9bef284ab77be9a1177d6f12c41cf1005f6ec5bb8de9aed96f6c74a5826c	43a78d85-0950-4f82-99dc-6f2f14d82963	사운딩시험	TASK	PROMOTED_FROM_SOURCE	EXACT_EQUIVALENT	PROPOSED	MANUAL_REVIEW	OWNER_APPROVED_CONCEPT_MEMBERSHIP	PRESERVE_SOURCE_MEMBERSHIP	RISK-04-APPROVE-001	62c2c50e3c0becbe23a686735d1a7e50ed8bce2f3fa23c539d2250b68227c2d7	c8c4232bf924b52636c9dc33fb1891473d548e09ed15de35f33764fe18603f3c	9493ff9f5515eec26daf0204589d1fa3dbb8128f2b58f3590f49244ebb4ecef4
b1267750f949367f6e8acd20bb5af7e25e1bb65415380a84b02eb8568d925ba6	CIC_W	135	실내실험	1cfec0bc08793ae94b4373544f7f2c319776ddeaba08da3e088897273233c360	df28c14e-0fab-4d8b-93a2-4803a1e122b4	실내실험	PROCESS	PROMOTED_FROM_SOURCE	EXACT_EQUIVALENT	PROPOSED	MANUAL_REVIEW	OWNER_APPROVED_CONCEPT_MEMBERSHIP	PRESERVE_SOURCE_MEMBERSHIP	RISK-04-APPROVE-001	62c2c50e3c0becbe23a686735d1a7e50ed8bce2f3fa23c539d2250b68227c2d7	c8c4232bf924b52636c9dc33fb1891473d548e09ed15de35f33764fe18603f3c	9493ff9f5515eec26daf0204589d1fa3dbb8128f2b58f3590f49244ebb4ecef4
ad970444d57611acc10fd0dbd74ed5a44565f61afa9170f3ff3524e43ba37c2b	CIC_W	1351	일반실내실험	ab490257bbbb9e9fed2e87a3e2101d2ede7d7c5ea60ef5f66e069d8faabf72af	175b3041-cc31-4af0-9d0c-6ffcfb5048b5	일반실내실험	TASK	PROMOTED_FROM_SOURCE	EXACT_EQUIVALENT	PROPOSED	MANUAL_REVIEW	OWNER_APPROVED_CONCEPT_MEMBERSHIP	PRESERVE_SOURCE_MEMBERSHIP	RISK-04-APPROVE-001	62c2c50e3c0becbe23a686735d1a7e50ed8bce2f3fa23c539d2250b68227c2d7	c8c4232bf924b52636c9dc33fb1891473d548e09ed15de35f33764fe18603f3c	9493ff9f5515eec26daf0204589d1fa3dbb8128f2b58f3590f49244ebb4ecef4
3c2e06701d2cead074c0f73687f16863bec502dfb3dd544aadc27d238fa38513	CIC_W	1352	화학성분실험	06f29e5d1c0ceba9f770fb01bcf5c0355047ad2cef3ab6eba232e835c880e3be	12389a9c-0581-4a2a-a5ea-e17be409bcf7	화학성분실험	TASK	PROMOTED_FROM_SOURCE	EXACT_EQUIVALENT	PROPOSED	MANUAL_REVIEW	OWNER_APPROVED_CONCEPT_MEMBERSHIP	PRESERVE_SOURCE_MEMBERSHIP	RISK-04-APPROVE-001	62c2c50e3c0becbe23a686735d1a7e50ed8bce2f3fa23c539d2250b68227c2d7	c8c4232bf924b52636c9dc33fb1891473d548e09ed15de35f33764fe18603f3c	9493ff9f5515eec26daf0204589d1fa3dbb8128f2b58f3590f49244ebb4ecef4
3475d3952885b0f22adabf2eab71ba5b55c4d1ea47114cfbe83f98d702587ed1	CIC_W	1353	실내다짐도실험	a7cb1adc7ed2df7532b4cdf5f7c58317406a809249aa3cdd07834e81726d22b9	68b825ff-07e8-4312-a109-005213651f4b	실내다짐도실험	TASK	PROMOTED_FROM_SOURCE	EXACT_EQUIVALENT	PROPOSED	MANUAL_REVIEW	OWNER_APPROVED_CONCEPT_MEMBERSHIP	PRESERVE_SOURCE_MEMBERSHIP	RISK-04-APPROVE-001	62c2c50e3c0becbe23a686735d1a7e50ed8bce2f3fa23c539d2250b68227c2d7	c8c4232bf924b52636c9dc33fb1891473d548e09ed15de35f33764fe18603f3c	9493ff9f5515eec26daf0204589d1fa3dbb8128f2b58f3590f49244ebb4ecef4
f56c9f899483d709bd5c06d7e13cfb13cf95f990381b3ddd8d7e8981cfb80f97	CIC_W	1354	투수시험	58cf954b77bbbc4a31846c4e814784229405ba1ba8f87332fc3a0b6f2367842a	74bf5cfd-b552-473c-9158-d4585291941f	투수시험	TASK	PROMOTED_FROM_SOURCE	EXACT_EQUIVALENT	PROPOSED	MANUAL_REVIEW	OWNER_APPROVED_CONCEPT_MEMBERSHIP	PRESERVE_SOURCE_MEMBERSHIP	RISK-04-APPROVE-001	62c2c50e3c0becbe23a686735d1a7e50ed8bce2f3fa23c539d2250b68227c2d7	c8c4232bf924b52636c9dc33fb1891473d548e09ed15de35f33764fe18603f3c	9493ff9f5515eec26daf0204589d1fa3dbb8128f2b58f3590f49244ebb4ecef4
d6d15ebb1c8f1786cc2f268ec4be269eca85b91ffa6b65b14a9e7be8ebe64391	CIC_W	1355	흙의강도시험	ad5aa719a9db70a167e29c1bbc2c48d5e6243c9d879003d534c6acc14176c980	0459ba9d-f79a-4f74-8291-20fc19430571	흙의강도시험	TASK	PROMOTED_FROM_SOURCE	EXACT_EQUIVALENT	PROPOSED	MANUAL_REVIEW	OWNER_APPROVED_CONCEPT_MEMBERSHIP	PRESERVE_SOURCE_MEMBERSHIP	RISK-04-APPROVE-001	62c2c50e3c0becbe23a686735d1a7e50ed8bce2f3fa23c539d2250b68227c2d7	c8c4232bf924b52636c9dc33fb1891473d548e09ed15de35f33764fe18603f3c	9493ff9f5515eec26daf0204589d1fa3dbb8128f2b58f3590f49244ebb4ecef4
49c85ef53d4cf786c958fdba9984e1663c1055744f8691dde89d763b7d7aa2c1	CIC_W	1356	토사류기타시험	ee921edac279290dd165e5e4a386ebd0488886641593c917d731098a68203c66	908da121-620d-42bd-947b-d7945690e1f3	토사류기타시험	TASK	PROMOTED_FROM_SOURCE	EXACT_EQUIVALENT	PROPOSED	MANUAL_REVIEW	OWNER_APPROVED_CONCEPT_MEMBERSHIP	PRESERVE_SOURCE_MEMBERSHIP	RISK-04-APPROVE-001	62c2c50e3c0becbe23a686735d1a7e50ed8bce2f3fa23c539d2250b68227c2d7	c8c4232bf924b52636c9dc33fb1891473d548e09ed15de35f33764fe18603f3c	9493ff9f5515eec26daf0204589d1fa3dbb8128f2b58f3590f49244ebb4ecef4
b522cff79f26b0c273443209d0df175cb72efc862866f31a59548741289d3348	CIC_W	136	암석 암반시험	c7f1f2cc78c4ae135dee0f12e4f7c7a93419f07e4924b72dc0cae7eb78ba51fe	6b2fd118-f45c-4ef3-8c3a-56769a54d6e1	암석 암반시험	PROCESS	PROMOTED_FROM_SOURCE	EXACT_EQUIVALENT	PROPOSED	MANUAL_REVIEW	OWNER_APPROVED_CONCEPT_MEMBERSHIP	PRESERVE_SOURCE_MEMBERSHIP	RISK-04-APPROVE-001	62c2c50e3c0becbe23a686735d1a7e50ed8bce2f3fa23c539d2250b68227c2d7	c8c4232bf924b52636c9dc33fb1891473d548e09ed15de35f33764fe18603f3c	9493ff9f5515eec26daf0204589d1fa3dbb8128f2b58f3590f49244ebb4ecef4
97af7f432009c6f5d345586d685efeaecec84674c21fbf6fe67c82aedd23f9bd	CIC_W	1361	암석시험	645496f94b416c444228542ea262cd4efe7b700f8f56571434f374379ccd5246	7978df0d-7318-4d00-a99c-133d5b7cdca7	암석시험	TASK	PROMOTED_FROM_SOURCE	EXACT_EQUIVALENT	PROPOSED	MANUAL_REVIEW	OWNER_APPROVED_CONCEPT_MEMBERSHIP	PRESERVE_SOURCE_MEMBERSHIP	RISK-04-APPROVE-001	62c2c50e3c0becbe23a686735d1a7e50ed8bce2f3fa23c539d2250b68227c2d7	c8c4232bf924b52636c9dc33fb1891473d548e09ed15de35f33764fe18603f3c	9493ff9f5515eec26daf0204589d1fa3dbb8128f2b58f3590f49244ebb4ecef4
0424298e927ef21b8f26a9cc7d7d9e060f3dc727449b44ed11b4174b1251aff2	CIC_W	1362	암반시험	7a8804dea1ba154d095565e97e6bccea70dc6494b5679e73e323c0757ed433f7	08e9ba68-ac17-4295-9624-13d58b026807	암반시험	TASK	PROMOTED_FROM_SOURCE	EXACT_EQUIVALENT	PROPOSED	MANUAL_REVIEW	OWNER_APPROVED_CONCEPT_MEMBERSHIP	PRESERVE_SOURCE_MEMBERSHIP	RISK-04-APPROVE-001	62c2c50e3c0becbe23a686735d1a7e50ed8bce2f3fa23c539d2250b68227c2d7	c8c4232bf924b52636c9dc33fb1891473d548e09ed15de35f33764fe18603f3c	9493ff9f5515eec26daf0204589d1fa3dbb8128f2b58f3590f49244ebb4ecef4
461102a33e0c73612b194db16745651d357dfe4d41f53fab9aac1b4f74bf7eb7	CIC_W	18	철거해체공사및시설물보호	13ef25655bb8802c9f2248fa72aa1339b99db5cd94f16bd2ae8d59f8ac83db00	25e2cf2e-83c2-4ecc-a6c0-e313f101102a	철거해체공사및시설물보호	PROCESS	PROMOTED_FROM_SOURCE	EXACT_EQUIVALENT	PROPOSED	MANUAL_REVIEW	OWNER_APPROVED_CONCEPT_MEMBERSHIP	PRESERVE_SOURCE_MEMBERSHIP	RISK-04-APPROVE-001	62c2c50e3c0becbe23a686735d1a7e50ed8bce2f3fa23c539d2250b68227c2d7	c8c4232bf924b52636c9dc33fb1891473d548e09ed15de35f33764fe18603f3c	9493ff9f5515eec26daf0204589d1fa3dbb8128f2b58f3590f49244ebb4ecef4
ab7b1f618b43b5372e5d8417307aa70bf21ac642811c69824c01b70776d407bf	CIC_W	181	지상지장물철거 해체	869d9f89089f464d0e892d12e31f0a5a40cac8a69d3a0568757aeb3fd3c29ec9	35971f29-8d83-432e-b5d9-dea20b607c61	지상지장물철거 해체	PROCESS	PROMOTED_FROM_SOURCE	EXACT_EQUIVALENT	PROPOSED	MANUAL_REVIEW	OWNER_APPROVED_CONCEPT_MEMBERSHIP	PRESERVE_SOURCE_MEMBERSHIP	RISK-04-APPROVE-001	62c2c50e3c0becbe23a686735d1a7e50ed8bce2f3fa23c539d2250b68227c2d7	c8c4232bf924b52636c9dc33fb1891473d548e09ed15de35f33764fe18603f3c	9493ff9f5515eec26daf0204589d1fa3dbb8128f2b58f3590f49244ebb4ecef4
0379c965c5b54283abb1c3e0786a9dd310d5deb9d130c708e3b62ccd9fcf4ca0	CIC_W	1811	벌개 제근	34dbde855ab59721c5c6b4d1ac70756caf56032c2fb0d6799a81935bec2e7c58	0a9e3562-e5da-4fc7-bcf3-a8fd224dda13	벌개 제근	TASK	PROMOTED_FROM_SOURCE	EXACT_EQUIVALENT	PROPOSED	MANUAL_REVIEW	OWNER_APPROVED_CONCEPT_MEMBERSHIP	PRESERVE_SOURCE_MEMBERSHIP	RISK-04-APPROVE-001	62c2c50e3c0becbe23a686735d1a7e50ed8bce2f3fa23c539d2250b68227c2d7	c8c4232bf924b52636c9dc33fb1891473d548e09ed15de35f33764fe18603f3c	9493ff9f5515eec26daf0204589d1fa3dbb8128f2b58f3590f49244ebb4ecef4
a339c8a98e8aee10d230b09ea34149b84ae2f1e7184b7962e8f1e6a4c091441c	CIC_W	1812	지장수목이식	eca34b9dc0d2d1398780bb3649b098fa4577ffb8e312f417d0d1c1b5c42fc359	e481516f-fb99-4104-a1b1-2187345f2031	지장수목이식	TASK	PROMOTED_FROM_SOURCE	EXACT_EQUIVALENT	PROPOSED	MANUAL_REVIEW	OWNER_APPROVED_CONCEPT_MEMBERSHIP	PRESERVE_SOURCE_MEMBERSHIP	RISK-04-APPROVE-001	62c2c50e3c0becbe23a686735d1a7e50ed8bce2f3fa23c539d2250b68227c2d7	c8c4232bf924b52636c9dc33fb1891473d548e09ed15de35f33764fe18603f3c	9493ff9f5515eec26daf0204589d1fa3dbb8128f2b58f3590f49244ebb4ecef4
964ccc688f9cb11ca836307521c35edac767c3d8cfbad9984953c476b8f01166	CIC_W	1813	암지장물제거	d55f02d74724bc40cb48d3667d99923f7581a1cdf272e7f2b1d3a46cf02da3a7	93b31a0b-6b50-4935-b40a-4e02877aaa05	암지장물제거	TASK	PROMOTED_FROM_SOURCE	EXACT_EQUIVALENT	PROPOSED	MANUAL_REVIEW	OWNER_APPROVED_CONCEPT_MEMBERSHIP	PRESERVE_SOURCE_MEMBERSHIP	RISK-04-APPROVE-001	62c2c50e3c0becbe23a686735d1a7e50ed8bce2f3fa23c539d2250b68227c2d7	c8c4232bf924b52636c9dc33fb1891473d548e09ed15de35f33764fe18603f3c	9493ff9f5515eec26daf0204589d1fa3dbb8128f2b58f3590f49244ebb4ecef4
8470424244ea9fe325d288960cf86b692fbea1d9d68e2cd4bd1c8eed16211431	CIC_W	1814	설치지장물제거	4e9686090013c69a8a71ca0d50f5ff01af2dd56c7a442e272dd24cb0eaf94525	545a5282-2c94-471a-9ed3-bd7fccfc6787	설치지장물제거	TASK	PROMOTED_FROM_SOURCE	EXACT_EQUIVALENT	PROPOSED	MANUAL_REVIEW	OWNER_APPROVED_CONCEPT_MEMBERSHIP	PRESERVE_SOURCE_MEMBERSHIP	RISK-04-APPROVE-001	62c2c50e3c0becbe23a686735d1a7e50ed8bce2f3fa23c539d2250b68227c2d7	c8c4232bf924b52636c9dc33fb1891473d548e09ed15de35f33764fe18603f3c	9493ff9f5515eec26daf0204589d1fa3dbb8128f2b58f3590f49244ebb4ecef4
4e18801ecf5a4b0ccab76b0d479c21fe824dec530a7e0d2f9dbb0acd11fde19c	CIC_W	1815	토석제거	bca0ac57710857cd81b9a9b38caf1fbf54203b4276e184a3a3731ac1cdb086f7	4abc6255-93d5-4e5b-a95b-d45c34cecb89	토석제거	TASK	PROMOTED_FROM_SOURCE	EXACT_EQUIVALENT	PROPOSED	MANUAL_REVIEW	OWNER_APPROVED_CONCEPT_MEMBERSHIP	PRESERVE_SOURCE_MEMBERSHIP	RISK-04-APPROVE-001	62c2c50e3c0becbe23a686735d1a7e50ed8bce2f3fa23c539d2250b68227c2d7	c8c4232bf924b52636c9dc33fb1891473d548e09ed15de35f33764fe18603f3c	9493ff9f5515eec26daf0204589d1fa3dbb8128f2b58f3590f49244ebb4ecef4
9a11bb3af5696b49579027148d839a1552d0a18ca52a4dc8c8be6451535b379c	CIC_W	182	지상구조물철거 해체	255d60e7fb7f5be1ec9308980924ecdd73790d9874ec07b53dad5a969b7e8129	ee7cba05-c783-4381-821a-bcb3d17c1c87	지상구조물철거 해체	PROCESS	PROMOTED_FROM_SOURCE	EXACT_EQUIVALENT	PROPOSED	MANUAL_REVIEW	OWNER_APPROVED_CONCEPT_MEMBERSHIP	PRESERVE_SOURCE_MEMBERSHIP	RISK-04-APPROVE-001	62c2c50e3c0becbe23a686735d1a7e50ed8bce2f3fa23c539d2250b68227c2d7	c8c4232bf924b52636c9dc33fb1891473d548e09ed15de35f33764fe18603f3c	9493ff9f5515eec26daf0204589d1fa3dbb8128f2b58f3590f49244ebb4ecef4
6b5ce56b8e09a4752755a89373016d62d00358d7afe426022953613a091e8a21	CIC_W	1821	콘크리트구조물철거	bcd33311034205c53d95d0a3083f6e832dd4d5f75bc26618bbe4bbaa2453ebe8	f21e4973-4c74-49e3-ae03-7c57dfa29cae	콘크리트구조물철거	TASK	PROMOTED_FROM_SOURCE	EXACT_EQUIVALENT	PROPOSED	MANUAL_REVIEW	OWNER_APPROVED_CONCEPT_MEMBERSHIP	PRESERVE_SOURCE_MEMBERSHIP	RISK-04-APPROVE-001	62c2c50e3c0becbe23a686735d1a7e50ed8bce2f3fa23c539d2250b68227c2d7	c8c4232bf924b52636c9dc33fb1891473d548e09ed15de35f33764fe18603f3c	9493ff9f5515eec26daf0204589d1fa3dbb8128f2b58f3590f49244ebb4ecef4
386586cffbd00369541a316c6161f4d35b54b11c36b5774b619708f172be1132	CIC_W	1823	철골구조물철거	ad786f35898c1c6b60c8ecd2f9d07a6059f9fca279b1594ae8694b63ac5a5d1a	256009b0-1a5a-41e4-9a9a-bd19783e2e8b	철골구조물철거	TASK	PROMOTED_FROM_SOURCE	EXACT_EQUIVALENT	PROPOSED	MANUAL_REVIEW	OWNER_APPROVED_CONCEPT_MEMBERSHIP	PRESERVE_SOURCE_MEMBERSHIP	RISK-04-APPROVE-001	62c2c50e3c0becbe23a686735d1a7e50ed8bce2f3fa23c539d2250b68227c2d7	c8c4232bf924b52636c9dc33fb1891473d548e09ed15de35f33764fe18603f3c	9493ff9f5515eec26daf0204589d1fa3dbb8128f2b58f3590f49244ebb4ecef4
0b1c86ddc9522ecaf2aa9ac1565e55ef35890c1d4db6a6ee46216e66b4bb2b99	CIC_W	1824	포장제거	f1ce1085aa7de89c8f19a00c7ec475adcf76e1ba4c0a0651bb993777187dd60c	64cc5b9c-74bc-41e3-97cb-f1fe81f0d0f9	포장제거	TASK	PROMOTED_FROM_SOURCE	EXACT_EQUIVALENT	PROPOSED	MANUAL_REVIEW	OWNER_APPROVED_CONCEPT_MEMBERSHIP	PRESERVE_SOURCE_MEMBERSHIP	RISK-04-APPROVE-001	62c2c50e3c0becbe23a686735d1a7e50ed8bce2f3fa23c539d2250b68227c2d7	c8c4232bf924b52636c9dc33fb1891473d548e09ed15de35f33764fe18603f3c	9493ff9f5515eec26daf0204589d1fa3dbb8128f2b58f3590f49244ebb4ecef4
0b93c14da3c03344cbaf7bf3a3f731e7d2de07ad6492d517ec2a37ab0576b7a7	CIC_W	1825	석축및옹벽철거	d4313699d1a739af3f46fdd04c696fd8c585d30266c15e10039d7bda3030635e	7dda85c2-2670-4427-b53c-0215a9a4fa14	석축및옹벽철거	TASK	PROMOTED_FROM_SOURCE	EXACT_EQUIVALENT	PROPOSED	MANUAL_REVIEW	OWNER_APPROVED_CONCEPT_MEMBERSHIP	PRESERVE_SOURCE_MEMBERSHIP	RISK-04-APPROVE-001	62c2c50e3c0becbe23a686735d1a7e50ed8bce2f3fa23c539d2250b68227c2d7	c8c4232bf924b52636c9dc33fb1891473d548e09ed15de35f33764fe18603f3c	9493ff9f5515eec26daf0204589d1fa3dbb8128f2b58f3590f49244ebb4ecef4
ca82e39292ecd550d9cb0d2e67ae9fd290c46a5c83995a94db5621deb63678d7	CIC_W	183	해상구조물철거 해체	744061e7626adb46fab501aaaf3b3731bb7ae3ec1ac10fd12ea0cc6e0dfde5b7	df4016d2-ef88-480b-8c28-32f0585f8346	해상구조물철거 해체	PROCESS	PROMOTED_FROM_SOURCE	EXACT_EQUIVALENT	PROPOSED	MANUAL_REVIEW	OWNER_APPROVED_CONCEPT_MEMBERSHIP	PRESERVE_SOURCE_MEMBERSHIP	RISK-04-APPROVE-001	62c2c50e3c0becbe23a686735d1a7e50ed8bce2f3fa23c539d2250b68227c2d7	c8c4232bf924b52636c9dc33fb1891473d548e09ed15de35f33764fe18603f3c	9493ff9f5515eec26daf0204589d1fa3dbb8128f2b58f3590f49244ebb4ecef4
d9698de05afb4c5543cbe4a3336ce6164e48170a3e038c36eebe087fbe1ddd62	CIC_W	1831	해상콘크리트구조물철거 해체	7e68620b12c851771d85c67bf2f4069e4538960ac80db7a33b26132d285fb650	c85d4beb-19a1-4acf-be09-01cba9bc60f1	해상콘크리트구조물철거 해체	TASK	PROMOTED_FROM_SOURCE	EXACT_EQUIVALENT	PROPOSED	MANUAL_REVIEW	OWNER_APPROVED_CONCEPT_MEMBERSHIP	PRESERVE_SOURCE_MEMBERSHIP	RISK-04-APPROVE-001	62c2c50e3c0becbe23a686735d1a7e50ed8bce2f3fa23c539d2250b68227c2d7	c8c4232bf924b52636c9dc33fb1891473d548e09ed15de35f33764fe18603f3c	9493ff9f5515eec26daf0204589d1fa3dbb8128f2b58f3590f49244ebb4ecef4
c253640202d113b04b3fbb5973a0b6bba4c572f1aec827cea255c21e640c7ad8	CIC_W	1832	해상조적구조물철거 해체	ed15ca5ed04f6f1e53e392a212b8daa90473afb681c0389b8369a357eaf6d3bb	4ce2bef1-24a0-4fee-85db-596f91fe313b	해상조적구조물철거 해체	TASK	PROMOTED_FROM_SOURCE	EXACT_EQUIVALENT	PROPOSED	MANUAL_REVIEW	OWNER_APPROVED_CONCEPT_MEMBERSHIP	PRESERVE_SOURCE_MEMBERSHIP	RISK-04-APPROVE-001	62c2c50e3c0becbe23a686735d1a7e50ed8bce2f3fa23c539d2250b68227c2d7	c8c4232bf924b52636c9dc33fb1891473d548e09ed15de35f33764fe18603f3c	9493ff9f5515eec26daf0204589d1fa3dbb8128f2b58f3590f49244ebb4ecef4
b9a231c3baadc0517d3fd58d2dd83a6aeee3c2fade998e38a88b627b5ae60166	CIC_W	1833	해상철골구조물철거해체	db76321feb88cf7ff6d601f409ad1f8de5a42bf7b7b2539f827ba36d50a46e22	059fee94-2440-449a-9bb1-05197b5176fe	해상철골구조물철거해체	TASK	PROMOTED_FROM_SOURCE	EXACT_EQUIVALENT	PROPOSED	MANUAL_REVIEW	OWNER_APPROVED_CONCEPT_MEMBERSHIP	PRESERVE_SOURCE_MEMBERSHIP	RISK-04-APPROVE-001	62c2c50e3c0becbe23a686735d1a7e50ed8bce2f3fa23c539d2250b68227c2d7	c8c4232bf924b52636c9dc33fb1891473d548e09ed15de35f33764fe18603f3c	9493ff9f5515eec26daf0204589d1fa3dbb8128f2b58f3590f49244ebb4ecef4
1ae31e0f3c3d6441876977382798b35c4dde65429858cc4fab39f72a311af56d	CIC_W	1834	해상토석제거	d46d12baaf833aa4d804ee35aa1bd5ec740b821479064e39f2ee518fece80639	8a44ad5c-8215-4fdc-8693-5120e1cc2983	해상토석제거	TASK	PROMOTED_FROM_SOURCE	EXACT_EQUIVALENT	PROPOSED	MANUAL_REVIEW	OWNER_APPROVED_CONCEPT_MEMBERSHIP	PRESERVE_SOURCE_MEMBERSHIP	RISK-04-APPROVE-001	62c2c50e3c0becbe23a686735d1a7e50ed8bce2f3fa23c539d2250b68227c2d7	c8c4232bf924b52636c9dc33fb1891473d548e09ed15de35f33764fe18603f3c	9493ff9f5515eec26daf0204589d1fa3dbb8128f2b58f3590f49244ebb4ecef4
7edc34774b925d2d35c17acdd604c41d97bd96458a856401828fbb20ba05ebab	CIC_W	184	지하지장물철거 해체	da5a624c501a2655039fba24eaaf4598e3c28c9642b2e2bc8b23d69a8361f5b1	a285976c-d91c-435f-be2b-717d72e6d83f	지하지장물철거 해체	PROCESS	PROMOTED_FROM_SOURCE	EXACT_EQUIVALENT	PROPOSED	MANUAL_REVIEW	OWNER_APPROVED_CONCEPT_MEMBERSHIP	PRESERVE_SOURCE_MEMBERSHIP	RISK-04-APPROVE-001	62c2c50e3c0becbe23a686735d1a7e50ed8bce2f3fa23c539d2250b68227c2d7	c8c4232bf924b52636c9dc33fb1891473d548e09ed15de35f33764fe18603f3c	9493ff9f5515eec26daf0204589d1fa3dbb8128f2b58f3590f49244ebb4ecef4
c1f35b9812becf3a2e0a9f75ba8e2814b6598597f7e444f0b3f56b4fd468556c	CIC_W	1841	콘크리트관제거	92ee7f92edaf02bf0edfb9c8ed4e4eedd1f107dcdf0db2213f7a5c3316d53829	e80a8e00-e81e-4eea-ae0f-b514fa64f54c	콘크리트관제거	TASK	PROMOTED_FROM_SOURCE	EXACT_EQUIVALENT	PROPOSED	MANUAL_REVIEW	OWNER_APPROVED_CONCEPT_MEMBERSHIP	PRESERVE_SOURCE_MEMBERSHIP	RISK-04-APPROVE-001	62c2c50e3c0becbe23a686735d1a7e50ed8bce2f3fa23c539d2250b68227c2d7	c8c4232bf924b52636c9dc33fb1891473d548e09ed15de35f33764fe18603f3c	9493ff9f5515eec26daf0204589d1fa3dbb8128f2b58f3590f49244ebb4ecef4
a45364ee6239790bc91b6d106ee80fc09c08c8bb9f15df238c3c9343a7f21858	CIC_W	1842	주철관제거	212cf0ac94fa76903bc13bcf17ea9f72644354fedfafd1f1b8ba3de44f5812f3	f90a7410-7df8-46c7-b36a-c710a3d92cef	주철관제거	TASK	PROMOTED_FROM_SOURCE	EXACT_EQUIVALENT	PROPOSED	MANUAL_REVIEW	OWNER_APPROVED_CONCEPT_MEMBERSHIP	PRESERVE_SOURCE_MEMBERSHIP	RISK-04-APPROVE-001	62c2c50e3c0becbe23a686735d1a7e50ed8bce2f3fa23c539d2250b68227c2d7	c8c4232bf924b52636c9dc33fb1891473d548e09ed15de35f33764fe18603f3c	9493ff9f5515eec26daf0204589d1fa3dbb8128f2b58f3590f49244ebb4ecef4
73faf55a7b65c43cebfbb334c92f108a6c697e5cbc6573d7a48081f8292eeb36	CIC_W	1843	강관제거	48db09a5c979dacda0d7439f0c38140596e51093b4defd05e94cad0b4e061a3e	0f6dfbd6-b755-4241-9e27-470e8a4b68e7	강관제거	TASK	PROMOTED_FROM_SOURCE	EXACT_EQUIVALENT	PROPOSED	MANUAL_REVIEW	OWNER_APPROVED_CONCEPT_MEMBERSHIP	PRESERVE_SOURCE_MEMBERSHIP	RISK-04-APPROVE-001	62c2c50e3c0becbe23a686735d1a7e50ed8bce2f3fa23c539d2250b68227c2d7	c8c4232bf924b52636c9dc33fb1891473d548e09ed15de35f33764fe18603f3c	9493ff9f5515eec26daf0204589d1fa3dbb8128f2b58f3590f49244ebb4ecef4
bc0f2b565bcce447820281431dff48e1121507ec5ff9ba3cf45cf7d0fc64d587	CIC_W	1844	PVC관제거	d332c618dd4658d13fbc7b41b96deafa49e8fc97b662ba54324f758f3d1b4bf3	9cf5956f-642a-450b-bd8d-43033204f8c5	PVC관제거	TASK	PROMOTED_FROM_SOURCE	EXACT_EQUIVALENT	PROPOSED	MANUAL_REVIEW	OWNER_APPROVED_CONCEPT_MEMBERSHIP	PRESERVE_SOURCE_MEMBERSHIP	RISK-04-APPROVE-001	62c2c50e3c0becbe23a686735d1a7e50ed8bce2f3fa23c539d2250b68227c2d7	c8c4232bf924b52636c9dc33fb1891473d548e09ed15de35f33764fe18603f3c	9493ff9f5515eec26daf0204589d1fa3dbb8128f2b58f3590f49244ebb4ecef4
d7e8f39cbf528281c4a81357291bfc69866f7697180c74102cdc09ebb942b9e8	CIC_W	1845	통신케이블제거	922e8ecaf464567fda92d0646c68db67b1bc1032cca59137f58543f4de835ce8	6a2247a9-9e66-43b7-950c-89ea34a0f8e4	통신케이블제거	TASK	PROMOTED_FROM_SOURCE	EXACT_EQUIVALENT	PROPOSED	MANUAL_REVIEW	OWNER_APPROVED_CONCEPT_MEMBERSHIP	PRESERVE_SOURCE_MEMBERSHIP	RISK-04-APPROVE-001	62c2c50e3c0becbe23a686735d1a7e50ed8bce2f3fa23c539d2250b68227c2d7	c8c4232bf924b52636c9dc33fb1891473d548e09ed15de35f33764fe18603f3c	9493ff9f5515eec26daf0204589d1fa3dbb8128f2b58f3590f49244ebb4ecef4
638a6f60c77b26497fd650576ed7e31e034ac685ce008cdcb39bc6abf155f30e	CIC_W	1846	전선관로제거	03f737d4cc74725d2b592f051fe6b0ee81cad48cc7d89c46ced43836f408c3d2	ad160a3c-f507-45de-bc66-82060376c638	전선관로제거	TASK	PROMOTED_FROM_SOURCE	EXACT_EQUIVALENT	PROPOSED	MANUAL_REVIEW	OWNER_APPROVED_CONCEPT_MEMBERSHIP	PRESERVE_SOURCE_MEMBERSHIP	RISK-04-APPROVE-001	62c2c50e3c0becbe23a686735d1a7e50ed8bce2f3fa23c539d2250b68227c2d7	c8c4232bf924b52636c9dc33fb1891473d548e09ed15de35f33764fe18603f3c	9493ff9f5515eec26daf0204589d1fa3dbb8128f2b58f3590f49244ebb4ecef4
2204b9bd181af5f98037bec0cc6d135e0f4f2f2fef3d868659690156073f05d9	CIC_W	1849	기타지하지장물제거	e233e4d3d76b645969408d42c3cc3901d49e4aa8708571e5b697d3b162601361	dc7a9f70-09a9-468e-a91f-822f0c832aa6	기타지하지장물제거	TASK	PROMOTED_FROM_SOURCE	EXACT_EQUIVALENT	PROPOSED	MANUAL_REVIEW	OWNER_APPROVED_CONCEPT_MEMBERSHIP	PRESERVE_SOURCE_MEMBERSHIP	RISK-04-APPROVE-001	62c2c50e3c0becbe23a686735d1a7e50ed8bce2f3fa23c539d2250b68227c2d7	c8c4232bf924b52636c9dc33fb1891473d548e09ed15de35f33764fe18603f3c	9493ff9f5515eec26daf0204589d1fa3dbb8128f2b58f3590f49244ebb4ecef4
1caf01bbb109a69ce2508959e1c64d60bc44853d25f7079e1783c95663e81fbc	CIC_W	185	지하구조물제거 - - 대․중․소 분류대․중․소 분류	662a1cd5be3e0e40b809a2385f9b185da542c9cafc8a3f8b26ea47aac1b6e4a7	abcb1e66-9a44-41c9-9baa-8482f9498106	지하구조물제거	PROCESS	PROMOTED_FROM_SOURCE	EXACT_EQUIVALENT	PROPOSED	MANUAL_REVIEW	OWNER_APPROVED_CONCEPT_MEMBERSHIP	PRESERVE_SOURCE_MEMBERSHIP	RISK-04-APPROVE-001	62c2c50e3c0becbe23a686735d1a7e50ed8bce2f3fa23c539d2250b68227c2d7	c8c4232bf924b52636c9dc33fb1891473d548e09ed15de35f33764fe18603f3c	9493ff9f5515eec26daf0204589d1fa3dbb8128f2b58f3590f49244ebb4ecef4
8dd434e0972dece4d4917ff35453fd6c75943056706bb4acc87e678367b87da4	CIC_W	1851	철근콘크리트기초제거	87c1ecef3b17bd67dc73a39b696bee0c6c3680be1a6b581bff96055b5ac07e64	4f229d28-26e9-4f50-a58b-a172cd19cc56	철근콘크리트기초제거	TASK	PROMOTED_FROM_SOURCE	EXACT_EQUIVALENT	PROPOSED	MANUAL_REVIEW	OWNER_APPROVED_CONCEPT_MEMBERSHIP	PRESERVE_SOURCE_MEMBERSHIP	RISK-04-APPROVE-001	62c2c50e3c0becbe23a686735d1a7e50ed8bce2f3fa23c539d2250b68227c2d7	c8c4232bf924b52636c9dc33fb1891473d548e09ed15de35f33764fe18603f3c	9493ff9f5515eec26daf0204589d1fa3dbb8128f2b58f3590f49244ebb4ecef4
eaddfcb31d2c77b48540e6eeb1cabba0ebdcdf6fcd67421b93ab640a9ea8eb5a	CIC_W	1852	무근콘크리트제거	9aecf60758dba3ebeaf95274c622558e81440c214e4131e3f755d73ce8ffc4c2	d4083196-f5da-4051-914f-d5b9df7e6f57	무근콘크리트제거	TASK	PROMOTED_FROM_SOURCE	EXACT_EQUIVALENT	PROPOSED	MANUAL_REVIEW	OWNER_APPROVED_CONCEPT_MEMBERSHIP	PRESERVE_SOURCE_MEMBERSHIP	RISK-04-APPROVE-001	62c2c50e3c0becbe23a686735d1a7e50ed8bce2f3fa23c539d2250b68227c2d7	c8c4232bf924b52636c9dc33fb1891473d548e09ed15de35f33764fe18603f3c	9493ff9f5515eec26daf0204589d1fa3dbb8128f2b58f3590f49244ebb4ecef4
c2c4a1d2b93648d26a45e176002e07464d59b3d8280b6bf91f62a2e488f2a860	CIC_W	1853	암거제거	4a456803b62795c08c75b71cb3eabbd0dca48e7a8d0e7cb0509be3a10b5a699c	b2c92947-03cb-49f8-83d6-8fdc655f37f8	암거제거	TASK	PROMOTED_FROM_SOURCE	EXACT_EQUIVALENT	PROPOSED	MANUAL_REVIEW	OWNER_APPROVED_CONCEPT_MEMBERSHIP	PRESERVE_SOURCE_MEMBERSHIP	RISK-04-APPROVE-001	62c2c50e3c0becbe23a686735d1a7e50ed8bce2f3fa23c539d2250b68227c2d7	c8c4232bf924b52636c9dc33fb1891473d548e09ed15de35f33764fe18603f3c	9493ff9f5515eec26daf0204589d1fa3dbb8128f2b58f3590f49244ebb4ecef4
90c097f3363578dc7d62ec1a7cbbfade559484b7ae5da1c992754583aba4c3f0	CIC_W	1859	기타지하구조물제거	72f60ec1e67b3a98729837870fd95698488aaac96744f016ee02cb7c861c4df2	99d71e86-a3a7-4478-8b3f-b0b8412c2f35	기타지하구조물제거	TASK	PROMOTED_FROM_SOURCE	EXACT_EQUIVALENT	PROPOSED	MANUAL_REVIEW	OWNER_APPROVED_CONCEPT_MEMBERSHIP	PRESERVE_SOURCE_MEMBERSHIP	RISK-04-APPROVE-001	62c2c50e3c0becbe23a686735d1a7e50ed8bce2f3fa23c539d2250b68227c2d7	c8c4232bf924b52636c9dc33fb1891473d548e09ed15de35f33764fe18603f3c	9493ff9f5515eec26daf0204589d1fa3dbb8128f2b58f3590f49244ebb4ecef4
1cfbc5b09aaafe81b87cb8a6a58403e99e24e052d1e76f1988ae23c065809bf5	CIC_W	186	기계설비철거 해체	7813a8d1e3c60d92b3956e15f6ed59cb0f8161ab2b50edab4d4f901288342ed0	efa362d3-2550-439a-a444-c44d1639f8f5	기계설비철거 해체	PROCESS	PROMOTED_FROM_SOURCE	EXACT_EQUIVALENT	PROPOSED	MANUAL_REVIEW	OWNER_APPROVED_CONCEPT_MEMBERSHIP	PRESERVE_SOURCE_MEMBERSHIP	RISK-04-APPROVE-001	62c2c50e3c0becbe23a686735d1a7e50ed8bce2f3fa23c539d2250b68227c2d7	c8c4232bf924b52636c9dc33fb1891473d548e09ed15de35f33764fe18603f3c	9493ff9f5515eec26daf0204589d1fa3dbb8128f2b58f3590f49244ebb4ecef4
4fb5bbe4a6119700db2e05d32ff3d81cde81a3e275ebcadb9b2faa109cb3bd18	CIC_W	1861	배관철거 해체	4a6cae8b65bedc11b1616a7a667a747d748907580ba113761f735b55675f5ece	fd590839-06c9-46fb-938a-c81d45fde853	배관철거 해체	TASK	MERGED_FROM_REVIEWED_SOURCES	EXACT_EQUIVALENT	PROPOSED	MANUAL_REVIEW	OWNER_APPROVED_CONCEPT_MEMBERSHIP	PRESERVE_IN_SOURCE_MAPPING_EVIDENCE	RISK-04-APPROVE-001	62c2c50e3c0becbe23a686735d1a7e50ed8bce2f3fa23c539d2250b68227c2d7	c8c4232bf924b52636c9dc33fb1891473d548e09ed15de35f33764fe18603f3c	9493ff9f5515eec26daf0204589d1fa3dbb8128f2b58f3590f49244ebb4ecef4
aca77ff0254207e8cbba08adff1d4515b8770d65ecb2878cf24379e88b9760cb	CIC_W	1862	덕트철거 해체	203b84ed102fd95d016341b2468dc30760c47ee3f41ef084a91278d28d38bc37	d6313284-b9da-4405-acca-109bfab538a0	덕트철거 해체	TASK	PROMOTED_FROM_SOURCE	EXACT_EQUIVALENT	PROPOSED	MANUAL_REVIEW	OWNER_APPROVED_CONCEPT_MEMBERSHIP	PRESERVE_SOURCE_MEMBERSHIP	RISK-04-APPROVE-001	62c2c50e3c0becbe23a686735d1a7e50ed8bce2f3fa23c539d2250b68227c2d7	c8c4232bf924b52636c9dc33fb1891473d548e09ed15de35f33764fe18603f3c	9493ff9f5515eec26daf0204589d1fa3dbb8128f2b58f3590f49244ebb4ecef4
ebfc9ed4069a667aaf7f6672fa6b0bfdf75d9cebdc13e8a86b914d9f7b298f3e	CIC_W	1863	장비철거 해체	d7a4359635a90a4ae705a4e232e3096c0bbe9b47aa7a1b3470e92af01ce3674e	a230c986-0104-41b3-9363-bee3c3887732	장비철거 해체	TASK	MERGED_FROM_REVIEWED_SOURCES	EXACT_EQUIVALENT	PROPOSED	MANUAL_REVIEW	OWNER_APPROVED_CONCEPT_MEMBERSHIP	PRESERVE_IN_SOURCE_MAPPING_EVIDENCE	RISK-04-APPROVE-001	62c2c50e3c0becbe23a686735d1a7e50ed8bce2f3fa23c539d2250b68227c2d7	c8c4232bf924b52636c9dc33fb1891473d548e09ed15de35f33764fe18603f3c	9493ff9f5515eec26daf0204589d1fa3dbb8128f2b58f3590f49244ebb4ecef4
38ea5066047cca57e649ac06b13b6120b3e28f120810514aaa91d53b9e5850d3	CIC_W	1864	잡철물철거 해체	25bc4f13e4b4fea37cc37f94f886e10167e0c84a5d3abd5a1ff8836797e88a87	d5d703c3-07d8-4e25-9631-3d24dec0d5cf	잡철물철거 해체	TASK	MERGED_FROM_REVIEWED_SOURCES	EXACT_EQUIVALENT	PROPOSED	MANUAL_REVIEW	OWNER_APPROVED_CONCEPT_MEMBERSHIP	PRESERVE_IN_SOURCE_MAPPING_EVIDENCE	RISK-04-APPROVE-001	62c2c50e3c0becbe23a686735d1a7e50ed8bce2f3fa23c539d2250b68227c2d7	c8c4232bf924b52636c9dc33fb1891473d548e09ed15de35f33764fe18603f3c	9493ff9f5515eec26daf0204589d1fa3dbb8128f2b58f3590f49244ebb4ecef4
0cdc5ab92b292b76e00f3cf10a49ee542675f9f29c687c952d07668f7b2af741	CIC_W	1865	보온재철거 해체	8fc02e537926b554d7ba0a1b74582b4f08d19e15f71b9203d9781d17426a0183	b4be40c3-4b8e-47ff-b43c-3c690ebf65d9	보온재철거 해체	TASK	PROMOTED_FROM_SOURCE	EXACT_EQUIVALENT	PROPOSED	MANUAL_REVIEW	OWNER_APPROVED_CONCEPT_MEMBERSHIP	PRESERVE_SOURCE_MEMBERSHIP	RISK-04-APPROVE-001	62c2c50e3c0becbe23a686735d1a7e50ed8bce2f3fa23c539d2250b68227c2d7	c8c4232bf924b52636c9dc33fb1891473d548e09ed15de35f33764fe18603f3c	9493ff9f5515eec26daf0204589d1fa3dbb8128f2b58f3590f49244ebb4ecef4
d91c35d2ee233912eb467c6ec30c421226a1d3e7efef6a372d28be70013644f5	CIC_W	1866	위생도기철거 해체	fae9d846f0ef7c18b38c69e2c0a5b3680621e25d48b9ba3f4577c63e32f61f90	0e0da9fe-15d9-460c-b3e4-b00fece2d593	위생도기철거 해체	TASK	PROMOTED_FROM_SOURCE	EXACT_EQUIVALENT	PROPOSED	MANUAL_REVIEW	OWNER_APPROVED_CONCEPT_MEMBERSHIP	PRESERVE_SOURCE_MEMBERSHIP	RISK-04-APPROVE-001	62c2c50e3c0becbe23a686735d1a7e50ed8bce2f3fa23c539d2250b68227c2d7	c8c4232bf924b52636c9dc33fb1891473d548e09ed15de35f33764fe18603f3c	9493ff9f5515eec26daf0204589d1fa3dbb8128f2b58f3590f49244ebb4ecef4
7daa1f26e030428d6fdd40e5ae8abdf2e4363e286d233f09d98b5000a3f8e343	CIC_W	1869	기타설비철거 해체	005d0dfd2cad0c9323c44f72ed07f07542c6070730dcd2cd92c8f04c962f7609	5aebdf52-f246-4667-8f2c-fab4948666fe	기타설비철거 해체	TASK	PROMOTED_FROM_SOURCE	EXACT_EQUIVALENT	PROPOSED	MANUAL_REVIEW	OWNER_APPROVED_CONCEPT_MEMBERSHIP	PRESERVE_SOURCE_MEMBERSHIP	RISK-04-APPROVE-001	62c2c50e3c0becbe23a686735d1a7e50ed8bce2f3fa23c539d2250b68227c2d7	c8c4232bf924b52636c9dc33fb1891473d548e09ed15de35f33764fe18603f3c	9493ff9f5515eec26daf0204589d1fa3dbb8128f2b58f3590f49244ebb4ecef4
2ad533dcc77df1d302c86daabf3e9992c1992915943fb7e3457e7ba044585b68	CIC_W	187	전기 통신설비철거 해체	3c3ea3dc55db80472b59e9cf2576dc14a2029e2402467451af504591ead80e56	e8320c12-4f59-4b4f-bbc1-952e327d1e68	전기 통신설비철거 해체	PROCESS	PROMOTED_FROM_SOURCE	EXACT_EQUIVALENT	PROPOSED	MANUAL_REVIEW	OWNER_APPROVED_CONCEPT_MEMBERSHIP	PRESERVE_SOURCE_MEMBERSHIP	RISK-04-APPROVE-001	62c2c50e3c0becbe23a686735d1a7e50ed8bce2f3fa23c539d2250b68227c2d7	c8c4232bf924b52636c9dc33fb1891473d548e09ed15de35f33764fe18603f3c	9493ff9f5515eec26daf0204589d1fa3dbb8128f2b58f3590f49244ebb4ecef4
229174f5f12156a8511167cc3b868fc7f6ed98f975824be11babbbf9dd40ab79	CIC_W	1871	배관철거 해체	4a6cae8b65bedc11b1616a7a667a747d748907580ba113761f735b55675f5ece	fd590839-06c9-46fb-938a-c81d45fde853	배관철거 해체	TASK	MERGED_FROM_REVIEWED_SOURCES	EXACT_EQUIVALENT	PROPOSED	MANUAL_REVIEW	OWNER_APPROVED_CONCEPT_MEMBERSHIP	PRESERVE_IN_SOURCE_MAPPING_EVIDENCE	RISK-04-APPROVE-001	62c2c50e3c0becbe23a686735d1a7e50ed8bce2f3fa23c539d2250b68227c2d7	c8c4232bf924b52636c9dc33fb1891473d548e09ed15de35f33764fe18603f3c	9493ff9f5515eec26daf0204589d1fa3dbb8128f2b58f3590f49244ebb4ecef4
09993aa44cb0372496f81c4f5b909dd41ea596f47cd67211ff4c0b6c03020f99	CIC_W	1872	관로철거 해체	03edc6aaf74d36fdeac3b4e9f48c7096b32675e82e44372512aea710d640cbdd	9c97a7f9-2706-4e81-8676-bb197ce94669	관로철거 해체	TASK	PROMOTED_FROM_SOURCE	EXACT_EQUIVALENT	PROPOSED	MANUAL_REVIEW	OWNER_APPROVED_CONCEPT_MEMBERSHIP	PRESERVE_SOURCE_MEMBERSHIP	RISK-04-APPROVE-001	62c2c50e3c0becbe23a686735d1a7e50ed8bce2f3fa23c539d2250b68227c2d7	c8c4232bf924b52636c9dc33fb1891473d548e09ed15de35f33764fe18603f3c	9493ff9f5515eec26daf0204589d1fa3dbb8128f2b58f3590f49244ebb4ecef4
b976e0d003611646bb4807db2e096fc973b40033ebae20f9d3af9bf513091c34	CIC_W	1873	장비철거 해체	d7a4359635a90a4ae705a4e232e3096c0bbe9b47aa7a1b3470e92af01ce3674e	a230c986-0104-41b3-9363-bee3c3887732	장비철거 해체	TASK	MERGED_FROM_REVIEWED_SOURCES	EXACT_EQUIVALENT	PROPOSED	MANUAL_REVIEW	OWNER_APPROVED_CONCEPT_MEMBERSHIP	PRESERVE_IN_SOURCE_MAPPING_EVIDENCE	RISK-04-APPROVE-001	62c2c50e3c0becbe23a686735d1a7e50ed8bce2f3fa23c539d2250b68227c2d7	c8c4232bf924b52636c9dc33fb1891473d548e09ed15de35f33764fe18603f3c	9493ff9f5515eec26daf0204589d1fa3dbb8128f2b58f3590f49244ebb4ecef4
f4b2e32ee1ac3bee129eb710e3c7f71b09d4460ab8adf42843b82a0118521994	CIC_W	1874	잡철물철거 해체	25bc4f13e4b4fea37cc37f94f886e10167e0c84a5d3abd5a1ff8836797e88a87	d5d703c3-07d8-4e25-9631-3d24dec0d5cf	잡철물철거 해체	TASK	MERGED_FROM_REVIEWED_SOURCES	EXACT_EQUIVALENT	PROPOSED	MANUAL_REVIEW	OWNER_APPROVED_CONCEPT_MEMBERSHIP	PRESERVE_IN_SOURCE_MAPPING_EVIDENCE	RISK-04-APPROVE-001	62c2c50e3c0becbe23a686735d1a7e50ed8bce2f3fa23c539d2250b68227c2d7	c8c4232bf924b52636c9dc33fb1891473d548e09ed15de35f33764fe18603f3c	9493ff9f5515eec26daf0204589d1fa3dbb8128f2b58f3590f49244ebb4ecef4
9dd1b067cb379e6c14640677ed8858891fbedb697261025780f61b080d908163	CIC_W	1875	옥내설비철거 해체	26dd36e40ba952e3cdd14d47c6c9def91d39054c49f7902dbdfe7f72b1fbdc5f	146fdf2a-11d5-4950-9e4b-f702cba90007	옥내설비철거 해체	TASK	PROMOTED_FROM_SOURCE	EXACT_EQUIVALENT	PROPOSED	MANUAL_REVIEW	OWNER_APPROVED_CONCEPT_MEMBERSHIP	PRESERVE_SOURCE_MEMBERSHIP	RISK-04-APPROVE-001	62c2c50e3c0becbe23a686735d1a7e50ed8bce2f3fa23c539d2250b68227c2d7	c8c4232bf924b52636c9dc33fb1891473d548e09ed15de35f33764fe18603f3c	9493ff9f5515eec26daf0204589d1fa3dbb8128f2b58f3590f49244ebb4ecef4
d194869c361a2435c736453d9ca1cdda188576f4cd6a095a7d75815005bf6ac4	CIC_W	1876	옥외설비철거 해체	6530234cba5ddef601be2c1504a4cfa23b81c37e15e90af1cf9c8f60ea0c0d85	1dff0a5a-4b33-4951-bf7d-ea150494e57a	옥외설비철거 해체	TASK	PROMOTED_FROM_SOURCE	EXACT_EQUIVALENT	PROPOSED	MANUAL_REVIEW	OWNER_APPROVED_CONCEPT_MEMBERSHIP	PRESERVE_SOURCE_MEMBERSHIP	RISK-04-APPROVE-001	62c2c50e3c0becbe23a686735d1a7e50ed8bce2f3fa23c539d2250b68227c2d7	c8c4232bf924b52636c9dc33fb1891473d548e09ed15de35f33764fe18603f3c	9493ff9f5515eec26daf0204589d1fa3dbb8128f2b58f3590f49244ebb4ecef4
266c29f44f3d1b11eb4cc523c1f4b1d3b2c89167df7d6b4b3280a5f93e665689	CIC_W	1879	기타설비철거 해체	e6426f5c925e1d0e0dd09f8b0d7d6a77346a40a9e688a9289a6ed44b389eba96	2250aaed-d2c7-4d5f-a883-ef9c311600ac	기타설비철거 해체	TASK	PROMOTED_FROM_SOURCE	EXACT_EQUIVALENT	PROPOSED	MANUAL_REVIEW	OWNER_APPROVED_CONCEPT_MEMBERSHIP	PRESERVE_SOURCE_MEMBERSHIP	RISK-04-APPROVE-001	62c2c50e3c0becbe23a686735d1a7e50ed8bce2f3fa23c539d2250b68227c2d7	c8c4232bf924b52636c9dc33fb1891473d548e09ed15de35f33764fe18603f3c	9493ff9f5515eec26daf0204589d1fa3dbb8128f2b58f3590f49244ebb4ecef4
e82f1b286d87ef63ca0c2a8fde2fa633a7ca56618feaa798c4018fa39ff90c9e	CIC_W	188	지장물보호	41b344dc518604752e2786172abc1ac201b9b2c46e12748176892739cb6f486d	209d3e49-43e7-437f-b858-b024d7cb9b32	지장물보호	PROCESS	PROMOTED_FROM_SOURCE	EXACT_EQUIVALENT	PROPOSED	MANUAL_REVIEW	OWNER_APPROVED_CONCEPT_MEMBERSHIP	PRESERVE_SOURCE_MEMBERSHIP	RISK-04-APPROVE-001	62c2c50e3c0becbe23a686735d1a7e50ed8bce2f3fa23c539d2250b68227c2d7	c8c4232bf924b52636c9dc33fb1891473d548e09ed15de35f33764fe18603f3c	9493ff9f5515eec26daf0204589d1fa3dbb8128f2b58f3590f49244ebb4ecef4
0b798a12b6243365382c5cc78ceb6d2c538b2c0edc0f6dfcf96de2e6014b2cbd	CIC_W	1881	기존관보호	254d5085e643785109d73fc4eb46f521b74d59fc3ee7c196de808b0963a30cbe	4d3a6218-d432-48a5-a145-406137d63ee5	기존관보호	TASK	PROMOTED_FROM_SOURCE	EXACT_EQUIVALENT	PROPOSED	MANUAL_REVIEW	OWNER_APPROVED_CONCEPT_MEMBERSHIP	PRESERVE_SOURCE_MEMBERSHIP	RISK-04-APPROVE-001	62c2c50e3c0becbe23a686735d1a7e50ed8bce2f3fa23c539d2250b68227c2d7	c8c4232bf924b52636c9dc33fb1891473d548e09ed15de35f33764fe18603f3c	9493ff9f5515eec26daf0204589d1fa3dbb8128f2b58f3590f49244ebb4ecef4
4e831c2553c54949c673704aa1b9308e8675d01695829076178997ce6b85ba68	CIC_W	1882	지상구조물보호	2a1a872e2f45ced774bf57413d026ad299139d5789d14d3d5510a0745584afb8	b603fe0c-dbe5-499a-abae-47c44f3df190	지상구조물보호	TASK	PROMOTED_FROM_SOURCE	EXACT_EQUIVALENT	PROPOSED	MANUAL_REVIEW	OWNER_APPROVED_CONCEPT_MEMBERSHIP	PRESERVE_SOURCE_MEMBERSHIP	RISK-04-APPROVE-001	62c2c50e3c0becbe23a686735d1a7e50ed8bce2f3fa23c539d2250b68227c2d7	c8c4232bf924b52636c9dc33fb1891473d548e09ed15de35f33764fe18603f3c	9493ff9f5515eec26daf0204589d1fa3dbb8128f2b58f3590f49244ebb4ecef4
3fa0070b476d7fcd083f81201b249b2dd98b8ee50dad51806d2a775c18547bc6	CIC_W	1883	지하구조물보호	aa9cec147c8e9095c1a46bfdee6469313e725bdc8a2e6740e04d5199ceeb5e85	6289d8db-cf00-4cca-8799-ae5dee928f9b	지하구조물보호	TASK	PROMOTED_FROM_SOURCE	EXACT_EQUIVALENT	PROPOSED	MANUAL_REVIEW	OWNER_APPROVED_CONCEPT_MEMBERSHIP	PRESERVE_SOURCE_MEMBERSHIP	RISK-04-APPROVE-001	62c2c50e3c0becbe23a686735d1a7e50ed8bce2f3fa23c539d2250b68227c2d7	c8c4232bf924b52636c9dc33fb1891473d548e09ed15de35f33764fe18603f3c	9493ff9f5515eec26daf0204589d1fa3dbb8128f2b58f3590f49244ebb4ecef4
78aa230ac5b246fdea16e442731fcfc5e215f63c8cfdce90f1a492f6d7531e38	CIC_W	1884	수목보호	20d0a78bd41105759c47ddf26bb9dad13eb55368ade8a3b5f5e3968c5e8c8ba4	32372575-6768-4b12-a062-7ddd80068c57	수목보호	TASK	PROMOTED_FROM_SOURCE	EXACT_EQUIVALENT	PROPOSED	MANUAL_REVIEW	OWNER_APPROVED_CONCEPT_MEMBERSHIP	PRESERVE_SOURCE_MEMBERSHIP	RISK-04-APPROVE-001	62c2c50e3c0becbe23a686735d1a7e50ed8bce2f3fa23c539d2250b68227c2d7	c8c4232bf924b52636c9dc33fb1891473d548e09ed15de35f33764fe18603f3c	9493ff9f5515eec26daf0204589d1fa3dbb8128f2b58f3590f49244ebb4ecef4
ec2bc08b20be6a7b5550c0aa37a00ca7925a94bb7b414aaf87dbcc86dacaa807	CIC_W	189	기타철거 해체공사및시설물보호	67d06617cea1577eb709994ee92d946d084281eb80809509efaf18587809e46a	6353d995-fc95-4892-bb2c-a0f03c87109d	기타철거 해체공사및시설물보호	PROCESS	PROMOTED_FROM_SOURCE	EXACT_EQUIVALENT	PROPOSED	MANUAL_REVIEW	OWNER_APPROVED_CONCEPT_MEMBERSHIP	PRESERVE_SOURCE_MEMBERSHIP	RISK-04-APPROVE-001	62c2c50e3c0becbe23a686735d1a7e50ed8bce2f3fa23c539d2250b68227c2d7	c8c4232bf924b52636c9dc33fb1891473d548e09ed15de35f33764fe18603f3c	9493ff9f5515eec26daf0204589d1fa3dbb8128f2b58f3590f49244ebb4ecef4
1b893cbb27dfcadda3e69b27690ed4215265187deb164d6985b26525bb57a996	CIC_W	21	토공사	1b01f7e3cd4bfbdcf610554066aa88036ab7be729aa908b66f0ec7936195732d	b07d3c54-238b-4c4a-95b2-5aaabf182076	토공사	PROCESS	PROMOTED_FROM_SOURCE	EXACT_EQUIVALENT	PROPOSED	MANUAL_REVIEW	OWNER_APPROVED_CONCEPT_MEMBERSHIP	PRESERVE_SOURCE_MEMBERSHIP	RISK-04-APPROVE-001	62c2c50e3c0becbe23a686735d1a7e50ed8bce2f3fa23c539d2250b68227c2d7	c8c4232bf924b52636c9dc33fb1891473d548e09ed15de35f33764fe18603f3c	9493ff9f5515eec26daf0204589d1fa3dbb8128f2b58f3590f49244ebb4ecef4
b536353fb863bfcceb3740e4221c55e941e22312b0d477e73bd73c3ab69d079c	CIC_W	211	표토제거및부지정지	0707456a5c306be3d67234d29e08107639ee0b50f5a561190a450f493338c615	ed0b5c8b-42a0-460d-bfe4-188a13265758	표토제거및부지정지	PROCESS	PROMOTED_FROM_SOURCE	EXACT_EQUIVALENT	PROPOSED	MANUAL_REVIEW	OWNER_APPROVED_CONCEPT_MEMBERSHIP	PRESERVE_SOURCE_MEMBERSHIP	RISK-04-APPROVE-001	62c2c50e3c0becbe23a686735d1a7e50ed8bce2f3fa23c539d2250b68227c2d7	c8c4232bf924b52636c9dc33fb1891473d548e09ed15de35f33764fe18603f3c	9493ff9f5515eec26daf0204589d1fa3dbb8128f2b58f3590f49244ebb4ecef4
deccf4e0ca174caf10d9055c487af6a46d6acd21d30323b25a6bb98d7d93b945	CIC_W	2111	표토제거	c392f17c82510d2ddb2e28ac1a169e548f65ba5462cf30dbc4cf31dc3ab111ff	a7106b20-76ca-427f-aa45-2f0b1d417f15	표토제거	TASK	PROMOTED_FROM_SOURCE	EXACT_EQUIVALENT	PROPOSED	MANUAL_REVIEW	OWNER_APPROVED_CONCEPT_MEMBERSHIP	PRESERVE_SOURCE_MEMBERSHIP	RISK-04-APPROVE-001	62c2c50e3c0becbe23a686735d1a7e50ed8bce2f3fa23c539d2250b68227c2d7	c8c4232bf924b52636c9dc33fb1891473d548e09ed15de35f33764fe18603f3c	9493ff9f5515eec26daf0204589d1fa3dbb8128f2b58f3590f49244ebb4ecef4
fc078c8ec3827cf3980dd4d9471623308506210c6a57992fabb445c5c7f8e21d	CIC_W	2112	일반부지정지	63614b8ad85464833ce9d4e05a1bdc3833551143a579366556e05784a29adab2	5bb130b1-f1ab-4cdb-86d8-9b0985bf9a81	일반부지정지	TASK	PROMOTED_FROM_SOURCE	EXACT_EQUIVALENT	PROPOSED	MANUAL_REVIEW	OWNER_APPROVED_CONCEPT_MEMBERSHIP	PRESERVE_SOURCE_MEMBERSHIP	RISK-04-APPROVE-001	62c2c50e3c0becbe23a686735d1a7e50ed8bce2f3fa23c539d2250b68227c2d7	c8c4232bf924b52636c9dc33fb1891473d548e09ed15de35f33764fe18603f3c	9493ff9f5515eec26daf0204589d1fa3dbb8128f2b58f3590f49244ebb4ecef4
aa95e02d6bc60d96aa7c50f35be474f0692ba0a408d808484894e80888e63d16	CIC_W	2113	절토면고르기	fd72ccba1b2890b393bd7c04c7e7d25ab5b9876283ab835d9d6715a19164a85f	1ff1902b-89e9-4b8f-b173-4ea36c7047ea	절토면고르기	TASK	PROMOTED_FROM_SOURCE	EXACT_EQUIVALENT	PROPOSED	MANUAL_REVIEW	OWNER_APPROVED_CONCEPT_MEMBERSHIP	PRESERVE_SOURCE_MEMBERSHIP	RISK-04-APPROVE-001	62c2c50e3c0becbe23a686735d1a7e50ed8bce2f3fa23c539d2250b68227c2d7	c8c4232bf924b52636c9dc33fb1891473d548e09ed15de35f33764fe18603f3c	9493ff9f5515eec26daf0204589d1fa3dbb8128f2b58f3590f49244ebb4ecef4
01808fbd930160aae39edf275adb04722c7acbcd971b4039a9d54fa38632f769	CIC_W	2114	성토면고르기	dc5b89670ed5dc697666ca690e9fdf1d9df6dd17034604b08335645b74cdb035	e26ed88c-bc75-4fe8-abc4-5831f0ab182c	성토면고르기	TASK	PROMOTED_FROM_SOURCE	EXACT_EQUIVALENT	PROPOSED	MANUAL_REVIEW	OWNER_APPROVED_CONCEPT_MEMBERSHIP	PRESERVE_SOURCE_MEMBERSHIP	RISK-04-APPROVE-001	62c2c50e3c0becbe23a686735d1a7e50ed8bce2f3fa23c539d2250b68227c2d7	c8c4232bf924b52636c9dc33fb1891473d548e09ed15de35f33764fe18603f3c	9493ff9f5515eec26daf0204589d1fa3dbb8128f2b58f3590f49244ebb4ecef4
3f900b7610886f01475198ae0daf2fab4a2a42aa5347b104062481f3c7da3702	CIC_W	2115	사면면고르기	d8bb9bbfe509aafe93750ec50691e752350c92f310319ddbd9a810873aedeea4	6170ff36-851b-4541-8e0e-2155fcaecd15	사면면고르기	TASK	PROMOTED_FROM_SOURCE	EXACT_EQUIVALENT	PROPOSED	MANUAL_REVIEW	OWNER_APPROVED_CONCEPT_MEMBERSHIP	PRESERVE_SOURCE_MEMBERSHIP	RISK-04-APPROVE-001	62c2c50e3c0becbe23a686735d1a7e50ed8bce2f3fa23c539d2250b68227c2d7	c8c4232bf924b52636c9dc33fb1891473d548e09ed15de35f33764fe18603f3c	9493ff9f5515eec26daf0204589d1fa3dbb8128f2b58f3590f49244ebb4ecef4
b0303dcd5049a22b85897f6b3bba13ec40fd4f6cdbda1c0fc51f0cc73ce14af5	CIC_W	2116	구조물지정	f493d8c376ab3b2ac7b1977abb4a8c8f5c99f3af34138a87b7d26166a44b4527	f08910aa-06e1-4761-9fb7-0844d32f48b3	구조물지정	TASK	PROMOTED_FROM_SOURCE	EXACT_EQUIVALENT	PROPOSED	MANUAL_REVIEW	OWNER_APPROVED_CONCEPT_MEMBERSHIP	PRESERVE_SOURCE_MEMBERSHIP	RISK-04-APPROVE-001	62c2c50e3c0becbe23a686735d1a7e50ed8bce2f3fa23c539d2250b68227c2d7	c8c4232bf924b52636c9dc33fb1891473d548e09ed15de35f33764fe18603f3c	9493ff9f5515eec26daf0204589d1fa3dbb8128f2b58f3590f49244ebb4ecef4
6ee1387454853d71ec5a9f8a8c1d0e1bbfd8c5346110e2b4b0cdc0f75b2c5d72	CIC_W	212	흙깍기(절토)	4ec4c1db1aa96205b1bab2ccd42eb2f8e88a45efd6a034c86676972d0834034d	46d59aac-0786-4500-a7ac-257e93c55745	흙깍기(절토)	PROCESS	PROMOTED_FROM_SOURCE	EXACT_EQUIVALENT	PROPOSED	MANUAL_REVIEW	OWNER_APPROVED_CONCEPT_MEMBERSHIP	PRESERVE_SOURCE_MEMBERSHIP	RISK-04-APPROVE-001	62c2c50e3c0becbe23a686735d1a7e50ed8bce2f3fa23c539d2250b68227c2d7	c8c4232bf924b52636c9dc33fb1891473d548e09ed15de35f33764fe18603f3c	9493ff9f5515eec26daf0204589d1fa3dbb8128f2b58f3590f49244ebb4ecef4
f77d894b7742bff52c1111b77019e1078fe5aa9b57cb43a6d14cd6bb58249ace	CIC_W	2121	발파	615d1adba428255ce848d81b207c10f67453a66d0051be19fef983c1c0a7402b	bae014b7-2474-48f7-b5c0-0e9f30a0ff56	발파	TASK	PROMOTED_FROM_SOURCE	EXACT_EQUIVALENT	PROPOSED	MANUAL_REVIEW	OWNER_APPROVED_CONCEPT_MEMBERSHIP	PRESERVE_SOURCE_MEMBERSHIP	RISK-04-APPROVE-001	62c2c50e3c0becbe23a686735d1a7e50ed8bce2f3fa23c539d2250b68227c2d7	c8c4232bf924b52636c9dc33fb1891473d548e09ed15de35f33764fe18603f3c	9493ff9f5515eec26daf0204589d1fa3dbb8128f2b58f3590f49244ebb4ecef4
47c065050297aa8559a5ba313f7371d1d27678c2b0b1ffe5e3f5936c912cfb65	CIC_W	2122	토사흙깍기	ea225013899bf7c6ff53c4642e27ef87450cff226e4d6f54c154e514b5cb2c95	a4953296-0f57-40b6-b32a-84ff497699c3	토사흙깍기	TASK	PROMOTED_FROM_SOURCE	EXACT_EQUIVALENT	PROPOSED	MANUAL_REVIEW	OWNER_APPROVED_CONCEPT_MEMBERSHIP	PRESERVE_SOURCE_MEMBERSHIP	RISK-04-APPROVE-001	62c2c50e3c0becbe23a686735d1a7e50ed8bce2f3fa23c539d2250b68227c2d7	c8c4232bf924b52636c9dc33fb1891473d548e09ed15de35f33764fe18603f3c	9493ff9f5515eec26daf0204589d1fa3dbb8128f2b58f3590f49244ebb4ecef4
7ff726847012f36ccb623efed6b8f4543f511c4382f07abdd9bc5d3c87586027	CIC_W	2123	리핑암흙깍기	72af1c9a9b9f0656891ce93dd513211bb41f80ecdf2c0bc9d4d116d9dcfb3cbe	1d8903ba-04cf-419e-8aa5-feec2258627f	리핑암흙깍기	TASK	PROMOTED_FROM_SOURCE	EXACT_EQUIVALENT	PROPOSED	MANUAL_REVIEW	OWNER_APPROVED_CONCEPT_MEMBERSHIP	PRESERVE_SOURCE_MEMBERSHIP	RISK-04-APPROVE-001	62c2c50e3c0becbe23a686735d1a7e50ed8bce2f3fa23c539d2250b68227c2d7	c8c4232bf924b52636c9dc33fb1891473d548e09ed15de35f33764fe18603f3c	9493ff9f5515eec26daf0204589d1fa3dbb8128f2b58f3590f49244ebb4ecef4
d1006dff01b784db2f7dfc3dc2b98c1ca8a996c9b2eaabf605a2b915bf19b0c5	CIC_W	2124	발파암흙깍기	2ea69eb8cfe59c4d755a35d002659cb3c6c4d916686177ed85e90f7acf060a78	feec8d54-f3ad-4a6d-9062-dbaa1293333c	발파암흙깍기	TASK	PROMOTED_FROM_SOURCE	EXACT_EQUIVALENT	PROPOSED	MANUAL_REVIEW	OWNER_APPROVED_CONCEPT_MEMBERSHIP	PRESERVE_SOURCE_MEMBERSHIP	RISK-04-APPROVE-001	62c2c50e3c0becbe23a686735d1a7e50ed8bce2f3fa23c539d2250b68227c2d7	c8c4232bf924b52636c9dc33fb1891473d548e09ed15de35f33764fe18603f3c	9493ff9f5515eec26daf0204589d1fa3dbb8128f2b58f3590f49244ebb4ecef4
adb6e7e950f53bc487b232ada894ececaa81fe1ad860f883c6234eea8a542178	CIC_W	2125	인위적경화물질흙깍기	521142305ebc8c275340a2013855ee698c97538effc2139a8a75150b67ef470d	d99b67ac-2747-4703-9bba-e1a6f90ed0fd	인위적경화물질흙깍기	TASK	PROMOTED_FROM_SOURCE	EXACT_EQUIVALENT	PROPOSED	MANUAL_REVIEW	OWNER_APPROVED_CONCEPT_MEMBERSHIP	PRESERVE_SOURCE_MEMBERSHIP	RISK-04-APPROVE-001	62c2c50e3c0becbe23a686735d1a7e50ed8bce2f3fa23c539d2250b68227c2d7	c8c4232bf924b52636c9dc33fb1891473d548e09ed15de35f33764fe18603f3c	9493ff9f5515eec26daf0204589d1fa3dbb8128f2b58f3590f49244ebb4ecef4
96dfe4f580f0eec836600d2e29ef276039e348f69564d590c2b7246bffcc1efb	CIC_W	213	터파기	77c7032624c29314caf7433c21c9b96367f23d1666a116472e3fd816e5858610	6ed865b8-abdc-43c9-9f9d-bac45610dfb4	터파기	PROCESS	PROMOTED_FROM_SOURCE	EXACT_EQUIVALENT	PROPOSED	MANUAL_REVIEW	OWNER_APPROVED_CONCEPT_MEMBERSHIP	PRESERVE_SOURCE_MEMBERSHIP	RISK-04-APPROVE-001	62c2c50e3c0becbe23a686735d1a7e50ed8bce2f3fa23c539d2250b68227c2d7	c8c4232bf924b52636c9dc33fb1891473d548e09ed15de35f33764fe18603f3c	9493ff9f5515eec26daf0204589d1fa3dbb8128f2b58f3590f49244ebb4ecef4
5aac9e79b6951402837841e2b77daddbaab2aa2ec01830ec47e9a16cf367eb83	CIC_W	2131	토사터파기	e57cd6fc6ca55d7cf1c9115ed8c36df8a2d74c94cd0293c193344e9cfd688b81	daac530d-fd1a-41a3-ab32-01eee952a1f4	토사터파기	TASK	PROMOTED_FROM_SOURCE	EXACT_EQUIVALENT	PROPOSED	MANUAL_REVIEW	OWNER_APPROVED_CONCEPT_MEMBERSHIP	PRESERVE_SOURCE_MEMBERSHIP	RISK-04-APPROVE-001	62c2c50e3c0becbe23a686735d1a7e50ed8bce2f3fa23c539d2250b68227c2d7	c8c4232bf924b52636c9dc33fb1891473d548e09ed15de35f33764fe18603f3c	9493ff9f5515eec26daf0204589d1fa3dbb8128f2b58f3590f49244ebb4ecef4
92a70f2173b6f7a8227919af676ae8cfbbca5d4c36ce7faa0472654005fe7871	CIC_W	2132	리핑암터파기	6ee72fc358ceced59b8bb750ddd54be5a16d30115df382ea1d3884bc8e801db8	8e0a2b96-f984-4a6b-ae3c-0061642fd634	리핑암터파기	TASK	PROMOTED_FROM_SOURCE	EXACT_EQUIVALENT	PROPOSED	MANUAL_REVIEW	OWNER_APPROVED_CONCEPT_MEMBERSHIP	PRESERVE_SOURCE_MEMBERSHIP	RISK-04-APPROVE-001	62c2c50e3c0becbe23a686735d1a7e50ed8bce2f3fa23c539d2250b68227c2d7	c8c4232bf924b52636c9dc33fb1891473d548e09ed15de35f33764fe18603f3c	9493ff9f5515eec26daf0204589d1fa3dbb8128f2b58f3590f49244ebb4ecef4
f7ef908a1f16ac56ad77b94abc319c123b55f00411810c38365e7343a47e532d	CIC_W	2133	발파암터파기	900ef701cf5c9b1030603aba89b357791bf790dfd0c0a87885a3c58b952b1b03	936d4b44-2847-48f5-bf37-a760151a76df	발파암터파기	TASK	PROMOTED_FROM_SOURCE	EXACT_EQUIVALENT	PROPOSED	MANUAL_REVIEW	OWNER_APPROVED_CONCEPT_MEMBERSHIP	PRESERVE_SOURCE_MEMBERSHIP	RISK-04-APPROVE-001	62c2c50e3c0becbe23a686735d1a7e50ed8bce2f3fa23c539d2250b68227c2d7	c8c4232bf924b52636c9dc33fb1891473d548e09ed15de35f33764fe18603f3c	9493ff9f5515eec26daf0204589d1fa3dbb8128f2b58f3590f49244ebb4ecef4
581f437a598813aa552b4926334628d592dc56a579d5b029cd43f99e0a895681	CIC_W	2134	인위적경화물질터파기	422594987dbf6d552e9a95ce75ad1ee9f9b40212069df43e3d3d7e0a3d1ac4bd	49d29123-1795-4cca-99ca-fa5e1adf4b54	인위적경화물질터파기	TASK	PROMOTED_FROM_SOURCE	EXACT_EQUIVALENT	PROPOSED	MANUAL_REVIEW	OWNER_APPROVED_CONCEPT_MEMBERSHIP	PRESERVE_SOURCE_MEMBERSHIP	RISK-04-APPROVE-001	62c2c50e3c0becbe23a686735d1a7e50ed8bce2f3fa23c539d2250b68227c2d7	c8c4232bf924b52636c9dc33fb1891473d548e09ed15de35f33764fe18603f3c	9493ff9f5515eec26daf0204589d1fa3dbb8128f2b58f3590f49244ebb4ecef4
dd512f530ca73e966bb7f8f3ca3a66de03e450938b3cba8847a850267a3bc89c	CIC_W	214	트랜치터파기	3b7b077e95c07db8e6148e2075e31482bdf6d214f7705c1fcf949cbdc83710e9	e9cfa3fe-de63-425f-b5d3-75ca91c92b60	트랜치터파기	PROCESS	PROMOTED_FROM_SOURCE	EXACT_EQUIVALENT	PROPOSED	MANUAL_REVIEW	OWNER_APPROVED_CONCEPT_MEMBERSHIP	PRESERVE_SOURCE_MEMBERSHIP	RISK-04-APPROVE-001	62c2c50e3c0becbe23a686735d1a7e50ed8bce2f3fa23c539d2250b68227c2d7	c8c4232bf924b52636c9dc33fb1891473d548e09ed15de35f33764fe18603f3c	9493ff9f5515eec26daf0204589d1fa3dbb8128f2b58f3590f49244ebb4ecef4
c7bdcb886af68d7e2e505d819fab16ad43420d14bbd75efc06b59c402637bd02	CIC_W	2141	토사트렌치터파기	5cb21e011c141993ed39a58c1b1576ddff442da209722de10ef481fa763f0294	a00f51e1-36a7-4724-b075-27b044fc9daf	토사트렌치터파기	TASK	PROMOTED_FROM_SOURCE	EXACT_EQUIVALENT	PROPOSED	MANUAL_REVIEW	OWNER_APPROVED_CONCEPT_MEMBERSHIP	PRESERVE_SOURCE_MEMBERSHIP	RISK-04-APPROVE-001	62c2c50e3c0becbe23a686735d1a7e50ed8bce2f3fa23c539d2250b68227c2d7	c8c4232bf924b52636c9dc33fb1891473d548e09ed15de35f33764fe18603f3c	9493ff9f5515eec26daf0204589d1fa3dbb8128f2b58f3590f49244ebb4ecef4
cdd71c40e4fccb1b82eff0b7f6f6862cfdce2fb5c00cd372a27834f6345eff09	CIC_W	2142	리핑암트렌치터파기	d76e527e802e20f64308b6f91418f6917dbf1302c4a0587c2abcdfbfed12f099	cf06a9fa-59cc-4d96-aa61-91c376294ad5	리핑암트렌치터파기	TASK	PROMOTED_FROM_SOURCE	EXACT_EQUIVALENT	PROPOSED	MANUAL_REVIEW	OWNER_APPROVED_CONCEPT_MEMBERSHIP	PRESERVE_SOURCE_MEMBERSHIP	RISK-04-APPROVE-001	62c2c50e3c0becbe23a686735d1a7e50ed8bce2f3fa23c539d2250b68227c2d7	c8c4232bf924b52636c9dc33fb1891473d548e09ed15de35f33764fe18603f3c	9493ff9f5515eec26daf0204589d1fa3dbb8128f2b58f3590f49244ebb4ecef4
48abd9bc98307e62791d2cc34c69fb8da3a12cf3d7403b10426c1038131a6eb2	CIC_W	2143	발파암트렌치터파기	dff6046f6ff6b3470546d1efb7d81b938a99846f26728740d85e3c9931a04610	e5cc726a-3b88-4ec1-bdfe-de0bf79914e0	발파암트렌치터파기	TASK	PROMOTED_FROM_SOURCE	EXACT_EQUIVALENT	PROPOSED	MANUAL_REVIEW	OWNER_APPROVED_CONCEPT_MEMBERSHIP	PRESERVE_SOURCE_MEMBERSHIP	RISK-04-APPROVE-001	62c2c50e3c0becbe23a686735d1a7e50ed8bce2f3fa23c539d2250b68227c2d7	c8c4232bf924b52636c9dc33fb1891473d548e09ed15de35f33764fe18603f3c	9493ff9f5515eec26daf0204589d1fa3dbb8128f2b58f3590f49244ebb4ecef4
b6c14978d598c5f396c617cdfb0d3b7ae551245726299db272063fdec0d26a51	CIC_W	2144	경화물질트렌치터파기	0dde5868356411f26585aad1d1dc4fa4e5504f7666500d14e5efc9f8dca771f3	59a1db14-8faa-4791-9754-15d62c35ff1d	경화물질트렌치터파기	TASK	PROMOTED_FROM_SOURCE	EXACT_EQUIVALENT	PROPOSED	MANUAL_REVIEW	OWNER_APPROVED_CONCEPT_MEMBERSHIP	PRESERVE_SOURCE_MEMBERSHIP	RISK-04-APPROVE-001	62c2c50e3c0becbe23a686735d1a7e50ed8bce2f3fa23c539d2250b68227c2d7	c8c4232bf924b52636c9dc33fb1891473d548e09ed15de35f33764fe18603f3c	9493ff9f5515eec26daf0204589d1fa3dbb8128f2b58f3590f49244ebb4ecef4
01ed6867f06d5958d90d72542b4d95cb16ff80917db57b701a4b4d07c15e5ec9	CIC_W	215	흙쌓기(성토)	676f1cf9776f156204c351002f57c75fd1cb6626073782bd364d823d8b3cdd6d	6c3e090b-1605-4add-8c25-f7726e27863f	흙쌓기(성토)	PROCESS	PROMOTED_FROM_SOURCE	EXACT_EQUIVALENT	PROPOSED	MANUAL_REVIEW	OWNER_APPROVED_CONCEPT_MEMBERSHIP	PRESERVE_SOURCE_MEMBERSHIP	RISK-04-APPROVE-001	62c2c50e3c0becbe23a686735d1a7e50ed8bce2f3fa23c539d2250b68227c2d7	c8c4232bf924b52636c9dc33fb1891473d548e09ed15de35f33764fe18603f3c	9493ff9f5515eec26daf0204589d1fa3dbb8128f2b58f3590f49244ebb4ecef4
2d7a1f15d59a91b80923a6996d3c7fc586686bd1d7508ce61df799096e554893	CIC_W	2151	토사흙쌓기	add3afc80e62a7232df6f48e97413d9c53f86f324706204acb22d47b350ac408	305774af-88d7-485a-a803-4d495baf8b78	토사흙쌓기	TASK	PROMOTED_FROM_SOURCE	EXACT_EQUIVALENT	PROPOSED	MANUAL_REVIEW	OWNER_APPROVED_CONCEPT_MEMBERSHIP	PRESERVE_SOURCE_MEMBERSHIP	RISK-04-APPROVE-001	62c2c50e3c0becbe23a686735d1a7e50ed8bce2f3fa23c539d2250b68227c2d7	c8c4232bf924b52636c9dc33fb1891473d548e09ed15de35f33764fe18603f3c	9493ff9f5515eec26daf0204589d1fa3dbb8128f2b58f3590f49244ebb4ecef4
5df356edcb0c1b2cb1ed7db4a3d33d8dd7ec40e30a1cd598092fd5a0a05b51ac	CIC_W	2152	혼합골재쌓기	af8675fdee44eaafb4da7657042ceca97af14ab201f67afce58e3d81d2f87b2d	d96f2e81-97ad-4364-9b21-343e29b63844	혼합골재쌓기	TASK	PROMOTED_FROM_SOURCE	EXACT_EQUIVALENT	PROPOSED	MANUAL_REVIEW	OWNER_APPROVED_CONCEPT_MEMBERSHIP	PRESERVE_SOURCE_MEMBERSHIP	RISK-04-APPROVE-001	62c2c50e3c0becbe23a686735d1a7e50ed8bce2f3fa23c539d2250b68227c2d7	c8c4232bf924b52636c9dc33fb1891473d548e09ed15de35f33764fe18603f3c	9493ff9f5515eec26daf0204589d1fa3dbb8128f2b58f3590f49244ebb4ecef4
65771a54ea6e3c903364d787d4baa9255b8de9645c0f924e37a47b57bae97e71	CIC_W	2153	사석쌓기	b263e74895833ce7d8886c01bcb4de542d1b082a345f54a30f6e940bd45ddcd9	241a0ca1-e925-49ad-bd44-72d6a0b368c6	사석쌓기	TASK	PROMOTED_FROM_SOURCE	EXACT_EQUIVALENT	PROPOSED	MANUAL_REVIEW	OWNER_APPROVED_CONCEPT_MEMBERSHIP	PRESERVE_SOURCE_MEMBERSHIP	RISK-04-APPROVE-001	62c2c50e3c0becbe23a686735d1a7e50ed8bce2f3fa23c539d2250b68227c2d7	c8c4232bf924b52636c9dc33fb1891473d548e09ed15de35f33764fe18603f3c	9493ff9f5515eec26daf0204589d1fa3dbb8128f2b58f3590f49244ebb4ecef4
3bcf452ba414dbbf384719e39a71455ffca64a668a7e8cc85bdbcf4e47d0b05e	CIC_W	2154	버럭쌓기	1b0f8a7106d66d1f5bac41de32d009475d003e96587b80ab6700c444622794ae	16567c62-bce4-4659-af47-5add24d54bf9	버럭쌓기	TASK	PROMOTED_FROM_SOURCE	EXACT_EQUIVALENT	PROPOSED	MANUAL_REVIEW	OWNER_APPROVED_CONCEPT_MEMBERSHIP	PRESERVE_SOURCE_MEMBERSHIP	RISK-04-APPROVE-001	62c2c50e3c0becbe23a686735d1a7e50ed8bce2f3fa23c539d2250b68227c2d7	c8c4232bf924b52636c9dc33fb1891473d548e09ed15de35f33764fe18603f3c	9493ff9f5515eec26daf0204589d1fa3dbb8128f2b58f3590f49244ebb4ecef4
551054a11e55299970e12b91ceb435075ce4222a810f67cded8dc4ef61e334f5	CIC_W	2159	기타흙쌓기	975d5cefd8c9a88880143ba83779757f3f7de31e04917f9cfe619833c76566ff	c26ab9b3-6f79-489a-a37f-d6e3ee709294	기타흙쌓기	TASK	PROMOTED_FROM_SOURCE	EXACT_EQUIVALENT	PROPOSED	MANUAL_REVIEW	OWNER_APPROVED_CONCEPT_MEMBERSHIP	PRESERVE_SOURCE_MEMBERSHIP	RISK-04-APPROVE-001	62c2c50e3c0becbe23a686735d1a7e50ed8bce2f3fa23c539d2250b68227c2d7	c8c4232bf924b52636c9dc33fb1891473d548e09ed15de35f33764fe18603f3c	9493ff9f5515eec26daf0204589d1fa3dbb8128f2b58f3590f49244ebb4ecef4
5c7fffc9afbe2939ac0010621c510f0fbbcd73a9a873eb70c86ad5dc5c145c10	CIC_W	216	되메우기	8afc78b94512791a17f40d495868bafe70cc4b867c0e77a3e4269f22152f36ac	67981795-50b9-457d-999b-90e1c4bcbc43	되메우기	PROCESS	PROMOTED_FROM_SOURCE	EXACT_EQUIVALENT	PROPOSED	MANUAL_REVIEW	OWNER_APPROVED_CONCEPT_MEMBERSHIP	PRESERVE_SOURCE_MEMBERSHIP	RISK-04-APPROVE-001	62c2c50e3c0becbe23a686735d1a7e50ed8bce2f3fa23c539d2250b68227c2d7	c8c4232bf924b52636c9dc33fb1891473d548e09ed15de35f33764fe18603f3c	9493ff9f5515eec26daf0204589d1fa3dbb8128f2b58f3590f49244ebb4ecef4
c771eca68a4441aa36c00053666a7fd378ac680c23221188a5725726a3979cdd	CIC_W	2161	토사되메우기	076223ce4f4af3638618d445c83e47add1431fe06bb299b2c114ebbcb34ebe14	bcd6c3f8-cd19-4b66-9519-59779f915afe	토사되메우기	TASK	PROMOTED_FROM_SOURCE	EXACT_EQUIVALENT	PROPOSED	MANUAL_REVIEW	OWNER_APPROVED_CONCEPT_MEMBERSHIP	PRESERVE_SOURCE_MEMBERSHIP	RISK-04-APPROVE-001	62c2c50e3c0becbe23a686735d1a7e50ed8bce2f3fa23c539d2250b68227c2d7	c8c4232bf924b52636c9dc33fb1891473d548e09ed15de35f33764fe18603f3c	9493ff9f5515eec26daf0204589d1fa3dbb8128f2b58f3590f49244ebb4ecef4
a10019b77d60c9c76838af95691c9654c037f25fcc2d22d484e426e14a6fd400	CIC_W	2162	혼합골재되메우기	d110c6d24097172be89c4e887ee3135c7dd2ef8fccdbfd37882784acb99f71d3	e7bbec43-9986-4945-9774-180b40d3d365	혼합골재되메우기	TASK	PROMOTED_FROM_SOURCE	EXACT_EQUIVALENT	PROPOSED	MANUAL_REVIEW	OWNER_APPROVED_CONCEPT_MEMBERSHIP	PRESERVE_SOURCE_MEMBERSHIP	RISK-04-APPROVE-001	62c2c50e3c0becbe23a686735d1a7e50ed8bce2f3fa23c539d2250b68227c2d7	c8c4232bf924b52636c9dc33fb1891473d548e09ed15de35f33764fe18603f3c	9493ff9f5515eec26daf0204589d1fa3dbb8128f2b58f3590f49244ebb4ecef4
412712ec2d5a79c81ef0e3cec40d9c30640757bac204a384a21943b448e78404	CIC_W	2163	사석되메우기	961d94bb5cb8170b52077481ed8a59851fc9e58135fc0454ce4eee2c1862d2e5	07aa7b8b-a592-4c6a-9e67-7a0a86aba9fe	사석되메우기	TASK	PROMOTED_FROM_SOURCE	EXACT_EQUIVALENT	PROPOSED	MANUAL_REVIEW	OWNER_APPROVED_CONCEPT_MEMBERSHIP	PRESERVE_SOURCE_MEMBERSHIP	RISK-04-APPROVE-001	62c2c50e3c0becbe23a686735d1a7e50ed8bce2f3fa23c539d2250b68227c2d7	c8c4232bf924b52636c9dc33fb1891473d548e09ed15de35f33764fe18603f3c	9493ff9f5515eec26daf0204589d1fa3dbb8128f2b58f3590f49244ebb4ecef4
29627cffa5f99a9c4d6a46ed70b41d0e405599b969e029464ea134f7221c9a3a	CIC_W	2164	버럭되메우기	ab70346862ee25d34fc494a337c3e9b3aec57ed869a4889409b4bd89419d7b1c	6979154a-5ae3-4410-8101-d48193098c24	버럭되메우기	TASK	PROMOTED_FROM_SOURCE	EXACT_EQUIVALENT	PROPOSED	MANUAL_REVIEW	OWNER_APPROVED_CONCEPT_MEMBERSHIP	PRESERVE_SOURCE_MEMBERSHIP	RISK-04-APPROVE-001	62c2c50e3c0becbe23a686735d1a7e50ed8bce2f3fa23c539d2250b68227c2d7	c8c4232bf924b52636c9dc33fb1891473d548e09ed15de35f33764fe18603f3c	9493ff9f5515eec26daf0204589d1fa3dbb8128f2b58f3590f49244ebb4ecef4
b66634fadd6011dfd50be2b206ac01c299a48f0c33001daf46d919668b5219fd	CIC_W	217	토사처리및운반	b89cb358fa0de6d14fa48f2e5f6c311913a998339bb04892f742920b147be884	5af253ad-9573-4ec2-bcfa-8e082eefe8d2	토사처리및운반	PROCESS	PROMOTED_FROM_SOURCE	EXACT_EQUIVALENT	PROPOSED	MANUAL_REVIEW	OWNER_APPROVED_CONCEPT_MEMBERSHIP	PRESERVE_SOURCE_MEMBERSHIP	RISK-04-APPROVE-001	62c2c50e3c0becbe23a686735d1a7e50ed8bce2f3fa23c539d2250b68227c2d7	c8c4232bf924b52636c9dc33fb1891473d548e09ed15de35f33764fe18603f3c	9493ff9f5515eec26daf0204589d1fa3dbb8128f2b58f3590f49244ebb4ecef4
274b84d3df8ca69f4ecf2c83275577945e13911820937a1e669ec6887acda08b	CIC_W	2172	성토재생산및선별	93a2cf4bff2ac09907909aca982f1a3a5ffc52a3f056a1d7e4f0672dc6a92022	b80871a6-7b41-4e04-a83b-98e56e882d6f	성토재생산및선별	TASK	PROMOTED_FROM_SOURCE	EXACT_EQUIVALENT	PROPOSED	MANUAL_REVIEW	OWNER_APPROVED_CONCEPT_MEMBERSHIP	PRESERVE_SOURCE_MEMBERSHIP	RISK-04-APPROVE-001	62c2c50e3c0becbe23a686735d1a7e50ed8bce2f3fa23c539d2250b68227c2d7	c8c4232bf924b52636c9dc33fb1891473d548e09ed15de35f33764fe18603f3c	9493ff9f5515eec26daf0204589d1fa3dbb8128f2b58f3590f49244ebb4ecef4
931bcb84315a026e6f5a25fac6090138606d0de14f8dc0f7ed8cdce40778607e	CIC_W	2173	흙깍기․잔토처리	5552bd502aa87b0c466bc7c9dce75c87ce2b8e4950886a8dc0047a834cb89ec7	daf7a4ad-f737-4528-8982-7d1bdfd9c027	흙깍기․잔토처리	TASK	PROMOTED_FROM_SOURCE	EXACT_EQUIVALENT	PROPOSED	MANUAL_REVIEW	OWNER_APPROVED_CONCEPT_MEMBERSHIP	PRESERVE_SOURCE_MEMBERSHIP	RISK-04-APPROVE-001	62c2c50e3c0becbe23a686735d1a7e50ed8bce2f3fa23c539d2250b68227c2d7	c8c4232bf924b52636c9dc33fb1891473d548e09ed15de35f33764fe18603f3c	9493ff9f5515eec26daf0204589d1fa3dbb8128f2b58f3590f49244ebb4ecef4
fe634f6e476e46481952c757198f16afe0b0ccf6ef8762194e605458d947f39f	CIC_W	2174	흙쌓기운반	8b315560350f6c068f89aa87f9f39b14a795329d37b9dd4468cd7a4ae5e34d84	01425edb-b5fc-4a3b-a43a-ec1b6df6006c	흙쌓기운반	TASK	PROMOTED_FROM_SOURCE	EXACT_EQUIVALENT	PROPOSED	MANUAL_REVIEW	OWNER_APPROVED_CONCEPT_MEMBERSHIP	PRESERVE_SOURCE_MEMBERSHIP	RISK-04-APPROVE-001	62c2c50e3c0becbe23a686735d1a7e50ed8bce2f3fa23c539d2250b68227c2d7	c8c4232bf924b52636c9dc33fb1891473d548e09ed15de35f33764fe18603f3c	9493ff9f5515eec26daf0204589d1fa3dbb8128f2b58f3590f49244ebb4ecef4
1deacef58e1b5baee4347bf10fbe30dd4e42a7ff35442e367907dcd9ea72c235	CIC_W	218	사면보호	3c47be97bfa282855af6f836d66cd88245867d0c60b073b473a50dee61d7112e	f84566d0-2894-4085-88e9-0a462e2aba38	사면보호	PROCESS	PROMOTED_FROM_SOURCE	EXACT_EQUIVALENT	PROPOSED	MANUAL_REVIEW	OWNER_APPROVED_CONCEPT_MEMBERSHIP	PRESERVE_SOURCE_MEMBERSHIP	RISK-04-APPROVE-001	62c2c50e3c0becbe23a686735d1a7e50ed8bce2f3fa23c539d2250b68227c2d7	c8c4232bf924b52636c9dc33fb1891473d548e09ed15de35f33764fe18603f3c	9493ff9f5515eec26daf0204589d1fa3dbb8128f2b58f3590f49244ebb4ecef4
4301e29c77b1d52d0299677b6a0406dc284de3001789463db42a432b6ebd6ead	CIC_W	2185	비탈면보호	72928788e298aeb23cd36eccd5110e1421792f84e4e9fc34d24842376382fcc3	f9f01adb-38e6-45bd-b73e-4b04abd32b28	비탈면보호	PROCESS	PROMOTED_FROM_SOURCE	EXACT_EQUIVALENT	PROPOSED	MANUAL_REVIEW	OWNER_APPROVED_CONCEPT_MEMBERSHIP	PRESERVE_SOURCE_MEMBERSHIP	RISK-04-APPROVE-001	62c2c50e3c0becbe23a686735d1a7e50ed8bce2f3fa23c539d2250b68227c2d7	c8c4232bf924b52636c9dc33fb1891473d548e09ed15de35f33764fe18603f3c	9493ff9f5515eec26daf0204589d1fa3dbb8128f2b58f3590f49244ebb4ecef4
f18cdb6398a7c21e01316f1385e30995d49fedb280f450eeab0e2e1e3dd66c61	CIC_W	2186	암사면보호	94ff4b3ce0c262de7f1759ba804d1cb8e50621d07a4d0beda3a8a1ed1cd43710	385ed6a9-711d-4304-9a24-2189e19447f2	암사면보호	PROCESS	PROMOTED_FROM_SOURCE	EXACT_EQUIVALENT	PROPOSED	MANUAL_REVIEW	OWNER_APPROVED_CONCEPT_MEMBERSHIP	PRESERVE_SOURCE_MEMBERSHIP	RISK-04-APPROVE-001	62c2c50e3c0becbe23a686735d1a7e50ed8bce2f3fa23c539d2250b68227c2d7	c8c4232bf924b52636c9dc33fb1891473d548e09ed15de35f33764fe18603f3c	9493ff9f5515eec26daf0204589d1fa3dbb8128f2b58f3590f49244ebb4ecef4
7e3303a3e28667429238ff191da434f189ed4db9cce274791069ca26a085ba68	CIC_W	22	지반개량및지반보강공사	87b16db6c82b01f971ea80213fd300e26dc80926320731a8d04ba7f460eefbb8	0219c299-f031-467e-b29e-53510bc94b4c	지반개량및지반보강공사	PROCESS	PROMOTED_FROM_SOURCE	EXACT_EQUIVALENT	PROPOSED	MANUAL_REVIEW	OWNER_APPROVED_CONCEPT_MEMBERSHIP	PRESERVE_SOURCE_MEMBERSHIP	RISK-04-APPROVE-001	62c2c50e3c0becbe23a686735d1a7e50ed8bce2f3fa23c539d2250b68227c2d7	c8c4232bf924b52636c9dc33fb1891473d548e09ed15de35f33764fe18603f3c	9493ff9f5515eec26daf0204589d1fa3dbb8128f2b58f3590f49244ebb4ecef4
66ad6dd02d53237ad3ade7cb63c4723d6e2d2c85f40bd4c107ca156f948a1b98	CIC_W	221	치환	4d95af2dd5bec935f9d97c990b679e428ec9f123df3e4eef765cf5109b0c75df	36e046ac-a36c-4555-b642-7c604555f379	치환	PROCESS	PROMOTED_FROM_SOURCE	EXACT_EQUIVALENT	PROPOSED	MANUAL_REVIEW	OWNER_APPROVED_CONCEPT_MEMBERSHIP	PRESERVE_SOURCE_MEMBERSHIP	RISK-04-APPROVE-001	62c2c50e3c0becbe23a686735d1a7e50ed8bce2f3fa23c539d2250b68227c2d7	c8c4232bf924b52636c9dc33fb1891473d548e09ed15de35f33764fe18603f3c	9493ff9f5515eec26daf0204589d1fa3dbb8128f2b58f3590f49244ebb4ecef4
d38f82ca4bf9b3e3a8ce77d3fe3d282d2ccf0dc5e0cf97d66d78c31ac2dd4669	CIC_W	2211	굴착치환	efc9d9f04c119bc36af82026655ba39b5bb496c0bc84a1e26395ff62bb6f5446	820fa2f7-7a48-42e8-afdd-ed0851ae8fae	굴착치환	TASK	PROMOTED_FROM_SOURCE	EXACT_EQUIVALENT	PROPOSED	MANUAL_REVIEW	OWNER_APPROVED_CONCEPT_MEMBERSHIP	PRESERVE_SOURCE_MEMBERSHIP	RISK-04-APPROVE-001	62c2c50e3c0becbe23a686735d1a7e50ed8bce2f3fa23c539d2250b68227c2d7	c8c4232bf924b52636c9dc33fb1891473d548e09ed15de35f33764fe18603f3c	9493ff9f5515eec26daf0204589d1fa3dbb8128f2b58f3590f49244ebb4ecef4
d5e14e070b6a4b4fab75d9463d3feef32598e504c987affcfa7c4f5aef5e3fbf	CIC_W	2212	강제치환	efecc940f1e1cc24cd1b2c16a5246c4cdda733375868d6605fdba6f830646cdf	188ffcfd-f2c2-4c92-9db5-9ec2a8cf653f	강제치환	TASK	PROMOTED_FROM_SOURCE	EXACT_EQUIVALENT	PROPOSED	MANUAL_REVIEW	OWNER_APPROVED_CONCEPT_MEMBERSHIP	PRESERVE_SOURCE_MEMBERSHIP	RISK-04-APPROVE-001	62c2c50e3c0becbe23a686735d1a7e50ed8bce2f3fa23c539d2250b68227c2d7	c8c4232bf924b52636c9dc33fb1891473d548e09ed15de35f33764fe18603f3c	9493ff9f5515eec26daf0204589d1fa3dbb8128f2b58f3590f49244ebb4ecef4
b3b2cc27aa6893fc4b35186560c08df4b3f777adcdcac4f9f48fbfa7cca4341b	CIC_W	222	표층처리	691dae9908df9fd48fd1a4ab0595c8e671ae3f5a1bc478462bbbf0233a73346e	98d230c4-bc9c-42a0-95b1-cd2ab4553e7f	표층처리	PROCESS	PROMOTED_FROM_SOURCE	EXACT_EQUIVALENT	PROPOSED	MANUAL_REVIEW	OWNER_APPROVED_CONCEPT_MEMBERSHIP	PRESERVE_SOURCE_MEMBERSHIP	RISK-04-APPROVE-001	62c2c50e3c0becbe23a686735d1a7e50ed8bce2f3fa23c539d2250b68227c2d7	c8c4232bf924b52636c9dc33fb1891473d548e09ed15de35f33764fe18603f3c	9493ff9f5515eec26daf0204589d1fa3dbb8128f2b58f3590f49244ebb4ecef4
1bbcdf114fc483a14e074f729864a656cc6dcd36d5de129378fc8969cc57f5eb	CIC_W	223	지반배수	a4423bdd66a9bba1a5ab6ecf87eb0c623f8c76609d6ec3cc553f55e3bb097e9d	69023a2d-8666-45cc-9432-e6a1f4b9da05	지반배수	PROCESS	PROMOTED_FROM_SOURCE	EXACT_EQUIVALENT	PROPOSED	MANUAL_REVIEW	OWNER_APPROVED_CONCEPT_MEMBERSHIP	PRESERVE_SOURCE_MEMBERSHIP	RISK-04-APPROVE-001	62c2c50e3c0becbe23a686735d1a7e50ed8bce2f3fa23c539d2250b68227c2d7	c8c4232bf924b52636c9dc33fb1891473d548e09ed15de35f33764fe18603f3c	9493ff9f5515eec26daf0204589d1fa3dbb8128f2b58f3590f49244ebb4ecef4
d58d8094b59c311cb7b4861f8f640d84603166657ff4873e24b8a45e6ba6074e	CIC_W	226	지반그라우팅	756ad0c501f2d804cec8fa019e3413d1b617534db00da45457afdf6fb807cd10	ab2963c9-b780-484a-9dba-cac8ce651dc6	지반그라우팅	PROCESS	MERGED_FROM_REVIEWED_SOURCES	EXACT_EQUIVALENT	PROPOSED	MANUAL_REVIEW	OWNER_APPROVED_CONCEPT_MEMBERSHIP	PRESERVE_SOURCE_MEMBERSHIP	RISK-04-APPROVE-001	62c2c50e3c0becbe23a686735d1a7e50ed8bce2f3fa23c539d2250b68227c2d7	c8c4232bf924b52636c9dc33fb1891473d548e09ed15de35f33764fe18603f3c	9493ff9f5515eec26daf0204589d1fa3dbb8128f2b58f3590f49244ebb4ecef4
556890b87acadf464abe6dae9d33f85c7c8e597a002fb2b57626bf3bc00fb7a0	CIC_W	2261	지반그라우팅준비공사	6b9ff4657e6abfd87cf8d783058cc6f28c98c3f8bdf191560538b9e43c66afe0	a31d0dfa-79a6-45a4-8456-89bd45f50483	지반그라우팅준비공사	TASK	PROMOTED_FROM_SOURCE	EXACT_EQUIVALENT	PROPOSED	MANUAL_REVIEW	OWNER_APPROVED_CONCEPT_MEMBERSHIP	PRESERVE_SOURCE_MEMBERSHIP	RISK-04-APPROVE-001	62c2c50e3c0becbe23a686735d1a7e50ed8bce2f3fa23c539d2250b68227c2d7	c8c4232bf924b52636c9dc33fb1891473d548e09ed15de35f33764fe18603f3c	9493ff9f5515eec26daf0204589d1fa3dbb8128f2b58f3590f49244ebb4ecef4
a4e2de95318dd078823c82e9445c348852b4d70e30ae9893c3b715644f4c273b	CIC_W	2262	그라우팅천공	1e002f7ae03119d91de0b3f0ff1b8405be054dc1c2f760397a96006fc9a2e3fb	0ca62c6e-768e-4f68-8198-9abed44589b1	그라우팅천공	TASK	PROMOTED_FROM_SOURCE	EXACT_EQUIVALENT	PROPOSED	MANUAL_REVIEW	OWNER_APPROVED_CONCEPT_MEMBERSHIP	PRESERVE_SOURCE_MEMBERSHIP	RISK-04-APPROVE-001	62c2c50e3c0becbe23a686735d1a7e50ed8bce2f3fa23c539d2250b68227c2d7	c8c4232bf924b52636c9dc33fb1891473d548e09ed15de35f33764fe18603f3c	9493ff9f5515eec26daf0204589d1fa3dbb8128f2b58f3590f49244ebb4ecef4
18f2f15a79fec2bcd85f592d9de2d5fa80db39974ab38fc9d1467dde21685f7a	CIC_W	2263	지반그라우팅	756ad0c501f2d804cec8fa019e3413d1b617534db00da45457afdf6fb807cd10	ab2963c9-b780-484a-9dba-cac8ce651dc6	지반그라우팅	PROCESS	MERGED_FROM_REVIEWED_SOURCES	EXACT_EQUIVALENT	PROPOSED	MANUAL_REVIEW	OWNER_APPROVED_CONCEPT_MEMBERSHIP	PRESERVE_SOURCE_MEMBERSHIP	RISK-04-APPROVE-001	62c2c50e3c0becbe23a686735d1a7e50ed8bce2f3fa23c539d2250b68227c2d7	c8c4232bf924b52636c9dc33fb1891473d548e09ed15de35f33764fe18603f3c	9493ff9f5515eec26daf0204589d1fa3dbb8128f2b58f3590f49244ebb4ecef4
719f2441e8538e8d89c2d75133f55e561a4feaa7c81e9a6420848fdf6502da99	CIC_W	2267	지반그라우팅검사 - - 대․중․소 분류대․중․소 분류	34cb37de55ba2869be01ba980c0bc2c8022e80c5d7afdb4dba85911449da7aa8	bb9b04dd-0b56-458d-aa15-fab82c712f0a	지반그라우팅검사	TASK	PROMOTED_FROM_SOURCE	EXACT_EQUIVALENT	PROPOSED	MANUAL_REVIEW	OWNER_APPROVED_CONCEPT_MEMBERSHIP	PRESERVE_SOURCE_MEMBERSHIP	RISK-04-APPROVE-001	62c2c50e3c0becbe23a686735d1a7e50ed8bce2f3fa23c539d2250b68227c2d7	c8c4232bf924b52636c9dc33fb1891473d548e09ed15de35f33764fe18603f3c	9493ff9f5515eec26daf0204589d1fa3dbb8128f2b58f3590f49244ebb4ecef4
2b0b261c82af4745477fa52610c2202216b248cf5954f1077491b44972b8f714	CIC_W	23	말뚝공사	4d79d74207174f4387cf743541280fcd3fd1bddbeeb78a3b54891618259651d3	abdcb02a-6114-4ef2-aa3e-0b634d0a4d9d	말뚝공사	PROCESS	PROMOTED_FROM_SOURCE	EXACT_EQUIVALENT	PROPOSED	MANUAL_REVIEW	OWNER_APPROVED_CONCEPT_MEMBERSHIP	PRESERVE_SOURCE_MEMBERSHIP	RISK-04-APPROVE-001	62c2c50e3c0becbe23a686735d1a7e50ed8bce2f3fa23c539d2250b68227c2d7	c8c4232bf924b52636c9dc33fb1891473d548e09ed15de35f33764fe18603f3c	9493ff9f5515eec26daf0204589d1fa3dbb8128f2b58f3590f49244ebb4ecef4
52606560938b9059aa118a54c74a1a48dc5fbbe0194f894188fb19e73dce0cc7	CIC_W	231	현장타설말뚝	3c60fcbd85621850af248f0db3f2a2c529088f6e113d682c55e467a570de88c5	ad059346-dd94-4306-a6fb-52c8dc75b63c	현장타설말뚝	PROCESS	PROMOTED_FROM_SOURCE	EXACT_EQUIVALENT	PROPOSED	MANUAL_REVIEW	OWNER_APPROVED_CONCEPT_MEMBERSHIP	PRESERVE_SOURCE_MEMBERSHIP	RISK-04-APPROVE-001	62c2c50e3c0becbe23a686735d1a7e50ed8bce2f3fa23c539d2250b68227c2d7	c8c4232bf924b52636c9dc33fb1891473d548e09ed15de35f33764fe18603f3c	9493ff9f5515eec26daf0204589d1fa3dbb8128f2b58f3590f49244ebb4ecef4
6343442c7645e8d9efee253a72489238fef18af2edd8aec40bcfc63e99de17fe	CIC_W	2311	기계식굴착	88af76de3ef9907694e4f6fe424107a78c3f7a7abf57097b80664d3f8c2d2996	374a3a38-c207-4f94-a159-764a15deb2f0	기계식굴착	TASK	PROMOTED_FROM_SOURCE	EXACT_EQUIVALENT	PROPOSED	MANUAL_REVIEW	OWNER_APPROVED_CONCEPT_MEMBERSHIP	PRESERVE_SOURCE_MEMBERSHIP	RISK-04-APPROVE-001	62c2c50e3c0becbe23a686735d1a7e50ed8bce2f3fa23c539d2250b68227c2d7	c8c4232bf924b52636c9dc33fb1891473d548e09ed15de35f33764fe18603f3c	9493ff9f5515eec26daf0204589d1fa3dbb8128f2b58f3590f49244ebb4ecef4
7cdd2fb33733e9dc5544bb217eb7af7385c6150113d2b097c0448789d37844d4	CIC_W	237	기초보강공사	70f8baf73081c23c630d509a315dfad2d6f5e9aeeab0228f0cc1a0cce1e9f827	54ecd392-a22a-4337-8852-a7e2ffc110c0	기초보강공사	PROCESS	PROMOTED_FROM_SOURCE	EXACT_EQUIVALENT	PROPOSED	MANUAL_REVIEW	OWNER_APPROVED_CONCEPT_MEMBERSHIP	PRESERVE_SOURCE_MEMBERSHIP	RISK-04-APPROVE-001	62c2c50e3c0becbe23a686735d1a7e50ed8bce2f3fa23c539d2250b68227c2d7	c8c4232bf924b52636c9dc33fb1891473d548e09ed15de35f33764fe18603f3c	9493ff9f5515eec26daf0204589d1fa3dbb8128f2b58f3590f49244ebb4ecef4
118bda8c4d6279b4b4f54083929b9375eb67187d46413d70f72841717e308e86	CIC_W	2371	기초그라우팅	e74d004b4681d2a6bfa3a6faacdfea1574ed30a46869f08c4c04df5e3423162e	e7228658-b7ce-41b5-a87f-722d8fc0550c	기초그라우팅	TASK	PROMOTED_FROM_SOURCE	EXACT_EQUIVALENT	PROPOSED	MANUAL_REVIEW	OWNER_APPROVED_CONCEPT_MEMBERSHIP	PRESERVE_SOURCE_MEMBERSHIP	RISK-04-APPROVE-001	62c2c50e3c0becbe23a686735d1a7e50ed8bce2f3fa23c539d2250b68227c2d7	c8c4232bf924b52636c9dc33fb1891473d548e09ed15de35f33764fe18603f3c	9493ff9f5515eec26daf0204589d1fa3dbb8128f2b58f3590f49244ebb4ecef4
a0ef2eb5844cd66edd6ac07cc32a50ceb755608985855e3bbbb8a5ba0e867cda	CIC_W	2372	기초지지보설치	d28a689e7ab20ae185df265bbc0f70e0a53b3af05ec6df9f0ff97da68808de0b	97fe7699-d8b4-4b6b-8416-ee7dd366574c	기초지지보설치	TASK	PROMOTED_FROM_SOURCE	EXACT_EQUIVALENT	PROPOSED	MANUAL_REVIEW	OWNER_APPROVED_CONCEPT_MEMBERSHIP	PRESERVE_SOURCE_MEMBERSHIP	RISK-04-APPROVE-001	62c2c50e3c0becbe23a686735d1a7e50ed8bce2f3fa23c539d2250b68227c2d7	c8c4232bf924b52636c9dc33fb1891473d548e09ed15de35f33764fe18603f3c	9493ff9f5515eec26daf0204589d1fa3dbb8128f2b58f3590f49244ebb4ecef4
6df4f7a42ed16d1eeef1385d6aecdc5815855c7a09e36eb570af3e826d3067eb	CIC_W	2373	기초올리기	d2aff13cc809c3a8b5bd5bf3910ec699b28e1657eb58dae20696c0a9c0238e96	69417f4b-f30d-47d4-9a4a-9ac8e2820e30	기초올리기	TASK	PROMOTED_FROM_SOURCE	EXACT_EQUIVALENT	PROPOSED	MANUAL_REVIEW	OWNER_APPROVED_CONCEPT_MEMBERSHIP	PRESERVE_SOURCE_MEMBERSHIP	RISK-04-APPROVE-001	62c2c50e3c0becbe23a686735d1a7e50ed8bce2f3fa23c539d2250b68227c2d7	c8c4232bf924b52636c9dc33fb1891473d548e09ed15de35f33764fe18603f3c	9493ff9f5515eec26daf0204589d1fa3dbb8128f2b58f3590f49244ebb4ecef4
5edab3393b7d6707cc44626ca1d4c8faee0ef791a1cb8cf6347e6211e7a9c6ae	CIC_W	2374	기초지반보강	03aaad55841df81565fdced35fc4f35a49132608301f3438c309945cdb6e9239	fcb638f8-d660-427b-aebe-c00d81f4e628	기초지반보강	TASK	PROMOTED_FROM_SOURCE	EXACT_EQUIVALENT	PROPOSED	MANUAL_REVIEW	OWNER_APPROVED_CONCEPT_MEMBERSHIP	PRESERVE_SOURCE_MEMBERSHIP	RISK-04-APPROVE-001	62c2c50e3c0becbe23a686735d1a7e50ed8bce2f3fa23c539d2250b68227c2d7	c8c4232bf924b52636c9dc33fb1891473d548e09ed15de35f33764fe18603f3c	9493ff9f5515eec26daf0204589d1fa3dbb8128f2b58f3590f49244ebb4ecef4
a18a5585f15c1d1e6a086abb16997976ede553b2d1a3aa0ca767c44ee6dbc7bb	CIC_W	24	흙막이및지보공사	fc4f7df78ecb9755d8ff69c7766d178706b5e53fc3bd41fe4723431d9bcd5bf1	fa9bc1cf-4143-49e0-a578-32622795b91d	흙막이및지보공사	PROCESS	PROMOTED_FROM_SOURCE	EXACT_EQUIVALENT	PROPOSED	MANUAL_REVIEW	OWNER_APPROVED_CONCEPT_MEMBERSHIP	PRESERVE_SOURCE_MEMBERSHIP	RISK-04-APPROVE-001	62c2c50e3c0becbe23a686735d1a7e50ed8bce2f3fa23c539d2250b68227c2d7	c8c4232bf924b52636c9dc33fb1891473d548e09ed15de35f33764fe18603f3c	9493ff9f5515eec26daf0204589d1fa3dbb8128f2b58f3590f49244ebb4ecef4
1f34a2a24b9317a32edd183655c283f21dc31e605207b4239a3dd91cc991c616	CIC_W	241	말뚝흙막이	99be967a570fd4905646ea972fb33880e6f79c78e313678e9ef7f1cb73d2fa4a	e401ae90-0727-4bb6-86f1-d12f8fc286b1	말뚝흙막이	PROCESS	PROMOTED_FROM_SOURCE	EXACT_EQUIVALENT	PROPOSED	MANUAL_REVIEW	OWNER_APPROVED_CONCEPT_MEMBERSHIP	PRESERVE_SOURCE_MEMBERSHIP	RISK-04-APPROVE-001	62c2c50e3c0becbe23a686735d1a7e50ed8bce2f3fa23c539d2250b68227c2d7	c8c4232bf924b52636c9dc33fb1891473d548e09ed15de35f33764fe18603f3c	9493ff9f5515eec26daf0204589d1fa3dbb8128f2b58f3590f49244ebb4ecef4
ad799c281c44eb84005e6dd5a10ec5e85dd27626b97e81ffd5e7b16530b7f297	CIC_W	2411	엄지말뚝가로널흙막이	1c7ee4cebcb97e15359f92f3581032b67fa371259eccc66c6f09117bf9aa81ac	b31e8b33-f8e8-4b2b-8399-b640c39c0449	엄지말뚝가로널흙막이	PROCESS	PROMOTED_FROM_SOURCE	EXACT_EQUIVALENT	PROPOSED	MANUAL_REVIEW	OWNER_APPROVED_CONCEPT_MEMBERSHIP	PRESERVE_SOURCE_MEMBERSHIP	RISK-04-APPROVE-001	62c2c50e3c0becbe23a686735d1a7e50ed8bce2f3fa23c539d2250b68227c2d7	c8c4232bf924b52636c9dc33fb1891473d548e09ed15de35f33764fe18603f3c	9493ff9f5515eec26daf0204589d1fa3dbb8128f2b58f3590f49244ebb4ecef4
92dcce2a4af807e1c51e04aa460661695b50ccc88c98f535c4c796927ec43355	CIC_W	2412	널말뚝흙막이	b1c352a662111a85572737e497b5e3b9a5f313c1825a0b0b299fca5e9f30a6ae	5002c05d-994e-46ad-a461-1fe8e38b08b8	널말뚝흙막이	PROCESS	PROMOTED_FROM_SOURCE	EXACT_EQUIVALENT	PROPOSED	MANUAL_REVIEW	OWNER_APPROVED_CONCEPT_MEMBERSHIP	PRESERVE_SOURCE_MEMBERSHIP	RISK-04-APPROVE-001	62c2c50e3c0becbe23a686735d1a7e50ed8bce2f3fa23c539d2250b68227c2d7	c8c4232bf924b52636c9dc33fb1891473d548e09ed15de35f33764fe18603f3c	9493ff9f5515eec26daf0204589d1fa3dbb8128f2b58f3590f49244ebb4ecef4
007520fbd235ff1407abe47d8794e7ce7463544be3b9ad35b4470cc7b5e0c2af	CIC_W	2413	강재널말뚝흙막이(H-Beam및토류판)	5645849c5443d6c6c34e62c6122bc6dac63d605d29e650d49cd811e88c9d65c1	d14b464d-2ee3-4f1e-961f-77a7db2c4d6e	강재널말뚝흙막이(H-Beam및토류판)	PROCESS	PROMOTED_FROM_SOURCE	EXACT_EQUIVALENT	PROPOSED	MANUAL_REVIEW	OWNER_APPROVED_CONCEPT_MEMBERSHIP	PRESERVE_SOURCE_MEMBERSHIP	RISK-04-APPROVE-001	62c2c50e3c0becbe23a686735d1a7e50ed8bce2f3fa23c539d2250b68227c2d7	c8c4232bf924b52636c9dc33fb1891473d548e09ed15de35f33764fe18603f3c	9493ff9f5515eec26daf0204589d1fa3dbb8128f2b58f3590f49244ebb4ecef4
a6af3c3539c9e280c96971ea8446e3e6dd05b5a032ae06b35c58375f00f7d9a7	CIC_W	2414	경량강재널흙막이	d7dcd23ad7b7409db5318e81af0e6ee8cee33c1689505952a313553157231b88	62b74b81-b935-4968-98de-b2018290b346	경량강재널흙막이	PROCESS	PROMOTED_FROM_SOURCE	EXACT_EQUIVALENT	PROPOSED	MANUAL_REVIEW	OWNER_APPROVED_CONCEPT_MEMBERSHIP	PRESERVE_SOURCE_MEMBERSHIP	RISK-04-APPROVE-001	62c2c50e3c0becbe23a686735d1a7e50ed8bce2f3fa23c539d2250b68227c2d7	c8c4232bf924b52636c9dc33fb1891473d548e09ed15de35f33764fe18603f3c	9493ff9f5515eec26daf0204589d1fa3dbb8128f2b58f3590f49244ebb4ecef4
f8c4d9d75309a0bb7a3d3c988910d2654ccb4e6dda80d123ccb0ce5afa2e0372	CIC_W	2415	강관널말뚝흙막이	19e048d957e8878a1ef1a576242867f956d2b15a3ae8f55f7b38c542d55697f7	d470dab3-f963-4f8b-9262-286e5b3f4694	강관널말뚝흙막이	PROCESS	PROMOTED_FROM_SOURCE	EXACT_EQUIVALENT	PROPOSED	MANUAL_REVIEW	OWNER_APPROVED_CONCEPT_MEMBERSHIP	PRESERVE_SOURCE_MEMBERSHIP	RISK-04-APPROVE-001	62c2c50e3c0becbe23a686735d1a7e50ed8bce2f3fa23c539d2250b68227c2d7	c8c4232bf924b52636c9dc33fb1891473d548e09ed15de35f33764fe18603f3c	9493ff9f5515eec26daf0204589d1fa3dbb8128f2b58f3590f49244ebb4ecef4
5440fdef030f3e582e49a296fbc9d70dac96b2645ccd8d627c958a20e6dbd8c4	CIC_W	242	주열흙막이	237ebf08eb25d06542020e6009e6b0a318bbfff75403f46e393fdf07a077f060	cbf9736a-49e5-4971-bfef-05ac83b61b42	주열흙막이	PROCESS	PROMOTED_FROM_SOURCE	EXACT_EQUIVALENT	PROPOSED	MANUAL_REVIEW	OWNER_APPROVED_CONCEPT_MEMBERSHIP	PRESERVE_SOURCE_MEMBERSHIP	RISK-04-APPROVE-001	62c2c50e3c0becbe23a686735d1a7e50ed8bce2f3fa23c539d2250b68227c2d7	c8c4232bf924b52636c9dc33fb1891473d548e09ed15de35f33764fe18603f3c	9493ff9f5515eec26daf0204589d1fa3dbb8128f2b58f3590f49244ebb4ecef4
da506be6f67044261cff10f4d7184e5b7a8c02526bec567e4aef599b26f56f12	CIC_W	2421	강관주열흙막이	4caa324123bb086dfebe66bf8386e84c039b8174a32c9b78c2d4139fe72411b4	81d1201a-951d-479f-9ebb-5d128257f652	강관주열흙막이	PROCESS	PROMOTED_FROM_SOURCE	EXACT_EQUIVALENT	PROPOSED	MANUAL_REVIEW	OWNER_APPROVED_CONCEPT_MEMBERSHIP	PRESERVE_SOURCE_MEMBERSHIP	RISK-04-APPROVE-001	62c2c50e3c0becbe23a686735d1a7e50ed8bce2f3fa23c539d2250b68227c2d7	c8c4232bf924b52636c9dc33fb1891473d548e09ed15de35f33764fe18603f3c	9493ff9f5515eec26daf0204589d1fa3dbb8128f2b58f3590f49244ebb4ecef4
38edb7dfb40e0d87ff4ac92957682067e8a4296c8856e2856078e6ebeda148a0	CIC_W	2422	현장치기주열흙막이	354c702fe4e515ad8043e35a5ab6e1e6b1a5ee33a86cbb385a588eddada8e1db	2737b83c-fef9-4772-9176-c5f4cf2bec37	현장치기주열흙막이	PROCESS	PROMOTED_FROM_SOURCE	EXACT_EQUIVALENT	PROPOSED	MANUAL_REVIEW	OWNER_APPROVED_CONCEPT_MEMBERSHIP	PRESERVE_SOURCE_MEMBERSHIP	RISK-04-APPROVE-001	62c2c50e3c0becbe23a686735d1a7e50ed8bce2f3fa23c539d2250b68227c2d7	c8c4232bf924b52636c9dc33fb1891473d548e09ed15de35f33764fe18603f3c	9493ff9f5515eec26daf0204589d1fa3dbb8128f2b58f3590f49244ebb4ecef4
2415527e641c3aa98984d7482fc5379bfc1dc84c567faa9de2219ac8570dfebf	CIC_W	2423	기성제콘크리트주열흙막이	8fb4c94ed31903a3e39db9695b48dc06f06d0357134fad4e125893d1bb0e1e41	961128a5-86a3-4079-a7bc-4d3b84fa44c5	기성제콘크리트주열흙막이	PROCESS	PROMOTED_FROM_SOURCE	EXACT_EQUIVALENT	PROPOSED	MANUAL_REVIEW	OWNER_APPROVED_CONCEPT_MEMBERSHIP	PRESERVE_SOURCE_MEMBERSHIP	RISK-04-APPROVE-001	62c2c50e3c0becbe23a686735d1a7e50ed8bce2f3fa23c539d2250b68227c2d7	c8c4232bf924b52636c9dc33fb1891473d548e09ed15de35f33764fe18603f3c	9493ff9f5515eec26daf0204589d1fa3dbb8128f2b58f3590f49244ebb4ecef4
46dccd63dce6f6b4538fd86710db830aebfef35c43ee8765af7f142539b95ea5	CIC_W	2424	소일시멘트주열흙막이	efbeb03aafbbdea1655e6628dbc04a498122e84682ddd4ef4ba8d77cecfddbe4	ae904b63-6fd3-4c73-9166-c8e3a1c384d7	소일시멘트주열흙막이	PROCESS	PROMOTED_FROM_SOURCE	EXACT_EQUIVALENT	PROPOSED	MANUAL_REVIEW	OWNER_APPROVED_CONCEPT_MEMBERSHIP	PRESERVE_SOURCE_MEMBERSHIP	RISK-04-APPROVE-001	62c2c50e3c0becbe23a686735d1a7e50ed8bce2f3fa23c539d2250b68227c2d7	c8c4232bf924b52636c9dc33fb1891473d548e09ed15de35f33764fe18603f3c	9493ff9f5515eec26daf0204589d1fa3dbb8128f2b58f3590f49244ebb4ecef4
1ffbe12bb0106b366cee2cebe6be9d3aef33fbfa395c1cd431f971a5e070a753	CIC_W	244	PC연속벽흙막이	36b84656407d811baaf7dc7660242889e7e81aca4fa49f252e5fb0e3f2201233	33086c9d-3791-4a98-8582-286f5f5a4c52	PC연속벽흙막이	PROCESS	PROMOTED_FROM_SOURCE	EXACT_EQUIVALENT	PROPOSED	MANUAL_REVIEW	OWNER_APPROVED_CONCEPT_MEMBERSHIP	PRESERVE_SOURCE_MEMBERSHIP	RISK-04-APPROVE-001	62c2c50e3c0becbe23a686735d1a7e50ed8bce2f3fa23c539d2250b68227c2d7	c8c4232bf924b52636c9dc33fb1891473d548e09ed15de35f33764fe18603f3c	9493ff9f5515eec26daf0204589d1fa3dbb8128f2b58f3590f49244ebb4ecef4
a197e29cad0f6b45f0b8c1a5eaff8aee1723fa08b91f6a8c87c5b91c6f76cbc4	CIC_W	245	지하연속벽흙막이	88ad68153e3b8034d9a250066fb5148ddd30e507da369c58e73cced1440805c9	e5eaeb1a-0dbc-40fb-aefe-2aa116123cc1	지하연속벽흙막이	PROCESS	PROMOTED_FROM_SOURCE	EXACT_EQUIVALENT	PROPOSED	MANUAL_REVIEW	OWNER_APPROVED_CONCEPT_MEMBERSHIP	PRESERVE_SOURCE_MEMBERSHIP	RISK-04-APPROVE-001	62c2c50e3c0becbe23a686735d1a7e50ed8bce2f3fa23c539d2250b68227c2d7	c8c4232bf924b52636c9dc33fb1891473d548e09ed15de35f33764fe18603f3c	9493ff9f5515eec26daf0204589d1fa3dbb8128f2b58f3590f49244ebb4ecef4
80c51b8dd82dbee3d9f4b2392bf8473e6a6464cffdf16e749209814e50382003	CIC_W	246	흙막이지보공사	994c5c6f3e7700bb439cd0c4b1741e3d839795989cfb1523bdf51bbd1e6c9280	fb9cf491-80c1-45eb-852e-6ba1bd57ad83	흙막이지보공사	PROCESS	PROMOTED_FROM_SOURCE	EXACT_EQUIVALENT	PROPOSED	MANUAL_REVIEW	OWNER_APPROVED_CONCEPT_MEMBERSHIP	PRESERVE_SOURCE_MEMBERSHIP	RISK-04-APPROVE-001	62c2c50e3c0becbe23a686735d1a7e50ed8bce2f3fa23c539d2250b68227c2d7	c8c4232bf924b52636c9dc33fb1891473d548e09ed15de35f33764fe18603f3c	9493ff9f5515eec26daf0204589d1fa3dbb8128f2b58f3590f49244ebb4ecef4
824322bb7adf82bd753880b8a8b8273196b22faf61434b7ee84c6a8b83a67907	CIC_W	2461	목재지보공사	0a8b567213ab76368a43417e3ad6fd7b89adb92c849cef6e17e80ec6c2075fdd	58f8b4bb-3450-4538-83f0-c4eccc7de4bd	목재지보공사	PROCESS	PROMOTED_FROM_SOURCE	EXACT_EQUIVALENT	PROPOSED	MANUAL_REVIEW	OWNER_APPROVED_CONCEPT_MEMBERSHIP	PRESERVE_SOURCE_MEMBERSHIP	RISK-04-APPROVE-001	62c2c50e3c0becbe23a686735d1a7e50ed8bce2f3fa23c539d2250b68227c2d7	c8c4232bf924b52636c9dc33fb1891473d548e09ed15de35f33764fe18603f3c	9493ff9f5515eec26daf0204589d1fa3dbb8128f2b58f3590f49244ebb4ecef4
cfcde44ee13299309becfdc029c3ee1a2144c0ab0f9d837e6114fa6190a6c297	CIC_W	2462	강재지보공사	be7967021c0ec2b03927f120f77e80740184aed358c5748bfc71d38536fc40b9	473fd39b-e52e-4239-89b1-49aba19e47fe	강재지보공사	PROCESS	PROMOTED_FROM_SOURCE	EXACT_EQUIVALENT	PROPOSED	MANUAL_REVIEW	OWNER_APPROVED_CONCEPT_MEMBERSHIP	PRESERVE_SOURCE_MEMBERSHIP	RISK-04-APPROVE-001	62c2c50e3c0becbe23a686735d1a7e50ed8bce2f3fa23c539d2250b68227c2d7	c8c4232bf924b52636c9dc33fb1891473d548e09ed15de35f33764fe18603f3c	9493ff9f5515eec26daf0204589d1fa3dbb8128f2b58f3590f49244ebb4ecef4
17610c263dffbfa1f74b6f33689ed932e0961fb5c51c6f3bf4839776ffacbdfa	CIC_W	2463	강관지보공사	99d4f72c4a1da1c354c994d94db41ef4eb5f02e07d39f540deaa3365553d8799	a4a8ab73-aaf2-49b4-af07-86f6742d4d62	강관지보공사	PROCESS	PROMOTED_FROM_SOURCE	EXACT_EQUIVALENT	PROPOSED	MANUAL_REVIEW	OWNER_APPROVED_CONCEPT_MEMBERSHIP	PRESERVE_SOURCE_MEMBERSHIP	RISK-04-APPROVE-001	62c2c50e3c0becbe23a686735d1a7e50ed8bce2f3fa23c539d2250b68227c2d7	c8c4232bf924b52636c9dc33fb1891473d548e09ed15de35f33764fe18603f3c	9493ff9f5515eec26daf0204589d1fa3dbb8128f2b58f3590f49244ebb4ecef4
0d643da544e4fefc355af2b1c23dc5a034f88da8194f751f46695216b6f298e0	CIC_W	2464	철근콘크리트지보공사	be1e724587f610fc57a33ba2620df093228ab54c0e36668adc529295c60039b8	fe74ef73-ae6e-4aae-ad0e-c37c6d0a1526	철근콘크리트지보공사	PROCESS	PROMOTED_FROM_SOURCE	EXACT_EQUIVALENT	PROPOSED	MANUAL_REVIEW	OWNER_APPROVED_CONCEPT_MEMBERSHIP	PRESERVE_SOURCE_MEMBERSHIP	RISK-04-APPROVE-001	62c2c50e3c0becbe23a686735d1a7e50ed8bce2f3fa23c539d2250b68227c2d7	c8c4232bf924b52636c9dc33fb1891473d548e09ed15de35f33764fe18603f3c	9493ff9f5515eec26daf0204589d1fa3dbb8128f2b58f3590f49244ebb4ecef4
9cdaf0608339d6257fee98935aac40969fb94e42dd0eb3c9a3ede781e7bef28e	CIC_W	247	어스앵커(EarthAnchor) 록앵커흙막이	f1168a4e4a506320c79ba0fcac09dae44be7947144aace80dba61b9a2b378350	ed76117b-a883-4f51-b599-d6c9d721a6e3	어스앵커(EarthAnchor) 록앵커흙막이	PROCESS	PROMOTED_FROM_SOURCE	EXACT_EQUIVALENT	PROPOSED	MANUAL_REVIEW	OWNER_APPROVED_CONCEPT_MEMBERSHIP	PRESERVE_SOURCE_MEMBERSHIP	RISK-04-APPROVE-001	62c2c50e3c0becbe23a686735d1a7e50ed8bce2f3fa23c539d2250b68227c2d7	c8c4232bf924b52636c9dc33fb1891473d548e09ed15de35f33764fe18603f3c	9493ff9f5515eec26daf0204589d1fa3dbb8128f2b58f3590f49244ebb4ecef4
2781a614b7b6f96526e29ccb20d7b5f8dde17d6408410f52dd6b65012d6f2647	CIC_W	248	조립식간이흙막이	ee0c672329b828c681b5de8ec8f03f85327369f24b816c82655f16e0bef524c8	6f1d2876-cd53-4144-baea-d4ce926f98ae	조립식간이흙막이	PROCESS	PROMOTED_FROM_SOURCE	EXACT_EQUIVALENT	PROPOSED	MANUAL_REVIEW	OWNER_APPROVED_CONCEPT_MEMBERSHIP	PRESERVE_SOURCE_MEMBERSHIP	RISK-04-APPROVE-001	62c2c50e3c0becbe23a686735d1a7e50ed8bce2f3fa23c539d2250b68227c2d7	c8c4232bf924b52636c9dc33fb1891473d548e09ed15de35f33764fe18603f3c	9493ff9f5515eec26daf0204589d1fa3dbb8128f2b58f3590f49244ebb4ecef4
cd834c7753937a5b1e75ef4d4d8d66df9b3ba24785404eb9be7af14ad4bf8656	CIC_W	25	철근콘크리트공사	13f01c1ad0d027cd2397d07a0e9eafb5222e1bbae9c0855e76a6ca66d279e062	71f3ec22-bbb7-483f-a6b5-f089eac9007c	철근콘크리트공사	PROCESS	PROMOTED_FROM_SOURCE	EXACT_EQUIVALENT	PROPOSED	MANUAL_REVIEW	OWNER_APPROVED_CONCEPT_MEMBERSHIP	PRESERVE_SOURCE_MEMBERSHIP	RISK-04-APPROVE-001	62c2c50e3c0becbe23a686735d1a7e50ed8bce2f3fa23c539d2250b68227c2d7	c8c4232bf924b52636c9dc33fb1891473d548e09ed15de35f33764fe18603f3c	9493ff9f5515eec26daf0204589d1fa3dbb8128f2b58f3590f49244ebb4ecef4
52afd58b90724735df23bd3338d97bb66b634b6ccc75920ba7adfb08b124df31	CIC_W	2512	골재채취 생산	f0f16c06ab4cb90d25d4fe89308cc6c166adb5d47278506dbaf906f92a58573e	0cb65197-0fe0-43db-8421-8cd559c8d4e5	골재채취 생산	TASK	PROMOTED_FROM_SOURCE	EXACT_EQUIVALENT	PROPOSED	MANUAL_REVIEW	OWNER_APPROVED_CONCEPT_MEMBERSHIP	PRESERVE_IN_SOURCE_MAPPING_EVIDENCE	RISK-04-APPROVE-001	62c2c50e3c0becbe23a686735d1a7e50ed8bce2f3fa23c539d2250b68227c2d7	c8c4232bf924b52636c9dc33fb1891473d548e09ed15de35f33764fe18603f3c	9493ff9f5515eec26daf0204589d1fa3dbb8128f2b58f3590f49244ebb4ecef4
73b1f4b25c3547a8d2cc32c73fb5dd4ae5813d215095f646e54b739e7519496a	CIC_W	252	콘크리트생산및구입	a4e348e08da8a4e5f535e0a1ed14382cfc73d3ba5abd1e174ef1d2e614152425	ba7294ab-7de7-4c60-be42-43c35bcd5e13	콘크리트생산및구입	PROCESS	PROMOTED_FROM_SOURCE	EXACT_EQUIVALENT	PROPOSED	MANUAL_REVIEW	OWNER_APPROVED_CONCEPT_MEMBERSHIP	PRESERVE_SOURCE_MEMBERSHIP	RISK-04-APPROVE-001	62c2c50e3c0becbe23a686735d1a7e50ed8bce2f3fa23c539d2250b68227c2d7	c8c4232bf924b52636c9dc33fb1891473d548e09ed15de35f33764fe18603f3c	9493ff9f5515eec26daf0204589d1fa3dbb8128f2b58f3590f49244ebb4ecef4
7219c55a3c48030d7612a2c81e63188eed48bb8623ff454b9cd667bb2e88e076	CIC_W	2521	콘크리트생산	39f43c011ba393cac28497598616f9562ae5723eec583bc5100030ff7a5286b4	b94ee5b3-9867-47b9-9429-271af60626ef	콘크리트생산	TASK	PROMOTED_FROM_SOURCE	EXACT_EQUIVALENT	PROPOSED	MANUAL_REVIEW	OWNER_APPROVED_CONCEPT_MEMBERSHIP	PRESERVE_SOURCE_MEMBERSHIP	RISK-04-APPROVE-001	62c2c50e3c0becbe23a686735d1a7e50ed8bce2f3fa23c539d2250b68227c2d7	c8c4232bf924b52636c9dc33fb1891473d548e09ed15de35f33764fe18603f3c	9493ff9f5515eec26daf0204589d1fa3dbb8128f2b58f3590f49244ebb4ecef4
8174d96293ed34c02f23a09e3739129765f5402cbcc9e8f28a67f3644a7549f3	CIC_W	253	콘크리트타설	58e88af9a290fbf1488f9595f8420103f1fa3868a286f2c3d3d731c980d831ca	6fd8d8a8-6eaa-48fc-baaa-437318b8d0bc	콘크리트타설	PROCESS	PROMOTED_FROM_SOURCE	EXACT_EQUIVALENT	PROPOSED	MANUAL_REVIEW	OWNER_APPROVED_CONCEPT_MEMBERSHIP	PRESERVE_SOURCE_MEMBERSHIP	RISK-04-APPROVE-001	62c2c50e3c0becbe23a686735d1a7e50ed8bce2f3fa23c539d2250b68227c2d7	c8c4232bf924b52636c9dc33fb1891473d548e09ed15de35f33764fe18603f3c	9493ff9f5515eec26daf0204589d1fa3dbb8128f2b58f3590f49244ebb4ecef4
acd3a1b799de714b796b667ba0ce0d93d30af5fa4f16bf335ea626c19e5d28d5	CIC_W	2531	무근콘크리트타설	86f35df022fc2c654219cc0fa23aea81675a2ced09202cd274f10256c8f7a55a	6e2c2cdb-1fc5-46fc-b7c4-94b07be28d81	무근콘크리트타설	TASK	PROMOTED_FROM_SOURCE	EXACT_EQUIVALENT	PROPOSED	MANUAL_REVIEW	OWNER_APPROVED_CONCEPT_MEMBERSHIP	PRESERVE_SOURCE_MEMBERSHIP	RISK-04-APPROVE-001	62c2c50e3c0becbe23a686735d1a7e50ed8bce2f3fa23c539d2250b68227c2d7	c8c4232bf924b52636c9dc33fb1891473d548e09ed15de35f33764fe18603f3c	9493ff9f5515eec26daf0204589d1fa3dbb8128f2b58f3590f49244ebb4ecef4
864429add97949a196ed569bcea8d9610eaa0ecadf957e6b5c0a6b5bd84ef155	CIC_W	2532	철근콘크리트타설	e0b62c2ffdb38aa4bf0f88236420e66a4c9eab05cd8127bacecc0e58293cc846	d550a49b-b123-4c8a-9726-9aade049c92a	철근콘크리트타설	TASK	PROMOTED_FROM_SOURCE	EXACT_EQUIVALENT	PROPOSED	MANUAL_REVIEW	OWNER_APPROVED_CONCEPT_MEMBERSHIP	PRESERVE_SOURCE_MEMBERSHIP	RISK-04-APPROVE-001	62c2c50e3c0becbe23a686735d1a7e50ed8bce2f3fa23c539d2250b68227c2d7	c8c4232bf924b52636c9dc33fb1891473d548e09ed15de35f33764fe18603f3c	9493ff9f5515eec26daf0204589d1fa3dbb8128f2b58f3590f49244ebb4ecef4
2d6f44a7b37d29bbd0e9bdcd71b6a6782d87b215591d35c784ee93b876dde1dc	CIC_W	2533	프리스트레스콘크리트타설	8a9f61ba113d0ab2ac8559841b4f7cf4d97422e0fafb29b0774b75ebe1cab66d	fd0b3d15-3d76-4776-8602-dfbefc416b83	프리스트레스콘크리트타설	TASK	PROMOTED_FROM_SOURCE	EXACT_EQUIVALENT	PROPOSED	MANUAL_REVIEW	OWNER_APPROVED_CONCEPT_MEMBERSHIP	PRESERVE_SOURCE_MEMBERSHIP	RISK-04-APPROVE-001	62c2c50e3c0becbe23a686735d1a7e50ed8bce2f3fa23c539d2250b68227c2d7	c8c4232bf924b52636c9dc33fb1891473d548e09ed15de35f33764fe18603f3c	9493ff9f5515eec26daf0204589d1fa3dbb8128f2b58f3590f49244ebb4ecef4
d7e7ceb7c2cc8f39972e3f941d5b82b99bb86429400721c9a3b9758eec01383c	CIC_W	2536	특수콘크리트공사	505cc70a8518eeb5971a651d8e9ada22c9cf8c4cde874b23f1aa2a5c500f0e3e	b365812a-d0f2-479c-bf32-e969211fc91c	특수콘크리트공사	PROCESS	PROMOTED_FROM_SOURCE	EXACT_EQUIVALENT	PROPOSED	MANUAL_REVIEW	OWNER_APPROVED_CONCEPT_MEMBERSHIP	PRESERVE_SOURCE_MEMBERSHIP	RISK-04-APPROVE-001	62c2c50e3c0becbe23a686735d1a7e50ed8bce2f3fa23c539d2250b68227c2d7	c8c4232bf924b52636c9dc33fb1891473d548e09ed15de35f33764fe18603f3c	9493ff9f5515eec26daf0204589d1fa3dbb8128f2b58f3590f49244ebb4ecef4
d67ae39f353b3ad44f7efc1d5cddbb9f3f8120c92f5202a58d36a587279a44ae	CIC_W	2537	콘크리트양생	8f3697afe1d30f13b112001ec5188887d8e4160922faae42c177fc77662d462e	3258e587-68ab-40c8-80df-dd4fa0db60b7	콘크리트양생	TASK	PROMOTED_FROM_SOURCE	EXACT_EQUIVALENT	PROPOSED	MANUAL_REVIEW	OWNER_APPROVED_CONCEPT_MEMBERSHIP	PRESERVE_SOURCE_MEMBERSHIP	RISK-04-APPROVE-001	62c2c50e3c0becbe23a686735d1a7e50ed8bce2f3fa23c539d2250b68227c2d7	c8c4232bf924b52636c9dc33fb1891473d548e09ed15de35f33764fe18603f3c	9493ff9f5515eec26daf0204589d1fa3dbb8128f2b58f3590f49244ebb4ecef4
36f4829f4f6902e0b9b514eb3d95a349611a9f580b0b7e4cc4628533c871adfd	CIC_W	254	거푸집공사	19a4f25f379f1c2df1583f09f8eb8c3a87236b69fab9c3d0be4f376b3846b4de	8bdf4909-dc81-4a7b-aab4-7c9f78d59aa7	거푸집공사	PROCESS	PROMOTED_FROM_SOURCE	EXACT_EQUIVALENT	PROPOSED	MANUAL_REVIEW	OWNER_APPROVED_CONCEPT_MEMBERSHIP	PRESERVE_SOURCE_MEMBERSHIP	RISK-04-APPROVE-001	62c2c50e3c0becbe23a686735d1a7e50ed8bce2f3fa23c539d2250b68227c2d7	c8c4232bf924b52636c9dc33fb1891473d548e09ed15de35f33764fe18603f3c	9493ff9f5515eec26daf0204589d1fa3dbb8128f2b58f3590f49244ebb4ecef4
8bf97d050cc2e937969011f4acb60ec14c77d03177f8c512cc3a5d9795fd3d6a	CIC_W	2545	특수거푸집공사	702a1972419292ec68b25455315bf5cf56541edaea8c8bdb10a6e9935e0beaf7	250535a6-a833-4003-ad9f-b12b23caeb6b	특수거푸집공사	PROCESS	PROMOTED_FROM_SOURCE	EXACT_EQUIVALENT	PROPOSED	MANUAL_REVIEW	OWNER_APPROVED_CONCEPT_MEMBERSHIP	PRESERVE_SOURCE_MEMBERSHIP	RISK-04-APPROVE-001	62c2c50e3c0becbe23a686735d1a7e50ed8bce2f3fa23c539d2250b68227c2d7	c8c4232bf924b52636c9dc33fb1891473d548e09ed15de35f33764fe18603f3c	9493ff9f5515eec26daf0204589d1fa3dbb8128f2b58f3590f49244ebb4ecef4
fc61a2e8f81a6ed8547f9de54126ca89535c7207fed226c1b08f0140626694bf	CIC_W	2548	거푸집부속공사	b7d0587740a4af8ef651796b165b1412ce663e1ed875e2d5d1967861fe2b61de	e289ee8c-abe2-429f-aa94-b3c3d5c696f5	거푸집부속공사	PROCESS	PROMOTED_FROM_SOURCE	EXACT_EQUIVALENT	PROPOSED	MANUAL_REVIEW	OWNER_APPROVED_CONCEPT_MEMBERSHIP	PRESERVE_SOURCE_MEMBERSHIP	RISK-04-APPROVE-001	62c2c50e3c0becbe23a686735d1a7e50ed8bce2f3fa23c539d2250b68227c2d7	c8c4232bf924b52636c9dc33fb1891473d548e09ed15de35f33764fe18603f3c	9493ff9f5515eec26daf0204589d1fa3dbb8128f2b58f3590f49244ebb4ecef4
c46ffa0078ee43440921f2b05e094ae7b5ee935324a7045c7e02d06e447ffca0	CIC_W	255	콘크리트보강공사	da93d66161177953a78a151ba958258083bd7ecdc307038e8400e97437c377b4	71232285-0ecb-449e-8505-f1007ff645ea	콘크리트보강공사	PROCESS	PROMOTED_FROM_SOURCE	EXACT_EQUIVALENT	PROPOSED	MANUAL_REVIEW	OWNER_APPROVED_CONCEPT_MEMBERSHIP	PRESERVE_SOURCE_MEMBERSHIP	RISK-04-APPROVE-001	62c2c50e3c0becbe23a686735d1a7e50ed8bce2f3fa23c539d2250b68227c2d7	c8c4232bf924b52636c9dc33fb1891473d548e09ed15de35f33764fe18603f3c	9493ff9f5515eec26daf0204589d1fa3dbb8128f2b58f3590f49244ebb4ecef4
70f9f33b44c48cc60098a62523484cd5c1c05c4698608523ff3579fea9c9ead4	CIC_W	2551	철근가공및조립	534a1e029932e65c8b841d1e0b8758b67dacc6df04ab006a8e071ca767250c59	be965f09-464b-4d53-9be4-d72f44d3d1ee	철근가공및조립	TASK	PROMOTED_FROM_SOURCE	EXACT_EQUIVALENT	PROPOSED	MANUAL_REVIEW	OWNER_APPROVED_CONCEPT_MEMBERSHIP	PRESERVE_SOURCE_MEMBERSHIP	RISK-04-APPROVE-001	62c2c50e3c0becbe23a686735d1a7e50ed8bce2f3fa23c539d2250b68227c2d7	c8c4232bf924b52636c9dc33fb1891473d548e09ed15de35f33764fe18603f3c	9493ff9f5515eec26daf0204589d1fa3dbb8128f2b58f3590f49244ebb4ecef4
4191d6cb435a787cccac3c1f73ccc40d8b915eb444578fe6aca7984208ad04da	CIC_W	2552	포스트텐션프리스트레싱	91607a6b5234112b3b580adf08b809cedf34cd478dbfbf66b3fb34254771e313	7d25ff27-d4fb-4959-b8fb-c7717e6c964f	포스트텐션프리스트레싱	TASK	PROMOTED_FROM_SOURCE	EXACT_EQUIVALENT	PROPOSED	MANUAL_REVIEW	OWNER_APPROVED_CONCEPT_MEMBERSHIP	PRESERVE_SOURCE_MEMBERSHIP	RISK-04-APPROVE-001	62c2c50e3c0becbe23a686735d1a7e50ed8bce2f3fa23c539d2250b68227c2d7	c8c4232bf924b52636c9dc33fb1891473d548e09ed15de35f33764fe18603f3c	9493ff9f5515eec26daf0204589d1fa3dbb8128f2b58f3590f49244ebb4ecef4
7edf43c8cd640a929e804acdb3c2d6bab1ac5d0531411bb3c7b234cda50713e5	CIC_W	2559	기타콘크리트보강공사	1ebe0ce0cfa0c6b2489e7c58d60829f894fd006d8ced691437d6254aa6737243	ef82c79f-7a42-40ad-a790-24a6dedcce5c	기타콘크리트보강공사	PROCESS	PROMOTED_FROM_SOURCE	EXACT_EQUIVALENT	PROPOSED	MANUAL_REVIEW	OWNER_APPROVED_CONCEPT_MEMBERSHIP	PRESERVE_SOURCE_MEMBERSHIP	RISK-04-APPROVE-001	62c2c50e3c0becbe23a686735d1a7e50ed8bce2f3fa23c539d2250b68227c2d7	c8c4232bf924b52636c9dc33fb1891473d548e09ed15de35f33764fe18603f3c	9493ff9f5515eec26daf0204589d1fa3dbb8128f2b58f3590f49244ebb4ecef4
367fe25f2ea52d34e31b6011dc2aec639f377d6334f27c03e764c42ffce9b8bd	CIC_W	258	콘크리트부속공사	03754c84e28a545a6e2f2f5136ab8d915466c43cf7ccc3c05d3193d8829bbd60	03da6ebe-0db5-45a4-8564-6124ba14ad8f	콘크리트부속공사	PROCESS	PROMOTED_FROM_SOURCE	EXACT_EQUIVALENT	PROPOSED	MANUAL_REVIEW	OWNER_APPROVED_CONCEPT_MEMBERSHIP	PRESERVE_SOURCE_MEMBERSHIP	RISK-04-APPROVE-001	62c2c50e3c0becbe23a686735d1a7e50ed8bce2f3fa23c539d2250b68227c2d7	c8c4232bf924b52636c9dc33fb1891473d548e09ed15de35f33764fe18603f3c	9493ff9f5515eec26daf0204589d1fa3dbb8128f2b58f3590f49244ebb4ecef4
e5648bf03710eabd7e04645aafa2ab211d44a760d05638050547436fa3cdcd8a	CIC_W	2586	구조물그라우팅공사	1b8ed90d692f0511bf6d2cd9e9783cb543ce8eb01b5970bfae4ddb63da0f794d	d165e10e-825b-4450-ab5b-9cdc94fb883b	구조물그라우팅공사	PROCESS	PROMOTED_FROM_SOURCE	EXACT_EQUIVALENT	PROPOSED	MANUAL_REVIEW	OWNER_APPROVED_CONCEPT_MEMBERSHIP	PRESERVE_SOURCE_MEMBERSHIP	RISK-04-APPROVE-001	62c2c50e3c0becbe23a686735d1a7e50ed8bce2f3fa23c539d2250b68227c2d7	c8c4232bf924b52636c9dc33fb1891473d548e09ed15de35f33764fe18603f3c	9493ff9f5515eec26daf0204589d1fa3dbb8128f2b58f3590f49244ebb4ecef4
df78ec2c75a7fc75c76fbea944318e5b47d32809814275882b4ff9674c70ff63	CIC_W	2587	콘크리트면마감	b9f29c8796ee9cfb1e440b4f99635a54c802d76b6029dfc2f88345543c73088e	0d7d1319-591c-45a5-a5e8-158594dea5fd	콘크리트면마감	TASK	PROMOTED_FROM_SOURCE	EXACT_EQUIVALENT	PROPOSED	MANUAL_REVIEW	OWNER_APPROVED_CONCEPT_MEMBERSHIP	PRESERVE_SOURCE_MEMBERSHIP	RISK-04-APPROVE-001	62c2c50e3c0becbe23a686735d1a7e50ed8bce2f3fa23c539d2250b68227c2d7	c8c4232bf924b52636c9dc33fb1891473d548e09ed15de35f33764fe18603f3c	9493ff9f5515eec26daf0204589d1fa3dbb8128f2b58f3590f49244ebb4ecef4
f524307b840b8def336c9cac1dcd7148e7f13d43262dfdbc829f0fa4bd3697d2	CIC_W	2588	부속물매입	587cf1383ecdcab9cedddc863f15d531d8951055912ed6fdd9c1355880cbe0f3	46a00000-d9cc-44ed-b956-e1ac47687d33	부속물매입	TASK	PROMOTED_FROM_SOURCE	EXACT_EQUIVALENT	PROPOSED	MANUAL_REVIEW	OWNER_APPROVED_CONCEPT_MEMBERSHIP	PRESERVE_SOURCE_MEMBERSHIP	RISK-04-APPROVE-001	62c2c50e3c0becbe23a686735d1a7e50ed8bce2f3fa23c539d2250b68227c2d7	c8c4232bf924b52636c9dc33fb1891473d548e09ed15de35f33764fe18603f3c	9493ff9f5515eec26daf0204589d1fa3dbb8128f2b58f3590f49244ebb4ecef4
defad3fbfa77aa77af6719cdba61d4b5ab305938aab49eadeb7786d61b8b204a	CIC_W	26	프리케스트콘크리트공사	9ff4e35cc5e677d6d8dd41c870da81f1059aab60a35df435d424b7e64af7df61	e0ffb761-4531-42a9-bccc-a47102859054	프리케스트콘크리트공사	PROCESS	PROMOTED_FROM_SOURCE	EXACT_EQUIVALENT	PROPOSED	MANUAL_REVIEW	OWNER_APPROVED_CONCEPT_MEMBERSHIP	PRESERVE_SOURCE_MEMBERSHIP	RISK-04-APPROVE-001	62c2c50e3c0becbe23a686735d1a7e50ed8bce2f3fa23c539d2250b68227c2d7	c8c4232bf924b52636c9dc33fb1891473d548e09ed15de35f33764fe18603f3c	9493ff9f5515eec26daf0204589d1fa3dbb8128f2b58f3590f49244ebb4ecef4
f5ab223c60fb01d03310c877ae5b5a5342f9f025dd8bafabd9e5937bbe0915b5	CIC_W	262	PC부재생산	0094e4e7a1f0cbeaa70425941c37f1dd06b42da2328faa8fc78d22d5f7693c2a	888bf357-3ff0-4beb-b338-c4153ab0cadc	PC부재생산	PROCESS	PROMOTED_FROM_SOURCE	EXACT_EQUIVALENT	PROPOSED	MANUAL_REVIEW	OWNER_APPROVED_CONCEPT_MEMBERSHIP	PRESERVE_SOURCE_MEMBERSHIP	RISK-04-APPROVE-001	62c2c50e3c0becbe23a686735d1a7e50ed8bce2f3fa23c539d2250b68227c2d7	c8c4232bf924b52636c9dc33fb1891473d548e09ed15de35f33764fe18603f3c	9493ff9f5515eec26daf0204589d1fa3dbb8128f2b58f3590f49244ebb4ecef4
f249e16cf15d3123a2c78b681dc4572cf2637a9e4fa771eaf8eeaa16c9d6e3de	CIC_W	2621	일반PC구조부재공장생산	c3d33ed6b40d64522155ffd68cc6ebe8cec89ff844101d06a9fee4640b8a7dd3	a2fd72a7-0838-41dc-ab4a-d3bc0be20f19	일반PC구조부재공장생산	TASK	PROMOTED_FROM_SOURCE	EXACT_EQUIVALENT	PROPOSED	MANUAL_REVIEW	OWNER_APPROVED_CONCEPT_MEMBERSHIP	PRESERVE_SOURCE_MEMBERSHIP	RISK-04-APPROVE-001	62c2c50e3c0becbe23a686735d1a7e50ed8bce2f3fa23c539d2250b68227c2d7	c8c4232bf924b52636c9dc33fb1891473d548e09ed15de35f33764fe18603f3c	9493ff9f5515eec26daf0204589d1fa3dbb8128f2b58f3590f49244ebb4ecef4
3d99bc39b52a4e1fd205f78e6b6287f2e331b8f44ab4f53c5e37104f209c7ce7	CIC_W	2622	특수PC구조부재공장생산	eab931fc259700442b04eded5a74f35e3cf42ec80df7c8f8bfa0f2d434917d3d	828eaca3-4ce3-4a53-a9cf-59d8c09ae5c3	특수PC구조부재공장생산	TASK	PROMOTED_FROM_SOURCE	EXACT_EQUIVALENT	PROPOSED	MANUAL_REVIEW	OWNER_APPROVED_CONCEPT_MEMBERSHIP	PRESERVE_SOURCE_MEMBERSHIP	RISK-04-APPROVE-001	62c2c50e3c0becbe23a686735d1a7e50ed8bce2f3fa23c539d2250b68227c2d7	c8c4232bf924b52636c9dc33fb1891473d548e09ed15de35f33764fe18603f3c	9493ff9f5515eec26daf0204589d1fa3dbb8128f2b58f3590f49244ebb4ecef4
639a98dd5689bbeb8dced6b951d1b723963f0d3dc90db8f660986e7ed3c310cf	CIC_W	2623	기타PC부재공장생산	b6deaa27e1a606346c8b88c04d2d0f46e01a431862421fae094cdbc279da49fe	e53a7854-2453-4d4b-8957-2e019766a73b	기타PC부재공장생산	TASK	PROMOTED_FROM_SOURCE	EXACT_EQUIVALENT	PROPOSED	MANUAL_REVIEW	OWNER_APPROVED_CONCEPT_MEMBERSHIP	PRESERVE_SOURCE_MEMBERSHIP	RISK-04-APPROVE-001	62c2c50e3c0becbe23a686735d1a7e50ed8bce2f3fa23c539d2250b68227c2d7	c8c4232bf924b52636c9dc33fb1891473d548e09ed15de35f33764fe18603f3c	9493ff9f5515eec26daf0204589d1fa3dbb8128f2b58f3590f49244ebb4ecef4
d925d7dcfabab1918609bde33ab2764d607526d2a7af560fe370c995d844304f	CIC_W	2624	소형PC구조물공장생산	700d44e2086f7e3510b1c8592413bfd7174457af028cd6e2abd663a9660b7a9e	217b3732-a8a6-4773-b441-e41b16a3ef25	소형PC구조물공장생산	TASK	PROMOTED_FROM_SOURCE	EXACT_EQUIVALENT	PROPOSED	MANUAL_REVIEW	OWNER_APPROVED_CONCEPT_MEMBERSHIP	PRESERVE_SOURCE_MEMBERSHIP	RISK-04-APPROVE-001	62c2c50e3c0becbe23a686735d1a7e50ed8bce2f3fa23c539d2250b68227c2d7	c8c4232bf924b52636c9dc33fb1891473d548e09ed15de35f33764fe18603f3c	9493ff9f5515eec26daf0204589d1fa3dbb8128f2b58f3590f49244ebb4ecef4
0e609af15c4364049dddffa5b984b35fe03d9288b1144fcb925008ea99c903dd	CIC_W	2625	일반PC구조부재현장생산	8ec2cc808e50af2600e037cdc6d93e5a0551884be613b17f7d3c6231881658cd	187d4381-c2cf-42f2-a6f3-3dbf5f3985f0	일반PC구조부재현장생산	TASK	PROMOTED_FROM_SOURCE	EXACT_EQUIVALENT	PROPOSED	MANUAL_REVIEW	OWNER_APPROVED_CONCEPT_MEMBERSHIP	PRESERVE_SOURCE_MEMBERSHIP	RISK-04-APPROVE-001	62c2c50e3c0becbe23a686735d1a7e50ed8bce2f3fa23c539d2250b68227c2d7	c8c4232bf924b52636c9dc33fb1891473d548e09ed15de35f33764fe18603f3c	9493ff9f5515eec26daf0204589d1fa3dbb8128f2b58f3590f49244ebb4ecef4
d3b91339931e8208f7968a7d5b42dc4134a05f32ce7b4f9ab183cb1810493b4e	CIC_W	2626	특수PC구조부재현장생산	78667ee606b918b75d4ecd9e903c7a2e93548e314da292f68715e2f134fd2308	9561f173-c6f7-46fa-9f20-ee2cefc6b731	특수PC구조부재현장생산	TASK	PROMOTED_FROM_SOURCE	EXACT_EQUIVALENT	PROPOSED	MANUAL_REVIEW	OWNER_APPROVED_CONCEPT_MEMBERSHIP	PRESERVE_SOURCE_MEMBERSHIP	RISK-04-APPROVE-001	62c2c50e3c0becbe23a686735d1a7e50ed8bce2f3fa23c539d2250b68227c2d7	c8c4232bf924b52636c9dc33fb1891473d548e09ed15de35f33764fe18603f3c	9493ff9f5515eec26daf0204589d1fa3dbb8128f2b58f3590f49244ebb4ecef4
7ea2f2039ae9592f42df853436fa5ad7b38348a23a2eefbb261a0c174587f682	CIC_W	2627	기타PC부재현장생산	b32eba72110b31e9759ffc30dd95961d023608b0a0ee3c0248bd22eacdc2b62e	97a63fe0-9bc2-4de3-9456-81f4acf47f49	기타PC부재현장생산	TASK	PROMOTED_FROM_SOURCE	EXACT_EQUIVALENT	PROPOSED	MANUAL_REVIEW	OWNER_APPROVED_CONCEPT_MEMBERSHIP	PRESERVE_SOURCE_MEMBERSHIP	RISK-04-APPROVE-001	62c2c50e3c0becbe23a686735d1a7e50ed8bce2f3fa23c539d2250b68227c2d7	c8c4232bf924b52636c9dc33fb1891473d548e09ed15de35f33764fe18603f3c	9493ff9f5515eec26daf0204589d1fa3dbb8128f2b58f3590f49244ebb4ecef4
2ebf9ba97625905956530ce37a57192adf1ff01b807ef638f0ecbc153b1bda80	CIC_W	2628	소형PC구조물현장생산	8218e8727a202f926f45c60d6a1711ce3734d7722bb74641977b953977e5fdf0	404fe119-953b-4f78-9e39-e3b5a6e58b4e	소형PC구조물현장생산	TASK	PROMOTED_FROM_SOURCE	EXACT_EQUIVALENT	PROPOSED	MANUAL_REVIEW	OWNER_APPROVED_CONCEPT_MEMBERSHIP	PRESERVE_SOURCE_MEMBERSHIP	RISK-04-APPROVE-001	62c2c50e3c0becbe23a686735d1a7e50ed8bce2f3fa23c539d2250b68227c2d7	c8c4232bf924b52636c9dc33fb1891473d548e09ed15de35f33764fe18603f3c	9493ff9f5515eec26daf0204589d1fa3dbb8128f2b58f3590f49244ebb4ecef4
c50873302acd60ae7d5c8f0d0c5daa9f0acca125b705dc7f90300774706cc834	CIC_W	263	PC부재운반	e165ed64bfa19b15dd7f70936869885ec4741351e0dee1d7c16c769383ddb7da	2517aed8-23bc-4e23-a7c7-fcd8743847a7	PC부재운반	TASK	PROMOTED_FROM_SOURCE	EXACT_EQUIVALENT	PROPOSED	MANUAL_REVIEW	OWNER_APPROVED_CONCEPT_MEMBERSHIP	PRESERVE_SOURCE_MEMBERSHIP	RISK-04-APPROVE-001	62c2c50e3c0becbe23a686735d1a7e50ed8bce2f3fa23c539d2250b68227c2d7	c8c4232bf924b52636c9dc33fb1891473d548e09ed15de35f33764fe18603f3c	9493ff9f5515eec26daf0204589d1fa3dbb8128f2b58f3590f49244ebb4ecef4
7ad35354348d464893619d36a44250705be4c915a6df38b3744e9f88fd0ca924	CIC_W	264	토목PC구조부재조립	6687836107bb3e7d0a4cdc3c83aedda7d8ac7eaa5618bd2b1bbe34550fe9c44a	877ee6f7-1b8a-4804-9865-ef3a65ac01d6	토목PC구조부재조립	PROCESS	PROMOTED_FROM_SOURCE	EXACT_EQUIVALENT	PROPOSED	MANUAL_REVIEW	OWNER_APPROVED_CONCEPT_MEMBERSHIP	PRESERVE_SOURCE_MEMBERSHIP	RISK-04-APPROVE-001	62c2c50e3c0becbe23a686735d1a7e50ed8bce2f3fa23c539d2250b68227c2d7	c8c4232bf924b52636c9dc33fb1891473d548e09ed15de35f33764fe18603f3c	9493ff9f5515eec26daf0204589d1fa3dbb8128f2b58f3590f49244ebb4ecef4
0b693e5c30907c02ea85c7031f34766f760b08b0d7cca9565e95d427b12a72c3	CIC_W	2641	일반PC보조립	478736d51d40e0e8c95d0abff1e832a22ddd9fd9834f437ff8fb09afc6a4ce08	97ea29b5-ebcd-497f-be4b-638493a7c394	일반PC보조립	TASK	PROMOTED_FROM_SOURCE	EXACT_EQUIVALENT	PROPOSED	MANUAL_REVIEW	OWNER_APPROVED_CONCEPT_MEMBERSHIP	PRESERVE_SOURCE_MEMBERSHIP	RISK-04-APPROVE-001	62c2c50e3c0becbe23a686735d1a7e50ed8bce2f3fa23c539d2250b68227c2d7	c8c4232bf924b52636c9dc33fb1891473d548e09ed15de35f33764fe18603f3c	9493ff9f5515eec26daf0204589d1fa3dbb8128f2b58f3590f49244ebb4ecef4
bb2e76d1a2e98763f894471c14e31f38291fcaa586770233bb5df2f79fb8b2d0	CIC_W	2642	프리텐션PC보조립	3345b0a880ce8e44d60232565409d36adf08b1456a9ee557778cb92508bcd4de	4ea1d09f-ddce-4d8b-b7c4-b955644505a6	프리텐션PC보조립	TASK	PROMOTED_FROM_SOURCE	EXACT_EQUIVALENT	PROPOSED	MANUAL_REVIEW	OWNER_APPROVED_CONCEPT_MEMBERSHIP	PRESERVE_SOURCE_MEMBERSHIP	RISK-04-APPROVE-001	62c2c50e3c0becbe23a686735d1a7e50ed8bce2f3fa23c539d2250b68227c2d7	c8c4232bf924b52636c9dc33fb1891473d548e09ed15de35f33764fe18603f3c	9493ff9f5515eec26daf0204589d1fa3dbb8128f2b58f3590f49244ebb4ecef4
e31b2ae03dac1982b5e77ed3c9bc64606dd84c2b7592f939f1bac14fbe97ad16	CIC_W	2643	포스트텐션PC보조립	d8dcf3688ddd3911f04c7591ba9d3d070bec7ebad39d2f81ca9310dcbb061180	7059e166-3f70-455f-92d3-fcb7118a88e5	포스트텐션PC보조립	TASK	PROMOTED_FROM_SOURCE	EXACT_EQUIVALENT	PROPOSED	MANUAL_REVIEW	OWNER_APPROVED_CONCEPT_MEMBERSHIP	PRESERVE_SOURCE_MEMBERSHIP	RISK-04-APPROVE-001	62c2c50e3c0becbe23a686735d1a7e50ed8bce2f3fa23c539d2250b68227c2d7	c8c4232bf924b52636c9dc33fb1891473d548e09ed15de35f33764fe18603f3c	9493ff9f5515eec26daf0204589d1fa3dbb8128f2b58f3590f49244ebb4ecef4
44b47526db3dd052563ff13bf81b31049e18d6b1a0958472a8296150b5f293de	CIC_W	2644	프리프렉스PC보조립	2bc09911e2a00bdbcfd30faf2027c12d267cb76f788f84005de03d49f70617e8	502a0445-cc87-4a02-918d-79a6e5876045	프리프렉스PC보조립	TASK	PROMOTED_FROM_SOURCE	EXACT_EQUIVALENT	PROPOSED	MANUAL_REVIEW	OWNER_APPROVED_CONCEPT_MEMBERSHIP	PRESERVE_SOURCE_MEMBERSHIP	RISK-04-APPROVE-001	62c2c50e3c0becbe23a686735d1a7e50ed8bce2f3fa23c539d2250b68227c2d7	c8c4232bf924b52636c9dc33fb1891473d548e09ed15de35f33764fe18603f3c	9493ff9f5515eec26daf0204589d1fa3dbb8128f2b58f3590f49244ebb4ecef4
290fa5e1072baccdfa10b14890e7ed4b6642b112b9c03756dfafe233ad944e42	CIC_W	2645	기둥조립	27c821d18b97b6f608886edbe2256e3622ff782aefb2c3555bfcdde51dfa3c2b	2480e55f-5bc7-4dbd-a1fa-8016dba70adc	기둥조립	TASK	PROMOTED_FROM_SOURCE	EXACT_EQUIVALENT	PROPOSED	MANUAL_REVIEW	OWNER_APPROVED_CONCEPT_MEMBERSHIP	PRESERVE_SOURCE_MEMBERSHIP	RISK-04-APPROVE-001	62c2c50e3c0becbe23a686735d1a7e50ed8bce2f3fa23c539d2250b68227c2d7	c8c4232bf924b52636c9dc33fb1891473d548e09ed15de35f33764fe18603f3c	9493ff9f5515eec26daf0204589d1fa3dbb8128f2b58f3590f49244ebb4ecef4
8c4d7a4c450a910c0c64ead6866d6149da51f0612e6ff3156ad6c7df8edf37be	CIC_W	2646	PC슬라브조립	7746bbc8fc5a8ff3710d156df63650c2aae782b6622a8e900bac28f9f3e47c78	a5dbd267-9f8c-4490-b224-f9366a7d5d66	PC슬라브조립	TASK	PROMOTED_FROM_SOURCE	EXACT_EQUIVALENT	PROPOSED	MANUAL_REVIEW	OWNER_APPROVED_CONCEPT_MEMBERSHIP	PRESERVE_SOURCE_MEMBERSHIP	RISK-04-APPROVE-001	62c2c50e3c0becbe23a686735d1a7e50ed8bce2f3fa23c539d2250b68227c2d7	c8c4232bf924b52636c9dc33fb1891473d548e09ed15de35f33764fe18603f3c	9493ff9f5515eec26daf0204589d1fa3dbb8128f2b58f3590f49244ebb4ecef4
e007a634ac24b0ecefc8b6127d9b260013fb8787473f187bba13d867dbb20e76	CIC_W	265	기타토목PC부재조립	241e8cf487d9313c9bc87d252b8cda80fbcf84336e01ecedffea2fc005f4fdad	eef6e4b5-298c-4bc5-a416-f75dded2d6c9	기타토목PC부재조립	PROCESS	PROMOTED_FROM_SOURCE	EXACT_EQUIVALENT	PROPOSED	MANUAL_REVIEW	OWNER_APPROVED_CONCEPT_MEMBERSHIP	PRESERVE_SOURCE_MEMBERSHIP	RISK-04-APPROVE-001	62c2c50e3c0becbe23a686735d1a7e50ed8bce2f3fa23c539d2250b68227c2d7	c8c4232bf924b52636c9dc33fb1891473d548e09ed15de35f33764fe18603f3c	9493ff9f5515eec26daf0204589d1fa3dbb8128f2b58f3590f49244ebb4ecef4
990f8bb479fc255aa27743f7cbb2888a85bb6f2320522b1f1a3593ab3aae97ba	CIC_W	2651	세그멘탈부재조립	2b3f1f44c077431eb18333afd9af4016c7fe8e7c1ba7e3cae8fe0774ab341829	009a1643-f024-4c61-ac6b-182f7b85500a	세그멘탈부재조립	TASK	PROMOTED_FROM_SOURCE	EXACT_EQUIVALENT	PROPOSED	MANUAL_REVIEW	OWNER_APPROVED_CONCEPT_MEMBERSHIP	PRESERVE_SOURCE_MEMBERSHIP	RISK-04-APPROVE-001	62c2c50e3c0becbe23a686735d1a7e50ed8bce2f3fa23c539d2250b68227c2d7	c8c4232bf924b52636c9dc33fb1891473d548e09ed15de35f33764fe18603f3c	9493ff9f5515eec26daf0204589d1fa3dbb8128f2b58f3590f49244ebb4ecef4
27d672c2784fe743b92a44345218448e9eee230d04895baeaf3fb02ce4662ab3	CIC_W	2652	지하도PC부재조립 - - 대․중․소 분류대․중․소 분류	1b5fe88148c46cef4d8d7ab31a1199f3f8972780ca23ac8d08fec82be0bf6496	23b29dfd-5e36-4052-bcc1-e8565646844a	지하도PC부재조립	TASK	PROMOTED_FROM_SOURCE	EXACT_EQUIVALENT	PROPOSED	MANUAL_REVIEW	OWNER_APPROVED_CONCEPT_MEMBERSHIP	PRESERVE_SOURCE_MEMBERSHIP	RISK-04-APPROVE-001	62c2c50e3c0becbe23a686735d1a7e50ed8bce2f3fa23c539d2250b68227c2d7	c8c4232bf924b52636c9dc33fb1891473d548e09ed15de35f33764fe18603f3c	9493ff9f5515eec26daf0204589d1fa3dbb8128f2b58f3590f49244ebb4ecef4
a7f124087c39cce9609bf25581d5a1aec0b6fa48aa27873ddc06b58c44c32b84	CIC_W	2653	암거PC부재조립	8ea2a77853c0a58cedaff1e4f25ac4b8647fe3cba53a662065d6bd3018f643d4	ddb6c8e6-cce0-40f1-aeb1-35d86a7dc95d	암거PC부재조립	TASK	PROMOTED_FROM_SOURCE	EXACT_EQUIVALENT	PROPOSED	MANUAL_REVIEW	OWNER_APPROVED_CONCEPT_MEMBERSHIP	PRESERVE_SOURCE_MEMBERSHIP	RISK-04-APPROVE-001	62c2c50e3c0becbe23a686735d1a7e50ed8bce2f3fa23c539d2250b68227c2d7	c8c4232bf924b52636c9dc33fb1891473d548e09ed15de35f33764fe18603f3c	9493ff9f5515eec26daf0204589d1fa3dbb8128f2b58f3590f49244ebb4ecef4
13fc49c58ef97d3cb72a532a24b466ef0a9e9d1b53cf9249d6c4ebb86c327b5d	CIC_W	266	건축PC구조부재조립	d65964a503db888d8d4c26d0dc1a539b940355fb130fcd9b0b6d54a18ff90ace	348ade21-5842-40a7-b9b4-2d3bfc9ee008	건축PC구조부재조립	PROCESS	PROMOTED_FROM_SOURCE	EXACT_EQUIVALENT	PROPOSED	MANUAL_REVIEW	OWNER_APPROVED_CONCEPT_MEMBERSHIP	PRESERVE_SOURCE_MEMBERSHIP	RISK-04-APPROVE-001	62c2c50e3c0becbe23a686735d1a7e50ed8bce2f3fa23c539d2250b68227c2d7	c8c4232bf924b52636c9dc33fb1891473d548e09ed15de35f33764fe18603f3c	9493ff9f5515eec26daf0204589d1fa3dbb8128f2b58f3590f49244ebb4ecef4
9785e572f804b4504bb508bf9885c45393b2718c08c503de8ba618657c2bfac2	CIC_W	267	현장틸트-업콘크리트공사	c59d1724914a3d54974ea2bb87922dbf3e48dce6738c2f032299ee0219d592cd	e1b00e0a-75b1-4326-97fe-73cbaeb4056c	현장틸트-업콘크리트공사	PROCESS	PROMOTED_FROM_SOURCE	EXACT_EQUIVALENT	PROPOSED	MANUAL_REVIEW	OWNER_APPROVED_CONCEPT_MEMBERSHIP	PRESERVE_SOURCE_MEMBERSHIP	RISK-04-APPROVE-001	62c2c50e3c0becbe23a686735d1a7e50ed8bce2f3fa23c539d2250b68227c2d7	c8c4232bf924b52636c9dc33fb1891473d548e09ed15de35f33764fe18603f3c	9493ff9f5515eec26daf0204589d1fa3dbb8128f2b58f3590f49244ebb4ecef4
e5eb0fe7d8fd75412fa4f29b460abc91c4500fb8261f70083c07b7bcdd9f3535	CIC_W	268	PC부속공사	a35727bec64ace552ea87768f92eaa16bcde8af75c0da8aef1651a2880c7dc59	476efd01-d9c9-46c9-908b-3dcd7f719930	PC부속공사	PROCESS	PROMOTED_FROM_SOURCE	EXACT_EQUIVALENT	PROPOSED	MANUAL_REVIEW	OWNER_APPROVED_CONCEPT_MEMBERSHIP	PRESERVE_SOURCE_MEMBERSHIP	RISK-04-APPROVE-001	62c2c50e3c0becbe23a686735d1a7e50ed8bce2f3fa23c539d2250b68227c2d7	c8c4232bf924b52636c9dc33fb1891473d548e09ed15de35f33764fe18603f3c	9493ff9f5515eec26daf0204589d1fa3dbb8128f2b58f3590f49244ebb4ecef4
b34b9d8c76091ba520f6bc9a79845b384ee43c75359bf333bc42f7f860af379e	CIC_W	2681	PC부속재설치공사	7bff8bea4adadcc060b1da4fdcdc0495bb16bb4f5f03c3737862541ba252cbc1	b119206d-d7a3-412d-aa99-32eab0f455c2	PC부속재설치공사	PROCESS	PROMOTED_FROM_SOURCE	EXACT_EQUIVALENT	PROPOSED	MANUAL_REVIEW	OWNER_APPROVED_CONCEPT_MEMBERSHIP	PRESERVE_SOURCE_MEMBERSHIP	RISK-04-APPROVE-001	62c2c50e3c0becbe23a686735d1a7e50ed8bce2f3fa23c539d2250b68227c2d7	c8c4232bf924b52636c9dc33fb1891473d548e09ed15de35f33764fe18603f3c	9493ff9f5515eec26daf0204589d1fa3dbb8128f2b58f3590f49244ebb4ecef4
0f7b3579de94a5f648f42883a54306d05d8ee0a6134bd0585ea5a59b07e248ec	CIC_W	2682	PC조인트그라우팅	1de6edbf54fb16a68cce24227808846671e18f26052abcc401d07ed7e2a48929	1e14af59-33e6-4511-baa8-9d842c84ce1f	PC조인트그라우팅	TASK	PROMOTED_FROM_SOURCE	EXACT_EQUIVALENT	PROPOSED	MANUAL_REVIEW	OWNER_APPROVED_CONCEPT_MEMBERSHIP	PRESERVE_SOURCE_MEMBERSHIP	RISK-04-APPROVE-001	62c2c50e3c0becbe23a686735d1a7e50ed8bce2f3fa23c539d2250b68227c2d7	c8c4232bf924b52636c9dc33fb1891473d548e09ed15de35f33764fe18603f3c	9493ff9f5515eec26daf0204589d1fa3dbb8128f2b58f3590f49244ebb4ecef4
0852bd97435d0ce0dedbe417a378290f88cf097b806660238d1e5f5a53fbaecf	CIC_W	27	강구조물공사	0159c0afba4f87a183671de62115913a8b31972b208227a187d443435754b047	73218545-e9d1-4e62-aae6-6bcc492176e1	강구조물공사	PROCESS	PROMOTED_FROM_SOURCE	EXACT_EQUIVALENT	PROPOSED	MANUAL_REVIEW	OWNER_APPROVED_CONCEPT_MEMBERSHIP	PRESERVE_SOURCE_MEMBERSHIP	RISK-04-APPROVE-001	62c2c50e3c0becbe23a686735d1a7e50ed8bce2f3fa23c539d2250b68227c2d7	c8c4232bf924b52636c9dc33fb1891473d548e09ed15de35f33764fe18603f3c	9493ff9f5515eec26daf0204589d1fa3dbb8128f2b58f3590f49244ebb4ecef4
1bae2eb818b7be2116c626b5aa4d67cd1148776fce5afae6ea05ade1c47ca540	CIC_W	272	철골가공 제작	a9b19d41db62b02d613b384de089cb125f4481f51cc8fb9af7f657c10b31e7dd	fe6d0740-d16e-4954-8ce2-d0dbbce0c032	철골가공 제작	PROCESS	PROMOTED_FROM_SOURCE	EXACT_EQUIVALENT	PROPOSED	MANUAL_REVIEW	OWNER_APPROVED_CONCEPT_MEMBERSHIP	PRESERVE_SOURCE_MEMBERSHIP	RISK-04-APPROVE-001	62c2c50e3c0becbe23a686735d1a7e50ed8bce2f3fa23c539d2250b68227c2d7	c8c4232bf924b52636c9dc33fb1891473d548e09ed15de35f33764fe18603f3c	9493ff9f5515eec26daf0204589d1fa3dbb8128f2b58f3590f49244ebb4ecef4
4ce8419a2189b1645b4bad2ec790122b89addd019dbf068325650c26b232a904	CIC_W	2721	철골공장가공 제작	4532feab3011c0f3e3dbc4f8ebdbc1bbb57fd2e8af87eba34cf03e3187886c2c	591a51da-3333-4845-b60e-03458681ab39	철골공장가공 제작	TASK	PROMOTED_FROM_SOURCE	EXACT_EQUIVALENT	PROPOSED	MANUAL_REVIEW	OWNER_APPROVED_CONCEPT_MEMBERSHIP	PRESERVE_SOURCE_MEMBERSHIP	RISK-04-APPROVE-001	62c2c50e3c0becbe23a686735d1a7e50ed8bce2f3fa23c539d2250b68227c2d7	c8c4232bf924b52636c9dc33fb1891473d548e09ed15de35f33764fe18603f3c	9493ff9f5515eec26daf0204589d1fa3dbb8128f2b58f3590f49244ebb4ecef4
b2556adc2a56696b2597dcfaa6a7d82f20cc67c7bd581806769779585353a1d8	CIC_W	2725	철골현장가공 제작	b1e507d90ce24d1ba45813dbb84ce03f84f98d8500819efd5fec679b291d451c	af6c19b4-40c5-48d1-adbd-cefa9f42ab75	철골현장가공 제작	TASK	PROMOTED_FROM_SOURCE	EXACT_EQUIVALENT	PROPOSED	MANUAL_REVIEW	OWNER_APPROVED_CONCEPT_MEMBERSHIP	PRESERVE_SOURCE_MEMBERSHIP	RISK-04-APPROVE-001	62c2c50e3c0becbe23a686735d1a7e50ed8bce2f3fa23c539d2250b68227c2d7	c8c4232bf924b52636c9dc33fb1891473d548e09ed15de35f33764fe18603f3c	9493ff9f5515eec26daf0204589d1fa3dbb8128f2b58f3590f49244ebb4ecef4
fcb711e98f4a934fb0feaa90349d7221a318af4f024c4028c153303c428186d7	CIC_W	273	철골조립및설치	8f21587ec43018940afb947efb86af08c59f4ea101a9360830238770576fe31b	1064868c-41b7-481e-b6c6-b6a0d72c24ca	철골조립및설치	PROCESS	PROMOTED_FROM_SOURCE	EXACT_EQUIVALENT	PROPOSED	MANUAL_REVIEW	OWNER_APPROVED_CONCEPT_MEMBERSHIP	PRESERVE_SOURCE_MEMBERSHIP	RISK-04-APPROVE-001	62c2c50e3c0becbe23a686735d1a7e50ed8bce2f3fa23c539d2250b68227c2d7	c8c4232bf924b52636c9dc33fb1891473d548e09ed15de35f33764fe18603f3c	9493ff9f5515eec26daf0204589d1fa3dbb8128f2b58f3590f49244ebb4ecef4
802b492a4a14ee26aa01dfa3ee09c5f898e4affe4f575b0c85a7c340988d810b	CIC_W	2731	강교조립및설치	c3a4af8250b2ddde9a57933d9f504f0c07253c6585e858fcf0c3c23717a5f079	995ba818-1aac-4a5b-82cf-6e83ee485bbc	강교조립및설치	TASK	PROMOTED_FROM_SOURCE	EXACT_EQUIVALENT	PROPOSED	MANUAL_REVIEW	OWNER_APPROVED_CONCEPT_MEMBERSHIP	PRESERVE_SOURCE_MEMBERSHIP	RISK-04-APPROVE-001	62c2c50e3c0becbe23a686735d1a7e50ed8bce2f3fa23c539d2250b68227c2d7	c8c4232bf924b52636c9dc33fb1891473d548e09ed15de35f33764fe18603f3c	9493ff9f5515eec26daf0204589d1fa3dbb8128f2b58f3590f49244ebb4ecef4
dd77eae580dd3210961487a7a9fb4a3675e41d0655246f59b97ca441d6b2ceab	CIC_W	2732	건축철골조립및설치	a7f8d16d41e860d90ed4a4758bc29bdcc38955ffd7302bd8acb44014b5d64dea	af9b0594-96e9-4564-bea6-f80a261c55fc	건축철골조립및설치	TASK	PROMOTED_FROM_SOURCE	EXACT_EQUIVALENT	PROPOSED	MANUAL_REVIEW	OWNER_APPROVED_CONCEPT_MEMBERSHIP	PRESERVE_SOURCE_MEMBERSHIP	RISK-04-APPROVE-001	62c2c50e3c0becbe23a686735d1a7e50ed8bce2f3fa23c539d2250b68227c2d7	c8c4232bf924b52636c9dc33fb1891473d548e09ed15de35f33764fe18603f3c	9493ff9f5515eec26daf0204589d1fa3dbb8128f2b58f3590f49244ebb4ecef4
90efd03b31efe4731d03cc1cc06eab334ed586abfe53a2df6e8981e440b14ae0	CIC_W	2733	플랜트철골조립및설치	3af8899fd0419578df83afe79beaaebcf1f336301fc986bf262e0f4c0b5c2d4c	b3a8c23a-2b82-4926-8455-53f507b0667c	플랜트철골조립및설치	TASK	PROMOTED_FROM_SOURCE	EXACT_EQUIVALENT	PROPOSED	MANUAL_REVIEW	OWNER_APPROVED_CONCEPT_MEMBERSHIP	PRESERVE_SOURCE_MEMBERSHIP	RISK-04-APPROVE-001	62c2c50e3c0becbe23a686735d1a7e50ed8bce2f3fa23c539d2250b68227c2d7	c8c4232bf924b52636c9dc33fb1891473d548e09ed15de35f33764fe18603f3c	9493ff9f5515eec26daf0204589d1fa3dbb8128f2b58f3590f49244ebb4ecef4
32e1608a969df10979041092b5b3ccf92357c3bcf429886d6bec82b5069ad8d0	CIC_W	2734	경량철골조립및설치	290d01355efefc442840566d9e4a27899ae6a6a41a51f28bc140c18f98374bee	a035ac37-3280-4f2a-8b57-a3416a5061d0	경량철골조립및설치	TASK	PROMOTED_FROM_SOURCE	EXACT_EQUIVALENT	PROPOSED	MANUAL_REVIEW	OWNER_APPROVED_CONCEPT_MEMBERSHIP	PRESERVE_SOURCE_MEMBERSHIP	RISK-04-APPROVE-001	62c2c50e3c0becbe23a686735d1a7e50ed8bce2f3fa23c539d2250b68227c2d7	c8c4232bf924b52636c9dc33fb1891473d548e09ed15de35f33764fe18603f3c	9493ff9f5515eec26daf0204589d1fa3dbb8128f2b58f3590f49244ebb4ecef4
e350a6409d0882073f27705c8beb14344427daa00c9e5a5d1924d0cbab200b2a	CIC_W	2736	구조용알루미늄조립및설치	8ddb9d12db1eb623a8ed07d879759d57032095e6edaa0eed152d8b73ef5ba4f2	7436bc8c-bba8-4685-9d26-7246d975a4ca	구조용알루미늄조립및설치	TASK	PROMOTED_FROM_SOURCE	EXACT_EQUIVALENT	PROPOSED	MANUAL_REVIEW	OWNER_APPROVED_CONCEPT_MEMBERSHIP	PRESERVE_SOURCE_MEMBERSHIP	RISK-04-APPROVE-001	62c2c50e3c0becbe23a686735d1a7e50ed8bce2f3fa23c539d2250b68227c2d7	c8c4232bf924b52636c9dc33fb1891473d548e09ed15de35f33764fe18603f3c	9493ff9f5515eec26daf0204589d1fa3dbb8128f2b58f3590f49244ebb4ecef4
6ef543dea29a973b6d5d1352c6a0eab1fdcb9aafb3ebce2c1b54070cc5b945e1	CIC_W	274	금속바닥판및부속설비설치	894d7093086b3017def26a1e2260a364fa47f606c33ec7b2fd42a620ed0a394e	8bb17a44-1e90-43ad-96d0-4880fb5b9771	금속바닥판및부속설비설치	PROCESS	PROMOTED_FROM_SOURCE	EXACT_EQUIVALENT	PROPOSED	MANUAL_REVIEW	OWNER_APPROVED_CONCEPT_MEMBERSHIP	PRESERVE_SOURCE_MEMBERSHIP	RISK-04-APPROVE-001	62c2c50e3c0becbe23a686735d1a7e50ed8bce2f3fa23c539d2250b68227c2d7	c8c4232bf924b52636c9dc33fb1891473d548e09ed15de35f33764fe18603f3c	9493ff9f5515eec26daf0204589d1fa3dbb8128f2b58f3590f49244ebb4ecef4
6d1f3d7dfc7825e054e9e6dc908be908c9d5335d26506dd6f0f4d50283705ea6	CIC_W	2741	바닥판깔기	7653ce9c87a830de615a7872b94f36b4f95c24e3061fde52463033cfe2e1e438	813be6a8-13c4-4c96-9c90-36bd04348fb5	바닥판깔기	TASK	PROMOTED_FROM_SOURCE	EXACT_EQUIVALENT	PROPOSED	MANUAL_REVIEW	OWNER_APPROVED_CONCEPT_MEMBERSHIP	PRESERVE_SOURCE_MEMBERSHIP	RISK-04-APPROVE-001	62c2c50e3c0becbe23a686735d1a7e50ed8bce2f3fa23c539d2250b68227c2d7	c8c4232bf924b52636c9dc33fb1891473d548e09ed15de35f33764fe18603f3c	9493ff9f5515eec26daf0204589d1fa3dbb8128f2b58f3590f49244ebb4ecef4
4c051551a2bae481445f21c9b3bd678731c78873515449cf6913ee2b4463e3db	CIC_W	2742	철골계단설치	ee18220e1e4a8324af2d5cbfa2f2561fbbcdf820aedda7a08111390db0e9377b	478ea098-1a8c-47ef-bdbb-3f5c590c71b3	철골계단설치	TASK	PROMOTED_FROM_SOURCE	EXACT_EQUIVALENT	PROPOSED	MANUAL_REVIEW	OWNER_APPROVED_CONCEPT_MEMBERSHIP	PRESERVE_SOURCE_MEMBERSHIP	RISK-04-APPROVE-001	62c2c50e3c0becbe23a686735d1a7e50ed8bce2f3fa23c539d2250b68227c2d7	c8c4232bf924b52636c9dc33fb1891473d548e09ed15de35f33764fe18603f3c	9493ff9f5515eec26daf0204589d1fa3dbb8128f2b58f3590f49244ebb4ecef4
1021f4991dcaed02cee0540bff6327a0f5f5ffdb6ee9b739af0bafd5cf6073c0	CIC_W	2743	회랑 통로설치	ae98c6091dd38daa07cf5b8d0a6787234d1d84f26827c0621f3184d862c1980f	6f5a7b75-ec27-4b7e-8067-335e394d2a3d	회랑 통로설치	TASK	PROMOTED_FROM_SOURCE	EXACT_EQUIVALENT	PROPOSED	MANUAL_REVIEW	OWNER_APPROVED_CONCEPT_MEMBERSHIP	PRESERVE_SOURCE_MEMBERSHIP	RISK-04-APPROVE-001	62c2c50e3c0becbe23a686735d1a7e50ed8bce2f3fa23c539d2250b68227c2d7	c8c4232bf924b52636c9dc33fb1891473d548e09ed15de35f33764fe18603f3c	9493ff9f5515eec26daf0204589d1fa3dbb8128f2b58f3590f49244ebb4ecef4
d05425dbaee68a1549ca15d92cc9fc048754f266b09deb02fe67a59a23d9880b	CIC_W	2744	계단 회랑 통로난간설치	25a54deb7083b33507aa5a73fdea688a17256e0bc6494bfa324e646bed130b7d	39aa05ed-5b82-4bd6-a22a-1394fc8e1501	계단 회랑 통로난간설치	TASK	PROMOTED_FROM_SOURCE	EXACT_EQUIVALENT	PROPOSED	MANUAL_REVIEW	OWNER_APPROVED_CONCEPT_MEMBERSHIP	PRESERVE_SOURCE_MEMBERSHIP	RISK-04-APPROVE-001	62c2c50e3c0becbe23a686735d1a7e50ed8bce2f3fa23c539d2250b68227c2d7	c8c4232bf924b52636c9dc33fb1891473d548e09ed15de35f33764fe18603f3c	9493ff9f5515eec26daf0204589d1fa3dbb8128f2b58f3590f49244ebb4ecef4
1f175ddc6574ee256dbca13599f60dad9b8738e173316b2d2f50936ecf487149	CIC_W	2748	토목잡철물제작 설치	3b8e15aef8d1cf78ed0f6af8044dd411b9e3189c9b1cf5cf9aa31b060ab8ab62	b9b9aacc-4d24-4e6e-9f80-2a9b6e3f5875	토목잡철물제작 설치	TASK	PROMOTED_FROM_SOURCE	EXACT_EQUIVALENT	PROPOSED	MANUAL_REVIEW	OWNER_APPROVED_CONCEPT_MEMBERSHIP	PRESERVE_SOURCE_MEMBERSHIP	RISK-04-APPROVE-001	62c2c50e3c0becbe23a686735d1a7e50ed8bce2f3fa23c539d2250b68227c2d7	c8c4232bf924b52636c9dc33fb1891473d548e09ed15de35f33764fe18603f3c	9493ff9f5515eec26daf0204589d1fa3dbb8128f2b58f3590f49244ebb4ecef4
8168aff2717d80890c54641f06519b2291990ebc89f5a80ae144d8ec1030e05e	CIC_W	278	철골내화피복및도장	e7b2885e1bfe92f116c5f7a790ef9390c064d76e62ebd3655eb8fd8ff8203a3e	69c4e40d-02de-47fc-abd8-480f392c6761	철골내화피복및도장	PROCESS	PROMOTED_FROM_SOURCE	EXACT_EQUIVALENT	PROPOSED	MANUAL_REVIEW	OWNER_APPROVED_CONCEPT_MEMBERSHIP	PRESERVE_SOURCE_MEMBERSHIP	RISK-04-APPROVE-001	62c2c50e3c0becbe23a686735d1a7e50ed8bce2f3fa23c539d2250b68227c2d7	c8c4232bf924b52636c9dc33fb1891473d548e09ed15de35f33764fe18603f3c	9493ff9f5515eec26daf0204589d1fa3dbb8128f2b58f3590f49244ebb4ecef4
883be23b772b9ed50344ff97eb03eb1021cfc8c56bf062699643f12d8ac113f2	CIC_W	2781	철골내화피복	e28797a8110751205a06b5e1a960d5b85c61f3ff7158eea05e87d6fc23ef4f1f	4c3bef34-deec-4c80-a0a6-058e1e56d097	철골내화피복	TASK	PROMOTED_FROM_SOURCE	EXACT_EQUIVALENT	PROPOSED	MANUAL_REVIEW	OWNER_APPROVED_CONCEPT_MEMBERSHIP	PRESERVE_SOURCE_MEMBERSHIP	RISK-04-APPROVE-001	62c2c50e3c0becbe23a686735d1a7e50ed8bce2f3fa23c539d2250b68227c2d7	c8c4232bf924b52636c9dc33fb1891473d548e09ed15de35f33764fe18603f3c	9493ff9f5515eec26daf0204589d1fa3dbb8128f2b58f3590f49244ebb4ecef4
4334bb6804fec87096dfc6a587b2034d84fdcbb9e70501c5824073bbc10a4add	CIC_W	2785	철골 강교도장	954af7f796af6729ca14c96447db4f0e030ef961edf3c87661d997fd0de22afb	a33abdd9-3d7d-415e-ae9d-cacc4e40a242	철골 강교도장	TASK	PROMOTED_FROM_SOURCE	EXACT_EQUIVALENT	PROPOSED	MANUAL_REVIEW	OWNER_APPROVED_CONCEPT_MEMBERSHIP	PRESERVE_SOURCE_MEMBERSHIP	RISK-04-APPROVE-001	62c2c50e3c0becbe23a686735d1a7e50ed8bce2f3fa23c539d2250b68227c2d7	c8c4232bf924b52636c9dc33fb1891473d548e09ed15de35f33764fe18603f3c	9493ff9f5515eec26daf0204589d1fa3dbb8128f2b58f3590f49244ebb4ecef4
6f68af4edd1655d50743bd7d438a3b0eefc84938998c6130e8e65a68b3f0ca82	CIC_W	279	기타강구조물공사	a3116afd51a8c076f7b6e832b64442a5ecffecfcae3ed6c03770ea81bb273df5	5e40c440-5101-43b8-92ee-1cf62da231df	기타강구조물공사	PROCESS	PROMOTED_FROM_SOURCE	EXACT_EQUIVALENT	PROPOSED	MANUAL_REVIEW	OWNER_APPROVED_CONCEPT_MEMBERSHIP	PRESERVE_SOURCE_MEMBERSHIP	RISK-04-APPROVE-001	62c2c50e3c0becbe23a686735d1a7e50ed8bce2f3fa23c539d2250b68227c2d7	c8c4232bf924b52636c9dc33fb1891473d548e09ed15de35f33764fe18603f3c	9493ff9f5515eec26daf0204589d1fa3dbb8128f2b58f3590f49244ebb4ecef4
93fcfae68a3294e7708cf163d07f79b72bdf00a2b0bbd5c0557cccb1f1c65e8d	CIC_W	31	토목배관공사및배수공사	b15cd2beb1d4901b6d710f491abe2a583003fdfe5fe6d98842ce0257c9159552	e8c65574-5c31-4438-a942-c83aa6091b76	토목배관공사및배수공사	PROCESS	PROMOTED_FROM_SOURCE	EXACT_EQUIVALENT	PROPOSED	MANUAL_REVIEW	OWNER_APPROVED_CONCEPT_MEMBERSHIP	PRESERVE_SOURCE_MEMBERSHIP	RISK-04-APPROVE-001	62c2c50e3c0becbe23a686735d1a7e50ed8bce2f3fa23c539d2250b68227c2d7	c8c4232bf924b52636c9dc33fb1891473d548e09ed15de35f33764fe18603f3c	9493ff9f5515eec26daf0204589d1fa3dbb8128f2b58f3590f49244ebb4ecef4
24ff43ad5b31a322c667a38d88dd8d77dfc5dcc9e622f5b435bba1a63e42a01d	CIC_W	311	토목배관부설	4f2e093b95fb979b6e7fe6f6e15610c29313de754e86cf0d7afde24ec2151dee	3b8c0252-1275-4fa7-b549-5954d2a2d5c6	토목배관부설	PROCESS	PROMOTED_FROM_SOURCE	EXACT_EQUIVALENT	PROPOSED	MANUAL_REVIEW	OWNER_APPROVED_CONCEPT_MEMBERSHIP	PRESERVE_SOURCE_MEMBERSHIP	RISK-04-APPROVE-001	62c2c50e3c0becbe23a686735d1a7e50ed8bce2f3fa23c539d2250b68227c2d7	c8c4232bf924b52636c9dc33fb1891473d548e09ed15de35f33764fe18603f3c	9493ff9f5515eec26daf0204589d1fa3dbb8128f2b58f3590f49244ebb4ecef4
ef5513cb0c241da63ec222332ae84b2c45eb24b10c01997e175d80bf0513c9f7	CIC_W	3111	콘크리트관부설	e88c9f6b19dfd56a209f04f3af68e12f86f754d622c73a5848b30bd91ac4639d	87a25a7a-da52-4f6c-9fab-04138fe9c179	콘크리트관부설	TASK	PROMOTED_FROM_SOURCE	EXACT_EQUIVALENT	PROPOSED	MANUAL_REVIEW	OWNER_APPROVED_CONCEPT_MEMBERSHIP	PRESERVE_SOURCE_MEMBERSHIP	RISK-04-APPROVE-001	62c2c50e3c0becbe23a686735d1a7e50ed8bce2f3fa23c539d2250b68227c2d7	c8c4232bf924b52636c9dc33fb1891473d548e09ed15de35f33764fe18603f3c	9493ff9f5515eec26daf0204589d1fa3dbb8128f2b58f3590f49244ebb4ecef4
e0e1a5029a1ebf7166e9fbde9e5b31bf394ca66165120ccd6c4e2e89eeb6131d	CIC_W	3112	금속관부설	106095f71924384fb6883c27185490a29683f9ce6af50a8e71a082b6b132a447	17dfcfa8-a947-4f51-8e10-128124b7c90f	금속관부설	TASK	PROMOTED_FROM_SOURCE	EXACT_EQUIVALENT	PROPOSED	MANUAL_REVIEW	OWNER_APPROVED_CONCEPT_MEMBERSHIP	PRESERVE_SOURCE_MEMBERSHIP	RISK-04-APPROVE-001	62c2c50e3c0becbe23a686735d1a7e50ed8bce2f3fa23c539d2250b68227c2d7	c8c4232bf924b52636c9dc33fb1891473d548e09ed15de35f33764fe18603f3c	9493ff9f5515eec26daf0204589d1fa3dbb8128f2b58f3590f49244ebb4ecef4
c06e9a0d19769ec686dd3e2a3077622892ada3a1219d8f279d4315e0d18b3579	CIC_W	3113	프라스틱관부설	7bf278541877f4e20baa73c0ba0493c6a18892d4c525e53d9221d8620c0d69cf	e8876997-79a4-4923-bb22-3bc21c0205df	프라스틱관부설	TASK	PROMOTED_FROM_SOURCE	EXACT_EQUIVALENT	PROPOSED	MANUAL_REVIEW	OWNER_APPROVED_CONCEPT_MEMBERSHIP	PRESERVE_SOURCE_MEMBERSHIP	RISK-04-APPROVE-001	62c2c50e3c0becbe23a686735d1a7e50ed8bce2f3fa23c539d2250b68227c2d7	c8c4232bf924b52636c9dc33fb1891473d548e09ed15de35f33764fe18603f3c	9493ff9f5515eec26daf0204589d1fa3dbb8128f2b58f3590f49244ebb4ecef4
31bab034f3e5d83b606355c51228f243da2f448fff2fcca3e375416d7e6e3f19	CIC_W	314	토목배관부대공사	ab5cb14d0f35c4b9c8716882ac8be1f632db619bed3db9e612c87d77954024a0	135be024-0406-4ca9-8e07-5803429117f5	토목배관부대공사	PROCESS	PROMOTED_FROM_SOURCE	EXACT_EQUIVALENT	PROPOSED	MANUAL_REVIEW	OWNER_APPROVED_CONCEPT_MEMBERSHIP	PRESERVE_SOURCE_MEMBERSHIP	RISK-04-APPROVE-001	62c2c50e3c0becbe23a686735d1a7e50ed8bce2f3fa23c539d2250b68227c2d7	c8c4232bf924b52636c9dc33fb1891473d548e09ed15de35f33764fe18603f3c	9493ff9f5515eec26daf0204589d1fa3dbb8128f2b58f3590f49244ebb4ecef4
78103b6f9d000943e4e8167e2e59ca35342d47e7f0af1a7a093db80e06e95047	CIC_W	3141	배관보온 보호공사	41a37bac95ce320d09ae7ac52c36a63069504551670a1d6eed09dda5a8aec88f	b50f788d-7cf4-4765-a64d-4b7e81710366	배관보온 보호공사	TASK	PROMOTED_FROM_SOURCE	EXACT_EQUIVALENT	PROPOSED	MANUAL_REVIEW	OWNER_APPROVED_CONCEPT_MEMBERSHIP	PRESERVE_SOURCE_MEMBERSHIP	RISK-04-APPROVE-001	62c2c50e3c0becbe23a686735d1a7e50ed8bce2f3fa23c539d2250b68227c2d7	c8c4232bf924b52636c9dc33fb1891473d548e09ed15de35f33764fe18603f3c	9493ff9f5515eec26daf0204589d1fa3dbb8128f2b58f3590f49244ebb4ecef4
5522734dde092e19bc8ebda12b3f7d15ff0e44d817cce93fd4219ba6900972e7	CIC_W	3142	구조물배관접합	f7532ac33b98fe1ee59574d35e2192a05a31b64fc95cc9c59b238108177e8b06	5639c61f-0dff-4f8e-b611-3efc2ae3c1ff	구조물배관접합	TASK	PROMOTED_FROM_SOURCE	EXACT_EQUIVALENT	PROPOSED	MANUAL_REVIEW	OWNER_APPROVED_CONCEPT_MEMBERSHIP	PRESERVE_SOURCE_MEMBERSHIP	RISK-04-APPROVE-001	62c2c50e3c0becbe23a686735d1a7e50ed8bce2f3fa23c539d2250b68227c2d7	c8c4232bf924b52636c9dc33fb1891473d548e09ed15de35f33764fe18603f3c	9493ff9f5515eec26daf0204589d1fa3dbb8128f2b58f3590f49244ebb4ecef4
de4684774da3b8bc0f3168de48b907ecf0d25172fab06335121579cdff7ff012	CIC_W	3143	관부사	925b310d5460365fd932b25f8fbbdc6addd19ea907c677cfd766d65ed7dc6770	6027181b-16a9-45f7-b8c6-e9a64fe2d31b	관부사	TASK	PROMOTED_FROM_SOURCE	EXACT_EQUIVALENT	PROPOSED	MANUAL_REVIEW	OWNER_APPROVED_CONCEPT_MEMBERSHIP	PRESERVE_SOURCE_MEMBERSHIP	RISK-04-APPROVE-001	62c2c50e3c0becbe23a686735d1a7e50ed8bce2f3fa23c539d2250b68227c2d7	c8c4232bf924b52636c9dc33fb1891473d548e09ed15de35f33764fe18603f3c	9493ff9f5515eec26daf0204589d1fa3dbb8128f2b58f3590f49244ebb4ecef4
534ad99a5624eb5911e859c8e2815e25f3989677399f495eee09b7714b3a7665	CIC_W	3144	검사관설치	e68637f9e92f0b2dfdc99dacef3940f05a8b866f2fdcbf554edc0c908d778f1f	10d43434-67f7-4d58-9102-fa0e1daf2813	검사관설치	TASK	PROMOTED_FROM_SOURCE	EXACT_EQUIVALENT	PROPOSED	MANUAL_REVIEW	OWNER_APPROVED_CONCEPT_MEMBERSHIP	PRESERVE_SOURCE_MEMBERSHIP	RISK-04-APPROVE-001	62c2c50e3c0becbe23a686735d1a7e50ed8bce2f3fa23c539d2250b68227c2d7	c8c4232bf924b52636c9dc33fb1891473d548e09ed15de35f33764fe18603f3c	9493ff9f5515eec26daf0204589d1fa3dbb8128f2b58f3590f49244ebb4ecef4
b8a6ae1263de0f4b96e6a0e84572138124923bf736f22d95051baebec7f1eba5	CIC_W	3146	경사판설치	2f57bad1368df5f8d8564e0fd5d84dfc4e74a9df09cea6dd0a34ceca2ae1d378	f6e725c2-6f4b-4feb-964e-452fc5279ab9	경사판설치	TASK	PROMOTED_FROM_SOURCE	EXACT_EQUIVALENT	PROPOSED	MANUAL_REVIEW	OWNER_APPROVED_CONCEPT_MEMBERSHIP	PRESERVE_SOURCE_MEMBERSHIP	RISK-04-APPROVE-001	62c2c50e3c0becbe23a686735d1a7e50ed8bce2f3fa23c539d2250b68227c2d7	c8c4232bf924b52636c9dc33fb1891473d548e09ed15de35f33764fe18603f3c	9493ff9f5515eec26daf0204589d1fa3dbb8128f2b58f3590f49244ebb4ecef4
6807690abf4d1b483b405ddaed5e4ce94e33097a1e71b2e4376b478bf2d0b6dc	CIC_W	3149	기타토목배관부대공사	b524bc0e73b53bbf6d149d64d04fa2867d8d96672f3a16ff8d608bd31cab85dd	0e1dd133-7b8a-42c9-8865-54f0bde29268	기타토목배관부대공사	PROCESS	PROMOTED_FROM_SOURCE	EXACT_EQUIVALENT	PROPOSED	MANUAL_REVIEW	OWNER_APPROVED_CONCEPT_MEMBERSHIP	PRESERVE_SOURCE_MEMBERSHIP	RISK-04-APPROVE-001	62c2c50e3c0becbe23a686735d1a7e50ed8bce2f3fa23c539d2250b68227c2d7	c8c4232bf924b52636c9dc33fb1891473d548e09ed15de35f33764fe18603f3c	9493ff9f5515eec26daf0204589d1fa3dbb8128f2b58f3590f49244ebb4ecef4
1c55f95cce1b945a63c5135761fde31709cf1b186d79e8e888cb42e14a3c5bea	CIC_W	3157	여과설비설치	512d3906fcf9a0079a12b908c439663d6703b7d06a660b8da1218d18275559b2	97039c1e-22ec-4098-81c7-224d18d8738a	여과설비설치	TASK	PROMOTED_FROM_SOURCE	EXACT_EQUIVALENT	PROPOSED	MANUAL_REVIEW	OWNER_APPROVED_CONCEPT_MEMBERSHIP	PRESERVE_IN_SOURCE_MAPPING_EVIDENCE	RISK-04-APPROVE-001	62c2c50e3c0becbe23a686735d1a7e50ed8bce2f3fa23c539d2250b68227c2d7	c8c4232bf924b52636c9dc33fb1891473d548e09ed15de35f33764fe18603f3c	9493ff9f5515eec26daf0204589d1fa3dbb8128f2b58f3590f49244ebb4ecef4
14665dfddf22c2d57fb0d8d44967505451fd4a9a5522c74d6acabd9cc4c41564	CIC_W	316	상수도관갱생	eb0b1e8ac0c91157de26d21c83934d188ce64972b62ad553afa0b9570dc1d2b2	1e5f7b07-f903-43d9-9d58-ef1bd51290a5	상수도관갱생	PROCESS	PROMOTED_FROM_SOURCE	EXACT_EQUIVALENT	PROPOSED	MANUAL_REVIEW	OWNER_APPROVED_CONCEPT_MEMBERSHIP	PRESERVE_SOURCE_MEMBERSHIP	RISK-04-APPROVE-001	62c2c50e3c0becbe23a686735d1a7e50ed8bce2f3fa23c539d2250b68227c2d7	c8c4232bf924b52636c9dc33fb1891473d548e09ed15de35f33764fe18603f3c	9493ff9f5515eec26daf0204589d1fa3dbb8128f2b58f3590f49244ebb4ecef4
efa182ea8994db09c40befff2e14f6d49b76e9421fa0e6eb2075e81b79511fb5	CIC_W	3161	상수도배관검사	28a7f4186fbab2677155050a78cd9eaa930624e14574a13a56ffcf7d01dd653b	11a3ba49-a5cc-491c-b523-e8ac483f54dd	상수도배관검사	TASK	PROMOTED_FROM_SOURCE	EXACT_EQUIVALENT	PROPOSED	MANUAL_REVIEW	OWNER_APPROVED_CONCEPT_MEMBERSHIP	PRESERVE_SOURCE_MEMBERSHIP	RISK-04-APPROVE-001	62c2c50e3c0becbe23a686735d1a7e50ed8bce2f3fa23c539d2250b68227c2d7	c8c4232bf924b52636c9dc33fb1891473d548e09ed15de35f33764fe18603f3c	9493ff9f5515eec26daf0204589d1fa3dbb8128f2b58f3590f49244ebb4ecef4
12b61134561eb41d07bbc1d2621ee8ae2505ed256ae697fce5db29261de79900	CIC_W	3162	상수도배관청소	b0741454b9d33e4490fe45f8b4a2908be50a14cae33376b6ba8720947c5a6fa0	5e1216a0-7201-40a6-9ccc-ee31d9480254	상수도배관청소	TASK	PROMOTED_FROM_SOURCE	EXACT_EQUIVALENT	PROPOSED	MANUAL_REVIEW	OWNER_APPROVED_CONCEPT_MEMBERSHIP	PRESERVE_SOURCE_MEMBERSHIP	RISK-04-APPROVE-001	62c2c50e3c0becbe23a686735d1a7e50ed8bce2f3fa23c539d2250b68227c2d7	c8c4232bf924b52636c9dc33fb1891473d548e09ed15de35f33764fe18603f3c	9493ff9f5515eec26daf0204589d1fa3dbb8128f2b58f3590f49244ebb4ecef4
13e1ec3d060ad095f7a9401f7e9016cba39c53e80ad856b56f5b972aee9eb1a5	CIC_W	3163	상수도배관내장애물제거	ccddfaaf92e40d4865f46db3e89f447c8859774867b15f58f3a2e029e488b40f	6fa0e036-8f32-40e2-8c71-2c6b0c8fa03b	상수도배관내장애물제거	TASK	PROMOTED_FROM_SOURCE	EXACT_EQUIVALENT	PROPOSED	MANUAL_REVIEW	OWNER_APPROVED_CONCEPT_MEMBERSHIP	PRESERVE_SOURCE_MEMBERSHIP	RISK-04-APPROVE-001	62c2c50e3c0becbe23a686735d1a7e50ed8bce2f3fa23c539d2250b68227c2d7	c8c4232bf924b52636c9dc33fb1891473d548e09ed15de35f33764fe18603f3c	9493ff9f5515eec26daf0204589d1fa3dbb8128f2b58f3590f49244ebb4ecef4
3fe53a2c6c3e7ff21075c946a4dab2b1e651019e680f145828ba1aa47c4c5c1f	CIC_W	3164	상수도배관보수	8cc2837043ab3c280cc188cfa873761bbbb5dbe7e89c601ebadc66dc5ba05ea4	08bb8f2b-22e8-4887-b214-c9bcde4a42c1	상수도배관보수	TASK	PROMOTED_FROM_SOURCE	EXACT_EQUIVALENT	PROPOSED	MANUAL_REVIEW	OWNER_APPROVED_CONCEPT_MEMBERSHIP	PRESERVE_SOURCE_MEMBERSHIP	RISK-04-APPROVE-001	62c2c50e3c0becbe23a686735d1a7e50ed8bce2f3fa23c539d2250b68227c2d7	c8c4232bf924b52636c9dc33fb1891473d548e09ed15de35f33764fe18603f3c	9493ff9f5515eec26daf0204589d1fa3dbb8128f2b58f3590f49244ebb4ecef4
55b08885bf9e40f9e8e936b0440472a467b26af795815aa0d27bfc232ea4685a	CIC_W	317	하수도관갱생	df10084ef3420d232661a9ae119d90168b42921a54c7076b7b197b6c5485e5f7	ac5f0489-f020-4af4-ac02-accc18d43cbf	하수도관갱생	PROCESS	PROMOTED_FROM_SOURCE	EXACT_EQUIVALENT	PROPOSED	MANUAL_REVIEW	OWNER_APPROVED_CONCEPT_MEMBERSHIP	PRESERVE_SOURCE_MEMBERSHIP	RISK-04-APPROVE-001	62c2c50e3c0becbe23a686735d1a7e50ed8bce2f3fa23c539d2250b68227c2d7	c8c4232bf924b52636c9dc33fb1891473d548e09ed15de35f33764fe18603f3c	9493ff9f5515eec26daf0204589d1fa3dbb8128f2b58f3590f49244ebb4ecef4
bafc924c77dfef74d2a64783005ab951fee777e431a56ba0fafb3f652c5e9d1e	CIC_W	3171	하수도배관검사	4c3bd67daf652eb29274f81c1603cc9b9fab83645d5c9bbc0d2f2a1e1cd4556d	7564ea67-d660-4536-82fd-fe2bf079488d	하수도배관검사	TASK	PROMOTED_FROM_SOURCE	EXACT_EQUIVALENT	PROPOSED	MANUAL_REVIEW	OWNER_APPROVED_CONCEPT_MEMBERSHIP	PRESERVE_SOURCE_MEMBERSHIP	RISK-04-APPROVE-001	62c2c50e3c0becbe23a686735d1a7e50ed8bce2f3fa23c539d2250b68227c2d7	c8c4232bf924b52636c9dc33fb1891473d548e09ed15de35f33764fe18603f3c	9493ff9f5515eec26daf0204589d1fa3dbb8128f2b58f3590f49244ebb4ecef4
c433f08d25dca8645cab0fc74d15e6385391fcaa14eb59321c0b417d05e8ec2d	CIC_W	3172	하수도배관청소	3dbe53b9b87457e3770ddee6aa72481e755904f36648ba42524abc65ceefc81b	5ebc8ce7-3e95-4c2e-a280-d4679250745b	하수도배관청소	TASK	PROMOTED_FROM_SOURCE	EXACT_EQUIVALENT	PROPOSED	MANUAL_REVIEW	OWNER_APPROVED_CONCEPT_MEMBERSHIP	PRESERVE_SOURCE_MEMBERSHIP	RISK-04-APPROVE-001	62c2c50e3c0becbe23a686735d1a7e50ed8bce2f3fa23c539d2250b68227c2d7	c8c4232bf924b52636c9dc33fb1891473d548e09ed15de35f33764fe18603f3c	9493ff9f5515eec26daf0204589d1fa3dbb8128f2b58f3590f49244ebb4ecef4
3a22020d5ca94784b32d85de4dcbd93690d58f342f59724457e30166e9448a69	CIC_W	3173	하수도배관내장애물제거	b787fb5dff70a08dc127bf096bc06975888d0808e9d52fb9c1c02449f64bedcc	9a21c07a-d808-41c4-88ba-efbd5c158ffb	하수도배관내장애물제거	TASK	PROMOTED_FROM_SOURCE	EXACT_EQUIVALENT	PROPOSED	MANUAL_REVIEW	OWNER_APPROVED_CONCEPT_MEMBERSHIP	PRESERVE_SOURCE_MEMBERSHIP	RISK-04-APPROVE-001	62c2c50e3c0becbe23a686735d1a7e50ed8bce2f3fa23c539d2250b68227c2d7	c8c4232bf924b52636c9dc33fb1891473d548e09ed15de35f33764fe18603f3c	9493ff9f5515eec26daf0204589d1fa3dbb8128f2b58f3590f49244ebb4ecef4
596c02d8ca1171eb3d20abeb35a8c937918de3b55f85f07e0694f05a75a1c1b1	CIC_W	3174	배관내부준설	e65bf1cd77644a54e1893d8eb716652c0e168865e1aceb3c23fb9526b31a3488	ebce6550-fbdd-401c-abed-13ba0afdc20c	배관내부준설	TASK	PROMOTED_FROM_SOURCE	EXACT_EQUIVALENT	PROPOSED	MANUAL_REVIEW	OWNER_APPROVED_CONCEPT_MEMBERSHIP	PRESERVE_SOURCE_MEMBERSHIP	RISK-04-APPROVE-001	62c2c50e3c0becbe23a686735d1a7e50ed8bce2f3fa23c539d2250b68227c2d7	c8c4232bf924b52636c9dc33fb1891473d548e09ed15de35f33764fe18603f3c	9493ff9f5515eec26daf0204589d1fa3dbb8128f2b58f3590f49244ebb4ecef4
0cf49bf4530dfaca4463d154a788825492d18b1875e8e3bd94574cc0af32b43c	CIC_W	3175	하수도배관보수	a57c24ef4cc08fbc48eac869a59f35817fa925cdb73a32de231faff945fecbc5	0ac7a953-50d6-4059-9bc9-58ecc65c33a1	하수도배관보수	TASK	PROMOTED_FROM_SOURCE	EXACT_EQUIVALENT	PROPOSED	MANUAL_REVIEW	OWNER_APPROVED_CONCEPT_MEMBERSHIP	PRESERVE_SOURCE_MEMBERSHIP	RISK-04-APPROVE-001	62c2c50e3c0becbe23a686735d1a7e50ed8bce2f3fa23c539d2250b68227c2d7	c8c4232bf924b52636c9dc33fb1891473d548e09ed15de35f33764fe18603f3c	9493ff9f5515eec26daf0204589d1fa3dbb8128f2b58f3590f49244ebb4ecef4
687d5165e583e5e812a84c508bb613de740870d07b75ad26634cdab4323f06d5	CIC_W	32	포장및도로공사	9d08608a7869c37de6430fd6bc8d4ab616d9d7366068bf91c791a920227e9601	1f700e5b-1bbf-45ba-bfe4-ccbcbfc736ae	포장및도로공사	PROCESS	PROMOTED_FROM_SOURCE	EXACT_EQUIVALENT	PROPOSED	MANUAL_REVIEW	OWNER_APPROVED_CONCEPT_MEMBERSHIP	PRESERVE_SOURCE_MEMBERSHIP	RISK-04-APPROVE-001	62c2c50e3c0becbe23a686735d1a7e50ed8bce2f3fa23c539d2250b68227c2d7	c8c4232bf924b52636c9dc33fb1891473d548e09ed15de35f33764fe18603f3c	9493ff9f5515eec26daf0204589d1fa3dbb8128f2b58f3590f49244ebb4ecef4
f111638d111b2e83fbd10185245af47848bd717cf73f263cfc1ff1e3dad913b7	CIC_W	321	아스콘포장	ad52ec48aec12c096ed53d6e802060a29abfdddbc8cf6e7762c5945e04534786	d5f68bcc-16ad-4375-84cc-eeb551c11063	아스콘포장	PROCESS	PROMOTED_FROM_SOURCE	EXACT_EQUIVALENT	PROPOSED	MANUAL_REVIEW	OWNER_APPROVED_CONCEPT_MEMBERSHIP	PRESERVE_SOURCE_MEMBERSHIP	RISK-04-APPROVE-001	62c2c50e3c0becbe23a686735d1a7e50ed8bce2f3fa23c539d2250b68227c2d7	c8c4232bf924b52636c9dc33fb1891473d548e09ed15de35f33764fe18603f3c	9493ff9f5515eec26daf0204589d1fa3dbb8128f2b58f3590f49244ebb4ecef4
87ed597fdcee9230da5223740d65b1d19d82a97e96b64524b437b6eee8f549b6	CIC_W	3216	교량상판포장	41b9ce338d606003a402c2bb1777782ce46ce7d5adc10065a7788b7b4558539b	e71b52b3-cf9f-429f-9a81-fd232e59ea3a	교량상판포장	PROCESS	PROMOTED_FROM_SOURCE	EXACT_EQUIVALENT	PROPOSED	MANUAL_REVIEW	OWNER_APPROVED_CONCEPT_MEMBERSHIP	PRESERVE_SOURCE_MEMBERSHIP	RISK-04-APPROVE-001	62c2c50e3c0becbe23a686735d1a7e50ed8bce2f3fa23c539d2250b68227c2d7	c8c4232bf924b52636c9dc33fb1891473d548e09ed15de35f33764fe18603f3c	9493ff9f5515eec26daf0204589d1fa3dbb8128f2b58f3590f49244ebb4ecef4
c677216d70794ec86b49ea35b79cdf46047da8acb284c5e3d1c0e1e585eb89b3	CIC_W	3217	미끄럼방지포장	0a8ead19e5d1f9a301eabb551149fe3400405a1a55763aabf2e793b7f824f5b3	7e37f948-a953-4a14-b929-5be72c9cb08a	미끄럼방지포장	PROCESS	PROMOTED_FROM_SOURCE	EXACT_EQUIVALENT	PROPOSED	MANUAL_REVIEW	OWNER_APPROVED_CONCEPT_MEMBERSHIP	PRESERVE_SOURCE_MEMBERSHIP	RISK-04-APPROVE-001	62c2c50e3c0becbe23a686735d1a7e50ed8bce2f3fa23c539d2250b68227c2d7	c8c4232bf924b52636c9dc33fb1891473d548e09ed15de35f33764fe18603f3c	9493ff9f5515eec26daf0204589d1fa3dbb8128f2b58f3590f49244ebb4ecef4
a7a88b9541f4733ac2d1b8cbe4c62734570ace4b72d68b2932079f5a13180f1e	CIC_W	3218	특수포장	190d77b417004dbf747302756abff5a14e59aae27f3ac18739535d323afe8123	8fd030ab-64a6-4a87-83fb-d0ea32b7876d	특수포장	PROCESS	PROMOTED_FROM_SOURCE	EXACT_EQUIVALENT	PROPOSED	MANUAL_REVIEW	OWNER_APPROVED_CONCEPT_MEMBERSHIP	PRESERVE_SOURCE_MEMBERSHIP	RISK-04-APPROVE-001	62c2c50e3c0becbe23a686735d1a7e50ed8bce2f3fa23c539d2250b68227c2d7	c8c4232bf924b52636c9dc33fb1891473d548e09ed15de35f33764fe18603f3c	9493ff9f5515eec26daf0204589d1fa3dbb8128f2b58f3590f49244ebb4ecef4
91f2dbb582356c020ec25bf040e656c579cbbd79da20e59d310e65586fe3119d	CIC_W	322	콘크리트포장	1cd23a808787268e00b50146106a9c6d46975520ee0b11caecc7264a530ecd8d	98f10965-c760-4cf3-b3a2-ccdfdfb15ec3	콘크리트포장	PROCESS	PROMOTED_FROM_SOURCE	EXACT_EQUIVALENT	PROPOSED	MANUAL_REVIEW	OWNER_APPROVED_CONCEPT_MEMBERSHIP	PRESERVE_SOURCE_MEMBERSHIP	RISK-04-APPROVE-001	62c2c50e3c0becbe23a686735d1a7e50ed8bce2f3fa23c539d2250b68227c2d7	c8c4232bf924b52636c9dc33fb1891473d548e09ed15de35f33764fe18603f3c	9493ff9f5515eec26daf0204589d1fa3dbb8128f2b58f3590f49244ebb4ecef4
fc541cf1b96d91766c466e2880236d1ab09dace962fc0fa433a219df284af4ae	CIC_W	3221	포장콘크리트포설	875b01f64ef1c4f9ac210f9df82dd31524bc6362deb4d6e74793dcae575bc864	47150778-72d7-4a31-9e8c-540befa4be3c	포장콘크리트포설	TASK	PROMOTED_FROM_SOURCE	EXACT_EQUIVALENT	PROPOSED	MANUAL_REVIEW	OWNER_APPROVED_CONCEPT_MEMBERSHIP	PRESERVE_SOURCE_MEMBERSHIP	RISK-04-APPROVE-001	62c2c50e3c0becbe23a686735d1a7e50ed8bce2f3fa23c539d2250b68227c2d7	c8c4232bf924b52636c9dc33fb1891473d548e09ed15de35f33764fe18603f3c	9493ff9f5515eec26daf0204589d1fa3dbb8128f2b58f3590f49244ebb4ecef4
e330bd7e5346e5484207582adae2fd3f0c9a60e147554ab731865949d6f8292d	CIC_W	323	경하중포장	e9d5097280eead87de1f8ee9e24cd53c94b90fa52276ada446bf13467c8c8f72	7781f1c8-c06d-4cbf-9fa0-389a6b427172	경하중포장	PROCESS	PROMOTED_FROM_SOURCE	EXACT_EQUIVALENT	PROPOSED	MANUAL_REVIEW	OWNER_APPROVED_CONCEPT_MEMBERSHIP	PRESERVE_SOURCE_MEMBERSHIP	RISK-04-APPROVE-001	62c2c50e3c0becbe23a686735d1a7e50ed8bce2f3fa23c539d2250b68227c2d7	c8c4232bf924b52636c9dc33fb1891473d548e09ed15de35f33764fe18603f3c	9493ff9f5515eec26daf0204589d1fa3dbb8128f2b58f3590f49244ebb4ecef4
7c97256b4315669ee112c42625ea2b8dc766b3d7c33ed9a386c052c85d9727fe	CIC_W	3231	머캐덤포장	44ab508840976b882aaf47188aa2db2278701921df40269b5aa8301ddd420bbd	e8e78f3f-26f5-452f-9019-2ca52bfaeb78	머캐덤포장	PROCESS	PROMOTED_FROM_SOURCE	EXACT_EQUIVALENT	PROPOSED	MANUAL_REVIEW	OWNER_APPROVED_CONCEPT_MEMBERSHIP	PRESERVE_SOURCE_MEMBERSHIP	RISK-04-APPROVE-001	62c2c50e3c0becbe23a686735d1a7e50ed8bce2f3fa23c539d2250b68227c2d7	c8c4232bf924b52636c9dc33fb1891473d548e09ed15de35f33764fe18603f3c	9493ff9f5515eec26daf0204589d1fa3dbb8128f2b58f3590f49244ebb4ecef4
90a0bde9425ff1512dc7cb2cc5dd70820b0a6404810fbbdcaacd887570ea084c	CIC_W	3232	경하중아스콘포장	6e1db4f1a74f6d59f1562f4a2f2dd9316771f23032e12269be387c58b5d5fe37	998d9bde-4b29-49d4-adb2-ef1d5f6250aa	경하중아스콘포장	PROCESS	PROMOTED_FROM_SOURCE	EXACT_EQUIVALENT	PROPOSED	MANUAL_REVIEW	OWNER_APPROVED_CONCEPT_MEMBERSHIP	PRESERVE_SOURCE_MEMBERSHIP	RISK-04-APPROVE-001	62c2c50e3c0becbe23a686735d1a7e50ed8bce2f3fa23c539d2250b68227c2d7	c8c4232bf924b52636c9dc33fb1891473d548e09ed15de35f33764fe18603f3c	9493ff9f5515eec26daf0204589d1fa3dbb8128f2b58f3590f49244ebb4ecef4
857a425c9faf6f152a4d54eb94d5e56cfd86888d45c590b9f34c3b350f96e365	CIC_W	3233	투수콘크리트포장	53e723e6c98f5a77418ccc836150e94446eed260eb4fec012b2a3548f06e8622	8447fda7-662f-4ca5-931d-2263214035b1	투수콘크리트포장	PROCESS	PROMOTED_FROM_SOURCE	EXACT_EQUIVALENT	PROPOSED	MANUAL_REVIEW	OWNER_APPROVED_CONCEPT_MEMBERSHIP	PRESERVE_SOURCE_MEMBERSHIP	RISK-04-APPROVE-001	62c2c50e3c0becbe23a686735d1a7e50ed8bce2f3fa23c539d2250b68227c2d7	c8c4232bf924b52636c9dc33fb1891473d548e09ed15de35f33764fe18603f3c	9493ff9f5515eec26daf0204589d1fa3dbb8128f2b58f3590f49244ebb4ecef4
ef362ccd150e73c6add387ec4027961beb1806d708b2351e1e0c94d261764a6d	CIC_W	3234	보도블록포장	98cc57b6dbd1611ac5fe9fbf2ddd4e762ed3541c1635472a90dce03a371ed2fa	9fe35d80-bb1d-4b89-8184-1285cb7a7704	보도블록포장	PROCESS	PROMOTED_FROM_SOURCE	EXACT_EQUIVALENT	PROPOSED	MANUAL_REVIEW	OWNER_APPROVED_CONCEPT_MEMBERSHIP	PRESERVE_SOURCE_MEMBERSHIP	RISK-04-APPROVE-001	62c2c50e3c0becbe23a686735d1a7e50ed8bce2f3fa23c539d2250b68227c2d7	c8c4232bf924b52636c9dc33fb1891473d548e09ed15de35f33764fe18603f3c	9493ff9f5515eec26daf0204589d1fa3dbb8128f2b58f3590f49244ebb4ecef4
fa4b3ec9722e3a65989a96e4cff38284aaee9f82b53d3be6a66aaa3a6504c1f7	CIC_W	3235	우레탄수지포장	a99842befdc7bb79a03921ad724c4b5e2942d93d8d415e3aaea19cbdfa508e2d	037169d8-556e-4ca1-83e3-27c0a8c5a1d8	우레탄수지포장	PROCESS	PROMOTED_FROM_SOURCE	EXACT_EQUIVALENT	PROPOSED	MANUAL_REVIEW	OWNER_APPROVED_CONCEPT_MEMBERSHIP	PRESERVE_SOURCE_MEMBERSHIP	RISK-04-APPROVE-001	62c2c50e3c0becbe23a686735d1a7e50ed8bce2f3fa23c539d2250b68227c2d7	c8c4232bf924b52636c9dc33fb1891473d548e09ed15de35f33764fe18603f3c	9493ff9f5515eec26daf0204589d1fa3dbb8128f2b58f3590f49244ebb4ecef4
7ef4acea602b2a4b0c3c2112951211663070c232756d85ae94f7dce43324e26e	CIC_W	324	도로배수시설공사	6b8e29a985e54b80a3ee2e22d893d1a0cb4e6109aae032e81177fad4e180cb5e	daeb4790-2e71-410d-81af-1486101462b7	도로배수시설공사	PROCESS	PROMOTED_FROM_SOURCE	EXACT_EQUIVALENT	PROPOSED	MANUAL_REVIEW	OWNER_APPROVED_CONCEPT_MEMBERSHIP	PRESERVE_SOURCE_MEMBERSHIP	RISK-04-APPROVE-001	62c2c50e3c0becbe23a686735d1a7e50ed8bce2f3fa23c539d2250b68227c2d7	c8c4232bf924b52636c9dc33fb1891473d548e09ed15de35f33764fe18603f3c	9493ff9f5515eec26daf0204589d1fa3dbb8128f2b58f3590f49244ebb4ecef4
7af4de74b0ba2df35d05eda0e039ce6626f32624fbd8b8406e37b94febf7f2d6	CIC_W	326	도로안전시설공사	cfc210d4f9cffc865aece6b2dc5d3b066d5510af566f98a8f35fc611d1ecf52d	9e4a3ce7-2871-4c97-b27d-345f182df467	도로안전시설공사	PROCESS	PROMOTED_FROM_SOURCE	EXACT_EQUIVALENT	PROPOSED	MANUAL_REVIEW	OWNER_APPROVED_CONCEPT_MEMBERSHIP	PRESERVE_SOURCE_MEMBERSHIP	RISK-04-APPROVE-001	62c2c50e3c0becbe23a686735d1a7e50ed8bce2f3fa23c539d2250b68227c2d7	c8c4232bf924b52636c9dc33fb1891473d548e09ed15de35f33764fe18603f3c	9493ff9f5515eec26daf0204589d1fa3dbb8128f2b58f3590f49244ebb4ecef4
e5588f0bf8baa5feb5eecf67d8cef0fc4d5c879c1f07584131bae96ea0550993	CIC_W	327	도로표식시설공사	284ace37f54c74d3c98c3b64716f6f4c11fad3feaf6fa0a30011be6992c8bc98	85e995e9-01ea-4ce1-a30d-e9c6856dfb8e	도로표식시설공사	PROCESS	PROMOTED_FROM_SOURCE	EXACT_EQUIVALENT	PROPOSED	MANUAL_REVIEW	OWNER_APPROVED_CONCEPT_MEMBERSHIP	PRESERVE_SOURCE_MEMBERSHIP	RISK-04-APPROVE-001	62c2c50e3c0becbe23a686735d1a7e50ed8bce2f3fa23c539d2250b68227c2d7	c8c4232bf924b52636c9dc33fb1891473d548e09ed15de35f33764fe18603f3c	9493ff9f5515eec26daf0204589d1fa3dbb8128f2b58f3590f49244ebb4ecef4
119d981b0bfcfd9855d12d2fca549ccbb8970bb909134478ec5dccfd2b04af55	CIC_W	328	포장면및도로보수	aaec78d5502f2db4c028c040ca27b613454195907c0e2b949fbd0b2ab181d5f3	277e2963-cbe3-4e70-a6cb-6383c37b6767	포장면및도로보수	PROCESS	PROMOTED_FROM_SOURCE	EXACT_EQUIVALENT	PROPOSED	MANUAL_REVIEW	OWNER_APPROVED_CONCEPT_MEMBERSHIP	PRESERVE_SOURCE_MEMBERSHIP	RISK-04-APPROVE-001	62c2c50e3c0becbe23a686735d1a7e50ed8bce2f3fa23c539d2250b68227c2d7	c8c4232bf924b52636c9dc33fb1891473d548e09ed15de35f33764fe18603f3c	9493ff9f5515eec26daf0204589d1fa3dbb8128f2b58f3590f49244ebb4ecef4
54cb6ea30479ad3be729a4bc8e1c6e830a4f10ba5656a1c5471384e1233346db	CIC_W	3281	아스콘포장덧씨우기	263630628061dca5e0f87318ac7e703f8a23aa269fb433175762f90cac07f51a	fd492606-af00-4df5-9581-a9a1fed1757a	아스콘포장덧씨우기	TASK	PROMOTED_FROM_SOURCE	EXACT_EQUIVALENT	PROPOSED	MANUAL_REVIEW	OWNER_APPROVED_CONCEPT_MEMBERSHIP	PRESERVE_SOURCE_MEMBERSHIP	RISK-04-APPROVE-001	62c2c50e3c0becbe23a686735d1a7e50ed8bce2f3fa23c539d2250b68227c2d7	c8c4232bf924b52636c9dc33fb1891473d548e09ed15de35f33764fe18603f3c	9493ff9f5515eec26daf0204589d1fa3dbb8128f2b58f3590f49244ebb4ecef4
a4f8f0aedd9942dd0cd1f87bff83ac083771693b01690c7a93cdd0810b4f71d7	CIC_W	3282	아스콘포장보수	3a1b62d39d66f7151606d2ee98064e3a5381e44f0b11d12bfcfced8730c972c8	6478e021-a1d6-4c1f-b5b3-ef9c7a173531	아스콘포장보수	TASK	PROMOTED_FROM_SOURCE	EXACT_EQUIVALENT	PROPOSED	MANUAL_REVIEW	OWNER_APPROVED_CONCEPT_MEMBERSHIP	PRESERVE_SOURCE_MEMBERSHIP	RISK-04-APPROVE-001	62c2c50e3c0becbe23a686735d1a7e50ed8bce2f3fa23c539d2250b68227c2d7	c8c4232bf924b52636c9dc33fb1891473d548e09ed15de35f33764fe18603f3c	9493ff9f5515eec26daf0204589d1fa3dbb8128f2b58f3590f49244ebb4ecef4
b91e5dc09d7d908622561738303739c12bb215fa61252ddeacd9e1984fd90f42	CIC_W	3283	콘크리트포장보수	94214fcab50cdcc71c68e401e415c8f01020eddcf3eaf37e7efaf53dee4b5917	5bddd7b2-92c3-4d7c-acc6-3f0d2fcb5e6b	콘크리트포장보수	TASK	PROMOTED_FROM_SOURCE	EXACT_EQUIVALENT	PROPOSED	MANUAL_REVIEW	OWNER_APPROVED_CONCEPT_MEMBERSHIP	PRESERVE_SOURCE_MEMBERSHIP	RISK-04-APPROVE-001	62c2c50e3c0becbe23a686735d1a7e50ed8bce2f3fa23c539d2250b68227c2d7	c8c4232bf924b52636c9dc33fb1891473d548e09ed15de35f33764fe18603f3c	9493ff9f5515eec26daf0204589d1fa3dbb8128f2b58f3590f49244ebb4ecef4
fec8e66db4f5a8af9f2483872313477bef0f65f66bdaa8354f09da90295c5f7f	CIC_W	3284	경하중포장보수	c9c82aa3be8b44433c0e8c2b6b2029641b83ffbcc6cd5d1819d9cde749c7cb74	5227a116-af13-419c-a618-89d084694406	경하중포장보수	TASK	PROMOTED_FROM_SOURCE	EXACT_EQUIVALENT	PROPOSED	MANUAL_REVIEW	OWNER_APPROVED_CONCEPT_MEMBERSHIP	PRESERVE_SOURCE_MEMBERSHIP	RISK-04-APPROVE-001	62c2c50e3c0becbe23a686735d1a7e50ed8bce2f3fa23c539d2250b68227c2d7	c8c4232bf924b52636c9dc33fb1891473d548e09ed15de35f33764fe18603f3c	9493ff9f5515eec26daf0204589d1fa3dbb8128f2b58f3590f49244ebb4ecef4
58d9576ac80fab5e41d5cb37a70fca275df18b855f0b918bcc58b30e3df96d7b	CIC_W	33	궤도및철로공사	571d193a16c84db193b5f282dcdc92dd3a9717d4664c18940b186a5399aa42cb	1d0b5964-b7de-4b95-9e79-0d1d7443e701	궤도및철로공사	PROCESS	PROMOTED_FROM_SOURCE	EXACT_EQUIVALENT	PROPOSED	MANUAL_REVIEW	OWNER_APPROVED_CONCEPT_MEMBERSHIP	PRESERVE_SOURCE_MEMBERSHIP	RISK-04-APPROVE-001	62c2c50e3c0becbe23a686735d1a7e50ed8bce2f3fa23c539d2250b68227c2d7	c8c4232bf924b52636c9dc33fb1891473d548e09ed15de35f33764fe18603f3c	9493ff9f5515eec26daf0204589d1fa3dbb8128f2b58f3590f49244ebb4ecef4
f649834d8b127eab05ea4d744c764bfb45a7df3c37acb5d8bf5a75fba52ef048	CIC_W	332	도상설치공사	01cf3373ebf183d4037b67bddd2d8679dcd717e985022494af1f6c6742756512	f17b6a9e-331e-42d3-85cb-f8bba038414c	도상설치공사	PROCESS	PROMOTED_FROM_SOURCE	EXACT_EQUIVALENT	PROPOSED	MANUAL_REVIEW	OWNER_APPROVED_CONCEPT_MEMBERSHIP	PRESERVE_SOURCE_MEMBERSHIP	RISK-04-APPROVE-001	62c2c50e3c0becbe23a686735d1a7e50ed8bce2f3fa23c539d2250b68227c2d7	c8c4232bf924b52636c9dc33fb1891473d548e09ed15de35f33764fe18603f3c	9493ff9f5515eec26daf0204589d1fa3dbb8128f2b58f3590f49244ebb4ecef4
ccdc32e0fcb2f17c7c18b6c8895ece2adc435bd9a70e6ea2c53a3c6c2747ee8c	CIC_W	3321	자갈살포다지기	4bef9522995ae0ac555954d5914cc664a756015549162fb91c751f9c94780d89	e44cae29-ba9f-429b-af29-46a61ae90852	자갈살포다지기	TASK	PROMOTED_FROM_SOURCE	EXACT_EQUIVALENT	PROPOSED	MANUAL_REVIEW	OWNER_APPROVED_CONCEPT_MEMBERSHIP	PRESERVE_SOURCE_MEMBERSHIP	RISK-04-APPROVE-001	62c2c50e3c0becbe23a686735d1a7e50ed8bce2f3fa23c539d2250b68227c2d7	c8c4232bf924b52636c9dc33fb1891473d548e09ed15de35f33764fe18603f3c	9493ff9f5515eec26daf0204589d1fa3dbb8128f2b58f3590f49244ebb4ecef4
172e416ee75f8feef2a78494d32908cf17386e6b0f362c0a2028f17ba73d81c5	CIC_W	3322	자갈살포고르기	9392db76a86f5259061bf369afb28ddbb8a5711b831558e71f9174fe227a8dcb	ecee51d1-bdac-4a87-8368-5d069b6b4f02	자갈살포고르기	TASK	PROMOTED_FROM_SOURCE	EXACT_EQUIVALENT	PROPOSED	MANUAL_REVIEW	OWNER_APPROVED_CONCEPT_MEMBERSHIP	PRESERVE_SOURCE_MEMBERSHIP	RISK-04-APPROVE-001	62c2c50e3c0becbe23a686735d1a7e50ed8bce2f3fa23c539d2250b68227c2d7	c8c4232bf924b52636c9dc33fb1891473d548e09ed15de35f33764fe18603f3c	9493ff9f5515eec26daf0204589d1fa3dbb8128f2b58f3590f49244ebb4ecef4
c95e2973019ff2da802e437894fcc0f26fdddf386df6d42cdcad93f29c2cbbbe	CIC_W	3323	콘크리트도상설치	78a6f187225b597999fcadab5871a7715b1b2ab22d4722e2c4e29edfc2f0fdff	e60090a6-8197-4214-9573-f107a4236c95	콘크리트도상설치	TASK	PROMOTED_FROM_SOURCE	EXACT_EQUIVALENT	PROPOSED	MANUAL_REVIEW	OWNER_APPROVED_CONCEPT_MEMBERSHIP	PRESERVE_SOURCE_MEMBERSHIP	RISK-04-APPROVE-001	62c2c50e3c0becbe23a686735d1a7e50ed8bce2f3fa23c539d2250b68227c2d7	c8c4232bf924b52636c9dc33fb1891473d548e09ed15de35f33764fe18603f3c	9493ff9f5515eec26daf0204589d1fa3dbb8128f2b58f3590f49244ebb4ecef4
2c5301efce84113c1c27cdeecbb6a2f47f7de36a59b5df13c29d29676e1e8364	CIC_W	3324	프리케스트도상설치	465a4ce30c7c27ce67160f99fd7ea254cda54b284306f898c967d57493698baa	184d5aae-718b-44c7-9ba8-631a84c316e3	프리케스트도상설치	TASK	PROMOTED_FROM_SOURCE	EXACT_EQUIVALENT	PROPOSED	MANUAL_REVIEW	OWNER_APPROVED_CONCEPT_MEMBERSHIP	PRESERVE_SOURCE_MEMBERSHIP	RISK-04-APPROVE-001	62c2c50e3c0becbe23a686735d1a7e50ed8bce2f3fa23c539d2250b68227c2d7	c8c4232bf924b52636c9dc33fb1891473d548e09ed15de35f33764fe18603f3c	9493ff9f5515eec26daf0204589d1fa3dbb8128f2b58f3590f49244ebb4ecef4
f0019976215d269904ac6c7bc4675a9dd6bd0b8efd8765be4f07cab776639b50	CIC_W	333	궤도부설	6eca78379c93853863766d02655b1003ca45241d359ae85d92aad4c0ba2d84aa	6f2f4427-709e-41a5-a43f-2b7cc6d6216b	궤도부설	PROCESS	PROMOTED_FROM_SOURCE	EXACT_EQUIVALENT	PROPOSED	MANUAL_REVIEW	OWNER_APPROVED_CONCEPT_MEMBERSHIP	PRESERVE_SOURCE_MEMBERSHIP	RISK-04-APPROVE-001	62c2c50e3c0becbe23a686735d1a7e50ed8bce2f3fa23c539d2250b68227c2d7	c8c4232bf924b52636c9dc33fb1891473d548e09ed15de35f33764fe18603f3c	9493ff9f5515eec26daf0204589d1fa3dbb8128f2b58f3590f49244ebb4ecef4
b090b03e9170cc505331858cd55761af10fe92ad7ba54ea56553e98be5ef262f	CIC_W	3331	궤도자재준비	2223b6185d7fbd3db8fd21b1d1175929ced12ac8d841626dd375d8a05d14a854	5a6c4a42-c593-4659-855d-e3db80f99f78	궤도자재준비	TASK	PROMOTED_FROM_SOURCE	EXACT_EQUIVALENT	PROPOSED	MANUAL_REVIEW	OWNER_APPROVED_CONCEPT_MEMBERSHIP	PRESERVE_SOURCE_MEMBERSHIP	RISK-04-APPROVE-001	62c2c50e3c0becbe23a686735d1a7e50ed8bce2f3fa23c539d2250b68227c2d7	c8c4232bf924b52636c9dc33fb1891473d548e09ed15de35f33764fe18603f3c	9493ff9f5515eec26daf0204589d1fa3dbb8128f2b58f3590f49244ebb4ecef4
b85c3983ea477f79d85789550d8077c00bac70958f6be4f62313fb9a47d0dae3	CIC_W	3332	침목깔기	abe843723fa72e29b63dae487280c79e637c94c4177c8a35daf05559301682f0	9711360d-0c13-458d-b7a7-a50568dee57a	침목깔기	TASK	PROMOTED_FROM_SOURCE	EXACT_EQUIVALENT	PROPOSED	MANUAL_REVIEW	OWNER_APPROVED_CONCEPT_MEMBERSHIP	PRESERVE_SOURCE_MEMBERSHIP	RISK-04-APPROVE-001	62c2c50e3c0becbe23a686735d1a7e50ed8bce2f3fa23c539d2250b68227c2d7	c8c4232bf924b52636c9dc33fb1891473d548e09ed15de35f33764fe18603f3c	9493ff9f5515eec26daf0204589d1fa3dbb8128f2b58f3590f49244ebb4ecef4
3c0e1d712fb9c7eace8c00a40c4ea1b18fd484695a6bab6a5fb3c88ef6d5390c	CIC_W	3333	궤도부설및레일체결	026bdfc7c0996ab971d21d40af9c61a60acef1e1c14009b8fbcf4a63d358760d	8228d5a8-83c2-437a-92c5-0aa7eea6378c	궤도부설및레일체결	TASK	PROMOTED_FROM_SOURCE	EXACT_EQUIVALENT	PROPOSED	MANUAL_REVIEW	OWNER_APPROVED_CONCEPT_MEMBERSHIP	PRESERVE_SOURCE_MEMBERSHIP	RISK-04-APPROVE-001	62c2c50e3c0becbe23a686735d1a7e50ed8bce2f3fa23c539d2250b68227c2d7	c8c4232bf924b52636c9dc33fb1891473d548e09ed15de35f33764fe18603f3c	9493ff9f5515eec26daf0204589d1fa3dbb8128f2b58f3590f49244ebb4ecef4
daea6301197c770249138b837f077e344a2f1790426755a5e17077d72160d5f9	CIC_W	3334	분기부궤도부설	d269e394152ef8d84bbdecf3fba86926d0eacdc79a0dee36c0525c762c912973	a242b595-4cfe-4cec-b437-4d996752d19d	분기부궤도부설	TASK	PROMOTED_FROM_SOURCE	EXACT_EQUIVALENT	PROPOSED	MANUAL_REVIEW	OWNER_APPROVED_CONCEPT_MEMBERSHIP	PRESERVE_SOURCE_MEMBERSHIP	RISK-04-APPROVE-001	62c2c50e3c0becbe23a686735d1a7e50ed8bce2f3fa23c539d2250b68227c2d7	c8c4232bf924b52636c9dc33fb1891473d548e09ed15de35f33764fe18603f3c	9493ff9f5515eec26daf0204589d1fa3dbb8128f2b58f3590f49244ebb4ecef4
c8bc7dfe5a7aa6bbdca0e276a42e7793c9bd9efbc74238c91db9ed837e272a23	CIC_W	3335	궤도현장용접	82406070369b91e38f4020db024817870deea09b198e4131d65466235fb4f559	bf3841d0-71ea-4464-a7d9-d0dcdc3dfa33	궤도현장용접	TASK	PROMOTED_FROM_SOURCE	EXACT_EQUIVALENT	PROPOSED	MANUAL_REVIEW	OWNER_APPROVED_CONCEPT_MEMBERSHIP	PRESERVE_SOURCE_MEMBERSHIP	RISK-04-APPROVE-001	62c2c50e3c0becbe23a686735d1a7e50ed8bce2f3fa23c539d2250b68227c2d7	c8c4232bf924b52636c9dc33fb1891473d548e09ed15de35f33764fe18603f3c	9493ff9f5515eec26daf0204589d1fa3dbb8128f2b58f3590f49244ebb4ecef4
c275e12f81bf428b40c9230d8bac16e5b0358d05eddc5eed890bb1163cd65f28	CIC_W	3336	레일신축이음장치설치	f7eb29fc70fee2fbfc58c457b21380387a748a6fdcab112ffe168f5fae809e0e	8cb5a832-c41a-4ea7-82fe-dd79c5021ea7	레일신축이음장치설치	TASK	PROMOTED_FROM_SOURCE	EXACT_EQUIVALENT	PROPOSED	MANUAL_REVIEW	OWNER_APPROVED_CONCEPT_MEMBERSHIP	PRESERVE_SOURCE_MEMBERSHIP	RISK-04-APPROVE-001	62c2c50e3c0becbe23a686735d1a7e50ed8bce2f3fa23c539d2250b68227c2d7	c8c4232bf924b52636c9dc33fb1891473d548e09ed15de35f33764fe18603f3c	9493ff9f5515eec26daf0204589d1fa3dbb8128f2b58f3590f49244ebb4ecef4
9938a091ae506a48e6ac88197189b6072b4efb4ed56141d7d65dcdf2ec3c438b	CIC_W	3337	웨인뎃트포인트붙이기	edcc289e8e287947375272afadeba14dc9c442c429193054b4bc75a3ca812764	c8cf512b-7446-44ff-841b-b27baf300a57	웨인뎃트포인트붙이기	TASK	PROMOTED_FROM_SOURCE	EXACT_EQUIVALENT	PROPOSED	MANUAL_REVIEW	OWNER_APPROVED_CONCEPT_MEMBERSHIP	PRESERVE_SOURCE_MEMBERSHIP	RISK-04-APPROVE-001	62c2c50e3c0becbe23a686735d1a7e50ed8bce2f3fa23c539d2250b68227c2d7	c8c4232bf924b52636c9dc33fb1891473d548e09ed15de35f33764fe18603f3c	9493ff9f5515eec26daf0204589d1fa3dbb8128f2b58f3590f49244ebb4ecef4
8f5d6a7cbc1e9e2d613bfbb33ed60dbfa0e8f7d63614ea1d933a42a3e66c335b	CIC_W	3338	궤도교정및시험	cfba5073ae85c3893b18caa7ea198fc192507e0f8b6e4628cc32f1206b765d64	89cc64a7-aab9-473f-a6a1-b9ce157c51de	궤도교정및시험	TASK	PROMOTED_FROM_SOURCE	EXACT_EQUIVALENT	PROPOSED	MANUAL_REVIEW	OWNER_APPROVED_CONCEPT_MEMBERSHIP	PRESERVE_SOURCE_MEMBERSHIP	RISK-04-APPROVE-001	62c2c50e3c0becbe23a686735d1a7e50ed8bce2f3fa23c539d2250b68227c2d7	c8c4232bf924b52636c9dc33fb1891473d548e09ed15de35f33764fe18603f3c	9493ff9f5515eec26daf0204589d1fa3dbb8128f2b58f3590f49244ebb4ecef4
029673c7884c734921b7ad56db82fc5b7788c7e01eca638aa43ddec92148ed5d	CIC_W	3339	기타궤도부설	89ef8aed6032f0f30ffeba6d54156fb67ef5d13f1417ba343a09c401f50eba90	ed478eea-0d90-41f9-8fe0-9c454a9ce042	기타궤도부설	PROCESS	PROMOTED_FROM_SOURCE	EXACT_EQUIVALENT	PROPOSED	MANUAL_REVIEW	OWNER_APPROVED_CONCEPT_MEMBERSHIP	PRESERVE_SOURCE_MEMBERSHIP	RISK-04-APPROVE-001	62c2c50e3c0becbe23a686735d1a7e50ed8bce2f3fa23c539d2250b68227c2d7	c8c4232bf924b52636c9dc33fb1891473d548e09ed15de35f33764fe18603f3c	9493ff9f5515eec26daf0204589d1fa3dbb8128f2b58f3590f49244ebb4ecef4
370c7d185d6b0f6f6fb0ec30b8d02a389d440974583683989da27ee7fdc2f949	CIC_W	334	분기기설치	32dd7d37c2be30a00201eafed5f2957ce9be85730a29767875f1fbce826b3c52	eeca97e5-ac34-47f0-b903-da44abe0636f	분기기설치	PROCESS	PROMOTED_FROM_SOURCE	EXACT_EQUIVALENT	PROPOSED	MANUAL_REVIEW	OWNER_APPROVED_CONCEPT_MEMBERSHIP	PRESERVE_SOURCE_MEMBERSHIP	RISK-04-APPROVE-001	62c2c50e3c0becbe23a686735d1a7e50ed8bce2f3fa23c539d2250b68227c2d7	c8c4232bf924b52636c9dc33fb1891473d548e09ed15de35f33764fe18603f3c	9493ff9f5515eec26daf0204589d1fa3dbb8128f2b58f3590f49244ebb4ecef4
a19fd9e10922bbccd01e53dc779f3d7cbb882397b0c1b24cb0714c9c2ebf0387	CIC_W	3341	일반궤도분기기설치	a5dd901414eece0b52464ba8a3e7f4b291c5861e10dc4ac8b581628faf65cd21	8cc42f80-da0d-4668-824d-871db57dc06a	일반궤도분기기설치	TASK	PROMOTED_FROM_SOURCE	EXACT_EQUIVALENT	PROPOSED	MANUAL_REVIEW	OWNER_APPROVED_CONCEPT_MEMBERSHIP	PRESERVE_SOURCE_MEMBERSHIP	RISK-04-APPROVE-001	62c2c50e3c0becbe23a686735d1a7e50ed8bce2f3fa23c539d2250b68227c2d7	c8c4232bf924b52636c9dc33fb1891473d548e09ed15de35f33764fe18603f3c	9493ff9f5515eec26daf0204589d1fa3dbb8128f2b58f3590f49244ebb4ecef4
2696715f115416b989bc0ff0ed4087cf04c7c73fe3502677147bb5dfa22110d3	CIC_W	3342	치하철분기기설치	aeeb6de9f457790760b59de05f20d54955228560239e5211d46d19f57e2fef8f	abc8d3e4-bd04-4864-bbb5-82d54b881950	치하철분기기설치	TASK	PROMOTED_FROM_SOURCE	EXACT_EQUIVALENT	PROPOSED	MANUAL_REVIEW	OWNER_APPROVED_CONCEPT_MEMBERSHIP	PRESERVE_SOURCE_MEMBERSHIP	RISK-04-APPROVE-001	62c2c50e3c0becbe23a686735d1a7e50ed8bce2f3fa23c539d2250b68227c2d7	c8c4232bf924b52636c9dc33fb1891473d548e09ed15de35f33764fe18603f3c	9493ff9f5515eec26daf0204589d1fa3dbb8128f2b58f3590f49244ebb4ecef4
9ab8be5916b9c8d7ea1fbbf07ba33f7a7ebc746b40e119ffcd60ad6cb0913be3	CIC_W	335	건널목공사	7f3096c3b1ffcbc09399fbb58b6bbd30a438e0659db4c98e16b831094794ba0d	c1680b32-68b5-4fc5-8c80-efd711650709	건널목공사	PROCESS	PROMOTED_FROM_SOURCE	EXACT_EQUIVALENT	PROPOSED	MANUAL_REVIEW	OWNER_APPROVED_CONCEPT_MEMBERSHIP	PRESERVE_SOURCE_MEMBERSHIP	RISK-04-APPROVE-001	62c2c50e3c0becbe23a686735d1a7e50ed8bce2f3fa23c539d2250b68227c2d7	c8c4232bf924b52636c9dc33fb1891473d548e09ed15de35f33764fe18603f3c	9493ff9f5515eec26daf0204589d1fa3dbb8128f2b58f3590f49244ebb4ecef4
7e7f7301c4448e587bc1290a418899c154ddccb06ab9ca4bdbcc8c6e1cb099b2	CIC_W	3351	건널목깔기(구형)	0cdf9d0f486e1be1b488f201687953ceacccce9b6812a91483c03cd0e4347318	510af8b0-bdd1-4a31-a12f-c2c225fdb2c6	건널목깔기(구형)	TASK	PROMOTED_FROM_SOURCE	EXACT_EQUIVALENT	PROPOSED	MANUAL_REVIEW	OWNER_APPROVED_CONCEPT_MEMBERSHIP	PRESERVE_SOURCE_MEMBERSHIP	RISK-04-APPROVE-001	62c2c50e3c0becbe23a686735d1a7e50ed8bce2f3fa23c539d2250b68227c2d7	c8c4232bf924b52636c9dc33fb1891473d548e09ed15de35f33764fe18603f3c	9493ff9f5515eec26daf0204589d1fa3dbb8128f2b58f3590f49244ebb4ecef4
b593bc116deb66739f050c47cf65b744abe62fbabae0a76b271a2f37454c7084	CIC_W	3352	건널목깔기(개량형)	7be252a6ee307aae0aaeb7e639cc8a086d9fcc4380867da7cef6c753c4d80e63	517767c0-f4d7-4d49-830d-77226236abc6	건널목깔기(개량형)	TASK	PROMOTED_FROM_SOURCE	EXACT_EQUIVALENT	PROPOSED	MANUAL_REVIEW	OWNER_APPROVED_CONCEPT_MEMBERSHIP	PRESERVE_SOURCE_MEMBERSHIP	RISK-04-APPROVE-001	62c2c50e3c0becbe23a686735d1a7e50ed8bce2f3fa23c539d2250b68227c2d7	c8c4232bf924b52636c9dc33fb1891473d548e09ed15de35f33764fe18603f3c	9493ff9f5515eec26daf0204589d1fa3dbb8128f2b58f3590f49244ebb4ecef4
6308753be729b1c59d690f8d426ac91e703c117890a4b1f31181ff93f53b0bc0	CIC_W	337	철도부속설비	2e224943f999c88f0c671f50f59d023c08f6b74d2a90e1da9908757a7490512a	6dc08165-a122-4030-9079-20084f2fa59c	철도부속설비	PROCESS	PROMOTED_FROM_SOURCE	EXACT_EQUIVALENT	PROPOSED	MANUAL_REVIEW	OWNER_APPROVED_CONCEPT_MEMBERSHIP	PRESERVE_SOURCE_MEMBERSHIP	RISK-04-APPROVE-001	62c2c50e3c0becbe23a686735d1a7e50ed8bce2f3fa23c539d2250b68227c2d7	c8c4232bf924b52636c9dc33fb1891473d548e09ed15de35f33764fe18603f3c	9493ff9f5515eec26daf0204589d1fa3dbb8128f2b58f3590f49244ebb4ecef4
9e156e1ed5208b80e38d2339a4a3fe32964278eadc33abaae6c7078f2eef5f69	CIC_W	3373	레일도유기설치	f6136315a802d17c09823869f297e255f8b0b49136bab52bd53e6550b65817cf	d6e9455e-0b8e-4822-80d3-06872e64654c	레일도유기설치	TASK	PROMOTED_FROM_SOURCE	EXACT_EQUIVALENT	PROPOSED	MANUAL_REVIEW	OWNER_APPROVED_CONCEPT_MEMBERSHIP	PRESERVE_SOURCE_MEMBERSHIP	RISK-04-APPROVE-001	62c2c50e3c0becbe23a686735d1a7e50ed8bce2f3fa23c539d2250b68227c2d7	c8c4232bf924b52636c9dc33fb1891473d548e09ed15de35f33764fe18603f3c	9493ff9f5515eec26daf0204589d1fa3dbb8128f2b58f3590f49244ebb4ecef4
8a93b29ab8cf9c4487dab35c8be15d227bff10fb863bb452d6978a09029e0452	CIC_W	338	철로보선작업	9ed800b6570d39ac38f5b3202f23981e90d8eb5f37d7e7a332ddcaf782dffd65	2e8138ce-e3ca-439b-8e9c-de616f5e6dec	철로보선작업	PROCESS	PROMOTED_FROM_SOURCE	EXACT_EQUIVALENT	PROPOSED	MANUAL_REVIEW	OWNER_APPROVED_CONCEPT_MEMBERSHIP	PRESERVE_SOURCE_MEMBERSHIP	RISK-04-APPROVE-001	62c2c50e3c0becbe23a686735d1a7e50ed8bce2f3fa23c539d2250b68227c2d7	c8c4232bf924b52636c9dc33fb1891473d548e09ed15de35f33764fe18603f3c	9493ff9f5515eec26daf0204589d1fa3dbb8128f2b58f3590f49244ebb4ecef4
c2e2004b466418b7dbfe60a3bd6a8f18f728028cbbdd37cefbc5a49844a5bea7	CIC_W	3381	레일보선	fa30c32dc5a3445a9fdafde308d4124dd04332a5b62bb544ffe66486289a3c90	a92aaf6c-ef7e-4358-84ec-76fcc1f42d3b	레일보선	TASK	PROMOTED_FROM_SOURCE	EXACT_EQUIVALENT	PROPOSED	MANUAL_REVIEW	OWNER_APPROVED_CONCEPT_MEMBERSHIP	PRESERVE_SOURCE_MEMBERSHIP	RISK-04-APPROVE-001	62c2c50e3c0becbe23a686735d1a7e50ed8bce2f3fa23c539d2250b68227c2d7	c8c4232bf924b52636c9dc33fb1891473d548e09ed15de35f33764fe18603f3c	9493ff9f5515eec26daf0204589d1fa3dbb8128f2b58f3590f49244ebb4ecef4
402d47ec1b8a2d4815dea50055daedf01dd09aab3a951be93b04f43e1d970514	CIC_W	3382	분기부레일보선	164c785016186f7397d6674e9c7b1057f9c1092464fb02c004a6d7b8761b248f	3332edb4-fc10-405b-bb65-b5ee9de4dde0	분기부레일보선	TASK	PROMOTED_FROM_SOURCE	EXACT_EQUIVALENT	PROPOSED	MANUAL_REVIEW	OWNER_APPROVED_CONCEPT_MEMBERSHIP	PRESERVE_SOURCE_MEMBERSHIP	RISK-04-APPROVE-001	62c2c50e3c0becbe23a686735d1a7e50ed8bce2f3fa23c539d2250b68227c2d7	c8c4232bf924b52636c9dc33fb1891473d548e09ed15de35f33764fe18603f3c	9493ff9f5515eec26daf0204589d1fa3dbb8128f2b58f3590f49244ebb4ecef4
609c05ce9dc83a92863c6eeabe969397a7366125681fd73ec5bd0fc01073974d	CIC_W	3383	침목및체결보선	51385783f046c24afb343e4ab28aa3a46cd8e6741f5061df2b224abf55d2fb15	3ae990fd-0a05-4448-b74d-827b9c369e9e	침목및체결보선	TASK	PROMOTED_FROM_SOURCE	EXACT_EQUIVALENT	PROPOSED	MANUAL_REVIEW	OWNER_APPROVED_CONCEPT_MEMBERSHIP	PRESERVE_SOURCE_MEMBERSHIP	RISK-04-APPROVE-001	62c2c50e3c0becbe23a686735d1a7e50ed8bce2f3fa23c539d2250b68227c2d7	c8c4232bf924b52636c9dc33fb1891473d548e09ed15de35f33764fe18603f3c	9493ff9f5515eec26daf0204589d1fa3dbb8128f2b58f3590f49244ebb4ecef4
2923127a583938ad38bce23acd5b91518db98f343f9965f2195867aa72eae153	CIC_W	3385	철도자재교환	a2b8b0a9e830ef81658c6f273ba1ebb7b8821de4f51ea3d78cab4c3481e7b749	bd3d6af4-8b27-4219-a3a6-7a4cc3667d04	철도자재교환	TASK	PROMOTED_FROM_SOURCE	EXACT_EQUIVALENT	PROPOSED	MANUAL_REVIEW	OWNER_APPROVED_CONCEPT_MEMBERSHIP	PRESERVE_SOURCE_MEMBERSHIP	RISK-04-APPROVE-001	62c2c50e3c0becbe23a686735d1a7e50ed8bce2f3fa23c539d2250b68227c2d7	c8c4232bf924b52636c9dc33fb1891473d548e09ed15de35f33764fe18603f3c	9493ff9f5515eec26daf0204589d1fa3dbb8128f2b58f3590f49244ebb4ecef4
bad153666db45a97541dd80865c67170b2a75f6578ec9cf33c580d5ab0f523ae	CIC_W	3386	도상보수	00554e9bb6c2daf54d786c9b0c5a188739603a064478c61a180a643b5db2f2aa	e561f58e-d92b-43b7-9c0d-a206a49a970a	도상보수	TASK	PROMOTED_FROM_SOURCE	EXACT_EQUIVALENT	PROPOSED	MANUAL_REVIEW	OWNER_APPROVED_CONCEPT_MEMBERSHIP	PRESERVE_SOURCE_MEMBERSHIP	RISK-04-APPROVE-001	62c2c50e3c0becbe23a686735d1a7e50ed8bce2f3fa23c539d2250b68227c2d7	c8c4232bf924b52636c9dc33fb1891473d548e09ed15de35f33764fe18603f3c	9493ff9f5515eec26daf0204589d1fa3dbb8128f2b58f3590f49244ebb4ecef4
314c32feae65e06e7725a2c2cbd5c3f2882a1075aab53b66d2889d8effccbbde	CIC_W	3387	철도부대시설보수	2695f28e1d3793f68e4ba319da595da99f621ad71f00cc236b8883af16ac280a	27a9183d-0d02-4ce8-a0bb-39371098cfb7	철도부대시설보수	TASK	PROMOTED_FROM_SOURCE	EXACT_EQUIVALENT	PROPOSED	MANUAL_REVIEW	OWNER_APPROVED_CONCEPT_MEMBERSHIP	PRESERVE_SOURCE_MEMBERSHIP	RISK-04-APPROVE-001	62c2c50e3c0becbe23a686735d1a7e50ed8bce2f3fa23c539d2250b68227c2d7	c8c4232bf924b52636c9dc33fb1891473d548e09ed15de35f33764fe18603f3c	9493ff9f5515eec26daf0204589d1fa3dbb8128f2b58f3590f49244ebb4ecef4
3fd588b84e4ee35ee58a96011431e1cec650838c005be0e2e5733c68b774423d	CIC_W	34	교량공사	06e5762a27d4f3deb2d03c0dd8ad20c8eddc324415d5d6107a916166121c970c	37708031-cc38-4c79-b4b1-30ef03ff1752	교량공사	PROCESS	PROMOTED_FROM_SOURCE	EXACT_EQUIVALENT	PROPOSED	MANUAL_REVIEW	OWNER_APPROVED_CONCEPT_MEMBERSHIP	PRESERVE_SOURCE_MEMBERSHIP	RISK-04-APPROVE-001	62c2c50e3c0becbe23a686735d1a7e50ed8bce2f3fa23c539d2250b68227c2d7	c8c4232bf924b52636c9dc33fb1891473d548e09ed15de35f33764fe18603f3c	9493ff9f5515eec26daf0204589d1fa3dbb8128f2b58f3590f49244ebb4ecef4
2dc4edc4cc8a0c1e89062124dd5a892acc99fa2bf0c8e780abdbdc43b626563b	CIC_W	341	교량가설공사	3d67a5d8f9ba7f14646d8bd404c3eeed9269151a4d468c2607c7e6aa056db910	4d300a8c-f714-451b-ac5a-54f3559788c1	교량가설공사	PROCESS	PROMOTED_FROM_SOURCE	EXACT_EQUIVALENT	PROPOSED	MANUAL_REVIEW	OWNER_APPROVED_CONCEPT_MEMBERSHIP	PRESERVE_SOURCE_MEMBERSHIP	RISK-04-APPROVE-001	62c2c50e3c0becbe23a686735d1a7e50ed8bce2f3fa23c539d2250b68227c2d7	c8c4232bf924b52636c9dc33fb1891473d548e09ed15de35f33764fe18603f3c	9493ff9f5515eec26daf0204589d1fa3dbb8128f2b58f3590f49244ebb4ecef4
21d1c891da91836ec3c3509457888125b6c96034de0025bbb16474044e7fe276	CIC_W	345	교량배수설비공사	b9ca00bbd4e08e5f594d9288d10773940a53994cf048226f944f093394e7dffd	d60b9cc3-9016-49cb-848e-cd277dd6eddd	교량배수설비공사	PROCESS	PROMOTED_FROM_SOURCE	EXACT_EQUIVALENT	PROPOSED	MANUAL_REVIEW	OWNER_APPROVED_CONCEPT_MEMBERSHIP	PRESERVE_SOURCE_MEMBERSHIP	RISK-04-APPROVE-001	62c2c50e3c0becbe23a686735d1a7e50ed8bce2f3fa23c539d2250b68227c2d7	c8c4232bf924b52636c9dc33fb1891473d548e09ed15de35f33764fe18603f3c	9493ff9f5515eec26daf0204589d1fa3dbb8128f2b58f3590f49244ebb4ecef4
265edda07097c2dbe7f136bed3c72c7863b254b3eb6197cd8681ded1d814cf75	CIC_W	346	교량부속공사	9c5ed92f0b6f15f5b0dceaf25284cf66346459c05db587f345dda042884fb693	363117e3-bba6-4adc-8f4f-e36f8526ea52	교량부속공사	PROCESS	PROMOTED_FROM_SOURCE	EXACT_EQUIVALENT	PROPOSED	MANUAL_REVIEW	OWNER_APPROVED_CONCEPT_MEMBERSHIP	PRESERVE_SOURCE_MEMBERSHIP	RISK-04-APPROVE-001	62c2c50e3c0becbe23a686735d1a7e50ed8bce2f3fa23c539d2250b68227c2d7	c8c4232bf924b52636c9dc33fb1891473d548e09ed15de35f33764fe18603f3c	9493ff9f5515eec26daf0204589d1fa3dbb8128f2b58f3590f49244ebb4ecef4
07d60f61c870f68645eae465ba8c38c7ff78fd87eab71a3f089aa6528fce262f	CIC_W	3461	교대및교각보호공사	4e30fc865ae735a08bbbfa4dca7a6476f05a9c5d7552126018f52dab91042f06	1d4875ab-21d4-43de-9e01-761d3b096d61	교대및교각보호공사	PROCESS	PROMOTED_FROM_SOURCE	EXACT_EQUIVALENT	PROPOSED	MANUAL_REVIEW	OWNER_APPROVED_CONCEPT_MEMBERSHIP	PRESERVE_SOURCE_MEMBERSHIP	RISK-04-APPROVE-001	62c2c50e3c0becbe23a686735d1a7e50ed8bce2f3fa23c539d2250b68227c2d7	c8c4232bf924b52636c9dc33fb1891473d548e09ed15de35f33764fe18603f3c	9493ff9f5515eec26daf0204589d1fa3dbb8128f2b58f3590f49244ebb4ecef4
17896c656e7d33ba1ff9340edc09cdad0e718a381a5b75f711b9f0bfe92a98bd	CIC_W	3462	다웰바설치	85ebf617f23b8737f1ccc823b5a8896704c27d7b3d0f5afa696cc542f902bea4	827a6ae0-f009-4eb5-bb93-0ac0fa874d31	다웰바설치	TASK	PROMOTED_FROM_SOURCE	EXACT_EQUIVALENT	PROPOSED	MANUAL_REVIEW	OWNER_APPROVED_CONCEPT_MEMBERSHIP	PRESERVE_SOURCE_MEMBERSHIP	RISK-04-APPROVE-001	62c2c50e3c0becbe23a686735d1a7e50ed8bce2f3fa23c539d2250b68227c2d7	c8c4232bf924b52636c9dc33fb1891473d548e09ed15de35f33764fe18603f3c	9493ff9f5515eec26daf0204589d1fa3dbb8128f2b58f3590f49244ebb4ecef4
f953cb8e41bb88b310ec33dd7df8dece656f1cd3d1bcc641213bda4dde237bf8	CIC_W	3463	교량측량및계측설비설치	d6daa04cbbe72dcc51132608261ec647492aa0aaedb976749620bd7467a97e1d	c4926c9e-355f-4786-9e61-f5abdb8e5fa4	교량측량및계측설비설치	TASK	PROMOTED_FROM_SOURCE	EXACT_EQUIVALENT	PROPOSED	MANUAL_REVIEW	OWNER_APPROVED_CONCEPT_MEMBERSHIP	PRESERVE_SOURCE_MEMBERSHIP	RISK-04-APPROVE-001	62c2c50e3c0becbe23a686735d1a7e50ed8bce2f3fa23c539d2250b68227c2d7	c8c4232bf924b52636c9dc33fb1891473d548e09ed15de35f33764fe18603f3c	9493ff9f5515eec26daf0204589d1fa3dbb8128f2b58f3590f49244ebb4ecef4
4ecaee74e014b132b801e6e706afd99f137eeed1fe36c818757627a2c7fd2e1b	CIC_W	35	터널공사	934cec93edfa5eb83d4262be5e58f58cc6b9cdf02f1d610a2168f31c04864b63	afcecca7-c90d-471d-a18b-670fa2563fa5	터널공사	PROCESS	PROMOTED_FROM_SOURCE	EXACT_EQUIVALENT	PROPOSED	MANUAL_REVIEW	OWNER_APPROVED_CONCEPT_MEMBERSHIP	PRESERVE_SOURCE_MEMBERSHIP	RISK-04-APPROVE-001	62c2c50e3c0becbe23a686735d1a7e50ed8bce2f3fa23c539d2250b68227c2d7	c8c4232bf924b52636c9dc33fb1891473d548e09ed15de35f33764fe18603f3c	9493ff9f5515eec26daf0204589d1fa3dbb8128f2b58f3590f49244ebb4ecef4
a5dfa5e0003f6798250d33e20a0b4fb815f2c6437ee777efd575c5dccefa1afe	CIC_W	351	터널굴착공사	6b98d35f3e55a1716df158a441525178b2d9f6cec422a4ebfec65483568a807f	63e696af-4c36-4e45-9442-c6167512ceb9	터널굴착공사	PROCESS	PROMOTED_FROM_SOURCE	EXACT_EQUIVALENT	PROPOSED	MANUAL_REVIEW	OWNER_APPROVED_CONCEPT_MEMBERSHIP	PRESERVE_SOURCE_MEMBERSHIP	RISK-04-APPROVE-001	62c2c50e3c0becbe23a686735d1a7e50ed8bce2f3fa23c539d2250b68227c2d7	c8c4232bf924b52636c9dc33fb1891473d548e09ed15de35f33764fe18603f3c	9493ff9f5515eec26daf0204589d1fa3dbb8128f2b58f3590f49244ebb4ecef4
30b864656450f34a9872d215e5f70e65a5c4e4e601f9d172f15bd9836147ed6a	CIC_W	3511	토공장비굴착	12d2a7699abb67d67c81bdea7be84d0d4b48944bb69d2780224afba6342d3f8e	e7443084-4c99-4aba-9da5-2d572a244d6d	토공장비굴착	TASK	PROMOTED_FROM_SOURCE	EXACT_EQUIVALENT	PROPOSED	MANUAL_REVIEW	OWNER_APPROVED_CONCEPT_MEMBERSHIP	PRESERVE_SOURCE_MEMBERSHIP	RISK-04-APPROVE-001	62c2c50e3c0becbe23a686735d1a7e50ed8bce2f3fa23c539d2250b68227c2d7	c8c4232bf924b52636c9dc33fb1891473d548e09ed15de35f33764fe18603f3c	9493ff9f5515eec26daf0204589d1fa3dbb8128f2b58f3590f49244ebb4ecef4
870e31f77ccf37a4b33c359f82d9e42b849a43dee47387cb2361402396db2dc9	CIC_W	3512	발파굴착	8e02393f8019873a056ae0c4642608ca641b7452f8e3bb81ff612de438cbb0d7	473d69ee-4433-487f-bc43-c35c1f2ea28f	발파굴착	TASK	PROMOTED_FROM_SOURCE	EXACT_EQUIVALENT	PROPOSED	MANUAL_REVIEW	OWNER_APPROVED_CONCEPT_MEMBERSHIP	PRESERVE_SOURCE_MEMBERSHIP	RISK-04-APPROVE-001	62c2c50e3c0becbe23a686735d1a7e50ed8bce2f3fa23c539d2250b68227c2d7	c8c4232bf924b52636c9dc33fb1891473d548e09ed15de35f33764fe18603f3c	9493ff9f5515eec26daf0204589d1fa3dbb8128f2b58f3590f49244ebb4ecef4
fe2936bcf99d91be75f28fc3f73ee73c19c1e949dadfbdc217eea3fe4f374092	CIC_W	3513	TBM공법굴착	f1929d5e90879fcbe57891d91cd35b3ce14f81ab4e0f80681944afdb5c664d71	fcfc7c0c-c219-4615-9717-850e9613e9a2	TBM공법굴착	PROCESS	PROMOTED_FROM_SOURCE	EXACT_EQUIVALENT	PROPOSED	MANUAL_REVIEW	OWNER_APPROVED_CONCEPT_MEMBERSHIP	PRESERVE_SOURCE_MEMBERSHIP	RISK-04-APPROVE-001	62c2c50e3c0becbe23a686735d1a7e50ed8bce2f3fa23c539d2250b68227c2d7	c8c4232bf924b52636c9dc33fb1891473d548e09ed15de35f33764fe18603f3c	9493ff9f5515eec26daf0204589d1fa3dbb8128f2b58f3590f49244ebb4ecef4
651573ec0d01031fffe6453293efc6971f190dca2c4ff681d5aec20d45862656	CIC_W	3514	Shield공법굴착	12e3245740a10d2532140e4e0c6bff9ddf3da8cebd37c5e6f9e50002a8d2a0b1	6ce76658-b9df-443c-8d6e-3997153c09d0	Shield공법굴착	PROCESS	PROMOTED_FROM_SOURCE	EXACT_EQUIVALENT	PROPOSED	MANUAL_REVIEW	OWNER_APPROVED_CONCEPT_MEMBERSHIP	PRESERVE_SOURCE_MEMBERSHIP	RISK-04-APPROVE-001	62c2c50e3c0becbe23a686735d1a7e50ed8bce2f3fa23c539d2250b68227c2d7	c8c4232bf924b52636c9dc33fb1891473d548e09ed15de35f33764fe18603f3c	9493ff9f5515eec26daf0204589d1fa3dbb8128f2b58f3590f49244ebb4ecef4
74efa2aa1d17d5398627a6d32c8f00594214495ae02e822bfd7b9279a3f83ca3	CIC_W	3515	NATM공법굴착	ac92b29e0ba7da0d9ef8b7913ac878b10bd361fbee8c3a6a53774bb049ab064e	fd8486d2-dee5-4871-9706-a7f0cef07a1f	NATM공법굴착	PROCESS	PROMOTED_FROM_SOURCE	EXACT_EQUIVALENT	PROPOSED	MANUAL_REVIEW	OWNER_APPROVED_CONCEPT_MEMBERSHIP	PRESERVE_SOURCE_MEMBERSHIP	RISK-04-APPROVE-001	62c2c50e3c0becbe23a686735d1a7e50ed8bce2f3fa23c539d2250b68227c2d7	c8c4232bf924b52636c9dc33fb1891473d548e09ed15de35f33764fe18603f3c	9493ff9f5515eec26daf0204589d1fa3dbb8128f2b58f3590f49244ebb4ecef4
4142e4954a5785eaefb0be22005d0ce63564239e079258718cc14258fe89db2d	CIC_W	352	터널라이닝	458ad2107d6228893a555ba0f42f11a3c44b41d01319d0cbc37284b307d59ce8	4b698a01-497b-45c6-ae08-76be05c9d604	터널라이닝	PROCESS	PROMOTED_FROM_SOURCE	EXACT_EQUIVALENT	PROPOSED	MANUAL_REVIEW	OWNER_APPROVED_CONCEPT_MEMBERSHIP	PRESERVE_SOURCE_MEMBERSHIP	RISK-04-APPROVE-001	62c2c50e3c0becbe23a686735d1a7e50ed8bce2f3fa23c539d2250b68227c2d7	c8c4232bf924b52636c9dc33fb1891473d548e09ed15de35f33764fe18603f3c	9493ff9f5515eec26daf0204589d1fa3dbb8128f2b58f3590f49244ebb4ecef4
79bc4fb0d752eb66201c8bd4c2f69b1d2a5f1ecce88c039d0938f5c04344724a	CIC_W	3521	현장타설콘크리트라이닝	eacbf518552a57db0bb86ab67a90ad369b077f0e5d65df35139410d6f74087c8	892b579d-42bf-4c3e-8a71-e37d8ce00e1b	현장타설콘크리트라이닝	TASK	PROMOTED_FROM_SOURCE	EXACT_EQUIVALENT	PROPOSED	MANUAL_REVIEW	OWNER_APPROVED_CONCEPT_MEMBERSHIP	PRESERVE_SOURCE_MEMBERSHIP	RISK-04-APPROVE-001	62c2c50e3c0becbe23a686735d1a7e50ed8bce2f3fa23c539d2250b68227c2d7	c8c4232bf924b52636c9dc33fb1891473d548e09ed15de35f33764fe18603f3c	9493ff9f5515eec26daf0204589d1fa3dbb8128f2b58f3590f49244ebb4ecef4
a948347a9289e4b3ff1c24666b15cd3ea937988410e8df8770c74d7ce370d16a	CIC_W	3522	세그먼트(Segment)라이닝	b2b4335d670de835f6300b8c5e05ca85b675b8c7e02742fdd5fd9d66375c0328	1ce64852-8e8c-4391-b723-9ae8e6578f50	세그먼트(Segment)라이닝	TASK	PROMOTED_FROM_SOURCE	EXACT_EQUIVALENT	PROPOSED	MANUAL_REVIEW	OWNER_APPROVED_CONCEPT_MEMBERSHIP	PRESERVE_SOURCE_MEMBERSHIP	RISK-04-APPROVE-001	62c2c50e3c0becbe23a686735d1a7e50ed8bce2f3fa23c539d2250b68227c2d7	c8c4232bf924b52636c9dc33fb1891473d548e09ed15de35f33764fe18603f3c	9493ff9f5515eec26daf0204589d1fa3dbb8128f2b58f3590f49244ebb4ecef4
7e68d69eb8cd5b9ff876c6e2b0fe762a738aa44353ac00b594b640ceffed2ceb	CIC_W	353	터널보강및안정	74a220321964dbd5fe811b35ae77db635c17fa91531a483f5ace2c2488242eee	61b431eb-4edf-4717-a1b6-7877f1f5deb8	터널보강및안정	PROCESS	PROMOTED_FROM_SOURCE	EXACT_EQUIVALENT	PROPOSED	MANUAL_REVIEW	OWNER_APPROVED_CONCEPT_MEMBERSHIP	PRESERVE_SOURCE_MEMBERSHIP	RISK-04-APPROVE-001	62c2c50e3c0becbe23a686735d1a7e50ed8bce2f3fa23c539d2250b68227c2d7	c8c4232bf924b52636c9dc33fb1891473d548e09ed15de35f33764fe18603f3c	9493ff9f5515eec26daf0204589d1fa3dbb8128f2b58f3590f49244ebb4ecef4
a0869b533325e3071393a000e9d2307b29499a9a74e6d65dd7ff62a64e74a9d6	CIC_W	3532	터널복공뒷채움	908c8755bb86d39fe06679ac4e49bb2f9d143a0e0319bfd2a61337f7e90bc3cf	3136b8cf-6e0d-4910-bd62-ac40c5c61fcc	터널복공뒷채움	TASK	PROMOTED_FROM_SOURCE	EXACT_EQUIVALENT	PROPOSED	MANUAL_REVIEW	OWNER_APPROVED_CONCEPT_MEMBERSHIP	PRESERVE_SOURCE_MEMBERSHIP	RISK-04-APPROVE-001	62c2c50e3c0becbe23a686735d1a7e50ed8bce2f3fa23c539d2250b68227c2d7	c8c4232bf924b52636c9dc33fb1891473d548e09ed15de35f33764fe18603f3c	9493ff9f5515eec26daf0204589d1fa3dbb8128f2b58f3590f49244ebb4ecef4
e8a23e1b98ac2c18c435b87b97ce04e602a6891d663cc742ac482da54acb076d	CIC_W	3533	막장안정	dc9233c51a625554fb1adf6f32b1cef6337d711522bd6bb82784f286333888e2	45a1a7a2-d876-4dd6-846d-f2cf8f42c840	막장안정	TASK	PROMOTED_FROM_SOURCE	EXACT_EQUIVALENT	PROPOSED	MANUAL_REVIEW	OWNER_APPROVED_CONCEPT_MEMBERSHIP	PRESERVE_SOURCE_MEMBERSHIP	RISK-04-APPROVE-001	62c2c50e3c0becbe23a686735d1a7e50ed8bce2f3fa23c539d2250b68227c2d7	c8c4232bf924b52636c9dc33fb1891473d548e09ed15de35f33764fe18603f3c	9493ff9f5515eec26daf0204589d1fa3dbb8128f2b58f3590f49244ebb4ecef4
4a6ef24dc296712623af6c138c2efa84786a50aa28bb4137a47b590ee8af23f1	CIC_W	3534	감지천공	e5c19fabac8d5fa79fbde4dcfcee9a399de7ab86a56bb33ed598b03577c2f467	af2b0139-71a3-4f32-b148-77b225a35bf1	감지천공	TASK	PROMOTED_FROM_SOURCE	EXACT_EQUIVALENT	PROPOSED	MANUAL_REVIEW	OWNER_APPROVED_CONCEPT_MEMBERSHIP	PRESERVE_SOURCE_MEMBERSHIP	RISK-04-APPROVE-001	62c2c50e3c0becbe23a686735d1a7e50ed8bce2f3fa23c539d2250b68227c2d7	c8c4232bf924b52636c9dc33fb1891473d548e09ed15de35f33764fe18603f3c	9493ff9f5515eec26daf0204589d1fa3dbb8128f2b58f3590f49244ebb4ecef4
89868e6a918b7bf648c8bcbb2b40a19a2fd93389385023f239b87dc1de27137d	CIC_W	3535	갱구숏크리트(Shotcrete)	98a48f928e25adda1e501ad07e1af485ecbcfd339006818313794624e46f2b93	11af2f9f-366e-4fc3-8abb-87453ba4ece1	갱구숏크리트(Shotcrete)	TASK	PROMOTED_FROM_SOURCE	EXACT_EQUIVALENT	PROPOSED	MANUAL_REVIEW	OWNER_APPROVED_CONCEPT_MEMBERSHIP	PRESERVE_SOURCE_MEMBERSHIP	RISK-04-APPROVE-001	62c2c50e3c0becbe23a686735d1a7e50ed8bce2f3fa23c539d2250b68227c2d7	c8c4232bf924b52636c9dc33fb1891473d548e09ed15de35f33764fe18603f3c	9493ff9f5515eec26daf0204589d1fa3dbb8128f2b58f3590f49244ebb4ecef4
e2fa6ba3e3b7a0c55ca82b3317ea3bacdef6236f0d98741d5165647932eddfe4	CIC_W	3538	터널영구계측설비설치	b6c641627ce5237f61073aacc7fc3b2c498bf781d6739c9bd56f9e9685b5b884	57f0e677-87f0-4692-b74e-613045f5d2e2	터널영구계측설비설치	TASK	PROMOTED_FROM_SOURCE	EXACT_EQUIVALENT	PROPOSED	MANUAL_REVIEW	OWNER_APPROVED_CONCEPT_MEMBERSHIP	PRESERVE_SOURCE_MEMBERSHIP	RISK-04-APPROVE-001	62c2c50e3c0becbe23a686735d1a7e50ed8bce2f3fa23c539d2250b68227c2d7	c8c4232bf924b52636c9dc33fb1891473d548e09ed15de35f33764fe18603f3c	9493ff9f5515eec26daf0204589d1fa3dbb8128f2b58f3590f49244ebb4ecef4
a1de16286ff335c8d2781a85efc14e62c16b1071cdbe6ff9d71ea3f1ea0be1e7	CIC_W	354	터널방수및배수	4ee07139a07b17938cca1a523190d0c6cc64256c511ab2742fe0155ead6f2eaf	0ee3ee3a-4734-4f1a-af67-73c160e875c0	터널방수및배수	PROCESS	PROMOTED_FROM_SOURCE	EXACT_EQUIVALENT	PROPOSED	MANUAL_REVIEW	OWNER_APPROVED_CONCEPT_MEMBERSHIP	PRESERVE_SOURCE_MEMBERSHIP	RISK-04-APPROVE-001	62c2c50e3c0becbe23a686735d1a7e50ed8bce2f3fa23c539d2250b68227c2d7	c8c4232bf924b52636c9dc33fb1891473d548e09ed15de35f33764fe18603f3c	9493ff9f5515eec26daf0204589d1fa3dbb8128f2b58f3590f49244ebb4ecef4
3adedded888f088f67d13168a93784ffa36028309b3c4b0fe16d8805bb8228b5	CIC_W	3541	터널방수	255decf7414a985424f583f201e275f7feeff9badaa6f5385a0fd93739a9dcdf	30fe37a0-0bd8-4c44-bd9b-76b3625115f5	터널방수	TASK	PROMOTED_FROM_SOURCE	EXACT_EQUIVALENT	PROPOSED	MANUAL_REVIEW	OWNER_APPROVED_CONCEPT_MEMBERSHIP	PRESERVE_SOURCE_MEMBERSHIP	RISK-04-APPROVE-001	62c2c50e3c0becbe23a686735d1a7e50ed8bce2f3fa23c539d2250b68227c2d7	c8c4232bf924b52636c9dc33fb1891473d548e09ed15de35f33764fe18603f3c	9493ff9f5515eec26daf0204589d1fa3dbb8128f2b58f3590f49244ebb4ecef4
589bfe2509b0c00d8d29db2d77a6d9612c066baaf475b24a03a9623b32b66177	CIC_W	355	터널지보및거푸집	b505012aa8cdaa9786f6aa0ea352ce3686757de4b809bf7505062c3e198e2167	264fb97e-7619-4e40-a204-9d71c448be12	터널지보및거푸집	PROCESS	PROMOTED_FROM_SOURCE	EXACT_EQUIVALENT	PROPOSED	MANUAL_REVIEW	OWNER_APPROVED_CONCEPT_MEMBERSHIP	PRESERVE_SOURCE_MEMBERSHIP	RISK-04-APPROVE-001	62c2c50e3c0becbe23a686735d1a7e50ed8bce2f3fa23c539d2250b68227c2d7	c8c4232bf924b52636c9dc33fb1891473d548e09ed15de35f33764fe18603f3c	9493ff9f5515eec26daf0204589d1fa3dbb8128f2b58f3590f49244ebb4ecef4
60377c41abe90547ec40201927836e7886f393606bf10544a7c22363d2dd9546	CIC_W	3552	터널내부지보 - - 대․중․소 분류대․중․소 분류	aefbddc29d2b7e3768edcdd440075176fcda8b8c2ac759d03fbd3bbb9fdf8056	71dd261b-9050-4fb4-9136-daffc313cb0d	터널내부지보	PROCESS	PROMOTED_FROM_SOURCE	EXACT_EQUIVALENT	PROPOSED	MANUAL_REVIEW	OWNER_APPROVED_CONCEPT_MEMBERSHIP	PRESERVE_SOURCE_MEMBERSHIP	RISK-04-APPROVE-001	62c2c50e3c0becbe23a686735d1a7e50ed8bce2f3fa23c539d2250b68227c2d7	c8c4232bf924b52636c9dc33fb1891473d548e09ed15de35f33764fe18603f3c	9493ff9f5515eec26daf0204589d1fa3dbb8128f2b58f3590f49244ebb4ecef4
4c7283a8bc8dc56cace08e577f4c2ff78bb3198d1e35aff08dcfe67a9df1b3af	CIC_W	3553	갱문지보및가시설	2ff87c7791389265d1720c725bbfd6838a332e2e94d60c18aed9831ba0c2b624	24cc8554-10db-4328-81d8-23b34841aa38	갱문지보및가시설	PROCESS	PROMOTED_FROM_SOURCE	EXACT_EQUIVALENT	PROPOSED	MANUAL_REVIEW	OWNER_APPROVED_CONCEPT_MEMBERSHIP	PRESERVE_SOURCE_MEMBERSHIP	RISK-04-APPROVE-001	62c2c50e3c0becbe23a686735d1a7e50ed8bce2f3fa23c539d2250b68227c2d7	c8c4232bf924b52636c9dc33fb1891473d548e09ed15de35f33764fe18603f3c	9493ff9f5515eec26daf0204589d1fa3dbb8128f2b58f3590f49244ebb4ecef4
137713b3975fbb7c4d6ec48482fd3805a650cdbd00abd23c648c70bcf2b988ac	CIC_W	356	터널내부마감공사	99251365e33a7c848579e36872b53d3589f622c7b93763ea82b9ba6c18867317	fabd4b6c-e97f-4f74-b62c-53c51224393a	터널내부마감공사	PROCESS	PROMOTED_FROM_SOURCE	EXACT_EQUIVALENT	PROPOSED	MANUAL_REVIEW	OWNER_APPROVED_CONCEPT_MEMBERSHIP	PRESERVE_SOURCE_MEMBERSHIP	RISK-04-APPROVE-001	62c2c50e3c0becbe23a686735d1a7e50ed8bce2f3fa23c539d2250b68227c2d7	c8c4232bf924b52636c9dc33fb1891473d548e09ed15de35f33764fe18603f3c	9493ff9f5515eec26daf0204589d1fa3dbb8128f2b58f3590f49244ebb4ecef4
7b4f3194e889b98571d8948ee745b17252935347f7670b309237fd54418d2764	CIC_W	3561	터널주행부아스콘포장	0d2637b5391b3ed860f9f6eb6857ff8cee8038df51e2457fa22a418b7056fd83	011b87b9-cf70-40d4-b23e-312c971a6dfe	터널주행부아스콘포장	PROCESS	PROMOTED_FROM_SOURCE	EXACT_EQUIVALENT	PROPOSED	MANUAL_REVIEW	OWNER_APPROVED_CONCEPT_MEMBERSHIP	PRESERVE_SOURCE_MEMBERSHIP	RISK-04-APPROVE-001	62c2c50e3c0becbe23a686735d1a7e50ed8bce2f3fa23c539d2250b68227c2d7	c8c4232bf924b52636c9dc33fb1891473d548e09ed15de35f33764fe18603f3c	9493ff9f5515eec26daf0204589d1fa3dbb8128f2b58f3590f49244ebb4ecef4
7c03478e6a21cfdb712188c8c76b400c1d95762047dca65644bd75ce5ceb8830	CIC_W	3562	터널주행부콘크리트포장	ced48d488628f00c2f0a9326c4242c257146d8a4aec6a654dab5dcce5e138b9d	8146b898-c187-4508-8c3b-f9550ed5f373	터널주행부콘크리트포장	PROCESS	PROMOTED_FROM_SOURCE	EXACT_EQUIVALENT	PROPOSED	MANUAL_REVIEW	OWNER_APPROVED_CONCEPT_MEMBERSHIP	PRESERVE_SOURCE_MEMBERSHIP	RISK-04-APPROVE-001	62c2c50e3c0becbe23a686735d1a7e50ed8bce2f3fa23c539d2250b68227c2d7	c8c4232bf924b52636c9dc33fb1891473d548e09ed15de35f33764fe18603f3c	9493ff9f5515eec26daf0204589d1fa3dbb8128f2b58f3590f49244ebb4ecef4
a51601679424bc3fbfb18fcb1a6be5c438e6681f54cd683b4f39404b35e97d34	CIC_W	3563	터널궤도부레일부설	b28abe946a8bd04f9b8cfffd32b2a547d35d8b8e9509b4cb8001bfa621298328	bfaae860-0013-470f-a2db-80bd65b14433	터널궤도부레일부설	TASK	PROMOTED_FROM_SOURCE	EXACT_EQUIVALENT	PROPOSED	MANUAL_REVIEW	OWNER_APPROVED_CONCEPT_MEMBERSHIP	PRESERVE_SOURCE_MEMBERSHIP	RISK-04-APPROVE-001	62c2c50e3c0becbe23a686735d1a7e50ed8bce2f3fa23c539d2250b68227c2d7	c8c4232bf924b52636c9dc33fb1891473d548e09ed15de35f33764fe18603f3c	9493ff9f5515eec26daf0204589d1fa3dbb8128f2b58f3590f49244ebb4ecef4
609c80ee0df333bb9f29d4633119a2d3b954bc1e1729a1ded0a6458029e1fed5	CIC_W	3565	터널내부마감	85c38af0db0e0bfa30a20d964d1b87e9ca9d3cab22143c09fa038a7d2b24458a	c9f75911-0264-4b15-8bc2-b422e6f89bfc	터널내부마감	PROCESS	PROMOTED_FROM_SOURCE	EXACT_EQUIVALENT	PROPOSED	MANUAL_REVIEW	OWNER_APPROVED_CONCEPT_MEMBERSHIP	PRESERVE_SOURCE_MEMBERSHIP	RISK-04-APPROVE-001	62c2c50e3c0becbe23a686735d1a7e50ed8bce2f3fa23c539d2250b68227c2d7	c8c4232bf924b52636c9dc33fb1891473d548e09ed15de35f33764fe18603f3c	9493ff9f5515eec26daf0204589d1fa3dbb8128f2b58f3590f49244ebb4ecef4
c3390759bce771610f1e134b02db6e6649f88fcbf0ee772af63637187f264652	CIC_W	36	하천및항만공사	57ce72345c7534cc17240b425a13aa08492c7fbb87f75b086f916c4711922857	e56c70dc-3bb0-4494-bb85-47ca56991415	하천및항만공사	PROCESS	PROMOTED_FROM_SOURCE	EXACT_EQUIVALENT	PROPOSED	MANUAL_REVIEW	OWNER_APPROVED_CONCEPT_MEMBERSHIP	PRESERVE_SOURCE_MEMBERSHIP	RISK-04-APPROVE-001	62c2c50e3c0becbe23a686735d1a7e50ed8bce2f3fa23c539d2250b68227c2d7	c8c4232bf924b52636c9dc33fb1891473d548e09ed15de35f33764fe18603f3c	9493ff9f5515eec26daf0204589d1fa3dbb8128f2b58f3590f49244ebb4ecef4
38a90bd36e835b9a34e2cf16aeab65f0db78b4e9e2383338eb5eb536434faf36	CIC_W	361	준설	398715c2c1a59d0b63150437509cc62b448b7b58089cca0e4a3c45793dc83eeb	73722a9b-e953-4423-8b10-6efcf5eef9bd	준설	PROCESS	PROMOTED_FROM_SOURCE	EXACT_EQUIVALENT	PROPOSED	MANUAL_REVIEW	OWNER_APPROVED_CONCEPT_MEMBERSHIP	PRESERVE_SOURCE_MEMBERSHIP	RISK-04-APPROVE-001	62c2c50e3c0becbe23a686735d1a7e50ed8bce2f3fa23c539d2250b68227c2d7	c8c4232bf924b52636c9dc33fb1891473d548e09ed15de35f33764fe18603f3c	9493ff9f5515eec26daf0204589d1fa3dbb8128f2b58f3590f49244ebb4ecef4
004a1046302847318737abd9002da66a8b73dd6c61cafa2fc4287d7db87c0add	CIC_W	3617	연암준설	e2f181b7c3bbee26098190347894adb62362265894fb48b887a4092f4c69459e	75ee7ca2-38e2-47ae-91bb-1477a3a2e142	연암준설	TASK	PROMOTED_FROM_SOURCE	EXACT_EQUIVALENT	PROPOSED	MANUAL_REVIEW	OWNER_APPROVED_CONCEPT_MEMBERSHIP	PRESERVE_SOURCE_MEMBERSHIP	RISK-04-APPROVE-001	62c2c50e3c0becbe23a686735d1a7e50ed8bce2f3fa23c539d2250b68227c2d7	c8c4232bf924b52636c9dc33fb1891473d548e09ed15de35f33764fe18603f3c	9493ff9f5515eec26daf0204589d1fa3dbb8128f2b58f3590f49244ebb4ecef4
07526f01ab085b08e796d6428dcaa3b3d759193117da5a93c2d3adb4cd983568	CIC_W	3618	경암준설	d7dd77641d536ee1bfaaef763f16667df9fb7dcad324ba87a5c27361ed44cb00	1aade55d-613e-407d-9396-34fca4c63d60	경암준설	TASK	PROMOTED_FROM_SOURCE	EXACT_EQUIVALENT	PROPOSED	MANUAL_REVIEW	OWNER_APPROVED_CONCEPT_MEMBERSHIP	PRESERVE_SOURCE_MEMBERSHIP	RISK-04-APPROVE-001	62c2c50e3c0becbe23a686735d1a7e50ed8bce2f3fa23c539d2250b68227c2d7	c8c4232bf924b52636c9dc33fb1891473d548e09ed15de35f33764fe18603f3c	9493ff9f5515eec26daf0204589d1fa3dbb8128f2b58f3590f49244ebb4ecef4
f7974904d5b7096555bc23ee63e8fd45085f53d321d079ef5288601ec092ffcb	CIC_W	3619	오니(오염토 오염퇴적물)준설	8b70d1c59c92d829da4bae1b5d42003c4a06ff61985dbb739b9596db4d84bb29	97b76470-5b36-4e30-b90a-dea4c55112e1	오니(오염토 오염퇴적물)준설	TASK	PROMOTED_FROM_SOURCE	EXACT_EQUIVALENT	PROPOSED	MANUAL_REVIEW	OWNER_APPROVED_CONCEPT_MEMBERSHIP	PRESERVE_SOURCE_MEMBERSHIP	RISK-04-APPROVE-001	62c2c50e3c0becbe23a686735d1a7e50ed8bce2f3fa23c539d2250b68227c2d7	c8c4232bf924b52636c9dc33fb1891473d548e09ed15de35f33764fe18603f3c	9493ff9f5515eec26daf0204589d1fa3dbb8128f2b58f3590f49244ebb4ecef4
1b2327610302d1d20d73e0f0739602661979d5f61c540793b5054d38565aee80	CIC_W	362	사석공사	8c9aef0df3267527530900e46c5ff2580bb5348e6974b426f48ed134ed67d0f7	015eafa3-b2e9-42be-b53e-68f5e8426785	사석공사	PROCESS	PROMOTED_FROM_SOURCE	EXACT_EQUIVALENT	PROPOSED	MANUAL_REVIEW	OWNER_APPROVED_CONCEPT_MEMBERSHIP	PRESERVE_SOURCE_MEMBERSHIP	RISK-04-APPROVE-001	62c2c50e3c0becbe23a686735d1a7e50ed8bce2f3fa23c539d2250b68227c2d7	c8c4232bf924b52636c9dc33fb1891473d548e09ed15de35f33764fe18603f3c	9493ff9f5515eec26daf0204589d1fa3dbb8128f2b58f3590f49244ebb4ecef4
b2cb104134c243654d035ffdb1fd7f6b66d92a682317cbbe6e1eb22c3e8cce10	CIC_W	3628	고르기	8261c5d7c51e5258ab852838d9ad1fca6828d9ed8e310962f82d7da786e8a145	eb3c8347-93dc-45c1-8c70-6202bc0b33a5	고르기	TASK	PROMOTED_FROM_SOURCE	EXACT_EQUIVALENT	PROPOSED	MANUAL_REVIEW	OWNER_APPROVED_CONCEPT_MEMBERSHIP	PRESERVE_SOURCE_MEMBERSHIP	RISK-04-APPROVE-001	62c2c50e3c0becbe23a686735d1a7e50ed8bce2f3fa23c539d2250b68227c2d7	c8c4232bf924b52636c9dc33fb1891473d548e09ed15de35f33764fe18603f3c	9493ff9f5515eec26daf0204589d1fa3dbb8128f2b58f3590f49244ebb4ecef4
473fdd5b4ed512d6dfdcbff75bea85af9280bd8cceb78ed7108a58b28addbb35	CIC_W	363	호안용콘크리트구조물제작및거치	25da943669e985eaf977575346986c0faf2da92c6f79f11546c34be8eebbd7d4	fc2dd2f2-43f2-42ec-9dd7-d3e757a52272	호안용콘크리트구조물제작및거치	PROCESS	PROMOTED_FROM_SOURCE	EXACT_EQUIVALENT	PROPOSED	MANUAL_REVIEW	OWNER_APPROVED_CONCEPT_MEMBERSHIP	PRESERVE_SOURCE_MEMBERSHIP	RISK-04-APPROVE-001	62c2c50e3c0becbe23a686735d1a7e50ed8bce2f3fa23c539d2250b68227c2d7	c8c4232bf924b52636c9dc33fb1891473d548e09ed15de35f33764fe18603f3c	9493ff9f5515eec26daf0204589d1fa3dbb8128f2b58f3590f49244ebb4ecef4
d681a221053e19378687747bf794843575e43fd556bee6dfdb68c56392b82527	CIC_W	3631	케이슨제작및설치	00fea4522a479a39940e02f3c04db358c65ddd9a189df6136b8721bd333f6854	97cf2571-0f3a-4bb2-8a85-837bbd502bb0	케이슨제작및설치	TASK	PROMOTED_FROM_SOURCE	EXACT_EQUIVALENT	PROPOSED	MANUAL_REVIEW	OWNER_APPROVED_CONCEPT_MEMBERSHIP	PRESERVE_SOURCE_MEMBERSHIP	RISK-04-APPROVE-001	62c2c50e3c0becbe23a686735d1a7e50ed8bce2f3fa23c539d2250b68227c2d7	c8c4232bf924b52636c9dc33fb1891473d548e09ed15de35f33764fe18603f3c	9493ff9f5515eec26daf0204589d1fa3dbb8128f2b58f3590f49244ebb4ecef4
89169329fbfc6fbe84f4667688048a570c4d3421f01cedfc45fb930c691c021f	CIC_W	3632	호안용콘크리트구조물제작	62a77c79387217bbbef5489f2f1fb5c30beb356a65f0d05eb5a0e8e7aa05534d	803c7137-ee2f-46cc-a0e2-666f7d5d41a9	호안용콘크리트구조물제작	TASK	PROMOTED_FROM_SOURCE	EXACT_EQUIVALENT	PROPOSED	MANUAL_REVIEW	OWNER_APPROVED_CONCEPT_MEMBERSHIP	PRESERVE_SOURCE_MEMBERSHIP	RISK-04-APPROVE-001	62c2c50e3c0becbe23a686735d1a7e50ed8bce2f3fa23c539d2250b68227c2d7	c8c4232bf924b52636c9dc33fb1891473d548e09ed15de35f33764fe18603f3c	9493ff9f5515eec26daf0204589d1fa3dbb8128f2b58f3590f49244ebb4ecef4
0c6ebaac98b9fb6bc539f8e63ea4b37590b00e1f620150ad56d84ae6da4dc4ab	CIC_W	3633	호안구조물운반및거치	66e122e2a860b490f7bf8ed32eec77fa7297d33fd70ca39e9d5b8b859883066a	abddbc6a-7020-4b14-b451-0910d4d49128	호안구조물운반및거치	TASK	PROMOTED_FROM_SOURCE	EXACT_EQUIVALENT	PROPOSED	MANUAL_REVIEW	OWNER_APPROVED_CONCEPT_MEMBERSHIP	PRESERVE_SOURCE_MEMBERSHIP	RISK-04-APPROVE-001	62c2c50e3c0becbe23a686735d1a7e50ed8bce2f3fa23c539d2250b68227c2d7	c8c4232bf924b52636c9dc33fb1891473d548e09ed15de35f33764fe18603f3c	9493ff9f5515eec26daf0204589d1fa3dbb8128f2b58f3590f49244ebb4ecef4
46260cac3f5332764b695cb447d44c4238e038d98f61eb66b0523e94bd6501a2	CIC_W	3635	콘크리트블록속채움	34ec84f018e4e8664e573d4f1029f3aea4ae170fda0c9a1b01ebaf958457eea0	3402b126-2f66-4f01-beff-e4349c3dc6e4	콘크리트블록속채움	TASK	PROMOTED_FROM_SOURCE	EXACT_EQUIVALENT	PROPOSED	MANUAL_REVIEW	OWNER_APPROVED_CONCEPT_MEMBERSHIP	PRESERVE_SOURCE_MEMBERSHIP	RISK-04-APPROVE-001	62c2c50e3c0becbe23a686735d1a7e50ed8bce2f3fa23c539d2250b68227c2d7	c8c4232bf924b52636c9dc33fb1891473d548e09ed15de35f33764fe18603f3c	9493ff9f5515eec26daf0204589d1fa3dbb8128f2b58f3590f49244ebb4ecef4
156e723360eda6f4bbb55233b83a6fb717a82ff1c8b2631b1e02c2716f86f2d4	CIC_W	364	호안공사	b84acc473853e920d7ef63dfd2c7026ed302e12a8c298f046af90f6e3cd53f4c	660aa095-2f4d-42e5-b16e-0ed86ee069c0	호안공사	PROCESS	PROMOTED_FROM_SOURCE	EXACT_EQUIVALENT	PROPOSED	MANUAL_REVIEW	OWNER_APPROVED_CONCEPT_MEMBERSHIP	PRESERVE_SOURCE_MEMBERSHIP	RISK-04-APPROVE-001	62c2c50e3c0becbe23a686735d1a7e50ed8bce2f3fa23c539d2250b68227c2d7	c8c4232bf924b52636c9dc33fb1891473d548e09ed15de35f33764fe18603f3c	9493ff9f5515eec26daf0204589d1fa3dbb8128f2b58f3590f49244ebb4ecef4
907989fcc405a6216d6374fd70205d2aece82f2a20af674437b420ef5fabea4f	CIC_W	3641	밑고정공사	7cf28178e0052b7cbf45673b245304e12874de3c72852f353458d99c2f1a3e70	36c09bd9-fb21-47ee-b853-f7a86063a6ce	밑고정공사	PROCESS	PROMOTED_FROM_SOURCE	EXACT_EQUIVALENT	PROPOSED	MANUAL_REVIEW	OWNER_APPROVED_CONCEPT_MEMBERSHIP	PRESERVE_SOURCE_MEMBERSHIP	RISK-04-APPROVE-001	62c2c50e3c0becbe23a686735d1a7e50ed8bce2f3fa23c539d2250b68227c2d7	c8c4232bf924b52636c9dc33fb1891473d548e09ed15de35f33764fe18603f3c	9493ff9f5515eec26daf0204589d1fa3dbb8128f2b58f3590f49244ebb4ecef4
84648b7bc2dd8ed0a1a39e09989dc92a2a456fdce78949249f9d052a565f3698	CIC_W	3642	비탈막이	a0bde69109899bb18a0e8bdc421202bd811be861a93e91363bfb7fec402a96f4	5d050720-9e5e-4d19-8833-063af28db494	비탈막이	PROCESS	PROMOTED_FROM_SOURCE	EXACT_EQUIVALENT	PROPOSED	MANUAL_REVIEW	OWNER_APPROVED_CONCEPT_MEMBERSHIP	PRESERVE_SOURCE_MEMBERSHIP	RISK-04-APPROVE-001	62c2c50e3c0becbe23a686735d1a7e50ed8bce2f3fa23c539d2250b68227c2d7	c8c4232bf924b52636c9dc33fb1891473d548e09ed15de35f33764fe18603f3c	9493ff9f5515eec26daf0204589d1fa3dbb8128f2b58f3590f49244ebb4ecef4
ac99581149255ae17ed16a404f7ef7ae763f5d8ebd4ba3fd5b41fb56ebe14cac	CIC_W	3644	비탈복공	bd3a6617229efb2fe53a77c83edaf53ba175cb2509147e6d6187b6fc5e74e971	8bd5ebb8-0056-43fd-970a-88dbdbc9920c	비탈복공	PROCESS	PROMOTED_FROM_SOURCE	EXACT_EQUIVALENT	PROPOSED	MANUAL_REVIEW	OWNER_APPROVED_CONCEPT_MEMBERSHIP	PRESERVE_SOURCE_MEMBERSHIP	RISK-04-APPROVE-001	62c2c50e3c0becbe23a686735d1a7e50ed8bce2f3fa23c539d2250b68227c2d7	c8c4232bf924b52636c9dc33fb1891473d548e09ed15de35f33764fe18603f3c	9493ff9f5515eec26daf0204589d1fa3dbb8128f2b58f3590f49244ebb4ecef4
fd3bd82bc1731c75f4d1e2d2a8396414fb37577246e20beb5cf552a0ec0c772f	CIC_W	3646	하천바닥정지공사	a5ffebcfb72e3a3f70cd5669662c50c7f09fede1509fd6fbeaf81a6b39a0f5e6	51b29ec6-7b8d-4577-8af5-2cbef54466b8	하천바닥정지공사	PROCESS	PROMOTED_FROM_SOURCE	EXACT_EQUIVALENT	PROPOSED	MANUAL_REVIEW	OWNER_APPROVED_CONCEPT_MEMBERSHIP	PRESERVE_SOURCE_MEMBERSHIP	RISK-04-APPROVE-001	62c2c50e3c0becbe23a686735d1a7e50ed8bce2f3fa23c539d2250b68227c2d7	c8c4232bf924b52636c9dc33fb1891473d548e09ed15de35f33764fe18603f3c	9493ff9f5515eec26daf0204589d1fa3dbb8128f2b58f3590f49244ebb4ecef4
91eecef7e987f415042c991069e9328cb32ac85d90efb4b7b798ff4cb182239b	CIC_W	3647	방사돌제공사	2516d429c6a4449236e327160dad18a6c0635fd3f649f9736f15388675b8fd10	efdda660-1237-4718-9b64-ee5cfc1d8e0f	방사돌제공사	PROCESS	PROMOTED_FROM_SOURCE	EXACT_EQUIVALENT	PROPOSED	MANUAL_REVIEW	OWNER_APPROVED_CONCEPT_MEMBERSHIP	PRESERVE_SOURCE_MEMBERSHIP	RISK-04-APPROVE-001	62c2c50e3c0becbe23a686735d1a7e50ed8bce2f3fa23c539d2250b68227c2d7	c8c4232bf924b52636c9dc33fb1891473d548e09ed15de35f33764fe18603f3c	9493ff9f5515eec26daf0204589d1fa3dbb8128f2b58f3590f49244ebb4ecef4
4cc797714a5f9ca2a1c42fb5242c8b69716b7731bdd95b55a3a23c01f5fbd114	CIC_W	3649	기타호안공사	816e5a7a0a24add37b3868b97de5103247d20ca455c986a76d49fa9b24912241	fa6dee36-1052-4cd8-9410-1cf2728a5231	기타호안공사	PROCESS	PROMOTED_FROM_SOURCE	EXACT_EQUIVALENT	PROPOSED	MANUAL_REVIEW	OWNER_APPROVED_CONCEPT_MEMBERSHIP	PRESERVE_SOURCE_MEMBERSHIP	RISK-04-APPROVE-001	62c2c50e3c0becbe23a686735d1a7e50ed8bce2f3fa23c539d2250b68227c2d7	c8c4232bf924b52636c9dc33fb1891473d548e09ed15de35f33764fe18603f3c	9493ff9f5515eec26daf0204589d1fa3dbb8128f2b58f3590f49244ebb4ecef4
60c826d4f7f9101add6798c27d82f010fe4c39c29e10c4bf9f960bc2779d9986	CIC_W	367	항만부속설비공사	518bb5b8ca436f24e400d92adb94fcae1f852d66615210225f9542647b161ffe	fda670b5-8411-44bf-90fe-0890b2cf927f	항만부속설비공사	PROCESS	PROMOTED_FROM_SOURCE	EXACT_EQUIVALENT	PROPOSED	MANUAL_REVIEW	OWNER_APPROVED_CONCEPT_MEMBERSHIP	PRESERVE_SOURCE_MEMBERSHIP	RISK-04-APPROVE-001	62c2c50e3c0becbe23a686735d1a7e50ed8bce2f3fa23c539d2250b68227c2d7	c8c4232bf924b52636c9dc33fb1891473d548e09ed15de35f33764fe18603f3c	9493ff9f5515eec26daf0204589d1fa3dbb8128f2b58f3590f49244ebb4ecef4
98f17518e19a68910faed7336cd17295ad3d148f455d94ba8bcbf423c32cfbe1	CIC_W	368	하천 항만부속공사	c201603a494d86fd21efa68a3d8ba3b5e3826ef4195cde21cf766c772edc3236	12019d28-eba5-4ab9-b245-caa3d1cf2f4e	하천 항만부속공사	PROCESS	PROMOTED_FROM_SOURCE	EXACT_EQUIVALENT	PROPOSED	MANUAL_REVIEW	OWNER_APPROVED_CONCEPT_MEMBERSHIP	PRESERVE_SOURCE_MEMBERSHIP	RISK-04-APPROVE-001	62c2c50e3c0becbe23a686735d1a7e50ed8bce2f3fa23c539d2250b68227c2d7	c8c4232bf924b52636c9dc33fb1891473d548e09ed15de35f33764fe18603f3c	9493ff9f5515eec26daf0204589d1fa3dbb8128f2b58f3590f49244ebb4ecef4
27a936877af1fc8a5dfb308124e16e2569a448116a2185473b0baf8ca9d2e74d	CIC_W	3681	하천 해상오염방지	7ef5e60c5b84dc17ef4f7d4ab13b1e09ea339ab54c8bd9c473307b02f2c1f4e8	c8066c8e-460c-4bba-8c18-6ae2086905f9	하천 해상오염방지	PROCESS	PROMOTED_FROM_SOURCE	EXACT_EQUIVALENT	PROPOSED	MANUAL_REVIEW	OWNER_APPROVED_CONCEPT_MEMBERSHIP	PRESERVE_SOURCE_MEMBERSHIP	RISK-04-APPROVE-001	62c2c50e3c0becbe23a686735d1a7e50ed8bce2f3fa23c539d2250b68227c2d7	c8c4232bf924b52636c9dc33fb1891473d548e09ed15de35f33764fe18603f3c	9493ff9f5515eec26daf0204589d1fa3dbb8128f2b58f3590f49244ebb4ecef4
df1b2642f8ce8b02fa944765f3f711136e0477e6e24cd149350ee98f71acbe0a	CIC_W	3688	하천 해상방식	b547699bf91ffadb7a16f597dabc4f00d228576d8f1db4a2acc01e6f035c98a8	6d3481c3-08ff-4191-96c3-a23941ad400b	하천 해상방식	PROCESS	PROMOTED_FROM_SOURCE	EXACT_EQUIVALENT	PROPOSED	MANUAL_REVIEW	OWNER_APPROVED_CONCEPT_MEMBERSHIP	PRESERVE_SOURCE_MEMBERSHIP	RISK-04-APPROVE-001	62c2c50e3c0becbe23a686735d1a7e50ed8bce2f3fa23c539d2250b68227c2d7	c8c4232bf924b52636c9dc33fb1891473d548e09ed15de35f33764fe18603f3c	9493ff9f5515eec26daf0204589d1fa3dbb8128f2b58f3590f49244ebb4ecef4
29dc88175be03e33a602b1382df99be9820b57d792d88888b39367fd692310c1	CIC_W	37	댐공사	da54d4926aa79473fa6f89610338b0297765d601166ceb67ac95ba973da49bf0	efdfffad-db97-4a7f-b30a-19a78c418d13	댐공사	PROCESS	PROMOTED_FROM_SOURCE	EXACT_EQUIVALENT	PROPOSED	MANUAL_REVIEW	OWNER_APPROVED_CONCEPT_MEMBERSHIP	PRESERVE_SOURCE_MEMBERSHIP	RISK-04-APPROVE-001	62c2c50e3c0becbe23a686735d1a7e50ed8bce2f3fa23c539d2250b68227c2d7	c8c4232bf924b52636c9dc33fb1891473d548e09ed15de35f33764fe18603f3c	9493ff9f5515eec26daf0204589d1fa3dbb8128f2b58f3590f49244ebb4ecef4
81aea18daa2577da87052d3be8b526407d2f0bd9439067c489af46ef93609437	CIC_W	3711	불투수성재료축조	5ec54c9e3d66b25af9d10f82992e53383ce691ada40eb88359f08b8700262026	d9d52f99-bfb9-4335-892e-7481e33663e0	불투수성재료축조	TASK	PROMOTED_FROM_SOURCE	EXACT_EQUIVALENT	PROPOSED	MANUAL_REVIEW	OWNER_APPROVED_CONCEPT_MEMBERSHIP	PRESERVE_IN_SOURCE_MAPPING_EVIDENCE	RISK-04-APPROVE-001	62c2c50e3c0becbe23a686735d1a7e50ed8bce2f3fa23c539d2250b68227c2d7	c8c4232bf924b52636c9dc33fb1891473d548e09ed15de35f33764fe18603f3c	9493ff9f5515eec26daf0204589d1fa3dbb8128f2b58f3590f49244ebb4ecef4
8a28a258a275851348f60e7e9058f00055262c9c2e77b7c5f8eb43f52a73bdd8	CIC_W	3712	휠터재료축조	ef467a3e5fbf9bfabb1bb2275399ad3d5ed56372428997b0f7d746266158e69b	adb3f5d0-c684-4568-83a0-6f58bce8f4bc	휠터재료축조	TASK	PROMOTED_FROM_SOURCE	EXACT_EQUIVALENT	PROPOSED	MANUAL_REVIEW	OWNER_APPROVED_CONCEPT_MEMBERSHIP	PRESERVE_IN_SOURCE_MAPPING_EVIDENCE	RISK-04-APPROVE-001	62c2c50e3c0becbe23a686735d1a7e50ed8bce2f3fa23c539d2250b68227c2d7	c8c4232bf924b52636c9dc33fb1891473d548e09ed15de35f33764fe18603f3c	9493ff9f5515eec26daf0204589d1fa3dbb8128f2b58f3590f49244ebb4ecef4
255582b366238ab347357dc413d4cdfe8c4e862e94fc67c468b08c06a5c876d3	CIC_W	3713	사력재료축조	e4bb13e2e59d60b4434332a68193eba5e027152d0c13595c4ca2514f748f50e5	5dbe818f-f9dd-4298-b545-b8c935cbfe0a	사력재료축조	TASK	PROMOTED_FROM_SOURCE	EXACT_EQUIVALENT	PROPOSED	MANUAL_REVIEW	OWNER_APPROVED_CONCEPT_MEMBERSHIP	PRESERVE_IN_SOURCE_MAPPING_EVIDENCE	RISK-04-APPROVE-001	62c2c50e3c0becbe23a686735d1a7e50ed8bce2f3fa23c539d2250b68227c2d7	c8c4232bf924b52636c9dc33fb1891473d548e09ed15de35f33764fe18603f3c	9493ff9f5515eec26daf0204589d1fa3dbb8128f2b58f3590f49244ebb4ecef4
d87d2108d97eef5239a5e7286dd021ddfb820ab477612cf621d086d76f170c50	CIC_W	3714	암석재료축조	a20f051dae1cbf038a0939447b9d4f7508662cd0fbfe028db1c9208aca35e4f7	8bca0a0b-924a-4c3a-b6a0-8d606e759efc	암석재료축조	TASK	PROMOTED_FROM_SOURCE	EXACT_EQUIVALENT	PROPOSED	MANUAL_REVIEW	OWNER_APPROVED_CONCEPT_MEMBERSHIP	PRESERVE_IN_SOURCE_MAPPING_EVIDENCE	RISK-04-APPROVE-001	62c2c50e3c0becbe23a686735d1a7e50ed8bce2f3fa23c539d2250b68227c2d7	c8c4232bf924b52636c9dc33fb1891473d548e09ed15de35f33764fe18603f3c	9493ff9f5515eec26daf0204589d1fa3dbb8128f2b58f3590f49244ebb4ecef4
e26c79c8fd5761d0ef168e3ca4b6b3abd2baa3f22a8ad32e6a23d8c78f2c9e47	CIC_W	3715	랜덤재료축조	fd98cd55706d3e5c006fe7f8b6e705649fdee425f66e36383a54d39a8fce5fcf	e8657c9f-3d2d-4fa3-bd59-bedca9b614e8	랜덤재료축조	TASK	PROMOTED_FROM_SOURCE	EXACT_EQUIVALENT	PROPOSED	MANUAL_REVIEW	OWNER_APPROVED_CONCEPT_MEMBERSHIP	PRESERVE_IN_SOURCE_MAPPING_EVIDENCE	RISK-04-APPROVE-001	62c2c50e3c0becbe23a686735d1a7e50ed8bce2f3fa23c539d2250b68227c2d7	c8c4232bf924b52636c9dc33fb1891473d548e09ed15de35f33764fe18603f3c	9493ff9f5515eec26daf0204589d1fa3dbb8128f2b58f3590f49244ebb4ecef4
e7c5452f17faac324f00aa1af93ad77a85c6990d3db0c10fb211a825ad335dc6	CIC_W	3716	Riprap재료축조	96df527ccb239d96a2f604ac5848d689d174bacf9f0b5716d1c76dad7cc4375a	4e0fd542-545f-4fad-8857-ade865d8d841	Riprap재료축조	TASK	PROMOTED_FROM_SOURCE	EXACT_EQUIVALENT	PROPOSED	MANUAL_REVIEW	OWNER_APPROVED_CONCEPT_MEMBERSHIP	PRESERVE_IN_SOURCE_MAPPING_EVIDENCE	RISK-04-APPROVE-001	62c2c50e3c0becbe23a686735d1a7e50ed8bce2f3fa23c539d2250b68227c2d7	c8c4232bf924b52636c9dc33fb1891473d548e09ed15de35f33764fe18603f3c	9493ff9f5515eec26daf0204589d1fa3dbb8128f2b58f3590f49244ebb4ecef4
677a6c3e710b7b5181b4ce98f06a39974bc173a0dcc2ecd8f2c6d6c52196e107	CIC_W	38	옹벽공사	bc68572923c8910b9b34b63d85b18ecc876df84b7e42beb1fe2750242dca64f0	53a12554-80fd-467a-bab4-560fe63e32e0	옹벽공사	PROCESS	PROMOTED_FROM_SOURCE	EXACT_EQUIVALENT	PROPOSED	MANUAL_REVIEW	OWNER_APPROVED_CONCEPT_MEMBERSHIP	PRESERVE_SOURCE_MEMBERSHIP	RISK-04-APPROVE-001	62c2c50e3c0becbe23a686735d1a7e50ed8bce2f3fa23c539d2250b68227c2d7	c8c4232bf924b52636c9dc33fb1891473d548e09ed15de35f33764fe18603f3c	9493ff9f5515eec26daf0204589d1fa3dbb8128f2b58f3590f49244ebb4ecef4
6004447241b4002bd7cc815e8de0fbec20a946bc40a416321935b74562e5d0b4	CIC_W	3827	석축쌓기	a630c5d19464d9db0acd3e5b3cab8465fe8990f4d36be03653fc000e17206066	a54b55b5-2f53-48cd-8344-9e44035b3481	석축쌓기	TASK	PROMOTED_FROM_SOURCE	EXACT_EQUIVALENT	PROPOSED	MANUAL_REVIEW	OWNER_APPROVED_CONCEPT_MEMBERSHIP	PRESERVE_IN_SOURCE_MAPPING_EVIDENCE	RISK-04-APPROVE-001	62c2c50e3c0becbe23a686735d1a7e50ed8bce2f3fa23c539d2250b68227c2d7	c8c4232bf924b52636c9dc33fb1891473d548e09ed15de35f33764fe18603f3c	9493ff9f5515eec26daf0204589d1fa3dbb8128f2b58f3590f49244ebb4ecef4
ac1bc223d6a1e12e3a1ee935d362554f65f5b4e4d6123f0095f1cb619dee35cd	CIC_W	389	기타옹벽공사	7e7bac0305e8eb238bdb3f181c8cfce879de14046050a8fc72573d5da1c5b245	012e46eb-485c-422e-8028-992da625740b	기타옹벽공사	PROCESS	PROMOTED_FROM_SOURCE	EXACT_EQUIVALENT	PROPOSED	MANUAL_REVIEW	OWNER_APPROVED_CONCEPT_MEMBERSHIP	PRESERVE_SOURCE_MEMBERSHIP	RISK-04-APPROVE-001	62c2c50e3c0becbe23a686735d1a7e50ed8bce2f3fa23c539d2250b68227c2d7	c8c4232bf924b52636c9dc33fb1891473d548e09ed15de35f33764fe18603f3c	9493ff9f5515eec26daf0204589d1fa3dbb8128f2b58f3590f49244ebb4ecef4
9f3053d286cafc1dee52e0e47fb22a805c4fefa946f45beeba88c2754e5a17d7	CIC_W	41	조적공사	33f1ddfc015d1a5a3173d5aa56062b9af98458c2e93edc02b239d897ef4ba8d7	07309343-35ef-4208-86db-a8bac28a8b72	조적공사	PROCESS	PROMOTED_FROM_SOURCE	EXACT_EQUIVALENT	PROPOSED	MANUAL_REVIEW	OWNER_APPROVED_CONCEPT_MEMBERSHIP	PRESERVE_SOURCE_MEMBERSHIP	RISK-04-APPROVE-001	62c2c50e3c0becbe23a686735d1a7e50ed8bce2f3fa23c539d2250b68227c2d7	c8c4232bf924b52636c9dc33fb1891473d548e09ed15de35f33764fe18603f3c	9493ff9f5515eec26daf0204589d1fa3dbb8128f2b58f3590f49244ebb4ecef4
79d2bbee259a406886a472fef77ee894d2b7511b3d57fa4c85ec2cd06a13b3b7	CIC_W	411	벽돌조적공사	11764f7faad5d5d0b6cf4c29d418fc3692b187eb3eaf5e9d251f9570d75cd506	f1da09fa-8d96-4a7d-b6a8-207b4995f7ee	벽돌조적공사	PROCESS	PROMOTED_FROM_SOURCE	EXACT_EQUIVALENT	PROPOSED	MANUAL_REVIEW	OWNER_APPROVED_CONCEPT_MEMBERSHIP	PRESERVE_SOURCE_MEMBERSHIP	RISK-04-APPROVE-001	62c2c50e3c0becbe23a686735d1a7e50ed8bce2f3fa23c539d2250b68227c2d7	c8c4232bf924b52636c9dc33fb1891473d548e09ed15de35f33764fe18603f3c	9493ff9f5515eec26daf0204589d1fa3dbb8128f2b58f3590f49244ebb4ecef4
945bc230315a134a3e3255e88e3455ac25abc2a98c808074e8bdbbb6fcfdeb85	CIC_W	413	블록조적공사	c9418402ee3fcb767ba1c99a753b74dbd7725ca3b9fbebb0d01bd0b73c0a2ed7	a855af99-07cd-4863-9db3-a6c41b72d075	블록조적공사	PROCESS	PROMOTED_FROM_SOURCE	EXACT_EQUIVALENT	PROPOSED	MANUAL_REVIEW	OWNER_APPROVED_CONCEPT_MEMBERSHIP	PRESERVE_SOURCE_MEMBERSHIP	RISK-04-APPROVE-001	62c2c50e3c0becbe23a686735d1a7e50ed8bce2f3fa23c539d2250b68227c2d7	c8c4232bf924b52636c9dc33fb1891473d548e09ed15de35f33764fe18603f3c	9493ff9f5515eec26daf0204589d1fa3dbb8128f2b58f3590f49244ebb4ecef4
8588a0c2039cae232dbeaf1e93905d6efc39d79f77ab95eb315e4ef7092b980e	CIC_W	414	ALC공사	bbe558ae99a905c06154f7cc257c8435fb594caa9af47f80e6788e4d18a7d316	df22ea5f-87f1-4d45-9c3d-3fc534f0be96	ALC공사	PROCESS	PROMOTED_FROM_SOURCE	EXACT_EQUIVALENT	PROPOSED	MANUAL_REVIEW	OWNER_APPROVED_CONCEPT_MEMBERSHIP	PRESERVE_SOURCE_MEMBERSHIP	RISK-04-APPROVE-001	62c2c50e3c0becbe23a686735d1a7e50ed8bce2f3fa23c539d2250b68227c2d7	c8c4232bf924b52636c9dc33fb1891473d548e09ed15de35f33764fe18603f3c	9493ff9f5515eec26daf0204589d1fa3dbb8128f2b58f3590f49244ebb4ecef4
a84f0d96c1a08d3a1c3d403f9267ea0b57e7a6aacc9f8894409aa3325f290176	CIC_W	4151	유리블록쌓기	6aeb0c0085624f5039e903e5cbfb5b103d4201624bf3e1428eb003241778d893	49cb5eaf-f5ad-4d20-b91a-62265a665ead	유리블록쌓기	TASK	PROMOTED_FROM_SOURCE	EXACT_EQUIVALENT	PROPOSED	MANUAL_REVIEW	OWNER_APPROVED_CONCEPT_MEMBERSHIP	PRESERVE_IN_SOURCE_MAPPING_EVIDENCE	RISK-04-APPROVE-001	62c2c50e3c0becbe23a686735d1a7e50ed8bce2f3fa23c539d2250b68227c2d7	c8c4232bf924b52636c9dc33fb1891473d548e09ed15de35f33764fe18603f3c	9493ff9f5515eec26daf0204589d1fa3dbb8128f2b58f3590f49244ebb4ecef4
c1dcf71a4b65c528f4fe6f4c51a8ad812e4f731746343ea0a28443e5be304cbc	CIC_W	4152	유리블록판넬설치	a27352b5d662e6d1048eeecae66e47f5a993d2674b6fb0789eec4c268f846268	faeef6a5-201a-4065-9407-a44865773400	유리블록판넬설치	TASK	PROMOTED_FROM_SOURCE	EXACT_EQUIVALENT	PROPOSED	MANUAL_REVIEW	OWNER_APPROVED_CONCEPT_MEMBERSHIP	PRESERVE_IN_SOURCE_MAPPING_EVIDENCE	RISK-04-APPROVE-001	62c2c50e3c0becbe23a686735d1a7e50ed8bce2f3fa23c539d2250b68227c2d7	c8c4232bf924b52636c9dc33fb1891473d548e09ed15de35f33764fe18603f3c	9493ff9f5515eec26daf0204589d1fa3dbb8128f2b58f3590f49244ebb4ecef4
19dde67fc800d0719f766239e9965273b28135ef21443a45bc1ba0d1611b93f5	CIC_W	416	가공석재조적	206d7fdddef45b9e8a97e6f58bafdc77e5add659193f4b081bef7d0c119bef49	c31d427e-edb6-4d28-a9ae-ff5afd266a20	가공석재조적	PROCESS	PROMOTED_FROM_SOURCE	EXACT_EQUIVALENT	PROPOSED	MANUAL_REVIEW	OWNER_APPROVED_CONCEPT_MEMBERSHIP	PRESERVE_SOURCE_MEMBERSHIP	RISK-04-APPROVE-001	62c2c50e3c0becbe23a686735d1a7e50ed8bce2f3fa23c539d2250b68227c2d7	c8c4232bf924b52636c9dc33fb1891473d548e09ed15de35f33764fe18603f3c	9493ff9f5515eec26daf0204589d1fa3dbb8128f2b58f3590f49244ebb4ecef4
f3534d49b964acfd55fb545954785e0c8958e588bfe5ba99e937cb5dda6f4479	CIC_W	4161	대리석조적	76c9f3e11a72c087da34f162e7c8b7bab6ca24101a933e786a9c931c7a0ac2df	ac05b5fe-9f99-4c1d-bb79-dd4a2e3a990a	대리석조적	TASK	PROMOTED_FROM_SOURCE	EXACT_EQUIVALENT	PROPOSED	MANUAL_REVIEW	OWNER_APPROVED_CONCEPT_MEMBERSHIP	PRESERVE_SOURCE_MEMBERSHIP	RISK-04-APPROVE-001	62c2c50e3c0becbe23a686735d1a7e50ed8bce2f3fa23c539d2250b68227c2d7	c8c4232bf924b52636c9dc33fb1891473d548e09ed15de35f33764fe18603f3c	9493ff9f5515eec26daf0204589d1fa3dbb8128f2b58f3590f49244ebb4ecef4
5d3b4bba48e421b962fc7436e1147449da6bbeff483167ded053a366614c81db	CIC_W	4162	화강석조적	a4b78c7b9ee1bf20537b5b27469bbca96b67ea3e4f8326a97f5571e1f2dc537d	5e70f4c1-2fec-49f7-adb2-9bff17269ca0	화강석조적	TASK	PROMOTED_FROM_SOURCE	EXACT_EQUIVALENT	PROPOSED	MANUAL_REVIEW	OWNER_APPROVED_CONCEPT_MEMBERSHIP	PRESERVE_SOURCE_MEMBERSHIP	RISK-04-APPROVE-001	62c2c50e3c0becbe23a686735d1a7e50ed8bce2f3fa23c539d2250b68227c2d7	c8c4232bf924b52636c9dc33fb1891473d548e09ed15de35f33764fe18603f3c	9493ff9f5515eec26daf0204589d1fa3dbb8128f2b58f3590f49244ebb4ecef4
37ca2261af63f97eabe3f92b600863de18f32eae7bf40ac5fe53af4e26b5abff	CIC_W	4163	사암조적	efeaecc21ca836cff753e92ede6e0c509a97838a2a41d76bf958ccd12d1d3630	0994b7cd-9810-4c56-8f78-217cf26e3b5a	사암조적	TASK	PROMOTED_FROM_SOURCE	EXACT_EQUIVALENT	PROPOSED	MANUAL_REVIEW	OWNER_APPROVED_CONCEPT_MEMBERSHIP	PRESERVE_SOURCE_MEMBERSHIP	RISK-04-APPROVE-001	62c2c50e3c0becbe23a686735d1a7e50ed8bce2f3fa23c539d2250b68227c2d7	c8c4232bf924b52636c9dc33fb1891473d548e09ed15de35f33764fe18603f3c	9493ff9f5515eec26daf0204589d1fa3dbb8128f2b58f3590f49244ebb4ecef4
87040ed3a5d90f1345d338f3e542b1f47bdb0e39e22fedaf8d81c93ccc366ad9	CIC_W	4164	석회암조적	cbfa3287cea7c3729ffdb896eef942d3e0b8d7e8ee5b5aff97e196f62c298642	d3056f05-e8b8-482a-89af-52d9588891a6	석회암조적	TASK	PROMOTED_FROM_SOURCE	EXACT_EQUIVALENT	PROPOSED	MANUAL_REVIEW	OWNER_APPROVED_CONCEPT_MEMBERSHIP	PRESERVE_SOURCE_MEMBERSHIP	RISK-04-APPROVE-001	62c2c50e3c0becbe23a686735d1a7e50ed8bce2f3fa23c539d2250b68227c2d7	c8c4232bf924b52636c9dc33fb1891473d548e09ed15de35f33764fe18603f3c	9493ff9f5515eec26daf0204589d1fa3dbb8128f2b58f3590f49244ebb4ecef4
c4434ad0081f042fec4900f84c2c580156cdc8501d7aaa6d57fdb0570127da2d	CIC_W	4165	천연슬레이트조적	61c80b8dd02282bf22dfd4ac5233f535201e9dde12df7b3f11baeffd30764537	c67b2b32-64a9-4675-85eb-52125cbbb6b3	천연슬레이트조적	TASK	PROMOTED_FROM_SOURCE	EXACT_EQUIVALENT	PROPOSED	MANUAL_REVIEW	OWNER_APPROVED_CONCEPT_MEMBERSHIP	PRESERVE_SOURCE_MEMBERSHIP	RISK-04-APPROVE-001	62c2c50e3c0becbe23a686735d1a7e50ed8bce2f3fa23c539d2250b68227c2d7	c8c4232bf924b52636c9dc33fb1891473d548e09ed15de35f33764fe18603f3c	9493ff9f5515eec26daf0204589d1fa3dbb8128f2b58f3590f49244ebb4ecef4
263ec11a9f70ffa96816783281921b879c5f77f4538ccd8626654a0ce98fa541	CIC_W	4166	인조석조적	9dec59411fd67507e08e8cf85a198fa5a0623b9031e51727ce3f695f2202399c	7014cca3-7fd8-4a1f-b21c-ee01887a31ec	인조석조적	TASK	PROMOTED_FROM_SOURCE	EXACT_EQUIVALENT	PROPOSED	MANUAL_REVIEW	OWNER_APPROVED_CONCEPT_MEMBERSHIP	PRESERVE_SOURCE_MEMBERSHIP	RISK-04-APPROVE-001	62c2c50e3c0becbe23a686735d1a7e50ed8bce2f3fa23c539d2250b68227c2d7	c8c4232bf924b52636c9dc33fb1891473d548e09ed15de35f33764fe18603f3c	9493ff9f5515eec26daf0204589d1fa3dbb8128f2b58f3590f49244ebb4ecef4
2968865dec08bc0d6d579ebd577b31146d0531c0c27a9d91b5c293aa18cc221c	CIC_W	418	조적부속공사	f235f7f7fb413230f5f653e9f0172a51ac3d0b2a446aa7d020b94803ee7d934a	e6e5c460-6c7a-4234-8823-ae8f98451029	조적부속공사	PROCESS	PROMOTED_FROM_SOURCE	EXACT_EQUIVALENT	PROPOSED	MANUAL_REVIEW	OWNER_APPROVED_CONCEPT_MEMBERSHIP	PRESERVE_SOURCE_MEMBERSHIP	RISK-04-APPROVE-001	62c2c50e3c0becbe23a686735d1a7e50ed8bce2f3fa23c539d2250b68227c2d7	c8c4232bf924b52636c9dc33fb1891473d548e09ed15de35f33764fe18603f3c	9493ff9f5515eec26daf0204589d1fa3dbb8128f2b58f3590f49244ebb4ecef4
e6d550059665b244e00551d1d9aa4a810d2133089d797b87d116574e76195e44	CIC_W	4181	보강기둥설치	fdd337647aeb2134043b6e9db539b46c0da81460d6417cb7a8fbeaf52e8c0818	1e300312-5faf-4bd9-8369-e0ee55e2a61e	보강기둥설치	TASK	PROMOTED_FROM_SOURCE	EXACT_EQUIVALENT	PROPOSED	MANUAL_REVIEW	OWNER_APPROVED_CONCEPT_MEMBERSHIP	PRESERVE_SOURCE_MEMBERSHIP	RISK-04-APPROVE-001	62c2c50e3c0becbe23a686735d1a7e50ed8bce2f3fa23c539d2250b68227c2d7	c8c4232bf924b52636c9dc33fb1891473d548e09ed15de35f33764fe18603f3c	9493ff9f5515eec26daf0204589d1fa3dbb8128f2b58f3590f49244ebb4ecef4
36f9cc2bc3c3a7f26e23ed31ff2c785c572d3b265f56abfddb8b1cc49f263af4	CIC_W	4182	보강보설치	bd89de1b7f69e3e40acbba8001009a491859b04a4405289291ea628d9b445fdc	4b213b2e-3684-444a-bd85-d6a33c0d7df8	보강보설치	TASK	PROMOTED_FROM_SOURCE	EXACT_EQUIVALENT	PROPOSED	MANUAL_REVIEW	OWNER_APPROVED_CONCEPT_MEMBERSHIP	PRESERVE_SOURCE_MEMBERSHIP	RISK-04-APPROVE-001	62c2c50e3c0becbe23a686735d1a7e50ed8bce2f3fa23c539d2250b68227c2d7	c8c4232bf924b52636c9dc33fb1891473d548e09ed15de35f33764fe18603f3c	9493ff9f5515eec26daf0204589d1fa3dbb8128f2b58f3590f49244ebb4ecef4
ee7cc9b5243d47f32599451384c89dc5ee858c21495b3eefd938d20f10bbf349	CIC_W	4183	인방설치	7920f1204063eae32999ca258c5ffb4bbf09254160796ab21d1c839f81601ec9	6e1433c6-385c-48c9-9a85-8099a29970a1	인방설치	TASK	PROMOTED_FROM_SOURCE	EXACT_EQUIVALENT	PROPOSED	MANUAL_REVIEW	OWNER_APPROVED_CONCEPT_MEMBERSHIP	PRESERVE_SOURCE_MEMBERSHIP	RISK-04-APPROVE-001	62c2c50e3c0becbe23a686735d1a7e50ed8bce2f3fa23c539d2250b68227c2d7	c8c4232bf924b52636c9dc33fb1891473d548e09ed15de35f33764fe18603f3c	9493ff9f5515eec26daf0204589d1fa3dbb8128f2b58f3590f49244ebb4ecef4
350e929eb8ab416966968c0c0cbda69ffbc1c5380638f26b174c0600708ca3b9	CIC_W	4184	창선반(씰)설치	850bc1bd95ea2c4096625f875b3276816c743b3c0a37c945596491d386638206	57d54330-6e9e-41c5-8818-67f030a4d8fd	창선반(씰)설치	TASK	PROMOTED_FROM_SOURCE	EXACT_EQUIVALENT	PROPOSED	MANUAL_REVIEW	OWNER_APPROVED_CONCEPT_MEMBERSHIP	PRESERVE_SOURCE_MEMBERSHIP	RISK-04-APPROVE-001	62c2c50e3c0becbe23a686735d1a7e50ed8bce2f3fa23c539d2250b68227c2d7	c8c4232bf924b52636c9dc33fb1891473d548e09ed15de35f33764fe18603f3c	9493ff9f5515eec26daf0204589d1fa3dbb8128f2b58f3590f49244ebb4ecef4
7ea080eaf1ac4be78d855baca6b788a9db1529b72a14829950eb8eabe9c026e1	CIC_W	4185	외벽발수처리	a5ba0751f78f270bb2eb4da563533b6dddf4a73708a1319baa3bf6be51852060	d24d92c3-57e6-41a8-9a27-991983300646	외벽발수처리	TASK	PROMOTED_FROM_SOURCE	EXACT_EQUIVALENT	PROPOSED	MANUAL_REVIEW	OWNER_APPROVED_CONCEPT_MEMBERSHIP	PRESERVE_SOURCE_MEMBERSHIP	RISK-04-APPROVE-001	62c2c50e3c0becbe23a686735d1a7e50ed8bce2f3fa23c539d2250b68227c2d7	c8c4232bf924b52636c9dc33fb1891473d548e09ed15de35f33764fe18603f3c	9493ff9f5515eec26daf0204589d1fa3dbb8128f2b58f3590f49244ebb4ecef4
886268a6c1ecab3cf44e9f1dd066c8a45d8921f882f0d711d36f070ff4cd0b6c	CIC_W	42	목공사	567b3bdd26473d2aae0c8a6f35251397f2c7b90f08b1c3c7a83c11d6643eef99	23b14570-1e3d-4ce6-8e2e-55d4958d772b	목공사	PROCESS	PROMOTED_FROM_SOURCE	EXACT_EQUIVALENT	PROPOSED	MANUAL_REVIEW	OWNER_APPROVED_CONCEPT_MEMBERSHIP	PRESERVE_SOURCE_MEMBERSHIP	RISK-04-APPROVE-001	62c2c50e3c0becbe23a686735d1a7e50ed8bce2f3fa23c539d2250b68227c2d7	c8c4232bf924b52636c9dc33fb1891473d548e09ed15de35f33764fe18603f3c	9493ff9f5515eec26daf0204589d1fa3dbb8128f2b58f3590f49244ebb4ecef4
9e797d3ded9b4adc571c23b1f40a9ac1679aaffbf2003bc4db6f6c86ad9afbde	CIC_W	421	가구식구조목공사	ffce964e0ef14b5c7f594917df7420c33dacf0a26f6bfab3aec9ac951bb26dd1	1e6fde4e-3ba9-43f4-8415-8b42384cdc71	가구식구조목공사	PROCESS	PROMOTED_FROM_SOURCE	EXACT_EQUIVALENT	PROPOSED	MANUAL_REVIEW	OWNER_APPROVED_CONCEPT_MEMBERSHIP	PRESERVE_SOURCE_MEMBERSHIP	RISK-04-APPROVE-001	62c2c50e3c0becbe23a686735d1a7e50ed8bce2f3fa23c539d2250b68227c2d7	c8c4232bf924b52636c9dc33fb1891473d548e09ed15de35f33764fe18603f3c	9493ff9f5515eec26daf0204589d1fa3dbb8128f2b58f3590f49244ebb4ecef4
5421516c1e360fb09f95cc2b4d13692994b360b2266d479884c86c6eb22ea895	CIC_W	422	통나무구조목공사	6e80ad70770484d94feeded63918d8b5125c8bb88f6bbf31ccb2c08f89793589	3a33caa5-36d4-451f-b70b-7a9d1f49d36b	통나무구조목공사	PROCESS	PROMOTED_FROM_SOURCE	EXACT_EQUIVALENT	PROPOSED	MANUAL_REVIEW	OWNER_APPROVED_CONCEPT_MEMBERSHIP	PRESERVE_SOURCE_MEMBERSHIP	RISK-04-APPROVE-001	62c2c50e3c0becbe23a686735d1a7e50ed8bce2f3fa23c539d2250b68227c2d7	c8c4232bf924b52636c9dc33fb1891473d548e09ed15de35f33764fe18603f3c	9493ff9f5515eec26daf0204589d1fa3dbb8128f2b58f3590f49244ebb4ecef4
28d76e9ce524c496f250e6bfced15f34f88d2ccfa8245e90d1a9d34699dc1a8e	CIC_W	423	가공목재조립식구조목공사	c344c083a5e99b6732c9ab519017c81644168348cdfa23c7fde349485665c8bd	2bd4c139-4f81-4daf-8d1f-850bf02a81c2	가공목재조립식구조목공사	PROCESS	PROMOTED_FROM_SOURCE	EXACT_EQUIVALENT	PROPOSED	MANUAL_REVIEW	OWNER_APPROVED_CONCEPT_MEMBERSHIP	PRESERVE_SOURCE_MEMBERSHIP	RISK-04-APPROVE-001	62c2c50e3c0becbe23a686735d1a7e50ed8bce2f3fa23c539d2250b68227c2d7	c8c4232bf924b52636c9dc33fb1891473d548e09ed15de35f33764fe18603f3c	9493ff9f5515eec26daf0204589d1fa3dbb8128f2b58f3590f49244ebb4ecef4
3059a8c08ce72388232aafa728da3e3bec0a6ac9d0a38b23be20e2438f80fa60	CIC_W	425	마감목공사	8bfbba9d95710e0bac851a17945ca6f353070ca9bf1d14005d856e6caac5e12e	82b93dc9-88a1-49f8-bd54-3874f569ced2	마감목공사	PROCESS	PROMOTED_FROM_SOURCE	EXACT_EQUIVALENT	PROPOSED	MANUAL_REVIEW	OWNER_APPROVED_CONCEPT_MEMBERSHIP	PRESERVE_SOURCE_MEMBERSHIP	RISK-04-APPROVE-001	62c2c50e3c0becbe23a686735d1a7e50ed8bce2f3fa23c539d2250b68227c2d7	c8c4232bf924b52636c9dc33fb1891473d548e09ed15de35f33764fe18603f3c	9493ff9f5515eec26daf0204589d1fa3dbb8128f2b58f3590f49244ebb4ecef4
4f4c7cda59d6d60b2eb911a8cf2592543c90e278907f6e5224cea6234e9a0572	CIC_W	4251	목조바닥깔기	a23b53c09384c8b185c431f8dc0a95ea646e012f4afa316ce42046e5d5ba8bda	2e168dd5-b5ef-4a2c-977d-dec24b76635f	목조바닥깔기	TASK	PROMOTED_FROM_SOURCE	EXACT_EQUIVALENT	PROPOSED	MANUAL_REVIEW	OWNER_APPROVED_CONCEPT_MEMBERSHIP	PRESERVE_SOURCE_MEMBERSHIP	RISK-04-APPROVE-001	62c2c50e3c0becbe23a686735d1a7e50ed8bce2f3fa23c539d2250b68227c2d7	c8c4232bf924b52636c9dc33fb1891473d548e09ed15de35f33764fe18603f3c	9493ff9f5515eec26daf0204589d1fa3dbb8128f2b58f3590f49244ebb4ecef4
b1b0d7fdb37b79c38b1b613d742c4c68240d78a55bd93a6615d4b14241cfb168	CIC_W	4253	벽체띠장설치	0ee856aa44d6f1dc5fdf1b5d2a6739dfaecbbe638fb9da4103b55c156142ad27	e579aba1-ab0b-453f-8ca8-7f345b3bf041	벽체띠장설치	TASK	PROMOTED_FROM_SOURCE	EXACT_EQUIVALENT	PROPOSED	MANUAL_REVIEW	OWNER_APPROVED_CONCEPT_MEMBERSHIP	PRESERVE_SOURCE_MEMBERSHIP	RISK-04-APPROVE-001	62c2c50e3c0becbe23a686735d1a7e50ed8bce2f3fa23c539d2250b68227c2d7	c8c4232bf924b52636c9dc33fb1891473d548e09ed15de35f33764fe18603f3c	9493ff9f5515eec26daf0204589d1fa3dbb8128f2b58f3590f49244ebb4ecef4
8c782766d813c7a976439f8ef368fba179ffb984d1409c8363a72eaa93e65d19	CIC_W	4254	벽체목재마감	1c93463172b1077d0fedbf44b111e4c9533e50158bc7690656765bf8bf9fd20e	47aea020-47a2-4461-8d5f-d58e59b0af1e	벽체목재마감	TASK	PROMOTED_FROM_SOURCE	EXACT_EQUIVALENT	PROPOSED	MANUAL_REVIEW	OWNER_APPROVED_CONCEPT_MEMBERSHIP	PRESERVE_SOURCE_MEMBERSHIP	RISK-04-APPROVE-001	62c2c50e3c0becbe23a686735d1a7e50ed8bce2f3fa23c539d2250b68227c2d7	c8c4232bf924b52636c9dc33fb1891473d548e09ed15de35f33764fe18603f3c	9493ff9f5515eec26daf0204589d1fa3dbb8128f2b58f3590f49244ebb4ecef4
8d4eee127dfdf868bfb37024f513a9d4306d5f9b4c92ce9932a1c85a65746a7a	CIC_W	4256	목재천정마감	21a70433ade590e87fa8fcd048a632986cd18e71c57394cf633f25ee1158ff93	3ce604d9-c812-417e-8063-78db152ba713	목재천정마감	TASK	PROMOTED_FROM_SOURCE	EXACT_EQUIVALENT	PROPOSED	MANUAL_REVIEW	OWNER_APPROVED_CONCEPT_MEMBERSHIP	PRESERVE_SOURCE_MEMBERSHIP	RISK-04-APPROVE-001	62c2c50e3c0becbe23a686735d1a7e50ed8bce2f3fa23c539d2250b68227c2d7	c8c4232bf924b52636c9dc33fb1891473d548e09ed15de35f33764fe18603f3c	9493ff9f5515eec26daf0204589d1fa3dbb8128f2b58f3590f49244ebb4ecef4
337bb1a35fdea3c897ade7661fa707733f9f0944da5a678381a1a5d8f60a879d	CIC_W	4257	목조지붕널덮기	e549b218ac76b373fe77a499a9daa147a7d3a9587ca2fce149ad749918ae335e	0da5efda-23b3-4ec2-a3eb-53aa7c01343e	목조지붕널덮기	TASK	PROMOTED_FROM_SOURCE	EXACT_EQUIVALENT	PROPOSED	MANUAL_REVIEW	OWNER_APPROVED_CONCEPT_MEMBERSHIP	PRESERVE_SOURCE_MEMBERSHIP	RISK-04-APPROVE-001	62c2c50e3c0becbe23a686735d1a7e50ed8bce2f3fa23c539d2250b68227c2d7	c8c4232bf924b52636c9dc33fb1891473d548e09ed15de35f33764fe18603f3c	9493ff9f5515eec26daf0204589d1fa3dbb8128f2b58f3590f49244ebb4ecef4
34dc2dcc96777fa371775ce0edffa250f950ada278ba29550c5230b1ecfd2e22	CIC_W	427	목조부속목공사	45d871c4f15994b8a60ab19b03d1f2f6af0793ba52cb600437fcb983e814958b	fcfefcab-8631-45fd-85b7-cd29d3e9ff6f	목조부속목공사	PROCESS	PROMOTED_FROM_SOURCE	EXACT_EQUIVALENT	PROPOSED	MANUAL_REVIEW	OWNER_APPROVED_CONCEPT_MEMBERSHIP	PRESERVE_SOURCE_MEMBERSHIP	RISK-04-APPROVE-001	62c2c50e3c0becbe23a686735d1a7e50ed8bce2f3fa23c539d2250b68227c2d7	c8c4232bf924b52636c9dc33fb1891473d548e09ed15de35f33764fe18603f3c	9493ff9f5515eec26daf0204589d1fa3dbb8128f2b58f3590f49244ebb4ecef4
095575a9b37f2bd6a001971f61f351c29ce37dc3ca86e63fa107b9bdcf752e8d	CIC_W	4271	목재난간설치	2a57a9c13d2383dea8ba0ad76d2e7a481b479e082cce4020c2b5f36fabc6a28b	a0be5890-1478-4fac-9cec-3ebcfcc99ec6	목재난간설치	TASK	PROMOTED_FROM_SOURCE	EXACT_EQUIVALENT	PROPOSED	MANUAL_REVIEW	OWNER_APPROVED_CONCEPT_MEMBERSHIP	PRESERVE_SOURCE_MEMBERSHIP	RISK-04-APPROVE-001	62c2c50e3c0becbe23a686735d1a7e50ed8bce2f3fa23c539d2250b68227c2d7	c8c4232bf924b52636c9dc33fb1891473d548e09ed15de35f33764fe18603f3c	9493ff9f5515eec26daf0204589d1fa3dbb8128f2b58f3590f49244ebb4ecef4
92eb56b5c0bc447a61724456cc684826eaa340fffca95d44514edf10eb92e9a7	CIC_W	4272	목재창선반설치	ed3dd41444d2d132006bc3f403f92d4438d6b53cb348cc8d941b3b38ad4ad1fd	14fcfb2a-fe8f-49f8-a005-2ad05933436a	목재창선반설치	TASK	PROMOTED_FROM_SOURCE	EXACT_EQUIVALENT	PROPOSED	MANUAL_REVIEW	OWNER_APPROVED_CONCEPT_MEMBERSHIP	PRESERVE_SOURCE_MEMBERSHIP	RISK-04-APPROVE-001	62c2c50e3c0becbe23a686735d1a7e50ed8bce2f3fa23c539d2250b68227c2d7	c8c4232bf924b52636c9dc33fb1891473d548e09ed15de35f33764fe18603f3c	9493ff9f5515eec26daf0204589d1fa3dbb8128f2b58f3590f49244ebb4ecef4
d938f75fd9e65ae4c3f3b8a49fa3de12febab76872b4f7465e04f8cbe323d018	CIC_W	4273	목재마감목설치	b34d031019aef33a6d5b830eab13dc019cb9549a86f954a8ed70084fb3b9dde0	c38f68ae-6223-4351-9010-5bbe81e051cf	목재마감목설치	TASK	PROMOTED_FROM_SOURCE	EXACT_EQUIVALENT	PROPOSED	MANUAL_REVIEW	OWNER_APPROVED_CONCEPT_MEMBERSHIP	PRESERVE_SOURCE_MEMBERSHIP	RISK-04-APPROVE-001	62c2c50e3c0becbe23a686735d1a7e50ed8bce2f3fa23c539d2250b68227c2d7	c8c4232bf924b52636c9dc33fb1891473d548e09ed15de35f33764fe18603f3c	9493ff9f5515eec26daf0204589d1fa3dbb8128f2b58f3590f49244ebb4ecef4
ed76767afdac89e21ce6c2cf313074485ed950da1c0024de638aee2612f60ec9	CIC_W	428	목재처리	67147c00f93715db6e67724936aa012d382613bba7f73e3cc28d2e5deca1d52b	128af189-99ce-4b61-b638-1ae7b9cc7267	목재처리	PROCESS	PROMOTED_FROM_SOURCE	EXACT_EQUIVALENT	PROPOSED	MANUAL_REVIEW	OWNER_APPROVED_CONCEPT_MEMBERSHIP	PRESERVE_SOURCE_MEMBERSHIP	RISK-04-APPROVE-001	62c2c50e3c0becbe23a686735d1a7e50ed8bce2f3fa23c539d2250b68227c2d7	c8c4232bf924b52636c9dc33fb1891473d548e09ed15de35f33764fe18603f3c	9493ff9f5515eec26daf0204589d1fa3dbb8128f2b58f3590f49244ebb4ecef4
44b4d0541e580fdc28a5d562352c338c676aa2fd55c150df9b4f21ebafcfd701	CIC_W	4282	방부처리	77e493c09f81cf218a27a904040de44d52883fb69f94766be2205f3781da3b96	e9cdc042-6f11-43d5-a359-009a0375a4f5	방부처리	TASK	PROMOTED_FROM_SOURCE	EXACT_EQUIVALENT	PROPOSED	MANUAL_REVIEW	OWNER_APPROVED_CONCEPT_MEMBERSHIP	PRESERVE_SOURCE_MEMBERSHIP	RISK-04-APPROVE-001	62c2c50e3c0becbe23a686735d1a7e50ed8bce2f3fa23c539d2250b68227c2d7	c8c4232bf924b52636c9dc33fb1891473d548e09ed15de35f33764fe18603f3c	9493ff9f5515eec26daf0204589d1fa3dbb8128f2b58f3590f49244ebb4ecef4
3d8abbb46c56f78d096cda93ffc9664431d99649a0865062ccdc45ceff717778	CIC_W	4283	방충처리	38f32ff9a7aaf41b8a42558d264f0fcd40a139256bbd9880cb4446a4bf817416	e0cff068-017a-484e-8000-8443611b24ed	방충처리	TASK	PROMOTED_FROM_SOURCE	EXACT_EQUIVALENT	PROPOSED	MANUAL_REVIEW	OWNER_APPROVED_CONCEPT_MEMBERSHIP	PRESERVE_SOURCE_MEMBERSHIP	RISK-04-APPROVE-001	62c2c50e3c0becbe23a686735d1a7e50ed8bce2f3fa23c539d2250b68227c2d7	c8c4232bf924b52636c9dc33fb1891473d548e09ed15de35f33764fe18603f3c	9493ff9f5515eec26daf0204589d1fa3dbb8128f2b58f3590f49244ebb4ecef4
07d1f07e82c6166ac3dc5be87695473bf9195833d794c37d4a09160b111bb586	CIC_W	4284	내화처리	f443e64a9ad9eb1511986586cfc6f6bc656e666dc775fac7adddaff9988867e2	29121c97-8f71-4f5d-a5a5-0185d0d7d386	내화처리	TASK	PROMOTED_FROM_SOURCE	EXACT_EQUIVALENT	PROPOSED	MANUAL_REVIEW	OWNER_APPROVED_CONCEPT_MEMBERSHIP	PRESERVE_SOURCE_MEMBERSHIP	RISK-04-APPROVE-001	62c2c50e3c0becbe23a686735d1a7e50ed8bce2f3fa23c539d2250b68227c2d7	c8c4232bf924b52636c9dc33fb1891473d548e09ed15de35f33764fe18603f3c	9493ff9f5515eec26daf0204589d1fa3dbb8128f2b58f3590f49244ebb4ecef4
df26feb021abc6ed9d204f816b56979b9da1b869d5f699ffa9ca0483e98c74b2	CIC_W	4285	내신축처리	ba15878c8b30d1184de50f4920153d9eab2ffaf7a6a3659ba67abe03e987983b	4eafc93b-3402-4a12-b9f0-0bfd4570354d	내신축처리	TASK	PROMOTED_FROM_SOURCE	EXACT_EQUIVALENT	PROPOSED	MANUAL_REVIEW	OWNER_APPROVED_CONCEPT_MEMBERSHIP	PRESERVE_SOURCE_MEMBERSHIP	RISK-04-APPROVE-001	62c2c50e3c0becbe23a686735d1a7e50ed8bce2f3fa23c539d2250b68227c2d7	c8c4232bf924b52636c9dc33fb1891473d548e09ed15de35f33764fe18603f3c	9493ff9f5515eec26daf0204589d1fa3dbb8128f2b58f3590f49244ebb4ecef4
c225987e5d8469c8fc0e2c7011d45472a21b35c4fcc864b984cbf5bedf26ca55	CIC_W	43	지붕및홈통공사	87fc9dee856fdc0de823757c6910a98d1e79e1ba25099a9d15d9bba3bb100f43	0d6c860c-c5c9-4371-91f2-feca7721063c	지붕및홈통공사	PROCESS	PROMOTED_FROM_SOURCE	EXACT_EQUIVALENT	PROPOSED	MANUAL_REVIEW	OWNER_APPROVED_CONCEPT_MEMBERSHIP	PRESERVE_SOURCE_MEMBERSHIP	RISK-04-APPROVE-001	62c2c50e3c0becbe23a686735d1a7e50ed8bce2f3fa23c539d2250b68227c2d7	c8c4232bf924b52636c9dc33fb1891473d548e09ed15de35f33764fe18603f3c	9493ff9f5515eec26daf0204589d1fa3dbb8128f2b58f3590f49244ebb4ecef4
2b0ab56767c2ccd285fa5e04b7a06abc53a2093f3bd78035a141e48fd5d5197e	CIC_W	431	자연형지붕잇기	daca4d1a841eb6dc9c1b6685742ee5e1235381037547a32d2f32d4de8140102b	b5bc9eb5-87b3-40b3-a882-ecb2aed5d9ba	자연형지붕잇기	PROCESS	PROMOTED_FROM_SOURCE	EXACT_EQUIVALENT	PROPOSED	MANUAL_REVIEW	OWNER_APPROVED_CONCEPT_MEMBERSHIP	PRESERVE_SOURCE_MEMBERSHIP	RISK-04-APPROVE-001	62c2c50e3c0becbe23a686735d1a7e50ed8bce2f3fa23c539d2250b68227c2d7	c8c4232bf924b52636c9dc33fb1891473d548e09ed15de35f33764fe18603f3c	9493ff9f5515eec26daf0204589d1fa3dbb8128f2b58f3590f49244ebb4ecef4
4f5e3aaaae14b7a08376f372b00955a1d606d47e051790f4178816b791c009a4	CIC_W	4311	초가지붕잇기	8cfa037ced0e974d2707b4b5c06ce23f2aa39d3754576b6a932a5586dd7f0c56	1cc874df-0e7a-4459-aaf2-19d008f9e1c9	초가지붕잇기	TASK	PROMOTED_FROM_SOURCE	EXACT_EQUIVALENT	PROPOSED	MANUAL_REVIEW	OWNER_APPROVED_CONCEPT_MEMBERSHIP	PRESERVE_SOURCE_MEMBERSHIP	RISK-04-APPROVE-001	62c2c50e3c0becbe23a686735d1a7e50ed8bce2f3fa23c539d2250b68227c2d7	c8c4232bf924b52636c9dc33fb1891473d548e09ed15de35f33764fe18603f3c	9493ff9f5515eec26daf0204589d1fa3dbb8128f2b58f3590f49244ebb4ecef4
0ec2a1743692c90aaf8c8cedc498140136fef61c8b720492533206981ac3a5ec	CIC_W	4312	너와지붕잇기	cb57b7cc00b32ad8a7e6891a9cc6fae03c825f0e513d7f8b6fbfd5c059c894c2	4491bee1-cdba-4618-bb57-8db92fa0bad5	너와지붕잇기	TASK	PROMOTED_FROM_SOURCE	EXACT_EQUIVALENT	PROPOSED	MANUAL_REVIEW	OWNER_APPROVED_CONCEPT_MEMBERSHIP	PRESERVE_SOURCE_MEMBERSHIP	RISK-04-APPROVE-001	62c2c50e3c0becbe23a686735d1a7e50ed8bce2f3fa23c539d2250b68227c2d7	c8c4232bf924b52636c9dc33fb1891473d548e09ed15de35f33764fe18603f3c	9493ff9f5515eec26daf0204589d1fa3dbb8128f2b58f3590f49244ebb4ecef4
b0d38e6dfd7c6b4c96efb5b83754d265260f41e2a25eedc0ac67c7613a0f96bf	CIC_W	432	기와잇기	a492a0fe0bcc1fa46324941086217984ce0e3a41d318bcddae69d13bff90d910	fae1b190-575a-4e5f-add0-051c335c433b	기와잇기	PROCESS	PROMOTED_FROM_SOURCE	EXACT_EQUIVALENT	PROPOSED	MANUAL_REVIEW	OWNER_APPROVED_CONCEPT_MEMBERSHIP	PRESERVE_SOURCE_MEMBERSHIP	RISK-04-APPROVE-001	62c2c50e3c0becbe23a686735d1a7e50ed8bce2f3fa23c539d2250b68227c2d7	c8c4232bf924b52636c9dc33fb1891473d548e09ed15de35f33764fe18603f3c	9493ff9f5515eec26daf0204589d1fa3dbb8128f2b58f3590f49244ebb4ecef4
e512b5d7daf507de570374815146e7ce566c6b14c1ea9852ef154b45562b5f1c	CIC_W	4321	시멘트기와잇기	1a4552abd433235457edd6993bf6ae859cee45afb16b919c9139b65c0040a863	ecc27cb0-a95a-41a0-bec6-f48848e5a95d	시멘트기와잇기	TASK	PROMOTED_FROM_SOURCE	EXACT_EQUIVALENT	PROPOSED	MANUAL_REVIEW	OWNER_APPROVED_CONCEPT_MEMBERSHIP	PRESERVE_SOURCE_MEMBERSHIP	RISK-04-APPROVE-001	62c2c50e3c0becbe23a686735d1a7e50ed8bce2f3fa23c539d2250b68227c2d7	c8c4232bf924b52636c9dc33fb1891473d548e09ed15de35f33764fe18603f3c	9493ff9f5515eec26daf0204589d1fa3dbb8128f2b58f3590f49244ebb4ecef4
0d62839bd7ea465c4e051a3be049fc3a58014f26c30cdb06f1780ba2605025b8	CIC_W	4322	점토질기와잇기	a4f6ff82e054bd2466a56391de68f4ba652c57a9a8f57f24d53dbc164bed1ce1	e834a6b2-6480-4ad6-8de9-736eca01b91e	점토질기와잇기	TASK	PROMOTED_FROM_SOURCE	EXACT_EQUIVALENT	PROPOSED	MANUAL_REVIEW	OWNER_APPROVED_CONCEPT_MEMBERSHIP	PRESERVE_SOURCE_MEMBERSHIP	RISK-04-APPROVE-001	62c2c50e3c0becbe23a686735d1a7e50ed8bce2f3fa23c539d2250b68227c2d7	c8c4232bf924b52636c9dc33fb1891473d548e09ed15de35f33764fe18603f3c	9493ff9f5515eec26daf0204589d1fa3dbb8128f2b58f3590f49244ebb4ecef4
e24d17de188cb4537e5bdd41539b5141525f9563bcd41cbe80a68042b658b3db	CIC_W	4323	자기질기와잇기	ce094cd40f6849dea02980450272409b515b65ee4b88edc5cd24ce6d64d51fd7	1552b89f-ac23-4b08-a7a8-904407cdb5fe	자기질기와잇기	TASK	PROMOTED_FROM_SOURCE	EXACT_EQUIVALENT	PROPOSED	MANUAL_REVIEW	OWNER_APPROVED_CONCEPT_MEMBERSHIP	PRESERVE_SOURCE_MEMBERSHIP	RISK-04-APPROVE-001	62c2c50e3c0becbe23a686735d1a7e50ed8bce2f3fa23c539d2250b68227c2d7	c8c4232bf924b52636c9dc33fb1891473d548e09ed15de35f33764fe18603f3c	9493ff9f5515eec26daf0204589d1fa3dbb8128f2b58f3590f49244ebb4ecef4
9635615d3ed7e5d300a4cfc11e3daac65ac76cbe8419b5ac62e048f51b16bcf3	CIC_W	4324	슬레이트기와잇기	2b25dbc4d4730b34cecaa8e15c52e29535f4b7d4226782043a0e5fa9a4e9eda1	fbf8a823-eef3-49d0-8c30-8784a231c22d	슬레이트기와잇기	TASK	PROMOTED_FROM_SOURCE	EXACT_EQUIVALENT	PROPOSED	MANUAL_REVIEW	OWNER_APPROVED_CONCEPT_MEMBERSHIP	PRESERVE_SOURCE_MEMBERSHIP	RISK-04-APPROVE-001	62c2c50e3c0becbe23a686735d1a7e50ed8bce2f3fa23c539d2250b68227c2d7	c8c4232bf924b52636c9dc33fb1891473d548e09ed15de35f33764fe18603f3c	9493ff9f5515eec26daf0204589d1fa3dbb8128f2b58f3590f49244ebb4ecef4
b511487614aa6660f12ba524505d7e63bb7bade24b9dd74817a29f64311ba421	CIC_W	4325	아스팔트슁글잇기	074395a75b54f6506499719fefe3255a479269b2df0944db08a3e8f66acc9017	12ebc23a-9561-4a2a-a180-c63e5335566d	아스팔트슁글잇기	TASK	PROMOTED_FROM_SOURCE	EXACT_EQUIVALENT	PROPOSED	MANUAL_REVIEW	OWNER_APPROVED_CONCEPT_MEMBERSHIP	PRESERVE_SOURCE_MEMBERSHIP	RISK-04-APPROVE-001	62c2c50e3c0becbe23a686735d1a7e50ed8bce2f3fa23c539d2250b68227c2d7	c8c4232bf924b52636c9dc33fb1891473d548e09ed15de35f33764fe18603f3c	9493ff9f5515eec26daf0204589d1fa3dbb8128f2b58f3590f49244ebb4ecef4
489d68d81ebfcd3beb4a4712df5621e614917ffea383e95ae1ef373b59d21f10	CIC_W	4326	금속기와잇기	85df37eb080107e46394d9504785c2208663f4a04506d6f4efa7fa0b618bd9a1	cc7351b1-91d0-468d-b6f3-35605dc23571	금속기와잇기	TASK	PROMOTED_FROM_SOURCE	EXACT_EQUIVALENT	PROPOSED	MANUAL_REVIEW	OWNER_APPROVED_CONCEPT_MEMBERSHIP	PRESERVE_SOURCE_MEMBERSHIP	RISK-04-APPROVE-001	62c2c50e3c0becbe23a686735d1a7e50ed8bce2f3fa23c539d2250b68227c2d7	c8c4232bf924b52636c9dc33fb1891473d548e09ed15de35f33764fe18603f3c	9493ff9f5515eec26daf0204589d1fa3dbb8128f2b58f3590f49244ebb4ecef4
aea4b140139e3b3f4dba5e075b92323ea3fe2eb4bb5d0acf9e83472e7b750343	CIC_W	4327	목재기와잇기	b8f23dd725840a1e3271bb5948737f641ba86f1ecd9e8b0f6b6b359bed91eef6	f57ec6e5-330f-4907-a90a-3d4f258b601f	목재기와잇기	TASK	PROMOTED_FROM_SOURCE	EXACT_EQUIVALENT	PROPOSED	MANUAL_REVIEW	OWNER_APPROVED_CONCEPT_MEMBERSHIP	PRESERVE_SOURCE_MEMBERSHIP	RISK-04-APPROVE-001	62c2c50e3c0becbe23a686735d1a7e50ed8bce2f3fa23c539d2250b68227c2d7	c8c4232bf924b52636c9dc33fb1891473d548e09ed15de35f33764fe18603f3c	9493ff9f5515eec26daf0204589d1fa3dbb8128f2b58f3590f49244ebb4ecef4
d543808237a30730b64fe6f3835b051781b930f72163aba3b8f5e2a899807125	CIC_W	4328	플라스틱기와잇기	428a06303710d55360eeac4fb83cac1fdb785b0d180c6d4e625f5fcc7fe9a03c	5d2bd8fa-2c6f-4b75-8b40-0840c8980374	플라스틱기와잇기	TASK	PROMOTED_FROM_SOURCE	EXACT_EQUIVALENT	PROPOSED	MANUAL_REVIEW	OWNER_APPROVED_CONCEPT_MEMBERSHIP	PRESERVE_SOURCE_MEMBERSHIP	RISK-04-APPROVE-001	62c2c50e3c0becbe23a686735d1a7e50ed8bce2f3fa23c539d2250b68227c2d7	c8c4232bf924b52636c9dc33fb1891473d548e09ed15de35f33764fe18603f3c	9493ff9f5515eec26daf0204589d1fa3dbb8128f2b58f3590f49244ebb4ecef4
6069f09ddf9dcf6a5ae38927395b23d6d2115ff3c9c810b9869c6a28148f13df	CIC_W	433	슬레이트잇기	2e47d3e7dde1c35fc9f89db11d119d98f6396f975b8c1cb6215e2932b649e81e	0eaf8fa1-8d01-4467-bcaa-38705f945843	슬레이트잇기	PROCESS	PROMOTED_FROM_SOURCE	EXACT_EQUIVALENT	PROPOSED	MANUAL_REVIEW	OWNER_APPROVED_CONCEPT_MEMBERSHIP	PRESERVE_SOURCE_MEMBERSHIP	RISK-04-APPROVE-001	62c2c50e3c0becbe23a686735d1a7e50ed8bce2f3fa23c539d2250b68227c2d7	c8c4232bf924b52636c9dc33fb1891473d548e09ed15de35f33764fe18603f3c	9493ff9f5515eec26daf0204589d1fa3dbb8128f2b58f3590f49244ebb4ecef4
39e2eb1bc3d02938efb319ebc2a79dac918b5bfd59cdd73667b76782592a5ad9	CIC_W	434	금속잇기	a7db859ba01a80480e9d6c27cc5f0ff506c85487aff4a4f0d5cab61d1e121549	4710ef8e-000d-48e1-9448-af1eeda77bc0	금속잇기	PROCESS	PROMOTED_FROM_SOURCE	EXACT_EQUIVALENT	PROPOSED	MANUAL_REVIEW	OWNER_APPROVED_CONCEPT_MEMBERSHIP	PRESERVE_SOURCE_MEMBERSHIP	RISK-04-APPROVE-001	62c2c50e3c0becbe23a686735d1a7e50ed8bce2f3fa23c539d2250b68227c2d7	c8c4232bf924b52636c9dc33fb1891473d548e09ed15de35f33764fe18603f3c	9493ff9f5515eec26daf0204589d1fa3dbb8128f2b58f3590f49244ebb4ecef4
979dfc87ae3b679f779524e30ac524d2d2278a490bc6dab97c6665ea8a467664	CIC_W	4341	함석잇기	385fdf5bb3e90ea8b1d5595029c8276e688afe2136fe3736987672e1dd948d58	23b62e4b-c478-4597-8e2b-e6ea7a8d79e5	함석잇기	TASK	PROMOTED_FROM_SOURCE	EXACT_EQUIVALENT	PROPOSED	MANUAL_REVIEW	OWNER_APPROVED_CONCEPT_MEMBERSHIP	PRESERVE_SOURCE_MEMBERSHIP	RISK-04-APPROVE-001	62c2c50e3c0becbe23a686735d1a7e50ed8bce2f3fa23c539d2250b68227c2d7	c8c4232bf924b52636c9dc33fb1891473d548e09ed15de35f33764fe18603f3c	9493ff9f5515eec26daf0204589d1fa3dbb8128f2b58f3590f49244ebb4ecef4
f8fe3801d2179c874f656f5a9a28073af8fd29a902d6b2361565a44621155dcd	CIC_W	4342	동판잇기	c22cddad9da89a7c69e9dcf01b22e03e199121ec6fe34ba364abb5b1e2ba7c08	4fc73930-ab28-4474-833d-d617a4f9c303	동판잇기	TASK	PROMOTED_FROM_SOURCE	EXACT_EQUIVALENT	PROPOSED	MANUAL_REVIEW	OWNER_APPROVED_CONCEPT_MEMBERSHIP	PRESERVE_SOURCE_MEMBERSHIP	RISK-04-APPROVE-001	62c2c50e3c0becbe23a686735d1a7e50ed8bce2f3fa23c539d2250b68227c2d7	c8c4232bf924b52636c9dc33fb1891473d548e09ed15de35f33764fe18603f3c	9493ff9f5515eec26daf0204589d1fa3dbb8128f2b58f3590f49244ebb4ecef4
30a549bcef8efb6bcddd009ae0344312ec68df73ee3751b21a3a15f0ae83d84c	CIC_W	4343	스틸테크잇기	8e14d0b0a5164fd372a25bf1593b98f777ef722b0b983996b553234b2ad34824	481c9458-2905-4aa0-8373-60dec5e4da4b	스틸테크잇기	TASK	PROMOTED_FROM_SOURCE	EXACT_EQUIVALENT	PROPOSED	MANUAL_REVIEW	OWNER_APPROVED_CONCEPT_MEMBERSHIP	PRESERVE_SOURCE_MEMBERSHIP	RISK-04-APPROVE-001	62c2c50e3c0becbe23a686735d1a7e50ed8bce2f3fa23c539d2250b68227c2d7	c8c4232bf924b52636c9dc33fb1891473d548e09ed15de35f33764fe18603f3c	9493ff9f5515eec26daf0204589d1fa3dbb8128f2b58f3590f49244ebb4ecef4
d974b02400c20adb42b4d5811026f63e2a7b21b04a2f39b6e04dc935d56bb7c8	CIC_W	4344	알루니늄판잇기	69e3b2c4be5574aa33dd32731b05bcbdba714205e9b776f2847745f3179dd3d9	16291883-6cc0-4649-8782-af4373ff2efc	알루니늄판잇기	TASK	PROMOTED_FROM_SOURCE	EXACT_EQUIVALENT	PROPOSED	MANUAL_REVIEW	OWNER_APPROVED_CONCEPT_MEMBERSHIP	PRESERVE_SOURCE_MEMBERSHIP	RISK-04-APPROVE-001	62c2c50e3c0becbe23a686735d1a7e50ed8bce2f3fa23c539d2250b68227c2d7	c8c4232bf924b52636c9dc33fb1891473d548e09ed15de35f33764fe18603f3c	9493ff9f5515eec26daf0204589d1fa3dbb8128f2b58f3590f49244ebb4ecef4
08b6fda23c4bc3fa39325122482f40188de1998df03628cbee74b4857cb60a3a	CIC_W	4345	스테인레스스틸판잇기	371d6b810957f8ab44afadb9305724c709375e22de12bf6f20cc54a6409fe464	e7a992e4-8530-44db-8581-c502900576e5	스테인레스스틸판잇기	TASK	PROMOTED_FROM_SOURCE	EXACT_EQUIVALENT	PROPOSED	MANUAL_REVIEW	OWNER_APPROVED_CONCEPT_MEMBERSHIP	PRESERVE_SOURCE_MEMBERSHIP	RISK-04-APPROVE-001	62c2c50e3c0becbe23a686735d1a7e50ed8bce2f3fa23c539d2250b68227c2d7	c8c4232bf924b52636c9dc33fb1891473d548e09ed15de35f33764fe18603f3c	9493ff9f5515eec26daf0204589d1fa3dbb8128f2b58f3590f49244ebb4ecef4
823c0e30e9cb2e9b519b8cab03c2fc305b9743b898dee14897a5204c12a9e977	CIC_W	4346	법랑피복철판잇기	485a2f05310e8c8d77500e4846a083c2cf6f90c68020d514facf3b3df997e35f	b092fc22-cb9e-45f8-9506-d82e5c7ef2fb	법랑피복철판잇기	TASK	PROMOTED_FROM_SOURCE	EXACT_EQUIVALENT	PROPOSED	MANUAL_REVIEW	OWNER_APPROVED_CONCEPT_MEMBERSHIP	PRESERVE_SOURCE_MEMBERSHIP	RISK-04-APPROVE-001	62c2c50e3c0becbe23a686735d1a7e50ed8bce2f3fa23c539d2250b68227c2d7	c8c4232bf924b52636c9dc33fb1891473d548e09ed15de35f33764fe18603f3c	9493ff9f5515eec26daf0204589d1fa3dbb8128f2b58f3590f49244ebb4ecef4
902536b6d1f4fd0ce78f6aa149e53ee3c6958e4ebb77bcfd56b96da8b1cfdbe6	CIC_W	437	홈통공사및지붕부속공사	d30613c4e13abb5c6c6054ac667e96f3ee9aeb8e99b8f2cf4aa4caadd36d0988	ba7d7396-10c8-4554-a478-11dd49108243	홈통공사및지붕부속공사	PROCESS	PROMOTED_FROM_SOURCE	EXACT_EQUIVALENT	PROPOSED	MANUAL_REVIEW	OWNER_APPROVED_CONCEPT_MEMBERSHIP	PRESERVE_SOURCE_MEMBERSHIP	RISK-04-APPROVE-001	62c2c50e3c0becbe23a686735d1a7e50ed8bce2f3fa23c539d2250b68227c2d7	c8c4232bf924b52636c9dc33fb1891473d548e09ed15de35f33764fe18603f3c	9493ff9f5515eec26daf0204589d1fa3dbb8128f2b58f3590f49244ebb4ecef4
4b164cacd71aa4cfb2b1ba6259a1dfd4fbee8fb8514cc67d00b1e0689fa9fd2c	CIC_W	44	방수공사	c878122f7b0f7f4bda4517c25c843fce79a340822c88f3421ae25b2b27845f46	ab9dfe81-ff57-4662-889d-58ca0c739475	방수공사	PROCESS	PROMOTED_FROM_SOURCE	EXACT_EQUIVALENT	PROPOSED	MANUAL_REVIEW	OWNER_APPROVED_CONCEPT_MEMBERSHIP	PRESERVE_SOURCE_MEMBERSHIP	RISK-04-APPROVE-001	62c2c50e3c0becbe23a686735d1a7e50ed8bce2f3fa23c539d2250b68227c2d7	c8c4232bf924b52636c9dc33fb1891473d548e09ed15de35f33764fe18603f3c	9493ff9f5515eec26daf0204589d1fa3dbb8128f2b58f3590f49244ebb4ecef4
3287f635d5c2d081441fbc5b08570b0c46a869c85be61918f30de96d110cd18b	CIC_W	441	멤브레인방수	5928030d4b31d0dea0ef3c8f5f472f6c35d3f184ba38c593b8f521dbdc52a60b	65bb4730-cda3-4c07-9e85-935b900e156d	멤브레인방수	PROCESS	PROMOTED_FROM_SOURCE	EXACT_EQUIVALENT	PROPOSED	MANUAL_REVIEW	OWNER_APPROVED_CONCEPT_MEMBERSHIP	PRESERVE_SOURCE_MEMBERSHIP	RISK-04-APPROVE-001	62c2c50e3c0becbe23a686735d1a7e50ed8bce2f3fa23c539d2250b68227c2d7	c8c4232bf924b52636c9dc33fb1891473d548e09ed15de35f33764fe18603f3c	9493ff9f5515eec26daf0204589d1fa3dbb8128f2b58f3590f49244ebb4ecef4
a16d165137371c09baaa329e9b18c1ad2ee8e9606fc13f02983f2f1de4fcfcb3	CIC_W	4411	아스팔트방수	6f72905443e75de6f596f2e962d1debec3c63a00f61edbaaa2262d0a7bc88e67	21246998-0955-4802-af80-33213af8176f	아스팔트방수	TASK	PROMOTED_FROM_SOURCE	EXACT_EQUIVALENT	PROPOSED	MANUAL_REVIEW	OWNER_APPROVED_CONCEPT_MEMBERSHIP	PRESERVE_SOURCE_MEMBERSHIP	RISK-04-APPROVE-001	62c2c50e3c0becbe23a686735d1a7e50ed8bce2f3fa23c539d2250b68227c2d7	c8c4232bf924b52636c9dc33fb1891473d548e09ed15de35f33764fe18603f3c	9493ff9f5515eec26daf0204589d1fa3dbb8128f2b58f3590f49244ebb4ecef4
f6c031443c74eb81eda617a1f629d15b54793443efb25872ec2069d5baf55635	CIC_W	4412	탄성시트방수	167e6f350b228dad2d04d9c061a39eea5cb0a59c8af54fdbab824971ba6e848d	ca0b9798-7c9f-40bf-9eab-03fc1e6628e4	탄성시트방수	TASK	PROMOTED_FROM_SOURCE	EXACT_EQUIVALENT	PROPOSED	MANUAL_REVIEW	OWNER_APPROVED_CONCEPT_MEMBERSHIP	PRESERVE_SOURCE_MEMBERSHIP	RISK-04-APPROVE-001	62c2c50e3c0becbe23a686735d1a7e50ed8bce2f3fa23c539d2250b68227c2d7	c8c4232bf924b52636c9dc33fb1891473d548e09ed15de35f33764fe18603f3c	9493ff9f5515eec26daf0204589d1fa3dbb8128f2b58f3590f49244ebb4ecef4
53c418a0108da3970cabc0bab4d6d5ae876e26ad235568c12262125a111f1bcb	CIC_W	4413	도막방수	3cde0b5885b49a0bcb050b77d3c6d689893ebc2bf8c23dfbb0463289300ff4f4	a5368af3-dd14-40f3-a1af-e68b27467561	도막방수	TASK	PROMOTED_FROM_SOURCE	EXACT_EQUIVALENT	PROPOSED	MANUAL_REVIEW	OWNER_APPROVED_CONCEPT_MEMBERSHIP	PRESERVE_SOURCE_MEMBERSHIP	RISK-04-APPROVE-001	62c2c50e3c0becbe23a686735d1a7e50ed8bce2f3fa23c539d2250b68227c2d7	c8c4232bf924b52636c9dc33fb1891473d548e09ed15de35f33764fe18603f3c	9493ff9f5515eec26daf0204589d1fa3dbb8128f2b58f3590f49244ebb4ecef4
793f94aa853ea4e89ad7a368e1596956c3a2b14377139e77fe5010a0e899ca38	CIC_W	442	침투성방수	e01d99f9fb4b4917819bc5ee6df715b864b1c3b253b8466ccc59f1f5d5bcf926	4c8434c9-d7d1-4ff9-8b99-c5131c6e6669	침투성방수	PROCESS	PROMOTED_FROM_SOURCE	EXACT_EQUIVALENT	PROPOSED	MANUAL_REVIEW	OWNER_APPROVED_CONCEPT_MEMBERSHIP	PRESERVE_SOURCE_MEMBERSHIP	RISK-04-APPROVE-001	62c2c50e3c0becbe23a686735d1a7e50ed8bce2f3fa23c539d2250b68227c2d7	c8c4232bf924b52636c9dc33fb1891473d548e09ed15de35f33764fe18603f3c	9493ff9f5515eec26daf0204589d1fa3dbb8128f2b58f3590f49244ebb4ecef4
53ebad3e385e782a1b820f0a8ffbc370434391bfa9fbf783de11dba7b12db03b	CIC_W	4421	유기질침투성방수	869a27401fabbb553402332e93e414341500f131390ee5a23e73a8d06c6a1a53	de827037-069d-4e92-af11-3d03b16438d3	유기질침투성방수	TASK	PROMOTED_FROM_SOURCE	EXACT_EQUIVALENT	PROPOSED	MANUAL_REVIEW	OWNER_APPROVED_CONCEPT_MEMBERSHIP	PRESERVE_SOURCE_MEMBERSHIP	RISK-04-APPROVE-001	62c2c50e3c0becbe23a686735d1a7e50ed8bce2f3fa23c539d2250b68227c2d7	c8c4232bf924b52636c9dc33fb1891473d548e09ed15de35f33764fe18603f3c	9493ff9f5515eec26daf0204589d1fa3dbb8128f2b58f3590f49244ebb4ecef4
1865e63bc995dddbab7f3bdf00444fe6f9cf299696b2e366b783fbc39e808600	CIC_W	4422	무기질침투성방수	2e3985f640b105c3221e654eff55b64f3ef155add37b5fdfd7516fac36855d6c	f571c346-9b60-4eba-8c6c-285df3bc9d68	무기질침투성방수	TASK	PROMOTED_FROM_SOURCE	EXACT_EQUIVALENT	PROPOSED	MANUAL_REVIEW	OWNER_APPROVED_CONCEPT_MEMBERSHIP	PRESERVE_SOURCE_MEMBERSHIP	RISK-04-APPROVE-001	62c2c50e3c0becbe23a686735d1a7e50ed8bce2f3fa23c539d2250b68227c2d7	c8c4232bf924b52636c9dc33fb1891473d548e09ed15de35f33764fe18603f3c	9493ff9f5515eec26daf0204589d1fa3dbb8128f2b58f3590f49244ebb4ecef4
fb79d7a114639d2649f8dd82540f226eaa59d409b3311014fc8c13c7f445a9eb	CIC_W	443	액체방수및모르터방수	294be0cddd210ecb366785ba23653eed710ce8bfdaab96fc91880fdbb174b748	df822a06-8422-4944-801d-5d29ada48bb3	액체방수및모르터방수	PROCESS	PROMOTED_FROM_SOURCE	EXACT_EQUIVALENT	PROPOSED	MANUAL_REVIEW	OWNER_APPROVED_CONCEPT_MEMBERSHIP	PRESERVE_SOURCE_MEMBERSHIP	RISK-04-APPROVE-001	62c2c50e3c0becbe23a686735d1a7e50ed8bce2f3fa23c539d2250b68227c2d7	c8c4232bf924b52636c9dc33fb1891473d548e09ed15de35f33764fe18603f3c	9493ff9f5515eec26daf0204589d1fa3dbb8128f2b58f3590f49244ebb4ecef4
151364e645b0276c7aeb2b07ee385d8d9083f27d7548c7d070f0f6406b5aa524	CIC_W	4431	모르터방수	4ade02dde07e88793dce836ce025a681d9abd5e0d927bff573c47c8f3315ce3b	135ee736-28f6-41b9-b543-ae627f1fae2b	모르터방수	TASK	PROMOTED_FROM_SOURCE	EXACT_EQUIVALENT	PROPOSED	MANUAL_REVIEW	OWNER_APPROVED_CONCEPT_MEMBERSHIP	PRESERVE_SOURCE_MEMBERSHIP	RISK-04-APPROVE-001	62c2c50e3c0becbe23a686735d1a7e50ed8bce2f3fa23c539d2250b68227c2d7	c8c4232bf924b52636c9dc33fb1891473d548e09ed15de35f33764fe18603f3c	9493ff9f5515eec26daf0204589d1fa3dbb8128f2b58f3590f49244ebb4ecef4
08a5789ebbfcda57c209988a9e4e5421060f8afa378270ae56a64c941403d431	CIC_W	4435	시멘트액체방수	db331ddd567ea45fb4db9a487f5b136bf114447b9cc34c52eee23ad22a8b8f96	90013697-f9a3-4c34-833f-c87ada0f06ed	시멘트액체방수	TASK	PROMOTED_FROM_SOURCE	EXACT_EQUIVALENT	PROPOSED	MANUAL_REVIEW	OWNER_APPROVED_CONCEPT_MEMBERSHIP	PRESERVE_SOURCE_MEMBERSHIP	RISK-04-APPROVE-001	62c2c50e3c0becbe23a686735d1a7e50ed8bce2f3fa23c539d2250b68227c2d7	c8c4232bf924b52636c9dc33fb1891473d548e09ed15de35f33764fe18603f3c	9493ff9f5515eec26daf0204589d1fa3dbb8128f2b58f3590f49244ebb4ecef4
6ffb0123922254ea5d4dd10b6b5d0bee019fe47cf9fbaf4507c09ad0f5d30639	CIC_W	4439	기타액체및모르터방수	c4762b0811eb5d44a779a85bbf6c053395ea371a1473c2fe2fd8bae8f97acdbc	002e76e6-1a76-4cb2-a0fe-172a0717a69a	기타액체및모르터방수	TASK	PROMOTED_FROM_SOURCE	EXACT_EQUIVALENT	PROPOSED	MANUAL_REVIEW	OWNER_APPROVED_CONCEPT_MEMBERSHIP	PRESERVE_SOURCE_MEMBERSHIP	RISK-04-APPROVE-001	62c2c50e3c0becbe23a686735d1a7e50ed8bce2f3fa23c539d2250b68227c2d7	c8c4232bf924b52636c9dc33fb1891473d548e09ed15de35f33764fe18603f3c	9493ff9f5515eec26daf0204589d1fa3dbb8128f2b58f3590f49244ebb4ecef4
5a657cb873b6d71afe3fab9875c7a5bbedc01613e8b7e9a3228a036c9d80ee41	CIC_W	444	금속방수	58a6f0ae64b115e33f80cbb5684c41aba2c70b9d17c2f63f04c824ef9c2db91b	00704352-b4d4-471f-84cc-d40a744cbbde	금속방수	PROCESS	PROMOTED_FROM_SOURCE	EXACT_EQUIVALENT	PROPOSED	MANUAL_REVIEW	OWNER_APPROVED_CONCEPT_MEMBERSHIP	PRESERVE_SOURCE_MEMBERSHIP	RISK-04-APPROVE-001	62c2c50e3c0becbe23a686735d1a7e50ed8bce2f3fa23c539d2250b68227c2d7	c8c4232bf924b52636c9dc33fb1891473d548e09ed15de35f33764fe18603f3c	9493ff9f5515eec26daf0204589d1fa3dbb8128f2b58f3590f49244ebb4ecef4
5919e69049ca502ef22ff8d25bf52619b065519cecb21c37a3c8e504eaca68c9	CIC_W	4441	동판방수	8e30763ad163429d9095e8a6822e0117005c824f1aa7cd754041bbf8d02e23c4	3c1e39bb-df9b-4fa6-9bf5-2124685dfedb	동판방수	TASK	PROMOTED_FROM_SOURCE	EXACT_EQUIVALENT	PROPOSED	MANUAL_REVIEW	OWNER_APPROVED_CONCEPT_MEMBERSHIP	PRESERVE_SOURCE_MEMBERSHIP	RISK-04-APPROVE-001	62c2c50e3c0becbe23a686735d1a7e50ed8bce2f3fa23c539d2250b68227c2d7	c8c4232bf924b52636c9dc33fb1891473d548e09ed15de35f33764fe18603f3c	9493ff9f5515eec26daf0204589d1fa3dbb8128f2b58f3590f49244ebb4ecef4
ca939b4d66fb107a5c21d00219e99d22155f67c9494247fc6f59cb3c279b4dce	CIC_W	4442	스테인레스강판방수	83bf88c0af004621773dad16b817b6bc51c1b7842dce51658c445a76b29a766e	db0a2eab-93a7-45fa-99e1-5896db788e31	스테인레스강판방수	TASK	PROMOTED_FROM_SOURCE	EXACT_EQUIVALENT	PROPOSED	MANUAL_REVIEW	OWNER_APPROVED_CONCEPT_MEMBERSHIP	PRESERVE_SOURCE_MEMBERSHIP	RISK-04-APPROVE-001	62c2c50e3c0becbe23a686735d1a7e50ed8bce2f3fa23c539d2250b68227c2d7	c8c4232bf924b52636c9dc33fb1891473d548e09ed15de35f33764fe18603f3c	9493ff9f5515eec26daf0204589d1fa3dbb8128f2b58f3590f49244ebb4ecef4
612923b68064d0f9cd9449651ca07de3666ffdc466e453d2ead4b64815f04fe0	CIC_W	445	벤토나이트방수	2425326b235dd2d6471a9eaa0be5c51bcd0d64c42cfa796d4d2f4ffbf1785ed4	af0a9b1a-5106-4a6e-94a5-80dc7fc0779e	벤토나이트방수	PROCESS	PROMOTED_FROM_SOURCE	EXACT_EQUIVALENT	PROPOSED	MANUAL_REVIEW	OWNER_APPROVED_CONCEPT_MEMBERSHIP	PRESERVE_SOURCE_MEMBERSHIP	RISK-04-APPROVE-001	62c2c50e3c0becbe23a686735d1a7e50ed8bce2f3fa23c539d2250b68227c2d7	c8c4232bf924b52636c9dc33fb1891473d548e09ed15de35f33764fe18603f3c	9493ff9f5515eec26daf0204589d1fa3dbb8128f2b58f3590f49244ebb4ecef4
2bf6cc14e9559167e4adeb66970041ee1cc7f577848f8f3992d4dcfcaf63788d	CIC_W	4451	벤토나이트판넬방수	fd4fb7daa5d1236f960e5a00fae7ed74f5fd44fe1f25a33509ce18261c0e5aff	915d5258-278c-4e35-a2a0-8ddb4055ac93	벤토나이트판넬방수	TASK	PROMOTED_FROM_SOURCE	EXACT_EQUIVALENT	PROPOSED	MANUAL_REVIEW	OWNER_APPROVED_CONCEPT_MEMBERSHIP	PRESERVE_SOURCE_MEMBERSHIP	RISK-04-APPROVE-001	62c2c50e3c0becbe23a686735d1a7e50ed8bce2f3fa23c539d2250b68227c2d7	c8c4232bf924b52636c9dc33fb1891473d548e09ed15de35f33764fe18603f3c	9493ff9f5515eec26daf0204589d1fa3dbb8128f2b58f3590f49244ebb4ecef4
0a0ad4cd73423bff2828c87f0c6dcff5cefe2e32a675e959fbc40367aedcfbaa	CIC_W	4452	벤토나이트복합시트방수	95efacf73900d07c56afaaf954adf54dd72197759a33f1fe61549bfba4be9be8	43238aa9-de07-4d8c-81ed-e9c47a612abb	벤토나이트복합시트방수	TASK	PROMOTED_FROM_SOURCE	EXACT_EQUIVALENT	PROPOSED	MANUAL_REVIEW	OWNER_APPROVED_CONCEPT_MEMBERSHIP	PRESERVE_SOURCE_MEMBERSHIP	RISK-04-APPROVE-001	62c2c50e3c0becbe23a686735d1a7e50ed8bce2f3fa23c539d2250b68227c2d7	c8c4232bf924b52636c9dc33fb1891473d548e09ed15de35f33764fe18603f3c	9493ff9f5515eec26daf0204589d1fa3dbb8128f2b58f3590f49244ebb4ecef4
8f1df83a2d327c036d81a10f3ace48e3102ace38dfc00c7600531f3b3a52235a	CIC_W	446	방습	9d1d7e3cf333b05c23ed838742a05d0d01c6bc294913a89e1f2bb1ad7a31babe	7b1c268e-1120-45b8-bcd5-0716c1f785a1	방습	PROCESS	PROMOTED_FROM_SOURCE	EXACT_EQUIVALENT	PROPOSED	MANUAL_REVIEW	OWNER_APPROVED_CONCEPT_MEMBERSHIP	PRESERVE_SOURCE_MEMBERSHIP	RISK-04-APPROVE-001	62c2c50e3c0becbe23a686735d1a7e50ed8bce2f3fa23c539d2250b68227c2d7	c8c4232bf924b52636c9dc33fb1891473d548e09ed15de35f33764fe18603f3c	9493ff9f5515eec26daf0204589d1fa3dbb8128f2b58f3590f49244ebb4ecef4
2ddc69fdcc622eba66711c1a09ab5cd2b35d314e87cd0bf79b505cefca783bf9	CIC_W	4461	아스팔트계방습	d2e4d0a59bdfeb6404808078c276f18e79565e7cdeaf239308f44c9b1766dc45	115c9ef5-5872-4fa1-97c8-8c829e28e1fb	아스팔트계방습	TASK	PROMOTED_FROM_SOURCE	EXACT_EQUIVALENT	PROPOSED	MANUAL_REVIEW	OWNER_APPROVED_CONCEPT_MEMBERSHIP	PRESERVE_SOURCE_MEMBERSHIP	RISK-04-APPROVE-001	62c2c50e3c0becbe23a686735d1a7e50ed8bce2f3fa23c539d2250b68227c2d7	c8c4232bf924b52636c9dc33fb1891473d548e09ed15de35f33764fe18603f3c	9493ff9f5515eec26daf0204589d1fa3dbb8128f2b58f3590f49244ebb4ecef4
5dc34264cd0b1cc2c5d0e880c10e82fc8f163681759c12823688b1db4ad3a113	CIC_W	4462	발수성도장방습	da5c46b85137b56bc6a1872da7cd9db1b0bb706e961ddcdde52acb17a23dbbfb	4fc58e35-f60e-4478-a376-4beb0a5b8c1b	발수성도장방습	TASK	PROMOTED_FROM_SOURCE	EXACT_EQUIVALENT	PROPOSED	MANUAL_REVIEW	OWNER_APPROVED_CONCEPT_MEMBERSHIP	PRESERVE_SOURCE_MEMBERSHIP	RISK-04-APPROVE-001	62c2c50e3c0becbe23a686735d1a7e50ed8bce2f3fa23c539d2250b68227c2d7	c8c4232bf924b52636c9dc33fb1891473d548e09ed15de35f33764fe18603f3c	9493ff9f5515eec26daf0204589d1fa3dbb8128f2b58f3590f49244ebb4ecef4
99381d8bfc0688597adc276bc5d45b9d4dac29e39db80c92a79576a7f70944d6	CIC_W	4463	시멘트성방습	637eaff7ee515a7f77275af06ba59eed0d20501f67831de3a9f62ebdffb623cf	0bbd5856-190d-4c3e-98c6-14d7735f1c7d	시멘트성방습	TASK	PROMOTED_FROM_SOURCE	EXACT_EQUIVALENT	PROPOSED	MANUAL_REVIEW	OWNER_APPROVED_CONCEPT_MEMBERSHIP	PRESERVE_SOURCE_MEMBERSHIP	RISK-04-APPROVE-001	62c2c50e3c0becbe23a686735d1a7e50ed8bce2f3fa23c539d2250b68227c2d7	c8c4232bf924b52636c9dc33fb1891473d548e09ed15de35f33764fe18603f3c	9493ff9f5515eec26daf0204589d1fa3dbb8128f2b58f3590f49244ebb4ecef4
cd20f1103885e15f6871fab99dcb36fc0410425b471eafcb31554bda930140ff	CIC_W	4464	탄성시트방습	f7aee4976d0cdbf81efee8948cce5f9cadd72d70f5fc729e44e30a5dfd6e6224	169c3877-384c-4d26-abb5-a00fab864483	탄성시트방습	TASK	PROMOTED_FROM_SOURCE	EXACT_EQUIVALENT	PROPOSED	MANUAL_REVIEW	OWNER_APPROVED_CONCEPT_MEMBERSHIP	PRESERVE_SOURCE_MEMBERSHIP	RISK-04-APPROVE-001	62c2c50e3c0becbe23a686735d1a7e50ed8bce2f3fa23c539d2250b68227c2d7	c8c4232bf924b52636c9dc33fb1891473d548e09ed15de35f33764fe18603f3c	9493ff9f5515eec26daf0204589d1fa3dbb8128f2b58f3590f49244ebb4ecef4
c6dbaa3cca03277bf97ad93067673ef1658fc2352251700d5bdfba61152a2f09	CIC_W	4465	배수판설치	0532e14156d402607b4b0e188c2862608dbf0c964fd527940d48e3bffc652f10	f1e6e2c0-410b-4786-bc9a-3bc6bcca7d6b	배수판설치	TASK	PROMOTED_FROM_SOURCE	EXACT_EQUIVALENT	PROPOSED	MANUAL_REVIEW	OWNER_APPROVED_CONCEPT_MEMBERSHIP	PRESERVE_SOURCE_MEMBERSHIP	RISK-04-APPROVE-001	62c2c50e3c0becbe23a686735d1a7e50ed8bce2f3fa23c539d2250b68227c2d7	c8c4232bf924b52636c9dc33fb1891473d548e09ed15de35f33764fe18603f3c	9493ff9f5515eec26daf0204589d1fa3dbb8128f2b58f3590f49244ebb4ecef4
d5d207cc3fad0d811811e39458107d8d1402a7a7574813003658a3ee7d184f4d	CIC_W	447	발수제바르기	c3582e8533c5d9748127737b0972cd56e90ec05458a3309730e65348f10c82e8	61f4586b-bca5-4a79-b53f-336be94ef633	발수제바르기	PROCESS	PROMOTED_FROM_SOURCE	EXACT_EQUIVALENT	PROPOSED	MANUAL_REVIEW	OWNER_APPROVED_CONCEPT_MEMBERSHIP	PRESERVE_SOURCE_MEMBERSHIP	RISK-04-APPROVE-001	62c2c50e3c0becbe23a686735d1a7e50ed8bce2f3fa23c539d2250b68227c2d7	c8c4232bf924b52636c9dc33fb1891473d548e09ed15de35f33764fe18603f3c	9493ff9f5515eec26daf0204589d1fa3dbb8128f2b58f3590f49244ebb4ecef4
981f5f566610efc6800a66fb94c43775f2a85a383fda6003b51dcb057310dcd4	CIC_W	45	단열 방음공사	ac74a224650d5509cb0506ecd2daf797b6aec4c361eb5e4467bed4db842033c5	72c0016a-09bb-402e-91e1-4b618205be6a	단열 방음공사	PROCESS	PROMOTED_FROM_SOURCE	EXACT_EQUIVALENT	PROPOSED	MANUAL_REVIEW	OWNER_APPROVED_CONCEPT_MEMBERSHIP	PRESERVE_SOURCE_MEMBERSHIP	RISK-04-APPROVE-001	62c2c50e3c0becbe23a686735d1a7e50ed8bce2f3fa23c539d2250b68227c2d7	c8c4232bf924b52636c9dc33fb1891473d548e09ed15de35f33764fe18603f3c	9493ff9f5515eec26daf0204589d1fa3dbb8128f2b58f3590f49244ebb4ecef4
93e8f9c366944832658a800df99fc1a342500a23e0c1f5e881e58777e11b9f65	CIC_W	451	지붕및바닥단열공사	5f218950ff1076983ffa9bbe897bf1263bf0ee1116c3397b2516753c0c1ce541	55947deb-7b2c-422e-b07a-2492c8dd55c2	지붕및바닥단열공사	PROCESS	PROMOTED_FROM_SOURCE	EXACT_EQUIVALENT	PROPOSED	MANUAL_REVIEW	OWNER_APPROVED_CONCEPT_MEMBERSHIP	PRESERVE_SOURCE_MEMBERSHIP	RISK-04-APPROVE-001	62c2c50e3c0becbe23a686735d1a7e50ed8bce2f3fa23c539d2250b68227c2d7	c8c4232bf924b52636c9dc33fb1891473d548e09ed15de35f33764fe18603f3c	9493ff9f5515eec26daf0204589d1fa3dbb8128f2b58f3590f49244ebb4ecef4
4d4482eb464e92f7c8fc9fe42fda40198c727a70ff34f41cc68333cf68e8b83c	CIC_W	4511	보드형지붕 바닥단열	6361b99c7212836ff2d98a099a77af6554da10a01c412be3a44ac4fb2960e8fe	58228f07-8190-4e76-83a2-03e742043de3	보드형지붕 바닥단열	TASK	PROMOTED_FROM_SOURCE	EXACT_EQUIVALENT	PROPOSED	MANUAL_REVIEW	OWNER_APPROVED_CONCEPT_MEMBERSHIP	PRESERVE_SOURCE_MEMBERSHIP	RISK-04-APPROVE-001	62c2c50e3c0becbe23a686735d1a7e50ed8bce2f3fa23c539d2250b68227c2d7	c8c4232bf924b52636c9dc33fb1891473d548e09ed15de35f33764fe18603f3c	9493ff9f5515eec26daf0204589d1fa3dbb8128f2b58f3590f49244ebb4ecef4
c66b0e97ffa4927e8ede00af5e619b26b3dc3bd85e43468c1cb8c9da18e2214b	CIC_W	4512	시트지붕 바닥단열	5144855117b54aecb13345144973321b45b349de7448cab8cec7ccaada5f525d	dc899bdd-c64b-4c1a-8bd7-6887e85296ef	시트지붕 바닥단열	TASK	PROMOTED_FROM_SOURCE	EXACT_EQUIVALENT	PROPOSED	MANUAL_REVIEW	OWNER_APPROVED_CONCEPT_MEMBERSHIP	PRESERVE_SOURCE_MEMBERSHIP	RISK-04-APPROVE-001	62c2c50e3c0becbe23a686735d1a7e50ed8bce2f3fa23c539d2250b68227c2d7	c8c4232bf924b52636c9dc33fb1891473d548e09ed15de35f33764fe18603f3c	9493ff9f5515eec26daf0204589d1fa3dbb8128f2b58f3590f49244ebb4ecef4
be4729f35d5b4c9be3a47498177ee6eaf3c332464e7a708ad722c612761934db	CIC_W	4513	현장포말지붕 바닥단열	8cbcd766b27e4a99f97a72c412a7b4f08938c77ba63e7eab2b8ea579380fb761	435dbc48-0281-4181-8995-b3fe72e450c6	현장포말지붕 바닥단열	TASK	PROMOTED_FROM_SOURCE	EXACT_EQUIVALENT	PROPOSED	MANUAL_REVIEW	OWNER_APPROVED_CONCEPT_MEMBERSHIP	PRESERVE_SOURCE_MEMBERSHIP	RISK-04-APPROVE-001	62c2c50e3c0becbe23a686735d1a7e50ed8bce2f3fa23c539d2250b68227c2d7	c8c4232bf924b52636c9dc33fb1891473d548e09ed15de35f33764fe18603f3c	9493ff9f5515eec26daf0204589d1fa3dbb8128f2b58f3590f49244ebb4ecef4
2aeb450e623b4b2c3a2aedd37b012db39c2788cc890240f371628527ae2a2ddd	CIC_W	4514	다공성재료지붕 바닥단열	b9b95bb8de3279218000da4fd3e662bd153ed47d97560b7406970382c31d0e77	2420c1b2-98b0-42f0-90b6-3f8d2faaafc4	다공성재료지붕 바닥단열	TASK	PROMOTED_FROM_SOURCE	EXACT_EQUIVALENT	PROPOSED	MANUAL_REVIEW	OWNER_APPROVED_CONCEPT_MEMBERSHIP	PRESERVE_SOURCE_MEMBERSHIP	RISK-04-APPROVE-001	62c2c50e3c0becbe23a686735d1a7e50ed8bce2f3fa23c539d2250b68227c2d7	c8c4232bf924b52636c9dc33fb1891473d548e09ed15de35f33764fe18603f3c	9493ff9f5515eec26daf0204589d1fa3dbb8128f2b58f3590f49244ebb4ecef4
51fbebd3623cb56c2fe0ac783a133e9882b61046d65637c1d3ed259e0d677cd5	CIC_W	4515	뿜칠형지붕 바닥단열	5056e74d2d7df1d5335def453ed935015a3527d2f91d49ad495b4d9ce92c8ae2	5ad36109-48d4-41d5-9d69-d0404c627892	뿜칠형지붕 바닥단열	TASK	PROMOTED_FROM_SOURCE	EXACT_EQUIVALENT	PROPOSED	MANUAL_REVIEW	OWNER_APPROVED_CONCEPT_MEMBERSHIP	PRESERVE_SOURCE_MEMBERSHIP	RISK-04-APPROVE-001	62c2c50e3c0becbe23a686735d1a7e50ed8bce2f3fa23c539d2250b68227c2d7	c8c4232bf924b52636c9dc33fb1891473d548e09ed15de35f33764fe18603f3c	9493ff9f5515eec26daf0204589d1fa3dbb8128f2b58f3590f49244ebb4ecef4
a735d030364bc656d71cec072be4e553ba92acf53b3f80e92b8f4f6e9a6232a2	CIC_W	4516	도막형바닥단열	ba8cb40d968a628c666d30fbcd6e3cc049af30ce9ebda801c1038d6a5a75b637	75b8aeed-ce25-4e35-bb6a-78718ece5482	도막형바닥단열	TASK	PROMOTED_FROM_SOURCE	EXACT_EQUIVALENT	PROPOSED	MANUAL_REVIEW	OWNER_APPROVED_CONCEPT_MEMBERSHIP	PRESERVE_SOURCE_MEMBERSHIP	RISK-04-APPROVE-001	62c2c50e3c0becbe23a686735d1a7e50ed8bce2f3fa23c539d2250b68227c2d7	c8c4232bf924b52636c9dc33fb1891473d548e09ed15de35f33764fe18603f3c	9493ff9f5515eec26daf0204589d1fa3dbb8128f2b58f3590f49244ebb4ecef4
8f6c4687bd49514378d02c7d880f85c7beaa2f353326b85348f5a5fb64fb9438	CIC_W	452	슬래브하부단열	9da860796603be35e2aeeba9341b671f5a94575985fb3e6b38b38ad6ccda9580	204fd2b5-6d67-42c3-aeda-94977217033f	슬래브하부단열	PROCESS	PROMOTED_FROM_SOURCE	EXACT_EQUIVALENT	PROPOSED	MANUAL_REVIEW	OWNER_APPROVED_CONCEPT_MEMBERSHIP	PRESERVE_SOURCE_MEMBERSHIP	RISK-04-APPROVE-001	62c2c50e3c0becbe23a686735d1a7e50ed8bce2f3fa23c539d2250b68227c2d7	c8c4232bf924b52636c9dc33fb1891473d548e09ed15de35f33764fe18603f3c	9493ff9f5515eec26daf0204589d1fa3dbb8128f2b58f3590f49244ebb4ecef4
8cf4c43f4a7b7ec7b6ae84d68ce023f128b52010b4239778bf37dcc27a7cc901	CIC_W	4521	보드형슬래브하부단열	8b51b63e8e85a2f30c99c45a8cc598b05435684fc2727f6eb3774bbd286a455c	4879080a-30d5-46e4-9897-25c95f942541	보드형슬래브하부단열	TASK	PROMOTED_FROM_SOURCE	EXACT_EQUIVALENT	PROPOSED	MANUAL_REVIEW	OWNER_APPROVED_CONCEPT_MEMBERSHIP	PRESERVE_SOURCE_MEMBERSHIP	RISK-04-APPROVE-001	62c2c50e3c0becbe23a686735d1a7e50ed8bce2f3fa23c539d2250b68227c2d7	c8c4232bf924b52636c9dc33fb1891473d548e09ed15de35f33764fe18603f3c	9493ff9f5515eec26daf0204589d1fa3dbb8128f2b58f3590f49244ebb4ecef4
e2291cc76308a079dbe8505ffa7eb73b1897192725f6295d0eb1f1c6058e5e50	CIC_W	4522	시트슬래브하부단열	81d18a98292b73b9572adac5a6d3ef415f444ef051b8a0a561ef26568dcc9d42	4d62899d-5bd0-4225-8839-c808dc373ac9	시트슬래브하부단열	TASK	PROMOTED_FROM_SOURCE	EXACT_EQUIVALENT	PROPOSED	MANUAL_REVIEW	OWNER_APPROVED_CONCEPT_MEMBERSHIP	PRESERVE_SOURCE_MEMBERSHIP	RISK-04-APPROVE-001	62c2c50e3c0becbe23a686735d1a7e50ed8bce2f3fa23c539d2250b68227c2d7	c8c4232bf924b52636c9dc33fb1891473d548e09ed15de35f33764fe18603f3c	9493ff9f5515eec26daf0204589d1fa3dbb8128f2b58f3590f49244ebb4ecef4
306a77f53b848b2e4a87097e52adf3b23314298fec5d9d4433efa28538a3572e	CIC_W	4525	뿜칠형슬래브하부단열	4b6a2802c89ff7b346f07b033e2fc3b57797aa5b98d7c502e8e79251157183e4	91fa03a0-b6ad-4324-b478-8e0da77f41cf	뿜칠형슬래브하부단열	TASK	PROMOTED_FROM_SOURCE	EXACT_EQUIVALENT	PROPOSED	MANUAL_REVIEW	OWNER_APPROVED_CONCEPT_MEMBERSHIP	PRESERVE_SOURCE_MEMBERSHIP	RISK-04-APPROVE-001	62c2c50e3c0becbe23a686735d1a7e50ed8bce2f3fa23c539d2250b68227c2d7	c8c4232bf924b52636c9dc33fb1891473d548e09ed15de35f33764fe18603f3c	9493ff9f5515eec26daf0204589d1fa3dbb8128f2b58f3590f49244ebb4ecef4
7800a10392269f8b747485040399c754d26eba7114dac422983d4397a5dc85d4	CIC_W	4526	도막형슬래브하부단열	8cd0212ca67b11337796d52991a23513989708977727f6c13be32085b2be863e	d3b426fc-98b4-4fd9-80be-9373b75ed495	도막형슬래브하부단열	TASK	PROMOTED_FROM_SOURCE	EXACT_EQUIVALENT	PROPOSED	MANUAL_REVIEW	OWNER_APPROVED_CONCEPT_MEMBERSHIP	PRESERVE_SOURCE_MEMBERSHIP	RISK-04-APPROVE-001	62c2c50e3c0becbe23a686735d1a7e50ed8bce2f3fa23c539d2250b68227c2d7	c8c4232bf924b52636c9dc33fb1891473d548e09ed15de35f33764fe18603f3c	9493ff9f5515eec26daf0204589d1fa3dbb8128f2b58f3590f49244ebb4ecef4
158117eba2b92a0976cf018b8cdea3a22f943b205dc9544a4850139a8ad059e3	CIC_W	453	천정단열	d99cfbb806dd45e4a954f8a6bd14b7c83edd14232ccc2b3cc7937486349cbcaf	8c908499-6b1c-4e72-b21a-4820cbc13213	천정단열	PROCESS	PROMOTED_FROM_SOURCE	EXACT_EQUIVALENT	PROPOSED	MANUAL_REVIEW	OWNER_APPROVED_CONCEPT_MEMBERSHIP	PRESERVE_SOURCE_MEMBERSHIP	RISK-04-APPROVE-001	62c2c50e3c0becbe23a686735d1a7e50ed8bce2f3fa23c539d2250b68227c2d7	c8c4232bf924b52636c9dc33fb1891473d548e09ed15de35f33764fe18603f3c	9493ff9f5515eec26daf0204589d1fa3dbb8128f2b58f3590f49244ebb4ecef4
7195fb965b69255fd00d7b024b3c538ab0493a95c95e7a6d180fe40e69384fc0	CIC_W	4531	보드형천정단열	60656696f6524d8f309fb56af280d501f7011d89b626f90e8436d95f66d8c476	59af9acf-9dab-4cbd-af97-02b53123df88	보드형천정단열	TASK	PROMOTED_FROM_SOURCE	EXACT_EQUIVALENT	PROPOSED	MANUAL_REVIEW	OWNER_APPROVED_CONCEPT_MEMBERSHIP	PRESERVE_SOURCE_MEMBERSHIP	RISK-04-APPROVE-001	62c2c50e3c0becbe23a686735d1a7e50ed8bce2f3fa23c539d2250b68227c2d7	c8c4232bf924b52636c9dc33fb1891473d548e09ed15de35f33764fe18603f3c	9493ff9f5515eec26daf0204589d1fa3dbb8128f2b58f3590f49244ebb4ecef4
42832563e21754f9eca65fc5f44d5d21312dc975464098b8aa61a34e4221dd5b	CIC_W	4533	현장포말천정단열	cdbbcf14d7a38ef60efde7e167b613c9a07cee070d9c26c5a17b10995a043e19	2c461a8a-fd83-4a04-95dc-07c691fb131a	현장포말천정단열	TASK	PROMOTED_FROM_SOURCE	EXACT_EQUIVALENT	PROPOSED	MANUAL_REVIEW	OWNER_APPROVED_CONCEPT_MEMBERSHIP	PRESERVE_SOURCE_MEMBERSHIP	RISK-04-APPROVE-001	62c2c50e3c0becbe23a686735d1a7e50ed8bce2f3fa23c539d2250b68227c2d7	c8c4232bf924b52636c9dc33fb1891473d548e09ed15de35f33764fe18603f3c	9493ff9f5515eec26daf0204589d1fa3dbb8128f2b58f3590f49244ebb4ecef4
9c5934c4b1960353ca4b107c6cc66c82d530856fcdb92315f592c4d23aa972cc	CIC_W	454	벽체단열	3d48573e1d316e06b26b513b3d1b0f6ce573017dffb0fd382f18aa346ee5e727	69f8d873-5093-4204-9150-57d65de28751	벽체단열	PROCESS	PROMOTED_FROM_SOURCE	EXACT_EQUIVALENT	PROPOSED	MANUAL_REVIEW	OWNER_APPROVED_CONCEPT_MEMBERSHIP	PRESERVE_SOURCE_MEMBERSHIP	RISK-04-APPROVE-001	62c2c50e3c0becbe23a686735d1a7e50ed8bce2f3fa23c539d2250b68227c2d7	c8c4232bf924b52636c9dc33fb1891473d548e09ed15de35f33764fe18603f3c	9493ff9f5515eec26daf0204589d1fa3dbb8128f2b58f3590f49244ebb4ecef4
709963733c823b0625d29fff5fbae31ae7fbfedb9002bcc10383300b40e3b7c0	CIC_W	4541	보드형벽체단열	09f7236b0612c3b58048c4f5f6bbdebab0ee2b71f282e6cd10078f87f9b371f0	bd0a341a-ad36-497b-a019-2fabef384a1e	보드형벽체단열	TASK	PROMOTED_FROM_SOURCE	EXACT_EQUIVALENT	PROPOSED	MANUAL_REVIEW	OWNER_APPROVED_CONCEPT_MEMBERSHIP	PRESERVE_SOURCE_MEMBERSHIP	RISK-04-APPROVE-001	62c2c50e3c0becbe23a686735d1a7e50ed8bce2f3fa23c539d2250b68227c2d7	c8c4232bf924b52636c9dc33fb1891473d548e09ed15de35f33764fe18603f3c	9493ff9f5515eec26daf0204589d1fa3dbb8128f2b58f3590f49244ebb4ecef4
27bf76c3accf9602cf6881bdddc3f40b2437b99d7e422f1e19bbbd3cdbb94249	CIC_W	4542	시트벽체단열	79c9e18eab7b84dddfa7df4a051126b75af9b73154b2b664848d1d41f0cc3d86	90930af3-0b18-4126-8112-35d3f4cad886	시트벽체단열	TASK	PROMOTED_FROM_SOURCE	EXACT_EQUIVALENT	PROPOSED	MANUAL_REVIEW	OWNER_APPROVED_CONCEPT_MEMBERSHIP	PRESERVE_SOURCE_MEMBERSHIP	RISK-04-APPROVE-001	62c2c50e3c0becbe23a686735d1a7e50ed8bce2f3fa23c539d2250b68227c2d7	c8c4232bf924b52636c9dc33fb1891473d548e09ed15de35f33764fe18603f3c	9493ff9f5515eec26daf0204589d1fa3dbb8128f2b58f3590f49244ebb4ecef4
a99d4dfd8704cdbc63b5a8b2474d481c8b0078d51bf9169da40dcd41987d91c9	CIC_W	4543	현장포말벽체단열	4831b95cc6323f618b57ca49c27860fe61977dc2bd546d9b6afe80b9d56eb2a1	fae0a7c9-10ee-4f4a-95eb-599bfd8d4710	현장포말벽체단열	TASK	PROMOTED_FROM_SOURCE	EXACT_EQUIVALENT	PROPOSED	MANUAL_REVIEW	OWNER_APPROVED_CONCEPT_MEMBERSHIP	PRESERVE_SOURCE_MEMBERSHIP	RISK-04-APPROVE-001	62c2c50e3c0becbe23a686735d1a7e50ed8bce2f3fa23c539d2250b68227c2d7	c8c4232bf924b52636c9dc33fb1891473d548e09ed15de35f33764fe18603f3c	9493ff9f5515eec26daf0204589d1fa3dbb8128f2b58f3590f49244ebb4ecef4
afdb8c3b7b264d569c1c2c3bd1c513b2ca59a4fa4557b4e916d915d0d72e997d	CIC_W	4545	뿜칠형벽체단열	ca55317c06ce553d789677f42d5546ba12c11875cd703dcf95a198b849b97a09	ac6f8edf-db7a-4b43-8111-cf08693e635f	뿜칠형벽체단열	TASK	PROMOTED_FROM_SOURCE	EXACT_EQUIVALENT	PROPOSED	MANUAL_REVIEW	OWNER_APPROVED_CONCEPT_MEMBERSHIP	PRESERVE_SOURCE_MEMBERSHIP	RISK-04-APPROVE-001	62c2c50e3c0becbe23a686735d1a7e50ed8bce2f3fa23c539d2250b68227c2d7	c8c4232bf924b52636c9dc33fb1891473d548e09ed15de35f33764fe18603f3c	9493ff9f5515eec26daf0204589d1fa3dbb8128f2b58f3590f49244ebb4ecef4
64bdf62fb20e1483436aa7e58a90c659f1b53bc0923e7f3d417cfccb78e91eb7	CIC_W	4546	도막형벽체단열	5b12ff6f39f66a552c9835bec69527dee259677a6d4dc4342c984f0873316ae1	249debe5-e013-4236-8dc0-936a7b24c88a	도막형벽체단열	TASK	PROMOTED_FROM_SOURCE	EXACT_EQUIVALENT	PROPOSED	MANUAL_REVIEW	OWNER_APPROVED_CONCEPT_MEMBERSHIP	PRESERVE_SOURCE_MEMBERSHIP	RISK-04-APPROVE-001	62c2c50e3c0becbe23a686735d1a7e50ed8bce2f3fa23c539d2250b68227c2d7	c8c4232bf924b52636c9dc33fb1891473d548e09ed15de35f33764fe18603f3c	9493ff9f5515eec26daf0204589d1fa3dbb8128f2b58f3590f49244ebb4ecef4
167b257a3975f65b8ea5794af68affd9dba9591b18cebcc817fe441d15041bb5	CIC_W	455	외벽단열	a2f1fe44215ea3bc676bd103630f70b6070914b6a2cf6fa10ee0443fc08d25dd	1b598b23-9ab8-4973-ad1a-4b87bfa67ea0	외벽단열	PROCESS	PROMOTED_FROM_SOURCE	EXACT_EQUIVALENT	PROPOSED	MANUAL_REVIEW	OWNER_APPROVED_CONCEPT_MEMBERSHIP	PRESERVE_SOURCE_MEMBERSHIP	RISK-04-APPROVE-001	62c2c50e3c0becbe23a686735d1a7e50ed8bce2f3fa23c539d2250b68227c2d7	c8c4232bf924b52636c9dc33fb1891473d548e09ed15de35f33764fe18603f3c	9493ff9f5515eec26daf0204589d1fa3dbb8128f2b58f3590f49244ebb4ecef4
ebdc4aeb8b6cab593bfe18465d2327b1e6e2292a51bbbc3c0f1078b1a4b01c9a	CIC_W	4551	보드형외벽단열	ee04404c57532648a935dc079bfafae6ea3dc17383f1c4394346e11e53f83a68	26768222-6b67-4bb0-8bd3-23528d0a6468	보드형외벽단열	TASK	PROMOTED_FROM_SOURCE	EXACT_EQUIVALENT	PROPOSED	MANUAL_REVIEW	OWNER_APPROVED_CONCEPT_MEMBERSHIP	PRESERVE_SOURCE_MEMBERSHIP	RISK-04-APPROVE-001	62c2c50e3c0becbe23a686735d1a7e50ed8bce2f3fa23c539d2250b68227c2d7	c8c4232bf924b52636c9dc33fb1891473d548e09ed15de35f33764fe18603f3c	9493ff9f5515eec26daf0204589d1fa3dbb8128f2b58f3590f49244ebb4ecef4
1e33c3c1d1804e5e2e0388cbbcba1e8fe3f6861f72ba1ad7633810109303742d	CIC_W	4552	시트외벽단열	e5f0b29343458222b8e70cc7f0ce3ce3c863fdeef3238fb48e206a414bf1aae0	1c72585a-6ee2-4d01-b47f-24731cb0fdef	시트외벽단열	TASK	PROMOTED_FROM_SOURCE	EXACT_EQUIVALENT	PROPOSED	MANUAL_REVIEW	OWNER_APPROVED_CONCEPT_MEMBERSHIP	PRESERVE_SOURCE_MEMBERSHIP	RISK-04-APPROVE-001	62c2c50e3c0becbe23a686735d1a7e50ed8bce2f3fa23c539d2250b68227c2d7	c8c4232bf924b52636c9dc33fb1891473d548e09ed15de35f33764fe18603f3c	9493ff9f5515eec26daf0204589d1fa3dbb8128f2b58f3590f49244ebb4ecef4
64cbd75be5cc88ccb84b08dffe554e04d34ea0346b4236be85296d8c19e5dd72	CIC_W	4553	현장포말외벽단열	1f2659a116d9738ba51c72c39eecde0737dac63289f94032d2fdda39be8567c8	d4469b22-d2d8-4b55-a7cb-6c948cb54aa8	현장포말외벽단열	TASK	PROMOTED_FROM_SOURCE	EXACT_EQUIVALENT	PROPOSED	MANUAL_REVIEW	OWNER_APPROVED_CONCEPT_MEMBERSHIP	PRESERVE_SOURCE_MEMBERSHIP	RISK-04-APPROVE-001	62c2c50e3c0becbe23a686735d1a7e50ed8bce2f3fa23c539d2250b68227c2d7	c8c4232bf924b52636c9dc33fb1891473d548e09ed15de35f33764fe18603f3c	9493ff9f5515eec26daf0204589d1fa3dbb8128f2b58f3590f49244ebb4ecef4
416e2fff03a9e1f8a4200a67adbfd8fc169f9073b260d7f9aa19ff769867c018	CIC_W	4555	뿜칠형외벽단열	461c84c2f43c53fe19dec05a93e153ee82787a7fc40f56fe2a04dff93f12f68b	d951eca8-bd00-4144-a9af-d16bd382d0d8	뿜칠형외벽단열	TASK	PROMOTED_FROM_SOURCE	EXACT_EQUIVALENT	PROPOSED	MANUAL_REVIEW	OWNER_APPROVED_CONCEPT_MEMBERSHIP	PRESERVE_SOURCE_MEMBERSHIP	RISK-04-APPROVE-001	62c2c50e3c0becbe23a686735d1a7e50ed8bce2f3fa23c539d2250b68227c2d7	c8c4232bf924b52636c9dc33fb1891473d548e09ed15de35f33764fe18603f3c	9493ff9f5515eec26daf0204589d1fa3dbb8128f2b58f3590f49244ebb4ecef4
52d46273df8e253d58f70d59121e800879e0aa76a7e44c91eda3dd8d29ff7108	CIC_W	4556	도막형외벽단열	92144d57f74f82fb615953fd87f66acbcff0a8e6d1ec5021f689c654cf91fa35	8505e126-ffbd-4e69-88a1-d2dc46ba52cf	도막형외벽단열	TASK	PROMOTED_FROM_SOURCE	EXACT_EQUIVALENT	PROPOSED	MANUAL_REVIEW	OWNER_APPROVED_CONCEPT_MEMBERSHIP	PRESERVE_SOURCE_MEMBERSHIP	RISK-04-APPROVE-001	62c2c50e3c0becbe23a686735d1a7e50ed8bce2f3fa23c539d2250b68227c2d7	c8c4232bf924b52636c9dc33fb1891473d548e09ed15de35f33764fe18603f3c	9493ff9f5515eec26daf0204589d1fa3dbb8128f2b58f3590f49244ebb4ecef4
05af8b28606735e94722b4ea4fbb746aa0bdba9333009eea5a6fb503490b058d	CIC_W	456	방진 방음공사	ec6c03a8aad00b368c07295be86baea08d9705eebdcce822dbc9811d598c8cf1	cd3fd9c9-8693-4719-a1d8-b8ab7d62150e	방진 방음공사	PROCESS	PROMOTED_FROM_SOURCE	EXACT_EQUIVALENT	PROPOSED	MANUAL_REVIEW	OWNER_APPROVED_CONCEPT_MEMBERSHIP	PRESERVE_SOURCE_MEMBERSHIP	RISK-04-APPROVE-001	62c2c50e3c0becbe23a686735d1a7e50ed8bce2f3fa23c539d2250b68227c2d7	c8c4232bf924b52636c9dc33fb1891473d548e09ed15de35f33764fe18603f3c	9493ff9f5515eec26daf0204589d1fa3dbb8128f2b58f3590f49244ebb4ecef4
a3a2f98d1f6d8cbf83157e201106b8bab45051c188771d8d300838b95d71e5bd	CIC_W	4561	진동방지공사	9fc73b0c793e03681c3407d3519d65b2b9ced2347dd0fb5746a20bc386231bbd	e9850b83-3022-4f78-8510-05b22285b1a5	진동방지공사	PROCESS	PROMOTED_FROM_SOURCE	EXACT_EQUIVALENT	PROPOSED	MANUAL_REVIEW	OWNER_APPROVED_CONCEPT_MEMBERSHIP	PRESERVE_SOURCE_MEMBERSHIP	RISK-04-APPROVE-001	62c2c50e3c0becbe23a686735d1a7e50ed8bce2f3fa23c539d2250b68227c2d7	c8c4232bf924b52636c9dc33fb1891473d548e09ed15de35f33764fe18603f3c	9493ff9f5515eec26daf0204589d1fa3dbb8128f2b58f3590f49244ebb4ecef4
51dcfec39ea8982eac32c6387c8bb039455d9b4964ab275a503c27eba55fadaa	CIC_W	4565	방음공사	03220e5c135342bf7f534f4cbccf43806685655020bba5b4ce6e6b2a916b0695	2ea3dcdd-502e-4741-8619-2be5da886094	방음공사	PROCESS	PROMOTED_FROM_SOURCE	EXACT_EQUIVALENT	PROPOSED	MANUAL_REVIEW	OWNER_APPROVED_CONCEPT_MEMBERSHIP	PRESERVE_SOURCE_MEMBERSHIP	RISK-04-APPROVE-001	62c2c50e3c0becbe23a686735d1a7e50ed8bce2f3fa23c539d2250b68227c2d7	c8c4232bf924b52636c9dc33fb1891473d548e09ed15de35f33764fe18603f3c	9493ff9f5515eec26daf0204589d1fa3dbb8128f2b58f3590f49244ebb4ecef4
8b0daa36c603e28e2c80b33097d8d454edc06181b7b0615bedb8e444942cf902	CIC_W	46	외부판재공사	00f32052a00a9a85ca580077d451dcc4a0ac451efe34e5408bc333b25fb49ff5	1040f9ac-c01a-4d59-ab9f-ce549d0f641b	외부판재공사	PROCESS	PROMOTED_FROM_SOURCE	EXACT_EQUIVALENT	PROPOSED	MANUAL_REVIEW	OWNER_APPROVED_CONCEPT_MEMBERSHIP	PRESERVE_SOURCE_MEMBERSHIP	RISK-04-APPROVE-001	62c2c50e3c0becbe23a686735d1a7e50ed8bce2f3fa23c539d2250b68227c2d7	c8c4232bf924b52636c9dc33fb1891473d548e09ed15de35f33764fe18603f3c	9493ff9f5515eec26daf0204589d1fa3dbb8128f2b58f3590f49244ebb4ecef4
461855eb579bf5cbc85f111c159527ea179e01febbc08f7a476f53c94c2a0bb1	CIC_W	461	커튼월프레임및앵커설치	7bf3910987cb6c1c0cf003241a745ed3fbb08dcbd5458ce04bc874215025e5d9	440e6421-a389-4415-991f-b1a4c350d3f1	커튼월프레임및앵커설치	PROCESS	PROMOTED_FROM_SOURCE	EXACT_EQUIVALENT	PROPOSED	MANUAL_REVIEW	OWNER_APPROVED_CONCEPT_MEMBERSHIP	PRESERVE_SOURCE_MEMBERSHIP	RISK-04-APPROVE-001	62c2c50e3c0becbe23a686735d1a7e50ed8bce2f3fa23c539d2250b68227c2d7	c8c4232bf924b52636c9dc33fb1891473d548e09ed15de35f33764fe18603f3c	9493ff9f5515eec26daf0204589d1fa3dbb8128f2b58f3590f49244ebb4ecef4
c5ce0988eec4b7f80e82f616e854aaf9475ecb9c059cea7847e5a546d7280880	CIC_W	4618	고정철물및부속재설치	17a65b4ed96f4a0e6b387823c74b0a251c98db870f730695e13469ae5ed964f6	1105ea86-722b-41ba-848b-b99ff89d811a	고정철물및부속재설치	TASK	PROMOTED_FROM_SOURCE	EXACT_EQUIVALENT	PROPOSED	MANUAL_REVIEW	OWNER_APPROVED_CONCEPT_MEMBERSHIP	PRESERVE_SOURCE_MEMBERSHIP	RISK-04-APPROVE-001	62c2c50e3c0becbe23a686735d1a7e50ed8bce2f3fa23c539d2250b68227c2d7	c8c4232bf924b52636c9dc33fb1891473d548e09ed15de35f33764fe18603f3c	9493ff9f5515eec26daf0204589d1fa3dbb8128f2b58f3590f49244ebb4ecef4
4ff3e59c4c0afc8036d3dc94326833e62c104e38e796edb6d2f548a9a858acf6	CIC_W	47	금속공사	1f1041e6925f663ff5ec5202db7516c78dbb0b31cd24106bd53426ea70b6753a	abef3abd-2b30-455a-87bc-1e2b9c875aa7	금속공사	PROCESS	PROMOTED_FROM_SOURCE	EXACT_EQUIVALENT	PROPOSED	MANUAL_REVIEW	OWNER_APPROVED_CONCEPT_MEMBERSHIP	PRESERVE_SOURCE_MEMBERSHIP	RISK-04-APPROVE-001	62c2c50e3c0becbe23a686735d1a7e50ed8bce2f3fa23c539d2250b68227c2d7	c8c4232bf924b52636c9dc33fb1891473d548e09ed15de35f33764fe18603f3c	9493ff9f5515eec26daf0204589d1fa3dbb8128f2b58f3590f49244ebb4ecef4
0d29e7e6c1009de03a713f7a87f3c0d34e37116d63145e40542080bb0b91afa7	CIC_W	471	금속바닥틀(장선)설치	012f674cfe4aef679121821ad0d914633c3129fccef94f58deb3bce118d0ca83	d42fec88-281e-4fd6-916b-38442b1cd54a	금속바닥틀(장선)설치	PROCESS	PROMOTED_FROM_SOURCE	EXACT_EQUIVALENT	PROPOSED	MANUAL_REVIEW	OWNER_APPROVED_CONCEPT_MEMBERSHIP	PRESERVE_SOURCE_MEMBERSHIP	RISK-04-APPROVE-001	62c2c50e3c0becbe23a686735d1a7e50ed8bce2f3fa23c539d2250b68227c2d7	c8c4232bf924b52636c9dc33fb1891473d548e09ed15de35f33764fe18603f3c	9493ff9f5515eec26daf0204589d1fa3dbb8128f2b58f3590f49244ebb4ecef4
0a7a458be204487f5a2333fa959dd65281546df8a18d52ca94da5e64475347c2	CIC_W	472	메탈스터드시스템(금속벽틀)설치	c835908848e6e590471a20e89063e96542f4fce2d333e52ed84e07f432770dd7	8dcf70b3-7e33-43a1-9fc2-245037f62970	메탈스터드시스템(금속벽틀)설치	PROCESS	PROMOTED_FROM_SOURCE	EXACT_EQUIVALENT	PROPOSED	MANUAL_REVIEW	OWNER_APPROVED_CONCEPT_MEMBERSHIP	PRESERVE_SOURCE_MEMBERSHIP	RISK-04-APPROVE-001	62c2c50e3c0becbe23a686735d1a7e50ed8bce2f3fa23c539d2250b68227c2d7	c8c4232bf924b52636c9dc33fb1891473d548e09ed15de35f33764fe18603f3c	9493ff9f5515eec26daf0204589d1fa3dbb8128f2b58f3590f49244ebb4ecef4
c654f2f05ae779d34148649404faa1a2bf8c5610e5b670081ee6509f94054d1d	CIC_W	473	경량천정틀설치	83d0468466185d21e2d45186a55e213bb3677916333d1bfa4d29e4123b4b045d	d1ef88b6-c566-4bb5-a60d-0d22ee2f3f4f	경량천정틀설치	PROCESS	PROMOTED_FROM_SOURCE	EXACT_EQUIVALENT	PROPOSED	MANUAL_REVIEW	OWNER_APPROVED_CONCEPT_MEMBERSHIP	PRESERVE_SOURCE_MEMBERSHIP	RISK-04-APPROVE-001	62c2c50e3c0becbe23a686735d1a7e50ed8bce2f3fa23c539d2250b68227c2d7	c8c4232bf924b52636c9dc33fb1891473d548e09ed15de35f33764fe18603f3c	9493ff9f5515eec26daf0204589d1fa3dbb8128f2b58f3590f49244ebb4ecef4
ec8c88ea2952716bd2fcf78be3d2f61eae1ccb22158fcbe1f6d1b2df67772680	CIC_W	475	금속마감	0e93c5d551eb1eb656c4d219e2f5cbdde7a611f4d1f8cfd8d35caf54bb82840b	d29022bc-5dd6-4a51-9dc6-8744789240bd	금속마감	PROCESS	PROMOTED_FROM_SOURCE	EXACT_EQUIVALENT	PROPOSED	MANUAL_REVIEW	OWNER_APPROVED_CONCEPT_MEMBERSHIP	PRESERVE_SOURCE_MEMBERSHIP	RISK-04-APPROVE-001	62c2c50e3c0becbe23a686735d1a7e50ed8bce2f3fa23c539d2250b68227c2d7	c8c4232bf924b52636c9dc33fb1891473d548e09ed15de35f33764fe18603f3c	9493ff9f5515eec26daf0204589d1fa3dbb8128f2b58f3590f49244ebb4ecef4
b380541bbfa5b2720795395175b407ef0471d97480f5581196fe1f19422d2df3	CIC_W	4751	바닥금속마감	973307c8c9363d1eb75fd15ab033f2c197cf3953333a5cc18331f1323f433371	98b21d59-42c5-4184-9ed3-846402a90466	바닥금속마감	TASK	PROMOTED_FROM_SOURCE	EXACT_EQUIVALENT	PROPOSED	MANUAL_REVIEW	OWNER_APPROVED_CONCEPT_MEMBERSHIP	PRESERVE_SOURCE_MEMBERSHIP	RISK-04-APPROVE-001	62c2c50e3c0becbe23a686735d1a7e50ed8bce2f3fa23c539d2250b68227c2d7	c8c4232bf924b52636c9dc33fb1891473d548e09ed15de35f33764fe18603f3c	9493ff9f5515eec26daf0204589d1fa3dbb8128f2b58f3590f49244ebb4ecef4
a2005e4c26afa1135b172dc7cf374eaa5e066e6f6a30102fe69b9763378e5bbf	CIC_W	4752	벽체금속마감	c950ed149acae4c6f39740e24afd6ba59d022f1893b66a176b9d04f5744119e1	a8c1bbe0-b76b-4f6f-9b24-b05a0a5b494a	벽체금속마감	TASK	PROMOTED_FROM_SOURCE	EXACT_EQUIVALENT	PROPOSED	MANUAL_REVIEW	OWNER_APPROVED_CONCEPT_MEMBERSHIP	PRESERVE_SOURCE_MEMBERSHIP	RISK-04-APPROVE-001	62c2c50e3c0becbe23a686735d1a7e50ed8bce2f3fa23c539d2250b68227c2d7	c8c4232bf924b52636c9dc33fb1891473d548e09ed15de35f33764fe18603f3c	9493ff9f5515eec26daf0204589d1fa3dbb8128f2b58f3590f49244ebb4ecef4
b5ec2802d42028013f33cb1e06325db7fb3326b375f2b6c7ae369404847da615	CIC_W	4755	천정금속마감	1989397a0f85cea517d06c1f60c3efad17df5231be1a47b829d283807d3be2ee	1ef615dd-fc8d-4f56-8c87-6bf5bbeea00d	천정금속마감	TASK	PROMOTED_FROM_SOURCE	EXACT_EQUIVALENT	PROPOSED	MANUAL_REVIEW	OWNER_APPROVED_CONCEPT_MEMBERSHIP	PRESERVE_SOURCE_MEMBERSHIP	RISK-04-APPROVE-001	62c2c50e3c0becbe23a686735d1a7e50ed8bce2f3fa23c539d2250b68227c2d7	c8c4232bf924b52636c9dc33fb1891473d548e09ed15de35f33764fe18603f3c	9493ff9f5515eec26daf0204589d1fa3dbb8128f2b58f3590f49244ebb4ecef4
21aa714d9bb112c17931eea4d6d1f373cb9eb473a691985c26c7eed304fd7c59	CIC_W	477	금속부속물설치	5e9f3bd52f774810f3b020a8c2160ce5a9e5a4909c1f517b61cc7dd45f0cd9b5	1aee87d8-146d-43ae-b343-d1a09cd64fe0	금속부속물설치	PROCESS	PROMOTED_FROM_SOURCE	EXACT_EQUIVALENT	PROPOSED	MANUAL_REVIEW	OWNER_APPROVED_CONCEPT_MEMBERSHIP	PRESERVE_SOURCE_MEMBERSHIP	RISK-04-APPROVE-001	62c2c50e3c0becbe23a686735d1a7e50ed8bce2f3fa23c539d2250b68227c2d7	c8c4232bf924b52636c9dc33fb1891473d548e09ed15de35f33764fe18603f3c	9493ff9f5515eec26daf0204589d1fa3dbb8128f2b58f3590f49244ebb4ecef4
93f1182f0562175f90fe30bfbfca51a6299791f18e0d9b420d34c284896de9fb	CIC_W	4777	기타금속부속물설치	43ab9d5bcc0f0537d6d9ad3f25079ad739501cdfb792cb0e4559f2bfc9662f1b	7ed34a97-86e9-4d04-b121-00c3269098ee	기타금속부속물설치	TASK	PROMOTED_FROM_SOURCE	EXACT_EQUIVALENT	PROPOSED	MANUAL_REVIEW	OWNER_APPROVED_CONCEPT_MEMBERSHIP	PRESERVE_SOURCE_MEMBERSHIP	RISK-04-APPROVE-001	62c2c50e3c0becbe23a686735d1a7e50ed8bce2f3fa23c539d2250b68227c2d7	c8c4232bf924b52636c9dc33fb1891473d548e09ed15de35f33764fe18603f3c	9493ff9f5515eec26daf0204589d1fa3dbb8128f2b58f3590f49244ebb4ecef4
e5a405f6ff564b7892cf74e712dfbeb89f31ea925db2058b298a989af1dbebf1	CIC_W	4778	금속조인트(줄눈)덮개및트림제작 설치	0bf2deff037a1b3e3fca6af59208c3d99c63efba682186f021f36562ccfdc1c0	9f683835-9eee-4582-bec3-e572dc8830ff	금속조인트(줄눈)덮개및트림제작 설치	TASK	PROMOTED_FROM_SOURCE	EXACT_EQUIVALENT	PROPOSED	MANUAL_REVIEW	OWNER_APPROVED_CONCEPT_MEMBERSHIP	PRESERVE_SOURCE_MEMBERSHIP	RISK-04-APPROVE-001	62c2c50e3c0becbe23a686735d1a7e50ed8bce2f3fa23c539d2250b68227c2d7	c8c4232bf924b52636c9dc33fb1891473d548e09ed15de35f33764fe18603f3c	9493ff9f5515eec26daf0204589d1fa3dbb8128f2b58f3590f49244ebb4ecef4
d2d448a88314dbfebf024439969f1a3353d2dc4abfb1da84678e435e6fb9fb27	CIC_W	478	건축잡철물제작설치	76cd3025c1c646511cf705f3f178193de585d37436b218cbc62a6d72e8bef44e	4a8eed35-4798-4eb7-806a-cf9c48c95d78	건축잡철물제작설치	PROCESS	PROMOTED_FROM_SOURCE	EXACT_EQUIVALENT	PROPOSED	MANUAL_REVIEW	OWNER_APPROVED_CONCEPT_MEMBERSHIP	PRESERVE_SOURCE_MEMBERSHIP	RISK-04-APPROVE-001	62c2c50e3c0becbe23a686735d1a7e50ed8bce2f3fa23c539d2250b68227c2d7	c8c4232bf924b52636c9dc33fb1891473d548e09ed15de35f33764fe18603f3c	9493ff9f5515eec26daf0204589d1fa3dbb8128f2b58f3590f49244ebb4ecef4
31ebdd9e7ce4ad8df1242f95766b1c95510aad48f55b21d09afcd54a6e932e92	CIC_W	48	창호공사	b03fbd2acb8a7a1f82ae5001f9ca6792bcac86f726798d4be1b18909aa84d8ac	81fde51a-0a82-4e8e-a2df-f04bd1072a6e	창호공사	PROCESS	PROMOTED_FROM_SOURCE	EXACT_EQUIVALENT	PROPOSED	MANUAL_REVIEW	OWNER_APPROVED_CONCEPT_MEMBERSHIP	PRESERVE_SOURCE_MEMBERSHIP	RISK-04-APPROVE-001	62c2c50e3c0becbe23a686735d1a7e50ed8bce2f3fa23c539d2250b68227c2d7	c8c4232bf924b52636c9dc33fb1891473d548e09ed15de35f33764fe18603f3c	9493ff9f5515eec26daf0204589d1fa3dbb8128f2b58f3590f49244ebb4ecef4
71dde2c73d51639400c22b27dca075cfb52dff97a304c43aff18444f75c1826f	CIC_W	486	유리공사	949b2969c0dde56c672c18fc9437d6bec17fb188e73938de265b75880b26056a	7692c927-859a-46d5-ab98-9bc660772bde	유리공사	PROCESS	PROMOTED_FROM_SOURCE	EXACT_EQUIVALENT	PROPOSED	MANUAL_REVIEW	OWNER_APPROVED_CONCEPT_MEMBERSHIP	PRESERVE_SOURCE_MEMBERSHIP	RISK-04-APPROVE-001	62c2c50e3c0becbe23a686735d1a7e50ed8bce2f3fa23c539d2250b68227c2d7	c8c4232bf924b52636c9dc33fb1891473d548e09ed15de35f33764fe18603f3c	9493ff9f5515eec26daf0204589d1fa3dbb8128f2b58f3590f49244ebb4ecef4
1a8542541db2cc4d39d575d032f9012d1c750f4dd9a691b0a8a6f0d28ad1dbd6	CIC_W	487	유리부속공사	70435ef21492a20d050dbfc45af0163cd0c4f6248013d5ea65a715ab4a4b4039	3b86bbd2-c2dc-4b44-8e9d-b08d97072b91	유리부속공사	PROCESS	PROMOTED_FROM_SOURCE	EXACT_EQUIVALENT	PROPOSED	MANUAL_REVIEW	OWNER_APPROVED_CONCEPT_MEMBERSHIP	PRESERVE_SOURCE_MEMBERSHIP	RISK-04-APPROVE-001	62c2c50e3c0becbe23a686735d1a7e50ed8bce2f3fa23c539d2250b68227c2d7	c8c4232bf924b52636c9dc33fb1891473d548e09ed15de35f33764fe18603f3c	9493ff9f5515eec26daf0204589d1fa3dbb8128f2b58f3590f49244ebb4ecef4
6eafb7dc8c7610c6c6726656b5090cf9436769cd08ec3e04ff14734dcb85937d	CIC_W	4871	절단및가공	85798d62d03634b69e0540598bf5aca4cf3dfd8cf35789ae4a14db459c7d359a	819b80ab-829f-4538-b984-b289e98c02ef	절단및가공	TASK	PROMOTED_FROM_SOURCE	EXACT_EQUIVALENT	PROPOSED	MANUAL_REVIEW	OWNER_APPROVED_CONCEPT_MEMBERSHIP	PRESERVE_SOURCE_MEMBERSHIP	RISK-04-APPROVE-001	62c2c50e3c0becbe23a686735d1a7e50ed8bce2f3fa23c539d2250b68227c2d7	c8c4232bf924b52636c9dc33fb1891473d548e09ed15de35f33764fe18603f3c	9493ff9f5515eec26daf0204589d1fa3dbb8128f2b58f3590f49244ebb4ecef4
691f4be60788482aa883e71ee6a625bd5ffc2ba2d2aeee38a2f20cbfc7de6f62	CIC_W	4878	보양및청소	1a49b3f77120fc266946453215fae414fe8d21d1bc537f5732641af5a6d8f536	d61f51e4-e52c-46f1-bf67-1043aa6107a4	보양및청소	TASK	PROMOTED_FROM_SOURCE	EXACT_EQUIVALENT	PROPOSED	MANUAL_REVIEW	OWNER_APPROVED_CONCEPT_MEMBERSHIP	PRESERVE_SOURCE_MEMBERSHIP	RISK-04-APPROVE-001	62c2c50e3c0becbe23a686735d1a7e50ed8bce2f3fa23c539d2250b68227c2d7	c8c4232bf924b52636c9dc33fb1891473d548e09ed15de35f33764fe18603f3c	9493ff9f5515eec26daf0204589d1fa3dbb8128f2b58f3590f49244ebb4ecef4
e60450cefa7c12888d72ca804df71a21aa66310361b0df593ddb99aae7ae8267	CIC_W	488	코킹및실링	acaa682822a7efd396a4b67c1cc0cd12330fcc5b12523b900fcbf713b88e18e4	946afb48-0059-4654-b316-804cc574ac1d	코킹및실링	PROCESS	PROMOTED_FROM_SOURCE	EXACT_EQUIVALENT	PROPOSED	MANUAL_REVIEW	OWNER_APPROVED_CONCEPT_MEMBERSHIP	PRESERVE_SOURCE_MEMBERSHIP	RISK-04-APPROVE-001	62c2c50e3c0becbe23a686735d1a7e50ed8bce2f3fa23c539d2250b68227c2d7	c8c4232bf924b52636c9dc33fb1891473d548e09ed15de35f33764fe18603f3c	9493ff9f5515eec26daf0204589d1fa3dbb8128f2b58f3590f49244ebb4ecef4
2aabf7fdd1098b3352658640a7629c908954416ba1dde89387cacf239282228f	CIC_W	4881	창호공사코킹 실링	1a52bf5deb8935b80cdd717a29f774277235b47d37fa6e0b6e6c334fa32ba614	50123de1-1e05-4583-a545-d7da49345838	창호공사코킹 실링	TASK	PROMOTED_FROM_SOURCE	EXACT_EQUIVALENT	PROPOSED	MANUAL_REVIEW	OWNER_APPROVED_CONCEPT_MEMBERSHIP	PRESERVE_SOURCE_MEMBERSHIP	RISK-04-APPROVE-001	62c2c50e3c0becbe23a686735d1a7e50ed8bce2f3fa23c539d2250b68227c2d7	c8c4232bf924b52636c9dc33fb1891473d548e09ed15de35f33764fe18603f3c	9493ff9f5515eec26daf0204589d1fa3dbb8128f2b58f3590f49244ebb4ecef4
e9508a419843c5472656365a935db010a854bf0262141d08652cb205db00cce9	CIC_W	4882	유리공사코킹 실링	0ac3671d5b81933eaba8f963190b5724a2b0cd45f99f865b9bef0a5d482233a9	b10f615b-c9a0-40d8-a613-ee84a0fd90fa	유리공사코킹 실링	TASK	PROMOTED_FROM_SOURCE	EXACT_EQUIVALENT	PROPOSED	MANUAL_REVIEW	OWNER_APPROVED_CONCEPT_MEMBERSHIP	PRESERVE_SOURCE_MEMBERSHIP	RISK-04-APPROVE-001	62c2c50e3c0becbe23a686735d1a7e50ed8bce2f3fa23c539d2250b68227c2d7	c8c4232bf924b52636c9dc33fb1891473d548e09ed15de35f33764fe18603f3c	9493ff9f5515eec26daf0204589d1fa3dbb8128f2b58f3590f49244ebb4ecef4
f30ac873d7fa38f0f24a2a838e96aeb2e61acf6d13e9bcb8c74971365fb15be2	CIC_W	4883	석재공사코킹 실링	c13d0cc02d411f0999311bf8480ff358124e974df7afd797ba7db472303b3247	6fd08cd7-d483-4c25-b07e-0871a696ea25	석재공사코킹 실링	TASK	PROMOTED_FROM_SOURCE	EXACT_EQUIVALENT	PROPOSED	MANUAL_REVIEW	OWNER_APPROVED_CONCEPT_MEMBERSHIP	PRESERVE_SOURCE_MEMBERSHIP	RISK-04-APPROVE-001	62c2c50e3c0becbe23a686735d1a7e50ed8bce2f3fa23c539d2250b68227c2d7	c8c4232bf924b52636c9dc33fb1891473d548e09ed15de35f33764fe18603f3c	9493ff9f5515eec26daf0204589d1fa3dbb8128f2b58f3590f49244ebb4ecef4
74d09fa33027b8d266cd021917bd59b41cab65e2800f7820f44a67484afdffa4	CIC_W	4884	타일공사코킹 실링	85453cf907fe2e22dbdbfe307bf4714acc62385bc4ed66b77f6f405e59ba5157	8eba4b74-708c-4469-827c-861b09e3bc8b	타일공사코킹 실링	TASK	PROMOTED_FROM_SOURCE	EXACT_EQUIVALENT	PROPOSED	MANUAL_REVIEW	OWNER_APPROVED_CONCEPT_MEMBERSHIP	PRESERVE_SOURCE_MEMBERSHIP	RISK-04-APPROVE-001	62c2c50e3c0becbe23a686735d1a7e50ed8bce2f3fa23c539d2250b68227c2d7	c8c4232bf924b52636c9dc33fb1891473d548e09ed15de35f33764fe18603f3c	9493ff9f5515eec26daf0204589d1fa3dbb8128f2b58f3590f49244ebb4ecef4
82f81418e9aafdd1cc11727605ed4622b899d2c47e22f179847d82f4bdc7f241	CIC_W	4888	코킹부속공사	f2f38447710b0762f0fc5b3c9ad8e138173d9777a039b78e24a20430710b17ec	011c9b22-62b5-4e39-8e72-f60e147d2aff	코킹부속공사	PROCESS	PROMOTED_FROM_SOURCE	EXACT_EQUIVALENT	PROPOSED	MANUAL_REVIEW	OWNER_APPROVED_CONCEPT_MEMBERSHIP	PRESERVE_SOURCE_MEMBERSHIP	RISK-04-APPROVE-001	62c2c50e3c0becbe23a686735d1a7e50ed8bce2f3fa23c539d2250b68227c2d7	c8c4232bf924b52636c9dc33fb1891473d548e09ed15de35f33764fe18603f3c	9493ff9f5515eec26daf0204589d1fa3dbb8128f2b58f3590f49244ebb4ecef4
0e7ab3480395467b94bdf4f7d39e3420ba58ed1df5364ee5612940ca905c7969	CIC_W	51	미장공사	f8f8f8c0ded720ede952c131be6396329a82ad7f1995efa930cff437b5ed9ffa	51606bb5-d9c3-411f-8e33-3cb20fc8f923	미장공사	PROCESS	PROMOTED_FROM_SOURCE	EXACT_EQUIVALENT	PROPOSED	MANUAL_REVIEW	OWNER_APPROVED_CONCEPT_MEMBERSHIP	PRESERVE_SOURCE_MEMBERSHIP	RISK-04-APPROVE-001	62c2c50e3c0becbe23a686735d1a7e50ed8bce2f3fa23c539d2250b68227c2d7	c8c4232bf924b52636c9dc33fb1891473d548e09ed15de35f33764fe18603f3c	9493ff9f5515eec26daf0204589d1fa3dbb8128f2b58f3590f49244ebb4ecef4
7bbb29d871e405e6746f088906e4f5da5a5456993719e7174251b8a1cbde415b	CIC_W	511	시멘트모르터미장	923c4e57afb54a20be089f3f4fafbf31eb5c2c73c02f65fae6883a3a7748aa51	7f705268-8f4d-433e-aa04-2091d14ad7d8	시멘트모르터미장	PROCESS	PROMOTED_FROM_SOURCE	EXACT_EQUIVALENT	PROPOSED	MANUAL_REVIEW	OWNER_APPROVED_CONCEPT_MEMBERSHIP	PRESERVE_SOURCE_MEMBERSHIP	RISK-04-APPROVE-001	62c2c50e3c0becbe23a686735d1a7e50ed8bce2f3fa23c539d2250b68227c2d7	c8c4232bf924b52636c9dc33fb1891473d548e09ed15de35f33764fe18603f3c	9493ff9f5515eec26daf0204589d1fa3dbb8128f2b58f3590f49244ebb4ecef4
d4bf14ecc076d59afbb41e2a3692f740df639e91125516f4df4abd5c110873d9	CIC_W	512	합성수지혼화모르터미장	f1362bf88c3b9464dbc82d80cc2ce508a4947f8f778e2a5300706dacdbe724bc	f006b7f6-eacb-465a-9cf5-366b00a020cb	합성수지혼화모르터미장	PROCESS	PROMOTED_FROM_SOURCE	EXACT_EQUIVALENT	PROPOSED	MANUAL_REVIEW	OWNER_APPROVED_CONCEPT_MEMBERSHIP	PRESERVE_SOURCE_MEMBERSHIP	RISK-04-APPROVE-001	62c2c50e3c0becbe23a686735d1a7e50ed8bce2f3fa23c539d2250b68227c2d7	c8c4232bf924b52636c9dc33fb1891473d548e09ed15de35f33764fe18603f3c	9493ff9f5515eec26daf0204589d1fa3dbb8128f2b58f3590f49244ebb4ecef4
6df40b00a78aba5bfabf9911090379c4d0221b3a4fd6c3b9bd42066e64ed5baa	CIC_W	5131	회반죽미장	547f6c3944eefedd97dfa5c18e9128c819c354b470395ca0ff4d247283db372d	2ccfbd4e-dd01-4740-95cd-296808302bcc	회반죽미장	TASK	PROMOTED_FROM_SOURCE	EXACT_EQUIVALENT	PROPOSED	MANUAL_REVIEW	OWNER_APPROVED_CONCEPT_MEMBERSHIP	PRESERVE_IN_SOURCE_MAPPING_EVIDENCE	RISK-04-APPROVE-001	62c2c50e3c0becbe23a686735d1a7e50ed8bce2f3fa23c539d2250b68227c2d7	c8c4232bf924b52636c9dc33fb1891473d548e09ed15de35f33764fe18603f3c	9493ff9f5515eec26daf0204589d1fa3dbb8128f2b58f3590f49244ebb4ecef4
188cf522c50f5576e7ed1d11b2f8f7dc02afc1ec3f88909392964c561837edc5	CIC_W	5132	회사미장	f043ecd7b1058a7909717535be66af98f91a496c01eff626b3aa3bac07ff7e89	290b6155-d3f3-404c-bb91-902b712d9eff	회사미장	TASK	PROMOTED_FROM_SOURCE	EXACT_EQUIVALENT	PROPOSED	MANUAL_REVIEW	OWNER_APPROVED_CONCEPT_MEMBERSHIP	PRESERVE_IN_SOURCE_MAPPING_EVIDENCE	RISK-04-APPROVE-001	62c2c50e3c0becbe23a686735d1a7e50ed8bce2f3fa23c539d2250b68227c2d7	c8c4232bf924b52636c9dc33fb1891473d548e09ed15de35f33764fe18603f3c	9493ff9f5515eec26daf0204589d1fa3dbb8128f2b58f3590f49244ebb4ecef4
4e468fa044609e0b1b05d24d3229bee21b344b405b5614d523c7cb6c06d9a548	CIC_W	514	인조석(테라조)미장및물갈기	404308c2eb0c32923a21a1d5b36dcf091253d33b454c605616cc65cea7299620	073b0acc-4e0d-4ce6-9d93-d13feeeddd07	인조석(테라조)미장및물갈기	PROCESS	PROMOTED_FROM_SOURCE	EXACT_EQUIVALENT	PROPOSED	MANUAL_REVIEW	OWNER_APPROVED_CONCEPT_MEMBERSHIP	PRESERVE_SOURCE_MEMBERSHIP	RISK-04-APPROVE-001	62c2c50e3c0becbe23a686735d1a7e50ed8bce2f3fa23c539d2250b68227c2d7	c8c4232bf924b52636c9dc33fb1891473d548e09ed15de35f33764fe18603f3c	9493ff9f5515eec26daf0204589d1fa3dbb8128f2b58f3590f49244ebb4ecef4
72a80057c9844a3513ef35a227c5b9e59b68c67abea33a7850010761a3c6c70b	CIC_W	5141	바닥인조석바름및갈기	329a411f54834448eff5a7789b8d48ea3a4e4d3f1e42c56834beaa5cbf4b6569	a74f7959-f4e8-43f4-b033-580946cc7500	바닥인조석바름및갈기	TASK	PROMOTED_FROM_SOURCE	EXACT_EQUIVALENT	PROPOSED	MANUAL_REVIEW	OWNER_APPROVED_CONCEPT_MEMBERSHIP	PRESERVE_SOURCE_MEMBERSHIP	RISK-04-APPROVE-001	62c2c50e3c0becbe23a686735d1a7e50ed8bce2f3fa23c539d2250b68227c2d7	c8c4232bf924b52636c9dc33fb1891473d548e09ed15de35f33764fe18603f3c	9493ff9f5515eec26daf0204589d1fa3dbb8128f2b58f3590f49244ebb4ecef4
aa648dab6e55e4e727199926cdc12ee08489dc0664950c3daf9454dfb9d7b62a	CIC_W	5142	벽인조석바름및갈기	5a9c42008b3aae9c10919d79089820323ca66fb16a38e3353ede409e2ab82272	53046929-f19e-4338-8bf2-99fe515d0b1c	벽인조석바름및갈기	TASK	PROMOTED_FROM_SOURCE	EXACT_EQUIVALENT	PROPOSED	MANUAL_REVIEW	OWNER_APPROVED_CONCEPT_MEMBERSHIP	PRESERVE_SOURCE_MEMBERSHIP	RISK-04-APPROVE-001	62c2c50e3c0becbe23a686735d1a7e50ed8bce2f3fa23c539d2250b68227c2d7	c8c4232bf924b52636c9dc33fb1891473d548e09ed15de35f33764fe18603f3c	9493ff9f5515eec26daf0204589d1fa3dbb8128f2b58f3590f49244ebb4ecef4
354fdcc60c046e17e2f3414650ac72888377af707f9341f2e01d8e0ade63fbae	CIC_W	5144	계단인조석바름및갈기	5cb01356b7cc4b5e995dd54fa61bc627642412f198637ee5571a90cee8301ac4	b70048ca-31a4-485e-934c-dae29266d62a	계단인조석바름및갈기	TASK	PROMOTED_FROM_SOURCE	EXACT_EQUIVALENT	PROPOSED	MANUAL_REVIEW	OWNER_APPROVED_CONCEPT_MEMBERSHIP	PRESERVE_SOURCE_MEMBERSHIP	RISK-04-APPROVE-001	62c2c50e3c0becbe23a686735d1a7e50ed8bce2f3fa23c539d2250b68227c2d7	c8c4232bf924b52636c9dc33fb1891473d548e09ed15de35f33764fe18603f3c	9493ff9f5515eec26daf0204589d1fa3dbb8128f2b58f3590f49244ebb4ecef4
da8b330c418090d1f0bc253add354c8ab9a043c226468563a25d2f06fa015e4e	CIC_W	5146	걸레받이인조석바름및갈기	1e052dc642aaa3449d55a631a731e28fdc6cb96cc1b319e6e9ce11adff8d0414	f05c8db7-9606-411c-8abe-3128233e1dc0	걸레받이인조석바름및갈기	TASK	PROMOTED_FROM_SOURCE	EXACT_EQUIVALENT	PROPOSED	MANUAL_REVIEW	OWNER_APPROVED_CONCEPT_MEMBERSHIP	PRESERVE_SOURCE_MEMBERSHIP	RISK-04-APPROVE-001	62c2c50e3c0becbe23a686735d1a7e50ed8bce2f3fa23c539d2250b68227c2d7	c8c4232bf924b52636c9dc33fb1891473d548e09ed15de35f33764fe18603f3c	9493ff9f5515eec26daf0204589d1fa3dbb8128f2b58f3590f49244ebb4ecef4
c40f516ed27b3f6c91b693a8981ea9f82d68106d7292300bfc615c9611f75624	CIC_W	515	온돌바닥공사	b4d47e4841d6736e3d4386a14615655881dfa4c028e4b52e49985bf399bcd562	bb494f3d-604c-4aa5-a93f-7e34af3e27ab	온돌바닥공사	PROCESS	PROMOTED_FROM_SOURCE	EXACT_EQUIVALENT	PROPOSED	MANUAL_REVIEW	OWNER_APPROVED_CONCEPT_MEMBERSHIP	PRESERVE_SOURCE_MEMBERSHIP	RISK-04-APPROVE-001	62c2c50e3c0becbe23a686735d1a7e50ed8bce2f3fa23c539d2250b68227c2d7	c8c4232bf924b52636c9dc33fb1891473d548e09ed15de35f33764fe18603f3c	9493ff9f5515eec26daf0204589d1fa3dbb8128f2b58f3590f49244ebb4ecef4
9d0ad561fb2a10f30c0101a790b5831818ce0baee985067a4da178554ab63d7e	CIC_W	5154	미장보강	6ac1b5aee93b07090893d728d406d422531715676b11cfee0aa095275b6db95a	f24192ea-a772-4f8e-9ca2-e7e0450ce26b	미장보강	TASK	PROMOTED_FROM_SOURCE	EXACT_EQUIVALENT	PROPOSED	MANUAL_REVIEW	OWNER_APPROVED_CONCEPT_MEMBERSHIP	PRESERVE_SOURCE_MEMBERSHIP	RISK-04-APPROVE-001	62c2c50e3c0becbe23a686735d1a7e50ed8bce2f3fa23c539d2250b68227c2d7	c8c4232bf924b52636c9dc33fb1891473d548e09ed15de35f33764fe18603f3c	9493ff9f5515eec26daf0204589d1fa3dbb8128f2b58f3590f49244ebb4ecef4
d62ea672c2a19e3f665cf0075ad89a0c98b12552d073fe171fece81e84c98998	CIC_W	5155	온돌바닥미장	a810f9c5ca4a703635f38636b58f8106f68d871b6499752dde69b8aeb934afef	f8d0c9aa-87a7-4efe-bdf4-f6bc4b2d2962	온돌바닥미장	TASK	PROMOTED_FROM_SOURCE	EXACT_EQUIVALENT	PROPOSED	MANUAL_REVIEW	OWNER_APPROVED_CONCEPT_MEMBERSHIP	PRESERVE_SOURCE_MEMBERSHIP	RISK-04-APPROVE-001	62c2c50e3c0becbe23a686735d1a7e50ed8bce2f3fa23c539d2250b68227c2d7	c8c4232bf924b52636c9dc33fb1891473d548e09ed15de35f33764fe18603f3c	9493ff9f5515eec26daf0204589d1fa3dbb8128f2b58f3590f49244ebb4ecef4
519218f724862d0a964d8d02d5f1d7c87c02b1340fb7a6a91f77758f48f1b295	CIC_W	516	특수미장	8dfd87d947fee2f86f04bc53ddb263279df8a89a0e195f57a25386dac1d785d8	daab7a35-f93b-48b3-b605-f99fb38fb1a0	특수미장	PROCESS	PROMOTED_FROM_SOURCE	EXACT_EQUIVALENT	PROPOSED	MANUAL_REVIEW	OWNER_APPROVED_CONCEPT_MEMBERSHIP	PRESERVE_SOURCE_MEMBERSHIP	RISK-04-APPROVE-001	62c2c50e3c0becbe23a686735d1a7e50ed8bce2f3fa23c539d2250b68227c2d7	c8c4232bf924b52636c9dc33fb1891473d548e09ed15de35f33764fe18603f3c	9493ff9f5515eec26daf0204589d1fa3dbb8128f2b58f3590f49244ebb4ecef4
652d6e69e074b0a5a79749d53e47272bcea27d7ae354bcdf0a3d51428b24c06e	CIC_W	5161	흙벽미장	dcd84ee361efa606f24edcace57d5217b009a11cbb4d98dacdf7b55626fc8b6f	14e7149c-7e23-4b8a-968b-4a7c5dade5c0	흙벽미장	TASK	PROMOTED_FROM_SOURCE	EXACT_EQUIVALENT	PROPOSED	MANUAL_REVIEW	OWNER_APPROVED_CONCEPT_MEMBERSHIP	PRESERVE_SOURCE_MEMBERSHIP	RISK-04-APPROVE-001	62c2c50e3c0becbe23a686735d1a7e50ed8bce2f3fa23c539d2250b68227c2d7	c8c4232bf924b52636c9dc33fb1891473d548e09ed15de35f33764fe18603f3c	9493ff9f5515eec26daf0204589d1fa3dbb8128f2b58f3590f49244ebb4ecef4
9e5068a584a0da3298241418f79ababe3fc5a8cadce01285e524072d72180331	CIC_W	5162	골재나타내기미장	84f0acb926c984609156a37de0852c11573e6b592154e84bf25428d87eaaaed7	d2831aea-2641-48ef-9495-8f134101b54d	골재나타내기미장	TASK	PROMOTED_FROM_SOURCE	EXACT_EQUIVALENT	PROPOSED	MANUAL_REVIEW	OWNER_APPROVED_CONCEPT_MEMBERSHIP	PRESERVE_SOURCE_MEMBERSHIP	RISK-04-APPROVE-001	62c2c50e3c0becbe23a686735d1a7e50ed8bce2f3fa23c539d2250b68227c2d7	c8c4232bf924b52636c9dc33fb1891473d548e09ed15de35f33764fe18603f3c	9493ff9f5515eec26daf0204589d1fa3dbb8128f2b58f3590f49244ebb4ecef4
cf6420357c7d1ec51b2bacf57a76a0cb48fb5737e30a07c8b577a4241a325b68	CIC_W	5163	그래뉼뿜칠미장	896f57e499353fbc20b01363154def59a90ac943d271795aa08ae02cbb795673	b574f55c-e86a-49b1-bdd9-bee87b5c6dc3	그래뉼뿜칠미장	TASK	PROMOTED_FROM_SOURCE	EXACT_EQUIVALENT	PROPOSED	MANUAL_REVIEW	OWNER_APPROVED_CONCEPT_MEMBERSHIP	PRESERVE_SOURCE_MEMBERSHIP	RISK-04-APPROVE-001	62c2c50e3c0becbe23a686735d1a7e50ed8bce2f3fa23c539d2250b68227c2d7	c8c4232bf924b52636c9dc33fb1891473d548e09ed15de35f33764fe18603f3c	9493ff9f5515eec26daf0204589d1fa3dbb8128f2b58f3590f49244ebb4ecef4
841e4caeb39931e4c17ae042fe91d558332bb197b4b846db6e6644909d0ec183	CIC_W	5164	시멘트페이스트바름	72a5aaa482068ddd092e5e0c929fb21af871ef72a08bb278a163c890557357b0	41ced568-9e4d-43d7-afad-ed3700539c04	시멘트페이스트바름	TASK	PROMOTED_FROM_SOURCE	EXACT_EQUIVALENT	PROPOSED	MANUAL_REVIEW	OWNER_APPROVED_CONCEPT_MEMBERSHIP	PRESERVE_SOURCE_MEMBERSHIP	RISK-04-APPROVE-001	62c2c50e3c0becbe23a686735d1a7e50ed8bce2f3fa23c539d2250b68227c2d7	c8c4232bf924b52636c9dc33fb1891473d548e09ed15de35f33764fe18603f3c	9493ff9f5515eec26daf0204589d1fa3dbb8128f2b58f3590f49244ebb4ecef4
60489f3eaf8b48db6879ad9077a3b7b6a1c8d3616472e685d5ad3dea251fbfac	CIC_W	5165	하드너바르기	b3668b1c2e71972ff5904c6ff2df777763725bad4e7c73a2cae00505d4eebcd1	89461b83-12be-4c91-8064-ce5e4ff8bfec	하드너바르기	TASK	PROMOTED_FROM_SOURCE	EXACT_EQUIVALENT	PROPOSED	MANUAL_REVIEW	OWNER_APPROVED_CONCEPT_MEMBERSHIP	PRESERVE_SOURCE_MEMBERSHIP	RISK-04-APPROVE-001	62c2c50e3c0becbe23a686735d1a7e50ed8bce2f3fa23c539d2250b68227c2d7	c8c4232bf924b52636c9dc33fb1891473d548e09ed15de35f33764fe18603f3c	9493ff9f5515eec26daf0204589d1fa3dbb8128f2b58f3590f49244ebb4ecef4
266b8830ff13235e78cc7695688e9b461025f864f1dffdb2173cd03a6e8eafc6	CIC_W	518	미장부속공사	284c5f417d61f4d0f2079adaf11077b2db1dfec5af1fc7ca206d6d46748e0037	1d0bd5eb-b7c8-4bed-9ada-c52ccf609496	미장부속공사	PROCESS	PROMOTED_FROM_SOURCE	EXACT_EQUIVALENT	PROPOSED	MANUAL_REVIEW	OWNER_APPROVED_CONCEPT_MEMBERSHIP	PRESERVE_SOURCE_MEMBERSHIP	RISK-04-APPROVE-001	62c2c50e3c0becbe23a686735d1a7e50ed8bce2f3fa23c539d2250b68227c2d7	c8c4232bf924b52636c9dc33fb1891473d548e09ed15de35f33764fe18603f3c	9493ff9f5515eec26daf0204589d1fa3dbb8128f2b58f3590f49244ebb4ecef4
e2ffa8c6f983c1a17bc760d35998de507e97896060f41bf3a31f4e7a77e7c21b	CIC_W	5181	미장면마감	be6f82734a12016fbc9036ceb7e6bd097ba4d4ba4cd8fcaa8732129277b229f3	95e54761-e5e5-4dd3-a063-228eb1038654	미장면마감	TASK	PROMOTED_FROM_SOURCE	EXACT_EQUIVALENT	PROPOSED	MANUAL_REVIEW	OWNER_APPROVED_CONCEPT_MEMBERSHIP	PRESERVE_SOURCE_MEMBERSHIP	RISK-04-APPROVE-001	62c2c50e3c0becbe23a686735d1a7e50ed8bce2f3fa23c539d2250b68227c2d7	c8c4232bf924b52636c9dc33fb1891473d548e09ed15de35f33764fe18603f3c	9493ff9f5515eec26daf0204589d1fa3dbb8128f2b58f3590f49244ebb4ecef4
0cbe800ac25559141d8dc08c921bb4ca9e0735ddf8480190ad0b6305b666b1d1	CIC_W	5182	미장준비공사	cfa0e6b529a757c6df4dc19d9b04d8c97b2d3df168b47da9297db01a960d332b	695a2d4d-8ce2-4516-bd0b-0656bfd5a0b4	미장준비공사	PROCESS	PROMOTED_FROM_SOURCE	EXACT_EQUIVALENT	PROPOSED	MANUAL_REVIEW	OWNER_APPROVED_CONCEPT_MEMBERSHIP	PRESERVE_SOURCE_MEMBERSHIP	RISK-04-APPROVE-001	62c2c50e3c0becbe23a686735d1a7e50ed8bce2f3fa23c539d2250b68227c2d7	c8c4232bf924b52636c9dc33fb1891473d548e09ed15de35f33764fe18603f3c	9493ff9f5515eec26daf0204589d1fa3dbb8128f2b58f3590f49244ebb4ecef4
2e6b678647b202d858c2599bcaf6f9a031f3d62481d576ea8d39d7230faf405e	CIC_W	5183	미장바탕충전	5d84f1a7e196d9b53e4828c1a80f06fe26898c6afdb8d910604fd1bd146ddfcf	e57ed06d-b7fa-4db6-a061-4a244fa0c59e	미장바탕충전	TASK	PROMOTED_FROM_SOURCE	EXACT_EQUIVALENT	PROPOSED	MANUAL_REVIEW	OWNER_APPROVED_CONCEPT_MEMBERSHIP	PRESERVE_SOURCE_MEMBERSHIP	RISK-04-APPROVE-001	62c2c50e3c0becbe23a686735d1a7e50ed8bce2f3fa23c539d2250b68227c2d7	c8c4232bf924b52636c9dc33fb1891473d548e09ed15de35f33764fe18603f3c	9493ff9f5515eec26daf0204589d1fa3dbb8128f2b58f3590f49244ebb4ecef4
9d03a8bfc7681ed6cc4dc441b03ca1bc278704907ac5610e41c1441fd68cae30	CIC_W	52	석재판재공사	f9cf17b2b2f5c6b7d8fe1ffb539484309590b0c9d771213a593bf60e8c1b046d	1b96d7bd-0fa0-4ae4-8c4e-9c24b0b90b24	석재판재공사	PROCESS	PROMOTED_FROM_SOURCE	EXACT_EQUIVALENT	PROPOSED	MANUAL_REVIEW	OWNER_APPROVED_CONCEPT_MEMBERSHIP	PRESERVE_SOURCE_MEMBERSHIP	RISK-04-APPROVE-001	62c2c50e3c0becbe23a686735d1a7e50ed8bce2f3fa23c539d2250b68227c2d7	c8c4232bf924b52636c9dc33fb1891473d548e09ed15de35f33764fe18603f3c	9493ff9f5515eec26daf0204589d1fa3dbb8128f2b58f3590f49244ebb4ecef4
2313c87746aca9f35fe79cf7ee6e38f43366dddf14222c1f1057f45a46be197d	CIC_W	521	석재바닥깔기	adacfa272eb4a6a674af7667b520a6085d7d0d0455f5ea6f5b4444af491f8024	c3f2f7b9-18b4-4702-8b8d-7548f906d437	석재바닥깔기	PROCESS	PROMOTED_FROM_SOURCE	EXACT_EQUIVALENT	PROPOSED	MANUAL_REVIEW	OWNER_APPROVED_CONCEPT_MEMBERSHIP	PRESERVE_SOURCE_MEMBERSHIP	RISK-04-APPROVE-001	62c2c50e3c0becbe23a686735d1a7e50ed8bce2f3fa23c539d2250b68227c2d7	c8c4232bf924b52636c9dc33fb1891473d548e09ed15de35f33764fe18603f3c	9493ff9f5515eec26daf0204589d1fa3dbb8128f2b58f3590f49244ebb4ecef4
a394b3b189fe6428b17eb48dcadaf5913e73a1273937fa558f78f8e1b872f410	CIC_W	5211	화강석깔기	013a2ebaac75458ca2a2c64f2c3e77314ce9cd35fed9dcdd9035761329b9482a	1aaa3502-f902-4ce0-84c2-06ee4ac6abdf	화강석깔기	TASK	PROMOTED_FROM_SOURCE	EXACT_EQUIVALENT	PROPOSED	MANUAL_REVIEW	OWNER_APPROVED_CONCEPT_MEMBERSHIP	PRESERVE_SOURCE_MEMBERSHIP	RISK-04-APPROVE-001	62c2c50e3c0becbe23a686735d1a7e50ed8bce2f3fa23c539d2250b68227c2d7	c8c4232bf924b52636c9dc33fb1891473d548e09ed15de35f33764fe18603f3c	9493ff9f5515eec26daf0204589d1fa3dbb8128f2b58f3590f49244ebb4ecef4
c5db26a3a56f3507aa8163905e26127a652264b4c1c16c374e02b7eb326e781e	CIC_W	5212	대리석깔기	6c57ddb5410f7149ecb79747b399338841988c6e43c676b4ff63a93526e40885	92b711a9-290f-4adb-9e7e-a5e3dcb2e4be	대리석깔기	TASK	PROMOTED_FROM_SOURCE	EXACT_EQUIVALENT	PROPOSED	MANUAL_REVIEW	OWNER_APPROVED_CONCEPT_MEMBERSHIP	PRESERVE_SOURCE_MEMBERSHIP	RISK-04-APPROVE-001	62c2c50e3c0becbe23a686735d1a7e50ed8bce2f3fa23c539d2250b68227c2d7	c8c4232bf924b52636c9dc33fb1891473d548e09ed15de35f33764fe18603f3c	9493ff9f5515eec26daf0204589d1fa3dbb8128f2b58f3590f49244ebb4ecef4
504b377a701990cd00d647d79b9dea466f8514e2b0b83b56b1e83f0eef4d59d4	CIC_W	5213	사암깔기	364efa64fa31b8856e512ea6f0165b648c2c00a668737fa5431c94a9cd92ff93	0c83ab61-726a-406d-851b-664b425a655c	사암깔기	TASK	PROMOTED_FROM_SOURCE	EXACT_EQUIVALENT	PROPOSED	MANUAL_REVIEW	OWNER_APPROVED_CONCEPT_MEMBERSHIP	PRESERVE_SOURCE_MEMBERSHIP	RISK-04-APPROVE-001	62c2c50e3c0becbe23a686735d1a7e50ed8bce2f3fa23c539d2250b68227c2d7	c8c4232bf924b52636c9dc33fb1891473d548e09ed15de35f33764fe18603f3c	9493ff9f5515eec26daf0204589d1fa3dbb8128f2b58f3590f49244ebb4ecef4
03424c81015ec2204c9bcd06adfaf2abec7e3a5bf0851b4759a2dcfaa1ea637e	CIC_W	5214	천연슬레이트(점판암)깔기	15e6d2ffc98aab416f995846ecc1a08fa4221758ca8af208c01f482f4cb591b3	4aa9997a-8bee-445c-b3ac-60e38c477d7b	천연슬레이트(점판암)깔기	TASK	PROMOTED_FROM_SOURCE	EXACT_EQUIVALENT	PROPOSED	MANUAL_REVIEW	OWNER_APPROVED_CONCEPT_MEMBERSHIP	PRESERVE_SOURCE_MEMBERSHIP	RISK-04-APPROVE-001	62c2c50e3c0becbe23a686735d1a7e50ed8bce2f3fa23c539d2250b68227c2d7	c8c4232bf924b52636c9dc33fb1891473d548e09ed15de35f33764fe18603f3c	9493ff9f5515eec26daf0204589d1fa3dbb8128f2b58f3590f49244ebb4ecef4
d97bb251ecb38479afeae63b63063b17b848781adc1d25b6d2d134d35cee77cf	CIC_W	5215	인조석깔기	ba096cccebaafd5d70f4cd708357837be19dabe4efc716cd0d8344b92bc4b207	f96c09f4-cb72-47a2-9449-c0388a8a7ca6	인조석깔기	TASK	PROMOTED_FROM_SOURCE	EXACT_EQUIVALENT	PROPOSED	MANUAL_REVIEW	OWNER_APPROVED_CONCEPT_MEMBERSHIP	PRESERVE_SOURCE_MEMBERSHIP	RISK-04-APPROVE-001	62c2c50e3c0becbe23a686735d1a7e50ed8bce2f3fa23c539d2250b68227c2d7	c8c4232bf924b52636c9dc33fb1891473d548e09ed15de35f33764fe18603f3c	9493ff9f5515eec26daf0204589d1fa3dbb8128f2b58f3590f49244ebb4ecef4
4f08f15d79db5d22ee98bf1f424491281761b735a06ab310f98498b9f267aa1b	CIC_W	5216	테라조타일깔기	fa8aa5b36857c1199761987bc82ca71f3fc4795b5ac041114bcf54f64c9d6874	a2cbb9aa-6cc2-4343-aede-4173a75eb016	테라조타일깔기	TASK	PROMOTED_FROM_SOURCE	EXACT_EQUIVALENT	PROPOSED	MANUAL_REVIEW	OWNER_APPROVED_CONCEPT_MEMBERSHIP	PRESERVE_SOURCE_MEMBERSHIP	RISK-04-APPROVE-001	62c2c50e3c0becbe23a686735d1a7e50ed8bce2f3fa23c539d2250b68227c2d7	c8c4232bf924b52636c9dc33fb1891473d548e09ed15de35f33764fe18603f3c	9493ff9f5515eec26daf0204589d1fa3dbb8128f2b58f3590f49244ebb4ecef4
d5f645839f1eeb3ff937b37bffea7969955ea2b949826afd51260d1a7aec29ae	CIC_W	522	석재내벽붙이기	1cf07cdcbd1df01844dc417dfc25899e9f8855c743ffeaa8b82fd28792f90073	b6103826-0560-4525-9cc9-2b7bf8f0d63b	석재내벽붙이기	PROCESS	PROMOTED_FROM_SOURCE	EXACT_EQUIVALENT	PROPOSED	MANUAL_REVIEW	OWNER_APPROVED_CONCEPT_MEMBERSHIP	PRESERVE_SOURCE_MEMBERSHIP	RISK-04-APPROVE-001	62c2c50e3c0becbe23a686735d1a7e50ed8bce2f3fa23c539d2250b68227c2d7	c8c4232bf924b52636c9dc33fb1891473d548e09ed15de35f33764fe18603f3c	9493ff9f5515eec26daf0204589d1fa3dbb8128f2b58f3590f49244ebb4ecef4
3fcb3b448776c96cee7554f39be12858d15025f68520930f145b0b46253a1c66	CIC_W	5221	화강석내벽붙이기	4be382a3518741bfb5e0d653502fbd40cfec07c325cf0e31be43220937570511	1acb551b-8d32-42ca-bd83-49c3cc358450	화강석내벽붙이기	TASK	PROMOTED_FROM_SOURCE	EXACT_EQUIVALENT	PROPOSED	MANUAL_REVIEW	OWNER_APPROVED_CONCEPT_MEMBERSHIP	PRESERVE_SOURCE_MEMBERSHIP	RISK-04-APPROVE-001	62c2c50e3c0becbe23a686735d1a7e50ed8bce2f3fa23c539d2250b68227c2d7	c8c4232bf924b52636c9dc33fb1891473d548e09ed15de35f33764fe18603f3c	9493ff9f5515eec26daf0204589d1fa3dbb8128f2b58f3590f49244ebb4ecef4
332c650ca29a97565b5b571d960636995763767f15f4f23963e70780c485770c	CIC_W	5222	대리석내벽붙이기	7d7e1656f0fa19609db15574073725418f609bee46b5c86f4902f1e11b7cb561	45cde2e5-92ce-4370-b53a-8fe6dd293aef	대리석내벽붙이기	TASK	PROMOTED_FROM_SOURCE	EXACT_EQUIVALENT	PROPOSED	MANUAL_REVIEW	OWNER_APPROVED_CONCEPT_MEMBERSHIP	PRESERVE_SOURCE_MEMBERSHIP	RISK-04-APPROVE-001	62c2c50e3c0becbe23a686735d1a7e50ed8bce2f3fa23c539d2250b68227c2d7	c8c4232bf924b52636c9dc33fb1891473d548e09ed15de35f33764fe18603f3c	9493ff9f5515eec26daf0204589d1fa3dbb8128f2b58f3590f49244ebb4ecef4
c1437bdb0683a98628f7e9a161fea24898c43908314c7ba19fe1019430461e15	CIC_W	5223	사암내벽붙이기	589154813ce483c03442a5e19a996671889c887bbf9d024e13b774e26be49232	f9c0f5da-b106-46a9-b4c1-152f5dc6e336	사암내벽붙이기	TASK	PROMOTED_FROM_SOURCE	EXACT_EQUIVALENT	PROPOSED	MANUAL_REVIEW	OWNER_APPROVED_CONCEPT_MEMBERSHIP	PRESERVE_SOURCE_MEMBERSHIP	RISK-04-APPROVE-001	62c2c50e3c0becbe23a686735d1a7e50ed8bce2f3fa23c539d2250b68227c2d7	c8c4232bf924b52636c9dc33fb1891473d548e09ed15de35f33764fe18603f3c	9493ff9f5515eec26daf0204589d1fa3dbb8128f2b58f3590f49244ebb4ecef4
e40b70742d4eb1a1da36fbb76b450fad3c5de028558a64ab11f1d79d8ac26568	CIC_W	5224	천연슬래이트(점판암)내벽붙이기	47ff6e395a92b38a06b4590e3f00fb0b0b261c5c6de4b081d24ada215edc68c1	a19891a0-5fff-43ea-a12f-fa0fb311068a	천연슬래이트(점판암)내벽붙이기	TASK	PROMOTED_FROM_SOURCE	EXACT_EQUIVALENT	PROPOSED	MANUAL_REVIEW	OWNER_APPROVED_CONCEPT_MEMBERSHIP	PRESERVE_SOURCE_MEMBERSHIP	RISK-04-APPROVE-001	62c2c50e3c0becbe23a686735d1a7e50ed8bce2f3fa23c539d2250b68227c2d7	c8c4232bf924b52636c9dc33fb1891473d548e09ed15de35f33764fe18603f3c	9493ff9f5515eec26daf0204589d1fa3dbb8128f2b58f3590f49244ebb4ecef4
7b1e6c2e8a904b98cd05cc4bf757e5b2c5dbdd69fc793df5245871a9de2ce16a	CIC_W	5225	인조석내벽붙이기	9313b98bb061bd575ccc953f3deec6b4af4ed4f71021933f1c8872149c468d1c	e4fb0a26-ec3f-4840-9b1e-dca5dc6949ab	인조석내벽붙이기	TASK	PROMOTED_FROM_SOURCE	EXACT_EQUIVALENT	PROPOSED	MANUAL_REVIEW	OWNER_APPROVED_CONCEPT_MEMBERSHIP	PRESERVE_SOURCE_MEMBERSHIP	RISK-04-APPROVE-001	62c2c50e3c0becbe23a686735d1a7e50ed8bce2f3fa23c539d2250b68227c2d7	c8c4232bf924b52636c9dc33fb1891473d548e09ed15de35f33764fe18603f3c	9493ff9f5515eec26daf0204589d1fa3dbb8128f2b58f3590f49244ebb4ecef4
f2c4e0384f2a3eb16e50a9b93c135b4541e4dc7bac3e01d25fd01dc38985e818	CIC_W	5226	테라조내벽붙이기	064a1341a099e8c6d1a821f002b150e5fd8f04086b60cbc1c716a779473b7a57	0349f8ca-ee1b-4942-9410-3e2d36938276	테라조내벽붙이기	TASK	PROMOTED_FROM_SOURCE	EXACT_EQUIVALENT	PROPOSED	MANUAL_REVIEW	OWNER_APPROVED_CONCEPT_MEMBERSHIP	PRESERVE_SOURCE_MEMBERSHIP	RISK-04-APPROVE-001	62c2c50e3c0becbe23a686735d1a7e50ed8bce2f3fa23c539d2250b68227c2d7	c8c4232bf924b52636c9dc33fb1891473d548e09ed15de35f33764fe18603f3c	9493ff9f5515eec26daf0204589d1fa3dbb8128f2b58f3590f49244ebb4ecef4
133879f98f7645f8d20e8933401bb88d61a4c43caa572dfd2c7efb2875c364da	CIC_W	523	석재외벽붙이기	3a9366d8c831cc54679c134646f37f6df12ae2f4199e045fd2adcb2049fa700c	713e9be2-fff5-4455-a40f-e0157e998d2e	석재외벽붙이기	PROCESS	PROMOTED_FROM_SOURCE	EXACT_EQUIVALENT	PROPOSED	MANUAL_REVIEW	OWNER_APPROVED_CONCEPT_MEMBERSHIP	PRESERVE_SOURCE_MEMBERSHIP	RISK-04-APPROVE-001	62c2c50e3c0becbe23a686735d1a7e50ed8bce2f3fa23c539d2250b68227c2d7	c8c4232bf924b52636c9dc33fb1891473d548e09ed15de35f33764fe18603f3c	9493ff9f5515eec26daf0204589d1fa3dbb8128f2b58f3590f49244ebb4ecef4
558c8b2c96f115028a509c2b4d52c1cd81453ac29a7881d29c633df8aaab300f	CIC_W	5231	화강석외벽붙이기	10bac51d65bef5b5d7975d67f64a755cf3848d46c7e9d78fcc808268edf07d49	2a653256-c8f0-4931-8c24-2ba170e22112	화강석외벽붙이기	TASK	PROMOTED_FROM_SOURCE	EXACT_EQUIVALENT	PROPOSED	MANUAL_REVIEW	OWNER_APPROVED_CONCEPT_MEMBERSHIP	PRESERVE_SOURCE_MEMBERSHIP	RISK-04-APPROVE-001	62c2c50e3c0becbe23a686735d1a7e50ed8bce2f3fa23c539d2250b68227c2d7	c8c4232bf924b52636c9dc33fb1891473d548e09ed15de35f33764fe18603f3c	9493ff9f5515eec26daf0204589d1fa3dbb8128f2b58f3590f49244ebb4ecef4
7e3ee7f87a2ebe8ad0d44e887280dc42d2d087408e807b7ae56b6c850424c158	CIC_W	5232	대리석외벽붙이기	6c90b62ab91276670c29082fdb14b406cd2b8a5f4a465d6403564d079accf3f9	4c6f4bb3-91cd-4c13-95e6-27accadacde1	대리석외벽붙이기	TASK	PROMOTED_FROM_SOURCE	EXACT_EQUIVALENT	PROPOSED	MANUAL_REVIEW	OWNER_APPROVED_CONCEPT_MEMBERSHIP	PRESERVE_SOURCE_MEMBERSHIP	RISK-04-APPROVE-001	62c2c50e3c0becbe23a686735d1a7e50ed8bce2f3fa23c539d2250b68227c2d7	c8c4232bf924b52636c9dc33fb1891473d548e09ed15de35f33764fe18603f3c	9493ff9f5515eec26daf0204589d1fa3dbb8128f2b58f3590f49244ebb4ecef4
9c3ca58959c69448e84a5ae6c96091d49821e07aca54a76daf3f86d50fbd5d55	CIC_W	5233	사암외벽붙이기	d73e5d8d5eb6e787fa9e993321900028efee6eec9e14ce25b1003c0a37c06937	5ca783eb-e655-494d-89ba-57d722b39e6c	사암외벽붙이기	TASK	PROMOTED_FROM_SOURCE	EXACT_EQUIVALENT	PROPOSED	MANUAL_REVIEW	OWNER_APPROVED_CONCEPT_MEMBERSHIP	PRESERVE_SOURCE_MEMBERSHIP	RISK-04-APPROVE-001	62c2c50e3c0becbe23a686735d1a7e50ed8bce2f3fa23c539d2250b68227c2d7	c8c4232bf924b52636c9dc33fb1891473d548e09ed15de35f33764fe18603f3c	9493ff9f5515eec26daf0204589d1fa3dbb8128f2b58f3590f49244ebb4ecef4
c09ba270cc98ac417ff01518c4a584cadb9535cfa9919a78ce3e5e6b1f040e08	CIC_W	5234	천연슬래이트외벽붙이기	58d3db150107ed943f52b50d81c50ad37c297d7a92ae610fac1ab170931bec01	888e27ad-7ef2-4b13-acdc-b8bb4f9e1ac4	천연슬래이트외벽붙이기	TASK	PROMOTED_FROM_SOURCE	EXACT_EQUIVALENT	PROPOSED	MANUAL_REVIEW	OWNER_APPROVED_CONCEPT_MEMBERSHIP	PRESERVE_SOURCE_MEMBERSHIP	RISK-04-APPROVE-001	62c2c50e3c0becbe23a686735d1a7e50ed8bce2f3fa23c539d2250b68227c2d7	c8c4232bf924b52636c9dc33fb1891473d548e09ed15de35f33764fe18603f3c	9493ff9f5515eec26daf0204589d1fa3dbb8128f2b58f3590f49244ebb4ecef4
538c476df912dd712abd9be8906ac3632cb16382e4dd18724bcfce65474459f0	CIC_W	5235	인조석외벽붙이기	40543959ddbc9b5f8c5819abf0fcc81996546bc49266ceabfd18038c72204c7a	aaf22fc1-87ab-49a4-b30c-14d76581e4ef	인조석외벽붙이기	TASK	PROMOTED_FROM_SOURCE	EXACT_EQUIVALENT	PROPOSED	MANUAL_REVIEW	OWNER_APPROVED_CONCEPT_MEMBERSHIP	PRESERVE_SOURCE_MEMBERSHIP	RISK-04-APPROVE-001	62c2c50e3c0becbe23a686735d1a7e50ed8bce2f3fa23c539d2250b68227c2d7	c8c4232bf924b52636c9dc33fb1891473d548e09ed15de35f33764fe18603f3c	9493ff9f5515eec26daf0204589d1fa3dbb8128f2b58f3590f49244ebb4ecef4
191506e1e5cd0fd83c87ea4c56ba5ecaa38a8a3b820edf1ab80d2dd1c0ad40bf	CIC_W	5236	테라조외벽붙이기	61c365adfe2a16c62a52e5de686aeaaabf453b4350a07cd0e1bb723a7f423d59	9f47a92d-bea6-4496-af4e-0e4b69f14583	테라조외벽붙이기	TASK	PROMOTED_FROM_SOURCE	EXACT_EQUIVALENT	PROPOSED	MANUAL_REVIEW	OWNER_APPROVED_CONCEPT_MEMBERSHIP	PRESERVE_SOURCE_MEMBERSHIP	RISK-04-APPROVE-001	62c2c50e3c0becbe23a686735d1a7e50ed8bce2f3fa23c539d2250b68227c2d7	c8c4232bf924b52636c9dc33fb1891473d548e09ed15de35f33764fe18603f3c	9493ff9f5515eec26daf0204589d1fa3dbb8128f2b58f3590f49244ebb4ecef4
f5e1efac861b9e691ab2a39cf4c4295728d6e213e508ade170b3a4be09576692	CIC_W	524	석재구조물밑면붙이기	d5c23a14c706351d68257016184208bec83a12432c027c0b54da81f6eb73c85e	80558c18-8f48-44cc-bc82-270cb0571b63	석재구조물밑면붙이기	PROCESS	PROMOTED_FROM_SOURCE	EXACT_EQUIVALENT	PROPOSED	MANUAL_REVIEW	OWNER_APPROVED_CONCEPT_MEMBERSHIP	PRESERVE_SOURCE_MEMBERSHIP	RISK-04-APPROVE-001	62c2c50e3c0becbe23a686735d1a7e50ed8bce2f3fa23c539d2250b68227c2d7	c8c4232bf924b52636c9dc33fb1891473d548e09ed15de35f33764fe18603f3c	9493ff9f5515eec26daf0204589d1fa3dbb8128f2b58f3590f49244ebb4ecef4
0ad1edd62c81bb907a86a1d1a0228df9761ed390deee88e87f324943691dbd5a	CIC_W	5241	화강석구조물밑면붙이기	ae1444cf07abd98aae0a643b0da9db9343c941ba29d6278ff4dc4ff225ed6a79	44895320-971a-4ad2-9d06-15e97c082d4f	화강석구조물밑면붙이기	TASK	PROMOTED_FROM_SOURCE	EXACT_EQUIVALENT	PROPOSED	MANUAL_REVIEW	OWNER_APPROVED_CONCEPT_MEMBERSHIP	PRESERVE_SOURCE_MEMBERSHIP	RISK-04-APPROVE-001	62c2c50e3c0becbe23a686735d1a7e50ed8bce2f3fa23c539d2250b68227c2d7	c8c4232bf924b52636c9dc33fb1891473d548e09ed15de35f33764fe18603f3c	9493ff9f5515eec26daf0204589d1fa3dbb8128f2b58f3590f49244ebb4ecef4
3afa0c02a4d163f078e09fe201c4dd450c6333a08e948bedd3cb697e870662ab	CIC_W	5242	대리석구조물밑면붙이기	dca659b7214251e8214a82066c94d8be6bf1700f76885ec431614d0d47b0b53f	1bf29c9b-d407-4683-ac40-bee69c29f05e	대리석구조물밑면붙이기	TASK	PROMOTED_FROM_SOURCE	EXACT_EQUIVALENT	PROPOSED	MANUAL_REVIEW	OWNER_APPROVED_CONCEPT_MEMBERSHIP	PRESERVE_SOURCE_MEMBERSHIP	RISK-04-APPROVE-001	62c2c50e3c0becbe23a686735d1a7e50ed8bce2f3fa23c539d2250b68227c2d7	c8c4232bf924b52636c9dc33fb1891473d548e09ed15de35f33764fe18603f3c	9493ff9f5515eec26daf0204589d1fa3dbb8128f2b58f3590f49244ebb4ecef4
3271a9e13b22b52f990b162b528be4bf2aa4db5abf475d8489863661830c0c8a	CIC_W	5243	사암구조물밑면붙이기	432a0bbe8e70f37cb076f0323cc80f577864241cd6601b715be087f2ba6312dd	e9f718e9-82b7-40c4-abde-f1b46dbc732e	사암구조물밑면붙이기	TASK	PROMOTED_FROM_SOURCE	EXACT_EQUIVALENT	PROPOSED	MANUAL_REVIEW	OWNER_APPROVED_CONCEPT_MEMBERSHIP	PRESERVE_SOURCE_MEMBERSHIP	RISK-04-APPROVE-001	62c2c50e3c0becbe23a686735d1a7e50ed8bce2f3fa23c539d2250b68227c2d7	c8c4232bf924b52636c9dc33fb1891473d548e09ed15de35f33764fe18603f3c	9493ff9f5515eec26daf0204589d1fa3dbb8128f2b58f3590f49244ebb4ecef4
870e84da28d0d4288d3ab1c7f386ff3d9f4fef2b588cd1c14a8ec36137a45d7a	CIC_W	5244	천연슬래이트구조물밑면붙이기	793a3ed79f2c15fe579a0a091a1c6f197a870fd633d16d8d7bfd8dd4a5894b2b	a1002845-9933-4155-b3c9-34056dbcb041	천연슬래이트구조물밑면붙이기	TASK	PROMOTED_FROM_SOURCE	EXACT_EQUIVALENT	PROPOSED	MANUAL_REVIEW	OWNER_APPROVED_CONCEPT_MEMBERSHIP	PRESERVE_SOURCE_MEMBERSHIP	RISK-04-APPROVE-001	62c2c50e3c0becbe23a686735d1a7e50ed8bce2f3fa23c539d2250b68227c2d7	c8c4232bf924b52636c9dc33fb1891473d548e09ed15de35f33764fe18603f3c	9493ff9f5515eec26daf0204589d1fa3dbb8128f2b58f3590f49244ebb4ecef4
7d72db0d36ee55a6fd4ed8bb55f155cb94b80d446ee11d2652c5276e33128942	CIC_W	5245	인조석구조물밑면붙이기	71cd73e41b26e97be3c29830496dc73126077e0fe249882ddb0cb3a040619aaf	82fbca4c-81ce-4131-aadf-8b021ccc74cd	인조석구조물밑면붙이기	TASK	PROMOTED_FROM_SOURCE	EXACT_EQUIVALENT	PROPOSED	MANUAL_REVIEW	OWNER_APPROVED_CONCEPT_MEMBERSHIP	PRESERVE_SOURCE_MEMBERSHIP	RISK-04-APPROVE-001	62c2c50e3c0becbe23a686735d1a7e50ed8bce2f3fa23c539d2250b68227c2d7	c8c4232bf924b52636c9dc33fb1891473d548e09ed15de35f33764fe18603f3c	9493ff9f5515eec26daf0204589d1fa3dbb8128f2b58f3590f49244ebb4ecef4
539b0d9a38aed76f454d3a860d82ff55b2632d28cd53ea2fb0b27b6398c5f368	CIC_W	5246	테라조구조물밑면붙이기	453e891bb834c2046ddc95a54be398c151d6fe553fa496306c2a68cdf63d8d22	0e147c7e-e237-40a5-832d-ca92f3da69ba	테라조구조물밑면붙이기	TASK	PROMOTED_FROM_SOURCE	EXACT_EQUIVALENT	PROPOSED	MANUAL_REVIEW	OWNER_APPROVED_CONCEPT_MEMBERSHIP	PRESERVE_SOURCE_MEMBERSHIP	RISK-04-APPROVE-001	62c2c50e3c0becbe23a686735d1a7e50ed8bce2f3fa23c539d2250b68227c2d7	c8c4232bf924b52636c9dc33fb1891473d548e09ed15de35f33764fe18603f3c	9493ff9f5515eec26daf0204589d1fa3dbb8128f2b58f3590f49244ebb4ecef4
4c42fa92024b1b0e1577e813464565c338c2e0918970fb41fa3683ea6573df68	CIC_W	525	석재계단붙이기	d247d23d1ed4e328c2447c090f6004c4d9eae4f00fa0467f4a36103620df8729	742c2cb1-a9d4-4ac8-a301-af0cba9f59d6	석재계단붙이기	PROCESS	PROMOTED_FROM_SOURCE	EXACT_EQUIVALENT	PROPOSED	MANUAL_REVIEW	OWNER_APPROVED_CONCEPT_MEMBERSHIP	PRESERVE_SOURCE_MEMBERSHIP	RISK-04-APPROVE-001	62c2c50e3c0becbe23a686735d1a7e50ed8bce2f3fa23c539d2250b68227c2d7	c8c4232bf924b52636c9dc33fb1891473d548e09ed15de35f33764fe18603f3c	9493ff9f5515eec26daf0204589d1fa3dbb8128f2b58f3590f49244ebb4ecef4
0d6f3b726a448476f69607cd0d3764f0b63be4fbded76927e677f68a10821c5d	CIC_W	5251	계단디딤판(트레드)석재붙이기	28551b2f734086312a3f2e5066c4e949072f207938bf0bcae2b7f87390e1f319	3aa0b429-5bd1-4dd2-83a4-ad0fd0e83efb	계단디딤판(트레드)석재붙이기	TASK	PROMOTED_FROM_SOURCE	EXACT_EQUIVALENT	PROPOSED	MANUAL_REVIEW	OWNER_APPROVED_CONCEPT_MEMBERSHIP	PRESERVE_SOURCE_MEMBERSHIP	RISK-04-APPROVE-001	62c2c50e3c0becbe23a686735d1a7e50ed8bce2f3fa23c539d2250b68227c2d7	c8c4232bf924b52636c9dc33fb1891473d548e09ed15de35f33764fe18603f3c	9493ff9f5515eec26daf0204589d1fa3dbb8128f2b58f3590f49244ebb4ecef4
c4041cba303e9bb63d61089a38b4e3df64b97ca6ff1feb43d0fad5c0719df2b8	CIC_W	5252	계단채임판(라이저)석재붙이기	6985c17f351847499f1c250343deb7f6b9c81cc4d194fe15f055b3fa2b9c4d0f	99619801-45dc-4214-9f6c-e5fbc2395974	계단채임판(라이저)석재붙이기	TASK	MERGED_FROM_REVIEWED_SOURCES	EXACT_EQUIVALENT	PROPOSED	MANUAL_REVIEW	OWNER_APPROVED_CONCEPT_MEMBERSHIP	PRESERVE_SOURCE_MEMBERSHIP	RISK-04-APPROVE-001	62c2c50e3c0becbe23a686735d1a7e50ed8bce2f3fa23c539d2250b68227c2d7	c8c4232bf924b52636c9dc33fb1891473d548e09ed15de35f33764fe18603f3c	9493ff9f5515eec26daf0204589d1fa3dbb8128f2b58f3590f49244ebb4ecef4
5d89083f15ab2b45d1d182f92135add28b7bdc6e44dd42e982a7bb1a8d521c24	CIC_W	5253	통석재계단놓기	989574aa33f954da97d9ebed95d8ed96d61aba878a1b7e9cbab62bb79e9c5e76	5cb30a9a-6982-46ca-b9c0-ccd60cf64565	통석재계단놓기	TASK	PROMOTED_FROM_SOURCE	EXACT_EQUIVALENT	PROPOSED	MANUAL_REVIEW	OWNER_APPROVED_CONCEPT_MEMBERSHIP	PRESERVE_SOURCE_MEMBERSHIP	RISK-04-APPROVE-001	62c2c50e3c0becbe23a686735d1a7e50ed8bce2f3fa23c539d2250b68227c2d7	c8c4232bf924b52636c9dc33fb1891473d548e09ed15de35f33764fe18603f3c	9493ff9f5515eec26daf0204589d1fa3dbb8128f2b58f3590f49244ebb4ecef4
72bd552cc74166f43127566adbfdbcd7eb365286eadea37a53416c4522016aee	CIC_W	526	기타부위석재붙이기	cc03b5f255e4c76a4d9018d5b36c052591b7677fe406b8c343fb8873feb99bf7	0b5224ee-1c0d-41eb-8367-a80e2762d7bf	기타부위석재붙이기	PROCESS	PROMOTED_FROM_SOURCE	EXACT_EQUIVALENT	PROPOSED	MANUAL_REVIEW	OWNER_APPROVED_CONCEPT_MEMBERSHIP	PRESERVE_SOURCE_MEMBERSHIP	RISK-04-APPROVE-001	62c2c50e3c0becbe23a686735d1a7e50ed8bce2f3fa23c539d2250b68227c2d7	c8c4232bf924b52636c9dc33fb1891473d548e09ed15de35f33764fe18603f3c	9493ff9f5515eec26daf0204589d1fa3dbb8128f2b58f3590f49244ebb4ecef4
34b2c899c401d5835c62d299f458a17bbcfbca1a79390bdd36494122b00d45c7	CIC_W	5261	두겁돌붙이기	a07c55e2620d37e34db2b95677e46ceb11ea523067de959206e6f849b9a7ba15	23a1bffc-7e95-4d93-9e75-c94c1b2d4b85	두겁돌붙이기	TASK	PROMOTED_FROM_SOURCE	EXACT_EQUIVALENT	PROPOSED	MANUAL_REVIEW	OWNER_APPROVED_CONCEPT_MEMBERSHIP	PRESERVE_SOURCE_MEMBERSHIP	RISK-04-APPROVE-001	62c2c50e3c0becbe23a686735d1a7e50ed8bce2f3fa23c539d2250b68227c2d7	c8c4232bf924b52636c9dc33fb1891473d548e09ed15de35f33764fe18603f3c	9493ff9f5515eec26daf0204589d1fa3dbb8128f2b58f3590f49244ebb4ecef4
3b8378a9d96ae37731eae907d31ece6861aa6efa8e18371c0fb1763c8c81f7ef	CIC_W	5262	창대석붙이기	504b67546ee2290a5042e54702834656b5428763e2f11f674df9a1ba16f1f6f4	ea385556-01e4-4f7f-b9bf-647a78935d14	창대석붙이기	TASK	PROMOTED_FROM_SOURCE	EXACT_EQUIVALENT	PROPOSED	MANUAL_REVIEW	OWNER_APPROVED_CONCEPT_MEMBERSHIP	PRESERVE_SOURCE_MEMBERSHIP	RISK-04-APPROVE-001	62c2c50e3c0becbe23a686735d1a7e50ed8bce2f3fa23c539d2250b68227c2d7	c8c4232bf924b52636c9dc33fb1891473d548e09ed15de35f33764fe18603f3c	9493ff9f5515eec26daf0204589d1fa3dbb8128f2b58f3590f49244ebb4ecef4
0c4d91eaaaead0df7c4aff62bebaa879ce2b50f0b961a1914bda04f4c07527fa	CIC_W	5263	도어씰붙이기	7b21b162c29e061412f9f25ac18e3f5cdf2ab0041f4c81b4d8205698c04803ca	0130841f-94a5-4de6-8bb2-ff4bfc591698	도어씰붙이기	TASK	PROMOTED_FROM_SOURCE	EXACT_EQUIVALENT	PROPOSED	MANUAL_REVIEW	OWNER_APPROVED_CONCEPT_MEMBERSHIP	PRESERVE_SOURCE_MEMBERSHIP	RISK-04-APPROVE-001	62c2c50e3c0becbe23a686735d1a7e50ed8bce2f3fa23c539d2250b68227c2d7	c8c4232bf924b52636c9dc33fb1891473d548e09ed15de35f33764fe18603f3c	9493ff9f5515eec26daf0204589d1fa3dbb8128f2b58f3590f49244ebb4ecef4
0c9f546afed6dc84b0847a574930bd2a48fbedde932b66047b2705531e560860	CIC_W	5264	경계석(마감석)붙이기	a7c9715a1d1c19b991b41c8e1ff6f0210d99a11058044926e7838e8fcf47c3ac	23cda004-8f02-43f1-8a9a-9cfedc4fe2e8	경계석(마감석)붙이기	TASK	PROMOTED_FROM_SOURCE	EXACT_EQUIVALENT	PROPOSED	MANUAL_REVIEW	OWNER_APPROVED_CONCEPT_MEMBERSHIP	PRESERVE_SOURCE_MEMBERSHIP	RISK-04-APPROVE-001	62c2c50e3c0becbe23a686735d1a7e50ed8bce2f3fa23c539d2250b68227c2d7	c8c4232bf924b52636c9dc33fb1891473d548e09ed15de35f33764fe18603f3c	9493ff9f5515eec26daf0204589d1fa3dbb8128f2b58f3590f49244ebb4ecef4
1bfd4cc350044d24f2cfa5a3b6cd1cf147502e9b84d7428f6817445b39bedc2c	CIC_W	528	석재마감공사	fba05c07dc62b9938f5b28091b8d88b0633208a1d76deef0200ed6a85b06b11d	283ded33-4df9-486a-b46f-1a739a0fde76	석재마감공사	PROCESS	PROMOTED_FROM_SOURCE	EXACT_EQUIVALENT	PROPOSED	MANUAL_REVIEW	OWNER_APPROVED_CONCEPT_MEMBERSHIP	PRESERVE_SOURCE_MEMBERSHIP	RISK-04-APPROVE-001	62c2c50e3c0becbe23a686735d1a7e50ed8bce2f3fa23c539d2250b68227c2d7	c8c4232bf924b52636c9dc33fb1891473d548e09ed15de35f33764fe18603f3c	9493ff9f5515eec26daf0204589d1fa3dbb8128f2b58f3590f49244ebb4ecef4
3fcbf85187e27ff3c2fdd50a8f75c2dd83db73535fca90135e300ef78b03e420	CIC_W	5281	석재물갈기	8201ab9c273d2ecf85301419e71f5879048c02f09c73733796027508a2ee4f8f	0c751d96-fa9f-4693-a651-764bc25a83c5	석재물갈기	TASK	PROMOTED_FROM_SOURCE	EXACT_EQUIVALENT	PROPOSED	MANUAL_REVIEW	OWNER_APPROVED_CONCEPT_MEMBERSHIP	PRESERVE_SOURCE_MEMBERSHIP	RISK-04-APPROVE-001	62c2c50e3c0becbe23a686735d1a7e50ed8bce2f3fa23c539d2250b68227c2d7	c8c4232bf924b52636c9dc33fb1891473d548e09ed15de35f33764fe18603f3c	9493ff9f5515eec26daf0204589d1fa3dbb8128f2b58f3590f49244ebb4ecef4
96fbcffc4931beacdd61f01b1c44614e4a88d2ea4227472f9414cfcb85224487	CIC_W	5282	석재거친다듬마감 - - 대․중․소 분류대․중․소 분류	a62cfdb19570c113a27724aa798938cfba9e0b6346b7420b30bd3a6ab2aff855	de4ed0fd-c05c-490a-b7c7-423274ee34b2	석재거친다듬마감	TASK	PROMOTED_FROM_SOURCE	EXACT_EQUIVALENT	PROPOSED	MANUAL_REVIEW	OWNER_APPROVED_CONCEPT_MEMBERSHIP	PRESERVE_SOURCE_MEMBERSHIP	RISK-04-APPROVE-001	62c2c50e3c0becbe23a686735d1a7e50ed8bce2f3fa23c539d2250b68227c2d7	c8c4232bf924b52636c9dc33fb1891473d548e09ed15de35f33764fe18603f3c	9493ff9f5515eec26daf0204589d1fa3dbb8128f2b58f3590f49244ebb4ecef4
0c97ac8fe4547f9bab2dbf6cbcebd611f655ceff95e9b9167739503c7fb2ad55	CIC_W	5283	석재잔다듬마감	722bb95ab983fd7e61b5b917e7d273e6f488f2d23db6d9e7d25923afc86fb668	5d999bef-19c2-4d31-b4c0-1f96fac982dc	석재잔다듬마감	TASK	PROMOTED_FROM_SOURCE	EXACT_EQUIVALENT	PROPOSED	MANUAL_REVIEW	OWNER_APPROVED_CONCEPT_MEMBERSHIP	PRESERVE_SOURCE_MEMBERSHIP	RISK-04-APPROVE-001	62c2c50e3c0becbe23a686735d1a7e50ed8bce2f3fa23c539d2250b68227c2d7	c8c4232bf924b52636c9dc33fb1891473d548e09ed15de35f33764fe18603f3c	9493ff9f5515eec26daf0204589d1fa3dbb8128f2b58f3590f49244ebb4ecef4
911295f44c32790228bf33db73a401961b254b5bfe6841f825dcea272fd72c9f	CIC_W	5284	석재젯트버너마감	080b1f8178e90ee8b31f2815b7b5642a714c35367a9a2556eae85bf09440afb0	8f0b754e-fcc4-485d-a2a9-ad999f384fc6	석재젯트버너마감	TASK	PROMOTED_FROM_SOURCE	EXACT_EQUIVALENT	PROPOSED	MANUAL_REVIEW	OWNER_APPROVED_CONCEPT_MEMBERSHIP	PRESERVE_SOURCE_MEMBERSHIP	RISK-04-APPROVE-001	62c2c50e3c0becbe23a686735d1a7e50ed8bce2f3fa23c539d2250b68227c2d7	c8c4232bf924b52636c9dc33fb1891473d548e09ed15de35f33764fe18603f3c	9493ff9f5515eec26daf0204589d1fa3dbb8128f2b58f3590f49244ebb4ecef4
91f88373911ab4ed040b3d97ff732d5e17dde9f4bbd4f0ba4720e5af6593e70b	CIC_W	5285	석재골파기마감	3e3a8b499570f12f8c004b918bc2470c5510c550975a5968977888ecae959f1f	50550de8-5ade-4ca9-9c21-41ba5048bd89	석재골파기마감	TASK	PROMOTED_FROM_SOURCE	EXACT_EQUIVALENT	PROPOSED	MANUAL_REVIEW	OWNER_APPROVED_CONCEPT_MEMBERSHIP	PRESERVE_SOURCE_MEMBERSHIP	RISK-04-APPROVE-001	62c2c50e3c0becbe23a686735d1a7e50ed8bce2f3fa23c539d2250b68227c2d7	c8c4232bf924b52636c9dc33fb1891473d548e09ed15de35f33764fe18603f3c	9493ff9f5515eec26daf0204589d1fa3dbb8128f2b58f3590f49244ebb4ecef4
49471840fcba56a8a79b3e1c5f2f0606c781e6bbd0b24f20db627252907d5abd	CIC_W	53	타일공사	64ef817db9f0e78551ca95f65652b1edbeb4e586e83b00b24390b8089623e293	6252654e-2025-4efc-8a85-29fefd286fbf	타일공사	PROCESS	PROMOTED_FROM_SOURCE	EXACT_EQUIVALENT	PROPOSED	MANUAL_REVIEW	OWNER_APPROVED_CONCEPT_MEMBERSHIP	PRESERVE_SOURCE_MEMBERSHIP	RISK-04-APPROVE-001	62c2c50e3c0becbe23a686735d1a7e50ed8bce2f3fa23c539d2250b68227c2d7	c8c4232bf924b52636c9dc33fb1891473d548e09ed15de35f33764fe18603f3c	9493ff9f5515eec26daf0204589d1fa3dbb8128f2b58f3590f49244ebb4ecef4
4da877b23ea07dd280d6dc1575f693f5b75cce1b538d51be339c8f80d3febcad	CIC_W	531	바닥타일붙이기	663731e91305b8886f5920d0f41659f79dea06180109346b38779bf90058409e	1850eed5-cd9e-4d3e-9bc3-d99c95102c33	바닥타일붙이기	PROCESS	PROMOTED_FROM_SOURCE	EXACT_EQUIVALENT	PROPOSED	MANUAL_REVIEW	OWNER_APPROVED_CONCEPT_MEMBERSHIP	PRESERVE_SOURCE_MEMBERSHIP	RISK-04-APPROVE-001	62c2c50e3c0becbe23a686735d1a7e50ed8bce2f3fa23c539d2250b68227c2d7	c8c4232bf924b52636c9dc33fb1891473d548e09ed15de35f33764fe18603f3c	9493ff9f5515eec26daf0204589d1fa3dbb8128f2b58f3590f49244ebb4ecef4
43c813ff94f73fbc74c98eed5b9262c15224e6f4db19c1afd4a3d6a6ee8e0e2a	CIC_W	5311	시멘트계타일바닥붙이기	fc3da934fdd305b31619ac6585ade6da86cb13edba11cf2937f0a5394157d309	e76378e7-0cd1-421e-b22b-b747e11ba5f7	시멘트계타일바닥붙이기	TASK	PROMOTED_FROM_SOURCE	EXACT_EQUIVALENT	PROPOSED	MANUAL_REVIEW	OWNER_APPROVED_CONCEPT_MEMBERSHIP	PRESERVE_SOURCE_MEMBERSHIP	RISK-04-APPROVE-001	62c2c50e3c0becbe23a686735d1a7e50ed8bce2f3fa23c539d2250b68227c2d7	c8c4232bf924b52636c9dc33fb1891473d548e09ed15de35f33764fe18603f3c	9493ff9f5515eec26daf0204589d1fa3dbb8128f2b58f3590f49244ebb4ecef4
91598f8eb689169d0412324c518514c544e42df476083178d0ac950b19fb8961	CIC_W	5312	점토질타일바닥붙이기	2e33679c852060fd7028a7f4d8e189075b16ec37aff278808aa8f5b6443f4c86	1c90fcd4-5aec-489d-be5e-71d470acbed7	점토질타일바닥붙이기	TASK	PROMOTED_FROM_SOURCE	EXACT_EQUIVALENT	PROPOSED	MANUAL_REVIEW	OWNER_APPROVED_CONCEPT_MEMBERSHIP	PRESERVE_SOURCE_MEMBERSHIP	RISK-04-APPROVE-001	62c2c50e3c0becbe23a686735d1a7e50ed8bce2f3fa23c539d2250b68227c2d7	c8c4232bf924b52636c9dc33fb1891473d548e09ed15de35f33764fe18603f3c	9493ff9f5515eec26daf0204589d1fa3dbb8128f2b58f3590f49244ebb4ecef4
5da8794df901f655aa6fa04a5f0467f8d2d6c3a5e883add27333c5b084ee27a1	CIC_W	5313	자기질타일바닥붙이기	cc4f9149b9012a504e16296fb05e7bbc1a0f915cea2afee136e7f695810da2c5	05954d38-bef7-419b-87b7-ab18d9a4f1e0	자기질타일바닥붙이기	TASK	PROMOTED_FROM_SOURCE	EXACT_EQUIVALENT	PROPOSED	MANUAL_REVIEW	OWNER_APPROVED_CONCEPT_MEMBERSHIP	PRESERVE_SOURCE_MEMBERSHIP	RISK-04-APPROVE-001	62c2c50e3c0becbe23a686735d1a7e50ed8bce2f3fa23c539d2250b68227c2d7	c8c4232bf924b52636c9dc33fb1891473d548e09ed15de35f33764fe18603f3c	9493ff9f5515eec26daf0204589d1fa3dbb8128f2b58f3590f49244ebb4ecef4
7a04626985f0e81cd72d37f1f8d677554a8ea18bf28b47e4fbbe7fa56cd96685	CIC_W	5314	도기질타일바닥붙이기	0675599bdbb24081a2494bf15c718a9320077befe60eccd4095c279b346470ef	0af8704b-7d03-4654-936f-13a30cd526e1	도기질타일바닥붙이기	TASK	PROMOTED_FROM_SOURCE	EXACT_EQUIVALENT	PROPOSED	MANUAL_REVIEW	OWNER_APPROVED_CONCEPT_MEMBERSHIP	PRESERVE_SOURCE_MEMBERSHIP	RISK-04-APPROVE-001	62c2c50e3c0becbe23a686735d1a7e50ed8bce2f3fa23c539d2250b68227c2d7	c8c4232bf924b52636c9dc33fb1891473d548e09ed15de35f33764fe18603f3c	9493ff9f5515eec26daf0204589d1fa3dbb8128f2b58f3590f49244ebb4ecef4
1570297c8a46f5376c1419d0e105c904cbe15957c49dff76b7c4a655b0331e1f	CIC_W	5315	합성수지타일바닥붙이기	2e1991e1f861666f2c5a11f7b0ce773d8819d9be88be93f43abc217b261d88b4	4d523a85-a823-423c-8d9f-9cf2f5d24d58	합성수지타일바닥붙이기	TASK	PROMOTED_FROM_SOURCE	EXACT_EQUIVALENT	PROPOSED	MANUAL_REVIEW	OWNER_APPROVED_CONCEPT_MEMBERSHIP	PRESERVE_SOURCE_MEMBERSHIP	RISK-04-APPROVE-001	62c2c50e3c0becbe23a686735d1a7e50ed8bce2f3fa23c539d2250b68227c2d7	c8c4232bf924b52636c9dc33fb1891473d548e09ed15de35f33764fe18603f3c	9493ff9f5515eec26daf0204589d1fa3dbb8128f2b58f3590f49244ebb4ecef4
4519f2278b34537ad71ab6dc6566e231b49f702332d923a4217b451c88481c50	CIC_W	5316	유리질타일바닥붙이기	0a00c3ab9f7afc00a36447cca7ad04d7579c06c2dcd5fe800dbf1b3503614db3	436a96b0-af4b-4a7e-985b-a7e50753e010	유리질타일바닥붙이기	TASK	PROMOTED_FROM_SOURCE	EXACT_EQUIVALENT	PROPOSED	MANUAL_REVIEW	OWNER_APPROVED_CONCEPT_MEMBERSHIP	PRESERVE_SOURCE_MEMBERSHIP	RISK-04-APPROVE-001	62c2c50e3c0becbe23a686735d1a7e50ed8bce2f3fa23c539d2250b68227c2d7	c8c4232bf924b52636c9dc33fb1891473d548e09ed15de35f33764fe18603f3c	9493ff9f5515eec26daf0204589d1fa3dbb8128f2b58f3590f49244ebb4ecef4
6fa091fb188eae5602525a8f49a06a8912170d0c4eb84568eaa683a4eb643f82	CIC_W	5317	금속타일바닥붙이기	22541195733d2ffe360af100642fdaceb654fc30c305547118885068eb9a9c65	b93df523-7f96-45ab-b7ce-fa92b0bf4149	금속타일바닥붙이기	TASK	PROMOTED_FROM_SOURCE	EXACT_EQUIVALENT	PROPOSED	MANUAL_REVIEW	OWNER_APPROVED_CONCEPT_MEMBERSHIP	PRESERVE_SOURCE_MEMBERSHIP	RISK-04-APPROVE-001	62c2c50e3c0becbe23a686735d1a7e50ed8bce2f3fa23c539d2250b68227c2d7	c8c4232bf924b52636c9dc33fb1891473d548e09ed15de35f33764fe18603f3c	9493ff9f5515eec26daf0204589d1fa3dbb8128f2b58f3590f49244ebb4ecef4
042977654178fffdc15a5b8ff5e69d846a5258048f34f8c1744d353a018d000d	CIC_W	5318	석재타일바닥붙이기	6ac0c612bac89113fcd69d819be802a39a57606faeaf85c9f2aa650fc18dccbc	da972e5e-9d4b-441f-847f-033ede964ae8	석재타일바닥붙이기	TASK	PROMOTED_FROM_SOURCE	EXACT_EQUIVALENT	PROPOSED	MANUAL_REVIEW	OWNER_APPROVED_CONCEPT_MEMBERSHIP	PRESERVE_SOURCE_MEMBERSHIP	RISK-04-APPROVE-001	62c2c50e3c0becbe23a686735d1a7e50ed8bce2f3fa23c539d2250b68227c2d7	c8c4232bf924b52636c9dc33fb1891473d548e09ed15de35f33764fe18603f3c	9493ff9f5515eec26daf0204589d1fa3dbb8128f2b58f3590f49244ebb4ecef4
eb4e2b286e544008d9f615bfcf739124adb754224d7741d5dd5905bbe0ae9f4f	CIC_W	5319	특수타일바닥붙이기	9ef89a40fa3648075581bee7c8f1ce642af6032261a7d69700fb33de9ba47473	8814ab10-8f4d-46aa-8aed-a151a8b6feed	특수타일바닥붙이기	TASK	PROMOTED_FROM_SOURCE	EXACT_EQUIVALENT	PROPOSED	MANUAL_REVIEW	OWNER_APPROVED_CONCEPT_MEMBERSHIP	PRESERVE_SOURCE_MEMBERSHIP	RISK-04-APPROVE-001	62c2c50e3c0becbe23a686735d1a7e50ed8bce2f3fa23c539d2250b68227c2d7	c8c4232bf924b52636c9dc33fb1891473d548e09ed15de35f33764fe18603f3c	9493ff9f5515eec26daf0204589d1fa3dbb8128f2b58f3590f49244ebb4ecef4
d013ffbd29945a59493ff65beabb2432e1aaab26fd6f9530223c21efabdd6ada	CIC_W	532	내벽타일붙이기	b266a326ad7e5eba11caadfe51d101ee205be6a4e31ad787d39ada491eb41c00	03597104-73d5-4f11-bee7-2c3162f7270c	내벽타일붙이기	PROCESS	PROMOTED_FROM_SOURCE	EXACT_EQUIVALENT	PROPOSED	MANUAL_REVIEW	OWNER_APPROVED_CONCEPT_MEMBERSHIP	PRESERVE_SOURCE_MEMBERSHIP	RISK-04-APPROVE-001	62c2c50e3c0becbe23a686735d1a7e50ed8bce2f3fa23c539d2250b68227c2d7	c8c4232bf924b52636c9dc33fb1891473d548e09ed15de35f33764fe18603f3c	9493ff9f5515eec26daf0204589d1fa3dbb8128f2b58f3590f49244ebb4ecef4
4cae69744f46e7e407ab6f642e0cd162dc4de9c83504cfbb98395ac2b5221e27	CIC_W	5321	시멘트계타일내벽붙이기	943c4d8933f03fbc8df18908d6563a31c6e9ac932c992f5e8b2e7c46e7b84ddb	d40a2fbb-df73-44b5-9924-e89eccd1cd01	시멘트계타일내벽붙이기	TASK	PROMOTED_FROM_SOURCE	EXACT_EQUIVALENT	PROPOSED	MANUAL_REVIEW	OWNER_APPROVED_CONCEPT_MEMBERSHIP	PRESERVE_SOURCE_MEMBERSHIP	RISK-04-APPROVE-001	62c2c50e3c0becbe23a686735d1a7e50ed8bce2f3fa23c539d2250b68227c2d7	c8c4232bf924b52636c9dc33fb1891473d548e09ed15de35f33764fe18603f3c	9493ff9f5515eec26daf0204589d1fa3dbb8128f2b58f3590f49244ebb4ecef4
640d49a31f89ccf8c7caaa0be319a8b00ce80d6440fb124f22ac43a3e78ed4f6	CIC_W	5322	점토질타일내벽붙이기	760f584f9c06b7d6dd7f8efe09462141e56df169d50afb5825d06fb4a3adf430	2d025eae-4b07-4e46-b0d6-523d60517425	점토질타일내벽붙이기	TASK	PROMOTED_FROM_SOURCE	EXACT_EQUIVALENT	PROPOSED	MANUAL_REVIEW	OWNER_APPROVED_CONCEPT_MEMBERSHIP	PRESERVE_SOURCE_MEMBERSHIP	RISK-04-APPROVE-001	62c2c50e3c0becbe23a686735d1a7e50ed8bce2f3fa23c539d2250b68227c2d7	c8c4232bf924b52636c9dc33fb1891473d548e09ed15de35f33764fe18603f3c	9493ff9f5515eec26daf0204589d1fa3dbb8128f2b58f3590f49244ebb4ecef4
385929749062bad742f0a806cf297a7cb454fa6ae00e7707abfc20421bbcd15c	CIC_W	5323	자기질타일내벽붙이기	77d86b2361e41f7526d930d3888d7a9b5042e288c5e4e50104231f64b58012e2	f4e23b4c-6fae-4628-9f47-209bc28affbc	자기질타일내벽붙이기	TASK	PROMOTED_FROM_SOURCE	EXACT_EQUIVALENT	PROPOSED	MANUAL_REVIEW	OWNER_APPROVED_CONCEPT_MEMBERSHIP	PRESERVE_SOURCE_MEMBERSHIP	RISK-04-APPROVE-001	62c2c50e3c0becbe23a686735d1a7e50ed8bce2f3fa23c539d2250b68227c2d7	c8c4232bf924b52636c9dc33fb1891473d548e09ed15de35f33764fe18603f3c	9493ff9f5515eec26daf0204589d1fa3dbb8128f2b58f3590f49244ebb4ecef4
49bde51a03ccd402e5f1c180c062ff4e2514dbc73f473276d3932e099638ad42	CIC_W	5324	도기질타일내벽붙이기	75dc9417299ad56873718c0e4819941294560094ecfc9b9b47c5d97fa1cb273b	5f023b49-df63-4eeb-a0be-240a7be0d585	도기질타일내벽붙이기	TASK	PROMOTED_FROM_SOURCE	EXACT_EQUIVALENT	PROPOSED	MANUAL_REVIEW	OWNER_APPROVED_CONCEPT_MEMBERSHIP	PRESERVE_SOURCE_MEMBERSHIP	RISK-04-APPROVE-001	62c2c50e3c0becbe23a686735d1a7e50ed8bce2f3fa23c539d2250b68227c2d7	c8c4232bf924b52636c9dc33fb1891473d548e09ed15de35f33764fe18603f3c	9493ff9f5515eec26daf0204589d1fa3dbb8128f2b58f3590f49244ebb4ecef4
bc7430bb05beda9ff4cf49a95bf8a919c3a8bcba40b6175e69d95c4583b6313b	CIC_W	5325	합성수지타일내벽붙이기	c7ce0d7dc0469b56d46e2df7909c43dd05d7da9f9ace95ea1c7323b58dc8ff15	bad89edc-67cb-435e-82ff-34fc7726ad61	합성수지타일내벽붙이기	TASK	PROMOTED_FROM_SOURCE	EXACT_EQUIVALENT	PROPOSED	MANUAL_REVIEW	OWNER_APPROVED_CONCEPT_MEMBERSHIP	PRESERVE_SOURCE_MEMBERSHIP	RISK-04-APPROVE-001	62c2c50e3c0becbe23a686735d1a7e50ed8bce2f3fa23c539d2250b68227c2d7	c8c4232bf924b52636c9dc33fb1891473d548e09ed15de35f33764fe18603f3c	9493ff9f5515eec26daf0204589d1fa3dbb8128f2b58f3590f49244ebb4ecef4
a18adf2aded1b205d946d46103859de7b3d965c245929301c3377beff3976e5e	CIC_W	5326	유리질타일내벽붙이기	30d231684847e437017d9e43f371d0773cbf2ec1f221122b20a2728195f5fe6e	8226577d-7006-4d79-992a-d33bf592b30d	유리질타일내벽붙이기	TASK	PROMOTED_FROM_SOURCE	EXACT_EQUIVALENT	PROPOSED	MANUAL_REVIEW	OWNER_APPROVED_CONCEPT_MEMBERSHIP	PRESERVE_SOURCE_MEMBERSHIP	RISK-04-APPROVE-001	62c2c50e3c0becbe23a686735d1a7e50ed8bce2f3fa23c539d2250b68227c2d7	c8c4232bf924b52636c9dc33fb1891473d548e09ed15de35f33764fe18603f3c	9493ff9f5515eec26daf0204589d1fa3dbb8128f2b58f3590f49244ebb4ecef4
e81e56e0d337ac8bf81f781d2bc0215ca50f85902f14470b4cfb2a7c8042bc3c	CIC_W	5327	금속타일내벽붙이기	dca95ac0b79016261e7b699f88c309243d1357aa79cadfce5013b57f03634580	8f0c09b6-70e3-4f2a-88a4-44cbb488118d	금속타일내벽붙이기	TASK	PROMOTED_FROM_SOURCE	EXACT_EQUIVALENT	PROPOSED	MANUAL_REVIEW	OWNER_APPROVED_CONCEPT_MEMBERSHIP	PRESERVE_SOURCE_MEMBERSHIP	RISK-04-APPROVE-001	62c2c50e3c0becbe23a686735d1a7e50ed8bce2f3fa23c539d2250b68227c2d7	c8c4232bf924b52636c9dc33fb1891473d548e09ed15de35f33764fe18603f3c	9493ff9f5515eec26daf0204589d1fa3dbb8128f2b58f3590f49244ebb4ecef4
b3073794873822d3e1afe9d5f8581946ba5c5831be7fe7d554204c04b875c1fc	CIC_W	5328	석재타일내벽붙이기	50949edff7e5c344cab4f345656179bdb1dfbb3952ffca5bbcc375a45b473136	56b14de8-6d7f-4406-8997-826d21de7abc	석재타일내벽붙이기	TASK	PROMOTED_FROM_SOURCE	EXACT_EQUIVALENT	PROPOSED	MANUAL_REVIEW	OWNER_APPROVED_CONCEPT_MEMBERSHIP	PRESERVE_SOURCE_MEMBERSHIP	RISK-04-APPROVE-001	62c2c50e3c0becbe23a686735d1a7e50ed8bce2f3fa23c539d2250b68227c2d7	c8c4232bf924b52636c9dc33fb1891473d548e09ed15de35f33764fe18603f3c	9493ff9f5515eec26daf0204589d1fa3dbb8128f2b58f3590f49244ebb4ecef4
75665bdc1b8fbce11420cea3bf968939c18b62c8ce3b169dd1d65a58a4f404d2	CIC_W	5329	특수타일내벽붙이기	64d988a08af27c34f35ebb34b211a0f61dbf687ed43e7d2f9f86858803ebcbaa	41bb8e4f-ca4e-476f-8c3e-3f280ab5e6b0	특수타일내벽붙이기	TASK	PROMOTED_FROM_SOURCE	EXACT_EQUIVALENT	PROPOSED	MANUAL_REVIEW	OWNER_APPROVED_CONCEPT_MEMBERSHIP	PRESERVE_SOURCE_MEMBERSHIP	RISK-04-APPROVE-001	62c2c50e3c0becbe23a686735d1a7e50ed8bce2f3fa23c539d2250b68227c2d7	c8c4232bf924b52636c9dc33fb1891473d548e09ed15de35f33764fe18603f3c	9493ff9f5515eec26daf0204589d1fa3dbb8128f2b58f3590f49244ebb4ecef4
0b6776a4d94e6354ac1d78db9084e8fa6e15e9fbabdce1c04744b8e2214648ea	CIC_W	533	외벽타일붙이기	3dec0cc1494076cb9d335b9cc42b3ad01a969cf781da5dd7b1855c9ccb43c9b0	34bee63b-6983-4524-83df-48e3a1012319	외벽타일붙이기	PROCESS	PROMOTED_FROM_SOURCE	EXACT_EQUIVALENT	PROPOSED	MANUAL_REVIEW	OWNER_APPROVED_CONCEPT_MEMBERSHIP	PRESERVE_SOURCE_MEMBERSHIP	RISK-04-APPROVE-001	62c2c50e3c0becbe23a686735d1a7e50ed8bce2f3fa23c539d2250b68227c2d7	c8c4232bf924b52636c9dc33fb1891473d548e09ed15de35f33764fe18603f3c	9493ff9f5515eec26daf0204589d1fa3dbb8128f2b58f3590f49244ebb4ecef4
cdc32f2b9e7dfdb56cd3fc05968cf5b1b30d244258461185f3af445ed50fc736	CIC_W	5331	시멘트계타일외벽붙이기	6beadc7935f53a144001b119abf75304c84cd8d9117c18d8dceda409fe88f903	ebd16cf9-609e-4d19-a9e6-830660249d4b	시멘트계타일외벽붙이기	TASK	PROMOTED_FROM_SOURCE	EXACT_EQUIVALENT	PROPOSED	MANUAL_REVIEW	OWNER_APPROVED_CONCEPT_MEMBERSHIP	PRESERVE_SOURCE_MEMBERSHIP	RISK-04-APPROVE-001	62c2c50e3c0becbe23a686735d1a7e50ed8bce2f3fa23c539d2250b68227c2d7	c8c4232bf924b52636c9dc33fb1891473d548e09ed15de35f33764fe18603f3c	9493ff9f5515eec26daf0204589d1fa3dbb8128f2b58f3590f49244ebb4ecef4
da7edc8914f4d817ce8857f58cbbd25c08746109234d18f3ba75dcff580ea2f0	CIC_W	5332	점토질타일외벽붙이기	bb3af9c6cc30773f9dbe46d853c5873bc5064ab32c6b804f958bf4a9ed51d378	fac1ab37-85d8-4d22-8d08-d584a263643d	점토질타일외벽붙이기	TASK	PROMOTED_FROM_SOURCE	EXACT_EQUIVALENT	PROPOSED	MANUAL_REVIEW	OWNER_APPROVED_CONCEPT_MEMBERSHIP	PRESERVE_SOURCE_MEMBERSHIP	RISK-04-APPROVE-001	62c2c50e3c0becbe23a686735d1a7e50ed8bce2f3fa23c539d2250b68227c2d7	c8c4232bf924b52636c9dc33fb1891473d548e09ed15de35f33764fe18603f3c	9493ff9f5515eec26daf0204589d1fa3dbb8128f2b58f3590f49244ebb4ecef4
caca6f777828a915fafb6391bcfa81712b505d7bd279300fb4b3517683803d2b	CIC_W	5333	자기질타일외벽붙이기	e3cd4d884461e7d99f7f597240595d89fe8afec627f2827f0567b70d356a65e2	9bf2a8eb-01eb-458a-9120-ec03aa27ebb6	자기질타일외벽붙이기	TASK	PROMOTED_FROM_SOURCE	EXACT_EQUIVALENT	PROPOSED	MANUAL_REVIEW	OWNER_APPROVED_CONCEPT_MEMBERSHIP	PRESERVE_SOURCE_MEMBERSHIP	RISK-04-APPROVE-001	62c2c50e3c0becbe23a686735d1a7e50ed8bce2f3fa23c539d2250b68227c2d7	c8c4232bf924b52636c9dc33fb1891473d548e09ed15de35f33764fe18603f3c	9493ff9f5515eec26daf0204589d1fa3dbb8128f2b58f3590f49244ebb4ecef4
7a8575afff327caccb369ebf640a6f814be9c5d791b61de962fd97aec7f0d8a6	CIC_W	5334	도기질타일외벽붙이기	bd066ff0ad519a336ac154116de3b5399d79534aed37cbaf00bcfe19874cc88d	33f4ad93-61c7-4deb-a4a7-df11ad0d37f7	도기질타일외벽붙이기	TASK	PROMOTED_FROM_SOURCE	EXACT_EQUIVALENT	PROPOSED	MANUAL_REVIEW	OWNER_APPROVED_CONCEPT_MEMBERSHIP	PRESERVE_SOURCE_MEMBERSHIP	RISK-04-APPROVE-001	62c2c50e3c0becbe23a686735d1a7e50ed8bce2f3fa23c539d2250b68227c2d7	c8c4232bf924b52636c9dc33fb1891473d548e09ed15de35f33764fe18603f3c	9493ff9f5515eec26daf0204589d1fa3dbb8128f2b58f3590f49244ebb4ecef4
286fbdc8ee8f1617836cf1703f245b70d9f9e8cc454f45b9543e5bf3bbe6a199	CIC_W	5335	합성수지타일외벽붙이기	13b2acf7bc4241828234368867b56189ff2d72ba548f4d6a8ec7efd7a9e5d416	e8bb70a6-9568-4e84-8813-3107fac8d691	합성수지타일외벽붙이기	TASK	PROMOTED_FROM_SOURCE	EXACT_EQUIVALENT	PROPOSED	MANUAL_REVIEW	OWNER_APPROVED_CONCEPT_MEMBERSHIP	PRESERVE_SOURCE_MEMBERSHIP	RISK-04-APPROVE-001	62c2c50e3c0becbe23a686735d1a7e50ed8bce2f3fa23c539d2250b68227c2d7	c8c4232bf924b52636c9dc33fb1891473d548e09ed15de35f33764fe18603f3c	9493ff9f5515eec26daf0204589d1fa3dbb8128f2b58f3590f49244ebb4ecef4
694ae09db73864519228d66f6ec274e9aa579d76eebdba9b3bb86fd216dac312	CIC_W	5336	유리질타일외벽붙이기	1864602f8aba15e2077b911d49d3abf5f8d12c2798fff1b95431cfdfd3de3e51	195c65b5-c80b-4984-b817-7a360cf43c87	유리질타일외벽붙이기	TASK	PROMOTED_FROM_SOURCE	EXACT_EQUIVALENT	PROPOSED	MANUAL_REVIEW	OWNER_APPROVED_CONCEPT_MEMBERSHIP	PRESERVE_SOURCE_MEMBERSHIP	RISK-04-APPROVE-001	62c2c50e3c0becbe23a686735d1a7e50ed8bce2f3fa23c539d2250b68227c2d7	c8c4232bf924b52636c9dc33fb1891473d548e09ed15de35f33764fe18603f3c	9493ff9f5515eec26daf0204589d1fa3dbb8128f2b58f3590f49244ebb4ecef4
d65be8343ff232df676741bf8a4688454ef58b3dbd00f266ea935f7f9c265669	CIC_W	5337	금속타일외벽붙이기	47f173aad97a53bc6e49eaca72a991d1061a86d1900e11a2c4233392dd438ef2	3cfea292-3d08-4948-bfd7-0f51b3b523c8	금속타일외벽붙이기	TASK	PROMOTED_FROM_SOURCE	EXACT_EQUIVALENT	PROPOSED	MANUAL_REVIEW	OWNER_APPROVED_CONCEPT_MEMBERSHIP	PRESERVE_SOURCE_MEMBERSHIP	RISK-04-APPROVE-001	62c2c50e3c0becbe23a686735d1a7e50ed8bce2f3fa23c539d2250b68227c2d7	c8c4232bf924b52636c9dc33fb1891473d548e09ed15de35f33764fe18603f3c	9493ff9f5515eec26daf0204589d1fa3dbb8128f2b58f3590f49244ebb4ecef4
211184e219f4063d07b6a54df2ab5cf4cba01a7ec9294e4d67d0f4529b1d08f3	CIC_W	5338	석재타일외벽붙이기	af4fac505bdec412e5fbc4647fb48289d164ad6c382ef7635ba0ef064c862ebb	787b7ad3-2f05-4d98-93f7-91e90a3ebdfc	석재타일외벽붙이기	TASK	PROMOTED_FROM_SOURCE	EXACT_EQUIVALENT	PROPOSED	MANUAL_REVIEW	OWNER_APPROVED_CONCEPT_MEMBERSHIP	PRESERVE_SOURCE_MEMBERSHIP	RISK-04-APPROVE-001	62c2c50e3c0becbe23a686735d1a7e50ed8bce2f3fa23c539d2250b68227c2d7	c8c4232bf924b52636c9dc33fb1891473d548e09ed15de35f33764fe18603f3c	9493ff9f5515eec26daf0204589d1fa3dbb8128f2b58f3590f49244ebb4ecef4
8e7b93a533296f3526c91eb8e8e3debf1818fb1edb988f16cb727632a7170386	CIC_W	5339	특수타일외벽붙이기	361ac011c4f9d20d74fc5b4925de82ca629ee471e9f3272a0bb728e96f564d51	3cc30b81-6e91-4c22-a118-ea7f48dd7ff9	특수타일외벽붙이기	TASK	PROMOTED_FROM_SOURCE	EXACT_EQUIVALENT	PROPOSED	MANUAL_REVIEW	OWNER_APPROVED_CONCEPT_MEMBERSHIP	PRESERVE_SOURCE_MEMBERSHIP	RISK-04-APPROVE-001	62c2c50e3c0becbe23a686735d1a7e50ed8bce2f3fa23c539d2250b68227c2d7	c8c4232bf924b52636c9dc33fb1891473d548e09ed15de35f33764fe18603f3c	9493ff9f5515eec26daf0204589d1fa3dbb8128f2b58f3590f49244ebb4ecef4
74c56ddb5fa85738c93f46fb8b84dcab818d747bac7fc9c574eea356e24c19be	CIC_W	534	구조물밑면타일붙이기	5de714bb17d80b291c3d7e7d3da321d729f8771914677c30ae25f4e14aa01e91	525fab4f-8a50-492c-851c-f6f5a15be109	구조물밑면타일붙이기	PROCESS	PROMOTED_FROM_SOURCE	EXACT_EQUIVALENT	PROPOSED	MANUAL_REVIEW	OWNER_APPROVED_CONCEPT_MEMBERSHIP	PRESERVE_SOURCE_MEMBERSHIP	RISK-04-APPROVE-001	62c2c50e3c0becbe23a686735d1a7e50ed8bce2f3fa23c539d2250b68227c2d7	c8c4232bf924b52636c9dc33fb1891473d548e09ed15de35f33764fe18603f3c	9493ff9f5515eec26daf0204589d1fa3dbb8128f2b58f3590f49244ebb4ecef4
810738b26d61a6691eb14a2dc102e3c00fbcae5cc2ecab0a9555c9b75cc0f092	CIC_W	5341	시멘트계타일밑면붙이기	3bd5b677590352554d0b9eae29e05deaabfc73bb867aa9740b7d1401b3d0b8cf	95c52524-d7fc-47f8-8f5e-308ba8688285	시멘트계타일밑면붙이기	TASK	PROMOTED_FROM_SOURCE	EXACT_EQUIVALENT	PROPOSED	MANUAL_REVIEW	OWNER_APPROVED_CONCEPT_MEMBERSHIP	PRESERVE_SOURCE_MEMBERSHIP	RISK-04-APPROVE-001	62c2c50e3c0becbe23a686735d1a7e50ed8bce2f3fa23c539d2250b68227c2d7	c8c4232bf924b52636c9dc33fb1891473d548e09ed15de35f33764fe18603f3c	9493ff9f5515eec26daf0204589d1fa3dbb8128f2b58f3590f49244ebb4ecef4
30b8d2a1e0b2e4c131fddd6d2dca1cc1e86420bb2d5f1909a1efa13a44676f13	CIC_W	5342	점토질타일밑면붙이기	b2f7bf9778a16508246eaaa742f52e7494f1756356dd69607f03b52c0d2348aa	56964d21-2aad-4866-bf84-3dbb85cf3fdc	점토질타일밑면붙이기	TASK	PROMOTED_FROM_SOURCE	EXACT_EQUIVALENT	PROPOSED	MANUAL_REVIEW	OWNER_APPROVED_CONCEPT_MEMBERSHIP	PRESERVE_SOURCE_MEMBERSHIP	RISK-04-APPROVE-001	62c2c50e3c0becbe23a686735d1a7e50ed8bce2f3fa23c539d2250b68227c2d7	c8c4232bf924b52636c9dc33fb1891473d548e09ed15de35f33764fe18603f3c	9493ff9f5515eec26daf0204589d1fa3dbb8128f2b58f3590f49244ebb4ecef4
18d812d77be3fa13456746d8266b59776b670d64de54616c4213e245e6ca235e	CIC_W	5343	자기질타일밑면붙이기	0764af892d5f8668f8eae111cddffaa15b2e2d67a47e434791d6ee26a370317b	371c30b0-0543-4223-ae65-11e6c6ce180c	자기질타일밑면붙이기	TASK	PROMOTED_FROM_SOURCE	EXACT_EQUIVALENT	PROPOSED	MANUAL_REVIEW	OWNER_APPROVED_CONCEPT_MEMBERSHIP	PRESERVE_SOURCE_MEMBERSHIP	RISK-04-APPROVE-001	62c2c50e3c0becbe23a686735d1a7e50ed8bce2f3fa23c539d2250b68227c2d7	c8c4232bf924b52636c9dc33fb1891473d548e09ed15de35f33764fe18603f3c	9493ff9f5515eec26daf0204589d1fa3dbb8128f2b58f3590f49244ebb4ecef4
d425218245f34546da1d61ee113c56433acfb06a12e999a86d04f9f3288f8603	CIC_W	5344	도기질타일밑면붙이기	39c34bfda3a1ddb625bd994aa4b89d4f80215b74a1c46d840001151e70c27417	9688c88b-46dd-49d5-9b4e-3702674ac868	도기질타일밑면붙이기	TASK	PROMOTED_FROM_SOURCE	EXACT_EQUIVALENT	PROPOSED	MANUAL_REVIEW	OWNER_APPROVED_CONCEPT_MEMBERSHIP	PRESERVE_SOURCE_MEMBERSHIP	RISK-04-APPROVE-001	62c2c50e3c0becbe23a686735d1a7e50ed8bce2f3fa23c539d2250b68227c2d7	c8c4232bf924b52636c9dc33fb1891473d548e09ed15de35f33764fe18603f3c	9493ff9f5515eec26daf0204589d1fa3dbb8128f2b58f3590f49244ebb4ecef4
34d8af6e9c1d79bd7e4ee1cc80b00d803b72a450ed841343b1f7fada665b4507	CIC_W	5345	합성수지타일밑면붙이기	26a1382f42a46ae75ebb5e3c6d1edf793c7a941b58186d8a6eb4d06be61422fc	c73e02fc-05b6-499e-a43b-6245def56253	합성수지타일밑면붙이기	TASK	PROMOTED_FROM_SOURCE	EXACT_EQUIVALENT	PROPOSED	MANUAL_REVIEW	OWNER_APPROVED_CONCEPT_MEMBERSHIP	PRESERVE_SOURCE_MEMBERSHIP	RISK-04-APPROVE-001	62c2c50e3c0becbe23a686735d1a7e50ed8bce2f3fa23c539d2250b68227c2d7	c8c4232bf924b52636c9dc33fb1891473d548e09ed15de35f33764fe18603f3c	9493ff9f5515eec26daf0204589d1fa3dbb8128f2b58f3590f49244ebb4ecef4
2ebcd7a9820883b2c2db4249114716ff4bbf8908630fcfa1109626fc114e1449	CIC_W	5346	유리질타일밑면붙이기	54a409ed1dd1aefabc6074c6c2cb02458343cde643c364ffebf9743bd4e84b50	98c99d85-880c-4c03-9524-b20a8556e426	유리질타일밑면붙이기	TASK	PROMOTED_FROM_SOURCE	EXACT_EQUIVALENT	PROPOSED	MANUAL_REVIEW	OWNER_APPROVED_CONCEPT_MEMBERSHIP	PRESERVE_SOURCE_MEMBERSHIP	RISK-04-APPROVE-001	62c2c50e3c0becbe23a686735d1a7e50ed8bce2f3fa23c539d2250b68227c2d7	c8c4232bf924b52636c9dc33fb1891473d548e09ed15de35f33764fe18603f3c	9493ff9f5515eec26daf0204589d1fa3dbb8128f2b58f3590f49244ebb4ecef4
fb267430b811520954f246983ae923e400e57c78e1291d974d5e0cf04d41cfb5	CIC_W	5347	금속타일밑면붙이기	9f6136f861a01b1defee73af204c9b8a32a2cd3fac39504b4bc06639fe5ac45e	5aa26cb9-16a6-4ce5-9721-b0bafcaa7ce5	금속타일밑면붙이기	TASK	PROMOTED_FROM_SOURCE	EXACT_EQUIVALENT	PROPOSED	MANUAL_REVIEW	OWNER_APPROVED_CONCEPT_MEMBERSHIP	PRESERVE_SOURCE_MEMBERSHIP	RISK-04-APPROVE-001	62c2c50e3c0becbe23a686735d1a7e50ed8bce2f3fa23c539d2250b68227c2d7	c8c4232bf924b52636c9dc33fb1891473d548e09ed15de35f33764fe18603f3c	9493ff9f5515eec26daf0204589d1fa3dbb8128f2b58f3590f49244ebb4ecef4
4315faf3e68b640bfed59f8551716de5024b40ab31e8688e70b9b3e53c9f7028	CIC_W	5348	석재타일밑면붙이기	d0c7a13ab9d6e2709094682f5ac313eb15eb6ffb6a2d54579a78357a816c9293	ad03eeda-8fe0-438c-9ba8-48282f69060c	석재타일밑면붙이기	TASK	PROMOTED_FROM_SOURCE	EXACT_EQUIVALENT	PROPOSED	MANUAL_REVIEW	OWNER_APPROVED_CONCEPT_MEMBERSHIP	PRESERVE_SOURCE_MEMBERSHIP	RISK-04-APPROVE-001	62c2c50e3c0becbe23a686735d1a7e50ed8bce2f3fa23c539d2250b68227c2d7	c8c4232bf924b52636c9dc33fb1891473d548e09ed15de35f33764fe18603f3c	9493ff9f5515eec26daf0204589d1fa3dbb8128f2b58f3590f49244ebb4ecef4
de2bbd42e59eb0c104c70fad50822a37515dac22ebecd534c5638ec5db1311d8	CIC_W	5349	특수타일밑면붙이기	ecb2997662a0a8be4c1f24dc95420d75cd9bd5c04461d76709f22230d2861847	72d0a9ed-9592-4ad9-88a4-0edd4da1db1a	특수타일밑면붙이기	TASK	PROMOTED_FROM_SOURCE	EXACT_EQUIVALENT	PROPOSED	MANUAL_REVIEW	OWNER_APPROVED_CONCEPT_MEMBERSHIP	PRESERVE_SOURCE_MEMBERSHIP	RISK-04-APPROVE-001	62c2c50e3c0becbe23a686735d1a7e50ed8bce2f3fa23c539d2250b68227c2d7	c8c4232bf924b52636c9dc33fb1891473d548e09ed15de35f33764fe18603f3c	9493ff9f5515eec26daf0204589d1fa3dbb8128f2b58f3590f49244ebb4ecef4
b57c3ba6411b4b73aa27232bda7e8689b467a827341d764117bf4800f53573e7	CIC_W	535	계단타일붙이기	5bcae9cb8499930f2ebec6571a6abee97f5c1edb83c08b1e02ee349d5a820beb	733169a7-62d4-4547-8ee3-bdc46867713a	계단타일붙이기	PROCESS	PROMOTED_FROM_SOURCE	EXACT_EQUIVALENT	PROPOSED	MANUAL_REVIEW	OWNER_APPROVED_CONCEPT_MEMBERSHIP	PRESERVE_SOURCE_MEMBERSHIP	RISK-04-APPROVE-001	62c2c50e3c0becbe23a686735d1a7e50ed8bce2f3fa23c539d2250b68227c2d7	c8c4232bf924b52636c9dc33fb1891473d548e09ed15de35f33764fe18603f3c	9493ff9f5515eec26daf0204589d1fa3dbb8128f2b58f3590f49244ebb4ecef4
d72630f3c553b65de57c3f1b1cd2c7b1d590ba727213dfebbaaa99919e9b5564	CIC_W	5351	계단디딤판(트레드)타일붙이기	45e2c85dde6e446d90d9535c1f4348115cddb9a179ecc4b21c35d7a1ab89be0a	c40ce204-ca58-4fa7-9ba2-0a3e0eb8ec09	계단디딤판(트레드)타일붙이기	TASK	PROMOTED_FROM_SOURCE	EXACT_EQUIVALENT	PROPOSED	MANUAL_REVIEW	OWNER_APPROVED_CONCEPT_MEMBERSHIP	PRESERVE_SOURCE_MEMBERSHIP	RISK-04-APPROVE-001	62c2c50e3c0becbe23a686735d1a7e50ed8bce2f3fa23c539d2250b68227c2d7	c8c4232bf924b52636c9dc33fb1891473d548e09ed15de35f33764fe18603f3c	9493ff9f5515eec26daf0204589d1fa3dbb8128f2b58f3590f49244ebb4ecef4
9accec2539c903a0cf426f7e64530f38f1dd4cc43b167fe7f773150fd285ec8a	CIC_W	5352	계단채임판(라이저)석재붙이기	6985c17f351847499f1c250343deb7f6b9c81cc4d194fe15f055b3fa2b9c4d0f	99619801-45dc-4214-9f6c-e5fbc2395974	계단채임판(라이저)석재붙이기	TASK	MERGED_FROM_REVIEWED_SOURCES	EXACT_EQUIVALENT	PROPOSED	MANUAL_REVIEW	OWNER_APPROVED_CONCEPT_MEMBERSHIP	PRESERVE_SOURCE_MEMBERSHIP	RISK-04-APPROVE-001	62c2c50e3c0becbe23a686735d1a7e50ed8bce2f3fa23c539d2250b68227c2d7	c8c4232bf924b52636c9dc33fb1891473d548e09ed15de35f33764fe18603f3c	9493ff9f5515eec26daf0204589d1fa3dbb8128f2b58f3590f49244ebb4ecef4
a63a841f263e44b3510e95b26b35f556a121feb5851e7960819e7419f3aa98a4	CIC_W	536	이형타일붙이기	35e837c8c67c91eccbccf3c7b34a3aac68e17f34a15595aa80e4f538f6d6b179	b1e5dbad-5462-4f82-b31b-f7c9bbf44a6c	이형타일붙이기	PROCESS	PROMOTED_FROM_SOURCE	EXACT_EQUIVALENT	PROPOSED	MANUAL_REVIEW	OWNER_APPROVED_CONCEPT_MEMBERSHIP	PRESERVE_SOURCE_MEMBERSHIP	RISK-04-APPROVE-001	62c2c50e3c0becbe23a686735d1a7e50ed8bce2f3fa23c539d2250b68227c2d7	c8c4232bf924b52636c9dc33fb1891473d548e09ed15de35f33764fe18603f3c	9493ff9f5515eec26daf0204589d1fa3dbb8128f2b58f3590f49244ebb4ecef4
80939f7fa1fd293d7e83c7f483f67c76847db89d621fc4ea143c26922ce00a55	CIC_W	5361	띠타일붙이기	f536413e98b1912630cca19cc0911b5d42e52e12812766a8801370123b28f76b	69381494-9a4c-4941-8ca9-c64d55fbdab8	띠타일붙이기	TASK	PROMOTED_FROM_SOURCE	EXACT_EQUIVALENT	PROPOSED	MANUAL_REVIEW	OWNER_APPROVED_CONCEPT_MEMBERSHIP	PRESERVE_SOURCE_MEMBERSHIP	RISK-04-APPROVE-001	62c2c50e3c0becbe23a686735d1a7e50ed8bce2f3fa23c539d2250b68227c2d7	c8c4232bf924b52636c9dc33fb1891473d548e09ed15de35f33764fe18603f3c	9493ff9f5515eec26daf0204589d1fa3dbb8128f2b58f3590f49244ebb4ecef4
0f3eb0b69ce8900691163c9288f6757c3ae2f924611acd4cc1ffab189b613cc6	CIC_W	5362	모서리타일붙이기	a7e6327d3d1ac81346b0e026824f58ad88c3d06d1aae2aab7a6849b43d48779f	cdbf7194-0d2e-48bf-83c5-ea42c74698fb	모서리타일붙이기	TASK	PROMOTED_FROM_SOURCE	EXACT_EQUIVALENT	PROPOSED	MANUAL_REVIEW	OWNER_APPROVED_CONCEPT_MEMBERSHIP	PRESERVE_SOURCE_MEMBERSHIP	RISK-04-APPROVE-001	62c2c50e3c0becbe23a686735d1a7e50ed8bce2f3fa23c539d2250b68227c2d7	c8c4232bf924b52636c9dc33fb1891473d548e09ed15de35f33764fe18603f3c	9493ff9f5515eec26daf0204589d1fa3dbb8128f2b58f3590f49244ebb4ecef4
92fcde2f6818886f0ce9f145046785c5e03542e90010cb6d1abe626a47c8fa13	CIC_W	5363	점자타일붙이기	4e1f9bd734c4d3d6095f9777c8036d219c1307f869096d494149bdce94be3764	f9466a05-b8d4-4a05-808b-4beeb0fd2101	점자타일붙이기	TASK	PROMOTED_FROM_SOURCE	EXACT_EQUIVALENT	PROPOSED	MANUAL_REVIEW	OWNER_APPROVED_CONCEPT_MEMBERSHIP	PRESERVE_SOURCE_MEMBERSHIP	RISK-04-APPROVE-001	62c2c50e3c0becbe23a686735d1a7e50ed8bce2f3fa23c539d2250b68227c2d7	c8c4232bf924b52636c9dc33fb1891473d548e09ed15de35f33764fe18603f3c	9493ff9f5515eec26daf0204589d1fa3dbb8128f2b58f3590f49244ebb4ecef4
2395a398359cfe8ec42b275e898abbe8bd8009fa9258d77ed1d6faecbf4aedcd	CIC_W	5364	그래픽타일붙이기	b63c806b35160ba6e0a5859be8feca3e31969c48b2bacc888aba019bc1f485f3	dccc5f5a-9612-4fa6-8cd3-0078f5758a94	그래픽타일붙이기	TASK	PROMOTED_FROM_SOURCE	EXACT_EQUIVALENT	PROPOSED	MANUAL_REVIEW	OWNER_APPROVED_CONCEPT_MEMBERSHIP	PRESERVE_SOURCE_MEMBERSHIP	RISK-04-APPROVE-001	62c2c50e3c0becbe23a686735d1a7e50ed8bce2f3fa23c539d2250b68227c2d7	c8c4232bf924b52636c9dc33fb1891473d548e09ed15de35f33764fe18603f3c	9493ff9f5515eec26daf0204589d1fa3dbb8128f2b58f3590f49244ebb4ecef4
0b9d511e50c922967d44dbf7091ee2aed6a5da4211e67a0958ada5a4aa630f5e	CIC_W	54	수장공사	a53c95b548ab1a1a584ad79f325846f8ac90ecce9234f991f9d8be9919341250	ca6f7bea-96f1-456f-be61-e96c129ab18a	수장공사	PROCESS	PROMOTED_FROM_SOURCE	EXACT_EQUIVALENT	PROPOSED	MANUAL_REVIEW	OWNER_APPROVED_CONCEPT_MEMBERSHIP	PRESERVE_SOURCE_MEMBERSHIP	RISK-04-APPROVE-001	62c2c50e3c0becbe23a686735d1a7e50ed8bce2f3fa23c539d2250b68227c2d7	c8c4232bf924b52636c9dc33fb1891473d548e09ed15de35f33764fe18603f3c	9493ff9f5515eec26daf0204589d1fa3dbb8128f2b58f3590f49244ebb4ecef4
f49a09611bc31564fd18f8444c0573a0c2306c7b3af7d7897356cde4e4c09d08	CIC_W	541	바닥깔기	2c053ba6bcd16340ee74523df3f5a058c6c544a1aa2b2e26ffd1cb873ab68540	3213c0e7-55e9-421b-91b7-740057165b8b	바닥깔기	PROCESS	PROMOTED_FROM_SOURCE	EXACT_EQUIVALENT	PROPOSED	MANUAL_REVIEW	OWNER_APPROVED_CONCEPT_MEMBERSHIP	PRESERVE_SOURCE_MEMBERSHIP	RISK-04-APPROVE-001	62c2c50e3c0becbe23a686735d1a7e50ed8bce2f3fa23c539d2250b68227c2d7	c8c4232bf924b52636c9dc33fb1891473d548e09ed15de35f33764fe18603f3c	9493ff9f5515eec26daf0204589d1fa3dbb8128f2b58f3590f49244ebb4ecef4
1333de39b8fefd9c809020c2f0b28a70b9053bf60a206d536640178797b8fcdd	CIC_W	5411	온돌마루깔기	ee245e1aa10aa359ba3458b72eb4f72ba8cec44ad18449e257a7e37b6566ac3c	06f54916-d26f-408f-90bd-297511825e27	온돌마루깔기	TASK	PROMOTED_FROM_SOURCE	EXACT_EQUIVALENT	PROPOSED	MANUAL_REVIEW	OWNER_APPROVED_CONCEPT_MEMBERSHIP	PRESERVE_SOURCE_MEMBERSHIP	RISK-04-APPROVE-001	62c2c50e3c0becbe23a686735d1a7e50ed8bce2f3fa23c539d2250b68227c2d7	c8c4232bf924b52636c9dc33fb1891473d548e09ed15de35f33764fe18603f3c	9493ff9f5515eec26daf0204589d1fa3dbb8128f2b58f3590f49244ebb4ecef4
8d129db3a758d7ebaddf8793216a324ea60ce1ebf23b8aada37e9157ec68c77d	CIC_W	5414	카페트깔기	d8da3c9f03cc36165dd4cb913ee093465e3c41b37401a23d6f963eef3e3d73fe	58ce5ee0-546c-4386-95fb-d1ee90d08f50	카페트깔기	TASK	PROMOTED_FROM_SOURCE	EXACT_EQUIVALENT	PROPOSED	MANUAL_REVIEW	OWNER_APPROVED_CONCEPT_MEMBERSHIP	PRESERVE_SOURCE_MEMBERSHIP	RISK-04-APPROVE-001	62c2c50e3c0becbe23a686735d1a7e50ed8bce2f3fa23c539d2250b68227c2d7	c8c4232bf924b52636c9dc33fb1891473d548e09ed15de35f33764fe18603f3c	9493ff9f5515eec26daf0204589d1fa3dbb8128f2b58f3590f49244ebb4ecef4
54a353545a68387d37e37fc6d8cb8a5730225115f849d8ddb359d69e38b20a8d	CIC_W	5417	인조잔디깔기	c6e1721b325f212c346209510cdba89a83dfc7717fb82f4224711538d1e41ec6	b7984497-d014-471e-ac82-42f5de141088	인조잔디깔기	TASK	PROMOTED_FROM_SOURCE	EXACT_EQUIVALENT	PROPOSED	MANUAL_REVIEW	OWNER_APPROVED_CONCEPT_MEMBERSHIP	PRESERVE_SOURCE_MEMBERSHIP	RISK-04-APPROVE-001	62c2c50e3c0becbe23a686735d1a7e50ed8bce2f3fa23c539d2250b68227c2d7	c8c4232bf924b52636c9dc33fb1891473d548e09ed15de35f33764fe18603f3c	9493ff9f5515eec26daf0204589d1fa3dbb8128f2b58f3590f49244ebb4ecef4
d9b532de11a59325b4ddd1ea15f7c20f29e5cbd822e0e653e66e7dfb18b786c3	CIC_W	542	칸막이공사	f623fef0b52bee1b6af73b3be121408df1e36d023ca6dfd07ccaf997b1a5c59e	c948d983-8064-4528-b202-585025a072df	칸막이공사	PROCESS	PROMOTED_FROM_SOURCE	EXACT_EQUIVALENT	PROPOSED	MANUAL_REVIEW	OWNER_APPROVED_CONCEPT_MEMBERSHIP	PRESERVE_SOURCE_MEMBERSHIP	RISK-04-APPROVE-001	62c2c50e3c0becbe23a686735d1a7e50ed8bce2f3fa23c539d2250b68227c2d7	c8c4232bf924b52636c9dc33fb1891473d548e09ed15de35f33764fe18603f3c	9493ff9f5515eec26daf0204589d1fa3dbb8128f2b58f3590f49244ebb4ecef4
62b5973b4228e74fa1aaa665730dc6ba7d6d098f4e8994f73be83d666bf19ea9	CIC_W	5425	UBR(UnitBathRoom)설치	5f3cb094b6d12377e3d44738fc60b3d82afea79aa9ab173c4bb400a3392ea695	935ae655-347e-4ef9-b4a6-e90a353c6119	UBR(UnitBathRoom)설치	TASK	PROMOTED_FROM_SOURCE	EXACT_EQUIVALENT	PROPOSED	MANUAL_REVIEW	OWNER_APPROVED_CONCEPT_MEMBERSHIP	PRESERVE_SOURCE_MEMBERSHIP	RISK-04-APPROVE-001	62c2c50e3c0becbe23a686735d1a7e50ed8bce2f3fa23c539d2250b68227c2d7	c8c4232bf924b52636c9dc33fb1891473d548e09ed15de35f33764fe18603f3c	9493ff9f5515eec26daf0204589d1fa3dbb8128f2b58f3590f49244ebb4ecef4
e14c59823685a24a127c218de90f0a7a9bea1184aaf989ab621182f726b86b57	CIC_W	543	벽체붙이기	b8605fe8c0ef16348371393e2acc2501db26b6877153513bec3000f4f5de1df6	ac2a3158-0c35-492f-8611-dd2c65d6aa30	벽체붙이기	PROCESS	PROMOTED_FROM_SOURCE	EXACT_EQUIVALENT	PROPOSED	MANUAL_REVIEW	OWNER_APPROVED_CONCEPT_MEMBERSHIP	PRESERVE_SOURCE_MEMBERSHIP	RISK-04-APPROVE-001	62c2c50e3c0becbe23a686735d1a7e50ed8bce2f3fa23c539d2250b68227c2d7	c8c4232bf924b52636c9dc33fb1891473d548e09ed15de35f33764fe18603f3c	9493ff9f5515eec26daf0204589d1fa3dbb8128f2b58f3590f49244ebb4ecef4
78ff319afeae5c4d38545585224ac910be5755bafbc8ee375dddba9f88e82de2	CIC_W	5431	벽체석고보드붙이기	2bd2b7bd45ea1615eb4cc00f35b8080884f5ff71af92f741b74eca9c0b5ba20e	caf1be65-959f-47d8-80a4-b50a26bfc0d6	벽체석고보드붙이기	TASK	PROMOTED_FROM_SOURCE	EXACT_EQUIVALENT	PROPOSED	MANUAL_REVIEW	OWNER_APPROVED_CONCEPT_MEMBERSHIP	PRESERVE_SOURCE_MEMBERSHIP	RISK-04-APPROVE-001	62c2c50e3c0becbe23a686735d1a7e50ed8bce2f3fa23c539d2250b68227c2d7	c8c4232bf924b52636c9dc33fb1891473d548e09ed15de35f33764fe18603f3c	9493ff9f5515eec26daf0204589d1fa3dbb8128f2b58f3590f49244ebb4ecef4
2d07095799f1b1997c3aeca2067bf894f729f4f995fbe9e46242b0cf4a24d6c1	CIC_W	5432	벽체석면시멘트판재붙이기	9192e49ac158c48fd03fde053eec3ad773562b6a752cf650ce79ddb2ef031f5c	d58a82f0-4dfd-45e0-a2fb-44533dccd83c	벽체석면시멘트판재붙이기	TASK	PROMOTED_FROM_SOURCE	EXACT_EQUIVALENT	PROPOSED	MANUAL_REVIEW	OWNER_APPROVED_CONCEPT_MEMBERSHIP	PRESERVE_SOURCE_MEMBERSHIP	RISK-04-APPROVE-001	62c2c50e3c0becbe23a686735d1a7e50ed8bce2f3fa23c539d2250b68227c2d7	c8c4232bf924b52636c9dc33fb1891473d548e09ed15de35f33764fe18603f3c	9493ff9f5515eec26daf0204589d1fa3dbb8128f2b58f3590f49244ebb4ecef4
9c06918ebca440221f0611c424879062d7e3a62b24bfffbbae7e605a779cee21	CIC_W	5433	벽체합성수지판재붙이기	d697054f9347ce6cd9f2d9275e172a6ecf7bbebf75ad2474f3a3a1030f1ff154	cc37f2d9-e0e6-42ec-802a-dce98fe53cff	벽체합성수지판재붙이기	TASK	PROMOTED_FROM_SOURCE	EXACT_EQUIVALENT	PROPOSED	MANUAL_REVIEW	OWNER_APPROVED_CONCEPT_MEMBERSHIP	PRESERVE_SOURCE_MEMBERSHIP	RISK-04-APPROVE-001	62c2c50e3c0becbe23a686735d1a7e50ed8bce2f3fa23c539d2250b68227c2d7	c8c4232bf924b52636c9dc33fb1891473d548e09ed15de35f33764fe18603f3c	9493ff9f5515eec26daf0204589d1fa3dbb8128f2b58f3590f49244ebb4ecef4
7fee508fff28519e94881da53e4d6f6a569a79d52039771c63279b384603504c	CIC_W	5434	벽체섬유질판재붙이기	956d992043654e6eb89146d44ffeb8f6e6ab1ce87e6cff84e7c477ba30f91ffe	06da75ac-d4c3-4b60-a384-d57f9b2eb6dd	벽체섬유질판재붙이기	TASK	PROMOTED_FROM_SOURCE	EXACT_EQUIVALENT	PROPOSED	MANUAL_REVIEW	OWNER_APPROVED_CONCEPT_MEMBERSHIP	PRESERVE_SOURCE_MEMBERSHIP	RISK-04-APPROVE-001	62c2c50e3c0becbe23a686735d1a7e50ed8bce2f3fa23c539d2250b68227c2d7	c8c4232bf924b52636c9dc33fb1891473d548e09ed15de35f33764fe18603f3c	9493ff9f5515eec26daf0204589d1fa3dbb8128f2b58f3590f49244ebb4ecef4
f3fb71b0ba21db5860f25de1b417e45ff2f65763afd80d0f7852f391aeeea390	CIC_W	5435	벽체카페트붙이기	80ab5920a95a39d6e9ff2bdfb65959293ce64f9190f38748c95d2a79fd0a52bd	900c0052-ab6c-4631-8df0-c8cf4c466803	벽체카페트붙이기	TASK	PROMOTED_FROM_SOURCE	EXACT_EQUIVALENT	PROPOSED	MANUAL_REVIEW	OWNER_APPROVED_CONCEPT_MEMBERSHIP	PRESERVE_SOURCE_MEMBERSHIP	RISK-04-APPROVE-001	62c2c50e3c0becbe23a686735d1a7e50ed8bce2f3fa23c539d2250b68227c2d7	c8c4232bf924b52636c9dc33fb1891473d548e09ed15de35f33764fe18603f3c	9493ff9f5515eec26daf0204589d1fa3dbb8128f2b58f3590f49244ebb4ecef4
552ee583ee93ff4e7f5d8a5138ae5ac005d30194d4705db5e085a8366d01629c	CIC_W	5436	벽체페브릭붙이기	089ba0f30049dd012b20182475b77bf72ac561075c6f4eb5b1ebe43b814b832a	cefa4a51-f586-4f29-96c7-2b511e749ee7	벽체페브릭붙이기	TASK	PROMOTED_FROM_SOURCE	EXACT_EQUIVALENT	PROPOSED	MANUAL_REVIEW	OWNER_APPROVED_CONCEPT_MEMBERSHIP	PRESERVE_SOURCE_MEMBERSHIP	RISK-04-APPROVE-001	62c2c50e3c0becbe23a686735d1a7e50ed8bce2f3fa23c539d2250b68227c2d7	c8c4232bf924b52636c9dc33fb1891473d548e09ed15de35f33764fe18603f3c	9493ff9f5515eec26daf0204589d1fa3dbb8128f2b58f3590f49244ebb4ecef4
f070f9ad9a88fac90e56e12b1c91bdae010a383e0bda0acf85af7180eec65be3	CIC_W	544	천정판재붙이기	0f571190b35b4c9aae3b26ab96a87556f65be7b3e8cb1824c06a807dc34bc0b7	02cd1121-108c-4ee3-89de-c83d73cda213	천정판재붙이기	PROCESS	PROMOTED_FROM_SOURCE	EXACT_EQUIVALENT	PROPOSED	MANUAL_REVIEW	OWNER_APPROVED_CONCEPT_MEMBERSHIP	PRESERVE_SOURCE_MEMBERSHIP	RISK-04-APPROVE-001	62c2c50e3c0becbe23a686735d1a7e50ed8bce2f3fa23c539d2250b68227c2d7	c8c4232bf924b52636c9dc33fb1891473d548e09ed15de35f33764fe18603f3c	9493ff9f5515eec26daf0204589d1fa3dbb8128f2b58f3590f49244ebb4ecef4
a371ec269e35d18f915f6959d4f6c62062007519996739538098ec2d9069542a	CIC_W	5441	천정석고보드붙이기	fbcbd1072db570aeebcfabc93dd134d519c6ca38c1b2dac2e1d848adf0f6c702	78725ef9-b85c-4ec5-b7e4-f5a29136b51d	천정석고보드붙이기	TASK	PROMOTED_FROM_SOURCE	EXACT_EQUIVALENT	PROPOSED	MANUAL_REVIEW	OWNER_APPROVED_CONCEPT_MEMBERSHIP	PRESERVE_SOURCE_MEMBERSHIP	RISK-04-APPROVE-001	62c2c50e3c0becbe23a686735d1a7e50ed8bce2f3fa23c539d2250b68227c2d7	c8c4232bf924b52636c9dc33fb1891473d548e09ed15de35f33764fe18603f3c	9493ff9f5515eec26daf0204589d1fa3dbb8128f2b58f3590f49244ebb4ecef4
7c43ae090a1e848f0930bcd930cc76c03322f403fb76fea026eda98812202e37	CIC_W	5442	천정석면시멘트판재붙이기	33d798b0ad019da5011680db134e0a9adaa48735d3afcac0b34a7d8c644ac076	bee670cd-c633-441f-b15a-0fa2bb279a1d	천정석면시멘트판재붙이기	TASK	PROMOTED_FROM_SOURCE	EXACT_EQUIVALENT	PROPOSED	MANUAL_REVIEW	OWNER_APPROVED_CONCEPT_MEMBERSHIP	PRESERVE_SOURCE_MEMBERSHIP	RISK-04-APPROVE-001	62c2c50e3c0becbe23a686735d1a7e50ed8bce2f3fa23c539d2250b68227c2d7	c8c4232bf924b52636c9dc33fb1891473d548e09ed15de35f33764fe18603f3c	9493ff9f5515eec26daf0204589d1fa3dbb8128f2b58f3590f49244ebb4ecef4
cf6c92360777abea8af4991764086dd0da4e77d2daf859f1576f33f211facc82	CIC_W	5443	천정합성수지판재붙이기	07a488cdbaf16d0c37a607a0a3d8a6d50d0dd3d78e4115fb68facad1c976d0d1	d297e465-7ed2-4fb4-a53f-512040462129	천정합성수지판재붙이기	TASK	PROMOTED_FROM_SOURCE	EXACT_EQUIVALENT	PROPOSED	MANUAL_REVIEW	OWNER_APPROVED_CONCEPT_MEMBERSHIP	PRESERVE_SOURCE_MEMBERSHIP	RISK-04-APPROVE-001	62c2c50e3c0becbe23a686735d1a7e50ed8bce2f3fa23c539d2250b68227c2d7	c8c4232bf924b52636c9dc33fb1891473d548e09ed15de35f33764fe18603f3c	9493ff9f5515eec26daf0204589d1fa3dbb8128f2b58f3590f49244ebb4ecef4
d3ee05ed21f79fa291de7b5e712295e8841324fc4463c4915653b20fbfe52ad2	CIC_W	5444	천정섬유질판재붙이기	696ec6c453cebd8899c5d56b6bb1d496db7664d9b65e90eafbe21c92b09825f5	7269d84e-6670-4bef-ad33-9445339e0279	천정섬유질판재붙이기	TASK	PROMOTED_FROM_SOURCE	EXACT_EQUIVALENT	PROPOSED	MANUAL_REVIEW	OWNER_APPROVED_CONCEPT_MEMBERSHIP	PRESERVE_SOURCE_MEMBERSHIP	RISK-04-APPROVE-001	62c2c50e3c0becbe23a686735d1a7e50ed8bce2f3fa23c539d2250b68227c2d7	c8c4232bf924b52636c9dc33fb1891473d548e09ed15de35f33764fe18603f3c	9493ff9f5515eec26daf0204589d1fa3dbb8128f2b58f3590f49244ebb4ecef4
8682b5f2e0d54d52a2063f22f31a03d14ed5f3b739a9a2197b9ca922875b16b7	CIC_W	5446	천정패브릭붙이기	f71aa1d13d377156780eaec564e26d55780d0d0bd5bb21be0793bb075cdc5b19	3c60611c-319d-4805-a9b0-4c3e91730331	천정패브릭붙이기	TASK	PROMOTED_FROM_SOURCE	EXACT_EQUIVALENT	PROPOSED	MANUAL_REVIEW	OWNER_APPROVED_CONCEPT_MEMBERSHIP	PRESERVE_SOURCE_MEMBERSHIP	RISK-04-APPROVE-001	62c2c50e3c0becbe23a686735d1a7e50ed8bce2f3fa23c539d2250b68227c2d7	c8c4232bf924b52636c9dc33fb1891473d548e09ed15de35f33764fe18603f3c	9493ff9f5515eec26daf0204589d1fa3dbb8128f2b58f3590f49244ebb4ecef4
dbd814ced6a9166e3d34537d81c3b88b2f1f18af2ec2902162593c5449a4b1e2	CIC_W	545	도배공사	57842b6f62bcef11aa5623a54959143ed3d51e2d42f9c3a51e9c6a302a16ff19	addfaf62-3805-4680-9941-6e299eeed209	도배공사	PROCESS	PROMOTED_FROM_SOURCE	EXACT_EQUIVALENT	PROPOSED	MANUAL_REVIEW	OWNER_APPROVED_CONCEPT_MEMBERSHIP	PRESERVE_SOURCE_MEMBERSHIP	RISK-04-APPROVE-001	62c2c50e3c0becbe23a686735d1a7e50ed8bce2f3fa23c539d2250b68227c2d7	c8c4232bf924b52636c9dc33fb1891473d548e09ed15de35f33764fe18603f3c	9493ff9f5515eec26daf0204589d1fa3dbb8128f2b58f3590f49244ebb4ecef4
5e8f60fa5c06791bfcacfcd53336f12d604a14432e6632a4b41833de0229be70	CIC_W	5451	벽지바르기	3ac761fa4fb40785920db9a5967742e56d932eb6ed4f2c5d56c8c4386124c338	78752ad8-563f-40b4-b785-345e3ad17c77	벽지바르기	TASK	PROMOTED_FROM_SOURCE	EXACT_EQUIVALENT	PROPOSED	MANUAL_REVIEW	OWNER_APPROVED_CONCEPT_MEMBERSHIP	PRESERVE_SOURCE_MEMBERSHIP	RISK-04-APPROVE-001	62c2c50e3c0becbe23a686735d1a7e50ed8bce2f3fa23c539d2250b68227c2d7	c8c4232bf924b52636c9dc33fb1891473d548e09ed15de35f33764fe18603f3c	9493ff9f5515eec26daf0204589d1fa3dbb8128f2b58f3590f49244ebb4ecef4
f9c9077544e1a16ea290907a64545579f2140750e0d0bb5eaa0afdd43b99b4b6	CIC_W	5452	천정지바르기	54c4aa958e1db450b05ba644da0a690483728a983c8448869caebffce3f85e65	55522a2a-9ebd-4dc1-bc67-8ec7cdae2b6a	천정지바르기	TASK	PROMOTED_FROM_SOURCE	EXACT_EQUIVALENT	PROPOSED	MANUAL_REVIEW	OWNER_APPROVED_CONCEPT_MEMBERSHIP	PRESERVE_SOURCE_MEMBERSHIP	RISK-04-APPROVE-001	62c2c50e3c0becbe23a686735d1a7e50ed8bce2f3fa23c539d2250b68227c2d7	c8c4232bf924b52636c9dc33fb1891473d548e09ed15de35f33764fe18603f3c	9493ff9f5515eec26daf0204589d1fa3dbb8128f2b58f3590f49244ebb4ecef4
7f5bbd14a04275c4ba2b2509e8b7590112a081c7da7422af3916d6bd434cda1e	CIC_W	5453	장판지바르기	83471a2d8a35330ea85c0814ddd9fd05dfeccb83ab2eb1628ad6c4fe43ed68a1	1333d6f6-7703-4f3e-afcf-9ab03b758cc9	장판지바르기	TASK	PROMOTED_FROM_SOURCE	EXACT_EQUIVALENT	PROPOSED	MANUAL_REVIEW	OWNER_APPROVED_CONCEPT_MEMBERSHIP	PRESERVE_SOURCE_MEMBERSHIP	RISK-04-APPROVE-001	62c2c50e3c0becbe23a686735d1a7e50ed8bce2f3fa23c539d2250b68227c2d7	c8c4232bf924b52636c9dc33fb1891473d548e09ed15de35f33764fe18603f3c	9493ff9f5515eec26daf0204589d1fa3dbb8128f2b58f3590f49244ebb4ecef4
65915371a5f19ac3c8ca1080cd83fae9bcc97f5c9800ef32a054c62f2ef199e6	CIC_W	5455	창호지바르기	0d3552f53d8bb26076ad3fba2d96b14a895fcfe1eb011cf3a5d1c6c9e1e767d1	9377e2e2-0199-4ffb-8a39-45eebe204ef8	창호지바르기	TASK	PROMOTED_FROM_SOURCE	EXACT_EQUIVALENT	PROPOSED	MANUAL_REVIEW	OWNER_APPROVED_CONCEPT_MEMBERSHIP	PRESERVE_SOURCE_MEMBERSHIP	RISK-04-APPROVE-001	62c2c50e3c0becbe23a686735d1a7e50ed8bce2f3fa23c539d2250b68227c2d7	c8c4232bf924b52636c9dc33fb1891473d548e09ed15de35f33764fe18603f3c	9493ff9f5515eec26daf0204589d1fa3dbb8128f2b58f3590f49244ebb4ecef4
60fc836d036071c30b6c45df900327a4c10bf1077ba6a3390a9e2f057077c9ce	CIC_W	546	박판쉬트(비니어)붙이기	0f3dce322934ae5e11439e5231fff7a5302aad3b4cfac914f9cd2c803987e6be	f341a82a-d015-42a2-ba95-73222b9510c2	박판쉬트(비니어)붙이기	PROCESS	PROMOTED_FROM_SOURCE	EXACT_EQUIVALENT	PROPOSED	MANUAL_REVIEW	OWNER_APPROVED_CONCEPT_MEMBERSHIP	PRESERVE_SOURCE_MEMBERSHIP	RISK-04-APPROVE-001	62c2c50e3c0becbe23a686735d1a7e50ed8bce2f3fa23c539d2250b68227c2d7	c8c4232bf924b52636c9dc33fb1891473d548e09ed15de35f33764fe18603f3c	9493ff9f5515eec26daf0204589d1fa3dbb8128f2b58f3590f49244ebb4ecef4
0fa3246e184944bd56662115fb0538e3a2d23b79b0a964f834d1dbfdb1acc5ea	CIC_W	5461	우드비니어(무늬목)붙이기	62d73a0d76ce42ad867a0c4c6d8595060a2d856eb1d1158644359782ee0ce158	0a24f8d3-2f4b-4b09-a59f-5a9135709340	우드비니어(무늬목)붙이기	TASK	PROMOTED_FROM_SOURCE	EXACT_EQUIVALENT	PROPOSED	MANUAL_REVIEW	OWNER_APPROVED_CONCEPT_MEMBERSHIP	PRESERVE_SOURCE_MEMBERSHIP	RISK-04-APPROVE-001	62c2c50e3c0becbe23a686735d1a7e50ed8bce2f3fa23c539d2250b68227c2d7	c8c4232bf924b52636c9dc33fb1891473d548e09ed15de35f33764fe18603f3c	9493ff9f5515eec26daf0204589d1fa3dbb8128f2b58f3590f49244ebb4ecef4
a131b9a1009d2cdcab12fe84a8c6c4e8ea37c621ef8f303065ced0e0be968c35	CIC_W	5462	멜라민수지쉬트붙이기	425c2d5e2a93d757f78200cbb912cd574d890472e8a193f09fc840d40d850f10	2155936c-2027-4873-9d84-a369ff47b824	멜라민수지쉬트붙이기	TASK	PROMOTED_FROM_SOURCE	EXACT_EQUIVALENT	PROPOSED	MANUAL_REVIEW	OWNER_APPROVED_CONCEPT_MEMBERSHIP	PRESERVE_SOURCE_MEMBERSHIP	RISK-04-APPROVE-001	62c2c50e3c0becbe23a686735d1a7e50ed8bce2f3fa23c539d2250b68227c2d7	c8c4232bf924b52636c9dc33fb1891473d548e09ed15de35f33764fe18603f3c	9493ff9f5515eec26daf0204589d1fa3dbb8128f2b58f3590f49244ebb4ecef4
60473f1e32008ad8a9c09e79b26bd1eec7defb396d451d08a52245a88c21e59a	CIC_W	5463	폴리에스테르수지쉬트붙이기	e7c6a8f4a370fe02e86f0922f0311eadd9dac82fcc007bae096286abbfe42c05	31b9bee4-e990-491c-867c-6b6c23cce758	폴리에스테르수지쉬트붙이기	TASK	PROMOTED_FROM_SOURCE	EXACT_EQUIVALENT	PROPOSED	MANUAL_REVIEW	OWNER_APPROVED_CONCEPT_MEMBERSHIP	PRESERVE_SOURCE_MEMBERSHIP	RISK-04-APPROVE-001	62c2c50e3c0becbe23a686735d1a7e50ed8bce2f3fa23c539d2250b68227c2d7	c8c4232bf924b52636c9dc33fb1891473d548e09ed15de35f33764fe18603f3c	9493ff9f5515eec26daf0204589d1fa3dbb8128f2b58f3590f49244ebb4ecef4
8706e3c056311bbc017518aee284aa778abdef09a7483390bbcd338d7567d85d	CIC_W	5464	염화비닐수지쉬트붙이기	951a084e5bee49796397c93c212cc1f8e6f45fa38d504f0009900faf782e6bf3	d668e6e1-a5b6-4ba7-b40f-b1fd3e0bbd22	염화비닐수지쉬트붙이기	TASK	PROMOTED_FROM_SOURCE	EXACT_EQUIVALENT	PROPOSED	MANUAL_REVIEW	OWNER_APPROVED_CONCEPT_MEMBERSHIP	PRESERVE_SOURCE_MEMBERSHIP	RISK-04-APPROVE-001	62c2c50e3c0becbe23a686735d1a7e50ed8bce2f3fa23c539d2250b68227c2d7	c8c4232bf924b52636c9dc33fb1891473d548e09ed15de35f33764fe18603f3c	9493ff9f5515eec26daf0204589d1fa3dbb8128f2b58f3590f49244ebb4ecef4
8517b4c4a788f2bda66465c4045e81529c4943ee49efd422a587507404e93158	CIC_W	5465	페놀수지쉬트붙이기	aff371ce891e274a874fa44d07014f31eaedb12bcc479abd9dbc8d4dc774beb9	e284a432-5d1b-4e0a-860c-b1a79df76ae5	페놀수지쉬트붙이기	TASK	PROMOTED_FROM_SOURCE	EXACT_EQUIVALENT	PROPOSED	MANUAL_REVIEW	OWNER_APPROVED_CONCEPT_MEMBERSHIP	PRESERVE_SOURCE_MEMBERSHIP	RISK-04-APPROVE-001	62c2c50e3c0becbe23a686735d1a7e50ed8bce2f3fa23c539d2250b68227c2d7	c8c4232bf924b52636c9dc33fb1891473d548e09ed15de35f33764fe18603f3c	9493ff9f5515eec26daf0204589d1fa3dbb8128f2b58f3590f49244ebb4ecef4
5f42a1a0c49ac7181c180b407461dbb7ac57b6437273ed7d5f225762a11e6a29	CIC_W	5466	박판금속쉬트붙이기	5e72346cb1aaa97f01762dbe54152ab030bb411520b84c1c5651e181cf5f7c26	22c5a852-db42-4bec-b3b8-03a4147f23bc	박판금속쉬트붙이기	TASK	PROMOTED_FROM_SOURCE	EXACT_EQUIVALENT	PROPOSED	MANUAL_REVIEW	OWNER_APPROVED_CONCEPT_MEMBERSHIP	PRESERVE_SOURCE_MEMBERSHIP	RISK-04-APPROVE-001	62c2c50e3c0becbe23a686735d1a7e50ed8bce2f3fa23c539d2250b68227c2d7	c8c4232bf924b52636c9dc33fb1891473d548e09ed15de35f33764fe18603f3c	9493ff9f5515eec26daf0204589d1fa3dbb8128f2b58f3590f49244ebb4ecef4
a07e7d7458f87baab1e0ea793a046c0624e89da2f7ba5d7b99a31b47527619cd	CIC_W	547	장식공사	7f2507b6c1ad8ac7ec8b5b9dbca5f54652d7153248d333c7935cd92b181353d5	fa8cfc12-4cef-4715-9d5e-68472a822b8b	장식공사	PROCESS	PROMOTED_FROM_SOURCE	EXACT_EQUIVALENT	PROPOSED	MANUAL_REVIEW	OWNER_APPROVED_CONCEPT_MEMBERSHIP	PRESERVE_SOURCE_MEMBERSHIP	RISK-04-APPROVE-001	62c2c50e3c0becbe23a686735d1a7e50ed8bce2f3fa23c539d2250b68227c2d7	c8c4232bf924b52636c9dc33fb1891473d548e09ed15de35f33764fe18603f3c	9493ff9f5515eec26daf0204589d1fa3dbb8128f2b58f3590f49244ebb4ecef4
ef735e15fb2db826c7976649979860de38d30be4d97483c7ceb9da127ff47f16	CIC_W	5471	그릴설치	9e59325bd7272dc2f9cdd7d73c9834659904834b5b3c3564198a39896b8158ac	8f7050b0-0f96-4b56-83f4-c8c52ee529c7	그릴설치	TASK	PROMOTED_FROM_SOURCE	EXACT_EQUIVALENT	PROPOSED	MANUAL_REVIEW	OWNER_APPROVED_CONCEPT_MEMBERSHIP	PRESERVE_SOURCE_MEMBERSHIP	RISK-04-APPROVE-001	62c2c50e3c0becbe23a686735d1a7e50ed8bce2f3fa23c539d2250b68227c2d7	c8c4232bf924b52636c9dc33fb1891473d548e09ed15de35f33764fe18603f3c	9493ff9f5515eec26daf0204589d1fa3dbb8128f2b58f3590f49244ebb4ecef4
3baed32846010fafeb1b1bfcc3f9917e04ed5f3f4a1a863459f7459f39537c13	CIC_W	5472	루버설치	89a65671af28a182870eb83b8fd35e425c2163783b1eead30c4c32153414b934	450fbad8-e272-4151-a2f4-c9dd17871d68	루버설치	TASK	PROMOTED_FROM_SOURCE	EXACT_EQUIVALENT	PROPOSED	MANUAL_REVIEW	OWNER_APPROVED_CONCEPT_MEMBERSHIP	PRESERVE_SOURCE_MEMBERSHIP	RISK-04-APPROVE-001	62c2c50e3c0becbe23a686735d1a7e50ed8bce2f3fa23c539d2250b68227c2d7	c8c4232bf924b52636c9dc33fb1891473d548e09ed15de35f33764fe18603f3c	9493ff9f5515eec26daf0204589d1fa3dbb8128f2b58f3590f49244ebb4ecef4
47044ed5952d1575533af219bc663de6e76fa9332f5755ad420fa2bd7f18392a	CIC_W	5473	수장마감부속재설치	5113556f199d02ca610e5aae37cdb7822e87a0586831b51b4ba1f2ef6d1f2193	cc808536-8587-4938-b905-be60d47111f5	수장마감부속재설치	TASK	PROMOTED_FROM_SOURCE	EXACT_EQUIVALENT	PROPOSED	MANUAL_REVIEW	OWNER_APPROVED_CONCEPT_MEMBERSHIP	PRESERVE_SOURCE_MEMBERSHIP	RISK-04-APPROVE-001	62c2c50e3c0becbe23a686735d1a7e50ed8bce2f3fa23c539d2250b68227c2d7	c8c4232bf924b52636c9dc33fb1891473d548e09ed15de35f33764fe18603f3c	9493ff9f5515eec26daf0204589d1fa3dbb8128f2b58f3590f49244ebb4ecef4
1437d4fb2e15008793e80a6add85a1b97e021e3d47bfbffbc8ed67fdfb0badd9	CIC_W	55	도장공사	706b109b6fd8aeddce13add7f1c380804672ac30806e855f754e5979a2f7ff3a	32915fdf-e539-40f3-8e31-01c14e4d5a38	도장공사	PROCESS	PROMOTED_FROM_SOURCE	EXACT_EQUIVALENT	PROPOSED	MANUAL_REVIEW	OWNER_APPROVED_CONCEPT_MEMBERSHIP	PRESERVE_SOURCE_MEMBERSHIP	RISK-04-APPROVE-001	62c2c50e3c0becbe23a686735d1a7e50ed8bce2f3fa23c539d2250b68227c2d7	c8c4232bf924b52636c9dc33fb1891473d548e09ed15de35f33764fe18603f3c	9493ff9f5515eec26daf0204589d1fa3dbb8128f2b58f3590f49244ebb4ecef4
e7731b9086b0d96d550dee55ef3b4a15fc31ffaea38ad96a32531547ef1a170e	CIC_W	551	바탕처리	172b5d183961638c11d2ddd68aa2bcca8a5c37d208160fa56f3af8dddb96cf41	1c3217dc-73b3-45fd-9119-13508993a96d	바탕처리	PROCESS	PROMOTED_FROM_SOURCE	EXACT_EQUIVALENT	PROPOSED	MANUAL_REVIEW	OWNER_APPROVED_CONCEPT_MEMBERSHIP	PRESERVE_SOURCE_MEMBERSHIP	RISK-04-APPROVE-001	62c2c50e3c0becbe23a686735d1a7e50ed8bce2f3fa23c539d2250b68227c2d7	c8c4232bf924b52636c9dc33fb1891473d548e09ed15de35f33764fe18603f3c	9493ff9f5515eec26daf0204589d1fa3dbb8128f2b58f3590f49244ebb4ecef4
8ef58ec9a48cf8a80ce03dde2883fc27105032aad1e21b6b6f8fd5480311fc07	CIC_W	5511	금속제바탕처리	02fd02858880cebac2e039f2cc1abb5feadfe685a45198c08ca017270a897a50	5751cb34-0ee5-4298-9f45-22a07d7007f2	금속제바탕처리	TASK	PROMOTED_FROM_SOURCE	EXACT_EQUIVALENT	PROPOSED	MANUAL_REVIEW	OWNER_APPROVED_CONCEPT_MEMBERSHIP	PRESERVE_SOURCE_MEMBERSHIP	RISK-04-APPROVE-001	62c2c50e3c0becbe23a686735d1a7e50ed8bce2f3fa23c539d2250b68227c2d7	c8c4232bf924b52636c9dc33fb1891473d548e09ed15de35f33764fe18603f3c	9493ff9f5515eec26daf0204589d1fa3dbb8128f2b58f3590f49244ebb4ecef4
bc833fde9ee82faa15d06543baa0e292e6e3429acede42676cfaac5e7bbf5d18	CIC_W	5512	목재바탕처리	9a60ab98c185638e74bea92c8cf87cdac8a88891b3eded3afa7563449091f782	699a7a8d-8214-4551-8250-359d4930b902	목재바탕처리	TASK	PROMOTED_FROM_SOURCE	EXACT_EQUIVALENT	PROPOSED	MANUAL_REVIEW	OWNER_APPROVED_CONCEPT_MEMBERSHIP	PRESERVE_SOURCE_MEMBERSHIP	RISK-04-APPROVE-001	62c2c50e3c0becbe23a686735d1a7e50ed8bce2f3fa23c539d2250b68227c2d7	c8c4232bf924b52636c9dc33fb1891473d548e09ed15de35f33764fe18603f3c	9493ff9f5515eec26daf0204589d1fa3dbb8128f2b58f3590f49244ebb4ecef4
66c89e62ab1b2646ce888a8108efb9dfb0244e5c42abb858c4f8b97412ca591e	CIC_W	5513	미장및콘크리트면바탕처리	3ae86d88009846c037982f414f08effb695bbde94f4486e283af5fc80459ae0d	720f44ba-565c-4ca2-b197-9558afa79332	미장및콘크리트면바탕처리	TASK	PROMOTED_FROM_SOURCE	EXACT_EQUIVALENT	PROPOSED	MANUAL_REVIEW	OWNER_APPROVED_CONCEPT_MEMBERSHIP	PRESERVE_SOURCE_MEMBERSHIP	RISK-04-APPROVE-001	62c2c50e3c0becbe23a686735d1a7e50ed8bce2f3fa23c539d2250b68227c2d7	c8c4232bf924b52636c9dc33fb1891473d548e09ed15de35f33764fe18603f3c	9493ff9f5515eec26daf0204589d1fa3dbb8128f2b58f3590f49244ebb4ecef4
2e14e4d066590204bef0d77d89411d933b397cb2cb5d79d289a77a34f817d84e	CIC_W	5514	석고보드 종이면바탕처리	51c57e9074b608f0e6cc6dd8fca7ba40fe3f5a791447ca3f590bcbeb8d78402e	ebde9eb8-cb0c-4286-9b69-4ded6d031c6d	석고보드 종이면바탕처리	TASK	PROMOTED_FROM_SOURCE	EXACT_EQUIVALENT	PROPOSED	MANUAL_REVIEW	OWNER_APPROVED_CONCEPT_MEMBERSHIP	PRESERVE_SOURCE_MEMBERSHIP	RISK-04-APPROVE-001	62c2c50e3c0becbe23a686735d1a7e50ed8bce2f3fa23c539d2250b68227c2d7	c8c4232bf924b52636c9dc33fb1891473d548e09ed15de35f33764fe18603f3c	9493ff9f5515eec26daf0204589d1fa3dbb8128f2b58f3590f49244ebb4ecef4
751c8789e25e6888007194fae12d147862129e7a1d62485f131a6a5058bb7598	CIC_W	5518	목재방부칠	1fef564f94902a45f4752624d0449f1cc7014bfb3c0c9d49bb636840d0d233e7	3c9f449a-7220-445e-ab8e-f9d0c68a6ff3	목재방부칠	TASK	PROMOTED_FROM_SOURCE	EXACT_EQUIVALENT	PROPOSED	MANUAL_REVIEW	OWNER_APPROVED_CONCEPT_MEMBERSHIP	PRESERVE_SOURCE_MEMBERSHIP	RISK-04-APPROVE-001	62c2c50e3c0becbe23a686735d1a7e50ed8bce2f3fa23c539d2250b68227c2d7	c8c4232bf924b52636c9dc33fb1891473d548e09ed15de35f33764fe18603f3c	9493ff9f5515eec26daf0204589d1fa3dbb8128f2b58f3590f49244ebb4ecef4
4fb3137e7c4669b1262f25ef6ec4283623c347b8cc44c176120ebc37443b4d29	CIC_W	5519	기타도장바탕처리	e3bc73b175c24fb1d5f975c5457ac8bd8c2b6553ece1d30c0815448b2fd0f890	21ceb6d0-5fd1-45ac-963a-89b946e6c95c	기타도장바탕처리	TASK	PROMOTED_FROM_SOURCE	EXACT_EQUIVALENT	PROPOSED	MANUAL_REVIEW	OWNER_APPROVED_CONCEPT_MEMBERSHIP	PRESERVE_SOURCE_MEMBERSHIP	RISK-04-APPROVE-001	62c2c50e3c0becbe23a686735d1a7e50ed8bce2f3fa23c539d2250b68227c2d7	c8c4232bf924b52636c9dc33fb1891473d548e09ed15de35f33764fe18603f3c	9493ff9f5515eec26daf0204589d1fa3dbb8128f2b58f3590f49244ebb4ecef4
cc6aef7e6d690eefd7ee3d957121e0690a63852a41783f3053f272f2f9042c20	CIC_W	559	기타도장공사	a2dc7ded8d89babb311abd5d42df16f0222e080e93aed03ba5f05c561ac39358	ce82c382-42ec-472b-b6f0-1ee17ee8d19e	기타도장공사	PROCESS	PROMOTED_FROM_SOURCE	EXACT_EQUIVALENT	PROPOSED	MANUAL_REVIEW	OWNER_APPROVED_CONCEPT_MEMBERSHIP	PRESERVE_SOURCE_MEMBERSHIP	RISK-04-APPROVE-001	62c2c50e3c0becbe23a686735d1a7e50ed8bce2f3fa23c539d2250b68227c2d7	c8c4232bf924b52636c9dc33fb1891473d548e09ed15de35f33764fe18603f3c	9493ff9f5515eec26daf0204589d1fa3dbb8128f2b58f3590f49244ebb4ecef4
97cd42935394e0fa0befcf910d2bf0c3fbb97dee59ebabd6e72e99fea91f620c	CIC_W	56	설치물공사	668d4bdec5f357d229ae406af4f1e498fcede80b3ea93eea3a9fe0e6a5bc69fe	68783f75-c12d-4329-acb8-ad7d429dc65e	설치물공사	PROCESS	PROMOTED_FROM_SOURCE	EXACT_EQUIVALENT	PROPOSED	MANUAL_REVIEW	OWNER_APPROVED_CONCEPT_MEMBERSHIP	PRESERVE_SOURCE_MEMBERSHIP	RISK-04-APPROVE-001	62c2c50e3c0becbe23a686735d1a7e50ed8bce2f3fa23c539d2250b68227c2d7	c8c4232bf924b52636c9dc33fb1891473d548e09ed15de35f33764fe18603f3c	9493ff9f5515eec26daf0204589d1fa3dbb8128f2b58f3590f49244ebb4ecef4
d736aa2d3133b6193f8709c7404c154e160beafe0c2a87fa0094c68e6cea6c44	CIC_W	59	조경공사	55a316206a26065b1f7a0d6a78216f3a90d5c6f69045a409f735c2a1a4825df8	a18cbef9-0712-4d25-80d2-4d27ccd5860e	조경공사	PROCESS	PROMOTED_FROM_SOURCE	EXACT_EQUIVALENT	PROPOSED	MANUAL_REVIEW	OWNER_APPROVED_CONCEPT_MEMBERSHIP	PRESERVE_SOURCE_MEMBERSHIP	RISK-04-APPROVE-001	62c2c50e3c0becbe23a686735d1a7e50ed8bce2f3fa23c539d2250b68227c2d7	c8c4232bf924b52636c9dc33fb1891473d548e09ed15de35f33764fe18603f3c	9493ff9f5515eec26daf0204589d1fa3dbb8128f2b58f3590f49244ebb4ecef4
fd34d69b03b9fc62b47330c5108d05cecaf3aae00c1f3e9decb77895f2ad4193	CIC_W	591	토양준비및흙쌓기	89e2080c0fb55d1bf14445f6369eeffbcfb26bd22732fefd5529328d28370f3a	6be21583-e684-4d52-9623-37b1b6b22e17	토양준비및흙쌓기	PROCESS	PROMOTED_FROM_SOURCE	EXACT_EQUIVALENT	PROPOSED	MANUAL_REVIEW	OWNER_APPROVED_CONCEPT_MEMBERSHIP	PRESERVE_SOURCE_MEMBERSHIP	RISK-04-APPROVE-001	62c2c50e3c0becbe23a686735d1a7e50ed8bce2f3fa23c539d2250b68227c2d7	c8c4232bf924b52636c9dc33fb1891473d548e09ed15de35f33764fe18603f3c	9493ff9f5515eec26daf0204589d1fa3dbb8128f2b58f3590f49244ebb4ecef4
38e5eea41a7b256b10839f2e371666f6b8f8300ee49b24e7fe52a9ce5872946f	CIC_W	5911	정지	0da37731205236444417ef21c8c8180e5daf2c915d22125074d97e8dadbb2968	0a712330-9126-4abc-8a35-586d8b458fab	정지	TASK	PROMOTED_FROM_SOURCE	EXACT_EQUIVALENT	PROPOSED	MANUAL_REVIEW	OWNER_APPROVED_CONCEPT_MEMBERSHIP	PRESERVE_SOURCE_MEMBERSHIP	RISK-04-APPROVE-001	62c2c50e3c0becbe23a686735d1a7e50ed8bce2f3fa23c539d2250b68227c2d7	c8c4232bf924b52636c9dc33fb1891473d548e09ed15de35f33764fe18603f3c	9493ff9f5515eec26daf0204589d1fa3dbb8128f2b58f3590f49244ebb4ecef4
fa0ce0e173558cdb2aaee71f708a91683e367222de3e23a79b65a3a33f5f9c11	CIC_W	592	이식및식재공사	4813cf1b2638756cfc45513b10dd2cb87c0c8de7d9084742aa967a9b48ac9c10	556d6799-5eb8-4626-8991-83953a8056ac	이식및식재공사	PROCESS	PROMOTED_FROM_SOURCE	EXACT_EQUIVALENT	PROPOSED	MANUAL_REVIEW	OWNER_APPROVED_CONCEPT_MEMBERSHIP	PRESERVE_SOURCE_MEMBERSHIP	RISK-04-APPROVE-001	62c2c50e3c0becbe23a686735d1a7e50ed8bce2f3fa23c539d2250b68227c2d7	c8c4232bf924b52636c9dc33fb1891473d548e09ed15de35f33764fe18603f3c	9493ff9f5515eec26daf0204589d1fa3dbb8128f2b58f3590f49244ebb4ecef4
025944a1a63d2f21e1be815115583467013fb9268abd477214d9e7e9115dcfcd	CIC_W	5921	교목이식공사	08f5208bd4f8ccdc53069f19aaaa920a087dfe3d714346512b8fd90efa04d348	94847414-cf6d-4eb2-bc57-cd98cc7c35ed	교목이식공사	TASK	PROMOTED_FROM_SOURCE	EXACT_EQUIVALENT	PROPOSED	MANUAL_REVIEW	OWNER_APPROVED_CONCEPT_MEMBERSHIP	PRESERVE_SOURCE_MEMBERSHIP	RISK-04-APPROVE-001	62c2c50e3c0becbe23a686735d1a7e50ed8bce2f3fa23c539d2250b68227c2d7	c8c4232bf924b52636c9dc33fb1891473d548e09ed15de35f33764fe18603f3c	9493ff9f5515eec26daf0204589d1fa3dbb8128f2b58f3590f49244ebb4ecef4
144ece0e266e26edc335814a1044a58c3cf024d3098e641c31bade2a71a6ca28	CIC_W	5922	관목이식공사	d2134479e9678fb0deb39a289d38cd9478423b1377336931ab6e1f1fca9d9a92	0e3987c5-2272-4d01-a961-025c0a4bd863	관목이식공사	TASK	PROMOTED_FROM_SOURCE	EXACT_EQUIVALENT	PROPOSED	MANUAL_REVIEW	OWNER_APPROVED_CONCEPT_MEMBERSHIP	PRESERVE_SOURCE_MEMBERSHIP	RISK-04-APPROVE-001	62c2c50e3c0becbe23a686735d1a7e50ed8bce2f3fa23c539d2250b68227c2d7	c8c4232bf924b52636c9dc33fb1891473d548e09ed15de35f33764fe18603f3c	9493ff9f5515eec26daf0204589d1fa3dbb8128f2b58f3590f49244ebb4ecef4
df514592434b99961a8a48772595eb0c3fb96c7bd0ae5da87d3ba7eef5bd1a97	CIC_W	5923	교목식재공사	0c511fbc566a4d32baa68e7e5e763a9c1c23fe44d2c20df1a16119c78a2166e2	8b6a3fc1-a9db-4cc3-a346-04c12077b4bb	교목식재공사	TASK	PROMOTED_FROM_SOURCE	EXACT_EQUIVALENT	PROPOSED	MANUAL_REVIEW	OWNER_APPROVED_CONCEPT_MEMBERSHIP	PRESERVE_SOURCE_MEMBERSHIP	RISK-04-APPROVE-001	62c2c50e3c0becbe23a686735d1a7e50ed8bce2f3fa23c539d2250b68227c2d7	c8c4232bf924b52636c9dc33fb1891473d548e09ed15de35f33764fe18603f3c	9493ff9f5515eec26daf0204589d1fa3dbb8128f2b58f3590f49244ebb4ecef4
680aa0618f82c4aca6e518c72c7d313646dc759e43e3172b28aeb1a2b4bee278	CIC_W	5924	관목식재공사	3c47163387efb0e3cb370669d6ed2955e6ec0137d3858e37bd222f59c9dd4a88	db7f7a69-75f1-4e7a-98f1-684805327b38	관목식재공사	TASK	PROMOTED_FROM_SOURCE	EXACT_EQUIVALENT	PROPOSED	MANUAL_REVIEW	OWNER_APPROVED_CONCEPT_MEMBERSHIP	PRESERVE_SOURCE_MEMBERSHIP	RISK-04-APPROVE-001	62c2c50e3c0becbe23a686735d1a7e50ed8bce2f3fa23c539d2250b68227c2d7	c8c4232bf924b52636c9dc33fb1891473d548e09ed15de35f33764fe18603f3c	9493ff9f5515eec26daf0204589d1fa3dbb8128f2b58f3590f49244ebb4ecef4
b45f6d2394cce47aedbfe49e8ff651ce2459b2e7884e265df48bb88fafd683ae	CIC_W	5925	지피류및초화류식재	bb6845dc4cee1d1ae048e22a7a81248b06913a4d0826ddeb7a727e8e4e66aee6	19818427-27f6-428a-9cd9-b6659ea21ede	지피류및초화류식재	TASK	MERGED_FROM_REVIEWED_SOURCES	EXACT_EQUIVALENT	PROPOSED	MANUAL_REVIEW	OWNER_APPROVED_CONCEPT_MEMBERSHIP	PRESERVE_SOURCE_MEMBERSHIP	RISK-04-APPROVE-001	62c2c50e3c0becbe23a686735d1a7e50ed8bce2f3fa23c539d2250b68227c2d7	c8c4232bf924b52636c9dc33fb1891473d548e09ed15de35f33764fe18603f3c	9493ff9f5515eec26daf0204589d1fa3dbb8128f2b58f3590f49244ebb4ecef4
0210636c756f2c74a971d4c2497f88f1c65032177e9195d0900d5910778b80a0	CIC_W	5926	묘목식재	1c1ec9e0f79214a9b47df9b3cf5b1d36138a4c26c445c120b9e7593cba1456cc	2b53ac49-f12b-4e66-a97d-1d2d8d1e432d	묘목식재	TASK	PROMOTED_FROM_SOURCE	EXACT_EQUIVALENT	PROPOSED	MANUAL_REVIEW	OWNER_APPROVED_CONCEPT_MEMBERSHIP	PRESERVE_SOURCE_MEMBERSHIP	RISK-04-APPROVE-001	62c2c50e3c0becbe23a686735d1a7e50ed8bce2f3fa23c539d2250b68227c2d7	c8c4232bf924b52636c9dc33fb1891473d548e09ed15de35f33764fe18603f3c	9493ff9f5515eec26daf0204589d1fa3dbb8128f2b58f3590f49244ebb4ecef4
5489aa6a0aa8d5bdcb923cda2810a2c5f28cb8969b471f9ae40ebed27992ca4e	CIC_W	5927	지피류및초화류식재	bb6845dc4cee1d1ae048e22a7a81248b06913a4d0826ddeb7a727e8e4e66aee6	19818427-27f6-428a-9cd9-b6659ea21ede	지피류및초화류식재	TASK	MERGED_FROM_REVIEWED_SOURCES	EXACT_EQUIVALENT	PROPOSED	MANUAL_REVIEW	OWNER_APPROVED_CONCEPT_MEMBERSHIP	PRESERVE_SOURCE_MEMBERSHIP	RISK-04-APPROVE-001	62c2c50e3c0becbe23a686735d1a7e50ed8bce2f3fa23c539d2250b68227c2d7	c8c4232bf924b52636c9dc33fb1891473d548e09ed15de35f33764fe18603f3c	9493ff9f5515eec26daf0204589d1fa3dbb8128f2b58f3590f49244ebb4ecef4
496462806c604d7a75a5e9b4c44a3f81763571bf9aa4858a8a2b140fe32cca54	CIC_W	5928	식재보호공사	13adaa1cc87f050b19c2758d57181319623da5f70b6caee37dba9c0750b3c0cc	461f2858-2184-4d10-b72b-dc659a3b5c53	식재보호공사	TASK	PROMOTED_FROM_SOURCE	EXACT_EQUIVALENT	PROPOSED	MANUAL_REVIEW	OWNER_APPROVED_CONCEPT_MEMBERSHIP	PRESERVE_SOURCE_MEMBERSHIP	RISK-04-APPROVE-001	62c2c50e3c0becbe23a686735d1a7e50ed8bce2f3fa23c539d2250b68227c2d7	c8c4232bf924b52636c9dc33fb1891473d548e09ed15de35f33764fe18603f3c	9493ff9f5515eec26daf0204589d1fa3dbb8128f2b58f3590f49244ebb4ecef4
14e832499da23725260fe82f415e2711e95007e0a1c1f18e068ffc9312db4694	CIC_W	593	잔디공사	0c7cbc64f8d302a1f8747d7ae32ce9ffaee277cd8cba504690b8fdfc4d183e01	e3e9f2b0-e7f5-4411-ae3f-23bdeb4984c8	잔디공사	PROCESS	PROMOTED_FROM_SOURCE	EXACT_EQUIVALENT	PROPOSED	MANUAL_REVIEW	OWNER_APPROVED_CONCEPT_MEMBERSHIP	PRESERVE_SOURCE_MEMBERSHIP	RISK-04-APPROVE-001	62c2c50e3c0becbe23a686735d1a7e50ed8bce2f3fa23c539d2250b68227c2d7	c8c4232bf924b52636c9dc33fb1891473d548e09ed15de35f33764fe18603f3c	9493ff9f5515eec26daf0204589d1fa3dbb8128f2b58f3590f49244ebb4ecef4
f1b881c43a3752bdd4ec5caa717841cbfd9b4319ea08d5853e5bbed60ad060a5	CIC_W	5931	잔디씨뿌리기	f2c8ab24718b5f95957635abcce829d3e5f5856dd17171ef602b55175e204ce8	6c6b7610-dd9e-4a85-88fc-0f6835c5a932	잔디씨뿌리기	TASK	PROMOTED_FROM_SOURCE	EXACT_EQUIVALENT	PROPOSED	MANUAL_REVIEW	OWNER_APPROVED_CONCEPT_MEMBERSHIP	PRESERVE_SOURCE_MEMBERSHIP	RISK-04-APPROVE-001	62c2c50e3c0becbe23a686735d1a7e50ed8bce2f3fa23c539d2250b68227c2d7	c8c4232bf924b52636c9dc33fb1891473d548e09ed15de35f33764fe18603f3c	9493ff9f5515eec26daf0204589d1fa3dbb8128f2b58f3590f49244ebb4ecef4
9096a2213d07aaeaeeedffde80daab5d1ae3385cb06946fcd26b7236f289738e	CIC_W	5932	종자뿜어붙이기	f6147d041f05f4219641dfe85203b719db44f89675aa5f3dd1c9fb61c74dc8bb	de421c18-8665-4c82-9a90-24d24ecbf8e0	종자뿜어붙이기	TASK	PROMOTED_FROM_SOURCE	EXACT_EQUIVALENT	PROPOSED	MANUAL_REVIEW	OWNER_APPROVED_CONCEPT_MEMBERSHIP	PRESERVE_SOURCE_MEMBERSHIP	RISK-04-APPROVE-001	62c2c50e3c0becbe23a686735d1a7e50ed8bce2f3fa23c539d2250b68227c2d7	c8c4232bf924b52636c9dc33fb1891473d548e09ed15de35f33764fe18603f3c	9493ff9f5515eec26daf0204589d1fa3dbb8128f2b58f3590f49244ebb4ecef4
3676fc15d79f48a9fc7c510c384b35329449de31689e47fc8f726844386a8ff1	CIC_W	5933	잔디식재	3e8b0dfc90f1fcb547fdf286ad432627532ccf7f8e756651c3a9343a3a6463b7	b9eb9b50-d7a0-4f3b-b944-7f3cd39c6d70	잔디식재	TASK	PROMOTED_FROM_SOURCE	EXACT_EQUIVALENT	PROPOSED	MANUAL_REVIEW	OWNER_APPROVED_CONCEPT_MEMBERSHIP	PRESERVE_SOURCE_MEMBERSHIP	RISK-04-APPROVE-001	62c2c50e3c0becbe23a686735d1a7e50ed8bce2f3fa23c539d2250b68227c2d7	c8c4232bf924b52636c9dc33fb1891473d548e09ed15de35f33764fe18603f3c	9493ff9f5515eec26daf0204589d1fa3dbb8128f2b58f3590f49244ebb4ecef4
451f6db8c2b4a0f80ff46b4aa353480a0269ce7e3e76423824ebaeb810ee7787	CIC_W	594	녹화및보호공사	141627cdd8a52d46885395072c371e86aa2a2beb28ce70de3896fa3487309921	959ac92b-b756-4cec-ab82-048497113fa2	녹화및보호공사	PROCESS	PROMOTED_FROM_SOURCE	EXACT_EQUIVALENT	PROPOSED	MANUAL_REVIEW	OWNER_APPROVED_CONCEPT_MEMBERSHIP	PRESERVE_SOURCE_MEMBERSHIP	RISK-04-APPROVE-001	62c2c50e3c0becbe23a686735d1a7e50ed8bce2f3fa23c539d2250b68227c2d7	c8c4232bf924b52636c9dc33fb1891473d548e09ed15de35f33764fe18603f3c	9493ff9f5515eec26daf0204589d1fa3dbb8128f2b58f3590f49244ebb4ecef4
499c000d695c0141a5d1ab39a2084c3cebd9045048676b7850b9f39748431e40	CIC_W	5941	비탈면녹화	0537a067376dd2fc6d07c94010b3fbee454bea1fd992c23c86e7cc37891da58b	83515db5-647a-4993-b279-cf383cc682a8	비탈면녹화	TASK	PROMOTED_FROM_SOURCE	EXACT_EQUIVALENT	PROPOSED	MANUAL_REVIEW	OWNER_APPROVED_CONCEPT_MEMBERSHIP	PRESERVE_SOURCE_MEMBERSHIP	RISK-04-APPROVE-001	62c2c50e3c0becbe23a686735d1a7e50ed8bce2f3fa23c539d2250b68227c2d7	c8c4232bf924b52636c9dc33fb1891473d548e09ed15de35f33764fe18603f3c	9493ff9f5515eec26daf0204589d1fa3dbb8128f2b58f3590f49244ebb4ecef4
d4f1140a535a91a9ac1fd41db02d8153750484b1395ac064af83f372022d0b3d	CIC_W	5942	생태복원공사	6f46ecfcae7ce9731e6b48b71529b8cf53ee2220cc5f4a079ae463bf3ef6201b	5d610c6d-f50d-4673-9f42-c36b460c24cd	생태복원공사	PROCESS	PROMOTED_FROM_SOURCE	EXACT_EQUIVALENT	PROPOSED	MANUAL_REVIEW	OWNER_APPROVED_CONCEPT_MEMBERSHIP	PRESERVE_SOURCE_MEMBERSHIP	RISK-04-APPROVE-001	62c2c50e3c0becbe23a686735d1a7e50ed8bce2f3fa23c539d2250b68227c2d7	c8c4232bf924b52636c9dc33fb1891473d548e09ed15de35f33764fe18603f3c	9493ff9f5515eec26daf0204589d1fa3dbb8128f2b58f3590f49244ebb4ecef4
8a63043b0b1afaaf858f15619183544f3eafe9c172147ffbf446eead8cf6ddeb	CIC_W	595	파종및살포	ecff0517d16e0b91202497247863bdb868d18181e32eaa96d696c6c93c45a6d8	b8eab2b5-cfe3-499f-8ca7-86d738a2276b	파종및살포	PROCESS	PROMOTED_FROM_SOURCE	EXACT_EQUIVALENT	PROPOSED	MANUAL_REVIEW	OWNER_APPROVED_CONCEPT_MEMBERSHIP	PRESERVE_SOURCE_MEMBERSHIP	RISK-04-APPROVE-001	62c2c50e3c0becbe23a686735d1a7e50ed8bce2f3fa23c539d2250b68227c2d7	c8c4232bf924b52636c9dc33fb1891473d548e09ed15de35f33764fe18603f3c	9493ff9f5515eec26daf0204589d1fa3dbb8128f2b58f3590f49244ebb4ecef4
577ddb269f07e67a671f2ca61ee2282154d7057ac342f88b48a629699ea3d665	CIC_W	5951	파종	7dfcd72be5586b9f974f007f9acd506e3434c25ae1ae5b8003230dc2406aea68	fc232be6-65dd-4883-aac6-954733f4cb33	파종	TASK	PROMOTED_FROM_SOURCE	EXACT_EQUIVALENT	PROPOSED	MANUAL_REVIEW	OWNER_APPROVED_CONCEPT_MEMBERSHIP	PRESERVE_SOURCE_MEMBERSHIP	RISK-04-APPROVE-001	62c2c50e3c0becbe23a686735d1a7e50ed8bce2f3fa23c539d2250b68227c2d7	c8c4232bf924b52636c9dc33fb1891473d548e09ed15de35f33764fe18603f3c	9493ff9f5515eec26daf0204589d1fa3dbb8128f2b58f3590f49244ebb4ecef4
83839f05992f91d09f1f50acf03a8ccd6557304574888d8b120cb13813b1a82d	CIC_W	5952	초류종자살포	23df06ccc93dc3df313706d61bec1506b3fcefbf23da84e187fc707900416c27	4e52f7c7-12d5-4ae5-9e3b-accf1143ae9f	초류종자살포	TASK	PROMOTED_FROM_SOURCE	EXACT_EQUIVALENT	PROPOSED	MANUAL_REVIEW	OWNER_APPROVED_CONCEPT_MEMBERSHIP	PRESERVE_SOURCE_MEMBERSHIP	RISK-04-APPROVE-001	62c2c50e3c0becbe23a686735d1a7e50ed8bce2f3fa23c539d2250b68227c2d7	c8c4232bf924b52636c9dc33fb1891473d548e09ed15de35f33764fe18603f3c	9493ff9f5515eec26daf0204589d1fa3dbb8128f2b58f3590f49244ebb4ecef4
e88dab2acfb6745b47de142b122b61978a6e31a045c2f646682564552722c456	CIC_W	596	조경시설물설치	43b1a189bbf02fb3ce567f440980c23d9a28a5fb5594f4f5a703ac6331f5fdfe	03e39a42-dde8-46e5-801a-859b93fed859	조경시설물설치	PROCESS	PROMOTED_FROM_SOURCE	EXACT_EQUIVALENT	PROPOSED	MANUAL_REVIEW	OWNER_APPROVED_CONCEPT_MEMBERSHIP	PRESERVE_SOURCE_MEMBERSHIP	RISK-04-APPROVE-001	62c2c50e3c0becbe23a686735d1a7e50ed8bce2f3fa23c539d2250b68227c2d7	c8c4232bf924b52636c9dc33fb1891473d548e09ed15de35f33764fe18603f3c	9493ff9f5515eec26daf0204589d1fa3dbb8128f2b58f3590f49244ebb4ecef4
bac50c2c6059f096d3334350e667064a4fc89a663bf0d8bf088296d0bf4748cd	CIC_W	5961	수경시설물설치	fe07871ac4ddd99e3d0c8137b7714bc167f62652435401e7df66331da5bd0d29	3d7618f7-a54a-44ca-b609-46417ae66b6f	수경시설물설치	TASK	PROMOTED_FROM_SOURCE	EXACT_EQUIVALENT	PROPOSED	MANUAL_REVIEW	OWNER_APPROVED_CONCEPT_MEMBERSHIP	PRESERVE_SOURCE_MEMBERSHIP	RISK-04-APPROVE-001	62c2c50e3c0becbe23a686735d1a7e50ed8bce2f3fa23c539d2250b68227c2d7	c8c4232bf924b52636c9dc33fb1891473d548e09ed15de35f33764fe18603f3c	9493ff9f5515eec26daf0204589d1fa3dbb8128f2b58f3590f49244ebb4ecef4
82d1f1a5ddff2254562bb8cbf61784cfd3f8ae0511ccd7c1d7a7e746a5ee91ee	CIC_W	5962	유희시설물설치	cb9b113ada8c9f1f8f49bc31d3e53dfb7479362985e327894c5c0c18d04111bb	2981d229-7f15-4cc6-87e8-7b65fb418dae	유희시설물설치	TASK	PROMOTED_FROM_SOURCE	EXACT_EQUIVALENT	PROPOSED	MANUAL_REVIEW	OWNER_APPROVED_CONCEPT_MEMBERSHIP	PRESERVE_SOURCE_MEMBERSHIP	RISK-04-APPROVE-001	62c2c50e3c0becbe23a686735d1a7e50ed8bce2f3fa23c539d2250b68227c2d7	c8c4232bf924b52636c9dc33fb1891473d548e09ed15de35f33764fe18603f3c	9493ff9f5515eec26daf0204589d1fa3dbb8128f2b58f3590f49244ebb4ecef4
e83921c43db80e99f1d70071f86758071980bb95eec5d11b1ec9eabbd10e489a	CIC_W	5963	안내시설물설치	da2a6d180bcc58290ec7019904be06e681395316a137c2b203e01529127cb5c6	3cd25664-1a22-40cb-9efd-d6d58b141820	안내시설물설치	TASK	PROMOTED_FROM_SOURCE	EXACT_EQUIVALENT	PROPOSED	MANUAL_REVIEW	OWNER_APPROVED_CONCEPT_MEMBERSHIP	PRESERVE_SOURCE_MEMBERSHIP	RISK-04-APPROVE-001	62c2c50e3c0becbe23a686735d1a7e50ed8bce2f3fa23c539d2250b68227c2d7	c8c4232bf924b52636c9dc33fb1891473d548e09ed15de35f33764fe18603f3c	9493ff9f5515eec26daf0204589d1fa3dbb8128f2b58f3590f49244ebb4ecef4
dd821d6ddc35892e51a3d38e92c627bb9c6eaa5c39354ab00c6b45b9cfd9605a	CIC_W	5964	휴게시설물설치	ba8fc01551a393bc371dadaf4e56ed81d6922cb99ab3c769bdc9585f172b06a1	3de39235-8303-4e05-a6cc-0e195d7281a8	휴게시설물설치	TASK	PROMOTED_FROM_SOURCE	EXACT_EQUIVALENT	PROPOSED	MANUAL_REVIEW	OWNER_APPROVED_CONCEPT_MEMBERSHIP	PRESERVE_SOURCE_MEMBERSHIP	RISK-04-APPROVE-001	62c2c50e3c0becbe23a686735d1a7e50ed8bce2f3fa23c539d2250b68227c2d7	c8c4232bf924b52636c9dc33fb1891473d548e09ed15de35f33764fe18603f3c	9493ff9f5515eec26daf0204589d1fa3dbb8128f2b58f3590f49244ebb4ecef4
3f45c0c06c56445e242b0b3b51b674cbb6857539943e5cb4df7342fa44d2001f	CIC_W	5965	편의시설물설치	a07074ce16af26584d4e41403bd73022e4e5200e37650d4c1d663fc189278c9a	12247ee2-2e4e-43ea-bfe5-141d49c92ad8	편의시설물설치	TASK	PROMOTED_FROM_SOURCE	EXACT_EQUIVALENT	PROPOSED	MANUAL_REVIEW	OWNER_APPROVED_CONCEPT_MEMBERSHIP	PRESERVE_SOURCE_MEMBERSHIP	RISK-04-APPROVE-001	62c2c50e3c0becbe23a686735d1a7e50ed8bce2f3fa23c539d2250b68227c2d7	c8c4232bf924b52636c9dc33fb1891473d548e09ed15de35f33764fe18603f3c	9493ff9f5515eec26daf0204589d1fa3dbb8128f2b58f3590f49244ebb4ecef4
1a57aa6c0a3b58439e788f8c79433f7fddc709886cd1f425419a22482f19f081	CIC_W	5966	관리시설물설치	7147ddc8d26de85a519355d2536db76cca21dfccd49b7df7866c3a7189c568b4	269bd8c5-244d-4419-8174-4badca799cb0	관리시설물설치	TASK	PROMOTED_FROM_SOURCE	EXACT_EQUIVALENT	PROPOSED	MANUAL_REVIEW	OWNER_APPROVED_CONCEPT_MEMBERSHIP	PRESERVE_SOURCE_MEMBERSHIP	RISK-04-APPROVE-001	62c2c50e3c0becbe23a686735d1a7e50ed8bce2f3fa23c539d2250b68227c2d7	c8c4232bf924b52636c9dc33fb1891473d548e09ed15de35f33764fe18603f3c	9493ff9f5515eec26daf0204589d1fa3dbb8128f2b58f3590f49244ebb4ecef4
d2c28f8ac95c391fa3ee717c59216b3f4aac6587fce991e217c3159816a5f096	CIC_W	5967	체력단련시설물설치	1d52399aaa89f9336b3589ea2686bee3230780727ab40b69bdf10958dd3d6a5e	1371b33d-5e28-4061-ac22-5fbd27c3115f	체력단련시설물설치	TASK	PROMOTED_FROM_SOURCE	EXACT_EQUIVALENT	PROPOSED	MANUAL_REVIEW	OWNER_APPROVED_CONCEPT_MEMBERSHIP	PRESERVE_SOURCE_MEMBERSHIP	RISK-04-APPROVE-001	62c2c50e3c0becbe23a686735d1a7e50ed8bce2f3fa23c539d2250b68227c2d7	c8c4232bf924b52636c9dc33fb1891473d548e09ed15de35f33764fe18603f3c	9493ff9f5515eec26daf0204589d1fa3dbb8128f2b58f3590f49244ebb4ecef4
93ef399c0e895b2a3011e36a3cd630d8c517c8cb1b4f4abee34de871a8957b69	CIC_W	5968	경계시설물설치	81f47c712387947a26361d9399db03c842a3a0e14e333ec0f73197359f228ba1	02304e5d-01c7-42de-b07a-97ab232db5dd	경계시설물설치	TASK	PROMOTED_FROM_SOURCE	EXACT_EQUIVALENT	PROPOSED	MANUAL_REVIEW	OWNER_APPROVED_CONCEPT_MEMBERSHIP	PRESERVE_SOURCE_MEMBERSHIP	RISK-04-APPROVE-001	62c2c50e3c0becbe23a686735d1a7e50ed8bce2f3fa23c539d2250b68227c2d7	c8c4232bf924b52636c9dc33fb1891473d548e09ed15de35f33764fe18603f3c	9493ff9f5515eec26daf0204589d1fa3dbb8128f2b58f3590f49244ebb4ecef4
d8f0a68e06d0ef183933134d901f4918ad089b1ce66adf357012039fcf9188a7	CIC_W	5969	환경조형시설물설치	6efb1b05b11af22396a28c5277fb4371e7cf24e320f1d11210de4da792374e54	e08227aa-7eec-4ce0-bfdd-5b41919aaad2	환경조형시설물설치	TASK	PROMOTED_FROM_SOURCE	EXACT_EQUIVALENT	PROPOSED	MANUAL_REVIEW	OWNER_APPROVED_CONCEPT_MEMBERSHIP	PRESERVE_SOURCE_MEMBERSHIP	RISK-04-APPROVE-001	62c2c50e3c0becbe23a686735d1a7e50ed8bce2f3fa23c539d2250b68227c2d7	c8c4232bf924b52636c9dc33fb1891473d548e09ed15de35f33764fe18603f3c	9493ff9f5515eec26daf0204589d1fa3dbb8128f2b58f3590f49244ebb4ecef4
539e67b5650bfa9055d15fda1c6ddc86f21e28ddd6a2456e0b0f2c90d16499f4	CIC_W	597	조경유지관리	2a61841990e611de8f10680c45bb92bb5f7c296bed72f99b485ae13d9028b2ba	d16c487b-6ddd-4bfe-b650-b5c9d7fc5ecb	조경유지관리	PROCESS	PROMOTED_FROM_SOURCE	EXACT_EQUIVALENT	PROPOSED	MANUAL_REVIEW	OWNER_APPROVED_CONCEPT_MEMBERSHIP	PRESERVE_SOURCE_MEMBERSHIP	RISK-04-APPROVE-001	62c2c50e3c0becbe23a686735d1a7e50ed8bce2f3fa23c539d2250b68227c2d7	c8c4232bf924b52636c9dc33fb1891473d548e09ed15de35f33764fe18603f3c	9493ff9f5515eec26daf0204589d1fa3dbb8128f2b58f3590f49244ebb4ecef4
3b51e16d32a9e39e71a39e3c14163465103bad7e8800e8fe6e6f4c3cb002833b	CIC_W	5971	전정	aa39460894ffbb843f7c03bfaec34cf907f82280c93ef0adbde0aa0e4bb7cb03	a7f51a9b-e365-46ad-8286-1596b2c0fc6e	전정	TASK	PROMOTED_FROM_SOURCE	EXACT_EQUIVALENT	PROPOSED	MANUAL_REVIEW	OWNER_APPROVED_CONCEPT_MEMBERSHIP	PRESERVE_SOURCE_MEMBERSHIP	RISK-04-APPROVE-001	62c2c50e3c0becbe23a686735d1a7e50ed8bce2f3fa23c539d2250b68227c2d7	c8c4232bf924b52636c9dc33fb1891473d548e09ed15de35f33764fe18603f3c	9493ff9f5515eec26daf0204589d1fa3dbb8128f2b58f3590f49244ebb4ecef4
ccae92244b0baf4558e00d14c0bd81f349e185a33cb442cdd53ed1018a7fcd7c	CIC_W	5972	교목수간보호 - - 대․중․소 분류대․중․소 분류	875e1cce58c38eeef89cb71fc215170c124b034a44eb36cfcad2c1ad7acf37d5	465b80a7-2e60-4b84-9109-282b8aa67afa	교목수간보호	TASK	PROMOTED_FROM_SOURCE	EXACT_EQUIVALENT	PROPOSED	MANUAL_REVIEW	OWNER_APPROVED_CONCEPT_MEMBERSHIP	PRESERVE_SOURCE_MEMBERSHIP	RISK-04-APPROVE-001	62c2c50e3c0becbe23a686735d1a7e50ed8bce2f3fa23c539d2250b68227c2d7	c8c4232bf924b52636c9dc33fb1891473d548e09ed15de35f33764fe18603f3c	9493ff9f5515eec26daf0204589d1fa3dbb8128f2b58f3590f49244ebb4ecef4
271fc3a34c73f6ba779141fba9b37616af7d6cfc17208f019fca6813b0b8233f	CIC_W	5973	관수	b1cf46ca141679d1b606a59e1f510eaae69093e1da9a70124e41657f63de9ee2	c30f3748-7e1e-4ff4-940c-6263913b5ccd	관수	TASK	PROMOTED_FROM_SOURCE	EXACT_EQUIVALENT	PROPOSED	MANUAL_REVIEW	OWNER_APPROVED_CONCEPT_MEMBERSHIP	PRESERVE_SOURCE_MEMBERSHIP	RISK-04-APPROVE-001	62c2c50e3c0becbe23a686735d1a7e50ed8bce2f3fa23c539d2250b68227c2d7	c8c4232bf924b52636c9dc33fb1891473d548e09ed15de35f33764fe18603f3c	9493ff9f5515eec26daf0204589d1fa3dbb8128f2b58f3590f49244ebb4ecef4
5df1f3e8ef32b2e4864c68b358ad522bf40c1182e54df836cbcea7af87b57f93	CIC_W	5974	제초및잔디깍기	7ec20cca98d1a8e57ad965ac03b179046097caa2f4dbdf400767ae556e9c924c	25dea9cd-9bbe-4d6d-a0b1-d9deef4d3a2d	제초및잔디깍기	TASK	PROMOTED_FROM_SOURCE	EXACT_EQUIVALENT	PROPOSED	MANUAL_REVIEW	OWNER_APPROVED_CONCEPT_MEMBERSHIP	PRESERVE_SOURCE_MEMBERSHIP	RISK-04-APPROVE-001	62c2c50e3c0becbe23a686735d1a7e50ed8bce2f3fa23c539d2250b68227c2d7	c8c4232bf924b52636c9dc33fb1891473d548e09ed15de35f33764fe18603f3c	9493ff9f5515eec26daf0204589d1fa3dbb8128f2b58f3590f49244ebb4ecef4
fdd9a8ca7ff32037b2a049aef28f6877fb5f30480af7adebd2176990a41b9420	CIC_W	5975	시비	e3dc94f5628060d8cd020a578619a697f21f67727c31447f0589b5a7aa780c56	fc4a7552-a8b9-468b-be93-eaf98b979ddd	시비	TASK	PROMOTED_FROM_SOURCE	EXACT_EQUIVALENT	PROPOSED	MANUAL_REVIEW	OWNER_APPROVED_CONCEPT_MEMBERSHIP	PRESERVE_SOURCE_MEMBERSHIP	RISK-04-APPROVE-001	62c2c50e3c0becbe23a686735d1a7e50ed8bce2f3fa23c539d2250b68227c2d7	c8c4232bf924b52636c9dc33fb1891473d548e09ed15de35f33764fe18603f3c	9493ff9f5515eec26daf0204589d1fa3dbb8128f2b58f3590f49244ebb4ecef4
799e26a63cf402ccb31c41557ab64b611a1c52316a1640877b7bdf580181b886	CIC_W	5976	약제살포	f85514f18f5b1fdbb8a9f7a7c542416346de4784c61bea17d4d381cb41d54eb9	2afe7bd3-4a4a-4778-a53b-3d84e105e01f	약제살포	TASK	PROMOTED_FROM_SOURCE	EXACT_EQUIVALENT	PROPOSED	MANUAL_REVIEW	OWNER_APPROVED_CONCEPT_MEMBERSHIP	PRESERVE_SOURCE_MEMBERSHIP	RISK-04-APPROVE-001	62c2c50e3c0becbe23a686735d1a7e50ed8bce2f3fa23c539d2250b68227c2d7	c8c4232bf924b52636c9dc33fb1891473d548e09ed15de35f33764fe18603f3c	9493ff9f5515eec26daf0204589d1fa3dbb8128f2b58f3590f49244ebb4ecef4
e3c8f92860cfb506dde2cc6f053b3ce403155f3f302f7e4ecf22a51d2d09fe6c	CIC_W	5977	월동작업	c20c5ea05609b08219746a2ba56b516679533868cf497653496eb8635cc8d01e	d850ac9c-366d-4527-a2e8-dbed9788ec0a	월동작업	TASK	PROMOTED_FROM_SOURCE	EXACT_EQUIVALENT	PROPOSED	MANUAL_REVIEW	OWNER_APPROVED_CONCEPT_MEMBERSHIP	PRESERVE_SOURCE_MEMBERSHIP	RISK-04-APPROVE-001	62c2c50e3c0becbe23a686735d1a7e50ed8bce2f3fa23c539d2250b68227c2d7	c8c4232bf924b52636c9dc33fb1891473d548e09ed15de35f33764fe18603f3c	9493ff9f5515eec26daf0204589d1fa3dbb8128f2b58f3590f49244ebb4ecef4
d9f0813b210ab5c8cf6b63003c6e7f553bc9696de2ced039e3c44917bf687b10	CIC_W	599	기타조경공사	be055a5fbb0c7c9833aad0506eafe4a78dee772fd1ab11430b454d925c89d764	fe9c02d1-8b00-401d-b9df-6798476e14a6	기타조경공사	PROCESS	PROMOTED_FROM_SOURCE	EXACT_EQUIVALENT	PROPOSED	MANUAL_REVIEW	OWNER_APPROVED_CONCEPT_MEMBERSHIP	PRESERVE_SOURCE_MEMBERSHIP	RISK-04-APPROVE-001	62c2c50e3c0becbe23a686735d1a7e50ed8bce2f3fa23c539d2250b68227c2d7	c8c4232bf924b52636c9dc33fb1891473d548e09ed15de35f33764fe18603f3c	9493ff9f5515eec26daf0204589d1fa3dbb8128f2b58f3590f49244ebb4ecef4
2ea7fff06844d55f5e7fce1ad2e65ddc9b233cce7821d9d22a00bdfa8faa10b6	CIC_W	61	기계 플랜트시설공통공사	028839946d8a54355febe053579f2654b44a02cafb0f9a1e86e358319541e927	ffd6db74-ee50-40f2-a2f9-a13438cf9aed	기계 플랜트시설공통공사	PROCESS	PROMOTED_FROM_SOURCE	EXACT_EQUIVALENT	PROPOSED	MANUAL_REVIEW	OWNER_APPROVED_CONCEPT_MEMBERSHIP	PRESERVE_SOURCE_MEMBERSHIP	RISK-04-APPROVE-001	62c2c50e3c0becbe23a686735d1a7e50ed8bce2f3fa23c539d2250b68227c2d7	c8c4232bf924b52636c9dc33fb1891473d548e09ed15de35f33764fe18603f3c	9493ff9f5515eec26daf0204589d1fa3dbb8128f2b58f3590f49244ebb4ecef4
d27e379efcdef97496dbb723426b7d099f482a5acba821563e5920261d871130	CIC_W	611	배관및관련부속공사	3ee299700e719122727bf96e921d69ceac1520282666e4ca2bd8d94bd1edcde2	8e919d1e-95ab-440f-b2bc-f6788edd8ed0	배관및관련부속공사	PROCESS	PROMOTED_FROM_SOURCE	EXACT_EQUIVALENT	PROPOSED	MANUAL_REVIEW	OWNER_APPROVED_CONCEPT_MEMBERSHIP	PRESERVE_SOURCE_MEMBERSHIP	RISK-04-APPROVE-001	62c2c50e3c0becbe23a686735d1a7e50ed8bce2f3fa23c539d2250b68227c2d7	c8c4232bf924b52636c9dc33fb1891473d548e09ed15de35f33764fe18603f3c	9493ff9f5515eec26daf0204589d1fa3dbb8128f2b58f3590f49244ebb4ecef4
ae50d99fbdccee2360899d1216d22d5591ef81867a974c0e7c0772e57b6d219e	CIC_W	6111	배관공사	7a7f3e0374eb6a49916d458f3487c9b64cdbcefd87d7656d9dd3e11c6294c58f	a81755e8-11af-471d-a658-ac569bf44b30	배관공사	PROCESS	PROMOTED_FROM_SOURCE	EXACT_EQUIVALENT	PROPOSED	MANUAL_REVIEW	OWNER_APPROVED_CONCEPT_MEMBERSHIP	PRESERVE_SOURCE_MEMBERSHIP	RISK-04-APPROVE-001	62c2c50e3c0becbe23a686735d1a7e50ed8bce2f3fa23c539d2250b68227c2d7	c8c4232bf924b52636c9dc33fb1891473d548e09ed15de35f33764fe18603f3c	9493ff9f5515eec26daf0204589d1fa3dbb8128f2b58f3590f49244ebb4ecef4
ed532d5ca7b1229dc114a552a554a578ceb4b936e271b18cf7dd4bb19cfbfd97	CIC_W	6112	설비별배관공사	dd530e3afd1543c3cc242a7bb6ca4279652ef6bd2665a61a861a1150736360bb	3010f898-1e36-471a-b1eb-70bf6205aaf8	설비별배관공사	PROCESS	PROMOTED_FROM_SOURCE	EXACT_EQUIVALENT	PROPOSED	MANUAL_REVIEW	OWNER_APPROVED_CONCEPT_MEMBERSHIP	PRESERVE_SOURCE_MEMBERSHIP	RISK-04-APPROVE-001	62c2c50e3c0becbe23a686735d1a7e50ed8bce2f3fa23c539d2250b68227c2d7	c8c4232bf924b52636c9dc33fb1891473d548e09ed15de35f33764fe18603f3c	9493ff9f5515eec26daf0204589d1fa3dbb8128f2b58f3590f49244ebb4ecef4
664f56e9fa35c8b31fa51744106cc56216505513ba9b03c28788f807d015b312	CIC_W	6119	기타배관및관련부속공사	52b820bb4e210920ded93b0ff65e25256a5280a87f4419971c7a2c7b7698f328	8495a852-9e8a-4f4e-bf91-48a2e847e6d4	기타배관및관련부속공사	PROCESS	PROMOTED_FROM_SOURCE	EXACT_EQUIVALENT	PROPOSED	MANUAL_REVIEW	OWNER_APPROVED_CONCEPT_MEMBERSHIP	PRESERVE_SOURCE_MEMBERSHIP	RISK-04-APPROVE-001	62c2c50e3c0becbe23a686735d1a7e50ed8bce2f3fa23c539d2250b68227c2d7	c8c4232bf924b52636c9dc33fb1891473d548e09ed15de35f33764fe18603f3c	9493ff9f5515eec26daf0204589d1fa3dbb8128f2b58f3590f49244ebb4ecef4
710e3cca924930e64a460976f93880eeb6a9944f4dd8335713b1465aa168f24e	CIC_W	612	보온공사	2939170808ebb6a308fbe155abc1965bc0671106260b8a9289cd5d7a2e2f189b	14d55c47-2cba-46e1-96bc-4c3441858ad7	보온공사	PROCESS	PROMOTED_FROM_SOURCE	EXACT_EQUIVALENT	PROPOSED	MANUAL_REVIEW	OWNER_APPROVED_CONCEPT_MEMBERSHIP	PRESERVE_SOURCE_MEMBERSHIP	RISK-04-APPROVE-001	62c2c50e3c0becbe23a686735d1a7e50ed8bce2f3fa23c539d2250b68227c2d7	c8c4232bf924b52636c9dc33fb1891473d548e09ed15de35f33764fe18603f3c	9493ff9f5515eec26daf0204589d1fa3dbb8128f2b58f3590f49244ebb4ecef4
453bc97a943792830291a8a57e6ebbae44c238fbea5189b0ca13fea105b309cd	CIC_W	6121	배관및배관관련부속보온공사	fb5c705f7516af200b22bbbad6ff553dab95a84c50b5668054c76b201399bc2c	85d48ec8-2e48-442c-8f43-6982e9e069fd	배관및배관관련부속보온공사	PROCESS	PROMOTED_FROM_SOURCE	EXACT_EQUIVALENT	PROPOSED	MANUAL_REVIEW	OWNER_APPROVED_CONCEPT_MEMBERSHIP	PRESERVE_SOURCE_MEMBERSHIP	RISK-04-APPROVE-001	62c2c50e3c0becbe23a686735d1a7e50ed8bce2f3fa23c539d2250b68227c2d7	c8c4232bf924b52636c9dc33fb1891473d548e09ed15de35f33764fe18603f3c	9493ff9f5515eec26daf0204589d1fa3dbb8128f2b58f3590f49244ebb4ecef4
2286e5f710fba3baf684092982513cfcbcc41c6389ab26bca28ce8d111251578	CIC_W	6122	덕트보온공사	bda4c363a5cfee9a0feb8d8da7d9810b69a4aeb0b11f3854dade3ca28e388fd1	07f62a73-7c65-4eaa-9317-4dd7ed4c808f	덕트보온공사	PROCESS	PROMOTED_FROM_SOURCE	EXACT_EQUIVALENT	PROPOSED	MANUAL_REVIEW	OWNER_APPROVED_CONCEPT_MEMBERSHIP	PRESERVE_SOURCE_MEMBERSHIP	RISK-04-APPROVE-001	62c2c50e3c0becbe23a686735d1a7e50ed8bce2f3fa23c539d2250b68227c2d7	c8c4232bf924b52636c9dc33fb1891473d548e09ed15de35f33764fe18603f3c	9493ff9f5515eec26daf0204589d1fa3dbb8128f2b58f3590f49244ebb4ecef4
350e3ec96969c73f595445d0fa60413c08ebe5f4f75a3fdb4bb0a36578e68d44	CIC_W	6123	평면 탱크 기기보온공사	59417e656cf749761c3364911d785cd593fc351d40bed5da1adc3d51150d14cb	aa466f43-59bd-4dfc-9e8b-c8dc25528441	평면 탱크 기기보온공사	PROCESS	PROMOTED_FROM_SOURCE	EXACT_EQUIVALENT	PROPOSED	MANUAL_REVIEW	OWNER_APPROVED_CONCEPT_MEMBERSHIP	PRESERVE_SOURCE_MEMBERSHIP	RISK-04-APPROVE-001	62c2c50e3c0becbe23a686735d1a7e50ed8bce2f3fa23c539d2250b68227c2d7	c8c4232bf924b52636c9dc33fb1891473d548e09ed15de35f33764fe18603f3c	9493ff9f5515eec26daf0204589d1fa3dbb8128f2b58f3590f49244ebb4ecef4
13f5be0528f4a76040d8dc24ab64f341c446db62e16fe240fc05e8867afa4220	CIC_W	6129	기타보온공사	c8211f30d4ad5e254327fd944131a603e615d5f97b6205b15bcff3f719bae7ab	498d7f11-76c7-41fb-9bf2-9b6a84d4b42f	기타보온공사	PROCESS	PROMOTED_FROM_SOURCE	EXACT_EQUIVALENT	PROPOSED	MANUAL_REVIEW	OWNER_APPROVED_CONCEPT_MEMBERSHIP	PRESERVE_SOURCE_MEMBERSHIP	RISK-04-APPROVE-001	62c2c50e3c0becbe23a686735d1a7e50ed8bce2f3fa23c539d2250b68227c2d7	c8c4232bf924b52636c9dc33fb1891473d548e09ed15de35f33764fe18603f3c	9493ff9f5515eec26daf0204589d1fa3dbb8128f2b58f3590f49244ebb4ecef4
a74c985d2f0db6f24ea44a20584864cbddf2d6cab893bf508fedd5784ce4518a	CIC_W	613	자동제어공사	0cf1376b9030596d2d58587d424d5e541a9dc9da939a221d2100a8075df6e45f	940f369c-9158-45a8-b1cf-bc74b74d0b12	자동제어공사	PROCESS	PROMOTED_FROM_SOURCE	EXACT_EQUIVALENT	PROPOSED	MANUAL_REVIEW	OWNER_APPROVED_CONCEPT_MEMBERSHIP	PRESERVE_SOURCE_MEMBERSHIP	RISK-04-APPROVE-001	62c2c50e3c0becbe23a686735d1a7e50ed8bce2f3fa23c539d2250b68227c2d7	c8c4232bf924b52636c9dc33fb1891473d548e09ed15de35f33764fe18603f3c	9493ff9f5515eec26daf0204589d1fa3dbb8128f2b58f3590f49244ebb4ecef4
581dd4d87c1a881bc2cd0f20d3081d3396d094a4e443e195eadc0f97e6ae183a	CIC_W	6131	자동제어설비공사	fd44748d3e4a8ed1846994326f93b2640fad9134af08e79d78bc76443957828c	9807ebbc-cb14-41a9-8e20-cf461920dc61	자동제어설비공사	PROCESS	PROMOTED_FROM_SOURCE	EXACT_EQUIVALENT	PROPOSED	MANUAL_REVIEW	OWNER_APPROVED_CONCEPT_MEMBERSHIP	PRESERVE_SOURCE_MEMBERSHIP	RISK-04-APPROVE-001	62c2c50e3c0becbe23a686735d1a7e50ed8bce2f3fa23c539d2250b68227c2d7	c8c4232bf924b52636c9dc33fb1891473d548e09ed15de35f33764fe18603f3c	9493ff9f5515eec26daf0204589d1fa3dbb8128f2b58f3590f49244ebb4ecef4
da509aaf91f8be114dbd7207a5961d3d54e85667ff2302dc35b4c9149b85c2ae	CIC_W	6132	자동제어설비시스템별공사	fe3b05a30d31256b53a6dcc94111801362d90178eb293cbab8c0cc82a4ba2301	f49a9338-3627-4910-ad15-596d1b64d33b	자동제어설비시스템별공사	PROCESS	PROMOTED_FROM_SOURCE	EXACT_EQUIVALENT	PROPOSED	MANUAL_REVIEW	OWNER_APPROVED_CONCEPT_MEMBERSHIP	PRESERVE_SOURCE_MEMBERSHIP	RISK-04-APPROVE-001	62c2c50e3c0becbe23a686735d1a7e50ed8bce2f3fa23c539d2250b68227c2d7	c8c4232bf924b52636c9dc33fb1891473d548e09ed15de35f33764fe18603f3c	9493ff9f5515eec26daf0204589d1fa3dbb8128f2b58f3590f49244ebb4ecef4
bcceeb5fe43f9cad5d6fc1da79645ee1011f99f216e9e2eeb8031607ab6adf7d	CIC_W	614	펌프․공기설비공사	68d8d968b9c2bc99957000cb5ebbe4681685312bfd3a63c44c0d0fe3fd0f8410	39ad3804-b572-4788-906a-b0cfdf5d0f3b	펌프․공기설비공사	PROCESS	PROMOTED_FROM_SOURCE	EXACT_EQUIVALENT	PROPOSED	MANUAL_REVIEW	OWNER_APPROVED_CONCEPT_MEMBERSHIP	PRESERVE_SOURCE_MEMBERSHIP	RISK-04-APPROVE-001	62c2c50e3c0becbe23a686735d1a7e50ed8bce2f3fa23c539d2250b68227c2d7	c8c4232bf924b52636c9dc33fb1891473d548e09ed15de35f33764fe18603f3c	9493ff9f5515eec26daf0204589d1fa3dbb8128f2b58f3590f49244ebb4ecef4
c72d797c370f52afb5d69afe9fc0aeebb784c9776fdbdadbcff91e79378afe69	CIC_W	6141	펌프공사	1101695867665f358ed5fdf5d1afeee0dbe999592e00a310d03d68870f979f6b	17396da2-1006-4c8b-963d-e8e26040c678	펌프공사	PROCESS	PROMOTED_FROM_SOURCE	EXACT_EQUIVALENT	PROPOSED	MANUAL_REVIEW	OWNER_APPROVED_CONCEPT_MEMBERSHIP	PRESERVE_SOURCE_MEMBERSHIP	RISK-04-APPROVE-001	62c2c50e3c0becbe23a686735d1a7e50ed8bce2f3fa23c539d2250b68227c2d7	c8c4232bf924b52636c9dc33fb1891473d548e09ed15de35f33764fe18603f3c	9493ff9f5515eec26daf0204589d1fa3dbb8128f2b58f3590f49244ebb4ecef4
2f98f189c747675c41da36d60a53cc7544986a5f1e67261f823b2c1935c3c7b3	CIC_W	6142	송풍기및환풍기공사	19d8bbf01e85d4e0b2612ada784c484812257c9337d119e546059e40a4336285	1ced195a-74d9-4873-9eb0-293bd19cc0a0	송풍기및환풍기공사	PROCESS	PROMOTED_FROM_SOURCE	EXACT_EQUIVALENT	PROPOSED	MANUAL_REVIEW	OWNER_APPROVED_CONCEPT_MEMBERSHIP	PRESERVE_SOURCE_MEMBERSHIP	RISK-04-APPROVE-001	62c2c50e3c0becbe23a686735d1a7e50ed8bce2f3fa23c539d2250b68227c2d7	c8c4232bf924b52636c9dc33fb1891473d548e09ed15de35f33764fe18603f3c	9493ff9f5515eec26daf0204589d1fa3dbb8128f2b58f3590f49244ebb4ecef4
98cb18afc0dff4e78339c981725efaa3fe126582ffa89378cd3f53b3b99fe1a8	CIC_W	6143	공기압축기공사	69da375d6c9e9b595ff58f54d7939c2f930bc7fda923bf8191eda2b8373618e5	3ba92863-6c10-4c22-a7f8-4f3045746517	공기압축기공사	PROCESS	PROMOTED_FROM_SOURCE	EXACT_EQUIVALENT	PROPOSED	MANUAL_REVIEW	OWNER_APPROVED_CONCEPT_MEMBERSHIP	PRESERVE_SOURCE_MEMBERSHIP	RISK-04-APPROVE-001	62c2c50e3c0becbe23a686735d1a7e50ed8bce2f3fa23c539d2250b68227c2d7	c8c4232bf924b52636c9dc33fb1891473d548e09ed15de35f33764fe18603f3c	9493ff9f5515eec26daf0204589d1fa3dbb8128f2b58f3590f49244ebb4ecef4
fb608f9f7b4f7ed2444fbd56270294e2bb8d76656c31084861c532003068a38c	CIC_W	615	설비․시설잡공사	9d7bad7d3377b0051c155133999851cda03afb637f6fc506662aa14608b8fd72	23c12507-241e-4e79-a855-4ab96b1ce94d	설비․시설잡공사	PROCESS	PROMOTED_FROM_SOURCE	EXACT_EQUIVALENT	PROPOSED	MANUAL_REVIEW	OWNER_APPROVED_CONCEPT_MEMBERSHIP	PRESERVE_SOURCE_MEMBERSHIP	RISK-04-APPROVE-001	62c2c50e3c0becbe23a686735d1a7e50ed8bce2f3fa23c539d2250b68227c2d7	c8c4232bf924b52636c9dc33fb1891473d548e09ed15de35f33764fe18603f3c	9493ff9f5515eec26daf0204589d1fa3dbb8128f2b58f3590f49244ebb4ecef4
3d5584c708df2e585518044c765afd3b5c2f44fc714587e8041f1806a0cfe303	CIC_W	6151	천공공사	f8759c31af7d23a72eb9a9c69ff49cf7f93593dcfcefa8c8c474d45db64f4c8e	3f2b10e7-7339-4403-92b5-7d1dd6861cca	천공공사	PROCESS	PROMOTED_FROM_SOURCE	EXACT_EQUIVALENT	PROPOSED	MANUAL_REVIEW	OWNER_APPROVED_CONCEPT_MEMBERSHIP	PRESERVE_SOURCE_MEMBERSHIP	RISK-04-APPROVE-001	62c2c50e3c0becbe23a686735d1a7e50ed8bce2f3fa23c539d2250b68227c2d7	c8c4232bf924b52636c9dc33fb1891473d548e09ed15de35f33764fe18603f3c	9493ff9f5515eec26daf0204589d1fa3dbb8128f2b58f3590f49244ebb4ecef4
7b842d2b9cd866d58bf43cc3f6603f815ae8764916c661e18dbe00d49b188460	CIC_W	6152	지지금구류공사	fd3648260f5e6a72b865497f1d9e85870bbb5dbe942d598706e54a7fc1a30d4c	90b74850-9db6-4166-be8d-b474d5ceaa12	지지금구류공사	PROCESS	PROMOTED_FROM_SOURCE	EXACT_EQUIVALENT	PROPOSED	MANUAL_REVIEW	OWNER_APPROVED_CONCEPT_MEMBERSHIP	PRESERVE_SOURCE_MEMBERSHIP	RISK-04-APPROVE-001	62c2c50e3c0becbe23a686735d1a7e50ed8bce2f3fa23c539d2250b68227c2d7	c8c4232bf924b52636c9dc33fb1891473d548e09ed15de35f33764fe18603f3c	9493ff9f5515eec26daf0204589d1fa3dbb8128f2b58f3590f49244ebb4ecef4
c779750ca07239f33e770cd4c2bb6925304c98e68821ff292bb42c7022460dcd	CIC_W	6153	밸브박스 슬리브 조립식PD공사	d69cea84ab038d08c64a1d93af5d656523141a255523aea943e9abfc917c6b2b	804a4531-1528-4e97-b15f-723bf118081e	밸브박스 슬리브 조립식PD공사	PROCESS	PROMOTED_FROM_SOURCE	EXACT_EQUIVALENT	PROPOSED	MANUAL_REVIEW	OWNER_APPROVED_CONCEPT_MEMBERSHIP	PRESERVE_SOURCE_MEMBERSHIP	RISK-04-APPROVE-001	62c2c50e3c0becbe23a686735d1a7e50ed8bce2f3fa23c539d2250b68227c2d7	c8c4232bf924b52636c9dc33fb1891473d548e09ed15de35f33764fe18603f3c	9493ff9f5515eec26daf0204589d1fa3dbb8128f2b58f3590f49244ebb4ecef4
ece77017113ca91c6bd13b39c4bf508bce11b3706413147867089ed257855de3	CIC_W	6154	각종잡철물공사및용접공사	3f198a9c596fcc677e65a59ee2cb5c6e64001f7f91b4ae06758346d32df321a2	b0ae0e8c-cd13-47b3-b084-2598872e730c	각종잡철물공사및용접공사	PROCESS	PROMOTED_FROM_SOURCE	EXACT_EQUIVALENT	PROPOSED	MANUAL_REVIEW	OWNER_APPROVED_CONCEPT_MEMBERSHIP	PRESERVE_SOURCE_MEMBERSHIP	RISK-04-APPROVE-001	62c2c50e3c0becbe23a686735d1a7e50ed8bce2f3fa23c539d2250b68227c2d7	c8c4232bf924b52636c9dc33fb1891473d548e09ed15de35f33764fe18603f3c	9493ff9f5515eec26daf0204589d1fa3dbb8128f2b58f3590f49244ebb4ecef4
f5e7cde3b4f72262230d8be51aa65a979c33feac6b2564f563f7116fec66f25a	CIC_W	6155	강재제작설치 조립공사	52570054d9b57108cbe050c6213d7fb187f3001287923162fda8455413123b36	00629e84-90c9-44a0-869b-bad577162cee	강재제작설치 조립공사	TASK	PROMOTED_FROM_SOURCE	EXACT_EQUIVALENT	PROPOSED	MANUAL_REVIEW	OWNER_APPROVED_CONCEPT_MEMBERSHIP	PRESERVE_SOURCE_MEMBERSHIP	RISK-04-APPROVE-001	62c2c50e3c0becbe23a686735d1a7e50ed8bce2f3fa23c539d2250b68227c2d7	c8c4232bf924b52636c9dc33fb1891473d548e09ed15de35f33764fe18603f3c	9493ff9f5515eec26daf0204589d1fa3dbb8128f2b58f3590f49244ebb4ecef4
a51ed1f17633de64df895debe048e1a0fe975bb8c279b64019498c57fbcb0a06	CIC_W	6156	관갱생공사	71f69f546522ed75040cf704f4f42ed672ce20ad067136bb7750e44e32930a21	5e6b8f76-3ff6-4407-b2e7-3d51bfff09fb	관갱생공사	PROCESS	PROMOTED_FROM_SOURCE	EXACT_EQUIVALENT	PROPOSED	MANUAL_REVIEW	OWNER_APPROVED_CONCEPT_MEMBERSHIP	PRESERVE_SOURCE_MEMBERSHIP	RISK-04-APPROVE-001	62c2c50e3c0becbe23a686735d1a7e50ed8bce2f3fa23c539d2250b68227c2d7	c8c4232bf924b52636c9dc33fb1891473d548e09ed15de35f33764fe18603f3c	9493ff9f5515eec26daf0204589d1fa3dbb8128f2b58f3590f49244ebb4ecef4
f88f52b38ff836213bc42d0049fbbe40cc7386599a5eec6ef255c62edda7233d	CIC_W	6157	도장및방청공사	8481d0a1b0de0ca50a0127222387beb6e9b0b44a8dc62143c77b4a8e757c9c39	7e3429db-70f6-4228-a52e-fd2869b0125e	도장및방청공사	TASK	PROMOTED_FROM_SOURCE	EXACT_EQUIVALENT	PROPOSED	MANUAL_REVIEW	OWNER_APPROVED_CONCEPT_MEMBERSHIP	PRESERVE_SOURCE_MEMBERSHIP	RISK-04-APPROVE-001	62c2c50e3c0becbe23a686735d1a7e50ed8bce2f3fa23c539d2250b68227c2d7	c8c4232bf924b52636c9dc33fb1891473d548e09ed15de35f33764fe18603f3c	9493ff9f5515eec26daf0204589d1fa3dbb8128f2b58f3590f49244ebb4ecef4
4b8fca8afa25a5d73cfa8cf8e01b4f883552c2d39b169b9c42eaa47a81991ca6	CIC_W	6158	터파기및되메우기공사	038ad6fb72d989f21edbb398ae9086b91f2a1e29f035dca0684633f19425b199	2729e10b-6484-4f98-bf01-260a56335293	터파기및되메우기공사	TASK	PROMOTED_FROM_SOURCE	EXACT_EQUIVALENT	PROPOSED	MANUAL_REVIEW	OWNER_APPROVED_CONCEPT_MEMBERSHIP	PRESERVE_SOURCE_MEMBERSHIP	RISK-04-APPROVE-001	62c2c50e3c0becbe23a686735d1a7e50ed8bce2f3fa23c539d2250b68227c2d7	c8c4232bf924b52636c9dc33fb1891473d548e09ed15de35f33764fe18603f3c	9493ff9f5515eec26daf0204589d1fa3dbb8128f2b58f3590f49244ebb4ecef4
673dadc0ba30b750d056fbe36793b9c2b204b5134482f7f6c4f6fe70527241a4	CIC_W	62	열원기기설비및공기조화설비공사	49211b2052bbcd7b5bfbcc655622bc55a5e030d18781279df5248769f2649dc0	73869123-c8b9-487e-ba92-1a6bea143b1d	열원기기설비및공기조화설비공사	PROCESS	PROMOTED_FROM_SOURCE	EXACT_EQUIVALENT	PROPOSED	MANUAL_REVIEW	OWNER_APPROVED_CONCEPT_MEMBERSHIP	PRESERVE_SOURCE_MEMBERSHIP	RISK-04-APPROVE-001	62c2c50e3c0becbe23a686735d1a7e50ed8bce2f3fa23c539d2250b68227c2d7	c8c4232bf924b52636c9dc33fb1891473d548e09ed15de35f33764fe18603f3c	9493ff9f5515eec26daf0204589d1fa3dbb8128f2b58f3590f49244ebb4ecef4
b0b4d9d637c7e1c374ccc194a24c66411f1e9a7aedf1c014781b934bf094e149	CIC_W	621	보일러부․부속공사	7ef95651357fef3e076b778e5a7468487bdab7ab79e59b3e3660f84296c3a884	7034f460-2834-447a-94aa-55d0bc9e66cf	보일러부․부속공사	PROCESS	PROMOTED_FROM_SOURCE	EXACT_EQUIVALENT	PROPOSED	MANUAL_REVIEW	OWNER_APPROVED_CONCEPT_MEMBERSHIP	PRESERVE_SOURCE_MEMBERSHIP	RISK-04-APPROVE-001	62c2c50e3c0becbe23a686735d1a7e50ed8bce2f3fa23c539d2250b68227c2d7	c8c4232bf924b52636c9dc33fb1891473d548e09ed15de35f33764fe18603f3c	9493ff9f5515eec26daf0204589d1fa3dbb8128f2b58f3590f49244ebb4ecef4
228ad4139d4ad24929548632226bbc18add0ba37b2923de7db7d37de844e26e7	CIC_W	6211	기계보일러및부속공사	98204670cffe52a646e69f9dfac2492bb3c3461b10fce6a9e14108fba0486fed	53c0d588-2d5a-473e-8030-f5c475f37bf5	기계보일러및부속공사	PROCESS	PROMOTED_FROM_SOURCE	EXACT_EQUIVALENT	PROPOSED	MANUAL_REVIEW	OWNER_APPROVED_CONCEPT_MEMBERSHIP	PRESERVE_SOURCE_MEMBERSHIP	RISK-04-APPROVE-001	62c2c50e3c0becbe23a686735d1a7e50ed8bce2f3fa23c539d2250b68227c2d7	c8c4232bf924b52636c9dc33fb1891473d548e09ed15de35f33764fe18603f3c	9493ff9f5515eec26daf0204589d1fa3dbb8128f2b58f3590f49244ebb4ecef4
d93d20057bb3e141e46f7ee7409ff981f608b6bafcb8130ae02c3b56d78b66b7	CIC_W	6212	플랜트보일러및부속공사	691718b3b61060e1d1266093bbf22fd601561ab83e148c836ab1dcdb0a7ac2bd	ffd84d59-8314-48df-b17d-cc2c3e693d0f	플랜트보일러및부속공사	PROCESS	PROMOTED_FROM_SOURCE	EXACT_EQUIVALENT	PROPOSED	MANUAL_REVIEW	OWNER_APPROVED_CONCEPT_MEMBERSHIP	PRESERVE_SOURCE_MEMBERSHIP	RISK-04-APPROVE-001	62c2c50e3c0becbe23a686735d1a7e50ed8bce2f3fa23c539d2250b68227c2d7	c8c4232bf924b52636c9dc33fb1891473d548e09ed15de35f33764fe18603f3c	9493ff9f5515eec26daf0204589d1fa3dbb8128f2b58f3590f49244ebb4ecef4
98d01cd88d129454052b8bc671fed29b146cb63c8821194c4e7a0fe41fe4a7b9	CIC_W	622	냉동기․냉각탑공사	72383c60847d8e88b7aa778fef9f8bcbc78b4f55ad9bb300d411bc3de433462b	be5ace6b-9692-4afb-979c-682df6d6f49e	냉동기․냉각탑공사	PROCESS	PROMOTED_FROM_SOURCE	EXACT_EQUIVALENT	PROPOSED	MANUAL_REVIEW	OWNER_APPROVED_CONCEPT_MEMBERSHIP	PRESERVE_SOURCE_MEMBERSHIP	RISK-04-APPROVE-001	62c2c50e3c0becbe23a686735d1a7e50ed8bce2f3fa23c539d2250b68227c2d7	c8c4232bf924b52636c9dc33fb1891473d548e09ed15de35f33764fe18603f3c	9493ff9f5515eec26daf0204589d1fa3dbb8128f2b58f3590f49244ebb4ecef4
c2c2b123830f7ad1ea1890f6bb3139c4947b72dd17fb1625447a079eb1d18202	CIC_W	6221	냉동기및부속설비설치공사	6d3f80635389b4fe293da1878b51739e7cf6bd5e3972f70a05f494beac7ba9b5	7c990ac0-30a7-4f50-ae18-30b121410837	냉동기및부속설비설치공사	TASK	PROMOTED_FROM_SOURCE	EXACT_EQUIVALENT	PROPOSED	MANUAL_REVIEW	OWNER_APPROVED_CONCEPT_MEMBERSHIP	PRESERVE_SOURCE_MEMBERSHIP	RISK-04-APPROVE-001	62c2c50e3c0becbe23a686735d1a7e50ed8bce2f3fa23c539d2250b68227c2d7	c8c4232bf924b52636c9dc33fb1891473d548e09ed15de35f33764fe18603f3c	9493ff9f5515eec26daf0204589d1fa3dbb8128f2b58f3590f49244ebb4ecef4
96ecbf3b66622e15aaf11127b3d2b2100feb41d71a674b3d67d637e9869c1bf7	CIC_W	6222	냉각탑설치공사	787b7cb8a6ca4838fb0a3eb237b359c3be0896b00e2bfedf469d95ee0e82f88f	97f8d079-cfee-47db-a3ae-19da78d1c240	냉각탑설치공사	TASK	PROMOTED_FROM_SOURCE	EXACT_EQUIVALENT	PROPOSED	MANUAL_REVIEW	OWNER_APPROVED_CONCEPT_MEMBERSHIP	PRESERVE_SOURCE_MEMBERSHIP	RISK-04-APPROVE-001	62c2c50e3c0becbe23a686735d1a7e50ed8bce2f3fa23c539d2250b68227c2d7	c8c4232bf924b52636c9dc33fb1891473d548e09ed15de35f33764fe18603f3c	9493ff9f5515eec26daf0204589d1fa3dbb8128f2b58f3590f49244ebb4ecef4
91960530c01883733ada4a12ecb2f18743a38fa5e4ffcd0db6300da7494041f4	CIC_W	623	공기조화기기설비공사	e1e8145467429472a59dd7ae0d75512fbe4eb6addb9d8fbed2f334c308857b63	a5ff5522-3e4f-4d19-b18f-4fc7afefaa01	공기조화기기설비공사	PROCESS	PROMOTED_FROM_SOURCE	EXACT_EQUIVALENT	PROPOSED	MANUAL_REVIEW	OWNER_APPROVED_CONCEPT_MEMBERSHIP	PRESERVE_SOURCE_MEMBERSHIP	RISK-04-APPROVE-001	62c2c50e3c0becbe23a686735d1a7e50ed8bce2f3fa23c539d2250b68227c2d7	c8c4232bf924b52636c9dc33fb1891473d548e09ed15de35f33764fe18603f3c	9493ff9f5515eec26daf0204589d1fa3dbb8128f2b58f3590f49244ebb4ecef4
f8aaf41e011fa43bd7a5bc439907d8cbaa9623a9ffe27666d8cb545d352596a8	CIC_W	6231	공조기및팬공사	b3b5710ba20bf1b257ef181fbc34ed89294150598dd19058fbe720c6869c0920	0e4930e1-242a-4643-b327-88a879dcdc24	공조기및팬공사	PROCESS	PROMOTED_FROM_SOURCE	EXACT_EQUIVALENT	PROPOSED	MANUAL_REVIEW	OWNER_APPROVED_CONCEPT_MEMBERSHIP	PRESERVE_SOURCE_MEMBERSHIP	RISK-04-APPROVE-001	62c2c50e3c0becbe23a686735d1a7e50ed8bce2f3fa23c539d2250b68227c2d7	c8c4232bf924b52636c9dc33fb1891473d548e09ed15de35f33764fe18603f3c	9493ff9f5515eec26daf0204589d1fa3dbb8128f2b58f3590f49244ebb4ecef4
e93c5518ed7b87c0d91e9146c3f076a93fb4feae869be968e5ec07e2a94e57ef	CIC_W	6232	온수분배기 방열기설치공사	6b9f67bdc03d38dde0a73b6a2e053ce150e5f459c35c0e6403d3cf61a97bedcf	6f0ff138-0d15-46bf-bc05-e2c2b02ac711	온수분배기 방열기설치공사	TASK	PROMOTED_FROM_SOURCE	EXACT_EQUIVALENT	PROPOSED	MANUAL_REVIEW	OWNER_APPROVED_CONCEPT_MEMBERSHIP	PRESERVE_SOURCE_MEMBERSHIP	RISK-04-APPROVE-001	62c2c50e3c0becbe23a686735d1a7e50ed8bce2f3fa23c539d2250b68227c2d7	c8c4232bf924b52636c9dc33fb1891473d548e09ed15de35f33764fe18603f3c	9493ff9f5515eec26daf0204589d1fa3dbb8128f2b58f3590f49244ebb4ecef4
88762c462df2f0aaa85b3b4aa96780aca0587a04e34dc7d174131e9fd8611789	CIC_W	6233	컨벡터설치공사	0d269333cd689a171c0199dd6a43ee90a1c431841a2d75cbf249d3e04ee2da6e	89494215-9a3e-4f3c-926a-a0256d34a76b	컨벡터설치공사	TASK	PROMOTED_FROM_SOURCE	EXACT_EQUIVALENT	PROPOSED	MANUAL_REVIEW	OWNER_APPROVED_CONCEPT_MEMBERSHIP	PRESERVE_SOURCE_MEMBERSHIP	RISK-04-APPROVE-001	62c2c50e3c0becbe23a686735d1a7e50ed8bce2f3fa23c539d2250b68227c2d7	c8c4232bf924b52636c9dc33fb1891473d548e09ed15de35f33764fe18603f3c	9493ff9f5515eec26daf0204589d1fa3dbb8128f2b58f3590f49244ebb4ecef4
09972ae27018c6ee9964c06ea2e35e734215faa17afc652227a78d9137ecd1b0	CIC_W	6234	적외선히터설치공사	e0c1211b14a8b00a5ae1eb747d9d26c00d2e8aa7619dde1ea767812bd753c075	7e6e9960-dfc1-4a89-9aaf-1ac81cd4652a	적외선히터설치공사	TASK	PROMOTED_FROM_SOURCE	EXACT_EQUIVALENT	PROPOSED	MANUAL_REVIEW	OWNER_APPROVED_CONCEPT_MEMBERSHIP	PRESERVE_SOURCE_MEMBERSHIP	RISK-04-APPROVE-001	62c2c50e3c0becbe23a686735d1a7e50ed8bce2f3fa23c539d2250b68227c2d7	c8c4232bf924b52636c9dc33fb1891473d548e09ed15de35f33764fe18603f3c	9493ff9f5515eec26daf0204589d1fa3dbb8128f2b58f3590f49244ebb4ecef4
14e71cff0fca4513e1bd580cd46ca9b98b6e9ec98e27b07410a35ec5e8f545c1	CIC_W	6235	전열교환기설치공사	29cae13373f6a82b728f8d4c0e0ba96b81d07c7a8f218903aab86aa927946aca	3785d762-a369-46f6-ae1f-9612e8e50c0a	전열교환기설치공사	TASK	PROMOTED_FROM_SOURCE	EXACT_EQUIVALENT	PROPOSED	MANUAL_REVIEW	OWNER_APPROVED_CONCEPT_MEMBERSHIP	PRESERVE_SOURCE_MEMBERSHIP	RISK-04-APPROVE-001	62c2c50e3c0becbe23a686735d1a7e50ed8bce2f3fa23c539d2250b68227c2d7	c8c4232bf924b52636c9dc33fb1891473d548e09ed15de35f33764fe18603f3c	9493ff9f5515eec26daf0204589d1fa3dbb8128f2b58f3590f49244ebb4ecef4
0039a5ffb0e566a8168e4c3d98496e385482c39c8f5bcbd735ad7f4376329784	CIC_W	6236	휀코일유닛설치공사	312383ff2cd3033ef2df86b597ee7fbd11020e67eebb8550fb5947162d3f23fb	f802efd0-59b9-4c7b-9d53-350f17727699	휀코일유닛설치공사	TASK	PROMOTED_FROM_SOURCE	EXACT_EQUIVALENT	PROPOSED	MANUAL_REVIEW	OWNER_APPROVED_CONCEPT_MEMBERSHIP	PRESERVE_SOURCE_MEMBERSHIP	RISK-04-APPROVE-001	62c2c50e3c0becbe23a686735d1a7e50ed8bce2f3fa23c539d2250b68227c2d7	c8c4232bf924b52636c9dc33fb1891473d548e09ed15de35f33764fe18603f3c	9493ff9f5515eec26daf0204589d1fa3dbb8128f2b58f3590f49244ebb4ecef4
1608d5498abc81f623ee35bd8133c170c692d5600d788c029673fdac0c37cd4e	CIC_W	6237	팩키지유닛설치공사	be5450076b28fc1787fdc70a125282fd2f055a50b12a2f7bd8490702d983bbf5	aa1423f8-6dd2-4f8f-853f-0a276f3dfff8	팩키지유닛설치공사	TASK	PROMOTED_FROM_SOURCE	EXACT_EQUIVALENT	PROPOSED	MANUAL_REVIEW	OWNER_APPROVED_CONCEPT_MEMBERSHIP	PRESERVE_SOURCE_MEMBERSHIP	RISK-04-APPROVE-001	62c2c50e3c0becbe23a686735d1a7e50ed8bce2f3fa23c539d2250b68227c2d7	c8c4232bf924b52636c9dc33fb1891473d548e09ed15de35f33764fe18603f3c	9493ff9f5515eec26daf0204589d1fa3dbb8128f2b58f3590f49244ebb4ecef4
c94151078ed1f17c89c25bc00d855b42aa8b0a9bffe1f6ac71228552b05b3016	CIC_W	624	덕트공사	fcf56aeed97bbc55ffffd3b1922a372eb38a1d8032b0957878ffd2f59c39e099	f0bbccab-664f-4f1b-ad59-994b723b7e90	덕트공사	PROCESS	PROMOTED_FROM_SOURCE	EXACT_EQUIVALENT	PROPOSED	MANUAL_REVIEW	OWNER_APPROVED_CONCEPT_MEMBERSHIP	PRESERVE_SOURCE_MEMBERSHIP	RISK-04-APPROVE-001	62c2c50e3c0becbe23a686735d1a7e50ed8bce2f3fa23c539d2250b68227c2d7	c8c4232bf924b52636c9dc33fb1891473d548e09ed15de35f33764fe18603f3c	9493ff9f5515eec26daf0204589d1fa3dbb8128f2b58f3590f49244ebb4ecef4
2cf0d905c54a496485af9c1f81320159355aec68116905cdb3448c7f738e9016	CIC_W	6241	덕트제작공사	44287b2b845da2ccacb082171be4bbbc919526c0faf0946e2f384d663522e05c	4af739fe-85ef-4764-936c-b047676fc079	덕트제작공사	TASK	PROMOTED_FROM_SOURCE	EXACT_EQUIVALENT	PROPOSED	MANUAL_REVIEW	OWNER_APPROVED_CONCEPT_MEMBERSHIP	PRESERVE_SOURCE_MEMBERSHIP	RISK-04-APPROVE-001	62c2c50e3c0becbe23a686735d1a7e50ed8bce2f3fa23c539d2250b68227c2d7	c8c4232bf924b52636c9dc33fb1891473d548e09ed15de35f33764fe18603f3c	9493ff9f5515eec26daf0204589d1fa3dbb8128f2b58f3590f49244ebb4ecef4
1580b79b0fec054a065d5319b2608d2b0a07af734bf647d4b97b02713d5e660d	CIC_W	6242	덕트설치공사	267f61833f1be4f06eebb530e87b5665c8477cfdcd6e945cd0a7003f36ef9045	a1b62ef8-87e4-40dd-a45c-439c1c56cedf	덕트설치공사	TASK	PROMOTED_FROM_SOURCE	EXACT_EQUIVALENT	PROPOSED	MANUAL_REVIEW	OWNER_APPROVED_CONCEPT_MEMBERSHIP	PRESERVE_SOURCE_MEMBERSHIP	RISK-04-APPROVE-001	62c2c50e3c0becbe23a686735d1a7e50ed8bce2f3fa23c539d2250b68227c2d7	c8c4232bf924b52636c9dc33fb1891473d548e09ed15de35f33764fe18603f3c	9493ff9f5515eec26daf0204589d1fa3dbb8128f2b58f3590f49244ebb4ecef4
ac75c86234a23c33ed63e57d2da746c110b1bfb3322a420549bc22cd51ba54f1	CIC_W	6243	연도제작및설치공사	f955a9b9430faf6ce060864e51e45fbfa4fe19e12c6fd14b7ca87a5f016bad26	33e51c5d-35d5-4d2e-90bd-f657a2c03043	연도제작및설치공사	TASK	PROMOTED_FROM_SOURCE	EXACT_EQUIVALENT	PROPOSED	MANUAL_REVIEW	OWNER_APPROVED_CONCEPT_MEMBERSHIP	PRESERVE_SOURCE_MEMBERSHIP	RISK-04-APPROVE-001	62c2c50e3c0becbe23a686735d1a7e50ed8bce2f3fa23c539d2250b68227c2d7	c8c4232bf924b52636c9dc33fb1891473d548e09ed15de35f33764fe18603f3c	9493ff9f5515eec26daf0204589d1fa3dbb8128f2b58f3590f49244ebb4ecef4
9f2c4e6362d7ccb2e469e8ed673ffa2335b7987893b3511fea87af9cff0fba90	CIC_W	625	열교환기 탱크 헤더설치공사	60fe27c8f7fc32987291d31f6ae512b1cf6b3ea890f0e152632397ee41c76a28	08d5a2b9-552f-4b3b-a159-9a0212fdd90f	열교환기 탱크 헤더설치공사	PROCESS	PROMOTED_FROM_SOURCE	EXACT_EQUIVALENT	PROPOSED	MANUAL_REVIEW	OWNER_APPROVED_CONCEPT_MEMBERSHIP	PRESERVE_SOURCE_MEMBERSHIP	RISK-04-APPROVE-001	62c2c50e3c0becbe23a686735d1a7e50ed8bce2f3fa23c539d2250b68227c2d7	c8c4232bf924b52636c9dc33fb1891473d548e09ed15de35f33764fe18603f3c	9493ff9f5515eec26daf0204589d1fa3dbb8128f2b58f3590f49244ebb4ecef4
2a3728d4358b06bc59fdbe0127963affe8480445e6f95e3c9955ee16f616a5e8	CIC_W	6251	열교환기 탱크류설치공사	8d1d2129a57c432dbe09f6d7b88d730261bbf9ab5eded1ca1d754567ded21ca3	966dcde3-7c34-478e-b024-ad6e2ccb4901	열교환기 탱크류설치공사	TASK	PROMOTED_FROM_SOURCE	EXACT_EQUIVALENT	PROPOSED	MANUAL_REVIEW	OWNER_APPROVED_CONCEPT_MEMBERSHIP	PRESERVE_SOURCE_MEMBERSHIP	RISK-04-APPROVE-001	62c2c50e3c0becbe23a686735d1a7e50ed8bce2f3fa23c539d2250b68227c2d7	c8c4232bf924b52636c9dc33fb1891473d548e09ed15de35f33764fe18603f3c	9493ff9f5515eec26daf0204589d1fa3dbb8128f2b58f3590f49244ebb4ecef4
a477c370fdcb63f6b5d0fc925bd8776127528b0a738588c3f3ce2975b7328496	CIC_W	6252	현장제작탱크설치공사	e615fb4e2f1fcc8e3adf8c7823dc5b318280e3d13198329356ac44b8176f584d	678fda87-fe63-4387-8f25-fb4574e4d549	현장제작탱크설치공사	TASK	PROMOTED_FROM_SOURCE	EXACT_EQUIVALENT	PROPOSED	MANUAL_REVIEW	OWNER_APPROVED_CONCEPT_MEMBERSHIP	PRESERVE_SOURCE_MEMBERSHIP	RISK-04-APPROVE-001	62c2c50e3c0becbe23a686735d1a7e50ed8bce2f3fa23c539d2250b68227c2d7	c8c4232bf924b52636c9dc33fb1891473d548e09ed15de35f33764fe18603f3c	9493ff9f5515eec26daf0204589d1fa3dbb8128f2b58f3590f49244ebb4ecef4
6bb9b8307de7fae37abb99199d47da11dbbfd540d6ff404cb826d2be4ceaad34	CIC_W	6253	헤더설치공사	51c72e9981027165e51fba7ce878755d31e7c768d3c76e927e14cb9be8d28276	1d62da9a-97a3-406c-97ed-f387fc3f52e4	헤더설치공사	TASK	PROMOTED_FROM_SOURCE	EXACT_EQUIVALENT	PROPOSED	MANUAL_REVIEW	OWNER_APPROVED_CONCEPT_MEMBERSHIP	PRESERVE_SOURCE_MEMBERSHIP	RISK-04-APPROVE-001	62c2c50e3c0becbe23a686735d1a7e50ed8bce2f3fa23c539d2250b68227c2d7	c8c4232bf924b52636c9dc33fb1891473d548e09ed15de35f33764fe18603f3c	9493ff9f5515eec26daf0204589d1fa3dbb8128f2b58f3590f49244ebb4ecef4
3845279a048191565b61d14aade9a3755878017e2b1b4cba52b61cb27ebc563f	CIC_W	626	냉온수기설치공사	c39ad6615f8d542d28bb7be277a7ed9e823bd05c2064419e3287115032903d0d	043f0c06-e43d-4982-8cc3-18517188cd69	냉온수기설치공사	PROCESS	MERGED_FROM_REVIEWED_SOURCES	EXACT_EQUIVALENT	PROPOSED	MANUAL_REVIEW	OWNER_APPROVED_CONCEPT_MEMBERSHIP	PRESERVE_SOURCE_MEMBERSHIP	RISK-04-APPROVE-001	62c2c50e3c0becbe23a686735d1a7e50ed8bce2f3fa23c539d2250b68227c2d7	c8c4232bf924b52636c9dc33fb1891473d548e09ed15de35f33764fe18603f3c	9493ff9f5515eec26daf0204589d1fa3dbb8128f2b58f3590f49244ebb4ecef4
d03b4df350dd2e44e57e9571ca0cb9c30718a2e75dc9966798a3d6a72315094d	CIC_W	6261	냉수기설치공사	c15df2e89928e4a597e01afdd27810d582b31e246485e5d4b40549544b01a5ef	66cd57b6-be04-4dd1-846b-ae7e66d35828	냉수기설치공사	TASK	PROMOTED_FROM_SOURCE	EXACT_EQUIVALENT	PROPOSED	MANUAL_REVIEW	OWNER_APPROVED_CONCEPT_MEMBERSHIP	PRESERVE_SOURCE_MEMBERSHIP	RISK-04-APPROVE-001	62c2c50e3c0becbe23a686735d1a7e50ed8bce2f3fa23c539d2250b68227c2d7	c8c4232bf924b52636c9dc33fb1891473d548e09ed15de35f33764fe18603f3c	9493ff9f5515eec26daf0204589d1fa3dbb8128f2b58f3590f49244ebb4ecef4
e6d2171b03f9a1919bf67e001694939d61bd7b8cd8b3666f53dea54e7eccb842	CIC_W	6262	온수기설치공사	c55a6c7af4fc197664135b89dd1f41a295cff264d03f9967804d649e27867e05	d224c847-f301-459a-b00b-552893d73dba	온수기설치공사	TASK	PROMOTED_FROM_SOURCE	EXACT_EQUIVALENT	PROPOSED	MANUAL_REVIEW	OWNER_APPROVED_CONCEPT_MEMBERSHIP	PRESERVE_SOURCE_MEMBERSHIP	RISK-04-APPROVE-001	62c2c50e3c0becbe23a686735d1a7e50ed8bce2f3fa23c539d2250b68227c2d7	c8c4232bf924b52636c9dc33fb1891473d548e09ed15de35f33764fe18603f3c	9493ff9f5515eec26daf0204589d1fa3dbb8128f2b58f3590f49244ebb4ecef4
3343f74b0b8aec83e9a1554149821230644200d563ebbb856984d8de070d1f08	CIC_W	6263	냉온수기설치공사	c39ad6615f8d542d28bb7be277a7ed9e823bd05c2064419e3287115032903d0d	043f0c06-e43d-4982-8cc3-18517188cd69	냉온수기설치공사	PROCESS	MERGED_FROM_REVIEWED_SOURCES	EXACT_EQUIVALENT	PROPOSED	MANUAL_REVIEW	OWNER_APPROVED_CONCEPT_MEMBERSHIP	PRESERVE_SOURCE_MEMBERSHIP	RISK-04-APPROVE-001	62c2c50e3c0becbe23a686735d1a7e50ed8bce2f3fa23c539d2250b68227c2d7	c8c4232bf924b52636c9dc33fb1891473d548e09ed15de35f33764fe18603f3c	9493ff9f5515eec26daf0204589d1fa3dbb8128f2b58f3590f49244ebb4ecef4
2332af94649a7922cfcf70cc148d503432a06bf004b5fe8396d535837f0610b7	CIC_W	63	위생설비공사	bd2f71981bff2ef99f94fd8e5945cc39ed763c87eb8b07a054fee95adcb4ae06	fb4b640e-768e-4855-870b-d957c1e2def7	위생설비공사	PROCESS	PROMOTED_FROM_SOURCE	EXACT_EQUIVALENT	PROPOSED	MANUAL_REVIEW	OWNER_APPROVED_CONCEPT_MEMBERSHIP	PRESERVE_SOURCE_MEMBERSHIP	RISK-04-APPROVE-001	62c2c50e3c0becbe23a686735d1a7e50ed8bce2f3fa23c539d2250b68227c2d7	c8c4232bf924b52636c9dc33fb1891473d548e09ed15de35f33764fe18603f3c	9493ff9f5515eec26daf0204589d1fa3dbb8128f2b58f3590f49244ebb4ecef4
c259d344299a5541845d05c93da51defed6250a55265393cbbd531bff2aa2b64	CIC_W	631	위생기구설비공사	2f3b01e8d351eb48adb6117e951ecfeeaf03c78bd08c61a35b5df23bc3600dd4	425b84b0-62dd-4f3e-b2e7-09edf62b8698	위생기구설비공사	PROCESS	PROMOTED_FROM_SOURCE	EXACT_EQUIVALENT	PROPOSED	MANUAL_REVIEW	OWNER_APPROVED_CONCEPT_MEMBERSHIP	PRESERVE_SOURCE_MEMBERSHIP	RISK-04-APPROVE-001	62c2c50e3c0becbe23a686735d1a7e50ed8bce2f3fa23c539d2250b68227c2d7	c8c4232bf924b52636c9dc33fb1891473d548e09ed15de35f33764fe18603f3c	9493ff9f5515eec26daf0204589d1fa3dbb8128f2b58f3590f49244ebb4ecef4
f8dffdb5b66dd1a915f24ae96c31111d33c40126fe08148a3643d7a21190b703	CIC_W	6311	위생기구류공사	cba5aa7d079256748882b44303797ec104ab20f2e5e1b0769e6970b42e7165cb	18ccd6e4-bcbe-4180-853e-ff87b990abdc	위생기구류공사	PROCESS	MERGED_FROM_REVIEWED_SOURCES	EXACT_EQUIVALENT	PROPOSED	MANUAL_REVIEW	OWNER_APPROVED_CONCEPT_MEMBERSHIP	PRESERVE_SOURCE_MEMBERSHIP	RISK-04-APPROVE-001	62c2c50e3c0becbe23a686735d1a7e50ed8bce2f3fa23c539d2250b68227c2d7	c8c4232bf924b52636c9dc33fb1891473d548e09ed15de35f33764fe18603f3c	9493ff9f5515eec26daf0204589d1fa3dbb8128f2b58f3590f49244ebb4ecef4
f591b26c14b3dcf8b6fb7642c2df1d7fb82ae1fdd484bc19f8dc0c8e5a6006e2	CIC_W	6312	위생기구류공사	cba5aa7d079256748882b44303797ec104ab20f2e5e1b0769e6970b42e7165cb	18ccd6e4-bcbe-4180-853e-ff87b990abdc	위생기구류공사	PROCESS	MERGED_FROM_REVIEWED_SOURCES	EXACT_EQUIVALENT	PROPOSED	MANUAL_REVIEW	OWNER_APPROVED_CONCEPT_MEMBERSHIP	PRESERVE_SOURCE_MEMBERSHIP	RISK-04-APPROVE-001	62c2c50e3c0becbe23a686735d1a7e50ed8bce2f3fa23c539d2250b68227c2d7	c8c4232bf924b52636c9dc33fb1891473d548e09ed15de35f33764fe18603f3c	9493ff9f5515eec26daf0204589d1fa3dbb8128f2b58f3590f49244ebb4ecef4
2a104f1175f1d7afd263481700d9a00f4ba42fa957daa3d33d9c605222305ed5	CIC_W	6313	배수트랩공사	180b4ace7a7ebe1a9a14a3001ef88f38b04e495d8bc6ada1a8504c3414a3c83f	7ec6151a-4a53-489e-823b-9af09fbc5ccb	배수트랩공사	PROCESS	PROMOTED_FROM_SOURCE	EXACT_EQUIVALENT	PROPOSED	MANUAL_REVIEW	OWNER_APPROVED_CONCEPT_MEMBERSHIP	PRESERVE_SOURCE_MEMBERSHIP	RISK-04-APPROVE-001	62c2c50e3c0becbe23a686735d1a7e50ed8bce2f3fa23c539d2250b68227c2d7	c8c4232bf924b52636c9dc33fb1891473d548e09ed15de35f33764fe18603f3c	9493ff9f5515eec26daf0204589d1fa3dbb8128f2b58f3590f49244ebb4ecef4
eaeb3f447501d2b518fdb2c9f01d943097e2e56df176174578d333eef44144c5	CIC_W	6314	수전금구류공사	e8ff758161a706d3340aa107d571c593b51d2aab0338dbf5c9c8b26d2a96711c	40e8d20f-487f-49bb-ac03-a259dc2749e4	수전금구류공사	PROCESS	PROMOTED_FROM_SOURCE	EXACT_EQUIVALENT	PROPOSED	MANUAL_REVIEW	OWNER_APPROVED_CONCEPT_MEMBERSHIP	PRESERVE_SOURCE_MEMBERSHIP	RISK-04-APPROVE-001	62c2c50e3c0becbe23a686735d1a7e50ed8bce2f3fa23c539d2250b68227c2d7	c8c4232bf924b52636c9dc33fb1891473d548e09ed15de35f33764fe18603f3c	9493ff9f5515eec26daf0204589d1fa3dbb8128f2b58f3590f49244ebb4ecef4
0a4c79213efff51173cb0e30bd79d5c3e2c071d2a53b10486338fa6a87bf83d0	CIC_W	64	방재기계설비공사	6a1c0b77bd9da03f98926215289581bbcbca6e27dba519a092321a602264979d	3f8d918c-4dec-408b-9e10-709a374a689b	방재기계설비공사	PROCESS	PROMOTED_FROM_SOURCE	EXACT_EQUIVALENT	PROPOSED	MANUAL_REVIEW	OWNER_APPROVED_CONCEPT_MEMBERSHIP	PRESERVE_SOURCE_MEMBERSHIP	RISK-04-APPROVE-001	62c2c50e3c0becbe23a686735d1a7e50ed8bce2f3fa23c539d2250b68227c2d7	c8c4232bf924b52636c9dc33fb1891473d548e09ed15de35f33764fe18603f3c	9493ff9f5515eec26daf0204589d1fa3dbb8128f2b58f3590f49244ebb4ecef4
97345ccad3b85b28ade93f77788e785047cb48490088045b2a3e3d0c98870e4c	CIC_W	641	소방기계설비공사	0954849d33f3f16d68648fa6b9789cd137b2a6030d9c853e880c653e0d42741e	2250286c-d9a8-4e68-9898-296bb3d42be1	소방기계설비공사	PROCESS	PROMOTED_FROM_SOURCE	EXACT_EQUIVALENT	PROPOSED	MANUAL_REVIEW	OWNER_APPROVED_CONCEPT_MEMBERSHIP	PRESERVE_SOURCE_MEMBERSHIP	RISK-04-APPROVE-001	62c2c50e3c0becbe23a686735d1a7e50ed8bce2f3fa23c539d2250b68227c2d7	c8c4232bf924b52636c9dc33fb1891473d548e09ed15de35f33764fe18603f3c	9493ff9f5515eec26daf0204589d1fa3dbb8128f2b58f3590f49244ebb4ecef4
d15a2a67cd4fb09842dfec50664fe184f74fa89bd34b47c4a53bbbb094a1c285	CIC_W	6411	소방설비별공사	ffb7ce9b3cc90d418858fa956a9609256d28e9fac0087e65b78e6d9745547168	82c336ba-857c-4736-99e1-d921ed92daf9	소방설비별공사	PROCESS	PROMOTED_FROM_SOURCE	EXACT_EQUIVALENT	PROPOSED	MANUAL_REVIEW	OWNER_APPROVED_CONCEPT_MEMBERSHIP	PRESERVE_SOURCE_MEMBERSHIP	RISK-04-APPROVE-001	62c2c50e3c0becbe23a686735d1a7e50ed8bce2f3fa23c539d2250b68227c2d7	c8c4232bf924b52636c9dc33fb1891473d548e09ed15de35f33764fe18603f3c	9493ff9f5515eec26daf0204589d1fa3dbb8128f2b58f3590f49244ebb4ecef4
82de1de720b656972807ab327e76cf67ab09ea2c475493f1c5f20e8311203cc3	CIC_W	6412	소방설비기기류별설치공사	a78d8afd3ff0e875d7d6be5b84807383d054524806f28e1ab54cbf28456331e1	c377be69-6ab3-4048-9d38-05fa755a8267	소방설비기기류별설치공사	TASK	PROMOTED_FROM_SOURCE	EXACT_EQUIVALENT	PROPOSED	MANUAL_REVIEW	OWNER_APPROVED_CONCEPT_MEMBERSHIP	PRESERVE_SOURCE_MEMBERSHIP	RISK-04-APPROVE-001	62c2c50e3c0becbe23a686735d1a7e50ed8bce2f3fa23c539d2250b68227c2d7	c8c4232bf924b52636c9dc33fb1891473d548e09ed15de35f33764fe18603f3c	9493ff9f5515eec26daf0204589d1fa3dbb8128f2b58f3590f49244ebb4ecef4
b2d948e1a503c300f40d8d4f6a9c89f9e1eb31dd872b65255b1f72178eae4e6b	CIC_W	65	가스설비공사	dc3dff2350840a9f391b06f7a73780bb78385a45b4ccece8cb08a3da4c8d1215	d703949e-0684-40bb-86f5-4c11bd329756	가스설비공사	PROCESS	PROMOTED_FROM_SOURCE	EXACT_EQUIVALENT	PROPOSED	MANUAL_REVIEW	OWNER_APPROVED_CONCEPT_MEMBERSHIP	PRESERVE_SOURCE_MEMBERSHIP	RISK-04-APPROVE-001	62c2c50e3c0becbe23a686735d1a7e50ed8bce2f3fa23c539d2250b68227c2d7	c8c4232bf924b52636c9dc33fb1891473d548e09ed15de35f33764fe18603f3c	9493ff9f5515eec26daf0204589d1fa3dbb8128f2b58f3590f49244ebb4ecef4
96e1e44ae1841ef3fbc2958561c7760af199471c56febd6db1e6e9f74352aee4	CIC_W	651	저장탱크공사	00a52dd997c21ceab4004fe3ce98b640a5932dcad08ab3bd2f5e91411e4e53a7	98336564-d693-4026-b357-a545e100700c	저장탱크공사	PROCESS	PROMOTED_FROM_SOURCE	EXACT_EQUIVALENT	PROPOSED	MANUAL_REVIEW	OWNER_APPROVED_CONCEPT_MEMBERSHIP	PRESERVE_SOURCE_MEMBERSHIP	RISK-04-APPROVE-001	62c2c50e3c0becbe23a686735d1a7e50ed8bce2f3fa23c539d2250b68227c2d7	c8c4232bf924b52636c9dc33fb1891473d548e09ed15de35f33764fe18603f3c	9493ff9f5515eec26daf0204589d1fa3dbb8128f2b58f3590f49244ebb4ecef4
57403016ea4aca2287307fd35a477ad0bdab67f71ea86a8b9004467ea94f9d65	CIC_W	6511	저장탱크제작공사	ab0ebbc06f7bc6363f9d1c54092d2d31de78ef0788f5c268428f3136033aeb9d	0f67ac17-fd69-4cc1-8a6a-37bea42a0c87	저장탱크제작공사	PROCESS	PROMOTED_FROM_SOURCE	EXACT_EQUIVALENT	PROPOSED	MANUAL_REVIEW	OWNER_APPROVED_CONCEPT_MEMBERSHIP	PRESERVE_SOURCE_MEMBERSHIP	RISK-04-APPROVE-001	62c2c50e3c0becbe23a686735d1a7e50ed8bce2f3fa23c539d2250b68227c2d7	c8c4232bf924b52636c9dc33fb1891473d548e09ed15de35f33764fe18603f3c	9493ff9f5515eec26daf0204589d1fa3dbb8128f2b58f3590f49244ebb4ecef4
c99f7114732644b71f5d8c84145d54f8f01f2b3dc440ac466eac882ba513d488	CIC_W	6512	저장탱크설치공사	58a25f0715084c1a9bf2780778752741f2ed6bc69566c48cece3dc3cceda60f8	10a63c24-c2a9-49ff-be08-1bf1db6f87b3	저장탱크설치공사	TASK	PROMOTED_FROM_SOURCE	EXACT_EQUIVALENT	PROPOSED	MANUAL_REVIEW	OWNER_APPROVED_CONCEPT_MEMBERSHIP	PRESERVE_SOURCE_MEMBERSHIP	RISK-04-APPROVE-001	62c2c50e3c0becbe23a686735d1a7e50ed8bce2f3fa23c539d2250b68227c2d7	c8c4232bf924b52636c9dc33fb1891473d548e09ed15de35f33764fe18603f3c	9493ff9f5515eec26daf0204589d1fa3dbb8128f2b58f3590f49244ebb4ecef4
8aa911f9047467df1f8091808188e79bb99c7c889a45f4883e169f420074584e	CIC_W	652	가스설비관련기기설비공사	b5505742d94b06382f56854611e8b90aed15c861a2a393c78b2690e66b43c954	8c831cd1-fa96-4c78-913a-a4b0d1c636fe	가스설비관련기기설비공사	PROCESS	PROMOTED_FROM_SOURCE	EXACT_EQUIVALENT	PROPOSED	MANUAL_REVIEW	OWNER_APPROVED_CONCEPT_MEMBERSHIP	PRESERVE_SOURCE_MEMBERSHIP	RISK-04-APPROVE-001	62c2c50e3c0becbe23a686735d1a7e50ed8bce2f3fa23c539d2250b68227c2d7	c8c4232bf924b52636c9dc33fb1891473d548e09ed15de35f33764fe18603f3c	9493ff9f5515eec26daf0204589d1fa3dbb8128f2b58f3590f49244ebb4ecef4
e398a34eddb24d0c9b815846066243690e817e5a0ab8d2595d15299a2b98ad81	CIC_W	6521	가스설비관련기기제작공사	3dbd798f2881746e1d2b9f045d10a168c544bc545b58c2d0fd73b1cb0cef1150	3cd47cb4-db75-4b91-b2c7-8a38f4aa502a	가스설비관련기기제작공사	TASK	PROMOTED_FROM_SOURCE	EXACT_EQUIVALENT	PROPOSED	MANUAL_REVIEW	OWNER_APPROVED_CONCEPT_MEMBERSHIP	PRESERVE_SOURCE_MEMBERSHIP	RISK-04-APPROVE-001	62c2c50e3c0becbe23a686735d1a7e50ed8bce2f3fa23c539d2250b68227c2d7	c8c4232bf924b52636c9dc33fb1891473d548e09ed15de35f33764fe18603f3c	9493ff9f5515eec26daf0204589d1fa3dbb8128f2b58f3590f49244ebb4ecef4
bc42829332f625409e7c322f367fd49482ccca94f25c6b940a39eab029bf65b3	CIC_W	6522	가스설비관련기기설치공사	05904e0f81d3f046112158b3f4b188e91d74673d2c533e3aed5b9963de0360fe	b12ddccf-08fb-4bc8-9866-419a99873dd8	가스설비관련기기설치공사	TASK	PROMOTED_FROM_SOURCE	EXACT_EQUIVALENT	PROPOSED	MANUAL_REVIEW	OWNER_APPROVED_CONCEPT_MEMBERSHIP	PRESERVE_SOURCE_MEMBERSHIP	RISK-04-APPROVE-001	62c2c50e3c0becbe23a686735d1a7e50ed8bce2f3fa23c539d2250b68227c2d7	c8c4232bf924b52636c9dc33fb1891473d548e09ed15de35f33764fe18603f3c	9493ff9f5515eec26daf0204589d1fa3dbb8128f2b58f3590f49244ebb4ecef4
1e81cca591aa47ce701172d6c78bc6fc8acac837ffa7d743b64594c8860eb338	CIC_W	66	특수설비공사	094c2a06438b38402ce06ad7013f0d454002110bdbcbf8e2401b3ec4dc941191	218a19dd-a075-456a-8c08-cc1df02d3d95	특수설비공사	PROCESS	PROMOTED_FROM_SOURCE	EXACT_EQUIVALENT	PROPOSED	MANUAL_REVIEW	OWNER_APPROVED_CONCEPT_MEMBERSHIP	PRESERVE_SOURCE_MEMBERSHIP	RISK-04-APPROVE-001	62c2c50e3c0becbe23a686735d1a7e50ed8bce2f3fa23c539d2250b68227c2d7	c8c4232bf924b52636c9dc33fb1891473d548e09ed15de35f33764fe18603f3c	9493ff9f5515eec26daf0204589d1fa3dbb8128f2b58f3590f49244ebb4ecef4
1b4989e1fdc2ac0f44a6d2702325d31d0d5e6b9f2680c52d2010d01f472db1cd	CIC_W	661	살수관련공사	54ee11f0f90aca0d4c8c52a6baa3cf19b78610c21edf272b68390f7468c2747b	129ad2c3-e7b7-43f4-abb5-cda5f2be067a	살수관련공사	PROCESS	PROMOTED_FROM_SOURCE	EXACT_EQUIVALENT	PROPOSED	MANUAL_REVIEW	OWNER_APPROVED_CONCEPT_MEMBERSHIP	PRESERVE_SOURCE_MEMBERSHIP	RISK-04-APPROVE-001	62c2c50e3c0becbe23a686735d1a7e50ed8bce2f3fa23c539d2250b68227c2d7	c8c4232bf924b52636c9dc33fb1891473d548e09ed15de35f33764fe18603f3c	9493ff9f5515eec26daf0204589d1fa3dbb8128f2b58f3590f49244ebb4ecef4
72a3a5f18ec1c913fb388e42a533f2a8045b32bbf76e85c81abdc9d61b096b8c	CIC_W	6611	살수설비주기기설비공사	c631c5c132a4fe6aea6a4086c35ae1025fb8589f7cb095d77bd3a58a372fec8f	06aae30f-a833-4e7a-a81d-2b62cbbcbe53	살수설비주기기설비공사	PROCESS	PROMOTED_FROM_SOURCE	EXACT_EQUIVALENT	PROPOSED	MANUAL_REVIEW	OWNER_APPROVED_CONCEPT_MEMBERSHIP	PRESERVE_SOURCE_MEMBERSHIP	RISK-04-APPROVE-001	62c2c50e3c0becbe23a686735d1a7e50ed8bce2f3fa23c539d2250b68227c2d7	c8c4232bf924b52636c9dc33fb1891473d548e09ed15de35f33764fe18603f3c	9493ff9f5515eec26daf0204589d1fa3dbb8128f2b58f3590f49244ebb4ecef4
4d04b84504485471215e353b32415a6cc2684bc7931c95c631cc7d0dbb80ba87	CIC_W	6612	살수설비보조설비공사	ef15473dcf1dacc031152633b6877f4e1c47fcd70c78f83f7415963c200c25a4	f87aa2e0-5e8c-4be7-b4c0-abf6229b83f4	살수설비보조설비공사	PROCESS	PROMOTED_FROM_SOURCE	EXACT_EQUIVALENT	PROPOSED	MANUAL_REVIEW	OWNER_APPROVED_CONCEPT_MEMBERSHIP	PRESERVE_SOURCE_MEMBERSHIP	RISK-04-APPROVE-001	62c2c50e3c0becbe23a686735d1a7e50ed8bce2f3fa23c539d2250b68227c2d7	c8c4232bf924b52636c9dc33fb1891473d548e09ed15de35f33764fe18603f3c	9493ff9f5515eec26daf0204589d1fa3dbb8128f2b58f3590f49244ebb4ecef4
d155a1f4d612df7df44b2ee2098905855264aaaefed6a1283a7c0cc062ebee6d	CIC_W	662	냉동냉장실공사	fd75ac4138ed5409d0ed30aae578a02942ab49528558d47e4261136cfbe58831	643b3672-fbbc-4538-beed-ecc02f1f1ab0	냉동냉장실공사	PROCESS	PROMOTED_FROM_SOURCE	EXACT_EQUIVALENT	PROPOSED	MANUAL_REVIEW	OWNER_APPROVED_CONCEPT_MEMBERSHIP	PRESERVE_SOURCE_MEMBERSHIP	RISK-04-APPROVE-001	62c2c50e3c0becbe23a686735d1a7e50ed8bce2f3fa23c539d2250b68227c2d7	c8c4232bf924b52636c9dc33fb1891473d548e09ed15de35f33764fe18603f3c	9493ff9f5515eec26daf0204589d1fa3dbb8128f2b58f3590f49244ebb4ecef4
686c82fd584466466eb28cf3d9ae718dbf47d2ece5b54b615ca117c06d2085b6	CIC_W	6621	냉동실설비공사	06890e334a7a716771ef1bdc5e9ac4fba56022955272e4180b754ec2304c6869	078134f6-523d-4146-8a85-edc514ece459	냉동실설비공사	PROCESS	PROMOTED_FROM_SOURCE	EXACT_EQUIVALENT	PROPOSED	MANUAL_REVIEW	OWNER_APPROVED_CONCEPT_MEMBERSHIP	PRESERVE_SOURCE_MEMBERSHIP	RISK-04-APPROVE-001	62c2c50e3c0becbe23a686735d1a7e50ed8bce2f3fa23c539d2250b68227c2d7	c8c4232bf924b52636c9dc33fb1891473d548e09ed15de35f33764fe18603f3c	9493ff9f5515eec26daf0204589d1fa3dbb8128f2b58f3590f49244ebb4ecef4
7446b4f5633139f8272d173e03c8e6913f457383cb211c3a62d5bef1b66c93e7	CIC_W	6622	냉장실설비공사	0c8c4f8747137614f2825451a99d0471d12a5701da70014c1831163606b41bdf	65ebbaac-e584-40e0-8563-80c47d3cfddd	냉장실설비공사	PROCESS	PROMOTED_FROM_SOURCE	EXACT_EQUIVALENT	PROPOSED	MANUAL_REVIEW	OWNER_APPROVED_CONCEPT_MEMBERSHIP	PRESERVE_SOURCE_MEMBERSHIP	RISK-04-APPROVE-001	62c2c50e3c0becbe23a686735d1a7e50ed8bce2f3fa23c539d2250b68227c2d7	c8c4232bf924b52636c9dc33fb1891473d548e09ed15de35f33764fe18603f3c	9493ff9f5515eec26daf0204589d1fa3dbb8128f2b58f3590f49244ebb4ecef4
572aa512d8a7c84a995419c28626afdc02d0b36fd60e2e54e962dc9038a68d53	CIC_W	663	살균설비공사	cf1ecf5c2d7cb6f58c0d55291d4f55089f496affdb0ef538b0addb2641c4e15f	c23d53b4-6e43-4cb4-b165-532318204bda	살균설비공사	PROCESS	PROMOTED_FROM_SOURCE	EXACT_EQUIVALENT	PROPOSED	MANUAL_REVIEW	OWNER_APPROVED_CONCEPT_MEMBERSHIP	PRESERVE_SOURCE_MEMBERSHIP	RISK-04-APPROVE-001	62c2c50e3c0becbe23a686735d1a7e50ed8bce2f3fa23c539d2250b68227c2d7	c8c4232bf924b52636c9dc33fb1891473d548e09ed15de35f33764fe18603f3c	9493ff9f5515eec26daf0204589d1fa3dbb8128f2b58f3590f49244ebb4ecef4
151ce43961a9ce6e036261a326d100334e86744a79d09bbc47289b773aa7b8b0	CIC_W	6631	살균설비주기기설비공사	3c39ab7408d60898ac5a4edfabd8d45d4b3836143b2c4a5199a18b70a8b19529	83668b5e-0c4c-4ef5-94ca-b0031052c6f2	살균설비주기기설비공사	PROCESS	PROMOTED_FROM_SOURCE	EXACT_EQUIVALENT	PROPOSED	MANUAL_REVIEW	OWNER_APPROVED_CONCEPT_MEMBERSHIP	PRESERVE_SOURCE_MEMBERSHIP	RISK-04-APPROVE-001	62c2c50e3c0becbe23a686735d1a7e50ed8bce2f3fa23c539d2250b68227c2d7	c8c4232bf924b52636c9dc33fb1891473d548e09ed15de35f33764fe18603f3c	9493ff9f5515eec26daf0204589d1fa3dbb8128f2b58f3590f49244ebb4ecef4
22f12c1309a25dc094b8fe53521700120664f425445c51b40d07156968bd7a75	CIC_W	6632	살균설비보조설비공사	7986d792883029c145809ea43b8aaef8558ef50c7c99fee7d15eb226fe3bae11	014c927e-9bf8-45ed-817f-c3153f9c4a5d	살균설비보조설비공사	PROCESS	PROMOTED_FROM_SOURCE	EXACT_EQUIVALENT	PROPOSED	MANUAL_REVIEW	OWNER_APPROVED_CONCEPT_MEMBERSHIP	PRESERVE_SOURCE_MEMBERSHIP	RISK-04-APPROVE-001	62c2c50e3c0becbe23a686735d1a7e50ed8bce2f3fa23c539d2250b68227c2d7	c8c4232bf924b52636c9dc33fb1891473d548e09ed15de35f33764fe18603f3c	9493ff9f5515eec26daf0204589d1fa3dbb8128f2b58f3590f49244ebb4ecef4
69fe80e103f8d4e4af0bf42b54af2d6ab5ce89d6b9455d895d0573efe4421357	CIC_W	664	지하수개발공사	e271654f1c7852d2159a26c3090155561877ae3961a251572cd7ef697a459066	b5fa3df7-c005-4e6c-a2b5-844d831f9839	지하수개발공사	PROCESS	PROMOTED_FROM_SOURCE	EXACT_EQUIVALENT	PROPOSED	MANUAL_REVIEW	OWNER_APPROVED_CONCEPT_MEMBERSHIP	PRESERVE_SOURCE_MEMBERSHIP	RISK-04-APPROVE-001	62c2c50e3c0becbe23a686735d1a7e50ed8bce2f3fa23c539d2250b68227c2d7	c8c4232bf924b52636c9dc33fb1891473d548e09ed15de35f33764fe18603f3c	9493ff9f5515eec26daf0204589d1fa3dbb8128f2b58f3590f49244ebb4ecef4
441c74542922fe88b3206b4eda348fd3114a197df26a3d0bb525d6e37234d716	CIC_W	6641	지하수개발주기기설비공사	6fc8df183a52399ca6a700b818ea0752deb79a5c661f5702085dcbc3ef2822fb	5a5c0f73-6ea2-45ad-9ab5-0b974d9f2b5f	지하수개발주기기설비공사	PROCESS	PROMOTED_FROM_SOURCE	EXACT_EQUIVALENT	PROPOSED	MANUAL_REVIEW	OWNER_APPROVED_CONCEPT_MEMBERSHIP	PRESERVE_SOURCE_MEMBERSHIP	RISK-04-APPROVE-001	62c2c50e3c0becbe23a686735d1a7e50ed8bce2f3fa23c539d2250b68227c2d7	c8c4232bf924b52636c9dc33fb1891473d548e09ed15de35f33764fe18603f3c	9493ff9f5515eec26daf0204589d1fa3dbb8128f2b58f3590f49244ebb4ecef4
09b0fe03432179913261f333cca2b8b0544392bd3aa410f0026ed99269e30b06	CIC_W	6642	지하수개발보조설비공사	587c67858b565cf8b01afc4c056316bb8de3dce1e7113ad25be9cca3c1df0dca	77be337d-c374-4e80-a5f7-69dcaa249387	지하수개발보조설비공사	PROCESS	PROMOTED_FROM_SOURCE	EXACT_EQUIVALENT	PROPOSED	MANUAL_REVIEW	OWNER_APPROVED_CONCEPT_MEMBERSHIP	PRESERVE_SOURCE_MEMBERSHIP	RISK-04-APPROVE-001	62c2c50e3c0becbe23a686735d1a7e50ed8bce2f3fa23c539d2250b68227c2d7	c8c4232bf924b52636c9dc33fb1891473d548e09ed15de35f33764fe18603f3c	9493ff9f5515eec26daf0204589d1fa3dbb8128f2b58f3590f49244ebb4ecef4
463756ad0754782c49c6cf9131d827fae2f5d6f0b2087c04f3f72637120bf9a1	CIC_W	665	방식공사	5699e667839fbb246cb48d93f87db04834968fc595e50f73319e540c94a0d2d9	3ade5995-a8f0-4e97-a31a-3edfc3b1e095	방식공사	PROCESS	PROMOTED_FROM_SOURCE	EXACT_EQUIVALENT	PROPOSED	MANUAL_REVIEW	OWNER_APPROVED_CONCEPT_MEMBERSHIP	PRESERVE_SOURCE_MEMBERSHIP	RISK-04-APPROVE-001	62c2c50e3c0becbe23a686735d1a7e50ed8bce2f3fa23c539d2250b68227c2d7	c8c4232bf924b52636c9dc33fb1891473d548e09ed15de35f33764fe18603f3c	9493ff9f5515eec26daf0204589d1fa3dbb8128f2b58f3590f49244ebb4ecef4
5fa1afa1611962edea642e741a324eeb16336c98e98c10c9ee411f94e5e4e831	CIC_W	6651	방식전기설비공사	3c831ae682c4527f118ef78dbac28b3de835e76c7beb9fe4e57e4f80f0daa32e	a074669e-20e3-4d2e-b9ab-ba38ec5c9521	방식전기설비공사	PROCESS	PROMOTED_FROM_SOURCE	EXACT_EQUIVALENT	PROPOSED	MANUAL_REVIEW	OWNER_APPROVED_CONCEPT_MEMBERSHIP	PRESERVE_SOURCE_MEMBERSHIP	RISK-04-APPROVE-001	62c2c50e3c0becbe23a686735d1a7e50ed8bce2f3fa23c539d2250b68227c2d7	c8c4232bf924b52636c9dc33fb1891473d548e09ed15de35f33764fe18603f3c	9493ff9f5515eec26daf0204589d1fa3dbb8128f2b58f3590f49244ebb4ecef4
f23438250a06706fe5628f33c4fd65f63ba9a249b9baf81c16523154068b3eda	CIC_W	6652	방식보조설비공사	6ae8b553109b13bd117b001b801804bedab94616ed379326b2dd1716cc8e4a45	ce01d355-6b4e-4352-bbd0-4100be25265e	방식보조설비공사	PROCESS	PROMOTED_FROM_SOURCE	EXACT_EQUIVALENT	PROPOSED	MANUAL_REVIEW	OWNER_APPROVED_CONCEPT_MEMBERSHIP	PRESERVE_SOURCE_MEMBERSHIP	RISK-04-APPROVE-001	62c2c50e3c0becbe23a686735d1a7e50ed8bce2f3fa23c539d2250b68227c2d7	c8c4232bf924b52636c9dc33fb1891473d548e09ed15de35f33764fe18603f3c	9493ff9f5515eec26daf0204589d1fa3dbb8128f2b58f3590f49244ebb4ecef4
8011d8e6902787d970fca202f6ae69ef87fc16af5ae84e4fd1db5c3bec928b91	CIC_W	666	아이스링크설비공사	97fb76d45383c405adb1236d93e2b6e7d03f0dcb21430cc51ed6c6c0cd0f1ee7	1a7e57c5-a04d-4871-8977-c460a1995996	아이스링크설비공사	PROCESS	PROMOTED_FROM_SOURCE	EXACT_EQUIVALENT	PROPOSED	MANUAL_REVIEW	OWNER_APPROVED_CONCEPT_MEMBERSHIP	PRESERVE_SOURCE_MEMBERSHIP	RISK-04-APPROVE-001	62c2c50e3c0becbe23a686735d1a7e50ed8bce2f3fa23c539d2250b68227c2d7	c8c4232bf924b52636c9dc33fb1891473d548e09ed15de35f33764fe18603f3c	9493ff9f5515eec26daf0204589d1fa3dbb8128f2b58f3590f49244ebb4ecef4
16cf35b6aaf1ca4cfadad7458e6051e6e6cdf72d40f9a795d808f429f530e5c4	CIC_W	6661	아이스링크설비주기기공사	5984e9b936b33f5034c6113d6763d7580d34e1b8e33d16638b79d1a287be1e95	d1230f58-603a-43b7-b831-fcdd0d87408a	아이스링크설비주기기공사	PROCESS	PROMOTED_FROM_SOURCE	EXACT_EQUIVALENT	PROPOSED	MANUAL_REVIEW	OWNER_APPROVED_CONCEPT_MEMBERSHIP	PRESERVE_SOURCE_MEMBERSHIP	RISK-04-APPROVE-001	62c2c50e3c0becbe23a686735d1a7e50ed8bce2f3fa23c539d2250b68227c2d7	c8c4232bf924b52636c9dc33fb1891473d548e09ed15de35f33764fe18603f3c	9493ff9f5515eec26daf0204589d1fa3dbb8128f2b58f3590f49244ebb4ecef4
d2c8b2459de7ad03022e44cb984a32d2ccd4fed211db1fd474ad81848765529f	CIC_W	6662	아이스링크보조설비공사	f2a2012f70083b9edb3b40cc23a58817b32681b25601bdbbfde2b8b5bd82c0c6	f894ef87-82ce-42fc-936a-5c2677b9d536	아이스링크보조설비공사	PROCESS	PROMOTED_FROM_SOURCE	EXACT_EQUIVALENT	PROPOSED	MANUAL_REVIEW	OWNER_APPROVED_CONCEPT_MEMBERSHIP	PRESERVE_SOURCE_MEMBERSHIP	RISK-04-APPROVE-001	62c2c50e3c0becbe23a686735d1a7e50ed8bce2f3fa23c539d2250b68227c2d7	c8c4232bf924b52636c9dc33fb1891473d548e09ed15de35f33764fe18603f3c	9493ff9f5515eec26daf0204589d1fa3dbb8128f2b58f3590f49244ebb4ecef4
70a2d4bf12800ebd7099604a332955ee66feacc9be5af814f0bb190d7a0bbb3c	CIC_W	667	기타특수공사	6b6b479c3f4495081e9d94b608880b8017b3f6dd47a7478bb4afb14bff9a2516	b7b2bc21-e66c-4520-951f-745ccad00527	기타특수공사	PROCESS	PROMOTED_FROM_SOURCE	EXACT_EQUIVALENT	PROPOSED	MANUAL_REVIEW	OWNER_APPROVED_CONCEPT_MEMBERSHIP	PRESERVE_SOURCE_MEMBERSHIP	RISK-04-APPROVE-001	62c2c50e3c0becbe23a686735d1a7e50ed8bce2f3fa23c539d2250b68227c2d7	c8c4232bf924b52636c9dc33fb1891473d548e09ed15de35f33764fe18603f3c	9493ff9f5515eec26daf0204589d1fa3dbb8128f2b58f3590f49244ebb4ecef4
840ff7465a38f97e22113b17fb48e738ab4de22a1abe1386a76f522a9a451824	CIC_W	6671	문서이송설비주기기공사	e5938afafa74b086b9724cba1bbafdec859216a34a14dfb2895304edd3e7a07b	d165ed00-23c7-45c3-a0de-83f897a64401	문서이송설비주기기공사	PROCESS	PROMOTED_FROM_SOURCE	EXACT_EQUIVALENT	PROPOSED	MANUAL_REVIEW	OWNER_APPROVED_CONCEPT_MEMBERSHIP	PRESERVE_SOURCE_MEMBERSHIP	RISK-04-APPROVE-001	62c2c50e3c0becbe23a686735d1a7e50ed8bce2f3fa23c539d2250b68227c2d7	c8c4232bf924b52636c9dc33fb1891473d548e09ed15de35f33764fe18603f3c	9493ff9f5515eec26daf0204589d1fa3dbb8128f2b58f3590f49244ebb4ecef4
9129c6ab2c809b2096f6e194bc55069dafad63f3cd5e29ab58f9420dc57acbd9	CIC_W	6672	문서이송보조설비공사	c95181b2942b52f154aa5b7fe4b0b56efe21caa2eebd9b8aafbd756a45bf0f03	73c33622-466c-471f-acda-cf6b9ee5af6b	문서이송보조설비공사	PROCESS	PROMOTED_FROM_SOURCE	EXACT_EQUIVALENT	PROPOSED	MANUAL_REVIEW	OWNER_APPROVED_CONCEPT_MEMBERSHIP	PRESERVE_SOURCE_MEMBERSHIP	RISK-04-APPROVE-001	62c2c50e3c0becbe23a686735d1a7e50ed8bce2f3fa23c539d2250b68227c2d7	c8c4232bf924b52636c9dc33fb1891473d548e09ed15de35f33764fe18603f3c	9493ff9f5515eec26daf0204589d1fa3dbb8128f2b58f3590f49244ebb4ecef4
a9048affa3d1fa0e869f89a109f7825c910e5d358d58b44fa90b64d8da12e1c3	CIC_W	67	서비스설비공사	4d9e8f9fa87bd378789d8cf760fcc530d324b31228a4807c8d19549ba282a0af	365b740b-5b5b-429a-8e6e-d02c53977eda	서비스설비공사	PROCESS	PROMOTED_FROM_SOURCE	EXACT_EQUIVALENT	PROPOSED	MANUAL_REVIEW	OWNER_APPROVED_CONCEPT_MEMBERSHIP	PRESERVE_SOURCE_MEMBERSHIP	RISK-04-APPROVE-001	62c2c50e3c0becbe23a686735d1a7e50ed8bce2f3fa23c539d2250b68227c2d7	c8c4232bf924b52636c9dc33fb1891473d548e09ed15de35f33764fe18603f3c	9493ff9f5515eec26daf0204589d1fa3dbb8128f2b58f3590f49244ebb4ecef4
4e25996a04d9946a3df4d5b2c0491f9e5ad3f8b2592277cb29f381a5d291800c	CIC_W	671	주방기구설비공사	aa872e4365b79702ca9898925c1792a62158d5fc651af9bd7233fedff38651d8	e39b9c63-fb5b-4881-9a37-c21bdec7692f	주방기구설비공사	PROCESS	MERGED_FROM_REVIEWED_SOURCES	EXACT_EQUIVALENT	PROPOSED	MANUAL_REVIEW	OWNER_APPROVED_CONCEPT_MEMBERSHIP	PRESERVE_SOURCE_MEMBERSHIP	RISK-04-APPROVE-001	62c2c50e3c0becbe23a686735d1a7e50ed8bce2f3fa23c539d2250b68227c2d7	c8c4232bf924b52636c9dc33fb1891473d548e09ed15de35f33764fe18603f3c	9493ff9f5515eec26daf0204589d1fa3dbb8128f2b58f3590f49244ebb4ecef4
477d061aac110780b1c50219098f7d37dc6a6209dce119019fa17650e9476693	CIC_W	6711	주방기구설비공사	aa872e4365b79702ca9898925c1792a62158d5fc651af9bd7233fedff38651d8	e39b9c63-fb5b-4881-9a37-c21bdec7692f	주방기구설비공사	PROCESS	MERGED_FROM_REVIEWED_SOURCES	EXACT_EQUIVALENT	PROPOSED	MANUAL_REVIEW	OWNER_APPROVED_CONCEPT_MEMBERSHIP	PRESERVE_SOURCE_MEMBERSHIP	RISK-04-APPROVE-001	62c2c50e3c0becbe23a686735d1a7e50ed8bce2f3fa23c539d2250b68227c2d7	c8c4232bf924b52636c9dc33fb1891473d548e09ed15de35f33764fe18603f3c	9493ff9f5515eec26daf0204589d1fa3dbb8128f2b58f3590f49244ebb4ecef4
f5c0fbcd21acba9d444bbb9825cdf27c24c0b30b0e7a3ce8d20213bf60fab3a4	CIC_W	672	세탁장비설비공사	5a8671109205cef8fda5e7f8e931851f1c8a2b097e01d72eeb74977f6ec8372e	396d437f-f04f-49bf-9bbf-b8bac113f463	세탁장비설비공사	PROCESS	MERGED_FROM_REVIEWED_SOURCES	EXACT_EQUIVALENT	PROPOSED	MANUAL_REVIEW	OWNER_APPROVED_CONCEPT_MEMBERSHIP	PRESERVE_SOURCE_MEMBERSHIP	RISK-04-APPROVE-001	62c2c50e3c0becbe23a686735d1a7e50ed8bce2f3fa23c539d2250b68227c2d7	c8c4232bf924b52636c9dc33fb1891473d548e09ed15de35f33764fe18603f3c	9493ff9f5515eec26daf0204589d1fa3dbb8128f2b58f3590f49244ebb4ecef4
58ae58ac26dfe5357db83748bd0980545e4f8cb516a95eba1e1b8e7e6a990906	CIC_W	6721	세탁장비설비공사	5a8671109205cef8fda5e7f8e931851f1c8a2b097e01d72eeb74977f6ec8372e	396d437f-f04f-49bf-9bbf-b8bac113f463	세탁장비설비공사	PROCESS	MERGED_FROM_REVIEWED_SOURCES	EXACT_EQUIVALENT	PROPOSED	MANUAL_REVIEW	OWNER_APPROVED_CONCEPT_MEMBERSHIP	PRESERVE_SOURCE_MEMBERSHIP	RISK-04-APPROVE-001	62c2c50e3c0becbe23a686735d1a7e50ed8bce2f3fa23c539d2250b68227c2d7	c8c4232bf924b52636c9dc33fb1891473d548e09ed15de35f33764fe18603f3c	9493ff9f5515eec26daf0204589d1fa3dbb8128f2b58f3590f49244ebb4ecef4
04b42edbb6bf2ab845a781d6be00b8f63b6e42bba23559486f4d76166dffad7c	CIC_W	6722	세탁물운반설비공사	ad47aa0b07258d93fe87f3ae34720b25b4cd41ac7e8575883b3dcc96a82d2e89	85e755b5-ec60-4230-a70f-fecebac96001	세탁물운반설비공사	PROCESS	PROMOTED_FROM_SOURCE	EXACT_EQUIVALENT	PROPOSED	MANUAL_REVIEW	OWNER_APPROVED_CONCEPT_MEMBERSHIP	PRESERVE_SOURCE_MEMBERSHIP	RISK-04-APPROVE-001	62c2c50e3c0becbe23a686735d1a7e50ed8bce2f3fa23c539d2250b68227c2d7	c8c4232bf924b52636c9dc33fb1891473d548e09ed15de35f33764fe18603f3c	9493ff9f5515eec26daf0204589d1fa3dbb8128f2b58f3590f49244ebb4ecef4
f4f2923d2dc4ca27b66e3c2b39cb705a090590fa2a244c15696dcc453a410619	CIC_W	6731	의료시험및시운전공사실가스설비공사	246dba3003df34544b7b59939c89a1aae459a17b0d356ce70df1aca64c705e94	7856c50a-32fb-43fb-80f6-e0566f92aa98	의료시험및시운전공사실가스설비공사	PROCESS	PROMOTED_FROM_SOURCE	EXACT_EQUIVALENT	PROPOSED	MANUAL_REVIEW	OWNER_APPROVED_CONCEPT_MEMBERSHIP	PRESERVE_SOURCE_MEMBERSHIP	RISK-04-APPROVE-001	62c2c50e3c0becbe23a686735d1a7e50ed8bce2f3fa23c539d2250b68227c2d7	c8c4232bf924b52636c9dc33fb1891473d548e09ed15de35f33764fe18603f3c	9493ff9f5515eec26daf0204589d1fa3dbb8128f2b58f3590f49244ebb4ecef4
ad5e0fbe8cab9825661144aef0cefa9377c18dcbccdf474cfa0c7cfd03271384	CIC_W	674	수영장및분수공사	cfb52d9ba0bc0f700de3985ceb83668d2509a94cb1154969ad48a8bea3e97ed8	ed593b2a-6e8d-4777-b869-fd28bc3b575d	수영장및분수공사	PROCESS	PROMOTED_FROM_SOURCE	EXACT_EQUIVALENT	PROPOSED	MANUAL_REVIEW	OWNER_APPROVED_CONCEPT_MEMBERSHIP	PRESERVE_SOURCE_MEMBERSHIP	RISK-04-APPROVE-001	62c2c50e3c0becbe23a686735d1a7e50ed8bce2f3fa23c539d2250b68227c2d7	c8c4232bf924b52636c9dc33fb1891473d548e09ed15de35f33764fe18603f3c	9493ff9f5515eec26daf0204589d1fa3dbb8128f2b58f3590f49244ebb4ecef4
c99911e599ecc74041d08e8834cae257236fcf57e79b3dc64660c9d6929a4e67	CIC_W	6741	수영장설비공사	732907d3a0c1fb040b472b6ebe12001a621ac875f5d25d253b36b405dc501483	482ca0cf-a619-461f-a1b6-f9828435832d	수영장설비공사	PROCESS	PROMOTED_FROM_SOURCE	EXACT_EQUIVALENT	PROPOSED	MANUAL_REVIEW	OWNER_APPROVED_CONCEPT_MEMBERSHIP	PRESERVE_SOURCE_MEMBERSHIP	RISK-04-APPROVE-001	62c2c50e3c0becbe23a686735d1a7e50ed8bce2f3fa23c539d2250b68227c2d7	c8c4232bf924b52636c9dc33fb1891473d548e09ed15de35f33764fe18603f3c	9493ff9f5515eec26daf0204589d1fa3dbb8128f2b58f3590f49244ebb4ecef4
697a6a8b3165cb7e59cd82acb12375b3818d5cb0a5e83eacd15c613df650f927	CIC_W	6742	분수설비공사	d71c056d6d5f233cdedb5337ece25687b4a737f15cee2d63ef842c1cb39fd6ba	8ad48fbf-a1a8-4bd8-a01c-64778e3bb928	분수설비공사	PROCESS	PROMOTED_FROM_SOURCE	EXACT_EQUIVALENT	PROPOSED	MANUAL_REVIEW	OWNER_APPROVED_CONCEPT_MEMBERSHIP	PRESERVE_SOURCE_MEMBERSHIP	RISK-04-APPROVE-001	62c2c50e3c0becbe23a686735d1a7e50ed8bce2f3fa23c539d2250b68227c2d7	c8c4232bf924b52636c9dc33fb1891473d548e09ed15de35f33764fe18603f3c	9493ff9f5515eec26daf0204589d1fa3dbb8128f2b58f3590f49244ebb4ecef4
2f434b909f6a32b5e224f85ecbba24f0af86bb88bf866d1e69af99b5b2eb3106	CIC_W	675	목욕탕및사우나공사	7d81cf8b2d26a6e0ba0f2ef7e48033aec988f358a830fbf0aa347c2ab286dfc2	604cd924-7c0d-4fa0-a5ba-17adceb5b82c	목욕탕및사우나공사	PROCESS	PROMOTED_FROM_SOURCE	EXACT_EQUIVALENT	PROPOSED	MANUAL_REVIEW	OWNER_APPROVED_CONCEPT_MEMBERSHIP	PRESERVE_SOURCE_MEMBERSHIP	RISK-04-APPROVE-001	62c2c50e3c0becbe23a686735d1a7e50ed8bce2f3fa23c539d2250b68227c2d7	c8c4232bf924b52636c9dc33fb1891473d548e09ed15de35f33764fe18603f3c	9493ff9f5515eec26daf0204589d1fa3dbb8128f2b58f3590f49244ebb4ecef4
aa22a6dab1c0987659ce6e7253490dbb137b331151b42f4492be6894ca808472	CIC_W	6751	목욕탕및사우나설비공사	887b4a643d049f718648e5a2379818caf30299d1449571651a60243d7b2cb33c	573400f8-f9ca-4233-adf8-503d3c3516f4	목욕탕및사우나설비공사	PROCESS	PROMOTED_FROM_SOURCE	EXACT_EQUIVALENT	PROPOSED	MANUAL_REVIEW	OWNER_APPROVED_CONCEPT_MEMBERSHIP	PRESERVE_SOURCE_MEMBERSHIP	RISK-04-APPROVE-001	62c2c50e3c0becbe23a686735d1a7e50ed8bce2f3fa23c539d2250b68227c2d7	c8c4232bf924b52636c9dc33fb1891473d548e09ed15de35f33764fe18603f3c	9493ff9f5515eec26daf0204589d1fa3dbb8128f2b58f3590f49244ebb4ecef4
1a7a87fa6abe86b98da35945aaad51005c88ea17fb5015141336ad3d56359963	CIC_W	676	진공청소공사	82ab83b57874d5c81a3973878defdb6122933ca317efad006efd9c4fbc920cb2	31947f08-9ae6-4673-b57f-93e735bcb2bb	진공청소공사	PROCESS	PROMOTED_FROM_SOURCE	EXACT_EQUIVALENT	PROPOSED	MANUAL_REVIEW	OWNER_APPROVED_CONCEPT_MEMBERSHIP	PRESERVE_SOURCE_MEMBERSHIP	RISK-04-APPROVE-001	62c2c50e3c0becbe23a686735d1a7e50ed8bce2f3fa23c539d2250b68227c2d7	c8c4232bf924b52636c9dc33fb1891473d548e09ed15de35f33764fe18603f3c	9493ff9f5515eec26daf0204589d1fa3dbb8128f2b58f3590f49244ebb4ecef4
82850645fe73fb624008fd01b97e770645b282e7e2e903a98eae0cd5990e97c5	CIC_W	6761	진공청소설비공사	85d010763a4263ad7b9c88a3861a4c9481f58853a58ae435e6f1a0fd6271a344	c95e783a-07a9-4981-bd7c-abc445dac990	진공청소설비공사	PROCESS	PROMOTED_FROM_SOURCE	EXACT_EQUIVALENT	PROPOSED	MANUAL_REVIEW	OWNER_APPROVED_CONCEPT_MEMBERSHIP	PRESERVE_SOURCE_MEMBERSHIP	RISK-04-APPROVE-001	62c2c50e3c0becbe23a686735d1a7e50ed8bce2f3fa23c539d2250b68227c2d7	c8c4232bf924b52636c9dc33fb1891473d548e09ed15de35f33764fe18603f3c	9493ff9f5515eec26daf0204589d1fa3dbb8128f2b58f3590f49244ebb4ecef4
c350f17a7ad2ac39abac373a9ad55ea0a6ca0bd3ad1a8f01647f3d8d72c5e81b	CIC_W	677	주차장관련공사	93ae7b84189bc8304c057789df6250d445b811e96b1fcdd0f2cada5e82954ac2	30fa94d3-a3e1-43dc-8205-81afa30f5351	주차장관련공사	PROCESS	PROMOTED_FROM_SOURCE	EXACT_EQUIVALENT	PROPOSED	MANUAL_REVIEW	OWNER_APPROVED_CONCEPT_MEMBERSHIP	PRESERVE_SOURCE_MEMBERSHIP	RISK-04-APPROVE-001	62c2c50e3c0becbe23a686735d1a7e50ed8bce2f3fa23c539d2250b68227c2d7	c8c4232bf924b52636c9dc33fb1891473d548e09ed15de35f33764fe18603f3c	9493ff9f5515eec26daf0204589d1fa3dbb8128f2b58f3590f49244ebb4ecef4
5cff6489d88c6ecf2f161f4f32ae56e3e80af5e3970c3928b1afbedbdca9b4bc	CIC_W	6771	주차장환기설비공사	8908831e77dee63d0fa57aeb4dd53d818cd2dbe0fc1a1f0111eb5db49a8becad	6b1fa1a4-7ef8-4ce2-9111-84660d8f3fac	주차장환기설비공사	PROCESS	PROMOTED_FROM_SOURCE	EXACT_EQUIVALENT	PROPOSED	MANUAL_REVIEW	OWNER_APPROVED_CONCEPT_MEMBERSHIP	PRESERVE_SOURCE_MEMBERSHIP	RISK-04-APPROVE-001	62c2c50e3c0becbe23a686735d1a7e50ed8bce2f3fa23c539d2250b68227c2d7	c8c4232bf924b52636c9dc33fb1891473d548e09ed15de35f33764fe18603f3c	9493ff9f5515eec26daf0204589d1fa3dbb8128f2b58f3590f49244ebb4ecef4
62e5151b1bd5032a9f846f6e74af541e0f2d45ef6e1691c3111697e5b6f0dcf5	CIC_W	6772	주차장설비공사	141f971f1d66e7652047d405e3cfc9287a177621e76a9b44b01a12b3eddd637f	fd189745-c616-40e7-a80e-32e26e9ff106	주차장설비공사	PROCESS	PROMOTED_FROM_SOURCE	EXACT_EQUIVALENT	PROPOSED	MANUAL_REVIEW	OWNER_APPROVED_CONCEPT_MEMBERSHIP	PRESERVE_SOURCE_MEMBERSHIP	RISK-04-APPROVE-001	62c2c50e3c0becbe23a686735d1a7e50ed8bce2f3fa23c539d2250b68227c2d7	c8c4232bf924b52636c9dc33fb1891473d548e09ed15de35f33764fe18603f3c	9493ff9f5515eec26daf0204589d1fa3dbb8128f2b58f3590f49244ebb4ecef4
7db92d6a9d54776fb22ab744faaef46a89fa04b60dff6c2c6e88e04c1e62e1d4	CIC_W	6773	주차관제설비공사	f58a8c7f8ca92c6a579f31ab7bf05b33b0fec0e66bde596d422be105abde7dc6	31ad3b6b-cbb4-4287-a2f4-45ab8462dc5a	주차관제설비공사	PROCESS	PROMOTED_FROM_SOURCE	EXACT_EQUIVALENT	PROPOSED	MANUAL_REVIEW	OWNER_APPROVED_CONCEPT_MEMBERSHIP	PRESERVE_SOURCE_MEMBERSHIP	RISK-04-APPROVE-001	62c2c50e3c0becbe23a686735d1a7e50ed8bce2f3fa23c539d2250b68227c2d7	c8c4232bf924b52636c9dc33fb1891473d548e09ed15de35f33764fe18603f3c	9493ff9f5515eec26daf0204589d1fa3dbb8128f2b58f3590f49244ebb4ecef4
a165831a97557623a2ebc63c9cf866264c13a8e57a2f646999b461e7f9b4962a	CIC_W	678	특수방진공사	acf499947d510b922fb074eaf5740e396b0a71ec8e9b0d0a6d5990d8efeeee1c	e0aeea7b-2e93-4f9e-9a22-986dd39e3376	특수방진공사	PROCESS	PROMOTED_FROM_SOURCE	EXACT_EQUIVALENT	PROPOSED	MANUAL_REVIEW	OWNER_APPROVED_CONCEPT_MEMBERSHIP	PRESERVE_SOURCE_MEMBERSHIP	RISK-04-APPROVE-001	62c2c50e3c0becbe23a686735d1a7e50ed8bce2f3fa23c539d2250b68227c2d7	c8c4232bf924b52636c9dc33fb1891473d548e09ed15de35f33764fe18603f3c	9493ff9f5515eec26daf0204589d1fa3dbb8128f2b58f3590f49244ebb4ecef4
5da59c9eb10d7f2496bf563e9121d387183e8b1c52c217a53a7dc984795cb0bc	CIC_W	6781	특수방진설비공사	ea8d5e200daba9a3b6f86131fc397382b2aa6eddbc5121d9b5d25e9d27a64dfb	1bc99b44-6b9a-41e7-a2d5-380888f0bf4c	특수방진설비공사	PROCESS	PROMOTED_FROM_SOURCE	EXACT_EQUIVALENT	PROPOSED	MANUAL_REVIEW	OWNER_APPROVED_CONCEPT_MEMBERSHIP	PRESERVE_SOURCE_MEMBERSHIP	RISK-04-APPROVE-001	62c2c50e3c0becbe23a686735d1a7e50ed8bce2f3fa23c539d2250b68227c2d7	c8c4232bf924b52636c9dc33fb1891473d548e09ed15de35f33764fe18603f3c	9493ff9f5515eec26daf0204589d1fa3dbb8128f2b58f3590f49244ebb4ecef4
9064a0638a4df36044a9ad583c4cb1a09e03a9bdab1237c9f3d211a998313e54	CIC_W	71	발전설비공사	a1fa7e1fbe536f1c9ab6d4ec21c23d7de63646b1fcb6fef70a8f387763e99bc9	a74700b2-31e4-44f9-bb53-1ab477738d29	발전설비공사	PROCESS	PROMOTED_FROM_SOURCE	EXACT_EQUIVALENT	PROPOSED	MANUAL_REVIEW	OWNER_APPROVED_CONCEPT_MEMBERSHIP	PRESERVE_SOURCE_MEMBERSHIP	RISK-04-APPROVE-001	62c2c50e3c0becbe23a686735d1a7e50ed8bce2f3fa23c539d2250b68227c2d7	c8c4232bf924b52636c9dc33fb1891473d548e09ed15de35f33764fe18603f3c	9493ff9f5515eec26daf0204589d1fa3dbb8128f2b58f3590f49244ebb4ecef4
0c094b8d1fb66cc837f75de258b9f93f86941ac20f70606f5b3d0ae6be0f3321	CIC_W	711	화력발전소공사	a2dcca12379082f810e1d09456b90e781746b74cd0b48bacd72cbb2a72c431fe	6912c95a-376b-4657-893d-2569bb4f740e	화력발전소공사	PROCESS	PROMOTED_FROM_SOURCE	EXACT_EQUIVALENT	PROPOSED	MANUAL_REVIEW	OWNER_APPROVED_CONCEPT_MEMBERSHIP	PRESERVE_SOURCE_MEMBERSHIP	RISK-04-APPROVE-001	62c2c50e3c0becbe23a686735d1a7e50ed8bce2f3fa23c539d2250b68227c2d7	c8c4232bf924b52636c9dc33fb1891473d548e09ed15de35f33764fe18603f3c	9493ff9f5515eec26daf0204589d1fa3dbb8128f2b58f3590f49244ebb4ecef4
7d07e1bdbf43141d2828bf17c530d7bc67858e697e07acd3a9909f01ce5928d4	CIC_W	7111	화력발전설비공사	1a8a137ab604b80d1bb9b2bc6acf6e0f2508139890f6c30d6d8e4874806eb8d7	74e785a4-b82d-4d1c-9781-9ebceb6e64f2	화력발전설비공사	PROCESS	PROMOTED_FROM_SOURCE	EXACT_EQUIVALENT	PROPOSED	MANUAL_REVIEW	OWNER_APPROVED_CONCEPT_MEMBERSHIP	PRESERVE_SOURCE_MEMBERSHIP	RISK-04-APPROVE-001	62c2c50e3c0becbe23a686735d1a7e50ed8bce2f3fa23c539d2250b68227c2d7	c8c4232bf924b52636c9dc33fb1891473d548e09ed15de35f33764fe18603f3c	9493ff9f5515eec26daf0204589d1fa3dbb8128f2b58f3590f49244ebb4ecef4
ba3072ade930183bc3bc2b88aad5fcbb600828fa14a2c52696927a147d9f8067	CIC_W	712	수력발전소공사	8aaa758ea825b88d4d29afbb451571097b54c58dedb40a6e6e781331df8c88f0	5186e0fc-1ac5-407e-b697-a6956e0f1b80	수력발전소공사	PROCESS	PROMOTED_FROM_SOURCE	EXACT_EQUIVALENT	PROPOSED	MANUAL_REVIEW	OWNER_APPROVED_CONCEPT_MEMBERSHIP	PRESERVE_SOURCE_MEMBERSHIP	RISK-04-APPROVE-001	62c2c50e3c0becbe23a686735d1a7e50ed8bce2f3fa23c539d2250b68227c2d7	c8c4232bf924b52636c9dc33fb1891473d548e09ed15de35f33764fe18603f3c	9493ff9f5515eec26daf0204589d1fa3dbb8128f2b58f3590f49244ebb4ecef4
827fa00cb013ae453c2bfbbd437def99417dfa7ce9a6aaf61d17974509e62384	CIC_W	7121	수력발전설비공사	fdd8598eda4acff821f5cc5046933fa17358c3fdcbaade8a3e09f70f5a0322e4	ec0582d6-f4a4-40a0-8771-a5bd193446d1	수력발전설비공사	PROCESS	PROMOTED_FROM_SOURCE	EXACT_EQUIVALENT	PROPOSED	MANUAL_REVIEW	OWNER_APPROVED_CONCEPT_MEMBERSHIP	PRESERVE_SOURCE_MEMBERSHIP	RISK-04-APPROVE-001	62c2c50e3c0becbe23a686735d1a7e50ed8bce2f3fa23c539d2250b68227c2d7	c8c4232bf924b52636c9dc33fb1891473d548e09ed15de35f33764fe18603f3c	9493ff9f5515eec26daf0204589d1fa3dbb8128f2b58f3590f49244ebb4ecef4
b5ea90cbe7f7bbb0a69a062e65db054ad5c257cd26720e93988a7ba3501d492c	CIC_W	713	원자력발전소공사	39e50939e38be41a255a751a8442d87e0925dea01aa0220a0c9f667b1d6bd072	63b9907a-9c62-4c32-931a-fe982ee2d1cd	원자력발전소공사	PROCESS	PROMOTED_FROM_SOURCE	EXACT_EQUIVALENT	PROPOSED	MANUAL_REVIEW	OWNER_APPROVED_CONCEPT_MEMBERSHIP	PRESERVE_SOURCE_MEMBERSHIP	RISK-04-APPROVE-001	62c2c50e3c0becbe23a686735d1a7e50ed8bce2f3fa23c539d2250b68227c2d7	c8c4232bf924b52636c9dc33fb1891473d548e09ed15de35f33764fe18603f3c	9493ff9f5515eec26daf0204589d1fa3dbb8128f2b58f3590f49244ebb4ecef4
68c6834218edac247dd63443562434a22cc388bcd49fd2f548f110aed9c98226	CIC_W	7131	원자력발전시설설비공사	58993f6c88c0c1a84cc2fbadc3cdaf44a0f9d6a3b557cba817a4b0e5f8cce23b	f557a3dc-cd71-469c-8a7b-fc0f90627f5a	원자력발전시설설비공사	PROCESS	PROMOTED_FROM_SOURCE	EXACT_EQUIVALENT	PROPOSED	MANUAL_REVIEW	OWNER_APPROVED_CONCEPT_MEMBERSHIP	PRESERVE_SOURCE_MEMBERSHIP	RISK-04-APPROVE-001	62c2c50e3c0becbe23a686735d1a7e50ed8bce2f3fa23c539d2250b68227c2d7	c8c4232bf924b52636c9dc33fb1891473d548e09ed15de35f33764fe18603f3c	9493ff9f5515eec26daf0204589d1fa3dbb8128f2b58f3590f49244ebb4ecef4
5dd63386de309eaf08476cafbcfae6a4cb3c6fca3e0e643e063d70bee75050d2	CIC_W	714	풍력발전소공사	b7c2bc5adaed0af8e84fb7883d2bb66c21e90941249b1198899ef8f1817ef748	1aa3f45f-184a-47cb-b261-93d4bc5831a9	풍력발전소공사	PROCESS	PROMOTED_FROM_SOURCE	EXACT_EQUIVALENT	PROPOSED	MANUAL_REVIEW	OWNER_APPROVED_CONCEPT_MEMBERSHIP	PRESERVE_SOURCE_MEMBERSHIP	RISK-04-APPROVE-001	62c2c50e3c0becbe23a686735d1a7e50ed8bce2f3fa23c539d2250b68227c2d7	c8c4232bf924b52636c9dc33fb1891473d548e09ed15de35f33764fe18603f3c	9493ff9f5515eec26daf0204589d1fa3dbb8128f2b58f3590f49244ebb4ecef4
3753b35aac266909a9f2d1326ce96255d0a7659dadb59fc87384b457982f9bc0	CIC_W	7141	풍력발전소발전시설설비공사	a84ec68bf94bf0a8ddfeedc47ba2dfbdc2afc1e4ff6b8349879b77c2bfc71f29	8cf7fc6e-ef3b-4c31-a182-824cd2216fe4	풍력발전소발전시설설비공사	PROCESS	PROMOTED_FROM_SOURCE	EXACT_EQUIVALENT	PROPOSED	MANUAL_REVIEW	OWNER_APPROVED_CONCEPT_MEMBERSHIP	PRESERVE_SOURCE_MEMBERSHIP	RISK-04-APPROVE-001	62c2c50e3c0becbe23a686735d1a7e50ed8bce2f3fa23c539d2250b68227c2d7	c8c4232bf924b52636c9dc33fb1891473d548e09ed15de35f33764fe18603f3c	9493ff9f5515eec26daf0204589d1fa3dbb8128f2b58f3590f49244ebb4ecef4
24448bdf8149008b77a2b52aaf2a3bf297cb39183a014b0dadd450deabcaf0a0	CIC_W	715	조력발전소공사	8e427c41a499859f488d13811e80764344c40611ad01a97d0b1eda8ed5b998a7	ed21dcbb-1042-4d62-831e-79a85944b611	조력발전소공사	PROCESS	PROMOTED_FROM_SOURCE	EXACT_EQUIVALENT	PROPOSED	MANUAL_REVIEW	OWNER_APPROVED_CONCEPT_MEMBERSHIP	PRESERVE_SOURCE_MEMBERSHIP	RISK-04-APPROVE-001	62c2c50e3c0becbe23a686735d1a7e50ed8bce2f3fa23c539d2250b68227c2d7	c8c4232bf924b52636c9dc33fb1891473d548e09ed15de35f33764fe18603f3c	9493ff9f5515eec26daf0204589d1fa3dbb8128f2b58f3590f49244ebb4ecef4
eceaa8d249d59162e8abeabd4129f301f39e076ee0ba0340ec450569283df1c9	CIC_W	7151	조력발전시설설비공사	c9c4521ff455e82e19593d46c554660ca8f03502e3b5ea8541cdc8577aac8b26	70e91fe0-a738-48cf-af90-0d2ffe293e44	조력발전시설설비공사	PROCESS	PROMOTED_FROM_SOURCE	EXACT_EQUIVALENT	PROPOSED	MANUAL_REVIEW	OWNER_APPROVED_CONCEPT_MEMBERSHIP	PRESERVE_SOURCE_MEMBERSHIP	RISK-04-APPROVE-001	62c2c50e3c0becbe23a686735d1a7e50ed8bce2f3fa23c539d2250b68227c2d7	c8c4232bf924b52636c9dc33fb1891473d548e09ed15de35f33764fe18603f3c	9493ff9f5515eec26daf0204589d1fa3dbb8128f2b58f3590f49244ebb4ecef4
63087c1083993cbf2fcc02419401932593c812eb083a704057d0916039fbdfc5	CIC_W	716	열병합발전소공사	568be7b55676989271c734e894bdcd02232e6d9d58e6c1b95622b559bf859880	e600773e-39f9-4dc9-9a94-512c43fddf2d	열병합발전소공사	PROCESS	PROMOTED_FROM_SOURCE	EXACT_EQUIVALENT	PROPOSED	MANUAL_REVIEW	OWNER_APPROVED_CONCEPT_MEMBERSHIP	PRESERVE_SOURCE_MEMBERSHIP	RISK-04-APPROVE-001	62c2c50e3c0becbe23a686735d1a7e50ed8bce2f3fa23c539d2250b68227c2d7	c8c4232bf924b52636c9dc33fb1891473d548e09ed15de35f33764fe18603f3c	9493ff9f5515eec26daf0204589d1fa3dbb8128f2b58f3590f49244ebb4ecef4
a802f12f17d011ff6fe62ebeb9aab5efa1c7d4a8e6fadfa7e370ee44ebe7655b	CIC_W	7161	열병합발전시설설비공사	a2db02a8170ee988d73c28ee901c368d01a177944388b5ce24d2ae692e80682b	48e89a50-e957-4c87-923f-3c644df93ecd	열병합발전시설설비공사	PROCESS	PROMOTED_FROM_SOURCE	EXACT_EQUIVALENT	PROPOSED	MANUAL_REVIEW	OWNER_APPROVED_CONCEPT_MEMBERSHIP	PRESERVE_SOURCE_MEMBERSHIP	RISK-04-APPROVE-001	62c2c50e3c0becbe23a686735d1a7e50ed8bce2f3fa23c539d2250b68227c2d7	c8c4232bf924b52636c9dc33fb1891473d548e09ed15de35f33764fe18603f3c	9493ff9f5515eec26daf0204589d1fa3dbb8128f2b58f3590f49244ebb4ecef4
6c2a922714990e7f2fac21a9bce7f1cd7a2930f28e27f9750f0ea6ca0d76751d	CIC_W	717	태양열발전설비공사	40c11af26e5e9b1d10ad95693ef23e74354c43e4ca526b11d04f7eb29599d47f	de151d12-f494-497e-91fe-6f5b40d1196c	태양열발전설비공사	PROCESS	PROMOTED_FROM_SOURCE	EXACT_EQUIVALENT	PROPOSED	MANUAL_REVIEW	OWNER_APPROVED_CONCEPT_MEMBERSHIP	PRESERVE_SOURCE_MEMBERSHIP	RISK-04-APPROVE-001	62c2c50e3c0becbe23a686735d1a7e50ed8bce2f3fa23c539d2250b68227c2d7	c8c4232bf924b52636c9dc33fb1891473d548e09ed15de35f33764fe18603f3c	9493ff9f5515eec26daf0204589d1fa3dbb8128f2b58f3590f49244ebb4ecef4
512b99dc6071100ffc10142ef8177572c02cf735089251a039e0350226e13393	CIC_W	7171	태양열발전시설설비공사	ae7bcf5ed73c7f37b386792695a6c973c2b280b8e41971bcbcb2ef85d866ecf2	407b824b-915b-4515-8155-d51be3f20bae	태양열발전시설설비공사	PROCESS	PROMOTED_FROM_SOURCE	EXACT_EQUIVALENT	PROPOSED	MANUAL_REVIEW	OWNER_APPROVED_CONCEPT_MEMBERSHIP	PRESERVE_SOURCE_MEMBERSHIP	RISK-04-APPROVE-001	62c2c50e3c0becbe23a686735d1a7e50ed8bce2f3fa23c539d2250b68227c2d7	c8c4232bf924b52636c9dc33fb1891473d548e09ed15de35f33764fe18603f3c	9493ff9f5515eec26daf0204589d1fa3dbb8128f2b58f3590f49244ebb4ecef4
8c400a01a9f526311dc7a6d637fb68a29d350d964dadb148f42b8048dd667a56	CIC_W	718	발전설비관련공사	d28c045a9338660ab84ceaeee6a3e1dda86dd49a33133129bb062dc2d46680b1	9d9bafff-1019-48f3-b2bb-cd5e9bfca11f	발전설비관련공사	PROCESS	PROMOTED_FROM_SOURCE	EXACT_EQUIVALENT	PROPOSED	MANUAL_REVIEW	OWNER_APPROVED_CONCEPT_MEMBERSHIP	PRESERVE_SOURCE_MEMBERSHIP	RISK-04-APPROVE-001	62c2c50e3c0becbe23a686735d1a7e50ed8bce2f3fa23c539d2250b68227c2d7	c8c4232bf924b52636c9dc33fb1891473d548e09ed15de35f33764fe18603f3c	9493ff9f5515eec26daf0204589d1fa3dbb8128f2b58f3590f49244ebb4ecef4
b419aecd7e98d316ea3ff71b084b56afc0d0240738a34690061700174dc4d12f	CIC_W	7181	터빈및발전기설치공사	3418a569eb4706551795771a87fb6567ebfbc59b826306713ffdbaa3ecf4bdcf	a0d1e8aa-a7d1-4bb1-9ad3-dfe617e013b1	터빈및발전기설치공사	TASK	PROMOTED_FROM_SOURCE	EXACT_EQUIVALENT	PROPOSED	MANUAL_REVIEW	OWNER_APPROVED_CONCEPT_MEMBERSHIP	PRESERVE_SOURCE_MEMBERSHIP	RISK-04-APPROVE-001	62c2c50e3c0becbe23a686735d1a7e50ed8bce2f3fa23c539d2250b68227c2d7	c8c4232bf924b52636c9dc33fb1891473d548e09ed15de35f33764fe18603f3c	9493ff9f5515eec26daf0204589d1fa3dbb8128f2b58f3590f49244ebb4ecef4
c6eeeba46004cf6afd07ea00d0204e2a1a917c1b23578513fda17bc193f6257c	CIC_W	7182	복수설비설치공사	884ddbdf675be7357ba307411aae6dbe156de9336cfa8a6738d5659fe223c69c	9d2347a9-2671-40e6-a7a5-76b9789f58d2	복수설비설치공사	TASK	PROMOTED_FROM_SOURCE	EXACT_EQUIVALENT	PROPOSED	MANUAL_REVIEW	OWNER_APPROVED_CONCEPT_MEMBERSHIP	PRESERVE_SOURCE_MEMBERSHIP	RISK-04-APPROVE-001	62c2c50e3c0becbe23a686735d1a7e50ed8bce2f3fa23c539d2250b68227c2d7	c8c4232bf924b52636c9dc33fb1891473d548e09ed15de35f33764fe18603f3c	9493ff9f5515eec26daf0204589d1fa3dbb8128f2b58f3590f49244ebb4ecef4
e382f4f3d0c63ee48a86994afdd3f5c84356c395185bed3cc684dd8206cedeaa	CIC_W	7183	LinerPlate설치공사	ed71d9533dec298e4d7948cd99d3fb769aa7157a8e94c3bf6e53a1ed115d8040	177bc2b5-831b-4c01-8543-b4f518bf8f25	LinerPlate설치공사	PROCESS	PROMOTED_FROM_SOURCE	EXACT_EQUIVALENT	PROPOSED	MANUAL_REVIEW	OWNER_APPROVED_CONCEPT_MEMBERSHIP	PRESERVE_SOURCE_MEMBERSHIP	RISK-04-APPROVE-001	62c2c50e3c0becbe23a686735d1a7e50ed8bce2f3fa23c539d2250b68227c2d7	c8c4232bf924b52636c9dc33fb1891473d548e09ed15de35f33764fe18603f3c	9493ff9f5515eec26daf0204589d1fa3dbb8128f2b58f3590f49244ebb4ecef4
a02a2cf0e0a35c602e32e12f92a3f08a8a5f2a8c8eae381f862b2e09707ff28b	CIC_W	719	기타형식분류별발전설비공사	53280542142b59179d383425dc3c0376e294312c5bfdef8b3af6e6aaa6dee067	b40bcb7f-32a0-4f2e-bb21-4eaf050a7fb7	기타형식분류별발전설비공사	PROCESS	PROMOTED_FROM_SOURCE	EXACT_EQUIVALENT	PROPOSED	MANUAL_REVIEW	OWNER_APPROVED_CONCEPT_MEMBERSHIP	PRESERVE_SOURCE_MEMBERSHIP	RISK-04-APPROVE-001	62c2c50e3c0becbe23a686735d1a7e50ed8bce2f3fa23c539d2250b68227c2d7	c8c4232bf924b52636c9dc33fb1891473d548e09ed15de35f33764fe18603f3c	9493ff9f5515eec26daf0204589d1fa3dbb8128f2b58f3590f49244ebb4ecef4
c893e32226516381f1eb784175254303c4685adb4ce289250e7d2b5732da66cc	CIC_W	7191	디젤발전기플랜트설비공사	00714d829c039e7c5590ef71b44f6e05b3097588dbfe0b20b37b5f1cd4f8ec1a	6024703a-e0c0-49a6-9862-832b64fd131a	디젤발전기플랜트설비공사	PROCESS	PROMOTED_FROM_SOURCE	EXACT_EQUIVALENT	PROPOSED	MANUAL_REVIEW	OWNER_APPROVED_CONCEPT_MEMBERSHIP	PRESERVE_SOURCE_MEMBERSHIP	RISK-04-APPROVE-001	62c2c50e3c0becbe23a686735d1a7e50ed8bce2f3fa23c539d2250b68227c2d7	c8c4232bf924b52636c9dc33fb1891473d548e09ed15de35f33764fe18603f3c	9493ff9f5515eec26daf0204589d1fa3dbb8128f2b58f3590f49244ebb4ecef4
31378ec83dcbb6b3c56bab1799638d81838630a893ad6ec208e93daa4cefd557	CIC_W	7192	복합발전플랜트설비공사	1b0961a06fe7e07fc8286c7f8bb33f9bdd4d68b2c2ff3ea5a50d06869d06c6bd	205d51b2-5cba-403f-8a09-3e40e4b4f038	복합발전플랜트설비공사	PROCESS	PROMOTED_FROM_SOURCE	EXACT_EQUIVALENT	PROPOSED	MANUAL_REVIEW	OWNER_APPROVED_CONCEPT_MEMBERSHIP	PRESERVE_SOURCE_MEMBERSHIP	RISK-04-APPROVE-001	62c2c50e3c0becbe23a686735d1a7e50ed8bce2f3fa23c539d2250b68227c2d7	c8c4232bf924b52636c9dc33fb1891473d548e09ed15de35f33764fe18603f3c	9493ff9f5515eec26daf0204589d1fa3dbb8128f2b58f3590f49244ebb4ecef4
720e143da5e9db50b481e3ce14b1e3cc66a76064d7f65a117d01fe4d3f4e7ffc	CIC_W	7193	내연발전플랜트설비공사	186d3be8aa0bf1be8b6f1c4bcbe9a855f21aa51479fb9eef4d79caeb6536cb52	e70dd429-4885-41b5-8198-3b225b0af0b9	내연발전플랜트설비공사	PROCESS	PROMOTED_FROM_SOURCE	EXACT_EQUIVALENT	PROPOSED	MANUAL_REVIEW	OWNER_APPROVED_CONCEPT_MEMBERSHIP	PRESERVE_SOURCE_MEMBERSHIP	RISK-04-APPROVE-001	62c2c50e3c0becbe23a686735d1a7e50ed8bce2f3fa23c539d2250b68227c2d7	c8c4232bf924b52636c9dc33fb1891473d548e09ed15de35f33764fe18603f3c	9493ff9f5515eec26daf0204589d1fa3dbb8128f2b58f3590f49244ebb4ecef4
42a64c69089f1e1c2aa2f0990fe6ea9f4cfb3ae2b70971176ad207dcf1c39829	CIC_W	7194	기력발전플랜트설비공사	3bc8a3742a25b63f58f237b909103f8850e5420cbf0681cbc724b69d34be5852	fc8bb348-d8b8-490a-9248-6de5f43911d2	기력발전플랜트설비공사	PROCESS	PROMOTED_FROM_SOURCE	EXACT_EQUIVALENT	PROPOSED	MANUAL_REVIEW	OWNER_APPROVED_CONCEPT_MEMBERSHIP	PRESERVE_SOURCE_MEMBERSHIP	RISK-04-APPROVE-001	62c2c50e3c0becbe23a686735d1a7e50ed8bce2f3fa23c539d2250b68227c2d7	c8c4232bf924b52636c9dc33fb1891473d548e09ed15de35f33764fe18603f3c	9493ff9f5515eec26daf0204589d1fa3dbb8128f2b58f3590f49244ebb4ecef4
ac9c8009e1f116641bdc7828b5b464df8853a35207d097f3c67f5cd1fccabe99	CIC_W	7195	양수발전플랜트설비공사	51eac0e33b791db42cede4366d9f9c5281e9a7e2581ea52906ed204a985bae0f	74f6a0ad-2a98-4e14-b316-a007aeddbc8a	양수발전플랜트설비공사	PROCESS	PROMOTED_FROM_SOURCE	EXACT_EQUIVALENT	PROPOSED	MANUAL_REVIEW	OWNER_APPROVED_CONCEPT_MEMBERSHIP	PRESERVE_SOURCE_MEMBERSHIP	RISK-04-APPROVE-001	62c2c50e3c0becbe23a686735d1a7e50ed8bce2f3fa23c539d2250b68227c2d7	c8c4232bf924b52636c9dc33fb1891473d548e09ed15de35f33764fe18603f3c	9493ff9f5515eec26daf0204589d1fa3dbb8128f2b58f3590f49244ebb4ecef4
79f02fbf41414129f2b75ada799764df2b17802bac7c1f1f97636144b726e0a5	CIC_W	72	제조설비관련공사	9b0621059d2d4e054b330019943c9b2d53b37d09f2f6115648ed06242f26aa8d	ada6e963-c55f-4215-ab4c-991fd0add567	제조설비관련공사	PROCESS	PROMOTED_FROM_SOURCE	EXACT_EQUIVALENT	PROPOSED	MANUAL_REVIEW	OWNER_APPROVED_CONCEPT_MEMBERSHIP	PRESERVE_SOURCE_MEMBERSHIP	RISK-04-APPROVE-001	62c2c50e3c0becbe23a686735d1a7e50ed8bce2f3fa23c539d2250b68227c2d7	c8c4232bf924b52636c9dc33fb1891473d548e09ed15de35f33764fe18603f3c	9493ff9f5515eec26daf0204589d1fa3dbb8128f2b58f3590f49244ebb4ecef4
430c46020da9077108174a319e276f12e9ff3b185d2896566c7c1f36cf314606	CIC_W	721	제철소공사	0fe12e76efdcd652abd2c3542cb379df486853c054ee66f3acee520b10660e7c	81a226c9-f3e3-4128-acda-e5505db59ff6	제철소공사	PROCESS	PROMOTED_FROM_SOURCE	EXACT_EQUIVALENT	PROPOSED	MANUAL_REVIEW	OWNER_APPROVED_CONCEPT_MEMBERSHIP	PRESERVE_SOURCE_MEMBERSHIP	RISK-04-APPROVE-001	62c2c50e3c0becbe23a686735d1a7e50ed8bce2f3fa23c539d2250b68227c2d7	c8c4232bf924b52636c9dc33fb1891473d548e09ed15de35f33764fe18603f3c	9493ff9f5515eec26daf0204589d1fa3dbb8128f2b58f3590f49244ebb4ecef4
f098da20148b14e08db1f9764364ba7a95de444448fa9df2f44ff84792075e93	CIC_W	7211	제철설비공사	573202b5fe30083bc32c90c076ecd552dc04ec3ac8b1749c34d0902a9540faab	a5e357b8-07cd-4c31-8611-e2da4c4c78bf	제철설비공사	PROCESS	PROMOTED_FROM_SOURCE	EXACT_EQUIVALENT	PROPOSED	MANUAL_REVIEW	OWNER_APPROVED_CONCEPT_MEMBERSHIP	PRESERVE_SOURCE_MEMBERSHIP	RISK-04-APPROVE-001	62c2c50e3c0becbe23a686735d1a7e50ed8bce2f3fa23c539d2250b68227c2d7	c8c4232bf924b52636c9dc33fb1891473d548e09ed15de35f33764fe18603f3c	9493ff9f5515eec26daf0204589d1fa3dbb8128f2b58f3590f49244ebb4ecef4
e6cd75923f837c14f38552c841de81dde189361cecd70ee5a751810ac3543d06	CIC_W	73	폐기물처리및대기환경설비관련공사	eed4ca91d2eebf54fd65616a1883deb0f030b5f1a097cf88488b3cd1e4d121b6	609c86eb-94f6-447c-9805-e0ff032b80f4	폐기물처리및대기환경설비관련공사	PROCESS	PROMOTED_FROM_SOURCE	EXACT_EQUIVALENT	PROPOSED	MANUAL_REVIEW	OWNER_APPROVED_CONCEPT_MEMBERSHIP	PRESERVE_SOURCE_MEMBERSHIP	RISK-04-APPROVE-001	62c2c50e3c0becbe23a686735d1a7e50ed8bce2f3fa23c539d2250b68227c2d7	c8c4232bf924b52636c9dc33fb1891473d548e09ed15de35f33764fe18603f3c	9493ff9f5515eec26daf0204589d1fa3dbb8128f2b58f3590f49244ebb4ecef4
6018f23ec12e0ec2e10e2ebb4ee545b9000f29f9a50d40fa3e8241318f8daef4	CIC_W	731	쓰레기소각설비공사	009e62c24038c1afb5353c6ad36a6f3125ceeb1acb214619341c69107aded022	1e87d3ea-5e66-4d77-b80b-1d409e4bd52f	쓰레기소각설비공사	PROCESS	MERGED_FROM_REVIEWED_SOURCES	EXACT_EQUIVALENT	PROPOSED	MANUAL_REVIEW	OWNER_APPROVED_CONCEPT_MEMBERSHIP	PRESERVE_SOURCE_MEMBERSHIP	RISK-04-APPROVE-001	62c2c50e3c0becbe23a686735d1a7e50ed8bce2f3fa23c539d2250b68227c2d7	c8c4232bf924b52636c9dc33fb1891473d548e09ed15de35f33764fe18603f3c	9493ff9f5515eec26daf0204589d1fa3dbb8128f2b58f3590f49244ebb4ecef4
fb7ca1d0795a7f645c67872c37b601c04bf178fe9404701b28eb995e3089d0f6	CIC_W	7311	쓰레기소각설비공사	009e62c24038c1afb5353c6ad36a6f3125ceeb1acb214619341c69107aded022	1e87d3ea-5e66-4d77-b80b-1d409e4bd52f	쓰레기소각설비공사	PROCESS	MERGED_FROM_REVIEWED_SOURCES	EXACT_EQUIVALENT	PROPOSED	MANUAL_REVIEW	OWNER_APPROVED_CONCEPT_MEMBERSHIP	PRESERVE_SOURCE_MEMBERSHIP	RISK-04-APPROVE-001	62c2c50e3c0becbe23a686735d1a7e50ed8bce2f3fa23c539d2250b68227c2d7	c8c4232bf924b52636c9dc33fb1891473d548e09ed15de35f33764fe18603f3c	9493ff9f5515eec26daf0204589d1fa3dbb8128f2b58f3590f49244ebb4ecef4
d2121bef717ff131412c14928a28e9b9ceddd4d6d6d1a17c94f7273e86ef522e	CIC_W	732	쓰레기관로이송및중계처리설비공사	963d897e29491a4fb7baa586dc5287b483604d5c1d168aa8127bd9ce01cb22ef	af67ec1a-0d16-4770-8ab9-3ca191ced81d	쓰레기관로이송및중계처리설비공사	PROCESS	PROMOTED_FROM_SOURCE	EXACT_EQUIVALENT	PROPOSED	MANUAL_REVIEW	OWNER_APPROVED_CONCEPT_MEMBERSHIP	PRESERVE_SOURCE_MEMBERSHIP	RISK-04-APPROVE-001	62c2c50e3c0becbe23a686735d1a7e50ed8bce2f3fa23c539d2250b68227c2d7	c8c4232bf924b52636c9dc33fb1891473d548e09ed15de35f33764fe18603f3c	9493ff9f5515eec26daf0204589d1fa3dbb8128f2b58f3590f49244ebb4ecef4
18179c1174cb03074ec768cb093f6e0bbb8bd605962a50cffafd47e2208adadf	CIC_W	7321	쓰레기관로이송및중계처리시설설비공사	9a39c7bde11d3fd06aecbcec512e2efc39ef79eb682317ce5b1ea1a5145b159c	b1e90650-b549-4172-b381-01d80058bb93	쓰레기관로이송및중계처리시설설비공사	PROCESS	PROMOTED_FROM_SOURCE	EXACT_EQUIVALENT	PROPOSED	MANUAL_REVIEW	OWNER_APPROVED_CONCEPT_MEMBERSHIP	PRESERVE_SOURCE_MEMBERSHIP	RISK-04-APPROVE-001	62c2c50e3c0becbe23a686735d1a7e50ed8bce2f3fa23c539d2250b68227c2d7	c8c4232bf924b52636c9dc33fb1891473d548e09ed15de35f33764fe18603f3c	9493ff9f5515eec26daf0204589d1fa3dbb8128f2b58f3590f49244ebb4ecef4
e272eee6628c1ba899f63980f65bc692266180c054f132615bf1db42a15afa0f	CIC_W	733	폐기물처리설비공사	04e2576fcfc65828ea734e1c02a2e47950021599091b79ee7d78e856e56f653e	2c79563e-d093-485b-acb3-5bf01c9400d0	폐기물처리설비공사	PROCESS	MERGED_FROM_REVIEWED_SOURCES	EXACT_EQUIVALENT	PROPOSED	MANUAL_REVIEW	OWNER_APPROVED_CONCEPT_MEMBERSHIP	PRESERVE_SOURCE_MEMBERSHIP	RISK-04-APPROVE-001	62c2c50e3c0becbe23a686735d1a7e50ed8bce2f3fa23c539d2250b68227c2d7	c8c4232bf924b52636c9dc33fb1891473d548e09ed15de35f33764fe18603f3c	9493ff9f5515eec26daf0204589d1fa3dbb8128f2b58f3590f49244ebb4ecef4
75d85b6b658e29d7219b58c2b72d0e91c2377d5513bcfa354c18d3ddf6351df2	CIC_W	7331	폐기물처리설비공사	04e2576fcfc65828ea734e1c02a2e47950021599091b79ee7d78e856e56f653e	2c79563e-d093-485b-acb3-5bf01c9400d0	폐기물처리설비공사	PROCESS	MERGED_FROM_REVIEWED_SOURCES	EXACT_EQUIVALENT	PROPOSED	MANUAL_REVIEW	OWNER_APPROVED_CONCEPT_MEMBERSHIP	PRESERVE_SOURCE_MEMBERSHIP	RISK-04-APPROVE-001	62c2c50e3c0becbe23a686735d1a7e50ed8bce2f3fa23c539d2250b68227c2d7	c8c4232bf924b52636c9dc33fb1891473d548e09ed15de35f33764fe18603f3c	9493ff9f5515eec26daf0204589d1fa3dbb8128f2b58f3590f49244ebb4ecef4
141fdc8449bf03d97753d59ff346985c100bff3a3fa9b07694b4909de9a8fd0f	CIC_W	734	탈취설비공사	be68e2590a3311e369e3a7213537170faf2c86ddc093c479fe9e8facc1ff17fe	0197d0b5-8ed8-46a3-894e-1661194d4f53	탈취설비공사	PROCESS	MERGED_FROM_REVIEWED_SOURCES	EXACT_EQUIVALENT	PROPOSED	MANUAL_REVIEW	OWNER_APPROVED_CONCEPT_MEMBERSHIP	PRESERVE_SOURCE_MEMBERSHIP	RISK-04-APPROVE-001	62c2c50e3c0becbe23a686735d1a7e50ed8bce2f3fa23c539d2250b68227c2d7	c8c4232bf924b52636c9dc33fb1891473d548e09ed15de35f33764fe18603f3c	9493ff9f5515eec26daf0204589d1fa3dbb8128f2b58f3590f49244ebb4ecef4
9325e3bf7a610df98c45b48bd201a4bb1b3f928c0601565f5ff1d704bf4e27e0	CIC_W	7341	탈취설비공사	be68e2590a3311e369e3a7213537170faf2c86ddc093c479fe9e8facc1ff17fe	0197d0b5-8ed8-46a3-894e-1661194d4f53	탈취설비공사	PROCESS	MERGED_FROM_REVIEWED_SOURCES	EXACT_EQUIVALENT	PROPOSED	MANUAL_REVIEW	OWNER_APPROVED_CONCEPT_MEMBERSHIP	PRESERVE_SOURCE_MEMBERSHIP	RISK-04-APPROVE-001	62c2c50e3c0becbe23a686735d1a7e50ed8bce2f3fa23c539d2250b68227c2d7	c8c4232bf924b52636c9dc33fb1891473d548e09ed15de35f33764fe18603f3c	9493ff9f5515eec26daf0204589d1fa3dbb8128f2b58f3590f49244ebb4ecef4
25b43b99ed54297231352cf71d44ea8ef82ed13a8d1defb83ace30196c9a275c	CIC_W	735	탈황설비공사	6c2da1062cabb941946777b7381ec0ec9bd0ee98bf97ec5c2dd234d3b19b5b7d	c66d8388-51e3-4330-bd4b-2cbe4645e8eb	탈황설비공사	PROCESS	PROMOTED_FROM_SOURCE	EXACT_EQUIVALENT	PROPOSED	MANUAL_REVIEW	OWNER_APPROVED_CONCEPT_MEMBERSHIP	PRESERVE_SOURCE_MEMBERSHIP	RISK-04-APPROVE-001	62c2c50e3c0becbe23a686735d1a7e50ed8bce2f3fa23c539d2250b68227c2d7	c8c4232bf924b52636c9dc33fb1891473d548e09ed15de35f33764fe18603f3c	9493ff9f5515eec26daf0204589d1fa3dbb8128f2b58f3590f49244ebb4ecef4
f39652c481ad718d692bc19c80fbf9f9ef0a4038abc91bd76458839dde0e1137	CIC_W	7351	Absorber&AuxSystem공사	839dc19649fb4273c6626d056fc80cdd40e7d589f4900867908edae42cb393f5	e18fc4de-f3af-4a6d-927f-bb42cc28eaf6	Absorber&AuxSystem공사	PROCESS	PROMOTED_FROM_SOURCE	EXACT_EQUIVALENT	PROPOSED	MANUAL_REVIEW	OWNER_APPROVED_CONCEPT_MEMBERSHIP	PRESERVE_SOURCE_MEMBERSHIP	RISK-04-APPROVE-001	62c2c50e3c0becbe23a686735d1a7e50ed8bce2f3fa23c539d2250b68227c2d7	c8c4232bf924b52636c9dc33fb1891473d548e09ed15de35f33764fe18603f3c	9493ff9f5515eec26daf0204589d1fa3dbb8128f2b58f3590f49244ebb4ecef4
1eeb742a7bf078af05c2620a4675a889a035352a03b831300525ffbe6dcd17fb	CIC_W	7352	FlueGasSystem공사	92e32d2dee1666876cca768c52709be997582e7e8091b458c797083793a6d3e4	66fa8cc1-4917-4206-9f74-384e782ecabe	FlueGasSystem공사	PROCESS	PROMOTED_FROM_SOURCE	EXACT_EQUIVALENT	PROPOSED	MANUAL_REVIEW	OWNER_APPROVED_CONCEPT_MEMBERSHIP	PRESERVE_SOURCE_MEMBERSHIP	RISK-04-APPROVE-001	62c2c50e3c0becbe23a686735d1a7e50ed8bce2f3fa23c539d2250b68227c2d7	c8c4232bf924b52636c9dc33fb1891473d548e09ed15de35f33764fe18603f3c	9493ff9f5515eec26daf0204589d1fa3dbb8128f2b58f3590f49244ebb4ecef4
c285380ae5af16cef6574aa70389d9c620acc3e4e91a1d81a24ca75448e28412	CIC_W	7353	석회석운반및석회석슬러리제조설비공사	873d12a3de49c9a3ae7d4050db25086216067cab7f42d8fc685e7dc7cc0cdc00	4b2f3837-b842-46fc-8233-770cc2239ee6	석회석운반및석회석슬러리제조설비공사	PROCESS	PROMOTED_FROM_SOURCE	EXACT_EQUIVALENT	PROPOSED	MANUAL_REVIEW	OWNER_APPROVED_CONCEPT_MEMBERSHIP	PRESERVE_SOURCE_MEMBERSHIP	RISK-04-APPROVE-001	62c2c50e3c0becbe23a686735d1a7e50ed8bce2f3fa23c539d2250b68227c2d7	c8c4232bf924b52636c9dc33fb1891473d548e09ed15de35f33764fe18603f3c	9493ff9f5515eec26daf0204589d1fa3dbb8128f2b58f3590f49244ebb4ecef4
034cb626f0f5df3ea2241594f7182e5b3e697da7ff4b815e833c76b94c1c2a87	CIC_W	7354	석고탈수및취급설비공사	6f4949d80d1fadfc4dcba9a9d846d5004b7b6c90b6a41b6775522ea817108d5f	ccca4099-e907-475a-9f5b-0e993969d515	석고탈수및취급설비공사	PROCESS	PROMOTED_FROM_SOURCE	EXACT_EQUIVALENT	PROPOSED	MANUAL_REVIEW	OWNER_APPROVED_CONCEPT_MEMBERSHIP	PRESERVE_SOURCE_MEMBERSHIP	RISK-04-APPROVE-001	62c2c50e3c0becbe23a686735d1a7e50ed8bce2f3fa23c539d2250b68227c2d7	c8c4232bf924b52636c9dc33fb1891473d548e09ed15de35f33764fe18603f3c	9493ff9f5515eec26daf0204589d1fa3dbb8128f2b58f3590f49244ebb4ecef4
b3f8af00172dd01e159616fe82a7742b5cff92abbdd9b0904a2e1c956872db65	CIC_W	7355	FGDAuxSystem공사	6c21f362ece7e65e3ec6f684de5dea10fe6b6e06baa8eee79db2d1feb9d94337	e9cb977b-19a2-4a70-883f-98f186bf0fa2	FGDAuxSystem공사	PROCESS	PROMOTED_FROM_SOURCE	EXACT_EQUIVALENT	PROPOSED	MANUAL_REVIEW	OWNER_APPROVED_CONCEPT_MEMBERSHIP	PRESERVE_SOURCE_MEMBERSHIP	RISK-04-APPROVE-001	62c2c50e3c0becbe23a686735d1a7e50ed8bce2f3fa23c539d2250b68227c2d7	c8c4232bf924b52636c9dc33fb1891473d548e09ed15de35f33764fe18603f3c	9493ff9f5515eec26daf0204589d1fa3dbb8128f2b58f3590f49244ebb4ecef4
ad87563b14b61fc1edfc2df21ac2f76e9d76090b215808646f99e17586e2e125	CIC_W	736	탈질설비공사	3e480e6d1bd58bafcf3e792750f017666225871117ca38e32831b78babe7ed21	4c6e576f-378d-4fa6-86e0-9c616abd1216	탈질설비공사	PROCESS	PROMOTED_FROM_SOURCE	EXACT_EQUIVALENT	PROPOSED	MANUAL_REVIEW	OWNER_APPROVED_CONCEPT_MEMBERSHIP	PRESERVE_SOURCE_MEMBERSHIP	RISK-04-APPROVE-001	62c2c50e3c0becbe23a686735d1a7e50ed8bce2f3fa23c539d2250b68227c2d7	c8c4232bf924b52636c9dc33fb1891473d548e09ed15de35f33764fe18603f3c	9493ff9f5515eec26daf0204589d1fa3dbb8128f2b58f3590f49244ebb4ecef4
30fadec5a4e0d77d1afa9f360b903850f0d163b33aa058cd83859e90daff970b	CIC_W	7361	탈질설비기기류설치공사	3b30a9e8338674fb5c9f74f38162a2ecbf9fcf60a84d39517946a883aaf07f74	22e25bbd-2102-46ac-9110-4eb16daa4f4a	탈질설비기기류설치공사	TASK	PROMOTED_FROM_SOURCE	EXACT_EQUIVALENT	PROPOSED	MANUAL_REVIEW	OWNER_APPROVED_CONCEPT_MEMBERSHIP	PRESERVE_SOURCE_MEMBERSHIP	RISK-04-APPROVE-001	62c2c50e3c0becbe23a686735d1a7e50ed8bce2f3fa23c539d2250b68227c2d7	c8c4232bf924b52636c9dc33fb1891473d548e09ed15de35f33764fe18603f3c	9493ff9f5515eec26daf0204589d1fa3dbb8128f2b58f3590f49244ebb4ecef4
3398eeac7a1fe6eccf0139ce516697074f6e05b24b0db115e9a539864422836c	CIC_W	7362	탈질설비덕트류설치공사	cd89aeefdc6c098061130e1078035c7ca73df57c92e44e8f80a241ba6592a94b	99b54531-e7ea-49b8-a933-a716f7611445	탈질설비덕트류설치공사	TASK	PROMOTED_FROM_SOURCE	EXACT_EQUIVALENT	PROPOSED	MANUAL_REVIEW	OWNER_APPROVED_CONCEPT_MEMBERSHIP	PRESERVE_SOURCE_MEMBERSHIP	RISK-04-APPROVE-001	62c2c50e3c0becbe23a686735d1a7e50ed8bce2f3fa23c539d2250b68227c2d7	c8c4232bf924b52636c9dc33fb1891473d548e09ed15de35f33764fe18603f3c	9493ff9f5515eec26daf0204589d1fa3dbb8128f2b58f3590f49244ebb4ecef4
c0d5469c3bad694eb863bef06bc787429118cad2dcb6066083bdf9a209fdda5b	CIC_W	7363	탈질설비Support류설치공사	dea1a8767ece4d0b53bad27167bf5d391d03488126c23f1e14512b88cd085108	d4f783a5-24d9-4da3-aec1-c0153108c0f6	탈질설비Support류설치공사	TASK	PROMOTED_FROM_SOURCE	EXACT_EQUIVALENT	PROPOSED	MANUAL_REVIEW	OWNER_APPROVED_CONCEPT_MEMBERSHIP	PRESERVE_SOURCE_MEMBERSHIP	RISK-04-APPROVE-001	62c2c50e3c0becbe23a686735d1a7e50ed8bce2f3fa23c539d2250b68227c2d7	c8c4232bf924b52636c9dc33fb1891473d548e09ed15de35f33764fe18603f3c	9493ff9f5515eec26daf0204589d1fa3dbb8128f2b58f3590f49244ebb4ecef4
524763beb2819dd3d43ac1cedfa25a6fdaf7c0ccfc8518ed805fd5c676d8323d	CIC_W	737	전기집진기설비공사	c48a126442b60fe1ca9b87047b589a1c9ca457cce2a3e4c118ea409857fe9178	ceb698ea-4a98-4f97-badd-03635225312f	전기집진기설비공사	PROCESS	PROMOTED_FROM_SOURCE	EXACT_EQUIVALENT	PROPOSED	MANUAL_REVIEW	OWNER_APPROVED_CONCEPT_MEMBERSHIP	PRESERVE_SOURCE_MEMBERSHIP	RISK-04-APPROVE-001	62c2c50e3c0becbe23a686735d1a7e50ed8bce2f3fa23c539d2250b68227c2d7	c8c4232bf924b52636c9dc33fb1891473d548e09ed15de35f33764fe18603f3c	9493ff9f5515eec26daf0204589d1fa3dbb8128f2b58f3590f49244ebb4ecef4
ce07806048978d5260ff87b39fe703f8cda57e48e51aa51f15bf0093ef756169	CIC_W	7371	전기집진기설비본체설치공사	aede2ad79f2b96eadbc125d70e762d98f5f9149060ed35b45e2f7094b07fd5bf	040f1f75-2e76-4bba-84b7-8ea96215b6c6	전기집진기설비본체설치공사	TASK	PROMOTED_FROM_SOURCE	EXACT_EQUIVALENT	PROPOSED	MANUAL_REVIEW	OWNER_APPROVED_CONCEPT_MEMBERSHIP	PRESERVE_SOURCE_MEMBERSHIP	RISK-04-APPROVE-001	62c2c50e3c0becbe23a686735d1a7e50ed8bce2f3fa23c539d2250b68227c2d7	c8c4232bf924b52636c9dc33fb1891473d548e09ed15de35f33764fe18603f3c	9493ff9f5515eec26daf0204589d1fa3dbb8128f2b58f3590f49244ebb4ecef4
5c2de3c88260c7b153988c7ff0ac6dc354cb7d22fb4f6c4d6faa859270a0fd12	CIC_W	7372	전기집진기설비방풍벽설치공사	76bc52f6ae14f969d8aed49631d298ab8e349c21761f8b659fc1e006ea952a5f	e1475038-f654-410b-af82-3346431b856a	전기집진기설비방풍벽설치공사	TASK	PROMOTED_FROM_SOURCE	EXACT_EQUIVALENT	PROPOSED	MANUAL_REVIEW	OWNER_APPROVED_CONCEPT_MEMBERSHIP	PRESERVE_SOURCE_MEMBERSHIP	RISK-04-APPROVE-001	62c2c50e3c0becbe23a686735d1a7e50ed8bce2f3fa23c539d2250b68227c2d7	c8c4232bf924b52636c9dc33fb1891473d548e09ed15de35f33764fe18603f3c	9493ff9f5515eec26daf0204589d1fa3dbb8128f2b58f3590f49244ebb4ecef4
3697fbf1d15c509a699922c2fcd75626765bc6274068e8ec6456c8a9a861f5ae	CIC_W	7373	전기집진기설비Fan Blower류설치공사	6dad0af0e4abb6b5647b94c7a4d9fa3159578203d0966cb036eeffa97f5f4a40	5c9089a8-4350-4ffc-aedc-2a65002d46f3	전기집진기설비Fan Blower류설치공사	TASK	PROMOTED_FROM_SOURCE	EXACT_EQUIVALENT	PROPOSED	MANUAL_REVIEW	OWNER_APPROVED_CONCEPT_MEMBERSHIP	PRESERVE_SOURCE_MEMBERSHIP	RISK-04-APPROVE-001	62c2c50e3c0becbe23a686735d1a7e50ed8bce2f3fa23c539d2250b68227c2d7	c8c4232bf924b52636c9dc33fb1891473d548e09ed15de35f33764fe18603f3c	9493ff9f5515eec26daf0204589d1fa3dbb8128f2b58f3590f49244ebb4ecef4
a91725a0be4b67e457d052b2664cf0f9e637037e7a1da8cfa3f8dcc50d35996f	CIC_W	7374	전기집진기관련부속설비설치공사	e5a38dbccac3816c57d99922d648edff122d0e719853a768e0fe6a716b4ca0e3	b5e301ae-b390-4267-956b-5272ad4ed810	전기집진기관련부속설비설치공사	TASK	PROMOTED_FROM_SOURCE	EXACT_EQUIVALENT	PROPOSED	MANUAL_REVIEW	OWNER_APPROVED_CONCEPT_MEMBERSHIP	PRESERVE_SOURCE_MEMBERSHIP	RISK-04-APPROVE-001	62c2c50e3c0becbe23a686735d1a7e50ed8bce2f3fa23c539d2250b68227c2d7	c8c4232bf924b52636c9dc33fb1891473d548e09ed15de35f33764fe18603f3c	9493ff9f5515eec26daf0204589d1fa3dbb8128f2b58f3590f49244ebb4ecef4
a9ca0247b46fd33e43d7cfd9a549444135e3f83f03b552bbd9f9fcada437a850	CIC_W	739	기타환경설비공사	8d816976ae5c7a16e26a7395911f4a7a85c2a9b517b3affe7c6bab59a35fd3b1	22ce750a-d007-4571-a3c0-04d1c068d2cd	기타환경설비공사	PROCESS	PROMOTED_FROM_SOURCE	EXACT_EQUIVALENT	PROPOSED	MANUAL_REVIEW	OWNER_APPROVED_CONCEPT_MEMBERSHIP	PRESERVE_SOURCE_MEMBERSHIP	RISK-04-APPROVE-001	62c2c50e3c0becbe23a686735d1a7e50ed8bce2f3fa23c539d2250b68227c2d7	c8c4232bf924b52636c9dc33fb1891473d548e09ed15de35f33764fe18603f3c	9493ff9f5515eec26daf0204589d1fa3dbb8128f2b58f3590f49244ebb4ecef4
daa4a1f4741e8624d7af72d4c0f0a43f32cf89041ab72d51522e33493aca7ee1	CIC_W	7391	석탄취급설비공사	88a00cad3d890c3895d15d8a8574648f893837fc15dbf05906c10285b3f6a27e	559f0c3e-54ae-4c74-ba62-53ca8b6837b4	석탄취급설비공사	PROCESS	PROMOTED_FROM_SOURCE	EXACT_EQUIVALENT	PROPOSED	MANUAL_REVIEW	OWNER_APPROVED_CONCEPT_MEMBERSHIP	PRESERVE_SOURCE_MEMBERSHIP	RISK-04-APPROVE-001	62c2c50e3c0becbe23a686735d1a7e50ed8bce2f3fa23c539d2250b68227c2d7	c8c4232bf924b52636c9dc33fb1891473d548e09ed15de35f33764fe18603f3c	9493ff9f5515eec26daf0204589d1fa3dbb8128f2b58f3590f49244ebb4ecef4
c412ce0b2225f78dc60a42eb19eca24a918253a5eb4a270125e0b278d46dfd33	CIC_W	7392	회처리설비공사	7566f09b9ed2087f94f2d76f9c8c854c25aba60ac57d4301142bc7dabe1ce1e4	2ea4b06e-6723-4b5d-8a75-323571106262	회처리설비공사	PROCESS	PROMOTED_FROM_SOURCE	EXACT_EQUIVALENT	PROPOSED	MANUAL_REVIEW	OWNER_APPROVED_CONCEPT_MEMBERSHIP	PRESERVE_SOURCE_MEMBERSHIP	RISK-04-APPROVE-001	62c2c50e3c0becbe23a686735d1a7e50ed8bce2f3fa23c539d2250b68227c2d7	c8c4232bf924b52636c9dc33fb1891473d548e09ed15de35f33764fe18603f3c	9493ff9f5515eec26daf0204589d1fa3dbb8128f2b58f3590f49244ebb4ecef4
8e2aa1d0870b362c2f029583b584cb23a254d777351c50b2de1726e4b648951d	CIC_W	7393	음식물감량화설비공사	ec7249fb42ce187a8f3b948e9134fd7b53c29a836dc7d281c665f61deab923b7	33bc4a34-d8c3-445d-98a2-c9e08c7f4e55	음식물감량화설비공사	PROCESS	PROMOTED_FROM_SOURCE	EXACT_EQUIVALENT	PROPOSED	MANUAL_REVIEW	OWNER_APPROVED_CONCEPT_MEMBERSHIP	PRESERVE_SOURCE_MEMBERSHIP	RISK-04-APPROVE-001	62c2c50e3c0becbe23a686735d1a7e50ed8bce2f3fa23c539d2250b68227c2d7	c8c4232bf924b52636c9dc33fb1891473d548e09ed15de35f33764fe18603f3c	9493ff9f5515eec26daf0204589d1fa3dbb8128f2b58f3590f49244ebb4ecef4
d76af4ada814528f3e13e522a561f5fe3442e4f4fa43f62e875954e6e99dd993	CIC_W	74	운송설비공사	064c77f0388387fc7ab9132fe3344da1283bbf61141536b1db07134cf70efdf0	f0d11573-8ae7-43e8-a1ea-1c3596a54d06	운송설비공사	PROCESS	PROMOTED_FROM_SOURCE	EXACT_EQUIVALENT	PROPOSED	MANUAL_REVIEW	OWNER_APPROVED_CONCEPT_MEMBERSHIP	PRESERVE_SOURCE_MEMBERSHIP	RISK-04-APPROVE-001	62c2c50e3c0becbe23a686735d1a7e50ed8bce2f3fa23c539d2250b68227c2d7	c8c4232bf924b52636c9dc33fb1891473d548e09ed15de35f33764fe18603f3c	9493ff9f5515eec26daf0204589d1fa3dbb8128f2b58f3590f49244ebb4ecef4
84b30c8b4e403c6932a96e02388fbcc797886335b6caf8259998fde0b7d7c22d	CIC_W	741	운반기계설비공사	ee89c81b5167932c6a2ee28ce5d69ef4e5750b6d68de277e8c8fa4be54b9484d	438a638f-363f-424b-8690-eb259171d4a7	운반기계설비공사	PROCESS	MERGED_FROM_REVIEWED_SOURCES	EXACT_EQUIVALENT	PROPOSED	MANUAL_REVIEW	OWNER_APPROVED_CONCEPT_MEMBERSHIP	PRESERVE_SOURCE_MEMBERSHIP	RISK-04-APPROVE-001	62c2c50e3c0becbe23a686735d1a7e50ed8bce2f3fa23c539d2250b68227c2d7	c8c4232bf924b52636c9dc33fb1891473d548e09ed15de35f33764fe18603f3c	9493ff9f5515eec26daf0204589d1fa3dbb8128f2b58f3590f49244ebb4ecef4
715674c919697851ca922aae5a83383d5e2274bdd89d026b9004b312eefbc44f	CIC_W	7411	운반기계설비공사	ee89c81b5167932c6a2ee28ce5d69ef4e5750b6d68de277e8c8fa4be54b9484d	438a638f-363f-424b-8690-eb259171d4a7	운반기계설비공사	PROCESS	MERGED_FROM_REVIEWED_SOURCES	EXACT_EQUIVALENT	PROPOSED	MANUAL_REVIEW	OWNER_APPROVED_CONCEPT_MEMBERSHIP	PRESERVE_SOURCE_MEMBERSHIP	RISK-04-APPROVE-001	62c2c50e3c0becbe23a686735d1a7e50ed8bce2f3fa23c539d2250b68227c2d7	c8c4232bf924b52636c9dc33fb1891473d548e09ed15de35f33764fe18603f3c	9493ff9f5515eec26daf0204589d1fa3dbb8128f2b58f3590f49244ebb4ecef4
37886b9986bd333da38b7e541bc217fe412b6770787ceb8eb50e7f06bf30bf44	CIC_W	742	엘리베이터공사	e04b0bdea193e90dc8375f29fe1455c07217b68da111c911ed87de115fb32aa4	8b9af581-a78c-455f-af5c-77f3941d02e9	엘리베이터공사	PROCESS	PROMOTED_FROM_SOURCE	EXACT_EQUIVALENT	PROPOSED	MANUAL_REVIEW	OWNER_APPROVED_CONCEPT_MEMBERSHIP	PRESERVE_SOURCE_MEMBERSHIP	RISK-04-APPROVE-001	62c2c50e3c0becbe23a686735d1a7e50ed8bce2f3fa23c539d2250b68227c2d7	c8c4232bf924b52636c9dc33fb1891473d548e09ed15de35f33764fe18603f3c	9493ff9f5515eec26daf0204589d1fa3dbb8128f2b58f3590f49244ebb4ecef4
0934c2e18f07ddeb785d31363051627d5516b224182ede1d8bfe015b3390b7d1	CIC_W	7421	승객용엘리베이터설비공사	9b7a52673419298fe57365551c6877fb823b58f43faa9c6a98f4493908965971	6960a7b2-9ff7-4cfc-ad51-5ea02591a7d9	승객용엘리베이터설비공사	PROCESS	PROMOTED_FROM_SOURCE	EXACT_EQUIVALENT	PROPOSED	MANUAL_REVIEW	OWNER_APPROVED_CONCEPT_MEMBERSHIP	PRESERVE_SOURCE_MEMBERSHIP	RISK-04-APPROVE-001	62c2c50e3c0becbe23a686735d1a7e50ed8bce2f3fa23c539d2250b68227c2d7	c8c4232bf924b52636c9dc33fb1891473d548e09ed15de35f33764fe18603f3c	9493ff9f5515eec26daf0204589d1fa3dbb8128f2b58f3590f49244ebb4ecef4
1bebfad21971cc785522801289616b715977a56acdbea03243d0c1f576215fad	CIC_W	7422	승객 운수용엘리베이터설비공사	8a74e5b89a513d94b1563a8e183fe03bfe87129be0fd5ad1ad5f220075e660ee	d38699a5-00b9-48ae-95b1-1e3ed752c140	승객 운수용엘리베이터설비공사	PROCESS	PROMOTED_FROM_SOURCE	EXACT_EQUIVALENT	PROPOSED	MANUAL_REVIEW	OWNER_APPROVED_CONCEPT_MEMBERSHIP	PRESERVE_SOURCE_MEMBERSHIP	RISK-04-APPROVE-001	62c2c50e3c0becbe23a686735d1a7e50ed8bce2f3fa23c539d2250b68227c2d7	c8c4232bf924b52636c9dc33fb1891473d548e09ed15de35f33764fe18603f3c	9493ff9f5515eec26daf0204589d1fa3dbb8128f2b58f3590f49244ebb4ecef4
cc8b0039d73fa27603f07ea41273296a62d1f6cc14edb33762d529baf48e2cea	CIC_W	7423	화물용엘리베이터설비공사	88aac20231e7a0c8b7c46368dc81354db3daeb6cc9cdc1c1f433fa206a1df1f3	fd90a62f-02be-4d9c-92e6-d81f477b90b8	화물용엘리베이터설비공사	PROCESS	PROMOTED_FROM_SOURCE	EXACT_EQUIVALENT	PROPOSED	MANUAL_REVIEW	OWNER_APPROVED_CONCEPT_MEMBERSHIP	PRESERVE_SOURCE_MEMBERSHIP	RISK-04-APPROVE-001	62c2c50e3c0becbe23a686735d1a7e50ed8bce2f3fa23c539d2250b68227c2d7	c8c4232bf924b52636c9dc33fb1891473d548e09ed15de35f33764fe18603f3c	9493ff9f5515eec26daf0204589d1fa3dbb8128f2b58f3590f49244ebb4ecef4
40bb3db8ff2df93b2e2d29f9b5809b9f26f2e2e012995087e0a967cee988d69a	CIC_W	7424	차량용엘리베이터설비공사	cc38efdcb70d8a894aa5471bb3ddfc5460c39d6087767e834b38a03d20e906a4	52d972be-250e-4f78-9374-3a72e6d64c3c	차량용엘리베이터설비공사	PROCESS	PROMOTED_FROM_SOURCE	EXACT_EQUIVALENT	PROPOSED	MANUAL_REVIEW	OWNER_APPROVED_CONCEPT_MEMBERSHIP	PRESERVE_SOURCE_MEMBERSHIP	RISK-04-APPROVE-001	62c2c50e3c0becbe23a686735d1a7e50ed8bce2f3fa23c539d2250b68227c2d7	c8c4232bf924b52636c9dc33fb1891473d548e09ed15de35f33764fe18603f3c	9493ff9f5515eec26daf0204589d1fa3dbb8128f2b58f3590f49244ebb4ecef4
3bd23dbb7941300cec3f5df51ef01351845d4f08a5347f0a8f01c4234c9dbf7c	CIC_W	7425	비상용엘리베이터설비공사	6e5576075ecc093c2d513c809d61bb2707ab0b90564562c6512b8fcb32194148	2f5f3c5d-b48b-496e-afc9-40e94bf91225	비상용엘리베이터설비공사	PROCESS	PROMOTED_FROM_SOURCE	EXACT_EQUIVALENT	PROPOSED	MANUAL_REVIEW	OWNER_APPROVED_CONCEPT_MEMBERSHIP	PRESERVE_SOURCE_MEMBERSHIP	RISK-04-APPROVE-001	62c2c50e3c0becbe23a686735d1a7e50ed8bce2f3fa23c539d2250b68227c2d7	c8c4232bf924b52636c9dc33fb1891473d548e09ed15de35f33764fe18603f3c	9493ff9f5515eec26daf0204589d1fa3dbb8128f2b58f3590f49244ebb4ecef4
f8036917767698a3c2f760ec3cab55ccb6b70a77b511e84f0534e7030ecb8701	CIC_W	7426	특수용엘리베이터설비공사	3afe2acd72145c2e39d40a59120dacc733c9f5aa64af5801e05c4942f2a7facf	541dc81e-26e4-434d-bd05-c19213384faf	특수용엘리베이터설비공사	PROCESS	PROMOTED_FROM_SOURCE	EXACT_EQUIVALENT	PROPOSED	MANUAL_REVIEW	OWNER_APPROVED_CONCEPT_MEMBERSHIP	PRESERVE_SOURCE_MEMBERSHIP	RISK-04-APPROVE-001	62c2c50e3c0becbe23a686735d1a7e50ed8bce2f3fa23c539d2250b68227c2d7	c8c4232bf924b52636c9dc33fb1891473d548e09ed15de35f33764fe18603f3c	9493ff9f5515eec26daf0204589d1fa3dbb8128f2b58f3590f49244ebb4ecef4
9a18112a2e985bda9cfb8f009f82e9f6d182fe22b31c3f3b24708e5332f7f8d4	CIC_W	743	에스컬레이터및이동보행로설비공사	ea3245b5faef0b7303958cb6edf84282597a4097f744cdd21ca50331f45cf375	4056c15b-3a34-423f-b225-e2edfb91c15d	에스컬레이터및이동보행로설비공사	PROCESS	PROMOTED_FROM_SOURCE	EXACT_EQUIVALENT	PROPOSED	MANUAL_REVIEW	OWNER_APPROVED_CONCEPT_MEMBERSHIP	PRESERVE_SOURCE_MEMBERSHIP	RISK-04-APPROVE-001	62c2c50e3c0becbe23a686735d1a7e50ed8bce2f3fa23c539d2250b68227c2d7	c8c4232bf924b52636c9dc33fb1891473d548e09ed15de35f33764fe18603f3c	9493ff9f5515eec26daf0204589d1fa3dbb8128f2b58f3590f49244ebb4ecef4
1bd71f82e1f31422637189e4fb871e909d87f81f09fc78256d98f4e26fbdedf7	CIC_W	7431	에스컬레이터설비공사	4fe33214fdf94a684ad64d5c4691664580af7cadc51077616eeb9d1d436ad736	ce98fe54-9dd9-42df-a7fc-59bf1c92b4b3	에스컬레이터설비공사	PROCESS	PROMOTED_FROM_SOURCE	EXACT_EQUIVALENT	PROPOSED	MANUAL_REVIEW	OWNER_APPROVED_CONCEPT_MEMBERSHIP	PRESERVE_SOURCE_MEMBERSHIP	RISK-04-APPROVE-001	62c2c50e3c0becbe23a686735d1a7e50ed8bce2f3fa23c539d2250b68227c2d7	c8c4232bf924b52636c9dc33fb1891473d548e09ed15de35f33764fe18603f3c	9493ff9f5515eec26daf0204589d1fa3dbb8128f2b58f3590f49244ebb4ecef4
4f3bc4d8410986fb7c2e66f0d1b1bf446eb931903b313e73a7324a6c5de01124	CIC_W	7432	이동보행로설비공사	0cdb425a3e377b8fef8b65832a2e55732b18d244bbc3cc31298f56150ea18110	b78beb11-fc06-466e-81df-7476f52c2149	이동보행로설비공사	PROCESS	PROMOTED_FROM_SOURCE	EXACT_EQUIVALENT	PROPOSED	MANUAL_REVIEW	OWNER_APPROVED_CONCEPT_MEMBERSHIP	PRESERVE_SOURCE_MEMBERSHIP	RISK-04-APPROVE-001	62c2c50e3c0becbe23a686735d1a7e50ed8bce2f3fa23c539d2250b68227c2d7	c8c4232bf924b52636c9dc33fb1891473d548e09ed15de35f33764fe18603f3c	9493ff9f5515eec26daf0204589d1fa3dbb8128f2b58f3590f49244ebb4ecef4
0becc391ef7b7ac4e689e3342e998c878082a6f8ff533fe00d9bdb356955bd17	CIC_W	744	덤웨이터설비및기타운송설비공사	5e682e1a14ffa5335918ecbb9d5a443b3ab5206f71a519364d3784dbe1a927b6	84b8faa9-b168-440c-a91c-f90b333226a6	덤웨이터설비및기타운송설비공사	PROCESS	PROMOTED_FROM_SOURCE	EXACT_EQUIVALENT	PROPOSED	MANUAL_REVIEW	OWNER_APPROVED_CONCEPT_MEMBERSHIP	PRESERVE_SOURCE_MEMBERSHIP	RISK-04-APPROVE-001	62c2c50e3c0becbe23a686735d1a7e50ed8bce2f3fa23c539d2250b68227c2d7	c8c4232bf924b52636c9dc33fb1891473d548e09ed15de35f33764fe18603f3c	9493ff9f5515eec26daf0204589d1fa3dbb8128f2b58f3590f49244ebb4ecef4
8f2e51b51416431c12d89bfbd1931baa1697914919b1dcb8bb3e9c6fc2351ab1	CIC_W	7441	덤웨이터설비공사	364024c20fde203971b02a0cb803eba0a354f964de9e6360f8b0af55e20c9a21	baaa9c3f-08d9-4f29-8482-182fa3da1a06	덤웨이터설비공사	PROCESS	PROMOTED_FROM_SOURCE	EXACT_EQUIVALENT	PROPOSED	MANUAL_REVIEW	OWNER_APPROVED_CONCEPT_MEMBERSHIP	PRESERVE_SOURCE_MEMBERSHIP	RISK-04-APPROVE-001	62c2c50e3c0becbe23a686735d1a7e50ed8bce2f3fa23c539d2250b68227c2d7	c8c4232bf924b52636c9dc33fb1891473d548e09ed15de35f33764fe18603f3c	9493ff9f5515eec26daf0204589d1fa3dbb8128f2b58f3590f49244ebb4ecef4
e00b583ca659779d71f297b44228e6eecf6169942708de4bc4732062e5f6b4d7	CIC_W	76	에너지저장및관련수송설비공사	4550c015794f93c550fc4a407b3d0537ebd3fde8130246cd5dfb9e0da0674984	2014a58c-18ab-4f55-beb4-1884d9261052	에너지저장및관련수송설비공사	PROCESS	PROMOTED_FROM_SOURCE	EXACT_EQUIVALENT	PROPOSED	MANUAL_REVIEW	OWNER_APPROVED_CONCEPT_MEMBERSHIP	PRESERVE_SOURCE_MEMBERSHIP	RISK-04-APPROVE-001	62c2c50e3c0becbe23a686735d1a7e50ed8bce2f3fa23c539d2250b68227c2d7	c8c4232bf924b52636c9dc33fb1891473d548e09ed15de35f33764fe18603f3c	9493ff9f5515eec26daf0204589d1fa3dbb8128f2b58f3590f49244ebb4ecef4
f9a2cf5237dc3ccfa762cc782c9eb0410077d272eabfa7ab7cfc0534559a33f6	CIC_W	761	석유비축및수송공사	c2a3e47336f118519e2032660071a1d358d9069a7b3d4068ffd3d5198ff6ba53	9400d13e-be80-4369-b2ec-801fdb3f2db4	석유비축및수송공사	PROCESS	PROMOTED_FROM_SOURCE	EXACT_EQUIVALENT	PROPOSED	MANUAL_REVIEW	OWNER_APPROVED_CONCEPT_MEMBERSHIP	PRESERVE_SOURCE_MEMBERSHIP	RISK-04-APPROVE-001	62c2c50e3c0becbe23a686735d1a7e50ed8bce2f3fa23c539d2250b68227c2d7	c8c4232bf924b52636c9dc33fb1891473d548e09ed15de35f33764fe18603f3c	9493ff9f5515eec26daf0204589d1fa3dbb8128f2b58f3590f49244ebb4ecef4
6e796ed9e469827e22f7125f97fd0fb9a931cd703b60a93d55380503396978bb	CIC_W	7611	석유비축및수송시설설비공사	fe4ebdc254854d4150f74c4bac5ca3a3a511e1e199a67363a932b19959c0de0d	7f4b32df-840d-4aa9-b0f1-1614ad328921	석유비축및수송시설설비공사	PROCESS	PROMOTED_FROM_SOURCE	EXACT_EQUIVALENT	PROPOSED	MANUAL_REVIEW	OWNER_APPROVED_CONCEPT_MEMBERSHIP	PRESERVE_SOURCE_MEMBERSHIP	RISK-04-APPROVE-001	62c2c50e3c0becbe23a686735d1a7e50ed8bce2f3fa23c539d2250b68227c2d7	c8c4232bf924b52636c9dc33fb1891473d548e09ed15de35f33764fe18603f3c	9493ff9f5515eec26daf0204589d1fa3dbb8128f2b58f3590f49244ebb4ecef4
52e726388f797c2a76732c693c0231b3ee2000c9ba689d3b6f9caa8d9c459fac	CIC_W	762	LNG및원유저장공사	d1a644bf206f36fbba36773f652f7da71e0611ac4f98b5fe7884bda680ddfea4	29e47a59-0b47-4d91-ae68-af1fc7ed9fdb	LNG및원유저장공사	PROCESS	PROMOTED_FROM_SOURCE	EXACT_EQUIVALENT	PROPOSED	MANUAL_REVIEW	OWNER_APPROVED_CONCEPT_MEMBERSHIP	PRESERVE_SOURCE_MEMBERSHIP	RISK-04-APPROVE-001	62c2c50e3c0becbe23a686735d1a7e50ed8bce2f3fa23c539d2250b68227c2d7	c8c4232bf924b52636c9dc33fb1891473d548e09ed15de35f33764fe18603f3c	9493ff9f5515eec26daf0204589d1fa3dbb8128f2b58f3590f49244ebb4ecef4
0e16b6aa38305708f0632a43d4c46987a19e070355f14bd16d9696851a34e2b3	CIC_W	7621	LNG및원유저장설비공사	6d84520c0cde5906f203cd53dcd7edacd5f1cc45e1cb05cc0d3f74c257568d1e	d8bee26b-c97b-4d60-a183-cdb4fd4a5e80	LNG및원유저장설비공사	PROCESS	PROMOTED_FROM_SOURCE	EXACT_EQUIVALENT	PROPOSED	MANUAL_REVIEW	OWNER_APPROVED_CONCEPT_MEMBERSHIP	PRESERVE_SOURCE_MEMBERSHIP	RISK-04-APPROVE-001	62c2c50e3c0becbe23a686735d1a7e50ed8bce2f3fa23c539d2250b68227c2d7	c8c4232bf924b52636c9dc33fb1891473d548e09ed15de35f33764fe18603f3c	9493ff9f5515eec26daf0204589d1fa3dbb8128f2b58f3590f49244ebb4ecef4
539da66d58d3bd8c329515bbe186ae50c5de3864517fd3bbbb681782273b94b0	CIC_W	763	지역열공급공사	c129d70ee17ee7e20aba9c21cae92da3fe0fddc46001c4e36396b34ff8f1e49c	420063a2-9d63-4632-8822-bd6dad312452	지역열공급공사	PROCESS	PROMOTED_FROM_SOURCE	EXACT_EQUIVALENT	PROPOSED	MANUAL_REVIEW	OWNER_APPROVED_CONCEPT_MEMBERSHIP	PRESERVE_SOURCE_MEMBERSHIP	RISK-04-APPROVE-001	62c2c50e3c0becbe23a686735d1a7e50ed8bce2f3fa23c539d2250b68227c2d7	c8c4232bf924b52636c9dc33fb1891473d548e09ed15de35f33764fe18603f3c	9493ff9f5515eec26daf0204589d1fa3dbb8128f2b58f3590f49244ebb4ecef4
9d6e3281aa0b67c46420484bae6625e2042bf6af51ada90e67beb27c871ad5ca	CIC_W	7631	지역열공급설비설비공사	7e6f958608008823b4dbe72a4599a7e6b7321c13e91d62e743f9fa9ab0f5d7a7	ab043a78-78c5-48bb-8998-2f6ae248404a	지역열공급설비설비공사	PROCESS	PROMOTED_FROM_SOURCE	EXACT_EQUIVALENT	PROPOSED	MANUAL_REVIEW	OWNER_APPROVED_CONCEPT_MEMBERSHIP	PRESERVE_SOURCE_MEMBERSHIP	RISK-04-APPROVE-001	62c2c50e3c0becbe23a686735d1a7e50ed8bce2f3fa23c539d2250b68227c2d7	c8c4232bf924b52636c9dc33fb1891473d548e09ed15de35f33764fe18603f3c	9493ff9f5515eec26daf0204589d1fa3dbb8128f2b58f3590f49244ebb4ecef4
c21de9162122a0207633a15d26c1e6a33bd15e5fba6fd8032321d7ae0931d4b9	CIC_W	764	도시가스공급공사	082742d404d587bd5bec7873781faf224ccd9811d3ee56edbfbf8e6dacc79dfc	3e504345-cf05-4dcd-8e11-55a4b46ec34f	도시가스공급공사	PROCESS	PROMOTED_FROM_SOURCE	EXACT_EQUIVALENT	PROPOSED	MANUAL_REVIEW	OWNER_APPROVED_CONCEPT_MEMBERSHIP	PRESERVE_SOURCE_MEMBERSHIP	RISK-04-APPROVE-001	62c2c50e3c0becbe23a686735d1a7e50ed8bce2f3fa23c539d2250b68227c2d7	c8c4232bf924b52636c9dc33fb1891473d548e09ed15de35f33764fe18603f3c	9493ff9f5515eec26daf0204589d1fa3dbb8128f2b58f3590f49244ebb4ecef4
74065ef98bf70e3e9d376ae74a514afa72fcfc0632aaa60bad79bc931e9980b9	CIC_W	7641	도시가스공급설비공사	fdddc3011b2e5e91f80ad0bcb66843f5a011dd5cacda4a2ea063150604cc212e	e8b8cfc5-7189-4948-9556-b0fd771265b3	도시가스공급설비공사	PROCESS	PROMOTED_FROM_SOURCE	EXACT_EQUIVALENT	PROPOSED	MANUAL_REVIEW	OWNER_APPROVED_CONCEPT_MEMBERSHIP	PRESERVE_SOURCE_MEMBERSHIP	RISK-04-APPROVE-001	62c2c50e3c0becbe23a686735d1a7e50ed8bce2f3fa23c539d2250b68227c2d7	c8c4232bf924b52636c9dc33fb1891473d548e09ed15de35f33764fe18603f3c	9493ff9f5515eec26daf0204589d1fa3dbb8128f2b58f3590f49244ebb4ecef4
e261b95f6a2d8d11d94725c6666cbea1b8c18f890c23cef651ef80266ae435fd	CIC_W	765	연료처리공사	9ead7eca263c3ca000604b0a36fbebb288791c272bedcb2fccaa46f051ad105a	8d41a0d2-2d48-4450-b1fb-3d0a14a1bc71	연료처리공사	PROCESS	PROMOTED_FROM_SOURCE	EXACT_EQUIVALENT	PROPOSED	MANUAL_REVIEW	OWNER_APPROVED_CONCEPT_MEMBERSHIP	PRESERVE_SOURCE_MEMBERSHIP	RISK-04-APPROVE-001	62c2c50e3c0becbe23a686735d1a7e50ed8bce2f3fa23c539d2250b68227c2d7	c8c4232bf924b52636c9dc33fb1891473d548e09ed15de35f33764fe18603f3c	9493ff9f5515eec26daf0204589d1fa3dbb8128f2b58f3590f49244ebb4ecef4
71e9ea1f938cf7a976bd713823b3f447a0dab05b3792e56811d92f0c607ca610	CIC_W	7651	연료처리설비공사	a682d557b6a78b6caafd2396dc6436e8ee1b59787079e5296a9e8bb5a9e71ef4	90fd93f8-87e0-49d9-9821-73a2c89aea80	연료처리설비공사	PROCESS	PROMOTED_FROM_SOURCE	EXACT_EQUIVALENT	PROPOSED	MANUAL_REVIEW	OWNER_APPROVED_CONCEPT_MEMBERSHIP	PRESERVE_SOURCE_MEMBERSHIP	RISK-04-APPROVE-001	62c2c50e3c0becbe23a686735d1a7e50ed8bce2f3fa23c539d2250b68227c2d7	c8c4232bf924b52636c9dc33fb1891473d548e09ed15de35f33764fe18603f3c	9493ff9f5515eec26daf0204589d1fa3dbb8128f2b58f3590f49244ebb4ecef4
55f61a044abb89f724ca790f5a1017729ee3d1db36d54d351dc2b29f341a784c	CIC_W	769	기타에너지원공사	97335367b83d56f2d7376661979c49461e7243cdc2cb9da787d21f32f64db60e	55b0aa83-8f0b-496d-a8fa-5dddfd0f023f	기타에너지원공사	PROCESS	PROMOTED_FROM_SOURCE	EXACT_EQUIVALENT	PROPOSED	MANUAL_REVIEW	OWNER_APPROVED_CONCEPT_MEMBERSHIP	PRESERVE_SOURCE_MEMBERSHIP	RISK-04-APPROVE-001	62c2c50e3c0becbe23a686735d1a7e50ed8bce2f3fa23c539d2250b68227c2d7	c8c4232bf924b52636c9dc33fb1891473d548e09ed15de35f33764fe18603f3c	9493ff9f5515eec26daf0204589d1fa3dbb8128f2b58f3590f49244ebb4ecef4
29d48a1ae254ffbe46cbcea65be7a1f82bfb9527bfe9e72b4762c4d27e388b45	CIC_W	81	전기 자동제어 계장 신호 통신공통공사	03d0ce13703e243cff19322fe0df26962d243d37dea0f0bc2d7522a0544a10ab	e79962f4-c455-4596-8a18-bf204bdb707c	전기 자동제어 계장 신호 통신공통공사	PROCESS	PROMOTED_FROM_SOURCE	EXACT_EQUIVALENT	PROPOSED	MANUAL_REVIEW	OWNER_APPROVED_CONCEPT_MEMBERSHIP	PRESERVE_SOURCE_MEMBERSHIP	RISK-04-APPROVE-001	62c2c50e3c0becbe23a686735d1a7e50ed8bce2f3fa23c539d2250b68227c2d7	c8c4232bf924b52636c9dc33fb1891473d548e09ed15de35f33764fe18603f3c	9493ff9f5515eec26daf0204589d1fa3dbb8128f2b58f3590f49244ebb4ecef4
659d20bb54636f9b52d6cf965f28995ae33f1eda754fb3a4b3b7a3db912ed792	CIC_W	811	배관․전로공사	85186bfd8bcaa78e820ac5ddedf2c656d531931ecafbec8900ef596cc28ae9ee	6bf4dfc0-3fa5-4479-8b70-efa411acf4b4	배관및전로공사	PROCESS	MERGED_FROM_REVIEWED_SOURCES	EXACT_EQUIVALENT	PROPOSED	MANUAL_REVIEW	OWNER_APPROVED_CONCEPT_MEMBERSHIP	PRESERVE_RAW_SOURCE_LABELS	RISK-04-APPROVE-001	62c2c50e3c0becbe23a686735d1a7e50ed8bce2f3fa23c539d2250b68227c2d7	c8c4232bf924b52636c9dc33fb1891473d548e09ed15de35f33764fe18603f3c	9493ff9f5515eec26daf0204589d1fa3dbb8128f2b58f3590f49244ebb4ecef4
25713f45e550f56f7e1936a705e3dd7a77030ff5b0091d42aedc9d1b883e9da2	CIC_W	8111	배관및전로공사	85186bfd8bcaa78e820ac5ddedf2c656d531931ecafbec8900ef596cc28ae9ee	6bf4dfc0-3fa5-4479-8b70-efa411acf4b4	배관및전로공사	PROCESS	MERGED_FROM_REVIEWED_SOURCES	EXACT_EQUIVALENT	PROPOSED	MANUAL_REVIEW	OWNER_APPROVED_CONCEPT_MEMBERSHIP	PRESERVE_RAW_SOURCE_LABELS	RISK-04-APPROVE-001	62c2c50e3c0becbe23a686735d1a7e50ed8bce2f3fa23c539d2250b68227c2d7	c8c4232bf924b52636c9dc33fb1891473d548e09ed15de35f33764fe18603f3c	9493ff9f5515eec26daf0204589d1fa3dbb8128f2b58f3590f49244ebb4ecef4
098740a4121c9bb4e628c6f0331977e60318bdb99482ade65c40b2915a0d6da0	CIC_W	812	배선․가선공사	8d001bee4680940152af6429b4c5f3827cfce258485b1683294cbe4bb94cdf1d	fd0347d1-57e8-466d-8289-9776e6343cec	배선및가선공사	PROCESS	MERGED_FROM_REVIEWED_SOURCES	EXACT_EQUIVALENT	PROPOSED	MANUAL_REVIEW	OWNER_APPROVED_CONCEPT_MEMBERSHIP	PRESERVE_RAW_SOURCE_LABELS	RISK-04-APPROVE-001	62c2c50e3c0becbe23a686735d1a7e50ed8bce2f3fa23c539d2250b68227c2d7	c8c4232bf924b52636c9dc33fb1891473d548e09ed15de35f33764fe18603f3c	9493ff9f5515eec26daf0204589d1fa3dbb8128f2b58f3590f49244ebb4ecef4
1c9a4f9b1327ea4902955d310d67aeac7c05af8c249cdf787cdd0923c2ace6d8	CIC_W	8121	배선및가선공사	8d001bee4680940152af6429b4c5f3827cfce258485b1683294cbe4bb94cdf1d	fd0347d1-57e8-466d-8289-9776e6343cec	배선및가선공사	PROCESS	MERGED_FROM_REVIEWED_SOURCES	EXACT_EQUIVALENT	PROPOSED	MANUAL_REVIEW	OWNER_APPROVED_CONCEPT_MEMBERSHIP	PRESERVE_RAW_SOURCE_LABELS	RISK-04-APPROVE-001	62c2c50e3c0becbe23a686735d1a7e50ed8bce2f3fa23c539d2250b68227c2d7	c8c4232bf924b52636c9dc33fb1891473d548e09ed15de35f33764fe18603f3c	9493ff9f5515eec26daf0204589d1fa3dbb8128f2b58f3590f49244ebb4ecef4
1b2e94b62345c4ec9bef07bf9a6d036ec42412243d3733e6ab3b030a9a2e7868	CIC_W	813	전기․통신공사관련기타공통공사	7a665c11748c42341077fd9afd02a35c4c5393995913074b384079703b592772	89c9da77-092d-400f-b40b-ae6c86aaad97	전기․통신공사관련기타공통공사	PROCESS	PROMOTED_FROM_SOURCE	EXACT_EQUIVALENT	PROPOSED	MANUAL_REVIEW	OWNER_APPROVED_CONCEPT_MEMBERSHIP	PRESERVE_SOURCE_MEMBERSHIP	RISK-04-APPROVE-001	62c2c50e3c0becbe23a686735d1a7e50ed8bce2f3fa23c539d2250b68227c2d7	c8c4232bf924b52636c9dc33fb1891473d548e09ed15de35f33764fe18603f3c	9493ff9f5515eec26daf0204589d1fa3dbb8128f2b58f3590f49244ebb4ecef4
d97297fa973a3299c5c1f8d982c38e0210930a7c68d4d91cb4c7edbd730ece4f	CIC_W	8131	전기․통신공사관련건설및연관공사	96dc6b9da041456d3d0bea04bafc870c51d62871c14f0bc548d407e3c336726c	49ca37d2-4bcd-48b8-bf21-afcc06f7d6d1	전기․통신공사관련건설및연관공사	PROCESS	PROMOTED_FROM_SOURCE	EXACT_EQUIVALENT	PROPOSED	MANUAL_REVIEW	OWNER_APPROVED_CONCEPT_MEMBERSHIP	PRESERVE_SOURCE_MEMBERSHIP	RISK-04-APPROVE-001	62c2c50e3c0becbe23a686735d1a7e50ed8bce2f3fa23c539d2250b68227c2d7	c8c4232bf924b52636c9dc33fb1891473d548e09ed15de35f33764fe18603f3c	9493ff9f5515eec26daf0204589d1fa3dbb8128f2b58f3590f49244ebb4ecef4
d4609192e5fdc53378aecdd3ce826dc104939fa64e9ae0544e35e73407e181c6	CIC_W	8132	전기․통신공사관련철물류연관공사	528de8efb0840c315f168b4ffea153ef7887ca9961642a62b55df059af47d1aa	f49f59a7-4e31-416a-ac53-808f04de3787	전기․통신공사관련철물류연관공사	PROCESS	PROMOTED_FROM_SOURCE	EXACT_EQUIVALENT	PROPOSED	MANUAL_REVIEW	OWNER_APPROVED_CONCEPT_MEMBERSHIP	PRESERVE_SOURCE_MEMBERSHIP	RISK-04-APPROVE-001	62c2c50e3c0becbe23a686735d1a7e50ed8bce2f3fa23c539d2250b68227c2d7	c8c4232bf924b52636c9dc33fb1891473d548e09ed15de35f33764fe18603f3c	9493ff9f5515eec26daf0204589d1fa3dbb8128f2b58f3590f49244ebb4ecef4
4224bff514688ee55f3355b893b8176b2f7eb114e31d314c6fd39cb613257cf2	CIC_W	8134	전기․통신공사관련도장및방청공사	655eb6ff819d7c70b48dea965d976609af6d46bd97a4661de19acf6862a53edc	e9ff679e-2270-4b59-a407-f7cf82f105b4	전기․통신공사관련도장및방청공사	TASK	PROMOTED_FROM_SOURCE	EXACT_EQUIVALENT	PROPOSED	MANUAL_REVIEW	OWNER_APPROVED_CONCEPT_MEMBERSHIP	PRESERVE_SOURCE_MEMBERSHIP	RISK-04-APPROVE-001	62c2c50e3c0becbe23a686735d1a7e50ed8bce2f3fa23c539d2250b68227c2d7	c8c4232bf924b52636c9dc33fb1891473d548e09ed15de35f33764fe18603f3c	9493ff9f5515eec26daf0204589d1fa3dbb8128f2b58f3590f49244ebb4ecef4
0961dfb5402862d34618352fda47a3996ca810a5c54308afc5d1c0a92336118f	CIC_W	82	송배전․발 수변전전기공사	87fa53f9401d9b7c7720ef7da477dadd283d8362a38e4a5f37f5d2e5fdaf5ac4	283efb15-14fe-459f-afee-1142d73e503a	송배전․발 수변전전기공사	PROCESS	PROMOTED_FROM_SOURCE	EXACT_EQUIVALENT	PROPOSED	MANUAL_REVIEW	OWNER_APPROVED_CONCEPT_MEMBERSHIP	PRESERVE_SOURCE_MEMBERSHIP	RISK-04-APPROVE-001	62c2c50e3c0becbe23a686735d1a7e50ed8bce2f3fa23c539d2250b68227c2d7	c8c4232bf924b52636c9dc33fb1891473d548e09ed15de35f33764fe18603f3c	9493ff9f5515eec26daf0204589d1fa3dbb8128f2b58f3590f49244ebb4ecef4
bdc3422aff416b49b9df44d22d77e2a689a12aa74d823d4381275ff95015087d	CIC_W	821	송전설비공사	7cf0e55fc5775e6c8c2904e17fe2f2fb1effd811daa301fed9bf80a8191795bb	98fef6ba-dd32-4272-b518-e7694a378846	송전설비공사	PROCESS	MERGED_FROM_REVIEWED_SOURCES	EXACT_EQUIVALENT	PROPOSED	MANUAL_REVIEW	OWNER_APPROVED_CONCEPT_MEMBERSHIP	PRESERVE_SOURCE_MEMBERSHIP	RISK-04-APPROVE-001	62c2c50e3c0becbe23a686735d1a7e50ed8bce2f3fa23c539d2250b68227c2d7	c8c4232bf924b52636c9dc33fb1891473d548e09ed15de35f33764fe18603f3c	9493ff9f5515eec26daf0204589d1fa3dbb8128f2b58f3590f49244ebb4ecef4
fb60d32ae433ba13c98b148733c648ec7d640aed506c4dde2f5cf35de3776545	CIC_W	8211	송전설비별설치공사	f5319c82511cab99f9e479579e9e5e721ad9f4d0fb2bd25b788f0e67f1e47541	b27dbf79-deb6-4e21-8f7b-354db0631821	송전설비별설치공사	PROCESS	PROMOTED_FROM_SOURCE	EXACT_EQUIVALENT	PROPOSED	MANUAL_REVIEW	OWNER_APPROVED_CONCEPT_MEMBERSHIP	PRESERVE_SOURCE_MEMBERSHIP	RISK-04-APPROVE-001	62c2c50e3c0becbe23a686735d1a7e50ed8bce2f3fa23c539d2250b68227c2d7	c8c4232bf924b52636c9dc33fb1891473d548e09ed15de35f33764fe18603f3c	9493ff9f5515eec26daf0204589d1fa3dbb8128f2b58f3590f49244ebb4ecef4
1c0e41f7d10b68266de8f3aa769093c1b39d9bc6fd8f5fdca0790362f8c462f3	CIC_W	8212	송전설비공사	7cf0e55fc5775e6c8c2904e17fe2f2fb1effd811daa301fed9bf80a8191795bb	98fef6ba-dd32-4272-b518-e7694a378846	송전설비공사	PROCESS	MERGED_FROM_REVIEWED_SOURCES	EXACT_EQUIVALENT	PROPOSED	MANUAL_REVIEW	OWNER_APPROVED_CONCEPT_MEMBERSHIP	PRESERVE_SOURCE_MEMBERSHIP	RISK-04-APPROVE-001	62c2c50e3c0becbe23a686735d1a7e50ed8bce2f3fa23c539d2250b68227c2d7	c8c4232bf924b52636c9dc33fb1891473d548e09ed15de35f33764fe18603f3c	9493ff9f5515eec26daf0204589d1fa3dbb8128f2b58f3590f49244ebb4ecef4
aebc85ab2d20b3f04f57660a9c353b08199ce5039679fabe0d5e3b066e9f3417	CIC_W	822	배전설비공사	2337a9fc8be1675e79588fcde679eab1aba3ca8cc1088817afd912b0beffdc50	6b3c897a-bdae-4e37-ac77-5243c3d00a84	배전설비공사	PROCESS	MERGED_FROM_REVIEWED_SOURCES	EXACT_EQUIVALENT	PROPOSED	MANUAL_REVIEW	OWNER_APPROVED_CONCEPT_MEMBERSHIP	PRESERVE_SOURCE_MEMBERSHIP	RISK-04-APPROVE-001	62c2c50e3c0becbe23a686735d1a7e50ed8bce2f3fa23c539d2250b68227c2d7	c8c4232bf924b52636c9dc33fb1891473d548e09ed15de35f33764fe18603f3c	9493ff9f5515eec26daf0204589d1fa3dbb8128f2b58f3590f49244ebb4ecef4
01254f8bb57576fe1d39ddde2e44a56d08cc8dfa82baf0d2501ba2c090f93153	CIC_W	8221	배전설비별기기류설치공사	a8caecc447913aa89a4d072903f94dc230ecf34cd0a1d6b3cfb9fd9f88862406	1ae33ea6-e02f-4daa-9179-d0eb2516fa5c	배전설비별기기류설치공사	TASK	PROMOTED_FROM_SOURCE	EXACT_EQUIVALENT	PROPOSED	MANUAL_REVIEW	OWNER_APPROVED_CONCEPT_MEMBERSHIP	PRESERVE_SOURCE_MEMBERSHIP	RISK-04-APPROVE-001	62c2c50e3c0becbe23a686735d1a7e50ed8bce2f3fa23c539d2250b68227c2d7	c8c4232bf924b52636c9dc33fb1891473d548e09ed15de35f33764fe18603f3c	9493ff9f5515eec26daf0204589d1fa3dbb8128f2b58f3590f49244ebb4ecef4
cf38fd4f1ccdfd8d8f3adbbd26d41c9de5c86f631474a927ab97e44b0bb28ea4	CIC_W	8222	배전설비공사	2337a9fc8be1675e79588fcde679eab1aba3ca8cc1088817afd912b0beffdc50	6b3c897a-bdae-4e37-ac77-5243c3d00a84	배전설비공사	PROCESS	MERGED_FROM_REVIEWED_SOURCES	EXACT_EQUIVALENT	PROPOSED	MANUAL_REVIEW	OWNER_APPROVED_CONCEPT_MEMBERSHIP	PRESERVE_SOURCE_MEMBERSHIP	RISK-04-APPROVE-001	62c2c50e3c0becbe23a686735d1a7e50ed8bce2f3fa23c539d2250b68227c2d7	c8c4232bf924b52636c9dc33fb1891473d548e09ed15de35f33764fe18603f3c	9493ff9f5515eec26daf0204589d1fa3dbb8128f2b58f3590f49244ebb4ecef4
ef613dc3b0d4fb3afff3089d467adf67a3430ab92b4609182ae3facb6c67d947	CIC_W	823	발전 수변전관련전기설비공사	9c5d076acd3550d07d3b8d5e161a39d20bc03992a7d1c3a04b07f92d854efb99	c9cb3627-109a-4e0c-8fbb-1abb31f759ea	발전 수변전관련전기설비공사	PROCESS	PROMOTED_FROM_SOURCE	EXACT_EQUIVALENT	PROPOSED	MANUAL_REVIEW	OWNER_APPROVED_CONCEPT_MEMBERSHIP	PRESERVE_SOURCE_MEMBERSHIP	RISK-04-APPROVE-001	62c2c50e3c0becbe23a686735d1a7e50ed8bce2f3fa23c539d2250b68227c2d7	c8c4232bf924b52636c9dc33fb1891473d548e09ed15de35f33764fe18603f3c	9493ff9f5515eec26daf0204589d1fa3dbb8128f2b58f3590f49244ebb4ecef4
32671636a17a83827c0d675598ecb757d521a54290f303e52087b55e2a3f6f60	CIC_W	8231	GIS공사	86ffb68a39d675b493858a29b00039d3fae64664c0109489755514026b9dfca5	f0f12b37-301c-436d-8fd4-32c6abeb4bd8	GIS공사	PROCESS	PROMOTED_FROM_SOURCE	EXACT_EQUIVALENT	PROPOSED	MANUAL_REVIEW	OWNER_APPROVED_CONCEPT_MEMBERSHIP	PRESERVE_SOURCE_MEMBERSHIP	RISK-04-APPROVE-001	62c2c50e3c0becbe23a686735d1a7e50ed8bce2f3fa23c539d2250b68227c2d7	c8c4232bf924b52636c9dc33fb1891473d548e09ed15de35f33764fe18603f3c	9493ff9f5515eec26daf0204589d1fa3dbb8128f2b58f3590f49244ebb4ecef4
b4f7efc7cf0619821baf1c4abde87c08a987fd790aaa5d15a94a165bd7d1142d	CIC_W	8232	변전설비공사	fbc4319f189d188315154cac4955eb20fbfd36586f627182fb6839e38aa826fb	1f9e64c8-7b6f-4fa4-8d1f-8d97211645c8	변전설비공사	PROCESS	PROMOTED_FROM_SOURCE	EXACT_EQUIVALENT	PROPOSED	MANUAL_REVIEW	OWNER_APPROVED_CONCEPT_MEMBERSHIP	PRESERVE_SOURCE_MEMBERSHIP	RISK-04-APPROVE-001	62c2c50e3c0becbe23a686735d1a7e50ed8bce2f3fa23c539d2250b68227c2d7	c8c4232bf924b52636c9dc33fb1891473d548e09ed15de35f33764fe18603f3c	9493ff9f5515eec26daf0204589d1fa3dbb8128f2b58f3590f49244ebb4ecef4
40902caa193eeed472c6fa08e99ffc414652cd16883f04382f9db00feb4e0d60	CIC_W	8233	큐비클및차단설비공사	5b0c491d79c2961252f6cfaed81d9afdb1365e7369383218272c848c6e28b393	97b2c731-9bd8-4c12-851e-47087561dd95	큐비클및차단설비공사	PROCESS	PROMOTED_FROM_SOURCE	EXACT_EQUIVALENT	PROPOSED	MANUAL_REVIEW	OWNER_APPROVED_CONCEPT_MEMBERSHIP	PRESERVE_SOURCE_MEMBERSHIP	RISK-04-APPROVE-001	62c2c50e3c0becbe23a686735d1a7e50ed8bce2f3fa23c539d2250b68227c2d7	c8c4232bf924b52636c9dc33fb1891473d548e09ed15de35f33764fe18603f3c	9493ff9f5515eec26daf0204589d1fa3dbb8128f2b58f3590f49244ebb4ecef4
076a10f6601fc9d832a058060d02bd7af05a3e249537c6a2d75b2c331ef6d8d1	CIC_W	8234	조상설비공사	a130e3893ef000004cc018294024d19d6bcf57e944e45dc9a85f0eaa66a0a8dd	fea8391d-48b9-4beb-a77b-be579e4864df	조상설비공사	PROCESS	PROMOTED_FROM_SOURCE	EXACT_EQUIVALENT	PROPOSED	MANUAL_REVIEW	OWNER_APPROVED_CONCEPT_MEMBERSHIP	PRESERVE_SOURCE_MEMBERSHIP	RISK-04-APPROVE-001	62c2c50e3c0becbe23a686735d1a7e50ed8bce2f3fa23c539d2250b68227c2d7	c8c4232bf924b52636c9dc33fb1891473d548e09ed15de35f33764fe18603f3c	9493ff9f5515eec26daf0204589d1fa3dbb8128f2b58f3590f49244ebb4ecef4
ef93d03e6db74173ab866352710f97f10d48f6b8d0be10070219acf3f34c0b90	CIC_W	8235	모선공사	003eaf9dda9402b198884bef6cce22c05f84422ba4dee38f5d0231aa6efe9320	4b179a0b-127b-46a9-b034-b0447af8a505	모선공사	PROCESS	PROMOTED_FROM_SOURCE	EXACT_EQUIVALENT	PROPOSED	MANUAL_REVIEW	OWNER_APPROVED_CONCEPT_MEMBERSHIP	PRESERVE_SOURCE_MEMBERSHIP	RISK-04-APPROVE-001	62c2c50e3c0becbe23a686735d1a7e50ed8bce2f3fa23c539d2250b68227c2d7	c8c4232bf924b52636c9dc33fb1891473d548e09ed15de35f33764fe18603f3c	9493ff9f5515eec26daf0204589d1fa3dbb8128f2b58f3590f49244ebb4ecef4
d3f60b84707e5fbaa79c599949d05d466788411bb8a50a9b6ff1b2531c72648b	CIC_W	824	전차선로공사	b669d98511f7e2bfb1e96b16e62a697004f651f201a3cd3c2024d12c39d44efc	c805df85-b574-4e3b-a98e-0b4783f6b4c7	전차선로공사	PROCESS	PROMOTED_FROM_SOURCE	EXACT_EQUIVALENT	PROPOSED	MANUAL_REVIEW	OWNER_APPROVED_CONCEPT_MEMBERSHIP	PRESERVE_SOURCE_MEMBERSHIP	RISK-04-APPROVE-001	62c2c50e3c0becbe23a686735d1a7e50ed8bce2f3fa23c539d2250b68227c2d7	c8c4232bf924b52636c9dc33fb1891473d548e09ed15de35f33764fe18603f3c	9493ff9f5515eec26daf0204589d1fa3dbb8128f2b58f3590f49244ebb4ecef4
ae967e59685bf4e264cc09b0b4040fc45f9c174f01846a4c20def99e8c163ce5	CIC_W	8241	카테나리전차선공사	2eaabb1951fc91282f26c775f3332ed994097e03277f8b60c12e4d3aa1ba7ffc	7b97e0a1-094f-4dbf-b06b-79f7763538c5	카테나리전차선공사	PROCESS	PROMOTED_FROM_SOURCE	EXACT_EQUIVALENT	PROPOSED	MANUAL_REVIEW	OWNER_APPROVED_CONCEPT_MEMBERSHIP	PRESERVE_SOURCE_MEMBERSHIP	RISK-04-APPROVE-001	62c2c50e3c0becbe23a686735d1a7e50ed8bce2f3fa23c539d2250b68227c2d7	c8c4232bf924b52636c9dc33fb1891473d548e09ed15de35f33764fe18603f3c	9493ff9f5515eec26daf0204589d1fa3dbb8128f2b58f3590f49244ebb4ecef4
fba3f95ccefd95fbde92ae95599fbe9c7275759fa292209c08fe630ff2dbbcb2	CIC_W	8242	강체전차선공사	d7544679e250b7429eb5db32d71abedb793a51f521e0c521c48dcce17a80b471	d5a663a8-a1c0-4797-a0fb-281b75c153c4	강체전차선공사	PROCESS	PROMOTED_FROM_SOURCE	EXACT_EQUIVALENT	PROPOSED	MANUAL_REVIEW	OWNER_APPROVED_CONCEPT_MEMBERSHIP	PRESERVE_SOURCE_MEMBERSHIP	RISK-04-APPROVE-001	62c2c50e3c0becbe23a686735d1a7e50ed8bce2f3fa23c539d2250b68227c2d7	c8c4232bf924b52636c9dc33fb1891473d548e09ed15de35f33764fe18603f3c	9493ff9f5515eec26daf0204589d1fa3dbb8128f2b58f3590f49244ebb4ecef4
475bb4f7479102439c4b27e9ef82e30b3d08ea10a4646d3408499c2d3d5eca3b	CIC_W	825	기타전기설비공사	bb852d3b868968a790e5faeaa029a52b75470c19cdadbc3efa7b19e185368a67	fb896a27-ed87-4811-bd78-0bb2626216bf	기타전기설비공사	PROCESS	PROMOTED_FROM_SOURCE	EXACT_EQUIVALENT	PROPOSED	MANUAL_REVIEW	OWNER_APPROVED_CONCEPT_MEMBERSHIP	PRESERVE_SOURCE_MEMBERSHIP	RISK-04-APPROVE-001	62c2c50e3c0becbe23a686735d1a7e50ed8bce2f3fa23c539d2250b68227c2d7	c8c4232bf924b52636c9dc33fb1891473d548e09ed15de35f33764fe18603f3c	9493ff9f5515eec26daf0204589d1fa3dbb8128f2b58f3590f49244ebb4ecef4
a416903ab788c071779e24b99216b4e745e70ec1a54edf1edc422e7cef40f90c	CIC_W	8251	무정전공사	043b3ffe3d31e04feab3c5b053abe66ec7abd652ce16356687d70bd14e47f448	d8e4dd5c-6741-4427-aa5e-707b62f79a29	무정전공사	PROCESS	PROMOTED_FROM_SOURCE	EXACT_EQUIVALENT	PROPOSED	MANUAL_REVIEW	OWNER_APPROVED_CONCEPT_MEMBERSHIP	PRESERVE_SOURCE_MEMBERSHIP	RISK-04-APPROVE-001	62c2c50e3c0becbe23a686735d1a7e50ed8bce2f3fa23c539d2250b68227c2d7	c8c4232bf924b52636c9dc33fb1891473d548e09ed15de35f33764fe18603f3c	9493ff9f5515eec26daf0204589d1fa3dbb8128f2b58f3590f49244ebb4ecef4
4f5a8fb9cf2ada78aff4f341e224938a178742f0f0c022b62da09a71161bdfd2	CIC_W	8252	전동기설치공사	17a9c93d75cc36267bd10b578af84023fe23084d6d75b2637ab064f444560119	01631d52-134e-440f-b86e-2afb09b6958b	전동기설치공사	TASK	PROMOTED_FROM_SOURCE	EXACT_EQUIVALENT	PROPOSED	MANUAL_REVIEW	OWNER_APPROVED_CONCEPT_MEMBERSHIP	PRESERVE_SOURCE_MEMBERSHIP	RISK-04-APPROVE-001	62c2c50e3c0becbe23a686735d1a7e50ed8bce2f3fa23c539d2250b68227c2d7	c8c4232bf924b52636c9dc33fb1891473d548e09ed15de35f33764fe18603f3c	9493ff9f5515eec26daf0204589d1fa3dbb8128f2b58f3590f49244ebb4ecef4
091ae8d40e3f2248d54fc673e63bfe0b0ecaa4d82766c477ef05594883d07fac	CIC_W	83	전력부하설비공사	324a6174194830c28313ed55db68d5b1b90bfec20a53637f8cf0bb36595ab486	38fbdf93-33bd-4a36-883a-ce824f7d1638	전력부하설비공사	PROCESS	PROMOTED_FROM_SOURCE	EXACT_EQUIVALENT	PROPOSED	MANUAL_REVIEW	OWNER_APPROVED_CONCEPT_MEMBERSHIP	PRESERVE_SOURCE_MEMBERSHIP	RISK-04-APPROVE-001	62c2c50e3c0becbe23a686735d1a7e50ed8bce2f3fa23c539d2250b68227c2d7	c8c4232bf924b52636c9dc33fb1891473d548e09ed15de35f33764fe18603f3c	9493ff9f5515eec26daf0204589d1fa3dbb8128f2b58f3590f49244ebb4ecef4
6ee44812118ffc5bb32328432cd1cba7743518cf26fc81702a361f40e1cd2eb4	CIC_W	831	배전설비공사	8e6387c64572741f15f24bc48ad45f364b3368e7d8ae29785b313cef52c7654b	45c5f84b-07f4-40b6-8ecb-81a71bf03545	배전설비공사	PROCESS	MERGED_FROM_REVIEWED_SOURCES	EXACT_EQUIVALENT	PROPOSED	MANUAL_REVIEW	OWNER_APPROVED_CONCEPT_MEMBERSHIP	PRESERVE_SOURCE_MEMBERSHIP	RISK-04-APPROVE-001	62c2c50e3c0becbe23a686735d1a7e50ed8bce2f3fa23c539d2250b68227c2d7	c8c4232bf924b52636c9dc33fb1891473d548e09ed15de35f33764fe18603f3c	9493ff9f5515eec26daf0204589d1fa3dbb8128f2b58f3590f49244ebb4ecef4
5b9d5f3ce7ab97d5e1b2eb48b2a9e26a06d30c4303196738f4a82547187d4b7f	CIC_W	8311	배전설비공사	8e6387c64572741f15f24bc48ad45f364b3368e7d8ae29785b313cef52c7654b	45c5f84b-07f4-40b6-8ecb-81a71bf03545	배전설비공사	PROCESS	MERGED_FROM_REVIEWED_SOURCES	EXACT_EQUIVALENT	PROPOSED	MANUAL_REVIEW	OWNER_APPROVED_CONCEPT_MEMBERSHIP	PRESERVE_SOURCE_MEMBERSHIP	RISK-04-APPROVE-001	62c2c50e3c0becbe23a686735d1a7e50ed8bce2f3fa23c539d2250b68227c2d7	c8c4232bf924b52636c9dc33fb1891473d548e09ed15de35f33764fe18603f3c	9493ff9f5515eec26daf0204589d1fa3dbb8128f2b58f3590f49244ebb4ecef4
c884a1a51ed3eab8dd9c9d896d50e73a61ae7828c9b0b70bae38aff72253b0ee	CIC_W	832	조명설비공사	30c5c5b7582a14cbbfd22cf36f874b71b3c0631edbf44c07f05d4e6702817359	85cdd0d4-ec0f-47f2-a601-cacd5b3f3b12	조명설비공사	PROCESS	PROMOTED_FROM_SOURCE	EXACT_EQUIVALENT	PROPOSED	MANUAL_REVIEW	OWNER_APPROVED_CONCEPT_MEMBERSHIP	PRESERVE_SOURCE_MEMBERSHIP	RISK-04-APPROVE-001	62c2c50e3c0becbe23a686735d1a7e50ed8bce2f3fa23c539d2250b68227c2d7	c8c4232bf924b52636c9dc33fb1891473d548e09ed15de35f33764fe18603f3c	9493ff9f5515eec26daf0204589d1fa3dbb8128f2b58f3590f49244ebb4ecef4
4843a58e2e101747a42eb556b88876d97075e0b92b46f6d0cde720b03f21de5f	CIC_W	8321	옥내조명설비공사	9639d7971467192f06fc113457fe21511cf98a21d427338a166c1a87f3c9f8a3	e303e668-a457-4352-b8fb-3d1478a59e89	옥내조명설비공사	PROCESS	PROMOTED_FROM_SOURCE	EXACT_EQUIVALENT	PROPOSED	MANUAL_REVIEW	OWNER_APPROVED_CONCEPT_MEMBERSHIP	PRESERVE_SOURCE_MEMBERSHIP	RISK-04-APPROVE-001	62c2c50e3c0becbe23a686735d1a7e50ed8bce2f3fa23c539d2250b68227c2d7	c8c4232bf924b52636c9dc33fb1891473d548e09ed15de35f33764fe18603f3c	9493ff9f5515eec26daf0204589d1fa3dbb8128f2b58f3590f49244ebb4ecef4
e8f05e0e202847cd5463b1d6d29717706b8af80d5082d6d8cd978da53a50c7b1	CIC_W	8322	옥외조명설비공사	94dbd39d0a661ec285ae502b113f412ab676095281f9088ccbddb124dbc218c0	261b8e45-3ba8-42b4-bdea-229ea34806aa	옥외조명설비공사	PROCESS	PROMOTED_FROM_SOURCE	EXACT_EQUIVALENT	PROPOSED	MANUAL_REVIEW	OWNER_APPROVED_CONCEPT_MEMBERSHIP	PRESERVE_SOURCE_MEMBERSHIP	RISK-04-APPROVE-001	62c2c50e3c0becbe23a686735d1a7e50ed8bce2f3fa23c539d2250b68227c2d7	c8c4232bf924b52636c9dc33fb1891473d548e09ed15de35f33764fe18603f3c	9493ff9f5515eec26daf0204589d1fa3dbb8128f2b58f3590f49244ebb4ecef4
8778271d2432512ae7f88d75025067919908c0ae1466b3647cecdcdf1c1be36e	CIC_W	8323	비상조명설비공사	eccaf9e55638127a8af8f2c0a01b6995a43f3084a4d0f4803a96ada4ffb79e48	7921b398-498e-43ce-b93d-b2a3f2dfea73	비상조명설비공사	PROCESS	PROMOTED_FROM_SOURCE	EXACT_EQUIVALENT	PROPOSED	MANUAL_REVIEW	OWNER_APPROVED_CONCEPT_MEMBERSHIP	PRESERVE_SOURCE_MEMBERSHIP	RISK-04-APPROVE-001	62c2c50e3c0becbe23a686735d1a7e50ed8bce2f3fa23c539d2250b68227c2d7	c8c4232bf924b52636c9dc33fb1891473d548e09ed15de35f33764fe18603f3c	9493ff9f5515eec26daf0204589d1fa3dbb8128f2b58f3590f49244ebb4ecef4
0e1e212dafb3edc79e9caad05a6a51d9be537436bc4f25be940276f71a22657f	CIC_W	8324	특수조명설비공사	bd96ea245dcd0d67f943bb72c5d3cee7c47acdcfa8ccbdb4a6d6ed7d7c5afcf3	e0a23896-4d80-4828-8f48-1235e7db7e60	특수조명설비공사	PROCESS	PROMOTED_FROM_SOURCE	EXACT_EQUIVALENT	PROPOSED	MANUAL_REVIEW	OWNER_APPROVED_CONCEPT_MEMBERSHIP	PRESERVE_SOURCE_MEMBERSHIP	RISK-04-APPROVE-001	62c2c50e3c0becbe23a686735d1a7e50ed8bce2f3fa23c539d2250b68227c2d7	c8c4232bf924b52636c9dc33fb1891473d548e09ed15de35f33764fe18603f3c	9493ff9f5515eec26daf0204589d1fa3dbb8128f2b58f3590f49244ebb4ecef4
a387a102f1aef4d101d8720309db2247a82a0b12573eb240247f9e24c1019075	CIC_W	833	동력설비공사	49c4e35e62f053db17c69cb10cd3c568cf26fe18d5ce579d0e78ce4391f2359e	247db056-4c62-4af7-97b2-e1c6911aeb88	동력설비공사	PROCESS	PROMOTED_FROM_SOURCE	EXACT_EQUIVALENT	PROPOSED	MANUAL_REVIEW	OWNER_APPROVED_CONCEPT_MEMBERSHIP	PRESERVE_SOURCE_MEMBERSHIP	RISK-04-APPROVE-001	62c2c50e3c0becbe23a686735d1a7e50ed8bce2f3fa23c539d2250b68227c2d7	c8c4232bf924b52636c9dc33fb1891473d548e09ed15de35f33764fe18603f3c	9493ff9f5515eec26daf0204589d1fa3dbb8128f2b58f3590f49244ebb4ecef4
fa4158e734e380114241f4cd8e5614ad683693db4883d33d7c3510638ceb662a	CIC_W	8331	동력용전동기설치공사	453ca95f3e1c221aea9b4485a913a0983c2da8724d7a8628a06658bcfd70753c	358d86b6-969c-4abd-bfc0-2c6fb8d3e263	동력용전동기설치공사	TASK	PROMOTED_FROM_SOURCE	EXACT_EQUIVALENT	PROPOSED	MANUAL_REVIEW	OWNER_APPROVED_CONCEPT_MEMBERSHIP	PRESERVE_SOURCE_MEMBERSHIP	RISK-04-APPROVE-001	62c2c50e3c0becbe23a686735d1a7e50ed8bce2f3fa23c539d2250b68227c2d7	c8c4232bf924b52636c9dc33fb1891473d548e09ed15de35f33764fe18603f3c	9493ff9f5515eec26daf0204589d1fa3dbb8128f2b58f3590f49244ebb4ecef4
2cb3d6b5900339542feeafb78a603fee712b605fbfa52613482866b8f85f426e	CIC_W	8332	구내동력설비공사	4187315acccc49bae2cb4f58816c58adeed189853b1a963e41cc99582cf21b0c	ee92943b-96f1-48ee-9fa4-55b09fa87a67	구내동력설비공사	PROCESS	PROMOTED_FROM_SOURCE	EXACT_EQUIVALENT	PROPOSED	MANUAL_REVIEW	OWNER_APPROVED_CONCEPT_MEMBERSHIP	PRESERVE_SOURCE_MEMBERSHIP	RISK-04-APPROVE-001	62c2c50e3c0becbe23a686735d1a7e50ed8bce2f3fa23c539d2250b68227c2d7	c8c4232bf924b52636c9dc33fb1891473d548e09ed15de35f33764fe18603f3c	9493ff9f5515eec26daf0204589d1fa3dbb8128f2b58f3590f49244ebb4ecef4
634d89a39eaaa531f8c7fb24830f08d2f1121cd8624d9a460a5a123fc4c01264	CIC_W	834	예비전원설비공사	7dd1d5417300cf8a30f396885c09c9bdbc9355450ce458fbbd02f4de3cd7c641	a3c8740c-371a-4488-a067-df38ce0442e0	예비전원설비공사	PROCESS	MERGED_FROM_REVIEWED_SOURCES	EXACT_EQUIVALENT	PROPOSED	MANUAL_REVIEW	OWNER_APPROVED_CONCEPT_MEMBERSHIP	PRESERVE_SOURCE_MEMBERSHIP	RISK-04-APPROVE-001	62c2c50e3c0becbe23a686735d1a7e50ed8bce2f3fa23c539d2250b68227c2d7	c8c4232bf924b52636c9dc33fb1891473d548e09ed15de35f33764fe18603f3c	9493ff9f5515eec26daf0204589d1fa3dbb8128f2b58f3590f49244ebb4ecef4
2248b24db34fbc29d62e43a8342304a8872a3e880211a103fa3a422add080143	CIC_W	8341	예비전원설비공사	7dd1d5417300cf8a30f396885c09c9bdbc9355450ce458fbbd02f4de3cd7c641	a3c8740c-371a-4488-a067-df38ce0442e0	예비전원설비공사	PROCESS	MERGED_FROM_REVIEWED_SOURCES	EXACT_EQUIVALENT	PROPOSED	MANUAL_REVIEW	OWNER_APPROVED_CONCEPT_MEMBERSHIP	PRESERVE_SOURCE_MEMBERSHIP	RISK-04-APPROVE-001	62c2c50e3c0becbe23a686735d1a7e50ed8bce2f3fa23c539d2250b68227c2d7	c8c4232bf924b52636c9dc33fb1891473d548e09ed15de35f33764fe18603f3c	9493ff9f5515eec26daf0204589d1fa3dbb8128f2b58f3590f49244ebb4ecef4
2525a15153306db91ee8ebe822ce29f6349743b102d90bd2ee8dbd6aed577430	CIC_W	84	정보 통신설비공사	db6bafcb5396a619ac639b6b4871b38bfd9450a31c31a9a46bbc731f09998c99	df727d07-1df7-4d0b-9607-451c8ce4ba7b	정보 통신설비공사	PROCESS	PROMOTED_FROM_SOURCE	EXACT_EQUIVALENT	PROPOSED	MANUAL_REVIEW	OWNER_APPROVED_CONCEPT_MEMBERSHIP	PRESERVE_SOURCE_MEMBERSHIP	RISK-04-APPROVE-001	62c2c50e3c0becbe23a686735d1a7e50ed8bce2f3fa23c539d2250b68227c2d7	c8c4232bf924b52636c9dc33fb1891473d548e09ed15de35f33764fe18603f3c	9493ff9f5515eec26daf0204589d1fa3dbb8128f2b58f3590f49244ebb4ecef4
d2ba29e06f1a94d1d50d4775feacb588144d58c7d62a3a9b772beab8aba6724c	CIC_W	841	통신관련설비공사	c2114d3b4146e11a00f569e871b06ceb8dc9419fc3f9909eb3fee63241c61aa7	457ec8aa-6fc5-4110-b319-449bf3be191e	통신관련설비공사	PROCESS	PROMOTED_FROM_SOURCE	EXACT_EQUIVALENT	PROPOSED	MANUAL_REVIEW	OWNER_APPROVED_CONCEPT_MEMBERSHIP	PRESERVE_SOURCE_MEMBERSHIP	RISK-04-APPROVE-001	62c2c50e3c0becbe23a686735d1a7e50ed8bce2f3fa23c539d2250b68227c2d7	c8c4232bf924b52636c9dc33fb1891473d548e09ed15de35f33764fe18603f3c	9493ff9f5515eec26daf0204589d1fa3dbb8128f2b58f3590f49244ebb4ecef4
5de23f09bed27da338cd2a5ca9dac5063b24317187dcbbacbb3da27a84998d76	CIC_W	8411	통신구조물및기타보조기기류설치공사	00b255c9bdbf635478d8a44a6e2afaeb6020be10a9b73976fb3c459b903795d9	3f4c15c4-18d0-4e25-9832-83182e6802c7	통신구조물및기타보조기기류설치공사	PROCESS	PROMOTED_FROM_SOURCE	EXACT_EQUIVALENT	PROPOSED	MANUAL_REVIEW	OWNER_APPROVED_CONCEPT_MEMBERSHIP	PRESERVE_SOURCE_MEMBERSHIP	RISK-04-APPROVE-001	62c2c50e3c0becbe23a686735d1a7e50ed8bce2f3fa23c539d2250b68227c2d7	c8c4232bf924b52636c9dc33fb1891473d548e09ed15de35f33764fe18603f3c	9493ff9f5515eec26daf0204589d1fa3dbb8128f2b58f3590f49244ebb4ecef4
0e9d1b4d6d51b439177dfb1b636a696e337c9e6a8f57f6fb72685f27849089a1	CIC_W	842	각종표시및정보전달설비공사	8da91d7b42ed495727ee36b4fb2f04b0716b798136eebc272c12941d475071bc	492e4ba6-4b48-4745-8cd8-10546d3ceb57	각종표시및정보전달설비공사	PROCESS	PROMOTED_FROM_SOURCE	EXACT_EQUIVALENT	PROPOSED	MANUAL_REVIEW	OWNER_APPROVED_CONCEPT_MEMBERSHIP	PRESERVE_SOURCE_MEMBERSHIP	RISK-04-APPROVE-001	62c2c50e3c0becbe23a686735d1a7e50ed8bce2f3fa23c539d2250b68227c2d7	c8c4232bf924b52636c9dc33fb1891473d548e09ed15de35f33764fe18603f3c	9493ff9f5515eec26daf0204589d1fa3dbb8128f2b58f3590f49244ebb4ecef4
73372463a846e2c2f7c15212b5aed6f4fdcab1f5ec6230185f9cf1274e6b967a	CIC_W	8421	표시설비공사	3e7c67efdbb7152cd11ec523a6bc363de9eceef4946d5664e23c530dd4222e9e	48336231-12e6-4ec4-99c1-5a890a73180e	표시설비공사	PROCESS	PROMOTED_FROM_SOURCE	EXACT_EQUIVALENT	PROPOSED	MANUAL_REVIEW	OWNER_APPROVED_CONCEPT_MEMBERSHIP	PRESERVE_SOURCE_MEMBERSHIP	RISK-04-APPROVE-001	62c2c50e3c0becbe23a686735d1a7e50ed8bce2f3fa23c539d2250b68227c2d7	c8c4232bf924b52636c9dc33fb1891473d548e09ed15de35f33764fe18603f3c	9493ff9f5515eec26daf0204589d1fa3dbb8128f2b58f3590f49244ebb4ecef4
c8947c0c91a83fbec4421c41bbf22687e4c3c1d84ab95c60fe921640e355e871	CIC_W	8422	시계설비공사	aabd22132b845daa0eb0b2e58111475d04d53f6ba847cb3b267950eac5686a71	a650fad2-76b9-4f17-b8f9-da3cd1b5ce99	시계설비공사	PROCESS	PROMOTED_FROM_SOURCE	EXACT_EQUIVALENT	PROPOSED	MANUAL_REVIEW	OWNER_APPROVED_CONCEPT_MEMBERSHIP	PRESERVE_SOURCE_MEMBERSHIP	RISK-04-APPROVE-001	62c2c50e3c0becbe23a686735d1a7e50ed8bce2f3fa23c539d2250b68227c2d7	c8c4232bf924b52636c9dc33fb1891473d548e09ed15de35f33764fe18603f3c	9493ff9f5515eec26daf0204589d1fa3dbb8128f2b58f3590f49244ebb4ecef4
9ca2a666108f5fe725cf1b8ee6673b6299a69f0fba4ae983275fedbdd8e9f5c3	CIC_W	8423	시보설비공사	dff26e746a25e20aef246119a77c0b0bc445a522b50883ab1fadec33d82fe86d	47ca40aa-1e25-4008-abce-060a4c91fe68	시보설비공사	PROCESS	PROMOTED_FROM_SOURCE	EXACT_EQUIVALENT	PROPOSED	MANUAL_REVIEW	OWNER_APPROVED_CONCEPT_MEMBERSHIP	PRESERVE_SOURCE_MEMBERSHIP	RISK-04-APPROVE-001	62c2c50e3c0becbe23a686735d1a7e50ed8bce2f3fa23c539d2250b68227c2d7	c8c4232bf924b52636c9dc33fb1891473d548e09ed15de35f33764fe18603f3c	9493ff9f5515eec26daf0204589d1fa3dbb8128f2b58f3590f49244ebb4ecef4
6d6486c63039ca2f5ab89bfafa41e3c917861c1bd4dceabb8b76f1b8c83db552	CIC_W	8424	확성설비공사	cf6602706da46ce6239cc2d28d0257bf2ea62aa092f0326b2e1409ff8b23e502	c890a1d8-4ae0-449f-869d-61638141e869	확성설비공사	PROCESS	PROMOTED_FROM_SOURCE	EXACT_EQUIVALENT	PROPOSED	MANUAL_REVIEW	OWNER_APPROVED_CONCEPT_MEMBERSHIP	PRESERVE_SOURCE_MEMBERSHIP	RISK-04-APPROVE-001	62c2c50e3c0becbe23a686735d1a7e50ed8bce2f3fa23c539d2250b68227c2d7	c8c4232bf924b52636c9dc33fb1891473d548e09ed15de35f33764fe18603f3c	9493ff9f5515eec26daf0204589d1fa3dbb8128f2b58f3590f49244ebb4ecef4
b972f7128ca6c71cf051da5daad48b7582beea08f80a44c86a91e2a8c220e420	CIC_W	8425	동시통역설비공사	16f5e42849b77306ed2922adf4c9bae35b6849bdb7b497098cc7ee5532e585cd	8b6b4368-a413-495f-b257-723574c93639	동시통역설비공사	PROCESS	PROMOTED_FROM_SOURCE	EXACT_EQUIVALENT	PROPOSED	MANUAL_REVIEW	OWNER_APPROVED_CONCEPT_MEMBERSHIP	PRESERVE_SOURCE_MEMBERSHIP	RISK-04-APPROVE-001	62c2c50e3c0becbe23a686735d1a7e50ed8bce2f3fa23c539d2250b68227c2d7	c8c4232bf924b52636c9dc33fb1891473d548e09ed15de35f33764fe18603f3c	9493ff9f5515eec26daf0204589d1fa3dbb8128f2b58f3590f49244ebb4ecef4
a61219f54943c9c6dae4e3c30aa073c8c879d6a680265e9bae50a12439fc877a	CIC_W	843	방송수신설비공사	fd90a2258372539070e5c4d06e5daffb0d65f1d72c4db6f0b2a9cc04d473c76c	0abadfe5-fb32-4079-855b-e59d4de25376	방송수신설비공사	PROCESS	PROMOTED_FROM_SOURCE	EXACT_EQUIVALENT	PROPOSED	MANUAL_REVIEW	OWNER_APPROVED_CONCEPT_MEMBERSHIP	PRESERVE_SOURCE_MEMBERSHIP	RISK-04-APPROVE-001	62c2c50e3c0becbe23a686735d1a7e50ed8bce2f3fa23c539d2250b68227c2d7	c8c4232bf924b52636c9dc33fb1891473d548e09ed15de35f33764fe18603f3c	9493ff9f5515eec26daf0204589d1fa3dbb8128f2b58f3590f49244ebb4ecef4
06f1664b8b007b7d9a8b56e3487087dda4fa34f8d8a8dab603a2dc5e7aba2075	CIC_W	8431	라디오공청설비공사	cf2c9a0f9b8acc3da94b43d1099f39b7cee4fcf8d0bfbe648a377d0caf244a5b	91c5e9af-7673-4572-84b4-2078f821d4e7	라디오공청설비공사	PROCESS	PROMOTED_FROM_SOURCE	EXACT_EQUIVALENT	PROPOSED	MANUAL_REVIEW	OWNER_APPROVED_CONCEPT_MEMBERSHIP	PRESERVE_SOURCE_MEMBERSHIP	RISK-04-APPROVE-001	62c2c50e3c0becbe23a686735d1a7e50ed8bce2f3fa23c539d2250b68227c2d7	c8c4232bf924b52636c9dc33fb1891473d548e09ed15de35f33764fe18603f3c	9493ff9f5515eec26daf0204589d1fa3dbb8128f2b58f3590f49244ebb4ecef4
42d7ff3798e2ceadb768edbd5533783b8de6934c96eac62a2f96f97461426895	CIC_W	8432	TV공청설비공사	c42e0dfcad1a0d9cb026e4ab029682c0eda733663d350eab261cf16b366a0b15	68b95b21-4946-4e1e-b05c-73ab5b69cb67	TV공청설비공사	PROCESS	PROMOTED_FROM_SOURCE	EXACT_EQUIVALENT	PROPOSED	MANUAL_REVIEW	OWNER_APPROVED_CONCEPT_MEMBERSHIP	PRESERVE_SOURCE_MEMBERSHIP	RISK-04-APPROVE-001	62c2c50e3c0becbe23a686735d1a7e50ed8bce2f3fa23c539d2250b68227c2d7	c8c4232bf924b52636c9dc33fb1891473d548e09ed15de35f33764fe18603f3c	9493ff9f5515eec26daf0204589d1fa3dbb8128f2b58f3590f49244ebb4ecef4
3de1440abc030c41cf9e96b78dc99c432d78bc97e49d9f3d660fdc91c8efb63f	CIC_W	8433	유선방송설비공사	16c1ccdac27ec92c8c4395825a0e62d82d789259e804956f0eefa238d7aad8e3	a86b32b0-7af1-4efc-b626-4fb87cc1c927	유선방송설비공사	PROCESS	PROMOTED_FROM_SOURCE	EXACT_EQUIVALENT	PROPOSED	MANUAL_REVIEW	OWNER_APPROVED_CONCEPT_MEMBERSHIP	PRESERVE_SOURCE_MEMBERSHIP	RISK-04-APPROVE-001	62c2c50e3c0becbe23a686735d1a7e50ed8bce2f3fa23c539d2250b68227c2d7	c8c4232bf924b52636c9dc33fb1891473d548e09ed15de35f33764fe18603f3c	9493ff9f5515eec26daf0204589d1fa3dbb8128f2b58f3590f49244ebb4ecef4
eef17d40b60a3340d1b18ecb2b63525fb8e83b6db10277729b41f380bae7d50e	CIC_W	8434	위성방송설비공사	6475b171fcff512335d59146d1d2e8acfaa9bc40e6118db0b303c5bd2e17002d	053ec79c-91e1-40a5-9b22-127052e6bf3d	위성방송설비공사	PROCESS	PROMOTED_FROM_SOURCE	EXACT_EQUIVALENT	PROPOSED	MANUAL_REVIEW	OWNER_APPROVED_CONCEPT_MEMBERSHIP	PRESERVE_SOURCE_MEMBERSHIP	RISK-04-APPROVE-001	62c2c50e3c0becbe23a686735d1a7e50ed8bce2f3fa23c539d2250b68227c2d7	c8c4232bf924b52636c9dc33fb1891473d548e09ed15de35f33764fe18603f3c	9493ff9f5515eec26daf0204589d1fa3dbb8128f2b58f3590f49244ebb4ecef4
82beaf77f1fe35c91a29b90f35b07eb46637f4402dd85d38a342c5c45593c02a	CIC_W	844	방송관련설비공사	f2996f6bafd81f257eb5bb413e1d97fc2d7ef6be46a6c1255c1d8d956c03d4cb	cb9947ef-ba2f-4bb6-a06c-da056563addb	방송관련설비공사	PROCESS	PROMOTED_FROM_SOURCE	EXACT_EQUIVALENT	PROPOSED	MANUAL_REVIEW	OWNER_APPROVED_CONCEPT_MEMBERSHIP	PRESERVE_SOURCE_MEMBERSHIP	RISK-04-APPROVE-001	62c2c50e3c0becbe23a686735d1a7e50ed8bce2f3fa23c539d2250b68227c2d7	c8c4232bf924b52636c9dc33fb1891473d548e09ed15de35f33764fe18603f3c	9493ff9f5515eec26daf0204589d1fa3dbb8128f2b58f3590f49244ebb4ecef4
2e31a6d120cfe2ffbcae19e2a0934450488eef62f05706fe42b78514f6ce6c5f	CIC_W	8441	방송설비공사	9047a22f35be556fd0fb2e10ae4b19358c2f2cdbafad6fd5bf69b0325b78f376	d6426b12-f51d-4ae6-85fe-4839a620657c	방송설비공사	PROCESS	PROMOTED_FROM_SOURCE	EXACT_EQUIVALENT	PROPOSED	MANUAL_REVIEW	OWNER_APPROVED_CONCEPT_MEMBERSHIP	PRESERVE_SOURCE_MEMBERSHIP	RISK-04-APPROVE-001	62c2c50e3c0becbe23a686735d1a7e50ed8bce2f3fa23c539d2250b68227c2d7	c8c4232bf924b52636c9dc33fb1891473d548e09ed15de35f33764fe18603f3c	9493ff9f5515eec26daf0204589d1fa3dbb8128f2b58f3590f49244ebb4ecef4
bd0c1f1f76679204de1ba81c6aa0b907ff747deafb83ed031db5946dfb66245c	CIC_W	845	각종통신설비공사	04231490c811112bfa29c7d4e4cbf080a670678d9274cc503da398283540555e	faf1109e-6943-41b2-a893-d43ff98b9372	각종통신설비공사	PROCESS	PROMOTED_FROM_SOURCE	EXACT_EQUIVALENT	PROPOSED	MANUAL_REVIEW	OWNER_APPROVED_CONCEPT_MEMBERSHIP	PRESERVE_SOURCE_MEMBERSHIP	RISK-04-APPROVE-001	62c2c50e3c0becbe23a686735d1a7e50ed8bce2f3fa23c539d2250b68227c2d7	c8c4232bf924b52636c9dc33fb1891473d548e09ed15de35f33764fe18603f3c	9493ff9f5515eec26daf0204589d1fa3dbb8128f2b58f3590f49244ebb4ecef4
c6bd7ec15a402e515a6c8981f29a5b91495898dccc83ebf9cd041fd7aa7fb053	CIC_W	8451	유선통신망설비공사	87c3b7ef08274dbdfc8665bd10be51ead22a447654795546d7c4c54d0a0f128d	66bb95cf-e9fd-4954-8e92-6e8e13095f67	유선통신망설비공사	PROCESS	PROMOTED_FROM_SOURCE	EXACT_EQUIVALENT	PROPOSED	MANUAL_REVIEW	OWNER_APPROVED_CONCEPT_MEMBERSHIP	PRESERVE_SOURCE_MEMBERSHIP	RISK-04-APPROVE-001	62c2c50e3c0becbe23a686735d1a7e50ed8bce2f3fa23c539d2250b68227c2d7	c8c4232bf924b52636c9dc33fb1891473d548e09ed15de35f33764fe18603f3c	9493ff9f5515eec26daf0204589d1fa3dbb8128f2b58f3590f49244ebb4ecef4
0a4bd90ae64a2c2717e09b418726b4e7ba07e4362ac5f1cb4f902674a943e05e	CIC_W	8452	무선통신설비공사	a34c5c2ea5ca05f69d23329fb0286a70e9477e90844001d868313a3c6e7bcbc0	f681442d-ee61-44e1-9ae0-c31e9d205b26	무선통신설비공사	PROCESS	PROMOTED_FROM_SOURCE	EXACT_EQUIVALENT	PROPOSED	MANUAL_REVIEW	OWNER_APPROVED_CONCEPT_MEMBERSHIP	PRESERVE_SOURCE_MEMBERSHIP	RISK-04-APPROVE-001	62c2c50e3c0becbe23a686735d1a7e50ed8bce2f3fa23c539d2250b68227c2d7	c8c4232bf924b52636c9dc33fb1891473d548e09ed15de35f33764fe18603f3c	9493ff9f5515eec26daf0204589d1fa3dbb8128f2b58f3590f49244ebb4ecef4
2cb48396950b27966b30815c294df20fafe414cbf9e088c7d00152ebe6843ade	CIC_W	846	기타정보설비공사	94a9dd9c23196c6b60f5e22b9d7abec4c68f8c467149fa9c91b138ce683130e2	66c7eab8-d6f8-4bc3-9ba7-dab1f7292db5	기타정보설비공사	PROCESS	PROMOTED_FROM_SOURCE	EXACT_EQUIVALENT	PROPOSED	MANUAL_REVIEW	OWNER_APPROVED_CONCEPT_MEMBERSHIP	PRESERVE_SOURCE_MEMBERSHIP	RISK-04-APPROVE-001	62c2c50e3c0becbe23a686735d1a7e50ed8bce2f3fa23c539d2250b68227c2d7	c8c4232bf924b52636c9dc33fb1891473d548e09ed15de35f33764fe18603f3c	9493ff9f5515eec26daf0204589d1fa3dbb8128f2b58f3590f49244ebb4ecef4
637bb73eeabe149e1b2238dda8211d63d30881d30afc1e2f01faf6c322d45e1b	CIC_W	8461	도시철도자동요금수납설비공사	643565f1fa4e5de498564b5eb8beacd847bb612f47d8698e235398e02e657ee5	57e8ea48-db66-403c-be3e-9de20b32ab3f	도시철도자동요금수납설비공사	PROCESS	PROMOTED_FROM_SOURCE	EXACT_EQUIVALENT	PROPOSED	MANUAL_REVIEW	OWNER_APPROVED_CONCEPT_MEMBERSHIP	PRESERVE_SOURCE_MEMBERSHIP	RISK-04-APPROVE-001	62c2c50e3c0becbe23a686735d1a7e50ed8bce2f3fa23c539d2250b68227c2d7	c8c4232bf924b52636c9dc33fb1891473d548e09ed15de35f33764fe18603f3c	9493ff9f5515eec26daf0204589d1fa3dbb8128f2b58f3590f49244ebb4ecef4
581d087022b7a800d7e3a332e395caf223812e45802952812fd9ce28d34b81a3	CIC_W	8462	건물자동화통신설비공사	82fed8bc2b4eacf8efe1551ff78dade04d8895e4c480c8e60ded2642421090eb	2f0ad7f3-dba2-4497-acb7-abd43f0caece	건물자동화통신설비공사	PROCESS	PROMOTED_FROM_SOURCE	EXACT_EQUIVALENT	PROPOSED	MANUAL_REVIEW	OWNER_APPROVED_CONCEPT_MEMBERSHIP	PRESERVE_SOURCE_MEMBERSHIP	RISK-04-APPROVE-001	62c2c50e3c0becbe23a686735d1a7e50ed8bce2f3fa23c539d2250b68227c2d7	c8c4232bf924b52636c9dc33fb1891473d548e09ed15de35f33764fe18603f3c	9493ff9f5515eec26daf0204589d1fa3dbb8128f2b58f3590f49244ebb4ecef4
993973049050fa0673f6be55f20556e422008cb3003b14d844ab4c1bdb6cd493	CIC_W	8463	원격검침설비공사	b59966443fb70448f3661026bd31185fd70c3474ea022bbae3de0f15d2cf1603	1e3c1329-a915-4f04-8c3a-5da46c11f301	원격검침설비공사	PROCESS	PROMOTED_FROM_SOURCE	EXACT_EQUIVALENT	PROPOSED	MANUAL_REVIEW	OWNER_APPROVED_CONCEPT_MEMBERSHIP	PRESERVE_SOURCE_MEMBERSHIP	RISK-04-APPROVE-001	62c2c50e3c0becbe23a686735d1a7e50ed8bce2f3fa23c539d2250b68227c2d7	c8c4232bf924b52636c9dc33fb1891473d548e09ed15de35f33764fe18603f3c	9493ff9f5515eec26daf0204589d1fa3dbb8128f2b58f3590f49244ebb4ecef4
e476b6683ceefc4eacffab57290f44383e458633f94dc94e55b2edb20188c561	CIC_W	85	방재전기설비공사	07d7c21945459092bbedab343d46779dae0e304fd054608896eace638286e5fd	38cf8fe5-03e8-4909-bc6b-f1b6e1c21b4a	방재전기설비공사	PROCESS	PROMOTED_FROM_SOURCE	EXACT_EQUIVALENT	PROPOSED	MANUAL_REVIEW	OWNER_APPROVED_CONCEPT_MEMBERSHIP	PRESERVE_SOURCE_MEMBERSHIP	RISK-04-APPROVE-001	62c2c50e3c0becbe23a686735d1a7e50ed8bce2f3fa23c539d2250b68227c2d7	c8c4232bf924b52636c9dc33fb1891473d548e09ed15de35f33764fe18603f3c	9493ff9f5515eec26daf0204589d1fa3dbb8128f2b58f3590f49244ebb4ecef4
31afc7e092d2d27b58fcdc143ae2b78959d07adca785962bd138a7c0884dbd9d	CIC_W	851	소방전기설비공사	f9ca32ca030b7a7fdf1e1d0d815a9a452344402b5b9c2c6900d619510def900a	0ff5876a-fb3f-4283-949b-cad5d0278b91	소방전기설비공사	PROCESS	PROMOTED_FROM_SOURCE	EXACT_EQUIVALENT	PROPOSED	MANUAL_REVIEW	OWNER_APPROVED_CONCEPT_MEMBERSHIP	PRESERVE_SOURCE_MEMBERSHIP	RISK-04-APPROVE-001	62c2c50e3c0becbe23a686735d1a7e50ed8bce2f3fa23c539d2250b68227c2d7	c8c4232bf924b52636c9dc33fb1891473d548e09ed15de35f33764fe18603f3c	9493ff9f5515eec26daf0204589d1fa3dbb8128f2b58f3590f49244ebb4ecef4
34556185cf5e5d94240c3659496d9a7ab3c73097c85a9236ce486f02034e3210	CIC_W	8511	자동화재탐지설비공사	0987fc089c9d75012c90c96e2a69726bffb05c3751587576154026973f879f0d	4de61a1b-43f8-4b8e-a920-97bbdc467fe6	자동화재탐지설비공사	PROCESS	PROMOTED_FROM_SOURCE	EXACT_EQUIVALENT	PROPOSED	MANUAL_REVIEW	OWNER_APPROVED_CONCEPT_MEMBERSHIP	PRESERVE_SOURCE_MEMBERSHIP	RISK-04-APPROVE-001	62c2c50e3c0becbe23a686735d1a7e50ed8bce2f3fa23c539d2250b68227c2d7	c8c4232bf924b52636c9dc33fb1891473d548e09ed15de35f33764fe18603f3c	9493ff9f5515eec26daf0204589d1fa3dbb8128f2b58f3590f49244ebb4ecef4
b42e7bba65e302ec9baf919382375ea60703001ed5410d4b9fc0a4f77bde51a1	CIC_W	8512	자동화재속보설비공사	4e9f51f3fd7b769c2791495d1f1b9c265aae50ebfd9b385d4532d125836c849a	f88cc1a8-e0d1-45ae-bc3f-aaffe484b99e	자동화재속보설비공사	PROCESS	PROMOTED_FROM_SOURCE	EXACT_EQUIVALENT	PROPOSED	MANUAL_REVIEW	OWNER_APPROVED_CONCEPT_MEMBERSHIP	PRESERVE_SOURCE_MEMBERSHIP	RISK-04-APPROVE-001	62c2c50e3c0becbe23a686735d1a7e50ed8bce2f3fa23c539d2250b68227c2d7	c8c4232bf924b52636c9dc33fb1891473d548e09ed15de35f33764fe18603f3c	9493ff9f5515eec26daf0204589d1fa3dbb8128f2b58f3590f49244ebb4ecef4
cbc9abdba3050c1b1ffb18723464f72374a57ae604a0e9d68759dc43229ed078	CIC_W	8513	자동화재경보기설비공사	53dd3cd0b4663f1e0bf4e6a333f44c21d7502d90b94cce5a2df8b855be49295e	c1bdd0f1-324a-4c6e-bcca-a5b7f4e5b62c	자동화재경보기설비공사	PROCESS	PROMOTED_FROM_SOURCE	EXACT_EQUIVALENT	PROPOSED	MANUAL_REVIEW	OWNER_APPROVED_CONCEPT_MEMBERSHIP	PRESERVE_SOURCE_MEMBERSHIP	RISK-04-APPROVE-001	62c2c50e3c0becbe23a686735d1a7e50ed8bce2f3fa23c539d2250b68227c2d7	c8c4232bf924b52636c9dc33fb1891473d548e09ed15de35f33764fe18603f3c	9493ff9f5515eec26daf0204589d1fa3dbb8128f2b58f3590f49244ebb4ecef4
5c198cc94898aa542dc08e48a8a0277f8d008624e73f5f1fe51ce44645e8ed22	CIC_W	8514	누전경보기설비공사	242c829e4ef589a7c4b3f2485ed9749b06b4406f5e244dbb81f3556139e5c57a	a14d47f0-3176-4996-a047-c60ee9372510	누전경보기설비공사	PROCESS	PROMOTED_FROM_SOURCE	EXACT_EQUIVALENT	PROPOSED	MANUAL_REVIEW	OWNER_APPROVED_CONCEPT_MEMBERSHIP	PRESERVE_SOURCE_MEMBERSHIP	RISK-04-APPROVE-001	62c2c50e3c0becbe23a686735d1a7e50ed8bce2f3fa23c539d2250b68227c2d7	c8c4232bf924b52636c9dc33fb1891473d548e09ed15de35f33764fe18603f3c	9493ff9f5515eec26daf0204589d1fa3dbb8128f2b58f3590f49244ebb4ecef4
1a0feb6ae07bfceef86eefa6b4b90a7b879059343d497e532d0a98177bbb32fe	CIC_W	8515	비상경보설비및비상방송설비공사	b049b96acab99c4df484fca742929b86b432532fef97d66025f4dd949260a5c2	afabbce0-81ef-425f-9458-2a677ae4c89d	비상경보설비및비상방송설비공사	PROCESS	PROMOTED_FROM_SOURCE	EXACT_EQUIVALENT	PROPOSED	MANUAL_REVIEW	OWNER_APPROVED_CONCEPT_MEMBERSHIP	PRESERVE_SOURCE_MEMBERSHIP	RISK-04-APPROVE-001	62c2c50e3c0becbe23a686735d1a7e50ed8bce2f3fa23c539d2250b68227c2d7	c8c4232bf924b52636c9dc33fb1891473d548e09ed15de35f33764fe18603f3c	9493ff9f5515eec26daf0204589d1fa3dbb8128f2b58f3590f49244ebb4ecef4
faca25e3f36783618f10b9eef68964a2bd219cc69c4044f74dd1fa2e8c5a2011	CIC_W	8516	유도등및유도표지설비공사	25b9b9849245abb1c0934b542f6d0540e91c9802cfa4097e903c64119c86bf17	c94b5056-20e1-479e-8d2b-5f294d0b1bd7	유도등및유도표지설비공사	PROCESS	PROMOTED_FROM_SOURCE	EXACT_EQUIVALENT	PROPOSED	MANUAL_REVIEW	OWNER_APPROVED_CONCEPT_MEMBERSHIP	PRESERVE_SOURCE_MEMBERSHIP	RISK-04-APPROVE-001	62c2c50e3c0becbe23a686735d1a7e50ed8bce2f3fa23c539d2250b68227c2d7	c8c4232bf924b52636c9dc33fb1891473d548e09ed15de35f33764fe18603f3c	9493ff9f5515eec26daf0204589d1fa3dbb8128f2b58f3590f49244ebb4ecef4
e3bd9312d418737f7aff270989227124b25ffc76fd7f6e62102dceac8ab1261f	CIC_W	8517	무선통신보조설비공사	e25c6f4fdba97917d1a8ae02f9298a4df162ffd96b343166dfa8376ea7e84151	4c43b267-7015-43d8-9ebf-673ef376b1c4	무선통신보조설비공사	PROCESS	PROMOTED_FROM_SOURCE	EXACT_EQUIVALENT	PROPOSED	MANUAL_REVIEW	OWNER_APPROVED_CONCEPT_MEMBERSHIP	PRESERVE_SOURCE_MEMBERSHIP	RISK-04-APPROVE-001	62c2c50e3c0becbe23a686735d1a7e50ed8bce2f3fa23c539d2250b68227c2d7	c8c4232bf924b52636c9dc33fb1891473d548e09ed15de35f33764fe18603f3c	9493ff9f5515eec26daf0204589d1fa3dbb8128f2b58f3590f49244ebb4ecef4
8eb917fa41805db0e8e85b762e9447a1f831c6adaae7d402dc9059fab68e7d36	CIC_W	8518	소방전기설비개별기기설치공사	251a7c36a4536629d6b74e12539bb04d2f44c4e1fd97b8ade5ddcf71c1d27eb7	f1e3dbfc-c439-4a46-a2ac-320a90ae031c	소방전기설비개별기기설치공사	TASK	PROMOTED_FROM_SOURCE	EXACT_EQUIVALENT	PROPOSED	MANUAL_REVIEW	OWNER_APPROVED_CONCEPT_MEMBERSHIP	PRESERVE_SOURCE_MEMBERSHIP	RISK-04-APPROVE-001	62c2c50e3c0becbe23a686735d1a7e50ed8bce2f3fa23c539d2250b68227c2d7	c8c4232bf924b52636c9dc33fb1891473d548e09ed15de35f33764fe18603f3c	9493ff9f5515eec26daf0204589d1fa3dbb8128f2b58f3590f49244ebb4ecef4
0764fc10c292aad5f672643201a1e92b4d392bc00f91887dd502b5eb633fce0e	CIC_W	852	보안전기설비공사	c9c24e10dd9da5cc97f2759cb026e93a4fcdf6d9824dc3d76e9769c3ecf10552	911b5ce9-e3ee-4d09-b661-dda9e08b1554	보안전기설비공사	PROCESS	PROMOTED_FROM_SOURCE	EXACT_EQUIVALENT	PROPOSED	MANUAL_REVIEW	OWNER_APPROVED_CONCEPT_MEMBERSHIP	PRESERVE_SOURCE_MEMBERSHIP	RISK-04-APPROVE-001	62c2c50e3c0becbe23a686735d1a7e50ed8bce2f3fa23c539d2250b68227c2d7	c8c4232bf924b52636c9dc33fb1891473d548e09ed15de35f33764fe18603f3c	9493ff9f5515eec26daf0204589d1fa3dbb8128f2b58f3590f49244ebb4ecef4
d31b29c52dfa213c531e2240572ac91a6951dd1d956c8b79b4ceb7657ba23b3f	CIC_W	8521	감시카메라설비공사	3ff2558c80cffa3a008da6353c2dd9b22c1d0135d687d77b1b3d7da44da2e210	89891be2-86d8-4a0f-a629-6afc50a404ba	감시카메라설비공사	PROCESS	PROMOTED_FROM_SOURCE	EXACT_EQUIVALENT	PROPOSED	MANUAL_REVIEW	OWNER_APPROVED_CONCEPT_MEMBERSHIP	PRESERVE_SOURCE_MEMBERSHIP	RISK-04-APPROVE-001	62c2c50e3c0becbe23a686735d1a7e50ed8bce2f3fa23c539d2250b68227c2d7	c8c4232bf924b52636c9dc33fb1891473d548e09ed15de35f33764fe18603f3c	9493ff9f5515eec26daf0204589d1fa3dbb8128f2b58f3590f49244ebb4ecef4
e3226aa4c7582b93a51c1e437bf14c5a7fc12ae4c689fff549fc909e272ba4fd	CIC_W	8522	방범설비공사	2a5b98b79e359150f55814424a3f0134818c793a353577f008dc17ad6ebfbb4e	43fbb298-9c1b-4e7d-8e81-133392437b78	방범설비공사	PROCESS	PROMOTED_FROM_SOURCE	EXACT_EQUIVALENT	PROPOSED	MANUAL_REVIEW	OWNER_APPROVED_CONCEPT_MEMBERSHIP	PRESERVE_SOURCE_MEMBERSHIP	RISK-04-APPROVE-001	62c2c50e3c0becbe23a686735d1a7e50ed8bce2f3fa23c539d2250b68227c2d7	c8c4232bf924b52636c9dc33fb1891473d548e09ed15de35f33764fe18603f3c	9493ff9f5515eec26daf0204589d1fa3dbb8128f2b58f3590f49244ebb4ecef4
2e3a7610702ce7c0e455be25b762c3e7e6fb2a202560cb64f05698ed9787544d	CIC_W	8523	입퇴실관리설비공사	78e7b7ef18b0b9c62ea2cd8a2004514774ae0432271adf024c5ab70f97370fd7	c1a8e0fb-ca00-42d4-84e9-1c4ad6457bba	입퇴실관리설비공사	PROCESS	PROMOTED_FROM_SOURCE	EXACT_EQUIVALENT	PROPOSED	MANUAL_REVIEW	OWNER_APPROVED_CONCEPT_MEMBERSHIP	PRESERVE_SOURCE_MEMBERSHIP	RISK-04-APPROVE-001	62c2c50e3c0becbe23a686735d1a7e50ed8bce2f3fa23c539d2250b68227c2d7	c8c4232bf924b52636c9dc33fb1891473d548e09ed15de35f33764fe18603f3c	9493ff9f5515eec26daf0204589d1fa3dbb8128f2b58f3590f49244ebb4ecef4
379c2a9c03fe53f9a7e35c01bce13c89fde86d2391d33268ba7d1d64f9022b87	CIC_W	853	피뢰및접지설비공사	97ae6dbb7b94a38810c359dc83a9e0600e88c972c2fb79369582072e6c0829ec	206135d7-4ac9-49e1-916b-0d3224e75a56	피뢰및접지설비공사	PROCESS	PROMOTED_FROM_SOURCE	EXACT_EQUIVALENT	PROPOSED	MANUAL_REVIEW	OWNER_APPROVED_CONCEPT_MEMBERSHIP	PRESERVE_SOURCE_MEMBERSHIP	RISK-04-APPROVE-001	62c2c50e3c0becbe23a686735d1a7e50ed8bce2f3fa23c539d2250b68227c2d7	c8c4232bf924b52636c9dc33fb1891473d548e09ed15de35f33764fe18603f3c	9493ff9f5515eec26daf0204589d1fa3dbb8128f2b58f3590f49244ebb4ecef4
569e9ac8f53cbb0fe1c00ca497ce0fd53bbe2e6f15848efce5b73e243a1c53ca	CIC_W	8531	피뢰설비공사	0295a021468c0e508ae9dc756be46b4ca710d24af753e3fe314873eed255570c	2e0c42ce-51c5-4cf0-8d20-f141d6422475	피뢰설비공사	PROCESS	PROMOTED_FROM_SOURCE	EXACT_EQUIVALENT	PROPOSED	MANUAL_REVIEW	OWNER_APPROVED_CONCEPT_MEMBERSHIP	PRESERVE_SOURCE_MEMBERSHIP	RISK-04-APPROVE-001	62c2c50e3c0becbe23a686735d1a7e50ed8bce2f3fa23c539d2250b68227c2d7	c8c4232bf924b52636c9dc33fb1891473d548e09ed15de35f33764fe18603f3c	9493ff9f5515eec26daf0204589d1fa3dbb8128f2b58f3590f49244ebb4ecef4
47b38555b3f18df01e31d511fab02b75fdf1ce905b690955cfa5800881d54dfc	CIC_W	8532	접지설비공사	47de21d638c3c0d55e1fa9ee70f4839ba86f53c8c933ba0588dfe7c7711cbbb0	7ddbc537-f1dc-4dc7-9dee-cd9034188ef3	접지설비공사	PROCESS	PROMOTED_FROM_SOURCE	EXACT_EQUIVALENT	PROPOSED	MANUAL_REVIEW	OWNER_APPROVED_CONCEPT_MEMBERSHIP	PRESERVE_SOURCE_MEMBERSHIP	RISK-04-APPROVE-001	62c2c50e3c0becbe23a686735d1a7e50ed8bce2f3fa23c539d2250b68227c2d7	c8c4232bf924b52636c9dc33fb1891473d548e09ed15de35f33764fe18603f3c	9493ff9f5515eec26daf0204589d1fa3dbb8128f2b58f3590f49244ebb4ecef4
d3339f415c8b888d8db712168eeebdc01bc6267f6db4cf41f289569d47258753	CIC_W	854	방범전기설비공사	d97ce3648147edb7473401bdc2a36fa8984edc839290ab03cf91ab78fad2d1bf	359ea9e5-c3fc-4e86-8bc5-ec7c302cd031	방범전기설비공사	PROCESS	MERGED_FROM_REVIEWED_SOURCES	EXACT_EQUIVALENT	PROPOSED	MANUAL_REVIEW	OWNER_APPROVED_CONCEPT_MEMBERSHIP	PRESERVE_SOURCE_MEMBERSHIP	RISK-04-APPROVE-001	62c2c50e3c0becbe23a686735d1a7e50ed8bce2f3fa23c539d2250b68227c2d7	c8c4232bf924b52636c9dc33fb1891473d548e09ed15de35f33764fe18603f3c	9493ff9f5515eec26daf0204589d1fa3dbb8128f2b58f3590f49244ebb4ecef4
1f94df5474b2ee4f35c70aa39c4fcfb0151825603bf53bd01a01a20a1b0e5583	CIC_W	8541	방범전기설비공사	d97ce3648147edb7473401bdc2a36fa8984edc839290ab03cf91ab78fad2d1bf	359ea9e5-c3fc-4e86-8bc5-ec7c302cd031	방범전기설비공사	PROCESS	MERGED_FROM_REVIEWED_SOURCES	EXACT_EQUIVALENT	PROPOSED	MANUAL_REVIEW	OWNER_APPROVED_CONCEPT_MEMBERSHIP	PRESERVE_SOURCE_MEMBERSHIP	RISK-04-APPROVE-001	62c2c50e3c0becbe23a686735d1a7e50ed8bce2f3fa23c539d2250b68227c2d7	c8c4232bf924b52636c9dc33fb1891473d548e09ed15de35f33764fe18603f3c	9493ff9f5515eec26daf0204589d1fa3dbb8128f2b58f3590f49244ebb4ecef4
b5946afc42508d5cd0ee09f7d5366622b7c801004c7a7aadcc3bdccb4f196328	CIC_W	855	항공장해등설비공사	e843d46a47bfb8c3bc0602eef10dc3c13e7e2660de0b7acba1d32ff7057f2ed0	16a54b9a-344c-473a-898b-aecd435bca70	항공장해등설비공사	PROCESS	PROMOTED_FROM_SOURCE	EXACT_EQUIVALENT	PROPOSED	MANUAL_REVIEW	OWNER_APPROVED_CONCEPT_MEMBERSHIP	PRESERVE_SOURCE_MEMBERSHIP	RISK-04-APPROVE-001	62c2c50e3c0becbe23a686735d1a7e50ed8bce2f3fa23c539d2250b68227c2d7	c8c4232bf924b52636c9dc33fb1891473d548e09ed15de35f33764fe18603f3c	9493ff9f5515eec26daf0204589d1fa3dbb8128f2b58f3590f49244ebb4ecef4
77872b9436122a08bd13c95f33d635660519f07d0bb28c295f45649532955309	CIC_W	8551	항공장해등전기설비공사	e89a865cc374cb3aa7ad53e2ff0adc8cb283e57fc38f800c9aab7e4ae9f64794	ebb1aa33-0483-47f3-922d-0c6cb61d0790	항공장해등전기설비공사	PROCESS	PROMOTED_FROM_SOURCE	EXACT_EQUIVALENT	PROPOSED	MANUAL_REVIEW	OWNER_APPROVED_CONCEPT_MEMBERSHIP	PRESERVE_SOURCE_MEMBERSHIP	RISK-04-APPROVE-001	62c2c50e3c0becbe23a686735d1a7e50ed8bce2f3fa23c539d2250b68227c2d7	c8c4232bf924b52636c9dc33fb1891473d548e09ed15de35f33764fe18603f3c	9493ff9f5515eec26daf0204589d1fa3dbb8128f2b58f3590f49244ebb4ecef4
9ed525a5ab6958fb4f402b0e0b239efad4885c3e6887cf5b4841081df03b7c88	CIC_W	86	기타전기설비공사	5bc3acd70ef94be1828618eb4eee664445fda4b87144a9b0b917ff2c6a19b740	c4f888a2-ea91-4ccf-a236-9e3bb687f0db	기타전기설비공사	PROCESS	MERGED_FROM_REVIEWED_SOURCES	EXACT_EQUIVALENT	PROPOSED	MANUAL_REVIEW	OWNER_APPROVED_CONCEPT_MEMBERSHIP	PRESERVE_IN_SOURCE_MAPPING_EVIDENCE	RISK-04-APPROVE-001	62c2c50e3c0becbe23a686735d1a7e50ed8bce2f3fa23c539d2250b68227c2d7	c8c4232bf924b52636c9dc33fb1891473d548e09ed15de35f33764fe18603f3c	9493ff9f5515eec26daf0204589d1fa3dbb8128f2b58f3590f49244ebb4ecef4
e40bac420a8b6bae4d132c54c180ebe8ba020be20fd75dad264d9cb339184ca7	CIC_W	861	감시제어및계장설비공사	dedf7ae4d0b0d778516158b7936e107774dc1d648fee00951a5b60552aa2d086	b59cb22e-8fa2-47ea-8abe-cb1a4165ffa2	감시제어및계장설비공사	PROCESS	PROMOTED_FROM_SOURCE	EXACT_EQUIVALENT	PROPOSED	MANUAL_REVIEW	OWNER_APPROVED_CONCEPT_MEMBERSHIP	PRESERVE_SOURCE_MEMBERSHIP	RISK-04-APPROVE-001	62c2c50e3c0becbe23a686735d1a7e50ed8bce2f3fa23c539d2250b68227c2d7	c8c4232bf924b52636c9dc33fb1891473d548e09ed15de35f33764fe18603f3c	9493ff9f5515eec26daf0204589d1fa3dbb8128f2b58f3590f49244ebb4ecef4
d316294554cb387c5b9a635d2c0ddccea8d8fd1038ed4634253b28c347d76200	CIC_W	8611	제어설비공사	7b950f5dd7994176609d921d7c09c2e641d70a4bec97420d934b50c7dcf03ab1	44773eaa-a564-48ef-8e0a-c4ce2aaa12ba	제어설비공사	PROCESS	PROMOTED_FROM_SOURCE	EXACT_EQUIVALENT	PROPOSED	MANUAL_REVIEW	OWNER_APPROVED_CONCEPT_MEMBERSHIP	PRESERVE_SOURCE_MEMBERSHIP	RISK-04-APPROVE-001	62c2c50e3c0becbe23a686735d1a7e50ed8bce2f3fa23c539d2250b68227c2d7	c8c4232bf924b52636c9dc33fb1891473d548e09ed15de35f33764fe18603f3c	9493ff9f5515eec26daf0204589d1fa3dbb8128f2b58f3590f49244ebb4ecef4
e1c2bd56668c20200a538c44479b35a6b4aaebdfa15cdfc735509c11c3cb77a2	CIC_W	8612	조명제어설비공사	922d975a07d0e6322373256c1a5785e2060fa9690d8c56a0241cf9d0027e82d8	25bf13bd-6842-4fa3-b663-d23fdabfb3c4	조명제어설비공사	PROCESS	PROMOTED_FROM_SOURCE	EXACT_EQUIVALENT	PROPOSED	MANUAL_REVIEW	OWNER_APPROVED_CONCEPT_MEMBERSHIP	PRESERVE_SOURCE_MEMBERSHIP	RISK-04-APPROVE-001	62c2c50e3c0becbe23a686735d1a7e50ed8bce2f3fa23c539d2250b68227c2d7	c8c4232bf924b52636c9dc33fb1891473d548e09ed15de35f33764fe18603f3c	9493ff9f5515eec26daf0204589d1fa3dbb8128f2b58f3590f49244ebb4ecef4
1d2b699935e8c0ed13357cb49be032f461c5bd677cccb55f628bb3fca59ab32b	CIC_W	8613	전력제어설비공사	a119b8b56a487799a4f3273a38a1fbe8ee917b24738efd230cb90d2a46f35cd9	89982fc4-e11d-48e3-8fc2-10f137014ab3	전력제어설비공사	PROCESS	PROMOTED_FROM_SOURCE	EXACT_EQUIVALENT	PROPOSED	MANUAL_REVIEW	OWNER_APPROVED_CONCEPT_MEMBERSHIP	PRESERVE_SOURCE_MEMBERSHIP	RISK-04-APPROVE-001	62c2c50e3c0becbe23a686735d1a7e50ed8bce2f3fa23c539d2250b68227c2d7	c8c4232bf924b52636c9dc33fb1891473d548e09ed15de35f33764fe18603f3c	9493ff9f5515eec26daf0204589d1fa3dbb8128f2b58f3590f49244ebb4ecef4
95cbeb4fadfbb7ed1aae85bbfa8d45be2014fb86b5ff291abc42dcef27dcc4fb	CIC_W	8614	승강기제어설비공사	83e31d1f5a4324c6a8f98528d8540554ebb5f8a1c0100a74bb2b66675669b90b	cf86d160-3ad2-474b-a94a-e51b2ff4b5bc	승강기제어설비공사	PROCESS	PROMOTED_FROM_SOURCE	EXACT_EQUIVALENT	PROPOSED	MANUAL_REVIEW	OWNER_APPROVED_CONCEPT_MEMBERSHIP	PRESERVE_SOURCE_MEMBERSHIP	RISK-04-APPROVE-001	62c2c50e3c0becbe23a686735d1a7e50ed8bce2f3fa23c539d2250b68227c2d7	c8c4232bf924b52636c9dc33fb1891473d548e09ed15de35f33764fe18603f3c	9493ff9f5515eec26daf0204589d1fa3dbb8128f2b58f3590f49244ebb4ecef4
2e5246fe8942cc283ce1227f59a2278a870274469743044d1c583d4f20fd2b05	CIC_W	8615	화재감시제어설비공사	a7d7618053394d8d656b22e6f89c231982986e4bbb5e32044d045b2ce0cb977c	5c299d5b-67df-4525-928b-88649796af73	화재감시제어설비공사	PROCESS	PROMOTED_FROM_SOURCE	EXACT_EQUIVALENT	PROPOSED	MANUAL_REVIEW	OWNER_APPROVED_CONCEPT_MEMBERSHIP	PRESERVE_SOURCE_MEMBERSHIP	RISK-04-APPROVE-001	62c2c50e3c0becbe23a686735d1a7e50ed8bce2f3fa23c539d2250b68227c2d7	c8c4232bf924b52636c9dc33fb1891473d548e09ed15de35f33764fe18603f3c	9493ff9f5515eec26daf0204589d1fa3dbb8128f2b58f3590f49244ebb4ecef4
691a53f459d8ee71415e5fdf392e609fb9c334753b41e3b2aed060c79ad1ea2b	CIC_W	8616	중앙감시제어설비공사	b5c33d34835ec0f27ca7b3ef633392a5ca93ab667283a11baa495d23055876f2	1cf68593-92c2-46b1-b462-aa0d2cfa1ae8	중앙감시제어설비공사	PROCESS	PROMOTED_FROM_SOURCE	EXACT_EQUIVALENT	PROPOSED	MANUAL_REVIEW	OWNER_APPROVED_CONCEPT_MEMBERSHIP	PRESERVE_SOURCE_MEMBERSHIP	RISK-04-APPROVE-001	62c2c50e3c0becbe23a686735d1a7e50ed8bce2f3fa23c539d2250b68227c2d7	c8c4232bf924b52636c9dc33fb1891473d548e09ed15de35f33764fe18603f3c	9493ff9f5515eec26daf0204589d1fa3dbb8128f2b58f3590f49244ebb4ecef4
05adb026e77b01a7c03eb34da141fc1ef272ba69d3dbc6e26559e34ac884a300	CIC_W	8617	건축물통합감시설비공사	72693c99195d4a480b6a89968dcec1c8956dd4259d95267be716b2346baeb6c3	3203495b-962f-4be6-a97c-40995580d327	건축물통합감시설비공사	PROCESS	PROMOTED_FROM_SOURCE	EXACT_EQUIVALENT	PROPOSED	MANUAL_REVIEW	OWNER_APPROVED_CONCEPT_MEMBERSHIP	PRESERVE_SOURCE_MEMBERSHIP	RISK-04-APPROVE-001	62c2c50e3c0becbe23a686735d1a7e50ed8bce2f3fa23c539d2250b68227c2d7	c8c4232bf924b52636c9dc33fb1891473d548e09ed15de35f33764fe18603f3c	9493ff9f5515eec26daf0204589d1fa3dbb8128f2b58f3590f49244ebb4ecef4
a499c7de380d77e88ca1be03351c3f53cc61976d330bd50d82d22031bbfe337e	CIC_W	862	건축물전기설비공사	f2845fdbbbc2e76f294d13974254c644ee77c981dbcbc46800ac4544c0b58d13	09923e6e-8fc7-4e1f-ae2c-14c970328a7b	건축물전기설비공사	PROCESS	MERGED_FROM_REVIEWED_SOURCES	EXACT_EQUIVALENT	PROPOSED	MANUAL_REVIEW	OWNER_APPROVED_CONCEPT_MEMBERSHIP	PRESERVE_SOURCE_MEMBERSHIP	RISK-04-APPROVE-001	62c2c50e3c0becbe23a686735d1a7e50ed8bce2f3fa23c539d2250b68227c2d7	c8c4232bf924b52636c9dc33fb1891473d548e09ed15de35f33764fe18603f3c	9493ff9f5515eec26daf0204589d1fa3dbb8128f2b58f3590f49244ebb4ecef4
20ec2380b6fc0622c0685f47354e457f841cdc90b6e1b053f0260898baaeac29	CIC_W	8621	건축물전기설비공사 - - 대․중․소 분류대․중․소 분류	f2845fdbbbc2e76f294d13974254c644ee77c981dbcbc46800ac4544c0b58d13	09923e6e-8fc7-4e1f-ae2c-14c970328a7b	건축물전기설비공사	PROCESS	MERGED_FROM_REVIEWED_SOURCES	EXACT_EQUIVALENT	PROPOSED	MANUAL_REVIEW	OWNER_APPROVED_CONCEPT_MEMBERSHIP	PRESERVE_SOURCE_MEMBERSHIP	RISK-04-APPROVE-001	62c2c50e3c0becbe23a686735d1a7e50ed8bce2f3fa23c539d2250b68227c2d7	c8c4232bf924b52636c9dc33fb1891473d548e09ed15de35f33764fe18603f3c	9493ff9f5515eec26daf0204589d1fa3dbb8128f2b58f3590f49244ebb4ecef4
b6b0d03b97c03da08d4f23850c7e600f26a1029b758abd016ca5bc89a828f66f	CIC_W	8622	고층빌딩전기설비공사	50a3e188e5d23e4a7a5e5e4549b086891eac713b43c952e8dadc6550d4babfac	655d9f19-f87e-4baf-9f6e-20946f7d0f10	고층빌딩전기설비공사	PROCESS	PROMOTED_FROM_SOURCE	EXACT_EQUIVALENT	PROPOSED	MANUAL_REVIEW	OWNER_APPROVED_CONCEPT_MEMBERSHIP	PRESERVE_SOURCE_MEMBERSHIP	RISK-04-APPROVE-001	62c2c50e3c0becbe23a686735d1a7e50ed8bce2f3fa23c539d2250b68227c2d7	c8c4232bf924b52636c9dc33fb1891473d548e09ed15de35f33764fe18603f3c	9493ff9f5515eec26daf0204589d1fa3dbb8128f2b58f3590f49244ebb4ecef4
eb940fc030593f15e1e26df6b924c21989c7be13781c4bbcb0ac659a4b50d550	CIC_W	863	기타전기설비공사	5bc3acd70ef94be1828618eb4eee664445fda4b87144a9b0b917ff2c6a19b740	c4f888a2-ea91-4ccf-a236-9e3bb687f0db	기타전기설비공사	PROCESS	MERGED_FROM_REVIEWED_SOURCES	EXACT_EQUIVALENT	PROPOSED	MANUAL_REVIEW	OWNER_APPROVED_CONCEPT_MEMBERSHIP	PRESERVE_IN_SOURCE_MAPPING_EVIDENCE	RISK-04-APPROVE-001	62c2c50e3c0becbe23a686735d1a7e50ed8bce2f3fa23c539d2250b68227c2d7	c8c4232bf924b52636c9dc33fb1891473d548e09ed15de35f33764fe18603f3c	9493ff9f5515eec26daf0204589d1fa3dbb8128f2b58f3590f49244ebb4ecef4
8178ae1df7bcc752bd987e384876f316f85e5bdf51187269fc8d73a32649a735	CIC_W	8631	기타전기설비공사	5bc3acd70ef94be1828618eb4eee664445fda4b87144a9b0b917ff2c6a19b740	c4f888a2-ea91-4ccf-a236-9e3bb687f0db	기타전기설비공사	PROCESS	MERGED_FROM_REVIEWED_SOURCES	EXACT_EQUIVALENT	PROPOSED	MANUAL_REVIEW	OWNER_APPROVED_CONCEPT_MEMBERSHIP	PRESERVE_IN_SOURCE_MAPPING_EVIDENCE	RISK-04-APPROVE-001	62c2c50e3c0becbe23a686735d1a7e50ed8bce2f3fa23c539d2250b68227c2d7	c8c4232bf924b52636c9dc33fb1891473d548e09ed15de35f33764fe18603f3c	9493ff9f5515eec26daf0204589d1fa3dbb8128f2b58f3590f49244ebb4ecef4
5dd781c0901d63246c0634e7f8d6350b98e6b05fbf32d22b7c28940be3386d07	CIC_W	8632	철도전기설비공사	c675c9bcdb560a9590c4ea86455344c7913801cdd442a444657c44b3c518e331	3fadfad9-ef31-4d5b-bfcc-f484557bda71	철도전기설비공사	PROCESS	PROMOTED_FROM_SOURCE	EXACT_EQUIVALENT	PROPOSED	MANUAL_REVIEW	OWNER_APPROVED_CONCEPT_MEMBERSHIP	PRESERVE_SOURCE_MEMBERSHIP	RISK-04-APPROVE-001	62c2c50e3c0becbe23a686735d1a7e50ed8bce2f3fa23c539d2250b68227c2d7	c8c4232bf924b52636c9dc33fb1891473d548e09ed15de35f33764fe18603f3c	9493ff9f5515eec26daf0204589d1fa3dbb8128f2b58f3590f49244ebb4ecef4
2b1ffd7cbf853547ee2f0ef41b180b791e2e8258d7cdbbb141ddec8963c18691	CIC_W	864	안전관련전기설비공사	2fd5262c121f4e76524938d0cc3b8833c72d6cf66a854a91972a11a18e82c6da	804e16b8-eb7e-45af-b6f9-2422643372a4	안전관련전기설비공사	PROCESS	MERGED_FROM_REVIEWED_SOURCES	EXACT_EQUIVALENT	PROPOSED	MANUAL_REVIEW	OWNER_APPROVED_CONCEPT_MEMBERSHIP	PRESERVE_SOURCE_MEMBERSHIP	RISK-04-APPROVE-001	62c2c50e3c0becbe23a686735d1a7e50ed8bce2f3fa23c539d2250b68227c2d7	c8c4232bf924b52636c9dc33fb1891473d548e09ed15de35f33764fe18603f3c	9493ff9f5515eec26daf0204589d1fa3dbb8128f2b58f3590f49244ebb4ecef4
8744a566b13ca4cc3cd54332cf7d73379997d44dac590995dd47158e08f8feb2	CIC_W	8641	안전관련전기설비공사	2fd5262c121f4e76524938d0cc3b8833c72d6cf66a854a91972a11a18e82c6da	804e16b8-eb7e-45af-b6f9-2422643372a4	안전관련전기설비공사	PROCESS	MERGED_FROM_REVIEWED_SOURCES	EXACT_EQUIVALENT	PROPOSED	MANUAL_REVIEW	OWNER_APPROVED_CONCEPT_MEMBERSHIP	PRESERVE_SOURCE_MEMBERSHIP	RISK-04-APPROVE-001	62c2c50e3c0becbe23a686735d1a7e50ed8bce2f3fa23c539d2250b68227c2d7	c8c4232bf924b52636c9dc33fb1891473d548e09ed15de35f33764fe18603f3c	9493ff9f5515eec26daf0204589d1fa3dbb8128f2b58f3590f49244ebb4ecef4
60ede8f032dbe82c69779285bfb7070a5f1e57e7aca5323ea8b0f5a26ff77cc3	CIC_W	91	기계 플랜트 산업설비 전기 통신시험 시운전공사	56d3df21fd0a64158b82a8652376ab6c7bd18c6309db04b5d442b6587afcf395	5bcf0b15-5ee3-4f38-b5e4-d671d7d24197	기계 플랜트 산업설비 전기 통신시험 시운전공사	PROCESS	PROMOTED_FROM_SOURCE	EXACT_EQUIVALENT	PROPOSED	MANUAL_REVIEW	OWNER_APPROVED_CONCEPT_MEMBERSHIP	PRESERVE_SOURCE_MEMBERSHIP	RISK-04-APPROVE-001	62c2c50e3c0becbe23a686735d1a7e50ed8bce2f3fa23c539d2250b68227c2d7	c8c4232bf924b52636c9dc33fb1891473d548e09ed15de35f33764fe18603f3c	9493ff9f5515eec26daf0204589d1fa3dbb8128f2b58f3590f49244ebb4ecef4
5facb1b781242b1f786107e0d4d74223e7ea1f9c827c7343960ba229b2dfaeba	CIC_W	911	기계 프랜트공통시험 시운전공사	77558d43f2fbdaf86af49dcdaebc94288203e7ea1c9d196cb3c5063a8fd9857f	0d24428d-8d2b-4b43-b9d2-189481059c08	기계 프랜트공통시험 시운전공사	PROCESS	PROMOTED_FROM_SOURCE	EXACT_EQUIVALENT	PROPOSED	MANUAL_REVIEW	OWNER_APPROVED_CONCEPT_MEMBERSHIP	PRESERVE_SOURCE_MEMBERSHIP	RISK-04-APPROVE-001	62c2c50e3c0becbe23a686735d1a7e50ed8bce2f3fa23c539d2250b68227c2d7	c8c4232bf924b52636c9dc33fb1891473d548e09ed15de35f33764fe18603f3c	9493ff9f5515eec26daf0204589d1fa3dbb8128f2b58f3590f49244ebb4ecef4
a83304e546f517203f914789e10a41a87abb09fc6a8d42b3d6df4b7e65a301d2	CIC_W	9111	T.A.B(TestingAdjustingandBalancing)공사	95a0c98e6fc47ea4f5a2a12c472e980f088eb57e647d0d5a1b7c9b11ba57189f	7aa61aea-0c9a-4ecd-91fc-72b9d7be9e17	T.A.B(TestingAdjustingandBalancing)공사	PROCESS	PROMOTED_FROM_SOURCE	EXACT_EQUIVALENT	PROPOSED	MANUAL_REVIEW	OWNER_APPROVED_CONCEPT_MEMBERSHIP	PRESERVE_SOURCE_MEMBERSHIP	RISK-04-APPROVE-001	62c2c50e3c0becbe23a686735d1a7e50ed8bce2f3fa23c539d2250b68227c2d7	c8c4232bf924b52636c9dc33fb1891473d548e09ed15de35f33764fe18603f3c	9493ff9f5515eec26daf0204589d1fa3dbb8128f2b58f3590f49244ebb4ecef4
0879c6bba0019e31d8c199a605e31d57078829314c6a0414cd922da62b4fa28b	CIC_W	9112	배관관리및시험	8ec9ddc90998dc65b7997c438c109312aeae0d791fbd13c180bfa92fe5b3ab26	6fe57b7f-7891-4288-97aa-d8e3663f0ee1	배관관리및시험	TASK	PROMOTED_FROM_SOURCE	EXACT_EQUIVALENT	PROPOSED	MANUAL_REVIEW	OWNER_APPROVED_CONCEPT_MEMBERSHIP	PRESERVE_SOURCE_MEMBERSHIP	RISK-04-APPROVE-001	62c2c50e3c0becbe23a686735d1a7e50ed8bce2f3fa23c539d2250b68227c2d7	c8c4232bf924b52636c9dc33fb1891473d548e09ed15de35f33764fe18603f3c	9493ff9f5515eec26daf0204589d1fa3dbb8128f2b58f3590f49244ebb4ecef4
b482b057fe8132d34cad28172b90be20e6a8b67c0e4c261256835fefa2ca35ec	CIC_W	912	기계설비시험 시운전공사	5170dbd24d1e51201637da9b057af2dd43f3249737ed0e78bf090bcaa448c898	578fa119-5495-4a62-96e7-8d295af12908	기계설비시험 시운전공사	PROCESS	MERGED_FROM_REVIEWED_SOURCES	EXACT_EQUIVALENT	PROPOSED	MANUAL_REVIEW	OWNER_APPROVED_CONCEPT_MEMBERSHIP	PRESERVE_SOURCE_MEMBERSHIP	RISK-04-APPROVE-001	62c2c50e3c0becbe23a686735d1a7e50ed8bce2f3fa23c539d2250b68227c2d7	c8c4232bf924b52636c9dc33fb1891473d548e09ed15de35f33764fe18603f3c	9493ff9f5515eec26daf0204589d1fa3dbb8128f2b58f3590f49244ebb4ecef4
f5d0fda6e326bb8c626457a7d7950ec673a3222fc4e3a27f258680ed84a27000	CIC_W	9121	기계설비시험 시운전공사	5170dbd24d1e51201637da9b057af2dd43f3249737ed0e78bf090bcaa448c898	578fa119-5495-4a62-96e7-8d295af12908	기계설비시험 시운전공사	PROCESS	MERGED_FROM_REVIEWED_SOURCES	EXACT_EQUIVALENT	PROPOSED	MANUAL_REVIEW	OWNER_APPROVED_CONCEPT_MEMBERSHIP	PRESERVE_SOURCE_MEMBERSHIP	RISK-04-APPROVE-001	62c2c50e3c0becbe23a686735d1a7e50ed8bce2f3fa23c539d2250b68227c2d7	c8c4232bf924b52636c9dc33fb1891473d548e09ed15de35f33764fe18603f3c	9493ff9f5515eec26daf0204589d1fa3dbb8128f2b58f3590f49244ebb4ecef4
506c5cae94e0aeb6e522d1b302541fe48ab8cd39538769503b61f70b56fbf605	CIC_W	913	기계 플랜트 산업․전기설비시험 시운전공사	b223c472f28dc1cc03c36e7104f5353323def065f7a948690095bb4a77b40769	cf240392-c8c4-4559-a8ec-f76901439691	기계 플랜트 산업․전기설비시험 시운전공사	PROCESS	PROMOTED_FROM_SOURCE	EXACT_EQUIVALENT	PROPOSED	MANUAL_REVIEW	OWNER_APPROVED_CONCEPT_MEMBERSHIP	PRESERVE_SOURCE_MEMBERSHIP	RISK-04-APPROVE-001	62c2c50e3c0becbe23a686735d1a7e50ed8bce2f3fa23c539d2250b68227c2d7	c8c4232bf924b52636c9dc33fb1891473d548e09ed15de35f33764fe18603f3c	9493ff9f5515eec26daf0204589d1fa3dbb8128f2b58f3590f49244ebb4ecef4
6dc43d837e25a69c660fa7b99dc9477e65c32452afe87a5a3f6f4e7e3999bfe6	CIC_W	9131	T&C(TestandCommissioning)공사	da9e8d39b4db29b66a8869429977ed7021cf2f4e0a65cd4a2c38e542e7cef3a2	1f75677f-a89e-4576-95f4-908204ff9d64	T&C(TestandCommissioning)공사	PROCESS	PROMOTED_FROM_SOURCE	EXACT_EQUIVALENT	PROPOSED	MANUAL_REVIEW	OWNER_APPROVED_CONCEPT_MEMBERSHIP	PRESERVE_SOURCE_MEMBERSHIP	RISK-04-APPROVE-001	62c2c50e3c0becbe23a686735d1a7e50ed8bce2f3fa23c539d2250b68227c2d7	c8c4232bf924b52636c9dc33fb1891473d548e09ed15de35f33764fe18603f3c	9493ff9f5515eec26daf0204589d1fa3dbb8128f2b58f3590f49244ebb4ecef4
0804f4710e5c7fcb03ecd30accb1434bc39cf3a8d39d267c7fe93ceb79e04c35	CIC_W	9132	발전설비시운전공사	384f9ba2ed380c5b66a4208e459861782174eb40df48d7dd4654d7b994f8b302	ce4fb3ed-8cc0-494c-bcbb-5eb7e995ee78	발전설비시운전공사	PROCESS	PROMOTED_FROM_SOURCE	EXACT_EQUIVALENT	PROPOSED	MANUAL_REVIEW	OWNER_APPROVED_CONCEPT_MEMBERSHIP	PRESERVE_SOURCE_MEMBERSHIP	RISK-04-APPROVE-001	62c2c50e3c0becbe23a686735d1a7e50ed8bce2f3fa23c539d2250b68227c2d7	c8c4232bf924b52636c9dc33fb1891473d548e09ed15de35f33764fe18603f3c	9493ff9f5515eec26daf0204589d1fa3dbb8128f2b58f3590f49244ebb4ecef4
8d18bc8ff92d901ec68d5232682a403d8f51247bef3cbfe61e5e3a84c775401c	CIC_W	9133	설비별 시스템별시운전공사	1275c9005a05fa8077d4fd0e63e1975f34cab84c8c435b4a728645ff6e51caec	f3dc762d-216e-4863-8d77-8394f3c0d6a7	설비별 시스템별시운전공사	PROCESS	PROMOTED_FROM_SOURCE	EXACT_EQUIVALENT	PROPOSED	MANUAL_REVIEW	OWNER_APPROVED_CONCEPT_MEMBERSHIP	PRESERVE_SOURCE_MEMBERSHIP	RISK-04-APPROVE-001	62c2c50e3c0becbe23a686735d1a7e50ed8bce2f3fa23c539d2250b68227c2d7	c8c4232bf924b52636c9dc33fb1891473d548e09ed15de35f33764fe18603f3c	9493ff9f5515eec26daf0204589d1fa3dbb8128f2b58f3590f49244ebb4ecef4
e06cc13d700109c29dec0a3f8b1702de42442e946c88dd4f4b47c71392e6a87d	CIC_W	914	전기 통신시험 시운전공사	c61167354764433108d4894a046b286fefe602351bec67471ab7d65883fd461b	c856b1e3-861b-461f-9b9b-cbd0540397a3	전기 통신시험 시운전공사	PROCESS	PROMOTED_FROM_SOURCE	EXACT_EQUIVALENT	PROPOSED	MANUAL_REVIEW	OWNER_APPROVED_CONCEPT_MEMBERSHIP	PRESERVE_SOURCE_MEMBERSHIP	RISK-04-APPROVE-001	62c2c50e3c0becbe23a686735d1a7e50ed8bce2f3fa23c539d2250b68227c2d7	c8c4232bf924b52636c9dc33fb1891473d548e09ed15de35f33764fe18603f3c	9493ff9f5515eec26daf0204589d1fa3dbb8128f2b58f3590f49244ebb4ecef4
608e1131c65ec37b2b97dbfb1687faf5593bc0da0c78d9416f336eb4c53719d9	CIC_W	9141	전기 통신설비T&C(TestandCommissioning)공사	adf13eaed90ae84aa7ef796afe8576e78d6ec1d1e0caa7640ffe7cc4037fb04a	0b5a28c5-1e7f-4c44-ae21-b4048569ffd7	전기 통신설비T&C(TestandCommissioning)공사	PROCESS	PROMOTED_FROM_SOURCE	EXACT_EQUIVALENT	PROPOSED	MANUAL_REVIEW	OWNER_APPROVED_CONCEPT_MEMBERSHIP	PRESERVE_SOURCE_MEMBERSHIP	RISK-04-APPROVE-001	62c2c50e3c0becbe23a686735d1a7e50ed8bce2f3fa23c539d2250b68227c2d7	c8c4232bf924b52636c9dc33fb1891473d548e09ed15de35f33764fe18603f3c	9493ff9f5515eec26daf0204589d1fa3dbb8128f2b58f3590f49244ebb4ecef4
9da05c0049905f7626dd7e47b69ba281d3d7a878d7f9e439a52317508e44b304	CIC_W	9142	전기 통신설비공통시험 시운전공사	253855a2c57b12618b5570f44de1372f1806b7231f6ae5853959adb8c4715725	730582d4-5f16-477e-9ae5-548648cccc89	전기 통신설비공통시험 시운전공사	PROCESS	PROMOTED_FROM_SOURCE	EXACT_EQUIVALENT	PROPOSED	MANUAL_REVIEW	OWNER_APPROVED_CONCEPT_MEMBERSHIP	PRESERVE_SOURCE_MEMBERSHIP	RISK-04-APPROVE-001	62c2c50e3c0becbe23a686735d1a7e50ed8bce2f3fa23c539d2250b68227c2d7	c8c4232bf924b52636c9dc33fb1891473d548e09ed15de35f33764fe18603f3c	9493ff9f5515eec26daf0204589d1fa3dbb8128f2b58f3590f49244ebb4ecef4
54746ff2757e3ab58765a6e3097c56f15d0ca6aedd51749e9cc3263ca74e5d86	CIC_W	9143	전기설비시험 시운전공사	c7da1487801e1575ef950cc34ab437bdc22e8c98afabfd13808e04e57078ba03	d41ec162-affe-467f-8d3c-1ab73a6d30a9	전기설비시험 시운전공사	PROCESS	PROMOTED_FROM_SOURCE	EXACT_EQUIVALENT	PROPOSED	MANUAL_REVIEW	OWNER_APPROVED_CONCEPT_MEMBERSHIP	PRESERVE_SOURCE_MEMBERSHIP	RISK-04-APPROVE-001	62c2c50e3c0becbe23a686735d1a7e50ed8bce2f3fa23c539d2250b68227c2d7	c8c4232bf924b52636c9dc33fb1891473d548e09ed15de35f33764fe18603f3c	9493ff9f5515eec26daf0204589d1fa3dbb8128f2b58f3590f49244ebb4ecef4
d28806b567c045b14a59779b100b7b28cdfcd69fb49744f039978246e2d007b7	CIC_W	9144	통신설비시험 시운전공사	40279f6890ceed0db8504fd05c2ef15332580b07b77f8402e444ffec0e7d8fd4	6ce4eabb-8041-46ae-9359-c89ccd9e4cea	통신설비시험 시운전공사	PROCESS	PROMOTED_FROM_SOURCE	EXACT_EQUIVALENT	PROPOSED	MANUAL_REVIEW	OWNER_APPROVED_CONCEPT_MEMBERSHIP	PRESERVE_SOURCE_MEMBERSHIP	RISK-04-APPROVE-001	62c2c50e3c0becbe23a686735d1a7e50ed8bce2f3fa23c539d2250b68227c2d7	c8c4232bf924b52636c9dc33fb1891473d548e09ed15de35f33764fe18603f3c	9493ff9f5515eec26daf0204589d1fa3dbb8128f2b58f3590f49244ebb4ecef4
94718b0cbb994a01d70dd1918dce19ac009ad4938350525d52ebcd2519a15f4e	CIC_W	92	기계 플랜트 산업․전기설비 통신시험 시설유지정비공사	9064599e4c516b9459a0dde55a7cd5c7ca9acff7a534ff825f9a435ccca26d89	703804cc-8ce0-4eb2-95f0-62f7121dce30	기계 플랜트 산업․전기설비 통신시험 시설유지정비공사	PROCESS	PROMOTED_FROM_SOURCE	EXACT_EQUIVALENT	PROPOSED	MANUAL_REVIEW	OWNER_APPROVED_CONCEPT_MEMBERSHIP	PRESERVE_SOURCE_MEMBERSHIP	RISK-04-APPROVE-001	62c2c50e3c0becbe23a686735d1a7e50ed8bce2f3fa23c539d2250b68227c2d7	c8c4232bf924b52636c9dc33fb1891473d548e09ed15de35f33764fe18603f3c	9493ff9f5515eec26daf0204589d1fa3dbb8128f2b58f3590f49244ebb4ecef4
977c7b0ce0b29a4f520ecbe9cbbaf2728edf499583b677dc41e0accc89c174be	CIC_W	921	기계 플랜트 산업설비공통시설유지정비공사	b8e46ba013e44fcf84dec546bb472a6958c197c2fa327c061ecbcc50240b35c0	77dc72e5-afa3-46a4-a88d-e8c9d00f7789	기계 플랜트 산업설비공통시설유지정비공사	PROCESS	PROMOTED_FROM_SOURCE	EXACT_EQUIVALENT	PROPOSED	MANUAL_REVIEW	OWNER_APPROVED_CONCEPT_MEMBERSHIP	PRESERVE_SOURCE_MEMBERSHIP	RISK-04-APPROVE-001	62c2c50e3c0becbe23a686735d1a7e50ed8bce2f3fa23c539d2250b68227c2d7	c8c4232bf924b52636c9dc33fb1891473d548e09ed15de35f33764fe18603f3c	9493ff9f5515eec26daf0204589d1fa3dbb8128f2b58f3590f49244ebb4ecef4
a03ed51ddf5fc35daa1808424e7e2838cec23b074a313771afeb8c0916fc25de	CIC_W	922	산업설비공통시설유지정비공사	cb81d3e00ea3cbce6ea5d0f6e0f85887305661ffa3a7415151a9dd1589066094	3bc516e9-76ac-435e-9d73-6741ce126958	산업설비공통시설유지정비공사	PROCESS	PROMOTED_FROM_SOURCE	EXACT_EQUIVALENT	PROPOSED	MANUAL_REVIEW	OWNER_APPROVED_CONCEPT_MEMBERSHIP	PRESERVE_SOURCE_MEMBERSHIP	RISK-04-APPROVE-001	62c2c50e3c0becbe23a686735d1a7e50ed8bce2f3fa23c539d2250b68227c2d7	c8c4232bf924b52636c9dc33fb1891473d548e09ed15de35f33764fe18603f3c	9493ff9f5515eec26daf0204589d1fa3dbb8128f2b58f3590f49244ebb4ecef4
725dc12cabfd650481ee0740f0d6f4900e2d21850eaf9450b7b99cee9f44ef10	CIC_W	923	전기 통신설비공통시설유지정비공사	47103524b3411b065336d8b8883c7c8d19943b12efeb53d995130a53cd04c54c	b2a15d86-992d-497c-ab53-37b57aa663ca	전기 통신설비공통시설유지정비공사	PROCESS	PROMOTED_FROM_SOURCE	EXACT_EQUIVALENT	PROPOSED	MANUAL_REVIEW	OWNER_APPROVED_CONCEPT_MEMBERSHIP	PRESERVE_SOURCE_MEMBERSHIP	RISK-04-APPROVE-001	62c2c50e3c0becbe23a686735d1a7e50ed8bce2f3fa23c539d2250b68227c2d7	c8c4232bf924b52636c9dc33fb1891473d548e09ed15de35f33764fe18603f3c	9493ff9f5515eec26daf0204589d1fa3dbb8128f2b58f3590f49244ebb4ecef4
9a4e3aa00eeb35334ee2529c8c2d9c2fd1994d1b5d6dd02468fdec119577d1e4	CIC_W	924	전기설비시설유지정비공사	2a45c07065683953b5a79779c61f214056f929f98ced1e234dc0991009ea4320	fe303fc5-21f0-499f-955b-adfe3c5cb395	전기설비시설유지정비공사	PROCESS	PROMOTED_FROM_SOURCE	EXACT_EQUIVALENT	PROPOSED	MANUAL_REVIEW	OWNER_APPROVED_CONCEPT_MEMBERSHIP	PRESERVE_SOURCE_MEMBERSHIP	RISK-04-APPROVE-001	62c2c50e3c0becbe23a686735d1a7e50ed8bce2f3fa23c539d2250b68227c2d7	c8c4232bf924b52636c9dc33fb1891473d548e09ed15de35f33764fe18603f3c	9493ff9f5515eec26daf0204589d1fa3dbb8128f2b58f3590f49244ebb4ecef4
c111d2bb88c45ac8b779df14ae00bc00fb488e937efb7c1731b1b872d0622448	CIC_W	925	기타전기설비시설유지정비공사	eaa4070004b7b0bb3c3f9ab7493d35e2e10094d3e6221c42286816ff897c1f5f	fe8930de-b2d7-4794-81ad-2c37f5c6ef5a	기타전기설비시설유지정비공사	PROCESS	PROMOTED_FROM_SOURCE	EXACT_EQUIVALENT	PROPOSED	MANUAL_REVIEW	OWNER_APPROVED_CONCEPT_MEMBERSHIP	PRESERVE_SOURCE_MEMBERSHIP	RISK-04-APPROVE-001	62c2c50e3c0becbe23a686735d1a7e50ed8bce2f3fa23c539d2250b68227c2d7	c8c4232bf924b52636c9dc33fb1891473d548e09ed15de35f33764fe18603f3c	9493ff9f5515eec26daf0204589d1fa3dbb8128f2b58f3590f49244ebb4ecef4
0d672411d273a6fdb366a6e00363f18ef46856208dc3c6079ce2fbdeddc9d152	CIC_W	926	통신설비시설유지정비공사	2badeabec606a0a5fefbb3ece2876082ac14c6bda15c3f45dbba7d6e8fe2e5fc	e81d12af-081d-4484-9bfe-118622e5ceca	통신설비시설유지정비공사	PROCESS	PROMOTED_FROM_SOURCE	EXACT_EQUIVALENT	PROPOSED	MANUAL_REVIEW	OWNER_APPROVED_CONCEPT_MEMBERSHIP	PRESERVE_SOURCE_MEMBERSHIP	RISK-04-APPROVE-001	62c2c50e3c0becbe23a686735d1a7e50ed8bce2f3fa23c539d2250b68227c2d7	c8c4232bf924b52636c9dc33fb1891473d548e09ed15de35f33764fe18603f3c	9493ff9f5515eec26daf0204589d1fa3dbb8128f2b58f3590f49244ebb4ecef4
