review_concept_key	concept_form	source_key	seed_proposal_key	name	hierarchy_level	source_path	effective_semantic_kind	source_candidate_origin	owner_approval_state
c96ac36c304825c29ee231af7f514ce0ac096e0522815892526a63eb98631e39	SINGLETON	0112	1c27fb2b6ddb57c249eec187ad9f7b5429220441a8b1c1c69f63d7dc44a2362b	공사계획	W_LEAF	공사일반사항및공사비 > 공사일반사항 > 공사계획	PROCESS	ORIGINAL_KEEP	NOT_APPROVED
18df971e963e4445f7d9de6e11e0f689795b23e52411ebe3f4e06552ab12c251	SINGLETON	0113	4f771ed8aaaa889b00cdd15bf8336bc5bc6287c697f4620743c514dff2ee98d4	서류및샘플제출	W_LEAF	공사일반사항및공사비 > 공사일반사항 > 서류및샘플제출	TASK	ORIGINAL_KEEP	NOT_APPROVED
7a439acd29dd65f69446cf3e5799efa47c52dc521704096d4356e2e021028380	SINGLETON	0114	5b82226c8c79638884fc1868a41a8feab47299949f5b56f20be6627335d08b68	검측 기성	W_LEAF	공사일반사항및공사비 > 공사일반사항 > 검측 기성	TASK	ORIGINAL_KEEP	NOT_APPROVED
2a16ffd74a0b9293c8cb8525c8541550a2648d39748806d09ded8308b50594c7	SINGLETON	0115	07afa487dbeb905134bbcead0f7de198d291587b85605382c5ee257c55904c6d	품질관리	W_LEAF	공사일반사항및공사비 > 공사일반사항 > 품질관리	PROCESS	ORIGINAL_KEEP	NOT_APPROVED
1828313c4385bdc9e07ad785dfebebadb97bd1cfabeadeaca85452d84fdbbf0c	SINGLETON	0116	c4b54d801b0c1978cf2f30ee1f73588cfad6e6e3f7dd49a7c5a954fc0253a702	공사회의	W_LEAF	공사일반사항및공사비 > 공사일반사항 > 공사회의	TASK	ORIGINAL_KEEP	NOT_APPROVED
086cb7669fde42d8cb3ead1004aab5073c384f43c946be95d4066abffb8e0ff9	SINGLETON	0117	9ff873b9d84d1a6980eacb7320ac99da443be9442fa3a07d62fe89288dbd9737	공사관리	W_LEAF	공사일반사항및공사비 > 공사일반사항 > 공사관리	PROCESS	ORIGINAL_KEEP	NOT_APPROVED
708f590c9f35d785d6315ee7e29238697d00dd707c7dcda6060e2e370223b385	SINGLETON	0118	05c9f8465c1350ae438b3ccd26a8de646e23d36459af8075c2a47f62ae10a22c	시운전	W_LEAF	공사일반사항및공사비 > 공사일반사항 > 시운전	TASK	ORIGINAL_KEEP	NOT_APPROVED
e53153c5f2d624a42c97eec1ac937ceb3194bc799905a8e083045a94cb260c15	SINGLETON	0119	6b31e36e31fe2cae834fd0fae21f0d8320d26d5e5fe5981f83c573c1cb4212d6	준공및하자보수	W_LEAF	공사일반사항및공사비 > 공사일반사항 > 준공및하자보수	PROCESS	ORIGINAL_KEEP	NOT_APPROVED
97167eb2b29f689eecdc8442c8e8d8af709defa6879ba0d3ff2ed79518836e55	SINGLETON	03	c0ca4255abac56f09d5c67f6aaf964c337f57f4b95c03972b155d5aaad8e03d3	본공사성가설공사	W_ROOT	본공사성가설공사	PROCESS	ORIGINAL_KEEP	NOT_APPROVED
2632f26ff3acc6ef60862e7365121d9799fee88bf74d042cd17a97bec9d79d25	SINGLETON	033	1faf794d96412b87fde99ab64caf8c154744e198967d20c0f1c58ddb0d9513aa	가설흙막이및지보공사	W_MID	본공사성가설공사 > 가설흙막이및지보공사	PROCESS	ORIGINAL_KEEP	NOT_APPROVED
d5cd59a1cf991fc14c18094927699947f9cd961fc46163ee9b8359da8f2c12d1	SINGLETON	034	2a3b1c18afecac6d11341f5c3e392afb441bcc9e41339930c06b45732fd68a8d	터널가설	W_MID	본공사성가설공사 > 터널가설	PROCESS	ORIGINAL_KEEP	NOT_APPROVED
5a08e27fa28d43282a36dfdd3a54a45d0c5a4c926ec2d19787613304ed320197	SINGLETON	035	1cc1a8b85cbddf700ba4dfdd0b8f23a7c13078dab2583b7b4d3d1329525a3817	교량가설	W_MID	본공사성가설공사 > 교량가설	PROCESS	ORIGINAL_KEEP	NOT_APPROVED
acf048a5240dfcfa6c13ef808f343ba91df60c7588b714ad55e193b842d47c36	SINGLETON	037	83d2374ad808f954472683e4336426c74b21361b58bc49afd90ae0f463bdf409	가물막이	W_MID	본공사성가설공사 > 가물막이	PROCESS	ORIGINAL_KEEP	NOT_APPROVED
9922a5bca521c30d62f034f6aa1ed906c4dea72b28f4eb16321cc489f2f62b0d	SINGLETON	0371	60d02cc3625ee6407c89e96e401158247d963014d5d8b7a5bcdba21fdbe8c54d	나무널말뚝가물막이	W_LEAF	본공사성가설공사 > 가물막이 > 나무널말뚝가물막이	PROCESS	ORIGINAL_KEEP	NOT_APPROVED
b9aec605098ac5c84043f1bff9e1c04cdae3d0cb6fcdd389b48d9f656aca975e	SINGLETON	0372	975cb6c0568ed2b783d2d0c6a58dcc8cc3a65aa29c7a15548a25f3d9e50bd966	SheetPile가물막이	W_LEAF	본공사성가설공사 > 가물막이 > SheetPile가물막이	PROCESS	ORIGINAL_KEEP	NOT_APPROVED
c582770b2e2875480369557c452dd0492caaf3fe84fd84946ba46a9607bda689	SINGLETON	0373	cb3e7b87864a42cd651e9999dda3899765695750eae73417932c92bf9f92fa2e	P.P마대가물막이	W_LEAF	본공사성가설공사 > 가물막이 > P.P마대가물막이	PROCESS	ORIGINAL_KEEP	NOT_APPROVED
40e50be53a2c2f65625b6a16a4c34552caf95de404993c49b8be1cbf38dd0e60	SINGLETON	0374	4f6c82c96a3a7758959f4645833ee8dc45b8253e527a20d75a66fbf09ea56b1d	토사가물막이	W_LEAF	본공사성가설공사 > 가물막이 > 토사가물막이	PROCESS	ORIGINAL_KEEP	NOT_APPROVED
95548b01409deeeb665cdd233c9727acf68309b39ff4e80422db5348e00569b7	SINGLETON	0375	5e740e4242285312261fec363738997666fb0c6fd70b2538fdf0662143893eb5	사석가물막이	W_LEAF	본공사성가설공사 > 가물막이 > 사석가물막이	PROCESS	ORIGINAL_KEEP	NOT_APPROVED
83fc91b21a418eac68f4548a7e1771a17929caa44620f5cf00f8eaee98dc8a33	SINGLETON	038	da24560ea603b933412864f4de6f9964df311bc9b5436095be4860d483cdfd4c	가체절	W_MID	본공사성가설공사 > 가체절	PROCESS	ORIGINAL_KEEP	NOT_APPROVED
1a392c4093512b03c51e18de329616928460763dd57577c1260eab06a3341b8f	SINGLETON	05	db101f4ddec107e52c12c2fc16fdd8a93cfbf1c5c8dc6853b0d7d497d9fa9a3a	현장유지관리	W_ROOT	현장유지관리	PROCESS	ORIGINAL_KEEP	NOT_APPROVED
e36382f0d8f225fe74d5e7a526053c2fb280393d66819903c899d1baaecfd9c3	SINGLETON	051	eb4509535157edb86ac8f9a6ec0e7a2196b60a0d293d3c3b8f960af93d805e15	가설공해방지	W_MID	현장유지관리 > 가설공해방지	PROCESS	ORIGINAL_KEEP	NOT_APPROVED
f0540c003071465bcdecf64501b12465caaa123e006f92019406024ed8b283b4	SINGLETON	0511	b6127c94212073bb116f39295ead0322d0835513ad929fb78b0fcbe75c5b90ee	가설수질오염방지	W_LEAF	현장유지관리 > 가설공해방지 > 가설수질오염방지	TASK	ORIGINAL_KEEP	NOT_APPROVED
46e0a52671a5d615f3aec95f831a55abd6286bf741805749876b63aa879d0e11	SINGLETON	0512	fe14e0093ee04bd80e96dba824d62f7cddc5f65c4803a3d5a070c10b3688ea31	토질오염방지	W_LEAF	현장유지관리 > 가설공해방지 > 토질오염방지	TASK	ORIGINAL_KEEP	NOT_APPROVED
8a7098471330c43d54b3ab05aa1c620fafef97659c196ebf0a9df9fcc30cf4bf	SINGLETON	0513	c90535dfced387abf8814c7a9311b392d10b7a6d411984a519fe08b5b3389952	대기오염방지	W_LEAF	현장유지관리 > 가설공해방지 > 대기오염방지	TASK	ORIGINAL_KEEP	NOT_APPROVED
3db38d9b9a8f8def0a76425727fae6a66ab1e55c59346fd1636110c11e5803e9	SINGLETON	0514	6b98c55b95ef67225dc5e60dafc62dac211de4a4e317166a6937ba849ddd044c	소음진동방지	W_LEAF	현장유지관리 > 가설공해방지 > 소음진동방지	TASK	ORIGINAL_KEEP	NOT_APPROVED
6d83ddbf5bdcb4ffb22e45aa73bf91c2c300baa4b577a7370e97e4f7a76532bf	SINGLETON	0515	4705c1650e12c7bfb189fdaa6187d4c94abf2d53b2a7eb7383e671d16778a3d8	도로오염방지 - - 대․중․소 분류대․중․소 분류	W_LEAF	현장유지관리 > 가설공해방지 > 도로오염방지 - - 대․중․소 분류대․중․소 분류	TASK	ORIGINAL_KEEP	NOT_APPROVED
8c406df9c39b1a22175d350f0e87e6b32176359084aa100c66fdafa2467d61a9	SINGLETON	0516	4a86575867587e78ac98e55b9e7a45b49b4bcf97e6056fc635ced680177d710e	폐기물처리	W_LEAF	현장유지관리 > 가설공해방지 > 폐기물처리	TASK	ORIGINAL_KEEP	NOT_APPROVED
64d41605ce662fc6053a14010f8c6fb188e3397a9b4853a21e1cadcd06d8c83e	EQUIVALENCE_GROUP	052	ed24e98c7e863a042eefd22723c80c299bacb4544c1c38e6f509bc1c7ee2a835	기존도로유지보수	W_MID	현장유지관리 > 기존도로유지보수	TASK	MERGE_CONFIRMED	NOT_APPROVED
64d41605ce662fc6053a14010f8c6fb188e3397a9b4853a21e1cadcd06d8c83e	EQUIVALENCE_GROUP	0521	bcb3457f521aca9f8edf395bf60f7596d1925192879e0c6d36a5fdcf1c72e549	기존도로유지보수	W_LEAF	현장유지관리 > 기존도로유지보수 > 기존도로유지보수	TASK	MERGE_CONFIRMED	NOT_APPROVED
249cb67cbed2c90090fb04d8b37f0cac252b36cdb057f689dc1e7b30153c2ea7	SINGLETON	058	8b329e339c56ddbd992c483c14f39db1b2b4cec6d0993cbcaac5927e21bb00a2	준공및현장정리	W_MID	현장유지관리 > 준공및현장정리	PROCESS	ORIGINAL_KEEP	NOT_APPROVED
a7f787ab26ce52b0807848c5a03dc921ed7a30f71c337eb68d0bd8aa61555433	SINGLETON	0581	8991851d6e91913b348bda70bbe5310099b1634184b6c7e935a2b9aedc34ade5	현장상시정리	W_LEAF	현장유지관리 > 준공및현장정리 > 현장상시정리	TASK	ORIGINAL_KEEP	NOT_APPROVED
8f0ff4fff0e3c91cc5e592990f248cc51b58c6bff810530c5346797b4f9f7e63	SINGLETON	0582	7851f1c58a4c542e5d6567903a3ef0a0deb196a6ee1d620b81b70ddfbb51822d	정기안전점검	W_LEAF	현장유지관리 > 준공및현장정리 > 정기안전점검	TASK	ORIGINAL_KEEP	NOT_APPROVED
6df4c8fac17dbf399e313d6664023a1cdf674f2eb7e6e014645d2fa55c29fba2	SINGLETON	0583	e8c74db54d3a551f23c4577cfc70fcb6bc10cb46b81ce763a2890715ca0ec642	사후환경평가	W_LEAF	현장유지관리 > 준공및현장정리 > 사후환경평가	TASK	ORIGINAL_KEEP	NOT_APPROVED
71dbb0b83d309315c35fcbf9d7055443a6d44554e4252d03160dcbdf9250ddb7	SINGLETON	0584	d8577db875314f8d0b83fef0e193ce811d7df883364fcbea9144df423df23142	구조물건전성평가	W_LEAF	현장유지관리 > 준공및현장정리 > 구조물건전성평가	TASK	ORIGINAL_KEEP	NOT_APPROVED
ae0bfd8637184d3bb5755a2588035c0f1a3b4c90b596581f3b40ce2447ad674f	SINGLETON	0588	d6698a06f1e3bf822e9717dd86e909193fc33440819d2f9e88390e116c54f66e	준공정리	W_LEAF	현장유지관리 > 준공및현장정리 > 준공정리	TASK	ORIGINAL_KEEP	NOT_APPROVED
ba7464ebdf6a54c4e9f41527a34eb43bc81acd1179e83a68a1c0c6244ad03980	SINGLETON	061	081867ef518cac5ab8d9318cafc4ad2f096ba19d213d854765601e26faf0dc5d	장비운반	W_MID	공통장비 > 장비운반	TASK	ORIGINAL_KEEP	NOT_APPROVED
b010f76c574f6761abb7e73d610ed737629be5b00dffea26cbddac07135e7587	SINGLETON	07	15d1005ded119e37d0cd125e9cf855a84b37dc83a13499479c3a2eab00e4ebed	품질시험	W_ROOT	품질시험	PROCESS	ORIGINAL_KEEP	NOT_APPROVED
7f816b587c2698343490e58c8c31a35e35509342329e8286a0bb1f51af5bf77d	SINGLETON	071	68a6a13a045916245ef12e509acca38e94c0967d340181cbbfc4610b5e30ab16	공통품질시험	W_MID	품질시험 > 공통품질시험	PROCESS	ORIGINAL_KEEP	NOT_APPROVED
77913cf6c76479cf46b1386a35a21a5770e9099c5ef13ec823bb75e5ffac0d5e	SINGLETON	072	49813a06650a6f985c06e76617c30edaad73ea0ceb6e97cf7f2851c856627f90	토목품질시험	W_MID	품질시험 > 토목품질시험	PROCESS	ORIGINAL_KEEP	NOT_APPROVED
fce048a6ba4d60e4520ac1f54189361e1b473e1bab9f15c88000e42fa44abe0c	EQUIVALENCE_GROUP	073	f22338c2fa2f7baddde670cf1456d4e9c9ce671e9b581c77d50f04b2efeaf4e7	건축품질시험	W_MID	품질시험 > 건축품질시험	PROCESS	ORIGINAL_KEEP	NOT_APPROVED
08f2ec8c8ef4832940ddeaacbbe0a52ca511891b9d7d478c2c8b634cb8fdf9aa	SINGLETON	074	c4d2e53292f7f2dce0706eaac891e670de489055530f5dd638d1ed29cb748c82	기계품질시험	W_MID	품질시험 > 기계품질시험	PROCESS	ORIGINAL_KEEP	NOT_APPROVED
04252d0126624a986ae71af54d04a5b3ed3123ab5450ff27177253377d4f8072	SINGLETON	075	58895943352c99121b8df0e9f379a57cdd394a89d862427afbc6a4074153512c	전기품질시험	W_MID	품질시험 > 전기품질시험	PROCESS	ORIGINAL_KEEP	NOT_APPROVED
c9799e2ea296b0f8b9ee2390e7b49016b7185e8afc2b38a9e707b2f4190d597c	SINGLETON	076	c05dbc4276af0b3ca171e2d997a9c6556ab598889996361e4e20771454cc2f03	통신품질시험	W_MID	품질시험 > 통신품질시험	PROCESS	ORIGINAL_KEEP	NOT_APPROVED
e6792ac2824cbaa4da97676cdff6ef4d5b6a31121a00f9b1ff53a1fdfe10f7c2	SINGLETON	079	e87b2defcb88d58ceb33fa327979423a673675ed305da408d9c5f3db5db049ea	기타품질시험	W_MID	품질시험 > 기타품질시험	PROCESS	ORIGINAL_KEEP	NOT_APPROVED
fce048a6ba4d60e4520ac1f54189361e1b473e1bab9f15c88000e42fa44abe0c	EQUIVALENCE_GROUP	08	ce9fb3e2a46aa2537470b08a1c5b2e396d1977583cbc5910cd14712712d62673	건축품질시험	W_ROOT	건축품질시험	PROCESS	MERGE_CONFIRMED	NOT_APPROVED
027e26195daf3974b7607613c9e172c790e1e9e5e1ec446c5596403eca06c45a	SINGLETON	081	1334e54083a7fdf3929ec117ec6ea2857c20e0f5841608b2ae56964463f22b40	건축선정시험(토공 기초 구조체)	W_MID	건축품질시험 > 건축선정시험(토공 기초 구조체)	PROCESS	ORIGINAL_KEEP	NOT_APPROVED
cb142b6da079d1a3769d2c93db8a4f00f3eaf3f87f940f7212fe5312604d74bf	SINGLETON	085	3cac521404474de20ffd62f1ea54f5a44328bb253c1851e1475197157087ba9a	건축관리시험(토공 기초 구조체)	W_MID	건축품질시험 > 건축관리시험(토공 기초 구조체)	PROCESS	ORIGINAL_KEEP	NOT_APPROVED
47101e3491ef780325de306ffec0253321bfcc93880a0582cd81f57f33ef5c5c	SINGLETON	086	53574fbec4a3d081b29f7bf7be8dfd6256cedd4d479e6c42bf69c8c400ab1cd7	건축관리시험(단열 방수 지붕)	W_MID	건축품질시험 > 건축관리시험(단열 방수 지붕)	PROCESS	ORIGINAL_KEEP	NOT_APPROVED
e6f98a4e40c8b512736f5c704d352e4e0403b85e9c9dc6b920a37212083d5bd5	SINGLETON	087	50c34f99212a685fb0c43afbdd71afd6b0a5d376c07ea999f19274d41ea3fd88	건축관리시험(마감)	W_MID	건축품질시험 > 건축관리시험(마감)	PROCESS	ORIGINAL_KEEP	NOT_APPROVED
de4965442d298972408cfd3261917cde21cb17ba4465a16fef5ff66fa03f586d	SINGLETON	088	b9a104ea29a952a588fa1c116334c584b8ad1f084910a59ffa693f2e92f290e9	건축기계 전기시험	W_MID	건축품질시험 > 건축기계 전기시험	PROCESS	ORIGINAL_KEEP	NOT_APPROVED
0cb29f276cba34947d96ef28d16d70dcecac201cd1d82b3ed52d897ec04c8ba9	SINGLETON	089	37745bd8af92a937f66091e0dc552ef05712414b839781928446a5bb5c441604	건축공사검사시험	W_MID	건축품질시험 > 건축공사검사시험	PROCESS	ORIGINAL_KEEP	NOT_APPROVED
9ac4bb062d521abe8e69b359393e5ce6cf23efda77d4f73fbaae1d63f43d738f	SINGLETON	11	1af0df0bcd9381ff3cb50d3fb691afb696ae51bd5478c071c3bacec4ee5cc606	측량	W_ROOT	측량	PROCESS	ORIGINAL_KEEP	NOT_APPROVED
3f612031c05b9c0b8ba03255f00c29f63216aab4035a4a662dab66c1ba3616ba	SINGLETON	111	26d606c0880898aed18d5cfd8e9021c02422fa73ea0dbaa5ed9db3dbc31f2484	기본측량	W_MID	측량 > 기본측량	PROCESS	ORIGINAL_KEEP	NOT_APPROVED
ef5106a3f08ebe87aa6d4181ef077b2c5ea4b850219d6607cadf51e536d4cffc	SINGLETON	1111	2c91a7975e85f38c4c299862c9a17405227bff4c18df7f37cbf4c6264ceddf50	거리측정	W_LEAF	측량 > 기본측량 > 거리측정	TASK	ORIGINAL_KEEP	NOT_APPROVED
b03fbc6a3d1cc5c749f414fcc5f225a1321b4c14400c889ba34906b882270813	SINGLETON	1112	7c80c28751216d624b74caa9c2bae11d2eab68078c033ae4b0cc86f5efbc9183	각측정	W_LEAF	측량 > 기본측량 > 각측정	TASK	ORIGINAL_KEEP	NOT_APPROVED
7d8f4dfb952b59daa45a71b00c4fff5823d25e78430280718a0544fb9fed1892	SINGLETON	1113	366e31335635ef59be1346a774572750f9a2a06df8459b37678c6890f681c690	기준점측량	W_LEAF	측량 > 기본측량 > 기준점측량	TASK	ORIGINAL_KEEP	NOT_APPROVED
796a1e54c219c3640bde0e60f3287acf9718e517d571ef534b81fdefcc942627	SINGLETON	1114	f6ed5adc3fa80738b471dd37064ce68efea2f786dae828f634adb9ecf10e4808	삼각측량	W_LEAF	측량 > 기본측량 > 삼각측량	TASK	ORIGINAL_KEEP	NOT_APPROVED
13bdd5bc54f96d15e09d43d8f90f3253f1fdfc53cf54c00a8016b893fb25487a	SINGLETON	1115	17166a268e1bd3860915a9b947f16a61ec740928164a34311062cbeef21a7745	다각측량	W_LEAF	측량 > 기본측량 > 다각측량	TASK	ORIGINAL_KEEP	NOT_APPROVED
750067d3e434ddea0d8600d1f6d1e29d36e09c7cb701500f63c5ef434b3581f0	SINGLETON	1116	867795296d9312583bc7fc3285396223350a31f50a749de01609c947373be536	수준측량	W_LEAF	측량 > 기본측량 > 수준측량	TASK	ORIGINAL_KEEP	NOT_APPROVED
f52ae7416a09a26bbb59179713d2ae9be9315392f78c60beec016bca3ba7a5ed	SINGLETON	1117	c8ea7fe8c718e2e8edf33c9cfeb120275090a5eddd2c382d04b7d340170a0558	사진측량	W_LEAF	측량 > 기본측량 > 사진측량	TASK	ORIGINAL_KEEP	NOT_APPROVED
4c0470126a9445cbdda91a0dac821501c19ac277724bd2a0f8b01a89f2c765c3	SINGLETON	1118	21e8cd3229230eba23571658c2dcb262a171d4f06c5753cfc2ab4dc123d5dece	수심측량	W_LEAF	측량 > 기본측량 > 수심측량	TASK	ORIGINAL_KEEP	NOT_APPROVED
8f84674f28f5dfc4bfe1e51031be39013a9c0bfec014e62790fa0098ee835e18	SINGLETON	112	3658974008046bd3fc221b6e66047c06348c85f774c9522ed1f51aa472a37c05	지형측량	W_MID	측량 > 지형측량	PROCESS	ORIGINAL_KEEP	NOT_APPROVED
6809e3b7861c76ec5d26d0c4763354c9388c6581c359eb4b615c453762681846	SINGLETON	113	01f8400cdd53f8eadb7de33e2e7bc2408c6ac7dfab3c10bea6c3a7a32e90a37f	하해측량	W_MID	측량 > 하해측량	PROCESS	ORIGINAL_KEEP	NOT_APPROVED
7362b082fe57b54c4b760adf7a023faab85a842c6fefc63b9662ea58ff2c73b2	SINGLETON	114	526cb30286447d65507429367245fc350de5b50e5d3d7bf450b013c519c36ad0	노선측량	W_MID	측량 > 노선측량	PROCESS	ORIGINAL_KEEP	NOT_APPROVED
744e95bb6e4a96594b2a7ad300501609c2e73264f98d8b4d92b4726208bb59cd	SINGLETON	115	9d3e97129f24bc9073f63ffb3be09a9ce4a07bcef4d522f047fe4c7a1700dbd4	지적측량	W_MID	측량 > 지적측량	PROCESS	ORIGINAL_KEEP	NOT_APPROVED
36d0ddcc880a95a48bd51e7272c8d19e33b4256e82dc8ab9e64e24809ee04ea2	SINGLETON	1151	9023bd55bd21ba3ee334096a753fb7a7fcdef16c5a2b7810321e087ab2bec51f	신규등록측량	W_LEAF	측량 > 지적측량 > 신규등록측량	TASK	ORIGINAL_KEEP	NOT_APPROVED
8a5ad2e2dcbf8667bef87a48c6977f121135878995137a6c32e4058b1be6cf95	SINGLETON	1152	863a4845003c74863d27b360f51f23419cb8627cc24c763147ec4449ee8d1639	등록전환측량 - - 대․중․소 분류대․중․소 분류	W_LEAF	측량 > 지적측량 > 등록전환측량 - - 대․중․소 분류대․중․소 분류	TASK	ORIGINAL_KEEP	NOT_APPROVED
c3782a42aec31a08f6c46c1e238c96eac185b6f01fffd798d5020f3762a78f16	SINGLETON	1153	fd79e39144c800f2a4790b485bce70bf7bdbdbbfe027573d944d1c85dbd42006	분할측량	W_LEAF	측량 > 지적측량 > 분할측량	TASK	ORIGINAL_KEEP	NOT_APPROVED
dde0a314d9ec9cfc983fac1e96d0f7f3458528ebc54c068a44f6073d9c4f531b	SINGLETON	1154	0e79528589534846b7e0e42d4727068217662631e0b13461979fcdb7ba60eb2b	경계복원측량	W_LEAF	측량 > 지적측량 > 경계복원측량	TASK	ORIGINAL_KEEP	NOT_APPROVED
91683dbe4c2e9cfd8fa2e5f56b4ea67aa0e222c69a68a878ac9d0f3b34e56544	SINGLETON	1155	f5958aa1767dccd8f5f4d5c91972a1cd5463ccbd677c8ecefa9fac87dea34f43	지적확정측량	W_LEAF	측량 > 지적측량 > 지적확정측량	TASK	ORIGINAL_KEEP	NOT_APPROVED
1b33acde756d06171cafc114685d2b6ad10055120d1528e7f9291852ec7e8809	SINGLETON	116	9ef82c7da6b51e0baf48e29e4a1ae68d9667fa70a2517946480a57266710b644	시공측량	W_MID	측량 > 시공측량	PROCESS	ORIGINAL_KEEP	NOT_APPROVED
3313a813f7156a19f5903d9739b0f4c14fa98c4c0eb712e7ed0851b78651ee92	SINGLETON	1161	83bbfa12f86b4d6235338d2b33af17a5f2300b326224458b18a05e437ef1f7c0	벤치마킹설치	W_LEAF	측량 > 시공측량 > 벤치마킹설치	TASK	ORIGINAL_KEEP	NOT_APPROVED
df370a7127e79025f7e83abe965d3a105cafdcc55558658c6a5716345f46cafe	SINGLETON	1162	22ff1e6633abf6b69697eb3cad71e6b559bfc008f4503b17fd51bef27ac9e975	중심선측량	W_LEAF	측량 > 시공측량 > 중심선측량	TASK	ORIGINAL_KEEP	NOT_APPROVED
2f283c739eeb7702c2dc1909c9f7c287f6079b039dfda07c3d7dac25d53ea9da	SINGLETON	1163	272b10f1c6dbae52bdcbc102edb066fe926cf4307298b0b71cd891e0536add94	종단측량	W_LEAF	측량 > 시공측량 > 종단측량	TASK	ORIGINAL_KEEP	NOT_APPROVED
33be07b4f4bfad82d747293897345d3507e5145eefb0ff927385f94201681ffd	SINGLETON	1164	ff40f94bb58e9e0d366d0e661f0c15190cfb9cc9b445fb9d27899ed79a8414b3	횡단측량	W_LEAF	측량 > 시공측량 > 횡단측량	TASK	ORIGINAL_KEEP	NOT_APPROVED
16f0a948e713facd927de143bd06bbc9beaafa8ae4be7a514a7f840d3d5f59af	SINGLETON	1165	a82fbe172390f460b6c01e7dd48aa225d4628afe0ca63ea82b59b1ba1a3c5223	면체적측량	W_LEAF	측량 > 시공측량 > 면체적측량	TASK	ORIGINAL_KEEP	NOT_APPROVED
e95758a16e7afb34f50d435468fa380d45304de7012787df4aa63065d9564647	SINGLETON	1166	89b677f0116bc8a3383e05f84ae8d76f9b7c6a880e06bc49598f4761083e263d	공사측량	W_LEAF	측량 > 시공측량 > 공사측량	TASK	ORIGINAL_KEEP	NOT_APPROVED
ee6c41f2ed48ba58329afbe31673c97b6af2e326b35b284237ac74bdfe372b81	SINGLETON	119	ba4bbcb1fe4dfd8e865d45cbfd5b3a5a21f5cee97fb39753a0126260f2ee4cca	기타응용측량	W_MID	측량 > 기타응용측량	PROCESS	ORIGINAL_KEEP	NOT_APPROVED
a531647729d9b5c118d0879621d600b895cf7e474ee9a97e9c6afbdfbcf14c8a	SINGLETON	1191	10e43d2a9565d700c18e98a2120a8c8ccbe0b381228bb11397ac118acaa1fb5e	시가지측량	W_LEAF	측량 > 기타응용측량 > 시가지측량	TASK	ORIGINAL_KEEP	NOT_APPROVED
64a877f0811732bd51f8b8eb40279d4c70aca06e4a6351b542a5f6ae1d60c4c4	SINGLETON	1192	1d286fe54537d99bc8ac449a6249c955ffc555142faf11d094309646e89621ed	건축측량	W_LEAF	측량 > 기타응용측량 > 건축측량	TASK	ORIGINAL_KEEP	NOT_APPROVED
c5cf78146982f1a49871ccad7cb4bf27ab3178086bff58ad4a67b1969dd48709	SINGLETON	1193	8c01406e00a48cf8c6b1aa65908f6e2fad9c2b2e218f5b61b277db1911ac80de	터널및광산측량	W_LEAF	측량 > 기타응용측량 > 터널및광산측량	TASK	ORIGINAL_KEEP	NOT_APPROVED
a4786618be452304d37d7ebff5250df8fdf7eb9495b1b866acaf3d0059833470	SINGLETON	1194	58ec2856c183163ab9e772aa63434e9c34075781cae00d4ddc8a1fca81847a3d	농지및삼림측량	W_LEAF	측량 > 기타응용측량 > 농지및삼림측량	TASK	ORIGINAL_KEEP	NOT_APPROVED
1a13ea0495c762c614f4fa5cbcf476764c9287e017255d6e15df7cb6defa5748	SINGLETON	12	97e8fc9a7c43d303dce304a9c43ac6c022686b3e8be9b77e9144f3c03336714d	계측	W_ROOT	계측	PROCESS	ORIGINAL_KEEP	NOT_APPROVED
1c9173573f2f0541138461293746faab63d48eb4018852a282872a0707ba58b1	SINGLETON	121	a9df50a5f58a58d10a02e7c4265fe57908650a5d1d8e90e78db50ae55309bb4f	토공사계측	W_MID	계측 > 토공사계측	PROCESS	ORIGINAL_KEEP	NOT_APPROVED
6ed307572f5006b02a115b119ae89781a91ac38eac8b6110e1a8ad46c18bb150	SINGLETON	1211	cd682061fb0454a0cac16abec4eb89c50edbf8df58c0bce16602114898fb4b0a	지중수평변위측정	W_LEAF	계측 > 토공사계측 > 지중수평변위측정	TASK	ORIGINAL_KEEP	NOT_APPROVED
47b8c92dbad812d2803d14e12ca54cfaf39daf3c02ab663c06fd4e614163332f	SINGLETON	1213	3586bdaf44fa44961709fbde3c189f187ce7989ac53839cf28cde4eeb153057b	지하수측정	W_LEAF	계측 > 토공사계측 > 지하수측정	TASK	ORIGINAL_KEEP	NOT_APPROVED
396cd9af911cf5a48d985fc5f503f910f25121c352ce5864a6eb342f2a71e31e	SINGLETON	1214	594198446a54a3b31eb868729e2d90b64df550649160d32c0440273567d0be59	인접구조물경사도및균열측정	W_LEAF	계측 > 토공사계측 > 인접구조물경사도및균열측정	TASK	ORIGINAL_KEEP	NOT_APPROVED
b2d7029323cbc8a1b7cf8daf03b4331428d16f4d9f2a8f82908679624b5975e0	SINGLETON	1215	4fed674196f34d6c95fdddf668335f769f87c10b06965995b6a4512612e5509b	토압측정(PressureCell)	W_LEAF	계측 > 토공사계측 > 토압측정(PressureCell)	TASK	ORIGINAL_KEEP	NOT_APPROVED
2a7f4a15a55b8b24aa192c9bff7838332e5727d2d9bf8f55dff6adb4d2145813	SINGLETON	1216	21cee60705cc9ff1339358f5b06188fc96258893110c269f3633a9deacd75654	응력측정(StrainGauge)	W_LEAF	계측 > 토공사계측 > 응력측정(StrainGauge)	TASK	ORIGINAL_KEEP	NOT_APPROVED
aee289032d15fd5ae53b2411a611a57e8438134de0f2b8616c2cf2665db2e7bd	SINGLETON	1217	c27e625eaef42f278cc71eaeb75568e70a0244effe607a1e5241e4b86c8d0bf9	하중측정(LoadCell)	W_LEAF	계측 > 토공사계측 > 하중측정(LoadCell)	TASK	ORIGINAL_KEEP	NOT_APPROVED
936088bde8d859b200f9cb8c0a12a89e475475749a9c7a8e771699e860620209	SINGLETON	1218	4661d53a68f0fb7380e30488c4caca171086dbb8d40356480fa7a6b72aa4c17d	진동소음측정	W_LEAF	계측 > 토공사계측 > 진동소음측정	TASK	ORIGINAL_KEEP	NOT_APPROVED
9d99ccebbabc3543fa22a500a689aa9c9635bf56f19b31ae3a4c0a79be7f3c4a	SINGLETON	122	212300bb3c4d6e22d263c5a97e759e118ddc718df43abc08dc4fe4148e35bce7	구조체계측	W_MID	계측 > 구조체계측	PROCESS	ORIGINAL_KEEP	NOT_APPROVED
fa43225f53340d18b87d168cfa3e666495b66b3d4620644f7ee0376095ff26ff	SINGLETON	1221	add347cec12a08c7e8afcef54216d162327efc360d779ba471c699d3f727bc8b	구조체정적계측	W_LEAF	계측 > 구조체계측 > 구조체정적계측	TASK	ORIGINAL_KEEP	NOT_APPROVED
b96f9d30b8931f4768261890e851dbc2960bd14e6d98e1db0078be9a5d6da033	EQUIVALENCE_GROUP	1222	62c40ab49ffebadda5db8d0ee88ad789c6dd22dd16a5132d72c8d2d90a4e793d	동적계측	W_LEAF	계측 > 구조체계측 > 동적계측	TASK	MERGE_CONFIRMED	NOT_APPROVED
24d8355e17a8cef4c25f0f24c34bbf90473cbc175b0a1cf7f89950ec0e030fe1	SINGLETON	1223	8954d694c3105cb6a2233d7e232ce2d44e129c75e8fb57d0f1c7899bd07229b1	하중측정	W_LEAF	계측 > 구조체계측 > 하중측정	TASK	ORIGINAL_KEEP	NOT_APPROVED
d9e2d17ba956006f5e9059476f1122f8976235c8494d7b2eafd43dc9485e1506	SINGLETON	1227	2d61fcf70c656e1ae9cf185ddc8d1ec374676b60bbde7c041d17ad4c9e5b26a5	누수량측정	W_LEAF	계측 > 구조체계측 > 누수량측정	TASK	ORIGINAL_KEEP	NOT_APPROVED
7d998429c979fb90025cfdc3b72fcecbd47952246191a2bc1ef02f5874c6985e	SINGLETON	123	cfee7cb4e64617349f577b98e308dfd6e7efb02f623e7eef4c778dc901c3b511	터널공사계측	W_MID	계측 > 터널공사계측	PROCESS	ORIGINAL_KEEP	NOT_APPROVED
2ca4d39796491cdb2a1a251ae850ba2275741ae3c034df5e58355939e0616c76	SINGLETON	1231	ec1c0f65612471640bd749d46ee16ded90b40c88145b3557e0c25a301545ab53	터널내공변위측정	W_LEAF	계측 > 터널공사계측 > 터널내공변위측정	TASK	ORIGINAL_KEEP	NOT_APPROVED
292d17c406577beed16c4ff576a042dd571b8e42952e33857352de895625fb50	SINGLETON	1232	0fd47bfec64ccbfd34ee953bc9049fa0357d73b60693c52e7b0f9e0b188e65e8	터널천단침하측정	W_LEAF	계측 > 터널공사계측 > 터널천단침하측정	TASK	ORIGINAL_KEEP	NOT_APPROVED
23cf4984f96c73906eb6eb3d3a71ef7475f14cf43def5c670438cf5ed0f48a68	SINGLETON	1233	38fcbc6aab298f5ed9ab361654e791df457b8fea8389c5e448504bae4e6558ff	터널내지중변위측정	W_LEAF	계측 > 터널공사계측 > 터널내지중변위측정	TASK	ORIGINAL_KEEP	NOT_APPROVED
8e9d69ab9685301f267bff114fe2bbbc0fa2e10baa4db7297ee488b9430f78e2	SINGLETON	1234	0b9f05fd2c7861efb37e5a9d4aedc2360712edb9a0651d2bc85b5b79820c9cff	RockBolt축력및인발측정	W_LEAF	계측 > 터널공사계측 > RockBolt축력및인발측정	TASK	HOLD_RESOLVED_TASK	NOT_APPROVED
829d2d254e65f1cdd45a263429e0bc8c86b6270a6d9cb12aab9d3dba010f3724	SINGLETON	1235	efc89b38828e07459f9b0d0c218c397a1fa34886b1aadd2949c75c139881b370	Shotcrete응력측정	W_LEAF	계측 > 터널공사계측 > Shotcrete응력측정	TASK	HOLD_RESOLVED_TASK	NOT_APPROVED
941a681a1cdf0bb527274f0d493dab0416986e8a6993d9d7d885aeac94324598	SINGLETON	1236	788bda6c738a531989a276971effe211068dd4f65972e73a7e6ab674da4de583	지표및지중침하측정	W_LEAF	계측 > 터널공사계측 > 지표및지중침하측정	TASK	ORIGINAL_KEEP	NOT_APPROVED
22c25c4d80b5f322322cf132f90fa62ee6252d49235e769b6fb93ec87f34cc77	SINGLETON	124	681b34793e2a0b27aa85597a3047582655a3eeed5b8970f404ec2b88d687c1fa	교량공사계측	W_MID	계측 > 교량공사계측	PROCESS	ORIGINAL_KEEP	NOT_APPROVED
283672ba6aac880e7e36e0f63c1e50a1ecd52f32990e5a866a592fe1b7d3f7b4	SINGLETON	1241	d7123ec074a619371c8f7ca767b14e6c82814fecebab9a1f97703305c9eb0c8a	교량정적계측	W_LEAF	계측 > 교량공사계측 > 교량정적계측	TASK	ORIGINAL_KEEP	NOT_APPROVED
b96f9d30b8931f4768261890e851dbc2960bd14e6d98e1db0078be9a5d6da033	EQUIVALENCE_GROUP	1242	2475027daba149f900315ad926df730d26003b1bd51bf7ee39a48146edeea87f	동적계측	W_LEAF	계측 > 교량공사계측 > 동적계측	TASK	MERGE_CONFIRMED	NOT_APPROVED
af0269e3c78fd1fe872bdb61efabcf77f11a9d5eaf235b8217181d006274c974	SINGLETON	125	7b4427caf263423a5af364d0799a2a4b45ae1faa3f6bdadfaa57703de5777aeb	댐 제방계측	W_MID	계측 > 댐 제방계측	PROCESS	ORIGINAL_KEEP	NOT_APPROVED
22d4d77b9102cf5423e38b70f7bc2417e6b7e22c20eed58d9c38e27bc4ff05a1	SINGLETON	126	45655295b94db500ea2dc03a2d1723bdcef5dd02efa4fd59ad43d502f329caf0	단열 방음및방수공사계측	W_MID	계측 > 단열 방음및방수공사계측	PROCESS	ORIGINAL_KEEP	NOT_APPROVED
ee39656eac7cf24f7f526e9f7b574b846dbc4d191c598c3b71dcf0ecaf4c7a5e	SINGLETON	127	2bfc5770587ec30ee5b62dda465f22ff4e77a4fa24a95450649a8e828cf604cd	전기설비계측	W_MID	계측 > 전기설비계측	PROCESS	ORIGINAL_KEEP	NOT_APPROVED
e1cbb1b080e1b562d8c9e10f98618335b73f9849a442bf27c51f8985c966b080	SINGLETON	128	2b26f8a695f47923e4f01dabe4796f693aaa51483afe05c276a1e99fe2441405	기계설비계측	W_MID	계측 > 기계설비계측	PROCESS	ORIGINAL_KEEP	NOT_APPROVED
0d445286205ef7f127b6f2084fe029d9f23005a11586364d5d0e91188055a4fc	SINGLETON	129	d921aa98da4efcc819c2e5ae75bbb41e85cc38233c176fd8ad70e9473e1dff3d	기타공사계측	W_MID	계측 > 기타공사계측	PROCESS	ORIGINAL_KEEP	NOT_APPROVED
daa906954562f1c33f219f508267ad546d282a7241c4251257bb6c8be54c0b5d	SINGLETON	13	6e2c7f3735566729ef09ff14216d26e2a78ec72e8bc12a51ba9992c97de2fc39	지반조사	W_ROOT	지반조사	PROCESS	ORIGINAL_KEEP	NOT_APPROVED
d5c836cf4cffdb658245592f22386d2b5fd37310e0b428f15c718e71e700b1ba	SINGLETON	131	f8f5001ecaf8b04d5927dbd642eb58627cf6c4d81073ae69d35466c042cc7bbb	시험굴착	W_MID	지반조사 > 시험굴착	PROCESS	ORIGINAL_KEEP	NOT_APPROVED
a17a2083817bf200d186e44992a9d49156c40bc14c598eade0fa0e652c423ca6	SINGLETON	1311	1aebde9a27964fcbbc7d5f024c55503ba8bc20e4fb0f2a41b90d797bf8d7c07b	암이외의지질시험굴착	W_LEAF	지반조사 > 시험굴착 > 암이외의지질시험굴착	TASK	ORIGINAL_KEEP	NOT_APPROVED
3137f9ff0203fe08dc10f49878ebab54b1fe5cfcf883c274a7c4c8f92acfd1b5	SINGLETON	132	3a415d4f8a7b016b2d1368c55360d2d240f36b0d628223c8f8ce44770580ad71	시추(보링)	W_MID	지반조사 > 시추(보링)	PROCESS	ORIGINAL_KEEP	NOT_APPROVED
9c384f45877c7d72ffe4533d80d280cd211cb3e8d5be545cba2bead7104d13b1	SINGLETON	133	66944a27a746d9c49274c390c714e1ae3de44f229b9347ad452659a099b200e5	샘플링	W_MID	지반조사 > 샘플링	PROCESS	ORIGINAL_KEEP	NOT_APPROVED
a59c0bc5efafe8ced03e17d2e0a14ab093d3cb29ca6b9c750cbde03915173b6d	SINGLETON	134	9cfcdfc88b2b28e969e11900feae9d6c81321546243826469ab37b93bf69d0a7	현장시험	W_MID	지반조사 > 현장시험	PROCESS	ORIGINAL_KEEP	NOT_APPROVED
82f7947d13a30fadf9dd168b9d5a6020f90ef662b2d8c226b29bb4d56828b653	SINGLETON	1341	461b0e7f4416f4d1fec97447a5f907284cdf8f2dd8240cd809400d1bbe1983a9	일반현장시험	W_LEAF	지반조사 > 현장시험 > 일반현장시험	TASK	ORIGINAL_KEEP	NOT_APPROVED
22422e38aef5b1746f897e811618ce9728392d205998bf4e29c7c714115ef45d	SINGLETON	1342	4a888ce934d31b952cc6e92fd855cfbaa3919f44b75bad996fb7a77268e83460	압밀시험	W_LEAF	지반조사 > 현장시험 > 압밀시험	TASK	ORIGINAL_KEEP	NOT_APPROVED
092012f72fa71dbe3c210029b2d3fd119cd18a4ab2362683b4610ea9e505dc12	SINGLETON	1343	adddc21bf5450b6798cab918b1ee6180c209cef931142ced751518c2b0cdc34f	다짐시험	W_LEAF	지반조사 > 현장시험 > 다짐시험	TASK	ORIGINAL_KEEP	NOT_APPROVED
574e9bef284ab77be9a1177d6f12c41cf1005f6ec5bb8de9aed96f6c74a5826c	SINGLETON	1344	1802b1e6210b12b8b11be2dbe42d4b12cae724173c9f54699659d6c35396593a	사운딩시험	W_LEAF	지반조사 > 현장시험 > 사운딩시험	TASK	ORIGINAL_KEEP	NOT_APPROVED
1cfec0bc08793ae94b4373544f7f2c319776ddeaba08da3e088897273233c360	SINGLETON	135	d80fbdfd0068168ac8242fd71420c4123ca8237ff09ba28e8d27b0c95bda4014	실내실험	W_MID	지반조사 > 실내실험	PROCESS	ORIGINAL_KEEP	NOT_APPROVED
ab490257bbbb9e9fed2e87a3e2101d2ede7d7c5ea60ef5f66e069d8faabf72af	SINGLETON	1351	7b789afa3719abf2b91e2757a07e16b7d4daf54a074be1a4cb23c8016985d8d8	일반실내실험	W_LEAF	지반조사 > 실내실험 > 일반실내실험	TASK	ORIGINAL_KEEP	NOT_APPROVED
06f29e5d1c0ceba9f770fb01bcf5c0355047ad2cef3ab6eba232e835c880e3be	SINGLETON	1352	2fa82bbbced6909086b5430cd0d7ec8f7ae730ca721d993c091ac50b4e9094ba	화학성분실험	W_LEAF	지반조사 > 실내실험 > 화학성분실험	TASK	ORIGINAL_KEEP	NOT_APPROVED
a7cb1adc7ed2df7532b4cdf5f7c58317406a809249aa3cdd07834e81726d22b9	SINGLETON	1353	e65a7079316e9df82e193739b85e047e2449ebe88c573bd854d3b1b813f56c6b	실내다짐도실험	W_LEAF	지반조사 > 실내실험 > 실내다짐도실험	TASK	ORIGINAL_KEEP	NOT_APPROVED
58cf954b77bbbc4a31846c4e814784229405ba1ba8f87332fc3a0b6f2367842a	SINGLETON	1354	faea9bcdf0da2edcf648ec58d9a32de49dccc9a84afbd8fd222c53eb0538c7d3	투수시험	W_LEAF	지반조사 > 실내실험 > 투수시험	TASK	ORIGINAL_KEEP	NOT_APPROVED
ad5aa719a9db70a167e29c1bbc2c48d5e6243c9d879003d534c6acc14176c980	SINGLETON	1355	15590fd1a3d77a2acdf349b51426de45e16cdcd54934639eba0f88e065e61d00	흙의강도시험	W_LEAF	지반조사 > 실내실험 > 흙의강도시험	TASK	ORIGINAL_KEEP	NOT_APPROVED
ee921edac279290dd165e5e4a386ebd0488886641593c917d731098a68203c66	SINGLETON	1356	813ceeca0d9ebde19282f666b9766b1ee60f9caebdfb0d22fb3135dd98f8e370	토사류기타시험	W_LEAF	지반조사 > 실내실험 > 토사류기타시험	TASK	ORIGINAL_KEEP	NOT_APPROVED
c7f1f2cc78c4ae135dee0f12e4f7c7a93419f07e4924b72dc0cae7eb78ba51fe	SINGLETON	136	57007db7b58036eee435035a3344f80e6107c647f63d126338008e5665ed368e	암석 암반시험	W_MID	지반조사 > 암석 암반시험	PROCESS	ORIGINAL_KEEP	NOT_APPROVED
645496f94b416c444228542ea262cd4efe7b700f8f56571434f374379ccd5246	SINGLETON	1361	93b7e4f04bcdc6f88458155e5ca5a8ec483bff623dc04598dd2e6d67fd7a8fcc	암석시험	W_LEAF	지반조사 > 암석 암반시험 > 암석시험	TASK	ORIGINAL_KEEP	NOT_APPROVED
7a8804dea1ba154d095565e97e6bccea70dc6494b5679e73e323c0757ed433f7	SINGLETON	1362	c8061fe1b0cde092d02577f47deddf36d9b4d35919226e6a9c975c02e33143ab	암반시험	W_LEAF	지반조사 > 암석 암반시험 > 암반시험	TASK	ORIGINAL_KEEP	NOT_APPROVED
13ef25655bb8802c9f2248fa72aa1339b99db5cd94f16bd2ae8d59f8ac83db00	SINGLETON	18	38b3879ccf8479602ef9df0ea5885a0e496197255462a7b35d1898685070be26	철거해체공사및시설물보호	W_ROOT	철거해체공사및시설물보호	PROCESS	ORIGINAL_KEEP	NOT_APPROVED
869d9f89089f464d0e892d12e31f0a5a40cac8a69d3a0568757aeb3fd3c29ec9	SINGLETON	181	e86862d58547e3d116c9d753bba38c61a912b8b67bd91577e0ef8f89aad99c24	지상지장물철거 해체	W_MID	철거해체공사및시설물보호 > 지상지장물철거 해체	PROCESS	ORIGINAL_KEEP	NOT_APPROVED
34dbde855ab59721c5c6b4d1ac70756caf56032c2fb0d6799a81935bec2e7c58	SINGLETON	1811	1a80ed7fa14ebeacce5c74e2177f7967b8bc327a3a201613cbaf2c198fd9046f	벌개 제근	W_LEAF	철거해체공사및시설물보호 > 지상지장물철거 해체 > 벌개 제근	TASK	ORIGINAL_KEEP	NOT_APPROVED
eca34b9dc0d2d1398780bb3649b098fa4577ffb8e312f417d0d1c1b5c42fc359	SINGLETON	1812	38c42d1ed0e5ed2435a0f0ca1600ccf44eede48d6d6a50ad5835bc2d436a79b3	지장수목이식	W_LEAF	철거해체공사및시설물보호 > 지상지장물철거 해체 > 지장수목이식	TASK	ORIGINAL_KEEP	NOT_APPROVED
d55f02d74724bc40cb48d3667d99923f7581a1cdf272e7f2b1d3a46cf02da3a7	SINGLETON	1813	19aa053683c6a3bc0162ecaff2abe4e080bdaea29a1e55391b18c24f4665c516	암지장물제거	W_LEAF	철거해체공사및시설물보호 > 지상지장물철거 해체 > 암지장물제거	TASK	ORIGINAL_KEEP	NOT_APPROVED
4e9686090013c69a8a71ca0d50f5ff01af2dd56c7a442e272dd24cb0eaf94525	SINGLETON	1814	c16126dcb4a9ea1f8bf045eaf227df1e5e32747f20b9acad0b302319d9fcf5e2	설치지장물제거	W_LEAF	철거해체공사및시설물보호 > 지상지장물철거 해체 > 설치지장물제거	TASK	ORIGINAL_KEEP	NOT_APPROVED
bca0ac57710857cd81b9a9b38caf1fbf54203b4276e184a3a3731ac1cdb086f7	SINGLETON	1815	3628cd88ff15d37626ab922fa614542bf556cf2cde6f9988537804b5e44a858f	토석제거	W_LEAF	철거해체공사및시설물보호 > 지상지장물철거 해체 > 토석제거	TASK	ORIGINAL_KEEP	NOT_APPROVED
255d60e7fb7f5be1ec9308980924ecdd73790d9874ec07b53dad5a969b7e8129	SINGLETON	182	995cde72019f92f0a70112fc04e17bfdc744d075b491335224e6bf500bd6db3f	지상구조물철거 해체	W_MID	철거해체공사및시설물보호 > 지상구조물철거 해체	PROCESS	ORIGINAL_KEEP	NOT_APPROVED
bcd33311034205c53d95d0a3083f6e832dd4d5f75bc26618bbe4bbaa2453ebe8	SINGLETON	1821	f5f66a89ba3ff5920de3336b57445283f3a950b219067194c9533e768a633e5e	콘크리트구조물철거	W_LEAF	철거해체공사및시설물보호 > 지상구조물철거 해체 > 콘크리트구조물철거	TASK	ORIGINAL_KEEP	NOT_APPROVED
ad786f35898c1c6b60c8ecd2f9d07a6059f9fca279b1594ae8694b63ac5a5d1a	SINGLETON	1823	8a22cdad03f84c2998c32d3ab4e49dcb42ea83720ec015dc17ddbef706667501	철골구조물철거	W_LEAF	철거해체공사및시설물보호 > 지상구조물철거 해체 > 철골구조물철거	TASK	ORIGINAL_KEEP	NOT_APPROVED
f1ce1085aa7de89c8f19a00c7ec475adcf76e1ba4c0a0651bb993777187dd60c	SINGLETON	1824	ed386158d68d31b63a100751898ac55748fefd36ae24592f8ab9589664f0f37a	포장제거	W_LEAF	철거해체공사및시설물보호 > 지상구조물철거 해체 > 포장제거	TASK	ORIGINAL_KEEP	NOT_APPROVED
d4313699d1a739af3f46fdd04c696fd8c585d30266c15e10039d7bda3030635e	SINGLETON	1825	b1bac471ee0cf14117d2a778c2d3abdf2647bbcc026d43474d1bd5c468639eec	석축및옹벽철거	W_LEAF	철거해체공사및시설물보호 > 지상구조물철거 해체 > 석축및옹벽철거	TASK	ORIGINAL_KEEP	NOT_APPROVED
744061e7626adb46fab501aaaf3b3731bb7ae3ec1ac10fd12ea0cc6e0dfde5b7	SINGLETON	183	6056d6bdeb678de85c6f763540f387c837d899b43515b534bb9eef70afaa9333	해상구조물철거 해체	W_MID	철거해체공사및시설물보호 > 해상구조물철거 해체	PROCESS	ORIGINAL_KEEP	NOT_APPROVED
7e68620b12c851771d85c67bf2f4069e4538960ac80db7a33b26132d285fb650	SINGLETON	1831	3036bc1d5e7fc97264c7c724adaa64346e56cd4e1fa63c9bf9e0092da7cb50dc	해상콘크리트구조물철거 해체	W_LEAF	철거해체공사및시설물보호 > 해상구조물철거 해체 > 해상콘크리트구조물철거 해체	TASK	ORIGINAL_KEEP	NOT_APPROVED
ed15ca5ed04f6f1e53e392a212b8daa90473afb681c0389b8369a357eaf6d3bb	SINGLETON	1832	37affaffa2ca2e3697ab074c56910382c18a58aa8058c17f5e79c4191952f270	해상조적구조물철거 해체	W_LEAF	철거해체공사및시설물보호 > 해상구조물철거 해체 > 해상조적구조물철거 해체	TASK	ORIGINAL_KEEP	NOT_APPROVED
db76321feb88cf7ff6d601f409ad1f8de5a42bf7b7b2539f827ba36d50a46e22	SINGLETON	1833	23330fe533e43a38b53d19bcdfd257679c36de85a3b196b55112065818f93ba9	해상철골구조물철거해체	W_LEAF	철거해체공사및시설물보호 > 해상구조물철거 해체 > 해상철골구조물철거해체	TASK	ORIGINAL_KEEP	NOT_APPROVED
d46d12baaf833aa4d804ee35aa1bd5ec740b821479064e39f2ee518fece80639	SINGLETON	1834	d17ce95a70e3aa1758a7fdb341b9c4d2a8c46ddfe3cb93fbc3be27b030304a16	해상토석제거	W_LEAF	철거해체공사및시설물보호 > 해상구조물철거 해체 > 해상토석제거	TASK	ORIGINAL_KEEP	NOT_APPROVED
da5a624c501a2655039fba24eaaf4598e3c28c9642b2e2bc8b23d69a8361f5b1	SINGLETON	184	88efd6f1c8e2663a99eb07662cd6cf1d68577d3a65fa6f49936b15a0fff69b94	지하지장물철거 해체	W_MID	철거해체공사및시설물보호 > 지하지장물철거 해체	PROCESS	ORIGINAL_KEEP	NOT_APPROVED
92ee7f92edaf02bf0edfb9c8ed4e4eedd1f107dcdf0db2213f7a5c3316d53829	SINGLETON	1841	9bce078747fbb1ff90aefae1f870e035499fdbe1baf20e0cfd85c3f5470f4889	콘크리트관제거	W_LEAF	철거해체공사및시설물보호 > 지하지장물철거 해체 > 콘크리트관제거	TASK	ORIGINAL_KEEP	NOT_APPROVED
212cf0ac94fa76903bc13bcf17ea9f72644354fedfafd1f1b8ba3de44f5812f3	SINGLETON	1842	61036c20c3179073e779ca296e01a69f14960dc5b662ad9f8e22efad1205f811	주철관제거	W_LEAF	철거해체공사및시설물보호 > 지하지장물철거 해체 > 주철관제거	TASK	ORIGINAL_KEEP	NOT_APPROVED
48db09a5c979dacda0d7439f0c38140596e51093b4defd05e94cad0b4e061a3e	SINGLETON	1843	e4f7d9ae31f9a7286f7c5b63458c70d7fe70e847d3d2457dccbd17f08edf6f1f	강관제거	W_LEAF	철거해체공사및시설물보호 > 지하지장물철거 해체 > 강관제거	TASK	ORIGINAL_KEEP	NOT_APPROVED
d332c618dd4658d13fbc7b41b96deafa49e8fc97b662ba54324f758f3d1b4bf3	SINGLETON	1844	3ac0772b231b17dafe1ea899b70772ad89dabb608d0c3a261a697c19868fda6a	PVC관제거	W_LEAF	철거해체공사및시설물보호 > 지하지장물철거 해체 > PVC관제거	TASK	HOLD_RESOLVED_TASK	NOT_APPROVED
922e8ecaf464567fda92d0646c68db67b1bc1032cca59137f58543f4de835ce8	SINGLETON	1845	50603b90ef5dc00271492be8e18990d5b807d22a739a5bd6402ce0a94d8411a0	통신케이블제거	W_LEAF	철거해체공사및시설물보호 > 지하지장물철거 해체 > 통신케이블제거	TASK	ORIGINAL_KEEP	NOT_APPROVED
03f737d4cc74725d2b592f051fe6b0ee81cad48cc7d89c46ced43836f408c3d2	SINGLETON	1846	f928adf389ac2d0513ea16e99724c7b86b8baefa46ac200c5eda4dbdf7dc7a98	전선관로제거	W_LEAF	철거해체공사및시설물보호 > 지하지장물철거 해체 > 전선관로제거	TASK	ORIGINAL_KEEP	NOT_APPROVED
e233e4d3d76b645969408d42c3cc3901d49e4aa8708571e5b697d3b162601361	SINGLETON	1849	495cc43e49bbcf295ac62002dfd9defa49ba4ee82d527f7e546b4a05aebbfc17	기타지하지장물제거	W_LEAF	철거해체공사및시설물보호 > 지하지장물철거 해체 > 기타지하지장물제거	TASK	ORIGINAL_KEEP	NOT_APPROVED
662a1cd5be3e0e40b809a2385f9b185da542c9cafc8a3f8b26ea47aac1b6e4a7	SINGLETON	185	316e2752c109f91a051fc3feff4b62f8494c770ba60b53e561f7ef09349aebb2	지하구조물제거 - - 대․중․소 분류대․중․소 분류	W_MID	철거해체공사및시설물보호 > 지하구조물제거 - - 대․중․소 분류대․중․소 분류	PROCESS	ORIGINAL_KEEP	NOT_APPROVED
87c1ecef3b17bd67dc73a39b696bee0c6c3680be1a6b581bff96055b5ac07e64	SINGLETON	1851	125a7967ed190283fe0011dd46ac8a54c8bbbb3d11a9ff9a8a31b7d332ef4801	철근콘크리트기초제거	W_LEAF	철거해체공사및시설물보호 > 지하구조물제거 - - 대․중․소 분류대․중․소 분류 > 철근콘크리트기초제거	TASK	ORIGINAL_KEEP	NOT_APPROVED
9aecf60758dba3ebeaf95274c622558e81440c214e4131e3f755d73ce8ffc4c2	SINGLETON	1852	e1c0556cd2f0533aaf745dbe5baaaf177579e287330462dd97ef7eda8c680f76	무근콘크리트제거	W_LEAF	철거해체공사및시설물보호 > 지하구조물제거 - - 대․중․소 분류대․중․소 분류 > 무근콘크리트제거	TASK	ORIGINAL_KEEP	NOT_APPROVED
4a456803b62795c08c75b71cb3eabbd0dca48e7a8d0e7cb0509be3a10b5a699c	SINGLETON	1853	024e3e201c2f793a3522d861430c06c0d51d89dd1f030a5c8b7838c0e55ad7a4	암거제거	W_LEAF	철거해체공사및시설물보호 > 지하구조물제거 - - 대․중․소 분류대․중․소 분류 > 암거제거	TASK	ORIGINAL_KEEP	NOT_APPROVED
72f60ec1e67b3a98729837870fd95698488aaac96744f016ee02cb7c861c4df2	SINGLETON	1859	2d7ee3726734127f289991097cfe2733380a4c1bbb75b3b0d222ce77aa4ee3da	기타지하구조물제거	W_LEAF	철거해체공사및시설물보호 > 지하구조물제거 - - 대․중․소 분류대․중․소 분류 > 기타지하구조물제거	TASK	ORIGINAL_KEEP	NOT_APPROVED
7813a8d1e3c60d92b3956e15f6ed59cb0f8161ab2b50edab4d4f901288342ed0	SINGLETON	186	14a8d996416e0a46208aa03eb0e0fb6bbda385074ba8671f2071452a6f019674	기계설비철거 해체	W_MID	철거해체공사및시설물보호 > 기계설비철거 해체	PROCESS	ORIGINAL_KEEP	NOT_APPROVED
4a6cae8b65bedc11b1616a7a667a747d748907580ba113761f735b55675f5ece	EQUIVALENCE_GROUP	1861	45671bfb7fc32294bcfa774b47bcbc0a85c9a7f0c9f1d228df06c453922720bc	배관철거 해체	W_LEAF	철거해체공사및시설물보호 > 기계설비철거 해체 > 배관철거 해체	TASK	MERGE_CONFIRMED	NOT_APPROVED
203b84ed102fd95d016341b2468dc30760c47ee3f41ef084a91278d28d38bc37	SINGLETON	1862	86544ab343cf9ea70f3dbc8c947dfd8eac5fb2cbf9ce570a46a5709d4e10853d	덕트철거 해체	W_LEAF	철거해체공사및시설물보호 > 기계설비철거 해체 > 덕트철거 해체	TASK	ORIGINAL_KEEP	NOT_APPROVED
d7a4359635a90a4ae705a4e232e3096c0bbe9b47aa7a1b3470e92af01ce3674e	EQUIVALENCE_GROUP	1863	4e9d201ccd71db8368ab1cf60b32bcc24c87ec745775ba2700818bf08c32a59c	장비철거 해체	W_LEAF	철거해체공사및시설물보호 > 기계설비철거 해체 > 장비철거 해체	TASK	MERGE_CONFIRMED	NOT_APPROVED
25bc4f13e4b4fea37cc37f94f886e10167e0c84a5d3abd5a1ff8836797e88a87	EQUIVALENCE_GROUP	1864	af4f33085cb270d3d05561d8e98768f512b3a0cecc2ccec2b69faa7dd855a2c3	잡철물철거 해체	W_LEAF	철거해체공사및시설물보호 > 기계설비철거 해체 > 잡철물철거 해체	TASK	MERGE_CONFIRMED	NOT_APPROVED
8fc02e537926b554d7ba0a1b74582b4f08d19e15f71b9203d9781d17426a0183	SINGLETON	1865	2f89fdef02c6bd07e275a2a458af250cc485e36ebc7ed4aa1cfa396e378e67cd	보온재철거 해체	W_LEAF	철거해체공사및시설물보호 > 기계설비철거 해체 > 보온재철거 해체	TASK	ORIGINAL_KEEP	NOT_APPROVED
fae9d846f0ef7c18b38c69e2c0a5b3680621e25d48b9ba3f4577c63e32f61f90	SINGLETON	1866	1999ffb9515aa69d358ba9450ae4510ee2d1ee4f6177e76e4285dce0d244d34e	위생도기철거 해체	W_LEAF	철거해체공사및시설물보호 > 기계설비철거 해체 > 위생도기철거 해체	TASK	ORIGINAL_KEEP	NOT_APPROVED
005d0dfd2cad0c9323c44f72ed07f07542c6070730dcd2cd92c8f04c962f7609	SINGLETON	1869	3e4b1972ffc759e66391b08fb0511df3610216890600df4205507a3a36ba40ba	기타설비철거 해체	W_LEAF	철거해체공사및시설물보호 > 기계설비철거 해체 > 기타설비철거 해체	TASK	MERGE_KEEP_SEPARATE	NOT_APPROVED
3c3ea3dc55db80472b59e9cf2576dc14a2029e2402467451af504591ead80e56	SINGLETON	187	d3a5b62fc9f921c44872831f5a6db30dda4fdad4229eaab7b8aa114b76c3d9b9	전기 통신설비철거 해체	W_MID	철거해체공사및시설물보호 > 전기 통신설비철거 해체	PROCESS	ORIGINAL_KEEP	NOT_APPROVED
4a6cae8b65bedc11b1616a7a667a747d748907580ba113761f735b55675f5ece	EQUIVALENCE_GROUP	1871	f735a494d289df44d97a9189ed73941340ce5ec36cfcf5ce2cfecc6fefd56e1a	배관철거 해체	W_LEAF	철거해체공사및시설물보호 > 전기 통신설비철거 해체 > 배관철거 해체	TASK	MERGE_CONFIRMED	NOT_APPROVED
03edc6aaf74d36fdeac3b4e9f48c7096b32675e82e44372512aea710d640cbdd	SINGLETON	1872	02c84a0771ef2e354c6ced43ab9bfdde5cafe33c662831fd424064d8aa74d972	관로철거 해체	W_LEAF	철거해체공사및시설물보호 > 전기 통신설비철거 해체 > 관로철거 해체	TASK	ORIGINAL_KEEP	NOT_APPROVED
d7a4359635a90a4ae705a4e232e3096c0bbe9b47aa7a1b3470e92af01ce3674e	EQUIVALENCE_GROUP	1873	a870dc299a2e636bd8359d389419bb6035bbf90046189a1c7904c33afa6e0b1d	장비철거 해체	W_LEAF	철거해체공사및시설물보호 > 전기 통신설비철거 해체 > 장비철거 해체	TASK	MERGE_CONFIRMED	NOT_APPROVED
25bc4f13e4b4fea37cc37f94f886e10167e0c84a5d3abd5a1ff8836797e88a87	EQUIVALENCE_GROUP	1874	dd95046844e6680c62f9699173fefd8616750d9b66bada182338b23d346b894b	잡철물철거 해체	W_LEAF	철거해체공사및시설물보호 > 전기 통신설비철거 해체 > 잡철물철거 해체	TASK	MERGE_CONFIRMED	NOT_APPROVED
26dd36e40ba952e3cdd14d47c6c9def91d39054c49f7902dbdfe7f72b1fbdc5f	SINGLETON	1875	b87ed5a06fd55a904cfd0299755f1468201b46fea56f007e5ca6bb3ac3198090	옥내설비철거 해체	W_LEAF	철거해체공사및시설물보호 > 전기 통신설비철거 해체 > 옥내설비철거 해체	TASK	ORIGINAL_KEEP	NOT_APPROVED
6530234cba5ddef601be2c1504a4cfa23b81c37e15e90af1cf9c8f60ea0c0d85	SINGLETON	1876	eb9f3e3f0049f30a1a740d7cba660486296c6699ec88dc638dcb157de0952d60	옥외설비철거 해체	W_LEAF	철거해체공사및시설물보호 > 전기 통신설비철거 해체 > 옥외설비철거 해체	TASK	ORIGINAL_KEEP	NOT_APPROVED
e6426f5c925e1d0e0dd09f8b0d7d6a77346a40a9e688a9289a6ed44b389eba96	SINGLETON	1879	802d551a9eeb63a7b55a5300dbe2757f6186c7f8c0bdfdcac908b0028a557b13	기타설비철거 해체	W_LEAF	철거해체공사및시설물보호 > 전기 통신설비철거 해체 > 기타설비철거 해체	TASK	MERGE_KEEP_SEPARATE	NOT_APPROVED
41b344dc518604752e2786172abc1ac201b9b2c46e12748176892739cb6f486d	SINGLETON	188	09a5f69ff8dbe20c20bb19d9086397d01165e17fab19e738b9c89f0c61981b0a	지장물보호	W_MID	철거해체공사및시설물보호 > 지장물보호	PROCESS	ORIGINAL_KEEP	NOT_APPROVED
254d5085e643785109d73fc4eb46f521b74d59fc3ee7c196de808b0963a30cbe	SINGLETON	1881	95dcf426f84f8dd0c07f9f95000bfccb2748005fbf3debac9275065077af1717	기존관보호	W_LEAF	철거해체공사및시설물보호 > 지장물보호 > 기존관보호	TASK	ORIGINAL_KEEP	NOT_APPROVED
2a1a872e2f45ced774bf57413d026ad299139d5789d14d3d5510a0745584afb8	SINGLETON	1882	fad9529efa810004f21ae6a419885b4c291cdd667ffdb7d3f8574eb1751806b8	지상구조물보호	W_LEAF	철거해체공사및시설물보호 > 지장물보호 > 지상구조물보호	TASK	ORIGINAL_KEEP	NOT_APPROVED
aa9cec147c8e9095c1a46bfdee6469313e725bdc8a2e6740e04d5199ceeb5e85	SINGLETON	1883	9ad25672aceb09b151c06ec3333269d93c9ebee956206496d6c055d76cdec2c1	지하구조물보호	W_LEAF	철거해체공사및시설물보호 > 지장물보호 > 지하구조물보호	TASK	ORIGINAL_KEEP	NOT_APPROVED
20d0a78bd41105759c47ddf26bb9dad13eb55368ade8a3b5f5e3968c5e8c8ba4	SINGLETON	1884	44c2f49b5960e5526cef24672f26f1a0a8538568023144e158d3cbb99d4a6f37	수목보호	W_LEAF	철거해체공사및시설물보호 > 지장물보호 > 수목보호	TASK	ORIGINAL_KEEP	NOT_APPROVED
67d06617cea1577eb709994ee92d946d084281eb80809509efaf18587809e46a	SINGLETON	189	99c8bd788afdb0a968a28a47760d4ff4c45e842470ff302373f77cc21ae4205e	기타철거 해체공사및시설물보호	W_MID	철거해체공사및시설물보호 > 기타철거 해체공사및시설물보호	PROCESS	ORIGINAL_KEEP	NOT_APPROVED
1b01f7e3cd4bfbdcf610554066aa88036ab7be729aa908b66f0ec7936195732d	SINGLETON	21	1947811c63d0c16f4119a0ccdd19b8ed4d2272f39ae0fe249faddf762bc002f1	토공사	W_ROOT	토공사	PROCESS	ORIGINAL_KEEP	NOT_APPROVED
0707456a5c306be3d67234d29e08107639ee0b50f5a561190a450f493338c615	SINGLETON	211	633de30a44241ed07e03d528d596baef9d775e80c0babbd78a62af930048c012	표토제거및부지정지	W_MID	토공사 > 표토제거및부지정지	PROCESS	ORIGINAL_KEEP	NOT_APPROVED
c392f17c82510d2ddb2e28ac1a169e548f65ba5462cf30dbc4cf31dc3ab111ff	SINGLETON	2111	e47dab730e2e3db46582a55bdac966dc534e1bf663675b06e53eb61e9f3a43f4	표토제거	W_LEAF	토공사 > 표토제거및부지정지 > 표토제거	TASK	ORIGINAL_KEEP	NOT_APPROVED
63614b8ad85464833ce9d4e05a1bdc3833551143a579366556e05784a29adab2	SINGLETON	2112	4b1438f9fc4bb8229a5aedc5a0436d46104d2a99d42cd98d7c22dc424aa9d6f0	일반부지정지	W_LEAF	토공사 > 표토제거및부지정지 > 일반부지정지	TASK	ORIGINAL_KEEP	NOT_APPROVED
fd72ccba1b2890b393bd7c04c7e7d25ab5b9876283ab835d9d6715a19164a85f	SINGLETON	2113	1282751d9c627d7664af07b16ab9b216f5667b3a1c2069daffd7565d76aadd22	절토면고르기	W_LEAF	토공사 > 표토제거및부지정지 > 절토면고르기	TASK	ORIGINAL_KEEP	NOT_APPROVED
dc5b89670ed5dc697666ca690e9fdf1d9df6dd17034604b08335645b74cdb035	SINGLETON	2114	b77427e00a02e798cf53769d1361b590104c65e65b042dd10a3ac21005018de3	성토면고르기	W_LEAF	토공사 > 표토제거및부지정지 > 성토면고르기	TASK	ORIGINAL_KEEP	NOT_APPROVED
d8bb9bbfe509aafe93750ec50691e752350c92f310319ddbd9a810873aedeea4	SINGLETON	2115	38873c8569db272c29ac562897d3da9a829b9be43026e2d1312adce6f8e1db65	사면면고르기	W_LEAF	토공사 > 표토제거및부지정지 > 사면면고르기	TASK	ORIGINAL_KEEP	NOT_APPROVED
f493d8c376ab3b2ac7b1977abb4a8c8f5c99f3af34138a87b7d26166a44b4527	SINGLETON	2116	c578f1441466efd44e6c8001c86d26a4bdd31b370fb383eda8735f9479d7bfc7	구조물지정	W_LEAF	토공사 > 표토제거및부지정지 > 구조물지정	TASK	ORIGINAL_KEEP	NOT_APPROVED
4ec4c1db1aa96205b1bab2ccd42eb2f8e88a45efd6a034c86676972d0834034d	SINGLETON	212	1b16a4e7b14832ddb29a5e6d547db0614a8fad1654fcd00b1675859f05e22210	흙깍기(절토)	W_MID	토공사 > 흙깍기(절토)	PROCESS	ORIGINAL_KEEP	NOT_APPROVED
615d1adba428255ce848d81b207c10f67453a66d0051be19fef983c1c0a7402b	SINGLETON	2121	5cefc48d06df073f1445baa271e55ab2c540b2c2416099a1e59d4b97407f7705	발파	W_LEAF	토공사 > 흙깍기(절토) > 발파	TASK	ORIGINAL_KEEP	NOT_APPROVED
ea225013899bf7c6ff53c4642e27ef87450cff226e4d6f54c154e514b5cb2c95	SINGLETON	2122	5b9b5c0f1581edb2f8a8e30358e7990455ecf0f3d8743ff71019222e182859a4	토사흙깍기	W_LEAF	토공사 > 흙깍기(절토) > 토사흙깍기	TASK	ORIGINAL_KEEP	NOT_APPROVED
72af1c9a9b9f0656891ce93dd513211bb41f80ecdf2c0bc9d4d116d9dcfb3cbe	SINGLETON	2123	748dd1f9cced8b893a263ec0f286bdc068dc437c06843406d6d538323bea4fd5	리핑암흙깍기	W_LEAF	토공사 > 흙깍기(절토) > 리핑암흙깍기	TASK	ORIGINAL_KEEP	NOT_APPROVED
2ea69eb8cfe59c4d755a35d002659cb3c6c4d916686177ed85e90f7acf060a78	SINGLETON	2124	e2d6b75d3ffa438ad64eaabc6314098870957341a92a68b8ca92979fcfb7ce21	발파암흙깍기	W_LEAF	토공사 > 흙깍기(절토) > 발파암흙깍기	TASK	ORIGINAL_KEEP	NOT_APPROVED
521142305ebc8c275340a2013855ee698c97538effc2139a8a75150b67ef470d	SINGLETON	2125	282c8ca1a8080d8cd83723d6237964ebed515002e3ef8f6798f374208c28a901	인위적경화물질흙깍기	W_LEAF	토공사 > 흙깍기(절토) > 인위적경화물질흙깍기	TASK	ORIGINAL_KEEP	NOT_APPROVED
77c7032624c29314caf7433c21c9b96367f23d1666a116472e3fd816e5858610	SINGLETON	213	9b50e09949b8a2162b2d080beb81c3115b6a91d51951a1a320137451908d0343	터파기	W_MID	토공사 > 터파기	PROCESS	ORIGINAL_KEEP	NOT_APPROVED
e57cd6fc6ca55d7cf1c9115ed8c36df8a2d74c94cd0293c193344e9cfd688b81	SINGLETON	2131	758d08f966677d2287f958d100b1f834bc5cf481ed803dd9b24f3e06f5a05c96	토사터파기	W_LEAF	토공사 > 터파기 > 토사터파기	TASK	ORIGINAL_KEEP	NOT_APPROVED
6ee72fc358ceced59b8bb750ddd54be5a16d30115df382ea1d3884bc8e801db8	SINGLETON	2132	21987fad436fb60b35b8bacbb320c472cd945322e8abdbe115abc1ea5e53669b	리핑암터파기	W_LEAF	토공사 > 터파기 > 리핑암터파기	TASK	ORIGINAL_KEEP	NOT_APPROVED
900ef701cf5c9b1030603aba89b357791bf790dfd0c0a87885a3c58b952b1b03	SINGLETON	2133	a748f0185b0ca6249ac5185929dc3499bbdc24da641e96784957dce4c8a56128	발파암터파기	W_LEAF	토공사 > 터파기 > 발파암터파기	TASK	ORIGINAL_KEEP	NOT_APPROVED
422594987dbf6d552e9a95ce75ad1ee9f9b40212069df43e3d3d7e0a3d1ac4bd	SINGLETON	2134	6d7074b46d6aa075b5736e3bd7d0d15b63d7e46e3d4e0a18496fe63df42f0353	인위적경화물질터파기	W_LEAF	토공사 > 터파기 > 인위적경화물질터파기	TASK	ORIGINAL_KEEP	NOT_APPROVED
3b7b077e95c07db8e6148e2075e31482bdf6d214f7705c1fcf949cbdc83710e9	SINGLETON	214	03ac9689e14f8799e86516cb59840823beea8bf13eed69d0a15e284f8f062b52	트랜치터파기	W_MID	토공사 > 트랜치터파기	PROCESS	ORIGINAL_KEEP	NOT_APPROVED
5cb21e011c141993ed39a58c1b1576ddff442da209722de10ef481fa763f0294	SINGLETON	2141	d10298eab52fb9e859bf94e89350c0fa0bd4eda63478bbd2c6db8976b6cd8821	토사트렌치터파기	W_LEAF	토공사 > 트랜치터파기 > 토사트렌치터파기	TASK	ORIGINAL_KEEP	NOT_APPROVED
d76e527e802e20f64308b6f91418f6917dbf1302c4a0587c2abcdfbfed12f099	SINGLETON	2142	fdf781ae007655e835e2d0b70bb7a028a741145863ef2216db6781773c3ab996	리핑암트렌치터파기	W_LEAF	토공사 > 트랜치터파기 > 리핑암트렌치터파기	TASK	ORIGINAL_KEEP	NOT_APPROVED
dff6046f6ff6b3470546d1efb7d81b938a99846f26728740d85e3c9931a04610	SINGLETON	2143	969c6a6e4c5f7c4b0fe7da3ff84b6db1847e1ea22c01f4a24591c147ef238d15	발파암트렌치터파기	W_LEAF	토공사 > 트랜치터파기 > 발파암트렌치터파기	TASK	ORIGINAL_KEEP	NOT_APPROVED
0dde5868356411f26585aad1d1dc4fa4e5504f7666500d14e5efc9f8dca771f3	SINGLETON	2144	decae5adb882da1b34d05d78f37f1281aedb630e0bb834d2b05b1bafb5ff5ae5	경화물질트렌치터파기	W_LEAF	토공사 > 트랜치터파기 > 경화물질트렌치터파기	TASK	ORIGINAL_KEEP	NOT_APPROVED
676f1cf9776f156204c351002f57c75fd1cb6626073782bd364d823d8b3cdd6d	SINGLETON	215	215518746d4b48e67cdba1d913257fe46f7925e0dee98b2c957b965e27fc929c	흙쌓기(성토)	W_MID	토공사 > 흙쌓기(성토)	PROCESS	ORIGINAL_KEEP	NOT_APPROVED
add3afc80e62a7232df6f48e97413d9c53f86f324706204acb22d47b350ac408	SINGLETON	2151	8d4435a626d0b09dc339580b871c1ff13a81b654517778f94eee0a2bb43d02a5	토사흙쌓기	W_LEAF	토공사 > 흙쌓기(성토) > 토사흙쌓기	TASK	ORIGINAL_KEEP	NOT_APPROVED
af8675fdee44eaafb4da7657042ceca97af14ab201f67afce58e3d81d2f87b2d	SINGLETON	2152	68989a1d1ccd397877c51b75d5c4972a56fedf28583fa5bbcfa98bb6bd95e98e	혼합골재쌓기	W_LEAF	토공사 > 흙쌓기(성토) > 혼합골재쌓기	TASK	ORIGINAL_KEEP	NOT_APPROVED
b263e74895833ce7d8886c01bcb4de542d1b082a345f54a30f6e940bd45ddcd9	SINGLETON	2153	4377119ad02b6a30649c5a8bb646a35c0ee61ea831e3ea1ef59beff08c814e06	사석쌓기	W_LEAF	토공사 > 흙쌓기(성토) > 사석쌓기	TASK	ORIGINAL_KEEP	NOT_APPROVED
1b0f8a7106d66d1f5bac41de32d009475d003e96587b80ab6700c444622794ae	SINGLETON	2154	f078d8966fe1e5f1136feb542f55b988c231f8e8b9567aa20fa4a597d4907fe1	버럭쌓기	W_LEAF	토공사 > 흙쌓기(성토) > 버럭쌓기	TASK	ORIGINAL_KEEP	NOT_APPROVED
975d5cefd8c9a88880143ba83779757f3f7de31e04917f9cfe619833c76566ff	SINGLETON	2159	37972570c8ae90a053cd9fc85f1a4eb85ae2367292533df4b04a7e38259faa8f	기타흙쌓기	W_LEAF	토공사 > 흙쌓기(성토) > 기타흙쌓기	TASK	ORIGINAL_KEEP	NOT_APPROVED
8afc78b94512791a17f40d495868bafe70cc4b867c0e77a3e4269f22152f36ac	SINGLETON	216	ec4f2c9498b2ea6baad528470eeeac0931de12a08471ff6956f307122bb05fc7	되메우기	W_MID	토공사 > 되메우기	PROCESS	ORIGINAL_KEEP	NOT_APPROVED
076223ce4f4af3638618d445c83e47add1431fe06bb299b2c114ebbcb34ebe14	SINGLETON	2161	8595adac765a4d658bc20b98e699431972a350354b838d808f42e0387d80bf39	토사되메우기	W_LEAF	토공사 > 되메우기 > 토사되메우기	TASK	ORIGINAL_KEEP	NOT_APPROVED
d110c6d24097172be89c4e887ee3135c7dd2ef8fccdbfd37882784acb99f71d3	SINGLETON	2162	b31a0e62f5bad1ef35858266d22ee67bcf03472e4f8af972b1d51cd19a44f8c9	혼합골재되메우기	W_LEAF	토공사 > 되메우기 > 혼합골재되메우기	TASK	ORIGINAL_KEEP	NOT_APPROVED
961d94bb5cb8170b52077481ed8a59851fc9e58135fc0454ce4eee2c1862d2e5	SINGLETON	2163	8aacd60f7d5f19def91fccd524bf252af4a847dd0437fc2ff8c8472b5f420899	사석되메우기	W_LEAF	토공사 > 되메우기 > 사석되메우기	TASK	ORIGINAL_KEEP	NOT_APPROVED
ab70346862ee25d34fc494a337c3e9b3aec57ed869a4889409b4bd89419d7b1c	SINGLETON	2164	a8bf34f58f00d4f9a6ff7ee3f44a6be07181418952cd447548a162ba78b88d6f	버럭되메우기	W_LEAF	토공사 > 되메우기 > 버럭되메우기	TASK	ORIGINAL_KEEP	NOT_APPROVED
b89cb358fa0de6d14fa48f2e5f6c311913a998339bb04892f742920b147be884	SINGLETON	217	c5df98c0c23f2f9a2b9edb263d89499e2aaa1f213926fee0f188cec50b555a5c	토사처리및운반	W_MID	토공사 > 토사처리및운반	PROCESS	ORIGINAL_KEEP	NOT_APPROVED
93a2cf4bff2ac09907909aca982f1a3a5ffc52a3f056a1d7e4f0672dc6a92022	SINGLETON	2172	0b98987bc10b8b0f79357c415d5bc9c3d9c166f7d6bfe9f0910c2a798817d8d6	성토재생산및선별	W_LEAF	토공사 > 토사처리및운반 > 성토재생산및선별	TASK	ORIGINAL_KEEP	NOT_APPROVED
5552bd502aa87b0c466bc7c9dce75c87ce2b8e4950886a8dc0047a834cb89ec7	SINGLETON	2173	caaec64f99416f550b06ee0e7213aa62be0625f99c466fb6cfc75bfaea8afaee	흙깍기․잔토처리	W_LEAF	토공사 > 토사처리및운반 > 흙깍기․잔토처리	TASK	ORIGINAL_KEEP	NOT_APPROVED
8b315560350f6c068f89aa87f9f39b14a795329d37b9dd4468cd7a4ae5e34d84	SINGLETON	2174	6eaf2c1185aa169cb3049b7f2698a6a0fd36bab97a8261bd65aac54b08301603	흙쌓기운반	W_LEAF	토공사 > 토사처리및운반 > 흙쌓기운반	TASK	ORIGINAL_KEEP	NOT_APPROVED
3c47be97bfa282855af6f836d66cd88245867d0c60b073b473a50dee61d7112e	SINGLETON	218	5beb0b35accd48cebc1ceac2949cadf8aae5f857e73ef0d6a8a52873e600291a	사면보호	W_MID	토공사 > 사면보호	PROCESS	ORIGINAL_KEEP	NOT_APPROVED
72928788e298aeb23cd36eccd5110e1421792f84e4e9fc34d24842376382fcc3	SINGLETON	2185	7ac4f5a419587bfeb0db5e8709d257856bf92195cda2bad861baebc6a2b732c2	비탈면보호	W_LEAF	토공사 > 사면보호 > 비탈면보호	PROCESS	ORIGINAL_KEEP	NOT_APPROVED
94ff4b3ce0c262de7f1759ba804d1cb8e50621d07a4d0beda3a8a1ed1cd43710	SINGLETON	2186	ec2dfbe89157f2c962fdc7e1334f6575522d9fe4003e9c21c431f5996e2a0898	암사면보호	W_LEAF	토공사 > 사면보호 > 암사면보호	PROCESS	ORIGINAL_KEEP	NOT_APPROVED
87b16db6c82b01f971ea80213fd300e26dc80926320731a8d04ba7f460eefbb8	SINGLETON	22	0990b09fe59e497b5f0c05a146e28abea2965e6bf121ae9bae658a3deb877660	지반개량및지반보강공사	W_ROOT	지반개량및지반보강공사	PROCESS	ORIGINAL_KEEP	NOT_APPROVED
4d95af2dd5bec935f9d97c990b679e428ec9f123df3e4eef765cf5109b0c75df	SINGLETON	221	20a0c467d770d18a48f8e121dba83e56347dfc58bc0243c1c9b6eea19f6033a3	치환	W_MID	지반개량및지반보강공사 > 치환	PROCESS	ORIGINAL_KEEP	NOT_APPROVED
efc9d9f04c119bc36af82026655ba39b5bb496c0bc84a1e26395ff62bb6f5446	SINGLETON	2211	a8eb027bc98f2391d8621ae88f8dadb90b1f7a3a4193f5398842d48bf277e336	굴착치환	W_LEAF	지반개량및지반보강공사 > 치환 > 굴착치환	TASK	ORIGINAL_KEEP	NOT_APPROVED
efecc940f1e1cc24cd1b2c16a5246c4cdda733375868d6605fdba6f830646cdf	SINGLETON	2212	019e6c31c98d527f31301b8c306fab5c1703af737202c186b8d8cc0ca6d84518	강제치환	W_LEAF	지반개량및지반보강공사 > 치환 > 강제치환	TASK	ORIGINAL_KEEP	NOT_APPROVED
691dae9908df9fd48fd1a4ab0595c8e671ae3f5a1bc478462bbbf0233a73346e	SINGLETON	222	f95509df7ab07fb93be69baac9729f03f37ac11cf78ec8c30dbf82580e3ca5fd	표층처리	W_MID	지반개량및지반보강공사 > 표층처리	PROCESS	ORIGINAL_KEEP	NOT_APPROVED
a4423bdd66a9bba1a5ab6ecf87eb0c623f8c76609d6ec3cc553f55e3bb097e9d	SINGLETON	223	66dbb7d89e4a14636cd8431711be1e61d8aeb717920c0bfae3ea843ad2e9bacf	지반배수	W_MID	지반개량및지반보강공사 > 지반배수	PROCESS	ORIGINAL_KEEP	NOT_APPROVED
756ad0c501f2d804cec8fa019e3413d1b617534db00da45457afdf6fb807cd10	EQUIVALENCE_GROUP	226	f7a1596f18911a69dd36553dd57ea436c77e2784b46c546e458d1d2a6c3ea582	지반그라우팅	W_MID	지반개량및지반보강공사 > 지반그라우팅	PROCESS	ORIGINAL_KEEP	NOT_APPROVED
6b9ff4657e6abfd87cf8d783058cc6f28c98c3f8bdf191560538b9e43c66afe0	SINGLETON	2261	80068a653bec2aff68ccfa276adafbd26d62c00825561704524a49e8411d6d30	지반그라우팅준비공사	W_LEAF	지반개량및지반보강공사 > 지반그라우팅 > 지반그라우팅준비공사	TASK	ORIGINAL_KEEP	NOT_APPROVED
1e002f7ae03119d91de0b3f0ff1b8405be054dc1c2f760397a96006fc9a2e3fb	SINGLETON	2262	5ea309366800278ac4cc2cd6890285e156cbeda61b16f6eb03f897e980b97401	그라우팅천공	W_LEAF	지반개량및지반보강공사 > 지반그라우팅 > 그라우팅천공	TASK	ORIGINAL_KEEP	NOT_APPROVED
756ad0c501f2d804cec8fa019e3413d1b617534db00da45457afdf6fb807cd10	EQUIVALENCE_GROUP	2263	c1896baa7ac98169b9fe93eb307f15a571901e874ca894eb0aebc9415872f538	지반그라우팅	W_LEAF	지반개량및지반보강공사 > 지반그라우팅 > 지반그라우팅	PROCESS	MERGE_CONFIRMED	NOT_APPROVED
34cb37de55ba2869be01ba980c0bc2c8022e80c5d7afdb4dba85911449da7aa8	SINGLETON	2267	85e0da2cb13dc5867745d8ba35e5eef981108f0117a2a2027b151f585d738b35	지반그라우팅검사 - - 대․중․소 분류대․중․소 분류	W_LEAF	지반개량및지반보강공사 > 지반그라우팅 > 지반그라우팅검사 - - 대․중․소 분류대․중․소 분류	TASK	ORIGINAL_KEEP	NOT_APPROVED
4d79d74207174f4387cf743541280fcd3fd1bddbeeb78a3b54891618259651d3	SINGLETON	23	056d749d4602beb449a705af003e810884ec9a027bed43d9892484a79862eeed	말뚝공사	W_ROOT	말뚝공사	PROCESS	ORIGINAL_KEEP	NOT_APPROVED
3c60fcbd85621850af248f0db3f2a2c529088f6e113d682c55e467a570de88c5	SINGLETON	231	09825170409222951199dccfd34e23b40cb02514edef3ef46e5e9b54f17dc600	현장타설말뚝	W_MID	말뚝공사 > 현장타설말뚝	PROCESS	ORIGINAL_KEEP	NOT_APPROVED
88af76de3ef9907694e4f6fe424107a78c3f7a7abf57097b80664d3f8c2d2996	SINGLETON	2311	1e4aa1794dfdf3dd77d04d108e23dd6bcd78247a05728542a56b6e83bb393867	기계식굴착	W_LEAF	말뚝공사 > 현장타설말뚝 > 기계식굴착	TASK	ORIGINAL_KEEP	NOT_APPROVED
70f8baf73081c23c630d509a315dfad2d6f5e9aeeab0228f0cc1a0cce1e9f827	SINGLETON	237	65efc3da685b2bd93c002a4ccb42d39ded8c962edf526a39f7c771cbc8551a2f	기초보강공사	W_MID	말뚝공사 > 기초보강공사	PROCESS	ORIGINAL_KEEP	NOT_APPROVED
e74d004b4681d2a6bfa3a6faacdfea1574ed30a46869f08c4c04df5e3423162e	SINGLETON	2371	7a594f6c03fc6583f6fcadc0a4c3202c4b467c8f451b2f2f4ae5f1a4eca50b31	기초그라우팅	W_LEAF	말뚝공사 > 기초보강공사 > 기초그라우팅	TASK	ORIGINAL_KEEP	NOT_APPROVED
d28a689e7ab20ae185df265bbc0f70e0a53b3af05ec6df9f0ff97da68808de0b	SINGLETON	2372	2489b6d927c9f90a87125afd3bfa584586ee960f7215b2187b7e115328132e1f	기초지지보설치	W_LEAF	말뚝공사 > 기초보강공사 > 기초지지보설치	TASK	ORIGINAL_KEEP	NOT_APPROVED
d2aff13cc809c3a8b5bd5bf3910ec699b28e1657eb58dae20696c0a9c0238e96	SINGLETON	2373	f8fe01c5212cabfcc706db0d3856193bb8ee5257765575a79db79bd4b029c8e0	기초올리기	W_LEAF	말뚝공사 > 기초보강공사 > 기초올리기	TASK	ORIGINAL_KEEP	NOT_APPROVED
03aaad55841df81565fdced35fc4f35a49132608301f3438c309945cdb6e9239	SINGLETON	2374	08179777cb857e093a9f631e5e3cdec941614c08375de5ad8d51851052b6afa4	기초지반보강	W_LEAF	말뚝공사 > 기초보강공사 > 기초지반보강	TASK	ORIGINAL_KEEP	NOT_APPROVED
fc4f7df78ecb9755d8ff69c7766d178706b5e53fc3bd41fe4723431d9bcd5bf1	SINGLETON	24	ce54e888f4f6b9d6d9cf2de195593dca6cd896cd927157347a352b552520bb17	흙막이및지보공사	W_ROOT	흙막이및지보공사	PROCESS	ORIGINAL_KEEP	NOT_APPROVED
99be967a570fd4905646ea972fb33880e6f79c78e313678e9ef7f1cb73d2fa4a	SINGLETON	241	898c03d2ac0c4c50d6f6f01db3465b49b9c65e68d43f7053c07bc3a862250927	말뚝흙막이	W_MID	흙막이및지보공사 > 말뚝흙막이	PROCESS	ORIGINAL_KEEP	NOT_APPROVED
1c7ee4cebcb97e15359f92f3581032b67fa371259eccc66c6f09117bf9aa81ac	SINGLETON	2411	6f655a60c1a6d65e7e34f9b3ed30889dfc9dd35267d0fa67666b687a9424b021	엄지말뚝가로널흙막이	W_LEAF	흙막이및지보공사 > 말뚝흙막이 > 엄지말뚝가로널흙막이	PROCESS	ORIGINAL_KEEP	NOT_APPROVED
b1c352a662111a85572737e497b5e3b9a5f313c1825a0b0b299fca5e9f30a6ae	SINGLETON	2412	c11d9fb9430a64caa9674739e60ff325fd93d57ddfcf3059608a0df598d21fd1	널말뚝흙막이	W_LEAF	흙막이및지보공사 > 말뚝흙막이 > 널말뚝흙막이	PROCESS	ORIGINAL_KEEP	NOT_APPROVED
5645849c5443d6c6c34e62c6122bc6dac63d605d29e650d49cd811e88c9d65c1	SINGLETON	2413	8e8e1b3dc97a95302a39bf5c57027dae82e1fbd8ebf62d153e1d4424b337ab6b	강재널말뚝흙막이(H-Beam및토류판)	W_LEAF	흙막이및지보공사 > 말뚝흙막이 > 강재널말뚝흙막이(H-Beam및토류판)	PROCESS	ORIGINAL_KEEP	NOT_APPROVED
d7dcd23ad7b7409db5318e81af0e6ee8cee33c1689505952a313553157231b88	SINGLETON	2414	6e17c3560ff4f9f643cdd13449afe69736cf8e4e01deeede5061728a63e238fd	경량강재널흙막이	W_LEAF	흙막이및지보공사 > 말뚝흙막이 > 경량강재널흙막이	PROCESS	ORIGINAL_KEEP	NOT_APPROVED
19e048d957e8878a1ef1a576242867f956d2b15a3ae8f55f7b38c542d55697f7	SINGLETON	2415	d45ad562ce483aac88647f1adf0f9cc6d8f760457e318f7137ea46f8d21d0b08	강관널말뚝흙막이	W_LEAF	흙막이및지보공사 > 말뚝흙막이 > 강관널말뚝흙막이	PROCESS	ORIGINAL_KEEP	NOT_APPROVED
237ebf08eb25d06542020e6009e6b0a318bbfff75403f46e393fdf07a077f060	SINGLETON	242	7c7d98c2286ac3cd5f35e1cf20e8c18fcd648d86390b9b13501e0d8f97dd79d4	주열흙막이	W_MID	흙막이및지보공사 > 주열흙막이	PROCESS	ORIGINAL_KEEP	NOT_APPROVED
4caa324123bb086dfebe66bf8386e84c039b8174a32c9b78c2d4139fe72411b4	SINGLETON	2421	892b081ad9aaf62f3f8a858a4fe8471dab43e7db17281e15737371ed681431aa	강관주열흙막이	W_LEAF	흙막이및지보공사 > 주열흙막이 > 강관주열흙막이	PROCESS	ORIGINAL_KEEP	NOT_APPROVED
354c702fe4e515ad8043e35a5ab6e1e6b1a5ee33a86cbb385a588eddada8e1db	SINGLETON	2422	920f495c5ad37045bb2ad40ed9d080dc8727d177438aff5be51b1ade856193ad	현장치기주열흙막이	W_LEAF	흙막이및지보공사 > 주열흙막이 > 현장치기주열흙막이	PROCESS	ORIGINAL_KEEP	NOT_APPROVED
8fb4c94ed31903a3e39db9695b48dc06f06d0357134fad4e125893d1bb0e1e41	SINGLETON	2423	fe4fccc72a0c75ba94e37d6486bcd6e3ff42646f07cd24de2caf6e6b27ea6560	기성제콘크리트주열흙막이	W_LEAF	흙막이및지보공사 > 주열흙막이 > 기성제콘크리트주열흙막이	PROCESS	ORIGINAL_KEEP	NOT_APPROVED
efbeb03aafbbdea1655e6628dbc04a498122e84682ddd4ef4ba8d77cecfddbe4	SINGLETON	2424	6d55b25a7475cbcb1e7f42812fac870a46ea3d57540bf18dcd6aebada9164fb5	소일시멘트주열흙막이	W_LEAF	흙막이및지보공사 > 주열흙막이 > 소일시멘트주열흙막이	PROCESS	ORIGINAL_KEEP	NOT_APPROVED
36b84656407d811baaf7dc7660242889e7e81aca4fa49f252e5fb0e3f2201233	SINGLETON	244	1e9e33472b26e81afbf9c6b439f8f79b50559c153cc71d82ad7e9422a7f1d590	PC연속벽흙막이	W_MID	흙막이및지보공사 > PC연속벽흙막이	PROCESS	ORIGINAL_KEEP	NOT_APPROVED
88ad68153e3b8034d9a250066fb5148ddd30e507da369c58e73cced1440805c9	SINGLETON	245	f17ba6bcd0464b0c66069ec6af56ed903843e651ef679fe34c7ab002ba416210	지하연속벽흙막이	W_MID	흙막이및지보공사 > 지하연속벽흙막이	PROCESS	ORIGINAL_KEEP	NOT_APPROVED
994c5c6f3e7700bb439cd0c4b1741e3d839795989cfb1523bdf51bbd1e6c9280	SINGLETON	246	57d34e976696b2e8e63cacf5d1dea58c56b69be7822198727818ed6e89caf0d6	흙막이지보공사	W_MID	흙막이및지보공사 > 흙막이지보공사	PROCESS	ORIGINAL_KEEP	NOT_APPROVED
0a8b567213ab76368a43417e3ad6fd7b89adb92c849cef6e17e80ec6c2075fdd	SINGLETON	2461	aee7e846c2d9fe42cc7d083e8a8e1e24bd2698063fc1cd304685543a1ffb3625	목재지보공사	W_LEAF	흙막이및지보공사 > 흙막이지보공사 > 목재지보공사	PROCESS	ORIGINAL_KEEP	NOT_APPROVED
be7967021c0ec2b03927f120f77e80740184aed358c5748bfc71d38536fc40b9	SINGLETON	2462	e9bda012ad987b8eda61ee2596d06ff0f0c156b94ae9b6ded9827f73fce5e44c	강재지보공사	W_LEAF	흙막이및지보공사 > 흙막이지보공사 > 강재지보공사	PROCESS	ORIGINAL_KEEP	NOT_APPROVED
99d4f72c4a1da1c354c994d94db41ef4eb5f02e07d39f540deaa3365553d8799	SINGLETON	2463	7c0dca947aca026030ddde0e88f57e27ccc616d58b6dbc7e5a60189c4994b7fb	강관지보공사	W_LEAF	흙막이및지보공사 > 흙막이지보공사 > 강관지보공사	PROCESS	ORIGINAL_KEEP	NOT_APPROVED
be1e724587f610fc57a33ba2620df093228ab54c0e36668adc529295c60039b8	SINGLETON	2464	301933e038225d8a9006f770bd041761d7c21378095f50ed1e02511c74d4c123	철근콘크리트지보공사	W_LEAF	흙막이및지보공사 > 흙막이지보공사 > 철근콘크리트지보공사	PROCESS	ORIGINAL_KEEP	NOT_APPROVED
f1168a4e4a506320c79ba0fcac09dae44be7947144aace80dba61b9a2b378350	SINGLETON	247	bcbb0f751e393ffab3e06b1cc9a38d80c907bbb98c462d2e68ca8cccee97f51e	어스앵커(EarthAnchor) 록앵커흙막이	W_MID	흙막이및지보공사 > 어스앵커(EarthAnchor) 록앵커흙막이	PROCESS	ORIGINAL_KEEP	NOT_APPROVED
ee0c672329b828c681b5de8ec8f03f85327369f24b816c82655f16e0bef524c8	SINGLETON	248	edf25342d1e8eb59f6e1471eff41ef0b3f5a49d99ba66b099341a38f1c1688d4	조립식간이흙막이	W_MID	흙막이및지보공사 > 조립식간이흙막이	PROCESS	ORIGINAL_KEEP	NOT_APPROVED
13f01c1ad0d027cd2397d07a0e9eafb5222e1bbae9c0855e76a6ca66d279e062	SINGLETON	25	b83757c86a8fc1de9faaa1ed3d4a091cb1a2b36914c34468e8fd97b70595ceb1	철근콘크리트공사	W_ROOT	철근콘크리트공사	PROCESS	ORIGINAL_KEEP	NOT_APPROVED
f0f16c06ab4cb90d25d4fe89308cc6c166adb5d47278506dbaf906f92a58573e	SINGLETON	2512	bb8bba162bad8229b592899a1d3b5a2235a46f4b2c9720488e3617848db10b6a	골재채취 생산	W_LEAF	철근콘크리트공사 > 콘크리트자재 > 골재채취 생산	TASK	ORIGINAL_KEEP	NOT_APPROVED
a4e348e08da8a4e5f535e0a1ed14382cfc73d3ba5abd1e174ef1d2e614152425	SINGLETON	252	3684f8b8205931ccc615e420c4768f25c59977e2e5a9617bc3d7dd251e49de88	콘크리트생산및구입	W_MID	철근콘크리트공사 > 콘크리트생산및구입	PROCESS	ORIGINAL_KEEP	NOT_APPROVED
39f43c011ba393cac28497598616f9562ae5723eec583bc5100030ff7a5286b4	SINGLETON	2521	e21b883f5cc01b07afa20e3ba4608c4284284468cf6d9998c4b8456c3f7276dc	콘크리트생산	W_LEAF	철근콘크리트공사 > 콘크리트생산및구입 > 콘크리트생산	TASK	ORIGINAL_KEEP	NOT_APPROVED
58e88af9a290fbf1488f9595f8420103f1fa3868a286f2c3d3d731c980d831ca	SINGLETON	253	8d0c01308cc552e41e2d3807b23d212fd0f0253d5e0e70d32e9cbef68df23917	콘크리트타설	W_MID	철근콘크리트공사 > 콘크리트타설	PROCESS	ORIGINAL_KEEP	NOT_APPROVED
86f35df022fc2c654219cc0fa23aea81675a2ced09202cd274f10256c8f7a55a	SINGLETON	2531	d327e5e290cb575282755eb3ec15c82a5cfbccfb092741a317245b6f3149a137	무근콘크리트타설	W_LEAF	철근콘크리트공사 > 콘크리트타설 > 무근콘크리트타설	TASK	ORIGINAL_KEEP	NOT_APPROVED
e0b62c2ffdb38aa4bf0f88236420e66a4c9eab05cd8127bacecc0e58293cc846	SINGLETON	2532	01879a39f98313ea3511fb969a0e0fb6a7b523dd3af942abd9f7a38eebae2f90	철근콘크리트타설	W_LEAF	철근콘크리트공사 > 콘크리트타설 > 철근콘크리트타설	TASK	ORIGINAL_KEEP	NOT_APPROVED
8a9f61ba113d0ab2ac8559841b4f7cf4d97422e0fafb29b0774b75ebe1cab66d	SINGLETON	2533	1bed4653b442b3be41a6ad1a3a1aef1647be3df06a1c3e7938d749e036878b6d	프리스트레스콘크리트타설	W_LEAF	철근콘크리트공사 > 콘크리트타설 > 프리스트레스콘크리트타설	TASK	ORIGINAL_KEEP	NOT_APPROVED
505cc70a8518eeb5971a651d8e9ada22c9cf8c4cde874b23f1aa2a5c500f0e3e	SINGLETON	2536	02a39616b78e2332ade15528b769b6e10fb5213211eb9146f7317d8f9df25485	특수콘크리트공사	W_LEAF	철근콘크리트공사 > 콘크리트타설 > 특수콘크리트공사	PROCESS	ORIGINAL_KEEP	NOT_APPROVED
8f3697afe1d30f13b112001ec5188887d8e4160922faae42c177fc77662d462e	SINGLETON	2537	54ecd94c1717b64dda6514f7a194cd3892e5fe099ba6303f92e7dc24b24fc3e4	콘크리트양생	W_LEAF	철근콘크리트공사 > 콘크리트타설 > 콘크리트양생	TASK	ORIGINAL_KEEP	NOT_APPROVED
19a4f25f379f1c2df1583f09f8eb8c3a87236b69fab9c3d0be4f376b3846b4de	SINGLETON	254	05eb3e36c8f5fdcce15db96bd2efa226b94e3667b56e30da9de3c1df8c4d3979	거푸집공사	W_MID	철근콘크리트공사 > 거푸집공사	PROCESS	ORIGINAL_KEEP	NOT_APPROVED
702a1972419292ec68b25455315bf5cf56541edaea8c8bdb10a6e9935e0beaf7	SINGLETON	2545	0a68ae42e93d29ca97318f2a72748459be0b4910c8a124ac1923def9b01773c1	특수거푸집공사	W_LEAF	철근콘크리트공사 > 거푸집공사 > 특수거푸집공사	PROCESS	ORIGINAL_KEEP	NOT_APPROVED
b7d0587740a4af8ef651796b165b1412ce663e1ed875e2d5d1967861fe2b61de	SINGLETON	2548	90274e19c5d776e8eddf31f5744b202f82631e334a4585a638f2f38cdfb37283	거푸집부속공사	W_LEAF	철근콘크리트공사 > 거푸집공사 > 거푸집부속공사	PROCESS	ORIGINAL_KEEP	NOT_APPROVED
da93d66161177953a78a151ba958258083bd7ecdc307038e8400e97437c377b4	SINGLETON	255	8d40989e5cfd22ee59fe3758d334d6934d0bd8bf0c9ae20860d84b473f37984a	콘크리트보강공사	W_MID	철근콘크리트공사 > 콘크리트보강공사	PROCESS	ORIGINAL_KEEP	NOT_APPROVED
534a1e029932e65c8b841d1e0b8758b67dacc6df04ab006a8e071ca767250c59	SINGLETON	2551	1166629756a72aa7f819fb5e515cafde3e93cb87ff879d22166c53fb905113d4	철근가공및조립	W_LEAF	철근콘크리트공사 > 콘크리트보강공사 > 철근가공및조립	TASK	ORIGINAL_KEEP	NOT_APPROVED
91607a6b5234112b3b580adf08b809cedf34cd478dbfbf66b3fb34254771e313	SINGLETON	2552	d97750abee55edc7c8420e78f5ce40326c49f92cedc7b4187f85f89e11d693d8	포스트텐션프리스트레싱	W_LEAF	철근콘크리트공사 > 콘크리트보강공사 > 포스트텐션프리스트레싱	TASK	ORIGINAL_KEEP	NOT_APPROVED
1ebe0ce0cfa0c6b2489e7c58d60829f894fd006d8ced691437d6254aa6737243	SINGLETON	2559	b464ea9be1c3d0c9ac4f3860565447aeca82c5c70cbc2a600bd48c1cfa4c0fc3	기타콘크리트보강공사	W_LEAF	철근콘크리트공사 > 콘크리트보강공사 > 기타콘크리트보강공사	PROCESS	ORIGINAL_KEEP	NOT_APPROVED
03754c84e28a545a6e2f2f5136ab8d915466c43cf7ccc3c05d3193d8829bbd60	SINGLETON	258	3e3181b6f4d10c5cb7c44dc7e2680aea51f64f25dca1e760d3ca922a3df23ce8	콘크리트부속공사	W_MID	철근콘크리트공사 > 콘크리트부속공사	PROCESS	ORIGINAL_KEEP	NOT_APPROVED
1b8ed90d692f0511bf6d2cd9e9783cb543ce8eb01b5970bfae4ddb63da0f794d	SINGLETON	2586	80f7679b2c3b7023e0eaab51395ac8703334d4b3014ca913228545bd834d2d96	구조물그라우팅공사	W_LEAF	철근콘크리트공사 > 콘크리트부속공사 > 구조물그라우팅공사	PROCESS	ORIGINAL_KEEP	NOT_APPROVED
b9f29c8796ee9cfb1e440b4f99635a54c802d76b6029dfc2f88345543c73088e	SINGLETON	2587	4dc321e47a7b05995803f08a0bc7d1798e44e6b15b43c5ca2eb750cb8062ae18	콘크리트면마감	W_LEAF	철근콘크리트공사 > 콘크리트부속공사 > 콘크리트면마감	TASK	ORIGINAL_KEEP	NOT_APPROVED
587cf1383ecdcab9cedddc863f15d531d8951055912ed6fdd9c1355880cbe0f3	SINGLETON	2588	a1b9596696ed3a8e19db226c9a3f48c300d4576e617a2bcb4970c31ec5e2204d	부속물매입	W_LEAF	철근콘크리트공사 > 콘크리트부속공사 > 부속물매입	TASK	ORIGINAL_KEEP	NOT_APPROVED
9ff4e35cc5e677d6d8dd41c870da81f1059aab60a35df435d424b7e64af7df61	SINGLETON	26	14c2c897b56fe58093fe57dbde41107553c1ddd72a85c41a1c8b9ae105653c67	프리케스트콘크리트공사	W_ROOT	프리케스트콘크리트공사	PROCESS	ORIGINAL_KEEP	NOT_APPROVED
0094e4e7a1f0cbeaa70425941c37f1dd06b42da2328faa8fc78d22d5f7693c2a	SINGLETON	262	916b52957a2ed4ff2487f96cc0416087e7642fac86aa4b48db380e1e340d8cf3	PC부재생산	W_MID	프리케스트콘크리트공사 > PC부재생산	PROCESS	ORIGINAL_KEEP	NOT_APPROVED
c3d33ed6b40d64522155ffd68cc6ebe8cec89ff844101d06a9fee4640b8a7dd3	SINGLETON	2621	e34424538f6234fe9adcd42a1dd82f7e433236a8da991353f6d4bff56fbc5c43	일반PC구조부재공장생산	W_LEAF	프리케스트콘크리트공사 > PC부재생산 > 일반PC구조부재공장생산	TASK	ORIGINAL_KEEP	NOT_APPROVED
eab931fc259700442b04eded5a74f35e3cf42ec80df7c8f8bfa0f2d434917d3d	SINGLETON	2622	4467e8d95f746700d76ec546403115eb8640e77c93d5213e55b8850ea032c47c	특수PC구조부재공장생산	W_LEAF	프리케스트콘크리트공사 > PC부재생산 > 특수PC구조부재공장생산	TASK	ORIGINAL_KEEP	NOT_APPROVED
b6deaa27e1a606346c8b88c04d2d0f46e01a431862421fae094cdbc279da49fe	SINGLETON	2623	2ed276137b7a210fba6020f37b18d3e2fa0b3c5b70bce1115c9cf21e17340bbf	기타PC부재공장생산	W_LEAF	프리케스트콘크리트공사 > PC부재생산 > 기타PC부재공장생산	TASK	ORIGINAL_KEEP	NOT_APPROVED
700d44e2086f7e3510b1c8592413bfd7174457af028cd6e2abd663a9660b7a9e	SINGLETON	2624	d16154140d6972d6846ee052a1e01347cc1da6133455492918a93812fb8c5e93	소형PC구조물공장생산	W_LEAF	프리케스트콘크리트공사 > PC부재생산 > 소형PC구조물공장생산	TASK	ORIGINAL_KEEP	NOT_APPROVED
8ec2cc808e50af2600e037cdc6d93e5a0551884be613b17f7d3c6231881658cd	SINGLETON	2625	6dc7e36ae639d777b0305c1bbaa423cdbbc09239cc75c5dd1dcef51d6748e658	일반PC구조부재현장생산	W_LEAF	프리케스트콘크리트공사 > PC부재생산 > 일반PC구조부재현장생산	TASK	ORIGINAL_KEEP	NOT_APPROVED
78667ee606b918b75d4ecd9e903c7a2e93548e314da292f68715e2f134fd2308	SINGLETON	2626	0e13bde5e27897fe3c10699b7403faacceaccc0ae2778b045346a5bf10883314	특수PC구조부재현장생산	W_LEAF	프리케스트콘크리트공사 > PC부재생산 > 특수PC구조부재현장생산	TASK	ORIGINAL_KEEP	NOT_APPROVED
b32eba72110b31e9759ffc30dd95961d023608b0a0ee3c0248bd22eacdc2b62e	SINGLETON	2627	137284d5da1f3b4b86f517453640c79069e005068289ce24f34df3b5502cb8f4	기타PC부재현장생산	W_LEAF	프리케스트콘크리트공사 > PC부재생산 > 기타PC부재현장생산	TASK	ORIGINAL_KEEP	NOT_APPROVED
8218e8727a202f926f45c60d6a1711ce3734d7722bb74641977b953977e5fdf0	SINGLETON	2628	832d7081ea569daa2c6e8c6a73f55e4f637a25167c0fe1738834525867c04fce	소형PC구조물현장생산	W_LEAF	프리케스트콘크리트공사 > PC부재생산 > 소형PC구조물현장생산	TASK	ORIGINAL_KEEP	NOT_APPROVED
e165ed64bfa19b15dd7f70936869885ec4741351e0dee1d7c16c769383ddb7da	SINGLETON	263	c8be52f082068bbc8a2285bed88627abadb82de4bf46ddc8af55c392e751177e	PC부재운반	W_MID	프리케스트콘크리트공사 > PC부재운반	TASK	HOLD_RESOLVED_TASK	NOT_APPROVED
6687836107bb3e7d0a4cdc3c83aedda7d8ac7eaa5618bd2b1bbe34550fe9c44a	SINGLETON	264	07341c776573199af8b2235389736753f5756770450e10db8e5111cc6c364ffb	토목PC구조부재조립	W_MID	프리케스트콘크리트공사 > 토목PC구조부재조립	PROCESS	ORIGINAL_KEEP	NOT_APPROVED
478736d51d40e0e8c95d0abff1e832a22ddd9fd9834f437ff8fb09afc6a4ce08	SINGLETON	2641	2fe7d0c7cc4f196049078178152b5cf7f950bae53062a852be02d68eed9891ca	일반PC보조립	W_LEAF	프리케스트콘크리트공사 > 토목PC구조부재조립 > 일반PC보조립	TASK	ORIGINAL_KEEP	NOT_APPROVED
3345b0a880ce8e44d60232565409d36adf08b1456a9ee557778cb92508bcd4de	SINGLETON	2642	b1b3c02002328b56f8a2b01da3263441a6ba965ff076a9da13c53794232bda82	프리텐션PC보조립	W_LEAF	프리케스트콘크리트공사 > 토목PC구조부재조립 > 프리텐션PC보조립	TASK	ORIGINAL_KEEP	NOT_APPROVED
d8dcf3688ddd3911f04c7591ba9d3d070bec7ebad39d2f81ca9310dcbb061180	SINGLETON	2643	0d813b0982fe51a6a8c62239ca8ace19df8f1fc1ab754909900dea3b8ac6bb1b	포스트텐션PC보조립	W_LEAF	프리케스트콘크리트공사 > 토목PC구조부재조립 > 포스트텐션PC보조립	TASK	ORIGINAL_KEEP	NOT_APPROVED
2bc09911e2a00bdbcfd30faf2027c12d267cb76f788f84005de03d49f70617e8	SINGLETON	2644	888ff3a7e0cb60ad1c349988cf178d4032b0beedfa37529e838b0fefa3e4ccf2	프리프렉스PC보조립	W_LEAF	프리케스트콘크리트공사 > 토목PC구조부재조립 > 프리프렉스PC보조립	TASK	ORIGINAL_KEEP	NOT_APPROVED
27c821d18b97b6f608886edbe2256e3622ff782aefb2c3555bfcdde51dfa3c2b	SINGLETON	2645	53a4bbb98930e56fdf84a48e8faebfc2b76492f497f63dfb19d56d30b11c2864	기둥조립	W_LEAF	프리케스트콘크리트공사 > 토목PC구조부재조립 > 기둥조립	TASK	ORIGINAL_KEEP	NOT_APPROVED
7746bbc8fc5a8ff3710d156df63650c2aae782b6622a8e900bac28f9f3e47c78	SINGLETON	2646	1b8be951bec6ac3940752879a2072e3a8e7fb97ecf3c102a215e87f1d42dc659	PC슬라브조립	W_LEAF	프리케스트콘크리트공사 > 토목PC구조부재조립 > PC슬라브조립	TASK	HOLD_RESOLVED_TASK	NOT_APPROVED
241e8cf487d9313c9bc87d252b8cda80fbcf84336e01ecedffea2fc005f4fdad	SINGLETON	265	c514d7739aeaff3ce58a37d43f33188bdbe7bcf52aa86a5a6c0e538c6870c137	기타토목PC부재조립	W_MID	프리케스트콘크리트공사 > 기타토목PC부재조립	PROCESS	ORIGINAL_KEEP	NOT_APPROVED
2b3f1f44c077431eb18333afd9af4016c7fe8e7c1ba7e3cae8fe0774ab341829	SINGLETON	2651	27c025db2f11a5813613bf60e767efcfd5b7c7188687f900611a3983c4887554	세그멘탈부재조립	W_LEAF	프리케스트콘크리트공사 > 기타토목PC부재조립 > 세그멘탈부재조립	TASK	ORIGINAL_KEEP	NOT_APPROVED
1b5fe88148c46cef4d8d7ab31a1199f3f8972780ca23ac8d08fec82be0bf6496	SINGLETON	2652	5400268a3f23d86a25c553214c3af2d90aa9c3f5ad8a261ac0b1a818c1ec9f87	지하도PC부재조립 - - 대․중․소 분류대․중․소 분류	W_LEAF	프리케스트콘크리트공사 > 기타토목PC부재조립 > 지하도PC부재조립 - - 대․중․소 분류대․중․소 분류	TASK	ORIGINAL_KEEP	NOT_APPROVED
8ea2a77853c0a58cedaff1e4f25ac4b8647fe3cba53a662065d6bd3018f643d4	SINGLETON	2653	9b0925d20816621e9b22502e740a12b3e68867c324d5b842e28a23e8fbbab1f9	암거PC부재조립	W_LEAF	프리케스트콘크리트공사 > 기타토목PC부재조립 > 암거PC부재조립	TASK	ORIGINAL_KEEP	NOT_APPROVED
d65964a503db888d8d4c26d0dc1a539b940355fb130fcd9b0b6d54a18ff90ace	SINGLETON	266	7230e15ca263ae9d733cabec0d0971abb0b3f0e5e2059cf0a98dfd1d1d73d9c4	건축PC구조부재조립	W_MID	프리케스트콘크리트공사 > 건축PC구조부재조립	PROCESS	ORIGINAL_KEEP	NOT_APPROVED
c59d1724914a3d54974ea2bb87922dbf3e48dce6738c2f032299ee0219d592cd	SINGLETON	267	57e5faf031c6579ace5cbd07f4943d3993a1c1223f6eadfe7d062e3acf11a155	현장틸트-업콘크리트공사	W_MID	프리케스트콘크리트공사 > 현장틸트-업콘크리트공사	PROCESS	ORIGINAL_KEEP	NOT_APPROVED
a35727bec64ace552ea87768f92eaa16bcde8af75c0da8aef1651a2880c7dc59	SINGLETON	268	7eb4e64be9df29fcaa2ece3d41973c572a41c6704e55c6a41e7356b413e21a79	PC부속공사	W_MID	프리케스트콘크리트공사 > PC부속공사	PROCESS	ORIGINAL_KEEP	NOT_APPROVED
7bff8bea4adadcc060b1da4fdcdc0495bb16bb4f5f03c3737862541ba252cbc1	SINGLETON	2681	d5ea915017e7f076451956e9fdab4d46f19c7e617f2e22f6ff57c93a9b59a9bb	PC부속재설치공사	W_LEAF	프리케스트콘크리트공사 > PC부속공사 > PC부속재설치공사	PROCESS	ORIGINAL_KEEP	NOT_APPROVED
1de6edbf54fb16a68cce24227808846671e18f26052abcc401d07ed7e2a48929	SINGLETON	2682	d1b90a65c1dad0b8b06dc9fa87e6d7ae12e921d461c70b4562d0a97f474e703b	PC조인트그라우팅	W_LEAF	프리케스트콘크리트공사 > PC부속공사 > PC조인트그라우팅	TASK	HOLD_RESOLVED_TASK	NOT_APPROVED
0159c0afba4f87a183671de62115913a8b31972b208227a187d443435754b047	SINGLETON	27	5abad6fd66555cb2dfa6e2bebdd6b6b4f284e898aa2097f09d948f30008041d0	강구조물공사	W_ROOT	강구조물공사	PROCESS	ORIGINAL_KEEP	NOT_APPROVED
a9b19d41db62b02d613b384de089cb125f4481f51cc8fb9af7f657c10b31e7dd	SINGLETON	272	4923e964c0059bc1defe885cc4323b8243e03fa671d8fb117836e0c1aa27c549	철골가공 제작	W_MID	강구조물공사 > 철골가공 제작	PROCESS	ORIGINAL_KEEP	NOT_APPROVED
4532feab3011c0f3e3dbc4f8ebdbc1bbb57fd2e8af87eba34cf03e3187886c2c	SINGLETON	2721	9fa3a80d7efb47607e5dbcea0042101412654f57a9b5881f2085cadb20d6a5f5	철골공장가공 제작	W_LEAF	강구조물공사 > 철골가공 제작 > 철골공장가공 제작	TASK	ORIGINAL_KEEP	NOT_APPROVED
b1e507d90ce24d1ba45813dbb84ce03f84f98d8500819efd5fec679b291d451c	SINGLETON	2725	500bc0bd19b681beaae3720a98a3767ccb2418fcdaaf7aef1a5df757268e90c1	철골현장가공 제작	W_LEAF	강구조물공사 > 철골가공 제작 > 철골현장가공 제작	TASK	ORIGINAL_KEEP	NOT_APPROVED
8f21587ec43018940afb947efb86af08c59f4ea101a9360830238770576fe31b	SINGLETON	273	643f650fde14f9a77eda98a2646a317578b5df27ead8b9e46a46887c82a69823	철골조립및설치	W_MID	강구조물공사 > 철골조립및설치	PROCESS	ORIGINAL_KEEP	NOT_APPROVED
c3a4af8250b2ddde9a57933d9f504f0c07253c6585e858fcf0c3c23717a5f079	SINGLETON	2731	a88fb8f2c2a4764d71b4de93711f9c161ad07925c2fafe44cbe9750981dba67f	강교조립및설치	W_LEAF	강구조물공사 > 철골조립및설치 > 강교조립및설치	TASK	ORIGINAL_KEEP	NOT_APPROVED
a7f8d16d41e860d90ed4a4758bc29bdcc38955ffd7302bd8acb44014b5d64dea	SINGLETON	2732	9db0343163850b56ee30adc7fa7e6f5488e1a44ac64495efcce6785b2974f836	건축철골조립및설치	W_LEAF	강구조물공사 > 철골조립및설치 > 건축철골조립및설치	TASK	ORIGINAL_KEEP	NOT_APPROVED
3af8899fd0419578df83afe79beaaebcf1f336301fc986bf262e0f4c0b5c2d4c	SINGLETON	2733	7b47b4e2944ff68244cba4de9accb8da252d2243746aa3788aae9d6d74ff0d8e	플랜트철골조립및설치	W_LEAF	강구조물공사 > 철골조립및설치 > 플랜트철골조립및설치	TASK	ORIGINAL_KEEP	NOT_APPROVED
290d01355efefc442840566d9e4a27899ae6a6a41a51f28bc140c18f98374bee	SINGLETON	2734	ca6b18afd8433f8a9c796ed812401d7be2c9ee93c9a721a995318e16fb3d9916	경량철골조립및설치	W_LEAF	강구조물공사 > 철골조립및설치 > 경량철골조립및설치	TASK	ORIGINAL_KEEP	NOT_APPROVED
8ddb9d12db1eb623a8ed07d879759d57032095e6edaa0eed152d8b73ef5ba4f2	SINGLETON	2736	728d700326ba97e026fa390dd99b19ce81e38c59b8e6395a19509a7bbc829968	구조용알루미늄조립및설치	W_LEAF	강구조물공사 > 철골조립및설치 > 구조용알루미늄조립및설치	TASK	ORIGINAL_KEEP	NOT_APPROVED
894d7093086b3017def26a1e2260a364fa47f606c33ec7b2fd42a620ed0a394e	SINGLETON	274	360ea08ac9ce35e56e88806535838882b2cb2c8fbf75663934d5a7fa4672a3b5	금속바닥판및부속설비설치	W_MID	강구조물공사 > 금속바닥판및부속설비설치	PROCESS	ORIGINAL_KEEP	NOT_APPROVED
7653ce9c87a830de615a7872b94f36b4f95c24e3061fde52463033cfe2e1e438	SINGLETON	2741	36f8e1c92bcbd998af5a77cfc9f1e695af730e205d0fd2513e4f294dca8c4dc7	바닥판깔기	W_LEAF	강구조물공사 > 금속바닥판및부속설비설치 > 바닥판깔기	TASK	ORIGINAL_KEEP	NOT_APPROVED
ee18220e1e4a8324af2d5cbfa2f2561fbbcdf820aedda7a08111390db0e9377b	SINGLETON	2742	456156e1099f1ac108926cf0b6757085e31a802d69e476141398a3270121b162	철골계단설치	W_LEAF	강구조물공사 > 금속바닥판및부속설비설치 > 철골계단설치	TASK	ORIGINAL_KEEP	NOT_APPROVED
ae98c6091dd38daa07cf5b8d0a6787234d1d84f26827c0621f3184d862c1980f	SINGLETON	2743	08deb8f7d068bb9d3142218c447c75aa873e48f853d40ca0feba9795ba32902e	회랑 통로설치	W_LEAF	강구조물공사 > 금속바닥판및부속설비설치 > 회랑 통로설치	TASK	ORIGINAL_KEEP	NOT_APPROVED
25a54deb7083b33507aa5a73fdea688a17256e0bc6494bfa324e646bed130b7d	SINGLETON	2744	106270f50cb7f03e33842592ce2385d59c55dae71e944810fccc35b36fcb2bd3	계단 회랑 통로난간설치	W_LEAF	강구조물공사 > 금속바닥판및부속설비설치 > 계단 회랑 통로난간설치	TASK	ORIGINAL_KEEP	NOT_APPROVED
3b8e15aef8d1cf78ed0f6af8044dd411b9e3189c9b1cf5cf9aa31b060ab8ab62	SINGLETON	2748	0108b65a9e55416d44e0305eb7644d6b7571b7a67cb3a505f734e73325efcb02	토목잡철물제작 설치	W_LEAF	강구조물공사 > 금속바닥판및부속설비설치 > 토목잡철물제작 설치	TASK	ORIGINAL_KEEP	NOT_APPROVED
e7b2885e1bfe92f116c5f7a790ef9390c064d76e62ebd3655eb8fd8ff8203a3e	SINGLETON	278	6f3669ae9ec26d86354f344c1e1a7996b4ecb411e8dc0a0b460fcdc301940e20	철골내화피복및도장	W_MID	강구조물공사 > 철골내화피복및도장	PROCESS	ORIGINAL_KEEP	NOT_APPROVED
e28797a8110751205a06b5e1a960d5b85c61f3ff7158eea05e87d6fc23ef4f1f	SINGLETON	2781	61e033b9c18cd727fb8e33bbe170d902273139ce0036b6684f1b52a36ec266c2	철골내화피복	W_LEAF	강구조물공사 > 철골내화피복및도장 > 철골내화피복	TASK	ORIGINAL_KEEP	NOT_APPROVED
954af7f796af6729ca14c96447db4f0e030ef961edf3c87661d997fd0de22afb	SINGLETON	2785	b4b1c3adb878fdf18a4aee0774a067d1d744327968593f199d4869621efd33b0	철골 강교도장	W_LEAF	강구조물공사 > 철골내화피복및도장 > 철골 강교도장	TASK	ORIGINAL_KEEP	NOT_APPROVED
a3116afd51a8c076f7b6e832b64442a5ecffecfcae3ed6c03770ea81bb273df5	SINGLETON	279	ef30b16557057598271d9d495c6e0f76860b6796bb3e5e8b426c26a8f31e749e	기타강구조물공사	W_MID	강구조물공사 > 기타강구조물공사	PROCESS	ORIGINAL_KEEP	NOT_APPROVED
b15cd2beb1d4901b6d710f491abe2a583003fdfe5fe6d98842ce0257c9159552	SINGLETON	31	0b5d8548b3bd86a2b349a375bad2d0663ac228ead7ab53ee77649882199e5643	토목배관공사및배수공사	W_ROOT	토목배관공사및배수공사	PROCESS	ORIGINAL_KEEP	NOT_APPROVED
4f2e093b95fb979b6e7fe6f6e15610c29313de754e86cf0d7afde24ec2151dee	SINGLETON	311	bd90ea68420260c25122b721a943a0c96032f06305512a5ea784c26a482d2f23	토목배관부설	W_MID	토목배관공사및배수공사 > 토목배관부설	PROCESS	ORIGINAL_KEEP	NOT_APPROVED
e88c9f6b19dfd56a209f04f3af68e12f86f754d622c73a5848b30bd91ac4639d	SINGLETON	3111	0b837aed2088bd4ddb5f739a4750fffdc298e196e54386d594ec38dc8c5396e1	콘크리트관부설	W_LEAF	토목배관공사및배수공사 > 토목배관부설 > 콘크리트관부설	TASK	ORIGINAL_KEEP	NOT_APPROVED
106095f71924384fb6883c27185490a29683f9ce6af50a8e71a082b6b132a447	SINGLETON	3112	cb9b1c3b9838c4a6d0e24af3c164cbf83fafa05c67eceb911f704778da7c2103	금속관부설	W_LEAF	토목배관공사및배수공사 > 토목배관부설 > 금속관부설	TASK	ORIGINAL_KEEP	NOT_APPROVED
7bf278541877f4e20baa73c0ba0493c6a18892d4c525e53d9221d8620c0d69cf	SINGLETON	3113	f640b3d20262dd1aafb8d47fb94a381e21fee7710f18586cbfc3967744c779b1	프라스틱관부설	W_LEAF	토목배관공사및배수공사 > 토목배관부설 > 프라스틱관부설	TASK	ORIGINAL_KEEP	NOT_APPROVED
ab5cb14d0f35c4b9c8716882ac8be1f632db619bed3db9e612c87d77954024a0	SINGLETON	314	693e3ce3b0d9c873382dcaa5f43db9da486f06e528222facc36d568297b97a2e	토목배관부대공사	W_MID	토목배관공사및배수공사 > 토목배관부대공사	PROCESS	ORIGINAL_KEEP	NOT_APPROVED
41a37bac95ce320d09ae7ac52c36a63069504551670a1d6eed09dda5a8aec88f	SINGLETON	3141	a11ca17165e2fab37c672db4f98aef24d69425990fc5562991c16eb864803459	배관보온 보호공사	W_LEAF	토목배관공사및배수공사 > 토목배관부대공사 > 배관보온 보호공사	TASK	ORIGINAL_KEEP	NOT_APPROVED
f7532ac33b98fe1ee59574d35e2192a05a31b64fc95cc9c59b238108177e8b06	SINGLETON	3142	b0b7c5991bcfecc4b086f615d14f82dcc5f247d2a7b2151e51d14490deb1e7c8	구조물배관접합	W_LEAF	토목배관공사및배수공사 > 토목배관부대공사 > 구조물배관접합	TASK	ORIGINAL_KEEP	NOT_APPROVED
925b310d5460365fd932b25f8fbbdc6addd19ea907c677cfd766d65ed7dc6770	SINGLETON	3143	d9789a4302f129073a3ee4db9e48aac09a768fa511ea337714671cacbbc1cfcd	관부사	W_LEAF	토목배관공사및배수공사 > 토목배관부대공사 > 관부사	TASK	ORIGINAL_KEEP	NOT_APPROVED
e68637f9e92f0b2dfdc99dacef3940f05a8b866f2fdcbf554edc0c908d778f1f	SINGLETON	3144	80a213196084e4204d18c157f65b8e83c9b4e26023601e348a699a5d514e81cb	검사관설치	W_LEAF	토목배관공사및배수공사 > 토목배관부대공사 > 검사관설치	TASK	ORIGINAL_KEEP	NOT_APPROVED
2f57bad1368df5f8d8564e0fd5d84dfc4e74a9df09cea6dd0a34ceca2ae1d378	SINGLETON	3146	dd9a393c7bbb0fb673e177ca483f926649c30bd00d4291df3ec9b4b063ce4583	경사판설치	W_LEAF	토목배관공사및배수공사 > 토목배관부대공사 > 경사판설치	TASK	ORIGINAL_KEEP	NOT_APPROVED
b524bc0e73b53bbf6d149d64d04fa2867d8d96672f3a16ff8d608bd31cab85dd	SINGLETON	3149	ad1f5fcc98fdd185ff16f002276aeded6acea23cd6644f2dc75445e1f05a980d	기타토목배관부대공사	W_LEAF	토목배관공사및배수공사 > 토목배관부대공사 > 기타토목배관부대공사	PROCESS	ORIGINAL_KEEP	NOT_APPROVED
512d3906fcf9a0079a12b908c439663d6703b7d06a660b8da1218d18275559b2	SINGLETON	3157	0fffe84b364dcc2d6af1cee83bdc678c03d053a72ce292f99087994fddb00a01	여과설비설치	W_LEAF	토목배관공사및배수공사 > 토목배관부속설비 > 여과설비설치	TASK	ORIGINAL_KEEP	NOT_APPROVED
eb0b1e8ac0c91157de26d21c83934d188ce64972b62ad553afa0b9570dc1d2b2	SINGLETON	316	43a3bc99d00e52448f7c527023993e949657c1564386832e2f2ce7a0c7909d54	상수도관갱생	W_MID	토목배관공사및배수공사 > 상수도관갱생	PROCESS	ORIGINAL_KEEP	NOT_APPROVED
28a7f4186fbab2677155050a78cd9eaa930624e14574a13a56ffcf7d01dd653b	SINGLETON	3161	36f50407f54a96e6eb9af063f312646affe127f18634ca1049458e91bcb1d35e	상수도배관검사	W_LEAF	토목배관공사및배수공사 > 상수도관갱생 > 상수도배관검사	TASK	ORIGINAL_KEEP	NOT_APPROVED
b0741454b9d33e4490fe45f8b4a2908be50a14cae33376b6ba8720947c5a6fa0	SINGLETON	3162	6feadf753b3cd0045ce91321fa6b0d3277766ae77f511ed0d275e2924d9ac8ab	상수도배관청소	W_LEAF	토목배관공사및배수공사 > 상수도관갱생 > 상수도배관청소	TASK	ORIGINAL_KEEP	NOT_APPROVED
ccddfaaf92e40d4865f46db3e89f447c8859774867b15f58f3a2e029e488b40f	SINGLETON	3163	8fd4d570477fb0bdf5802cdeb109d941235e3232cacdb4d715b0053d4c9dc508	상수도배관내장애물제거	W_LEAF	토목배관공사및배수공사 > 상수도관갱생 > 상수도배관내장애물제거	TASK	ORIGINAL_KEEP	NOT_APPROVED
8cc2837043ab3c280cc188cfa873761bbbb5dbe7e89c601ebadc66dc5ba05ea4	SINGLETON	3164	6577885572a50f97fcaf107c735ad26c2e3384530b0f190ff254f66e54af9ce5	상수도배관보수	W_LEAF	토목배관공사및배수공사 > 상수도관갱생 > 상수도배관보수	TASK	ORIGINAL_KEEP	NOT_APPROVED
df10084ef3420d232661a9ae119d90168b42921a54c7076b7b197b6c5485e5f7	SINGLETON	317	5088b148117fb6702c4ca7758cf954f61a19ba612a260b64fdecac572f90e33b	하수도관갱생	W_MID	토목배관공사및배수공사 > 하수도관갱생	PROCESS	ORIGINAL_KEEP	NOT_APPROVED
4c3bd67daf652eb29274f81c1603cc9b9fab83645d5c9bbc0d2f2a1e1cd4556d	SINGLETON	3171	6e2364cb64ad350f918a250902855ce4147fc7831800f044cc2043fc3595c55c	하수도배관검사	W_LEAF	토목배관공사및배수공사 > 하수도관갱생 > 하수도배관검사	TASK	ORIGINAL_KEEP	NOT_APPROVED
3dbe53b9b87457e3770ddee6aa72481e755904f36648ba42524abc65ceefc81b	SINGLETON	3172	20ae6c3e01464dc91a126f52c1201c1080c505b8f706f4d163b9a32b5b78977f	하수도배관청소	W_LEAF	토목배관공사및배수공사 > 하수도관갱생 > 하수도배관청소	TASK	ORIGINAL_KEEP	NOT_APPROVED
b787fb5dff70a08dc127bf096bc06975888d0808e9d52fb9c1c02449f64bedcc	SINGLETON	3173	208a494578492169a7e528a1cfda0f108e327351ecb457e46940a71e21fbceb2	하수도배관내장애물제거	W_LEAF	토목배관공사및배수공사 > 하수도관갱생 > 하수도배관내장애물제거	TASK	ORIGINAL_KEEP	NOT_APPROVED
e65bf1cd77644a54e1893d8eb716652c0e168865e1aceb3c23fb9526b31a3488	SINGLETON	3174	17b668b77f2f92bd5b4179dfc5441f134164fa6a5690830c0e1efdaf79ba7243	배관내부준설	W_LEAF	토목배관공사및배수공사 > 하수도관갱생 > 배관내부준설	TASK	ORIGINAL_KEEP	NOT_APPROVED
a57c24ef4cc08fbc48eac869a59f35817fa925cdb73a32de231faff945fecbc5	SINGLETON	3175	94ed32e6578bd4eac1963e6bdb407b627b29c108fee07513ee27e70b413f93ea	하수도배관보수	W_LEAF	토목배관공사및배수공사 > 하수도관갱생 > 하수도배관보수	TASK	ORIGINAL_KEEP	NOT_APPROVED
9d08608a7869c37de6430fd6bc8d4ab616d9d7366068bf91c791a920227e9601	SINGLETON	32	aee11b43857ca937356a6bdc07d4c07bcfb4a907295f6d438907f6bc4c18f3bd	포장및도로공사	W_ROOT	포장및도로공사	PROCESS	ORIGINAL_KEEP	NOT_APPROVED
ad52ec48aec12c096ed53d6e802060a29abfdddbc8cf6e7762c5945e04534786	SINGLETON	321	089ef8961de7f5991c55ab089ae6d5bb662c7676c6eda73bb4b816eb7fad9d7a	아스콘포장	W_MID	포장및도로공사 > 아스콘포장	PROCESS	ORIGINAL_KEEP	NOT_APPROVED
41b9ce338d606003a402c2bb1777782ce46ce7d5adc10065a7788b7b4558539b	SINGLETON	3216	4cb2ae86d2859a0d221bfd7df3c3690b051a7c678963f0f8c20ddcb41ce97183	교량상판포장	W_LEAF	포장및도로공사 > 아스콘포장 > 교량상판포장	PROCESS	ORIGINAL_KEEP	NOT_APPROVED
0a8ead19e5d1f9a301eabb551149fe3400405a1a55763aabf2e793b7f824f5b3	SINGLETON	3217	d94b308c01f54672af85c7958c0e1d2f0bd164bc140a5ddd30740dc8e81aa706	미끄럼방지포장	W_LEAF	포장및도로공사 > 아스콘포장 > 미끄럼방지포장	PROCESS	ORIGINAL_KEEP	NOT_APPROVED
190d77b417004dbf747302756abff5a14e59aae27f3ac18739535d323afe8123	SINGLETON	3218	8b6d0b79c9140ba10fb4429563d39fab1b28cc857e24510f193b7da67817c28f	특수포장	W_LEAF	포장및도로공사 > 아스콘포장 > 특수포장	PROCESS	ORIGINAL_KEEP	NOT_APPROVED
1cd23a808787268e00b50146106a9c6d46975520ee0b11caecc7264a530ecd8d	SINGLETON	322	1e7f3d26e5a96268c5f1cde639a863901f5c54f4b8b40502491ef40c5a897421	콘크리트포장	W_MID	포장및도로공사 > 콘크리트포장	PROCESS	ORIGINAL_KEEP	NOT_APPROVED
875b01f64ef1c4f9ac210f9df82dd31524bc6362deb4d6e74793dcae575bc864	SINGLETON	3221	0b6fd762d4da1f1675481bb05b95df913b17e7e50935eed4900f570738391fd9	포장콘크리트포설	W_LEAF	포장및도로공사 > 콘크리트포장 > 포장콘크리트포설	TASK	ORIGINAL_KEEP	NOT_APPROVED
e9d5097280eead87de1f8ee9e24cd53c94b90fa52276ada446bf13467c8c8f72	SINGLETON	323	c3d4c392bb14848bb4bbae07794d92121d60b0e8663824546f0aa77012d215d3	경하중포장	W_MID	포장및도로공사 > 경하중포장	PROCESS	ORIGINAL_KEEP	NOT_APPROVED
44ab508840976b882aaf47188aa2db2278701921df40269b5aa8301ddd420bbd	SINGLETON	3231	8cbbe33ec6f1d1c0a6ab3d736bf99b242559d90f2bd7a46f86812421c5a257b9	머캐덤포장	W_LEAF	포장및도로공사 > 경하중포장 > 머캐덤포장	PROCESS	ORIGINAL_KEEP	NOT_APPROVED
6e1db4f1a74f6d59f1562f4a2f2dd9316771f23032e12269be387c58b5d5fe37	SINGLETON	3232	3f5696a9f3cf7dc2c02ee6070dc8112b9cd2972efaca23878939c60f860f8a00	경하중아스콘포장	W_LEAF	포장및도로공사 > 경하중포장 > 경하중아스콘포장	PROCESS	ORIGINAL_KEEP	NOT_APPROVED
53e723e6c98f5a77418ccc836150e94446eed260eb4fec012b2a3548f06e8622	SINGLETON	3233	db4fdc61a957478824a3ca78eb2da42a21755082c47ab91da5f069cef172bbd5	투수콘크리트포장	W_LEAF	포장및도로공사 > 경하중포장 > 투수콘크리트포장	PROCESS	ORIGINAL_KEEP	NOT_APPROVED
98cc57b6dbd1611ac5fe9fbf2ddd4e762ed3541c1635472a90dce03a371ed2fa	SINGLETON	3234	820c688fb95b871c0ea88272fdea677ced3f6ca7253fc552200baea46968e56a	보도블록포장	W_LEAF	포장및도로공사 > 경하중포장 > 보도블록포장	PROCESS	ORIGINAL_KEEP	NOT_APPROVED
a99842befdc7bb79a03921ad724c4b5e2942d93d8d415e3aaea19cbdfa508e2d	SINGLETON	3235	d51b69c570ddce4fbbd932b679ac2d535adba6884815f0ffe19cbe903f885611	우레탄수지포장	W_LEAF	포장및도로공사 > 경하중포장 > 우레탄수지포장	PROCESS	ORIGINAL_KEEP	NOT_APPROVED
6b8e29a985e54b80a3ee2e22d893d1a0cb4e6109aae032e81177fad4e180cb5e	SINGLETON	324	f5b770845f35b351dd688dfd4449a4028f10ce66c54dcfca93c0c435d3993f49	도로배수시설공사	W_MID	포장및도로공사 > 도로배수시설공사	PROCESS	ORIGINAL_KEEP	NOT_APPROVED
cfc210d4f9cffc865aece6b2dc5d3b066d5510af566f98a8f35fc611d1ecf52d	SINGLETON	326	4687e51728bf58ef80900b750d333c262d56e4a4bd1f34a922335ae1e5dcfc3b	도로안전시설공사	W_MID	포장및도로공사 > 도로안전시설공사	PROCESS	ORIGINAL_KEEP	NOT_APPROVED
284ace37f54c74d3c98c3b64716f6f4c11fad3feaf6fa0a30011be6992c8bc98	SINGLETON	327	bea237378e4df5bdb100289fc2f078e250673e441d34fd953bbf851dbe9d82a4	도로표식시설공사	W_MID	포장및도로공사 > 도로표식시설공사	PROCESS	ORIGINAL_KEEP	NOT_APPROVED
aaec78d5502f2db4c028c040ca27b613454195907c0e2b949fbd0b2ab181d5f3	SINGLETON	328	55531efaf58f0d226b2d69fba2135c276b4275e92f268fe495960c5b4ab04990	포장면및도로보수	W_MID	포장및도로공사 > 포장면및도로보수	PROCESS	ORIGINAL_KEEP	NOT_APPROVED
263630628061dca5e0f87318ac7e703f8a23aa269fb433175762f90cac07f51a	SINGLETON	3281	c9f147055ac93971ef1f3a6855f26bfb96e3c1812221b04801423df446401a15	아스콘포장덧씨우기	W_LEAF	포장및도로공사 > 포장면및도로보수 > 아스콘포장덧씨우기	TASK	ORIGINAL_KEEP	NOT_APPROVED
3a1b62d39d66f7151606d2ee98064e3a5381e44f0b11d12bfcfced8730c972c8	SINGLETON	3282	07e804bf5c4a2c01205309a740af181e4071a571c2ab2e2628135c6ee817d8d8	아스콘포장보수	W_LEAF	포장및도로공사 > 포장면및도로보수 > 아스콘포장보수	TASK	ORIGINAL_KEEP	NOT_APPROVED
94214fcab50cdcc71c68e401e415c8f01020eddcf3eaf37e7efaf53dee4b5917	SINGLETON	3283	c451f22fb908b062ca4aa6170f513b013bfc2c43becf6bd797ee36867ed0353f	콘크리트포장보수	W_LEAF	포장및도로공사 > 포장면및도로보수 > 콘크리트포장보수	TASK	ORIGINAL_KEEP	NOT_APPROVED
c9c82aa3be8b44433c0e8c2b6b2029641b83ffbcc6cd5d1819d9cde749c7cb74	SINGLETON	3284	c3725f26b29c139e4a13051dbc599a365f4c0674c5d6a3694ed1cceecdff4d49	경하중포장보수	W_LEAF	포장및도로공사 > 포장면및도로보수 > 경하중포장보수	TASK	ORIGINAL_KEEP	NOT_APPROVED
571d193a16c84db193b5f282dcdc92dd3a9717d4664c18940b186a5399aa42cb	SINGLETON	33	ac368a0c0f1a47de02b0719a7260cce334402d73f5b81c14790a33504c7de5af	궤도및철로공사	W_ROOT	궤도및철로공사	PROCESS	ORIGINAL_KEEP	NOT_APPROVED
01cf3373ebf183d4037b67bddd2d8679dcd717e985022494af1f6c6742756512	SINGLETON	332	4620e6da69b8a8c0b33e25653440be8673ed37109497ef1731a3a7bdf2f7ead6	도상설치공사	W_MID	궤도및철로공사 > 도상설치공사	PROCESS	ORIGINAL_KEEP	NOT_APPROVED
4bef9522995ae0ac555954d5914cc664a756015549162fb91c751f9c94780d89	SINGLETON	3321	affac27e44636849b3675072efe97fba53c5ea7681a613904df17a1801bca937	자갈살포다지기	W_LEAF	궤도및철로공사 > 도상설치공사 > 자갈살포다지기	TASK	ORIGINAL_KEEP	NOT_APPROVED
9392db76a86f5259061bf369afb28ddbb8a5711b831558e71f9174fe227a8dcb	SINGLETON	3322	4b95ba152348f7eb53f960f9b1a6049f7edd37ff9163910bea5618d3b149bc75	자갈살포고르기	W_LEAF	궤도및철로공사 > 도상설치공사 > 자갈살포고르기	TASK	ORIGINAL_KEEP	NOT_APPROVED
78a6f187225b597999fcadab5871a7715b1b2ab22d4722e2c4e29edfc2f0fdff	SINGLETON	3323	1bd3d25421bafa6a46070f01969a16824bdf3d58de23306000668e512e045308	콘크리트도상설치	W_LEAF	궤도및철로공사 > 도상설치공사 > 콘크리트도상설치	TASK	ORIGINAL_KEEP	NOT_APPROVED
465a4ce30c7c27ce67160f99fd7ea254cda54b284306f898c967d57493698baa	SINGLETON	3324	9b88bee4db4ad42e00ccbe59b3bde7d7250c41be23ba6368c4383a512f1df77e	프리케스트도상설치	W_LEAF	궤도및철로공사 > 도상설치공사 > 프리케스트도상설치	TASK	ORIGINAL_KEEP	NOT_APPROVED
6eca78379c93853863766d02655b1003ca45241d359ae85d92aad4c0ba2d84aa	SINGLETON	333	3591bc7a2165c398aabb67d275880f5db897c0ccf10a657feca79912908b4802	궤도부설	W_MID	궤도및철로공사 > 궤도부설	PROCESS	ORIGINAL_KEEP	NOT_APPROVED
2223b6185d7fbd3db8fd21b1d1175929ced12ac8d841626dd375d8a05d14a854	SINGLETON	3331	2a9a88b556eec1537a579ef59c121ad502c862ea38e75d60cc3954d6919b7426	궤도자재준비	W_LEAF	궤도및철로공사 > 궤도부설 > 궤도자재준비	TASK	ORIGINAL_KEEP	NOT_APPROVED
abe843723fa72e29b63dae487280c79e637c94c4177c8a35daf05559301682f0	SINGLETON	3332	a8e77a2f764f0074d15488edaac866ec3a669d5b5009a8a3074abe576cdb54b9	침목깔기	W_LEAF	궤도및철로공사 > 궤도부설 > 침목깔기	TASK	ORIGINAL_KEEP	NOT_APPROVED
026bdfc7c0996ab971d21d40af9c61a60acef1e1c14009b8fbcf4a63d358760d	SINGLETON	3333	6efa7d4cee03e66aa6a59e930449b9c4a1e173a0bdaa7e575b37d64dd6e9cf4d	궤도부설및레일체결	W_LEAF	궤도및철로공사 > 궤도부설 > 궤도부설및레일체결	TASK	ORIGINAL_KEEP	NOT_APPROVED
d269e394152ef8d84bbdecf3fba86926d0eacdc79a0dee36c0525c762c912973	SINGLETON	3334	fb2440cf3e3ae4edf4c52f67fe8da2d85ad3adce852e1c1f4535cdedeae33370	분기부궤도부설	W_LEAF	궤도및철로공사 > 궤도부설 > 분기부궤도부설	TASK	ORIGINAL_KEEP	NOT_APPROVED
82406070369b91e38f4020db024817870deea09b198e4131d65466235fb4f559	SINGLETON	3335	1250e2ca29829434cdab03833651318b7e2a844df16b7c149341c1d2b0af3999	궤도현장용접	W_LEAF	궤도및철로공사 > 궤도부설 > 궤도현장용접	TASK	ORIGINAL_KEEP	NOT_APPROVED
f7eb29fc70fee2fbfc58c457b21380387a748a6fdcab112ffe168f5fae809e0e	SINGLETON	3336	db7161f9ba5a23afdad0921ca09c5a1b972f4912d342b2bcf09c4289a0a4fd4f	레일신축이음장치설치	W_LEAF	궤도및철로공사 > 궤도부설 > 레일신축이음장치설치	TASK	ORIGINAL_KEEP	NOT_APPROVED
edcc289e8e287947375272afadeba14dc9c442c429193054b4bc75a3ca812764	SINGLETON	3337	3903085a456e9d4266349a008915b4d31633a608e7b8c39e6856746ab6772c74	웨인뎃트포인트붙이기	W_LEAF	궤도및철로공사 > 궤도부설 > 웨인뎃트포인트붙이기	TASK	ORIGINAL_KEEP	NOT_APPROVED
cfba5073ae85c3893b18caa7ea198fc192507e0f8b6e4628cc32f1206b765d64	SINGLETON	3338	c7cbea02f75301c870113ee15d70708ba12ee78dc2e273e50c149afbacc5a429	궤도교정및시험	W_LEAF	궤도및철로공사 > 궤도부설 > 궤도교정및시험	TASK	ORIGINAL_KEEP	NOT_APPROVED
89ef8aed6032f0f30ffeba6d54156fb67ef5d13f1417ba343a09c401f50eba90	SINGLETON	3339	1df6f2246519d6b2867d9e0a079e285be2820d3bd64c2e4264eef5d167b07d82	기타궤도부설	W_LEAF	궤도및철로공사 > 궤도부설 > 기타궤도부설	PROCESS	ORIGINAL_KEEP	NOT_APPROVED
32dd7d37c2be30a00201eafed5f2957ce9be85730a29767875f1fbce826b3c52	SINGLETON	334	6e5dc9285fed1a22edec44235cfc3d3d0e8b2e13428ee499c806bd91dea8960b	분기기설치	W_MID	궤도및철로공사 > 분기기설치	PROCESS	ORIGINAL_KEEP	NOT_APPROVED
a5dd901414eece0b52464ba8a3e7f4b291c5861e10dc4ac8b581628faf65cd21	SINGLETON	3341	9dae7b491ea15df558ee344f35b56bb9d4749ea54662a2b1ad703e6e81706fc6	일반궤도분기기설치	W_LEAF	궤도및철로공사 > 분기기설치 > 일반궤도분기기설치	TASK	ORIGINAL_KEEP	NOT_APPROVED
aeeb6de9f457790760b59de05f20d54955228560239e5211d46d19f57e2fef8f	SINGLETON	3342	9c82543230e9b7631c99dca6b8f9e275389cfd3466e90fe0b36110348c9e79c1	치하철분기기설치	W_LEAF	궤도및철로공사 > 분기기설치 > 치하철분기기설치	TASK	ORIGINAL_KEEP	NOT_APPROVED
7f3096c3b1ffcbc09399fbb58b6bbd30a438e0659db4c98e16b831094794ba0d	SINGLETON	335	456cd1071cce6a6b1f6e575d59566b60dec875fbb236a56a4c6c8565cbe986f9	건널목공사	W_MID	궤도및철로공사 > 건널목공사	PROCESS	ORIGINAL_KEEP	NOT_APPROVED
0cdf9d0f486e1be1b488f201687953ceacccce9b6812a91483c03cd0e4347318	SINGLETON	3351	efa6117fd30a55f77e32deef46340d2edfef72a93b8e0d9a4f9e35a3bfca1e36	건널목깔기(구형)	W_LEAF	궤도및철로공사 > 건널목공사 > 건널목깔기(구형)	TASK	ORIGINAL_KEEP	NOT_APPROVED
7be252a6ee307aae0aaeb7e639cc8a086d9fcc4380867da7cef6c753c4d80e63	SINGLETON	3352	89c6a93bdddfabac79d696d09499fafcb8130aba0a854ca47e128dc25e11264c	건널목깔기(개량형)	W_LEAF	궤도및철로공사 > 건널목공사 > 건널목깔기(개량형)	TASK	ORIGINAL_KEEP	NOT_APPROVED
2e224943f999c88f0c671f50f59d023c08f6b74d2a90e1da9908757a7490512a	SINGLETON	337	cee9973441f21da072871c3cdf49f5b08c8febe7aac8b49e10739c25fe341e11	철도부속설비	W_MID	궤도및철로공사 > 철도부속설비	PROCESS	ORIGINAL_KEEP	NOT_APPROVED
f6136315a802d17c09823869f297e255f8b0b49136bab52bd53e6550b65817cf	SINGLETON	3373	839c032477c382921b6cd68c516d3dc64aeeab5c803077418203db730d23995e	레일도유기설치	W_LEAF	궤도및철로공사 > 철도부속설비 > 레일도유기설치	TASK	ORIGINAL_KEEP	NOT_APPROVED
9ed800b6570d39ac38f5b3202f23981e90d8eb5f37d7e7a332ddcaf782dffd65	SINGLETON	338	5b5a63178cad24e81f0805add9a6a5abca3a74cc47046d945e3f7325098d3835	철로보선작업	W_MID	궤도및철로공사 > 철로보선작업	PROCESS	ORIGINAL_KEEP	NOT_APPROVED
fa30c32dc5a3445a9fdafde308d4124dd04332a5b62bb544ffe66486289a3c90	SINGLETON	3381	e508abe893d01d2ba454dedc182ad344d17d4311a5e3d904613ed81b017fc834	레일보선	W_LEAF	궤도및철로공사 > 철로보선작업 > 레일보선	TASK	ORIGINAL_KEEP	NOT_APPROVED
164c785016186f7397d6674e9c7b1057f9c1092464fb02c004a6d7b8761b248f	SINGLETON	3382	32cbf1e5cd70e8ee3ef56f82774f97e742520d279e567420a5aec9f37c18db77	분기부레일보선	W_LEAF	궤도및철로공사 > 철로보선작업 > 분기부레일보선	TASK	ORIGINAL_KEEP	NOT_APPROVED
51385783f046c24afb343e4ab28aa3a46cd8e6741f5061df2b224abf55d2fb15	SINGLETON	3383	49680a6ece654e42c82edac48e7c4cb2a19e9528cbde7830693514b51504b7e9	침목및체결보선	W_LEAF	궤도및철로공사 > 철로보선작업 > 침목및체결보선	TASK	ORIGINAL_KEEP	NOT_APPROVED
a2b8b0a9e830ef81658c6f273ba1ebb7b8821de4f51ea3d78cab4c3481e7b749	SINGLETON	3385	76fcac6b33753c21c7459d888f6516c738089d198b4a98d5d10496bfa1926ed3	철도자재교환	W_LEAF	궤도및철로공사 > 철로보선작업 > 철도자재교환	TASK	ORIGINAL_KEEP	NOT_APPROVED
00554e9bb6c2daf54d786c9b0c5a188739603a064478c61a180a643b5db2f2aa	SINGLETON	3386	add5bd3381acccf7b34c11e84751b1fba88a257fafa86c1d7d64a0c361e8f2a8	도상보수	W_LEAF	궤도및철로공사 > 철로보선작업 > 도상보수	TASK	ORIGINAL_KEEP	NOT_APPROVED
2695f28e1d3793f68e4ba319da595da99f621ad71f00cc236b8883af16ac280a	SINGLETON	3387	3adba735ad8b859cb89402756a88ebdd8ab3bd38127d8ca7c3d744b5ae77bdfe	철도부대시설보수	W_LEAF	궤도및철로공사 > 철로보선작업 > 철도부대시설보수	TASK	ORIGINAL_KEEP	NOT_APPROVED
06e5762a27d4f3deb2d03c0dd8ad20c8eddc324415d5d6107a916166121c970c	SINGLETON	34	a6a8b82cc730c2c1ccbee8a6e3069acf7c737865e0559e13507a584d48ce84e9	교량공사	W_ROOT	교량공사	PROCESS	ORIGINAL_KEEP	NOT_APPROVED
3d67a5d8f9ba7f14646d8bd404c3eeed9269151a4d468c2607c7e6aa056db910	SINGLETON	341	15b9452c2e734dd73832a0739d28dd67472a8d6baccb86ed488f89a001052c83	교량가설공사	W_MID	교량공사 > 교량가설공사	PROCESS	ORIGINAL_KEEP	NOT_APPROVED
b9ca00bbd4e08e5f594d9288d10773940a53994cf048226f944f093394e7dffd	SINGLETON	345	c7736f89ecf95c7e0ead6251e3b20efa1fbfdf1cfda03ec20131dee8d9f47f3f	교량배수설비공사	W_MID	교량공사 > 교량배수설비공사	PROCESS	ORIGINAL_KEEP	NOT_APPROVED
9c5ed92f0b6f15f5b0dceaf25284cf66346459c05db587f345dda042884fb693	SINGLETON	346	d89d07523ccb2ffb114596895d5d5e30383d046a631369f9f4873589125ca78e	교량부속공사	W_MID	교량공사 > 교량부속공사	PROCESS	ORIGINAL_KEEP	NOT_APPROVED
4e30fc865ae735a08bbbfa4dca7a6476f05a9c5d7552126018f52dab91042f06	SINGLETON	3461	773e45d364c7fa21588de3b6dc3b0c770158cc61059ca8425e8a4573df2969ae	교대및교각보호공사	W_LEAF	교량공사 > 교량부속공사 > 교대및교각보호공사	PROCESS	ORIGINAL_KEEP	NOT_APPROVED
85ebf617f23b8737f1ccc823b5a8896704c27d7b3d0f5afa696cc542f902bea4	SINGLETON	3462	b02585e14e4ebefafa1509b1814c876e14e74185c083e35264610706d8db6965	다웰바설치	W_LEAF	교량공사 > 교량부속공사 > 다웰바설치	TASK	ORIGINAL_KEEP	NOT_APPROVED
d6daa04cbbe72dcc51132608261ec647492aa0aaedb976749620bd7467a97e1d	SINGLETON	3463	16078464e824caa13278665708efd7cb63313476100c2f72f3f0bf6f921782e1	교량측량및계측설비설치	W_LEAF	교량공사 > 교량부속공사 > 교량측량및계측설비설치	TASK	ORIGINAL_KEEP	NOT_APPROVED
934cec93edfa5eb83d4262be5e58f58cc6b9cdf02f1d610a2168f31c04864b63	SINGLETON	35	32991cb1a0c97581964e68931e8f5b628770b3c39c61b6b842d18f7f1ba41dcf	터널공사	W_ROOT	터널공사	PROCESS	ORIGINAL_KEEP	NOT_APPROVED
6b98d35f3e55a1716df158a441525178b2d9f6cec422a4ebfec65483568a807f	SINGLETON	351	a31a6441661c4c8266572ab6fb98e5e2c3b227d6ccb4b0d4e98b6af38ca59357	터널굴착공사	W_MID	터널공사 > 터널굴착공사	PROCESS	ORIGINAL_KEEP	NOT_APPROVED
12d2a7699abb67d67c81bdea7be84d0d4b48944bb69d2780224afba6342d3f8e	SINGLETON	3511	d36d00dc046ca7d1185e5c673947e908714e8551b2545b1c22c1dff38b882cb1	토공장비굴착	W_LEAF	터널공사 > 터널굴착공사 > 토공장비굴착	TASK	ORIGINAL_KEEP	NOT_APPROVED
8e02393f8019873a056ae0c4642608ca641b7452f8e3bb81ff612de438cbb0d7	SINGLETON	3512	1a78cb138e3ce7e90493030936078fa697925fb286f98ca365cd8024f46ba0bc	발파굴착	W_LEAF	터널공사 > 터널굴착공사 > 발파굴착	TASK	ORIGINAL_KEEP	NOT_APPROVED
f1929d5e90879fcbe57891d91cd35b3ce14f81ab4e0f80681944afdb5c664d71	SINGLETON	3513	33412615796bd766f30dbf2e80630ade174815917a31269a64554945836b7de5	TBM공법굴착	W_LEAF	터널공사 > 터널굴착공사 > TBM공법굴착	PROCESS	ORIGINAL_KEEP	NOT_APPROVED
12e3245740a10d2532140e4e0c6bff9ddf3da8cebd37c5e6f9e50002a8d2a0b1	SINGLETON	3514	deeda1c6c027a48eee0dd5410c8daea14b715f2c095ba778ff81c75c70c456eb	Shield공법굴착	W_LEAF	터널공사 > 터널굴착공사 > Shield공법굴착	PROCESS	ORIGINAL_KEEP	NOT_APPROVED
ac92b29e0ba7da0d9ef8b7913ac878b10bd361fbee8c3a6a53774bb049ab064e	SINGLETON	3515	23e54dd85bd66bffef39818a96994619531f1e6b24d1731a1bf8192c83bc052e	NATM공법굴착	W_LEAF	터널공사 > 터널굴착공사 > NATM공법굴착	PROCESS	ORIGINAL_KEEP	NOT_APPROVED
458ad2107d6228893a555ba0f42f11a3c44b41d01319d0cbc37284b307d59ce8	SINGLETON	352	d18e262908715adfee7f21fa316947d77822b7bc104a5040de8e243a47981073	터널라이닝	W_MID	터널공사 > 터널라이닝	PROCESS	ORIGINAL_KEEP	NOT_APPROVED
eacbf518552a57db0bb86ab67a90ad369b077f0e5d65df35139410d6f74087c8	SINGLETON	3521	53ad63952421e1f217edbe35d4507cdf685b02820633e320ba868c6680425aaa	현장타설콘크리트라이닝	W_LEAF	터널공사 > 터널라이닝 > 현장타설콘크리트라이닝	TASK	ORIGINAL_KEEP	NOT_APPROVED
b2b4335d670de835f6300b8c5e05ca85b675b8c7e02742fdd5fd9d66375c0328	SINGLETON	3522	041780c940ecd37928b0df15fadbce9874b4525ab41d8b5ae5b4a742f51e3fd9	세그먼트(Segment)라이닝	W_LEAF	터널공사 > 터널라이닝 > 세그먼트(Segment)라이닝	TASK	ORIGINAL_KEEP	NOT_APPROVED
74a220321964dbd5fe811b35ae77db635c17fa91531a483f5ace2c2488242eee	SINGLETON	353	47b68ca576108fb28063bf570f851efc0ff341b58accf5ef4a397c0f3a083483	터널보강및안정	W_MID	터널공사 > 터널보강및안정	PROCESS	ORIGINAL_KEEP	NOT_APPROVED
908c8755bb86d39fe06679ac4e49bb2f9d143a0e0319bfd2a61337f7e90bc3cf	SINGLETON	3532	d4b69974047965c9e8fb5a0fb0f7da9e8d0234d784de54f14069973b8a350260	터널복공뒷채움	W_LEAF	터널공사 > 터널보강및안정 > 터널복공뒷채움	TASK	ORIGINAL_KEEP	NOT_APPROVED
dc9233c51a625554fb1adf6f32b1cef6337d711522bd6bb82784f286333888e2	SINGLETON	3533	4d4256bb6fa83977d9428433e5d471084a3f711b44ec34d7d13253b2927c1e03	막장안정	W_LEAF	터널공사 > 터널보강및안정 > 막장안정	TASK	ORIGINAL_KEEP	NOT_APPROVED
e5c19fabac8d5fa79fbde4dcfcee9a399de7ab86a56bb33ed598b03577c2f467	SINGLETON	3534	3485c1f7757188fa9024d0aadb0be1d025cb1868dfe65cb086233d8ecf174459	감지천공	W_LEAF	터널공사 > 터널보강및안정 > 감지천공	TASK	ORIGINAL_KEEP	NOT_APPROVED
98a48f928e25adda1e501ad07e1af485ecbcfd339006818313794624e46f2b93	SINGLETON	3535	09811fab34dd8b564d5d5fe59eceb170b1062f96291108b486d17261a7b49785	갱구숏크리트(Shotcrete)	W_LEAF	터널공사 > 터널보강및안정 > 갱구숏크리트(Shotcrete)	TASK	ORIGINAL_KEEP	NOT_APPROVED
b6c641627ce5237f61073aacc7fc3b2c498bf781d6739c9bd56f9e9685b5b884	SINGLETON	3538	46308399ce860873cfe6c66feb55384fcc954304f03e8d19661713225cf083be	터널영구계측설비설치	W_LEAF	터널공사 > 터널보강및안정 > 터널영구계측설비설치	TASK	ORIGINAL_KEEP	NOT_APPROVED
4ee07139a07b17938cca1a523190d0c6cc64256c511ab2742fe0155ead6f2eaf	SINGLETON	354	b1eb2ab26ddd8309ce0830f285ed33a256a30fddc607a571858c1886cd704291	터널방수및배수	W_MID	터널공사 > 터널방수및배수	PROCESS	ORIGINAL_KEEP	NOT_APPROVED
255decf7414a985424f583f201e275f7feeff9badaa6f5385a0fd93739a9dcdf	SINGLETON	3541	975104eeaf620b6da7bb46c561cc5a4094e51bb3512fff2edba4c611b42f919c	터널방수	W_LEAF	터널공사 > 터널방수및배수 > 터널방수	TASK	ORIGINAL_KEEP	NOT_APPROVED
b505012aa8cdaa9786f6aa0ea352ce3686757de4b809bf7505062c3e198e2167	SINGLETON	355	6ea8562471ec5e7122586edb3a16852ccb8f343e4aefe0c58cbddf8131c62f6c	터널지보및거푸집	W_MID	터널공사 > 터널지보및거푸집	PROCESS	ORIGINAL_KEEP	NOT_APPROVED
aefbddc29d2b7e3768edcdd440075176fcda8b8c2ac759d03fbd3bbb9fdf8056	SINGLETON	3552	0f8f295bd5b100de7fcba859876479728937290eb771ae608ded8aee1024432d	터널내부지보 - - 대․중․소 분류대․중․소 분류	W_LEAF	터널공사 > 터널지보및거푸집 > 터널내부지보 - - 대․중․소 분류대․중․소 분류	PROCESS	ORIGINAL_KEEP	NOT_APPROVED
2ff87c7791389265d1720c725bbfd6838a332e2e94d60c18aed9831ba0c2b624	SINGLETON	3553	9609b9eb0ea4e60497df70a8bdde98f78942d9259959cc3b59407d56495e58bb	갱문지보및가시설	W_LEAF	터널공사 > 터널지보및거푸집 > 갱문지보및가시설	PROCESS	ORIGINAL_KEEP	NOT_APPROVED
99251365e33a7c848579e36872b53d3589f622c7b93763ea82b9ba6c18867317	SINGLETON	356	fb6020b5ccfb8929d06f523e6c292fba38836ff3307dd74e5ccd5c0e90c9658e	터널내부마감공사	W_MID	터널공사 > 터널내부마감공사	PROCESS	ORIGINAL_KEEP	NOT_APPROVED
0d2637b5391b3ed860f9f6eb6857ff8cee8038df51e2457fa22a418b7056fd83	SINGLETON	3561	8910cae423bbe9e365a93678c3ed0608c92d7708296f9fa39247a186bb2a97c9	터널주행부아스콘포장	W_LEAF	터널공사 > 터널내부마감공사 > 터널주행부아스콘포장	PROCESS	ORIGINAL_KEEP	NOT_APPROVED
ced48d488628f00c2f0a9326c4242c257146d8a4aec6a654dab5dcce5e138b9d	SINGLETON	3562	ca848eab64cfba24b7a33e0fed45bcf31dce492c556eb1cf99bee079477ba0fd	터널주행부콘크리트포장	W_LEAF	터널공사 > 터널내부마감공사 > 터널주행부콘크리트포장	PROCESS	ORIGINAL_KEEP	NOT_APPROVED
b28abe946a8bd04f9b8cfffd32b2a547d35d8b8e9509b4cb8001bfa621298328	SINGLETON	3563	1f00acd37df22b9c8cf0c38626ac3b798dcf1543c12decd4304a0f83f6948ef8	터널궤도부레일부설	W_LEAF	터널공사 > 터널내부마감공사 > 터널궤도부레일부설	TASK	ORIGINAL_KEEP	NOT_APPROVED
85c38af0db0e0bfa30a20d964d1b87e9ca9d3cab22143c09fa038a7d2b24458a	SINGLETON	3565	b2728e682add6c7f0a50b6955d08d7f1b21de45498d61db134d7473cd5d23622	터널내부마감	W_LEAF	터널공사 > 터널내부마감공사 > 터널내부마감	PROCESS	ORIGINAL_KEEP	NOT_APPROVED
57ce72345c7534cc17240b425a13aa08492c7fbb87f75b086f916c4711922857	SINGLETON	36	26b97ff0e521dc6ae4e240d623b735a05a95303c6320b135436ff67a44ca249f	하천및항만공사	W_ROOT	하천및항만공사	PROCESS	ORIGINAL_KEEP	NOT_APPROVED
398715c2c1a59d0b63150437509cc62b448b7b58089cca0e4a3c45793dc83eeb	SINGLETON	361	0ce7afb0fcdaff64f3a3814edb12a8f393879e98eb357354e8025c9fbf51d1b4	준설	W_MID	하천및항만공사 > 준설	PROCESS	ORIGINAL_KEEP	NOT_APPROVED
e2f181b7c3bbee26098190347894adb62362265894fb48b887a4092f4c69459e	SINGLETON	3617	4dc01a3b20ea1bf55aa268ba12d15d2d7ba6c33be5ee31c91fe6273b3ee4bc7d	연암준설	W_LEAF	하천및항만공사 > 준설 > 연암준설	TASK	ORIGINAL_KEEP	NOT_APPROVED
d7dd77641d536ee1bfaaef763f16667df9fb7dcad324ba87a5c27361ed44cb00	SINGLETON	3618	b09995178803d2826608fe7c3f8ed2fd2040dcee348ae9c04d8f359c7523a3e3	경암준설	W_LEAF	하천및항만공사 > 준설 > 경암준설	TASK	ORIGINAL_KEEP	NOT_APPROVED
8b70d1c59c92d829da4bae1b5d42003c4a06ff61985dbb739b9596db4d84bb29	SINGLETON	3619	9af5c2c7b6b36c72fcf89ce8d5becdde15134fb36a54ac8d4d730a52cf10aa21	오니(오염토 오염퇴적물)준설	W_LEAF	하천및항만공사 > 준설 > 오니(오염토 오염퇴적물)준설	TASK	ORIGINAL_KEEP	NOT_APPROVED
8c9aef0df3267527530900e46c5ff2580bb5348e6974b426f48ed134ed67d0f7	SINGLETON	362	25589652f4425542397a118d9e0832fcccf7456cdaaaa3fad3a0ab4f1b5ac996	사석공사	W_MID	하천및항만공사 > 사석공사	PROCESS	ORIGINAL_KEEP	NOT_APPROVED
8261c5d7c51e5258ab852838d9ad1fca6828d9ed8e310962f82d7da786e8a145	SINGLETON	3628	9b6c9620a475eda75518d53cc30a0f8dbe135dfba02f60ac23d7f167d1a0efac	고르기	W_LEAF	하천및항만공사 > 사석공사 > 고르기	TASK	ORIGINAL_KEEP	NOT_APPROVED
25da943669e985eaf977575346986c0faf2da92c6f79f11546c34be8eebbd7d4	SINGLETON	363	d042be734cfec1f12207f85077cd795b539118b284bb728bbfb9922b2cfa2288	호안용콘크리트구조물제작및거치	W_MID	하천및항만공사 > 호안용콘크리트구조물제작및거치	PROCESS	ORIGINAL_KEEP	NOT_APPROVED
00fea4522a479a39940e02f3c04db358c65ddd9a189df6136b8721bd333f6854	SINGLETON	3631	92d694698e54daec87aa20fee7dd7fa25e9ca38169759914bdf2721e057f6bd6	케이슨제작및설치	W_LEAF	하천및항만공사 > 호안용콘크리트구조물제작및거치 > 케이슨제작및설치	TASK	ORIGINAL_KEEP	NOT_APPROVED
62a77c79387217bbbef5489f2f1fb5c30beb356a65f0d05eb5a0e8e7aa05534d	SINGLETON	3632	632484387562d6d7323e1f7e0bad8421ca265bf7aa795d8193d3b65d76df6394	호안용콘크리트구조물제작	W_LEAF	하천및항만공사 > 호안용콘크리트구조물제작및거치 > 호안용콘크리트구조물제작	TASK	ORIGINAL_KEEP	NOT_APPROVED
66e122e2a860b490f7bf8ed32eec77fa7297d33fd70ca39e9d5b8b859883066a	SINGLETON	3633	1f21fd00f0f2588258183bb13d3926255634e153ec19f5defbb8f3fec19a3b39	호안구조물운반및거치	W_LEAF	하천및항만공사 > 호안용콘크리트구조물제작및거치 > 호안구조물운반및거치	TASK	ORIGINAL_KEEP	NOT_APPROVED
34ec84f018e4e8664e573d4f1029f3aea4ae170fda0c9a1b01ebaf958457eea0	SINGLETON	3635	52a313dc7634b3ea6bb341fca3dc4f4a9ab287e7ea531a43c42c4d18866e0fd0	콘크리트블록속채움	W_LEAF	하천및항만공사 > 호안용콘크리트구조물제작및거치 > 콘크리트블록속채움	TASK	ORIGINAL_KEEP	NOT_APPROVED
b84acc473853e920d7ef63dfd2c7026ed302e12a8c298f046af90f6e3cd53f4c	SINGLETON	364	65d90aeb853fd211c2550ca5190c2765b886e6cfab6fae9880890437b62c62ac	호안공사	W_MID	하천및항만공사 > 호안공사	PROCESS	ORIGINAL_KEEP	NOT_APPROVED
7cf28178e0052b7cbf45673b245304e12874de3c72852f353458d99c2f1a3e70	SINGLETON	3641	bd1f0dd350d342bb9fc3b0ef2e737a839d6a513c3c1278d2c226a5f26f109e02	밑고정공사	W_LEAF	하천및항만공사 > 호안공사 > 밑고정공사	PROCESS	ORIGINAL_KEEP	NOT_APPROVED
a0bde69109899bb18a0e8bdc421202bd811be861a93e91363bfb7fec402a96f4	SINGLETON	3642	99f4ed1717f3ee76c82de2a11696f7c1735f96e0b0f29c08a3210adc3d892d6d	비탈막이	W_LEAF	하천및항만공사 > 호안공사 > 비탈막이	PROCESS	ORIGINAL_KEEP	NOT_APPROVED
bd3a6617229efb2fe53a77c83edaf53ba175cb2509147e6d6187b6fc5e74e971	SINGLETON	3644	d9c4828ad1a7764ec2abf1f92d3650d6a519e8443cc4c7e409260e8ead526bcc	비탈복공	W_LEAF	하천및항만공사 > 호안공사 > 비탈복공	PROCESS	ORIGINAL_KEEP	NOT_APPROVED
a5ffebcfb72e3a3f70cd5669662c50c7f09fede1509fd6fbeaf81a6b39a0f5e6	SINGLETON	3646	8f9d6844c8fe8a29bdb32d2afb0540d57e096a4b2d2c87f43f762ec68b8f98dc	하천바닥정지공사	W_LEAF	하천및항만공사 > 호안공사 > 하천바닥정지공사	PROCESS	ORIGINAL_KEEP	NOT_APPROVED
2516d429c6a4449236e327160dad18a6c0635fd3f649f9736f15388675b8fd10	SINGLETON	3647	de0f9fd40126cfa14be8dc5ccd640e832737f73b8957246bc81794c38a320c7a	방사돌제공사	W_LEAF	하천및항만공사 > 호안공사 > 방사돌제공사	PROCESS	ORIGINAL_KEEP	NOT_APPROVED
816e5a7a0a24add37b3868b97de5103247d20ca455c986a76d49fa9b24912241	SINGLETON	3649	c083e6330c4cd71ecafc313e98a084acb857ecc6771ed48b65acf2bf5ea28e87	기타호안공사	W_LEAF	하천및항만공사 > 호안공사 > 기타호안공사	PROCESS	ORIGINAL_KEEP	NOT_APPROVED
518bb5b8ca436f24e400d92adb94fcae1f852d66615210225f9542647b161ffe	SINGLETON	367	fdb97bc4fbf66a01c13d4130b94cc3aadf9577b1e52a92601f00ec1bbeeb35f7	항만부속설비공사	W_MID	하천및항만공사 > 항만부속설비공사	PROCESS	ORIGINAL_KEEP	NOT_APPROVED
c201603a494d86fd21efa68a3d8ba3b5e3826ef4195cde21cf766c772edc3236	SINGLETON	368	147fe7d3374e01ffef042edf22c72c0d40be81e2964efb455d627d3f5844a7c7	하천 항만부속공사	W_MID	하천및항만공사 > 하천 항만부속공사	PROCESS	ORIGINAL_KEEP	NOT_APPROVED
7ef5e60c5b84dc17ef4f7d4ab13b1e09ea339ab54c8bd9c473307b02f2c1f4e8	SINGLETON	3681	a7c2e72510cb143927182026c353712d61a9a401380d63c9408f575899b43e2d	하천 해상오염방지	W_LEAF	하천및항만공사 > 하천 항만부속공사 > 하천 해상오염방지	PROCESS	ORIGINAL_KEEP	NOT_APPROVED
b547699bf91ffadb7a16f597dabc4f00d228576d8f1db4a2acc01e6f035c98a8	SINGLETON	3688	2c412c5f5936e4134bd3fd68841ffda3eb8ba9bc51cf4689312e6cb64258b2f6	하천 해상방식	W_LEAF	하천및항만공사 > 하천 항만부속공사 > 하천 해상방식	PROCESS	ORIGINAL_KEEP	NOT_APPROVED
da54d4926aa79473fa6f89610338b0297765d601166ceb67ac95ba973da49bf0	SINGLETON	37	968fd79e7255408d47a238dde1de0c3c6f523d4f5d9961a3343df390bc975ce0	댐공사	W_ROOT	댐공사	PROCESS	ORIGINAL_KEEP	NOT_APPROVED
5ec54c9e3d66b25af9d10f82992e53383ce691ada40eb88359f08b8700262026	SINGLETON	3711	5a2acdd00ab7823605b79ea47c7cc366b4fef7b00a0c016f59df7d9a901422d0	불투수성재료축조	W_LEAF	댐공사 > 휠댐(제방) > 불투수성재료축조	TASK	ORIGINAL_KEEP	NOT_APPROVED
ef467a3e5fbf9bfabb1bb2275399ad3d5ed56372428997b0f7d746266158e69b	SINGLETON	3712	cb75f9a4b2afc29ce99451be7085432c1230a20544dd877b2cd954c99ee9fe63	휠터재료축조	W_LEAF	댐공사 > 휠댐(제방) > 휠터재료축조	TASK	ORIGINAL_KEEP	NOT_APPROVED
e4bb13e2e59d60b4434332a68193eba5e027152d0c13595c4ca2514f748f50e5	SINGLETON	3713	7d95067951620c85b421f5755a6f548addc7560a2b575fa41aa5b6ad5c842440	사력재료축조	W_LEAF	댐공사 > 휠댐(제방) > 사력재료축조	TASK	ORIGINAL_KEEP	NOT_APPROVED
a20f051dae1cbf038a0939447b9d4f7508662cd0fbfe028db1c9208aca35e4f7	SINGLETON	3714	3b0872eaa57efc0f21211178ae8ac9547b933f311acf34c82fcd23284f2e53b4	암석재료축조	W_LEAF	댐공사 > 휠댐(제방) > 암석재료축조	TASK	ORIGINAL_KEEP	NOT_APPROVED
fd98cd55706d3e5c006fe7f8b6e705649fdee425f66e36383a54d39a8fce5fcf	SINGLETON	3715	757b625de118fc99e9aaf62c462dbb8df366fa79bdf3e875644fa595da74d174	랜덤재료축조	W_LEAF	댐공사 > 휠댐(제방) > 랜덤재료축조	TASK	ORIGINAL_KEEP	NOT_APPROVED
96df527ccb239d96a2f604ac5848d689d174bacf9f0b5716d1c76dad7cc4375a	SINGLETON	3716	5d973d4bd3610d1d8e89b683eaec3d91219ad8176d08d595467a0490a8fb9d3d	Riprap재료축조	W_LEAF	댐공사 > 휠댐(제방) > Riprap재료축조	TASK	HOLD_RESOLVED_TASK	NOT_APPROVED
bc68572923c8910b9b34b63d85b18ecc876df84b7e42beb1fe2750242dca64f0	SINGLETON	38	3693f180a40f5520ba62e105815b6648e668092e90175b4c8cff72a4af71bb1e	옹벽공사	W_ROOT	옹벽공사	PROCESS	ORIGINAL_KEEP	NOT_APPROVED
a630c5d19464d9db0acd3e5b3cab8465fe8990f4d36be03653fc000e17206066	SINGLETON	3827	8987918f4686df96cea8de8372679ce1f52fc567d21698c737e2b9e54dc61ed6	석축쌓기	W_LEAF	옹벽공사 > 조적식옹벽 > 석축쌓기	TASK	ORIGINAL_KEEP	NOT_APPROVED
7e7bac0305e8eb238bdb3f181c8cfce879de14046050a8fc72573d5da1c5b245	SINGLETON	389	a1160e2a25b23904c589744a628f109a569a60cf0bfc457c766cc23ef9571fa6	기타옹벽공사	W_MID	옹벽공사 > 기타옹벽공사	PROCESS	ORIGINAL_KEEP	NOT_APPROVED
33f1ddfc015d1a5a3173d5aa56062b9af98458c2e93edc02b239d897ef4ba8d7	SINGLETON	41	0df66f6657194d47f6ba130f5286695ca6b249f820cd9018d97f266de5fa5328	조적공사	W_ROOT	조적공사	PROCESS	ORIGINAL_KEEP	NOT_APPROVED
11764f7faad5d5d0b6cf4c29d418fc3692b187eb3eaf5e9d251f9570d75cd506	SINGLETON	411	a53cc7b397ecf784f7fce5f30f6f50e52dae2e827bab41c38478ecf6a51ca596	벽돌조적공사	W_MID	조적공사 > 벽돌조적공사	PROCESS	ORIGINAL_KEEP	NOT_APPROVED
c9418402ee3fcb767ba1c99a753b74dbd7725ca3b9fbebb0d01bd0b73c0a2ed7	SINGLETON	413	31ee3ade095a5ef00accae31c97458816eda4964c8c01cb9f4da3789a9b999f8	블록조적공사	W_MID	조적공사 > 블록조적공사	PROCESS	ORIGINAL_KEEP	NOT_APPROVED
bbe558ae99a905c06154f7cc257c8435fb594caa9af47f80e6788e4d18a7d316	SINGLETON	414	25911ee3bb3b82327416f160dafdff848c0d93514178e972821f33212818e66b	ALC공사	W_MID	조적공사 > ALC공사	PROCESS	ORIGINAL_KEEP	NOT_APPROVED
6aeb0c0085624f5039e903e5cbfb5b103d4201624bf3e1428eb003241778d893	SINGLETON	4151	3e7f1e531134893452da1903bac43d090e519a24d5065a595b5039269f22f0ea	유리블록쌓기	W_LEAF	조적공사 > 유리블록 > 유리블록쌓기	TASK	ORIGINAL_KEEP	NOT_APPROVED
a27352b5d662e6d1048eeecae66e47f5a993d2674b6fb0789eec4c268f846268	SINGLETON	4152	fd23d55d8ef7d3ec2a8a37f20c66e060e6dd57506ef5aabc51de433055962d27	유리블록판넬설치	W_LEAF	조적공사 > 유리블록 > 유리블록판넬설치	TASK	ORIGINAL_KEEP	NOT_APPROVED
206d7fdddef45b9e8a97e6f58bafdc77e5add659193f4b081bef7d0c119bef49	SINGLETON	416	1c46dc57f4ca5cfca99c9538a84617909bbff55e41431ba7abc4b6a346a6ca5f	가공석재조적	W_MID	조적공사 > 가공석재조적	PROCESS	ORIGINAL_KEEP	NOT_APPROVED
76c9f3e11a72c087da34f162e7c8b7bab6ca24101a933e786a9c931c7a0ac2df	SINGLETON	4161	df2ea452674ff73fba8259d2453e3ab2264171874f466ff491a2b1aa88b506c3	대리석조적	W_LEAF	조적공사 > 가공석재조적 > 대리석조적	TASK	ORIGINAL_KEEP	NOT_APPROVED
a4b78c7b9ee1bf20537b5b27469bbca96b67ea3e4f8326a97f5571e1f2dc537d	SINGLETON	4162	c691f0610b736a0f407488a78f105d8f3a5b1eede80885e90eb45872352007da	화강석조적	W_LEAF	조적공사 > 가공석재조적 > 화강석조적	TASK	ORIGINAL_KEEP	NOT_APPROVED
efeaecc21ca836cff753e92ede6e0c509a97838a2a41d76bf958ccd12d1d3630	SINGLETON	4163	a28fc20c81c40fe39688e167a995dd581a8c704f30ffc49e81a63133ba1ebe4a	사암조적	W_LEAF	조적공사 > 가공석재조적 > 사암조적	TASK	ORIGINAL_KEEP	NOT_APPROVED
cbfa3287cea7c3729ffdb896eef942d3e0b8d7e8ee5b5aff97e196f62c298642	SINGLETON	4164	70cd640ae09f826eba7576b8608a8f8150aa399556da6fc1f6726a3cb352e4c4	석회암조적	W_LEAF	조적공사 > 가공석재조적 > 석회암조적	TASK	ORIGINAL_KEEP	NOT_APPROVED
61c80b8dd02282bf22dfd4ac5233f535201e9dde12df7b3f11baeffd30764537	SINGLETON	4165	ae35ca6cc43731468321da40c8945afe86a01670bfdb98c77bf88e90632d0646	천연슬레이트조적	W_LEAF	조적공사 > 가공석재조적 > 천연슬레이트조적	TASK	ORIGINAL_KEEP	NOT_APPROVED
9dec59411fd67507e08e8cf85a198fa5a0623b9031e51727ce3f695f2202399c	SINGLETON	4166	f89929a4593eef34313ffb2de365c182100f57eaa11257d95af1a772e1773afc	인조석조적	W_LEAF	조적공사 > 가공석재조적 > 인조석조적	TASK	ORIGINAL_KEEP	NOT_APPROVED
f235f7f7fb413230f5f653e9f0172a51ac3d0b2a446aa7d020b94803ee7d934a	SINGLETON	418	232a556363c0707a966770c0896efd50015ac02b5090a6409f224333bf885069	조적부속공사	W_MID	조적공사 > 조적부속공사	PROCESS	ORIGINAL_KEEP	NOT_APPROVED
fdd337647aeb2134043b6e9db539b46c0da81460d6417cb7a8fbeaf52e8c0818	SINGLETON	4181	ca1aca0bb1b052e3442849fa95e28925324f3c0ed899cd921c207a1170c25890	보강기둥설치	W_LEAF	조적공사 > 조적부속공사 > 보강기둥설치	TASK	ORIGINAL_KEEP	NOT_APPROVED
bd89de1b7f69e3e40acbba8001009a491859b04a4405289291ea628d9b445fdc	SINGLETON	4182	6ab72342f63bd4a40a1c73372f06a5c553018c10ba90fa319cd5d8ce20278b2b	보강보설치	W_LEAF	조적공사 > 조적부속공사 > 보강보설치	TASK	ORIGINAL_KEEP	NOT_APPROVED
7920f1204063eae32999ca258c5ffb4bbf09254160796ab21d1c839f81601ec9	SINGLETON	4183	65324bfc8dff7d1ee26f933cc6ed0b17ed23f17e5928835157ca0c746f86e91f	인방설치	W_LEAF	조적공사 > 조적부속공사 > 인방설치	TASK	ORIGINAL_KEEP	NOT_APPROVED
850bc1bd95ea2c4096625f875b3276816c743b3c0a37c945596491d386638206	SINGLETON	4184	1ffe94d1ff21a4d6c7ef1c9071b9cc320cc1f00664b222d696d20f3a3a2fa74e	창선반(씰)설치	W_LEAF	조적공사 > 조적부속공사 > 창선반(씰)설치	TASK	ORIGINAL_KEEP	NOT_APPROVED
a5ba0751f78f270bb2eb4da563533b6dddf4a73708a1319baa3bf6be51852060	SINGLETON	4185	19ff1af50eb32337d910e81ac28dad5b23bf0656c6548a721949cf8b9b256f5a	외벽발수처리	W_LEAF	조적공사 > 조적부속공사 > 외벽발수처리	TASK	ORIGINAL_KEEP	NOT_APPROVED
567b3bdd26473d2aae0c8a6f35251397f2c7b90f08b1c3c7a83c11d6643eef99	SINGLETON	42	79a9af9783fea77d0e2f75f96e56516f3fd1b04d44acbdec3982a78beb025774	목공사	W_ROOT	목공사	PROCESS	ORIGINAL_KEEP	NOT_APPROVED
ffce964e0ef14b5c7f594917df7420c33dacf0a26f6bfab3aec9ac951bb26dd1	SINGLETON	421	ee99f011345b8dd8daefef045d4e83a1444a2e02706627fb4a99d85c13d8aa12	가구식구조목공사	W_MID	목공사 > 가구식구조목공사	PROCESS	ORIGINAL_KEEP	NOT_APPROVED
6e80ad70770484d94feeded63918d8b5125c8bb88f6bbf31ccb2c08f89793589	SINGLETON	422	dc084d459b0479dd5a7bd3fb260a2559250f7cd5fb4e5bf9e0b9eaee8b5f180f	통나무구조목공사	W_MID	목공사 > 통나무구조목공사	PROCESS	ORIGINAL_KEEP	NOT_APPROVED
c344c083a5e99b6732c9ab519017c81644168348cdfa23c7fde349485665c8bd	SINGLETON	423	da0fce6f1c58c7903477b7f5d1d9baf88361fe700decaa2376d051a2aa7c288c	가공목재조립식구조목공사	W_MID	목공사 > 가공목재조립식구조목공사	PROCESS	ORIGINAL_KEEP	NOT_APPROVED
8bfbba9d95710e0bac851a17945ca6f353070ca9bf1d14005d856e6caac5e12e	SINGLETON	425	621883216658ee8b51a882458b863caac6f0ef0a3aa90a6ae210d979ceff9c6d	마감목공사	W_MID	목공사 > 마감목공사	PROCESS	ORIGINAL_KEEP	NOT_APPROVED
a23b53c09384c8b185c431f8dc0a95ea646e012f4afa316ce42046e5d5ba8bda	SINGLETON	4251	aa7ecf78a34b18b3ab240ae057b9b0c2951755f2cd82c4ecf24801542a60f680	목조바닥깔기	W_LEAF	목공사 > 마감목공사 > 목조바닥깔기	TASK	ORIGINAL_KEEP	NOT_APPROVED
0ee856aa44d6f1dc5fdf1b5d2a6739dfaecbbe638fb9da4103b55c156142ad27	SINGLETON	4253	3f77688902b276836236dc6612001cfc5b382c67aee0d74b7c06954590057591	벽체띠장설치	W_LEAF	목공사 > 마감목공사 > 벽체띠장설치	TASK	ORIGINAL_KEEP	NOT_APPROVED
1c93463172b1077d0fedbf44b111e4c9533e50158bc7690656765bf8bf9fd20e	SINGLETON	4254	742dd42c4c5fdab072896007df1107574d92e6dad782daa80330c070b1b1d3e0	벽체목재마감	W_LEAF	목공사 > 마감목공사 > 벽체목재마감	TASK	ORIGINAL_KEEP	NOT_APPROVED
21a70433ade590e87fa8fcd048a632986cd18e71c57394cf633f25ee1158ff93	SINGLETON	4256	56383d4afd0a2391c5bf72444bdbb1953d0e98f71b15c7175e833d4cf1893c49	목재천정마감	W_LEAF	목공사 > 마감목공사 > 목재천정마감	TASK	ORIGINAL_KEEP	NOT_APPROVED
e549b218ac76b373fe77a499a9daa147a7d3a9587ca2fce149ad749918ae335e	SINGLETON	4257	60b38a97d2e11e62d6ea3b65b1f710efdcd45874ca98914923dea0b0d284cc74	목조지붕널덮기	W_LEAF	목공사 > 마감목공사 > 목조지붕널덮기	TASK	ORIGINAL_KEEP	NOT_APPROVED
45d871c4f15994b8a60ab19b03d1f2f6af0793ba52cb600437fcb983e814958b	SINGLETON	427	faba1b448ec1f416838746f74b39236b4135a13157ab7a071c7a288bdefec392	목조부속목공사	W_MID	목공사 > 목조부속목공사	PROCESS	ORIGINAL_KEEP	NOT_APPROVED
2a57a9c13d2383dea8ba0ad76d2e7a481b479e082cce4020c2b5f36fabc6a28b	SINGLETON	4271	68525261ce095d3897977919eaaebf67b31e4e9757ae7ba31967be2cd0cb7837	목재난간설치	W_LEAF	목공사 > 목조부속목공사 > 목재난간설치	TASK	ORIGINAL_KEEP	NOT_APPROVED
ed3dd41444d2d132006bc3f403f92d4438d6b53cb348cc8d941b3b38ad4ad1fd	SINGLETON	4272	3e76711c5691cbbdbd8786854b47db5b760957b345c27abc65f51a1b8aebc4ad	목재창선반설치	W_LEAF	목공사 > 목조부속목공사 > 목재창선반설치	TASK	ORIGINAL_KEEP	NOT_APPROVED
b34d031019aef33a6d5b830eab13dc019cb9549a86f954a8ed70084fb3b9dde0	SINGLETON	4273	4c00926f14d5c6676a50ce836ec48211b32379cda739552cfd92855ff091f0ae	목재마감목설치	W_LEAF	목공사 > 목조부속목공사 > 목재마감목설치	TASK	ORIGINAL_KEEP	NOT_APPROVED
67147c00f93715db6e67724936aa012d382613bba7f73e3cc28d2e5deca1d52b	SINGLETON	428	de41740089c301f6b4f07f2ff8f7149b2c01c07411f4b8f73a68fcddcdc85a43	목재처리	W_MID	목공사 > 목재처리	PROCESS	ORIGINAL_KEEP	NOT_APPROVED
77e493c09f81cf218a27a904040de44d52883fb69f94766be2205f3781da3b96	SINGLETON	4282	1bdfa15a93d2cb4d7c6e76868ecc67a6ac11d9ce73eadd785cf3c83439e7387c	방부처리	W_LEAF	목공사 > 목재처리 > 방부처리	TASK	ORIGINAL_KEEP	NOT_APPROVED
38f32ff9a7aaf41b8a42558d264f0fcd40a139256bbd9880cb4446a4bf817416	SINGLETON	4283	b1afa416cf8e4a03075cd391a7b9f5ec6fb0fadc12b3677d4bbd9bc601eebd35	방충처리	W_LEAF	목공사 > 목재처리 > 방충처리	TASK	ORIGINAL_KEEP	NOT_APPROVED
f443e64a9ad9eb1511986586cfc6f6bc656e666dc775fac7adddaff9988867e2	SINGLETON	4284	0ff5f9db985f9a89298139efc6e722464900aa347d3309964f480aac3d072a2a	내화처리	W_LEAF	목공사 > 목재처리 > 내화처리	TASK	ORIGINAL_KEEP	NOT_APPROVED
ba15878c8b30d1184de50f4920153d9eab2ffaf7a6a3659ba67abe03e987983b	SINGLETON	4285	68ead68b55fa28a12bf9126d046477614120b2e641be1bfcc712af8b39f7a7b2	내신축처리	W_LEAF	목공사 > 목재처리 > 내신축처리	TASK	ORIGINAL_KEEP	NOT_APPROVED
87fc9dee856fdc0de823757c6910a98d1e79e1ba25099a9d15d9bba3bb100f43	SINGLETON	43	5fece427fa5a471efd1c857e65a2d6bf3b3f5ae09da0993212fb575b07f06436	지붕및홈통공사	W_ROOT	지붕및홈통공사	PROCESS	ORIGINAL_KEEP	NOT_APPROVED
daca4d1a841eb6dc9c1b6685742ee5e1235381037547a32d2f32d4de8140102b	SINGLETON	431	862b199af64073d805af60de404aa66940183eb7de761438bb78bc5f88311638	자연형지붕잇기	W_MID	지붕및홈통공사 > 자연형지붕잇기	PROCESS	ORIGINAL_KEEP	NOT_APPROVED
8cfa037ced0e974d2707b4b5c06ce23f2aa39d3754576b6a932a5586dd7f0c56	SINGLETON	4311	a33902e8839dca0c3c7cfae48695d094f5c309d410783f24ce5a4992832d9f79	초가지붕잇기	W_LEAF	지붕및홈통공사 > 자연형지붕잇기 > 초가지붕잇기	TASK	ORIGINAL_KEEP	NOT_APPROVED
cb57b7cc00b32ad8a7e6891a9cc6fae03c825f0e513d7f8b6fbfd5c059c894c2	SINGLETON	4312	cca19c876cf0be8334cc1c67a9823ff6165f175dd5b93ec7d55ef5771260cca6	너와지붕잇기	W_LEAF	지붕및홈통공사 > 자연형지붕잇기 > 너와지붕잇기	TASK	ORIGINAL_KEEP	NOT_APPROVED
a492a0fe0bcc1fa46324941086217984ce0e3a41d318bcddae69d13bff90d910	SINGLETON	432	8ef105f9dcb3cb4e4a6be8be4c6fb1731465dd760d217938c04806d0bd463d95	기와잇기	W_MID	지붕및홈통공사 > 기와잇기	PROCESS	ORIGINAL_KEEP	NOT_APPROVED
1a4552abd433235457edd6993bf6ae859cee45afb16b919c9139b65c0040a863	SINGLETON	4321	4dcef32e83a9ee18b42d1043ae74c73aaa9011422f5786c1fa4fb5dea77a1567	시멘트기와잇기	W_LEAF	지붕및홈통공사 > 기와잇기 > 시멘트기와잇기	TASK	ORIGINAL_KEEP	NOT_APPROVED
a4f6ff82e054bd2466a56391de68f4ba652c57a9a8f57f24d53dbc164bed1ce1	SINGLETON	4322	50c5fa9f65baad28c8c23119e78f7615cf232b097283394635addeef5010ed74	점토질기와잇기	W_LEAF	지붕및홈통공사 > 기와잇기 > 점토질기와잇기	TASK	ORIGINAL_KEEP	NOT_APPROVED
ce094cd40f6849dea02980450272409b515b65ee4b88edc5cd24ce6d64d51fd7	SINGLETON	4323	19ab4bbfd71916dd1ad9d772e181a44ccbf079bb84acef4d020cba854b050385	자기질기와잇기	W_LEAF	지붕및홈통공사 > 기와잇기 > 자기질기와잇기	TASK	ORIGINAL_KEEP	NOT_APPROVED
2b25dbc4d4730b34cecaa8e15c52e29535f4b7d4226782043a0e5fa9a4e9eda1	SINGLETON	4324	a03418852b021301a6af711c2de7fcc65fd504d5c7588c0dac29999a4583b978	슬레이트기와잇기	W_LEAF	지붕및홈통공사 > 기와잇기 > 슬레이트기와잇기	TASK	ORIGINAL_KEEP	NOT_APPROVED
074395a75b54f6506499719fefe3255a479269b2df0944db08a3e8f66acc9017	SINGLETON	4325	502ee391bc5f31ac102bda97fd8f7b6ee785a22e1c81598908c799c2664e1c80	아스팔트슁글잇기	W_LEAF	지붕및홈통공사 > 기와잇기 > 아스팔트슁글잇기	TASK	ORIGINAL_KEEP	NOT_APPROVED
85df37eb080107e46394d9504785c2208663f4a04506d6f4efa7fa0b618bd9a1	SINGLETON	4326	93a032716eef22228c6d19e554d442e7b75c74aacd4af439ae8af94fe1a727bb	금속기와잇기	W_LEAF	지붕및홈통공사 > 기와잇기 > 금속기와잇기	TASK	ORIGINAL_KEEP	NOT_APPROVED
b8f23dd725840a1e3271bb5948737f641ba86f1ecd9e8b0f6b6b359bed91eef6	SINGLETON	4327	8660fef7c8ea0a5a9bb86775cb0e0da6e19795c15c706b1710b096b1227c6ea9	목재기와잇기	W_LEAF	지붕및홈통공사 > 기와잇기 > 목재기와잇기	TASK	ORIGINAL_KEEP	NOT_APPROVED
428a06303710d55360eeac4fb83cac1fdb785b0d180c6d4e625f5fcc7fe9a03c	SINGLETON	4328	f4531ec392cdd78022ff7cd5cd11ed8206eda492a44aa02f1bc29bdce41cf6c4	플라스틱기와잇기	W_LEAF	지붕및홈통공사 > 기와잇기 > 플라스틱기와잇기	TASK	ORIGINAL_KEEP	NOT_APPROVED
2e47d3e7dde1c35fc9f89db11d119d98f6396f975b8c1cb6215e2932b649e81e	SINGLETON	433	7e76febd17de30a802b30105f6f21918166c699f975339d7c5414fd71c442432	슬레이트잇기	W_MID	지붕및홈통공사 > 슬레이트잇기	PROCESS	ORIGINAL_KEEP	NOT_APPROVED
a7db859ba01a80480e9d6c27cc5f0ff506c85487aff4a4f0d5cab61d1e121549	SINGLETON	434	e500e995fd6b12007824612b10aa49b2d3060bee64edb60b02f8010b2d95a45f	금속잇기	W_MID	지붕및홈통공사 > 금속잇기	PROCESS	ORIGINAL_KEEP	NOT_APPROVED
385fdf5bb3e90ea8b1d5595029c8276e688afe2136fe3736987672e1dd948d58	SINGLETON	4341	243535030409a5026dacd3c42b3771d16c55f8012e88a5172b29f3ee1afb689b	함석잇기	W_LEAF	지붕및홈통공사 > 금속잇기 > 함석잇기	TASK	ORIGINAL_KEEP	NOT_APPROVED
c22cddad9da89a7c69e9dcf01b22e03e199121ec6fe34ba364abb5b1e2ba7c08	SINGLETON	4342	c8da10ea225a87fd73f68b219d1f0ae66aa7481745641c94a8f26febc5509d03	동판잇기	W_LEAF	지붕및홈통공사 > 금속잇기 > 동판잇기	TASK	ORIGINAL_KEEP	NOT_APPROVED
8e14d0b0a5164fd372a25bf1593b98f777ef722b0b983996b553234b2ad34824	SINGLETON	4343	07072183762f39a194631f474e26ac6ffdaeb683b84602c40e67fd26915dc062	스틸테크잇기	W_LEAF	지붕및홈통공사 > 금속잇기 > 스틸테크잇기	TASK	ORIGINAL_KEEP	NOT_APPROVED
69e3b2c4be5574aa33dd32731b05bcbdba714205e9b776f2847745f3179dd3d9	SINGLETON	4344	9c22603f8b098834a819d3f2347e8ef8ac0d1a573079daaf9b84794f3d16f419	알루니늄판잇기	W_LEAF	지붕및홈통공사 > 금속잇기 > 알루니늄판잇기	TASK	ORIGINAL_KEEP	NOT_APPROVED
371d6b810957f8ab44afadb9305724c709375e22de12bf6f20cc54a6409fe464	SINGLETON	4345	1b040f487a7a914d96e4a8fb19cafb8578d90f07cc1e653959154bab95e83d42	스테인레스스틸판잇기	W_LEAF	지붕및홈통공사 > 금속잇기 > 스테인레스스틸판잇기	TASK	ORIGINAL_KEEP	NOT_APPROVED
485a2f05310e8c8d77500e4846a083c2cf6f90c68020d514facf3b3df997e35f	SINGLETON	4346	47b9d7a60ff130f4dcc82b1bff73d91b5682987b91e024a97718647b9cc1c819	법랑피복철판잇기	W_LEAF	지붕및홈통공사 > 금속잇기 > 법랑피복철판잇기	TASK	ORIGINAL_KEEP	NOT_APPROVED
d30613c4e13abb5c6c6054ac667e96f3ee9aeb8e99b8f2cf4aa4caadd36d0988	SINGLETON	437	6c2e0e498b779fc44d279871437f26960522a443a2da67fa7220e580cdf901c6	홈통공사및지붕부속공사	W_MID	지붕및홈통공사 > 홈통공사및지붕부속공사	PROCESS	ORIGINAL_KEEP	NOT_APPROVED
c878122f7b0f7f4bda4517c25c843fce79a340822c88f3421ae25b2b27845f46	SINGLETON	44	126751765ecd5389f67b539d63d95e77c06c24e17bab9d1d845ee03e06f83a91	방수공사	W_ROOT	방수공사	PROCESS	ORIGINAL_KEEP	NOT_APPROVED
5928030d4b31d0dea0ef3c8f5f472f6c35d3f184ba38c593b8f521dbdc52a60b	SINGLETON	441	174c9c16428e9b6cb65b02468edf3a4660c662fcedf71ed9357cfc58f407ec6f	멤브레인방수	W_MID	방수공사 > 멤브레인방수	PROCESS	ORIGINAL_KEEP	NOT_APPROVED
6f72905443e75de6f596f2e962d1debec3c63a00f61edbaaa2262d0a7bc88e67	SINGLETON	4411	bbc9451c4bcfc34d97d1e36a2f9ad4d6a8345a30a9eadca2d5a95975730257c6	아스팔트방수	W_LEAF	방수공사 > 멤브레인방수 > 아스팔트방수	TASK	ORIGINAL_KEEP	NOT_APPROVED
167e6f350b228dad2d04d9c061a39eea5cb0a59c8af54fdbab824971ba6e848d	SINGLETON	4412	68c549183a5652fab9f4923f54cdea5f465ca28f727a795b469bf6a50d2f8d3d	탄성시트방수	W_LEAF	방수공사 > 멤브레인방수 > 탄성시트방수	TASK	ORIGINAL_KEEP	NOT_APPROVED
3cde0b5885b49a0bcb050b77d3c6d689893ebc2bf8c23dfbb0463289300ff4f4	SINGLETON	4413	0d63ec46e472117fb1328e9fd50f78f7171e23afb4bb055c18d15d64a3f27025	도막방수	W_LEAF	방수공사 > 멤브레인방수 > 도막방수	TASK	ORIGINAL_KEEP	NOT_APPROVED
e01d99f9fb4b4917819bc5ee6df715b864b1c3b253b8466ccc59f1f5d5bcf926	SINGLETON	442	ff20912ebe02c195a6123d12b473577229e1601f7a3cc056b65e31c67e743442	침투성방수	W_MID	방수공사 > 침투성방수	PROCESS	ORIGINAL_KEEP	NOT_APPROVED
869a27401fabbb553402332e93e414341500f131390ee5a23e73a8d06c6a1a53	SINGLETON	4421	11ebf6424002b666b7536906e2b54b62b063c239c02fa88a9b3991edc7eab820	유기질침투성방수	W_LEAF	방수공사 > 침투성방수 > 유기질침투성방수	TASK	ORIGINAL_KEEP	NOT_APPROVED
2e3985f640b105c3221e654eff55b64f3ef155add37b5fdfd7516fac36855d6c	SINGLETON	4422	2414d0a849bfaa9ddb3eaa95adfa7234363159829cca88d3e34300e555a4309f	무기질침투성방수	W_LEAF	방수공사 > 침투성방수 > 무기질침투성방수	TASK	ORIGINAL_KEEP	NOT_APPROVED
294be0cddd210ecb366785ba23653eed710ce8bfdaab96fc91880fdbb174b748	SINGLETON	443	b04af42bf24624abe933a853e9777d7d25eb509e58e2750423621912e0ee1d41	액체방수및모르터방수	W_MID	방수공사 > 액체방수및모르터방수	PROCESS	ORIGINAL_KEEP	NOT_APPROVED
4ade02dde07e88793dce836ce025a681d9abd5e0d927bff573c47c8f3315ce3b	SINGLETON	4431	0fab9ab7a0cb4ec4aa8f10f58fa0c99952b7a53dc35753670c2d78ab179e3b63	모르터방수	W_LEAF	방수공사 > 액체방수및모르터방수 > 모르터방수	TASK	ORIGINAL_KEEP	NOT_APPROVED
db331ddd567ea45fb4db9a487f5b136bf114447b9cc34c52eee23ad22a8b8f96	SINGLETON	4435	ede92823b5a33c26dbaf4465ad55fbd86972a1356a1f97d0801fa1eff3391d2e	시멘트액체방수	W_LEAF	방수공사 > 액체방수및모르터방수 > 시멘트액체방수	TASK	ORIGINAL_KEEP	NOT_APPROVED
c4762b0811eb5d44a779a85bbf6c053395ea371a1473c2fe2fd8bae8f97acdbc	SINGLETON	4439	5eb9255406bad0599e0c7df136c6711c3efb352859c3035b33cc680c794ddcab	기타액체및모르터방수	W_LEAF	방수공사 > 액체방수및모르터방수 > 기타액체및모르터방수	TASK	ORIGINAL_KEEP	NOT_APPROVED
58a6f0ae64b115e33f80cbb5684c41aba2c70b9d17c2f63f04c824ef9c2db91b	SINGLETON	444	bdeabb91c4ace62290631bb660b58cec46186b3fc40f742c198745c61e452232	금속방수	W_MID	방수공사 > 금속방수	PROCESS	ORIGINAL_KEEP	NOT_APPROVED
8e30763ad163429d9095e8a6822e0117005c824f1aa7cd754041bbf8d02e23c4	SINGLETON	4441	924ea4f3d634f908f40bc6ed2b09d06ab12e58a66dffc46836e1e99af4faac41	동판방수	W_LEAF	방수공사 > 금속방수 > 동판방수	TASK	ORIGINAL_KEEP	NOT_APPROVED
83bf88c0af004621773dad16b817b6bc51c1b7842dce51658c445a76b29a766e	SINGLETON	4442	01b4471539a81015cd70088b8d7f2c137943c33fc0907d3c9f72e710a08c7f2a	스테인레스강판방수	W_LEAF	방수공사 > 금속방수 > 스테인레스강판방수	TASK	ORIGINAL_KEEP	NOT_APPROVED
2425326b235dd2d6471a9eaa0be5c51bcd0d64c42cfa796d4d2f4ffbf1785ed4	SINGLETON	445	9f0e2970513ef2819f6e97422fcd542225828e8b5057380ada31281863a4356b	벤토나이트방수	W_MID	방수공사 > 벤토나이트방수	PROCESS	ORIGINAL_KEEP	NOT_APPROVED
fd4fb7daa5d1236f960e5a00fae7ed74f5fd44fe1f25a33509ce18261c0e5aff	SINGLETON	4451	4326687084d4e80ce73c34dd9a1327e89804d0d17ead2d763008a49a7f373d95	벤토나이트판넬방수	W_LEAF	방수공사 > 벤토나이트방수 > 벤토나이트판넬방수	TASK	ORIGINAL_KEEP	NOT_APPROVED
95efacf73900d07c56afaaf954adf54dd72197759a33f1fe61549bfba4be9be8	SINGLETON	4452	15ea354098b2c114465ed4edfb2e01794446ac7c50edfaa1a755ad1ef7f325f4	벤토나이트복합시트방수	W_LEAF	방수공사 > 벤토나이트방수 > 벤토나이트복합시트방수	TASK	ORIGINAL_KEEP	NOT_APPROVED
9d1d7e3cf333b05c23ed838742a05d0d01c6bc294913a89e1f2bb1ad7a31babe	SINGLETON	446	227d369b261de20da01e64b86ca9c54bb05139fb97ac3a7ce5353204d3bd792b	방습	W_MID	방수공사 > 방습	PROCESS	ORIGINAL_KEEP	NOT_APPROVED
d2e4d0a59bdfeb6404808078c276f18e79565e7cdeaf239308f44c9b1766dc45	SINGLETON	4461	fabf07ad77ed59ec79450ed9f1e9bbdde8afb8d6ac8733a83317c8e1aa2b61aa	아스팔트계방습	W_LEAF	방수공사 > 방습 > 아스팔트계방습	TASK	ORIGINAL_KEEP	NOT_APPROVED
da5c46b85137b56bc6a1872da7cd9db1b0bb706e961ddcdde52acb17a23dbbfb	SINGLETON	4462	0b49e6abc252659a4532854c70f02c39c5995f7e77f50469a6233d2a2d96ab14	발수성도장방습	W_LEAF	방수공사 > 방습 > 발수성도장방습	TASK	ORIGINAL_KEEP	NOT_APPROVED
637eaff7ee515a7f77275af06ba59eed0d20501f67831de3a9f62ebdffb623cf	SINGLETON	4463	82d48c13e37d2edb4745bca9cb88fdcb5842ecbb0cde60b12df1c7069a7f8acd	시멘트성방습	W_LEAF	방수공사 > 방습 > 시멘트성방습	TASK	ORIGINAL_KEEP	NOT_APPROVED
f7aee4976d0cdbf81efee8948cce5f9cadd72d70f5fc729e44e30a5dfd6e6224	SINGLETON	4464	6a23ada9ec1e73ffbefd17a07e6de4b0f622baa0da3423d84e1e97940d452f56	탄성시트방습	W_LEAF	방수공사 > 방습 > 탄성시트방습	TASK	ORIGINAL_KEEP	NOT_APPROVED
0532e14156d402607b4b0e188c2862608dbf0c964fd527940d48e3bffc652f10	SINGLETON	4465	e4f1b26dc00e302a1abfb0a41f919bd3677b1a0f87fadeadf179a324c26556f1	배수판설치	W_LEAF	방수공사 > 방습 > 배수판설치	TASK	ORIGINAL_KEEP	NOT_APPROVED
c3582e8533c5d9748127737b0972cd56e90ec05458a3309730e65348f10c82e8	SINGLETON	447	c31f801b5a66190d0240393e477dbb363c6c428fda790b152c36ef7e04a00bfd	발수제바르기	W_MID	방수공사 > 발수제바르기	PROCESS	ORIGINAL_KEEP	NOT_APPROVED
ac74a224650d5509cb0506ecd2daf797b6aec4c361eb5e4467bed4db842033c5	SINGLETON	45	0b95fdbb0407e9174e7cd047398cce07f3d87508adcfbbd3b429b427cde6bf7a	단열 방음공사	W_ROOT	단열 방음공사	PROCESS	ORIGINAL_KEEP	NOT_APPROVED
5f218950ff1076983ffa9bbe897bf1263bf0ee1116c3397b2516753c0c1ce541	SINGLETON	451	a9ef0cceac826fb24ba0b743b51c9e00dd42bd825cd2604c663ce0ac484b895f	지붕및바닥단열공사	W_MID	단열 방음공사 > 지붕및바닥단열공사	PROCESS	ORIGINAL_KEEP	NOT_APPROVED
6361b99c7212836ff2d98a099a77af6554da10a01c412be3a44ac4fb2960e8fe	SINGLETON	4511	14c2225f1a4e72db0cd59d00785accf402c1be04a4c4d82e75a49c1a65e3d7a1	보드형지붕 바닥단열	W_LEAF	단열 방음공사 > 지붕및바닥단열공사 > 보드형지붕 바닥단열	TASK	ORIGINAL_KEEP	NOT_APPROVED
5144855117b54aecb13345144973321b45b349de7448cab8cec7ccaada5f525d	SINGLETON	4512	c77c89672acb41f79e2c8c3d982f451be2ba296129b04e4bde37d9e20f4b6bfb	시트지붕 바닥단열	W_LEAF	단열 방음공사 > 지붕및바닥단열공사 > 시트지붕 바닥단열	TASK	ORIGINAL_KEEP	NOT_APPROVED
8cbcd766b27e4a99f97a72c412a7b4f08938c77ba63e7eab2b8ea579380fb761	SINGLETON	4513	d7d369c2fad9d0e104fbe819203eb4d0531f43ab39513c01a130081d8e7b5d6f	현장포말지붕 바닥단열	W_LEAF	단열 방음공사 > 지붕및바닥단열공사 > 현장포말지붕 바닥단열	TASK	ORIGINAL_KEEP	NOT_APPROVED
b9b95bb8de3279218000da4fd3e662bd153ed47d97560b7406970382c31d0e77	SINGLETON	4514	318f85973764bf99abbd23abb234a6715dfa193cb78f5130eb42adefc1e1f3ea	다공성재료지붕 바닥단열	W_LEAF	단열 방음공사 > 지붕및바닥단열공사 > 다공성재료지붕 바닥단열	TASK	ORIGINAL_KEEP	NOT_APPROVED
5056e74d2d7df1d5335def453ed935015a3527d2f91d49ad495b4d9ce92c8ae2	SINGLETON	4515	12d695c13e0b864c5e323e183de06646ad48385f46060a5ba57a0cc9429115c9	뿜칠형지붕 바닥단열	W_LEAF	단열 방음공사 > 지붕및바닥단열공사 > 뿜칠형지붕 바닥단열	TASK	ORIGINAL_KEEP	NOT_APPROVED
ba8cb40d968a628c666d30fbcd6e3cc049af30ce9ebda801c1038d6a5a75b637	SINGLETON	4516	0b8f4862a4bcffb365c7e25086a3497a10f9b01101436744c23c6eee31f06dce	도막형바닥단열	W_LEAF	단열 방음공사 > 지붕및바닥단열공사 > 도막형바닥단열	TASK	ORIGINAL_KEEP	NOT_APPROVED
9da860796603be35e2aeeba9341b671f5a94575985fb3e6b38b38ad6ccda9580	SINGLETON	452	3581aebb99366cb129ec07cd2d1038c1d9fbd7ff6520556f0da197fc20cdd089	슬래브하부단열	W_MID	단열 방음공사 > 슬래브하부단열	PROCESS	ORIGINAL_KEEP	NOT_APPROVED
8b51b63e8e85a2f30c99c45a8cc598b05435684fc2727f6eb3774bbd286a455c	SINGLETON	4521	3cf4775ac327734753433dc0c2c45d1435d9df79cd609fb1ee86a7490b233f2f	보드형슬래브하부단열	W_LEAF	단열 방음공사 > 슬래브하부단열 > 보드형슬래브하부단열	TASK	ORIGINAL_KEEP	NOT_APPROVED
81d18a98292b73b9572adac5a6d3ef415f444ef051b8a0a561ef26568dcc9d42	SINGLETON	4522	0acc504a9b3119c4b469ae20f1adf9a4ddf275c17c4e3e9cd1d2191466e9bca9	시트슬래브하부단열	W_LEAF	단열 방음공사 > 슬래브하부단열 > 시트슬래브하부단열	TASK	ORIGINAL_KEEP	NOT_APPROVED
4b6a2802c89ff7b346f07b033e2fc3b57797aa5b98d7c502e8e79251157183e4	SINGLETON	4525	b4fb88f9fdfb657f1ec55b6596900e826ddd68b590c669d27b59c1c8a3eec70c	뿜칠형슬래브하부단열	W_LEAF	단열 방음공사 > 슬래브하부단열 > 뿜칠형슬래브하부단열	TASK	ORIGINAL_KEEP	NOT_APPROVED
8cd0212ca67b11337796d52991a23513989708977727f6c13be32085b2be863e	SINGLETON	4526	b0c330405259275a24c37ec48d13726b0a7ab52bf0b2f512f1f1d9d17f2a2675	도막형슬래브하부단열	W_LEAF	단열 방음공사 > 슬래브하부단열 > 도막형슬래브하부단열	TASK	ORIGINAL_KEEP	NOT_APPROVED
d99cfbb806dd45e4a954f8a6bd14b7c83edd14232ccc2b3cc7937486349cbcaf	SINGLETON	453	1b79d27d3205cb0e33af3e28beea3e023d66f793a9f4f40f0f90b39bb4d03eda	천정단열	W_MID	단열 방음공사 > 천정단열	PROCESS	ORIGINAL_KEEP	NOT_APPROVED
60656696f6524d8f309fb56af280d501f7011d89b626f90e8436d95f66d8c476	SINGLETON	4531	a5660d3ff74e76e3b6ade1c52459f5931c29a5034148cada7674d8add159195b	보드형천정단열	W_LEAF	단열 방음공사 > 천정단열 > 보드형천정단열	TASK	ORIGINAL_KEEP	NOT_APPROVED
cdbbcf14d7a38ef60efde7e167b613c9a07cee070d9c26c5a17b10995a043e19	SINGLETON	4533	f0e0dd1ecc05331ab01d7d8d5eb8f093fa2a14c3633d1940141ae43cec75bec3	현장포말천정단열	W_LEAF	단열 방음공사 > 천정단열 > 현장포말천정단열	TASK	ORIGINAL_KEEP	NOT_APPROVED
3d48573e1d316e06b26b513b3d1b0f6ce573017dffb0fd382f18aa346ee5e727	SINGLETON	454	8737ffafee9e9356beec0edca95c93e1fc270f66f44307bfd193c571b3756d55	벽체단열	W_MID	단열 방음공사 > 벽체단열	PROCESS	ORIGINAL_KEEP	NOT_APPROVED
09f7236b0612c3b58048c4f5f6bbdebab0ee2b71f282e6cd10078f87f9b371f0	SINGLETON	4541	2c6a69ff232fc3e4b5e365adbebd9e48b9c14f5bf8e56e92219de6776244fdfb	보드형벽체단열	W_LEAF	단열 방음공사 > 벽체단열 > 보드형벽체단열	TASK	ORIGINAL_KEEP	NOT_APPROVED
79c9e18eab7b84dddfa7df4a051126b75af9b73154b2b664848d1d41f0cc3d86	SINGLETON	4542	344bc2f53f2c203b69f704639e824264dd9e7aab626d8b94bd7ebc44d1bda6c1	시트벽체단열	W_LEAF	단열 방음공사 > 벽체단열 > 시트벽체단열	TASK	ORIGINAL_KEEP	NOT_APPROVED
4831b95cc6323f618b57ca49c27860fe61977dc2bd546d9b6afe80b9d56eb2a1	SINGLETON	4543	b2ec9fa48f05df49cf75578a5782181d726225d971bda5af57096a30659bb3b6	현장포말벽체단열	W_LEAF	단열 방음공사 > 벽체단열 > 현장포말벽체단열	TASK	ORIGINAL_KEEP	NOT_APPROVED
ca55317c06ce553d789677f42d5546ba12c11875cd703dcf95a198b849b97a09	SINGLETON	4545	160e1ba4c8e2cf3e6597efcd979ba9d36d0731b92a763349432f3bd1a443b081	뿜칠형벽체단열	W_LEAF	단열 방음공사 > 벽체단열 > 뿜칠형벽체단열	TASK	ORIGINAL_KEEP	NOT_APPROVED
5b12ff6f39f66a552c9835bec69527dee259677a6d4dc4342c984f0873316ae1	SINGLETON	4546	c5961623d5ed801a9ed1180a644bd54c7598b81e84d85236a4c72fb877458adf	도막형벽체단열	W_LEAF	단열 방음공사 > 벽체단열 > 도막형벽체단열	TASK	ORIGINAL_KEEP	NOT_APPROVED
a2f1fe44215ea3bc676bd103630f70b6070914b6a2cf6fa10ee0443fc08d25dd	SINGLETON	455	0acda8bcf1e95057ac5b73dff7289b40374f4d32351effa7066b5d32d46c0308	외벽단열	W_MID	단열 방음공사 > 외벽단열	PROCESS	ORIGINAL_KEEP	NOT_APPROVED
ee04404c57532648a935dc079bfafae6ea3dc17383f1c4394346e11e53f83a68	SINGLETON	4551	22533d410c36db4fd2f634590d07524030ac4d80ab5f2bea895251b7bb3dea38	보드형외벽단열	W_LEAF	단열 방음공사 > 외벽단열 > 보드형외벽단열	TASK	ORIGINAL_KEEP	NOT_APPROVED
e5f0b29343458222b8e70cc7f0ce3ce3c863fdeef3238fb48e206a414bf1aae0	SINGLETON	4552	b5aee889bc5da31d5507600f7ca5ccb29b201c3462d77ed036afd6aafccae008	시트외벽단열	W_LEAF	단열 방음공사 > 외벽단열 > 시트외벽단열	TASK	ORIGINAL_KEEP	NOT_APPROVED
1f2659a116d9738ba51c72c39eecde0737dac63289f94032d2fdda39be8567c8	SINGLETON	4553	5b5c364b0c5f0e7a4db6599d251b01a24c93eaa72df9a4e24586f50cd16bca65	현장포말외벽단열	W_LEAF	단열 방음공사 > 외벽단열 > 현장포말외벽단열	TASK	ORIGINAL_KEEP	NOT_APPROVED
461c84c2f43c53fe19dec05a93e153ee82787a7fc40f56fe2a04dff93f12f68b	SINGLETON	4555	e1e0824fed4e0255081cc4e98d9006ec5f22f79a51c138ede8ecc206d48c414e	뿜칠형외벽단열	W_LEAF	단열 방음공사 > 외벽단열 > 뿜칠형외벽단열	TASK	ORIGINAL_KEEP	NOT_APPROVED
92144d57f74f82fb615953fd87f66acbcff0a8e6d1ec5021f689c654cf91fa35	SINGLETON	4556	be2387c059ad64d93de085c5e5295a2695a2290686bb7f6ca9e42fc80b4bb6a6	도막형외벽단열	W_LEAF	단열 방음공사 > 외벽단열 > 도막형외벽단열	TASK	ORIGINAL_KEEP	NOT_APPROVED
ec6c03a8aad00b368c07295be86baea08d9705eebdcce822dbc9811d598c8cf1	SINGLETON	456	d89ed7a97c91f04aa44790007e7b80844dce555f14b9ae05fdb46e1f590f1b44	방진 방음공사	W_MID	단열 방음공사 > 방진 방음공사	PROCESS	ORIGINAL_KEEP	NOT_APPROVED
9fc73b0c793e03681c3407d3519d65b2b9ced2347dd0fb5746a20bc386231bbd	SINGLETON	4561	48e18c6fa171c7f54db2ebd8949e2eaf73d3c33c7c9e1ad9f2b0e2b61f9564db	진동방지공사	W_LEAF	단열 방음공사 > 방진 방음공사 > 진동방지공사	PROCESS	ORIGINAL_KEEP	NOT_APPROVED
03220e5c135342bf7f534f4cbccf43806685655020bba5b4ce6e6b2a916b0695	SINGLETON	4565	3954f36c4f19289f1b878aaef2c480c9e349373df3202d6829aa38d9da47b3d1	방음공사	W_LEAF	단열 방음공사 > 방진 방음공사 > 방음공사	PROCESS	ORIGINAL_KEEP	NOT_APPROVED
00f32052a00a9a85ca580077d451dcc4a0ac451efe34e5408bc333b25fb49ff5	SINGLETON	46	0c95bf1774ffafde028edb18838bfc6ec482a158674540db10a07143e72378fb	외부판재공사	W_ROOT	외부판재공사	PROCESS	ORIGINAL_KEEP	NOT_APPROVED
7bf3910987cb6c1c0cf003241a745ed3fbb08dcbd5458ce04bc874215025e5d9	SINGLETON	461	35ec53f9a44899a536371023d37fd6c4d8863cca2cc0199f18ef5bebffb92762	커튼월프레임및앵커설치	W_MID	외부판재공사 > 커튼월프레임및앵커설치	PROCESS	ORIGINAL_KEEP	NOT_APPROVED
17a65b4ed96f4a0e6b387823c74b0a251c98db870f730695e13469ae5ed964f6	SINGLETON	4618	0d8579a9bea3cb08be2d665ea0dd753dd48756a756b18ca7124138b9ee75220a	고정철물및부속재설치	W_LEAF	외부판재공사 > 커튼월프레임및앵커설치 > 고정철물및부속재설치	TASK	ORIGINAL_KEEP	NOT_APPROVED
1f1041e6925f663ff5ec5202db7516c78dbb0b31cd24106bd53426ea70b6753a	SINGLETON	47	229762bc992ef5ff7f9a29072dbfa81065063f322705647c9e304b59a21defe1	금속공사	W_ROOT	금속공사	PROCESS	ORIGINAL_KEEP	NOT_APPROVED
012f674cfe4aef679121821ad0d914633c3129fccef94f58deb3bce118d0ca83	SINGLETON	471	ff6fcec3abc364e562b310e0c78ffc10a0c0b66c87e4edafa3aa9be671348851	금속바닥틀(장선)설치	W_MID	금속공사 > 금속바닥틀(장선)설치	PROCESS	ORIGINAL_KEEP	NOT_APPROVED
c835908848e6e590471a20e89063e96542f4fce2d333e52ed84e07f432770dd7	SINGLETON	472	5cffae896f5b55be0d1cab93b840845af04c4812bef74ef456d8d97f4ec82831	메탈스터드시스템(금속벽틀)설치	W_MID	금속공사 > 메탈스터드시스템(금속벽틀)설치	PROCESS	ORIGINAL_KEEP	NOT_APPROVED
83d0468466185d21e2d45186a55e213bb3677916333d1bfa4d29e4123b4b045d	SINGLETON	473	eeb3d80c9f9c9251ae50dc1dccffa03332785105cce3e318479a5032d6493fe5	경량천정틀설치	W_MID	금속공사 > 경량천정틀설치	PROCESS	ORIGINAL_KEEP	NOT_APPROVED
0e93c5d551eb1eb656c4d219e2f5cbdde7a611f4d1f8cfd8d35caf54bb82840b	SINGLETON	475	29d8aa65e7f02217f363db987596ebca69d3bb2c068c4d4a9f273951f49f3cfe	금속마감	W_MID	금속공사 > 금속마감	PROCESS	ORIGINAL_KEEP	NOT_APPROVED
973307c8c9363d1eb75fd15ab033f2c197cf3953333a5cc18331f1323f433371	SINGLETON	4751	95e690c7828ad12272b4749b5b8663183bdcfea28767a0129a6a2790bad38fe3	바닥금속마감	W_LEAF	금속공사 > 금속마감 > 바닥금속마감	TASK	ORIGINAL_KEEP	NOT_APPROVED
c950ed149acae4c6f39740e24afd6ba59d022f1893b66a176b9d04f5744119e1	SINGLETON	4752	ef09dd6810e0244a5f16b5edf29dc2ff2fa6b01fdbf3b62ac1730cbc6b0a7f37	벽체금속마감	W_LEAF	금속공사 > 금속마감 > 벽체금속마감	TASK	ORIGINAL_KEEP	NOT_APPROVED
1989397a0f85cea517d06c1f60c3efad17df5231be1a47b829d283807d3be2ee	SINGLETON	4755	fbbdbb57c96fda7c4038c1687c9764c11c8a888e552f3c24691bd548c6808ff9	천정금속마감	W_LEAF	금속공사 > 금속마감 > 천정금속마감	TASK	ORIGINAL_KEEP	NOT_APPROVED
5e9f3bd52f774810f3b020a8c2160ce5a9e5a4909c1f517b61cc7dd45f0cd9b5	SINGLETON	477	f0eeea6dc0e4475a75c113f0d007e117f59c0fc04d95a5cd15aefebdf654fc37	금속부속물설치	W_MID	금속공사 > 금속부속물설치	PROCESS	ORIGINAL_KEEP	NOT_APPROVED
43ab9d5bcc0f0537d6d9ad3f25079ad739501cdfb792cb0e4559f2bfc9662f1b	SINGLETON	4777	3d663730ebb74202bc01a090a036af4bd943c76b313eecb483daac7f6b23b770	기타금속부속물설치	W_LEAF	금속공사 > 금속부속물설치 > 기타금속부속물설치	TASK	ORIGINAL_KEEP	NOT_APPROVED
0bf2deff037a1b3e3fca6af59208c3d99c63efba682186f021f36562ccfdc1c0	SINGLETON	4778	f0c4f04bc2d52c593b538b53ebe5aee294ab21512348c2ca54b022172566a010	금속조인트(줄눈)덮개및트림제작 설치	W_LEAF	금속공사 > 금속부속물설치 > 금속조인트(줄눈)덮개및트림제작 설치	TASK	ORIGINAL_KEEP	NOT_APPROVED
76cd3025c1c646511cf705f3f178193de585d37436b218cbc62a6d72e8bef44e	SINGLETON	478	0a7798904115d9c75ae11761c2eea4a7642d477ea97e237a9058673d21162793	건축잡철물제작설치	W_MID	금속공사 > 건축잡철물제작설치	PROCESS	ORIGINAL_KEEP	NOT_APPROVED
b03fbd2acb8a7a1f82ae5001f9ca6792bcac86f726798d4be1b18909aa84d8ac	SINGLETON	48	8aeebe5c891d36e67877da5c1ec39e0866252f3a1005b6b3087bffbb4fb91d6b	창호공사	W_ROOT	창호공사	PROCESS	ORIGINAL_KEEP	NOT_APPROVED
949b2969c0dde56c672c18fc9437d6bec17fb188e73938de265b75880b26056a	SINGLETON	486	169e82d6c7f8d72ec4b878d80dd499ec7963329594ddedfa23e88931518cdff8	유리공사	W_MID	창호공사 > 유리공사	PROCESS	ORIGINAL_KEEP	NOT_APPROVED
70435ef21492a20d050dbfc45af0163cd0c4f6248013d5ea65a715ab4a4b4039	SINGLETON	487	4c4749811f08c4bdb2f1df7f4be3c25dd397ef96a1a94599d26141d773c0878e	유리부속공사	W_MID	창호공사 > 유리부속공사	PROCESS	ORIGINAL_KEEP	NOT_APPROVED
85798d62d03634b69e0540598bf5aca4cf3dfd8cf35789ae4a14db459c7d359a	SINGLETON	4871	d670966a92d8e5640f1295920312d34f7e4165c1ac138b39aff70b01b88ed781	절단및가공	W_LEAF	창호공사 > 유리부속공사 > 절단및가공	TASK	ORIGINAL_KEEP	NOT_APPROVED
1a49b3f77120fc266946453215fae414fe8d21d1bc537f5732641af5a6d8f536	SINGLETON	4878	16a42921ae3921b5eb7a3b1365e73185a7be62a0a005d25c178bef499f054a28	보양및청소	W_LEAF	창호공사 > 유리부속공사 > 보양및청소	TASK	ORIGINAL_KEEP	NOT_APPROVED
acaa682822a7efd396a4b67c1cc0cd12330fcc5b12523b900fcbf713b88e18e4	SINGLETON	488	729d4680f7271dbb41a30794008072de1db9e6bc4c1f8873d92cd3c026e5c854	코킹및실링	W_MID	창호공사 > 코킹및실링	PROCESS	ORIGINAL_KEEP	NOT_APPROVED
1a52bf5deb8935b80cdd717a29f774277235b47d37fa6e0b6e6c334fa32ba614	SINGLETON	4881	1a3d93d4723c01073fb05b0de1dfe256962f5698aa254eec5b3bdbacc9cf3c3b	창호공사코킹 실링	W_LEAF	창호공사 > 코킹및실링 > 창호공사코킹 실링	TASK	ORIGINAL_KEEP	NOT_APPROVED
0ac3671d5b81933eaba8f963190b5724a2b0cd45f99f865b9bef0a5d482233a9	SINGLETON	4882	a52566adcd87bbb0972b01828d92ea1c31aa59daebf8eaccef67084d066fce60	유리공사코킹 실링	W_LEAF	창호공사 > 코킹및실링 > 유리공사코킹 실링	TASK	ORIGINAL_KEEP	NOT_APPROVED
c13d0cc02d411f0999311bf8480ff358124e974df7afd797ba7db472303b3247	SINGLETON	4883	fd9ee42ba87f2a3ca66e9ab4493e707984c969c935f058fa29c239fec93452dd	석재공사코킹 실링	W_LEAF	창호공사 > 코킹및실링 > 석재공사코킹 실링	TASK	ORIGINAL_KEEP	NOT_APPROVED
85453cf907fe2e22dbdbfe307bf4714acc62385bc4ed66b77f6f405e59ba5157	SINGLETON	4884	d6940ef5ddef3733882983f7576ca4cebeee995f3d8416bf4b6f3955e5a0be13	타일공사코킹 실링	W_LEAF	창호공사 > 코킹및실링 > 타일공사코킹 실링	TASK	ORIGINAL_KEEP	NOT_APPROVED
f2f38447710b0762f0fc5b3c9ad8e138173d9777a039b78e24a20430710b17ec	SINGLETON	4888	4bc5661b51069f9df0e27f0a2c6e2b6d19011c67051944d3bb9ecdb5390dfdb2	코킹부속공사	W_LEAF	창호공사 > 코킹및실링 > 코킹부속공사	PROCESS	ORIGINAL_KEEP	NOT_APPROVED
f8f8f8c0ded720ede952c131be6396329a82ad7f1995efa930cff437b5ed9ffa	SINGLETON	51	f0dcba2f2ffbd09a5157d727b1be98cdccbc1724acd799395d98a1b3bfe0a311	미장공사	W_ROOT	미장공사	PROCESS	ORIGINAL_KEEP	NOT_APPROVED
923c4e57afb54a20be089f3f4fafbf31eb5c2c73c02f65fae6883a3a7748aa51	SINGLETON	511	134bfb3516d220e4555dd113f4e7b5be56ad0483784f271e60a3a5327aa4e13f	시멘트모르터미장	W_MID	미장공사 > 시멘트모르터미장	PROCESS	ORIGINAL_KEEP	NOT_APPROVED
f1362bf88c3b9464dbc82d80cc2ce508a4947f8f778e2a5300706dacdbe724bc	SINGLETON	512	3fd0d5e254b141b0196a11ebd4854dbacbf5efefb4355f42cf27e10aeec8675d	합성수지혼화모르터미장	W_MID	미장공사 > 합성수지혼화모르터미장	PROCESS	ORIGINAL_KEEP	NOT_APPROVED
547f6c3944eefedd97dfa5c18e9128c819c354b470395ca0ff4d247283db372d	SINGLETON	5131	7880788e6fc262a542e7aa710b7a293720ee8e8109042ac83284d86b7f995344	회반죽미장	W_LEAF	미장공사 > 플라스터 > 회반죽미장	TASK	ORIGINAL_KEEP	NOT_APPROVED
f043ecd7b1058a7909717535be66af98f91a496c01eff626b3aa3bac07ff7e89	SINGLETON	5132	11fd74fbb4cc2f97a0e6995cdafcda4fac5c68e7a3f53859c77ca372928d0efe	회사미장	W_LEAF	미장공사 > 플라스터 > 회사미장	TASK	ORIGINAL_KEEP	NOT_APPROVED
404308c2eb0c32923a21a1d5b36dcf091253d33b454c605616cc65cea7299620	SINGLETON	514	718e78d5a159095f997e5b1952206e74e872da2bcc2ca919bafe5ddc6ec9cd67	인조석(테라조)미장및물갈기	W_MID	미장공사 > 인조석(테라조)미장및물갈기	PROCESS	ORIGINAL_KEEP	NOT_APPROVED
329a411f54834448eff5a7789b8d48ea3a4e4d3f1e42c56834beaa5cbf4b6569	SINGLETON	5141	7ae80743eba481f26c5cd37b53e608fb5147f2cf8ff3df2a04d97d8391d9bee5	바닥인조석바름및갈기	W_LEAF	미장공사 > 인조석(테라조)미장및물갈기 > 바닥인조석바름및갈기	TASK	ORIGINAL_KEEP	NOT_APPROVED
5a9c42008b3aae9c10919d79089820323ca66fb16a38e3353ede409e2ab82272	SINGLETON	5142	513cc2896435fca79190a619c12ec1fd31858b303a4f67fb004aa6da3995a2cf	벽인조석바름및갈기	W_LEAF	미장공사 > 인조석(테라조)미장및물갈기 > 벽인조석바름및갈기	TASK	ORIGINAL_KEEP	NOT_APPROVED
5cb01356b7cc4b5e995dd54fa61bc627642412f198637ee5571a90cee8301ac4	SINGLETON	5144	df984a0b81d085013ec9d37d7a8ee1eb2c57cf6e56807680740da3bb66ca7e4e	계단인조석바름및갈기	W_LEAF	미장공사 > 인조석(테라조)미장및물갈기 > 계단인조석바름및갈기	TASK	ORIGINAL_KEEP	NOT_APPROVED
1e052dc642aaa3449d55a631a731e28fdc6cb96cc1b319e6e9ce11adff8d0414	SINGLETON	5146	178f7444f810f32021d6d4a12094ab9cff025c0718ac2c59bcb977277545f879	걸레받이인조석바름및갈기	W_LEAF	미장공사 > 인조석(테라조)미장및물갈기 > 걸레받이인조석바름및갈기	TASK	ORIGINAL_KEEP	NOT_APPROVED
b4d47e4841d6736e3d4386a14615655881dfa4c028e4b52e49985bf399bcd562	SINGLETON	515	c175f8f58b76055111a2ce2fc4bb447d9b96cded044d887e37bfe02bc0ce6b8d	온돌바닥공사	W_MID	미장공사 > 온돌바닥공사	PROCESS	ORIGINAL_KEEP	NOT_APPROVED
6ac1b5aee93b07090893d728d406d422531715676b11cfee0aa095275b6db95a	SINGLETON	5154	c4a63372d6c73a40b1a08fbf418c44824c8b2f4e50ea0a23668f88aad0cadbcd	미장보강	W_LEAF	미장공사 > 온돌바닥공사 > 미장보강	TASK	ORIGINAL_KEEP	NOT_APPROVED
a810f9c5ca4a703635f38636b58f8106f68d871b6499752dde69b8aeb934afef	SINGLETON	5155	b73911cf065ae34e3990f513fce2ffe5b179140295a94ff886923d52b92baebe	온돌바닥미장	W_LEAF	미장공사 > 온돌바닥공사 > 온돌바닥미장	TASK	ORIGINAL_KEEP	NOT_APPROVED
8dfd87d947fee2f86f04bc53ddb263279df8a89a0e195f57a25386dac1d785d8	SINGLETON	516	f52b4543b60b1ad46800990c3969146b560bde209575a1cfae181ad8c2c62aef	특수미장	W_MID	미장공사 > 특수미장	PROCESS	ORIGINAL_KEEP	NOT_APPROVED
dcd84ee361efa606f24edcace57d5217b009a11cbb4d98dacdf7b55626fc8b6f	SINGLETON	5161	bbe7850b308ef56c358d458e68adc407b39bd63b16687f1f70effd094864e604	흙벽미장	W_LEAF	미장공사 > 특수미장 > 흙벽미장	TASK	ORIGINAL_KEEP	NOT_APPROVED
84f0acb926c984609156a37de0852c11573e6b592154e84bf25428d87eaaaed7	SINGLETON	5162	662c74980624e3020325d5ed063b9df09e316903434ae715c8cc7c6cba9aab1d	골재나타내기미장	W_LEAF	미장공사 > 특수미장 > 골재나타내기미장	TASK	ORIGINAL_KEEP	NOT_APPROVED
896f57e499353fbc20b01363154def59a90ac943d271795aa08ae02cbb795673	SINGLETON	5163	e2badd7b15dab36d6d1cb7f0ac3138ea4377a4223a1d0209bb8ed7096a93bee6	그래뉼뿜칠미장	W_LEAF	미장공사 > 특수미장 > 그래뉼뿜칠미장	TASK	ORIGINAL_KEEP	NOT_APPROVED
72a5aaa482068ddd092e5e0c929fb21af871ef72a08bb278a163c890557357b0	SINGLETON	5164	64da520b4b4743e12861884853fe0328fa2f51c094f2fff8fff956fe786849aa	시멘트페이스트바름	W_LEAF	미장공사 > 특수미장 > 시멘트페이스트바름	TASK	ORIGINAL_KEEP	NOT_APPROVED
b3668b1c2e71972ff5904c6ff2df777763725bad4e7c73a2cae00505d4eebcd1	SINGLETON	5165	5bdefd732a2f07814d2ece665fe2dc143aae4c8338c9a23091a21b195820a708	하드너바르기	W_LEAF	미장공사 > 특수미장 > 하드너바르기	TASK	ORIGINAL_KEEP	NOT_APPROVED
284c5f417d61f4d0f2079adaf11077b2db1dfec5af1fc7ca206d6d46748e0037	SINGLETON	518	c2b99e346c021d36e5d6a8c5b60d01ca7d12bbca068e11edb9d9da067fd93b70	미장부속공사	W_MID	미장공사 > 미장부속공사	PROCESS	ORIGINAL_KEEP	NOT_APPROVED
be6f82734a12016fbc9036ceb7e6bd097ba4d4ba4cd8fcaa8732129277b229f3	SINGLETON	5181	dba453be189a454216cd4560bfd7fc9ac0a5d6f5622831ea34708530321be109	미장면마감	W_LEAF	미장공사 > 미장부속공사 > 미장면마감	TASK	ORIGINAL_KEEP	NOT_APPROVED
cfa0e6b529a757c6df4dc19d9b04d8c97b2d3df168b47da9297db01a960d332b	SINGLETON	5182	105bbbae2840c875cbb97c960132c23dd156ffadc31dec6806864d14b547920a	미장준비공사	W_LEAF	미장공사 > 미장부속공사 > 미장준비공사	PROCESS	ORIGINAL_KEEP	NOT_APPROVED
5d84f1a7e196d9b53e4828c1a80f06fe26898c6afdb8d910604fd1bd146ddfcf	SINGLETON	5183	13a0ac8a917ccb6f595215c4f8db955a70a2b79a3cdf449ec9a81a0d297e72a5	미장바탕충전	W_LEAF	미장공사 > 미장부속공사 > 미장바탕충전	TASK	ORIGINAL_KEEP	NOT_APPROVED
f9cf17b2b2f5c6b7d8fe1ffb539484309590b0c9d771213a593bf60e8c1b046d	SINGLETON	52	86322acee46ccabb10b10bac3b4ef479c46300b1506b294947898cdc56dc54f1	석재판재공사	W_ROOT	석재판재공사	PROCESS	ORIGINAL_KEEP	NOT_APPROVED
adacfa272eb4a6a674af7667b520a6085d7d0d0455f5ea6f5b4444af491f8024	SINGLETON	521	1ac65b7142a41e50973e977f63c6c9cd3bcfabae1290655eaa580993c6dff9d3	석재바닥깔기	W_MID	석재판재공사 > 석재바닥깔기	PROCESS	ORIGINAL_KEEP	NOT_APPROVED
013a2ebaac75458ca2a2c64f2c3e77314ce9cd35fed9dcdd9035761329b9482a	SINGLETON	5211	dc3bfb980ff62e0ed8a1855d1501187e9c47baf7c95897a0993cf251fedcb9ff	화강석깔기	W_LEAF	석재판재공사 > 석재바닥깔기 > 화강석깔기	TASK	ORIGINAL_KEEP	NOT_APPROVED
6c57ddb5410f7149ecb79747b399338841988c6e43c676b4ff63a93526e40885	SINGLETON	5212	940a2cef0f46942a7bfadd11481238f09720ec4b4771615907ba6c92d711e567	대리석깔기	W_LEAF	석재판재공사 > 석재바닥깔기 > 대리석깔기	TASK	ORIGINAL_KEEP	NOT_APPROVED
364efa64fa31b8856e512ea6f0165b648c2c00a668737fa5431c94a9cd92ff93	SINGLETON	5213	bcd8612107731d0025a5bd84ea010f9bcb2b646e1428f21ab7188545dced74d2	사암깔기	W_LEAF	석재판재공사 > 석재바닥깔기 > 사암깔기	TASK	ORIGINAL_KEEP	NOT_APPROVED
15e6d2ffc98aab416f995846ecc1a08fa4221758ca8af208c01f482f4cb591b3	SINGLETON	5214	baab54600a7518d35ca8e1a4907b77b6734a38ffb8b786496eb18015bc189b49	천연슬레이트(점판암)깔기	W_LEAF	석재판재공사 > 석재바닥깔기 > 천연슬레이트(점판암)깔기	TASK	ORIGINAL_KEEP	NOT_APPROVED
ba096cccebaafd5d70f4cd708357837be19dabe4efc716cd0d8344b92bc4b207	SINGLETON	5215	822afa5911639f71261f95ecb6d34ff131ddc3b3f9114a18c9b52760fcea51bf	인조석깔기	W_LEAF	석재판재공사 > 석재바닥깔기 > 인조석깔기	TASK	ORIGINAL_KEEP	NOT_APPROVED
fa8aa5b36857c1199761987bc82ca71f3fc4795b5ac041114bcf54f64c9d6874	SINGLETON	5216	c62687cb97cfee9fc129b891e0c59a79a875d57916bfcde1d3a84dab2793eda7	테라조타일깔기	W_LEAF	석재판재공사 > 석재바닥깔기 > 테라조타일깔기	TASK	ORIGINAL_KEEP	NOT_APPROVED
1cf07cdcbd1df01844dc417dfc25899e9f8855c743ffeaa8b82fd28792f90073	SINGLETON	522	d2a598205e442032980b542409702ac944806be83c03ddb75f114e9ee804afc5	석재내벽붙이기	W_MID	석재판재공사 > 석재내벽붙이기	PROCESS	ORIGINAL_KEEP	NOT_APPROVED
4be382a3518741bfb5e0d653502fbd40cfec07c325cf0e31be43220937570511	SINGLETON	5221	053f7ec2b5ea1fc3930329ee18f5147358b3488ca9c98be9bc45f7eac6f9289b	화강석내벽붙이기	W_LEAF	석재판재공사 > 석재내벽붙이기 > 화강석내벽붙이기	TASK	ORIGINAL_KEEP	NOT_APPROVED
7d7e1656f0fa19609db15574073725418f609bee46b5c86f4902f1e11b7cb561	SINGLETON	5222	20228865403cf37d4e1167afa3bfc1fb3d5479181360e32bfa2320cae646e4be	대리석내벽붙이기	W_LEAF	석재판재공사 > 석재내벽붙이기 > 대리석내벽붙이기	TASK	ORIGINAL_KEEP	NOT_APPROVED
589154813ce483c03442a5e19a996671889c887bbf9d024e13b774e26be49232	SINGLETON	5223	5f690ce4679d613d6e8e2e4b4959f18244703756676fe2557f355b57c9404018	사암내벽붙이기	W_LEAF	석재판재공사 > 석재내벽붙이기 > 사암내벽붙이기	TASK	ORIGINAL_KEEP	NOT_APPROVED
47ff6e395a92b38a06b4590e3f00fb0b0b261c5c6de4b081d24ada215edc68c1	SINGLETON	5224	c5a96c76faf1ac9f68e49075260e9bb18725645f4c9c35072ae27ee0bde99688	천연슬래이트(점판암)내벽붙이기	W_LEAF	석재판재공사 > 석재내벽붙이기 > 천연슬래이트(점판암)내벽붙이기	TASK	ORIGINAL_KEEP	NOT_APPROVED
9313b98bb061bd575ccc953f3deec6b4af4ed4f71021933f1c8872149c468d1c	SINGLETON	5225	ae9e03eeadd346935c45c545035b674423674f1ecd1192be94cc6b5ad5b0ef3c	인조석내벽붙이기	W_LEAF	석재판재공사 > 석재내벽붙이기 > 인조석내벽붙이기	TASK	ORIGINAL_KEEP	NOT_APPROVED
064a1341a099e8c6d1a821f002b150e5fd8f04086b60cbc1c716a779473b7a57	SINGLETON	5226	893590cef70ae39c5c46b2f642a79307a052253ebbe6a3d7f060c9e8c5f731d2	테라조내벽붙이기	W_LEAF	석재판재공사 > 석재내벽붙이기 > 테라조내벽붙이기	TASK	ORIGINAL_KEEP	NOT_APPROVED
3a9366d8c831cc54679c134646f37f6df12ae2f4199e045fd2adcb2049fa700c	SINGLETON	523	da3841a2f430332cdd10f1ecaae4440bb9d1f29578300450b887fb0f87e01bf8	석재외벽붙이기	W_MID	석재판재공사 > 석재외벽붙이기	PROCESS	ORIGINAL_KEEP	NOT_APPROVED
10bac51d65bef5b5d7975d67f64a755cf3848d46c7e9d78fcc808268edf07d49	SINGLETON	5231	cf0f40cbdac0171772d94e7267be8870ac0359c26fd379a9c35c5007579c8a45	화강석외벽붙이기	W_LEAF	석재판재공사 > 석재외벽붙이기 > 화강석외벽붙이기	TASK	ORIGINAL_KEEP	NOT_APPROVED
6c90b62ab91276670c29082fdb14b406cd2b8a5f4a465d6403564d079accf3f9	SINGLETON	5232	0a08b44aff2f3d4b75818fde96abd927f4592ea1295c7e879a0603da8e777f06	대리석외벽붙이기	W_LEAF	석재판재공사 > 석재외벽붙이기 > 대리석외벽붙이기	TASK	ORIGINAL_KEEP	NOT_APPROVED
d73e5d8d5eb6e787fa9e993321900028efee6eec9e14ce25b1003c0a37c06937	SINGLETON	5233	739a946e884ff8901046f6c690568bd17ca17777043740548fb92a8e60df86b3	사암외벽붙이기	W_LEAF	석재판재공사 > 석재외벽붙이기 > 사암외벽붙이기	TASK	ORIGINAL_KEEP	NOT_APPROVED
58d3db150107ed943f52b50d81c50ad37c297d7a92ae610fac1ab170931bec01	SINGLETON	5234	e452c13c9ef2b173dabbb62c3cce6ed7e296573f18465ecd34812dc05a618867	천연슬래이트외벽붙이기	W_LEAF	석재판재공사 > 석재외벽붙이기 > 천연슬래이트외벽붙이기	TASK	ORIGINAL_KEEP	NOT_APPROVED
40543959ddbc9b5f8c5819abf0fcc81996546bc49266ceabfd18038c72204c7a	SINGLETON	5235	72d5282078780d065d623231b03ce76885beced2a4741868f8d637e465a3fd25	인조석외벽붙이기	W_LEAF	석재판재공사 > 석재외벽붙이기 > 인조석외벽붙이기	TASK	ORIGINAL_KEEP	NOT_APPROVED
61c365adfe2a16c62a52e5de686aeaaabf453b4350a07cd0e1bb723a7f423d59	SINGLETON	5236	8d2330bfb4cab62f662984cc5a0be49d38367f6fb0b3fc4c0a2ec9484d989398	테라조외벽붙이기	W_LEAF	석재판재공사 > 석재외벽붙이기 > 테라조외벽붙이기	TASK	ORIGINAL_KEEP	NOT_APPROVED
d5c23a14c706351d68257016184208bec83a12432c027c0b54da81f6eb73c85e	SINGLETON	524	458b05cf348f2ad16e6b040d6286a079024874f43cf916f97134e077ff30ce00	석재구조물밑면붙이기	W_MID	석재판재공사 > 석재구조물밑면붙이기	PROCESS	ORIGINAL_KEEP	NOT_APPROVED
ae1444cf07abd98aae0a643b0da9db9343c941ba29d6278ff4dc4ff225ed6a79	SINGLETON	5241	9df80d41a3459fc644c554420d05b70c37d4c175b01e0760cfab659bfddbf9fa	화강석구조물밑면붙이기	W_LEAF	석재판재공사 > 석재구조물밑면붙이기 > 화강석구조물밑면붙이기	TASK	ORIGINAL_KEEP	NOT_APPROVED
dca659b7214251e8214a82066c94d8be6bf1700f76885ec431614d0d47b0b53f	SINGLETON	5242	5fed6df63473bae4e913f070715de78ef41d3c72ec76a7783cc779a9231fd697	대리석구조물밑면붙이기	W_LEAF	석재판재공사 > 석재구조물밑면붙이기 > 대리석구조물밑면붙이기	TASK	ORIGINAL_KEEP	NOT_APPROVED
432a0bbe8e70f37cb076f0323cc80f577864241cd6601b715be087f2ba6312dd	SINGLETON	5243	c8e20d4e5419ecb7f4e54016765b66dbcc3349f0d593227668cf14f16b3a1e0e	사암구조물밑면붙이기	W_LEAF	석재판재공사 > 석재구조물밑면붙이기 > 사암구조물밑면붙이기	TASK	ORIGINAL_KEEP	NOT_APPROVED
793a3ed79f2c15fe579a0a091a1c6f197a870fd633d16d8d7bfd8dd4a5894b2b	SINGLETON	5244	1c1b653fd74908a61c38ce8e54052de35d7d8643d9c19688a9e2c6fe5e631899	천연슬래이트구조물밑면붙이기	W_LEAF	석재판재공사 > 석재구조물밑면붙이기 > 천연슬래이트구조물밑면붙이기	TASK	ORIGINAL_KEEP	NOT_APPROVED
71cd73e41b26e97be3c29830496dc73126077e0fe249882ddb0cb3a040619aaf	SINGLETON	5245	b2f09103422dc0c68fdce2e869cede2890d6e5c92e2a1286ba6f8a8a333da0c8	인조석구조물밑면붙이기	W_LEAF	석재판재공사 > 석재구조물밑면붙이기 > 인조석구조물밑면붙이기	TASK	ORIGINAL_KEEP	NOT_APPROVED
453e891bb834c2046ddc95a54be398c151d6fe553fa496306c2a68cdf63d8d22	SINGLETON	5246	4493846c4493360c507ea813984a3e8a6f3746512f517784e5a3c846b2238c1e	테라조구조물밑면붙이기	W_LEAF	석재판재공사 > 석재구조물밑면붙이기 > 테라조구조물밑면붙이기	TASK	ORIGINAL_KEEP	NOT_APPROVED
d247d23d1ed4e328c2447c090f6004c4d9eae4f00fa0467f4a36103620df8729	SINGLETON	525	c57fe71a7b50ab51602aa996ea142e07d956d1262d346ef16876bfb952848568	석재계단붙이기	W_MID	석재판재공사 > 석재계단붙이기	PROCESS	ORIGINAL_KEEP	NOT_APPROVED
28551b2f734086312a3f2e5066c4e949072f207938bf0bcae2b7f87390e1f319	SINGLETON	5251	ed39485f903bccfb14587b28a80e1c366ecffc15186189599f0fb62adffaea8d	계단디딤판(트레드)석재붙이기	W_LEAF	석재판재공사 > 석재계단붙이기 > 계단디딤판(트레드)석재붙이기	TASK	ORIGINAL_KEEP	NOT_APPROVED
6985c17f351847499f1c250343deb7f6b9c81cc4d194fe15f055b3fa2b9c4d0f	EQUIVALENCE_GROUP	5252	88e1a0da33adf4caee41b1aa36257015274e056a5131cf094a187051371296da	계단채임판(라이저)석재붙이기	W_LEAF	석재판재공사 > 석재계단붙이기 > 계단채임판(라이저)석재붙이기	TASK	MERGE_CONFIRMED	NOT_APPROVED
989574aa33f954da97d9ebed95d8ed96d61aba878a1b7e9cbab62bb79e9c5e76	SINGLETON	5253	d65acaa1010dd098d2fe194bb5c1abd6225b9c41b925c412c9b5f3b7bd5f2606	통석재계단놓기	W_LEAF	석재판재공사 > 석재계단붙이기 > 통석재계단놓기	TASK	ORIGINAL_KEEP	NOT_APPROVED
cc03b5f255e4c76a4d9018d5b36c052591b7677fe406b8c343fb8873feb99bf7	SINGLETON	526	e8f6a6211e7fb4d1eb2932434667c26bd5cc85344ff8d5efcd91920e8f501b5f	기타부위석재붙이기	W_MID	석재판재공사 > 기타부위석재붙이기	PROCESS	ORIGINAL_KEEP	NOT_APPROVED
a07c55e2620d37e34db2b95677e46ceb11ea523067de959206e6f849b9a7ba15	SINGLETON	5261	53020c495ee569a7bc98301e5efeebcbe889c11be25473703b3d85611a159327	두겁돌붙이기	W_LEAF	석재판재공사 > 기타부위석재붙이기 > 두겁돌붙이기	TASK	ORIGINAL_KEEP	NOT_APPROVED
504b67546ee2290a5042e54702834656b5428763e2f11f674df9a1ba16f1f6f4	SINGLETON	5262	8438d37557880fef0ee8c3cc6aada2007b77cf5b01757f1d6a1681924a6fa708	창대석붙이기	W_LEAF	석재판재공사 > 기타부위석재붙이기 > 창대석붙이기	TASK	ORIGINAL_KEEP	NOT_APPROVED
7b21b162c29e061412f9f25ac18e3f5cdf2ab0041f4c81b4d8205698c04803ca	SINGLETON	5263	f1049909b109208c4072085fcc9abb4962bacbcd34646843eb0b5a8c22dc3ea6	도어씰붙이기	W_LEAF	석재판재공사 > 기타부위석재붙이기 > 도어씰붙이기	TASK	ORIGINAL_KEEP	NOT_APPROVED
a7c9715a1d1c19b991b41c8e1ff6f0210d99a11058044926e7838e8fcf47c3ac	SINGLETON	5264	040079cb31dfe4e2a98b2f2b0f1edfbde965dd93d76546c5e511077dca9d6ed9	경계석(마감석)붙이기	W_LEAF	석재판재공사 > 기타부위석재붙이기 > 경계석(마감석)붙이기	TASK	ORIGINAL_KEEP	NOT_APPROVED
fba05c07dc62b9938f5b28091b8d88b0633208a1d76deef0200ed6a85b06b11d	SINGLETON	528	451c61294ea4cf5a8b3497a4be8bcad7d8ea0c2629b3c92477a75aed437d2c75	석재마감공사	W_MID	석재판재공사 > 석재마감공사	PROCESS	ORIGINAL_KEEP	NOT_APPROVED
8201ab9c273d2ecf85301419e71f5879048c02f09c73733796027508a2ee4f8f	SINGLETON	5281	0247b63bb4c41423ac78fdbebc1ec29eec64307040d314831a8810710aecb05e	석재물갈기	W_LEAF	석재판재공사 > 석재마감공사 > 석재물갈기	TASK	ORIGINAL_KEEP	NOT_APPROVED
a62cfdb19570c113a27724aa798938cfba9e0b6346b7420b30bd3a6ab2aff855	SINGLETON	5282	f532b6a2871f7fe27cc8441a3420a11d9dd20d727ca6346fd80baa1e36227e09	석재거친다듬마감 - - 대․중․소 분류대․중․소 분류	W_LEAF	석재판재공사 > 석재마감공사 > 석재거친다듬마감 - - 대․중․소 분류대․중․소 분류	TASK	ORIGINAL_KEEP	NOT_APPROVED
722bb95ab983fd7e61b5b917e7d273e6f488f2d23db6d9e7d25923afc86fb668	SINGLETON	5283	d3a297eaf71c6f29f085e59161748d5ef02902035c11122c88fd9645eaa7121b	석재잔다듬마감	W_LEAF	석재판재공사 > 석재마감공사 > 석재잔다듬마감	TASK	ORIGINAL_KEEP	NOT_APPROVED
080b1f8178e90ee8b31f2815b7b5642a714c35367a9a2556eae85bf09440afb0	SINGLETON	5284	ad2b215b130aa0b0bbc0ea96099938d4ebfb604a0f703e9643c7b01bc198168d	석재젯트버너마감	W_LEAF	석재판재공사 > 석재마감공사 > 석재젯트버너마감	TASK	ORIGINAL_KEEP	NOT_APPROVED
3e3a8b499570f12f8c004b918bc2470c5510c550975a5968977888ecae959f1f	SINGLETON	5285	fc0eb1087f333c967e302b6f64929fdb7d9d14b83cddb3cf57be588cae1bf34c	석재골파기마감	W_LEAF	석재판재공사 > 석재마감공사 > 석재골파기마감	TASK	ORIGINAL_KEEP	NOT_APPROVED
64ef817db9f0e78551ca95f65652b1edbeb4e586e83b00b24390b8089623e293	SINGLETON	53	474dcb185a1920a86deeb129144ec220c96c88428fdb135da11b3ceed726ea51	타일공사	W_ROOT	타일공사	PROCESS	ORIGINAL_KEEP	NOT_APPROVED
663731e91305b8886f5920d0f41659f79dea06180109346b38779bf90058409e	SINGLETON	531	54c6ec744924bce174995d216f7d2ab3128a19500b145836b6cf081e6a893083	바닥타일붙이기	W_MID	타일공사 > 바닥타일붙이기	PROCESS	ORIGINAL_KEEP	NOT_APPROVED
fc3da934fdd305b31619ac6585ade6da86cb13edba11cf2937f0a5394157d309	SINGLETON	5311	29ffe3bc3490cd5490765e7be21e36c1535b1f9c26398b14d8a1270666218d2b	시멘트계타일바닥붙이기	W_LEAF	타일공사 > 바닥타일붙이기 > 시멘트계타일바닥붙이기	TASK	ORIGINAL_KEEP	NOT_APPROVED
2e33679c852060fd7028a7f4d8e189075b16ec37aff278808aa8f5b6443f4c86	SINGLETON	5312	5c922943b3bfdf12cb5d2de5c57fde0485c129dfc538f7d24fb0d3ff2ee7c337	점토질타일바닥붙이기	W_LEAF	타일공사 > 바닥타일붙이기 > 점토질타일바닥붙이기	TASK	ORIGINAL_KEEP	NOT_APPROVED
cc4f9149b9012a504e16296fb05e7bbc1a0f915cea2afee136e7f695810da2c5	SINGLETON	5313	e9a42ba74439051e18346c791891b35506f44b998bd1e324035eaf461365c463	자기질타일바닥붙이기	W_LEAF	타일공사 > 바닥타일붙이기 > 자기질타일바닥붙이기	TASK	ORIGINAL_KEEP	NOT_APPROVED
0675599bdbb24081a2494bf15c718a9320077befe60eccd4095c279b346470ef	SINGLETON	5314	7c62b0a4a0bc7dbc129b6b6e1bea29f1bc28b2b8a2ad3cb3b9dd5ca9bbbdc894	도기질타일바닥붙이기	W_LEAF	타일공사 > 바닥타일붙이기 > 도기질타일바닥붙이기	TASK	ORIGINAL_KEEP	NOT_APPROVED
2e1991e1f861666f2c5a11f7b0ce773d8819d9be88be93f43abc217b261d88b4	SINGLETON	5315	81e3cc2df648a50519207bedda5c7c8b71e5e1eb5e2cb349a1855681fc0ff25b	합성수지타일바닥붙이기	W_LEAF	타일공사 > 바닥타일붙이기 > 합성수지타일바닥붙이기	TASK	ORIGINAL_KEEP	NOT_APPROVED
0a00c3ab9f7afc00a36447cca7ad04d7579c06c2dcd5fe800dbf1b3503614db3	SINGLETON	5316	3397c9a30a6bba808f3bfff23beb47857642bd3b4c52fc08ff8833d3ba41d1f3	유리질타일바닥붙이기	W_LEAF	타일공사 > 바닥타일붙이기 > 유리질타일바닥붙이기	TASK	ORIGINAL_KEEP	NOT_APPROVED
22541195733d2ffe360af100642fdaceb654fc30c305547118885068eb9a9c65	SINGLETON	5317	aaacb982359564568047b179805d77b85d3f3af3a6aeab6cac4c3c44487b7503	금속타일바닥붙이기	W_LEAF	타일공사 > 바닥타일붙이기 > 금속타일바닥붙이기	TASK	ORIGINAL_KEEP	NOT_APPROVED
6ac0c612bac89113fcd69d819be802a39a57606faeaf85c9f2aa650fc18dccbc	SINGLETON	5318	0a63f8ebb61e7e4f1b899a50a34935220345109170727199763c140efb1b1365	석재타일바닥붙이기	W_LEAF	타일공사 > 바닥타일붙이기 > 석재타일바닥붙이기	TASK	ORIGINAL_KEEP	NOT_APPROVED
9ef89a40fa3648075581bee7c8f1ce642af6032261a7d69700fb33de9ba47473	SINGLETON	5319	35ea968d2837ec686054ebc2e4177dbd803ffc6fff30e5f867ad314a1988bee0	특수타일바닥붙이기	W_LEAF	타일공사 > 바닥타일붙이기 > 특수타일바닥붙이기	TASK	ORIGINAL_KEEP	NOT_APPROVED
b266a326ad7e5eba11caadfe51d101ee205be6a4e31ad787d39ada491eb41c00	SINGLETON	532	5bf05d2491bfec37c72b6bfc8d61ff9d1366976fd6eee3a32f15b96c64a7342a	내벽타일붙이기	W_MID	타일공사 > 내벽타일붙이기	PROCESS	ORIGINAL_KEEP	NOT_APPROVED
943c4d8933f03fbc8df18908d6563a31c6e9ac932c992f5e8b2e7c46e7b84ddb	SINGLETON	5321	4c54582e0af6d6158a808a4d374a8c7c2c91a7bded0675054d05d1fd925076ea	시멘트계타일내벽붙이기	W_LEAF	타일공사 > 내벽타일붙이기 > 시멘트계타일내벽붙이기	TASK	ORIGINAL_KEEP	NOT_APPROVED
760f584f9c06b7d6dd7f8efe09462141e56df169d50afb5825d06fb4a3adf430	SINGLETON	5322	167488a99f0d58206b5e3c76f2ea69e350729f922543b1f1f126ffb0c94a4454	점토질타일내벽붙이기	W_LEAF	타일공사 > 내벽타일붙이기 > 점토질타일내벽붙이기	TASK	ORIGINAL_KEEP	NOT_APPROVED
77d86b2361e41f7526d930d3888d7a9b5042e288c5e4e50104231f64b58012e2	SINGLETON	5323	b6bf7a7be2b0cba32ddbaaa116071fb7e3ed86cadf78d2c3b73c25f8f5288ade	자기질타일내벽붙이기	W_LEAF	타일공사 > 내벽타일붙이기 > 자기질타일내벽붙이기	TASK	ORIGINAL_KEEP	NOT_APPROVED
75dc9417299ad56873718c0e4819941294560094ecfc9b9b47c5d97fa1cb273b	SINGLETON	5324	5c5c44fcdbc6a38f9c65889095995da28fd2553a418b2990e8360b4d7846d3ca	도기질타일내벽붙이기	W_LEAF	타일공사 > 내벽타일붙이기 > 도기질타일내벽붙이기	TASK	ORIGINAL_KEEP	NOT_APPROVED
c7ce0d7dc0469b56d46e2df7909c43dd05d7da9f9ace95ea1c7323b58dc8ff15	SINGLETON	5325	1c5fe8cc5ac40dd0aed79f0581682656fd725f6589b7db042817fec13232f725	합성수지타일내벽붙이기	W_LEAF	타일공사 > 내벽타일붙이기 > 합성수지타일내벽붙이기	TASK	ORIGINAL_KEEP	NOT_APPROVED
30d231684847e437017d9e43f371d0773cbf2ec1f221122b20a2728195f5fe6e	SINGLETON	5326	9c16b2f1c000f231846cef2877d8da46da0e14f44134465e374ec5257eed7cf3	유리질타일내벽붙이기	W_LEAF	타일공사 > 내벽타일붙이기 > 유리질타일내벽붙이기	TASK	ORIGINAL_KEEP	NOT_APPROVED
dca95ac0b79016261e7b699f88c309243d1357aa79cadfce5013b57f03634580	SINGLETON	5327	139de325cab1cf818efdaf4a94c42df217c75c77180e2dd22e51210ed292a8bd	금속타일내벽붙이기	W_LEAF	타일공사 > 내벽타일붙이기 > 금속타일내벽붙이기	TASK	ORIGINAL_KEEP	NOT_APPROVED
50949edff7e5c344cab4f345656179bdb1dfbb3952ffca5bbcc375a45b473136	SINGLETON	5328	588b9ed67d0528e466bdf4563c208f68888603a124f192618105c7d798c65030	석재타일내벽붙이기	W_LEAF	타일공사 > 내벽타일붙이기 > 석재타일내벽붙이기	TASK	ORIGINAL_KEEP	NOT_APPROVED
64d988a08af27c34f35ebb34b211a0f61dbf687ed43e7d2f9f86858803ebcbaa	SINGLETON	5329	0ee9b38590134da6dc69227f904a04cfe622dbd2ee4e955cf653555cdd7604ad	특수타일내벽붙이기	W_LEAF	타일공사 > 내벽타일붙이기 > 특수타일내벽붙이기	TASK	ORIGINAL_KEEP	NOT_APPROVED
3dec0cc1494076cb9d335b9cc42b3ad01a969cf781da5dd7b1855c9ccb43c9b0	SINGLETON	533	536d85657493fc1366bbc6a32a9f0aba65f9bffe19673e46e9465924fde41941	외벽타일붙이기	W_MID	타일공사 > 외벽타일붙이기	PROCESS	ORIGINAL_KEEP	NOT_APPROVED
6beadc7935f53a144001b119abf75304c84cd8d9117c18d8dceda409fe88f903	SINGLETON	5331	a6d54b82c2a65a2c2467863be84b287d5022538e43b6c91b37e76190b677340c	시멘트계타일외벽붙이기	W_LEAF	타일공사 > 외벽타일붙이기 > 시멘트계타일외벽붙이기	TASK	ORIGINAL_KEEP	NOT_APPROVED
bb3af9c6cc30773f9dbe46d853c5873bc5064ab32c6b804f958bf4a9ed51d378	SINGLETON	5332	d01e141b8fe4c432c5631616fead6d2c40b23c1a05af6551ba0018d842a40ff5	점토질타일외벽붙이기	W_LEAF	타일공사 > 외벽타일붙이기 > 점토질타일외벽붙이기	TASK	ORIGINAL_KEEP	NOT_APPROVED
e3cd4d884461e7d99f7f597240595d89fe8afec627f2827f0567b70d356a65e2	SINGLETON	5333	318fc6649475186db4646ae98c2beca53f1d7307f69679063e7ab9b040007723	자기질타일외벽붙이기	W_LEAF	타일공사 > 외벽타일붙이기 > 자기질타일외벽붙이기	TASK	ORIGINAL_KEEP	NOT_APPROVED
bd066ff0ad519a336ac154116de3b5399d79534aed37cbaf00bcfe19874cc88d	SINGLETON	5334	367592c72113a0bf147f143ffc2a00a7c195f9ee30a9fc47517a94f2fb15e7ac	도기질타일외벽붙이기	W_LEAF	타일공사 > 외벽타일붙이기 > 도기질타일외벽붙이기	TASK	ORIGINAL_KEEP	NOT_APPROVED
13b2acf7bc4241828234368867b56189ff2d72ba548f4d6a8ec7efd7a9e5d416	SINGLETON	5335	75312506593ee089e0584c794a7fca80212568c12d25f61deb041e2b84aad4e2	합성수지타일외벽붙이기	W_LEAF	타일공사 > 외벽타일붙이기 > 합성수지타일외벽붙이기	TASK	ORIGINAL_KEEP	NOT_APPROVED
1864602f8aba15e2077b911d49d3abf5f8d12c2798fff1b95431cfdfd3de3e51	SINGLETON	5336	0137254c0c085602a3fa82a4eb23adc2282d9150c3ccb523c495ee8fef7ce16f	유리질타일외벽붙이기	W_LEAF	타일공사 > 외벽타일붙이기 > 유리질타일외벽붙이기	TASK	ORIGINAL_KEEP	NOT_APPROVED
47f173aad97a53bc6e49eaca72a991d1061a86d1900e11a2c4233392dd438ef2	SINGLETON	5337	acac70e127fce58fb6aaaf221e54eb1fcba272cb219c982c921c7a5ccea37a81	금속타일외벽붙이기	W_LEAF	타일공사 > 외벽타일붙이기 > 금속타일외벽붙이기	TASK	ORIGINAL_KEEP	NOT_APPROVED
af4fac505bdec412e5fbc4647fb48289d164ad6c382ef7635ba0ef064c862ebb	SINGLETON	5338	5758d281ae2cbee3a67181cb7ce199a1ee47dab930b8671f5158522632c473f7	석재타일외벽붙이기	W_LEAF	타일공사 > 외벽타일붙이기 > 석재타일외벽붙이기	TASK	ORIGINAL_KEEP	NOT_APPROVED
361ac011c4f9d20d74fc5b4925de82ca629ee471e9f3272a0bb728e96f564d51	SINGLETON	5339	1be96f0243775caff6a2883fb7a5e0e74a31953b076ffc077a493eb8c35c50a8	특수타일외벽붙이기	W_LEAF	타일공사 > 외벽타일붙이기 > 특수타일외벽붙이기	TASK	ORIGINAL_KEEP	NOT_APPROVED
5de714bb17d80b291c3d7e7d3da321d729f8771914677c30ae25f4e14aa01e91	SINGLETON	534	c521d7e2531510e18a6c8c47655352aec264594f047c5b2d0b23fd87bc15c90d	구조물밑면타일붙이기	W_MID	타일공사 > 구조물밑면타일붙이기	PROCESS	ORIGINAL_KEEP	NOT_APPROVED
3bd5b677590352554d0b9eae29e05deaabfc73bb867aa9740b7d1401b3d0b8cf	SINGLETON	5341	bb5df5c5e32b1cd685b0119fcc5160f95596b3a1bd2dcde57489904cf917968a	시멘트계타일밑면붙이기	W_LEAF	타일공사 > 구조물밑면타일붙이기 > 시멘트계타일밑면붙이기	TASK	ORIGINAL_KEEP	NOT_APPROVED
b2f7bf9778a16508246eaaa742f52e7494f1756356dd69607f03b52c0d2348aa	SINGLETON	5342	2a8d2be2168d3c411fe5a3732b4568cc6807241d21c9f89e88d40cec2ab66bcb	점토질타일밑면붙이기	W_LEAF	타일공사 > 구조물밑면타일붙이기 > 점토질타일밑면붙이기	TASK	ORIGINAL_KEEP	NOT_APPROVED
0764af892d5f8668f8eae111cddffaa15b2e2d67a47e434791d6ee26a370317b	SINGLETON	5343	476047a419f3d5d86ebe2847bf053c6e3d35f2987bb89f60872f8c68372dc5d0	자기질타일밑면붙이기	W_LEAF	타일공사 > 구조물밑면타일붙이기 > 자기질타일밑면붙이기	TASK	ORIGINAL_KEEP	NOT_APPROVED
39c34bfda3a1ddb625bd994aa4b89d4f80215b74a1c46d840001151e70c27417	SINGLETON	5344	b8b0cd1e328d8560b47b952e6a3fb9bc68bd1d7a89fab56c8d535f809f8496f7	도기질타일밑면붙이기	W_LEAF	타일공사 > 구조물밑면타일붙이기 > 도기질타일밑면붙이기	TASK	ORIGINAL_KEEP	NOT_APPROVED
26a1382f42a46ae75ebb5e3c6d1edf793c7a941b58186d8a6eb4d06be61422fc	SINGLETON	5345	529efcc50a5826f6dea59727ca17ea6e4ed74fdbcba33d1085870c5b27472ff1	합성수지타일밑면붙이기	W_LEAF	타일공사 > 구조물밑면타일붙이기 > 합성수지타일밑면붙이기	TASK	ORIGINAL_KEEP	NOT_APPROVED
54a409ed1dd1aefabc6074c6c2cb02458343cde643c364ffebf9743bd4e84b50	SINGLETON	5346	972373048892a1626c21a4bb21c46fc2e635239866fa82588833e1ffd9568b6d	유리질타일밑면붙이기	W_LEAF	타일공사 > 구조물밑면타일붙이기 > 유리질타일밑면붙이기	TASK	ORIGINAL_KEEP	NOT_APPROVED
9f6136f861a01b1defee73af204c9b8a32a2cd3fac39504b4bc06639fe5ac45e	SINGLETON	5347	9ae662c4d156f200bb78a6e565ed4c29a3208034c61f3f1103559955d7bc6a58	금속타일밑면붙이기	W_LEAF	타일공사 > 구조물밑면타일붙이기 > 금속타일밑면붙이기	TASK	ORIGINAL_KEEP	NOT_APPROVED
d0c7a13ab9d6e2709094682f5ac313eb15eb6ffb6a2d54579a78357a816c9293	SINGLETON	5348	64e197d7600879f4b89f8804033360eec469c0913d6bcf2ec7f997ce3149eb9f	석재타일밑면붙이기	W_LEAF	타일공사 > 구조물밑면타일붙이기 > 석재타일밑면붙이기	TASK	ORIGINAL_KEEP	NOT_APPROVED
ecb2997662a0a8be4c1f24dc95420d75cd9bd5c04461d76709f22230d2861847	SINGLETON	5349	1f0bec5b8d42000ddd50ad4a27d409b8e1e101365f7497c1922df34e2f6bbcbf	특수타일밑면붙이기	W_LEAF	타일공사 > 구조물밑면타일붙이기 > 특수타일밑면붙이기	TASK	ORIGINAL_KEEP	NOT_APPROVED
5bcae9cb8499930f2ebec6571a6abee97f5c1edb83c08b1e02ee349d5a820beb	SINGLETON	535	e270f61266f4a573089ecd3d8b776419da2877050620b20316618d6397e556ba	계단타일붙이기	W_MID	타일공사 > 계단타일붙이기	PROCESS	ORIGINAL_KEEP	NOT_APPROVED
45e2c85dde6e446d90d9535c1f4348115cddb9a179ecc4b21c35d7a1ab89be0a	SINGLETON	5351	004493043cbd6812ec7c8ebecf06292506372cf75e5cb1dc4477722725da1c39	계단디딤판(트레드)타일붙이기	W_LEAF	타일공사 > 계단타일붙이기 > 계단디딤판(트레드)타일붙이기	TASK	ORIGINAL_KEEP	NOT_APPROVED
6985c17f351847499f1c250343deb7f6b9c81cc4d194fe15f055b3fa2b9c4d0f	EQUIVALENCE_GROUP	5352	56c69ff9e69d81b5711d9ad23ada3a61a84f35c03391264527ef70137f3b4c64	계단채임판(라이저)석재붙이기	W_LEAF	타일공사 > 계단타일붙이기 > 계단채임판(라이저)석재붙이기	TASK	MERGE_CONFIRMED	NOT_APPROVED
35e837c8c67c91eccbccf3c7b34a3aac68e17f34a15595aa80e4f538f6d6b179	SINGLETON	536	114c9cd8f878149429b38c8e3a6e6db4783164904508e62405f8856afb1aaec9	이형타일붙이기	W_MID	타일공사 > 이형타일붙이기	PROCESS	ORIGINAL_KEEP	NOT_APPROVED
f536413e98b1912630cca19cc0911b5d42e52e12812766a8801370123b28f76b	SINGLETON	5361	b8a74dbdaf9743932b06db3389cedd8b9b1d2c5958b649e9870e2142fe8c7f3a	띠타일붙이기	W_LEAF	타일공사 > 이형타일붙이기 > 띠타일붙이기	TASK	ORIGINAL_KEEP	NOT_APPROVED
a7e6327d3d1ac81346b0e026824f58ad88c3d06d1aae2aab7a6849b43d48779f	SINGLETON	5362	cca0cea3a96c6a6f1c41d33384e9d716e56148efbb3e3e8f65709256ff7e5331	모서리타일붙이기	W_LEAF	타일공사 > 이형타일붙이기 > 모서리타일붙이기	TASK	ORIGINAL_KEEP	NOT_APPROVED
4e1f9bd734c4d3d6095f9777c8036d219c1307f869096d494149bdce94be3764	SINGLETON	5363	71c59935f7a837ab7c3dbe7fab6e8d8bfc69d8704bd7fbbaf49461f3e355d81d	점자타일붙이기	W_LEAF	타일공사 > 이형타일붙이기 > 점자타일붙이기	TASK	ORIGINAL_KEEP	NOT_APPROVED
b63c806b35160ba6e0a5859be8feca3e31969c48b2bacc888aba019bc1f485f3	SINGLETON	5364	970c8c8295dc4b086f34ae98be6327c3f4e23af516eeada5fe4eb024ed984a75	그래픽타일붙이기	W_LEAF	타일공사 > 이형타일붙이기 > 그래픽타일붙이기	TASK	ORIGINAL_KEEP	NOT_APPROVED
a53c95b548ab1a1a584ad79f325846f8ac90ecce9234f991f9d8be9919341250	SINGLETON	54	6450ec805602bb29f4301be1aabff67434ea7b0c5bb93d4946810633973f9280	수장공사	W_ROOT	수장공사	PROCESS	ORIGINAL_KEEP	NOT_APPROVED
2c053ba6bcd16340ee74523df3f5a058c6c544a1aa2b2e26ffd1cb873ab68540	SINGLETON	541	e683e7b2b273471998aeddcc327d4baecc37bb99b92f16d2aaa27d3a53d282d5	바닥깔기	W_MID	수장공사 > 바닥깔기	PROCESS	ORIGINAL_KEEP	NOT_APPROVED
ee245e1aa10aa359ba3458b72eb4f72ba8cec44ad18449e257a7e37b6566ac3c	SINGLETON	5411	776fa32fb58ec47255d4ebc0566803a1ea28a99ad9ee4b3bf794d809942ecd1c	온돌마루깔기	W_LEAF	수장공사 > 바닥깔기 > 온돌마루깔기	TASK	ORIGINAL_KEEP	NOT_APPROVED
d8da3c9f03cc36165dd4cb913ee093465e3c41b37401a23d6f963eef3e3d73fe	SINGLETON	5414	47d3049a366340fff54c2e70b75c22b13e49b187f983bef6fe161691299630c4	카페트깔기	W_LEAF	수장공사 > 바닥깔기 > 카페트깔기	TASK	ORIGINAL_KEEP	NOT_APPROVED
c6e1721b325f212c346209510cdba89a83dfc7717fb82f4224711538d1e41ec6	SINGLETON	5417	32d7fca2f363f152d04de9c9873c98093b3f3cc275766bf452d810ba1e91bb3b	인조잔디깔기	W_LEAF	수장공사 > 바닥깔기 > 인조잔디깔기	TASK	ORIGINAL_KEEP	NOT_APPROVED
f623fef0b52bee1b6af73b3be121408df1e36d023ca6dfd07ccaf997b1a5c59e	SINGLETON	542	73f72692fc4fe15d20a98d376e1d6876be8a010d76e5220a4af7e300b9879e88	칸막이공사	W_MID	수장공사 > 칸막이공사	PROCESS	ORIGINAL_KEEP	NOT_APPROVED
5f3cb094b6d12377e3d44738fc60b3d82afea79aa9ab173c4bb400a3392ea695	SINGLETON	5425	a3494d10c2e014eb537f40c2047c6fc42f04dcaf0747c1e7fb5a21f8f6ed2491	UBR(UnitBathRoom)설치	W_LEAF	수장공사 > 칸막이공사 > UBR(UnitBathRoom)설치	TASK	HOLD_RESOLVED_TASK	NOT_APPROVED
b8605fe8c0ef16348371393e2acc2501db26b6877153513bec3000f4f5de1df6	SINGLETON	543	17a6bc8fac306baf4a5cb41dce455bddea0cf7f93b91ae060304529717a4e3ec	벽체붙이기	W_MID	수장공사 > 벽체붙이기	PROCESS	ORIGINAL_KEEP	NOT_APPROVED
2bd2b7bd45ea1615eb4cc00f35b8080884f5ff71af92f741b74eca9c0b5ba20e	SINGLETON	5431	bae88e06f4456c40976422277987605b007b14025be544651c76a9226dd69462	벽체석고보드붙이기	W_LEAF	수장공사 > 벽체붙이기 > 벽체석고보드붙이기	TASK	ORIGINAL_KEEP	NOT_APPROVED
9192e49ac158c48fd03fde053eec3ad773562b6a752cf650ce79ddb2ef031f5c	SINGLETON	5432	8e1302720744602a8e382eb2f49460806ba50fd44d0db2552c86a45da9e6b933	벽체석면시멘트판재붙이기	W_LEAF	수장공사 > 벽체붙이기 > 벽체석면시멘트판재붙이기	TASK	ORIGINAL_KEEP	NOT_APPROVED
d697054f9347ce6cd9f2d9275e172a6ecf7bbebf75ad2474f3a3a1030f1ff154	SINGLETON	5433	a25e1cef28beb337d2858c7ec6c0af34dceee287991159a1af17d52ded200d75	벽체합성수지판재붙이기	W_LEAF	수장공사 > 벽체붙이기 > 벽체합성수지판재붙이기	TASK	ORIGINAL_KEEP	NOT_APPROVED
956d992043654e6eb89146d44ffeb8f6e6ab1ce87e6cff84e7c477ba30f91ffe	SINGLETON	5434	8f5c0467779f016966e2b22993cc636d54f206dc4d042565c71548ffc030d770	벽체섬유질판재붙이기	W_LEAF	수장공사 > 벽체붙이기 > 벽체섬유질판재붙이기	TASK	ORIGINAL_KEEP	NOT_APPROVED
80ab5920a95a39d6e9ff2bdfb65959293ce64f9190f38748c95d2a79fd0a52bd	SINGLETON	5435	5eb2b27c7ef2ce00792ead51f8b359d3a03c295954512313e9d76a8c38cec4db	벽체카페트붙이기	W_LEAF	수장공사 > 벽체붙이기 > 벽체카페트붙이기	TASK	ORIGINAL_KEEP	NOT_APPROVED
089ba0f30049dd012b20182475b77bf72ac561075c6f4eb5b1ebe43b814b832a	SINGLETON	5436	8f9fd23bd6fedde8fbe4cacfd59fdf6fadc39e41bd516c9b4e920a7b32d58317	벽체페브릭붙이기	W_LEAF	수장공사 > 벽체붙이기 > 벽체페브릭붙이기	TASK	ORIGINAL_KEEP	NOT_APPROVED
0f571190b35b4c9aae3b26ab96a87556f65be7b3e8cb1824c06a807dc34bc0b7	SINGLETON	544	d80c48dae3cd28c195d34ad556898539539b5990ec850385f7471476dab00ccd	천정판재붙이기	W_MID	수장공사 > 천정판재붙이기	PROCESS	ORIGINAL_KEEP	NOT_APPROVED
fbcbd1072db570aeebcfabc93dd134d519c6ca38c1b2dac2e1d848adf0f6c702	SINGLETON	5441	28eee752c6cc187fd37094937dcc6d706bb79869dd2ad35f6af2dba77b6dd9ce	천정석고보드붙이기	W_LEAF	수장공사 > 천정판재붙이기 > 천정석고보드붙이기	TASK	ORIGINAL_KEEP	NOT_APPROVED
33d798b0ad019da5011680db134e0a9adaa48735d3afcac0b34a7d8c644ac076	SINGLETON	5442	914ca27cab7410ed86b313f8ff56b57842f43aefa6eef507e5f49c9112da92fc	천정석면시멘트판재붙이기	W_LEAF	수장공사 > 천정판재붙이기 > 천정석면시멘트판재붙이기	TASK	ORIGINAL_KEEP	NOT_APPROVED
07a488cdbaf16d0c37a607a0a3d8a6d50d0dd3d78e4115fb68facad1c976d0d1	SINGLETON	5443	6660dc6683ee0b6bb3c2b1229bea4a5c6dc1c76ceb81c975d7087cb05e507bdc	천정합성수지판재붙이기	W_LEAF	수장공사 > 천정판재붙이기 > 천정합성수지판재붙이기	TASK	ORIGINAL_KEEP	NOT_APPROVED
696ec6c453cebd8899c5d56b6bb1d496db7664d9b65e90eafbe21c92b09825f5	SINGLETON	5444	d648e48721f687dc663127b2fbdc2a19908f147005406eaa810f76f0a2180be3	천정섬유질판재붙이기	W_LEAF	수장공사 > 천정판재붙이기 > 천정섬유질판재붙이기	TASK	ORIGINAL_KEEP	NOT_APPROVED
f71aa1d13d377156780eaec564e26d55780d0d0bd5bb21be0793bb075cdc5b19	SINGLETON	5446	ba46988c3b0ac634aee981b4792b02d0722e98c987b431dcc4ef6882bd298b8d	천정패브릭붙이기	W_LEAF	수장공사 > 천정판재붙이기 > 천정패브릭붙이기	TASK	ORIGINAL_KEEP	NOT_APPROVED
57842b6f62bcef11aa5623a54959143ed3d51e2d42f9c3a51e9c6a302a16ff19	SINGLETON	545	8fdfbd47d72cc26b441a9c62680f626cb47a38c285a57a4f7f43083cf3679905	도배공사	W_MID	수장공사 > 도배공사	PROCESS	ORIGINAL_KEEP	NOT_APPROVED
3ac761fa4fb40785920db9a5967742e56d932eb6ed4f2c5d56c8c4386124c338	SINGLETON	5451	6888165b8cdfcfe2d92557a328f1bb1920d7c6758e2d9ea4ecc13cc78d0dc2d8	벽지바르기	W_LEAF	수장공사 > 도배공사 > 벽지바르기	TASK	ORIGINAL_KEEP	NOT_APPROVED
54c4aa958e1db450b05ba644da0a690483728a983c8448869caebffce3f85e65	SINGLETON	5452	71af77c54f1888d178aca91f56cc836c1b7a354ced87923b1e4b38550b71d8cc	천정지바르기	W_LEAF	수장공사 > 도배공사 > 천정지바르기	TASK	ORIGINAL_KEEP	NOT_APPROVED
83471a2d8a35330ea85c0814ddd9fd05dfeccb83ab2eb1628ad6c4fe43ed68a1	SINGLETON	5453	d5e7f5b73241dcfb030dcc8ead04ed08af9740cee5514900483306716db3aa61	장판지바르기	W_LEAF	수장공사 > 도배공사 > 장판지바르기	TASK	ORIGINAL_KEEP	NOT_APPROVED
0d3552f53d8bb26076ad3fba2d96b14a895fcfe1eb011cf3a5d1c6c9e1e767d1	SINGLETON	5455	234c0abd4189ceb06e53be8f6d2e4df239c7fa02bc4b6fe1c64ca9715786e5a7	창호지바르기	W_LEAF	수장공사 > 도배공사 > 창호지바르기	TASK	ORIGINAL_KEEP	NOT_APPROVED
0f3dce322934ae5e11439e5231fff7a5302aad3b4cfac914f9cd2c803987e6be	SINGLETON	546	1f4b8e0ff006e9fe311af93dd203ce6e63a069b6d25bec7d20d0acf6107f7628	박판쉬트(비니어)붙이기	W_MID	수장공사 > 박판쉬트(비니어)붙이기	PROCESS	ORIGINAL_KEEP	NOT_APPROVED
62d73a0d76ce42ad867a0c4c6d8595060a2d856eb1d1158644359782ee0ce158	SINGLETON	5461	b3773f6d549193196488ebe2c1edd2e39cadd73d820e62691407fabb0fe2b2b7	우드비니어(무늬목)붙이기	W_LEAF	수장공사 > 박판쉬트(비니어)붙이기 > 우드비니어(무늬목)붙이기	TASK	ORIGINAL_KEEP	NOT_APPROVED
425c2d5e2a93d757f78200cbb912cd574d890472e8a193f09fc840d40d850f10	SINGLETON	5462	b84f629ef50df9cfb4a01f8ee8629034025284cd3714036cce0f0f5b376d1746	멜라민수지쉬트붙이기	W_LEAF	수장공사 > 박판쉬트(비니어)붙이기 > 멜라민수지쉬트붙이기	TASK	ORIGINAL_KEEP	NOT_APPROVED
e7c6a8f4a370fe02e86f0922f0311eadd9dac82fcc007bae096286abbfe42c05	SINGLETON	5463	0fe2fee352a26455bc0b2dc7f86c790cd604fa548abfd97300a5e98922d1ccae	폴리에스테르수지쉬트붙이기	W_LEAF	수장공사 > 박판쉬트(비니어)붙이기 > 폴리에스테르수지쉬트붙이기	TASK	ORIGINAL_KEEP	NOT_APPROVED
951a084e5bee49796397c93c212cc1f8e6f45fa38d504f0009900faf782e6bf3	SINGLETON	5464	5349d6f3d411665d76614f209ccbc0ec9ea02116bba4d90778df1eef790b3fec	염화비닐수지쉬트붙이기	W_LEAF	수장공사 > 박판쉬트(비니어)붙이기 > 염화비닐수지쉬트붙이기	TASK	ORIGINAL_KEEP	NOT_APPROVED
aff371ce891e274a874fa44d07014f31eaedb12bcc479abd9dbc8d4dc774beb9	SINGLETON	5465	73c416e41a4d023f4bf79d59accaafd63b02284501482d27a378d7c9f37b3ade	페놀수지쉬트붙이기	W_LEAF	수장공사 > 박판쉬트(비니어)붙이기 > 페놀수지쉬트붙이기	TASK	ORIGINAL_KEEP	NOT_APPROVED
5e72346cb1aaa97f01762dbe54152ab030bb411520b84c1c5651e181cf5f7c26	SINGLETON	5466	f58fa609e5d7b6df2abc3822d1456340de6c433c821fd78e884dd8c5f41034de	박판금속쉬트붙이기	W_LEAF	수장공사 > 박판쉬트(비니어)붙이기 > 박판금속쉬트붙이기	TASK	ORIGINAL_KEEP	NOT_APPROVED
7f2507b6c1ad8ac7ec8b5b9dbca5f54652d7153248d333c7935cd92b181353d5	SINGLETON	547	e2fd35770c14500789c0638dca2e272a43994af4df8912574e661a121634e8f1	장식공사	W_MID	수장공사 > 장식공사	PROCESS	ORIGINAL_KEEP	NOT_APPROVED
9e59325bd7272dc2f9cdd7d73c9834659904834b5b3c3564198a39896b8158ac	SINGLETON	5471	c8e3a556ca4625ad50a92a11e88168aad14a7b11a382b8e381eefe45e3263e03	그릴설치	W_LEAF	수장공사 > 장식공사 > 그릴설치	TASK	ORIGINAL_KEEP	NOT_APPROVED
89a65671af28a182870eb83b8fd35e425c2163783b1eead30c4c32153414b934	SINGLETON	5472	461e834c2e2863d923c24c847d4af05eb17c3da839a16f0e69af9b765703ee89	루버설치	W_LEAF	수장공사 > 장식공사 > 루버설치	TASK	ORIGINAL_KEEP	NOT_APPROVED
5113556f199d02ca610e5aae37cdb7822e87a0586831b51b4ba1f2ef6d1f2193	SINGLETON	5473	a99b1e10b1977399a19bf499caf8265feff693bc3565252625651bdb9684874a	수장마감부속재설치	W_LEAF	수장공사 > 장식공사 > 수장마감부속재설치	TASK	ORIGINAL_KEEP	NOT_APPROVED
706b109b6fd8aeddce13add7f1c380804672ac30806e855f754e5979a2f7ff3a	SINGLETON	55	f57d2d7e86a05b7907fcd5c5a4fd3a1b9c01a3279f825fea534fd8b885ece299	도장공사	W_ROOT	도장공사	PROCESS	ORIGINAL_KEEP	NOT_APPROVED
172b5d183961638c11d2ddd68aa2bcca8a5c37d208160fa56f3af8dddb96cf41	SINGLETON	551	ce15610a4e31dc60519f4c1b343d5cbfad096cf9ac6920fe8fe0e6ca5c32e2e9	바탕처리	W_MID	도장공사 > 바탕처리	PROCESS	ORIGINAL_KEEP	NOT_APPROVED
02fd02858880cebac2e039f2cc1abb5feadfe685a45198c08ca017270a897a50	SINGLETON	5511	44177e2a0819082536c00a8808359ba78ecda756fae11358c5ef6f5165184f9a	금속제바탕처리	W_LEAF	도장공사 > 바탕처리 > 금속제바탕처리	TASK	ORIGINAL_KEEP	NOT_APPROVED
9a60ab98c185638e74bea92c8cf87cdac8a88891b3eded3afa7563449091f782	SINGLETON	5512	aa4d788aa1220ee9689e696ae8944df74575281d6e8210f08f9b247aa35992c9	목재바탕처리	W_LEAF	도장공사 > 바탕처리 > 목재바탕처리	TASK	ORIGINAL_KEEP	NOT_APPROVED
3ae86d88009846c037982f414f08effb695bbde94f4486e283af5fc80459ae0d	SINGLETON	5513	2910a5571db6756d4eb1513612d8db36547619e9b89032e78a4e5680015d97fc	미장및콘크리트면바탕처리	W_LEAF	도장공사 > 바탕처리 > 미장및콘크리트면바탕처리	TASK	ORIGINAL_KEEP	NOT_APPROVED
51c57e9074b608f0e6cc6dd8fca7ba40fe3f5a791447ca3f590bcbeb8d78402e	SINGLETON	5514	be864e5058dc450039176eb629bb56887c28210d63c96fda7ecd108c9dda8a86	석고보드 종이면바탕처리	W_LEAF	도장공사 > 바탕처리 > 석고보드 종이면바탕처리	TASK	ORIGINAL_KEEP	NOT_APPROVED
1fef564f94902a45f4752624d0449f1cc7014bfb3c0c9d49bb636840d0d233e7	SINGLETON	5518	6124732b80e2f2a7972db47b295681841a4ea5f511af1e588efa92a4a6725386	목재방부칠	W_LEAF	도장공사 > 바탕처리 > 목재방부칠	TASK	ORIGINAL_KEEP	NOT_APPROVED
e3bc73b175c24fb1d5f975c5457ac8bd8c2b6553ece1d30c0815448b2fd0f890	SINGLETON	5519	a9851dc9be5a97834f108818e37e0d8ef9466fce7461c4ae36a7b9ee7d0868b6	기타도장바탕처리	W_LEAF	도장공사 > 바탕처리 > 기타도장바탕처리	TASK	ORIGINAL_KEEP	NOT_APPROVED
a2dc7ded8d89babb311abd5d42df16f0222e080e93aed03ba5f05c561ac39358	SINGLETON	559	c870bb49bcca93830ae9ff40705916fa3284e59b7c8578fc7eea4b99de5ba19b	기타도장공사	W_MID	도장공사 > 기타도장공사	PROCESS	ORIGINAL_KEEP	NOT_APPROVED
668d4bdec5f357d229ae406af4f1e498fcede80b3ea93eea3a9fe0e6a5bc69fe	SINGLETON	56	bfbdcf581eee69dcd635d40fd5fd21e34c3f3e51ed288a2b747e39d235e2037e	설치물공사	W_ROOT	설치물공사	PROCESS	ORIGINAL_KEEP	NOT_APPROVED
55a316206a26065b1f7a0d6a78216f3a90d5c6f69045a409f735c2a1a4825df8	SINGLETON	59	c64aa50eb243614144c714a434a38eae48e601b3d3853472e2dc2ae674a99b76	조경공사	W_ROOT	조경공사	PROCESS	ORIGINAL_KEEP	NOT_APPROVED
89e2080c0fb55d1bf14445f6369eeffbcfb26bd22732fefd5529328d28370f3a	SINGLETON	591	3b281a626201e43a3b74a65edce816aacefa2a643f09d996862c68124327ba97	토양준비및흙쌓기	W_MID	조경공사 > 토양준비및흙쌓기	PROCESS	ORIGINAL_KEEP	NOT_APPROVED
0da37731205236444417ef21c8c8180e5daf2c915d22125074d97e8dadbb2968	SINGLETON	5911	4f0a6299a5d8f30a655722a7c0e78b985c06316addf9814a45737bd22a7f7650	정지	W_LEAF	조경공사 > 토양준비및흙쌓기 > 정지	TASK	ORIGINAL_KEEP	NOT_APPROVED
4813cf1b2638756cfc45513b10dd2cb87c0c8de7d9084742aa967a9b48ac9c10	SINGLETON	592	45f5473496768d726852f06ebd196577a5e432ce27311724c6c8405d6dfa33e4	이식및식재공사	W_MID	조경공사 > 이식및식재공사	PROCESS	ORIGINAL_KEEP	NOT_APPROVED
08f5208bd4f8ccdc53069f19aaaa920a087dfe3d714346512b8fd90efa04d348	SINGLETON	5921	90fada34997341ddc866564498d22b54389b11190e8e29615ce1d436c87f0351	교목이식공사	W_LEAF	조경공사 > 이식및식재공사 > 교목이식공사	TASK	ORIGINAL_KEEP	NOT_APPROVED
d2134479e9678fb0deb39a289d38cd9478423b1377336931ab6e1f1fca9d9a92	SINGLETON	5922	9bd8d9d79503ff1075dc4ad0672b454b6711782af08403e0b056228483b21658	관목이식공사	W_LEAF	조경공사 > 이식및식재공사 > 관목이식공사	TASK	ORIGINAL_KEEP	NOT_APPROVED
0c511fbc566a4d32baa68e7e5e763a9c1c23fe44d2c20df1a16119c78a2166e2	SINGLETON	5923	2a57231c9f56ec712418290f3ca9c8eda35adfeb9cdf31eae3f92ce0cde0d4f6	교목식재공사	W_LEAF	조경공사 > 이식및식재공사 > 교목식재공사	TASK	ORIGINAL_KEEP	NOT_APPROVED
3c47163387efb0e3cb370669d6ed2955e6ec0137d3858e37bd222f59c9dd4a88	SINGLETON	5924	b2f53db69e67e2ff03d4369e4eb3abb3b97c70d13f667c33a3ff63e57a997f30	관목식재공사	W_LEAF	조경공사 > 이식및식재공사 > 관목식재공사	TASK	ORIGINAL_KEEP	NOT_APPROVED
bb6845dc4cee1d1ae048e22a7a81248b06913a4d0826ddeb7a727e8e4e66aee6	EQUIVALENCE_GROUP	5925	70cdc930e9ba3d50a6353e9b2e64b87663bcf96f014e2a19889b794333b33081	지피류및초화류식재	W_LEAF	조경공사 > 이식및식재공사 > 지피류및초화류식재	TASK	MERGE_CONFIRMED	NOT_APPROVED
1c1ec9e0f79214a9b47df9b3cf5b1d36138a4c26c445c120b9e7593cba1456cc	SINGLETON	5926	608616bccb46d8343b165a5147bd2df06b9cd77064a4d1cb3eb6c5d8651cfdce	묘목식재	W_LEAF	조경공사 > 이식및식재공사 > 묘목식재	TASK	ORIGINAL_KEEP	NOT_APPROVED
bb6845dc4cee1d1ae048e22a7a81248b06913a4d0826ddeb7a727e8e4e66aee6	EQUIVALENCE_GROUP	5927	28f705a03a84f2f9978aa74a5eba7fafb8181b4bf06db01ef83ab25f083c4376	지피류및초화류식재	W_LEAF	조경공사 > 이식및식재공사 > 지피류및초화류식재	TASK	MERGE_CONFIRMED	NOT_APPROVED
13adaa1cc87f050b19c2758d57181319623da5f70b6caee37dba9c0750b3c0cc	SINGLETON	5928	0a0da7724e2ef442947f7bfea6741fd9e019528b4297604b3e5b02578712cebb	식재보호공사	W_LEAF	조경공사 > 이식및식재공사 > 식재보호공사	TASK	ORIGINAL_KEEP	NOT_APPROVED
0c7cbc64f8d302a1f8747d7ae32ce9ffaee277cd8cba504690b8fdfc4d183e01	SINGLETON	593	5180e4c0b4fdc966911ab5af666f964fb73009738aea3a5a64a95b5586c8d346	잔디공사	W_MID	조경공사 > 잔디공사	PROCESS	ORIGINAL_KEEP	NOT_APPROVED
f2c8ab24718b5f95957635abcce829d3e5f5856dd17171ef602b55175e204ce8	SINGLETON	5931	61c342eeb01eac89abed170868d68166102854d757fcbdb983b65b97bc8db4b0	잔디씨뿌리기	W_LEAF	조경공사 > 잔디공사 > 잔디씨뿌리기	TASK	ORIGINAL_KEEP	NOT_APPROVED
f6147d041f05f4219641dfe85203b719db44f89675aa5f3dd1c9fb61c74dc8bb	SINGLETON	5932	5b74614c74f01b6cc805767619cd120ffcfd745e445edeaa15247b35cfa5eb6f	종자뿜어붙이기	W_LEAF	조경공사 > 잔디공사 > 종자뿜어붙이기	TASK	ORIGINAL_KEEP	NOT_APPROVED
3e8b0dfc90f1fcb547fdf286ad432627532ccf7f8e756651c3a9343a3a6463b7	SINGLETON	5933	2d4634400372220a32d2321ed7ece948a3325c45e132fca3e3521a31b12f1ecf	잔디식재	W_LEAF	조경공사 > 잔디공사 > 잔디식재	TASK	ORIGINAL_KEEP	NOT_APPROVED
141627cdd8a52d46885395072c371e86aa2a2beb28ce70de3896fa3487309921	SINGLETON	594	c781c752831891034e9fe3e41ffffc1ca85e5e7797c1671165fb4a4ad87f4c47	녹화및보호공사	W_MID	조경공사 > 녹화및보호공사	PROCESS	ORIGINAL_KEEP	NOT_APPROVED
0537a067376dd2fc6d07c94010b3fbee454bea1fd992c23c86e7cc37891da58b	SINGLETON	5941	bfbe17d905eb00d52587f9d09a6cec9c190964cb0a9b3fc2ad3c7c92396b9209	비탈면녹화	W_LEAF	조경공사 > 녹화및보호공사 > 비탈면녹화	TASK	ORIGINAL_KEEP	NOT_APPROVED
6f46ecfcae7ce9731e6b48b71529b8cf53ee2220cc5f4a079ae463bf3ef6201b	SINGLETON	5942	6cc3b67e19e366dbba499fcec911bdf1e9dc09f6e300be0ae31b8fd11ecb7f7e	생태복원공사	W_LEAF	조경공사 > 녹화및보호공사 > 생태복원공사	PROCESS	ORIGINAL_KEEP	NOT_APPROVED
ecff0517d16e0b91202497247863bdb868d18181e32eaa96d696c6c93c45a6d8	SINGLETON	595	5e5b30fea19ef26b7022eea2ae5fc8acdadb8683866f4b08be21c52d299e17c6	파종및살포	W_MID	조경공사 > 파종및살포	PROCESS	ORIGINAL_KEEP	NOT_APPROVED
7dfcd72be5586b9f974f007f9acd506e3434c25ae1ae5b8003230dc2406aea68	SINGLETON	5951	df357bc82caf8c2c17008dc29466de5420953a44ed70e5cd25d5eaaf59520c9f	파종	W_LEAF	조경공사 > 파종및살포 > 파종	TASK	ORIGINAL_KEEP	NOT_APPROVED
23df06ccc93dc3df313706d61bec1506b3fcefbf23da84e187fc707900416c27	SINGLETON	5952	ea0876fc67451b2e57275ac6a9527da2d6f7401180c502382ff7406d63ebded6	초류종자살포	W_LEAF	조경공사 > 파종및살포 > 초류종자살포	TASK	ORIGINAL_KEEP	NOT_APPROVED
43b1a189bbf02fb3ce567f440980c23d9a28a5fb5594f4f5a703ac6331f5fdfe	SINGLETON	596	26dc466aa49c299d893336855e3e0d5a9fbc8902828f10784c43a46097d34f61	조경시설물설치	W_MID	조경공사 > 조경시설물설치	PROCESS	ORIGINAL_KEEP	NOT_APPROVED
fe07871ac4ddd99e3d0c8137b7714bc167f62652435401e7df66331da5bd0d29	SINGLETON	5961	b275328fe740aaacd15e64354e5f588ec3730228916aafeb42cca1e30e7aa194	수경시설물설치	W_LEAF	조경공사 > 조경시설물설치 > 수경시설물설치	TASK	ORIGINAL_KEEP	NOT_APPROVED
cb9b113ada8c9f1f8f49bc31d3e53dfb7479362985e327894c5c0c18d04111bb	SINGLETON	5962	14a33c79b14aa9f29eab98551a362afe7b7a8bf31ad9bd626fae1ee7ddb8c404	유희시설물설치	W_LEAF	조경공사 > 조경시설물설치 > 유희시설물설치	TASK	ORIGINAL_KEEP	NOT_APPROVED
da2a6d180bcc58290ec7019904be06e681395316a137c2b203e01529127cb5c6	SINGLETON	5963	607cd1cf95faba37ffd04fa8cdd205aa311066dbf4f094c7e1018360e1ddd02c	안내시설물설치	W_LEAF	조경공사 > 조경시설물설치 > 안내시설물설치	TASK	ORIGINAL_KEEP	NOT_APPROVED
ba8fc01551a393bc371dadaf4e56ed81d6922cb99ab3c769bdc9585f172b06a1	SINGLETON	5964	b1cb7a0a47ea1eb37f3d63299d6439a541e3be627d03bd19b65d6023e47b5dfe	휴게시설물설치	W_LEAF	조경공사 > 조경시설물설치 > 휴게시설물설치	TASK	ORIGINAL_KEEP	NOT_APPROVED
a07074ce16af26584d4e41403bd73022e4e5200e37650d4c1d663fc189278c9a	SINGLETON	5965	6127839590619073ec9fa7a0763dc2e059a65e987ef58bf7e7cd236f7f77a61a	편의시설물설치	W_LEAF	조경공사 > 조경시설물설치 > 편의시설물설치	TASK	ORIGINAL_KEEP	NOT_APPROVED
7147ddc8d26de85a519355d2536db76cca21dfccd49b7df7866c3a7189c568b4	SINGLETON	5966	fee7e961bfda91cabf2058eabfed0778125602cd4f8602337be75d5624f509a3	관리시설물설치	W_LEAF	조경공사 > 조경시설물설치 > 관리시설물설치	TASK	ORIGINAL_KEEP	NOT_APPROVED
1d52399aaa89f9336b3589ea2686bee3230780727ab40b69bdf10958dd3d6a5e	SINGLETON	5967	3f4d11e2c3486a6a2e8eb8ced32746d11d0401f2b9cd3d35c478268768336b9a	체력단련시설물설치	W_LEAF	조경공사 > 조경시설물설치 > 체력단련시설물설치	TASK	ORIGINAL_KEEP	NOT_APPROVED
81f47c712387947a26361d9399db03c842a3a0e14e333ec0f73197359f228ba1	SINGLETON	5968	f8dfd6c76c1a9ef41ecc4e01e72104e4cc0f463043d6ce4d69d41bc56335a0e0	경계시설물설치	W_LEAF	조경공사 > 조경시설물설치 > 경계시설물설치	TASK	ORIGINAL_KEEP	NOT_APPROVED
6efb1b05b11af22396a28c5277fb4371e7cf24e320f1d11210de4da792374e54	SINGLETON	5969	02d123394ae2776323f8563a26d5741a7143fb3ba4557cbad9138c7b4d880785	환경조형시설물설치	W_LEAF	조경공사 > 조경시설물설치 > 환경조형시설물설치	TASK	ORIGINAL_KEEP	NOT_APPROVED
2a61841990e611de8f10680c45bb92bb5f7c296bed72f99b485ae13d9028b2ba	SINGLETON	597	2cf634c78acd0c1d65c2e17f2ce8b293dff56c57a44de00f9c4f334f033c2606	조경유지관리	W_MID	조경공사 > 조경유지관리	PROCESS	ORIGINAL_KEEP	NOT_APPROVED
aa39460894ffbb843f7c03bfaec34cf907f82280c93ef0adbde0aa0e4bb7cb03	SINGLETON	5971	0c8a20b45914641894b056728657457a24a08a70181218fbe42eb93896cb9ee2	전정	W_LEAF	조경공사 > 조경유지관리 > 전정	TASK	ORIGINAL_KEEP	NOT_APPROVED
875e1cce58c38eeef89cb71fc215170c124b034a44eb36cfcad2c1ad7acf37d5	SINGLETON	5972	3016b79ce67c2991dcda2b5224ac93e617a07cb6c463ec34b62964e2941bc641	교목수간보호 - - 대․중․소 분류대․중․소 분류	W_LEAF	조경공사 > 조경유지관리 > 교목수간보호 - - 대․중․소 분류대․중․소 분류	TASK	ORIGINAL_KEEP	NOT_APPROVED
b1cf46ca141679d1b606a59e1f510eaae69093e1da9a70124e41657f63de9ee2	SINGLETON	5973	a4364749264f8e498aa0b506c34b3791a2e937f1289a2870c8dec7e314350433	관수	W_LEAF	조경공사 > 조경유지관리 > 관수	TASK	ORIGINAL_KEEP	NOT_APPROVED
7ec20cca98d1a8e57ad965ac03b179046097caa2f4dbdf400767ae556e9c924c	SINGLETON	5974	792f955699a3ed4189fa5cb1bfd41e371addac23770c2ee202753617c44accaa	제초및잔디깍기	W_LEAF	조경공사 > 조경유지관리 > 제초및잔디깍기	TASK	ORIGINAL_KEEP	NOT_APPROVED
e3dc94f5628060d8cd020a578619a697f21f67727c31447f0589b5a7aa780c56	SINGLETON	5975	ec19433c16a665a020e78d41e798b22f094af25c7bbc9c32bb6114be3d316659	시비	W_LEAF	조경공사 > 조경유지관리 > 시비	TASK	ORIGINAL_KEEP	NOT_APPROVED
f85514f18f5b1fdbb8a9f7a7c542416346de4784c61bea17d4d381cb41d54eb9	SINGLETON	5976	7d3f13db09d53ca3eb23ca24a244a15cd759e18238c70fc4881e292415910b3d	약제살포	W_LEAF	조경공사 > 조경유지관리 > 약제살포	TASK	ORIGINAL_KEEP	NOT_APPROVED
c20c5ea05609b08219746a2ba56b516679533868cf497653496eb8635cc8d01e	SINGLETON	5977	3669bc9a04b47fd74c99e337190d3b97a0d6e94d144e948690fc4dde77dff1cb	월동작업	W_LEAF	조경공사 > 조경유지관리 > 월동작업	TASK	ORIGINAL_KEEP	NOT_APPROVED
be055a5fbb0c7c9833aad0506eafe4a78dee772fd1ab11430b454d925c89d764	SINGLETON	599	15918dc692831080af4406748cba132c117d11a7fefe02658ac2afbeb5bbd47b	기타조경공사	W_MID	조경공사 > 기타조경공사	PROCESS	ORIGINAL_KEEP	NOT_APPROVED
028839946d8a54355febe053579f2654b44a02cafb0f9a1e86e358319541e927	SINGLETON	61	315d72442ae85bb2a1b108a414347492ab2ed91884c13875e8ac096b72d602e6	기계 플랜트시설공통공사	W_ROOT	기계 플랜트시설공통공사	PROCESS	ORIGINAL_KEEP	NOT_APPROVED
3ee299700e719122727bf96e921d69ceac1520282666e4ca2bd8d94bd1edcde2	SINGLETON	611	022d81a5a3254442cb4c1ff1b2bf25d52ff7c8a2af6605ee18693be55d090972	배관및관련부속공사	W_MID	기계 플랜트시설공통공사 > 배관및관련부속공사	PROCESS	ORIGINAL_KEEP	NOT_APPROVED
7a7f3e0374eb6a49916d458f3487c9b64cdbcefd87d7656d9dd3e11c6294c58f	SINGLETON	6111	46387bc10931d4a8fec2b6f327629535c4c5e3b7ade489a9dd0f4ae32cf408a7	배관공사	W_LEAF	기계 플랜트시설공통공사 > 배관및관련부속공사 > 배관공사	PROCESS	ORIGINAL_KEEP	NOT_APPROVED
dd530e3afd1543c3cc242a7bb6ca4279652ef6bd2665a61a861a1150736360bb	SINGLETON	6112	0cd3fb6f1391caacebf0b3fb54e013fdfd28da12156ad63fa7f5a07ece1e4d6a	설비별배관공사	W_LEAF	기계 플랜트시설공통공사 > 배관및관련부속공사 > 설비별배관공사	PROCESS	ORIGINAL_KEEP	NOT_APPROVED
52b820bb4e210920ded93b0ff65e25256a5280a87f4419971c7a2c7b7698f328	SINGLETON	6119	00ac95faea660815ab218f0594b1b0f76e698fdc677c5304282e7802c42c62a1	기타배관및관련부속공사	W_LEAF	기계 플랜트시설공통공사 > 배관및관련부속공사 > 기타배관및관련부속공사	PROCESS	ORIGINAL_KEEP	NOT_APPROVED
2939170808ebb6a308fbe155abc1965bc0671106260b8a9289cd5d7a2e2f189b	SINGLETON	612	5ce9967c09c9c12bcbfac0c38edc012bd51cd740fdc29bcc3bc0c312d90ae869	보온공사	W_MID	기계 플랜트시설공통공사 > 보온공사	PROCESS	ORIGINAL_KEEP	NOT_APPROVED
fb5c705f7516af200b22bbbad6ff553dab95a84c50b5668054c76b201399bc2c	SINGLETON	6121	b1e246ab6c7380253703cb2e2f8765baad2d0844c572038546491a37a077dbc1	배관및배관관련부속보온공사	W_LEAF	기계 플랜트시설공통공사 > 보온공사 > 배관및배관관련부속보온공사	PROCESS	ORIGINAL_KEEP	NOT_APPROVED
bda4c363a5cfee9a0feb8d8da7d9810b69a4aeb0b11f3854dade3ca28e388fd1	SINGLETON	6122	5f3a0ce583899d4cd530ec8cb378457df3e18f49e715a96e290264fe3beb0c25	덕트보온공사	W_LEAF	기계 플랜트시설공통공사 > 보온공사 > 덕트보온공사	PROCESS	ORIGINAL_KEEP	NOT_APPROVED
59417e656cf749761c3364911d785cd593fc351d40bed5da1adc3d51150d14cb	SINGLETON	6123	2a624ca12d8a48b3455c90ff9962939caffce2f99c7a9b3cd763414646a90f09	평면 탱크 기기보온공사	W_LEAF	기계 플랜트시설공통공사 > 보온공사 > 평면 탱크 기기보온공사	PROCESS	ORIGINAL_KEEP	NOT_APPROVED
c8211f30d4ad5e254327fd944131a603e615d5f97b6205b15bcff3f719bae7ab	SINGLETON	6129	ccb1c7933a736134a300bb86db1c749295062873e8fa72b3f3966e6526f69f5e	기타보온공사	W_LEAF	기계 플랜트시설공통공사 > 보온공사 > 기타보온공사	PROCESS	ORIGINAL_KEEP	NOT_APPROVED
0cf1376b9030596d2d58587d424d5e541a9dc9da939a221d2100a8075df6e45f	SINGLETON	613	484af9e7e3b8546c45d9754f4f9525e680912b5f57e6e5a1498d92b8caaf3bc2	자동제어공사	W_MID	기계 플랜트시설공통공사 > 자동제어공사	PROCESS	ORIGINAL_KEEP	NOT_APPROVED
fd44748d3e4a8ed1846994326f93b2640fad9134af08e79d78bc76443957828c	SINGLETON	6131	2604e3a3889b8b64b3ea5d287da49aef119e7d2c1927518c194baa1ba266c34a	자동제어설비공사	W_LEAF	기계 플랜트시설공통공사 > 자동제어공사 > 자동제어설비공사	PROCESS	ORIGINAL_KEEP	NOT_APPROVED
fe3b05a30d31256b53a6dcc94111801362d90178eb293cbab8c0cc82a4ba2301	SINGLETON	6132	d9dfd977966d20862ae9378ac4d165a8492143ebe5ab44b1b0f13aa9fada85c5	자동제어설비시스템별공사	W_LEAF	기계 플랜트시설공통공사 > 자동제어공사 > 자동제어설비시스템별공사	PROCESS	ORIGINAL_KEEP	NOT_APPROVED
68d8d968b9c2bc99957000cb5ebbe4681685312bfd3a63c44c0d0fe3fd0f8410	SINGLETON	614	d63120cfd03d46c41cbd683f896898ece2f8f4269d15513a09fdc13053fe3951	펌프․공기설비공사	W_MID	기계 플랜트시설공통공사 > 펌프․공기설비공사	PROCESS	ORIGINAL_KEEP	NOT_APPROVED
1101695867665f358ed5fdf5d1afeee0dbe999592e00a310d03d68870f979f6b	SINGLETON	6141	6acd6f8d0a966fab78216cac8ea40573e5db3053ec3022d44b001d1ba986f1f2	펌프공사	W_LEAF	기계 플랜트시설공통공사 > 펌프․공기설비공사 > 펌프공사	PROCESS	ORIGINAL_KEEP	NOT_APPROVED
19d8bbf01e85d4e0b2612ada784c484812257c9337d119e546059e40a4336285	SINGLETON	6142	bea20c65d883acb33ac71c0b82ef9aad86f22c9a7fc25f400cd83c4edc2f69a5	송풍기및환풍기공사	W_LEAF	기계 플랜트시설공통공사 > 펌프․공기설비공사 > 송풍기및환풍기공사	PROCESS	ORIGINAL_KEEP	NOT_APPROVED
69da375d6c9e9b595ff58f54d7939c2f930bc7fda923bf8191eda2b8373618e5	SINGLETON	6143	7fa064d6bb453374b670902caf26e0fb4e4806ef76406481dc942414b4c87711	공기압축기공사	W_LEAF	기계 플랜트시설공통공사 > 펌프․공기설비공사 > 공기압축기공사	PROCESS	ORIGINAL_KEEP	NOT_APPROVED
9d7bad7d3377b0051c155133999851cda03afb637f6fc506662aa14608b8fd72	SINGLETON	615	23c63a63f535450f7908be84cf5cf45625bcc66c7be1a67d9888281f809efdd9	설비․시설잡공사	W_MID	기계 플랜트시설공통공사 > 설비․시설잡공사	PROCESS	ORIGINAL_KEEP	NOT_APPROVED
f8759c31af7d23a72eb9a9c69ff49cf7f93593dcfcefa8c8c474d45db64f4c8e	SINGLETON	6151	4ba78fec30d64aaf78e68eec070846413952446dbab8744245ef5fcb78659847	천공공사	W_LEAF	기계 플랜트시설공통공사 > 설비․시설잡공사 > 천공공사	PROCESS	ORIGINAL_KEEP	NOT_APPROVED
fd3648260f5e6a72b865497f1d9e85870bbb5dbe942d598706e54a7fc1a30d4c	SINGLETON	6152	b2a949a67cc134ae48b28723d80c048d69fa206d442415aa8d49d0bdc320c568	지지금구류공사	W_LEAF	기계 플랜트시설공통공사 > 설비․시설잡공사 > 지지금구류공사	PROCESS	ORIGINAL_KEEP	NOT_APPROVED
d69cea84ab038d08c64a1d93af5d656523141a255523aea943e9abfc917c6b2b	SINGLETON	6153	ade0aed9204ab87a407f5444e7b894fcab2da8963daf2f10917b8afec0b07db7	밸브박스 슬리브 조립식PD공사	W_LEAF	기계 플랜트시설공통공사 > 설비․시설잡공사 > 밸브박스 슬리브 조립식PD공사	PROCESS	ORIGINAL_KEEP	NOT_APPROVED
3f198a9c596fcc677e65a59ee2cb5c6e64001f7f91b4ae06758346d32df321a2	SINGLETON	6154	9690be5340c084e5a47dd250afdf323a0d7a8ce5bfab1267f1bc68e6d29c4078	각종잡철물공사및용접공사	W_LEAF	기계 플랜트시설공통공사 > 설비․시설잡공사 > 각종잡철물공사및용접공사	PROCESS	ORIGINAL_KEEP	NOT_APPROVED
52570054d9b57108cbe050c6213d7fb187f3001287923162fda8455413123b36	SINGLETON	6155	a77ac9122abeaec7a2be71b280a9d97cf28c72f76ffec3e4f7646f05ef09d0b8	강재제작설치 조립공사	W_LEAF	기계 플랜트시설공통공사 > 설비․시설잡공사 > 강재제작설치 조립공사	TASK	ORIGINAL_KEEP	NOT_APPROVED
71f69f546522ed75040cf704f4f42ed672ce20ad067136bb7750e44e32930a21	SINGLETON	6156	0dc66800f072e49cf6fe4fe966680fae74f3c391db84832c2f2d47bf9ac72614	관갱생공사	W_LEAF	기계 플랜트시설공통공사 > 설비․시설잡공사 > 관갱생공사	PROCESS	ORIGINAL_KEEP	NOT_APPROVED
8481d0a1b0de0ca50a0127222387beb6e9b0b44a8dc62143c77b4a8e757c9c39	SINGLETON	6157	0096aeec01d504893402f499a05e13b76e855ad3a8bfd86079932aed5dcf5733	도장및방청공사	W_LEAF	기계 플랜트시설공통공사 > 설비․시설잡공사 > 도장및방청공사	TASK	ORIGINAL_KEEP	NOT_APPROVED
038ad6fb72d989f21edbb398ae9086b91f2a1e29f035dca0684633f19425b199	SINGLETON	6158	f1765abf1fb70aa691c82d9629c27e04d800fb44360bbf020406bf923e70e642	터파기및되메우기공사	W_LEAF	기계 플랜트시설공통공사 > 설비․시설잡공사 > 터파기및되메우기공사	TASK	ORIGINAL_KEEP	NOT_APPROVED
49211b2052bbcd7b5bfbcc655622bc55a5e030d18781279df5248769f2649dc0	SINGLETON	62	1699e64589a476c8ab86aac1d19b0c90b2d58548827eed9a0865d1b2f0f66622	열원기기설비및공기조화설비공사	W_ROOT	열원기기설비및공기조화설비공사	PROCESS	ORIGINAL_KEEP	NOT_APPROVED
7ef95651357fef3e076b778e5a7468487bdab7ab79e59b3e3660f84296c3a884	SINGLETON	621	f2b76e09819a23f84d6287062806f52099798df9641f2780ac9ede6cc7014505	보일러부․부속공사	W_MID	열원기기설비및공기조화설비공사 > 보일러부․부속공사	PROCESS	ORIGINAL_KEEP	NOT_APPROVED
98204670cffe52a646e69f9dfac2492bb3c3461b10fce6a9e14108fba0486fed	SINGLETON	6211	0b6ebc7a89858c411c00a2fff176b1f7fe9edb00c56440b9acc2ebcd3712895d	기계보일러및부속공사	W_LEAF	열원기기설비및공기조화설비공사 > 보일러부․부속공사 > 기계보일러및부속공사	PROCESS	ORIGINAL_KEEP	NOT_APPROVED
691718b3b61060e1d1266093bbf22fd601561ab83e148c836ab1dcdb0a7ac2bd	SINGLETON	6212	c4de6be9ed4d28f9f2e38f32c3873bc2a40ba18be772935cf54fd306e03f4d45	플랜트보일러및부속공사	W_LEAF	열원기기설비및공기조화설비공사 > 보일러부․부속공사 > 플랜트보일러및부속공사	PROCESS	ORIGINAL_KEEP	NOT_APPROVED
72383c60847d8e88b7aa778fef9f8bcbc78b4f55ad9bb300d411bc3de433462b	SINGLETON	622	62d5cb92cb31d83dcd0522c7b75b7aa96a6285f43e9b8ac7af52743f1b6a9006	냉동기․냉각탑공사	W_MID	열원기기설비및공기조화설비공사 > 냉동기․냉각탑공사	PROCESS	ORIGINAL_KEEP	NOT_APPROVED
6d3f80635389b4fe293da1878b51739e7cf6bd5e3972f70a05f494beac7ba9b5	SINGLETON	6221	5334dcca838780c06efcef3944be27bea54fdff87f02af7ea43a5493e1c303d4	냉동기및부속설비설치공사	W_LEAF	열원기기설비및공기조화설비공사 > 냉동기․냉각탑공사 > 냉동기및부속설비설치공사	TASK	ORIGINAL_KEEP	NOT_APPROVED
787b7cb8a6ca4838fb0a3eb237b359c3be0896b00e2bfedf469d95ee0e82f88f	SINGLETON	6222	93201f6f8ef101466847ef360e4468ceb7dc44b0e2ad7e70d475c4493465c494	냉각탑설치공사	W_LEAF	열원기기설비및공기조화설비공사 > 냉동기․냉각탑공사 > 냉각탑설치공사	TASK	ORIGINAL_KEEP	NOT_APPROVED
e1e8145467429472a59dd7ae0d75512fbe4eb6addb9d8fbed2f334c308857b63	SINGLETON	623	c10f96ee20d00464f3b4ea1b074ba9620c8066201bc391b134cbded068696ea4	공기조화기기설비공사	W_MID	열원기기설비및공기조화설비공사 > 공기조화기기설비공사	PROCESS	ORIGINAL_KEEP	NOT_APPROVED
b3b5710ba20bf1b257ef181fbc34ed89294150598dd19058fbe720c6869c0920	SINGLETON	6231	c9b2920f86ef818e719bae0b09ec6e74de56a70b3c9b23602380981fa4b7de61	공조기및팬공사	W_LEAF	열원기기설비및공기조화설비공사 > 공기조화기기설비공사 > 공조기및팬공사	PROCESS	ORIGINAL_KEEP	NOT_APPROVED
6b9f67bdc03d38dde0a73b6a2e053ce150e5f459c35c0e6403d3cf61a97bedcf	SINGLETON	6232	f5a755a6775f6ac4958ffb49a6bc9a8d01d7d89568eeff2cece9872fdf844eeb	온수분배기 방열기설치공사	W_LEAF	열원기기설비및공기조화설비공사 > 공기조화기기설비공사 > 온수분배기 방열기설치공사	TASK	ORIGINAL_KEEP	NOT_APPROVED
0d269333cd689a171c0199dd6a43ee90a1c431841a2d75cbf249d3e04ee2da6e	SINGLETON	6233	4cef4d75cc98de3f673a74c9d996fa7801c685841523cd9a47db3a2138cf8e87	컨벡터설치공사	W_LEAF	열원기기설비및공기조화설비공사 > 공기조화기기설비공사 > 컨벡터설치공사	TASK	ORIGINAL_KEEP	NOT_APPROVED
e0c1211b14a8b00a5ae1eb747d9d26c00d2e8aa7619dde1ea767812bd753c075	SINGLETON	6234	ad66537a0d8b82eb3a3ba37d9a21c371e6cfffc71542b2dd978447d8723cb63d	적외선히터설치공사	W_LEAF	열원기기설비및공기조화설비공사 > 공기조화기기설비공사 > 적외선히터설치공사	TASK	ORIGINAL_KEEP	NOT_APPROVED
29cae13373f6a82b728f8d4c0e0ba96b81d07c7a8f218903aab86aa927946aca	SINGLETON	6235	123e2b8ccf8fbb565789b4a0a16f450c0f6a16ed3d355e452ad625f132f6100d	전열교환기설치공사	W_LEAF	열원기기설비및공기조화설비공사 > 공기조화기기설비공사 > 전열교환기설치공사	TASK	ORIGINAL_KEEP	NOT_APPROVED
312383ff2cd3033ef2df86b597ee7fbd11020e67eebb8550fb5947162d3f23fb	SINGLETON	6236	d9e6185b4f740792dda628d9d178d5a8a2e7aeac9c9f4def9f3da53d0061c90b	휀코일유닛설치공사	W_LEAF	열원기기설비및공기조화설비공사 > 공기조화기기설비공사 > 휀코일유닛설치공사	TASK	ORIGINAL_KEEP	NOT_APPROVED
be5450076b28fc1787fdc70a125282fd2f055a50b12a2f7bd8490702d983bbf5	SINGLETON	6237	673f9811234c29029e0b5073742969eeb115e45fcd59afd9b49bb597743903cf	팩키지유닛설치공사	W_LEAF	열원기기설비및공기조화설비공사 > 공기조화기기설비공사 > 팩키지유닛설치공사	TASK	ORIGINAL_KEEP	NOT_APPROVED
fcf56aeed97bbc55ffffd3b1922a372eb38a1d8032b0957878ffd2f59c39e099	SINGLETON	624	70ceaa3c9c642d3029f7b0d10cde1d94eeb78ea70e09c3ac5d8eca0317d8045c	덕트공사	W_MID	열원기기설비및공기조화설비공사 > 덕트공사	PROCESS	ORIGINAL_KEEP	NOT_APPROVED
44287b2b845da2ccacb082171be4bbbc919526c0faf0946e2f384d663522e05c	SINGLETON	6241	095d3cac331605cee087bc738ceda547376c1a221db3bad1100dfd6885216d8b	덕트제작공사	W_LEAF	열원기기설비및공기조화설비공사 > 덕트공사 > 덕트제작공사	TASK	ORIGINAL_KEEP	NOT_APPROVED
267f61833f1be4f06eebb530e87b5665c8477cfdcd6e945cd0a7003f36ef9045	SINGLETON	6242	8f43e4f89db67ce5e99d86bfeaf44ee83e3ee7eba2ee91b5a9cb9fc3b9799a98	덕트설치공사	W_LEAF	열원기기설비및공기조화설비공사 > 덕트공사 > 덕트설치공사	TASK	ORIGINAL_KEEP	NOT_APPROVED
f955a9b9430faf6ce060864e51e45fbfa4fe19e12c6fd14b7ca87a5f016bad26	SINGLETON	6243	d2636dabfe51432cb1f0c50c624b71d9b7112572cfb361f22fd5497dc43da34e	연도제작및설치공사	W_LEAF	열원기기설비및공기조화설비공사 > 덕트공사 > 연도제작및설치공사	TASK	ORIGINAL_KEEP	NOT_APPROVED
60fe27c8f7fc32987291d31f6ae512b1cf6b3ea890f0e152632397ee41c76a28	SINGLETON	625	061327241d137107c2731cbedfdfbd74fc0fc151c28a645bbbebf27f19eab180	열교환기 탱크 헤더설치공사	W_MID	열원기기설비및공기조화설비공사 > 열교환기 탱크 헤더설치공사	PROCESS	ORIGINAL_KEEP	NOT_APPROVED
8d1d2129a57c432dbe09f6d7b88d730261bbf9ab5eded1ca1d754567ded21ca3	SINGLETON	6251	fe636ae0752f7fec4ff4d36552253175296aec8d74d00f06f06df8ed5502fcb5	열교환기 탱크류설치공사	W_LEAF	열원기기설비및공기조화설비공사 > 열교환기 탱크 헤더설치공사 > 열교환기 탱크류설치공사	TASK	ORIGINAL_KEEP	NOT_APPROVED
e615fb4e2f1fcc8e3adf8c7823dc5b318280e3d13198329356ac44b8176f584d	SINGLETON	6252	1239baa8d36d6d0ff53df01e8384cacccdcb17c380a1d54e1525ad25247b752c	현장제작탱크설치공사	W_LEAF	열원기기설비및공기조화설비공사 > 열교환기 탱크 헤더설치공사 > 현장제작탱크설치공사	TASK	ORIGINAL_KEEP	NOT_APPROVED
51c72e9981027165e51fba7ce878755d31e7c768d3c76e927e14cb9be8d28276	SINGLETON	6253	574941981bd6c5e2bad81b017257329c7c64b138b06320110b854edab59d463d	헤더설치공사	W_LEAF	열원기기설비및공기조화설비공사 > 열교환기 탱크 헤더설치공사 > 헤더설치공사	TASK	ORIGINAL_KEEP	NOT_APPROVED
c39ad6615f8d542d28bb7be277a7ed9e823bd05c2064419e3287115032903d0d	EQUIVALENCE_GROUP	626	bc0a4d662ca7b0941b18787498ac8e30f6e33685ce168afed16810ad25ee929e	냉온수기설치공사	W_MID	열원기기설비및공기조화설비공사 > 냉온수기설치공사	PROCESS	MERGE_CONFIRMED	NOT_APPROVED
c15df2e89928e4a597e01afdd27810d582b31e246485e5d4b40549544b01a5ef	SINGLETON	6261	daf50a231b78c9f54b8458e9bd917016bd03f51108b34d5e8694e1385293dc3b	냉수기설치공사	W_LEAF	열원기기설비및공기조화설비공사 > 냉온수기설치공사 > 냉수기설치공사	TASK	ORIGINAL_KEEP	NOT_APPROVED
c55a6c7af4fc197664135b89dd1f41a295cff264d03f9967804d649e27867e05	SINGLETON	6262	19fd9b54677b0ab4208f875a72d402e29a4ebd9ad659391889ee80e329e9b84d	온수기설치공사	W_LEAF	열원기기설비및공기조화설비공사 > 냉온수기설치공사 > 온수기설치공사	TASK	ORIGINAL_KEEP	NOT_APPROVED
c39ad6615f8d542d28bb7be277a7ed9e823bd05c2064419e3287115032903d0d	EQUIVALENCE_GROUP	6263	a039a9327b4c4c96e64474e98cd6c7823a4eb4f31c47cee51bee465c7810fec5	냉온수기설치공사	W_LEAF	열원기기설비및공기조화설비공사 > 냉온수기설치공사 > 냉온수기설치공사	PROCESS	MERGE_CONFIRMED	NOT_APPROVED
bd2f71981bff2ef99f94fd8e5945cc39ed763c87eb8b07a054fee95adcb4ae06	SINGLETON	63	bd4636c4a3ea7dad7bd1a13ac086df3d0d62d90b669da6ab2f8b0d8774025e33	위생설비공사	W_ROOT	위생설비공사	PROCESS	ORIGINAL_KEEP	NOT_APPROVED
2f3b01e8d351eb48adb6117e951ecfeeaf03c78bd08c61a35b5df23bc3600dd4	SINGLETON	631	1cdf5b987b702a9658612aaa6c860024441af6a2381c758a70c9de0b4ba8e68b	위생기구설비공사	W_MID	위생설비공사 > 위생기구설비공사	PROCESS	ORIGINAL_KEEP	NOT_APPROVED
cba5aa7d079256748882b44303797ec104ab20f2e5e1b0769e6970b42e7165cb	EQUIVALENCE_GROUP	6311	cfc316505b91f515b236b535dd0c5eb1db0852793a57837ffcc5d855577f9829	위생기구류공사	W_LEAF	위생설비공사 > 위생기구설비공사 > 위생기구류공사	PROCESS	MERGE_CONFIRMED	NOT_APPROVED
cba5aa7d079256748882b44303797ec104ab20f2e5e1b0769e6970b42e7165cb	EQUIVALENCE_GROUP	6312	a5d95affcf2ad16b1c201fadf37090e971f5b276dd400ff865225a75de74574c	위생기구류공사	W_LEAF	위생설비공사 > 위생기구설비공사 > 위생기구류공사	PROCESS	MERGE_CONFIRMED	NOT_APPROVED
180b4ace7a7ebe1a9a14a3001ef88f38b04e495d8bc6ada1a8504c3414a3c83f	SINGLETON	6313	8a6c33f45d3a9de8ae4f974805a0319860acc9f8b036ef359dfb1e1803e5e4f8	배수트랩공사	W_LEAF	위생설비공사 > 위생기구설비공사 > 배수트랩공사	PROCESS	ORIGINAL_KEEP	NOT_APPROVED
e8ff758161a706d3340aa107d571c593b51d2aab0338dbf5c9c8b26d2a96711c	SINGLETON	6314	29dd4405b0e6749195bc95c8c5ca3599c19742d7dba912c585fd35acb62f0a92	수전금구류공사	W_LEAF	위생설비공사 > 위생기구설비공사 > 수전금구류공사	PROCESS	ORIGINAL_KEEP	NOT_APPROVED
6a1c0b77bd9da03f98926215289581bbcbca6e27dba519a092321a602264979d	SINGLETON	64	7ce664de05dede4813fa605e706c8556c8ce355378f10fbdb94dbc4bfa890525	방재기계설비공사	W_ROOT	방재기계설비공사	PROCESS	ORIGINAL_KEEP	NOT_APPROVED
0954849d33f3f16d68648fa6b9789cd137b2a6030d9c853e880c653e0d42741e	SINGLETON	641	eb275b05af8aa8c4c19f160cae8f13710c982b1bb12e7136145bda04d07bfabe	소방기계설비공사	W_MID	방재기계설비공사 > 소방기계설비공사	PROCESS	ORIGINAL_KEEP	NOT_APPROVED
ffb7ce9b3cc90d418858fa956a9609256d28e9fac0087e65b78e6d9745547168	SINGLETON	6411	55c044382715ef16c86caf543f848bb9768f4952fad6bbb83ff57b77c25c37dc	소방설비별공사	W_LEAF	방재기계설비공사 > 소방기계설비공사 > 소방설비별공사	PROCESS	ORIGINAL_KEEP	NOT_APPROVED
a78d8afd3ff0e875d7d6be5b84807383d054524806f28e1ab54cbf28456331e1	SINGLETON	6412	d4382b77014e53cd0e185f7cd810be914d7431c60169eb37ac4d3b3e450cf95a	소방설비기기류별설치공사	W_LEAF	방재기계설비공사 > 소방기계설비공사 > 소방설비기기류별설치공사	TASK	ORIGINAL_KEEP	NOT_APPROVED
dc3dff2350840a9f391b06f7a73780bb78385a45b4ccece8cb08a3da4c8d1215	SINGLETON	65	25e3c195de20b0135f57f870abb98932676dd179d5d7ab5429573503b4fc4f19	가스설비공사	W_ROOT	가스설비공사	PROCESS	ORIGINAL_KEEP	NOT_APPROVED
00a52dd997c21ceab4004fe3ce98b640a5932dcad08ab3bd2f5e91411e4e53a7	SINGLETON	651	129cb1a7894348864a20193f49d3e7650d0680aa45f5d8d6cbf4815db46ea4a7	저장탱크공사	W_MID	가스설비공사 > 저장탱크공사	PROCESS	ORIGINAL_KEEP	NOT_APPROVED
ab0ebbc06f7bc6363f9d1c54092d2d31de78ef0788f5c268428f3136033aeb9d	SINGLETON	6511	3f88bc543d98910b0fd213fdb0b1d83e2043e7c1006951f5162e5f2b3f9a7f1d	저장탱크제작공사	W_LEAF	가스설비공사 > 저장탱크공사 > 저장탱크제작공사	PROCESS	ORIGINAL_KEEP	NOT_APPROVED
58a25f0715084c1a9bf2780778752741f2ed6bc69566c48cece3dc3cceda60f8	SINGLETON	6512	474d3ff933a714cd828daf523a1fa9bea0931aec4e93330143ca6a45acb0f4f2	저장탱크설치공사	W_LEAF	가스설비공사 > 저장탱크공사 > 저장탱크설치공사	TASK	ORIGINAL_KEEP	NOT_APPROVED
b5505742d94b06382f56854611e8b90aed15c861a2a393c78b2690e66b43c954	SINGLETON	652	054aedefdb980bd3e60810388d771f903db215e134c136583294232203b0b6c1	가스설비관련기기설비공사	W_MID	가스설비공사 > 가스설비관련기기설비공사	PROCESS	ORIGINAL_KEEP	NOT_APPROVED
3dbd798f2881746e1d2b9f045d10a168c544bc545b58c2d0fd73b1cb0cef1150	SINGLETON	6521	e2eb9ccc789bba911b9b5b67325b3e9c4f637592658b9504136a91f561f6d5e8	가스설비관련기기제작공사	W_LEAF	가스설비공사 > 가스설비관련기기설비공사 > 가스설비관련기기제작공사	TASK	ORIGINAL_KEEP	NOT_APPROVED
05904e0f81d3f046112158b3f4b188e91d74673d2c533e3aed5b9963de0360fe	SINGLETON	6522	c8e7beba0fb25fa4f69885fa2ca097302d962ea6a152f2acb16394635361d368	가스설비관련기기설치공사	W_LEAF	가스설비공사 > 가스설비관련기기설비공사 > 가스설비관련기기설치공사	TASK	ORIGINAL_KEEP	NOT_APPROVED
094c2a06438b38402ce06ad7013f0d454002110bdbcbf8e2401b3ec4dc941191	SINGLETON	66	02279fcd9255e45100434962b0aa42b5c3287b02157121476b96d606535233df	특수설비공사	W_ROOT	특수설비공사	PROCESS	ORIGINAL_KEEP	NOT_APPROVED
54ee11f0f90aca0d4c8c52a6baa3cf19b78610c21edf272b68390f7468c2747b	SINGLETON	661	b5838ceb90ab8be83b3cfb3bdadbecf905243936c9d5455dfa49b59d60345ad7	살수관련공사	W_MID	특수설비공사 > 살수관련공사	PROCESS	ORIGINAL_KEEP	NOT_APPROVED
c631c5c132a4fe6aea6a4086c35ae1025fb8589f7cb095d77bd3a58a372fec8f	SINGLETON	6611	053fd83032716618a3bcc3b287ac2b496d47321c911ab583ce733b63e3ad8b0e	살수설비주기기설비공사	W_LEAF	특수설비공사 > 살수관련공사 > 살수설비주기기설비공사	PROCESS	ORIGINAL_KEEP	NOT_APPROVED
ef15473dcf1dacc031152633b6877f4e1c47fcd70c78f83f7415963c200c25a4	SINGLETON	6612	7eaff04efb05219dc370bf6e640c200b1f63e76a662249d17bf7e2fe741d340f	살수설비보조설비공사	W_LEAF	특수설비공사 > 살수관련공사 > 살수설비보조설비공사	PROCESS	ORIGINAL_KEEP	NOT_APPROVED
fd75ac4138ed5409d0ed30aae578a02942ab49528558d47e4261136cfbe58831	SINGLETON	662	1121904bd730663bce322e6e3fec9ecddc472d9c14c1f587d726ffe56e98e502	냉동냉장실공사	W_MID	특수설비공사 > 냉동냉장실공사	PROCESS	ORIGINAL_KEEP	NOT_APPROVED
06890e334a7a716771ef1bdc5e9ac4fba56022955272e4180b754ec2304c6869	SINGLETON	6621	afb0e852a7825f6a83c1d37d412d6216d36a5b8cd02e963308882c3d0e73ff05	냉동실설비공사	W_LEAF	특수설비공사 > 냉동냉장실공사 > 냉동실설비공사	PROCESS	ORIGINAL_KEEP	NOT_APPROVED
0c8c4f8747137614f2825451a99d0471d12a5701da70014c1831163606b41bdf	SINGLETON	6622	2673360ada880eb432ea0c41fa875126f82446f9a0beefe0c34d356f079cde34	냉장실설비공사	W_LEAF	특수설비공사 > 냉동냉장실공사 > 냉장실설비공사	PROCESS	ORIGINAL_KEEP	NOT_APPROVED
cf1ecf5c2d7cb6f58c0d55291d4f55089f496affdb0ef538b0addb2641c4e15f	SINGLETON	663	6f0c1f80815d3a01e7d21a3f63f54a938ff40ac88d3bf5ef19929c0057e2c123	살균설비공사	W_MID	특수설비공사 > 살균설비공사	PROCESS	ORIGINAL_KEEP	NOT_APPROVED
3c39ab7408d60898ac5a4edfabd8d45d4b3836143b2c4a5199a18b70a8b19529	SINGLETON	6631	24855526eef65cf0e229b2694683ae066e7910b264c6706b9ada37f5258bb558	살균설비주기기설비공사	W_LEAF	특수설비공사 > 살균설비공사 > 살균설비주기기설비공사	PROCESS	ORIGINAL_KEEP	NOT_APPROVED
7986d792883029c145809ea43b8aaef8558ef50c7c99fee7d15eb226fe3bae11	SINGLETON	6632	e7581a03baaf0fc6e21ffaa24624501b5fc5874bcab53dd2ec282340ff94ca8a	살균설비보조설비공사	W_LEAF	특수설비공사 > 살균설비공사 > 살균설비보조설비공사	PROCESS	ORIGINAL_KEEP	NOT_APPROVED
e271654f1c7852d2159a26c3090155561877ae3961a251572cd7ef697a459066	SINGLETON	664	a4a8c70f8f16b3e741c3b958e2b4fb35dcd89d8d7d6add9d0caaf1cfdb74af96	지하수개발공사	W_MID	특수설비공사 > 지하수개발공사	PROCESS	ORIGINAL_KEEP	NOT_APPROVED
6fc8df183a52399ca6a700b818ea0752deb79a5c661f5702085dcbc3ef2822fb	SINGLETON	6641	7ecf77022db7b60fd87dfbd87b21e326e170a6edba3d5ff93c519c3d25d2984f	지하수개발주기기설비공사	W_LEAF	특수설비공사 > 지하수개발공사 > 지하수개발주기기설비공사	PROCESS	ORIGINAL_KEEP	NOT_APPROVED
587c67858b565cf8b01afc4c056316bb8de3dce1e7113ad25be9cca3c1df0dca	SINGLETON	6642	be94cc3ec833a093ddae1cc210e8941ee423da946366a9372843b215e92980fd	지하수개발보조설비공사	W_LEAF	특수설비공사 > 지하수개발공사 > 지하수개발보조설비공사	PROCESS	ORIGINAL_KEEP	NOT_APPROVED
5699e667839fbb246cb48d93f87db04834968fc595e50f73319e540c94a0d2d9	SINGLETON	665	7163d75cfd991822c7401b1ecf6d36e91109943a370ba262e905e051b995c2ca	방식공사	W_MID	특수설비공사 > 방식공사	PROCESS	ORIGINAL_KEEP	NOT_APPROVED
3c831ae682c4527f118ef78dbac28b3de835e76c7beb9fe4e57e4f80f0daa32e	SINGLETON	6651	bd8abe2be5acbf2b661bb7b5a939cea1680db53e6d96ea884bccf5911d22c288	방식전기설비공사	W_LEAF	특수설비공사 > 방식공사 > 방식전기설비공사	PROCESS	ORIGINAL_KEEP	NOT_APPROVED
6ae8b553109b13bd117b001b801804bedab94616ed379326b2dd1716cc8e4a45	SINGLETON	6652	dca16705da02a2ba2752214b3e86058561cae287a2ec98909cdacd4de94e2d51	방식보조설비공사	W_LEAF	특수설비공사 > 방식공사 > 방식보조설비공사	PROCESS	ORIGINAL_KEEP	NOT_APPROVED
97fb76d45383c405adb1236d93e2b6e7d03f0dcb21430cc51ed6c6c0cd0f1ee7	SINGLETON	666	2d9db655eeb4f5f247efaa083513b83b6bc246c8b79a71df5bfc704fae6e3380	아이스링크설비공사	W_MID	특수설비공사 > 아이스링크설비공사	PROCESS	ORIGINAL_KEEP	NOT_APPROVED
5984e9b936b33f5034c6113d6763d7580d34e1b8e33d16638b79d1a287be1e95	SINGLETON	6661	707a3c77b3f3b998e11824a0ca1a8167280bfaf2eb513450a7116fe1a959fd48	아이스링크설비주기기공사	W_LEAF	특수설비공사 > 아이스링크설비공사 > 아이스링크설비주기기공사	PROCESS	ORIGINAL_KEEP	NOT_APPROVED
f2a2012f70083b9edb3b40cc23a58817b32681b25601bdbbfde2b8b5bd82c0c6	SINGLETON	6662	70999f10d899bfce92cf9a7db7a0d42e7b5b9dce8ba99405c46ae2eb90b39e06	아이스링크보조설비공사	W_LEAF	특수설비공사 > 아이스링크설비공사 > 아이스링크보조설비공사	PROCESS	ORIGINAL_KEEP	NOT_APPROVED
6b6b479c3f4495081e9d94b608880b8017b3f6dd47a7478bb4afb14bff9a2516	SINGLETON	667	3afd983ca64c283e870f0e99015cf7c34c55a47b73b8d89c56990aef616b36b5	기타특수공사	W_MID	특수설비공사 > 기타특수공사	PROCESS	ORIGINAL_KEEP	NOT_APPROVED
e5938afafa74b086b9724cba1bbafdec859216a34a14dfb2895304edd3e7a07b	SINGLETON	6671	8cc8d98ad0d7ae94cb67a7f92be900f2ba9d3058934a85f7eb5c3c1ec1fd173f	문서이송설비주기기공사	W_LEAF	특수설비공사 > 기타특수공사 > 문서이송설비주기기공사	PROCESS	ORIGINAL_KEEP	NOT_APPROVED
c95181b2942b52f154aa5b7fe4b0b56efe21caa2eebd9b8aafbd756a45bf0f03	SINGLETON	6672	858240fda6352ab006d8fed790ec02ebe454c8f7376f2ca118d60c422ff3487c	문서이송보조설비공사	W_LEAF	특수설비공사 > 기타특수공사 > 문서이송보조설비공사	PROCESS	ORIGINAL_KEEP	NOT_APPROVED
4d9e8f9fa87bd378789d8cf760fcc530d324b31228a4807c8d19549ba282a0af	SINGLETON	67	13fecabc0812b260ffd07cbc0fffe2253e31b3188272d93a47f39dbeeb59ccde	서비스설비공사	W_ROOT	서비스설비공사	PROCESS	ORIGINAL_KEEP	NOT_APPROVED
aa872e4365b79702ca9898925c1792a62158d5fc651af9bd7233fedff38651d8	EQUIVALENCE_GROUP	671	77a32cec68a2d3a4f2b9680235e49d12e0e4df2ae0e6ae2c89126afb82d8ee48	주방기구설비공사	W_MID	서비스설비공사 > 주방기구설비공사	PROCESS	MERGE_CONFIRMED	NOT_APPROVED
aa872e4365b79702ca9898925c1792a62158d5fc651af9bd7233fedff38651d8	EQUIVALENCE_GROUP	6711	e8d8e750f5afba1f6f3c35e0d41463c9172189a682619323f8694e0d816d8c42	주방기구설비공사	W_LEAF	서비스설비공사 > 주방기구설비공사 > 주방기구설비공사	PROCESS	MERGE_CONFIRMED	NOT_APPROVED
5a8671109205cef8fda5e7f8e931851f1c8a2b097e01d72eeb74977f6ec8372e	EQUIVALENCE_GROUP	672	2cd5380b46c25ebe366a610accb7c2a9896377f1679e394367c8976dc5513886	세탁장비설비공사	W_MID	서비스설비공사 > 세탁장비설비공사	PROCESS	MERGE_CONFIRMED	NOT_APPROVED
5a8671109205cef8fda5e7f8e931851f1c8a2b097e01d72eeb74977f6ec8372e	EQUIVALENCE_GROUP	6721	ea2d0584700561d86e79b8c3028c0d6f62f35082be51974a9de7d6154f257c19	세탁장비설비공사	W_LEAF	서비스설비공사 > 세탁장비설비공사 > 세탁장비설비공사	PROCESS	MERGE_CONFIRMED	NOT_APPROVED
ad47aa0b07258d93fe87f3ae34720b25b4cd41ac7e8575883b3dcc96a82d2e89	SINGLETON	6722	7f6621260d1ea567096f311d2c847a6967a4939e8976cefd3d0d8f2261ddbe3e	세탁물운반설비공사	W_LEAF	서비스설비공사 > 세탁장비설비공사 > 세탁물운반설비공사	PROCESS	ORIGINAL_KEEP	NOT_APPROVED
b04a22eac59269ecbefbb8cb7b88dbc9bb80873d12c84cd2a917409e70d1dd4b	SINGLETON	673	ae01cc81bf73108cf6f1c6bc04164e4ae50a4abe67b955fbd4df72520ec2a4c6	의료시험및시운전공사실가스공사 - - 대․중․소 분류대․중․소 분류	W_MID	서비스설비공사 > 의료시험및시운전공사실가스공사 - - 대․중․소 분류대․중․소 분류	PROCESS	ORIGINAL_KEEP	NOT_APPROVED
246dba3003df34544b7b59939c89a1aae459a17b0d356ce70df1aca64c705e94	SINGLETON	6731	7cb2326ade9287edf623cdbab66853ef91d5f82d58896f413aba3cb2d23e9208	의료시험및시운전공사실가스설비공사	W_LEAF	서비스설비공사 > 의료시험및시운전공사실가스공사 - - 대․중․소 분류대․중․소 분류 > 의료시험및시운전공사실가스설비공사	PROCESS	ORIGINAL_KEEP	NOT_APPROVED
cfb52d9ba0bc0f700de3985ceb83668d2509a94cb1154969ad48a8bea3e97ed8	SINGLETON	674	48c2c301d74c239a58e18ae8671a171cf0cb3ea06a8e1d78283f680d3f47db73	수영장및분수공사	W_MID	서비스설비공사 > 수영장및분수공사	PROCESS	ORIGINAL_KEEP	NOT_APPROVED
732907d3a0c1fb040b472b6ebe12001a621ac875f5d25d253b36b405dc501483	SINGLETON	6741	9a8ec64d9bc34d56c92504e949bc4c66f720ea87e815b8f30030b3c9ed8529b0	수영장설비공사	W_LEAF	서비스설비공사 > 수영장및분수공사 > 수영장설비공사	PROCESS	ORIGINAL_KEEP	NOT_APPROVED
d71c056d6d5f233cdedb5337ece25687b4a737f15cee2d63ef842c1cb39fd6ba	SINGLETON	6742	dde7f8d1df609e29de5c0797cf5e4700fdac5e8194ad5527e4f3b3faad09fa2f	분수설비공사	W_LEAF	서비스설비공사 > 수영장및분수공사 > 분수설비공사	PROCESS	ORIGINAL_KEEP	NOT_APPROVED
7d81cf8b2d26a6e0ba0f2ef7e48033aec988f358a830fbf0aa347c2ab286dfc2	SINGLETON	675	73792d808331f5948cd6e6870d78f2d5b2453fca6a959f57dc48723ee4d0d155	목욕탕및사우나공사	W_MID	서비스설비공사 > 목욕탕및사우나공사	PROCESS	ORIGINAL_KEEP	NOT_APPROVED
887b4a643d049f718648e5a2379818caf30299d1449571651a60243d7b2cb33c	SINGLETON	6751	48f3b18d44e0cd852ed40a17576c4b2145d32015edec7fa41b169cbf6c1bafb5	목욕탕및사우나설비공사	W_LEAF	서비스설비공사 > 목욕탕및사우나공사 > 목욕탕및사우나설비공사	PROCESS	ORIGINAL_KEEP	NOT_APPROVED
82ab83b57874d5c81a3973878defdb6122933ca317efad006efd9c4fbc920cb2	SINGLETON	676	1de525ba6d5cc585f8f683dda7547f01d358e6d630b053ad55b74ec92326c1b1	진공청소공사	W_MID	서비스설비공사 > 진공청소공사	PROCESS	ORIGINAL_KEEP	NOT_APPROVED
85d010763a4263ad7b9c88a3861a4c9481f58853a58ae435e6f1a0fd6271a344	SINGLETON	6761	2dea78dec5ccd51dd32eb15b41f9f258f47b45162b71063ff2c5bf0850ccafba	진공청소설비공사	W_LEAF	서비스설비공사 > 진공청소공사 > 진공청소설비공사	PROCESS	ORIGINAL_KEEP	NOT_APPROVED
93ae7b84189bc8304c057789df6250d445b811e96b1fcdd0f2cada5e82954ac2	SINGLETON	677	071eac55d2bb137b7a3f4181f6757925eb32146d6f95d995a722754aa61c0b31	주차장관련공사	W_MID	서비스설비공사 > 주차장관련공사	PROCESS	ORIGINAL_KEEP	NOT_APPROVED
8908831e77dee63d0fa57aeb4dd53d818cd2dbe0fc1a1f0111eb5db49a8becad	SINGLETON	6771	02ea41580f3ab1a9e6c5144ee426c66d4868abcaf331a79deb86f4d509810e6b	주차장환기설비공사	W_LEAF	서비스설비공사 > 주차장관련공사 > 주차장환기설비공사	PROCESS	ORIGINAL_KEEP	NOT_APPROVED
141f971f1d66e7652047d405e3cfc9287a177621e76a9b44b01a12b3eddd637f	SINGLETON	6772	b787f5943835d1c8ad983d1f7eb97c56cde1b1acf71fc5cc537afb646a52bd3b	주차장설비공사	W_LEAF	서비스설비공사 > 주차장관련공사 > 주차장설비공사	PROCESS	ORIGINAL_KEEP	NOT_APPROVED
f58a8c7f8ca92c6a579f31ab7bf05b33b0fec0e66bde596d422be105abde7dc6	SINGLETON	6773	9c17ea1aa0f65a4b6ab4b044a18d9875647f0dfea280fbb670ab7244eb74753e	주차관제설비공사	W_LEAF	서비스설비공사 > 주차장관련공사 > 주차관제설비공사	PROCESS	ORIGINAL_KEEP	NOT_APPROVED
acf499947d510b922fb074eaf5740e396b0a71ec8e9b0d0a6d5990d8efeeee1c	SINGLETON	678	5a62caa31c684f5b5dc0e65a90ece4c21abe02fc436fbeab1f103fa07fda7ceb	특수방진공사	W_MID	서비스설비공사 > 특수방진공사	PROCESS	ORIGINAL_KEEP	NOT_APPROVED
ea8d5e200daba9a3b6f86131fc397382b2aa6eddbc5121d9b5d25e9d27a64dfb	SINGLETON	6781	a0b04bca7616e3fea7dd92c289600dabfd77efd309f42ce609ee9d4b14c1588a	특수방진설비공사	W_LEAF	서비스설비공사 > 특수방진공사 > 특수방진설비공사	PROCESS	ORIGINAL_KEEP	NOT_APPROVED
a1fa7e1fbe536f1c9ab6d4ec21c23d7de63646b1fcb6fef70a8f387763e99bc9	SINGLETON	71	762f1fb8ee8375a528ecb09abe052a02652de5e9edea246fe666c9c0a9a2d601	발전설비공사	W_ROOT	발전설비공사	PROCESS	ORIGINAL_KEEP	NOT_APPROVED
a2dcca12379082f810e1d09456b90e781746b74cd0b48bacd72cbb2a72c431fe	SINGLETON	711	f44de62f1c5d22d6c330da1fef2f00085622b01c94be654ca5150995bd6b133c	화력발전소공사	W_MID	발전설비공사 > 화력발전소공사	PROCESS	ORIGINAL_KEEP	NOT_APPROVED
1a8a137ab604b80d1bb9b2bc6acf6e0f2508139890f6c30d6d8e4874806eb8d7	SINGLETON	7111	2010748a2cec6b89c03c764b8ffa0b16bed1294105a3991d1807a6943bded037	화력발전설비공사	W_LEAF	발전설비공사 > 화력발전소공사 > 화력발전설비공사	PROCESS	ORIGINAL_KEEP	NOT_APPROVED
8aaa758ea825b88d4d29afbb451571097b54c58dedb40a6e6e781331df8c88f0	SINGLETON	712	2f5177e22557cfa701e9287ef99180f006c428553731d706fe4d49ff54d97ae5	수력발전소공사	W_MID	발전설비공사 > 수력발전소공사	PROCESS	ORIGINAL_KEEP	NOT_APPROVED
fdd8598eda4acff821f5cc5046933fa17358c3fdcbaade8a3e09f70f5a0322e4	SINGLETON	7121	f29224fe4e92f413b43f274198e7376b690b77a530936789da55efe6f8df9891	수력발전설비공사	W_LEAF	발전설비공사 > 수력발전소공사 > 수력발전설비공사	PROCESS	ORIGINAL_KEEP	NOT_APPROVED
39e50939e38be41a255a751a8442d87e0925dea01aa0220a0c9f667b1d6bd072	SINGLETON	713	41a00a3cad5f37f21d0db75296c4d8ebf744829b8af23d82aac8210eac7f5e4a	원자력발전소공사	W_MID	발전설비공사 > 원자력발전소공사	PROCESS	ORIGINAL_KEEP	NOT_APPROVED
58993f6c88c0c1a84cc2fbadc3cdaf44a0f9d6a3b557cba817a4b0e5f8cce23b	SINGLETON	7131	c9f9e2ebff7dba2986f876707fb731cf2da1a7bae3ebb9fffe956d70d0e28a35	원자력발전시설설비공사	W_LEAF	발전설비공사 > 원자력발전소공사 > 원자력발전시설설비공사	PROCESS	ORIGINAL_KEEP	NOT_APPROVED
b7c2bc5adaed0af8e84fb7883d2bb66c21e90941249b1198899ef8f1817ef748	SINGLETON	714	a620cdc905be80d4d7bd9d73e94e622f8999d506603caaaaecbd92fc832b78b6	풍력발전소공사	W_MID	발전설비공사 > 풍력발전소공사	PROCESS	ORIGINAL_KEEP	NOT_APPROVED
a84ec68bf94bf0a8ddfeedc47ba2dfbdc2afc1e4ff6b8349879b77c2bfc71f29	SINGLETON	7141	0f00ec1bca686b5c8e5d1124ef10611fec8f1596a778fd8862cc47d2e89a9dfa	풍력발전소발전시설설비공사	W_LEAF	발전설비공사 > 풍력발전소공사 > 풍력발전소발전시설설비공사	PROCESS	ORIGINAL_KEEP	NOT_APPROVED
8e427c41a499859f488d13811e80764344c40611ad01a97d0b1eda8ed5b998a7	SINGLETON	715	45d2460ae9f539582f0cf4fce3fced39fedb11d53d63e1c19ce168c1085cef95	조력발전소공사	W_MID	발전설비공사 > 조력발전소공사	PROCESS	ORIGINAL_KEEP	NOT_APPROVED
c9c4521ff455e82e19593d46c554660ca8f03502e3b5ea8541cdc8577aac8b26	SINGLETON	7151	4e6f147d9d08e0ba6b561799ea85acde3137b0d645d80e74ab61dd8f63294960	조력발전시설설비공사	W_LEAF	발전설비공사 > 조력발전소공사 > 조력발전시설설비공사	PROCESS	ORIGINAL_KEEP	NOT_APPROVED
568be7b55676989271c734e894bdcd02232e6d9d58e6c1b95622b559bf859880	SINGLETON	716	9605feb0f6ca1d8497a455ef806bb2710cd56639eb3ba860c02a1172d94ea339	열병합발전소공사	W_MID	발전설비공사 > 열병합발전소공사	PROCESS	ORIGINAL_KEEP	NOT_APPROVED
a2db02a8170ee988d73c28ee901c368d01a177944388b5ce24d2ae692e80682b	SINGLETON	7161	d6dff1aa38aff30205611b4e5bddcd3effefdde45a695c5930a13959f4d1486d	열병합발전시설설비공사	W_LEAF	발전설비공사 > 열병합발전소공사 > 열병합발전시설설비공사	PROCESS	ORIGINAL_KEEP	NOT_APPROVED
40c11af26e5e9b1d10ad95693ef23e74354c43e4ca526b11d04f7eb29599d47f	SINGLETON	717	f188b660a283bc4a4fd2ee8154843a93340586291bbda9c051b78ee80c235e73	태양열발전설비공사	W_MID	발전설비공사 > 태양열발전설비공사	PROCESS	ORIGINAL_KEEP	NOT_APPROVED
ae7bcf5ed73c7f37b386792695a6c973c2b280b8e41971bcbcb2ef85d866ecf2	SINGLETON	7171	79a3f9baa591eefd9eef4eb9f3d66ad6e82b7cadcf8e4ec9cc05963880d1bd5b	태양열발전시설설비공사	W_LEAF	발전설비공사 > 태양열발전설비공사 > 태양열발전시설설비공사	PROCESS	ORIGINAL_KEEP	NOT_APPROVED
d28c045a9338660ab84ceaeee6a3e1dda86dd49a33133129bb062dc2d46680b1	SINGLETON	718	05ee1296271f7ae14ab293becdc9f1f556a81558b79c99fd7d2cb4444f0b034c	발전설비관련공사	W_MID	발전설비공사 > 발전설비관련공사	PROCESS	ORIGINAL_KEEP	NOT_APPROVED
3418a569eb4706551795771a87fb6567ebfbc59b826306713ffdbaa3ecf4bdcf	SINGLETON	7181	2f7ca55acf259c508948e240907e2ad4e58d6274430b9d0b1b4e0ae35c2f615c	터빈및발전기설치공사	W_LEAF	발전설비공사 > 발전설비관련공사 > 터빈및발전기설치공사	TASK	ORIGINAL_KEEP	NOT_APPROVED
884ddbdf675be7357ba307411aae6dbe156de9336cfa8a6738d5659fe223c69c	SINGLETON	7182	37ac05e0b0f5266e471481cb81673986d866b3d92784511bba9600df616992ee	복수설비설치공사	W_LEAF	발전설비공사 > 발전설비관련공사 > 복수설비설치공사	TASK	ORIGINAL_KEEP	NOT_APPROVED
ed71d9533dec298e4d7948cd99d3fb769aa7157a8e94c3bf6e53a1ed115d8040	SINGLETON	7183	629556ca5cc690eb7a10f9a55698f79f47a77fda3e347ff0203fd57f6b5c59e1	LinerPlate설치공사	W_LEAF	발전설비공사 > 발전설비관련공사 > LinerPlate설치공사	PROCESS	ORIGINAL_KEEP	NOT_APPROVED
53280542142b59179d383425dc3c0376e294312c5bfdef8b3af6e6aaa6dee067	SINGLETON	719	9144d55e67b96a2184442ee9beedd138486e9ee6ad6ebc9f6efec28f89c9b4da	기타형식분류별발전설비공사	W_MID	발전설비공사 > 기타형식분류별발전설비공사	PROCESS	ORIGINAL_KEEP	NOT_APPROVED
00714d829c039e7c5590ef71b44f6e05b3097588dbfe0b20b37b5f1cd4f8ec1a	SINGLETON	7191	21a2fe544feab31c77ac8c212a8b7dd089ae443c550e178bfd7333e68e6970ee	디젤발전기플랜트설비공사	W_LEAF	발전설비공사 > 기타형식분류별발전설비공사 > 디젤발전기플랜트설비공사	PROCESS	ORIGINAL_KEEP	NOT_APPROVED
1b0961a06fe7e07fc8286c7f8bb33f9bdd4d68b2c2ff3ea5a50d06869d06c6bd	SINGLETON	7192	bd1826872ab29bc2ce45691c0ced7237ace1ec74d3beccc88be2597035dfe572	복합발전플랜트설비공사	W_LEAF	발전설비공사 > 기타형식분류별발전설비공사 > 복합발전플랜트설비공사	PROCESS	ORIGINAL_KEEP	NOT_APPROVED
186d3be8aa0bf1be8b6f1c4bcbe9a855f21aa51479fb9eef4d79caeb6536cb52	SINGLETON	7193	c746b71950d7211bd30a90a01f87324540ee677b3c8ed9613345d7b4f80496e2	내연발전플랜트설비공사	W_LEAF	발전설비공사 > 기타형식분류별발전설비공사 > 내연발전플랜트설비공사	PROCESS	ORIGINAL_KEEP	NOT_APPROVED
3bc8a3742a25b63f58f237b909103f8850e5420cbf0681cbc724b69d34be5852	SINGLETON	7194	6d8d38674bd6aaa1e47890a39e6e1eb1e554668f367fc254f31b14650dc2e45c	기력발전플랜트설비공사	W_LEAF	발전설비공사 > 기타형식분류별발전설비공사 > 기력발전플랜트설비공사	PROCESS	ORIGINAL_KEEP	NOT_APPROVED
51eac0e33b791db42cede4366d9f9c5281e9a7e2581ea52906ed204a985bae0f	SINGLETON	7195	1bec67d6beb9035c5df9dba476437d534345102cfc1e2b58a97c9a950c7cc790	양수발전플랜트설비공사	W_LEAF	발전설비공사 > 기타형식분류별발전설비공사 > 양수발전플랜트설비공사	PROCESS	ORIGINAL_KEEP	NOT_APPROVED
9b0621059d2d4e054b330019943c9b2d53b37d09f2f6115648ed06242f26aa8d	SINGLETON	72	f6d06a62cd7a87d1aeb4aa748d2aadf456206e4da322f95fca3570301e00f714	제조설비관련공사	W_ROOT	제조설비관련공사	PROCESS	ORIGINAL_KEEP	NOT_APPROVED
0fe12e76efdcd652abd2c3542cb379df486853c054ee66f3acee520b10660e7c	SINGLETON	721	656f2a1047affa8d80c5401522f84411ed0b0204801acedf8adb54b69406a139	제철소공사	W_MID	제조설비관련공사 > 제철소공사	PROCESS	ORIGINAL_KEEP	NOT_APPROVED
573202b5fe30083bc32c90c076ecd552dc04ec3ac8b1749c34d0902a9540faab	SINGLETON	7211	a355ce2ea36e2db32965d406233dcc3a813cbf5520b7e77f8952a49b22f96086	제철설비공사	W_LEAF	제조설비관련공사 > 제철소공사 > 제철설비공사	PROCESS	ORIGINAL_KEEP	NOT_APPROVED
eed4ca91d2eebf54fd65616a1883deb0f030b5f1a097cf88488b3cd1e4d121b6	SINGLETON	73	34c9d83d2a7bb3f20d0a1b0b45c4feba353301a0f954392441a77bd07ccd3e6d	폐기물처리및대기환경설비관련공사	W_ROOT	폐기물처리및대기환경설비관련공사	PROCESS	ORIGINAL_KEEP	NOT_APPROVED
009e62c24038c1afb5353c6ad36a6f3125ceeb1acb214619341c69107aded022	EQUIVALENCE_GROUP	731	4b23e02e5c2a6714c948ccd8b5b4281a5ef5a6786b6a28850507847f8ea0cb37	쓰레기소각설비공사	W_MID	폐기물처리및대기환경설비관련공사 > 쓰레기소각설비공사	PROCESS	MERGE_CONFIRMED	NOT_APPROVED
009e62c24038c1afb5353c6ad36a6f3125ceeb1acb214619341c69107aded022	EQUIVALENCE_GROUP	7311	cec40465db152219d2a21895981260ad1ee82b9ccc743cbab1d59d4a8e72e132	쓰레기소각설비공사	W_LEAF	폐기물처리및대기환경설비관련공사 > 쓰레기소각설비공사 > 쓰레기소각설비공사	PROCESS	MERGE_CONFIRMED	NOT_APPROVED
963d897e29491a4fb7baa586dc5287b483604d5c1d168aa8127bd9ce01cb22ef	SINGLETON	732	f383739294df4aa13a6ee5e73db3e8400ce3e03090b791cc5797976b0fda8b3d	쓰레기관로이송및중계처리설비공사	W_MID	폐기물처리및대기환경설비관련공사 > 쓰레기관로이송및중계처리설비공사	PROCESS	ORIGINAL_KEEP	NOT_APPROVED
9a39c7bde11d3fd06aecbcec512e2efc39ef79eb682317ce5b1ea1a5145b159c	SINGLETON	7321	8866af3cf7af123226575c58928ff98510991393f614be7bef7acd829f18fa4b	쓰레기관로이송및중계처리시설설비공사	W_LEAF	폐기물처리및대기환경설비관련공사 > 쓰레기관로이송및중계처리설비공사 > 쓰레기관로이송및중계처리시설설비공사	PROCESS	ORIGINAL_KEEP	NOT_APPROVED
04e2576fcfc65828ea734e1c02a2e47950021599091b79ee7d78e856e56f653e	EQUIVALENCE_GROUP	733	825fafb2cb0c673e04be97f4b5951a6ee10a97422da44fabc817689fa15d0b35	폐기물처리설비공사	W_MID	폐기물처리및대기환경설비관련공사 > 폐기물처리설비공사	PROCESS	MERGE_CONFIRMED	NOT_APPROVED
04e2576fcfc65828ea734e1c02a2e47950021599091b79ee7d78e856e56f653e	EQUIVALENCE_GROUP	7331	94781565ffc96c59368401b0a8f1eac4b629cd2793f473ce3d5bfed839b48e79	폐기물처리설비공사	W_LEAF	폐기물처리및대기환경설비관련공사 > 폐기물처리설비공사 > 폐기물처리설비공사	PROCESS	MERGE_CONFIRMED	NOT_APPROVED
be68e2590a3311e369e3a7213537170faf2c86ddc093c479fe9e8facc1ff17fe	EQUIVALENCE_GROUP	734	5b2b1b50650cc366df922ba1bb6f8a8b3c7d34b465948b859afc640e34ddaee7	탈취설비공사	W_MID	폐기물처리및대기환경설비관련공사 > 탈취설비공사	PROCESS	MERGE_CONFIRMED	NOT_APPROVED
be68e2590a3311e369e3a7213537170faf2c86ddc093c479fe9e8facc1ff17fe	EQUIVALENCE_GROUP	7341	09b4f095b19bee0dd96a6b2388be770823b3880afbb8ef4071f5fd8f885a0243	탈취설비공사	W_LEAF	폐기물처리및대기환경설비관련공사 > 탈취설비공사 > 탈취설비공사	PROCESS	MERGE_CONFIRMED	NOT_APPROVED
6c2da1062cabb941946777b7381ec0ec9bd0ee98bf97ec5c2dd234d3b19b5b7d	SINGLETON	735	b6ddbe6afb37ab217d920c6f7ac39a722ed8a0367618d1b71ce16538be2aa867	탈황설비공사	W_MID	폐기물처리및대기환경설비관련공사 > 탈황설비공사	PROCESS	ORIGINAL_KEEP	NOT_APPROVED
839dc19649fb4273c6626d056fc80cdd40e7d589f4900867908edae42cb393f5	SINGLETON	7351	120e45833dd68bfe0a0f2a096de07415b6a287fb396c85b652a98dcebfc32264	Absorber&AuxSystem공사	W_LEAF	폐기물처리및대기환경설비관련공사 > 탈황설비공사 > Absorber&AuxSystem공사	PROCESS	ORIGINAL_KEEP	NOT_APPROVED
92e32d2dee1666876cca768c52709be997582e7e8091b458c797083793a6d3e4	SINGLETON	7352	5ff58b19cef349edefadfe9c0df983ff039da726b42c0d9e18e44f53aa953541	FlueGasSystem공사	W_LEAF	폐기물처리및대기환경설비관련공사 > 탈황설비공사 > FlueGasSystem공사	PROCESS	ORIGINAL_KEEP	NOT_APPROVED
873d12a3de49c9a3ae7d4050db25086216067cab7f42d8fc685e7dc7cc0cdc00	SINGLETON	7353	c0f2d4823f926142430dd009e955f955655f9f26ef84b1cfc46828df89a3fdfb	석회석운반및석회석슬러리제조설비공사	W_LEAF	폐기물처리및대기환경설비관련공사 > 탈황설비공사 > 석회석운반및석회석슬러리제조설비공사	PROCESS	ORIGINAL_KEEP	NOT_APPROVED
6f4949d80d1fadfc4dcba9a9d846d5004b7b6c90b6a41b6775522ea817108d5f	SINGLETON	7354	f87a016d266876515f49ac9ca68923652c6c19707ca2c31fe18c17c90b8eb2a5	석고탈수및취급설비공사	W_LEAF	폐기물처리및대기환경설비관련공사 > 탈황설비공사 > 석고탈수및취급설비공사	PROCESS	ORIGINAL_KEEP	NOT_APPROVED
6c21f362ece7e65e3ec6f684de5dea10fe6b6e06baa8eee79db2d1feb9d94337	SINGLETON	7355	97f82cc77e55db3c15aea0881a42738ef12cfea05adf614ea251de82747632f4	FGDAuxSystem공사	W_LEAF	폐기물처리및대기환경설비관련공사 > 탈황설비공사 > FGDAuxSystem공사	PROCESS	ORIGINAL_KEEP	NOT_APPROVED
3e480e6d1bd58bafcf3e792750f017666225871117ca38e32831b78babe7ed21	SINGLETON	736	436a3c76d106a94e55c0822dd4f0cd5a1e2a22e6cd1b15e29485b1cbc51230cd	탈질설비공사	W_MID	폐기물처리및대기환경설비관련공사 > 탈질설비공사	PROCESS	ORIGINAL_KEEP	NOT_APPROVED
3b30a9e8338674fb5c9f74f38162a2ecbf9fcf60a84d39517946a883aaf07f74	SINGLETON	7361	6651e54e29db4273183b89465b881771d8e9ac3353b00eb4274b3b02fa00413e	탈질설비기기류설치공사	W_LEAF	폐기물처리및대기환경설비관련공사 > 탈질설비공사 > 탈질설비기기류설치공사	TASK	ORIGINAL_KEEP	NOT_APPROVED
cd89aeefdc6c098061130e1078035c7ca73df57c92e44e8f80a241ba6592a94b	SINGLETON	7362	106cab555baae70f59c8235ee090a916339da35ef0fbbcc3b8ddf897e260cad5	탈질설비덕트류설치공사	W_LEAF	폐기물처리및대기환경설비관련공사 > 탈질설비공사 > 탈질설비덕트류설치공사	TASK	ORIGINAL_KEEP	NOT_APPROVED
dea1a8767ece4d0b53bad27167bf5d391d03488126c23f1e14512b88cd085108	SINGLETON	7363	919cdd59441a7b3c11483765ac5cd85ab2e6705f43639dfa5122156e6ceb34d1	탈질설비Support류설치공사	W_LEAF	폐기물처리및대기환경설비관련공사 > 탈질설비공사 > 탈질설비Support류설치공사	TASK	ORIGINAL_KEEP	NOT_APPROVED
c48a126442b60fe1ca9b87047b589a1c9ca457cce2a3e4c118ea409857fe9178	SINGLETON	737	8fb86bf35fdba98fa92cb5dc9a63dc98b726fe1ed56ad9552fd8c2f7015f7faf	전기집진기설비공사	W_MID	폐기물처리및대기환경설비관련공사 > 전기집진기설비공사	PROCESS	ORIGINAL_KEEP	NOT_APPROVED
aede2ad79f2b96eadbc125d70e762d98f5f9149060ed35b45e2f7094b07fd5bf	SINGLETON	7371	8ce6dce247da19798428af5a138224e60d64f5804bf64a0d6a28b515ef6e72ec	전기집진기설비본체설치공사	W_LEAF	폐기물처리및대기환경설비관련공사 > 전기집진기설비공사 > 전기집진기설비본체설치공사	TASK	ORIGINAL_KEEP	NOT_APPROVED
76bc52f6ae14f969d8aed49631d298ab8e349c21761f8b659fc1e006ea952a5f	SINGLETON	7372	a503de428cf11b7ee488ae6e1004761b904e16a9971ca8ba32788564db45bdf2	전기집진기설비방풍벽설치공사	W_LEAF	폐기물처리및대기환경설비관련공사 > 전기집진기설비공사 > 전기집진기설비방풍벽설치공사	TASK	ORIGINAL_KEEP	NOT_APPROVED
6dad0af0e4abb6b5647b94c7a4d9fa3159578203d0966cb036eeffa97f5f4a40	SINGLETON	7373	b339d76d06b0f6b4bd88874476e8b2ec64108591b593a73bbad45aeda5d06ed9	전기집진기설비Fan Blower류설치공사	W_LEAF	폐기물처리및대기환경설비관련공사 > 전기집진기설비공사 > 전기집진기설비Fan Blower류설치공사	TASK	ORIGINAL_KEEP	NOT_APPROVED
e5a38dbccac3816c57d99922d648edff122d0e719853a768e0fe6a716b4ca0e3	SINGLETON	7374	070311b7e6dbd0f2b786a672947f64f1dee76ef78b05928cc7a0dcb6c04c74e3	전기집진기관련부속설비설치공사	W_LEAF	폐기물처리및대기환경설비관련공사 > 전기집진기설비공사 > 전기집진기관련부속설비설치공사	TASK	ORIGINAL_KEEP	NOT_APPROVED
8d816976ae5c7a16e26a7395911f4a7a85c2a9b517b3affe7c6bab59a35fd3b1	SINGLETON	739	38b7b52286182cedbc294f78ce7d15efef646687e1a478ad7a678def459d6745	기타환경설비공사	W_MID	폐기물처리및대기환경설비관련공사 > 기타환경설비공사	PROCESS	ORIGINAL_KEEP	NOT_APPROVED
88a00cad3d890c3895d15d8a8574648f893837fc15dbf05906c10285b3f6a27e	SINGLETON	7391	f5728f3266bfcd6642c25dbe00859eb7cd0fe0489c751cc22ab81ddade3785d1	석탄취급설비공사	W_LEAF	폐기물처리및대기환경설비관련공사 > 기타환경설비공사 > 석탄취급설비공사	PROCESS	ORIGINAL_KEEP	NOT_APPROVED
7566f09b9ed2087f94f2d76f9c8c854c25aba60ac57d4301142bc7dabe1ce1e4	SINGLETON	7392	d6467a86d0d55dd30c7c649ac1bf27b1a343e70c14b48154de0bb9cc5f988f7b	회처리설비공사	W_LEAF	폐기물처리및대기환경설비관련공사 > 기타환경설비공사 > 회처리설비공사	PROCESS	ORIGINAL_KEEP	NOT_APPROVED
ec7249fb42ce187a8f3b948e9134fd7b53c29a836dc7d281c665f61deab923b7	SINGLETON	7393	e2dda610d70a15af3cfec5d41e52fedcb440b24b4b8e79e5370efe2f774ad6d4	음식물감량화설비공사	W_LEAF	폐기물처리및대기환경설비관련공사 > 기타환경설비공사 > 음식물감량화설비공사	PROCESS	ORIGINAL_KEEP	NOT_APPROVED
064c77f0388387fc7ab9132fe3344da1283bbf61141536b1db07134cf70efdf0	SINGLETON	74	c1abdd5e02130019a25e49ab07b5c1813c5745a950e876e57d259f2eea1ebb99	운송설비공사	W_ROOT	운송설비공사	PROCESS	ORIGINAL_KEEP	NOT_APPROVED
ee89c81b5167932c6a2ee28ce5d69ef4e5750b6d68de277e8c8fa4be54b9484d	EQUIVALENCE_GROUP	741	fb37f8540052d6b2cd2bf487a6b837f7047ab6d719e0d404c411c3683b39ea70	운반기계설비공사	W_MID	운송설비공사 > 운반기계설비공사	PROCESS	MERGE_CONFIRMED	NOT_APPROVED
ee89c81b5167932c6a2ee28ce5d69ef4e5750b6d68de277e8c8fa4be54b9484d	EQUIVALENCE_GROUP	7411	3a1fee75a8c13b15c88024aad71277a8bcc254ad333ea59940817792228663a1	운반기계설비공사	W_LEAF	운송설비공사 > 운반기계설비공사 > 운반기계설비공사	PROCESS	MERGE_CONFIRMED	NOT_APPROVED
e04b0bdea193e90dc8375f29fe1455c07217b68da111c911ed87de115fb32aa4	SINGLETON	742	4af4b49995e563429b90c749391977f41abdb2d25b1f6dad5997bb2b86c1dfc1	엘리베이터공사	W_MID	운송설비공사 > 엘리베이터공사	PROCESS	ORIGINAL_KEEP	NOT_APPROVED
9b7a52673419298fe57365551c6877fb823b58f43faa9c6a98f4493908965971	SINGLETON	7421	1ca3d75e54943cd2864a5e6c0d7bf1bd5e6e2f5fdfd738da64f95a2f4993b7a2	승객용엘리베이터설비공사	W_LEAF	운송설비공사 > 엘리베이터공사 > 승객용엘리베이터설비공사	PROCESS	ORIGINAL_KEEP	NOT_APPROVED
8a74e5b89a513d94b1563a8e183fe03bfe87129be0fd5ad1ad5f220075e660ee	SINGLETON	7422	0839416a170ec383412109915d9f9a0fe48945ad11b70670be538cee5034fffd	승객 운수용엘리베이터설비공사	W_LEAF	운송설비공사 > 엘리베이터공사 > 승객 운수용엘리베이터설비공사	PROCESS	ORIGINAL_KEEP	NOT_APPROVED
88aac20231e7a0c8b7c46368dc81354db3daeb6cc9cdc1c1f433fa206a1df1f3	SINGLETON	7423	1282a39f90945dfab0acb290f9cb2929360934ccde5bb796b6f0055dd96b8969	화물용엘리베이터설비공사	W_LEAF	운송설비공사 > 엘리베이터공사 > 화물용엘리베이터설비공사	PROCESS	ORIGINAL_KEEP	NOT_APPROVED
cc38efdcb70d8a894aa5471bb3ddfc5460c39d6087767e834b38a03d20e906a4	SINGLETON	7424	c6ef1f7f3d19f68d0628503e7a0e29cdb1d129ea3a015828447fd5bd54503012	차량용엘리베이터설비공사	W_LEAF	운송설비공사 > 엘리베이터공사 > 차량용엘리베이터설비공사	PROCESS	ORIGINAL_KEEP	NOT_APPROVED
6e5576075ecc093c2d513c809d61bb2707ab0b90564562c6512b8fcb32194148	SINGLETON	7425	8587adbe98712e6cedba4c2c10c66610719a7d108a345e978d903606e4e44887	비상용엘리베이터설비공사	W_LEAF	운송설비공사 > 엘리베이터공사 > 비상용엘리베이터설비공사	PROCESS	ORIGINAL_KEEP	NOT_APPROVED
3afe2acd72145c2e39d40a59120dacc733c9f5aa64af5801e05c4942f2a7facf	SINGLETON	7426	a20c6b480546baa5474a86d9ee80a2ca7f71de4a2882462d26de80af1206147d	특수용엘리베이터설비공사	W_LEAF	운송설비공사 > 엘리베이터공사 > 특수용엘리베이터설비공사	PROCESS	ORIGINAL_KEEP	NOT_APPROVED
ea3245b5faef0b7303958cb6edf84282597a4097f744cdd21ca50331f45cf375	SINGLETON	743	bab12b33bfa3abf5b9d0606516fe2ff8ddf654ec7d2475d8a33f612552f0a912	에스컬레이터및이동보행로설비공사	W_MID	운송설비공사 > 에스컬레이터및이동보행로설비공사	PROCESS	ORIGINAL_KEEP	NOT_APPROVED
4fe33214fdf94a684ad64d5c4691664580af7cadc51077616eeb9d1d436ad736	SINGLETON	7431	d0b3991dca621db64456dbd5061988826882628364bf160b4a1fb69a52b4b103	에스컬레이터설비공사	W_LEAF	운송설비공사 > 에스컬레이터및이동보행로설비공사 > 에스컬레이터설비공사	PROCESS	ORIGINAL_KEEP	NOT_APPROVED
0cdb425a3e377b8fef8b65832a2e55732b18d244bbc3cc31298f56150ea18110	SINGLETON	7432	363d98e39ee250c2882c43306c8683ff3debe78f745cbb7e2b7d23b9721c0e9c	이동보행로설비공사	W_LEAF	운송설비공사 > 에스컬레이터및이동보행로설비공사 > 이동보행로설비공사	PROCESS	ORIGINAL_KEEP	NOT_APPROVED
5e682e1a14ffa5335918ecbb9d5a443b3ab5206f71a519364d3784dbe1a927b6	SINGLETON	744	19835a9ab91df4670a71ced46de44ccfa682783eb27b12d861f36a3478614fe5	덤웨이터설비및기타운송설비공사	W_MID	운송설비공사 > 덤웨이터설비및기타운송설비공사	PROCESS	ORIGINAL_KEEP	NOT_APPROVED
364024c20fde203971b02a0cb803eba0a354f964de9e6360f8b0af55e20c9a21	SINGLETON	7441	02b91399ac6ba1d477a8f3358b6c69487342051acd0ae8e02946b57a76a23ec5	덤웨이터설비공사	W_LEAF	운송설비공사 > 덤웨이터설비및기타운송설비공사 > 덤웨이터설비공사	PROCESS	ORIGINAL_KEEP	NOT_APPROVED
4550c015794f93c550fc4a407b3d0537ebd3fde8130246cd5dfb9e0da0674984	SINGLETON	76	28b18a71e7616eeb47097efa97a782c1bfcb38502457e8f4bf7fe08b5be33e40	에너지저장및관련수송설비공사	W_ROOT	에너지저장및관련수송설비공사	PROCESS	ORIGINAL_KEEP	NOT_APPROVED
c2a3e47336f118519e2032660071a1d358d9069a7b3d4068ffd3d5198ff6ba53	SINGLETON	761	15245ee86d9f093bcc72f12589dee2b21505fdf67f16e68dc479db3702add2e4	석유비축및수송공사	W_MID	에너지저장및관련수송설비공사 > 석유비축및수송공사	PROCESS	ORIGINAL_KEEP	NOT_APPROVED
fe4ebdc254854d4150f74c4bac5ca3a3a511e1e199a67363a932b19959c0de0d	SINGLETON	7611	6b5d97c2b7827f84057d95ff36996a139a12be7264b58926c9650fd5e4a954a6	석유비축및수송시설설비공사	W_LEAF	에너지저장및관련수송설비공사 > 석유비축및수송공사 > 석유비축및수송시설설비공사	PROCESS	ORIGINAL_KEEP	NOT_APPROVED
d1a644bf206f36fbba36773f652f7da71e0611ac4f98b5fe7884bda680ddfea4	SINGLETON	762	ee1f60355c52e3d3ce0942221e3dfabd5d40af129a476e0fc1c5c6d5d7ac7d6f	LNG및원유저장공사	W_MID	에너지저장및관련수송설비공사 > LNG및원유저장공사	PROCESS	ORIGINAL_KEEP	NOT_APPROVED
6d84520c0cde5906f203cd53dcd7edacd5f1cc45e1cb05cc0d3f74c257568d1e	SINGLETON	7621	4892305bf05bcaaa4310aa53129268992ae9bd6738eb28f42ce6f9505fc98a8f	LNG및원유저장설비공사	W_LEAF	에너지저장및관련수송설비공사 > LNG및원유저장공사 > LNG및원유저장설비공사	PROCESS	ORIGINAL_KEEP	NOT_APPROVED
c129d70ee17ee7e20aba9c21cae92da3fe0fddc46001c4e36396b34ff8f1e49c	SINGLETON	763	b09dc2f34a741c9f2d3fc5b351719417ad140e97e9e1658a4ef24cb3ab714300	지역열공급공사	W_MID	에너지저장및관련수송설비공사 > 지역열공급공사	PROCESS	ORIGINAL_KEEP	NOT_APPROVED
7e6f958608008823b4dbe72a4599a7e6b7321c13e91d62e743f9fa9ab0f5d7a7	SINGLETON	7631	22daae28d8fe258e79996b3f7b97a7a49c4ab00377294050d50cecdfc9199203	지역열공급설비설비공사	W_LEAF	에너지저장및관련수송설비공사 > 지역열공급공사 > 지역열공급설비설비공사	PROCESS	ORIGINAL_KEEP	NOT_APPROVED
082742d404d587bd5bec7873781faf224ccd9811d3ee56edbfbf8e6dacc79dfc	SINGLETON	764	0a75b1bd31da5cbb77530e7590fe74e3d1ef4e6885203a6726a66c809faf21bd	도시가스공급공사	W_MID	에너지저장및관련수송설비공사 > 도시가스공급공사	PROCESS	ORIGINAL_KEEP	NOT_APPROVED
fdddc3011b2e5e91f80ad0bcb66843f5a011dd5cacda4a2ea063150604cc212e	SINGLETON	7641	fa56019106a4c05690f4359ddd2230f22235952fa9022c339a85b7956ac0dd2c	도시가스공급설비공사	W_LEAF	에너지저장및관련수송설비공사 > 도시가스공급공사 > 도시가스공급설비공사	PROCESS	ORIGINAL_KEEP	NOT_APPROVED
9ead7eca263c3ca000604b0a36fbebb288791c272bedcb2fccaa46f051ad105a	SINGLETON	765	665c7b2613f21b510959f5cfc55dbfca9da7c2494d523ed72b49a486ca6ee89b	연료처리공사	W_MID	에너지저장및관련수송설비공사 > 연료처리공사	PROCESS	ORIGINAL_KEEP	NOT_APPROVED
a682d557b6a78b6caafd2396dc6436e8ee1b59787079e5296a9e8bb5a9e71ef4	SINGLETON	7651	2003d629bd757854bd9c36311c9d2ea382f6fd1c0fe14c963da44fca2292657a	연료처리설비공사	W_LEAF	에너지저장및관련수송설비공사 > 연료처리공사 > 연료처리설비공사	PROCESS	ORIGINAL_KEEP	NOT_APPROVED
97335367b83d56f2d7376661979c49461e7243cdc2cb9da787d21f32f64db60e	SINGLETON	769	94340c156ae7d9a98e402f13c17ae5d82b8d391eb2ae7114bcf03ead86d91030	기타에너지원공사	W_MID	에너지저장및관련수송설비공사 > 기타에너지원공사	PROCESS	ORIGINAL_KEEP	NOT_APPROVED
03d0ce13703e243cff19322fe0df26962d243d37dea0f0bc2d7522a0544a10ab	SINGLETON	81	53af066f3a797d4904997d780d2856e492245f7d79b17128fc62aa896f845472	전기 자동제어 계장 신호 통신공통공사	W_ROOT	전기 자동제어 계장 신호 통신공통공사	PROCESS	ORIGINAL_KEEP	NOT_APPROVED
85186bfd8bcaa78e820ac5ddedf2c656d531931ecafbec8900ef596cc28ae9ee	EQUIVALENCE_GROUP	811	eb373e4c48626a09e8c60615e188fa454646ebab3d7a2223091b86d47120f673	배관․전로공사	W_MID	전기 자동제어 계장 신호 통신공통공사 > 배관․전로공사	PROCESS	MERGE_CONFIRMED	NOT_APPROVED
85186bfd8bcaa78e820ac5ddedf2c656d531931ecafbec8900ef596cc28ae9ee	EQUIVALENCE_GROUP	8111	fc1791cf8f9288e0e7688654ab3d0d54d1968493d1ec1895e37714ad36384a49	배관및전로공사	W_LEAF	전기 자동제어 계장 신호 통신공통공사 > 배관․전로공사 > 배관및전로공사	PROCESS	MERGE_CONFIRMED	NOT_APPROVED
8d001bee4680940152af6429b4c5f3827cfce258485b1683294cbe4bb94cdf1d	EQUIVALENCE_GROUP	812	e066088663d01d820767c3f0971b34fad3f3e906d1fc5237d06f74f293fb3ac2	배선․가선공사	W_MID	전기 자동제어 계장 신호 통신공통공사 > 배선․가선공사	PROCESS	MERGE_CONFIRMED	NOT_APPROVED
8d001bee4680940152af6429b4c5f3827cfce258485b1683294cbe4bb94cdf1d	EQUIVALENCE_GROUP	8121	a92103b18447566c3e183956eb3489d8ac77a133025815449d9c425230a77411	배선및가선공사	W_LEAF	전기 자동제어 계장 신호 통신공통공사 > 배선․가선공사 > 배선및가선공사	PROCESS	MERGE_CONFIRMED	NOT_APPROVED
7a665c11748c42341077fd9afd02a35c4c5393995913074b384079703b592772	SINGLETON	813	8c88a6f86a2403407b71f3a17e880cea315be44a771da4530f53a064d30faba5	전기․통신공사관련기타공통공사	W_MID	전기 자동제어 계장 신호 통신공통공사 > 전기․통신공사관련기타공통공사	PROCESS	ORIGINAL_KEEP	NOT_APPROVED
96dc6b9da041456d3d0bea04bafc870c51d62871c14f0bc548d407e3c336726c	SINGLETON	8131	e84cfba9c370322288a0c48ca5a6ad6fcfed92226a1f4798a9b16c24c62238dd	전기․통신공사관련건설및연관공사	W_LEAF	전기 자동제어 계장 신호 통신공통공사 > 전기․통신공사관련기타공통공사 > 전기․통신공사관련건설및연관공사	PROCESS	ORIGINAL_KEEP	NOT_APPROVED
528de8efb0840c315f168b4ffea153ef7887ca9961642a62b55df059af47d1aa	SINGLETON	8132	c7816f61934e826c09560636a37b97c4349808747530b895bdf2b78f95639123	전기․통신공사관련철물류연관공사	W_LEAF	전기 자동제어 계장 신호 통신공통공사 > 전기․통신공사관련기타공통공사 > 전기․통신공사관련철물류연관공사	PROCESS	ORIGINAL_KEEP	NOT_APPROVED
655eb6ff819d7c70b48dea965d976609af6d46bd97a4661de19acf6862a53edc	SINGLETON	8134	baac6dd0450bf7469cc748143b73bc1cd880002c185c462a33636a6d8b45bed8	전기․통신공사관련도장및방청공사	W_LEAF	전기 자동제어 계장 신호 통신공통공사 > 전기․통신공사관련기타공통공사 > 전기․통신공사관련도장및방청공사	TASK	ORIGINAL_KEEP	NOT_APPROVED
87fa53f9401d9b7c7720ef7da477dadd283d8362a38e4a5f37f5d2e5fdaf5ac4	SINGLETON	82	beabb0cb7a799ec28dcfa7892aeb3703c5de28a59269dccece65cd98efbcd152	송배전․발 수변전전기공사	W_ROOT	송배전․발 수변전전기공사	PROCESS	ORIGINAL_KEEP	NOT_APPROVED
7cf0e55fc5775e6c8c2904e17fe2f2fb1effd811daa301fed9bf80a8191795bb	EQUIVALENCE_GROUP	821	cdd59d0734b914f44b5e6cb52823916adb204ac8c117ecfc2656b8261f512d03	송전설비공사	W_MID	송배전․발 수변전전기공사 > 송전설비공사	PROCESS	MERGE_CONFIRMED	NOT_APPROVED
f5319c82511cab99f9e479579e9e5e721ad9f4d0fb2bd25b788f0e67f1e47541	SINGLETON	8211	92bbd2af3c28162f14b1db75adb1955d9e8665ef31df0bcb5ed0a8e3dacd0c47	송전설비별설치공사	W_LEAF	송배전․발 수변전전기공사 > 송전설비공사 > 송전설비별설치공사	PROCESS	ORIGINAL_KEEP	NOT_APPROVED
7cf0e55fc5775e6c8c2904e17fe2f2fb1effd811daa301fed9bf80a8191795bb	EQUIVALENCE_GROUP	8212	19a7a1e05e47a7fde52307c40e1823fed170c77936c99df5c476bb3c07be426f	송전설비공사	W_LEAF	송배전․발 수변전전기공사 > 송전설비공사 > 송전설비공사	PROCESS	MERGE_CONFIRMED	NOT_APPROVED
2337a9fc8be1675e79588fcde679eab1aba3ca8cc1088817afd912b0beffdc50	EQUIVALENCE_GROUP	822	229db50c74c354e18b6457206c64fb830f0d02fa46e3b2ae916af1743d349b31	배전설비공사	W_MID	송배전․발 수변전전기공사 > 배전설비공사	PROCESS	MERGE_CONFIRMED	NOT_APPROVED
a8caecc447913aa89a4d072903f94dc230ecf34cd0a1d6b3cfb9fd9f88862406	SINGLETON	8221	89e3a10d980b8cd599898359d56483f34c1127bbc1cfa61e1c2842768b4d1e9d	배전설비별기기류설치공사	W_LEAF	송배전․발 수변전전기공사 > 배전설비공사 > 배전설비별기기류설치공사	TASK	ORIGINAL_KEEP	NOT_APPROVED
2337a9fc8be1675e79588fcde679eab1aba3ca8cc1088817afd912b0beffdc50	EQUIVALENCE_GROUP	8222	c13f0ded5641a6a99546143694798aa30b64ee43952ea0b9179e2c6c3adc3f2a	배전설비공사	W_LEAF	송배전․발 수변전전기공사 > 배전설비공사 > 배전설비공사	PROCESS	MERGE_CONFIRMED	NOT_APPROVED
9c5d076acd3550d07d3b8d5e161a39d20bc03992a7d1c3a04b07f92d854efb99	SINGLETON	823	6be93d3ad3002cb4ce7ef44904d836f82093578a4d4868b73678039340687dee	발전 수변전관련전기설비공사	W_MID	송배전․발 수변전전기공사 > 발전 수변전관련전기설비공사	PROCESS	ORIGINAL_KEEP	NOT_APPROVED
86ffb68a39d675b493858a29b00039d3fae64664c0109489755514026b9dfca5	SINGLETON	8231	166fcc28daca592d7f0f79de969c032c3bf11e2066c7668ad8fbe8010db6f7cc	GIS공사	W_LEAF	송배전․발 수변전전기공사 > 발전 수변전관련전기설비공사 > GIS공사	PROCESS	ORIGINAL_KEEP	NOT_APPROVED
fbc4319f189d188315154cac4955eb20fbfd36586f627182fb6839e38aa826fb	SINGLETON	8232	1de22f803705b2abd0549e2aa09f0b977dd7aaa2ded551ab74506923e40db7e6	변전설비공사	W_LEAF	송배전․발 수변전전기공사 > 발전 수변전관련전기설비공사 > 변전설비공사	PROCESS	ORIGINAL_KEEP	NOT_APPROVED
5b0c491d79c2961252f6cfaed81d9afdb1365e7369383218272c848c6e28b393	SINGLETON	8233	dccca62fdaa57b704badd5a5a74f3842d2f758612bb151501ee1b95375166844	큐비클및차단설비공사	W_LEAF	송배전․발 수변전전기공사 > 발전 수변전관련전기설비공사 > 큐비클및차단설비공사	PROCESS	ORIGINAL_KEEP	NOT_APPROVED
a130e3893ef000004cc018294024d19d6bcf57e944e45dc9a85f0eaa66a0a8dd	SINGLETON	8234	758b5f758f684aa5a8d6ffd5ffb1a982fdb1104305204cf6beb35d16e6b93084	조상설비공사	W_LEAF	송배전․발 수변전전기공사 > 발전 수변전관련전기설비공사 > 조상설비공사	PROCESS	ORIGINAL_KEEP	NOT_APPROVED
003eaf9dda9402b198884bef6cce22c05f84422ba4dee38f5d0231aa6efe9320	SINGLETON	8235	2fd5cffea1cdf131e51bd662175f1c84b2d3ec75c28d6d57febd00241fe09bd2	모선공사	W_LEAF	송배전․발 수변전전기공사 > 발전 수변전관련전기설비공사 > 모선공사	PROCESS	ORIGINAL_KEEP	NOT_APPROVED
b669d98511f7e2bfb1e96b16e62a697004f651f201a3cd3c2024d12c39d44efc	SINGLETON	824	8efe85224fa8febf6011f7df0bc00f194e59fb54a71a290307c6cb20d0f4f4dc	전차선로공사	W_MID	송배전․발 수변전전기공사 > 전차선로공사	PROCESS	ORIGINAL_KEEP	NOT_APPROVED
2eaabb1951fc91282f26c775f3332ed994097e03277f8b60c12e4d3aa1ba7ffc	SINGLETON	8241	f656d3f9d601f6b637426af23a11034e533713660a614f819f0d03a8be87c71a	카테나리전차선공사	W_LEAF	송배전․발 수변전전기공사 > 전차선로공사 > 카테나리전차선공사	PROCESS	ORIGINAL_KEEP	NOT_APPROVED
d7544679e250b7429eb5db32d71abedb793a51f521e0c521c48dcce17a80b471	SINGLETON	8242	f8c80d135eb63a976d172625960ba117db73e319aa4e7e7c323cc290a8bd7ab6	강체전차선공사	W_LEAF	송배전․발 수변전전기공사 > 전차선로공사 > 강체전차선공사	PROCESS	ORIGINAL_KEEP	NOT_APPROVED
bb852d3b868968a790e5faeaa029a52b75470c19cdadbc3efa7b19e185368a67	SINGLETON	825	6657f500b9d1bfe59b90e693c9d3fabc9d494f04b2f72d9ec0ff1560bc83fc17	기타전기설비공사	W_MID	송배전․발 수변전전기공사 > 기타전기설비공사	PROCESS	MERGE_KEEP_SEPARATE	NOT_APPROVED
043b3ffe3d31e04feab3c5b053abe66ec7abd652ce16356687d70bd14e47f448	SINGLETON	8251	d63a44b7ddef4d991c7762643aa0ead16a065fb842511c8f5771cffac8c91ff5	무정전공사	W_LEAF	송배전․발 수변전전기공사 > 기타전기설비공사 > 무정전공사	PROCESS	ORIGINAL_KEEP	NOT_APPROVED
17a9c93d75cc36267bd10b578af84023fe23084d6d75b2637ab064f444560119	SINGLETON	8252	5ece5f6bab2a6e29b0af110512ed4d3328dc52f9f7b676531c8f913a8464ef06	전동기설치공사	W_LEAF	송배전․발 수변전전기공사 > 기타전기설비공사 > 전동기설치공사	TASK	ORIGINAL_KEEP	NOT_APPROVED
324a6174194830c28313ed55db68d5b1b90bfec20a53637f8cf0bb36595ab486	SINGLETON	83	a4d83d0132a55ce6f42d404136ca2c10c43e92a37f1be8a2355417e8a0879cba	전력부하설비공사	W_ROOT	전력부하설비공사	PROCESS	ORIGINAL_KEEP	NOT_APPROVED
8e6387c64572741f15f24bc48ad45f364b3368e7d8ae29785b313cef52c7654b	EQUIVALENCE_GROUP	831	a3535fa6836e0e8e66cd0b9b64611148cf9b2c72b48a554d16d2301b942d74dd	배전설비공사	W_MID	전력부하설비공사 > 배전설비공사	PROCESS	MERGE_CONFIRMED	NOT_APPROVED
8e6387c64572741f15f24bc48ad45f364b3368e7d8ae29785b313cef52c7654b	EQUIVALENCE_GROUP	8311	73d311c8d9d65139be81ac55e8cf8a4a6237baf090c49709d93b57caacae7c89	배전설비공사	W_LEAF	전력부하설비공사 > 배전설비공사 > 배전설비공사	PROCESS	MERGE_CONFIRMED	NOT_APPROVED
30c5c5b7582a14cbbfd22cf36f874b71b3c0631edbf44c07f05d4e6702817359	SINGLETON	832	854fa5b53545512ba374b9ebb97d1ca0bdeb3b9b80931f82963e27f22c1b815b	조명설비공사	W_MID	전력부하설비공사 > 조명설비공사	PROCESS	ORIGINAL_KEEP	NOT_APPROVED
9639d7971467192f06fc113457fe21511cf98a21d427338a166c1a87f3c9f8a3	SINGLETON	8321	37c282a28c5541a278714a907f7aea0ef259b6e158aa0cb3250461dec6414d19	옥내조명설비공사	W_LEAF	전력부하설비공사 > 조명설비공사 > 옥내조명설비공사	PROCESS	ORIGINAL_KEEP	NOT_APPROVED
94dbd39d0a661ec285ae502b113f412ab676095281f9088ccbddb124dbc218c0	SINGLETON	8322	975bcc51bb78ae090af06fe7dd975dcb9cd3a31eddaa587ba4ea81cd5466e470	옥외조명설비공사	W_LEAF	전력부하설비공사 > 조명설비공사 > 옥외조명설비공사	PROCESS	ORIGINAL_KEEP	NOT_APPROVED
eccaf9e55638127a8af8f2c0a01b6995a43f3084a4d0f4803a96ada4ffb79e48	SINGLETON	8323	d142e7057314400d181d4305e42aabea275f0ac94a07ce992b433864421d3e09	비상조명설비공사	W_LEAF	전력부하설비공사 > 조명설비공사 > 비상조명설비공사	PROCESS	ORIGINAL_KEEP	NOT_APPROVED
bd96ea245dcd0d67f943bb72c5d3cee7c47acdcfa8ccbdb4a6d6ed7d7c5afcf3	SINGLETON	8324	ba2b583adfacebc91e2236f90891c4f6e8bfaf4dd9703a054ebce5c6f7633dca	특수조명설비공사	W_LEAF	전력부하설비공사 > 조명설비공사 > 특수조명설비공사	PROCESS	ORIGINAL_KEEP	NOT_APPROVED
49c4e35e62f053db17c69cb10cd3c568cf26fe18d5ce579d0e78ce4391f2359e	SINGLETON	833	ab96dbee39ecdd4a314884035c4e36fbc1b21fbbe49ea344f7c838262ddbb2ce	동력설비공사	W_MID	전력부하설비공사 > 동력설비공사	PROCESS	ORIGINAL_KEEP	NOT_APPROVED
453ca95f3e1c221aea9b4485a913a0983c2da8724d7a8628a06658bcfd70753c	SINGLETON	8331	edce19be9876a84590bf0c4d27675643731499d22fee09ec5b00403ae90462fc	동력용전동기설치공사	W_LEAF	전력부하설비공사 > 동력설비공사 > 동력용전동기설치공사	TASK	ORIGINAL_KEEP	NOT_APPROVED
4187315acccc49bae2cb4f58816c58adeed189853b1a963e41cc99582cf21b0c	SINGLETON	8332	fc58c0bb7428efa30ed4078fed352e366fc5ee971d55d9dd6b512bb2d20db56b	구내동력설비공사	W_LEAF	전력부하설비공사 > 동력설비공사 > 구내동력설비공사	PROCESS	ORIGINAL_KEEP	NOT_APPROVED
7dd1d5417300cf8a30f396885c09c9bdbc9355450ce458fbbd02f4de3cd7c641	EQUIVALENCE_GROUP	834	be3f8539a8d95a286eddcc524bd4392df0ff4652858972562bfbe6ee74ec5a15	예비전원설비공사	W_MID	전력부하설비공사 > 예비전원설비공사	PROCESS	MERGE_CONFIRMED	NOT_APPROVED
7dd1d5417300cf8a30f396885c09c9bdbc9355450ce458fbbd02f4de3cd7c641	EQUIVALENCE_GROUP	8341	8ed4f3afe76dd597985658f4c424b8d19d3e1cff2d987be1ce622cd26a019915	예비전원설비공사	W_LEAF	전력부하설비공사 > 예비전원설비공사 > 예비전원설비공사	PROCESS	MERGE_CONFIRMED	NOT_APPROVED
db6bafcb5396a619ac639b6b4871b38bfd9450a31c31a9a46bbc731f09998c99	SINGLETON	84	4d8b86b98fef2c0c27b9d3d58f82e190d3ce956b3d8cfcdd5f01c80cb11fe7d5	정보 통신설비공사	W_ROOT	정보 통신설비공사	PROCESS	ORIGINAL_KEEP	NOT_APPROVED
c2114d3b4146e11a00f569e871b06ceb8dc9419fc3f9909eb3fee63241c61aa7	SINGLETON	841	c7a991f693020fb5bd87ff059d5bae3922d0269945a22a25e47998da14207cc9	통신관련설비공사	W_MID	정보 통신설비공사 > 통신관련설비공사	PROCESS	ORIGINAL_KEEP	NOT_APPROVED
00b255c9bdbf635478d8a44a6e2afaeb6020be10a9b73976fb3c459b903795d9	SINGLETON	8411	d7c8d5c3be8f32af5ec3287fe74208415bfca1be256128d12c69bb3c683d7bdd	통신구조물및기타보조기기류설치공사	W_LEAF	정보 통신설비공사 > 통신관련설비공사 > 통신구조물및기타보조기기류설치공사	PROCESS	ORIGINAL_KEEP	NOT_APPROVED
8da91d7b42ed495727ee36b4fb2f04b0716b798136eebc272c12941d475071bc	SINGLETON	842	53ddd31d7302355c7cf9b566037eb9a13b83cfc493cc7aa0a8ae1378a904e0bb	각종표시및정보전달설비공사	W_MID	정보 통신설비공사 > 각종표시및정보전달설비공사	PROCESS	ORIGINAL_KEEP	NOT_APPROVED
3e7c67efdbb7152cd11ec523a6bc363de9eceef4946d5664e23c530dd4222e9e	SINGLETON	8421	2434df51e1dcbddff620aaca635236cb36f6d3ac3c91d7711bf6be1337142212	표시설비공사	W_LEAF	정보 통신설비공사 > 각종표시및정보전달설비공사 > 표시설비공사	PROCESS	ORIGINAL_KEEP	NOT_APPROVED
aabd22132b845daa0eb0b2e58111475d04d53f6ba847cb3b267950eac5686a71	SINGLETON	8422	fd0f4a3c9fbb3a38bb9afefa6c541a906f2cb1e8a7193eb35d7e30061f7684bd	시계설비공사	W_LEAF	정보 통신설비공사 > 각종표시및정보전달설비공사 > 시계설비공사	PROCESS	ORIGINAL_KEEP	NOT_APPROVED
dff26e746a25e20aef246119a77c0b0bc445a522b50883ab1fadec33d82fe86d	SINGLETON	8423	edfc3d308e7146b9d7cbd3de1061256ddd12dc3defa80da7318626565a7234a7	시보설비공사	W_LEAF	정보 통신설비공사 > 각종표시및정보전달설비공사 > 시보설비공사	PROCESS	ORIGINAL_KEEP	NOT_APPROVED
cf6602706da46ce6239cc2d28d0257bf2ea62aa092f0326b2e1409ff8b23e502	SINGLETON	8424	a79fe2f1eec13552c38191d85cae41195834190dff465c23b0e72e46c349813c	확성설비공사	W_LEAF	정보 통신설비공사 > 각종표시및정보전달설비공사 > 확성설비공사	PROCESS	ORIGINAL_KEEP	NOT_APPROVED
16f5e42849b77306ed2922adf4c9bae35b6849bdb7b497098cc7ee5532e585cd	SINGLETON	8425	5bfca01296d99189a58c9c7ca8d783bc5ec420b019055d0ef0245062bc6c0e55	동시통역설비공사	W_LEAF	정보 통신설비공사 > 각종표시및정보전달설비공사 > 동시통역설비공사	PROCESS	ORIGINAL_KEEP	NOT_APPROVED
fd90a2258372539070e5c4d06e5daffb0d65f1d72c4db6f0b2a9cc04d473c76c	SINGLETON	843	e6bcc4cbb4ceda9aea918a6026a08b79290c6c9de119fb0d75e09b2b6e6823e2	방송수신설비공사	W_MID	정보 통신설비공사 > 방송수신설비공사	PROCESS	ORIGINAL_KEEP	NOT_APPROVED
cf2c9a0f9b8acc3da94b43d1099f39b7cee4fcf8d0bfbe648a377d0caf244a5b	SINGLETON	8431	ce0171deabd8293ae1a0d0a9c0abe36dbd9458423c5b59cbf5115cc7b45c857c	라디오공청설비공사	W_LEAF	정보 통신설비공사 > 방송수신설비공사 > 라디오공청설비공사	PROCESS	ORIGINAL_KEEP	NOT_APPROVED
c42e0dfcad1a0d9cb026e4ab029682c0eda733663d350eab261cf16b366a0b15	SINGLETON	8432	29cf63f9d74bf8d7538259bcdf4ecacf2f9056dbdee986ae7141a2e0a810172e	TV공청설비공사	W_LEAF	정보 통신설비공사 > 방송수신설비공사 > TV공청설비공사	PROCESS	ORIGINAL_KEEP	NOT_APPROVED
16c1ccdac27ec92c8c4395825a0e62d82d789259e804956f0eefa238d7aad8e3	SINGLETON	8433	69ecc18556b0194ad5ec467cbbd8727322627077fca09c6afc32ab89dd06b2c0	유선방송설비공사	W_LEAF	정보 통신설비공사 > 방송수신설비공사 > 유선방송설비공사	PROCESS	ORIGINAL_KEEP	NOT_APPROVED
6475b171fcff512335d59146d1d2e8acfaa9bc40e6118db0b303c5bd2e17002d	SINGLETON	8434	3e3c3c0be238fb308dd565312fa8017d4abbc5f75af548a64ed60d0358a8d0fa	위성방송설비공사	W_LEAF	정보 통신설비공사 > 방송수신설비공사 > 위성방송설비공사	PROCESS	ORIGINAL_KEEP	NOT_APPROVED
f2996f6bafd81f257eb5bb413e1d97fc2d7ef6be46a6c1255c1d8d956c03d4cb	SINGLETON	844	9b62962cc6c301366b6ca7bdf2729751f2f167781eb05e88e7dc428f5e520ef3	방송관련설비공사	W_MID	정보 통신설비공사 > 방송관련설비공사	PROCESS	ORIGINAL_KEEP	NOT_APPROVED
9047a22f35be556fd0fb2e10ae4b19358c2f2cdbafad6fd5bf69b0325b78f376	SINGLETON	8441	41ab77db26ccc76940ac535321ec40f2612d8603b7da6beeff2ef13f24379ca2	방송설비공사	W_LEAF	정보 통신설비공사 > 방송관련설비공사 > 방송설비공사	PROCESS	ORIGINAL_KEEP	NOT_APPROVED
04231490c811112bfa29c7d4e4cbf080a670678d9274cc503da398283540555e	SINGLETON	845	941847a9e1364a3428a4a685dfcbb7428e79b5544a8d6ffea5dc3c32d53a4198	각종통신설비공사	W_MID	정보 통신설비공사 > 각종통신설비공사	PROCESS	ORIGINAL_KEEP	NOT_APPROVED
87c3b7ef08274dbdfc8665bd10be51ead22a447654795546d7c4c54d0a0f128d	SINGLETON	8451	aead8c46cbaf20eae44ad7442e6e0c23843026dbb7bba69dc9709e6c2af15706	유선통신망설비공사	W_LEAF	정보 통신설비공사 > 각종통신설비공사 > 유선통신망설비공사	PROCESS	ORIGINAL_KEEP	NOT_APPROVED
a34c5c2ea5ca05f69d23329fb0286a70e9477e90844001d868313a3c6e7bcbc0	SINGLETON	8452	0429367f4c1cdc5c4dcf9ceaecbea410c39e06945c761317950f922737f672bf	무선통신설비공사	W_LEAF	정보 통신설비공사 > 각종통신설비공사 > 무선통신설비공사	PROCESS	ORIGINAL_KEEP	NOT_APPROVED
94a9dd9c23196c6b60f5e22b9d7abec4c68f8c467149fa9c91b138ce683130e2	SINGLETON	846	53401edd9873f2798c4e1ce22b0449a3881829b7d89217d9579f25672b458331	기타정보설비공사	W_MID	정보 통신설비공사 > 기타정보설비공사	PROCESS	ORIGINAL_KEEP	NOT_APPROVED
643565f1fa4e5de498564b5eb8beacd847bb612f47d8698e235398e02e657ee5	SINGLETON	8461	e5d3cf1d76c51d9cfb70244aaf0bb3b0d72074782f25c2632b6312b4403fa3a7	도시철도자동요금수납설비공사	W_LEAF	정보 통신설비공사 > 기타정보설비공사 > 도시철도자동요금수납설비공사	PROCESS	ORIGINAL_KEEP	NOT_APPROVED
82fed8bc2b4eacf8efe1551ff78dade04d8895e4c480c8e60ded2642421090eb	SINGLETON	8462	2113ada52e00e045b18c1664dfd49f591e9f5b040800537fceac0f5c4fd78d59	건물자동화통신설비공사	W_LEAF	정보 통신설비공사 > 기타정보설비공사 > 건물자동화통신설비공사	PROCESS	ORIGINAL_KEEP	NOT_APPROVED
b59966443fb70448f3661026bd31185fd70c3474ea022bbae3de0f15d2cf1603	SINGLETON	8463	f563136b48700ca442e4ada4a87ddb82455f342f15940c5b95c3ce7528fd3a83	원격검침설비공사	W_LEAF	정보 통신설비공사 > 기타정보설비공사 > 원격검침설비공사	PROCESS	ORIGINAL_KEEP	NOT_APPROVED
07d7c21945459092bbedab343d46779dae0e304fd054608896eace638286e5fd	SINGLETON	85	a7a149d6f8244e030864f04150559efd8866e5596b1b57b5068270abf2f9ff28	방재전기설비공사	W_ROOT	방재전기설비공사	PROCESS	ORIGINAL_KEEP	NOT_APPROVED
f9ca32ca030b7a7fdf1e1d0d815a9a452344402b5b9c2c6900d619510def900a	SINGLETON	851	953e851d81455017e506267d2cf06cfd6a3e0eb69ba427cc778666155e9f7c45	소방전기설비공사	W_MID	방재전기설비공사 > 소방전기설비공사	PROCESS	ORIGINAL_KEEP	NOT_APPROVED
0987fc089c9d75012c90c96e2a69726bffb05c3751587576154026973f879f0d	SINGLETON	8511	1dfd86267b8c84ce966f7f303af4a6c2eefb9eba3ecffb6d8ff28748200450c4	자동화재탐지설비공사	W_LEAF	방재전기설비공사 > 소방전기설비공사 > 자동화재탐지설비공사	PROCESS	ORIGINAL_KEEP	NOT_APPROVED
4e9f51f3fd7b769c2791495d1f1b9c265aae50ebfd9b385d4532d125836c849a	SINGLETON	8512	7f83e3e3d09b9193adb4d2c0bb2d076d20be2cdf9cfbc2b057c43b4dd0f3900d	자동화재속보설비공사	W_LEAF	방재전기설비공사 > 소방전기설비공사 > 자동화재속보설비공사	PROCESS	ORIGINAL_KEEP	NOT_APPROVED
53dd3cd0b4663f1e0bf4e6a333f44c21d7502d90b94cce5a2df8b855be49295e	SINGLETON	8513	9ebb1595981835976a0d0b3b29eac25a6839624d52dd7bb3796a0c2c7ed0913a	자동화재경보기설비공사	W_LEAF	방재전기설비공사 > 소방전기설비공사 > 자동화재경보기설비공사	PROCESS	ORIGINAL_KEEP	NOT_APPROVED
242c829e4ef589a7c4b3f2485ed9749b06b4406f5e244dbb81f3556139e5c57a	SINGLETON	8514	ff8ce5b757eac07ab5b004bccb5f14781a079dda59295a40783aef09211e892c	누전경보기설비공사	W_LEAF	방재전기설비공사 > 소방전기설비공사 > 누전경보기설비공사	PROCESS	ORIGINAL_KEEP	NOT_APPROVED
b049b96acab99c4df484fca742929b86b432532fef97d66025f4dd949260a5c2	SINGLETON	8515	52a7e7c9836d7b7b4a3725dbcde56d39f2e95170faf3014752fcbbfc54803a12	비상경보설비및비상방송설비공사	W_LEAF	방재전기설비공사 > 소방전기설비공사 > 비상경보설비및비상방송설비공사	PROCESS	ORIGINAL_KEEP	NOT_APPROVED
25b9b9849245abb1c0934b542f6d0540e91c9802cfa4097e903c64119c86bf17	SINGLETON	8516	3748d6e2830b08bf89f60a23ac66a012785ca0e948cebdcc0d47e1889bd36269	유도등및유도표지설비공사	W_LEAF	방재전기설비공사 > 소방전기설비공사 > 유도등및유도표지설비공사	PROCESS	ORIGINAL_KEEP	NOT_APPROVED
e25c6f4fdba97917d1a8ae02f9298a4df162ffd96b343166dfa8376ea7e84151	SINGLETON	8517	e393bce401a07a5cf1e156ead9f480bf4d3a7511a07e43edf67117f0402c9dd6	무선통신보조설비공사	W_LEAF	방재전기설비공사 > 소방전기설비공사 > 무선통신보조설비공사	PROCESS	ORIGINAL_KEEP	NOT_APPROVED
251a7c36a4536629d6b74e12539bb04d2f44c4e1fd97b8ade5ddcf71c1d27eb7	SINGLETON	8518	6e60d30f13b6d00b3a0954119888ccc5a593b7a44ef98bb26882994686340fc3	소방전기설비개별기기설치공사	W_LEAF	방재전기설비공사 > 소방전기설비공사 > 소방전기설비개별기기설치공사	TASK	ORIGINAL_KEEP	NOT_APPROVED
c9c24e10dd9da5cc97f2759cb026e93a4fcdf6d9824dc3d76e9769c3ecf10552	SINGLETON	852	9c91faf51f3b634b62a8856c256d8167ed264c758ba46c9f269e5f848339e2cd	보안전기설비공사	W_MID	방재전기설비공사 > 보안전기설비공사	PROCESS	ORIGINAL_KEEP	NOT_APPROVED
3ff2558c80cffa3a008da6353c2dd9b22c1d0135d687d77b1b3d7da44da2e210	SINGLETON	8521	146e8f9ad366a2c5bb1a98351e2a971fa8fadc6347523cc75353c50eafbd8826	감시카메라설비공사	W_LEAF	방재전기설비공사 > 보안전기설비공사 > 감시카메라설비공사	PROCESS	ORIGINAL_KEEP	NOT_APPROVED
2a5b98b79e359150f55814424a3f0134818c793a353577f008dc17ad6ebfbb4e	SINGLETON	8522	84ac4a84def64fa4904298702100b3caf719fa04601506ff3ad646ddf1d50c5d	방범설비공사	W_LEAF	방재전기설비공사 > 보안전기설비공사 > 방범설비공사	PROCESS	ORIGINAL_KEEP	NOT_APPROVED
78e7b7ef18b0b9c62ea2cd8a2004514774ae0432271adf024c5ab70f97370fd7	SINGLETON	8523	f3f213ae8d8705854fcc23424e6eed714bc7c7511b8f9386cf0b1616ff57eb43	입퇴실관리설비공사	W_LEAF	방재전기설비공사 > 보안전기설비공사 > 입퇴실관리설비공사	PROCESS	ORIGINAL_KEEP	NOT_APPROVED
97ae6dbb7b94a38810c359dc83a9e0600e88c972c2fb79369582072e6c0829ec	SINGLETON	853	85e48856b0571e3583d2c692e49953b63a10af3d8ac094e1c839a3479d78660c	피뢰및접지설비공사	W_MID	방재전기설비공사 > 피뢰및접지설비공사	PROCESS	ORIGINAL_KEEP	NOT_APPROVED
0295a021468c0e508ae9dc756be46b4ca710d24af753e3fe314873eed255570c	SINGLETON	8531	952b0c2e3ca2af5441c096b8f178546f86193f1ff8b924c425e726868d184d67	피뢰설비공사	W_LEAF	방재전기설비공사 > 피뢰및접지설비공사 > 피뢰설비공사	PROCESS	ORIGINAL_KEEP	NOT_APPROVED
47de21d638c3c0d55e1fa9ee70f4839ba86f53c8c933ba0588dfe7c7711cbbb0	SINGLETON	8532	c16516ac8f8ddcf8329082135b7a39c7e28340b1c0e0f112bdfd162abd40da5b	접지설비공사	W_LEAF	방재전기설비공사 > 피뢰및접지설비공사 > 접지설비공사	PROCESS	ORIGINAL_KEEP	NOT_APPROVED
d97ce3648147edb7473401bdc2a36fa8984edc839290ab03cf91ab78fad2d1bf	EQUIVALENCE_GROUP	854	96527325df7971e7f4c1d22c14a05d134d66fe99b39dcd22c452bd101e80424b	방범전기설비공사	W_MID	방재전기설비공사 > 방범전기설비공사	PROCESS	MERGE_CONFIRMED	NOT_APPROVED
d97ce3648147edb7473401bdc2a36fa8984edc839290ab03cf91ab78fad2d1bf	EQUIVALENCE_GROUP	8541	b31177cd3c3908af48cffd5f922d8c35fb32ffdc9086f40ab074f78c3c3c943a	방범전기설비공사	W_LEAF	방재전기설비공사 > 방범전기설비공사 > 방범전기설비공사	PROCESS	MERGE_CONFIRMED	NOT_APPROVED
e843d46a47bfb8c3bc0602eef10dc3c13e7e2660de0b7acba1d32ff7057f2ed0	SINGLETON	855	fbe352476b6369e08ebf71210ddb65c98e56f69ca1a1dcc1a39f09ff74961be8	항공장해등설비공사	W_MID	방재전기설비공사 > 항공장해등설비공사	PROCESS	ORIGINAL_KEEP	NOT_APPROVED
e89a865cc374cb3aa7ad53e2ff0adc8cb283e57fc38f800c9aab7e4ae9f64794	SINGLETON	8551	94f36f1e8d217d764ad735ed213d001337652dc89fa957acdd431a80d006ebca	항공장해등전기설비공사	W_LEAF	방재전기설비공사 > 항공장해등설비공사 > 항공장해등전기설비공사	PROCESS	ORIGINAL_KEEP	NOT_APPROVED
5bc3acd70ef94be1828618eb4eee664445fda4b87144a9b0b917ff2c6a19b740	EQUIVALENCE_GROUP	86	1b752e388f8f16b7b4098c157968ae399def37a2aa552f7ea130ee7ef018ae6a	기타전기설비공사	W_ROOT	기타전기설비공사	PROCESS	MERGE_CONFIRMED	NOT_APPROVED
dedf7ae4d0b0d778516158b7936e107774dc1d648fee00951a5b60552aa2d086	SINGLETON	861	9edb679b680f91dc4b59028ed1a3fc36cabfcd4064e1de1c0955a8be0c4cc257	감시제어및계장설비공사	W_MID	기타전기설비공사 > 감시제어및계장설비공사	PROCESS	ORIGINAL_KEEP	NOT_APPROVED
7b950f5dd7994176609d921d7c09c2e641d70a4bec97420d934b50c7dcf03ab1	SINGLETON	8611	e417f643fbb2d6bbe097fd3274c601fe03c9ca9570486aeff33a2de4a77b617f	제어설비공사	W_LEAF	기타전기설비공사 > 감시제어및계장설비공사 > 제어설비공사	PROCESS	ORIGINAL_KEEP	NOT_APPROVED
922d975a07d0e6322373256c1a5785e2060fa9690d8c56a0241cf9d0027e82d8	SINGLETON	8612	64ea8199cb237d8c06b0f66ef66bee837284303f51def225f0a5d99ec00d7372	조명제어설비공사	W_LEAF	기타전기설비공사 > 감시제어및계장설비공사 > 조명제어설비공사	PROCESS	ORIGINAL_KEEP	NOT_APPROVED
a119b8b56a487799a4f3273a38a1fbe8ee917b24738efd230cb90d2a46f35cd9	SINGLETON	8613	7d5fdbcdcb51d03ac7cc2a08c5e83707db1967fcd431a4f798a263d5737cfd3f	전력제어설비공사	W_LEAF	기타전기설비공사 > 감시제어및계장설비공사 > 전력제어설비공사	PROCESS	ORIGINAL_KEEP	NOT_APPROVED
83e31d1f5a4324c6a8f98528d8540554ebb5f8a1c0100a74bb2b66675669b90b	SINGLETON	8614	f3f04c7c57eb5bc29db8cb7f521508bf84701c683b2d87358c15a6b5a6283262	승강기제어설비공사	W_LEAF	기타전기설비공사 > 감시제어및계장설비공사 > 승강기제어설비공사	PROCESS	ORIGINAL_KEEP	NOT_APPROVED
a7d7618053394d8d656b22e6f89c231982986e4bbb5e32044d045b2ce0cb977c	SINGLETON	8615	3cf699d45fe0e72eab44b99c9802d3f0dd6d392a7669d4b19b2be983db66a4d5	화재감시제어설비공사	W_LEAF	기타전기설비공사 > 감시제어및계장설비공사 > 화재감시제어설비공사	PROCESS	ORIGINAL_KEEP	NOT_APPROVED
b5c33d34835ec0f27ca7b3ef633392a5ca93ab667283a11baa495d23055876f2	SINGLETON	8616	4ba99832cf19c6f48ec71da802ba051696e0137ff36928d8d1a725b5fd0372d3	중앙감시제어설비공사	W_LEAF	기타전기설비공사 > 감시제어및계장설비공사 > 중앙감시제어설비공사	PROCESS	ORIGINAL_KEEP	NOT_APPROVED
72693c99195d4a480b6a89968dcec1c8956dd4259d95267be716b2346baeb6c3	SINGLETON	8617	fef860fb3f0529e3cf42dbb14839fb9aa9e42aeda2b967080af34ef9c3ed4df2	건축물통합감시설비공사	W_LEAF	기타전기설비공사 > 감시제어및계장설비공사 > 건축물통합감시설비공사	PROCESS	ORIGINAL_KEEP	NOT_APPROVED
f2845fdbbbc2e76f294d13974254c644ee77c981dbcbc46800ac4544c0b58d13	EQUIVALENCE_GROUP	862	88c0dada461143da9fec7a2d6d7847c8d729b73c49e551a8b4a4b12688bf9e4d	건축물전기설비공사	W_MID	기타전기설비공사 > 건축물전기설비공사	PROCESS	MERGE_CONFIRMED	NOT_APPROVED
f2845fdbbbc2e76f294d13974254c644ee77c981dbcbc46800ac4544c0b58d13	EQUIVALENCE_GROUP	8621	2b671225546f7c952cbadc46e7d45ab70f7cb1cb7c38e8170dc3b8be143f07c2	건축물전기설비공사 - - 대․중․소 분류대․중․소 분류	W_LEAF	기타전기설비공사 > 건축물전기설비공사 > 건축물전기설비공사 - - 대․중․소 분류대․중․소 분류	PROCESS	MERGE_CONFIRMED	NOT_APPROVED
50a3e188e5d23e4a7a5e5e4549b086891eac713b43c952e8dadc6550d4babfac	SINGLETON	8622	c7039df63581d055d2f1df928d10f97e8fd099633f2eb44ea2f8f038739ab45f	고층빌딩전기설비공사	W_LEAF	기타전기설비공사 > 건축물전기설비공사 > 고층빌딩전기설비공사	PROCESS	ORIGINAL_KEEP	NOT_APPROVED
5bc3acd70ef94be1828618eb4eee664445fda4b87144a9b0b917ff2c6a19b740	EQUIVALENCE_GROUP	863	f5b741c5432767b697db7c6b3ed10a4f5da683bad0a3f3cd5934dad29d2e2cb3	기타전기설비공사	W_MID	기타전기설비공사 > 기타전기설비공사	PROCESS	MERGE_CONFIRMED	NOT_APPROVED
5bc3acd70ef94be1828618eb4eee664445fda4b87144a9b0b917ff2c6a19b740	EQUIVALENCE_GROUP	8631	350408a38cfc6742ef72b4dbcb2e6da5d10e34055a0ac1898aa3330872bc1225	기타전기설비공사	W_LEAF	기타전기설비공사 > 기타전기설비공사 > 기타전기설비공사	PROCESS	MERGE_CONFIRMED	NOT_APPROVED
c675c9bcdb560a9590c4ea86455344c7913801cdd442a444657c44b3c518e331	SINGLETON	8632	af2d2d01039cab943c9da7bef5320cf9711399ba338771595234a0592b9021ea	철도전기설비공사	W_LEAF	기타전기설비공사 > 기타전기설비공사 > 철도전기설비공사	PROCESS	ORIGINAL_KEEP	NOT_APPROVED
2fd5262c121f4e76524938d0cc3b8833c72d6cf66a854a91972a11a18e82c6da	EQUIVALENCE_GROUP	864	2be093b6b695a920b45aac3c2b1c265a3b6cc36cd5900805256cf1213d30778b	안전관련전기설비공사	W_MID	기타전기설비공사 > 안전관련전기설비공사	PROCESS	MERGE_CONFIRMED	NOT_APPROVED
2fd5262c121f4e76524938d0cc3b8833c72d6cf66a854a91972a11a18e82c6da	EQUIVALENCE_GROUP	8641	6ac224b60377b346a2628fb60e535cb46168c0de942ba339e99289d2592670fe	안전관련전기설비공사	W_LEAF	기타전기설비공사 > 안전관련전기설비공사 > 안전관련전기설비공사	PROCESS	MERGE_CONFIRMED	NOT_APPROVED
56d3df21fd0a64158b82a8652376ab6c7bd18c6309db04b5d442b6587afcf395	SINGLETON	91	5959665a38aa3d1615f6d3fa9b82c46d1cf8ac4989148b83857791acef91eb10	기계 플랜트 산업설비 전기 통신시험 시운전공사	W_ROOT	기계 플랜트 산업설비 전기 통신시험 시운전공사	PROCESS	ORIGINAL_KEEP	NOT_APPROVED
77558d43f2fbdaf86af49dcdaebc94288203e7ea1c9d196cb3c5063a8fd9857f	SINGLETON	911	b66d3bf8ca71b6862341d77718cdd5c3956dec847e62353aa6ed83a54d0a4797	기계 프랜트공통시험 시운전공사	W_MID	기계 플랜트 산업설비 전기 통신시험 시운전공사 > 기계 프랜트공통시험 시운전공사	PROCESS	ORIGINAL_KEEP	NOT_APPROVED
95a0c98e6fc47ea4f5a2a12c472e980f088eb57e647d0d5a1b7c9b11ba57189f	SINGLETON	9111	6a795498bcd06f99ce124f4cf52a5414f415fb4599b77a5f72b0ae56019cbe49	T.A.B(TestingAdjustingandBalancing)공사	W_LEAF	기계 플랜트 산업설비 전기 통신시험 시운전공사 > 기계 프랜트공통시험 시운전공사 > T.A.B(TestingAdjustingandBalancing)공사	PROCESS	ORIGINAL_KEEP	NOT_APPROVED
8ec9ddc90998dc65b7997c438c109312aeae0d791fbd13c180bfa92fe5b3ab26	SINGLETON	9112	f1fac9c02ce38bde2a98f21c1c28cc32a51ca7001843d5ba0c8d395818f8bb24	배관관리및시험	W_LEAF	기계 플랜트 산업설비 전기 통신시험 시운전공사 > 기계 프랜트공통시험 시운전공사 > 배관관리및시험	TASK	ORIGINAL_KEEP	NOT_APPROVED
5170dbd24d1e51201637da9b057af2dd43f3249737ed0e78bf090bcaa448c898	EQUIVALENCE_GROUP	912	63506a7a577baed3c7ee7e0e1e9945e209308bed1d4fcd9b7c50f22bb2d8db7e	기계설비시험 시운전공사	W_MID	기계 플랜트 산업설비 전기 통신시험 시운전공사 > 기계설비시험 시운전공사	PROCESS	MERGE_CONFIRMED	NOT_APPROVED
5170dbd24d1e51201637da9b057af2dd43f3249737ed0e78bf090bcaa448c898	EQUIVALENCE_GROUP	9121	3ffb09b756a48bfca5ad250bdb2c630c873421d02f51c37f41847a7357af8615	기계설비시험 시운전공사	W_LEAF	기계 플랜트 산업설비 전기 통신시험 시운전공사 > 기계설비시험 시운전공사 > 기계설비시험 시운전공사	PROCESS	MERGE_CONFIRMED	NOT_APPROVED
b223c472f28dc1cc03c36e7104f5353323def065f7a948690095bb4a77b40769	SINGLETON	913	4918577e67920975e5a735f24ab315b5f0a9536e92479a9a0a9d85d4ded6a723	기계 플랜트 산업․전기설비시험 시운전공사	W_MID	기계 플랜트 산업설비 전기 통신시험 시운전공사 > 기계 플랜트 산업․전기설비시험 시운전공사	PROCESS	ORIGINAL_KEEP	NOT_APPROVED
da9e8d39b4db29b66a8869429977ed7021cf2f4e0a65cd4a2c38e542e7cef3a2	SINGLETON	9131	f509bd65ef8db16879513e9ae1c536c2ce86400ff5a8a2ff7ee41d0e2aa484f1	T&C(TestandCommissioning)공사	W_LEAF	기계 플랜트 산업설비 전기 통신시험 시운전공사 > 기계 플랜트 산업․전기설비시험 시운전공사 > T&C(TestandCommissioning)공사	PROCESS	ORIGINAL_KEEP	NOT_APPROVED
384f9ba2ed380c5b66a4208e459861782174eb40df48d7dd4654d7b994f8b302	SINGLETON	9132	6903bb8ee81e1882f754ff69addce71445721e8d4e713dfc58ee0d6693d5e5bb	발전설비시운전공사	W_LEAF	기계 플랜트 산업설비 전기 통신시험 시운전공사 > 기계 플랜트 산업․전기설비시험 시운전공사 > 발전설비시운전공사	PROCESS	ORIGINAL_KEEP	NOT_APPROVED
1275c9005a05fa8077d4fd0e63e1975f34cab84c8c435b4a728645ff6e51caec	SINGLETON	9133	9a2ede67e9cc4ae77c13dd7a23fb4c74a31b484466e7ae6a8683a481a29405f0	설비별 시스템별시운전공사	W_LEAF	기계 플랜트 산업설비 전기 통신시험 시운전공사 > 기계 플랜트 산업․전기설비시험 시운전공사 > 설비별 시스템별시운전공사	PROCESS	ORIGINAL_KEEP	NOT_APPROVED
c61167354764433108d4894a046b286fefe602351bec67471ab7d65883fd461b	SINGLETON	914	642fd3fd84ed43a93168f5b379ce9ed077d9834917829ce975acb1c3f2c044b0	전기 통신시험 시운전공사	W_MID	기계 플랜트 산업설비 전기 통신시험 시운전공사 > 전기 통신시험 시운전공사	PROCESS	ORIGINAL_KEEP	NOT_APPROVED
adf13eaed90ae84aa7ef796afe8576e78d6ec1d1e0caa7640ffe7cc4037fb04a	SINGLETON	9141	9f1fd176c7b6d8c4bc5e5ea6d23575c9f285d2f8c56eb13bf0b04ccb3c5c3c3d	전기 통신설비T&C(TestandCommissioning)공사	W_LEAF	기계 플랜트 산업설비 전기 통신시험 시운전공사 > 전기 통신시험 시운전공사 > 전기 통신설비T&C(TestandCommissioning)공사	PROCESS	ORIGINAL_KEEP	NOT_APPROVED
253855a2c57b12618b5570f44de1372f1806b7231f6ae5853959adb8c4715725	SINGLETON	9142	de2c434cda17a8228b8d3168240323e9ded41024380c08e55f6bcebf2570143c	전기 통신설비공통시험 시운전공사	W_LEAF	기계 플랜트 산업설비 전기 통신시험 시운전공사 > 전기 통신시험 시운전공사 > 전기 통신설비공통시험 시운전공사	PROCESS	ORIGINAL_KEEP	NOT_APPROVED
c7da1487801e1575ef950cc34ab437bdc22e8c98afabfd13808e04e57078ba03	SINGLETON	9143	6fe2faa9482c6c37980d2650e57a861e73f34e774195a30c81d5e0a8ba2db499	전기설비시험 시운전공사	W_LEAF	기계 플랜트 산업설비 전기 통신시험 시운전공사 > 전기 통신시험 시운전공사 > 전기설비시험 시운전공사	PROCESS	ORIGINAL_KEEP	NOT_APPROVED
40279f6890ceed0db8504fd05c2ef15332580b07b77f8402e444ffec0e7d8fd4	SINGLETON	9144	8eb87db8aa3ad5e49ddc121b5c71fbe03653070ad3d56e3f186485cb653092f6	통신설비시험 시운전공사	W_LEAF	기계 플랜트 산업설비 전기 통신시험 시운전공사 > 전기 통신시험 시운전공사 > 통신설비시험 시운전공사	PROCESS	ORIGINAL_KEEP	NOT_APPROVED
9064599e4c516b9459a0dde55a7cd5c7ca9acff7a534ff825f9a435ccca26d89	SINGLETON	92	e0a22dbb0cd5357ac80e563f11732d80d7ab61567cc92c6cd8fa09ad9e7c0da8	기계 플랜트 산업․전기설비 통신시험 시설유지정비공사	W_ROOT	기계 플랜트 산업․전기설비 통신시험 시설유지정비공사	PROCESS	ORIGINAL_KEEP	NOT_APPROVED
b8e46ba013e44fcf84dec546bb472a6958c197c2fa327c061ecbcc50240b35c0	SINGLETON	921	e7cff381994defb7223cf2e2b0a386bca04951856c853cb0d3ae5594747ab975	기계 플랜트 산업설비공통시설유지정비공사	W_MID	기계 플랜트 산업․전기설비 통신시험 시설유지정비공사 > 기계 플랜트 산업설비공통시설유지정비공사	PROCESS	ORIGINAL_KEEP	NOT_APPROVED
cb81d3e00ea3cbce6ea5d0f6e0f85887305661ffa3a7415151a9dd1589066094	SINGLETON	922	d54575f01ed082aa505dc891a17afb5412581bf543998fe0378ab27495032c8c	산업설비공통시설유지정비공사	W_MID	기계 플랜트 산업․전기설비 통신시험 시설유지정비공사 > 산업설비공통시설유지정비공사	PROCESS	ORIGINAL_KEEP	NOT_APPROVED
47103524b3411b065336d8b8883c7c8d19943b12efeb53d995130a53cd04c54c	SINGLETON	923	d0a7e4e0b24e6064efae300032da9a34632a5b1c7eaa2f09c28b36ea33e991e0	전기 통신설비공통시설유지정비공사	W_MID	기계 플랜트 산업․전기설비 통신시험 시설유지정비공사 > 전기 통신설비공통시설유지정비공사	PROCESS	ORIGINAL_KEEP	NOT_APPROVED
2a45c07065683953b5a79779c61f214056f929f98ced1e234dc0991009ea4320	SINGLETON	924	f886427ac2e3312180474872f5ef8d9c0fa4e4918d9f417e74371eaeeb292436	전기설비시설유지정비공사	W_MID	기계 플랜트 산업․전기설비 통신시험 시설유지정비공사 > 전기설비시설유지정비공사	PROCESS	ORIGINAL_KEEP	NOT_APPROVED
eaa4070004b7b0bb3c3f9ab7493d35e2e10094d3e6221c42286816ff897c1f5f	SINGLETON	925	949997b0c16a40192c5348e841f2284e5cf8db8c53848bec97f203b7aa3f5aa5	기타전기설비시설유지정비공사	W_MID	기계 플랜트 산업․전기설비 통신시험 시설유지정비공사 > 기타전기설비시설유지정비공사	PROCESS	ORIGINAL_KEEP	NOT_APPROVED
2badeabec606a0a5fefbb3ece2876082ac14c6bda15c3f45dbba7d6e8fe2e5fc	SINGLETON	926	0281d86ad676aa180b252b320f6d88101373868e2c71688eba1449f9c74be0e2	통신설비시설유지정비공사	W_MID	기계 플랜트 산업․전기설비 통신시험 시설유지정비공사 > 통신설비시설유지정비공사	PROCESS	ORIGINAL_KEEP	NOT_APPROVED
