batch_no	seed_proposal_key	source_id	source_key	source_node_type	name	source_path	root_name	root_source_key	depth	current_semantic_kind	current_review_decision	root_semantic_kind	root_review_decision	root_review_batch_no	direct_child_count	direct_child_keys	direct_child_names	children_truncated	reviewed_child_count	reviewed_child_process	reviewed_child_task	reviewed_child_method	reviewed_child_material_component	reviewed_child_facility_equipment	reviewed_child_classification	reviewed_child_ambiguous	unreviewed_child_count	reviewed_child_keep	reviewed_child_merge_candidate	reviewed_child_hold	reviewed_child_reject	reviewed_child_refs	unreviewed_child_refs	reviewed_child_mechanical_state	gpt_leaf_family_policy	same_name_mid_count	same_name_mid_paths	same_name_other_source_count	same_name_other_source_refs	sibling_mid_count	sample_sibling_mids	reviewed_sibling_count	reviewed_sibling_refs	lexical_cues	gpt_semantic_kind	gpt_review_decision	merge_candidate_keys	gpt_reason
401	ff9824b6e41b26da11b586144b505613ffca8363bc0755d44a2968b9828f214d	CIC_W	024	W_MID	가설편의시설및부대시설	가설건물 시설물(간접가설공사) > 가설편의시설및부대시설	가설건물 시설물(간접가설공사)	02	2	AMBIGUOUS	UNREVIEWED	CLASSIFICATION	REJECT	202	4	0241 | 0242 | 0243 | 0244	가설식당 | 가설복지시설 | 가설주차장시설 | 가설경비실	NO	0	0	0	0	0	0	0	0	4	0	0	0	0		0241:가설식당 | 0242:가설복지시설 | 0243:가설주차장시설 | 0244:가설경비실	NO_REVIEWED_CHILDREN	PENDING	1	가설건물 시설물(간접가설공사) > 가설편의시설및부대시설	0		7	가설부지 | 발주자용가설건물 시설 | 도급자용가설건물 | 업무용운송시설 | 가설울타리및현장출입문 | 가설안내시설및표지판 | 가설설비	4	021:가설부지:CLASSIFICATION:REJECT | 022:발주자용가설건물 시설:FACILITY_EQUIPMENT:REJECT | 023:도급자용가설건물:FACILITY_EQUIPMENT:REJECT | 028:가설설비:FACILITY_EQUIPMENT:REJECT	NONE	PENDING	PENDING	EMPTY	EMPTY
402	1c3bb307cae93cbf15913ad1de463ba738c3a0e626efcf33ac51738f79dba326	CIC_W	025	W_MID	업무용운송시설	가설건물 시설물(간접가설공사) > 업무용운송시설	가설건물 시설물(간접가설공사)	02	2	AMBIGUOUS	UNREVIEWED	CLASSIFICATION	REJECT	202	4	0251 | 0252 | 0253 | 0254	발주자업무용선박 | 발주자업무용차량 | 도급자업무용선박 | 도급자업무용차량	NO	0	0	0	0	0	0	0	0	4	0	0	0	0		0251:발주자업무용선박 | 0252:발주자업무용차량 | 0253:도급자업무용선박 | 0254:도급자업무용차량	NO_REVIEWED_CHILDREN	PENDING	1	가설건물 시설물(간접가설공사) > 업무용운송시설	0		7	가설부지 | 발주자용가설건물 시설 | 도급자용가설건물 | 가설편의시설및부대시설 | 가설울타리및현장출입문 | 가설안내시설및표지판 | 가설설비	4	021:가설부지:CLASSIFICATION:REJECT | 022:발주자용가설건물 시설:FACILITY_EQUIPMENT:REJECT | 023:도급자용가설건물:FACILITY_EQUIPMENT:REJECT | 028:가설설비:FACILITY_EQUIPMENT:REJECT	NONE	PENDING	PENDING	EMPTY	EMPTY
403	f3c15349fcae137915dd0a4ef583c8820c07c05a831b78176030fbd6f05c0561	CIC_W	026	W_MID	가설울타리및현장출입문	가설건물 시설물(간접가설공사) > 가설울타리및현장출입문	가설건물 시설물(간접가설공사)	02	2	AMBIGUOUS	UNREVIEWED	CLASSIFICATION	REJECT	202	5	0261 | 0262 | 0263 | 0264 | 0265	목재울타리 | 철재울타리 | 철망울타리 | 조립식울타리 | 현장출입문	NO	0	0	0	0	0	0	0	0	5	0	0	0	0		0261:목재울타리 | 0262:철재울타리 | 0263:철망울타리 | 0264:조립식울타리 | 0265:현장출입문	NO_REVIEWED_CHILDREN	PENDING	1	가설건물 시설물(간접가설공사) > 가설울타리및현장출입문	0		7	가설부지 | 발주자용가설건물 시설 | 도급자용가설건물 | 가설편의시설및부대시설 | 업무용운송시설 | 가설안내시설및표지판 | 가설설비	4	021:가설부지:CLASSIFICATION:REJECT | 022:발주자용가설건물 시설:FACILITY_EQUIPMENT:REJECT | 023:도급자용가설건물:FACILITY_EQUIPMENT:REJECT | 028:가설설비:FACILITY_EQUIPMENT:REJECT	NONE	PENDING	PENDING	EMPTY	EMPTY
404	a815bdf41ff28fe4298cc171cad5854027bebd49424dd8696ce9c26a973664b0	CIC_W	027	W_MID	가설안내시설및표지판	가설건물 시설물(간접가설공사) > 가설안내시설및표지판	가설건물 시설물(간접가설공사)	02	2	AMBIGUOUS	UNREVIEWED	CLASSIFICATION	REJECT	202	2	0271 | 0272	가설안내판 현황판 | 프로젝트조감도 모형	NO	0	0	0	0	0	0	0	0	2	0	0	0	0		0271:가설안내판 현황판 | 0272:프로젝트조감도 모형	NO_REVIEWED_CHILDREN	PENDING	1	가설건물 시설물(간접가설공사) > 가설안내시설및표지판	0		7	가설부지 | 발주자용가설건물 시설 | 도급자용가설건물 | 가설편의시설및부대시설 | 업무용운송시설 | 가설울타리및현장출입문 | 가설설비	4	021:가설부지:CLASSIFICATION:REJECT | 022:발주자용가설건물 시설:FACILITY_EQUIPMENT:REJECT | 023:도급자용가설건물:FACILITY_EQUIPMENT:REJECT | 028:가설설비:FACILITY_EQUIPMENT:REJECT	NONE	PENDING	PENDING	EMPTY	EMPTY
405	2e0082852a2db8ea53408291290ddf422f15c6c34de356aa84e71a469fdad94e	CIC_W	031	W_MID	공사용가설도로	본공사성가설공사 > 공사용가설도로	본공사성가설공사	03	2	AMBIGUOUS	UNREVIEWED	PROCESS	KEEP_AS_DISTINCT	203	2	0311 | 0312	공사용가설도로 | 가설주차장	NO	1	0	0	0	0	1	0	0	1	0	0	0	1	0311:공사용가설도로:FACILITY_EQUIPMENT:REJECT	0312:가설주차장	PARTIAL_REVIEW_SINGLE_KIND	PENDING	1	본공사성가설공사 > 공사용가설도로	0		6	가설작업보조시설 | 가설흙막이및지보공사 | 터널가설 | 교량가설 | 가물막이 | 가체절	2	032:가설작업보조시설:FACILITY_EQUIPMENT:REJECT | 037:가물막이:PROCESS:KEEP_AS_DISTINCT	NONE	PENDING	PENDING	EMPTY	EMPTY
406	1faf794d96412b87fde99ab64caf8c154744e198967d20c0f1c58ddb0d9513aa	CIC_W	033	W_MID	가설흙막이및지보공사	본공사성가설공사 > 가설흙막이및지보공사	본공사성가설공사	03	2	AMBIGUOUS	UNREVIEWED	PROCESS	KEEP_AS_DISTINCT	203	0			NO	0	0	0	0	0	0	0	0	0	0	0	0	0			NO_REVIEWED_CHILDREN	PENDING	1	본공사성가설공사 > 가설흙막이및지보공사	0		6	공사용가설도로 | 가설작업보조시설 | 터널가설 | 교량가설 | 가물막이 | 가체절	2	032:가설작업보조시설:FACILITY_EQUIPMENT:REJECT | 037:가물막이:PROCESS:KEEP_AS_DISTINCT	ENDS_WITH_공사	PENDING	PENDING	EMPTY	EMPTY
407	2a3b1c18afecac6d11341f5c3e392afb441bcc9e41339930c06b45732fd68a8d	CIC_W	034	W_MID	터널가설	본공사성가설공사 > 터널가설	본공사성가설공사	03	2	AMBIGUOUS	UNREVIEWED	PROCESS	KEEP_AS_DISTINCT	203	2	0341 | 0342	작업대차및비계 | 작업레일	NO	0	0	0	0	0	0	0	0	2	0	0	0	0		0341:작업대차및비계 | 0342:작업레일	NO_REVIEWED_CHILDREN	PENDING	1	본공사성가설공사 > 터널가설	0		6	공사용가설도로 | 가설작업보조시설 | 가설흙막이및지보공사 | 교량가설 | 가물막이 | 가체절	2	032:가설작업보조시설:FACILITY_EQUIPMENT:REJECT | 037:가물막이:PROCESS:KEEP_AS_DISTINCT	NONE	PENDING	PENDING	EMPTY	EMPTY
408	1cc1a8b85cbddf700ba4dfdd0b8f23a7c13078dab2583b7b4d3d1329525a3817	CIC_W	035	W_MID	교량가설	본공사성가설공사 > 교량가설	본공사성가설공사	03	2	AMBIGUOUS	UNREVIEWED	PROCESS	KEEP_AS_DISTINCT	203	0			NO	0	0	0	0	0	0	0	0	0	0	0	0	0			NO_REVIEWED_CHILDREN	PENDING	1	본공사성가설공사 > 교량가설	0		6	공사용가설도로 | 가설작업보조시설 | 가설흙막이및지보공사 | 터널가설 | 가물막이 | 가체절	2	032:가설작업보조시설:FACILITY_EQUIPMENT:REJECT | 037:가물막이:PROCESS:KEEP_AS_DISTINCT	NONE	PENDING	PENDING	EMPTY	EMPTY
409	da24560ea603b933412864f4de6f9964df311bc9b5436095be4860d483cdfd4c	CIC_W	038	W_MID	가체절	본공사성가설공사 > 가체절	본공사성가설공사	03	2	AMBIGUOUS	UNREVIEWED	PROCESS	KEEP_AS_DISTINCT	203	0			NO	0	0	0	0	0	0	0	0	0	0	0	0	0			NO_REVIEWED_CHILDREN	PENDING	1	본공사성가설공사 > 가체절	0		6	공사용가설도로 | 가설작업보조시설 | 가설흙막이및지보공사 | 터널가설 | 교량가설 | 가물막이	2	032:가설작업보조시설:FACILITY_EQUIPMENT:REJECT | 037:가물막이:PROCESS:KEEP_AS_DISTINCT	NONE	PENDING	PENDING	EMPTY	EMPTY
410	ed24e98c7e863a042eefd22723c80c299bacb4544c1c38e6f509bc1c7ee2a835	CIC_W	052	W_MID	기존도로유지보수	현장유지관리 > 기존도로유지보수	현장유지관리	05	2	AMBIGUOUS	UNREVIEWED	PROCESS	KEEP_AS_DISTINCT	204	1	0521	기존도로유지보수	NO	1	0	1	0	0	0	0	0	0	0	1	0	0	0521:기존도로유지보수:TASK:MERGE_CANDIDATE		ALL_REVIEWED_SINGLE_KIND	PENDING	1	현장유지관리 > 기존도로유지보수	0		2	가설공해방지 | 준공및현장정리	2	051:가설공해방지:PROCESS:KEEP_AS_DISTINCT | 058:준공및현장정리:PROCESS:KEEP_AS_DISTINCT	NONE	PENDING	PENDING	EMPTY	EMPTY
411	081867ef518cac5ab8d9318cafc4ad2f096ba19d213d854765601e26faf0dc5d	CIC_W	061	W_MID	장비운반	공통장비 > 장비운반	공통장비	06	2	AMBIGUOUS	UNREVIEWED	FACILITY_EQUIPMENT	REJECT	205	3	0611 | 0612 | 0613	수송비 | 회항비 | 대피비	NO	1	0	0	0	0	0	1	0	2	0	0	0	1	0611:수송비:CLASSIFICATION:REJECT	0612:회항비 | 0613:대피비	PARTIAL_REVIEW_SINGLE_KIND	PENDING	1	공통장비 > 장비운반	0		5	인양장비 | 운반장비 | 토공장비 | 다짐장비 | 가설플랜트	0		NONE	PENDING	PENDING	EMPTY	EMPTY
412	7963b7563731a32fb8bab2a82865269d01f8570d70605bc43a54ed1d8d139cc4	CIC_W	062	W_MID	인양장비	공통장비 > 인양장비	공통장비	06	2	AMBIGUOUS	UNREVIEWED	FACILITY_EQUIPMENT	REJECT	205	4	0621 | 0622 | 0623 | 0624	타워크레인 | 크레인 | 리프트 | 윈치	NO	1	0	0	0	0	1	0	0	3	0	0	0	1	0621:타워크레인:FACILITY_EQUIPMENT:REJECT	0622:크레인 | 0623:리프트 | 0624:윈치	PARTIAL_REVIEW_SINGLE_KIND	PENDING	1	공통장비 > 인양장비	0		5	장비운반 | 운반장비 | 토공장비 | 다짐장비 | 가설플랜트	0		NONE	PENDING	PENDING	EMPTY	EMPTY
413	dd2d2630af20a9752b6dea540f275cf0669f16129c1a4ce37f34273b65c5d42e	CIC_W	063	W_MID	운반장비	공통장비 > 운반장비	공통장비	06	2	AMBIGUOUS	UNREVIEWED	FACILITY_EQUIPMENT	REJECT	205	5	0631 | 0632 | 0633 | 0634 | 0635	콘크리트운반장비 | 콘크리트믹서트럭 | 덤프트럭 | 콘크리트타워 | 벨트컨베이어	NO	0	0	0	0	0	0	0	0	5	0	0	0	0		0631:콘크리트운반장비 | 0632:콘크리트믹서트럭 | 0633:덤프트럭 | 0634:콘크리트타워 | 0635:벨트컨베이어	NO_REVIEWED_CHILDREN	PENDING	1	공통장비 > 운반장비	0		5	장비운반 | 인양장비 | 토공장비 | 다짐장비 | 가설플랜트	0		NONE	PENDING	PENDING	EMPTY	EMPTY
414	6ce4694eec354ac6b29fea9739ac7e4e6974fc89616a2782a6cdb224e48ec1f0	CIC_W	064	W_MID	토공장비	공통장비 > 토공장비	공통장비	06	2	AMBIGUOUS	UNREVIEWED	FACILITY_EQUIPMENT	REJECT	205	0			NO	0	0	0	0	0	0	0	0	0	0	0	0	0			NO_REVIEWED_CHILDREN	PENDING	1	공통장비 > 토공장비	0		5	장비운반 | 인양장비 | 운반장비 | 다짐장비 | 가설플랜트	0		NONE	PENDING	PENDING	EMPTY	EMPTY
415	1cd690bfb8905d0e78ba92df29d163d7829be32a0b51c81c9829e1d81f85badb	CIC_W	065	W_MID	다짐장비	공통장비 > 다짐장비	공통장비	06	2	AMBIGUOUS	UNREVIEWED	FACILITY_EQUIPMENT	REJECT	205	0			NO	0	0	0	0	0	0	0	0	0	0	0	0	0			NO_REVIEWED_CHILDREN	PENDING	1	공통장비 > 다짐장비	0		5	장비운반 | 인양장비 | 운반장비 | 토공장비 | 가설플랜트	0		NONE	PENDING	PENDING	EMPTY	EMPTY
416	10c3bbe0e3db5bdb6a185ea757c245c61be2cbd749355bc6a4a5c906eb7393c1	CIC_W	066	W_MID	가설플랜트	공통장비 > 가설플랜트	공통장비	06	2	AMBIGUOUS	UNREVIEWED	FACILITY_EQUIPMENT	REJECT	205	0			NO	0	0	0	0	0	0	0	0	0	0	0	0	0			NO_REVIEWED_CHILDREN	PENDING	1	공통장비 > 가설플랜트	0		5	장비운반 | 인양장비 | 운반장비 | 토공장비 | 다짐장비	0		NONE	PENDING	PENDING	EMPTY	EMPTY
417	68a6a13a045916245ef12e509acca38e94c0967d340181cbbfc4610b5e30ab16	CIC_W	071	W_MID	공통품질시험	품질시험 > 공통품질시험	품질시험	07	2	AMBIGUOUS	UNREVIEWED	PROCESS	KEEP_AS_DISTINCT	206	4	0711 | 0712 | 0713 | 0714	토공사및지반개량 | 기초공사 | 콘크리트공사 | 철강구조물공사	NO	1	0	0	0	0	0	1	0	3	0	0	0	1	0711:토공사및지반개량:CLASSIFICATION:REJECT	0712:기초공사 | 0713:콘크리트공사 | 0714:철강구조물공사	PARTIAL_REVIEW_SINGLE_KIND	PENDING	1	품질시험 > 공통품질시험	0		6	토목품질시험 | 건축품질시험 | 기계품질시험 | 전기품질시험 | 통신품질시험 | 기타품질시험	1	072:토목품질시험:PROCESS:KEEP_AS_DISTINCT	NONE	PENDING	PENDING	EMPTY	EMPTY
418	f22338c2fa2f7baddde670cf1456d4e9c9ce671e9b581c77d50f04b2efeaf4e7	CIC_W	073	W_MID	건축품질시험	품질시험 > 건축품질시험	품질시험	07	2	AMBIGUOUS	UNREVIEWED	PROCESS	KEEP_AS_DISTINCT	206	3	0731 | 0732 | 0733	조적및목구조공사 | 방수 단열 지붕공사 | 마감공사	NO	0	0	0	0	0	0	0	0	3	0	0	0	0		0731:조적및목구조공사 | 0732:방수 단열 지붕공사 | 0733:마감공사	NO_REVIEWED_CHILDREN	PENDING	1	품질시험 > 건축품질시험	0		6	공통품질시험 | 토목품질시험 | 기계품질시험 | 전기품질시험 | 통신품질시험 | 기타품질시험	1	072:토목품질시험:PROCESS:KEEP_AS_DISTINCT	NONE	PENDING	PENDING	EMPTY	EMPTY
419	c4d2e53292f7f2dce0706eaac891e670de489055530f5dd638d1ed29cb748c82	CIC_W	074	W_MID	기계품질시험	품질시험 > 기계품질시험	품질시험	07	2	AMBIGUOUS	UNREVIEWED	PROCESS	KEEP_AS_DISTINCT	206	0			NO	0	0	0	0	0	0	0	0	0	0	0	0	0			NO_REVIEWED_CHILDREN	PENDING	1	품질시험 > 기계품질시험	0		6	공통품질시험 | 토목품질시험 | 건축품질시험 | 전기품질시험 | 통신품질시험 | 기타품질시험	1	072:토목품질시험:PROCESS:KEEP_AS_DISTINCT	NONE	PENDING	PENDING	EMPTY	EMPTY
420	58895943352c99121b8df0e9f379a57cdd394a89d862427afbc6a4074153512c	CIC_W	075	W_MID	전기품질시험	품질시험 > 전기품질시험	품질시험	07	2	AMBIGUOUS	UNREVIEWED	PROCESS	KEEP_AS_DISTINCT	206	0			NO	0	0	0	0	0	0	0	0	0	0	0	0	0			NO_REVIEWED_CHILDREN	PENDING	1	품질시험 > 전기품질시험	0		6	공통품질시험 | 토목품질시험 | 건축품질시험 | 기계품질시험 | 통신품질시험 | 기타품질시험	1	072:토목품질시험:PROCESS:KEEP_AS_DISTINCT	NONE	PENDING	PENDING	EMPTY	EMPTY
421	c05dbc4276af0b3ca171e2d997a9c6556ab598889996361e4e20771454cc2f03	CIC_W	076	W_MID	통신품질시험	품질시험 > 통신품질시험	품질시험	07	2	AMBIGUOUS	UNREVIEWED	PROCESS	KEEP_AS_DISTINCT	206	0			NO	0	0	0	0	0	0	0	0	0	0	0	0	0			NO_REVIEWED_CHILDREN	PENDING	1	품질시험 > 통신품질시험	0		6	공통품질시험 | 토목품질시험 | 건축품질시험 | 기계품질시험 | 전기품질시험 | 기타품질시험	1	072:토목품질시험:PROCESS:KEEP_AS_DISTINCT	NONE	PENDING	PENDING	EMPTY	EMPTY
422	e87b2defcb88d58ceb33fa327979423a673675ed305da408d9c5f3db5db049ea	CIC_W	079	W_MID	기타품질시험	품질시험 > 기타품질시험	품질시험	07	2	AMBIGUOUS	UNREVIEWED	PROCESS	KEEP_AS_DISTINCT	206	0			NO	0	0	0	0	0	0	0	0	0	0	0	0	0			NO_REVIEWED_CHILDREN	PENDING	1	품질시험 > 기타품질시험	0		6	공통품질시험 | 토목품질시험 | 건축품질시험 | 기계품질시험 | 전기품질시험 | 통신품질시험	1	072:토목품질시험:PROCESS:KEEP_AS_DISTINCT	NONE	PENDING	PENDING	EMPTY	EMPTY
423	1334e54083a7fdf3929ec117ec6ea2857c20e0f5841608b2ae56964463f22b40	CIC_W	081	W_MID	건축선정시험(토공 기초 구조체)	건축품질시험 > 건축선정시험(토공 기초 구조체)	건축품질시험	08	2	AMBIGUOUS	UNREVIEWED	PROCESS	MERGE_CANDIDATE	207	0			NO	0	0	0	0	0	0	0	0	0	0	0	0	0			NO_REVIEWED_CHILDREN	PENDING	1	건축품질시험 > 건축선정시험(토공 기초 구조체)	0		5	건축관리시험(토공 기초 구조체) | 건축관리시험(단열 방수 지붕) | 건축관리시험(마감) | 건축기계 전기시험 | 건축공사검사시험	2	085:건축관리시험(토공 기초 구조체):PROCESS:KEEP_AS_DISTINCT | 087:건축관리시험(마감):PROCESS:KEEP_AS_DISTINCT	NONE	PENDING	PENDING	EMPTY	EMPTY
424	53574fbec4a3d081b29f7bf7be8dfd6256cedd4d479e6c42bf69c8c400ab1cd7	CIC_W	086	W_MID	건축관리시험(단열 방수 지붕)	건축품질시험 > 건축관리시험(단열 방수 지붕)	건축품질시험	08	2	AMBIGUOUS	UNREVIEWED	PROCESS	MERGE_CANDIDATE	207	4	0861 | 0863 | 0865 | 0867	방수및방습 | 단열및방화 | 진동및방음 | 지붕및기와	NO	1	0	0	0	0	0	1	0	3	0	0	0	1	0861:방수및방습:CLASSIFICATION:REJECT	0863:단열및방화 | 0865:진동및방음 | 0867:지붕및기와	PARTIAL_REVIEW_SINGLE_KIND	PENDING	1	건축품질시험 > 건축관리시험(단열 방수 지붕)	0		5	건축선정시험(토공 기초 구조체) | 건축관리시험(토공 기초 구조체) | 건축관리시험(마감) | 건축기계 전기시험 | 건축공사검사시험	2	085:건축관리시험(토공 기초 구조체):PROCESS:KEEP_AS_DISTINCT | 087:건축관리시험(마감):PROCESS:KEEP_AS_DISTINCT	NONE	PENDING	PENDING	EMPTY	EMPTY
425	b9a104ea29a952a588fa1c116334c584b8ad1f084910a59ffa693f2e92f290e9	CIC_W	088	W_MID	건축기계 전기시험	건축품질시험 > 건축기계 전기시험	건축품질시험	08	2	AMBIGUOUS	UNREVIEWED	PROCESS	MERGE_CANDIDATE	207	0			NO	0	0	0	0	0	0	0	0	0	0	0	0	0			NO_REVIEWED_CHILDREN	PENDING	1	건축품질시험 > 건축기계 전기시험	0		5	건축선정시험(토공 기초 구조체) | 건축관리시험(토공 기초 구조체) | 건축관리시험(단열 방수 지붕) | 건축관리시험(마감) | 건축공사검사시험	2	085:건축관리시험(토공 기초 구조체):PROCESS:KEEP_AS_DISTINCT | 087:건축관리시험(마감):PROCESS:KEEP_AS_DISTINCT	NONE	PENDING	PENDING	EMPTY	EMPTY
426	37745bd8af92a937f66091e0dc552ef05712414b839781928446a5bb5c441604	CIC_W	089	W_MID	건축공사검사시험	건축품질시험 > 건축공사검사시험	건축품질시험	08	2	AMBIGUOUS	UNREVIEWED	PROCESS	MERGE_CANDIDATE	207	0			NO	0	0	0	0	0	0	0	0	0	0	0	0	0			NO_REVIEWED_CHILDREN	PENDING	1	건축품질시험 > 건축공사검사시험	0		5	건축선정시험(토공 기초 구조체) | 건축관리시험(토공 기초 구조체) | 건축관리시험(단열 방수 지붕) | 건축관리시험(마감) | 건축기계 전기시험	2	085:건축관리시험(토공 기초 구조체):PROCESS:KEEP_AS_DISTINCT | 087:건축관리시험(마감):PROCESS:KEEP_AS_DISTINCT	NONE	PENDING	PENDING	EMPTY	EMPTY
427	3658974008046bd3fc221b6e66047c06348c85f774c9522ed1f51aa472a37c05	CIC_W	112	W_MID	지형측량	측량 > 지형측량	측량	11	2	AMBIGUOUS	UNREVIEWED	PROCESS	KEEP_AS_DISTINCT	208	2	1121 | 1122	등고선 | 지성선	NO	1	0	0	0	0	0	1	0	1	0	0	0	1	1121:등고선:CLASSIFICATION:REJECT	1122:지성선	PARTIAL_REVIEW_SINGLE_KIND	PENDING	1	측량 > 지형측량	0		6	기본측량 | 하해측량 | 노선측량 | 지적측량 | 시공측량 | 기타응용측량	3	111:기본측량:PROCESS:KEEP_AS_DISTINCT | 114:노선측량:PROCESS:KEEP_AS_DISTINCT | 116:시공측량:PROCESS:KEEP_AS_DISTINCT	NONE	PENDING	PENDING	EMPTY	EMPTY
428	01f8400cdd53f8eadb7de33e2e7bc2408c6ac7dfab3c10bea6c3a7a32e90a37f	CIC_W	113	W_MID	하해측량	측량 > 하해측량	측량	11	2	AMBIGUOUS	UNREVIEWED	PROCESS	KEEP_AS_DISTINCT	208	4	1131 | 1132 | 1133 | 1134	하천 | 운하 | 항만 | 해양	NO	0	0	0	0	0	0	0	0	4	0	0	0	0		1131:하천 | 1132:운하 | 1133:항만 | 1134:해양	NO_REVIEWED_CHILDREN	PENDING	1	측량 > 하해측량	0		6	기본측량 | 지형측량 | 노선측량 | 지적측량 | 시공측량 | 기타응용측량	3	111:기본측량:PROCESS:KEEP_AS_DISTINCT | 114:노선측량:PROCESS:KEEP_AS_DISTINCT | 116:시공측량:PROCESS:KEEP_AS_DISTINCT	NONE	PENDING	PENDING	EMPTY	EMPTY
429	9d3e97129f24bc9073f63ffb3be09a9ce4a07bcef4d522f047fe4c7a1700dbd4	CIC_W	115	W_MID	지적측량	측량 > 지적측량	측량	11	2	AMBIGUOUS	UNREVIEWED	PROCESS	KEEP_AS_DISTINCT	208	5	1151 | 1152 | 1153 | 1154 | 1155	신규등록측량 | 등록전환측량 - - 대․중․소 분류대․중․소 분류 | 분할측량 | 경계복원측량 | 지적확정측량	NO	0	0	0	0	0	0	0	0	5	0	0	0	0		1151:신규등록측량 | 1152:등록전환측량 - - 대․중․소 분류대․중․소 분류 | 1153:분할측량 | 1154:경계복원측량 | 1155:지적확정측량	NO_REVIEWED_CHILDREN	PENDING	1	측량 > 지적측량	0		6	기본측량 | 지형측량 | 하해측량 | 노선측량 | 시공측량 | 기타응용측량	3	111:기본측량:PROCESS:KEEP_AS_DISTINCT | 114:노선측량:PROCESS:KEEP_AS_DISTINCT | 116:시공측량:PROCESS:KEEP_AS_DISTINCT	NONE	PENDING	PENDING	EMPTY	EMPTY
430	ba4bbcb1fe4dfd8e865d45cbfd5b3a5a21f5cee97fb39753a0126260f2ee4cca	CIC_W	119	W_MID	기타응용측량	측량 > 기타응용측량	측량	11	2	AMBIGUOUS	UNREVIEWED	PROCESS	KEEP_AS_DISTINCT	208	4	1191 | 1192 | 1193 | 1194	시가지측량 | 건축측량 | 터널및광산측량 | 농지및삼림측량	NO	0	0	0	0	0	0	0	0	4	0	0	0	0		1191:시가지측량 | 1192:건축측량 | 1193:터널및광산측량 | 1194:농지및삼림측량	NO_REVIEWED_CHILDREN	PENDING	1	측량 > 기타응용측량	0		6	기본측량 | 지형측량 | 하해측량 | 노선측량 | 지적측량 | 시공측량	3	111:기본측량:PROCESS:KEEP_AS_DISTINCT | 114:노선측량:PROCESS:KEEP_AS_DISTINCT | 116:시공측량:PROCESS:KEEP_AS_DISTINCT	NONE	PENDING	PENDING	EMPTY	EMPTY
431	212300bb3c4d6e22d263c5a97e759e118ddc718df43abc08dc4fe4148e35bce7	CIC_W	122	W_MID	구조체계측	계측 > 구조체계측	계측	12	2	AMBIGUOUS	UNREVIEWED	PROCESS	KEEP_AS_DISTINCT	209	4	1221 | 1222 | 1223 | 1227	구조체정적계측 | 동적계측 | 하중측정 | 누수량측정	NO	0	0	0	0	0	0	0	0	4	0	0	0	0		1221:구조체정적계측 | 1222:동적계측 | 1223:하중측정 | 1227:누수량측정	NO_REVIEWED_CHILDREN	PENDING	1	계측 > 구조체계측	0		8	토공사계측 | 터널공사계측 | 교량공사계측 | 댐 제방계측 | 단열 방음및방수공사계측 | 전기설비계측 | 기계설비계측 | 기타공사계측	3	121:토공사계측:PROCESS:KEEP_AS_DISTINCT | 123:터널공사계측:PROCESS:KEEP_AS_DISTINCT | 125:댐 제방계측:PROCESS:KEEP_AS_DISTINCT	NONE	PENDING	PENDING	EMPTY	EMPTY
432	681b34793e2a0b27aa85597a3047582655a3eeed5b8970f404ec2b88d687c1fa	CIC_W	124	W_MID	교량공사계측	계측 > 교량공사계측	계측	12	2	AMBIGUOUS	UNREVIEWED	PROCESS	KEEP_AS_DISTINCT	209	2	1241 | 1242	교량정적계측 | 동적계측	NO	0	0	0	0	0	0	0	0	2	0	0	0	0		1241:교량정적계측 | 1242:동적계측	NO_REVIEWED_CHILDREN	PENDING	1	계측 > 교량공사계측	0		8	토공사계측 | 구조체계측 | 터널공사계측 | 댐 제방계측 | 단열 방음및방수공사계측 | 전기설비계측 | 기계설비계측 | 기타공사계측	3	121:토공사계측:PROCESS:KEEP_AS_DISTINCT | 123:터널공사계측:PROCESS:KEEP_AS_DISTINCT | 125:댐 제방계측:PROCESS:KEEP_AS_DISTINCT	NONE	PENDING	PENDING	EMPTY	EMPTY
433	45655295b94db500ea2dc03a2d1723bdcef5dd02efa4fd59ad43d502f329caf0	CIC_W	126	W_MID	단열 방음및방수공사계측	계측 > 단열 방음및방수공사계측	계측	12	2	AMBIGUOUS	UNREVIEWED	PROCESS	KEEP_AS_DISTINCT	209	0			NO	0	0	0	0	0	0	0	0	0	0	0	0	0			NO_REVIEWED_CHILDREN	PENDING	1	계측 > 단열 방음및방수공사계측	0		8	토공사계측 | 구조체계측 | 터널공사계측 | 교량공사계측 | 댐 제방계측 | 전기설비계측 | 기계설비계측 | 기타공사계측	3	121:토공사계측:PROCESS:KEEP_AS_DISTINCT | 123:터널공사계측:PROCESS:KEEP_AS_DISTINCT | 125:댐 제방계측:PROCESS:KEEP_AS_DISTINCT	NONE	PENDING	PENDING	EMPTY	EMPTY
434	2bfc5770587ec30ee5b62dda465f22ff4e77a4fa24a95450649a8e828cf604cd	CIC_W	127	W_MID	전기설비계측	계측 > 전기설비계측	계측	12	2	AMBIGUOUS	UNREVIEWED	PROCESS	KEEP_AS_DISTINCT	209	0			NO	0	0	0	0	0	0	0	0	0	0	0	0	0			NO_REVIEWED_CHILDREN	PENDING	1	계측 > 전기설비계측	0		8	토공사계측 | 구조체계측 | 터널공사계측 | 교량공사계측 | 댐 제방계측 | 단열 방음및방수공사계측 | 기계설비계측 | 기타공사계측	3	121:토공사계측:PROCESS:KEEP_AS_DISTINCT | 123:터널공사계측:PROCESS:KEEP_AS_DISTINCT | 125:댐 제방계측:PROCESS:KEEP_AS_DISTINCT	CONTAINS_설비	PENDING	PENDING	EMPTY	EMPTY
435	2b26f8a695f47923e4f01dabe4796f693aaa51483afe05c276a1e99fe2441405	CIC_W	128	W_MID	기계설비계측	계측 > 기계설비계측	계측	12	2	AMBIGUOUS	UNREVIEWED	PROCESS	KEEP_AS_DISTINCT	209	0			NO	0	0	0	0	0	0	0	0	0	0	0	0	0			NO_REVIEWED_CHILDREN	PENDING	1	계측 > 기계설비계측	0		8	토공사계측 | 구조체계측 | 터널공사계측 | 교량공사계측 | 댐 제방계측 | 단열 방음및방수공사계측 | 전기설비계측 | 기타공사계측	3	121:토공사계측:PROCESS:KEEP_AS_DISTINCT | 123:터널공사계측:PROCESS:KEEP_AS_DISTINCT | 125:댐 제방계측:PROCESS:KEEP_AS_DISTINCT	CONTAINS_설비	PENDING	PENDING	EMPTY	EMPTY
436	d921aa98da4efcc819c2e5ae75bbb41e85cc38233c176fd8ad70e9473e1dff3d	CIC_W	129	W_MID	기타공사계측	계측 > 기타공사계측	계측	12	2	AMBIGUOUS	UNREVIEWED	PROCESS	KEEP_AS_DISTINCT	209	0			NO	0	0	0	0	0	0	0	0	0	0	0	0	0			NO_REVIEWED_CHILDREN	PENDING	1	계측 > 기타공사계측	0		8	토공사계측 | 구조체계측 | 터널공사계측 | 교량공사계측 | 댐 제방계측 | 단열 방음및방수공사계측 | 전기설비계측 | 기계설비계측	3	121:토공사계측:PROCESS:KEEP_AS_DISTINCT | 123:터널공사계측:PROCESS:KEEP_AS_DISTINCT | 125:댐 제방계측:PROCESS:KEEP_AS_DISTINCT	NONE	PENDING	PENDING	EMPTY	EMPTY
437	f8f5001ecaf8b04d5927dbd642eb58627cf6c4d81073ae69d35466c042cc7bbb	CIC_W	131	W_MID	시험굴착	지반조사 > 시험굴착	지반조사	13	2	AMBIGUOUS	UNREVIEWED	PROCESS	KEEP_AS_DISTINCT	210	1	1311	암이외의지질시험굴착	NO	1	0	1	0	0	0	0	0	0	1	0	0	0	1311:암이외의지질시험굴착:TASK:KEEP_AS_DISTINCT		ALL_REVIEWED_SINGLE_KIND	PENDING	1	지반조사 > 시험굴착	0		5	시추(보링) | 샘플링 | 현장시험 | 실내실험 | 암석 암반시험	1	135:실내실험:PROCESS:KEEP_AS_DISTINCT	NONE	PENDING	PENDING	EMPTY	EMPTY
438	3a415d4f8a7b016b2d1368c55360d2d240f36b0d628223c8f8ce44770580ad71	CIC_W	132	W_MID	시추(보링)	지반조사 > 시추(보링)	지반조사	13	2	AMBIGUOUS	UNREVIEWED	PROCESS	KEEP_AS_DISTINCT	210	2	1321 | 1322	충격식(Percussion)시추 | 회전식(Rotary)시추	NO	0	0	0	0	0	0	0	0	2	0	0	0	0		1321:충격식(Percussion)시추 | 1322:회전식(Rotary)시추	NO_REVIEWED_CHILDREN	PENDING	1	지반조사 > 시추(보링)	0		5	시험굴착 | 샘플링 | 현장시험 | 실내실험 | 암석 암반시험	1	135:실내실험:PROCESS:KEEP_AS_DISTINCT	NONE	PENDING	PENDING	EMPTY	EMPTY
439	66944a27a746d9c49274c390c714e1ae3de44f229b9347ad452659a099b200e5	CIC_W	133	W_MID	샘플링	지반조사 > 샘플링	지반조사	13	2	AMBIGUOUS	UNREVIEWED	PROCESS	KEEP_AS_DISTINCT	210	1	1331	지표면 시험굴착시료	NO	0	0	0	0	0	0	0	0	1	0	0	0	0		1331:지표면 시험굴착시료	NO_REVIEWED_CHILDREN	PENDING	1	지반조사 > 샘플링	0		5	시험굴착 | 시추(보링) | 현장시험 | 실내실험 | 암석 암반시험	1	135:실내실험:PROCESS:KEEP_AS_DISTINCT	NONE	PENDING	PENDING	EMPTY	EMPTY
440	9cfcdfc88b2b28e969e11900feae9d6c81321546243826469ab37b93bf69d0a7	CIC_W	134	W_MID	현장시험	지반조사 > 현장시험	지반조사	13	2	AMBIGUOUS	UNREVIEWED	PROCESS	KEEP_AS_DISTINCT	210	4	1341 | 1342 | 1343 | 1344	일반현장시험 | 압밀시험 | 다짐시험 | 사운딩시험	NO	0	0	0	0	0	0	0	0	4	0	0	0	0		1341:일반현장시험 | 1342:압밀시험 | 1343:다짐시험 | 1344:사운딩시험	NO_REVIEWED_CHILDREN	PENDING	1	지반조사 > 현장시험	0		5	시험굴착 | 시추(보링) | 샘플링 | 실내실험 | 암석 암반시험	1	135:실내실험:PROCESS:KEEP_AS_DISTINCT	NONE	PENDING	PENDING	EMPTY	EMPTY
441	57007db7b58036eee435035a3344f80e6107c647f63d126338008e5665ed368e	CIC_W	136	W_MID	암석 암반시험	지반조사 > 암석 암반시험	지반조사	13	2	AMBIGUOUS	UNREVIEWED	PROCESS	KEEP_AS_DISTINCT	210	2	1361 | 1362	암석시험 | 암반시험	NO	0	0	0	0	0	0	0	0	2	0	0	0	0		1361:암석시험 | 1362:암반시험	NO_REVIEWED_CHILDREN	PENDING	1	지반조사 > 암석 암반시험	0		5	시험굴착 | 시추(보링) | 샘플링 | 현장시험 | 실내실험	1	135:실내실험:PROCESS:KEEP_AS_DISTINCT	NONE	PENDING	PENDING	EMPTY	EMPTY
442	e86862d58547e3d116c9d753bba38c61a912b8b67bd91577e0ef8f89aad99c24	CIC_W	181	W_MID	지상지장물철거 해체	철거해체공사및시설물보호 > 지상지장물철거 해체	철거해체공사및시설물보호	18	2	AMBIGUOUS	UNREVIEWED	PROCESS	KEEP_AS_DISTINCT	211	5	1811 | 1812 | 1813 | 1814 | 1815	벌개 제근 | 지장수목이식 | 암지장물제거 | 설치지장물제거 | 토석제거	NO	1	0	1	0	0	0	0	0	4	1	0	0	0	1811:벌개 제근:TASK:KEEP_AS_DISTINCT	1812:지장수목이식 | 1813:암지장물제거 | 1814:설치지장물제거 | 1815:토석제거	PARTIAL_REVIEW_SINGLE_KIND	PENDING	1	철거해체공사및시설물보호 > 지상지장물철거 해체	0		8	지상구조물철거 해체 | 해상구조물철거 해체 | 지하지장물철거 해체 | 지하구조물제거 - - 대․중․소 분류대․중․소 분류 | 기계설비철거 해체 | 전기 통신설비철거 해체 | 지장물보호 | 기타철거 해체공사및시설물보호	3	184:지하지장물철거 해체:PROCESS:KEEP_AS_DISTINCT | 186:기계설비철거 해체:PROCESS:KEEP_AS_DISTINCT | 187:전기 통신설비철거 해체:PROCESS:KEEP_AS_DISTINCT	NONE	PENDING	PENDING	EMPTY	EMPTY
443	995cde72019f92f0a70112fc04e17bfdc744d075b491335224e6bf500bd6db3f	CIC_W	182	W_MID	지상구조물철거 해체	철거해체공사및시설물보호 > 지상구조물철거 해체	철거해체공사및시설물보호	18	2	AMBIGUOUS	UNREVIEWED	PROCESS	KEEP_AS_DISTINCT	211	4	1821 | 1823 | 1824 | 1825	콘크리트구조물철거 | 철골구조물철거 | 포장제거 | 석축및옹벽철거	NO	0	0	0	0	0	0	0	0	4	0	0	0	0		1821:콘크리트구조물철거 | 1823:철골구조물철거 | 1824:포장제거 | 1825:석축및옹벽철거	NO_REVIEWED_CHILDREN	PENDING	1	철거해체공사및시설물보호 > 지상구조물철거 해체	0		8	지상지장물철거 해체 | 해상구조물철거 해체 | 지하지장물철거 해체 | 지하구조물제거 - - 대․중․소 분류대․중․소 분류 | 기계설비철거 해체 | 전기 통신설비철거 해체 | 지장물보호 | 기타철거 해체공사및시설물보호	3	184:지하지장물철거 해체:PROCESS:KEEP_AS_DISTINCT | 186:기계설비철거 해체:PROCESS:KEEP_AS_DISTINCT | 187:전기 통신설비철거 해체:PROCESS:KEEP_AS_DISTINCT	NONE	PENDING	PENDING	EMPTY	EMPTY
444	6056d6bdeb678de85c6f763540f387c837d899b43515b534bb9eef70afaa9333	CIC_W	183	W_MID	해상구조물철거 해체	철거해체공사및시설물보호 > 해상구조물철거 해체	철거해체공사및시설물보호	18	2	AMBIGUOUS	UNREVIEWED	PROCESS	KEEP_AS_DISTINCT	211	4	1831 | 1832 | 1833 | 1834	해상콘크리트구조물철거 해체 | 해상조적구조물철거 해체 | 해상철골구조물철거해체 | 해상토석제거	NO	0	0	0	0	0	0	0	0	4	0	0	0	0		1831:해상콘크리트구조물철거 해체 | 1832:해상조적구조물철거 해체 | 1833:해상철골구조물철거해체 | 1834:해상토석제거	NO_REVIEWED_CHILDREN	PENDING	1	철거해체공사및시설물보호 > 해상구조물철거 해체	0		8	지상지장물철거 해체 | 지상구조물철거 해체 | 지하지장물철거 해체 | 지하구조물제거 - - 대․중․소 분류대․중․소 분류 | 기계설비철거 해체 | 전기 통신설비철거 해체 | 지장물보호 | 기타철거 해체공사및시설물보호	3	184:지하지장물철거 해체:PROCESS:KEEP_AS_DISTINCT | 186:기계설비철거 해체:PROCESS:KEEP_AS_DISTINCT | 187:전기 통신설비철거 해체:PROCESS:KEEP_AS_DISTINCT	NONE	PENDING	PENDING	EMPTY	EMPTY
445	316e2752c109f91a051fc3feff4b62f8494c770ba60b53e561f7ef09349aebb2	CIC_W	185	W_MID	지하구조물제거 - - 대․중․소 분류대․중․소 분류	철거해체공사및시설물보호 > 지하구조물제거 - - 대․중․소 분류대․중․소 분류	철거해체공사및시설물보호	18	2	AMBIGUOUS	UNREVIEWED	PROCESS	KEEP_AS_DISTINCT	211	4	1851 | 1852 | 1853 | 1859	철근콘크리트기초제거 | 무근콘크리트제거 | 암거제거 | 기타지하구조물제거	NO	0	0	0	0	0	0	0	0	4	0	0	0	0		1851:철근콘크리트기초제거 | 1852:무근콘크리트제거 | 1853:암거제거 | 1859:기타지하구조물제거	NO_REVIEWED_CHILDREN	PENDING	1	철거해체공사및시설물보호 > 지하구조물제거 - - 대․중․소 분류대․중․소 분류	0		8	지상지장물철거 해체 | 지상구조물철거 해체 | 해상구조물철거 해체 | 지하지장물철거 해체 | 기계설비철거 해체 | 전기 통신설비철거 해체 | 지장물보호 | 기타철거 해체공사및시설물보호	3	184:지하지장물철거 해체:PROCESS:KEEP_AS_DISTINCT | 186:기계설비철거 해체:PROCESS:KEEP_AS_DISTINCT | 187:전기 통신설비철거 해체:PROCESS:KEEP_AS_DISTINCT	NONE	PENDING	PENDING	EMPTY	EMPTY
446	09a5f69ff8dbe20c20bb19d9086397d01165e17fab19e738b9c89f0c61981b0a	CIC_W	188	W_MID	지장물보호	철거해체공사및시설물보호 > 지장물보호	철거해체공사및시설물보호	18	2	AMBIGUOUS	UNREVIEWED	PROCESS	KEEP_AS_DISTINCT	211	4	1881 | 1882 | 1883 | 1884	기존관보호 | 지상구조물보호 | 지하구조물보호 | 수목보호	NO	0	0	0	0	0	0	0	0	4	0	0	0	0		1881:기존관보호 | 1882:지상구조물보호 | 1883:지하구조물보호 | 1884:수목보호	NO_REVIEWED_CHILDREN	PENDING	1	철거해체공사및시설물보호 > 지장물보호	0		8	지상지장물철거 해체 | 지상구조물철거 해체 | 해상구조물철거 해체 | 지하지장물철거 해체 | 지하구조물제거 - - 대․중․소 분류대․중․소 분류 | 기계설비철거 해체 | 전기 통신설비철거 해체 | 기타철거 해체공사및시설물보호	3	184:지하지장물철거 해체:PROCESS:KEEP_AS_DISTINCT | 186:기계설비철거 해체:PROCESS:KEEP_AS_DISTINCT | 187:전기 통신설비철거 해체:PROCESS:KEEP_AS_DISTINCT	NONE	PENDING	PENDING	EMPTY	EMPTY
447	99c8bd788afdb0a968a28a47760d4ff4c45e842470ff302373f77cc21ae4205e	CIC_W	189	W_MID	기타철거 해체공사및시설물보호	철거해체공사및시설물보호 > 기타철거 해체공사및시설물보호	철거해체공사및시설물보호	18	2	AMBIGUOUS	UNREVIEWED	PROCESS	KEEP_AS_DISTINCT	211	0			NO	0	0	0	0	0	0	0	0	0	0	0	0	0			NO_REVIEWED_CHILDREN	PENDING	1	철거해체공사및시설물보호 > 기타철거 해체공사및시설물보호	0		8	지상지장물철거 해체 | 지상구조물철거 해체 | 해상구조물철거 해체 | 지하지장물철거 해체 | 지하구조물제거 - - 대․중․소 분류대․중․소 분류 | 기계설비철거 해체 | 전기 통신설비철거 해체 | 지장물보호	3	184:지하지장물철거 해체:PROCESS:KEEP_AS_DISTINCT | 186:기계설비철거 해체:PROCESS:KEEP_AS_DISTINCT | 187:전기 통신설비철거 해체:PROCESS:KEEP_AS_DISTINCT	NONE	PENDING	PENDING	EMPTY	EMPTY
448	1b16a4e7b14832ddb29a5e6d547db0614a8fad1654fcd00b1675859f05e22210	CIC_W	212	W_MID	흙깍기(절토)	토공사 > 흙깍기(절토)	토공사	21	2	AMBIGUOUS	UNREVIEWED	PROCESS	KEEP_AS_DISTINCT	212	5	2121 | 2122 | 2123 | 2124 | 2125	발파 | 토사흙깍기 | 리핑암흙깍기 | 발파암흙깍기 | 인위적경화물질흙깍기	NO	0	0	0	0	0	0	0	0	5	0	0	0	0		2121:발파 | 2122:토사흙깍기 | 2123:리핑암흙깍기 | 2124:발파암흙깍기 | 2125:인위적경화물질흙깍기	NO_REVIEWED_CHILDREN	PENDING	1	토공사 > 흙깍기(절토)	0		7	표토제거및부지정지 | 터파기 | 트랜치터파기 | 흙쌓기(성토) | 되메우기 | 토사처리및운반 | 사면보호	1	211:표토제거및부지정지:PROCESS:KEEP_AS_DISTINCT	NONE	PENDING	PENDING	EMPTY	EMPTY
449	9b50e09949b8a2162b2d080beb81c3115b6a91d51951a1a320137451908d0343	CIC_W	213	W_MID	터파기	토공사 > 터파기	토공사	21	2	AMBIGUOUS	UNREVIEWED	PROCESS	KEEP_AS_DISTINCT	212	4	2131 | 2132 | 2133 | 2134	토사터파기 | 리핑암터파기 | 발파암터파기 | 인위적경화물질터파기	NO	0	0	0	0	0	0	0	0	4	0	0	0	0		2131:토사터파기 | 2132:리핑암터파기 | 2133:발파암터파기 | 2134:인위적경화물질터파기	NO_REVIEWED_CHILDREN	PENDING	1	토공사 > 터파기	0		7	표토제거및부지정지 | 흙깍기(절토) | 트랜치터파기 | 흙쌓기(성토) | 되메우기 | 토사처리및운반 | 사면보호	1	211:표토제거및부지정지:PROCESS:KEEP_AS_DISTINCT	NONE	PENDING	PENDING	EMPTY	EMPTY
450	03ac9689e14f8799e86516cb59840823beea8bf13eed69d0a15e284f8f062b52	CIC_W	214	W_MID	트랜치터파기	토공사 > 트랜치터파기	토공사	21	2	AMBIGUOUS	UNREVIEWED	PROCESS	KEEP_AS_DISTINCT	212	4	2141 | 2142 | 2143 | 2144	토사트렌치터파기 | 리핑암트렌치터파기 | 발파암트렌치터파기 | 경화물질트렌치터파기	NO	0	0	0	0	0	0	0	0	4	0	0	0	0		2141:토사트렌치터파기 | 2142:리핑암트렌치터파기 | 2143:발파암트렌치터파기 | 2144:경화물질트렌치터파기	NO_REVIEWED_CHILDREN	PENDING	1	토공사 > 트랜치터파기	0		7	표토제거및부지정지 | 흙깍기(절토) | 터파기 | 흙쌓기(성토) | 되메우기 | 토사처리및운반 | 사면보호	1	211:표토제거및부지정지:PROCESS:KEEP_AS_DISTINCT	NONE	PENDING	PENDING	EMPTY	EMPTY
451	215518746d4b48e67cdba1d913257fe46f7925e0dee98b2c957b965e27fc929c	CIC_W	215	W_MID	흙쌓기(성토)	토공사 > 흙쌓기(성토)	토공사	21	2	AMBIGUOUS	UNREVIEWED	PROCESS	KEEP_AS_DISTINCT	212	5	2151 | 2152 | 2153 | 2154 | 2159	토사흙쌓기 | 혼합골재쌓기 | 사석쌓기 | 버럭쌓기 | 기타흙쌓기	NO	0	0	0	0	0	0	0	0	5	0	0	0	0		2151:토사흙쌓기 | 2152:혼합골재쌓기 | 2153:사석쌓기 | 2154:버럭쌓기 | 2159:기타흙쌓기	NO_REVIEWED_CHILDREN	PENDING	1	토공사 > 흙쌓기(성토)	0		7	표토제거및부지정지 | 흙깍기(절토) | 터파기 | 트랜치터파기 | 되메우기 | 토사처리및운반 | 사면보호	1	211:표토제거및부지정지:PROCESS:KEEP_AS_DISTINCT	NONE	PENDING	PENDING	EMPTY	EMPTY
452	ec4f2c9498b2ea6baad528470eeeac0931de12a08471ff6956f307122bb05fc7	CIC_W	216	W_MID	되메우기	토공사 > 되메우기	토공사	21	2	AMBIGUOUS	UNREVIEWED	PROCESS	KEEP_AS_DISTINCT	212	4	2161 | 2162 | 2163 | 2164	토사되메우기 | 혼합골재되메우기 | 사석되메우기 | 버럭되메우기	NO	0	0	0	0	0	0	0	0	4	0	0	0	0		2161:토사되메우기 | 2162:혼합골재되메우기 | 2163:사석되메우기 | 2164:버럭되메우기	NO_REVIEWED_CHILDREN	PENDING	1	토공사 > 되메우기	0		7	표토제거및부지정지 | 흙깍기(절토) | 터파기 | 트랜치터파기 | 흙쌓기(성토) | 토사처리및운반 | 사면보호	1	211:표토제거및부지정지:PROCESS:KEEP_AS_DISTINCT	NONE	PENDING	PENDING	EMPTY	EMPTY
453	c5df98c0c23f2f9a2b9edb263d89499e2aaa1f213926fee0f188cec50b555a5c	CIC_W	217	W_MID	토사처리및운반	토공사 > 토사처리및운반	토공사	21	2	AMBIGUOUS	UNREVIEWED	PROCESS	KEEP_AS_DISTINCT	212	4	2171 | 2172 | 2173 | 2174	토사생산 처리장 | 성토재생산및선별 | 흙깍기․잔토처리 | 흙쌓기운반	NO	0	0	0	0	0	0	0	0	4	0	0	0	0		2171:토사생산 처리장 | 2172:성토재생산및선별 | 2173:흙깍기․잔토처리 | 2174:흙쌓기운반	NO_REVIEWED_CHILDREN	PENDING	1	토공사 > 토사처리및운반	0		7	표토제거및부지정지 | 흙깍기(절토) | 터파기 | 트랜치터파기 | 흙쌓기(성토) | 되메우기 | 사면보호	1	211:표토제거및부지정지:PROCESS:KEEP_AS_DISTINCT	NONE	PENDING	PENDING	EMPTY	EMPTY
454	5beb0b35accd48cebc1ceac2949cadf8aae5f857e73ef0d6a8a52873e600291a	CIC_W	218	W_MID	사면보호	토공사 > 사면보호	토공사	21	2	AMBIGUOUS	UNREVIEWED	PROCESS	KEEP_AS_DISTINCT	212	2	2185 | 2186	비탈면보호 | 암사면보호	NO	0	0	0	0	0	0	0	0	2	0	0	0	0		2185:비탈면보호 | 2186:암사면보호	NO_REVIEWED_CHILDREN	PENDING	1	토공사 > 사면보호	0		7	표토제거및부지정지 | 흙깍기(절토) | 터파기 | 트랜치터파기 | 흙쌓기(성토) | 되메우기 | 토사처리및운반	1	211:표토제거및부지정지:PROCESS:KEEP_AS_DISTINCT	NONE	PENDING	PENDING	EMPTY	EMPTY
455	20a0c467d770d18a48f8e121dba83e56347dfc58bc0243c1c9b6eea19f6033a3	CIC_W	221	W_MID	치환	지반개량및지반보강공사 > 치환	지반개량및지반보강공사	22	2	AMBIGUOUS	UNREVIEWED	PROCESS	KEEP_AS_DISTINCT	213	2	2211 | 2212	굴착치환 | 강제치환	NO	1	0	1	0	0	0	0	0	1	1	0	0	0	2211:굴착치환:TASK:KEEP_AS_DISTINCT	2212:강제치환	PARTIAL_REVIEW_SINGLE_KIND	PENDING	1	지반개량및지반보강공사 > 치환	0		6	표층처리 | 지반배수 | 고결공법 | 다짐공법 | 지반그라우팅 | 지반앵커(GroundAnchor)	4	222:표층처리:PROCESS:KEEP_AS_DISTINCT | 223:지반배수:PROCESS:KEEP_AS_DISTINCT | 224:고결공법:METHOD:REJECT | 225:다짐공법:METHOD:REJECT	NONE	PENDING	PENDING	EMPTY	EMPTY
456	f7a1596f18911a69dd36553dd57ea436c77e2784b46c546e458d1d2a6c3ea582	CIC_W	226	W_MID	지반그라우팅	지반개량및지반보강공사 > 지반그라우팅	지반개량및지반보강공사	22	2	AMBIGUOUS	UNREVIEWED	PROCESS	KEEP_AS_DISTINCT	213	4	2261 | 2262 | 2263 | 2267	지반그라우팅준비공사 | 그라우팅천공 | 지반그라우팅 | 지반그라우팅검사 - - 대․중․소 분류대․중․소 분류	NO	0	0	0	0	0	0	0	0	4	0	0	0	0		2261:지반그라우팅준비공사 | 2262:그라우팅천공 | 2263:지반그라우팅 | 2267:지반그라우팅검사 - - 대․중․소 분류대․중․소 분류	NO_REVIEWED_CHILDREN	PENDING	1	지반개량및지반보강공사 > 지반그라우팅	0		6	치환 | 표층처리 | 지반배수 | 고결공법 | 다짐공법 | 지반앵커(GroundAnchor)	4	222:표층처리:PROCESS:KEEP_AS_DISTINCT | 223:지반배수:PROCESS:KEEP_AS_DISTINCT | 224:고결공법:METHOD:REJECT | 225:다짐공법:METHOD:REJECT	NONE	PENDING	PENDING	EMPTY	EMPTY
457	c6ceb9d8a36505d7415bff356e51efe7d3f979c55c7f18a0f0683d7a60b97310	CIC_W	227	W_MID	지반앵커(GroundAnchor)	지반개량및지반보강공사 > 지반앵커(GroundAnchor)	지반개량및지반보강공사	22	2	AMBIGUOUS	UNREVIEWED	PROCESS	KEEP_AS_DISTINCT	213	0			NO	0	0	0	0	0	0	0	0	0	0	0	0	0			NO_REVIEWED_CHILDREN	PENDING	1	지반개량및지반보강공사 > 지반앵커(GroundAnchor)	0		6	치환 | 표층처리 | 지반배수 | 고결공법 | 다짐공법 | 지반그라우팅	4	222:표층처리:PROCESS:KEEP_AS_DISTINCT | 223:지반배수:PROCESS:KEEP_AS_DISTINCT | 224:고결공법:METHOD:REJECT | 225:다짐공법:METHOD:REJECT	NONE	PENDING	PENDING	EMPTY	EMPTY
458	09825170409222951199dccfd34e23b40cb02514edef3ef46e5e9b54f17dc600	CIC_W	231	W_MID	현장타설말뚝	말뚝공사 > 현장타설말뚝	말뚝공사	23	2	AMBIGUOUS	UNREVIEWED	PROCESS	KEEP_AS_DISTINCT	214	3	2311 | 2312 | 2313	기계식굴착 | 관입공법 | 심초말뚝	NO	1	0	1	0	0	0	0	0	2	1	0	0	0	2311:기계식굴착:TASK:KEEP_AS_DISTINCT	2312:관입공법 | 2313:심초말뚝	PARTIAL_REVIEW_SINGLE_KIND	PENDING	1	말뚝공사 > 현장타설말뚝	0		6	기성말뚝 | 케이슨기초 | 연결말뚝(널말뚝) | 지하연속벽(SlurryWall) | 시트파일(SheetPile) | 기초보강공사	0		MATERIAL_LIKE_TOKEN	PENDING	PENDING	EMPTY	EMPTY
459	7fede6271a29cfb07c57510ce245ff1a3c44813b32efccdea5c33ac385dabf09	CIC_W	232	W_MID	기성말뚝	말뚝공사 > 기성말뚝	말뚝공사	23	2	AMBIGUOUS	UNREVIEWED	PROCESS	KEEP_AS_DISTINCT	214	5	2321 | 2322 | 2323 | 2324 | 2325	기성PC말뚝 | 독립강관말뚝 | 독립H말뚝 | RC말뚝 | 목재말뚝	NO	1	0	0	0	1	0	0	0	4	0	0	0	1	2324:RC말뚝:MATERIAL_COMPONENT:REJECT	2321:기성PC말뚝 | 2322:독립강관말뚝 | 2323:독립H말뚝 | 2325:목재말뚝	PARTIAL_REVIEW_SINGLE_KIND	PENDING	1	말뚝공사 > 기성말뚝	0		6	현장타설말뚝 | 케이슨기초 | 연결말뚝(널말뚝) | 지하연속벽(SlurryWall) | 시트파일(SheetPile) | 기초보강공사	0		MATERIAL_LIKE_TOKEN	PENDING	PENDING	EMPTY	EMPTY
460	3b867ca52b24777fa3d254eb5b6e08a2671aabd5293900d404c2a9513c80053d	CIC_W	233	W_MID	케이슨기초	말뚝공사 > 케이슨기초	말뚝공사	23	2	AMBIGUOUS	UNREVIEWED	PROCESS	KEEP_AS_DISTINCT	214	3	2331 | 2332 | 2333	오픈케이슨(OpenCaission) | 뉴메틱케이슨(PneumaticCaission) | 박스케이슨(BoxCaission)	NO	0	0	0	0	0	0	0	0	3	0	0	0	0		2331:오픈케이슨(OpenCaission) | 2332:뉴메틱케이슨(PneumaticCaission) | 2333:박스케이슨(BoxCaission)	NO_REVIEWED_CHILDREN	PENDING	1	말뚝공사 > 케이슨기초	0		6	현장타설말뚝 | 기성말뚝 | 연결말뚝(널말뚝) | 지하연속벽(SlurryWall) | 시트파일(SheetPile) | 기초보강공사	0		NONE	PENDING	PENDING	EMPTY	EMPTY
461	02572840b246de7674e7d8c16aac12c883a94775adacc07cc0f96e091720303b	CIC_W	234	W_MID	연결말뚝(널말뚝)	말뚝공사 > 연결말뚝(널말뚝)	말뚝공사	23	2	AMBIGUOUS	UNREVIEWED	PROCESS	KEEP_AS_DISTINCT	214	3	2341 | 2342 | 2343	현장타설연결말뚝 | 강재연결말뚝 | 기성PC연결말뚝	NO	0	0	0	0	0	0	0	0	3	0	0	0	0		2341:현장타설연결말뚝 | 2342:강재연결말뚝 | 2343:기성PC연결말뚝	NO_REVIEWED_CHILDREN	PENDING	1	말뚝공사 > 연결말뚝(널말뚝)	0		6	현장타설말뚝 | 기성말뚝 | 케이슨기초 | 지하연속벽(SlurryWall) | 시트파일(SheetPile) | 기초보강공사	0		MATERIAL_LIKE_TOKEN	PENDING	PENDING	EMPTY	EMPTY
462	bc28afa7dd3e377f47f7ad842de2fb8ff866250540fb32349d60006a9a3c4d5b	CIC_W	235	W_MID	지하연속벽(SlurryWall)	말뚝공사 > 지하연속벽(SlurryWall)	말뚝공사	23	2	AMBIGUOUS	UNREVIEWED	PROCESS	KEEP_AS_DISTINCT	214	4	2351 | 2352 | 2353 | 2354	벤토나이트슬러리월 | Attiplugite슬러리월 | 슬러리-토양막합성슬러리월 | 린콘크리트슬러리월	NO	1	0	0	0	0	0	0	1	3	0	0	1	0	2352:Attiplugite슬러리월:AMBIGUOUS:HOLD	2351:벤토나이트슬러리월 | 2353:슬러리-토양막합성슬러리월 | 2354:린콘크리트슬러리월	PARTIAL_REVIEW_SINGLE_KIND	PENDING	1	말뚝공사 > 지하연속벽(SlurryWall)	0		6	현장타설말뚝 | 기성말뚝 | 케이슨기초 | 연결말뚝(널말뚝) | 시트파일(SheetPile) | 기초보강공사	0		NONE	PENDING	PENDING	EMPTY	EMPTY
463	bc78ddeef127e2bb6ac87dc38bace10eea045b0e1e00cecb092b5f8866efd3d9	CIC_W	236	W_MID	시트파일(SheetPile)	말뚝공사 > 시트파일(SheetPile)	말뚝공사	23	2	AMBIGUOUS	UNREVIEWED	PROCESS	KEEP_AS_DISTINCT	214	0			NO	0	0	0	0	0	0	0	0	0	0	0	0	0			NO_REVIEWED_CHILDREN	PENDING	1	말뚝공사 > 시트파일(SheetPile)	0		6	현장타설말뚝 | 기성말뚝 | 케이슨기초 | 연결말뚝(널말뚝) | 지하연속벽(SlurryWall) | 기초보강공사	0		MATERIAL_LIKE_TOKEN	PENDING	PENDING	EMPTY	EMPTY
464	65efc3da685b2bd93c002a4ccb42d39ded8c962edf526a39f7c771cbc8551a2f	CIC_W	237	W_MID	기초보강공사	말뚝공사 > 기초보강공사	말뚝공사	23	2	AMBIGUOUS	UNREVIEWED	PROCESS	KEEP_AS_DISTINCT	214	4	2371 | 2372 | 2373 | 2374	기초그라우팅 | 기초지지보설치 | 기초올리기 | 기초지반보강	NO	0	0	0	0	0	0	0	0	4	0	0	0	0		2371:기초그라우팅 | 2372:기초지지보설치 | 2373:기초올리기 | 2374:기초지반보강	NO_REVIEWED_CHILDREN	PENDING	1	말뚝공사 > 기초보강공사	0		6	현장타설말뚝 | 기성말뚝 | 케이슨기초 | 연결말뚝(널말뚝) | 지하연속벽(SlurryWall) | 시트파일(SheetPile)	0		ENDS_WITH_공사	PENDING	PENDING	EMPTY	EMPTY
465	898c03d2ac0c4c50d6f6f01db3465b49b9c65e68d43f7053c07bc3a862250927	CIC_W	241	W_MID	말뚝흙막이	흙막이및지보공사 > 말뚝흙막이	흙막이및지보공사	24	2	AMBIGUOUS	UNREVIEWED	PROCESS	KEEP_AS_DISTINCT	215	5	2411 | 2412 | 2413 | 2414 | 2415	엄지말뚝가로널흙막이 | 널말뚝흙막이 | 강재널말뚝흙막이(H-Beam및토류판) | 경량강재널흙막이 | 강관널말뚝흙막이	NO	1	1	0	0	0	0	0	0	4	1	0	0	0	2411:엄지말뚝가로널흙막이:PROCESS:KEEP_AS_DISTINCT	2412:널말뚝흙막이 | 2413:강재널말뚝흙막이(H-Beam및토류판) | 2414:경량강재널흙막이 | 2415:강관널말뚝흙막이	PARTIAL_REVIEW_SINGLE_KIND	PENDING	1	흙막이및지보공사 > 말뚝흙막이	0		7	주열흙막이 | SheetPile | PC연속벽흙막이 | 지하연속벽흙막이 | 흙막이지보공사 | 어스앵커(EarthAnchor) 록앵커흙막이 | 조립식간이흙막이	2	243:SheetPile:MATERIAL_COMPONENT:REJECT | 244:PC연속벽흙막이:PROCESS:KEEP_AS_DISTINCT	MATERIAL_LIKE_TOKEN	PENDING	PENDING	EMPTY	EMPTY
466	7c7d98c2286ac3cd5f35e1cf20e8c18fcd648d86390b9b13501e0d8f97dd79d4	CIC_W	242	W_MID	주열흙막이	흙막이및지보공사 > 주열흙막이	흙막이및지보공사	24	2	AMBIGUOUS	UNREVIEWED	PROCESS	KEEP_AS_DISTINCT	215	4	2421 | 2422 | 2423 | 2424	강관주열흙막이 | 현장치기주열흙막이 | 기성제콘크리트주열흙막이 | 소일시멘트주열흙막이	NO	0	0	0	0	0	0	0	0	4	0	0	0	0		2421:강관주열흙막이 | 2422:현장치기주열흙막이 | 2423:기성제콘크리트주열흙막이 | 2424:소일시멘트주열흙막이	NO_REVIEWED_CHILDREN	PENDING	1	흙막이및지보공사 > 주열흙막이	0		7	말뚝흙막이 | SheetPile | PC연속벽흙막이 | 지하연속벽흙막이 | 흙막이지보공사 | 어스앵커(EarthAnchor) 록앵커흙막이 | 조립식간이흙막이	2	243:SheetPile:MATERIAL_COMPONENT:REJECT | 244:PC연속벽흙막이:PROCESS:KEEP_AS_DISTINCT	NONE	PENDING	PENDING	EMPTY	EMPTY
467	f17ba6bcd0464b0c66069ec6af56ed903843e651ef679fe34c7ab002ba416210	CIC_W	245	W_MID	지하연속벽흙막이	흙막이및지보공사 > 지하연속벽흙막이	흙막이및지보공사	24	2	AMBIGUOUS	UNREVIEWED	PROCESS	KEEP_AS_DISTINCT	215	0			NO	0	0	0	0	0	0	0	0	0	0	0	0	0			NO_REVIEWED_CHILDREN	PENDING	1	흙막이및지보공사 > 지하연속벽흙막이	0		7	말뚝흙막이 | 주열흙막이 | SheetPile | PC연속벽흙막이 | 흙막이지보공사 | 어스앵커(EarthAnchor) 록앵커흙막이 | 조립식간이흙막이	2	243:SheetPile:MATERIAL_COMPONENT:REJECT | 244:PC연속벽흙막이:PROCESS:KEEP_AS_DISTINCT	NONE	PENDING	PENDING	EMPTY	EMPTY
468	57d34e976696b2e8e63cacf5d1dea58c56b69be7822198727818ed6e89caf0d6	CIC_W	246	W_MID	흙막이지보공사	흙막이및지보공사 > 흙막이지보공사	흙막이및지보공사	24	2	AMBIGUOUS	UNREVIEWED	PROCESS	KEEP_AS_DISTINCT	215	4	2461 | 2462 | 2463 | 2464	목재지보공사 | 강재지보공사 | 강관지보공사 | 철근콘크리트지보공사	NO	0	0	0	0	0	0	0	0	4	0	0	0	0		2461:목재지보공사 | 2462:강재지보공사 | 2463:강관지보공사 | 2464:철근콘크리트지보공사	NO_REVIEWED_CHILDREN	PENDING	1	흙막이및지보공사 > 흙막이지보공사	0		7	말뚝흙막이 | 주열흙막이 | SheetPile | PC연속벽흙막이 | 지하연속벽흙막이 | 어스앵커(EarthAnchor) 록앵커흙막이 | 조립식간이흙막이	2	243:SheetPile:MATERIAL_COMPONENT:REJECT | 244:PC연속벽흙막이:PROCESS:KEEP_AS_DISTINCT	ENDS_WITH_공사	PENDING	PENDING	EMPTY	EMPTY
469	bcbb0f751e393ffab3e06b1cc9a38d80c907bbb98c462d2e68ca8cccee97f51e	CIC_W	247	W_MID	어스앵커(EarthAnchor) 록앵커흙막이	흙막이및지보공사 > 어스앵커(EarthAnchor) 록앵커흙막이	흙막이및지보공사	24	2	AMBIGUOUS	UNREVIEWED	PROCESS	KEEP_AS_DISTINCT	215	0			NO	0	0	0	0	0	0	0	0	0	0	0	0	0			NO_REVIEWED_CHILDREN	PENDING	1	흙막이및지보공사 > 어스앵커(EarthAnchor) 록앵커흙막이	0		7	말뚝흙막이 | 주열흙막이 | SheetPile | PC연속벽흙막이 | 지하연속벽흙막이 | 흙막이지보공사 | 조립식간이흙막이	2	243:SheetPile:MATERIAL_COMPONENT:REJECT | 244:PC연속벽흙막이:PROCESS:KEEP_AS_DISTINCT	NONE	PENDING	PENDING	EMPTY	EMPTY
470	edf25342d1e8eb59f6e1471eff41ef0b3f5a49d99ba66b099341a38f1c1688d4	CIC_W	248	W_MID	조립식간이흙막이	흙막이및지보공사 > 조립식간이흙막이	흙막이및지보공사	24	2	AMBIGUOUS	UNREVIEWED	PROCESS	KEEP_AS_DISTINCT	215	0			NO	0	0	0	0	0	0	0	0	0	0	0	0	0			NO_REVIEWED_CHILDREN	PENDING	1	흙막이및지보공사 > 조립식간이흙막이	0		7	말뚝흙막이 | 주열흙막이 | SheetPile | PC연속벽흙막이 | 지하연속벽흙막이 | 흙막이지보공사 | 어스앵커(EarthAnchor) 록앵커흙막이	2	243:SheetPile:MATERIAL_COMPONENT:REJECT | 244:PC연속벽흙막이:PROCESS:KEEP_AS_DISTINCT	NONE	PENDING	PENDING	EMPTY	EMPTY
471	43e141ba4572ad96c3c100acdf7301721eb7305e1ec5b9e61bf59527c313313d	CIC_W	251	W_MID	콘크리트자재	철근콘크리트공사 > 콘크리트자재	철근콘크리트공사	25	2	AMBIGUOUS	UNREVIEWED	PROCESS	KEEP_AS_DISTINCT	216	2	2511 | 2512	시멘트및혼화제 | 골재채취 생산	NO	1	0	0	0	1	0	0	0	1	0	0	0	1	2511:시멘트및혼화제:MATERIAL_COMPONENT:REJECT	2512:골재채취 생산	PARTIAL_REVIEW_SINGLE_KIND	PENDING	1	철근콘크리트공사 > 콘크리트자재	0		5	콘크리트생산및구입 | 콘크리트타설 | 거푸집공사 | 콘크리트보강공사 | 콘크리트부속공사	1	254:거푸집공사:PROCESS:KEEP_AS_DISTINCT	NONE	PENDING	PENDING	EMPTY	EMPTY
472	3684f8b8205931ccc615e420c4768f25c59977e2e5a9617bc3d7dd251e49de88	CIC_W	252	W_MID	콘크리트생산및구입	철근콘크리트공사 > 콘크리트생산및구입	철근콘크리트공사	25	2	AMBIGUOUS	UNREVIEWED	PROCESS	KEEP_AS_DISTINCT	216	2	2521 | 2523	콘크리트생산 | 콘크리트구입	NO	0	0	0	0	0	0	0	0	2	0	0	0	0		2521:콘크리트생산 | 2523:콘크리트구입	NO_REVIEWED_CHILDREN	PENDING	1	철근콘크리트공사 > 콘크리트생산및구입	0		5	콘크리트자재 | 콘크리트타설 | 거푸집공사 | 콘크리트보강공사 | 콘크리트부속공사	1	254:거푸집공사:PROCESS:KEEP_AS_DISTINCT	NONE	PENDING	PENDING	EMPTY	EMPTY
473	8d0c01308cc552e41e2d3807b23d212fd0f0253d5e0e70d32e9cbef68df23917	CIC_W	253	W_MID	콘크리트타설	철근콘크리트공사 > 콘크리트타설	철근콘크리트공사	25	2	AMBIGUOUS	UNREVIEWED	PROCESS	KEEP_AS_DISTINCT	216	5	2531 | 2532 | 2533 | 2536 | 2537	무근콘크리트타설 | 철근콘크리트타설 | 프리스트레스콘크리트타설 | 특수콘크리트공사 | 콘크리트양생	NO	0	0	0	0	0	0	0	0	5	0	0	0	0		2531:무근콘크리트타설 | 2532:철근콘크리트타설 | 2533:프리스트레스콘크리트타설 | 2536:특수콘크리트공사 | 2537:콘크리트양생	NO_REVIEWED_CHILDREN	PENDING	1	철근콘크리트공사 > 콘크리트타설	6	KOSHA_CONSTRUCTION_PROCESS:교량 및 도로 > 콘크리트작업 > 콘크리트타설 | KOSHA_CONSTRUCTION_PROCESS:댐 > 콘크리트작업 > 콘크리트타설 | KOSHA_CONSTRUCTION_PROCESS:빌딩 > 콘크리트작업 > 콘크리트타설 | KOSHA_CONSTRUCTION_PROCESS:아파트 > 콘크리트작업 > 콘크리트타설 | KOSHA_CONSTRUCTION_PROCESS:지하철 > 콘크리트작업 > 콘크리트타설 | KOSHA_CONSTRUCTION_PROCESS:터널 > 콘크리트작업 > 콘크리트타설	5	콘크리트자재 | 콘크리트생산및구입 | 거푸집공사 | 콘크리트보강공사 | 콘크리트부속공사	1	254:거푸집공사:PROCESS:KEEP_AS_DISTINCT	NONE	PENDING	PENDING	EMPTY	EMPTY
474	8d40989e5cfd22ee59fe3758d334d6934d0bd8bf0c9ae20860d84b473f37984a	CIC_W	255	W_MID	콘크리트보강공사	철근콘크리트공사 > 콘크리트보강공사	철근콘크리트공사	25	2	AMBIGUOUS	UNREVIEWED	PROCESS	KEEP_AS_DISTINCT	216	4	2551 | 2552 | 2557 | 2559	철근가공및조립 | 포스트텐션프리스트레싱 | 특수콘크리트보강재 | 기타콘크리트보강공사	NO	0	0	0	0	0	0	0	0	4	0	0	0	0		2551:철근가공및조립 | 2552:포스트텐션프리스트레싱 | 2557:특수콘크리트보강재 | 2559:기타콘크리트보강공사	NO_REVIEWED_CHILDREN	PENDING	1	철근콘크리트공사 > 콘크리트보강공사	0		5	콘크리트자재 | 콘크리트생산및구입 | 콘크리트타설 | 거푸집공사 | 콘크리트부속공사	1	254:거푸집공사:PROCESS:KEEP_AS_DISTINCT	ENDS_WITH_공사	PENDING	PENDING	EMPTY	EMPTY
475	3e3181b6f4d10c5cb7c44dc7e2680aea51f64f25dca1e760d3ca922a3df23ce8	CIC_W	258	W_MID	콘크리트부속공사	철근콘크리트공사 > 콘크리트부속공사	철근콘크리트공사	25	2	AMBIGUOUS	UNREVIEWED	PROCESS	KEEP_AS_DISTINCT	216	5	2581 | 2582 | 2586 | 2587 | 2588	콘크리트조인트 | 지수판 | 구조물그라우팅공사 | 콘크리트면마감 | 부속물매입	NO	0	0	0	0	0	0	0	0	5	0	0	0	0		2581:콘크리트조인트 | 2582:지수판 | 2586:구조물그라우팅공사 | 2587:콘크리트면마감 | 2588:부속물매입	NO_REVIEWED_CHILDREN	PENDING	1	철근콘크리트공사 > 콘크리트부속공사	0		5	콘크리트자재 | 콘크리트생산및구입 | 콘크리트타설 | 거푸집공사 | 콘크리트보강공사	1	254:거푸집공사:PROCESS:KEEP_AS_DISTINCT	ENDS_WITH_공사	PENDING	PENDING	EMPTY	EMPTY
476	c514d7739aeaff3ce58a37d43f33188bdbe7bcf52aa86a5a6c0e538c6870c137	CIC_W	265	W_MID	기타토목PC부재조립	프리케스트콘크리트공사 > 기타토목PC부재조립	프리케스트콘크리트공사	26	2	AMBIGUOUS	UNREVIEWED	PROCESS	KEEP_AS_DISTINCT	217	3	2651 | 2652 | 2653	세그멘탈부재조립 | 지하도PC부재조립 - - 대․중․소 분류대․중․소 분류 | 암거PC부재조립	NO	0	0	0	0	0	0	0	0	3	0	0	0	0		2651:세그멘탈부재조립 | 2652:지하도PC부재조립 - - 대․중․소 분류대․중․소 분류 | 2653:암거PC부재조립	NO_REVIEWED_CHILDREN	PENDING	1	프리케스트콘크리트공사 > 기타토목PC부재조립	0		7	PC형틀및생산시설 | PC부재생산 | PC부재운반 | 토목PC구조부재조립 | 건축PC구조부재조립 | 현장틸트-업콘크리트공사 | PC부속공사	5	261:PC형틀및생산시설:FACILITY_EQUIPMENT:REJECT | 262:PC부재생산:PROCESS:KEEP_AS_DISTINCT | 263:PC부재운반:AMBIGUOUS:HOLD | 264:토목PC구조부재조립:PROCESS:KEEP_AS_DISTINCT | 268:PC부속공사:PROCESS:KEEP_AS_DISTINCT	MATERIAL_LIKE_TOKEN	PENDING	PENDING	EMPTY	EMPTY
477	7230e15ca263ae9d733cabec0d0971abb0b3f0e5e2059cf0a98dfd1d1d73d9c4	CIC_W	266	W_MID	건축PC구조부재조립	프리케스트콘크리트공사 > 건축PC구조부재조립	프리케스트콘크리트공사	26	2	AMBIGUOUS	UNREVIEWED	PROCESS	KEEP_AS_DISTINCT	217	3	2661 | 2662 | 2663	저층( | 중층( | 고층(	NO	0	0	0	0	0	0	0	0	3	0	0	0	0		2661:저층( | 2662:중층( | 2663:고층(	NO_REVIEWED_CHILDREN	PENDING	1	프리케스트콘크리트공사 > 건축PC구조부재조립	0		7	PC형틀및생산시설 | PC부재생산 | PC부재운반 | 토목PC구조부재조립 | 기타토목PC부재조립 | 현장틸트-업콘크리트공사 | PC부속공사	5	261:PC형틀및생산시설:FACILITY_EQUIPMENT:REJECT | 262:PC부재생산:PROCESS:KEEP_AS_DISTINCT | 263:PC부재운반:AMBIGUOUS:HOLD | 264:토목PC구조부재조립:PROCESS:KEEP_AS_DISTINCT | 268:PC부속공사:PROCESS:KEEP_AS_DISTINCT	MATERIAL_LIKE_TOKEN	PENDING	PENDING	EMPTY	EMPTY
478	57e5faf031c6579ace5cbd07f4943d3993a1c1223f6eadfe7d062e3acf11a155	CIC_W	267	W_MID	현장틸트-업콘크리트공사	프리케스트콘크리트공사 > 현장틸트-업콘크리트공사	프리케스트콘크리트공사	26	2	AMBIGUOUS	UNREVIEWED	PROCESS	KEEP_AS_DISTINCT	217	0			NO	0	0	0	0	0	0	0	0	0	0	0	0	0			NO_REVIEWED_CHILDREN	PENDING	1	프리케스트콘크리트공사 > 현장틸트-업콘크리트공사	0		7	PC형틀및생산시설 | PC부재생산 | PC부재운반 | 토목PC구조부재조립 | 기타토목PC부재조립 | 건축PC구조부재조립 | PC부속공사	5	261:PC형틀및생산시설:FACILITY_EQUIPMENT:REJECT | 262:PC부재생산:PROCESS:KEEP_AS_DISTINCT | 263:PC부재운반:AMBIGUOUS:HOLD | 264:토목PC구조부재조립:PROCESS:KEEP_AS_DISTINCT | 268:PC부속공사:PROCESS:KEEP_AS_DISTINCT	ENDS_WITH_공사	PENDING	PENDING	EMPTY	EMPTY
479	4923e964c0059bc1defe885cc4323b8243e03fa671d8fb117836e0c1aa27c549	CIC_W	272	W_MID	철골가공 제작	강구조물공사 > 철골가공 제작	강구조물공사	27	2	AMBIGUOUS	UNREVIEWED	PROCESS	KEEP_AS_DISTINCT	218	2	2721 | 2725	철골공장가공 제작 | 철골현장가공 제작	NO	0	0	0	0	0	0	0	0	2	0	0	0	0		2721:철골공장가공 제작 | 2725:철골현장가공 제작	NO_REVIEWED_CHILDREN	PENDING	1	강구조물공사 > 철골가공 제작	0		8	강구조물자재 | 철골조립및설치 | 금속바닥판및부속설비설치 | 현수 사장구조 | 프레임구조시스템 | 탱크 | 철골내화피복및도장 | 기타강구조물공사	1	271:강구조물자재:MATERIAL_COMPONENT:REJECT	NONE	PENDING	PENDING	EMPTY	EMPTY
480	643f650fde14f9a77eda98a2646a317578b5df27ead8b9e46a46887c82a69823	CIC_W	273	W_MID	철골조립및설치	강구조물공사 > 철골조립및설치	강구조물공사	27	2	AMBIGUOUS	UNREVIEWED	PROCESS	KEEP_AS_DISTINCT	218	5	2731 | 2732 | 2733 | 2734 | 2736	강교조립및설치 | 건축철골조립및설치 | 플랜트철골조립및설치 | 경량철골조립및설치 | 구조용알루미늄조립및설치	NO	0	0	0	0	0	0	0	0	5	0	0	0	0		2731:강교조립및설치 | 2732:건축철골조립및설치 | 2733:플랜트철골조립및설치 | 2734:경량철골조립및설치 | 2736:구조용알루미늄조립및설치	NO_REVIEWED_CHILDREN	PENDING	1	강구조물공사 > 철골조립및설치	0		8	강구조물자재 | 철골가공 제작 | 금속바닥판및부속설비설치 | 현수 사장구조 | 프레임구조시스템 | 탱크 | 철골내화피복및도장 | 기타강구조물공사	1	271:강구조물자재:MATERIAL_COMPONENT:REJECT	NONE	PENDING	PENDING	EMPTY	EMPTY
481	360ea08ac9ce35e56e88806535838882b2cb2c8fbf75663934d5a7fa4672a3b5	CIC_W	274	W_MID	금속바닥판및부속설비설치	강구조물공사 > 금속바닥판및부속설비설치	강구조물공사	27	2	AMBIGUOUS	UNREVIEWED	PROCESS	KEEP_AS_DISTINCT	218	5	2741 | 2742 | 2743 | 2744 | 2748	바닥판깔기 | 철골계단설치 | 회랑 통로설치 | 계단 회랑 통로난간설치 | 토목잡철물제작 설치	NO	0	0	0	0	0	0	0	0	5	0	0	0	0		2741:바닥판깔기 | 2742:철골계단설치 | 2743:회랑 통로설치 | 2744:계단 회랑 통로난간설치 | 2748:토목잡철물제작 설치	NO_REVIEWED_CHILDREN	PENDING	1	강구조물공사 > 금속바닥판및부속설비설치	0		8	강구조물자재 | 철골가공 제작 | 철골조립및설치 | 현수 사장구조 | 프레임구조시스템 | 탱크 | 철골내화피복및도장 | 기타강구조물공사	1	271:강구조물자재:MATERIAL_COMPONENT:REJECT	CONTAINS_설비	PENDING	PENDING	EMPTY	EMPTY
482	951f8df773bd340a3c3aeac0c5cd905b7a0921de13fdafc8313eb57ba2cf6e2e	CIC_W	275	W_MID	현수 사장구조	강구조물공사 > 현수 사장구조	강구조물공사	27	2	AMBIGUOUS	UNREVIEWED	PROCESS	KEEP_AS_DISTINCT	218	0			NO	0	0	0	0	0	0	0	0	0	0	0	0	0			NO_REVIEWED_CHILDREN	PENDING	1	강구조물공사 > 현수 사장구조	0		8	강구조물자재 | 철골가공 제작 | 철골조립및설치 | 금속바닥판및부속설비설치 | 프레임구조시스템 | 탱크 | 철골내화피복및도장 | 기타강구조물공사	1	271:강구조물자재:MATERIAL_COMPONENT:REJECT	NONE	PENDING	PENDING	EMPTY	EMPTY
483	0591d6a2a565c440661766e9914db75bdd9ce3794206f9879bbc7788787a5d9f	CIC_W	276	W_MID	프레임구조시스템	강구조물공사 > 프레임구조시스템	강구조물공사	27	2	AMBIGUOUS	UNREVIEWED	PROCESS	KEEP_AS_DISTINCT	218	2	2761 | 2762	스페이스프레임 | 기하학구조프레임	NO	0	0	0	0	0	0	0	0	2	0	0	0	0		2761:스페이스프레임 | 2762:기하학구조프레임	NO_REVIEWED_CHILDREN	PENDING	1	강구조물공사 > 프레임구조시스템	0		8	강구조물자재 | 철골가공 제작 | 철골조립및설치 | 금속바닥판및부속설비설치 | 현수 사장구조 | 탱크 | 철골내화피복및도장 | 기타강구조물공사	1	271:강구조물자재:MATERIAL_COMPONENT:REJECT	NONE	PENDING	PENDING	EMPTY	EMPTY
484	5d36c9d3ee2029ea61ce1ac3ae998fdece9a9e2aad2025b17b5efe40300a2f99	CIC_W	277	W_MID	탱크	강구조물공사 > 탱크	강구조물공사	27	2	AMBIGUOUS	UNREVIEWED	PROCESS	KEEP_AS_DISTINCT	218	2	2771 | 2772	무개탱크 | 유개․밀폐탱크	NO	0	0	0	0	0	0	0	0	2	0	0	0	0		2771:무개탱크 | 2772:유개․밀폐탱크	NO_REVIEWED_CHILDREN	PENDING	1	강구조물공사 > 탱크	0		8	강구조물자재 | 철골가공 제작 | 철골조립및설치 | 금속바닥판및부속설비설치 | 현수 사장구조 | 프레임구조시스템 | 철골내화피복및도장 | 기타강구조물공사	1	271:강구조물자재:MATERIAL_COMPONENT:REJECT	NONE	PENDING	PENDING	EMPTY	EMPTY
485	6f3669ae9ec26d86354f344c1e1a7996b4ecb411e8dc0a0b460fcdc301940e20	CIC_W	278	W_MID	철골내화피복및도장	강구조물공사 > 철골내화피복및도장	강구조물공사	27	2	AMBIGUOUS	UNREVIEWED	PROCESS	KEEP_AS_DISTINCT	218	2	2781 | 2785	철골내화피복 | 철골 강교도장	NO	0	0	0	0	0	0	0	0	2	0	0	0	0		2781:철골내화피복 | 2785:철골 강교도장	NO_REVIEWED_CHILDREN	PENDING	1	강구조물공사 > 철골내화피복및도장	0		8	강구조물자재 | 철골가공 제작 | 철골조립및설치 | 금속바닥판및부속설비설치 | 현수 사장구조 | 프레임구조시스템 | 탱크 | 기타강구조물공사	1	271:강구조물자재:MATERIAL_COMPONENT:REJECT	NONE	PENDING	PENDING	EMPTY	EMPTY
486	ef30b16557057598271d9d495c6e0f76860b6796bb3e5e8b426c26a8f31e749e	CIC_W	279	W_MID	기타강구조물공사	강구조물공사 > 기타강구조물공사	강구조물공사	27	2	AMBIGUOUS	UNREVIEWED	PROCESS	KEEP_AS_DISTINCT	218	0			NO	0	0	0	0	0	0	0	0	0	0	0	0	0			NO_REVIEWED_CHILDREN	PENDING	1	강구조물공사 > 기타강구조물공사	0		8	강구조물자재 | 철골가공 제작 | 철골조립및설치 | 금속바닥판및부속설비설치 | 현수 사장구조 | 프레임구조시스템 | 탱크 | 철골내화피복및도장	1	271:강구조물자재:MATERIAL_COMPONENT:REJECT	ENDS_WITH_공사	PENDING	PENDING	EMPTY	EMPTY
487	43a3bc99d00e52448f7c527023993e949657c1564386832e2f2ce7a0c7909d54	CIC_W	316	W_MID	상수도관갱생	토목배관공사및배수공사 > 상수도관갱생	토목배관공사및배수공사	31	2	AMBIGUOUS	UNREVIEWED	PROCESS	KEEP_AS_DISTINCT	219	4	3161 | 3162 | 3163 | 3164	상수도배관검사 | 상수도배관청소 | 상수도배관내장애물제거 | 상수도배관보수	NO	0	0	0	0	0	0	0	0	4	0	0	0	0		3161:상수도배관검사 | 3162:상수도배관청소 | 3163:상수도배관내장애물제거 | 3164:상수도배관보수	NO_REVIEWED_CHILDREN	PENDING	1	토목배관공사및배수공사 > 상수도관갱생	0		4	토목배관부설 | 토목배관부대공사 | 토목배관부속설비 | 하수도관갱생	3	311:토목배관부설:PROCESS:KEEP_AS_DISTINCT | 314:토목배관부대공사:PROCESS:KEEP_AS_DISTINCT | 315:토목배관부속설비:FACILITY_EQUIPMENT:REJECT	NONE	PENDING	PENDING	EMPTY	EMPTY
488	5088b148117fb6702c4ca7758cf954f61a19ba612a260b64fdecac572f90e33b	CIC_W	317	W_MID	하수도관갱생	토목배관공사및배수공사 > 하수도관갱생	토목배관공사및배수공사	31	2	AMBIGUOUS	UNREVIEWED	PROCESS	KEEP_AS_DISTINCT	219	5	3171 | 3172 | 3173 | 3174 | 3175	하수도배관검사 | 하수도배관청소 | 하수도배관내장애물제거 | 배관내부준설 | 하수도배관보수	NO	0	0	0	0	0	0	0	0	5	0	0	0	0		3171:하수도배관검사 | 3172:하수도배관청소 | 3173:하수도배관내장애물제거 | 3174:배관내부준설 | 3175:하수도배관보수	NO_REVIEWED_CHILDREN	PENDING	1	토목배관공사및배수공사 > 하수도관갱생	0		4	토목배관부설 | 토목배관부대공사 | 토목배관부속설비 | 상수도관갱생	3	311:토목배관부설:PROCESS:KEEP_AS_DISTINCT | 314:토목배관부대공사:PROCESS:KEEP_AS_DISTINCT | 315:토목배관부속설비:FACILITY_EQUIPMENT:REJECT	NONE	PENDING	PENDING	EMPTY	EMPTY
489	1e7f3d26e5a96268c5f1cde639a863901f5c54f4b8b40502491ef40c5a897421	CIC_W	322	W_MID	콘크리트포장	포장및도로공사 > 콘크리트포장	포장및도로공사	32	2	AMBIGUOUS	UNREVIEWED	PROCESS	KEEP_AS_DISTINCT	220	3	3221 | 3223 | 3228	포장콘크리트포설 | 포장거푸집 | 콘크리트포장줄눈	NO	0	0	0	0	0	0	0	0	3	0	0	0	0		3221:포장콘크리트포설 | 3223:포장거푸집 | 3228:콘크리트포장줄눈	NO_REVIEWED_CHILDREN	PENDING	1	포장및도로공사 > 콘크리트포장	0		7	아스콘포장 | 경하중포장 | 도로배수시설공사 | 암거구조물 | 도로안전시설공사 | 도로표식시설공사 | 포장면및도로보수	1	321:아스콘포장:PROCESS:KEEP_AS_DISTINCT	NONE	PENDING	PENDING	EMPTY	EMPTY
490	c3d4c392bb14848bb4bbae07794d92121d60b0e8663824546f0aa77012d215d3	CIC_W	323	W_MID	경하중포장	포장및도로공사 > 경하중포장	포장및도로공사	32	2	AMBIGUOUS	UNREVIEWED	PROCESS	KEEP_AS_DISTINCT	220	5	3231 | 3232 | 3233 | 3234 | 3235	머캐덤포장 | 경하중아스콘포장 | 투수콘크리트포장 | 보도블록포장 | 우레탄수지포장	NO	0	0	0	0	0	0	0	0	5	0	0	0	0		3231:머캐덤포장 | 3232:경하중아스콘포장 | 3233:투수콘크리트포장 | 3234:보도블록포장 | 3235:우레탄수지포장	NO_REVIEWED_CHILDREN	PENDING	1	포장및도로공사 > 경하중포장	0		7	아스콘포장 | 콘크리트포장 | 도로배수시설공사 | 암거구조물 | 도로안전시설공사 | 도로표식시설공사 | 포장면및도로보수	1	321:아스콘포장:PROCESS:KEEP_AS_DISTINCT	NONE	PENDING	PENDING	EMPTY	EMPTY
491	f5b770845f35b351dd688dfd4449a4028f10ce66c54dcfca93c0c435d3993f49	CIC_W	324	W_MID	도로배수시설공사	포장및도로공사 > 도로배수시설공사	포장및도로공사	32	2	AMBIGUOUS	UNREVIEWED	PROCESS	KEEP_AS_DISTINCT	220	2	3241 | 3242	도로배수관로 | 도로배수구조물 - - 대․중․소 분류대․중․소 분류	NO	0	0	0	0	0	0	0	0	2	0	0	0	0		3241:도로배수관로 | 3242:도로배수구조물 - - 대․중․소 분류대․중․소 분류	NO_REVIEWED_CHILDREN	PENDING	1	포장및도로공사 > 도로배수시설공사	0		7	아스콘포장 | 콘크리트포장 | 경하중포장 | 암거구조물 | 도로안전시설공사 | 도로표식시설공사 | 포장면및도로보수	1	321:아스콘포장:PROCESS:KEEP_AS_DISTINCT	ENDS_WITH_공사	PENDING	PENDING	EMPTY	EMPTY
492	f015625106b3499b039531501af642a57e625b87026a45f9cf3ce6432da83906	CIC_W	325	W_MID	암거구조물	포장및도로공사 > 암거구조물	포장및도로공사	32	2	AMBIGUOUS	UNREVIEWED	PROCESS	KEEP_AS_DISTINCT	220	1	3258	암거날개벽	NO	0	0	0	0	0	0	0	0	1	0	0	0	0		3258:암거날개벽	NO_REVIEWED_CHILDREN	PENDING	1	포장및도로공사 > 암거구조물	0		7	아스콘포장 | 콘크리트포장 | 경하중포장 | 도로배수시설공사 | 도로안전시설공사 | 도로표식시설공사 | 포장면및도로보수	1	321:아스콘포장:PROCESS:KEEP_AS_DISTINCT	NONE	PENDING	PENDING	EMPTY	EMPTY
493	4687e51728bf58ef80900b750d333c262d56e4a4bd1f34a922335ae1e5dcfc3b	CIC_W	326	W_MID	도로안전시설공사	포장및도로공사 > 도로안전시설공사	포장및도로공사	32	2	AMBIGUOUS	UNREVIEWED	PROCESS	KEEP_AS_DISTINCT	220	3	3261 | 3262 | 3263	도로경계석 | 도로방호구조물 | 교통안전설비	NO	0	0	0	0	0	0	0	0	3	0	0	0	0		3261:도로경계석 | 3262:도로방호구조물 | 3263:교통안전설비	NO_REVIEWED_CHILDREN	PENDING	1	포장및도로공사 > 도로안전시설공사	0		7	아스콘포장 | 콘크리트포장 | 경하중포장 | 도로배수시설공사 | 암거구조물 | 도로표식시설공사 | 포장면및도로보수	1	321:아스콘포장:PROCESS:KEEP_AS_DISTINCT	ENDS_WITH_공사	PENDING	PENDING	EMPTY	EMPTY
494	bea237378e4df5bdb100289fc2f078e250673e441d34fd953bbf851dbe9d82a4	CIC_W	327	W_MID	도로표식시설공사	포장및도로공사 > 도로표식시설공사	포장및도로공사	32	2	AMBIGUOUS	UNREVIEWED	PROCESS	KEEP_AS_DISTINCT	220	4	3271 | 3272 | 3273 | 3279	교통표지판 | 노면표식 | 교통유도표식 | 기타도로표식시설	NO	0	0	0	0	0	0	0	0	4	0	0	0	0		3271:교통표지판 | 3272:노면표식 | 3273:교통유도표식 | 3279:기타도로표식시설	NO_REVIEWED_CHILDREN	PENDING	1	포장및도로공사 > 도로표식시설공사	0		7	아스콘포장 | 콘크리트포장 | 경하중포장 | 도로배수시설공사 | 암거구조물 | 도로안전시설공사 | 포장면및도로보수	1	321:아스콘포장:PROCESS:KEEP_AS_DISTINCT	ENDS_WITH_공사	PENDING	PENDING	EMPTY	EMPTY
495	55531efaf58f0d226b2d69fba2135c276b4275e92f268fe495960c5b4ab04990	CIC_W	328	W_MID	포장면및도로보수	포장및도로공사 > 포장면및도로보수	포장및도로공사	32	2	AMBIGUOUS	UNREVIEWED	PROCESS	KEEP_AS_DISTINCT	220	4	3281 | 3282 | 3283 | 3284	아스콘포장덧씨우기 | 아스콘포장보수 | 콘크리트포장보수 | 경하중포장보수	NO	0	0	0	0	0	0	0	0	4	0	0	0	0		3281:아스콘포장덧씨우기 | 3282:아스콘포장보수 | 3283:콘크리트포장보수 | 3284:경하중포장보수	NO_REVIEWED_CHILDREN	PENDING	1	포장및도로공사 > 포장면및도로보수	0		7	아스콘포장 | 콘크리트포장 | 경하중포장 | 도로배수시설공사 | 암거구조물 | 도로안전시설공사 | 도로표식시설공사	1	321:아스콘포장:PROCESS:KEEP_AS_DISTINCT	NONE	PENDING	PENDING	EMPTY	EMPTY
496	4620e6da69b8a8c0b33e25653440be8673ed37109497ef1731a3a7bdf2f7ead6	CIC_W	332	W_MID	도상설치공사	궤도및철로공사 > 도상설치공사	궤도및철로공사	33	2	AMBIGUOUS	UNREVIEWED	PROCESS	KEEP_AS_DISTINCT	221	4	3321 | 3322 | 3323 | 3324	자갈살포다지기 | 자갈살포고르기 | 콘크리트도상설치 | 프리케스트도상설치	NO	1	0	1	0	0	0	0	0	3	1	0	0	0	3321:자갈살포다지기:TASK:KEEP_AS_DISTINCT	3322:자갈살포고르기 | 3323:콘크리트도상설치 | 3324:프리케스트도상설치	PARTIAL_REVIEW_SINGLE_KIND	PENDING	1	궤도및철로공사 > 도상설치공사	0		5	궤도부설 | 분기기설치 | 건널목공사 | 철도부속설비 | 철로보선작업	2	333:궤도부설:PROCESS:KEEP_AS_DISTINCT | 338:철로보선작업:PROCESS:KEEP_AS_DISTINCT	ENDS_WITH_공사	PENDING	PENDING	EMPTY	EMPTY
497	6e5dc9285fed1a22edec44235cfc3d3d0e8b2e13428ee499c806bd91dea8960b	CIC_W	334	W_MID	분기기설치	궤도및철로공사 > 분기기설치	궤도및철로공사	33	2	AMBIGUOUS	UNREVIEWED	PROCESS	KEEP_AS_DISTINCT	221	2	3341 | 3342	일반궤도분기기설치 | 치하철분기기설치	NO	0	0	0	0	0	0	0	0	2	0	0	0	0		3341:일반궤도분기기설치 | 3342:치하철분기기설치	NO_REVIEWED_CHILDREN	PENDING	1	궤도및철로공사 > 분기기설치	0		5	도상설치공사 | 궤도부설 | 건널목공사 | 철도부속설비 | 철로보선작업	2	333:궤도부설:PROCESS:KEEP_AS_DISTINCT | 338:철로보선작업:PROCESS:KEEP_AS_DISTINCT	NONE	PENDING	PENDING	EMPTY	EMPTY
498	456cd1071cce6a6b1f6e575d59566b60dec875fbb236a56a4c6c8565cbe986f9	CIC_W	335	W_MID	건널목공사	궤도및철로공사 > 건널목공사	궤도및철로공사	33	2	AMBIGUOUS	UNREVIEWED	PROCESS	KEEP_AS_DISTINCT	221	3	3351 | 3352 | 3353	건널목깔기(구형) | 건널목깔기(개량형) | 건널목설비	NO	0	0	0	0	0	0	0	0	3	0	0	0	0		3351:건널목깔기(구형) | 3352:건널목깔기(개량형) | 3353:건널목설비	NO_REVIEWED_CHILDREN	PENDING	1	궤도및철로공사 > 건널목공사	0		5	도상설치공사 | 궤도부설 | 분기기설치 | 철도부속설비 | 철로보선작업	2	333:궤도부설:PROCESS:KEEP_AS_DISTINCT | 338:철로보선작업:PROCESS:KEEP_AS_DISTINCT	ENDS_WITH_공사	PENDING	PENDING	EMPTY	EMPTY
499	cee9973441f21da072871c3cdf49f5b08c8febe7aac8b49e10739c25fe341e11	CIC_W	337	W_MID	철도부속설비	궤도및철로공사 > 철도부속설비	궤도및철로공사	33	2	AMBIGUOUS	UNREVIEWED	PROCESS	KEEP_AS_DISTINCT	221	3	3371 | 3372 | 3373	열차안전설비 | 철도표식시설 | 레일도유기설치	NO	0	0	0	0	0	0	0	0	3	0	0	0	0		3371:열차안전설비 | 3372:철도표식시설 | 3373:레일도유기설치	NO_REVIEWED_CHILDREN	PENDING	1	궤도및철로공사 > 철도부속설비	0		5	도상설치공사 | 궤도부설 | 분기기설치 | 건널목공사 | 철로보선작업	2	333:궤도부설:PROCESS:KEEP_AS_DISTINCT | 338:철로보선작업:PROCESS:KEEP_AS_DISTINCT	CONTAINS_설비	PENDING	PENDING	EMPTY	EMPTY
500	15b9452c2e734dd73832a0739d28dd67472a8d6baccb86ed488f89a001052c83	CIC_W	341	W_MID	교량가설공사	교량공사 > 교량가설공사	교량공사	34	2	AMBIGUOUS	UNREVIEWED	PROCESS	KEEP_AS_DISTINCT	222	5	3411 | 3412 | 3413 | 3414 | 3415	ILM공법 | FCM공법 | FSM공법 | MSS공법 | PSM공법	NO	5	0	0	0	0	0	0	5	0	0	0	5	0	3411:ILM공법:AMBIGUOUS:HOLD | 3412:FCM공법:AMBIGUOUS:HOLD | 3413:FSM공법:AMBIGUOUS:HOLD | 3414:MSS공법:AMBIGUOUS:HOLD | 3415:PSM공법:AMBIGUOUS:HOLD		ALL_REVIEWED_SINGLE_KIND	PENDING	1	교량공사 > 교량가설공사	0		6	교량받침 | 신축이음장치 | 교량방호시설 | 교량배수설비공사 | 교량부속공사 | 교량부속설비	0		ENDS_WITH_공사	PENDING	PENDING	EMPTY	EMPTY
501	c3c268a97825887a469b91004cfd787d31bbe4cbd321506f10381cda36d06508	CIC_W	342	W_MID	교량받침	교량공사 > 교량받침	교량공사	34	2	AMBIGUOUS	UNREVIEWED	PROCESS	KEEP_AS_DISTINCT	222	3	3421 | 3422 | 3423	고정형교량받침 | 일방향가동형교량받침 | 양방향가동형교량받침	NO	1	0	0	0	0	1	0	0	2	0	0	0	1	3421:고정형교량받침:FACILITY_EQUIPMENT:REJECT	3422:일방향가동형교량받침 | 3423:양방향가동형교량받침	PARTIAL_REVIEW_SINGLE_KIND	PENDING	1	교량공사 > 교량받침	0		6	교량가설공사 | 신축이음장치 | 교량방호시설 | 교량배수설비공사 | 교량부속공사 | 교량부속설비	0		NONE	PENDING	PENDING	EMPTY	EMPTY
502	f059462dcc720a67e46877a6471a6a184a2a285b3629ecdabe202e3f0366732b	CIC_W	343	W_MID	신축이음장치	교량공사 > 신축이음장치	교량공사	34	2	AMBIGUOUS	UNREVIEWED	PROCESS	KEEP_AS_DISTINCT	222	2	3431 | 3432	맞댐식신축이음장치 | 지지식신축이음장치	NO	0	0	0	0	0	0	0	0	2	0	0	0	0		3431:맞댐식신축이음장치 | 3432:지지식신축이음장치	NO_REVIEWED_CHILDREN	PENDING	1	교량공사 > 신축이음장치	0		6	교량가설공사 | 교량받침 | 교량방호시설 | 교량배수설비공사 | 교량부속공사 | 교량부속설비	0		NONE	PENDING	PENDING	EMPTY	EMPTY
503	f2fdf515006ce92b89216d6b826aef8ae9740403f72dacbe3faea2d31f3d97bc	CIC_W	344	W_MID	교량방호시설	교량공사 > 교량방호시설	교량공사	34	2	AMBIGUOUS	UNREVIEWED	PROCESS	KEEP_AS_DISTINCT	222	5	3441 | 3442 | 3443 | 3444 | 3445	교량난간 | 교량용차량방호책 | 중앙분리대 | 교량방호벽 | 교량방음벽	NO	0	0	0	0	0	0	0	0	5	0	0	0	0		3441:교량난간 | 3442:교량용차량방호책 | 3443:중앙분리대 | 3444:교량방호벽 | 3445:교량방음벽	NO_REVIEWED_CHILDREN	PENDING	1	교량공사 > 교량방호시설	0		6	교량가설공사 | 교량받침 | 신축이음장치 | 교량배수설비공사 | 교량부속공사 | 교량부속설비	0		NONE	PENDING	PENDING	EMPTY	EMPTY
504	c7736f89ecf95c7e0ead6251e3b20efa1fbfdf1cfda03ec20131dee8d9f47f3f	CIC_W	345	W_MID	교량배수설비공사	교량공사 > 교량배수설비공사	교량공사	34	2	AMBIGUOUS	UNREVIEWED	PROCESS	KEEP_AS_DISTINCT	222	3	3451 | 3452 | 3453	배수배관 | 집수구 | 배수구	NO	0	0	0	0	0	0	0	0	3	0	0	0	0		3451:배수배관 | 3452:집수구 | 3453:배수구	NO_REVIEWED_CHILDREN	PENDING	1	교량공사 > 교량배수설비공사	0		6	교량가설공사 | 교량받침 | 신축이음장치 | 교량방호시설 | 교량부속공사 | 교량부속설비	0		ENDS_WITH_공사|CONTAINS_설비	PENDING	PENDING	EMPTY	EMPTY
505	d89d07523ccb2ffb114596895d5d5e30383d046a631369f9f4873589125ca78e	CIC_W	346	W_MID	교량부속공사	교량공사 > 교량부속공사	교량공사	34	2	AMBIGUOUS	UNREVIEWED	PROCESS	KEEP_AS_DISTINCT	222	3	3461 | 3462 | 3463	교대및교각보호공사 | 다웰바설치 | 교량측량및계측설비설치	NO	0	0	0	0	0	0	0	0	3	0	0	0	0		3461:교대및교각보호공사 | 3462:다웰바설치 | 3463:교량측량및계측설비설치	NO_REVIEWED_CHILDREN	PENDING	1	교량공사 > 교량부속공사	0		6	교량가설공사 | 교량받침 | 신축이음장치 | 교량방호시설 | 교량배수설비공사 | 교량부속설비	0		ENDS_WITH_공사	PENDING	PENDING	EMPTY	EMPTY
506	12ca69bd08703ecfae5c0b579b79dc7e49ed7704b8b13c39b3d201ded13c82fc	CIC_W	347	W_MID	교량부속설비	교량공사 > 교량부속설비	교량공사	34	2	AMBIGUOUS	UNREVIEWED	PROCESS	KEEP_AS_DISTINCT	222	2	3471 | 3472	교량점검및유지관리시설 | 교량표식시설	NO	0	0	0	0	0	0	0	0	2	0	0	0	0		3471:교량점검및유지관리시설 | 3472:교량표식시설	NO_REVIEWED_CHILDREN	PENDING	1	교량공사 > 교량부속설비	0		6	교량가설공사 | 교량받침 | 신축이음장치 | 교량방호시설 | 교량배수설비공사 | 교량부속공사	0		CONTAINS_설비	PENDING	PENDING	EMPTY	EMPTY
507	a31a6441661c4c8266572ab6fb98e5e2c3b227d6ccb4b0d4e98b6af38ca59357	CIC_W	351	W_MID	터널굴착공사	터널공사 > 터널굴착공사	터널공사	35	2	AMBIGUOUS	UNREVIEWED	PROCESS	KEEP_AS_DISTINCT	223	5	3511 | 3512 | 3513 | 3514 | 3515	토공장비굴착 | 발파굴착 | TBM공법굴착 | Shield공법굴착 | NATM공법굴착	NO	4	3	1	0	0	0	0	0	1	4	0	0	0	3511:토공장비굴착:TASK:KEEP_AS_DISTINCT | 3513:TBM공법굴착:PROCESS:KEEP_AS_DISTINCT | 3514:Shield공법굴착:PROCESS:KEEP_AS_DISTINCT | 3515:NATM공법굴착:PROCESS:KEEP_AS_DISTINCT	3512:발파굴착	PARTIAL_REVIEW_MULTI_KIND	PENDING	1	터널공사 > 터널굴착공사	0		5	터널라이닝 | 터널보강및안정 | 터널방수및배수 | 터널지보및거푸집 | 터널내부마감공사	1	353:터널보강및안정:PROCESS:KEEP_AS_DISTINCT	ENDS_WITH_공사	PENDING	PENDING	EMPTY	EMPTY
508	d18e262908715adfee7f21fa316947d77822b7bc104a5040de8e243a47981073	CIC_W	352	W_MID	터널라이닝	터널공사 > 터널라이닝	터널공사	35	2	AMBIGUOUS	UNREVIEWED	PROCESS	KEEP_AS_DISTINCT	223	2	3521 | 3522	현장타설콘크리트라이닝 | 세그먼트(Segment)라이닝	NO	0	0	0	0	0	0	0	0	2	0	0	0	0		3521:현장타설콘크리트라이닝 | 3522:세그먼트(Segment)라이닝	NO_REVIEWED_CHILDREN	PENDING	1	터널공사 > 터널라이닝	0		5	터널굴착공사 | 터널보강및안정 | 터널방수및배수 | 터널지보및거푸집 | 터널내부마감공사	1	353:터널보강및안정:PROCESS:KEEP_AS_DISTINCT	NONE	PENDING	PENDING	EMPTY	EMPTY
509	b1eb2ab26ddd8309ce0830f285ed33a256a30fddc607a571858c1886cd704291	CIC_W	354	W_MID	터널방수및배수	터널공사 > 터널방수및배수	터널공사	35	2	AMBIGUOUS	UNREVIEWED	PROCESS	KEEP_AS_DISTINCT	223	2	3541 | 3542	터널방수 | 터널배수시설	NO	0	0	0	0	0	0	0	0	2	0	0	0	0		3541:터널방수 | 3542:터널배수시설	NO_REVIEWED_CHILDREN	PENDING	1	터널공사 > 터널방수및배수	0		5	터널굴착공사 | 터널라이닝 | 터널보강및안정 | 터널지보및거푸집 | 터널내부마감공사	1	353:터널보강및안정:PROCESS:KEEP_AS_DISTINCT	NONE	PENDING	PENDING	EMPTY	EMPTY
510	6ea8562471ec5e7122586edb3a16852ccb8f343e4aefe0c58cbddf8131c62f6c	CIC_W	355	W_MID	터널지보및거푸집	터널공사 > 터널지보및거푸집	터널공사	35	2	AMBIGUOUS	UNREVIEWED	PROCESS	KEEP_AS_DISTINCT	223	3	3551 | 3552 | 3553	터널거푸집 | 터널내부지보 - - 대․중․소 분류대․중․소 분류 | 갱문지보및가시설	NO	0	0	0	0	0	0	0	0	3	0	0	0	0		3551:터널거푸집 | 3552:터널내부지보 - - 대․중․소 분류대․중․소 분류 | 3553:갱문지보및가시설	NO_REVIEWED_CHILDREN	PENDING	1	터널공사 > 터널지보및거푸집	0		5	터널굴착공사 | 터널라이닝 | 터널보강및안정 | 터널방수및배수 | 터널내부마감공사	1	353:터널보강및안정:PROCESS:KEEP_AS_DISTINCT	NONE	PENDING	PENDING	EMPTY	EMPTY
511	fb6020b5ccfb8929d06f523e6c292fba38836ff3307dd74e5ccd5c0e90c9658e	CIC_W	356	W_MID	터널내부마감공사	터널공사 > 터널내부마감공사	터널공사	35	2	AMBIGUOUS	UNREVIEWED	PROCESS	KEEP_AS_DISTINCT	223	5	3561 | 3562 | 3563 | 3565 | 3566	터널주행부아스콘포장 | 터널주행부콘크리트포장 | 터널궤도부레일부설 | 터널내부마감 | 내부통로난간	NO	0	0	0	0	0	0	0	0	5	0	0	0	0		3561:터널주행부아스콘포장 | 3562:터널주행부콘크리트포장 | 3563:터널궤도부레일부설 | 3565:터널내부마감 | 3566:내부통로난간	NO_REVIEWED_CHILDREN	PENDING	1	터널공사 > 터널내부마감공사	0		5	터널굴착공사 | 터널라이닝 | 터널보강및안정 | 터널방수및배수 | 터널지보및거푸집	1	353:터널보강및안정:PROCESS:KEEP_AS_DISTINCT	ENDS_WITH_공사	PENDING	PENDING	EMPTY	EMPTY
512	d042be734cfec1f12207f85077cd795b539118b284bb728bbfb9922b2cfa2288	CIC_W	363	W_MID	호안용콘크리트구조물제작및거치	하천및항만공사 > 호안용콘크리트구조물제작및거치	하천및항만공사	36	2	AMBIGUOUS	UNREVIEWED	PROCESS	KEEP_AS_DISTINCT	224	4	3631 | 3632 | 3633 | 3635	케이슨제작및설치 | 호안용콘크리트구조물제작 | 호안구조물운반및거치 | 콘크리트블록속채움	NO	0	0	0	0	0	0	0	0	4	0	0	0	0		3631:케이슨제작및설치 | 3632:호안용콘크리트구조물제작 | 3633:호안구조물운반및거치 | 3635:콘크리트블록속채움	NO_REVIEWED_CHILDREN	PENDING	1	하천및항만공사 > 호안용콘크리트구조물제작및거치	0		5	준설 | 사석공사 | 호안공사 | 항만부속설비공사 | 하천 항만부속공사	3	361:준설:PROCESS:KEEP_AS_DISTINCT | 362:사석공사:PROCESS:KEEP_AS_DISTINCT | 364:호안공사:PROCESS:KEEP_AS_DISTINCT	NONE	PENDING	PENDING	EMPTY	EMPTY
513	fdb97bc4fbf66a01c13d4130b94cc3aadf9577b1e52a92601f00ec1bbeeb35f7	CIC_W	367	W_MID	항만부속설비공사	하천및항만공사 > 항만부속설비공사	하천및항만공사	36	2	AMBIGUOUS	UNREVIEWED	PROCESS	KEEP_AS_DISTINCT	224	2	3671 | 3672	계선부속설비 | 화물상 하선설비	NO	0	0	0	0	0	0	0	0	2	0	0	0	0		3671:계선부속설비 | 3672:화물상 하선설비	NO_REVIEWED_CHILDREN	PENDING	1	하천및항만공사 > 항만부속설비공사	0		5	준설 | 사석공사 | 호안용콘크리트구조물제작및거치 | 호안공사 | 하천 항만부속공사	3	361:준설:PROCESS:KEEP_AS_DISTINCT | 362:사석공사:PROCESS:KEEP_AS_DISTINCT | 364:호안공사:PROCESS:KEEP_AS_DISTINCT	ENDS_WITH_공사|CONTAINS_설비	PENDING	PENDING	EMPTY	EMPTY
514	147fe7d3374e01ffef042edf22c72c0d40be81e2964efb455d627d3f5844a7c7	CIC_W	368	W_MID	하천 항만부속공사	하천및항만공사 > 하천 항만부속공사	하천및항만공사	36	2	AMBIGUOUS	UNREVIEWED	PROCESS	KEEP_AS_DISTINCT	224	2	3681 | 3688	하천 해상오염방지 | 하천 해상방식	NO	0	0	0	0	0	0	0	0	2	0	0	0	0		3681:하천 해상오염방지 | 3688:하천 해상방식	NO_REVIEWED_CHILDREN	PENDING	1	하천및항만공사 > 하천 항만부속공사	0		5	준설 | 사석공사 | 호안용콘크리트구조물제작및거치 | 호안공사 | 항만부속설비공사	3	361:준설:PROCESS:KEEP_AS_DISTINCT | 362:사석공사:PROCESS:KEEP_AS_DISTINCT | 364:호안공사:PROCESS:KEEP_AS_DISTINCT	ENDS_WITH_공사	PENDING	PENDING	EMPTY	EMPTY
515	95554bb867b125afc9cf46e9979e196b44e91dd16c59099d8379aee7cfcebc49	CIC_W	372	W_MID	표면차수벽형댐	댐공사 > 표면차수벽형댐	댐공사	37	2	AMBIGUOUS	UNREVIEWED	PROCESS	KEEP_AS_DISTINCT	225	3	3721 | 3722 | 3723	상류블랑켓 | 표면슬라브지지층 | 표면차수슬라브콘크리트	NO	0	0	0	0	0	0	0	0	3	0	0	0	0		3721:상류블랑켓 | 3722:표면슬라브지지층 | 3723:표면차수슬라브콘크리트	NO_REVIEWED_CHILDREN	PENDING	1	댐공사 > 표면차수벽형댐	0		1	휠댐(제방)	1	371:휠댐(제방):CLASSIFICATION:REJECT	NONE	PENDING	PENDING	EMPTY	EMPTY
516	168c14e1189fb7ecd7d095c6b97fdba79f54213cc7ace95f682cad9279356fe9	CIC_W	381	W_MID	현장타설옹벽	옹벽공사 > 현장타설옹벽	옹벽공사	38	2	AMBIGUOUS	UNREVIEWED	PROCESS	KEEP_AS_DISTINCT	226	0			NO	0	0	0	0	0	0	0	0	0	0	0	0	0			NO_REVIEWED_CHILDREN	PENDING	1	옹벽공사 > 현장타설옹벽	0		6	조적식옹벽 | 보강토옹벽 | 강재보강옹벽 | 솔저빔옹벽 | 목재옹벽 | 기타옹벽공사	0		NONE	PENDING	PENDING	EMPTY	EMPTY
517	5a90b14a6dd0fbb0f2f9436710e4ee2ee216f5ece295d98681bed05bfb876843	CIC_W	382	W_MID	조적식옹벽	옹벽공사 > 조적식옹벽	옹벽공사	38	2	AMBIGUOUS	UNREVIEWED	PROCESS	KEEP_AS_DISTINCT	226	4	3821 | 3822 | 3823 | 3827	PC옹벽 | 블록조적옹벽 | 세그먼트옹벽 | 석축쌓기	NO	2	0	0	0	0	2	0	0	2	0	0	0	2	3821:PC옹벽:FACILITY_EQUIPMENT:REJECT | 3822:블록조적옹벽:FACILITY_EQUIPMENT:REJECT	3823:세그먼트옹벽 | 3827:석축쌓기	PARTIAL_REVIEW_SINGLE_KIND	PENDING	1	옹벽공사 > 조적식옹벽	0		6	현장타설옹벽 | 보강토옹벽 | 강재보강옹벽 | 솔저빔옹벽 | 목재옹벽 | 기타옹벽공사	0		NONE	PENDING	PENDING	EMPTY	EMPTY
518	69fdaaa1641fecd05399bfaa533d10124dfdef1888a99b804ddbbe46427a71bc	CIC_W	383	W_MID	보강토옹벽	옹벽공사 > 보강토옹벽	옹벽공사	38	2	AMBIGUOUS	UNREVIEWED	PROCESS	KEEP_AS_DISTINCT	226	0			NO	0	0	0	0	0	0	0	0	0	0	0	0	0			NO_REVIEWED_CHILDREN	PENDING	1	옹벽공사 > 보강토옹벽	0		6	현장타설옹벽 | 조적식옹벽 | 강재보강옹벽 | 솔저빔옹벽 | 목재옹벽 | 기타옹벽공사	0		NONE	PENDING	PENDING	EMPTY	EMPTY
519	b54236cfc595a6ec0d1c23d3f3a7d87ceebd9976863fa04f65a14a3b6f90c0f2	CIC_W	384	W_MID	강재보강옹벽	옹벽공사 > 강재보강옹벽	옹벽공사	38	2	AMBIGUOUS	UNREVIEWED	PROCESS	KEEP_AS_DISTINCT	226	0			NO	0	0	0	0	0	0	0	0	0	0	0	0	0			NO_REVIEWED_CHILDREN	PENDING	1	옹벽공사 > 강재보강옹벽	0		6	현장타설옹벽 | 조적식옹벽 | 보강토옹벽 | 솔저빔옹벽 | 목재옹벽 | 기타옹벽공사	0		NONE	PENDING	PENDING	EMPTY	EMPTY
520	75b1e86423865309b1ec2b191c662e19ec5b3e34fe24b10b507d5ac91c3a49ba	CIC_W	385	W_MID	솔저빔옹벽	옹벽공사 > 솔저빔옹벽	옹벽공사	38	2	AMBIGUOUS	UNREVIEWED	PROCESS	KEEP_AS_DISTINCT	226	0			NO	0	0	0	0	0	0	0	0	0	0	0	0	0			NO_REVIEWED_CHILDREN	PENDING	1	옹벽공사 > 솔저빔옹벽	0		6	현장타설옹벽 | 조적식옹벽 | 보강토옹벽 | 강재보강옹벽 | 목재옹벽 | 기타옹벽공사	0		NONE	PENDING	PENDING	EMPTY	EMPTY
521	c3fd8a1b2272f1c24fd64787ba22abb7e058b3d1fd78ec09698a7fa7bb9c3af8	CIC_W	386	W_MID	목재옹벽	옹벽공사 > 목재옹벽	옹벽공사	38	2	AMBIGUOUS	UNREVIEWED	PROCESS	KEEP_AS_DISTINCT	226	0			NO	0	0	0	0	0	0	0	0	0	0	0	0	0			NO_REVIEWED_CHILDREN	PENDING	1	옹벽공사 > 목재옹벽	0		6	현장타설옹벽 | 조적식옹벽 | 보강토옹벽 | 강재보강옹벽 | 솔저빔옹벽 | 기타옹벽공사	0		NONE	PENDING	PENDING	EMPTY	EMPTY
522	a1160e2a25b23904c589744a628f109a569a60cf0bfc457c766cc23ef9571fa6	CIC_W	389	W_MID	기타옹벽공사	옹벽공사 > 기타옹벽공사	옹벽공사	38	2	AMBIGUOUS	UNREVIEWED	PROCESS	KEEP_AS_DISTINCT	226	2	3891 | 3892	가비온옹벽 | 모래마대옹벽	NO	0	0	0	0	0	0	0	0	2	0	0	0	0		3891:가비온옹벽 | 3892:모래마대옹벽	NO_REVIEWED_CHILDREN	PENDING	1	옹벽공사 > 기타옹벽공사	0		6	현장타설옹벽 | 조적식옹벽 | 보강토옹벽 | 강재보강옹벽 | 솔저빔옹벽 | 목재옹벽	0		ENDS_WITH_공사	PENDING	PENDING	EMPTY	EMPTY
523	31ee3ade095a5ef00accae31c97458816eda4964c8c01cb9f4da3789a9b999f8	CIC_W	413	W_MID	블록조적공사	조적공사 > 블록조적공사	조적공사	41	2	AMBIGUOUS	UNREVIEWED	PROCESS	KEEP_AS_DISTINCT	227	5	4131 | 4132 | 4136 | 4137 | 4138	콘크리트블록 | 점토질블록(테라코타) | 내화블록 | 내부식성블록 | 특수블록	NO	0	0	0	0	0	0	0	0	5	0	0	0	0		4131:콘크리트블록 | 4132:점토질블록(테라코타) | 4136:내화블록 | 4137:내부식성블록 | 4138:특수블록	NO_REVIEWED_CHILDREN	PENDING	1	조적공사 > 블록조적공사	0		6	벽돌조적공사 | ALC공사 | 유리블록 | 가공석재조적 | 조적용조립판넬 | 조적부속공사	3	411:벽돌조적공사:PROCESS:KEEP_AS_DISTINCT | 414:ALC공사:PROCESS:KEEP_AS_DISTINCT | 416:가공석재조적:PROCESS:KEEP_AS_DISTINCT	ENDS_WITH_공사|MATERIAL_LIKE_TOKEN	PENDING	PENDING	EMPTY	EMPTY
524	488626f2d507676233ff202a0d23972d490a28a803ad926f8fe7f9d333c8ce8b	CIC_W	415	W_MID	유리블록	조적공사 > 유리블록	조적공사	41	2	AMBIGUOUS	UNREVIEWED	PROCESS	KEEP_AS_DISTINCT	227	2	4151 | 4152	유리블록쌓기 | 유리블록판넬설치	NO	0	0	0	0	0	0	0	0	2	0	0	0	0		4151:유리블록쌓기 | 4152:유리블록판넬설치	NO_REVIEWED_CHILDREN	PENDING	1	조적공사 > 유리블록	0		6	벽돌조적공사 | 블록조적공사 | ALC공사 | 가공석재조적 | 조적용조립판넬 | 조적부속공사	3	411:벽돌조적공사:PROCESS:KEEP_AS_DISTINCT | 414:ALC공사:PROCESS:KEEP_AS_DISTINCT | 416:가공석재조적:PROCESS:KEEP_AS_DISTINCT	MATERIAL_LIKE_TOKEN	PENDING	PENDING	EMPTY	EMPTY
525	2d9e0a9cc53818044f55aa8ce5bd2ce78046e0b9d43cfabd6db0ed1e3e76d56b	CIC_W	417	W_MID	조적용조립판넬	조적공사 > 조적용조립판넬	조적공사	41	2	AMBIGUOUS	UNREVIEWED	PROCESS	KEEP_AS_DISTINCT	227	3	4171 | 4172 | 4173	와이어판넬 | 세라믹판넬 | 테라코타판넬 - - 대․중․소 분류대․중․소 분류	NO	0	0	0	0	0	0	0	0	3	0	0	0	0		4171:와이어판넬 | 4172:세라믹판넬 | 4173:테라코타판넬 - - 대․중․소 분류대․중․소 분류	NO_REVIEWED_CHILDREN	PENDING	1	조적공사 > 조적용조립판넬	0		6	벽돌조적공사 | 블록조적공사 | ALC공사 | 유리블록 | 가공석재조적 | 조적부속공사	3	411:벽돌조적공사:PROCESS:KEEP_AS_DISTINCT | 414:ALC공사:PROCESS:KEEP_AS_DISTINCT | 416:가공석재조적:PROCESS:KEEP_AS_DISTINCT	MATERIAL_LIKE_TOKEN	PENDING	PENDING	EMPTY	EMPTY
526	232a556363c0707a966770c0896efd50015ac02b5090a6409f224333bf885069	CIC_W	418	W_MID	조적부속공사	조적공사 > 조적부속공사	조적공사	41	2	AMBIGUOUS	UNREVIEWED	PROCESS	KEEP_AS_DISTINCT	227	5	4181 | 4182 | 4183 | 4184 | 4185	보강기둥설치 | 보강보설치 | 인방설치 | 창선반(씰)설치 | 외벽발수처리	NO	0	0	0	0	0	0	0	0	5	0	0	0	0		4181:보강기둥설치 | 4182:보강보설치 | 4183:인방설치 | 4184:창선반(씰)설치 | 4185:외벽발수처리	NO_REVIEWED_CHILDREN	PENDING	1	조적공사 > 조적부속공사	0		6	벽돌조적공사 | 블록조적공사 | ALC공사 | 유리블록 | 가공석재조적 | 조적용조립판넬	3	411:벽돌조적공사:PROCESS:KEEP_AS_DISTINCT | 414:ALC공사:PROCESS:KEEP_AS_DISTINCT | 416:가공석재조적:PROCESS:KEEP_AS_DISTINCT	ENDS_WITH_공사	PENDING	PENDING	EMPTY	EMPTY
527	dc084d459b0479dd5a7bd3fb260a2559250f7cd5fb4e5bf9e0b9eaee8b5f180f	CIC_W	422	W_MID	통나무구조목공사	목공사 > 통나무구조목공사	목공사	42	2	AMBIGUOUS	UNREVIEWED	PROCESS	KEEP_AS_DISTINCT	228	0			NO	0	0	0	0	0	0	0	0	0	0	0	0	0			NO_REVIEWED_CHILDREN	PENDING	1	목공사 > 통나무구조목공사	0		5	가구식구조목공사 | 가공목재조립식구조목공사 | 마감목공사 | 목조부속목공사 | 목재처리	3	421:가구식구조목공사:PROCESS:KEEP_AS_DISTINCT | 423:가공목재조립식구조목공사:PROCESS:KEEP_AS_DISTINCT | 425:마감목공사:PROCESS:KEEP_AS_DISTINCT	ENDS_WITH_공사	PENDING	PENDING	EMPTY	EMPTY
528	faba1b448ec1f416838746f74b39236b4135a13157ab7a071c7a288bdefec392	CIC_W	427	W_MID	목조부속목공사	목공사 > 목조부속목공사	목공사	42	2	AMBIGUOUS	UNREVIEWED	PROCESS	KEEP_AS_DISTINCT	228	3	4271 | 4272 | 4273	목재난간설치 | 목재창선반설치 | 목재마감목설치	NO	0	0	0	0	0	0	0	0	3	0	0	0	0		4271:목재난간설치 | 4272:목재창선반설치 | 4273:목재마감목설치	NO_REVIEWED_CHILDREN	PENDING	1	목공사 > 목조부속목공사	0		5	가구식구조목공사 | 통나무구조목공사 | 가공목재조립식구조목공사 | 마감목공사 | 목재처리	3	421:가구식구조목공사:PROCESS:KEEP_AS_DISTINCT | 423:가공목재조립식구조목공사:PROCESS:KEEP_AS_DISTINCT | 425:마감목공사:PROCESS:KEEP_AS_DISTINCT	ENDS_WITH_공사	PENDING	PENDING	EMPTY	EMPTY
529	de41740089c301f6b4f07f2ff8f7149b2c01c07411f4b8f73a68fcddcdc85a43	CIC_W	428	W_MID	목재처리	목공사 > 목재처리	목공사	42	2	AMBIGUOUS	UNREVIEWED	PROCESS	KEEP_AS_DISTINCT	228	5	4281 | 4282 | 4283 | 4284 | 4285	프레스 | 방부처리 | 방충처리 | 내화처리 | 내신축처리	NO	0	0	0	0	0	0	0	0	5	0	0	0	0		4281:프레스 | 4282:방부처리 | 4283:방충처리 | 4284:내화처리 | 4285:내신축처리	NO_REVIEWED_CHILDREN	PENDING	1	목공사 > 목재처리	0		5	가구식구조목공사 | 통나무구조목공사 | 가공목재조립식구조목공사 | 마감목공사 | 목조부속목공사	3	421:가구식구조목공사:PROCESS:KEEP_AS_DISTINCT | 423:가공목재조립식구조목공사:PROCESS:KEEP_AS_DISTINCT | 425:마감목공사:PROCESS:KEEP_AS_DISTINCT	NONE	PENDING	PENDING	EMPTY	EMPTY
530	862b199af64073d805af60de404aa66940183eb7de761438bb78bc5f88311638	CIC_W	431	W_MID	자연형지붕잇기	지붕및홈통공사 > 자연형지붕잇기	지붕및홈통공사	43	2	AMBIGUOUS	UNREVIEWED	PROCESS	KEEP_AS_DISTINCT	229	4	4311 | 4312 | 4313 | 4314	초가지붕잇기 | 너와지붕잇기 | 잔디지붕 | 수목지붕	NO	1	0	1	0	0	0	0	0	3	1	0	0	0	4311:초가지붕잇기:TASK:KEEP_AS_DISTINCT	4312:너와지붕잇기 | 4313:잔디지붕 | 4314:수목지붕	PARTIAL_REVIEW_SINGLE_KIND	PENDING	1	지붕및홈통공사 > 자연형지붕잇기	0		6	기와잇기 | 슬레이트잇기 | 금속잇기 | 시트지붕 | 지붕판넬 | 홈통공사및지붕부속공사	4	432:기와잇기:PROCESS:KEEP_AS_DISTINCT | 434:금속잇기:PROCESS:KEEP_AS_DISTINCT | 435:시트지붕:CLASSIFICATION:REJECT | 437:홈통공사및지붕부속공사:PROCESS:KEEP_AS_DISTINCT	NONE	PENDING	PENDING	EMPTY	EMPTY
531	7e76febd17de30a802b30105f6f21918166c699f975339d7c5414fd71c442432	CIC_W	433	W_MID	슬레이트잇기	지붕및홈통공사 > 슬레이트잇기	지붕및홈통공사	43	2	AMBIGUOUS	UNREVIEWED	PROCESS	KEEP_AS_DISTINCT	229	2	4331 | 4332	판슬레이트 | 골슬레이트	NO	0	0	0	0	0	0	0	0	2	0	0	0	0		4331:판슬레이트 | 4332:골슬레이트	NO_REVIEWED_CHILDREN	PENDING	1	지붕및홈통공사 > 슬레이트잇기	0		6	자연형지붕잇기 | 기와잇기 | 금속잇기 | 시트지붕 | 지붕판넬 | 홈통공사및지붕부속공사	4	432:기와잇기:PROCESS:KEEP_AS_DISTINCT | 434:금속잇기:PROCESS:KEEP_AS_DISTINCT | 435:시트지붕:CLASSIFICATION:REJECT | 437:홈통공사및지붕부속공사:PROCESS:KEEP_AS_DISTINCT	NONE	PENDING	PENDING	EMPTY	EMPTY
532	0ab41593e887c05095b0a265e1c18113a7e0cc56b3f16e028e52b208e2d5304e	CIC_W	436	W_MID	지붕판넬	지붕및홈통공사 > 지붕판넬	지붕및홈통공사	43	2	AMBIGUOUS	UNREVIEWED	PROCESS	KEEP_AS_DISTINCT	229	5	4361 | 4362 | 4363 | 4364 | 4365	메탈지붕판넬 | 목재지붕판넬 | 프라스틱지붕판넬 | 복합지붕판넬 | 조립식지붕판넬	NO	0	0	0	0	0	0	0	0	5	0	0	0	0		4361:메탈지붕판넬 | 4362:목재지붕판넬 | 4363:프라스틱지붕판넬 | 4364:복합지붕판넬 | 4365:조립식지붕판넬	NO_REVIEWED_CHILDREN	PENDING	1	지붕및홈통공사 > 지붕판넬	0		6	자연형지붕잇기 | 기와잇기 | 슬레이트잇기 | 금속잇기 | 시트지붕 | 홈통공사및지붕부속공사	4	432:기와잇기:PROCESS:KEEP_AS_DISTINCT | 434:금속잇기:PROCESS:KEEP_AS_DISTINCT | 435:시트지붕:CLASSIFICATION:REJECT | 437:홈통공사및지붕부속공사:PROCESS:KEEP_AS_DISTINCT	MATERIAL_LIKE_TOKEN	PENDING	PENDING	EMPTY	EMPTY
533	174c9c16428e9b6cb65b02468edf3a4660c662fcedf71ed9357cfc58f407ec6f	CIC_W	441	W_MID	멤브레인방수	방수공사 > 멤브레인방수	방수공사	44	2	AMBIGUOUS	UNREVIEWED	PROCESS	KEEP_AS_DISTINCT	230	3	4411 | 4412 | 4413	아스팔트방수 | 탄성시트방수 | 도막방수	NO	1	0	1	0	0	0	0	0	2	1	0	0	0	4411:아스팔트방수:TASK:KEEP_AS_DISTINCT	4412:탄성시트방수 | 4413:도막방수	PARTIAL_REVIEW_SINGLE_KIND	PENDING	1	방수공사 > 멤브레인방수	0		7	침투성방수 | 액체방수및모르터방수 | 금속방수 | 벤토나이트방수 | 방습 | 발수제바르기 | 방수보호재	0		NONE	PENDING	PENDING	EMPTY	EMPTY
534	ff20912ebe02c195a6123d12b473577229e1601f7a3cc056b65e31c67e743442	CIC_W	442	W_MID	침투성방수	방수공사 > 침투성방수	방수공사	44	2	AMBIGUOUS	UNREVIEWED	PROCESS	KEEP_AS_DISTINCT	230	2	4421 | 4422	유기질침투성방수 | 무기질침투성방수	NO	0	0	0	0	0	0	0	0	2	0	0	0	0		4421:유기질침투성방수 | 4422:무기질침투성방수	NO_REVIEWED_CHILDREN	PENDING	1	방수공사 > 침투성방수	0		7	멤브레인방수 | 액체방수및모르터방수 | 금속방수 | 벤토나이트방수 | 방습 | 발수제바르기 | 방수보호재	0		NONE	PENDING	PENDING	EMPTY	EMPTY
535	b04af42bf24624abe933a853e9777d7d25eb509e58e2750423621912e0ee1d41	CIC_W	443	W_MID	액체방수및모르터방수	방수공사 > 액체방수및모르터방수	방수공사	44	2	AMBIGUOUS	UNREVIEWED	PROCESS	KEEP_AS_DISTINCT	230	3	4431 | 4435 | 4439	모르터방수 | 시멘트액체방수 | 기타액체및모르터방수	NO	0	0	0	0	0	0	0	0	3	0	0	0	0		4431:모르터방수 | 4435:시멘트액체방수 | 4439:기타액체및모르터방수	NO_REVIEWED_CHILDREN	PENDING	1	방수공사 > 액체방수및모르터방수	0		7	멤브레인방수 | 침투성방수 | 금속방수 | 벤토나이트방수 | 방습 | 발수제바르기 | 방수보호재	0		NONE	PENDING	PENDING	EMPTY	EMPTY
536	bdeabb91c4ace62290631bb660b58cec46186b3fc40f742c198745c61e452232	CIC_W	444	W_MID	금속방수	방수공사 > 금속방수	방수공사	44	2	AMBIGUOUS	UNREVIEWED	PROCESS	KEEP_AS_DISTINCT	230	2	4441 | 4442	동판방수 | 스테인레스강판방수	NO	0	0	0	0	0	0	0	0	2	0	0	0	0		4441:동판방수 | 4442:스테인레스강판방수	NO_REVIEWED_CHILDREN	PENDING	1	방수공사 > 금속방수	0		7	멤브레인방수 | 침투성방수 | 액체방수및모르터방수 | 벤토나이트방수 | 방습 | 발수제바르기 | 방수보호재	0		NONE	PENDING	PENDING	EMPTY	EMPTY
537	9f0e2970513ef2819f6e97422fcd542225828e8b5057380ada31281863a4356b	CIC_W	445	W_MID	벤토나이트방수	방수공사 > 벤토나이트방수	방수공사	44	2	AMBIGUOUS	UNREVIEWED	PROCESS	KEEP_AS_DISTINCT	230	2	4451 | 4452	벤토나이트판넬방수 | 벤토나이트복합시트방수	NO	0	0	0	0	0	0	0	0	2	0	0	0	0		4451:벤토나이트판넬방수 | 4452:벤토나이트복합시트방수	NO_REVIEWED_CHILDREN	PENDING	1	방수공사 > 벤토나이트방수	0		7	멤브레인방수 | 침투성방수 | 액체방수및모르터방수 | 금속방수 | 방습 | 발수제바르기 | 방수보호재	0		NONE	PENDING	PENDING	EMPTY	EMPTY
538	227d369b261de20da01e64b86ca9c54bb05139fb97ac3a7ce5353204d3bd792b	CIC_W	446	W_MID	방습	방수공사 > 방습	방수공사	44	2	AMBIGUOUS	UNREVIEWED	PROCESS	KEEP_AS_DISTINCT	230	5	4461 | 4462 | 4463 | 4464 | 4465	아스팔트계방습 | 발수성도장방습 | 시멘트성방습 | 탄성시트방습 | 배수판설치	NO	0	0	0	0	0	0	0	0	5	0	0	0	0		4461:아스팔트계방습 | 4462:발수성도장방습 | 4463:시멘트성방습 | 4464:탄성시트방습 | 4465:배수판설치	NO_REVIEWED_CHILDREN	PENDING	1	방수공사 > 방습	0		7	멤브레인방수 | 침투성방수 | 액체방수및모르터방수 | 금속방수 | 벤토나이트방수 | 발수제바르기 | 방수보호재	0		NONE	PENDING	PENDING	EMPTY	EMPTY
539	c31f801b5a66190d0240393e477dbb363c6c428fda790b152c36ef7e04a00bfd	CIC_W	447	W_MID	발수제바르기	방수공사 > 발수제바르기	방수공사	44	2	AMBIGUOUS	UNREVIEWED	PROCESS	KEEP_AS_DISTINCT	230	4	4471 | 4472 | 4473 | 4474	아크릴계발수제 | 실콘계발수제 - - 대․중․소 분류대․중․소 분류 | 스테아르산염발수제 | 규산염발수제	NO	0	0	0	0	0	0	0	0	4	0	0	0	0		4471:아크릴계발수제 | 4472:실콘계발수제 - - 대․중․소 분류대․중․소 분류 | 4473:스테아르산염발수제 | 4474:규산염발수제	NO_REVIEWED_CHILDREN	PENDING	1	방수공사 > 발수제바르기	0		7	멤브레인방수 | 침투성방수 | 액체방수및모르터방수 | 금속방수 | 벤토나이트방수 | 방습 | 방수보호재	0		NONE	PENDING	PENDING	EMPTY	EMPTY
540	b15ebf88e5937445d8e2cfec0101f4af6264a04593e56d39149d6582808b7988	CIC_W	448	W_MID	방수보호재	방수공사 > 방수보호재	방수공사	44	2	AMBIGUOUS	UNREVIEWED	PROCESS	KEEP_AS_DISTINCT	230	4	4481 | 4482 | 4483 | 4484	시멘트보호층 | 섬유보호층 | 판형보호층 | 골재보호층	NO	0	0	0	0	0	0	0	0	4	0	0	0	0		4481:시멘트보호층 | 4482:섬유보호층 | 4483:판형보호층 | 4484:골재보호층	NO_REVIEWED_CHILDREN	PENDING	1	방수공사 > 방수보호재	0		7	멤브레인방수 | 침투성방수 | 액체방수및모르터방수 | 금속방수 | 벤토나이트방수 | 방습 | 발수제바르기	0		NONE	PENDING	PENDING	EMPTY	EMPTY
541	3581aebb99366cb129ec07cd2d1038c1d9fbd7ff6520556f0da197fc20cdd089	CIC_W	452	W_MID	슬래브하부단열	단열 방음공사 > 슬래브하부단열	단열 방음공사	45	2	AMBIGUOUS	UNREVIEWED	PROCESS	KEEP_AS_DISTINCT	231	4	4521 | 4522 | 4525 | 4526	보드형슬래브하부단열 | 시트슬래브하부단열 | 뿜칠형슬래브하부단열 | 도막형슬래브하부단열	NO	0	0	0	0	0	0	0	0	4	0	0	0	0		4521:보드형슬래브하부단열 | 4522:시트슬래브하부단열 | 4525:뿜칠형슬래브하부단열 | 4526:도막형슬래브하부단열	NO_REVIEWED_CHILDREN	PENDING	1	단열 방음공사 > 슬래브하부단열	0		5	지붕및바닥단열공사 | 천정단열 | 벽체단열 | 외벽단열 | 방진 방음공사	1	451:지붕및바닥단열공사:PROCESS:KEEP_AS_DISTINCT	NONE	PENDING	PENDING	EMPTY	EMPTY
542	1b79d27d3205cb0e33af3e28beea3e023d66f793a9f4f40f0f90b39bb4d03eda	CIC_W	453	W_MID	천정단열	단열 방음공사 > 천정단열	단열 방음공사	45	2	AMBIGUOUS	UNREVIEWED	PROCESS	KEEP_AS_DISTINCT	231	2	4531 | 4533	보드형천정단열 | 현장포말천정단열	NO	0	0	0	0	0	0	0	0	2	0	0	0	0		4531:보드형천정단열 | 4533:현장포말천정단열	NO_REVIEWED_CHILDREN	PENDING	1	단열 방음공사 > 천정단열	0		5	지붕및바닥단열공사 | 슬래브하부단열 | 벽체단열 | 외벽단열 | 방진 방음공사	1	451:지붕및바닥단열공사:PROCESS:KEEP_AS_DISTINCT	NONE	PENDING	PENDING	EMPTY	EMPTY
543	8737ffafee9e9356beec0edca95c93e1fc270f66f44307bfd193c571b3756d55	CIC_W	454	W_MID	벽체단열	단열 방음공사 > 벽체단열	단열 방음공사	45	2	AMBIGUOUS	UNREVIEWED	PROCESS	KEEP_AS_DISTINCT	231	5	4541 | 4542 | 4543 | 4545 | 4546	보드형벽체단열 | 시트벽체단열 | 현장포말벽체단열 | 뿜칠형벽체단열 | 도막형벽체단열	NO	0	0	0	0	0	0	0	0	5	0	0	0	0		4541:보드형벽체단열 | 4542:시트벽체단열 | 4543:현장포말벽체단열 | 4545:뿜칠형벽체단열 | 4546:도막형벽체단열	NO_REVIEWED_CHILDREN	PENDING	1	단열 방음공사 > 벽체단열	0		5	지붕및바닥단열공사 | 슬래브하부단열 | 천정단열 | 외벽단열 | 방진 방음공사	1	451:지붕및바닥단열공사:PROCESS:KEEP_AS_DISTINCT	NONE	PENDING	PENDING	EMPTY	EMPTY
544	0acda8bcf1e95057ac5b73dff7289b40374f4d32351effa7066b5d32d46c0308	CIC_W	455	W_MID	외벽단열	단열 방음공사 > 외벽단열	단열 방음공사	45	2	AMBIGUOUS	UNREVIEWED	PROCESS	KEEP_AS_DISTINCT	231	5	4551 | 4552 | 4553 | 4555 | 4556	보드형외벽단열 | 시트외벽단열 | 현장포말외벽단열 | 뿜칠형외벽단열 | 도막형외벽단열	NO	0	0	0	0	0	0	0	0	5	0	0	0	0		4551:보드형외벽단열 | 4552:시트외벽단열 | 4553:현장포말외벽단열 | 4555:뿜칠형외벽단열 | 4556:도막형외벽단열	NO_REVIEWED_CHILDREN	PENDING	1	단열 방음공사 > 외벽단열	0		5	지붕및바닥단열공사 | 슬래브하부단열 | 천정단열 | 벽체단열 | 방진 방음공사	1	451:지붕및바닥단열공사:PROCESS:KEEP_AS_DISTINCT	NONE	PENDING	PENDING	EMPTY	EMPTY
545	d89ed7a97c91f04aa44790007e7b80844dce555f14b9ae05fdb46e1f590f1b44	CIC_W	456	W_MID	방진 방음공사	단열 방음공사 > 방진 방음공사	단열 방음공사	45	2	AMBIGUOUS	UNREVIEWED	PROCESS	KEEP_AS_DISTINCT	231	2	4561 | 4565	진동방지공사 | 방음공사	NO	0	0	0	0	0	0	0	0	2	0	0	0	0		4561:진동방지공사 | 4565:방음공사	NO_REVIEWED_CHILDREN	PENDING	1	단열 방음공사 > 방진 방음공사	0		5	지붕및바닥단열공사 | 슬래브하부단열 | 천정단열 | 벽체단열 | 외벽단열	1	451:지붕및바닥단열공사:PROCESS:KEEP_AS_DISTINCT	ENDS_WITH_공사	PENDING	PENDING	EMPTY	EMPTY
546	eba6e95794649f6c23e3fb5f853acff38e91ba6afbfc17ce1fb18af722957f76	CIC_W	462	W_MID	콘크리트계판넬	외부판재공사 > 콘크리트계판넬	외부판재공사	46	2	AMBIGUOUS	UNREVIEWED	PROCESS	KEEP_AS_DISTINCT	232	4	4621 | 4622 | 4623 | 4624	콘크리트PC판넬 | 아스베스토스판넬 | 섬유보강콘크리트판넬 | 골재마감콘크리트판넬	NO	0	0	0	0	0	0	0	0	4	0	0	0	0		4621:콘크리트PC판넬 | 4622:아스베스토스판넬 | 4623:섬유보강콘크리트판넬 | 4624:골재마감콘크리트판넬	NO_REVIEWED_CHILDREN	PENDING	1	외부판재공사 > 콘크리트계판넬	0		7	커튼월프레임및앵커설치 | 철재판넬 | 금속판넬 | 석재판넬 | 유리판넬 | 합성수지판넬 | 대형자기 도기타일판넬	1	461:커튼월프레임및앵커설치:PROCESS:KEEP_AS_DISTINCT	MATERIAL_LIKE_TOKEN	PENDING	PENDING	EMPTY	EMPTY
547	9aad0c98843c7ef259e6adf25a18386c9a1abf3e122ee91549a383e93a4e1485	CIC_W	463	W_MID	철재판넬	외부판재공사 > 철재판넬	외부판재공사	46	2	AMBIGUOUS	UNREVIEWED	PROCESS	KEEP_AS_DISTINCT	232	2	4631 | 4632	에폭시코팅철재판넬 | 법랑코팅철재판넬	NO	0	0	0	0	0	0	0	0	2	0	0	0	0		4631:에폭시코팅철재판넬 | 4632:법랑코팅철재판넬	NO_REVIEWED_CHILDREN	PENDING	1	외부판재공사 > 철재판넬	0		7	커튼월프레임및앵커설치 | 콘크리트계판넬 | 금속판넬 | 석재판넬 | 유리판넬 | 합성수지판넬 | 대형자기 도기타일판넬	1	461:커튼월프레임및앵커설치:PROCESS:KEEP_AS_DISTINCT	MATERIAL_LIKE_TOKEN	PENDING	PENDING	EMPTY	EMPTY
548	ca591209da9669f13b591a2c70d64a257b5f7c65b11dc2541e21d656ecf16056	CIC_W	464	W_MID	금속판넬	외부판재공사 > 금속판넬	외부판재공사	46	2	AMBIGUOUS	UNREVIEWED	PROCESS	KEEP_AS_DISTINCT	232	3	4641 | 4642 | 4643	알루미늄판넬 | 스테인레스스틸판넬 | 동판넬	NO	0	0	0	0	0	0	0	0	3	0	0	0	0		4641:알루미늄판넬 | 4642:스테인레스스틸판넬 | 4643:동판넬	NO_REVIEWED_CHILDREN	PENDING	1	외부판재공사 > 금속판넬	0		7	커튼월프레임및앵커설치 | 콘크리트계판넬 | 철재판넬 | 석재판넬 | 유리판넬 | 합성수지판넬 | 대형자기 도기타일판넬	1	461:커튼월프레임및앵커설치:PROCESS:KEEP_AS_DISTINCT	MATERIAL_LIKE_TOKEN	PENDING	PENDING	EMPTY	EMPTY
549	01be3cc07e9e3e1139a6be00b0a2194b07b46e04c6c99d79888273aba425595e	CIC_W	465	W_MID	석재판넬	외부판재공사 > 석재판넬	외부판재공사	46	2	AMBIGUOUS	UNREVIEWED	PROCESS	KEEP_AS_DISTINCT	232	3	4651 | 4652 | 4653	화강석판넬 | 대리석판넬 | 사암판넬	NO	0	0	0	0	0	0	0	0	3	0	0	0	0		4651:화강석판넬 | 4652:대리석판넬 | 4653:사암판넬	NO_REVIEWED_CHILDREN	PENDING	1	외부판재공사 > 석재판넬	0		7	커튼월프레임및앵커설치 | 콘크리트계판넬 | 철재판넬 | 금속판넬 | 유리판넬 | 합성수지판넬 | 대형자기 도기타일판넬	1	461:커튼월프레임및앵커설치:PROCESS:KEEP_AS_DISTINCT	MATERIAL_LIKE_TOKEN	PENDING	PENDING	EMPTY	EMPTY
550	d97ce9ecd20ddfc80eb274a437d174e268b556a88b303bec50c01a925ab35300	CIC_W	466	W_MID	유리판넬	외부판재공사 > 유리판넬	외부판재공사	46	2	AMBIGUOUS	UNREVIEWED	PROCESS	KEEP_AS_DISTINCT	232	2	4661 | 4662	구조유리커튼월 | 강화유리판넬	NO	0	0	0	0	0	0	0	0	2	0	0	0	0		4661:구조유리커튼월 | 4662:강화유리판넬	NO_REVIEWED_CHILDREN	PENDING	1	외부판재공사 > 유리판넬	0		7	커튼월프레임및앵커설치 | 콘크리트계판넬 | 철재판넬 | 금속판넬 | 석재판넬 | 합성수지판넬 | 대형자기 도기타일판넬	1	461:커튼월프레임및앵커설치:PROCESS:KEEP_AS_DISTINCT	MATERIAL_LIKE_TOKEN	PENDING	PENDING	EMPTY	EMPTY
551	8c9ece4531b9c24b6fce284e980120a57fffd790acc9e20516cc5dfa2ec5e828	CIC_W	467	W_MID	합성수지판넬	외부판재공사 > 합성수지판넬	외부판재공사	46	2	AMBIGUOUS	UNREVIEWED	PROCESS	KEEP_AS_DISTINCT	232	3	4671 | 4672 | 4673	FRP판넬 | 화이버글라스샌드위치판넬 | 폴리카보나이트판넬	NO	1	0	0	0	1	0	0	0	2	0	0	0	1	4671:FRP판넬:MATERIAL_COMPONENT:REJECT	4672:화이버글라스샌드위치판넬 | 4673:폴리카보나이트판넬	PARTIAL_REVIEW_SINGLE_KIND	PENDING	1	외부판재공사 > 합성수지판넬	0		7	커튼월프레임및앵커설치 | 콘크리트계판넬 | 철재판넬 | 금속판넬 | 석재판넬 | 유리판넬 | 대형자기 도기타일판넬	1	461:커튼월프레임및앵커설치:PROCESS:KEEP_AS_DISTINCT	MATERIAL_LIKE_TOKEN	PENDING	PENDING	EMPTY	EMPTY
552	14c1e52637e590f2983f60275e55584c682b4a0581c2e792c039a41dd955aac7	CIC_W	468	W_MID	대형자기 도기타일판넬	외부판재공사 > 대형자기 도기타일판넬	외부판재공사	46	2	AMBIGUOUS	UNREVIEWED	PROCESS	KEEP_AS_DISTINCT	232	2	4681 | 4682	대형자기타일판넬 | 대형도기타일판넬	NO	0	0	0	0	0	0	0	0	2	0	0	0	0		4681:대형자기타일판넬 | 4682:대형도기타일판넬	NO_REVIEWED_CHILDREN	PENDING	1	외부판재공사 > 대형자기 도기타일판넬	0		7	커튼월프레임및앵커설치 | 콘크리트계판넬 | 철재판넬 | 금속판넬 | 석재판넬 | 유리판넬 | 합성수지판넬	1	461:커튼월프레임및앵커설치:PROCESS:KEEP_AS_DISTINCT	MATERIAL_LIKE_TOKEN	PENDING	PENDING	EMPTY	EMPTY
553	ff6fcec3abc364e562b310e0c78ffc10a0c0b66c87e4edafa3aa9be671348851	CIC_W	471	W_MID	금속바닥틀(장선)설치	금속공사 > 금속바닥틀(장선)설치	금속공사	47	2	AMBIGUOUS	UNREVIEWED	PROCESS	KEEP_AS_DISTINCT	233	0			NO	0	0	0	0	0	0	0	0	0	0	0	0	0			NO_REVIEWED_CHILDREN	PENDING	1	금속공사 > 금속바닥틀(장선)설치	0		6	메탈스터드시스템(금속벽틀)설치 | 경량천정틀설치 | 금속계단 | 금속마감 | 금속부속물설치 | 건축잡철물제작설치	2	474:금속계단:FACILITY_EQUIPMENT:REJECT | 477:금속부속물설치:PROCESS:KEEP_AS_DISTINCT	NONE	PENDING	PENDING	EMPTY	EMPTY
554	5cffae896f5b55be0d1cab93b840845af04c4812bef74ef456d8d97f4ec82831	CIC_W	472	W_MID	메탈스터드시스템(금속벽틀)설치	금속공사 > 메탈스터드시스템(금속벽틀)설치	금속공사	47	2	AMBIGUOUS	UNREVIEWED	PROCESS	KEEP_AS_DISTINCT	233	0			NO	0	0	0	0	0	0	0	0	0	0	0	0	0			NO_REVIEWED_CHILDREN	PENDING	1	금속공사 > 메탈스터드시스템(금속벽틀)설치	0		6	금속바닥틀(장선)설치 | 경량천정틀설치 | 금속계단 | 금속마감 | 금속부속물설치 | 건축잡철물제작설치	2	474:금속계단:FACILITY_EQUIPMENT:REJECT | 477:금속부속물설치:PROCESS:KEEP_AS_DISTINCT	NONE	PENDING	PENDING	EMPTY	EMPTY
555	eeb3d80c9f9c9251ae50dc1dccffa03332785105cce3e318479a5032d6493fe5	CIC_W	473	W_MID	경량천정틀설치	금속공사 > 경량천정틀설치	금속공사	47	2	AMBIGUOUS	UNREVIEWED	PROCESS	KEEP_AS_DISTINCT	233	0			NO	0	0	0	0	0	0	0	0	0	0	0	0	0			NO_REVIEWED_CHILDREN	PENDING	1	금속공사 > 경량천정틀설치	0		6	금속바닥틀(장선)설치 | 메탈스터드시스템(금속벽틀)설치 | 금속계단 | 금속마감 | 금속부속물설치 | 건축잡철물제작설치	2	474:금속계단:FACILITY_EQUIPMENT:REJECT | 477:금속부속물설치:PROCESS:KEEP_AS_DISTINCT	NONE	PENDING	PENDING	EMPTY	EMPTY
556	29d8aa65e7f02217f363db987596ebca69d3bb2c068c4d4a9f273951f49f3cfe	CIC_W	475	W_MID	금속마감	금속공사 > 금속마감	금속공사	47	2	AMBIGUOUS	UNREVIEWED	PROCESS	KEEP_AS_DISTINCT	233	5	4751 | 4752 | 4753 | 4754 | 4755	바닥금속마감 | 벽체금속마감 | 금속기둥커버 | 펜코일(Fancoil)덮개 | 천정금속마감	NO	0	0	0	0	0	0	0	0	5	0	0	0	0		4751:바닥금속마감 | 4752:벽체금속마감 | 4753:금속기둥커버 | 4754:펜코일(Fancoil)덮개 | 4755:천정금속마감	NO_REVIEWED_CHILDREN	PENDING	1	금속공사 > 금속마감	0		6	금속바닥틀(장선)설치 | 메탈스터드시스템(금속벽틀)설치 | 경량천정틀설치 | 금속계단 | 금속부속물설치 | 건축잡철물제작설치	2	474:금속계단:FACILITY_EQUIPMENT:REJECT | 477:금속부속물설치:PROCESS:KEEP_AS_DISTINCT	NONE	PENDING	PENDING	EMPTY	EMPTY
557	0a7798904115d9c75ae11761c2eea4a7642d477ea97e237a9058673d21162793	CIC_W	478	W_MID	건축잡철물제작설치	금속공사 > 건축잡철물제작설치	금속공사	47	2	AMBIGUOUS	UNREVIEWED	PROCESS	KEEP_AS_DISTINCT	233	3	4781 | 4782 | 4783	간단구조 | 보통구조 | 복잡구조	NO	0	0	0	0	0	0	0	0	3	0	0	0	0		4781:간단구조 | 4782:보통구조 | 4783:복잡구조	NO_REVIEWED_CHILDREN	PENDING	1	금속공사 > 건축잡철물제작설치	0		6	금속바닥틀(장선)설치 | 메탈스터드시스템(금속벽틀)설치 | 경량천정틀설치 | 금속계단 | 금속마감 | 금속부속물설치	2	474:금속계단:FACILITY_EQUIPMENT:REJECT | 477:금속부속물설치:PROCESS:KEEP_AS_DISTINCT	NONE	PENDING	PENDING	EMPTY	EMPTY
558	4f667612a03565725020cb64919cefbc76b4dcb8c04a93f01536bc3132a14d8e	CIC_W	481	W_MID	문	창호공사 > 문	창호공사	48	2	AMBIGUOUS	UNREVIEWED	PROCESS	KEEP_AS_DISTINCT	234	3	4811 | 4813 | 4815	문틀 | 문 | 특수문	NO	1	0	0	0	1	0	0	0	2	0	0	0	1	4811:문틀:MATERIAL_COMPONENT:REJECT	4813:문 | 4815:특수문	PARTIAL_REVIEW_SINGLE_KIND	PENDING	1	창호공사 > 문	0		6	창문 | 셔터 | 창호철물 | 유리공사 | 유리부속공사 | 코킹및실링	0		NONE	PENDING	PENDING	EMPTY	EMPTY
559	871e1ac6f662ec402f3aebb868bdce987c55639288ab7f70baa9cf0803d38333	CIC_W	482	W_MID	창문	창호공사 > 창문	창호공사	48	2	AMBIGUOUS	UNREVIEWED	PROCESS	KEEP_AS_DISTINCT	234	3	4821 | 4823 | 4825	창틀 | 창문 - - 대․중․소 분류대․중․소 분류 | 특수창문	NO	0	0	0	0	0	0	0	0	3	0	0	0	0		4821:창틀 | 4823:창문 - - 대․중․소 분류대․중․소 분류 | 4825:특수창문	NO_REVIEWED_CHILDREN	PENDING	1	창호공사 > 창문	0		6	문 | 셔터 | 창호철물 | 유리공사 | 유리부속공사 | 코킹및실링	0		NONE	PENDING	PENDING	EMPTY	EMPTY
560	a707731249b7f45ab38e5347abb58a6c5560d0dbee15000e45071de2a6b4668e	CIC_W	483	W_MID	셔터	창호공사 > 셔터	창호공사	48	2	AMBIGUOUS	UNREVIEWED	PROCESS	KEEP_AS_DISTINCT	234	1	4831	철재셔터	NO	0	0	0	0	0	0	0	0	1	0	0	0	0		4831:철재셔터	NO_REVIEWED_CHILDREN	PENDING	1	창호공사 > 셔터	0		6	문 | 창문 | 창호철물 | 유리공사 | 유리부속공사 | 코킹및실링	0		NONE	PENDING	PENDING	EMPTY	EMPTY
561	db58d3ad19083716671c588de0f3b0891d6337854f2d01f9aa7a4c091bc7d4f1	CIC_W	484	W_MID	창호철물	창호공사 > 창호철물	창호공사	48	2	AMBIGUOUS	UNREVIEWED	PROCESS	KEEP_AS_DISTINCT	234	5	4841 | 4842 | 4843 | 4844 | 4848	경첩 힌지 | 자물쇠 | 개폐조절기 | 손잡이 | 특수창호철물	NO	0	0	0	0	0	0	0	0	5	0	0	0	0		4841:경첩 힌지 | 4842:자물쇠 | 4843:개폐조절기 | 4844:손잡이 | 4848:특수창호철물	NO_REVIEWED_CHILDREN	PENDING	1	창호공사 > 창호철물	0		6	문 | 창문 | 셔터 | 유리공사 | 유리부속공사 | 코킹및실링	0		NONE	PENDING	PENDING	EMPTY	EMPTY
562	169e82d6c7f8d72ec4b878d80dd499ec7963329594ddedfa23e88931518cdff8	CIC_W	486	W_MID	유리공사	창호공사 > 유리공사	창호공사	48	2	AMBIGUOUS	UNREVIEWED	PROCESS	KEEP_AS_DISTINCT	234	4	4861 | 4862 | 4865 | 4866	판유리(플로팅유리) | 복층유리 | 특수유리 | 가공유리	NO	1	0	0	0	1	0	0	0	3	0	0	0	1	4866:가공유리:MATERIAL_COMPONENT:REJECT	4861:판유리(플로팅유리) | 4862:복층유리 | 4865:특수유리	PARTIAL_REVIEW_SINGLE_KIND	PENDING	1	창호공사 > 유리공사	0		6	문 | 창문 | 셔터 | 창호철물 | 유리부속공사 | 코킹및실링	0		ENDS_WITH_공사|MATERIAL_LIKE_TOKEN	PENDING	PENDING	EMPTY	EMPTY
563	4c4749811f08c4bdb2f1df7f4be3c25dd397ef96a1a94599d26141d773c0878e	CIC_W	487	W_MID	유리부속공사	창호공사 > 유리부속공사	창호공사	48	2	AMBIGUOUS	UNREVIEWED	PROCESS	KEEP_AS_DISTINCT	234	4	4871 | 4872 | 4873 | 4878	절단및가공 | 가스켓 | 유리구조고정철물 | 보양및청소	NO	0	0	0	0	0	0	0	0	4	0	0	0	0		4871:절단및가공 | 4872:가스켓 | 4873:유리구조고정철물 | 4878:보양및청소	NO_REVIEWED_CHILDREN	PENDING	1	창호공사 > 유리부속공사	0		6	문 | 창문 | 셔터 | 창호철물 | 유리공사 | 코킹및실링	0		ENDS_WITH_공사|MATERIAL_LIKE_TOKEN	PENDING	PENDING	EMPTY	EMPTY
564	729d4680f7271dbb41a30794008072de1db9e6bc4c1f8873d92cd3c026e5c854	CIC_W	488	W_MID	코킹및실링	창호공사 > 코킹및실링	창호공사	48	2	AMBIGUOUS	UNREVIEWED	PROCESS	KEEP_AS_DISTINCT	234	5	4881 | 4882 | 4883 | 4884 | 4888	창호공사코킹 실링 | 유리공사코킹 실링 | 석재공사코킹 실링 | 타일공사코킹 실링 | 코킹부속공사	NO	0	0	0	0	0	0	0	0	5	0	0	0	0		4881:창호공사코킹 실링 | 4882:유리공사코킹 실링 | 4883:석재공사코킹 실링 | 4884:타일공사코킹 실링 | 4888:코킹부속공사	NO_REVIEWED_CHILDREN	PENDING	1	창호공사 > 코킹및실링	0		6	문 | 창문 | 셔터 | 창호철물 | 유리공사 | 유리부속공사	0		NONE	PENDING	PENDING	EMPTY	EMPTY
565	3fd0d5e254b141b0196a11ebd4854dbacbf5efefb4355f42cf27e10aeec8675d	CIC_W	512	W_MID	합성수지혼화모르터미장	미장공사 > 합성수지혼화모르터미장	미장공사	51	2	AMBIGUOUS	UNREVIEWED	PROCESS	KEEP_AS_DISTINCT	235	2	5121 | 5122	셀프레벨링모르터 | 에폭시모르터	NO	0	0	0	0	0	0	0	0	2	0	0	0	0		5121:셀프레벨링모르터 | 5122:에폭시모르터	NO_REVIEWED_CHILDREN	PENDING	1	미장공사 > 합성수지혼화모르터미장	0		6	시멘트모르터미장 | 플라스터 | 인조석(테라조)미장및물갈기 | 온돌바닥공사 | 특수미장 | 미장부속공사	3	511:시멘트모르터미장:PROCESS:KEEP_AS_DISTINCT | 513:플라스터:MATERIAL_COMPONENT:REJECT | 515:온돌바닥공사:PROCESS:KEEP_AS_DISTINCT	NONE	PENDING	PENDING	EMPTY	EMPTY
566	718e78d5a159095f997e5b1952206e74e872da2bcc2ca919bafe5ddc6ec9cd67	CIC_W	514	W_MID	인조석(테라조)미장및물갈기	미장공사 > 인조석(테라조)미장및물갈기	미장공사	51	2	AMBIGUOUS	UNREVIEWED	PROCESS	KEEP_AS_DISTINCT	235	4	5141 | 5142 | 5144 | 5146	바닥인조석바름및갈기 | 벽인조석바름및갈기 | 계단인조석바름및갈기 | 걸레받이인조석바름및갈기	NO	0	0	0	0	0	0	0	0	4	0	0	0	0		5141:바닥인조석바름및갈기 | 5142:벽인조석바름및갈기 | 5144:계단인조석바름및갈기 | 5146:걸레받이인조석바름및갈기	NO_REVIEWED_CHILDREN	PENDING	1	미장공사 > 인조석(테라조)미장및물갈기	0		6	시멘트모르터미장 | 합성수지혼화모르터미장 | 플라스터 | 온돌바닥공사 | 특수미장 | 미장부속공사	3	511:시멘트모르터미장:PROCESS:KEEP_AS_DISTINCT | 513:플라스터:MATERIAL_COMPONENT:REJECT | 515:온돌바닥공사:PROCESS:KEEP_AS_DISTINCT	NONE	PENDING	PENDING	EMPTY	EMPTY
567	f52b4543b60b1ad46800990c3969146b560bde209575a1cfae181ad8c2c62aef	CIC_W	516	W_MID	특수미장	미장공사 > 특수미장	미장공사	51	2	AMBIGUOUS	UNREVIEWED	PROCESS	KEEP_AS_DISTINCT	235	5	5161 | 5162 | 5163 | 5164 | 5165	흙벽미장 | 골재나타내기미장 | 그래뉼뿜칠미장 | 시멘트페이스트바름 | 하드너바르기	NO	0	0	0	0	0	0	0	0	5	0	0	0	0		5161:흙벽미장 | 5162:골재나타내기미장 | 5163:그래뉼뿜칠미장 | 5164:시멘트페이스트바름 | 5165:하드너바르기	NO_REVIEWED_CHILDREN	PENDING	1	미장공사 > 특수미장	0		6	시멘트모르터미장 | 합성수지혼화모르터미장 | 플라스터 | 인조석(테라조)미장및물갈기 | 온돌바닥공사 | 미장부속공사	3	511:시멘트모르터미장:PROCESS:KEEP_AS_DISTINCT | 513:플라스터:MATERIAL_COMPONENT:REJECT | 515:온돌바닥공사:PROCESS:KEEP_AS_DISTINCT	NONE	PENDING	PENDING	EMPTY	EMPTY
568	c2b99e346c021d36e5d6a8c5b60d01ca7d12bbca068e11edb9d9da067fd93b70	CIC_W	518	W_MID	미장부속공사	미장공사 > 미장부속공사	미장공사	51	2	AMBIGUOUS	UNREVIEWED	PROCESS	KEEP_AS_DISTINCT	235	3	5181 | 5182 | 5183	미장면마감 | 미장준비공사 | 미장바탕충전	NO	0	0	0	0	0	0	0	0	3	0	0	0	0		5181:미장면마감 | 5182:미장준비공사 | 5183:미장바탕충전	NO_REVIEWED_CHILDREN	PENDING	1	미장공사 > 미장부속공사	0		6	시멘트모르터미장 | 합성수지혼화모르터미장 | 플라스터 | 인조석(테라조)미장및물갈기 | 온돌바닥공사 | 특수미장	3	511:시멘트모르터미장:PROCESS:KEEP_AS_DISTINCT | 513:플라스터:MATERIAL_COMPONENT:REJECT | 515:온돌바닥공사:PROCESS:KEEP_AS_DISTINCT	ENDS_WITH_공사	PENDING	PENDING	EMPTY	EMPTY
569	1ac65b7142a41e50973e977f63c6c9cd3bcfabae1290655eaa580993c6dff9d3	CIC_W	521	W_MID	석재바닥깔기	석재판재공사 > 석재바닥깔기	석재판재공사	52	2	AMBIGUOUS	UNREVIEWED	PROCESS	KEEP_AS_DISTINCT	236	6	5211 | 5212 | 5213 | 5214 | 5215 | 5216	화강석깔기 | 대리석깔기 | 사암깔기 | 천연슬레이트(점판암)깔기 | 인조석깔기 | 테라조타일깔기	NO	1	0	1	0	0	0	0	0	5	1	0	0	0	5211:화강석깔기:TASK:KEEP_AS_DISTINCT	5212:대리석깔기 | 5213:사암깔기 | 5214:천연슬레이트(점판암)깔기 | 5215:인조석깔기 | 5216:테라조타일깔기	PARTIAL_REVIEW_SINGLE_KIND	PENDING	1	석재판재공사 > 석재바닥깔기	0		6	석재내벽붙이기 | 석재외벽붙이기 | 석재구조물밑면붙이기 | 석재계단붙이기 | 기타부위석재붙이기 | 석재마감공사	0		NONE	PENDING	PENDING	EMPTY	EMPTY
570	d2a598205e442032980b542409702ac944806be83c03ddb75f114e9ee804afc5	CIC_W	522	W_MID	석재내벽붙이기	석재판재공사 > 석재내벽붙이기	석재판재공사	52	2	AMBIGUOUS	UNREVIEWED	PROCESS	KEEP_AS_DISTINCT	236	6	5221 | 5222 | 5223 | 5224 | 5225 | 5226	화강석내벽붙이기 | 대리석내벽붙이기 | 사암내벽붙이기 | 천연슬래이트(점판암)내벽붙이기 | 인조석내벽붙이기 | 테라조내벽붙이기	NO	0	0	0	0	0	0	0	0	6	0	0	0	0		5221:화강석내벽붙이기 | 5222:대리석내벽붙이기 | 5223:사암내벽붙이기 | 5224:천연슬래이트(점판암)내벽붙이기 | 5225:인조석내벽붙이기 | 5226:테라조내벽붙이기	NO_REVIEWED_CHILDREN	PENDING	1	석재판재공사 > 석재내벽붙이기	0		6	석재바닥깔기 | 석재외벽붙이기 | 석재구조물밑면붙이기 | 석재계단붙이기 | 기타부위석재붙이기 | 석재마감공사	0		NONE	PENDING	PENDING	EMPTY	EMPTY
571	da3841a2f430332cdd10f1ecaae4440bb9d1f29578300450b887fb0f87e01bf8	CIC_W	523	W_MID	석재외벽붙이기	석재판재공사 > 석재외벽붙이기	석재판재공사	52	2	AMBIGUOUS	UNREVIEWED	PROCESS	KEEP_AS_DISTINCT	236	6	5231 | 5232 | 5233 | 5234 | 5235 | 5236	화강석외벽붙이기 | 대리석외벽붙이기 | 사암외벽붙이기 | 천연슬래이트외벽붙이기 | 인조석외벽붙이기 | 테라조외벽붙이기	NO	0	0	0	0	0	0	0	0	6	0	0	0	0		5231:화강석외벽붙이기 | 5232:대리석외벽붙이기 | 5233:사암외벽붙이기 | 5234:천연슬래이트외벽붙이기 | 5235:인조석외벽붙이기 | 5236:테라조외벽붙이기	NO_REVIEWED_CHILDREN	PENDING	1	석재판재공사 > 석재외벽붙이기	0		6	석재바닥깔기 | 석재내벽붙이기 | 석재구조물밑면붙이기 | 석재계단붙이기 | 기타부위석재붙이기 | 석재마감공사	0		NONE	PENDING	PENDING	EMPTY	EMPTY
572	458b05cf348f2ad16e6b040d6286a079024874f43cf916f97134e077ff30ce00	CIC_W	524	W_MID	석재구조물밑면붙이기	석재판재공사 > 석재구조물밑면붙이기	석재판재공사	52	2	AMBIGUOUS	UNREVIEWED	PROCESS	KEEP_AS_DISTINCT	236	6	5241 | 5242 | 5243 | 5244 | 5245 | 5246	화강석구조물밑면붙이기 | 대리석구조물밑면붙이기 | 사암구조물밑면붙이기 | 천연슬래이트구조물밑면붙이기 | 인조석구조물밑면붙이기 | 테라조구조물밑면붙이기	NO	0	0	0	0	0	0	0	0	6	0	0	0	0		5241:화강석구조물밑면붙이기 | 5242:대리석구조물밑면붙이기 | 5243:사암구조물밑면붙이기 | 5244:천연슬래이트구조물밑면붙이기 | 5245:인조석구조물밑면붙이기 | 5246:테라조구조물밑면붙이기	NO_REVIEWED_CHILDREN	PENDING	1	석재판재공사 > 석재구조물밑면붙이기	0		6	석재바닥깔기 | 석재내벽붙이기 | 석재외벽붙이기 | 석재계단붙이기 | 기타부위석재붙이기 | 석재마감공사	0		NONE	PENDING	PENDING	EMPTY	EMPTY
573	c57fe71a7b50ab51602aa996ea142e07d956d1262d346ef16876bfb952848568	CIC_W	525	W_MID	석재계단붙이기	석재판재공사 > 석재계단붙이기	석재판재공사	52	2	AMBIGUOUS	UNREVIEWED	PROCESS	KEEP_AS_DISTINCT	236	3	5251 | 5252 | 5253	계단디딤판(트레드)석재붙이기 | 계단채임판(라이저)석재붙이기 | 통석재계단놓기	NO	0	0	0	0	0	0	0	0	3	0	0	0	0		5251:계단디딤판(트레드)석재붙이기 | 5252:계단채임판(라이저)석재붙이기 | 5253:통석재계단놓기	NO_REVIEWED_CHILDREN	PENDING	1	석재판재공사 > 석재계단붙이기	0		6	석재바닥깔기 | 석재내벽붙이기 | 석재외벽붙이기 | 석재구조물밑면붙이기 | 기타부위석재붙이기 | 석재마감공사	0		NONE	PENDING	PENDING	EMPTY	EMPTY
574	e8f6a6211e7fb4d1eb2932434667c26bd5cc85344ff8d5efcd91920e8f501b5f	CIC_W	526	W_MID	기타부위석재붙이기	석재판재공사 > 기타부위석재붙이기	석재판재공사	52	2	AMBIGUOUS	UNREVIEWED	PROCESS	KEEP_AS_DISTINCT	236	4	5261 | 5262 | 5263 | 5264	두겁돌붙이기 | 창대석붙이기 | 도어씰붙이기 | 경계석(마감석)붙이기	NO	0	0	0	0	0	0	0	0	4	0	0	0	0		5261:두겁돌붙이기 | 5262:창대석붙이기 | 5263:도어씰붙이기 | 5264:경계석(마감석)붙이기	NO_REVIEWED_CHILDREN	PENDING	1	석재판재공사 > 기타부위석재붙이기	0		6	석재바닥깔기 | 석재내벽붙이기 | 석재외벽붙이기 | 석재구조물밑면붙이기 | 석재계단붙이기 | 석재마감공사	0		NONE	PENDING	PENDING	EMPTY	EMPTY
575	451c61294ea4cf5a8b3497a4be8bcad7d8ea0c2629b3c92477a75aed437d2c75	CIC_W	528	W_MID	석재마감공사	석재판재공사 > 석재마감공사	석재판재공사	52	2	AMBIGUOUS	UNREVIEWED	PROCESS	KEEP_AS_DISTINCT	236	5	5281 | 5282 | 5283 | 5284 | 5285	석재물갈기 | 석재거친다듬마감 - - 대․중․소 분류대․중․소 분류 | 석재잔다듬마감 | 석재젯트버너마감 | 석재골파기마감	NO	0	0	0	0	0	0	0	0	5	0	0	0	0		5281:석재물갈기 | 5282:석재거친다듬마감 - - 대․중․소 분류대․중․소 분류 | 5283:석재잔다듬마감 | 5284:석재젯트버너마감 | 5285:석재골파기마감	NO_REVIEWED_CHILDREN	PENDING	1	석재판재공사 > 석재마감공사	0		6	석재바닥깔기 | 석재내벽붙이기 | 석재외벽붙이기 | 석재구조물밑면붙이기 | 석재계단붙이기 | 기타부위석재붙이기	0		ENDS_WITH_공사	PENDING	PENDING	EMPTY	EMPTY
576	e270f61266f4a573089ecd3d8b776419da2877050620b20316618d6397e556ba	CIC_W	535	W_MID	계단타일붙이기	타일공사 > 계단타일붙이기	타일공사	53	2	AMBIGUOUS	UNREVIEWED	PROCESS	KEEP_AS_DISTINCT	237	2	5351 | 5352	계단디딤판(트레드)타일붙이기 | 계단채임판(라이저)석재붙이기	NO	0	0	0	0	0	0	0	0	2	0	0	0	0		5351:계단디딤판(트레드)타일붙이기 | 5352:계단채임판(라이저)석재붙이기	NO_REVIEWED_CHILDREN	PENDING	1	타일공사 > 계단타일붙이기	0		5	바닥타일붙이기 | 내벽타일붙이기 | 외벽타일붙이기 | 구조물밑면타일붙이기 | 이형타일붙이기	4	531:바닥타일붙이기:PROCESS:KEEP_AS_DISTINCT | 532:내벽타일붙이기:PROCESS:KEEP_AS_DISTINCT | 533:외벽타일붙이기:PROCESS:KEEP_AS_DISTINCT | 534:구조물밑면타일붙이기:PROCESS:KEEP_AS_DISTINCT	NONE	PENDING	PENDING	EMPTY	EMPTY
577	114c9cd8f878149429b38c8e3a6e6db4783164904508e62405f8856afb1aaec9	CIC_W	536	W_MID	이형타일붙이기	타일공사 > 이형타일붙이기	타일공사	53	2	AMBIGUOUS	UNREVIEWED	PROCESS	KEEP_AS_DISTINCT	237	4	5361 | 5362 | 5363 | 5364	띠타일붙이기 | 모서리타일붙이기 | 점자타일붙이기 | 그래픽타일붙이기	NO	0	0	0	0	0	0	0	0	4	0	0	0	0		5361:띠타일붙이기 | 5362:모서리타일붙이기 | 5363:점자타일붙이기 | 5364:그래픽타일붙이기	NO_REVIEWED_CHILDREN	PENDING	1	타일공사 > 이형타일붙이기	0		5	바닥타일붙이기 | 내벽타일붙이기 | 외벽타일붙이기 | 구조물밑면타일붙이기 | 계단타일붙이기	4	531:바닥타일붙이기:PROCESS:KEEP_AS_DISTINCT | 532:내벽타일붙이기:PROCESS:KEEP_AS_DISTINCT | 533:외벽타일붙이기:PROCESS:KEEP_AS_DISTINCT | 534:구조물밑면타일붙이기:PROCESS:KEEP_AS_DISTINCT	NONE	PENDING	PENDING	EMPTY	EMPTY
578	73f72692fc4fe15d20a98d376e1d6876be8a010d76e5220a4af7e300b9879e88	CIC_W	542	W_MID	칸막이공사	수장공사 > 칸막이공사	수장공사	54	2	AMBIGUOUS	UNREVIEWED	PROCESS	KEEP_AS_DISTINCT	238	5	5421 | 5422 | 5423 | 5424 | 5425	시멘트계판재칸막이 | 철재칸막이 | 합성수지판재칸막이 | 파티클보드칸막이 | UBR(UnitBathRoom)설치	NO	1	0	0	0	0	0	0	1	4	0	0	1	0	5425:UBR(UnitBathRoom)설치:AMBIGUOUS:HOLD	5421:시멘트계판재칸막이 | 5422:철재칸막이 | 5423:합성수지판재칸막이 | 5424:파티클보드칸막이	PARTIAL_REVIEW_SINGLE_KIND	PENDING	1	수장공사 > 칸막이공사	0		6	바닥깔기 | 벽체붙이기 | 천정판재붙이기 | 도배공사 | 박판쉬트(비니어)붙이기 | 장식공사	1	541:바닥깔기:PROCESS:KEEP_AS_DISTINCT	ENDS_WITH_공사	PENDING	PENDING	EMPTY	EMPTY
579	17a6bc8fac306baf4a5cb41dce455bddea0cf7f93b91ae060304529717a4e3ec	CIC_W	543	W_MID	벽체붙이기	수장공사 > 벽체붙이기	수장공사	54	2	AMBIGUOUS	UNREVIEWED	PROCESS	KEEP_AS_DISTINCT	238	6	5431 | 5432 | 5433 | 5434 | 5435 | 5436	벽체석고보드붙이기 | 벽체석면시멘트판재붙이기 | 벽체합성수지판재붙이기 | 벽체섬유질판재붙이기 | 벽체카페트붙이기 | 벽체페브릭붙이기	NO	0	0	0	0	0	0	0	0	6	0	0	0	0		5431:벽체석고보드붙이기 | 5432:벽체석면시멘트판재붙이기 | 5433:벽체합성수지판재붙이기 | 5434:벽체섬유질판재붙이기 | 5435:벽체카페트붙이기 | 5436:벽체페브릭붙이기	NO_REVIEWED_CHILDREN	PENDING	1	수장공사 > 벽체붙이기	0		6	바닥깔기 | 칸막이공사 | 천정판재붙이기 | 도배공사 | 박판쉬트(비니어)붙이기 | 장식공사	1	541:바닥깔기:PROCESS:KEEP_AS_DISTINCT	NONE	PENDING	PENDING	EMPTY	EMPTY
580	d80c48dae3cd28c195d34ad556898539539b5990ec850385f7471476dab00ccd	CIC_W	544	W_MID	천정판재붙이기	수장공사 > 천정판재붙이기	수장공사	54	2	AMBIGUOUS	UNREVIEWED	PROCESS	KEEP_AS_DISTINCT	238	5	5441 | 5442 | 5443 | 5444 | 5446	천정석고보드붙이기 | 천정석면시멘트판재붙이기 | 천정합성수지판재붙이기 | 천정섬유질판재붙이기 | 천정패브릭붙이기	NO	0	0	0	0	0	0	0	0	5	0	0	0	0		5441:천정석고보드붙이기 | 5442:천정석면시멘트판재붙이기 | 5443:천정합성수지판재붙이기 | 5444:천정섬유질판재붙이기 | 5446:천정패브릭붙이기	NO_REVIEWED_CHILDREN	PENDING	1	수장공사 > 천정판재붙이기	0		6	바닥깔기 | 칸막이공사 | 벽체붙이기 | 도배공사 | 박판쉬트(비니어)붙이기 | 장식공사	1	541:바닥깔기:PROCESS:KEEP_AS_DISTINCT	NONE	PENDING	PENDING	EMPTY	EMPTY
581	8fdfbd47d72cc26b441a9c62680f626cb47a38c285a57a4f7f43083cf3679905	CIC_W	545	W_MID	도배공사	수장공사 > 도배공사	수장공사	54	2	AMBIGUOUS	UNREVIEWED	PROCESS	KEEP_AS_DISTINCT	238	4	5451 | 5452 | 5453 | 5455	벽지바르기 | 천정지바르기 | 장판지바르기 | 창호지바르기	NO	0	0	0	0	0	0	0	0	4	0	0	0	0		5451:벽지바르기 | 5452:천정지바르기 | 5453:장판지바르기 | 5455:창호지바르기	NO_REVIEWED_CHILDREN	PENDING	1	수장공사 > 도배공사	0		6	바닥깔기 | 칸막이공사 | 벽체붙이기 | 천정판재붙이기 | 박판쉬트(비니어)붙이기 | 장식공사	1	541:바닥깔기:PROCESS:KEEP_AS_DISTINCT	ENDS_WITH_공사	PENDING	PENDING	EMPTY	EMPTY
582	1f4b8e0ff006e9fe311af93dd203ce6e63a069b6d25bec7d20d0acf6107f7628	CIC_W	546	W_MID	박판쉬트(비니어)붙이기	수장공사 > 박판쉬트(비니어)붙이기	수장공사	54	2	AMBIGUOUS	UNREVIEWED	PROCESS	KEEP_AS_DISTINCT	238	6	5461 | 5462 | 5463 | 5464 | 5465 | 5466	우드비니어(무늬목)붙이기 | 멜라민수지쉬트붙이기 | 폴리에스테르수지쉬트붙이기 | 염화비닐수지쉬트붙이기 | 페놀수지쉬트붙이기 | 박판금속쉬트붙이기	NO	0	0	0	0	0	0	0	0	6	0	0	0	0		5461:우드비니어(무늬목)붙이기 | 5462:멜라민수지쉬트붙이기 | 5463:폴리에스테르수지쉬트붙이기 | 5464:염화비닐수지쉬트붙이기 | 5465:페놀수지쉬트붙이기 | 5466:박판금속쉬트붙이기	NO_REVIEWED_CHILDREN	PENDING	1	수장공사 > 박판쉬트(비니어)붙이기	0		6	바닥깔기 | 칸막이공사 | 벽체붙이기 | 천정판재붙이기 | 도배공사 | 장식공사	1	541:바닥깔기:PROCESS:KEEP_AS_DISTINCT	NONE	PENDING	PENDING	EMPTY	EMPTY
583	e2fd35770c14500789c0638dca2e272a43994af4df8912574e661a121634e8f1	CIC_W	547	W_MID	장식공사	수장공사 > 장식공사	수장공사	54	2	AMBIGUOUS	UNREVIEWED	PROCESS	KEEP_AS_DISTINCT	238	3	5471 | 5472 | 5473	그릴설치 | 루버설치 | 수장마감부속재설치	NO	0	0	0	0	0	0	0	0	3	0	0	0	0		5471:그릴설치 | 5472:루버설치 | 5473:수장마감부속재설치	NO_REVIEWED_CHILDREN	PENDING	1	수장공사 > 장식공사	0		6	바닥깔기 | 칸막이공사 | 벽체붙이기 | 천정판재붙이기 | 도배공사 | 박판쉬트(비니어)붙이기	1	541:바닥깔기:PROCESS:KEEP_AS_DISTINCT	ENDS_WITH_공사	PENDING	PENDING	EMPTY	EMPTY
584	d32123ea8dbb7dbb4fdef4442c2f73465fdd8f1789706010eae4a453a42f072c	CIC_W	553	W_MID	유성페인트	도장공사 > 유성페인트	도장공사	55	2	AMBIGUOUS	UNREVIEWED	PROCESS	KEEP_AS_DISTINCT	239	4	5531 | 5532 | 5533 | 5534	된반죽유성페인트 | 조합페인트 | 카슈칠 옻칠 | 페놀수지페인트	NO	0	0	0	0	0	0	0	0	4	0	0	0	0		5531:된반죽유성페인트 | 5532:조합페인트 | 5533:카슈칠 옻칠 | 5534:페놀수지페인트	NO_REVIEWED_CHILDREN	PENDING	1	도장공사 > 유성페인트	0		8	바탕처리 | 방청성페인트 | 바니쉬 에나멜페인트 | 락카 | 수성페인트 | 합성수지페인트 | 특수페인트 | 기타도장공사	4	551:바탕처리:PROCESS:KEEP_AS_DISTINCT | 552:방청성페인트:MATERIAL_COMPONENT:REJECT | 557:합성수지페인트:MATERIAL_COMPONENT:REJECT | 558:특수페인트:MATERIAL_COMPONENT:REJECT	NONE	PENDING	PENDING	EMPTY	EMPTY
585	5066c74bb6f21253263e3f2f365f81981332919e44063d9c8e88702e3e91e38c	CIC_W	554	W_MID	바니쉬 에나멜페인트	도장공사 > 바니쉬 에나멜페인트	도장공사	55	2	AMBIGUOUS	UNREVIEWED	PROCESS	KEEP_AS_DISTINCT	239	3	5541 | 5542 | 5545	유성바니쉬 | 수지바니쉬 | 에나멜페인트	NO	0	0	0	0	0	0	0	0	3	0	0	0	0		5541:유성바니쉬 | 5542:수지바니쉬 | 5545:에나멜페인트	NO_REVIEWED_CHILDREN	PENDING	1	도장공사 > 바니쉬 에나멜페인트	0		8	바탕처리 | 방청성페인트 | 유성페인트 | 락카 | 수성페인트 | 합성수지페인트 | 특수페인트 | 기타도장공사	4	551:바탕처리:PROCESS:KEEP_AS_DISTINCT | 552:방청성페인트:MATERIAL_COMPONENT:REJECT | 557:합성수지페인트:MATERIAL_COMPONENT:REJECT | 558:특수페인트:MATERIAL_COMPONENT:REJECT	NONE	PENDING	PENDING	EMPTY	EMPTY
586	5e1e71c30ac54c1e9ef2351d82ad78de016b2bff96265a82fbe72c1b90ae7f59	CIC_W	555	W_MID	락카	도장공사 > 락카	도장공사	55	2	AMBIGUOUS	UNREVIEWED	PROCESS	KEEP_AS_DISTINCT	239	3	5551 | 5552 | 5553	크리어락카 | 락커에나멜 | 특수락카	NO	0	0	0	0	0	0	0	0	3	0	0	0	0		5551:크리어락카 | 5552:락커에나멜 | 5553:특수락카	NO_REVIEWED_CHILDREN	PENDING	1	도장공사 > 락카	0		8	바탕처리 | 방청성페인트 | 유성페인트 | 바니쉬 에나멜페인트 | 수성페인트 | 합성수지페인트 | 특수페인트 | 기타도장공사	4	551:바탕처리:PROCESS:KEEP_AS_DISTINCT | 552:방청성페인트:MATERIAL_COMPONENT:REJECT | 557:합성수지페인트:MATERIAL_COMPONENT:REJECT | 558:특수페인트:MATERIAL_COMPONENT:REJECT	NONE	PENDING	PENDING	EMPTY	EMPTY
587	ea4ae1f64e396a012b0acfe9e8f99efe731a6a370b469badf00344df3be00258	CIC_W	556	W_MID	수성페인트	도장공사 > 수성페인트	도장공사	55	2	AMBIGUOUS	UNREVIEWED	PROCESS	KEEP_AS_DISTINCT	239	2	5561 | 5562	일반수성페인트 | 합성수지계에멀젼페인트	NO	0	0	0	0	0	0	0	0	2	0	0	0	0		5561:일반수성페인트 | 5562:합성수지계에멀젼페인트	NO_REVIEWED_CHILDREN	PENDING	1	도장공사 > 수성페인트	0		8	바탕처리 | 방청성페인트 | 유성페인트 | 바니쉬 에나멜페인트 | 락카 | 합성수지페인트 | 특수페인트 | 기타도장공사	4	551:바탕처리:PROCESS:KEEP_AS_DISTINCT | 552:방청성페인트:MATERIAL_COMPONENT:REJECT | 557:합성수지페인트:MATERIAL_COMPONENT:REJECT | 558:특수페인트:MATERIAL_COMPONENT:REJECT	NONE	PENDING	PENDING	EMPTY	EMPTY
588	c870bb49bcca93830ae9ff40705916fa3284e59b7c8578fc7eea4b99de5ba19b	CIC_W	559	W_MID	기타도장공사	도장공사 > 기타도장공사	도장공사	55	2	AMBIGUOUS	UNREVIEWED	PROCESS	KEEP_AS_DISTINCT	239	0			NO	0	0	0	0	0	0	0	0	0	0	0	0	0			NO_REVIEWED_CHILDREN	PENDING	1	도장공사 > 기타도장공사	0		8	바탕처리 | 방청성페인트 | 유성페인트 | 바니쉬 에나멜페인트 | 락카 | 수성페인트 | 합성수지페인트 | 특수페인트	4	551:바탕처리:PROCESS:KEEP_AS_DISTINCT | 552:방청성페인트:MATERIAL_COMPONENT:REJECT | 557:합성수지페인트:MATERIAL_COMPONENT:REJECT | 558:특수페인트:MATERIAL_COMPONENT:REJECT	ENDS_WITH_공사	PENDING	PENDING	EMPTY	EMPTY
589	47400215baa17de907819106ef8dd1ecc06d84e10d163434b0742ae3f3728cbb	CIC_W	561	W_MID	붙박이실내설비	설치물공사 > 붙박이실내설비	설치물공사	56	2	AMBIGUOUS	UNREVIEWED	PROCESS	KEEP_AS_DISTINCT	240	5	5611 | 5612 | 5613 | 5614 | 5619	붙박이수납가구 | 붙박이안내설비 | 칸막이 부츠 | 주방가구 | 기타설치가구	NO	1	0	0	0	0	1	0	0	4	0	0	0	1	5611:붙박이수납가구:FACILITY_EQUIPMENT:REJECT	5612:붙박이안내설비 | 5613:칸막이 부츠 | 5614:주방가구 | 5619:기타설치가구	PARTIAL_REVIEW_SINGLE_KIND	PENDING	1	설치물공사 > 붙박이실내설비	0		3	안내표식시설 | 빛조절및시야조절설비 | 시설물별특수설치물	0		CONTAINS_설비	PENDING	PENDING	EMPTY	EMPTY
590	2edbfa8f850d80faba8076e867388fecb52109fb0bf99e1333a9fcce8835cce6	CIC_W	562	W_MID	안내표식시설	설치물공사 > 안내표식시설	설치물공사	56	2	AMBIGUOUS	UNREVIEWED	PROCESS	KEEP_AS_DISTINCT	240	2	5621 | 5622	칠판및게시판 | 안내표식시설	NO	0	0	0	0	0	0	0	0	2	0	0	0	0		5621:칠판및게시판 | 5622:안내표식시설	NO_REVIEWED_CHILDREN	PENDING	1	설치물공사 > 안내표식시설	0		3	붙박이실내설비 | 빛조절및시야조절설비 | 시설물별특수설치물	0		NONE	PENDING	PENDING	EMPTY	EMPTY
591	adc6db8efc36940f1348e280c008416bb6943f375da39a1d0d4819a3eeaa6034	CIC_W	563	W_MID	빛조절및시야조절설비	설치물공사 > 빛조절및시야조절설비	설치물공사	56	2	AMBIGUOUS	UNREVIEWED	PROCESS	KEEP_AS_DISTINCT	240	3	5631 | 5632 | 5633	휘장및커텐 | 블라인드스크린 | 차양	NO	0	0	0	0	0	0	0	0	3	0	0	0	0		5631:휘장및커텐 | 5632:블라인드스크린 | 5633:차양	NO_REVIEWED_CHILDREN	PENDING	1	설치물공사 > 빛조절및시야조절설비	0		3	붙박이실내설비 | 안내표식시설 | 시설물별특수설치물	0		CONTAINS_설비	PENDING	PENDING	EMPTY	EMPTY
592	4387405e889a4b96b31adc9490352b08c741065084627688e382c2fd309c263f	CIC_W	568	W_MID	시설물별특수설치물	설치물공사 > 시설물별특수설치물	설치물공사	56	2	AMBIGUOUS	UNREVIEWED	PROCESS	KEEP_AS_DISTINCT	240	0			NO	0	0	0	0	0	0	0	0	0	0	0	0	0			NO_REVIEWED_CHILDREN	PENDING	1	설치물공사 > 시설물별특수설치물	0		3	붙박이실내설비 | 안내표식시설 | 빛조절및시야조절설비	0		NONE	PENDING	PENDING	EMPTY	EMPTY
593	4bde7daa140f52a5aaab8aa6bab092eff8ea2e0f35f90dd42eece9e9fa0efb0c	CIC_W	571	W_MID	일반가구	가구및집기 > 일반가구	가구및집기	57	2	AMBIGUOUS	UNREVIEWED	CLASSIFICATION	REJECT	98	4	5711 | 5712 | 5713 | 5714	책상 탁자 | 의자 | 침대 | 수납가구	NO	1	0	0	0	0	1	0	0	3	0	0	0	1	5711:책상 탁자:FACILITY_EQUIPMENT:REJECT	5712:의자 | 5713:침대 | 5714:수납가구	PARTIAL_REVIEW_SINGLE_KIND	PENDING	1	가구및집기 > 일반가구	0		3	시설별특수가구 | 집기및비품 | 시설별특수집기및비품	0		NONE	PENDING	PENDING	EMPTY	EMPTY
594	8954490f448a3d26d0dfdeaaac2d8f1106204ee6e100d1f9b626e66cbd368d8d	CIC_W	573	W_MID	시설별특수가구	가구및집기 > 시설별특수가구	가구및집기	57	2	AMBIGUOUS	UNREVIEWED	CLASSIFICATION	REJECT	98	0			NO	0	0	0	0	0	0	0	0	0	0	0	0	0			NO_REVIEWED_CHILDREN	PENDING	1	가구및집기 > 시설별특수가구	0		3	일반가구 | 집기및비품 | 시설별특수집기및비품	0		NONE	PENDING	PENDING	EMPTY	EMPTY
595	96a97f8ad3c7b924f28ae4d4b6adfd621a387979574ee2e29a9f4e1b2704c6ca	CIC_W	575	W_MID	집기및비품	가구및집기 > 집기및비품	가구및집기	57	2	AMBIGUOUS	UNREVIEWED	CLASSIFICATION	REJECT	98	4	5751 | 5752 | 5753 | 5759	바닥깔개및매트 | 예술품 | 실내조경용비품 | 기타집기비품	NO	0	0	0	0	0	0	0	0	4	0	0	0	0		5751:바닥깔개및매트 | 5752:예술품 | 5753:실내조경용비품 | 5759:기타집기비품	NO_REVIEWED_CHILDREN	PENDING	1	가구및집기 > 집기및비품	0		3	일반가구 | 시설별특수가구 | 시설별특수집기및비품	0		NONE	PENDING	PENDING	EMPTY	EMPTY
596	5b1507d5ee9929cf73698e1b51b217755d1ee39b7487239176d2342315f6a64f	CIC_W	577	W_MID	시설별특수집기및비품	가구및집기 > 시설별특수집기및비품	가구및집기	57	2	AMBIGUOUS	UNREVIEWED	CLASSIFICATION	REJECT	98	0			NO	0	0	0	0	0	0	0	0	0	0	0	0	0			NO_REVIEWED_CHILDREN	PENDING	1	가구및집기 > 시설별특수집기및비품	0		3	일반가구 | 시설별특수가구 | 집기및비품	0		NONE	PENDING	PENDING	EMPTY	EMPTY
597	3b281a626201e43a3b74a65edce816aacefa2a643f09d996862c68124327ba97	CIC_W	591	W_MID	토양준비및흙쌓기	조경공사 > 토양준비및흙쌓기	조경공사	59	2	AMBIGUOUS	UNREVIEWED	PROCESS	KEEP_AS_DISTINCT	241	1	5911	정지	NO	1	0	1	0	0	0	0	0	0	1	0	0	0	5911:정지:TASK:KEEP_AS_DISTINCT		ALL_REVIEWED_SINGLE_KIND	PENDING	1	조경공사 > 토양준비및흙쌓기	0		7	이식및식재공사 | 잔디공사 | 녹화및보호공사 | 파종및살포 | 조경시설물설치 | 조경유지관리 | 기타조경공사	3	592:이식및식재공사:PROCESS:KEEP_AS_DISTINCT | 596:조경시설물설치:PROCESS:KEEP_AS_DISTINCT | 597:조경유지관리:PROCESS:KEEP_AS_DISTINCT	NONE	PENDING	PENDING	EMPTY	EMPTY
598	5180e4c0b4fdc966911ab5af666f964fb73009738aea3a5a64a95b5586c8d346	CIC_W	593	W_MID	잔디공사	조경공사 > 잔디공사	조경공사	59	2	AMBIGUOUS	UNREVIEWED	PROCESS	KEEP_AS_DISTINCT	241	3	5931 | 5932 | 5933	잔디씨뿌리기 | 종자뿜어붙이기 | 잔디식재	NO	0	0	0	0	0	0	0	0	3	0	0	0	0		5931:잔디씨뿌리기 | 5932:종자뿜어붙이기 | 5933:잔디식재	NO_REVIEWED_CHILDREN	PENDING	1	조경공사 > 잔디공사	0		7	토양준비및흙쌓기 | 이식및식재공사 | 녹화및보호공사 | 파종및살포 | 조경시설물설치 | 조경유지관리 | 기타조경공사	3	592:이식및식재공사:PROCESS:KEEP_AS_DISTINCT | 596:조경시설물설치:PROCESS:KEEP_AS_DISTINCT | 597:조경유지관리:PROCESS:KEEP_AS_DISTINCT	ENDS_WITH_공사	PENDING	PENDING	EMPTY	EMPTY
599	c781c752831891034e9fe3e41ffffc1ca85e5e7797c1671165fb4a4ad87f4c47	CIC_W	594	W_MID	녹화및보호공사	조경공사 > 녹화및보호공사	조경공사	59	2	AMBIGUOUS	UNREVIEWED	PROCESS	KEEP_AS_DISTINCT	241	2	5941 | 5942	비탈면녹화 | 생태복원공사	NO	0	0	0	0	0	0	0	0	2	0	0	0	0		5941:비탈면녹화 | 5942:생태복원공사	NO_REVIEWED_CHILDREN	PENDING	1	조경공사 > 녹화및보호공사	0		7	토양준비및흙쌓기 | 이식및식재공사 | 잔디공사 | 파종및살포 | 조경시설물설치 | 조경유지관리 | 기타조경공사	3	592:이식및식재공사:PROCESS:KEEP_AS_DISTINCT | 596:조경시설물설치:PROCESS:KEEP_AS_DISTINCT | 597:조경유지관리:PROCESS:KEEP_AS_DISTINCT	ENDS_WITH_공사	PENDING	PENDING	EMPTY	EMPTY
600	5e5b30fea19ef26b7022eea2ae5fc8acdadb8683866f4b08be21c52d299e17c6	CIC_W	595	W_MID	파종및살포	조경공사 > 파종및살포	조경공사	59	2	AMBIGUOUS	UNREVIEWED	PROCESS	KEEP_AS_DISTINCT	241	2	5951 | 5952	파종 | 초류종자살포	NO	0	0	0	0	0	0	0	0	2	0	0	0	0		5951:파종 | 5952:초류종자살포	NO_REVIEWED_CHILDREN	PENDING	1	조경공사 > 파종및살포	0		7	토양준비및흙쌓기 | 이식및식재공사 | 잔디공사 | 녹화및보호공사 | 조경시설물설치 | 조경유지관리 | 기타조경공사	3	592:이식및식재공사:PROCESS:KEEP_AS_DISTINCT | 596:조경시설물설치:PROCESS:KEEP_AS_DISTINCT | 597:조경유지관리:PROCESS:KEEP_AS_DISTINCT	NONE	PENDING	PENDING	EMPTY	EMPTY
601	15918dc692831080af4406748cba132c117d11a7fefe02658ac2afbeb5bbd47b	CIC_W	599	W_MID	기타조경공사	조경공사 > 기타조경공사	조경공사	59	2	AMBIGUOUS	UNREVIEWED	PROCESS	KEEP_AS_DISTINCT	241	0			NO	0	0	0	0	0	0	0	0	0	0	0	0	0			NO_REVIEWED_CHILDREN	PENDING	1	조경공사 > 기타조경공사	0		7	토양준비및흙쌓기 | 이식및식재공사 | 잔디공사 | 녹화및보호공사 | 파종및살포 | 조경시설물설치 | 조경유지관리	3	592:이식및식재공사:PROCESS:KEEP_AS_DISTINCT | 596:조경시설물설치:PROCESS:KEEP_AS_DISTINCT | 597:조경유지관리:PROCESS:KEEP_AS_DISTINCT	ENDS_WITH_공사	PENDING	PENDING	EMPTY	EMPTY
602	022d81a5a3254442cb4c1ff1b2bf25d52ff7c8a2af6605ee18693be55d090972	CIC_W	611	W_MID	배관및관련부속공사	기계 플랜트시설공통공사 > 배관및관련부속공사	기계 플랜트시설공통공사	61	2	AMBIGUOUS	UNREVIEWED	PROCESS	KEEP_AS_DISTINCT	242	3	6111 | 6112 | 6119	배관공사 | 설비별배관공사 | 기타배관및관련부속공사	NO	1	1	0	0	0	0	0	0	2	1	0	0	0	6111:배관공사:PROCESS:KEEP_AS_DISTINCT	6112:설비별배관공사 | 6119:기타배관및관련부속공사	PARTIAL_REVIEW_SINGLE_KIND	PENDING	1	기계 플랜트시설공통공사 > 배관및관련부속공사	0		4	보온공사 | 자동제어공사 | 펌프․공기설비공사 | 설비․시설잡공사	1	615:설비․시설잡공사:PROCESS:KEEP_AS_DISTINCT	ENDS_WITH_공사	PENDING	PENDING	EMPTY	EMPTY
603	5ce9967c09c9c12bcbfac0c38edc012bd51cd740fdc29bcc3bc0c312d90ae869	CIC_W	612	W_MID	보온공사	기계 플랜트시설공통공사 > 보온공사	기계 플랜트시설공통공사	61	2	AMBIGUOUS	UNREVIEWED	PROCESS	KEEP_AS_DISTINCT	242	4	6121 | 6122 | 6123 | 6129	배관및배관관련부속보온공사 | 덕트보온공사 | 평면 탱크 기기보온공사 | 기타보온공사	NO	0	0	0	0	0	0	0	0	4	0	0	0	0		6121:배관및배관관련부속보온공사 | 6122:덕트보온공사 | 6123:평면 탱크 기기보온공사 | 6129:기타보온공사	NO_REVIEWED_CHILDREN	PENDING	1	기계 플랜트시설공통공사 > 보온공사	0		4	배관및관련부속공사 | 자동제어공사 | 펌프․공기설비공사 | 설비․시설잡공사	1	615:설비․시설잡공사:PROCESS:KEEP_AS_DISTINCT	ENDS_WITH_공사	PENDING	PENDING	EMPTY	EMPTY
604	484af9e7e3b8546c45d9754f4f9525e680912b5f57e6e5a1498d92b8caaf3bc2	CIC_W	613	W_MID	자동제어공사	기계 플랜트시설공통공사 > 자동제어공사	기계 플랜트시설공통공사	61	2	AMBIGUOUS	UNREVIEWED	PROCESS	KEEP_AS_DISTINCT	242	2	6131 | 6132	자동제어설비공사 | 자동제어설비시스템별공사	NO	0	0	0	0	0	0	0	0	2	0	0	0	0		6131:자동제어설비공사 | 6132:자동제어설비시스템별공사	NO_REVIEWED_CHILDREN	PENDING	1	기계 플랜트시설공통공사 > 자동제어공사	0		4	배관및관련부속공사 | 보온공사 | 펌프․공기설비공사 | 설비․시설잡공사	1	615:설비․시설잡공사:PROCESS:KEEP_AS_DISTINCT	ENDS_WITH_공사	PENDING	PENDING	EMPTY	EMPTY
605	d63120cfd03d46c41cbd683f896898ece2f8f4269d15513a09fdc13053fe3951	CIC_W	614	W_MID	펌프․공기설비공사	기계 플랜트시설공통공사 > 펌프․공기설비공사	기계 플랜트시설공통공사	61	2	AMBIGUOUS	UNREVIEWED	PROCESS	KEEP_AS_DISTINCT	242	3	6141 | 6142 | 6143	펌프공사 | 송풍기및환풍기공사 | 공기압축기공사	NO	0	0	0	0	0	0	0	0	3	0	0	0	0		6141:펌프공사 | 6142:송풍기및환풍기공사 | 6143:공기압축기공사	NO_REVIEWED_CHILDREN	PENDING	1	기계 플랜트시설공통공사 > 펌프․공기설비공사	0		4	배관및관련부속공사 | 보온공사 | 자동제어공사 | 설비․시설잡공사	1	615:설비․시설잡공사:PROCESS:KEEP_AS_DISTINCT	ENDS_WITH_공사|CONTAINS_설비	PENDING	PENDING	EMPTY	EMPTY
606	f2b76e09819a23f84d6287062806f52099798df9641f2780ac9ede6cc7014505	CIC_W	621	W_MID	보일러부․부속공사	열원기기설비및공기조화설비공사 > 보일러부․부속공사	열원기기설비및공기조화설비공사	62	2	AMBIGUOUS	UNREVIEWED	PROCESS	KEEP_AS_DISTINCT	243	2	6211 | 6212	기계보일러및부속공사 | 플랜트보일러및부속공사	NO	1	1	0	0	0	0	0	0	1	1	0	0	0	6211:기계보일러및부속공사:PROCESS:KEEP_AS_DISTINCT	6212:플랜트보일러및부속공사	PARTIAL_REVIEW_SINGLE_KIND	PENDING	1	열원기기설비및공기조화설비공사 > 보일러부․부속공사	0		5	냉동기․냉각탑공사 | 공기조화기기설비공사 | 덕트공사 | 열교환기 탱크 헤더설치공사 | 냉온수기설치공사	1	623:공기조화기기설비공사:PROCESS:KEEP_AS_DISTINCT	ENDS_WITH_공사	PENDING	PENDING	EMPTY	EMPTY
607	62d5cb92cb31d83dcd0522c7b75b7aa96a6285f43e9b8ac7af52743f1b6a9006	CIC_W	622	W_MID	냉동기․냉각탑공사	열원기기설비및공기조화설비공사 > 냉동기․냉각탑공사	열원기기설비및공기조화설비공사	62	2	AMBIGUOUS	UNREVIEWED	PROCESS	KEEP_AS_DISTINCT	243	2	6221 | 6222	냉동기및부속설비설치공사 | 냉각탑설치공사	NO	0	0	0	0	0	0	0	0	2	0	0	0	0		6221:냉동기및부속설비설치공사 | 6222:냉각탑설치공사	NO_REVIEWED_CHILDREN	PENDING	1	열원기기설비및공기조화설비공사 > 냉동기․냉각탑공사	0		5	보일러부․부속공사 | 공기조화기기설비공사 | 덕트공사 | 열교환기 탱크 헤더설치공사 | 냉온수기설치공사	1	623:공기조화기기설비공사:PROCESS:KEEP_AS_DISTINCT	ENDS_WITH_공사	PENDING	PENDING	EMPTY	EMPTY
608	70ceaa3c9c642d3029f7b0d10cde1d94eeb78ea70e09c3ac5d8eca0317d8045c	CIC_W	624	W_MID	덕트공사	열원기기설비및공기조화설비공사 > 덕트공사	열원기기설비및공기조화설비공사	62	2	AMBIGUOUS	UNREVIEWED	PROCESS	KEEP_AS_DISTINCT	243	3	6241 | 6242 | 6243	덕트제작공사 | 덕트설치공사 | 연도제작및설치공사	NO	0	0	0	0	0	0	0	0	3	0	0	0	0		6241:덕트제작공사 | 6242:덕트설치공사 | 6243:연도제작및설치공사	NO_REVIEWED_CHILDREN	PENDING	1	열원기기설비및공기조화설비공사 > 덕트공사	0		5	보일러부․부속공사 | 냉동기․냉각탑공사 | 공기조화기기설비공사 | 열교환기 탱크 헤더설치공사 | 냉온수기설치공사	1	623:공기조화기기설비공사:PROCESS:KEEP_AS_DISTINCT	ENDS_WITH_공사	PENDING	PENDING	EMPTY	EMPTY
609	061327241d137107c2731cbedfdfbd74fc0fc151c28a645bbbebf27f19eab180	CIC_W	625	W_MID	열교환기 탱크 헤더설치공사	열원기기설비및공기조화설비공사 > 열교환기 탱크 헤더설치공사	열원기기설비및공기조화설비공사	62	2	AMBIGUOUS	UNREVIEWED	PROCESS	KEEP_AS_DISTINCT	243	3	6251 | 6252 | 6253	열교환기 탱크류설치공사 | 현장제작탱크설치공사 | 헤더설치공사	NO	0	0	0	0	0	0	0	0	3	0	0	0	0		6251:열교환기 탱크류설치공사 | 6252:현장제작탱크설치공사 | 6253:헤더설치공사	NO_REVIEWED_CHILDREN	PENDING	1	열원기기설비및공기조화설비공사 > 열교환기 탱크 헤더설치공사	0		5	보일러부․부속공사 | 냉동기․냉각탑공사 | 공기조화기기설비공사 | 덕트공사 | 냉온수기설치공사	1	623:공기조화기기설비공사:PROCESS:KEEP_AS_DISTINCT	ENDS_WITH_공사	PENDING	PENDING	EMPTY	EMPTY
610	bc0a4d662ca7b0941b18787498ac8e30f6e33685ce168afed16810ad25ee929e	CIC_W	626	W_MID	냉온수기설치공사	열원기기설비및공기조화설비공사 > 냉온수기설치공사	열원기기설비및공기조화설비공사	62	2	AMBIGUOUS	UNREVIEWED	PROCESS	KEEP_AS_DISTINCT	243	3	6261 | 6262 | 6263	냉수기설치공사 | 온수기설치공사 | 냉온수기설치공사	NO	0	0	0	0	0	0	0	0	3	0	0	0	0		6261:냉수기설치공사 | 6262:온수기설치공사 | 6263:냉온수기설치공사	NO_REVIEWED_CHILDREN	PENDING	1	열원기기설비및공기조화설비공사 > 냉온수기설치공사	0		5	보일러부․부속공사 | 냉동기․냉각탑공사 | 공기조화기기설비공사 | 덕트공사 | 열교환기 탱크 헤더설치공사	1	623:공기조화기기설비공사:PROCESS:KEEP_AS_DISTINCT	ENDS_WITH_공사	PENDING	PENDING	EMPTY	EMPTY
611	1cdf5b987b702a9658612aaa6c860024441af6a2381c758a70c9de0b4ba8e68b	CIC_W	631	W_MID	위생기구설비공사	위생설비공사 > 위생기구설비공사	위생설비공사	63	2	AMBIGUOUS	UNREVIEWED	PROCESS	KEEP_AS_DISTINCT	244	4	6311 | 6312 | 6313 | 6314	위생기구류공사 | 위생기구류공사 | 배수트랩공사 | 수전금구류공사	NO	1	1	0	0	0	0	0	0	3	0	1	0	0	6311:위생기구류공사:PROCESS:MERGE_CANDIDATE	6312:위생기구류공사 | 6313:배수트랩공사 | 6314:수전금구류공사	PARTIAL_REVIEW_SINGLE_KIND	PENDING	1	위생설비공사 > 위생기구설비공사	0		0		0		ENDS_WITH_공사|CONTAINS_설비	PENDING	PENDING	EMPTY	EMPTY
612	eb275b05af8aa8c4c19f160cae8f13710c982b1bb12e7136145bda04d07bfabe	CIC_W	641	W_MID	소방기계설비공사	방재기계설비공사 > 소방기계설비공사	방재기계설비공사	64	2	AMBIGUOUS	UNREVIEWED	PROCESS	KEEP_AS_DISTINCT	245	2	6411 | 6412	소방설비별공사 | 소방설비기기류별설치공사	NO	1	1	0	0	0	0	0	0	1	1	0	0	0	6411:소방설비별공사:PROCESS:KEEP_AS_DISTINCT	6412:소방설비기기류별설치공사	PARTIAL_REVIEW_SINGLE_KIND	PENDING	1	방재기계설비공사 > 소방기계설비공사	0		0		0		ENDS_WITH_공사|CONTAINS_설비	PENDING	PENDING	EMPTY	EMPTY
613	129cb1a7894348864a20193f49d3e7650d0680aa45f5d8d6cbf4815db46ea4a7	CIC_W	651	W_MID	저장탱크공사	가스설비공사 > 저장탱크공사	가스설비공사	65	2	AMBIGUOUS	UNREVIEWED	PROCESS	KEEP_AS_DISTINCT	246	2	6511 | 6512	저장탱크제작공사 | 저장탱크설치공사	NO	1	1	0	0	0	0	0	0	1	1	0	0	0	6511:저장탱크제작공사:PROCESS:KEEP_AS_DISTINCT	6512:저장탱크설치공사	PARTIAL_REVIEW_SINGLE_KIND	PENDING	1	가스설비공사 > 저장탱크공사	0		1	가스설비관련기기설비공사	0		ENDS_WITH_공사	PENDING	PENDING	EMPTY	EMPTY
614	054aedefdb980bd3e60810388d771f903db215e134c136583294232203b0b6c1	CIC_W	652	W_MID	가스설비관련기기설비공사	가스설비공사 > 가스설비관련기기설비공사	가스설비공사	65	2	AMBIGUOUS	UNREVIEWED	PROCESS	KEEP_AS_DISTINCT	246	2	6521 | 6522	가스설비관련기기제작공사 | 가스설비관련기기설치공사	NO	0	0	0	0	0	0	0	0	2	0	0	0	0		6521:가스설비관련기기제작공사 | 6522:가스설비관련기기설치공사	NO_REVIEWED_CHILDREN	PENDING	1	가스설비공사 > 가스설비관련기기설비공사	0		1	저장탱크공사	0		ENDS_WITH_공사|CONTAINS_설비	PENDING	PENDING	EMPTY	EMPTY
615	b5838ceb90ab8be83b3cfb3bdadbecf905243936c9d5455dfa49b59d60345ad7	CIC_W	661	W_MID	살수관련공사	특수설비공사 > 살수관련공사	특수설비공사	66	2	AMBIGUOUS	UNREVIEWED	PROCESS	KEEP_AS_DISTINCT	247	2	6611 | 6612	살수설비주기기설비공사 | 살수설비보조설비공사	NO	1	1	0	0	0	0	0	0	1	1	0	0	0	6611:살수설비주기기설비공사:PROCESS:KEEP_AS_DISTINCT	6612:살수설비보조설비공사	PARTIAL_REVIEW_SINGLE_KIND	PENDING	1	특수설비공사 > 살수관련공사	0		6	냉동냉장실공사 | 살균설비공사 | 지하수개발공사 | 방식공사 | 아이스링크설비공사 | 기타특수공사	0		ENDS_WITH_공사	PENDING	PENDING	EMPTY	EMPTY
616	1121904bd730663bce322e6e3fec9ecddc472d9c14c1f587d726ffe56e98e502	CIC_W	662	W_MID	냉동냉장실공사	특수설비공사 > 냉동냉장실공사	특수설비공사	66	2	AMBIGUOUS	UNREVIEWED	PROCESS	KEEP_AS_DISTINCT	247	2	6621 | 6622	냉동실설비공사 | 냉장실설비공사	NO	0	0	0	0	0	0	0	0	2	0	0	0	0		6621:냉동실설비공사 | 6622:냉장실설비공사	NO_REVIEWED_CHILDREN	PENDING	1	특수설비공사 > 냉동냉장실공사	0		6	살수관련공사 | 살균설비공사 | 지하수개발공사 | 방식공사 | 아이스링크설비공사 | 기타특수공사	0		ENDS_WITH_공사	PENDING	PENDING	EMPTY	EMPTY
617	6f0c1f80815d3a01e7d21a3f63f54a938ff40ac88d3bf5ef19929c0057e2c123	CIC_W	663	W_MID	살균설비공사	특수설비공사 > 살균설비공사	특수설비공사	66	2	AMBIGUOUS	UNREVIEWED	PROCESS	KEEP_AS_DISTINCT	247	2	6631 | 6632	살균설비주기기설비공사 | 살균설비보조설비공사	NO	0	0	0	0	0	0	0	0	2	0	0	0	0		6631:살균설비주기기설비공사 | 6632:살균설비보조설비공사	NO_REVIEWED_CHILDREN	PENDING	1	특수설비공사 > 살균설비공사	0		6	살수관련공사 | 냉동냉장실공사 | 지하수개발공사 | 방식공사 | 아이스링크설비공사 | 기타특수공사	0		ENDS_WITH_공사|CONTAINS_설비	PENDING	PENDING	EMPTY	EMPTY
618	a4a8c70f8f16b3e741c3b958e2b4fb35dcd89d8d7d6add9d0caaf1cfdb74af96	CIC_W	664	W_MID	지하수개발공사	특수설비공사 > 지하수개발공사	특수설비공사	66	2	AMBIGUOUS	UNREVIEWED	PROCESS	KEEP_AS_DISTINCT	247	2	6641 | 6642	지하수개발주기기설비공사 | 지하수개발보조설비공사	NO	0	0	0	0	0	0	0	0	2	0	0	0	0		6641:지하수개발주기기설비공사 | 6642:지하수개발보조설비공사	NO_REVIEWED_CHILDREN	PENDING	1	특수설비공사 > 지하수개발공사	0		6	살수관련공사 | 냉동냉장실공사 | 살균설비공사 | 방식공사 | 아이스링크설비공사 | 기타특수공사	0		ENDS_WITH_공사	PENDING	PENDING	EMPTY	EMPTY
619	7163d75cfd991822c7401b1ecf6d36e91109943a370ba262e905e051b995c2ca	CIC_W	665	W_MID	방식공사	특수설비공사 > 방식공사	특수설비공사	66	2	AMBIGUOUS	UNREVIEWED	PROCESS	KEEP_AS_DISTINCT	247	2	6651 | 6652	방식전기설비공사 | 방식보조설비공사	NO	0	0	0	0	0	0	0	0	2	0	0	0	0		6651:방식전기설비공사 | 6652:방식보조설비공사	NO_REVIEWED_CHILDREN	PENDING	1	특수설비공사 > 방식공사	0		6	살수관련공사 | 냉동냉장실공사 | 살균설비공사 | 지하수개발공사 | 아이스링크설비공사 | 기타특수공사	0		ENDS_WITH_공사	PENDING	PENDING	EMPTY	EMPTY
620	2d9db655eeb4f5f247efaa083513b83b6bc246c8b79a71df5bfc704fae6e3380	CIC_W	666	W_MID	아이스링크설비공사	특수설비공사 > 아이스링크설비공사	특수설비공사	66	2	AMBIGUOUS	UNREVIEWED	PROCESS	KEEP_AS_DISTINCT	247	2	6661 | 6662	아이스링크설비주기기공사 | 아이스링크보조설비공사	NO	0	0	0	0	0	0	0	0	2	0	0	0	0		6661:아이스링크설비주기기공사 | 6662:아이스링크보조설비공사	NO_REVIEWED_CHILDREN	PENDING	1	특수설비공사 > 아이스링크설비공사	0		6	살수관련공사 | 냉동냉장실공사 | 살균설비공사 | 지하수개발공사 | 방식공사 | 기타특수공사	0		ENDS_WITH_공사|CONTAINS_설비	PENDING	PENDING	EMPTY	EMPTY
621	3afd983ca64c283e870f0e99015cf7c34c55a47b73b8d89c56990aef616b36b5	CIC_W	667	W_MID	기타특수공사	특수설비공사 > 기타특수공사	특수설비공사	66	2	AMBIGUOUS	UNREVIEWED	PROCESS	KEEP_AS_DISTINCT	247	2	6671 | 6672	문서이송설비주기기공사 | 문서이송보조설비공사	NO	0	0	0	0	0	0	0	0	2	0	0	0	0		6671:문서이송설비주기기공사 | 6672:문서이송보조설비공사	NO_REVIEWED_CHILDREN	PENDING	1	특수설비공사 > 기타특수공사	0		6	살수관련공사 | 냉동냉장실공사 | 살균설비공사 | 지하수개발공사 | 방식공사 | 아이스링크설비공사	0		ENDS_WITH_공사	PENDING	PENDING	EMPTY	EMPTY
622	77a32cec68a2d3a4f2b9680235e49d12e0e4df2ae0e6ae2c89126afb82d8ee48	CIC_W	671	W_MID	주방기구설비공사	서비스설비공사 > 주방기구설비공사	서비스설비공사	67	2	AMBIGUOUS	UNREVIEWED	PROCESS	KEEP_AS_DISTINCT	248	1	6711	주방기구설비공사	NO	1	1	0	0	0	0	0	0	0	0	1	0	0	6711:주방기구설비공사:PROCESS:MERGE_CANDIDATE		ALL_REVIEWED_SINGLE_KIND	PENDING	1	서비스설비공사 > 주방기구설비공사	0		7	세탁장비설비공사 | 의료시험및시운전공사실가스공사 - - 대․중․소 분류대․중․소 분류 | 수영장및분수공사 | 목욕탕및사우나공사 | 진공청소공사 | 주차장관련공사 | 특수방진공사	0		ENDS_WITH_공사|CONTAINS_설비	PENDING	PENDING	EMPTY	EMPTY
623	2cd5380b46c25ebe366a610accb7c2a9896377f1679e394367c8976dc5513886	CIC_W	672	W_MID	세탁장비설비공사	서비스설비공사 > 세탁장비설비공사	서비스설비공사	67	2	AMBIGUOUS	UNREVIEWED	PROCESS	KEEP_AS_DISTINCT	248	2	6721 | 6722	세탁장비설비공사 | 세탁물운반설비공사	NO	0	0	0	0	0	0	0	0	2	0	0	0	0		6721:세탁장비설비공사 | 6722:세탁물운반설비공사	NO_REVIEWED_CHILDREN	PENDING	1	서비스설비공사 > 세탁장비설비공사	0		7	주방기구설비공사 | 의료시험및시운전공사실가스공사 - - 대․중․소 분류대․중․소 분류 | 수영장및분수공사 | 목욕탕및사우나공사 | 진공청소공사 | 주차장관련공사 | 특수방진공사	0		ENDS_WITH_공사|CONTAINS_설비	PENDING	PENDING	EMPTY	EMPTY
624	ae01cc81bf73108cf6f1c6bc04164e4ae50a4abe67b955fbd4df72520ec2a4c6	CIC_W	673	W_MID	의료시험및시운전공사실가스공사 - - 대․중․소 분류대․중․소 분류	서비스설비공사 > 의료시험및시운전공사실가스공사 - - 대․중․소 분류대․중․소 분류	서비스설비공사	67	2	AMBIGUOUS	UNREVIEWED	PROCESS	KEEP_AS_DISTINCT	248	1	6731	의료시험및시운전공사실가스설비공사	NO	0	0	0	0	0	0	0	0	1	0	0	0	0		6731:의료시험및시운전공사실가스설비공사	NO_REVIEWED_CHILDREN	PENDING	1	서비스설비공사 > 의료시험및시운전공사실가스공사 - - 대․중․소 분류대․중․소 분류	0		7	주방기구설비공사 | 세탁장비설비공사 | 수영장및분수공사 | 목욕탕및사우나공사 | 진공청소공사 | 주차장관련공사 | 특수방진공사	0		NONE	PENDING	PENDING	EMPTY	EMPTY
625	48c2c301d74c239a58e18ae8671a171cf0cb3ea06a8e1d78283f680d3f47db73	CIC_W	674	W_MID	수영장및분수공사	서비스설비공사 > 수영장및분수공사	서비스설비공사	67	2	AMBIGUOUS	UNREVIEWED	PROCESS	KEEP_AS_DISTINCT	248	2	6741 | 6742	수영장설비공사 | 분수설비공사	NO	0	0	0	0	0	0	0	0	2	0	0	0	0		6741:수영장설비공사 | 6742:분수설비공사	NO_REVIEWED_CHILDREN	PENDING	1	서비스설비공사 > 수영장및분수공사	0		7	주방기구설비공사 | 세탁장비설비공사 | 의료시험및시운전공사실가스공사 - - 대․중․소 분류대․중․소 분류 | 목욕탕및사우나공사 | 진공청소공사 | 주차장관련공사 | 특수방진공사	0		ENDS_WITH_공사	PENDING	PENDING	EMPTY	EMPTY
626	73792d808331f5948cd6e6870d78f2d5b2453fca6a959f57dc48723ee4d0d155	CIC_W	675	W_MID	목욕탕및사우나공사	서비스설비공사 > 목욕탕및사우나공사	서비스설비공사	67	2	AMBIGUOUS	UNREVIEWED	PROCESS	KEEP_AS_DISTINCT	248	1	6751	목욕탕및사우나설비공사	NO	0	0	0	0	0	0	0	0	1	0	0	0	0		6751:목욕탕및사우나설비공사	NO_REVIEWED_CHILDREN	PENDING	1	서비스설비공사 > 목욕탕및사우나공사	0		7	주방기구설비공사 | 세탁장비설비공사 | 의료시험및시운전공사실가스공사 - - 대․중․소 분류대․중․소 분류 | 수영장및분수공사 | 진공청소공사 | 주차장관련공사 | 특수방진공사	0		ENDS_WITH_공사	PENDING	PENDING	EMPTY	EMPTY
627	1de525ba6d5cc585f8f683dda7547f01d358e6d630b053ad55b74ec92326c1b1	CIC_W	676	W_MID	진공청소공사	서비스설비공사 > 진공청소공사	서비스설비공사	67	2	AMBIGUOUS	UNREVIEWED	PROCESS	KEEP_AS_DISTINCT	248	1	6761	진공청소설비공사	NO	0	0	0	0	0	0	0	0	1	0	0	0	0		6761:진공청소설비공사	NO_REVIEWED_CHILDREN	PENDING	1	서비스설비공사 > 진공청소공사	0		7	주방기구설비공사 | 세탁장비설비공사 | 의료시험및시운전공사실가스공사 - - 대․중․소 분류대․중․소 분류 | 수영장및분수공사 | 목욕탕및사우나공사 | 주차장관련공사 | 특수방진공사	0		ENDS_WITH_공사	PENDING	PENDING	EMPTY	EMPTY
628	071eac55d2bb137b7a3f4181f6757925eb32146d6f95d995a722754aa61c0b31	CIC_W	677	W_MID	주차장관련공사	서비스설비공사 > 주차장관련공사	서비스설비공사	67	2	AMBIGUOUS	UNREVIEWED	PROCESS	KEEP_AS_DISTINCT	248	3	6771 | 6772 | 6773	주차장환기설비공사 | 주차장설비공사 | 주차관제설비공사	NO	0	0	0	0	0	0	0	0	3	0	0	0	0		6771:주차장환기설비공사 | 6772:주차장설비공사 | 6773:주차관제설비공사	NO_REVIEWED_CHILDREN	PENDING	1	서비스설비공사 > 주차장관련공사	0		7	주방기구설비공사 | 세탁장비설비공사 | 의료시험및시운전공사실가스공사 - - 대․중․소 분류대․중․소 분류 | 수영장및분수공사 | 목욕탕및사우나공사 | 진공청소공사 | 특수방진공사	0		ENDS_WITH_공사	PENDING	PENDING	EMPTY	EMPTY
629	5a62caa31c684f5b5dc0e65a90ece4c21abe02fc436fbeab1f103fa07fda7ceb	CIC_W	678	W_MID	특수방진공사	서비스설비공사 > 특수방진공사	서비스설비공사	67	2	AMBIGUOUS	UNREVIEWED	PROCESS	KEEP_AS_DISTINCT	248	1	6781	특수방진설비공사	NO	0	0	0	0	0	0	0	0	1	0	0	0	0		6781:특수방진설비공사	NO_REVIEWED_CHILDREN	PENDING	1	서비스설비공사 > 특수방진공사	0		7	주방기구설비공사 | 세탁장비설비공사 | 의료시험및시운전공사실가스공사 - - 대․중․소 분류대․중․소 분류 | 수영장및분수공사 | 목욕탕및사우나공사 | 진공청소공사 | 주차장관련공사	0		ENDS_WITH_공사	PENDING	PENDING	EMPTY	EMPTY
630	f44de62f1c5d22d6c330da1fef2f00085622b01c94be654ca5150995bd6b133c	CIC_W	711	W_MID	화력발전소공사	발전설비공사 > 화력발전소공사	발전설비공사	71	2	AMBIGUOUS	UNREVIEWED	PROCESS	KEEP_AS_DISTINCT	249	1	7111	화력발전설비공사	NO	1	1	0	0	0	0	0	0	0	1	0	0	0	7111:화력발전설비공사:PROCESS:KEEP_AS_DISTINCT		ALL_REVIEWED_SINGLE_KIND	PENDING	1	발전설비공사 > 화력발전소공사	0		8	수력발전소공사 | 원자력발전소공사 | 풍력발전소공사 | 조력발전소공사 | 열병합발전소공사 | 태양열발전설비공사 | 발전설비관련공사 | 기타형식분류별발전설비공사	0		ENDS_WITH_공사	PENDING	PENDING	EMPTY	EMPTY
631	2f5177e22557cfa701e9287ef99180f006c428553731d706fe4d49ff54d97ae5	CIC_W	712	W_MID	수력발전소공사	발전설비공사 > 수력발전소공사	발전설비공사	71	2	AMBIGUOUS	UNREVIEWED	PROCESS	KEEP_AS_DISTINCT	249	1	7121	수력발전설비공사	NO	0	0	0	0	0	0	0	0	1	0	0	0	0		7121:수력발전설비공사	NO_REVIEWED_CHILDREN	PENDING	1	발전설비공사 > 수력발전소공사	0		8	화력발전소공사 | 원자력발전소공사 | 풍력발전소공사 | 조력발전소공사 | 열병합발전소공사 | 태양열발전설비공사 | 발전설비관련공사 | 기타형식분류별발전설비공사	0		ENDS_WITH_공사	PENDING	PENDING	EMPTY	EMPTY
632	41a00a3cad5f37f21d0db75296c4d8ebf744829b8af23d82aac8210eac7f5e4a	CIC_W	713	W_MID	원자력발전소공사	발전설비공사 > 원자력발전소공사	발전설비공사	71	2	AMBIGUOUS	UNREVIEWED	PROCESS	KEEP_AS_DISTINCT	249	1	7131	원자력발전시설설비공사	NO	0	0	0	0	0	0	0	0	1	0	0	0	0		7131:원자력발전시설설비공사	NO_REVIEWED_CHILDREN	PENDING	1	발전설비공사 > 원자력발전소공사	0		8	화력발전소공사 | 수력발전소공사 | 풍력발전소공사 | 조력발전소공사 | 열병합발전소공사 | 태양열발전설비공사 | 발전설비관련공사 | 기타형식분류별발전설비공사	0		ENDS_WITH_공사	PENDING	PENDING	EMPTY	EMPTY
633	a620cdc905be80d4d7bd9d73e94e622f8999d506603caaaaecbd92fc832b78b6	CIC_W	714	W_MID	풍력발전소공사	발전설비공사 > 풍력발전소공사	발전설비공사	71	2	AMBIGUOUS	UNREVIEWED	PROCESS	KEEP_AS_DISTINCT	249	1	7141	풍력발전소발전시설설비공사	NO	0	0	0	0	0	0	0	0	1	0	0	0	0		7141:풍력발전소발전시설설비공사	NO_REVIEWED_CHILDREN	PENDING	1	발전설비공사 > 풍력발전소공사	0		8	화력발전소공사 | 수력발전소공사 | 원자력발전소공사 | 조력발전소공사 | 열병합발전소공사 | 태양열발전설비공사 | 발전설비관련공사 | 기타형식분류별발전설비공사	0		ENDS_WITH_공사	PENDING	PENDING	EMPTY	EMPTY
634	45d2460ae9f539582f0cf4fce3fced39fedb11d53d63e1c19ce168c1085cef95	CIC_W	715	W_MID	조력발전소공사	발전설비공사 > 조력발전소공사	발전설비공사	71	2	AMBIGUOUS	UNREVIEWED	PROCESS	KEEP_AS_DISTINCT	249	1	7151	조력발전시설설비공사	NO	0	0	0	0	0	0	0	0	1	0	0	0	0		7151:조력발전시설설비공사	NO_REVIEWED_CHILDREN	PENDING	1	발전설비공사 > 조력발전소공사	0		8	화력발전소공사 | 수력발전소공사 | 원자력발전소공사 | 풍력발전소공사 | 열병합발전소공사 | 태양열발전설비공사 | 발전설비관련공사 | 기타형식분류별발전설비공사	0		ENDS_WITH_공사	PENDING	PENDING	EMPTY	EMPTY
635	9605feb0f6ca1d8497a455ef806bb2710cd56639eb3ba860c02a1172d94ea339	CIC_W	716	W_MID	열병합발전소공사	발전설비공사 > 열병합발전소공사	발전설비공사	71	2	AMBIGUOUS	UNREVIEWED	PROCESS	KEEP_AS_DISTINCT	249	1	7161	열병합발전시설설비공사	NO	0	0	0	0	0	0	0	0	1	0	0	0	0		7161:열병합발전시설설비공사	NO_REVIEWED_CHILDREN	PENDING	1	발전설비공사 > 열병합발전소공사	0		8	화력발전소공사 | 수력발전소공사 | 원자력발전소공사 | 풍력발전소공사 | 조력발전소공사 | 태양열발전설비공사 | 발전설비관련공사 | 기타형식분류별발전설비공사	0		ENDS_WITH_공사	PENDING	PENDING	EMPTY	EMPTY
636	f188b660a283bc4a4fd2ee8154843a93340586291bbda9c051b78ee80c235e73	CIC_W	717	W_MID	태양열발전설비공사	발전설비공사 > 태양열발전설비공사	발전설비공사	71	2	AMBIGUOUS	UNREVIEWED	PROCESS	KEEP_AS_DISTINCT	249	1	7171	태양열발전시설설비공사	NO	0	0	0	0	0	0	0	0	1	0	0	0	0		7171:태양열발전시설설비공사	NO_REVIEWED_CHILDREN	PENDING	1	발전설비공사 > 태양열발전설비공사	0		8	화력발전소공사 | 수력발전소공사 | 원자력발전소공사 | 풍력발전소공사 | 조력발전소공사 | 열병합발전소공사 | 발전설비관련공사 | 기타형식분류별발전설비공사	0		ENDS_WITH_공사|CONTAINS_설비	PENDING	PENDING	EMPTY	EMPTY
637	05ee1296271f7ae14ab293becdc9f1f556a81558b79c99fd7d2cb4444f0b034c	CIC_W	718	W_MID	발전설비관련공사	발전설비공사 > 발전설비관련공사	발전설비공사	71	2	AMBIGUOUS	UNREVIEWED	PROCESS	KEEP_AS_DISTINCT	249	3	7181 | 7182 | 7183	터빈및발전기설치공사 | 복수설비설치공사 | LinerPlate설치공사	NO	1	1	0	0	0	0	0	0	2	1	0	0	0	7183:LinerPlate설치공사:PROCESS:KEEP_AS_DISTINCT	7181:터빈및발전기설치공사 | 7182:복수설비설치공사	PARTIAL_REVIEW_SINGLE_KIND	PENDING	1	발전설비공사 > 발전설비관련공사	0		8	화력발전소공사 | 수력발전소공사 | 원자력발전소공사 | 풍력발전소공사 | 조력발전소공사 | 열병합발전소공사 | 태양열발전설비공사 | 기타형식분류별발전설비공사	0		ENDS_WITH_공사|CONTAINS_설비	PENDING	PENDING	EMPTY	EMPTY
638	9144d55e67b96a2184442ee9beedd138486e9ee6ad6ebc9f6efec28f89c9b4da	CIC_W	719	W_MID	기타형식분류별발전설비공사	발전설비공사 > 기타형식분류별발전설비공사	발전설비공사	71	2	AMBIGUOUS	UNREVIEWED	PROCESS	KEEP_AS_DISTINCT	249	5	7191 | 7192 | 7193 | 7194 | 7195	디젤발전기플랜트설비공사 | 복합발전플랜트설비공사 | 내연발전플랜트설비공사 | 기력발전플랜트설비공사 | 양수발전플랜트설비공사	NO	0	0	0	0	0	0	0	0	5	0	0	0	0		7191:디젤발전기플랜트설비공사 | 7192:복합발전플랜트설비공사 | 7193:내연발전플랜트설비공사 | 7194:기력발전플랜트설비공사 | 7195:양수발전플랜트설비공사	NO_REVIEWED_CHILDREN	PENDING	1	발전설비공사 > 기타형식분류별발전설비공사	0		8	화력발전소공사 | 수력발전소공사 | 원자력발전소공사 | 풍력발전소공사 | 조력발전소공사 | 열병합발전소공사 | 태양열발전설비공사 | 발전설비관련공사	0		ENDS_WITH_공사|CONTAINS_설비	PENDING	PENDING	EMPTY	EMPTY
639	656f2a1047affa8d80c5401522f84411ed0b0204801acedf8adb54b69406a139	CIC_W	721	W_MID	제철소공사	제조설비관련공사 > 제철소공사	제조설비관련공사	72	2	AMBIGUOUS	UNREVIEWED	PROCESS	KEEP_AS_DISTINCT	250	1	7211	제철설비공사	NO	1	1	0	0	0	0	0	0	0	1	0	0	0	7211:제철설비공사:PROCESS:KEEP_AS_DISTINCT		ALL_REVIEWED_SINGLE_KIND	PENDING	1	제조설비관련공사 > 제철소공사	0		0		0		ENDS_WITH_공사	PENDING	PENDING	EMPTY	EMPTY
640	4b23e02e5c2a6714c948ccd8b5b4281a5ef5a6786b6a28850507847f8ea0cb37	CIC_W	731	W_MID	쓰레기소각설비공사	폐기물처리및대기환경설비관련공사 > 쓰레기소각설비공사	폐기물처리및대기환경설비관련공사	73	2	AMBIGUOUS	UNREVIEWED	PROCESS	KEEP_AS_DISTINCT	251	1	7311	쓰레기소각설비공사	NO	1	1	0	0	0	0	0	0	0	0	1	0	0	7311:쓰레기소각설비공사:PROCESS:MERGE_CANDIDATE		ALL_REVIEWED_SINGLE_KIND	PENDING	1	폐기물처리및대기환경설비관련공사 > 쓰레기소각설비공사	0		7	쓰레기관로이송및중계처리설비공사 | 폐기물처리설비공사 | 탈취설비공사 | 탈황설비공사 | 탈질설비공사 | 전기집진기설비공사 | 기타환경설비공사	0		ENDS_WITH_공사|CONTAINS_설비	PENDING	PENDING	EMPTY	EMPTY
641	f383739294df4aa13a6ee5e73db3e8400ce3e03090b791cc5797976b0fda8b3d	CIC_W	732	W_MID	쓰레기관로이송및중계처리설비공사	폐기물처리및대기환경설비관련공사 > 쓰레기관로이송및중계처리설비공사	폐기물처리및대기환경설비관련공사	73	2	AMBIGUOUS	UNREVIEWED	PROCESS	KEEP_AS_DISTINCT	251	1	7321	쓰레기관로이송및중계처리시설설비공사	NO	0	0	0	0	0	0	0	0	1	0	0	0	0		7321:쓰레기관로이송및중계처리시설설비공사	NO_REVIEWED_CHILDREN	PENDING	1	폐기물처리및대기환경설비관련공사 > 쓰레기관로이송및중계처리설비공사	0		7	쓰레기소각설비공사 | 폐기물처리설비공사 | 탈취설비공사 | 탈황설비공사 | 탈질설비공사 | 전기집진기설비공사 | 기타환경설비공사	0		ENDS_WITH_공사|CONTAINS_설비	PENDING	PENDING	EMPTY	EMPTY
642	825fafb2cb0c673e04be97f4b5951a6ee10a97422da44fabc817689fa15d0b35	CIC_W	733	W_MID	폐기물처리설비공사	폐기물처리및대기환경설비관련공사 > 폐기물처리설비공사	폐기물처리및대기환경설비관련공사	73	2	AMBIGUOUS	UNREVIEWED	PROCESS	KEEP_AS_DISTINCT	251	1	7331	폐기물처리설비공사	NO	0	0	0	0	0	0	0	0	1	0	0	0	0		7331:폐기물처리설비공사	NO_REVIEWED_CHILDREN	PENDING	1	폐기물처리및대기환경설비관련공사 > 폐기물처리설비공사	0		7	쓰레기소각설비공사 | 쓰레기관로이송및중계처리설비공사 | 탈취설비공사 | 탈황설비공사 | 탈질설비공사 | 전기집진기설비공사 | 기타환경설비공사	0		ENDS_WITH_공사|CONTAINS_설비	PENDING	PENDING	EMPTY	EMPTY
643	5b2b1b50650cc366df922ba1bb6f8a8b3c7d34b465948b859afc640e34ddaee7	CIC_W	734	W_MID	탈취설비공사	폐기물처리및대기환경설비관련공사 > 탈취설비공사	폐기물처리및대기환경설비관련공사	73	2	AMBIGUOUS	UNREVIEWED	PROCESS	KEEP_AS_DISTINCT	251	1	7341	탈취설비공사	NO	0	0	0	0	0	0	0	0	1	0	0	0	0		7341:탈취설비공사	NO_REVIEWED_CHILDREN	PENDING	1	폐기물처리및대기환경설비관련공사 > 탈취설비공사	0		7	쓰레기소각설비공사 | 쓰레기관로이송및중계처리설비공사 | 폐기물처리설비공사 | 탈황설비공사 | 탈질설비공사 | 전기집진기설비공사 | 기타환경설비공사	0		ENDS_WITH_공사|CONTAINS_설비	PENDING	PENDING	EMPTY	EMPTY
644	b6ddbe6afb37ab217d920c6f7ac39a722ed8a0367618d1b71ce16538be2aa867	CIC_W	735	W_MID	탈황설비공사	폐기물처리및대기환경설비관련공사 > 탈황설비공사	폐기물처리및대기환경설비관련공사	73	2	AMBIGUOUS	UNREVIEWED	PROCESS	KEEP_AS_DISTINCT	251	5	7351 | 7352 | 7353 | 7354 | 7355	Absorber&AuxSystem공사 | FlueGasSystem공사 | 석회석운반및석회석슬러리제조설비공사 | 석고탈수및취급설비공사 | FGDAuxSystem공사	NO	3	3	0	0	0	0	0	0	2	3	0	0	0	7351:Absorber&AuxSystem공사:PROCESS:KEEP_AS_DISTINCT | 7352:FlueGasSystem공사:PROCESS:KEEP_AS_DISTINCT | 7355:FGDAuxSystem공사:PROCESS:KEEP_AS_DISTINCT	7353:석회석운반및석회석슬러리제조설비공사 | 7354:석고탈수및취급설비공사	PARTIAL_REVIEW_SINGLE_KIND	PENDING	1	폐기물처리및대기환경설비관련공사 > 탈황설비공사	0		7	쓰레기소각설비공사 | 쓰레기관로이송및중계처리설비공사 | 폐기물처리설비공사 | 탈취설비공사 | 탈질설비공사 | 전기집진기설비공사 | 기타환경설비공사	0		ENDS_WITH_공사|CONTAINS_설비	PENDING	PENDING	EMPTY	EMPTY
645	436a3c76d106a94e55c0822dd4f0cd5a1e2a22e6cd1b15e29485b1cbc51230cd	CIC_W	736	W_MID	탈질설비공사	폐기물처리및대기환경설비관련공사 > 탈질설비공사	폐기물처리및대기환경설비관련공사	73	2	AMBIGUOUS	UNREVIEWED	PROCESS	KEEP_AS_DISTINCT	251	3	7361 | 7362 | 7363	탈질설비기기류설치공사 | 탈질설비덕트류설치공사 | 탈질설비Support류설치공사	NO	0	0	0	0	0	0	0	0	3	0	0	0	0		7361:탈질설비기기류설치공사 | 7362:탈질설비덕트류설치공사 | 7363:탈질설비Support류설치공사	NO_REVIEWED_CHILDREN	PENDING	1	폐기물처리및대기환경설비관련공사 > 탈질설비공사	0		7	쓰레기소각설비공사 | 쓰레기관로이송및중계처리설비공사 | 폐기물처리설비공사 | 탈취설비공사 | 탈황설비공사 | 전기집진기설비공사 | 기타환경설비공사	0		ENDS_WITH_공사|CONTAINS_설비	PENDING	PENDING	EMPTY	EMPTY
646	8fb86bf35fdba98fa92cb5dc9a63dc98b726fe1ed56ad9552fd8c2f7015f7faf	CIC_W	737	W_MID	전기집진기설비공사	폐기물처리및대기환경설비관련공사 > 전기집진기설비공사	폐기물처리및대기환경설비관련공사	73	2	AMBIGUOUS	UNREVIEWED	PROCESS	KEEP_AS_DISTINCT	251	4	7371 | 7372 | 7373 | 7374	전기집진기설비본체설치공사 | 전기집진기설비방풍벽설치공사 | 전기집진기설비Fan Blower류설치공사 | 전기집진기관련부속설비설치공사	NO	0	0	0	0	0	0	0	0	4	0	0	0	0		7371:전기집진기설비본체설치공사 | 7372:전기집진기설비방풍벽설치공사 | 7373:전기집진기설비Fan Blower류설치공사 | 7374:전기집진기관련부속설비설치공사	NO_REVIEWED_CHILDREN	PENDING	1	폐기물처리및대기환경설비관련공사 > 전기집진기설비공사	0		7	쓰레기소각설비공사 | 쓰레기관로이송및중계처리설비공사 | 폐기물처리설비공사 | 탈취설비공사 | 탈황설비공사 | 탈질설비공사 | 기타환경설비공사	0		ENDS_WITH_공사|CONTAINS_설비	PENDING	PENDING	EMPTY	EMPTY
647	38b7b52286182cedbc294f78ce7d15efef646687e1a478ad7a678def459d6745	CIC_W	739	W_MID	기타환경설비공사	폐기물처리및대기환경설비관련공사 > 기타환경설비공사	폐기물처리및대기환경설비관련공사	73	2	AMBIGUOUS	UNREVIEWED	PROCESS	KEEP_AS_DISTINCT	251	3	7391 | 7392 | 7393	석탄취급설비공사 | 회처리설비공사 | 음식물감량화설비공사	NO	0	0	0	0	0	0	0	0	3	0	0	0	0		7391:석탄취급설비공사 | 7392:회처리설비공사 | 7393:음식물감량화설비공사	NO_REVIEWED_CHILDREN	PENDING	1	폐기물처리및대기환경설비관련공사 > 기타환경설비공사	0		7	쓰레기소각설비공사 | 쓰레기관로이송및중계처리설비공사 | 폐기물처리설비공사 | 탈취설비공사 | 탈황설비공사 | 탈질설비공사 | 전기집진기설비공사	0		ENDS_WITH_공사|CONTAINS_설비	PENDING	PENDING	EMPTY	EMPTY
648	fb37f8540052d6b2cd2bf487a6b837f7047ab6d719e0d404c411c3683b39ea70	CIC_W	741	W_MID	운반기계설비공사	운송설비공사 > 운반기계설비공사	운송설비공사	74	2	AMBIGUOUS	UNREVIEWED	PROCESS	KEEP_AS_DISTINCT	252	1	7411	운반기계설비공사	NO	1	1	0	0	0	0	0	0	0	0	1	0	0	7411:운반기계설비공사:PROCESS:MERGE_CANDIDATE		ALL_REVIEWED_SINGLE_KIND	PENDING	1	운송설비공사 > 운반기계설비공사	0		3	엘리베이터공사 | 에스컬레이터및이동보행로설비공사 | 덤웨이터설비및기타운송설비공사	0		ENDS_WITH_공사|CONTAINS_설비	PENDING	PENDING	EMPTY	EMPTY
649	4af4b49995e563429b90c749391977f41abdb2d25b1f6dad5997bb2b86c1dfc1	CIC_W	742	W_MID	엘리베이터공사	운송설비공사 > 엘리베이터공사	운송설비공사	74	2	AMBIGUOUS	UNREVIEWED	PROCESS	KEEP_AS_DISTINCT	252	6	7421 | 7422 | 7423 | 7424 | 7425 | 7426	승객용엘리베이터설비공사 | 승객 운수용엘리베이터설비공사 | 화물용엘리베이터설비공사 | 차량용엘리베이터설비공사 | 비상용엘리베이터설비공사 | 특수용엘리베이터설비공사	NO	0	0	0	0	0	0	0	0	6	0	0	0	0		7421:승객용엘리베이터설비공사 | 7422:승객 운수용엘리베이터설비공사 | 7423:화물용엘리베이터설비공사 | 7424:차량용엘리베이터설비공사 | 7425:비상용엘리베이터설비공사 | 7426:특수용엘리베이터설비공사	NO_REVIEWED_CHILDREN	PENDING	1	운송설비공사 > 엘리베이터공사	0		3	운반기계설비공사 | 에스컬레이터및이동보행로설비공사 | 덤웨이터설비및기타운송설비공사	0		ENDS_WITH_공사	PENDING	PENDING	EMPTY	EMPTY
650	bab12b33bfa3abf5b9d0606516fe2ff8ddf654ec7d2475d8a33f612552f0a912	CIC_W	743	W_MID	에스컬레이터및이동보행로설비공사	운송설비공사 > 에스컬레이터및이동보행로설비공사	운송설비공사	74	2	AMBIGUOUS	UNREVIEWED	PROCESS	KEEP_AS_DISTINCT	252	2	7431 | 7432	에스컬레이터설비공사 | 이동보행로설비공사	NO	0	0	0	0	0	0	0	0	2	0	0	0	0		7431:에스컬레이터설비공사 | 7432:이동보행로설비공사	NO_REVIEWED_CHILDREN	PENDING	1	운송설비공사 > 에스컬레이터및이동보행로설비공사	0		3	운반기계설비공사 | 엘리베이터공사 | 덤웨이터설비및기타운송설비공사	0		ENDS_WITH_공사|CONTAINS_설비	PENDING	PENDING	EMPTY	EMPTY
651	19835a9ab91df4670a71ced46de44ccfa682783eb27b12d861f36a3478614fe5	CIC_W	744	W_MID	덤웨이터설비및기타운송설비공사	운송설비공사 > 덤웨이터설비및기타운송설비공사	운송설비공사	74	2	AMBIGUOUS	UNREVIEWED	PROCESS	KEEP_AS_DISTINCT	252	2	7441 | 7449	덤웨이터설비공사 | 기타운송설비공사	NO	0	0	0	0	0	0	0	0	2	0	0	0	0		7441:덤웨이터설비공사 | 7449:기타운송설비공사	NO_REVIEWED_CHILDREN	PENDING	1	운송설비공사 > 덤웨이터설비및기타운송설비공사	0		3	운반기계설비공사 | 엘리베이터공사 | 에스컬레이터및이동보행로설비공사	0		ENDS_WITH_공사|CONTAINS_설비	PENDING	PENDING	EMPTY	EMPTY
652	15245ee86d9f093bcc72f12589dee2b21505fdf67f16e68dc479db3702add2e4	CIC_W	761	W_MID	석유비축및수송공사	에너지저장및관련수송설비공사 > 석유비축및수송공사	에너지저장및관련수송설비공사	76	2	AMBIGUOUS	UNREVIEWED	PROCESS	KEEP_AS_DISTINCT	253	1	7611	석유비축및수송시설설비공사	NO	1	1	0	0	0	0	0	0	0	1	0	0	0	7611:석유비축및수송시설설비공사:PROCESS:KEEP_AS_DISTINCT		ALL_REVIEWED_SINGLE_KIND	PENDING	1	에너지저장및관련수송설비공사 > 석유비축및수송공사	0		5	LNG및원유저장공사 | 지역열공급공사 | 도시가스공급공사 | 연료처리공사 | 기타에너지원공사	1	762:LNG및원유저장공사:PROCESS:KEEP_AS_DISTINCT	ENDS_WITH_공사	PENDING	PENDING	EMPTY	EMPTY
653	b09dc2f34a741c9f2d3fc5b351719417ad140e97e9e1658a4ef24cb3ab714300	CIC_W	763	W_MID	지역열공급공사	에너지저장및관련수송설비공사 > 지역열공급공사	에너지저장및관련수송설비공사	76	2	AMBIGUOUS	UNREVIEWED	PROCESS	KEEP_AS_DISTINCT	253	1	7631	지역열공급설비설비공사	NO	0	0	0	0	0	0	0	0	1	0	0	0	0		7631:지역열공급설비설비공사	NO_REVIEWED_CHILDREN	PENDING	1	에너지저장및관련수송설비공사 > 지역열공급공사	0		5	석유비축및수송공사 | LNG및원유저장공사 | 도시가스공급공사 | 연료처리공사 | 기타에너지원공사	1	762:LNG및원유저장공사:PROCESS:KEEP_AS_DISTINCT	ENDS_WITH_공사	PENDING	PENDING	EMPTY	EMPTY
654	0a75b1bd31da5cbb77530e7590fe74e3d1ef4e6885203a6726a66c809faf21bd	CIC_W	764	W_MID	도시가스공급공사	에너지저장및관련수송설비공사 > 도시가스공급공사	에너지저장및관련수송설비공사	76	2	AMBIGUOUS	UNREVIEWED	PROCESS	KEEP_AS_DISTINCT	253	1	7641	도시가스공급설비공사	NO	0	0	0	0	0	0	0	0	1	0	0	0	0		7641:도시가스공급설비공사	NO_REVIEWED_CHILDREN	PENDING	1	에너지저장및관련수송설비공사 > 도시가스공급공사	0		5	석유비축및수송공사 | LNG및원유저장공사 | 지역열공급공사 | 연료처리공사 | 기타에너지원공사	1	762:LNG및원유저장공사:PROCESS:KEEP_AS_DISTINCT	ENDS_WITH_공사	PENDING	PENDING	EMPTY	EMPTY
655	665c7b2613f21b510959f5cfc55dbfca9da7c2494d523ed72b49a486ca6ee89b	CIC_W	765	W_MID	연료처리공사	에너지저장및관련수송설비공사 > 연료처리공사	에너지저장및관련수송설비공사	76	2	AMBIGUOUS	UNREVIEWED	PROCESS	KEEP_AS_DISTINCT	253	1	7651	연료처리설비공사	NO	0	0	0	0	0	0	0	0	1	0	0	0	0		7651:연료처리설비공사	NO_REVIEWED_CHILDREN	PENDING	1	에너지저장및관련수송설비공사 > 연료처리공사	0		5	석유비축및수송공사 | LNG및원유저장공사 | 지역열공급공사 | 도시가스공급공사 | 기타에너지원공사	1	762:LNG및원유저장공사:PROCESS:KEEP_AS_DISTINCT	ENDS_WITH_공사	PENDING	PENDING	EMPTY	EMPTY
656	94340c156ae7d9a98e402f13c17ae5d82b8d391eb2ae7114bcf03ead86d91030	CIC_W	769	W_MID	기타에너지원공사	에너지저장및관련수송설비공사 > 기타에너지원공사	에너지저장및관련수송설비공사	76	2	AMBIGUOUS	UNREVIEWED	PROCESS	KEEP_AS_DISTINCT	253	1	7691	기타에너지원시설설비공사	NO	0	0	0	0	0	0	0	0	1	0	0	0	0		7691:기타에너지원시설설비공사	NO_REVIEWED_CHILDREN	PENDING	1	에너지저장및관련수송설비공사 > 기타에너지원공사	0		5	석유비축및수송공사 | LNG및원유저장공사 | 지역열공급공사 | 도시가스공급공사 | 연료처리공사	1	762:LNG및원유저장공사:PROCESS:KEEP_AS_DISTINCT	ENDS_WITH_공사	PENDING	PENDING	EMPTY	EMPTY
657	eb373e4c48626a09e8c60615e188fa454646ebab3d7a2223091b86d47120f673	CIC_W	811	W_MID	배관․전로공사	전기 자동제어 계장 신호 통신공통공사 > 배관․전로공사	전기 자동제어 계장 신호 통신공통공사	81	2	AMBIGUOUS	UNREVIEWED	PROCESS	KEEP_AS_DISTINCT	254	1	8111	배관및전로공사	NO	1	1	0	0	0	0	0	0	0	0	1	0	0	8111:배관및전로공사:PROCESS:MERGE_CANDIDATE		ALL_REVIEWED_SINGLE_KIND	PENDING	1	전기 자동제어 계장 신호 통신공통공사 > 배관․전로공사	0		2	배선․가선공사 | 전기․통신공사관련기타공통공사	0		ENDS_WITH_공사	PENDING	PENDING	EMPTY	EMPTY
658	e066088663d01d820767c3f0971b34fad3f3e906d1fc5237d06f74f293fb3ac2	CIC_W	812	W_MID	배선․가선공사	전기 자동제어 계장 신호 통신공통공사 > 배선․가선공사	전기 자동제어 계장 신호 통신공통공사	81	2	AMBIGUOUS	UNREVIEWED	PROCESS	KEEP_AS_DISTINCT	254	1	8121	배선및가선공사	NO	0	0	0	0	0	0	0	0	1	0	0	0	0		8121:배선및가선공사	NO_REVIEWED_CHILDREN	PENDING	1	전기 자동제어 계장 신호 통신공통공사 > 배선․가선공사	0		2	배관․전로공사 | 전기․통신공사관련기타공통공사	0		ENDS_WITH_공사	PENDING	PENDING	EMPTY	EMPTY
659	8c88a6f86a2403407b71f3a17e880cea315be44a771da4530f53a064d30faba5	CIC_W	813	W_MID	전기․통신공사관련기타공통공사	전기 자동제어 계장 신호 통신공통공사 > 전기․통신공사관련기타공통공사	전기 자동제어 계장 신호 통신공통공사	81	2	AMBIGUOUS	UNREVIEWED	PROCESS	KEEP_AS_DISTINCT	254	4	8131 | 8132 | 8133 | 8134	전기․통신공사관련건설및연관공사 | 전기․통신공사관련철물류연관공사 | 전기․통신공사관련보조설비및기타공사 | 전기․통신공사관련도장및방청공사	NO	0	0	0	0	0	0	0	0	4	0	0	0	0		8131:전기․통신공사관련건설및연관공사 | 8132:전기․통신공사관련철물류연관공사 | 8133:전기․통신공사관련보조설비및기타공사 | 8134:전기․통신공사관련도장및방청공사	NO_REVIEWED_CHILDREN	PENDING	1	전기 자동제어 계장 신호 통신공통공사 > 전기․통신공사관련기타공통공사	0		2	배관․전로공사 | 배선․가선공사	0		ENDS_WITH_공사	PENDING	PENDING	EMPTY	EMPTY
660	cdd59d0734b914f44b5e6cb52823916adb204ac8c117ecfc2656b8261f512d03	CIC_W	821	W_MID	송전설비공사	송배전․발 수변전전기공사 > 송전설비공사	송배전․발 수변전전기공사	82	2	AMBIGUOUS	UNREVIEWED	PROCESS	KEEP_AS_DISTINCT	255	2	8211 | 8212	송전설비별설치공사 | 송전설비공사	NO	1	1	0	0	0	0	0	0	1	1	0	0	0	8211:송전설비별설치공사:PROCESS:KEEP_AS_DISTINCT	8212:송전설비공사	PARTIAL_REVIEW_SINGLE_KIND	PENDING	1	송배전․발 수변전전기공사 > 송전설비공사	0		4	배전설비공사 | 발전 수변전관련전기설비공사 | 전차선로공사 | 기타전기설비공사	0		ENDS_WITH_공사|CONTAINS_설비	PENDING	PENDING	EMPTY	EMPTY
661	229db50c74c354e18b6457206c64fb830f0d02fa46e3b2ae916af1743d349b31	CIC_W	822	W_MID	배전설비공사	송배전․발 수변전전기공사 > 배전설비공사	송배전․발 수변전전기공사	82	2	AMBIGUOUS	UNREVIEWED	PROCESS	KEEP_AS_DISTINCT	255	2	8221 | 8222	배전설비별기기류설치공사 | 배전설비공사	NO	0	0	0	0	0	0	0	0	2	0	0	0	0		8221:배전설비별기기류설치공사 | 8222:배전설비공사	NO_REVIEWED_CHILDREN	PENDING	2	송배전․발 수변전전기공사 > 배전설비공사 | 전력부하설비공사 > 배전설비공사	0		4	송전설비공사 | 발전 수변전관련전기설비공사 | 전차선로공사 | 기타전기설비공사	0		ENDS_WITH_공사|CONTAINS_설비	PENDING	PENDING	EMPTY	EMPTY
662	6be93d3ad3002cb4ce7ef44904d836f82093578a4d4868b73678039340687dee	CIC_W	823	W_MID	발전 수변전관련전기설비공사	송배전․발 수변전전기공사 > 발전 수변전관련전기설비공사	송배전․발 수변전전기공사	82	2	AMBIGUOUS	UNREVIEWED	PROCESS	KEEP_AS_DISTINCT	255	6	8231 | 8232 | 8233 | 8234 | 8235 | 8239	GIS공사 | 변전설비공사 | 큐비클및차단설비공사 | 조상설비공사 | 모선공사 | 기타설비	NO	1	1	0	0	0	0	0	0	5	1	0	0	0	8231:GIS공사:PROCESS:KEEP_AS_DISTINCT	8232:변전설비공사 | 8233:큐비클및차단설비공사 | 8234:조상설비공사 | 8235:모선공사 | 8239:기타설비	PARTIAL_REVIEW_SINGLE_KIND	PENDING	1	송배전․발 수변전전기공사 > 발전 수변전관련전기설비공사	0		4	송전설비공사 | 배전설비공사 | 전차선로공사 | 기타전기설비공사	0		ENDS_WITH_공사|CONTAINS_설비	PENDING	PENDING	EMPTY	EMPTY
663	8efe85224fa8febf6011f7df0bc00f194e59fb54a71a290307c6cb20d0f4f4dc	CIC_W	824	W_MID	전차선로공사	송배전․발 수변전전기공사 > 전차선로공사	송배전․발 수변전전기공사	82	2	AMBIGUOUS	UNREVIEWED	PROCESS	KEEP_AS_DISTINCT	255	3	8241 | 8242 | 8243	카테나리전차선공사 | 강체전차선공사 | 신호설비	NO	0	0	0	0	0	0	0	0	3	0	0	0	0		8241:카테나리전차선공사 | 8242:강체전차선공사 | 8243:신호설비	NO_REVIEWED_CHILDREN	PENDING	1	송배전․발 수변전전기공사 > 전차선로공사	0		4	송전설비공사 | 배전설비공사 | 발전 수변전관련전기설비공사 | 기타전기설비공사	0		ENDS_WITH_공사	PENDING	PENDING	EMPTY	EMPTY
664	6657f500b9d1bfe59b90e693c9d3fabc9d494f04b2f72d9ec0ff1560bc83fc17	CIC_W	825	W_MID	기타전기설비공사	송배전․발 수변전전기공사 > 기타전기설비공사	송배전․발 수변전전기공사	82	2	AMBIGUOUS	UNREVIEWED	PROCESS	KEEP_AS_DISTINCT	255	3	8251 | 8252 | 8253	무정전공사 | 전동기설치공사 | 전기설비기타공사	NO	0	0	0	0	0	0	0	0	3	0	0	0	0		8251:무정전공사 | 8252:전동기설치공사 | 8253:전기설비기타공사	NO_REVIEWED_CHILDREN	PENDING	2	송배전․발 수변전전기공사 > 기타전기설비공사 | 기타전기설비공사 > 기타전기설비공사	0		4	송전설비공사 | 배전설비공사 | 발전 수변전관련전기설비공사 | 전차선로공사	0		ENDS_WITH_공사|CONTAINS_설비	PENDING	PENDING	EMPTY	EMPTY
665	a3535fa6836e0e8e66cd0b9b64611148cf9b2c72b48a554d16d2301b942d74dd	CIC_W	831	W_MID	배전설비공사	전력부하설비공사 > 배전설비공사	전력부하설비공사	83	2	AMBIGUOUS	UNREVIEWED	PROCESS	KEEP_AS_DISTINCT	256	1	8311	배전설비공사	NO	1	1	0	0	0	0	0	0	0	0	1	0	0	8311:배전설비공사:PROCESS:MERGE_CANDIDATE		ALL_REVIEWED_SINGLE_KIND	PENDING	2	송배전․발 수변전전기공사 > 배전설비공사 | 전력부하설비공사 > 배전설비공사	0		3	조명설비공사 | 동력설비공사 | 예비전원설비공사	0		ENDS_WITH_공사|CONTAINS_설비	PENDING	PENDING	EMPTY	EMPTY
666	854fa5b53545512ba374b9ebb97d1ca0bdeb3b9b80931f82963e27f22c1b815b	CIC_W	832	W_MID	조명설비공사	전력부하설비공사 > 조명설비공사	전력부하설비공사	83	2	AMBIGUOUS	UNREVIEWED	PROCESS	KEEP_AS_DISTINCT	256	4	8321 | 8322 | 8323 | 8324	옥내조명설비공사 | 옥외조명설비공사 | 비상조명설비공사 | 특수조명설비공사	NO	0	0	0	0	0	0	0	0	4	0	0	0	0		8321:옥내조명설비공사 | 8322:옥외조명설비공사 | 8323:비상조명설비공사 | 8324:특수조명설비공사	NO_REVIEWED_CHILDREN	PENDING	1	전력부하설비공사 > 조명설비공사	0		3	배전설비공사 | 동력설비공사 | 예비전원설비공사	0		ENDS_WITH_공사|CONTAINS_설비	PENDING	PENDING	EMPTY	EMPTY
667	ab96dbee39ecdd4a314884035c4e36fbc1b21fbbe49ea344f7c838262ddbb2ce	CIC_W	833	W_MID	동력설비공사	전력부하설비공사 > 동력설비공사	전력부하설비공사	83	2	AMBIGUOUS	UNREVIEWED	PROCESS	KEEP_AS_DISTINCT	256	2	8331 | 8332	동력용전동기설치공사 | 구내동력설비공사	NO	0	0	0	0	0	0	0	0	2	0	0	0	0		8331:동력용전동기설치공사 | 8332:구내동력설비공사	NO_REVIEWED_CHILDREN	PENDING	1	전력부하설비공사 > 동력설비공사	0		3	배전설비공사 | 조명설비공사 | 예비전원설비공사	0		ENDS_WITH_공사|CONTAINS_설비	PENDING	PENDING	EMPTY	EMPTY
668	be3f8539a8d95a286eddcc524bd4392df0ff4652858972562bfbe6ee74ec5a15	CIC_W	834	W_MID	예비전원설비공사	전력부하설비공사 > 예비전원설비공사	전력부하설비공사	83	2	AMBIGUOUS	UNREVIEWED	PROCESS	KEEP_AS_DISTINCT	256	5	8341 | 8342 | 8343 | 8344 | 8349	예비전원설비공사 | 비상용발전기설비 | 축전지설비 | 무정전전원설비 | 기타설비	NO	0	0	0	0	0	0	0	0	5	0	0	0	0		8341:예비전원설비공사 | 8342:비상용발전기설비 | 8343:축전지설비 | 8344:무정전전원설비 | 8349:기타설비	NO_REVIEWED_CHILDREN	PENDING	1	전력부하설비공사 > 예비전원설비공사	0		3	배전설비공사 | 조명설비공사 | 동력설비공사	0		ENDS_WITH_공사|CONTAINS_설비	PENDING	PENDING	EMPTY	EMPTY
669	c7a991f693020fb5bd87ff059d5bae3922d0269945a22a25e47998da14207cc9	CIC_W	841	W_MID	통신관련설비공사	정보 통신설비공사 > 통신관련설비공사	정보 통신설비공사	84	2	AMBIGUOUS	UNREVIEWED	PROCESS	KEEP_AS_DISTINCT	257	1	8411	통신구조물및기타보조기기류설치공사	NO	1	1	0	0	0	0	0	0	0	1	0	0	0	8411:통신구조물및기타보조기기류설치공사:PROCESS:KEEP_AS_DISTINCT		ALL_REVIEWED_SINGLE_KIND	PENDING	1	정보 통신설비공사 > 통신관련설비공사	0		5	각종표시및정보전달설비공사 | 방송수신설비공사 | 방송관련설비공사 | 각종통신설비공사 | 기타정보설비공사	0		ENDS_WITH_공사|CONTAINS_설비	PENDING	PENDING	EMPTY	EMPTY
670	53ddd31d7302355c7cf9b566037eb9a13b83cfc493cc7aa0a8ae1378a904e0bb	CIC_W	842	W_MID	각종표시및정보전달설비공사	정보 통신설비공사 > 각종표시및정보전달설비공사	정보 통신설비공사	84	2	AMBIGUOUS	UNREVIEWED	PROCESS	KEEP_AS_DISTINCT	257	5	8421 | 8422 | 8423 | 8424 | 8425	표시설비공사 | 시계설비공사 | 시보설비공사 | 확성설비공사 | 동시통역설비공사	NO	0	0	0	0	0	0	0	0	5	0	0	0	0		8421:표시설비공사 | 8422:시계설비공사 | 8423:시보설비공사 | 8424:확성설비공사 | 8425:동시통역설비공사	NO_REVIEWED_CHILDREN	PENDING	1	정보 통신설비공사 > 각종표시및정보전달설비공사	0		5	통신관련설비공사 | 방송수신설비공사 | 방송관련설비공사 | 각종통신설비공사 | 기타정보설비공사	0		ENDS_WITH_공사|CONTAINS_설비	PENDING	PENDING	EMPTY	EMPTY
671	e6bcc4cbb4ceda9aea918a6026a08b79290c6c9de119fb0d75e09b2b6e6823e2	CIC_W	843	W_MID	방송수신설비공사	정보 통신설비공사 > 방송수신설비공사	정보 통신설비공사	84	2	AMBIGUOUS	UNREVIEWED	PROCESS	KEEP_AS_DISTINCT	257	4	8431 | 8432 | 8433 | 8434	라디오공청설비공사 | TV공청설비공사 | 유선방송설비공사 | 위성방송설비공사	NO	1	1	0	0	0	0	0	0	3	1	0	0	0	8432:TV공청설비공사:PROCESS:KEEP_AS_DISTINCT	8431:라디오공청설비공사 | 8433:유선방송설비공사 | 8434:위성방송설비공사	PARTIAL_REVIEW_SINGLE_KIND	PENDING	1	정보 통신설비공사 > 방송수신설비공사	0		5	통신관련설비공사 | 각종표시및정보전달설비공사 | 방송관련설비공사 | 각종통신설비공사 | 기타정보설비공사	0		ENDS_WITH_공사|CONTAINS_설비	PENDING	PENDING	EMPTY	EMPTY
672	9b62962cc6c301366b6ca7bdf2729751f2f167781eb05e88e7dc428f5e520ef3	CIC_W	844	W_MID	방송관련설비공사	정보 통신설비공사 > 방송관련설비공사	정보 통신설비공사	84	2	AMBIGUOUS	UNREVIEWED	PROCESS	KEEP_AS_DISTINCT	257	2	8441 | 8449	방송설비공사 | 기타방송설비공사	NO	0	0	0	0	0	0	0	0	2	0	0	0	0		8441:방송설비공사 | 8449:기타방송설비공사	NO_REVIEWED_CHILDREN	PENDING	1	정보 통신설비공사 > 방송관련설비공사	0		5	통신관련설비공사 | 각종표시및정보전달설비공사 | 방송수신설비공사 | 각종통신설비공사 | 기타정보설비공사	0		ENDS_WITH_공사|CONTAINS_설비	PENDING	PENDING	EMPTY	EMPTY
673	941847a9e1364a3428a4a685dfcbb7428e79b5544a8d6ffea5dc3c32d53a4198	CIC_W	845	W_MID	각종통신설비공사	정보 통신설비공사 > 각종통신설비공사	정보 통신설비공사	84	2	AMBIGUOUS	UNREVIEWED	PROCESS	KEEP_AS_DISTINCT	257	3	8451 | 8452 | 8459	유선통신망설비공사 | 무선통신설비공사 | 기타통신설비공사	NO	0	0	0	0	0	0	0	0	3	0	0	0	0		8451:유선통신망설비공사 | 8452:무선통신설비공사 | 8459:기타통신설비공사	NO_REVIEWED_CHILDREN	PENDING	1	정보 통신설비공사 > 각종통신설비공사	0		5	통신관련설비공사 | 각종표시및정보전달설비공사 | 방송수신설비공사 | 방송관련설비공사 | 기타정보설비공사	0		ENDS_WITH_공사|CONTAINS_설비	PENDING	PENDING	EMPTY	EMPTY
674	53401edd9873f2798c4e1ce22b0449a3881829b7d89217d9579f25672b458331	CIC_W	846	W_MID	기타정보설비공사	정보 통신설비공사 > 기타정보설비공사	정보 통신설비공사	84	2	AMBIGUOUS	UNREVIEWED	PROCESS	KEEP_AS_DISTINCT	257	3	8461 | 8462 | 8463	도시철도자동요금수납설비공사 | 건물자동화통신설비공사 | 원격검침설비공사	NO	0	0	0	0	0	0	0	0	3	0	0	0	0		8461:도시철도자동요금수납설비공사 | 8462:건물자동화통신설비공사 | 8463:원격검침설비공사	NO_REVIEWED_CHILDREN	PENDING	1	정보 통신설비공사 > 기타정보설비공사	0		5	통신관련설비공사 | 각종표시및정보전달설비공사 | 방송수신설비공사 | 방송관련설비공사 | 각종통신설비공사	0		ENDS_WITH_공사|CONTAINS_설비	PENDING	PENDING	EMPTY	EMPTY
675	9c91faf51f3b634b62a8856c256d8167ed264c758ba46c9f269e5f848339e2cd	CIC_W	852	W_MID	보안전기설비공사	방재전기설비공사 > 보안전기설비공사	방재전기설비공사	85	2	AMBIGUOUS	UNREVIEWED	PROCESS	KEEP_AS_DISTINCT	258	3	8521 | 8522 | 8523	감시카메라설비공사 | 방범설비공사 | 입퇴실관리설비공사	NO	0	0	0	0	0	0	0	0	3	0	0	0	0		8521:감시카메라설비공사 | 8522:방범설비공사 | 8523:입퇴실관리설비공사	NO_REVIEWED_CHILDREN	PENDING	1	방재전기설비공사 > 보안전기설비공사	0		4	소방전기설비공사 | 피뢰및접지설비공사 | 방범전기설비공사 | 항공장해등설비공사	1	851:소방전기설비공사:PROCESS:KEEP_AS_DISTINCT	ENDS_WITH_공사|CONTAINS_설비	PENDING	PENDING	EMPTY	EMPTY
676	85e48856b0571e3583d2c692e49953b63a10af3d8ac094e1c839a3479d78660c	CIC_W	853	W_MID	피뢰및접지설비공사	방재전기설비공사 > 피뢰및접지설비공사	방재전기설비공사	85	2	AMBIGUOUS	UNREVIEWED	PROCESS	KEEP_AS_DISTINCT	258	2	8531 | 8532	피뢰설비공사 | 접지설비공사	NO	0	0	0	0	0	0	0	0	2	0	0	0	0		8531:피뢰설비공사 | 8532:접지설비공사	NO_REVIEWED_CHILDREN	PENDING	1	방재전기설비공사 > 피뢰및접지설비공사	0		4	소방전기설비공사 | 보안전기설비공사 | 방범전기설비공사 | 항공장해등설비공사	1	851:소방전기설비공사:PROCESS:KEEP_AS_DISTINCT	ENDS_WITH_공사|CONTAINS_설비	PENDING	PENDING	EMPTY	EMPTY
677	96527325df7971e7f4c1d22c14a05d134d66fe99b39dcd22c452bd101e80424b	CIC_W	854	W_MID	방범전기설비공사	방재전기설비공사 > 방범전기설비공사	방재전기설비공사	85	2	AMBIGUOUS	UNREVIEWED	PROCESS	KEEP_AS_DISTINCT	258	1	8541	방범전기설비공사	NO	0	0	0	0	0	0	0	0	1	0	0	0	0		8541:방범전기설비공사	NO_REVIEWED_CHILDREN	PENDING	1	방재전기설비공사 > 방범전기설비공사	0		4	소방전기설비공사 | 보안전기설비공사 | 피뢰및접지설비공사 | 항공장해등설비공사	1	851:소방전기설비공사:PROCESS:KEEP_AS_DISTINCT	ENDS_WITH_공사|CONTAINS_설비	PENDING	PENDING	EMPTY	EMPTY
678	fbe352476b6369e08ebf71210ddb65c98e56f69ca1a1dcc1a39f09ff74961be8	CIC_W	855	W_MID	항공장해등설비공사	방재전기설비공사 > 항공장해등설비공사	방재전기설비공사	85	2	AMBIGUOUS	UNREVIEWED	PROCESS	KEEP_AS_DISTINCT	258	1	8551	항공장해등전기설비공사	NO	0	0	0	0	0	0	0	0	1	0	0	0	0		8551:항공장해등전기설비공사	NO_REVIEWED_CHILDREN	PENDING	1	방재전기설비공사 > 항공장해등설비공사	0		4	소방전기설비공사 | 보안전기설비공사 | 피뢰및접지설비공사 | 방범전기설비공사	1	851:소방전기설비공사:PROCESS:KEEP_AS_DISTINCT	ENDS_WITH_공사|CONTAINS_설비	PENDING	PENDING	EMPTY	EMPTY
679	88c0dada461143da9fec7a2d6d7847c8d729b73c49e551a8b4a4b12688bf9e4d	CIC_W	862	W_MID	건축물전기설비공사	기타전기설비공사 > 건축물전기설비공사	기타전기설비공사	86	2	AMBIGUOUS	UNREVIEWED	PROCESS	MERGE_CANDIDATE	259	2	8621 | 8622	건축물전기설비공사 - - 대․중․소 분류대․중․소 분류 | 고층빌딩전기설비공사	NO	0	0	0	0	0	0	0	0	2	0	0	0	0		8621:건축물전기설비공사 - - 대․중․소 분류대․중․소 분류 | 8622:고층빌딩전기설비공사	NO_REVIEWED_CHILDREN	PENDING	1	기타전기설비공사 > 건축물전기설비공사	0		3	감시제어및계장설비공사 | 기타전기설비공사 | 안전관련전기설비공사	1	861:감시제어및계장설비공사:PROCESS:KEEP_AS_DISTINCT	ENDS_WITH_공사|CONTAINS_설비	PENDING	PENDING	EMPTY	EMPTY
680	f5b741c5432767b697db7c6b3ed10a4f5da683bad0a3f3cd5934dad29d2e2cb3	CIC_W	863	W_MID	기타전기설비공사	기타전기설비공사 > 기타전기설비공사	기타전기설비공사	86	2	AMBIGUOUS	UNREVIEWED	PROCESS	MERGE_CANDIDATE	259	2	8631 | 8632	기타전기설비공사 | 철도전기설비공사	NO	0	0	0	0	0	0	0	0	2	0	0	0	0		8631:기타전기설비공사 | 8632:철도전기설비공사	NO_REVIEWED_CHILDREN	PENDING	2	송배전․발 수변전전기공사 > 기타전기설비공사 | 기타전기설비공사 > 기타전기설비공사	0		3	감시제어및계장설비공사 | 건축물전기설비공사 | 안전관련전기설비공사	1	861:감시제어및계장설비공사:PROCESS:KEEP_AS_DISTINCT	ENDS_WITH_공사|CONTAINS_설비	PENDING	PENDING	EMPTY	EMPTY
681	2be093b6b695a920b45aac3c2b1c265a3b6cc36cd5900805256cf1213d30778b	CIC_W	864	W_MID	안전관련전기설비공사	기타전기설비공사 > 안전관련전기설비공사	기타전기설비공사	86	2	AMBIGUOUS	UNREVIEWED	PROCESS	MERGE_CANDIDATE	259	1	8641	안전관련전기설비공사	NO	0	0	0	0	0	0	0	0	1	0	0	0	0		8641:안전관련전기설비공사	NO_REVIEWED_CHILDREN	PENDING	1	기타전기설비공사 > 안전관련전기설비공사	0		3	감시제어및계장설비공사 | 건축물전기설비공사 | 기타전기설비공사	1	861:감시제어및계장설비공사:PROCESS:KEEP_AS_DISTINCT	ENDS_WITH_공사|CONTAINS_설비	PENDING	PENDING	EMPTY	EMPTY
682	b66d3bf8ca71b6862341d77718cdd5c3956dec847e62353aa6ed83a54d0a4797	CIC_W	911	W_MID	기계 프랜트공통시험 시운전공사	기계 플랜트 산업설비 전기 통신시험 시운전공사 > 기계 프랜트공통시험 시운전공사	기계 플랜트 산업설비 전기 통신시험 시운전공사	91	2	AMBIGUOUS	UNREVIEWED	PROCESS	KEEP_AS_DISTINCT	260	3	9111 | 9112 | 9119	T.A.B(TestingAdjustingandBalancing)공사 | 배관관리및시험 | 기타공사	NO	2	1	1	0	0	0	0	0	1	2	0	0	0	9111:T.A.B(TestingAdjustingandBalancing)공사:PROCESS:KEEP_AS_DISTINCT | 9112:배관관리및시험:TASK:KEEP_AS_DISTINCT	9119:기타공사	PARTIAL_REVIEW_MULTI_KIND	PENDING	1	기계 플랜트 산업설비 전기 통신시험 시운전공사 > 기계 프랜트공통시험 시운전공사	0		3	기계설비시험 시운전공사 | 기계 플랜트 산업․전기설비시험 시운전공사 | 전기 통신시험 시운전공사	0		ENDS_WITH_공사	PENDING	PENDING	EMPTY	EMPTY
683	63506a7a577baed3c7ee7e0e1e9945e209308bed1d4fcd9b7c50f22bb2d8db7e	CIC_W	912	W_MID	기계설비시험 시운전공사	기계 플랜트 산업설비 전기 통신시험 시운전공사 > 기계설비시험 시운전공사	기계 플랜트 산업설비 전기 통신시험 시운전공사	91	2	AMBIGUOUS	UNREVIEWED	PROCESS	KEEP_AS_DISTINCT	260	1	9121	기계설비시험 시운전공사	NO	0	0	0	0	0	0	0	0	1	0	0	0	0		9121:기계설비시험 시운전공사	NO_REVIEWED_CHILDREN	PENDING	1	기계 플랜트 산업설비 전기 통신시험 시운전공사 > 기계설비시험 시운전공사	0		3	기계 프랜트공통시험 시운전공사 | 기계 플랜트 산업․전기설비시험 시운전공사 | 전기 통신시험 시운전공사	0		ENDS_WITH_공사|CONTAINS_설비	PENDING	PENDING	EMPTY	EMPTY
684	4918577e67920975e5a735f24ab315b5f0a9536e92479a9a0a9d85d4ded6a723	CIC_W	913	W_MID	기계 플랜트 산업․전기설비시험 시운전공사	기계 플랜트 산업설비 전기 통신시험 시운전공사 > 기계 플랜트 산업․전기설비시험 시운전공사	기계 플랜트 산업설비 전기 통신시험 시운전공사	91	2	AMBIGUOUS	UNREVIEWED	PROCESS	KEEP_AS_DISTINCT	260	3	9131 | 9132 | 9133	T&C(TestandCommissioning)공사 | 발전설비시운전공사 | 설비별 시스템별시운전공사	NO	1	1	0	0	0	0	0	0	2	1	0	0	0	9131:T&C(TestandCommissioning)공사:PROCESS:KEEP_AS_DISTINCT	9132:발전설비시운전공사 | 9133:설비별 시스템별시운전공사	PARTIAL_REVIEW_SINGLE_KIND	PENDING	1	기계 플랜트 산업설비 전기 통신시험 시운전공사 > 기계 플랜트 산업․전기설비시험 시운전공사	0		3	기계 프랜트공통시험 시운전공사 | 기계설비시험 시운전공사 | 전기 통신시험 시운전공사	0		ENDS_WITH_공사|CONTAINS_설비	PENDING	PENDING	EMPTY	EMPTY
685	642fd3fd84ed43a93168f5b379ce9ed077d9834917829ce975acb1c3f2c044b0	CIC_W	914	W_MID	전기 통신시험 시운전공사	기계 플랜트 산업설비 전기 통신시험 시운전공사 > 전기 통신시험 시운전공사	기계 플랜트 산업설비 전기 통신시험 시운전공사	91	2	AMBIGUOUS	UNREVIEWED	PROCESS	KEEP_AS_DISTINCT	260	4	9141 | 9142 | 9143 | 9144	전기 통신설비T&C(TestandCommissioning)공사 | 전기 통신설비공통시험 시운전공사 | 전기설비시험 시운전공사 | 통신설비시험 시운전공사	NO	0	0	0	0	0	0	0	0	4	0	0	0	0		9141:전기 통신설비T&C(TestandCommissioning)공사 | 9142:전기 통신설비공통시험 시운전공사 | 9143:전기설비시험 시운전공사 | 9144:통신설비시험 시운전공사	NO_REVIEWED_CHILDREN	PENDING	1	기계 플랜트 산업설비 전기 통신시험 시운전공사 > 전기 통신시험 시운전공사	0		3	기계 프랜트공통시험 시운전공사 | 기계설비시험 시운전공사 | 기계 플랜트 산업․전기설비시험 시운전공사	0		ENDS_WITH_공사	PENDING	PENDING	EMPTY	EMPTY
686	e7cff381994defb7223cf2e2b0a386bca04951856c853cb0d3ae5594747ab975	CIC_W	921	W_MID	기계 플랜트 산업설비공통시설유지정비공사	기계 플랜트 산업․전기설비 통신시험 시설유지정비공사 > 기계 플랜트 산업설비공통시설유지정비공사	기계 플랜트 산업․전기설비 통신시험 시설유지정비공사	92	2	AMBIGUOUS	UNREVIEWED	PROCESS	KEEP_AS_DISTINCT	261	0			NO	0	0	0	0	0	0	0	0	0	0	0	0	0			NO_REVIEWED_CHILDREN	PENDING	1	기계 플랜트 산업․전기설비 통신시험 시설유지정비공사 > 기계 플랜트 산업설비공통시설유지정비공사	0		5	산업설비공통시설유지정비공사 | 전기 통신설비공통시설유지정비공사 | 전기설비시설유지정비공사 | 기타전기설비시설유지정비공사 | 통신설비시설유지정비공사	0		ENDS_WITH_공사|CONTAINS_설비	PENDING	PENDING	EMPTY	EMPTY
687	d54575f01ed082aa505dc891a17afb5412581bf543998fe0378ab27495032c8c	CIC_W	922	W_MID	산업설비공통시설유지정비공사	기계 플랜트 산업․전기설비 통신시험 시설유지정비공사 > 산업설비공통시설유지정비공사	기계 플랜트 산업․전기설비 통신시험 시설유지정비공사	92	2	AMBIGUOUS	UNREVIEWED	PROCESS	KEEP_AS_DISTINCT	261	0			NO	0	0	0	0	0	0	0	0	0	0	0	0	0			NO_REVIEWED_CHILDREN	PENDING	1	기계 플랜트 산업․전기설비 통신시험 시설유지정비공사 > 산업설비공통시설유지정비공사	0		5	기계 플랜트 산업설비공통시설유지정비공사 | 전기 통신설비공통시설유지정비공사 | 전기설비시설유지정비공사 | 기타전기설비시설유지정비공사 | 통신설비시설유지정비공사	0		ENDS_WITH_공사|CONTAINS_설비	PENDING	PENDING	EMPTY	EMPTY
688	d0a7e4e0b24e6064efae300032da9a34632a5b1c7eaa2f09c28b36ea33e991e0	CIC_W	923	W_MID	전기 통신설비공통시설유지정비공사	기계 플랜트 산업․전기설비 통신시험 시설유지정비공사 > 전기 통신설비공통시설유지정비공사	기계 플랜트 산업․전기설비 통신시험 시설유지정비공사	92	2	AMBIGUOUS	UNREVIEWED	PROCESS	KEEP_AS_DISTINCT	261	0			NO	0	0	0	0	0	0	0	0	0	0	0	0	0			NO_REVIEWED_CHILDREN	PENDING	1	기계 플랜트 산업․전기설비 통신시험 시설유지정비공사 > 전기 통신설비공통시설유지정비공사	0		5	기계 플랜트 산업설비공통시설유지정비공사 | 산업설비공통시설유지정비공사 | 전기설비시설유지정비공사 | 기타전기설비시설유지정비공사 | 통신설비시설유지정비공사	0		ENDS_WITH_공사|CONTAINS_설비	PENDING	PENDING	EMPTY	EMPTY
689	f886427ac2e3312180474872f5ef8d9c0fa4e4918d9f417e74371eaeeb292436	CIC_W	924	W_MID	전기설비시설유지정비공사	기계 플랜트 산업․전기설비 통신시험 시설유지정비공사 > 전기설비시설유지정비공사	기계 플랜트 산업․전기설비 통신시험 시설유지정비공사	92	2	AMBIGUOUS	UNREVIEWED	PROCESS	KEEP_AS_DISTINCT	261	0			NO	0	0	0	0	0	0	0	0	0	0	0	0	0			NO_REVIEWED_CHILDREN	PENDING	1	기계 플랜트 산업․전기설비 통신시험 시설유지정비공사 > 전기설비시설유지정비공사	0		5	기계 플랜트 산업설비공통시설유지정비공사 | 산업설비공통시설유지정비공사 | 전기 통신설비공통시설유지정비공사 | 기타전기설비시설유지정비공사 | 통신설비시설유지정비공사	0		ENDS_WITH_공사|CONTAINS_설비	PENDING	PENDING	EMPTY	EMPTY
690	949997b0c16a40192c5348e841f2284e5cf8db8c53848bec97f203b7aa3f5aa5	CIC_W	925	W_MID	기타전기설비시설유지정비공사	기계 플랜트 산업․전기설비 통신시험 시설유지정비공사 > 기타전기설비시설유지정비공사	기계 플랜트 산업․전기설비 통신시험 시설유지정비공사	92	2	AMBIGUOUS	UNREVIEWED	PROCESS	KEEP_AS_DISTINCT	261	0			NO	0	0	0	0	0	0	0	0	0	0	0	0	0			NO_REVIEWED_CHILDREN	PENDING	1	기계 플랜트 산업․전기설비 통신시험 시설유지정비공사 > 기타전기설비시설유지정비공사	0		5	기계 플랜트 산업설비공통시설유지정비공사 | 산업설비공통시설유지정비공사 | 전기 통신설비공통시설유지정비공사 | 전기설비시설유지정비공사 | 통신설비시설유지정비공사	0		ENDS_WITH_공사|CONTAINS_설비	PENDING	PENDING	EMPTY	EMPTY
691	0281d86ad676aa180b252b320f6d88101373868e2c71688eba1449f9c74be0e2	CIC_W	926	W_MID	통신설비시설유지정비공사	기계 플랜트 산업․전기설비 통신시험 시설유지정비공사 > 통신설비시설유지정비공사	기계 플랜트 산업․전기설비 통신시험 시설유지정비공사	92	2	AMBIGUOUS	UNREVIEWED	PROCESS	KEEP_AS_DISTINCT	261	0			NO	0	0	0	0	0	0	0	0	0	0	0	0	0			NO_REVIEWED_CHILDREN	PENDING	1	기계 플랜트 산업․전기설비 통신시험 시설유지정비공사 > 통신설비시설유지정비공사	0		5	기계 플랜트 산업설비공통시설유지정비공사 | 산업설비공통시설유지정비공사 | 전기 통신설비공통시설유지정비공사 | 전기설비시설유지정비공사 | 기타전기설비시설유지정비공사	0		ENDS_WITH_공사|CONTAINS_설비	PENDING	PENDING	EMPTY	EMPTY
