source_key	parent_source_key	work_big	work_mid	name_raw	name_normalized	path_raw
73149f3128aff47b884290daddfc54933041b409da214c5f9c8bce81666701a3	9079d78c78ec31d527c42aa8d8c9d72cb16a04a847b6d82b28a20e0615ef77c8	건축	건축 토공사	거치작업	거치작업	건축 > 건축 토공사 > 거치작업
529d49796d2a2893c29900dd8f9f1fa39edca836cb9ba198af02834033ba0ffa	85443ee510910c572a3dd393ac23578bf1e69b901fa5c910176180cf0da0f4d7	건축	금속공사	거치작업	거치작업	건축 > 금속공사 > 거치작업
290470df2d2b7ce3ad789c27f638a383daa263fbfd12c10e2a1e7b992f6cee1e	205be67904970d69788fed1918f4b6c4605071579ea91c894433c3bb2950d906	건축	도장공사	거치작업	거치작업	건축 > 도장공사 > 거치작업
92b4f67a1415a27dfa271e476f4be47300dd5c8965e73e95347b7f7a3c5c009a	1bda673e67d9a12e21efca383859477c9ee86d489623313ec64c630192394805	건축	철골공사	거치작업	거치작업	건축 > 철골공사 > 거치작업
f927ca0094e56f7149f25dfbd0c7617183952948601a1af04bae5c011ada28d2	3143a03fce721cb2d976b2aed78c9b1b10edcfa04d206f1dcddf59340f1e6b18	건축	철근콘크리트공사	거치작업	거치작업	건축 > 철근콘크리트공사 > 거치작업
c5d8cbb363fd00215aa89b3e683249f23348bddcf3379dbea6886fb81e90cb5d	92780acb02509d83e67eb6aa04be60122fe8cc8344750f4b420cbb1826c665cd	기계설비	기계설비공사	거치작업	거치작업	기계설비 > 기계설비공사 > 거치작업
2a688f5a8413b1658dd06be89acfe48b6149da7160aed073549525f6115bfbf6	60e0d4bca0074bb571c00d4eed761a29ee916ea936f0e559123ba966aab66913	산업설비	산업설비공사	거치작업	거치작업	산업설비 > 산업설비공사 > 거치작업
e33bc3c981805aee287036bf00ca4a8ff30f2772e751b06a26316b1527f765d1	7184418b3260b94cb289fc430ec6870768631cedc0276f08da75d1fd21634329	토목	가설공사	거치작업	거치작업	토목 > 가설공사 > 거치작업
8784f8e7421c2f2757e3cb346e90edcb9152f9e59a7ed9ac3a0a4793d7a68619	1ffaed9eb99ad7a3e2933a29394d986da2eef6b40a53650f4dae02e33b6f8718	토목	강구조물공사	거치작업	거치작업	토목 > 강구조물공사 > 거치작업
bc5f4d92ebf232aa597a1f5df8791e2503a1991aea6bf889163a30985bf09b3c	6142818dbeca390db750ed5b8ab72ccae2f3848dc1bf54063f0fc7f4d8d552a2	토목	관공사	거치작업	거치작업	토목 > 관공사 > 거치작업
204318c42caa4fd5af62c00f8b56e9874ff2d09e497c4257c4b6d56194cfd5a9	7d97163b1558c6a7a2824a97cca8eac37d3e3f1b9c823e21ea840677d1420e38	토목	관공사 부대공사	거치작업	거치작업	토목 > 관공사 부대공사 > 거치작업
99d335bea928b05f4d14f49ffa7c26c2dcd141def3ae0ac991445b8d90520c42	2438c2b03171c8e6534f7020c743b9249b389886e7e9d7e081fc1977f09970a2	토목	교량공사	거치작업	거치작업	토목 > 교량공사 > 거치작업
3960b785fb386d20f0ff6c0ab62639a5d07bed5a8ba16c01a09003cd9d78e708	0f74161b28a96d20a1cd347de2d86209e75941c55dc29d08c4e42dd2d7da2b57	토목	댐 및 제방공사	거치작업	거치작업	토목 > 댐 및 제방공사 > 거치작업
5a8a86de3a467fe480d358658b9597b8749e177fcf8282f15dd57a2cd9ba33d7	e69cac9d45fe928cd4a40876d9f5ab38e4da36b946be0b4d1183887495d731e4	토목	철근콘크리트공사	거치작업	거치작업	토목 > 철근콘크리트공사 > 거치작업
81138553ad650138796df98fe46068a2adaac98eeab55c9b16cef32a73c97128	656ab8544db01eb4f69dbbe4e0aed46f8e974318ec2b5a02418d8a6d4121cbb3	토목	철도 및 궤도공사	거치작업	거치작업	토목 > 철도 및 궤도공사 > 거치작업
e297fb2663b25fd920a8cfddff1e0d801c39f58fb583bbd31ab7f1de5b7b84b3	d781735c3affaf0eac8b0645b21bb4e1ada1f24922cf9ba9bf90c033826b21c5	토목	터널공사	거치작업	거치작업	토목 > 터널공사 > 거치작업
7511a3df0769967b7e2cc42f12b63ebecbc619668cc5f35dbde53858ea0e2382	53ad3ee18d06b1c5945f1561d9d0a019b575a9f59dba70d67a6f2e7482581949	토목	토공사	거치작업	거치작업	토목 > 토공사 > 거치작업
c644470aaee8f40207a894131cb2a9b77a243eaa5ae4ca08cbdeaffa6508aea2	6df8dd91ff6a615b60c01504a7c853096d291e05d6210009d2c114145ea8381b	토목	프리캐스트 콘크리트공사	거치작업	거치작업	토목 > 프리캐스트 콘크리트공사 > 거치작업
7dc3dc4315052e15566a5f8a9328e1a76a7c1aa8875e1916e16e06df3c5a6374	3004e0d20c6003920e6c7e0d856ddf2908aa975470afa0e46154a70cef1fe097	토목	하천공사	거치작업	거치작업	토목 > 하천공사 > 거치작업
2b6d4278bca524868b6015a6f2b852db65e6ab8254734e321b3efd48699ead53	a1fe25df3ef2cb7045f3161778422f0eb2183634902cf257026dd6c7cf7fbea8	토목	항만공사	거치작업	거치작업	토목 > 항만공사 > 거치작업
314c14792f1f7fa12bb194733ce69e659275a6d24cb1016e7b13414f66793004	2fedcc96256e2b1b71331e3bcc7fdf71299ee7ac4c834c71fe3e0c4b3465fe0a	건축	가설공사	고소작업	고소작업	건축 > 가설공사 > 고소작업
546c5d2b6ba40651bac2c7804da029679b7b8e84da4d864302d3abdbf12cc9b5	9079d78c78ec31d527c42aa8d8c9d72cb16a04a847b6d82b28a20e0615ef77c8	건축	건축 토공사	고소작업	고소작업	건축 > 건축 토공사 > 고소작업
4d06ab57eb8ea31e1b7e19fbcd1c6d954853a6d2bbd326a9ffdde960a2e9e473	ff545edd9c384c7436e7a912c81232e604620903a4326832fd2b421853373a43	건축	건축물 부대공사	고소작업	고소작업	건축 > 건축물 부대공사 > 고소작업
c5629ece90eea8ee78fd9afb97573c72871cca0a37665cca870d04524ace576f	85443ee510910c572a3dd393ac23578bf1e69b901fa5c910176180cf0da0f4d7	건축	금속공사	고소작업	고소작업	건축 > 금속공사 > 고소작업
17e721a7b9ce5029d7cbe3f4aa268aff7296671028907ce92cd3762fee140d3d	88501d9327e445bbfa0da8886ce396e9005b40232883c104c8aadb131b07a440	건축	미장공사	고소작업	고소작업	건축 > 미장공사 > 고소작업
2f8761b5c4b2314a775af894bdb3bf9c42874538e35953f705f63b8c5a05bf64	bd63b86849b17eaec8a24b486c591faee838a3fcee521ec77f2f21f4894a7921	건축	수장공사	고소작업	고소작업	건축 > 수장공사 > 고소작업
cc2d5d948fef10caa180233137fe37d8212b410cee85f26b1f08a361bfcb90c4	b269349bad4492fd16f17ec5fab96c188f5fee8874b2946940dc99dbd58082e8	건축	지붕 및 홈통공사	고소작업	고소작업	건축 > 지붕 및 홈통공사 > 고소작업
00a83519381c000b3910a8f643aa18ef1f6e88b9638db25d0fe85bb737721f95	12c797fc1a286822ecca81b0ab458d0fcaad2e02b003379c7dfe4bcd2ee1a3f0	건축	창호 및 유리공사	고소작업	고소작업	건축 > 창호 및 유리공사 > 고소작업
532607d664a2206df1219fddc7274657c5c260b90359f62a5a32bdcbb4176116	1bda673e67d9a12e21efca383859477c9ee86d489623313ec64c630192394805	건축	철골공사	고소작업	고소작업	건축 > 철골공사 > 고소작업
c8c900acf899f25f9462a0ce28926e85e7c8ddc92def3b2b692bbe0bb41b7a9b	3143a03fce721cb2d976b2aed78c9b1b10edcfa04d206f1dcddf59340f1e6b18	건축	철근콘크리트공사	고소작업	고소작업	건축 > 철근콘크리트공사 > 고소작업
59a170ce97cc81abed021bc79f8d1a543deede9263c20d3d58ad5d5e098b410b	820faab310f22cba05496a1ec78811fece6464030919cc343a9bff3b2e3b9571	건축	타일 및 돌공사	고소작업	고소작업	건축 > 타일 및 돌공사 > 고소작업
f6b2b0363c29bcaf086b2574883f1bdfbfef9ba9894531bbf0801032c20f3522	92780acb02509d83e67eb6aa04be60122fe8cc8344750f4b420cbb1826c665cd	기계설비	기계설비공사	고소작업	고소작업	기계설비 > 기계설비공사 > 고소작업
cdb5e608c5dea5c314cd0785242b28b66e5599474f2cf487cb5fdbdfbc49fa26	36f84dc937e94c7f2d307dbb7c398c9e7ce45d7161a7d8c742eadc62482cd751	기타	기타	고소작업	고소작업	기타 > 기타 > 고소작업
390ec8677608727f0564f239d6d40753453243b06afb0d7a26628c5e15abc4cb	7184418b3260b94cb289fc430ec6870768631cedc0276f08da75d1fd21634329	토목	가설공사	고소작업	고소작업	토목 > 가설공사 > 고소작업
8cca42b213d17baac3f5267dc243c3ae13706bad85eb67e5f9ee7f6e5f4f781a	1ffaed9eb99ad7a3e2933a29394d986da2eef6b40a53650f4dae02e33b6f8718	토목	강구조물공사	고소작업	고소작업	토목 > 강구조물공사 > 고소작업
0a2392e9f7a8949e4464234a7348b2077e6171b3f8898d673245e9b1dd5406a2	6142818dbeca390db750ed5b8ab72ccae2f3848dc1bf54063f0fc7f4d8d552a2	토목	관공사	고소작업	고소작업	토목 > 관공사 > 고소작업
30eb443a715d2d3f85824c1a571c67a9993ce33242444d1f894845e24b772482	7d97163b1558c6a7a2824a97cca8eac37d3e3f1b9c823e21ea840677d1420e38	토목	관공사 부대공사	고소작업	고소작업	토목 > 관공사 부대공사 > 고소작업
7f36cfbc16de8c8b5c2bbce5cd6d9afa842c22ecefe17490cd60b9b53f670d7d	2438c2b03171c8e6534f7020c743b9249b389886e7e9d7e081fc1977f09970a2	토목	교량공사	고소작업	고소작업	토목 > 교량공사 > 고소작업
90b1524398f89329ce3f9e50ebea9330c2c4127f95fbefd19b6afaef3e6dfe34	0f74161b28a96d20a1cd347de2d86209e75941c55dc29d08c4e42dd2d7da2b57	토목	댐 및 제방공사	고소작업	고소작업	토목 > 댐 및 제방공사 > 고소작업
5b9ba513d20d99bd2e28126ac0726b1950f068ff5b4c526220d60bb99c5f60cc	9039310779ad406faf8b2990ff1819ffac9770f931566c02270ccc7a604f177e	토목	도로 및 포장공사	고소작업	고소작업	토목 > 도로 및 포장공사 > 고소작업
b61f023745c4aa0721141ab9e774e4ea88d84aad4199edfc684177fd7bc87465	e69cac9d45fe928cd4a40876d9f5ab38e4da36b946be0b4d1183887495d731e4	토목	철근콘크리트공사	고소작업	고소작업	토목 > 철근콘크리트공사 > 고소작업
d5e61ccb84dec3ec07a1982c6d3fc6fc23fae9269756fc4eaa20e6f3d212d23c	656ab8544db01eb4f69dbbe4e0aed46f8e974318ec2b5a02418d8a6d4121cbb3	토목	철도 및 궤도공사	고소작업	고소작업	토목 > 철도 및 궤도공사 > 고소작업
f3bbb6f16824064534771600371b499f73987e50c0fbb0bc4cb8b635eaa955a8	d781735c3affaf0eac8b0645b21bb4e1ada1f24922cf9ba9bf90c033826b21c5	토목	터널공사	고소작업	고소작업	토목 > 터널공사 > 고소작업
0097dddcf5c3cd91b17fc9e6e896c79e5f95974c60bedd1b6dc29f023f837082	53ad3ee18d06b1c5945f1561d9d0a019b575a9f59dba70d67a6f2e7482581949	토목	토공사	고소작업	고소작업	토목 > 토공사 > 고소작업
6263183d1835e08d73d898e76901c5633c50be852d6d7728fc693345cd9f2f47	3004e0d20c6003920e6c7e0d856ddf2908aa975470afa0e46154a70cef1fe097	토목	하천공사	고소작업	고소작업	토목 > 하천공사 > 고소작업
a98a931a02af0e7dafda62780e3a01c0142aa554a2851fba159b98f35bb6198c	2fedcc96256e2b1b71331e3bcc7fdf71299ee7ac4c834c71fe3e0c4b3465fe0a	건축	가설공사	굴착작업	굴착작업	건축 > 가설공사 > 굴착작업
85fd02acec1d699ea0a4c5d49c0b8ae22f8a0789f3b6ea15caaead7d7ec379b1	9079d78c78ec31d527c42aa8d8c9d72cb16a04a847b6d82b28a20e0615ef77c8	건축	건축 토공사	굴착작업	굴착작업	건축 > 건축 토공사 > 굴착작업
034b72f6b6a3c5eda4a353dc9a958f9d183608ee5d8985c29181ab1222c973f7	ff545edd9c384c7436e7a912c81232e604620903a4326832fd2b421853373a43	건축	건축물 부대공사	굴착작업	굴착작업	건축 > 건축물 부대공사 > 굴착작업
0fd555efefe20a1b7aedc94daf0ac5ec2fcb542cc040877e6f38bf013784efc1	92fc08fb809cc1c3bddd257855e3331be3ea726e4c964aa27d9dcb3137079040	건축	지반조사	굴착작업	굴착작업	건축 > 지반조사 > 굴착작업
1dfc51872550d244535006617f132d02206d692f1e6e817571f79b0d9fe50a48	482a7dcc2bf530eae9ab1032c048bc32d5e180c80cadc6c1fea286bdc11e6487	건축	지정공사	굴착작업	굴착작업	건축 > 지정공사 > 굴착작업
327753f356d0a794d6671f3f806e527cd3aa21435b02ca04ea1decc6379027dc	1bda673e67d9a12e21efca383859477c9ee86d489623313ec64c630192394805	건축	철골공사	굴착작업	굴착작업	건축 > 철골공사 > 굴착작업
9e31491672eb1775da4649019e6205bf556f94163b160c5d4e73a5310414cd5d	3143a03fce721cb2d976b2aed78c9b1b10edcfa04d206f1dcddf59340f1e6b18	건축	철근콘크리트공사	굴착작업	굴착작업	건축 > 철근콘크리트공사 > 굴착작업
821357f2977971e83b437bddaa65dd331d8f8a506d2160f842b2046d0706a68f	817b82a16c6a75af5c6073f5a2f1d4d855343279e834f05e19cfeee8872ea5da	건축	해체 및 철거공사	굴착작업	굴착작업	건축 > 해체 및 철거공사 > 굴착작업
a14054dfbf5fe38731b002eb2e201828f57e087ef6dca16633bd41d0d6a06fbf	92780acb02509d83e67eb6aa04be60122fe8cc8344750f4b420cbb1826c665cd	기계설비	기계설비공사	굴착작업	굴착작업	기계설비 > 기계설비공사 > 굴착작업
7175b14e52e219411bc9e29c77665328a3d22b707a1fc6b345579700ae9da19b	36f84dc937e94c7f2d307dbb7c398c9e7ce45d7161a7d8c742eadc62482cd751	기타	기타	굴착작업	굴착작업	기타 > 기타 > 굴착작업
7609f55c17ca3492559a2ab8605ba6dadfbc07999af4a2add23729d6de41191c	c88d808f9a60676a0f54b61760a2cb1bb083596f00d94e8f8874d3b9e17cddf2	산업설비	가설공사	굴착작업	굴착작업	산업설비 > 가설공사 > 굴착작업
483b6cbe4a1e61ca36d2b228710117335d63bee6f24073c8640dd4f24eab3b04	60e0d4bca0074bb571c00d4eed761a29ee916ea936f0e559123ba966aab66913	산업설비	산업설비공사	굴착작업	굴착작업	산업설비 > 산업설비공사 > 굴착작업
15e134d2cea20474fbac4b9907c646c62a6797698804d26082959c5bcb96ede0	234c53cd209f6bb0eb70a5f940987057e6c272ded8459b5d8ed205582e08e775	산업설비	지반조사	굴착작업	굴착작업	산업설비 > 지반조사 > 굴착작업
80bc2e4189b00848cb1a665228c27373fefb03b0f089373a0a5a343e58ab7db9	c6991388fb908a9c2aad77a041896990e2d55004ed8fc855cb77ec2dc981b72d	전기설비	가설공사	굴착작업	굴착작업	전기설비 > 가설공사 > 굴착작업
bbcd4f3d3736fa7c3cdb8e908119754bad12e0aa98bc661e9dbe352666bf0bb4	d36f80d37be8a8478764149f90b6eb8acd669d1f46b568acd360ea21fded3b73	전기설비	전기설비공사	굴착작업	굴착작업	전기설비 > 전기설비공사 > 굴착작업
df1a5e2b5e585a68ef0ed6ab52001aca7fd6c6da0d132cc5027c1f6123a0f95b	7184418b3260b94cb289fc430ec6870768631cedc0276f08da75d1fd21634329	토목	가설공사	굴착작업	굴착작업	토목 > 가설공사 > 굴착작업
81a7294af5208345ab9a9e00732bb8d0b3f191dd1f473de0b7701e9186fbbaa8	1ffaed9eb99ad7a3e2933a29394d986da2eef6b40a53650f4dae02e33b6f8718	토목	강구조물공사	굴착작업	굴착작업	토목 > 강구조물공사 > 굴착작업
edcd366ee1c0d9d6f69529b81f9cdca359d959bd5c565545f74eb79e63f9502f	6142818dbeca390db750ed5b8ab72ccae2f3848dc1bf54063f0fc7f4d8d552a2	토목	관공사	굴착작업	굴착작업	토목 > 관공사 > 굴착작업
7b9646423a2875931c8072404840d4cb4691242d7eba524ca239b05b37af5c52	7d97163b1558c6a7a2824a97cca8eac37d3e3f1b9c823e21ea840677d1420e38	토목	관공사 부대공사	굴착작업	굴착작업	토목 > 관공사 부대공사 > 굴착작업
d0b6703b403f9204431163c4e85ab7dba61ac9d68b4ee1dc7de2750f5db8185c	2438c2b03171c8e6534f7020c743b9249b389886e7e9d7e081fc1977f09970a2	토목	교량공사	굴착작업	굴착작업	토목 > 교량공사 > 굴착작업
692d9d024f6930d94437baa6361b92d15f4bb539f4ccb056f9d4cbc2e76d578b	0f74161b28a96d20a1cd347de2d86209e75941c55dc29d08c4e42dd2d7da2b57	토목	댐 및 제방공사	굴착작업	굴착작업	토목 > 댐 및 제방공사 > 굴착작업
b1d74a75671d66b75532f40cc5b88f771345bebcbe7194abaf744e765b10c30f	9039310779ad406faf8b2990ff1819ffac9770f931566c02270ccc7a604f177e	토목	도로 및 포장공사	굴착작업	굴착작업	토목 > 도로 및 포장공사 > 굴착작업
cbbc432f4dfaee7110eb0d9e60f1d2847a243af81ab410031e70620352e44599	740ba6fe62edf748f9e9707a5a8db50176a48e582e46c9aa93a53787d15b5f4d	토목	말뚝공사	굴착작업	굴착작업	토목 > 말뚝공사 > 굴착작업
330eb98e24e71db046d1bbbe72edd8ae3ba8798d1a6d98fdf028d750b6c4ca1e	d5fedcab6dc5723721417460d705395cea2ad4ef0499334acace7b9324335793	토목	지반개량공사	굴착작업	굴착작업	토목 > 지반개량공사 > 굴착작업
9e16bd367f1e87e41e161497c7c905dc5ee925ebb9f51e98ecdcd6c9c55247cf	a90eb6dc876af3ebf1285c8058c262a4560ca5a65a9b4cce20e5c452c67f5d08	토목	지반조사	굴착작업	굴착작업	토목 > 지반조사 > 굴착작업
6946a2cb145c59e8339f4c585625fbc515929b501af55c7bd65f5cb5bbd33f1f	e69cac9d45fe928cd4a40876d9f5ab38e4da36b946be0b4d1183887495d731e4	토목	철근콘크리트공사	굴착작업	굴착작업	토목 > 철근콘크리트공사 > 굴착작업
28fe4c3830476a3710715efb6acafa826db847472ba10ce953192e26f9747bd2	656ab8544db01eb4f69dbbe4e0aed46f8e974318ec2b5a02418d8a6d4121cbb3	토목	철도 및 궤도공사	굴착작업	굴착작업	토목 > 철도 및 궤도공사 > 굴착작업
6866356fa29caa0750f95196c5e5d7564f9963c365b81c0cc56762072f028091	d781735c3affaf0eac8b0645b21bb4e1ada1f24922cf9ba9bf90c033826b21c5	토목	터널공사	굴착작업	굴착작업	토목 > 터널공사 > 굴착작업
50b433c1451221bded4c5446bf7e278229c545f62d931ce4f7887b4ae2edfe1c	53ad3ee18d06b1c5945f1561d9d0a019b575a9f59dba70d67a6f2e7482581949	토목	토공사	굴착작업	굴착작업	토목 > 토공사 > 굴착작업
80c5e92f2ea29da14c41c26d7684d191a1362e41c9455f19ac9ed078004384e4	3004e0d20c6003920e6c7e0d856ddf2908aa975470afa0e46154a70cef1fe097	토목	하천공사	굴착작업	굴착작업	토목 > 하천공사 > 굴착작업
fa422737d4c6d09d97562d7db76ab9be036e7c7d7c55b2adca28974602edbe0d	0909a7fc9088e27abe0969e37e9479a103d9a0a31d156a11c146ebc361f41abe	토목	해체 및 철거공사	굴착작업	굴착작업	토목 > 해체 및 철거공사 > 굴착작업
425ffba9c62ed5069f4008c35ef560a44bf846e1c668c92fcef749afbcf57368	2fedcc96256e2b1b71331e3bcc7fdf71299ee7ac4c834c71fe3e0c4b3465fe0a	건축	가설공사	기타	기타	건축 > 가설공사 > 기타
a6a5e4d7255d324287e882a1555aecf47fade3f5017a700b758a9804c6f41ad0	9079d78c78ec31d527c42aa8d8c9d72cb16a04a847b6d82b28a20e0615ef77c8	건축	건축 토공사	기타	기타	건축 > 건축 토공사 > 기타
bd4561fc684ea8bb9974ff563ae35e72770783be089377481b9a104cf30e9962	ff545edd9c384c7436e7a912c81232e604620903a4326832fd2b421853373a43	건축	건축물 부대공사	기타	기타	건축 > 건축물 부대공사 > 기타
94f51f41b16b6844b903633080dca292dbcc7a4c5a8b4564bd130b15c7b99330	85443ee510910c572a3dd393ac23578bf1e69b901fa5c910176180cf0da0f4d7	건축	금속공사	기타	기타	건축 > 금속공사 > 기타
06a2087c115e5f265ded5e0acc6a29eac6cb7c51ea04b00e4b9066e8746f6ef8	205be67904970d69788fed1918f4b6c4605071579ea91c894433c3bb2950d906	건축	도장공사	기타	기타	건축 > 도장공사 > 기타
a98fd84b212c22e1f94efd424f4112da08dfc3afae94cff8b12806a4b911f555	88501d9327e445bbfa0da8886ce396e9005b40232883c104c8aadb131b07a440	건축	미장공사	기타	기타	건축 > 미장공사 > 기타
939baeaa803b7a9826083454368b09fa757eba93bba48c133c2718de5f41c6ca	fbf332b3c0324282a2c7e0a2b8a4414250a1505f6fe0713942b14485a385f7af	건축	방수공사	기타	기타	건축 > 방수공사 > 기타
94a5442c0ad0a52837f0e81e9f60cd0ab73ef8e7c00158a27916e3eec011d8a4	3f17638c2b008f9a89bd550330559b27030f895897215e4f7bbb14d59df1baee	건축	조적공사	기타	기타	건축 > 조적공사 > 기타
05186d4c097731184d0093ea6a2db13967855a34c100a975e6da852d4b3d7644	482a7dcc2bf530eae9ab1032c048bc32d5e180c80cadc6c1fea286bdc11e6487	건축	지정공사	기타	기타	건축 > 지정공사 > 기타
ab69b72428e53beb8399bc627c392387782d6bc1806ba71232c9b1184751c189	12c797fc1a286822ecca81b0ab458d0fcaad2e02b003379c7dfe4bcd2ee1a3f0	건축	창호 및 유리공사	기타	기타	건축 > 창호 및 유리공사 > 기타
ea9399fb20a8f7a2b67ccbb76ee4fdd55fc19ba8ba76c76447a86a6ef9f0fb2f	1bda673e67d9a12e21efca383859477c9ee86d489623313ec64c630192394805	건축	철골공사	기타	기타	건축 > 철골공사 > 기타
680679d6bc82afd03a6e4e9cd74b1abf65e9f712503b1db7b33eec495fb7f550	3143a03fce721cb2d976b2aed78c9b1b10edcfa04d206f1dcddf59340f1e6b18	건축	철근콘크리트공사	기타	기타	건축 > 철근콘크리트공사 > 기타
a8dc07071d29229dd92c749a393e49b04f8eac86771eec380181aef45928b353	817b82a16c6a75af5c6073f5a2f1d4d855343279e834f05e19cfeee8872ea5da	건축	해체 및 철거공사	기타	기타	건축 > 해체 및 철거공사 > 기타
2f809f26a6f855e8b3c4c9a5553d26b821259898e03a8636aa4de69c95b3afe2	92780acb02509d83e67eb6aa04be60122fe8cc8344750f4b420cbb1826c665cd	기계설비	기계설비공사	기타	기타	기계설비 > 기계설비공사 > 기타
cd863fbf19f465d873c29bdf5a264cc058cdfaf5ac39918c386c5bfb5af8c7f1	36f84dc937e94c7f2d307dbb7c398c9e7ce45d7161a7d8c742eadc62482cd751	기타	기타	기타	기타	기타 > 기타 > 기타
3f8dccb3f99881258babbedc4f80f863fe24e2cfe216b03ef6a143c642e9ca4a	d36f80d37be8a8478764149f90b6eb8acd669d1f46b568acd360ea21fded3b73	전기설비	전기설비공사	기타	기타	전기설비 > 전기설비공사 > 기타
eeaeec2dc451835e1b2ad21931f68ea6ea5bfae54b30d3e6780e7e4a6e9f23d5	7184418b3260b94cb289fc430ec6870768631cedc0276f08da75d1fd21634329	토목	가설공사	기타	기타	토목 > 가설공사 > 기타
cfd1bba1874f0260dc54a27ac44b9acace84b8d4b0bc36e76347265e0660076c	1ffaed9eb99ad7a3e2933a29394d986da2eef6b40a53650f4dae02e33b6f8718	토목	강구조물공사	기타	기타	토목 > 강구조물공사 > 기타
de97f01f123151fcc13ff8a94cb080e76f99b9ae5f52b6c4326afb567349c292	6142818dbeca390db750ed5b8ab72ccae2f3848dc1bf54063f0fc7f4d8d552a2	토목	관공사	기타	기타	토목 > 관공사 > 기타
c20e1a3b7b60229e7088d48a47f1b18727c9200993b3a6abc443fa2d9e6916b2	7d97163b1558c6a7a2824a97cca8eac37d3e3f1b9c823e21ea840677d1420e38	토목	관공사 부대공사	기타	기타	토목 > 관공사 부대공사 > 기타
f85390d3a8b55a553e86a2ad6a75e49c8292fbf8e40c973ffdad6766b32f6439	2438c2b03171c8e6534f7020c743b9249b389886e7e9d7e081fc1977f09970a2	토목	교량공사	기타	기타	토목 > 교량공사 > 기타
6e2e2e08f066a4ec3a1369ad57367f7451f4158560269ceb579a8fc49407d24e	0f74161b28a96d20a1cd347de2d86209e75941c55dc29d08c4e42dd2d7da2b57	토목	댐 및 제방공사	기타	기타	토목 > 댐 및 제방공사 > 기타
588c3539013838dfe248d1bcf6f48a488cc8a5b71e3d213b3e1c1aa01265d742	9039310779ad406faf8b2990ff1819ffac9770f931566c02270ccc7a604f177e	토목	도로 및 포장공사	기타	기타	토목 > 도로 및 포장공사 > 기타
e79bceb3058a8010eca8c28377a9929eb7d73c653d922d698581b585497cd6e7	740ba6fe62edf748f9e9707a5a8db50176a48e582e46c9aa93a53787d15b5f4d	토목	말뚝공사	기타	기타	토목 > 말뚝공사 > 기타
4ec42dacca9f4ef79f5009fb51fbfe94bb4f5a95c38517b4451596f40ca6d5ed	d5fedcab6dc5723721417460d705395cea2ad4ef0499334acace7b9324335793	토목	지반개량공사	기타	기타	토목 > 지반개량공사 > 기타
8f26de6e5bcf6c1cc1e6be6eb86e7a6d9e70ad00281d696ede2d340fe289d87c	a90eb6dc876af3ebf1285c8058c262a4560ca5a65a9b4cce20e5c452c67f5d08	토목	지반조사	기타	기타	토목 > 지반조사 > 기타
e0c1efa28cd8a2fc2f5653c3049a2fd2479fb2bda4c348d9a803b336dd36da4b	e69cac9d45fe928cd4a40876d9f5ab38e4da36b946be0b4d1183887495d731e4	토목	철근콘크리트공사	기타	기타	토목 > 철근콘크리트공사 > 기타
71bf5ba30346f5bcc502c5e0801c7cfc27c9573d737aabc6db127c9d96106f83	656ab8544db01eb4f69dbbe4e0aed46f8e974318ec2b5a02418d8a6d4121cbb3	토목	철도 및 궤도공사	기타	기타	토목 > 철도 및 궤도공사 > 기타
c992d71564fbb785f10c2633ff2abdbd19a131a921805d21266556806859eadf	d781735c3affaf0eac8b0645b21bb4e1ada1f24922cf9ba9bf90c033826b21c5	토목	터널공사	기타	기타	토목 > 터널공사 > 기타
570bb48ee02905fad273d9db94ec34b3b8f1f07bcba01989dfc8fd3dc7213928	53ad3ee18d06b1c5945f1561d9d0a019b575a9f59dba70d67a6f2e7482581949	토목	토공사	기타	기타	토목 > 토공사 > 기타
a03a6f7590bad9e89d74f8d9059e125fc8913828e6d6921350828231054483f2	3004e0d20c6003920e6c7e0d856ddf2908aa975470afa0e46154a70cef1fe097	토목	하천공사	기타	기타	토목 > 하천공사 > 기타
76f44589dca7319a757781fc96f7fa000e196fc37e92a4b544a930768656d3f6	a1fe25df3ef2cb7045f3161778422f0eb2183634902cf257026dd6c7cf7fbea8	토목	항만공사	기타	기타	토목 > 항만공사 > 기타
5da13366cacb99f1cb93dd2db1f241ca6dcb8e2f9c9b0bf92d6de5122e9dfe80	0909a7fc9088e27abe0969e37e9479a103d9a0a31d156a11c146ebc361f41abe	토목	해체 및 철거공사	기타	기타	토목 > 해체 및 철거공사 > 기타
8707fae9c982d82115897e463686818a5f50686fd8281ac20ecc94cd40f740c7	2fedcc96256e2b1b71331e3bcc7fdf71299ee7ac4c834c71fe3e0c4b3465fe0a	건축	가설공사	도장작업	도장작업	건축 > 가설공사 > 도장작업
c670ffb9d74894e6080f7008d85c0ff0c19bb8f73b1f40b5fad56a2b9ab1328d	ff545edd9c384c7436e7a912c81232e604620903a4326832fd2b421853373a43	건축	건축물 부대공사	도장작업	도장작업	건축 > 건축물 부대공사 > 도장작업
748dad33b41577c2ef865edca1bd081bfda26f767b6430b9cd18d45cfa49211b	85443ee510910c572a3dd393ac23578bf1e69b901fa5c910176180cf0da0f4d7	건축	금속공사	도장작업	도장작업	건축 > 금속공사 > 도장작업
0654e054ec2b6917feb07246dc304ced364fed6f806e2669326ab9b3bb156f58	205be67904970d69788fed1918f4b6c4605071579ea91c894433c3bb2950d906	건축	도장공사	도장작업	도장작업	건축 > 도장공사 > 도장작업
595177d3781696cd647e9eefd4eebc0b8201cc38954a418af8f6be40b9bed83b	88501d9327e445bbfa0da8886ce396e9005b40232883c104c8aadb131b07a440	건축	미장공사	도장작업	도장작업	건축 > 미장공사 > 도장작업
b84598d8c70c18280275803421fed90a616ef4028023709dc49bb064b1acb322	fbf332b3c0324282a2c7e0a2b8a4414250a1505f6fe0713942b14485a385f7af	건축	방수공사	도장작업	도장작업	건축 > 방수공사 > 도장작업
f985da9cb24bc735945abb2925b41820171dd37ff4afa8cb4e4ccab54df0f5b7	bd63b86849b17eaec8a24b486c591faee838a3fcee521ec77f2f21f4894a7921	건축	수장공사	도장작업	도장작업	건축 > 수장공사 > 도장작업
18f9dc0a11146324ecfb2eead39665e0dfbcb6f079f30a044415a0ea63225ee9	3143a03fce721cb2d976b2aed78c9b1b10edcfa04d206f1dcddf59340f1e6b18	건축	철근콘크리트공사	도장작업	도장작업	건축 > 철근콘크리트공사 > 도장작업
7a805923a204e21a14cc3974eb5ae77204c1c5524d8a6389f502dff9b2f6f467	36f84dc937e94c7f2d307dbb7c398c9e7ce45d7161a7d8c742eadc62482cd751	기타	기타	도장작업	도장작업	기타 > 기타 > 도장작업
1dceb574e5727a68d7a96128c649b1e72ce3752f280a6334465bf5450d129949	60e0d4bca0074bb571c00d4eed761a29ee916ea936f0e559123ba966aab66913	산업설비	산업설비공사	도장작업	도장작업	산업설비 > 산업설비공사 > 도장작업
619f5b15b591c8a6d4bdc66c9125e56520520eb025f6a270896b1a900d0e3f32	1ffaed9eb99ad7a3e2933a29394d986da2eef6b40a53650f4dae02e33b6f8718	토목	강구조물공사	도장작업	도장작업	토목 > 강구조물공사 > 도장작업
e936a09a356db23696abe65631bd6c64dc3251b0f2d138f27e6c998b72431c1d	6142818dbeca390db750ed5b8ab72ccae2f3848dc1bf54063f0fc7f4d8d552a2	토목	관공사	도장작업	도장작업	토목 > 관공사 > 도장작업
59127e17e22e88a9bbd7cfd935127885b4f6c71ee8d345168b1cca891154721a	7d97163b1558c6a7a2824a97cca8eac37d3e3f1b9c823e21ea840677d1420e38	토목	관공사 부대공사	도장작업	도장작업	토목 > 관공사 부대공사 > 도장작업
b071890658bd3b4a4a801b000fad2ef2a9ff1e92fa9b70fdf5f6c5c7b2666986	2438c2b03171c8e6534f7020c743b9249b389886e7e9d7e081fc1977f09970a2	토목	교량공사	도장작업	도장작업	토목 > 교량공사 > 도장작업
cf56827e98d6082a3490aaf96b6c028050d00f2c7dfbda47c1ee54e2bddfe3d3	9039310779ad406faf8b2990ff1819ffac9770f931566c02270ccc7a604f177e	토목	도로 및 포장공사	도장작업	도장작업	토목 > 도로 및 포장공사 > 도장작업
18708d6279740f03070545f340014a07d65eb503594393ffe43eb64b2b75cb87	d5fedcab6dc5723721417460d705395cea2ad4ef0499334acace7b9324335793	토목	지반개량공사	도장작업	도장작업	토목 > 지반개량공사 > 도장작업
827a85fcbd7acc6b26da7fc8d141385f9c68feec18cc2f0de3e3aa485a7e0d73	e69cac9d45fe928cd4a40876d9f5ab38e4da36b946be0b4d1183887495d731e4	토목	철근콘크리트공사	도장작업	도장작업	토목 > 철근콘크리트공사 > 도장작업
79e7fee184e0f5e2da29df6c14ac412aa28d0cc3cd10d34ad3e7b97fbdd366e4	656ab8544db01eb4f69dbbe4e0aed46f8e974318ec2b5a02418d8a6d4121cbb3	토목	철도 및 궤도공사	도장작업	도장작업	토목 > 철도 및 궤도공사 > 도장작업
4070cd40bf2088c31a522227925b93aa55139dc2871310d91175a5e71918a79a	53ad3ee18d06b1c5945f1561d9d0a019b575a9f59dba70d67a6f2e7482581949	토목	토공사	도장작업	도장작업	토목 > 토공사 > 도장작업
f40ae8c56e57aff8aacb03c253f1e708a170100dc1df18c6f40e5b199f9e0ff7	2fedcc96256e2b1b71331e3bcc7fdf71299ee7ac4c834c71fe3e0c4b3465fe0a	건축	가설공사	마감작업	마감작업	건축 > 가설공사 > 마감작업
237e15a1294fe1019e7072a42d4f98e18cdf7683ffa7734c8f28e3b1998ae591	9079d78c78ec31d527c42aa8d8c9d72cb16a04a847b6d82b28a20e0615ef77c8	건축	건축 토공사	마감작업	마감작업	건축 > 건축 토공사 > 마감작업
00c8e777321ce6e780cac352c28da8be3301605d8cfc68d1e15072b1dc5ff8dd	ff545edd9c384c7436e7a912c81232e604620903a4326832fd2b421853373a43	건축	건축물 부대공사	마감작업	마감작업	건축 > 건축물 부대공사 > 마감작업
354a2ee51065f6654289ba453dce06434fba124435cfa3b35db7d68de6084695	85443ee510910c572a3dd393ac23578bf1e69b901fa5c910176180cf0da0f4d7	건축	금속공사	마감작업	마감작업	건축 > 금속공사 > 마감작업
25f00a86ae4431b1ee9afea31db3b80d966b59319959564b7d33baa00428b34b	205be67904970d69788fed1918f4b6c4605071579ea91c894433c3bb2950d906	건축	도장공사	마감작업	마감작업	건축 > 도장공사 > 마감작업
cab8974f312de1c5920a83d975b22e116806c34bafd1493806406ab218c0afb5	166dc547b77046bb8ac5718cd18b47ed47ca2463402b5459b194e6421673b8cd	건축	목공사	마감작업	마감작업	건축 > 목공사 > 마감작업
015c30f3067e85053f492f4f289ec8df3d331dfe530893ebf172b6c8ee2b8108	88501d9327e445bbfa0da8886ce396e9005b40232883c104c8aadb131b07a440	건축	미장공사	마감작업	마감작업	건축 > 미장공사 > 마감작업
1b5aab17f3e9dc674c0911638385e8164dd6da740a939e7522154c58f0be98d8	fbf332b3c0324282a2c7e0a2b8a4414250a1505f6fe0713942b14485a385f7af	건축	방수공사	마감작업	마감작업	건축 > 방수공사 > 마감작업
932f0c540c653921f6c7e6375b7e8af03b12b42fe0c661c615439f9eb0572401	bd63b86849b17eaec8a24b486c591faee838a3fcee521ec77f2f21f4894a7921	건축	수장공사	마감작업	마감작업	건축 > 수장공사 > 마감작업
5795866c6402c7032f8e2d7da41edf6ee975bd8484678183c8f16c7417daff10	3f17638c2b008f9a89bd550330559b27030f895897215e4f7bbb14d59df1baee	건축	조적공사	마감작업	마감작업	건축 > 조적공사 > 마감작업
501ac7a55ae7fea079e061cfd8e0f777975c87b8538d82b1a959310045280c80	b269349bad4492fd16f17ec5fab96c188f5fee8874b2946940dc99dbd58082e8	건축	지붕 및 홈통공사	마감작업	마감작업	건축 > 지붕 및 홈통공사 > 마감작업
05450e9221e7843e698f9ffcdc7c31db9449e38aba3ac427ff7a9561713c53ec	12c797fc1a286822ecca81b0ab458d0fcaad2e02b003379c7dfe4bcd2ee1a3f0	건축	창호 및 유리공사	마감작업	마감작업	건축 > 창호 및 유리공사 > 마감작업
393d6e7823c090b0000c3149e6cfff78afe5f532ce746160d69c330e5253db47	1bda673e67d9a12e21efca383859477c9ee86d489623313ec64c630192394805	건축	철골공사	마감작업	마감작업	건축 > 철골공사 > 마감작업
5978a1ce5cd5e658688715c5f4f6aa3eb25dd0b46ccdcbf1a6de511d10393a73	3143a03fce721cb2d976b2aed78c9b1b10edcfa04d206f1dcddf59340f1e6b18	건축	철근콘크리트공사	마감작업	마감작업	건축 > 철근콘크리트공사 > 마감작업
4d8a2e3c76b5acb3713468f2b441c1c1327b40f4daa3b9454f1e3514cdb5c82f	820faab310f22cba05496a1ec78811fece6464030919cc343a9bff3b2e3b9571	건축	타일 및 돌공사	마감작업	마감작업	건축 > 타일 및 돌공사 > 마감작업
d3b7330a8569c572f413408577c1e79491631524a69ee4b4d567e9c86e93629f	817b82a16c6a75af5c6073f5a2f1d4d855343279e834f05e19cfeee8872ea5da	건축	해체 및 철거공사	마감작업	마감작업	건축 > 해체 및 철거공사 > 마감작업
8f916225a1395ee1be258a7128c0ba263c62571cb59a0ac32c36f11f928e9f44	92780acb02509d83e67eb6aa04be60122fe8cc8344750f4b420cbb1826c665cd	기계설비	기계설비공사	마감작업	마감작업	기계설비 > 기계설비공사 > 마감작업
60e63de86dc3873aff9da172a67484127810b26ff09c210a3fcd896b684f291c	36f84dc937e94c7f2d307dbb7c398c9e7ce45d7161a7d8c742eadc62482cd751	기타	기타	마감작업	마감작업	기타 > 기타 > 마감작업
50a56bb6bf34c89829cd7985d1fd4c060be7db0d3f64ce79bfeecc57449b3304	60e0d4bca0074bb571c00d4eed761a29ee916ea936f0e559123ba966aab66913	산업설비	산업설비공사	마감작업	마감작업	산업설비 > 산업설비공사 > 마감작업
520ccfbdc4d0c2ffdaa3aa7ba1b62f79a9d62def6a8cdd12cfc7bee394e89f7f	c6991388fb908a9c2aad77a041896990e2d55004ed8fc855cb77ec2dc981b72d	전기설비	가설공사	마감작업	마감작업	전기설비 > 가설공사 > 마감작업
8cabd2f154e147ffe35a1dd2aa4a79a2bc61909c494dd94aeec050853cc22e7a	d36f80d37be8a8478764149f90b6eb8acd669d1f46b568acd360ea21fded3b73	전기설비	전기설비공사	마감작업	마감작업	전기설비 > 전기설비공사 > 마감작업
b88c709ddc462362aab243293dea7e416f121c5540a7ce24af6f79470d9a8199	7184418b3260b94cb289fc430ec6870768631cedc0276f08da75d1fd21634329	토목	가설공사	마감작업	마감작업	토목 > 가설공사 > 마감작업
93f07915f5cc9fbfde0d8d138df99a69dfc8db97ede19d33db9d59acbd427452	1ffaed9eb99ad7a3e2933a29394d986da2eef6b40a53650f4dae02e33b6f8718	토목	강구조물공사	마감작업	마감작업	토목 > 강구조물공사 > 마감작업
727d98f0080adfe2dcfed6a8f7bce9af18223dac244ef74507abb3d2ca4b714a	6142818dbeca390db750ed5b8ab72ccae2f3848dc1bf54063f0fc7f4d8d552a2	토목	관공사	마감작업	마감작업	토목 > 관공사 > 마감작업
5b871a5ac856a012a55e57076c2106ae6a6fb9b9c13a3522a72cd35ad73c6f7d	7d97163b1558c6a7a2824a97cca8eac37d3e3f1b9c823e21ea840677d1420e38	토목	관공사 부대공사	마감작업	마감작업	토목 > 관공사 부대공사 > 마감작업
9244ecaaf7582329d0697eadd93c490c3c043dcda8c5c98ef5f2a9a63707c7b3	2438c2b03171c8e6534f7020c743b9249b389886e7e9d7e081fc1977f09970a2	토목	교량공사	마감작업	마감작업	토목 > 교량공사 > 마감작업
4227b4b80007df8a623bb11339e475b47199a8cbefdd93bfa5c4e61d71785005	0f74161b28a96d20a1cd347de2d86209e75941c55dc29d08c4e42dd2d7da2b57	토목	댐 및 제방공사	마감작업	마감작업	토목 > 댐 및 제방공사 > 마감작업
6cca835a9dde4ecd00e80efa1eabe95f936484877bdf06a92610e5a70ebff492	9039310779ad406faf8b2990ff1819ffac9770f931566c02270ccc7a604f177e	토목	도로 및 포장공사	마감작업	마감작업	토목 > 도로 및 포장공사 > 마감작업
a529b112574facff1758c27531da7355265b7ef3cc908d5fa307b9b5961a638c	740ba6fe62edf748f9e9707a5a8db50176a48e582e46c9aa93a53787d15b5f4d	토목	말뚝공사	마감작업	마감작업	토목 > 말뚝공사 > 마감작업
d1963f3e01ef232cff4286e60e315243e779461073555198f2ed7a940c2abb75	d5fedcab6dc5723721417460d705395cea2ad4ef0499334acace7b9324335793	토목	지반개량공사	마감작업	마감작업	토목 > 지반개량공사 > 마감작업
8327a7c7b79ade7ec6cba208277c4766bf4ce780a60e135d23456af4983940e2	e69cac9d45fe928cd4a40876d9f5ab38e4da36b946be0b4d1183887495d731e4	토목	철근콘크리트공사	마감작업	마감작업	토목 > 철근콘크리트공사 > 마감작업
ed758b2ea5ed5b4ef1db15d5741be728495f4a3d4c1c99e99dbf512e43aa6742	656ab8544db01eb4f69dbbe4e0aed46f8e974318ec2b5a02418d8a6d4121cbb3	토목	철도 및 궤도공사	마감작업	마감작업	토목 > 철도 및 궤도공사 > 마감작업
740e1c959bff9b35a9fdbc1c87453ba96bdbe66c4e46aab1a34b23f4bfb8697f	d781735c3affaf0eac8b0645b21bb4e1ada1f24922cf9ba9bf90c033826b21c5	토목	터널공사	마감작업	마감작업	토목 > 터널공사 > 마감작업
ea17c5a561e41ede2251dfb97894603b44ae2713ec7eb1b3ac82a50705f25309	53ad3ee18d06b1c5945f1561d9d0a019b575a9f59dba70d67a6f2e7482581949	토목	토공사	마감작업	마감작업	토목 > 토공사 > 마감작업
afaacb47979aba7f929741ece1c5128f70d4fd830212a6a9908aba02a44569b9	3004e0d20c6003920e6c7e0d856ddf2908aa975470afa0e46154a70cef1fe097	토목	하천공사	마감작업	마감작업	토목 > 하천공사 > 마감작업
9bbbf8f7b753fa60be9f40c7254bb24efd727155f1a8de76e624066ed9aef80f	a1fe25df3ef2cb7045f3161778422f0eb2183634902cf257026dd6c7cf7fbea8	토목	항만공사	마감작업	마감작업	토목 > 항만공사 > 마감작업
b1e8952070e65fd890b741a284649290e6b103603905574a758549fcd8a69fd7	9079d78c78ec31d527c42aa8d8c9d72cb16a04a847b6d82b28a20e0615ef77c8	건축	건축 토공사	매설작업	매설작업	건축 > 건축 토공사 > 매설작업
01c718e2544b01c24c6ae1c484026ce61cc37b030c41f5dfbacb58b1c2de4e8f	ff545edd9c384c7436e7a912c81232e604620903a4326832fd2b421853373a43	건축	건축물 부대공사	매설작업	매설작업	건축 > 건축물 부대공사 > 매설작업
a5b71b15089df7d0519937e2560141eb086c4257c1e9ef12f20629959dfd5772	36f84dc937e94c7f2d307dbb7c398c9e7ce45d7161a7d8c742eadc62482cd751	기타	기타	매설작업	매설작업	기타 > 기타 > 매설작업
11811b3fc113ff7d545eeab66dabbb6ef4093d44bfaaceae30d3b865c741a3e3	c88d808f9a60676a0f54b61760a2cb1bb083596f00d94e8f8874d3b9e17cddf2	산업설비	가설공사	매설작업	매설작업	산업설비 > 가설공사 > 매설작업
9848112453d00f786c697b7465b228a70234d81f07093760e426517d68500b4b	60e0d4bca0074bb571c00d4eed761a29ee916ea936f0e559123ba966aab66913	산업설비	산업설비공사	매설작업	매설작업	산업설비 > 산업설비공사 > 매설작업
b5ee77b08194f00a96bea845f20da113ca2624274462eeef11cbbd5bf3823738	7184418b3260b94cb289fc430ec6870768631cedc0276f08da75d1fd21634329	토목	가설공사	매설작업	매설작업	토목 > 가설공사 > 매설작업
f5a858df88b0ea5284096679f8d6fa62230c396357271f9eca1a530afbeff0e4	6142818dbeca390db750ed5b8ab72ccae2f3848dc1bf54063f0fc7f4d8d552a2	토목	관공사	매설작업	매설작업	토목 > 관공사 > 매설작업
0f510622b28c4035b024f8fca35d7c947e40f5a7eca29f0cb43113592d8537b7	7d97163b1558c6a7a2824a97cca8eac37d3e3f1b9c823e21ea840677d1420e38	토목	관공사 부대공사	매설작업	매설작업	토목 > 관공사 부대공사 > 매설작업
4a1ec593741308c815e1db918ae5a49b192339da760549599ff66c6b610982cd	2438c2b03171c8e6534f7020c743b9249b389886e7e9d7e081fc1977f09970a2	토목	교량공사	매설작업	매설작업	토목 > 교량공사 > 매설작업
b29139f1fc9aad34704a2b40c074cd920ed5bbb8fcdeb17fff5a0440b07b05ce	9039310779ad406faf8b2990ff1819ffac9770f931566c02270ccc7a604f177e	토목	도로 및 포장공사	매설작업	매설작업	토목 > 도로 및 포장공사 > 매설작업
7d60d03bf64afe033f79d4eb0446aed8405906be22c485d573a978f1736d9cbc	740ba6fe62edf748f9e9707a5a8db50176a48e582e46c9aa93a53787d15b5f4d	토목	말뚝공사	매설작업	매설작업	토목 > 말뚝공사 > 매설작업
1d93f399dd581db6584aa421cff666cea9aec341cbb0ad6898d66f093d607c7c	53ad3ee18d06b1c5945f1561d9d0a019b575a9f59dba70d67a6f2e7482581949	토목	토공사	매설작업	매설작업	토목 > 토공사 > 매설작업
0350d083d11c2a63e08613889bed20dc47b0cb955fa2eb3648e2ec928fc5ad90	6df8dd91ff6a615b60c01504a7c853096d291e05d6210009d2c114145ea8381b	토목	프리캐스트 콘크리트공사	매설작업	매설작업	토목 > 프리캐스트 콘크리트공사 > 매설작업
b1e9ab1bb0fcca0d56963b0671093d1e4cac62a6fcee0b45e7ece0d266213e1a	a1fe25df3ef2cb7045f3161778422f0eb2183634902cf257026dd6c7cf7fbea8	토목	항만공사	매설작업	매설작업	토목 > 항만공사 > 매설작업
2b2d94bbbd82e9ff0525d80dec3a5c941829201e290aac561c1382d3fc232df5	2fedcc96256e2b1b71331e3bcc7fdf71299ee7ac4c834c71fe3e0c4b3465fe0a	건축	가설공사	반출작업	반출작업	건축 > 가설공사 > 반출작업
30eccca0f82d41254104383267752686c05c5b33d83d3c8a56579999455c6972	9079d78c78ec31d527c42aa8d8c9d72cb16a04a847b6d82b28a20e0615ef77c8	건축	건축 토공사	반출작업	반출작업	건축 > 건축 토공사 > 반출작업
29608bf7470e24bd2d6d36a507c5ad283b63763e5d92ab8adf021a2316392ee6	88501d9327e445bbfa0da8886ce396e9005b40232883c104c8aadb131b07a440	건축	미장공사	반출작업	반출작업	건축 > 미장공사 > 반출작업
4f2af888a9cd88a01786e15c157fd561d9c3f99c470205d945a6040a41f351f6	817b82a16c6a75af5c6073f5a2f1d4d855343279e834f05e19cfeee8872ea5da	건축	해체 및 철거공사	반출작업	반출작업	건축 > 해체 및 철거공사 > 반출작업
66db49278e3309f16c9d59d09935a1098af86058833861fbe3c263f5c35794d8	7184418b3260b94cb289fc430ec6870768631cedc0276f08da75d1fd21634329	토목	가설공사	반출작업	반출작업	토목 > 가설공사 > 반출작업
ad0e90db97797403d2f22789e8a80f02ae576a5bec7ec0a82664236727dc02e0	6142818dbeca390db750ed5b8ab72ccae2f3848dc1bf54063f0fc7f4d8d552a2	토목	관공사	반출작업	반출작업	토목 > 관공사 > 반출작업
e74fec70bcc86cf7e96388ac0116534e84621b5efd0a00f72ee378658e79f551	9039310779ad406faf8b2990ff1819ffac9770f931566c02270ccc7a604f177e	토목	도로 및 포장공사	반출작업	반출작업	토목 > 도로 및 포장공사 > 반출작업
c85434d0caa74efaf7dbab16ee56424e35f36ca0373b28127e36fd4b5098ad02	d781735c3affaf0eac8b0645b21bb4e1ada1f24922cf9ba9bf90c033826b21c5	토목	터널공사	반출작업	반출작업	토목 > 터널공사 > 반출작업
2d496edc4bf78ae6fd85d13b7ac4121fe0fd633eb6194900ae88203bb0db7075	53ad3ee18d06b1c5945f1561d9d0a019b575a9f59dba70d67a6f2e7482581949	토목	토공사	반출작업	반출작업	토목 > 토공사 > 반출작업
d23dcf71e398101a66470e09eb16a24cf1dd3bc87ab5610c5efd9f68cb40f80b	166dc547b77046bb8ac5718cd18b47ed47ca2463402b5459b194e6421673b8cd	건축	목공사	벌목작업	벌목작업	건축 > 목공사 > 벌목작업
c4a3ea08e4609fae03d923567c52dd2676c9f9f40dabc8af7e0fc2a0067082f4	ce0301fe717e52fca033e11ff3240015ddf48c800519cdb66ea165808cbacf69	건축	조경공사	벌목작업	벌목작업	건축 > 조경공사 > 벌목작업
678fb499566ed38d645c757848a297c90784d5091b200a17649ba940c7f72122	36f84dc937e94c7f2d307dbb7c398c9e7ce45d7161a7d8c742eadc62482cd751	기타	기타	벌목작업	벌목작업	기타 > 기타 > 벌목작업
d4d439b35d68a37d68e49d1ae32d3f309be2973a835a6c6ee8c5834a033a0fcd	7d97163b1558c6a7a2824a97cca8eac37d3e3f1b9c823e21ea840677d1420e38	토목	관공사 부대공사	벌목작업	벌목작업	토목 > 관공사 부대공사 > 벌목작업
f1dac0c9db764be45fab4285afc486a53c7af2c6867fb0e3a4efafefab2d0450	0f74161b28a96d20a1cd347de2d86209e75941c55dc29d08c4e42dd2d7da2b57	토목	댐 및 제방공사	벌목작업	벌목작업	토목 > 댐 및 제방공사 > 벌목작업
dcb7caf3d2e6830d85b1cafa4968f44cf779cbc54fb6f4c8527894efbf845dd7	9039310779ad406faf8b2990ff1819ffac9770f931566c02270ccc7a604f177e	토목	도로 및 포장공사	벌목작업	벌목작업	토목 > 도로 및 포장공사 > 벌목작업
59435b7c2206e29abccd4645cec3cc46d54cd1e3ee79e5dd6108da74f067af75	53ad3ee18d06b1c5945f1561d9d0a019b575a9f59dba70d67a6f2e7482581949	토목	토공사	벌목작업	벌목작업	토목 > 토공사 > 벌목작업
7e2078e7ada138bb87e8625e321dcc636f07e9f7d373c22375eda937fcb291c1	0909a7fc9088e27abe0969e37e9479a103d9a0a31d156a11c146ebc361f41abe	토목	해체 및 철거공사	벌목작업	벌목작업	토목 > 해체 및 철거공사 > 벌목작업
e3ec48ea1f82235bd800270ccba3d420a1ea6384a474cc386346570bd845c70f	2fedcc96256e2b1b71331e3bcc7fdf71299ee7ac4c834c71fe3e0c4b3465fe0a	건축	가설공사	보수 및 교체작업	보수 및 교체작업	건축 > 가설공사 > 보수 및 교체작업
3664c7b63fe50180a94f6a91bee06a4e181ae5681a0c4e68fb3e5dea34b98b5b	ff545edd9c384c7436e7a912c81232e604620903a4326832fd2b421853373a43	건축	건축물 부대공사	보수 및 교체작업	보수 및 교체작업	건축 > 건축물 부대공사 > 보수 및 교체작업
ed647da4dfbe995fd88f096fea1970546f8b0eba1d5d826a561a851100b43122	85443ee510910c572a3dd393ac23578bf1e69b901fa5c910176180cf0da0f4d7	건축	금속공사	보수 및 교체작업	보수 및 교체작업	건축 > 금속공사 > 보수 및 교체작업
cdefaae35ad95fb9690d2777105d61cbc12f5e1c7d3c5227ea65d1db0769d36d	3143a03fce721cb2d976b2aed78c9b1b10edcfa04d206f1dcddf59340f1e6b18	건축	철근콘크리트공사	보수 및 교체작업	보수 및 교체작업	건축 > 철근콘크리트공사 > 보수 및 교체작업
98b65fbcac12d43c75aa1b3cb58f405e763930a1353c1d91080436ea013551e4	817b82a16c6a75af5c6073f5a2f1d4d855343279e834f05e19cfeee8872ea5da	건축	해체 및 철거공사	보수 및 교체작업	보수 및 교체작업	건축 > 해체 및 철거공사 > 보수 및 교체작업
f63085b10ebc129ce3e2d68590f5e5ee01094ac891ba3c84028d858dc64d1100	36f84dc937e94c7f2d307dbb7c398c9e7ce45d7161a7d8c742eadc62482cd751	기타	기타	보수 및 교체작업	보수 및 교체작업	기타 > 기타 > 보수 및 교체작업
cc7b3e386afd8a26079dd6413abca2a3e4531316ff1542fe1da63b5b368f98e2	6142818dbeca390db750ed5b8ab72ccae2f3848dc1bf54063f0fc7f4d8d552a2	토목	관공사	보수 및 교체작업	보수 및 교체작업	토목 > 관공사 > 보수 및 교체작업
2ee013ad66e19b8781ab6b26cd34c0a461fa7ba6c312c2ffc62d3d7ee41ff122	2438c2b03171c8e6534f7020c743b9249b389886e7e9d7e081fc1977f09970a2	토목	교량공사	보수 및 교체작업	보수 및 교체작업	토목 > 교량공사 > 보수 및 교체작업
e0946b424bb9f5833bd60eb740d5d19cbcf664c89276e9c370b0ee1401af1d1c	e69cac9d45fe928cd4a40876d9f5ab38e4da36b946be0b4d1183887495d731e4	토목	철근콘크리트공사	보수 및 교체작업	보수 및 교체작업	토목 > 철근콘크리트공사 > 보수 및 교체작업
f15e57c8bf45be86354ad00ece4d897019ae38b392a07e5c86bd408d05389646	53ad3ee18d06b1c5945f1561d9d0a019b575a9f59dba70d67a6f2e7482581949	토목	토공사	보수 및 교체작업	보수 및 교체작업	토목 > 토공사 > 보수 및 교체작업
0ca0377b3dc97e522afe19d934f13b6fcb503ed16f750a212ae94a060993b796	a1fe25df3ef2cb7045f3161778422f0eb2183634902cf257026dd6c7cf7fbea8	토목	항만공사	보수 및 교체작업	보수 및 교체작업	토목 > 항만공사 > 보수 및 교체작업
a7b4fb5b93ee7bf95f7d6caa8bae3fa28c06a7c08efd56eb059a5523b600ac92	2fedcc96256e2b1b71331e3bcc7fdf71299ee7ac4c834c71fe3e0c4b3465fe0a	건축	가설공사	부설 및 다짐작업	부설 및 다짐작업	건축 > 가설공사 > 부설 및 다짐작업
704699169af4b532e32a54b5f2c0a353728e63cb50e887ec30a32b01c94cd8cb	9079d78c78ec31d527c42aa8d8c9d72cb16a04a847b6d82b28a20e0615ef77c8	건축	건축 토공사	부설 및 다짐작업	부설 및 다짐작업	건축 > 건축 토공사 > 부설 및 다짐작업
987c57efb5ea70d7937f67f158ddb56b010615a5fb5f9c3b3919db7445b90b5c	ff545edd9c384c7436e7a912c81232e604620903a4326832fd2b421853373a43	건축	건축물 부대공사	부설 및 다짐작업	부설 및 다짐작업	건축 > 건축물 부대공사 > 부설 및 다짐작업
674801c12f7aad9b002027056b6a065a63f2b2880883413293b892029a60a27e	fbf332b3c0324282a2c7e0a2b8a4414250a1505f6fe0713942b14485a385f7af	건축	방수공사	부설 및 다짐작업	부설 및 다짐작업	건축 > 방수공사 > 부설 및 다짐작업
b114892623c3e3670b8c081282423e95e4094a3ae0b3dcddd98c00b92110bf69	ce0301fe717e52fca033e11ff3240015ddf48c800519cdb66ea165808cbacf69	건축	조경공사	부설 및 다짐작업	부설 및 다짐작업	건축 > 조경공사 > 부설 및 다짐작업
c7774e1a45376f833b42ded698d46c196ed47340235afc9ba1d8b73aea149d45	482a7dcc2bf530eae9ab1032c048bc32d5e180c80cadc6c1fea286bdc11e6487	건축	지정공사	부설 및 다짐작업	부설 및 다짐작업	건축 > 지정공사 > 부설 및 다짐작업
392a272177c6cb3c6ab5d216341d0d88474219c266beb06e2d21e3737fee04ea	36f84dc937e94c7f2d307dbb7c398c9e7ce45d7161a7d8c742eadc62482cd751	기타	기타	부설 및 다짐작업	부설 및 다짐작업	기타 > 기타 > 부설 및 다짐작업
40e40afd83e558579bd7730669d847034615bec42d9e915ac4004a94e917cbcc	60e0d4bca0074bb571c00d4eed761a29ee916ea936f0e559123ba966aab66913	산업설비	산업설비공사	부설 및 다짐작업	부설 및 다짐작업	산업설비 > 산업설비공사 > 부설 및 다짐작업
296c5b123527ea1516de9ed65cd98d2d62a8ec96a93bd209edb97f33261c6f3a	7184418b3260b94cb289fc430ec6870768631cedc0276f08da75d1fd21634329	토목	가설공사	부설 및 다짐작업	부설 및 다짐작업	토목 > 가설공사 > 부설 및 다짐작업
3298635c23238c30f1250a661719714a4fa3d82b393a91a113e4467eff7c8a4b	6142818dbeca390db750ed5b8ab72ccae2f3848dc1bf54063f0fc7f4d8d552a2	토목	관공사	부설 및 다짐작업	부설 및 다짐작업	토목 > 관공사 > 부설 및 다짐작업
44e4ea190766c4886f9eb8cc2e18da37d6cc6c804697e7279433b0e18655bc35	7d97163b1558c6a7a2824a97cca8eac37d3e3f1b9c823e21ea840677d1420e38	토목	관공사 부대공사	부설 및 다짐작업	부설 및 다짐작업	토목 > 관공사 부대공사 > 부설 및 다짐작업
bd3a2c156381bf2b67bffba140a7142c6e3ee7bcf6a67b4102eb5b39fa036dd1	2438c2b03171c8e6534f7020c743b9249b389886e7e9d7e081fc1977f09970a2	토목	교량공사	부설 및 다짐작업	부설 및 다짐작업	토목 > 교량공사 > 부설 및 다짐작업
d6d93a78b9fc0311e3e7d88524c89f9a1e6ecf78bb09d9b231ec67a6528f1a36	9039310779ad406faf8b2990ff1819ffac9770f931566c02270ccc7a604f177e	토목	도로 및 포장공사	부설 및 다짐작업	부설 및 다짐작업	토목 > 도로 및 포장공사 > 부설 및 다짐작업
3da5a760922a60391ea2dbdcdf05dfe60d9a3a06ac83f4eede24ad4a600ec452	d5fedcab6dc5723721417460d705395cea2ad4ef0499334acace7b9324335793	토목	지반개량공사	부설 및 다짐작업	부설 및 다짐작업	토목 > 지반개량공사 > 부설 및 다짐작업
2ca3dbfad566db8a7760e4edcec39398a92f0b9331c428468ac01e7d96e2bea7	e69cac9d45fe928cd4a40876d9f5ab38e4da36b946be0b4d1183887495d731e4	토목	철근콘크리트공사	부설 및 다짐작업	부설 및 다짐작업	토목 > 철근콘크리트공사 > 부설 및 다짐작업
94bddd6634c71e25adc59485cd589653cbe502653722872e99dba56305bb7d36	656ab8544db01eb4f69dbbe4e0aed46f8e974318ec2b5a02418d8a6d4121cbb3	토목	철도 및 궤도공사	부설 및 다짐작업	부설 및 다짐작업	토목 > 철도 및 궤도공사 > 부설 및 다짐작업
5e3ecd1f26f58356db4509a7c350b63babd88538ae0f9fef02ae2a82b08c9a5c	d781735c3affaf0eac8b0645b21bb4e1ada1f24922cf9ba9bf90c033826b21c5	토목	터널공사	부설 및 다짐작업	부설 및 다짐작업	토목 > 터널공사 > 부설 및 다짐작업
caeb1e7d30b5dd14b4bae9700931b2c84d85d0687abea332f5f926ceb702ef59	53ad3ee18d06b1c5945f1561d9d0a019b575a9f59dba70d67a6f2e7482581949	토목	토공사	부설 및 다짐작업	부설 및 다짐작업	토목 > 토공사 > 부설 및 다짐작업
ad90f3c5a5d4e477bf8b58926e140ef03b69e6cea729c09a78a52115aa540c83	6df8dd91ff6a615b60c01504a7c853096d291e05d6210009d2c114145ea8381b	토목	프리캐스트 콘크리트공사	부설 및 다짐작업	부설 및 다짐작업	토목 > 프리캐스트 콘크리트공사 > 부설 및 다짐작업
b1c6270bb6336fc34d7dabd897b7ac43b07d621c79342de454e84a80fce93a95	3004e0d20c6003920e6c7e0d856ddf2908aa975470afa0e46154a70cef1fe097	토목	하천공사	부설 및 다짐작업	부설 및 다짐작업	토목 > 하천공사 > 부설 및 다짐작업
2bf89858e6d989dca0d10401343ff890ad0552e0b1589ea97b84f9a3e2dde1ee	a1fe25df3ef2cb7045f3161778422f0eb2183634902cf257026dd6c7cf7fbea8	토목	항만공사	부설 및 다짐작업	부설 및 다짐작업	토목 > 항만공사 > 부설 및 다짐작업
ad1e0e6831965ae9b1f5bf09ddc350d1d22944dcc3312dcfbe286eb1cf214bbf	2fedcc96256e2b1b71331e3bcc7fdf71299ee7ac4c834c71fe3e0c4b3465fe0a	건축	가설공사	상차 및 하역작업	상차 및 하역작업	건축 > 가설공사 > 상차 및 하역작업
01b2eba8f43074bce25e36871074c9ec6a10b952e5da7eeaa56aaceec791eb3b	9079d78c78ec31d527c42aa8d8c9d72cb16a04a847b6d82b28a20e0615ef77c8	건축	건축 토공사	상차 및 하역작업	상차 및 하역작업	건축 > 건축 토공사 > 상차 및 하역작업
8539cd08b27053182a0c7b7873078745ca592a207df47d9ff03dad5339f6ccec	ff545edd9c384c7436e7a912c81232e604620903a4326832fd2b421853373a43	건축	건축물 부대공사	상차 및 하역작업	상차 및 하역작업	건축 > 건축물 부대공사 > 상차 및 하역작업
08eb6190ce7ab11524df2a524532c776c2f054f8e50ff3d6fe035b7c3b31d553	482a7dcc2bf530eae9ab1032c048bc32d5e180c80cadc6c1fea286bdc11e6487	건축	지정공사	상차 및 하역작업	상차 및 하역작업	건축 > 지정공사 > 상차 및 하역작업
3ea38f0e40338be5b37d7e33b8c7a535e391a4d1053139ca79cc1a3bbae182e4	1bda673e67d9a12e21efca383859477c9ee86d489623313ec64c630192394805	건축	철골공사	상차 및 하역작업	상차 및 하역작업	건축 > 철골공사 > 상차 및 하역작업
00f584fe5c4d09e1fb449951c1ff4b9ac411436e3cfe0677573a175d714443c1	36f84dc937e94c7f2d307dbb7c398c9e7ce45d7161a7d8c742eadc62482cd751	기타	기타	상차 및 하역작업	상차 및 하역작업	기타 > 기타 > 상차 및 하역작업
54f58afa8f949e0ccffcc557f5ccbf5ad614cb0ea891efb5e0534c841e138d11	7184418b3260b94cb289fc430ec6870768631cedc0276f08da75d1fd21634329	토목	가설공사	상차 및 하역작업	상차 및 하역작업	토목 > 가설공사 > 상차 및 하역작업
ff1a5ba775c697df6abe97136293d7dd2bb942b6050651e56355328a70dbcffe	6142818dbeca390db750ed5b8ab72ccae2f3848dc1bf54063f0fc7f4d8d552a2	토목	관공사	상차 및 하역작업	상차 및 하역작업	토목 > 관공사 > 상차 및 하역작업
99cd72d2d90d620c45178bbed6341357d1c0941b767c0dfe09334b3b12337aff	7d97163b1558c6a7a2824a97cca8eac37d3e3f1b9c823e21ea840677d1420e38	토목	관공사 부대공사	상차 및 하역작업	상차 및 하역작업	토목 > 관공사 부대공사 > 상차 및 하역작업
b21445cad7cdce0c8fb0861b511c27304d7aacb1a2d90b59a6106f770bdbe57e	2438c2b03171c8e6534f7020c743b9249b389886e7e9d7e081fc1977f09970a2	토목	교량공사	상차 및 하역작업	상차 및 하역작업	토목 > 교량공사 > 상차 및 하역작업
ade6e569b45e40a17ab590e30726a1eee4ac7e73ce63829afc5399040ff24af3	740ba6fe62edf748f9e9707a5a8db50176a48e582e46c9aa93a53787d15b5f4d	토목	말뚝공사	상차 및 하역작업	상차 및 하역작업	토목 > 말뚝공사 > 상차 및 하역작업
c92f6ed2b11dbe20f8ee646ca7938948b21295bc1480ac4d1516ad0d0d031d84	e69cac9d45fe928cd4a40876d9f5ab38e4da36b946be0b4d1183887495d731e4	토목	철근콘크리트공사	상차 및 하역작업	상차 및 하역작업	토목 > 철근콘크리트공사 > 상차 및 하역작업
e9f2e13781a2c1948bc159c3fdb9f91eaa73d3ee95c3ea36363512e7b1c9063c	656ab8544db01eb4f69dbbe4e0aed46f8e974318ec2b5a02418d8a6d4121cbb3	토목	철도 및 궤도공사	상차 및 하역작업	상차 및 하역작업	토목 > 철도 및 궤도공사 > 상차 및 하역작업
d4b8e2351fa33dc34135b06fe3c35db9cfcb22bea35cd4c0e5d8c9f480971df0	53ad3ee18d06b1c5945f1561d9d0a019b575a9f59dba70d67a6f2e7482581949	토목	토공사	상차 및 하역작업	상차 및 하역작업	토목 > 토공사 > 상차 및 하역작업
9a07913cc71e08e5f0ff567f62513f4677236c3b776b657f77b0eaf74c1ef92c	6df8dd91ff6a615b60c01504a7c853096d291e05d6210009d2c114145ea8381b	토목	프리캐스트 콘크리트공사	상차 및 하역작업	상차 및 하역작업	토목 > 프리캐스트 콘크리트공사 > 상차 및 하역작업
48a5519760e0b164ee8e7553abeea9cdf334cf40bcfa903b24a245a40209712e	0909a7fc9088e27abe0969e37e9479a103d9a0a31d156a11c146ebc361f41abe	토목	해체 및 철거공사	상차 및 하역작업	상차 및 하역작업	토목 > 해체 및 철거공사 > 상차 및 하역작업
45391f20659cabd61d484627cc0cd2abf3577a2da90d4b5312a5e62220d6b08e	2fedcc96256e2b1b71331e3bcc7fdf71299ee7ac4c834c71fe3e0c4b3465fe0a	건축	가설공사	설비작업	설비작업	건축 > 가설공사 > 설비작업
05658a5ccbff492c7c368e35458c50de382410d68ab8b280fa6446c1bc68043e	85443ee510910c572a3dd393ac23578bf1e69b901fa5c910176180cf0da0f4d7	건축	금속공사	설비작업	설비작업	건축 > 금속공사 > 설비작업
d4baebbe8eaa26d5a67d6d33b2a2c4e5e03438b542228fdc94b75a171a972c1c	fbf332b3c0324282a2c7e0a2b8a4414250a1505f6fe0713942b14485a385f7af	건축	방수공사	설비작업	설비작업	건축 > 방수공사 > 설비작업
1cdb19db2cd373298f2158d93e5e5cdd3df5c8b258eb07f87bcc86ab0d5fc5ea	bd63b86849b17eaec8a24b486c591faee838a3fcee521ec77f2f21f4894a7921	건축	수장공사	설비작업	설비작업	건축 > 수장공사 > 설비작업
bf14b2fe7203654df86c203e711e3a5eeee0cd9bb5d515d7d2fd14b2d9805f61	3f17638c2b008f9a89bd550330559b27030f895897215e4f7bbb14d59df1baee	건축	조적공사	설비작업	설비작업	건축 > 조적공사 > 설비작업
5e1d5504533c51e04af538157f88b46fd359d2ca076fc1350cf5e6e1d848f04b	12c797fc1a286822ecca81b0ab458d0fcaad2e02b003379c7dfe4bcd2ee1a3f0	건축	창호 및 유리공사	설비작업	설비작업	건축 > 창호 및 유리공사 > 설비작업
9146e4eced3cc46aa63b1a120e8b00802607f686aff1ad53fde1f936cbbbd62d	1bda673e67d9a12e21efca383859477c9ee86d489623313ec64c630192394805	건축	철골공사	설비작업	설비작업	건축 > 철골공사 > 설비작업
c2753283abacd02897a0b04a3b5db6d515cd7f6b578a20d469da221f4a10a4d4	3143a03fce721cb2d976b2aed78c9b1b10edcfa04d206f1dcddf59340f1e6b18	건축	철근콘크리트공사	설비작업	설비작업	건축 > 철근콘크리트공사 > 설비작업
df8eb22d822480d030807119ce31bc769ad00a80b76ad7b4003b85393bc36a35	92780acb02509d83e67eb6aa04be60122fe8cc8344750f4b420cbb1826c665cd	기계설비	기계설비공사	설비작업	설비작업	기계설비 > 기계설비공사 > 설비작업
43a565ffeda16252539220cc2cf8ce10b66d5a78431f4119ab78cdf7d582d73c	c6991388fb908a9c2aad77a041896990e2d55004ed8fc855cb77ec2dc981b72d	전기설비	가설공사	설비작업	설비작업	전기설비 > 가설공사 > 설비작업
abbe8cddd4482fa9868f485a2be59bac09d710d8c5e3674e35a1d4bcbb042ec5	d36f80d37be8a8478764149f90b6eb8acd669d1f46b568acd360ea21fded3b73	전기설비	전기설비공사	설비작업	설비작업	전기설비 > 전기설비공사 > 설비작업
8ac4baacea5b80dadd836df9395a7f255ece73c743f16e8b423c21e4e5e185e4	7184418b3260b94cb289fc430ec6870768631cedc0276f08da75d1fd21634329	토목	가설공사	설비작업	설비작업	토목 > 가설공사 > 설비작업
3deff3795cab6d27b7ef937143b2615408c19185954908216d50b95949fa667d	6142818dbeca390db750ed5b8ab72ccae2f3848dc1bf54063f0fc7f4d8d552a2	토목	관공사	설비작업	설비작업	토목 > 관공사 > 설비작업
067c05913e034e7b15cb610a0d26d144662abb0bac6ba27a16441f18f5383130	7d97163b1558c6a7a2824a97cca8eac37d3e3f1b9c823e21ea840677d1420e38	토목	관공사 부대공사	설비작업	설비작업	토목 > 관공사 부대공사 > 설비작업
35a509796d60a1d18540848443967292ec41a29ce3fda15040040cc2bbac1a02	9039310779ad406faf8b2990ff1819ffac9770f931566c02270ccc7a604f177e	토목	도로 및 포장공사	설비작업	설비작업	토목 > 도로 및 포장공사 > 설비작업
cba2843746b06ccacd97eed16ef657160836bcac8717e8a39559d7fa55dc3b75	e69cac9d45fe928cd4a40876d9f5ab38e4da36b946be0b4d1183887495d731e4	토목	철근콘크리트공사	설비작업	설비작업	토목 > 철근콘크리트공사 > 설비작업
6122964f50c7a3a2a72d4e9d54fc6953eb89dbe8bbda6dd0ac52234e42bfb117	2fedcc96256e2b1b71331e3bcc7fdf71299ee7ac4c834c71fe3e0c4b3465fe0a	건축	가설공사	설치작업	설치작업	건축 > 가설공사 > 설치작업
26f444bea902eb7633b53848b042f48dea4580cdd6115d3b07372ccc4d654de0	9079d78c78ec31d527c42aa8d8c9d72cb16a04a847b6d82b28a20e0615ef77c8	건축	건축 토공사	설치작업	설치작업	건축 > 건축 토공사 > 설치작업
bd3d6b7a5a13da2e1e6c90d3ffd7d588cf758283769573b9e647367b7dd3a31e	ff545edd9c384c7436e7a912c81232e604620903a4326832fd2b421853373a43	건축	건축물 부대공사	설치작업	설치작업	건축 > 건축물 부대공사 > 설치작업
c14e6c9d2a5be18d3f6e8c89c3b54ac383eab02b0bb41f992aef20286e32fc19	85443ee510910c572a3dd393ac23578bf1e69b901fa5c910176180cf0da0f4d7	건축	금속공사	설치작업	설치작업	건축 > 금속공사 > 설치작업
987352cf2a58396a36667a18bfa7d9ab7a0c35eb94dfa6dcd7afd8a681431586	205be67904970d69788fed1918f4b6c4605071579ea91c894433c3bb2950d906	건축	도장공사	설치작업	설치작업	건축 > 도장공사 > 설치작업
31bd9505fbf6d80069d74fd778d628a1cbcb336203ad8d69943454be3d92b241	166dc547b77046bb8ac5718cd18b47ed47ca2463402b5459b194e6421673b8cd	건축	목공사	설치작업	설치작업	건축 > 목공사 > 설치작업
b591950e59378bfdd7345b34de7b8d33831a3f7b73851f64743320febaef1d8e	88501d9327e445bbfa0da8886ce396e9005b40232883c104c8aadb131b07a440	건축	미장공사	설치작업	설치작업	건축 > 미장공사 > 설치작업
4505edb0308cc8894c41c7d0a44b1219da2aab7dccc7cbc19aa4e24be47595f6	fbf332b3c0324282a2c7e0a2b8a4414250a1505f6fe0713942b14485a385f7af	건축	방수공사	설치작업	설치작업	건축 > 방수공사 > 설치작업
8cc83a51cb7c276d36a79782654f52851dd98d07a67df55c73951742f266f65b	bd63b86849b17eaec8a24b486c591faee838a3fcee521ec77f2f21f4894a7921	건축	수장공사	설치작업	설치작업	건축 > 수장공사 > 설치작업
cf98fef13aa3adcb219eac3c68ba7a8ad1fc1640c213d2eccc0711b0e019756d	ce0301fe717e52fca033e11ff3240015ddf48c800519cdb66ea165808cbacf69	건축	조경공사	설치작업	설치작업	건축 > 조경공사 > 설치작업
86ccea64c98825bd4f21e0f4609aca55a26f4ac3072e69a53cd30de49000b5c1	3f17638c2b008f9a89bd550330559b27030f895897215e4f7bbb14d59df1baee	건축	조적공사	설치작업	설치작업	건축 > 조적공사 > 설치작업
f6f0b4a396739183a88115c351df1abf9d6546dbda74b86c27e4a83cf42e0e39	92fc08fb809cc1c3bddd257855e3331be3ea726e4c964aa27d9dcb3137079040	건축	지반조사	설치작업	설치작업	건축 > 지반조사 > 설치작업
7fbe0082b48350e1eee03842c42852a1cb1babaa505db37315b91809116ff7eb	b269349bad4492fd16f17ec5fab96c188f5fee8874b2946940dc99dbd58082e8	건축	지붕 및 홈통공사	설치작업	설치작업	건축 > 지붕 및 홈통공사 > 설치작업
8d13a68977fe2e4575397775138304de6030683db463f4743b1c0d45e401c836	482a7dcc2bf530eae9ab1032c048bc32d5e180c80cadc6c1fea286bdc11e6487	건축	지정공사	설치작업	설치작업	건축 > 지정공사 > 설치작업
df322cd12d592956b5c4a96266d17c94f56dd35ebfa88ed0e7106ce6c024425d	12c797fc1a286822ecca81b0ab458d0fcaad2e02b003379c7dfe4bcd2ee1a3f0	건축	창호 및 유리공사	설치작업	설치작업	건축 > 창호 및 유리공사 > 설치작업
cfa78c54ecc62a2d9673239871b9dbcfe47dfa308a1f30c5a49bf5d48a8f7dd6	1bda673e67d9a12e21efca383859477c9ee86d489623313ec64c630192394805	건축	철골공사	설치작업	설치작업	건축 > 철골공사 > 설치작업
5f93221a423abf12677f5b93f3c3010718ae1f9001503ffee7b041f964c31de8	3143a03fce721cb2d976b2aed78c9b1b10edcfa04d206f1dcddf59340f1e6b18	건축	철근콘크리트공사	설치작업	설치작업	건축 > 철근콘크리트공사 > 설치작업
9b7ccab712e8f6c6cdc1e6d7f6ee0e35bfda013d9e74a835d5c3a6084a0ccf25	820faab310f22cba05496a1ec78811fece6464030919cc343a9bff3b2e3b9571	건축	타일 및 돌공사	설치작업	설치작업	건축 > 타일 및 돌공사 > 설치작업
28d775bd008765fa5603e9181ffe591773b64926d82e65b97cd4909d892e28bf	84ba3f37613cbabaf563e54f806db16eba196d5ed54da7b489fc4548571c28f0	건축	특수 건축물공사	설치작업	설치작업	건축 > 특수 건축물공사 > 설치작업
72497470a6e26c834b0b680b6f19890b7c005d3da1903559ad1ed0ca3ffdd040	817b82a16c6a75af5c6073f5a2f1d4d855343279e834f05e19cfeee8872ea5da	건축	해체 및 철거공사	설치작업	설치작업	건축 > 해체 및 철거공사 > 설치작업
c7d1794aded01289b6288ddd3d9827bc2f7d69bf72b858ece3d45e22dbcf5394	92780acb02509d83e67eb6aa04be60122fe8cc8344750f4b420cbb1826c665cd	기계설비	기계설비공사	설치작업	설치작업	기계설비 > 기계설비공사 > 설치작업
700634c713c095be3ffcab140bb44f68542e194e780381feb1d7e0fb8f47914d	36f84dc937e94c7f2d307dbb7c398c9e7ce45d7161a7d8c742eadc62482cd751	기타	기타	설치작업	설치작업	기타 > 기타 > 설치작업
c4095435d743dcf4f1de546dc7b55c3727d0297b7a054d51f4c5a4b110fa6be5	c88d808f9a60676a0f54b61760a2cb1bb083596f00d94e8f8874d3b9e17cddf2	산업설비	가설공사	설치작업	설치작업	산업설비 > 가설공사 > 설치작업
4b7c4740ba251d26584487b16ee1f175e9c4d8de88be26a7c888441475a1c878	60e0d4bca0074bb571c00d4eed761a29ee916ea936f0e559123ba966aab66913	산업설비	산업설비공사	설치작업	설치작업	산업설비 > 산업설비공사 > 설치작업
9d4de918b32c41a0a159ce0e08e5aee02d3d45549d5d98d2c8612383a6a926c8	c6991388fb908a9c2aad77a041896990e2d55004ed8fc855cb77ec2dc981b72d	전기설비	가설공사	설치작업	설치작업	전기설비 > 가설공사 > 설치작업
df80632f6ecf87db0827df7f3e5f95fc50a2c7c52e5b492a48be9d19cbd8dde6	d36f80d37be8a8478764149f90b6eb8acd669d1f46b568acd360ea21fded3b73	전기설비	전기설비공사	설치작업	설치작업	전기설비 > 전기설비공사 > 설치작업
000dc031efd7a9e83515866c879b62ced7f35b5269ec2da5686ea40dcc199c87	7184418b3260b94cb289fc430ec6870768631cedc0276f08da75d1fd21634329	토목	가설공사	설치작업	설치작업	토목 > 가설공사 > 설치작업
52bdfb176f6ca25fc5b6379a8d50feb2112b47394a0117e40f6b1dc1053181b7	1ffaed9eb99ad7a3e2933a29394d986da2eef6b40a53650f4dae02e33b6f8718	토목	강구조물공사	설치작업	설치작업	토목 > 강구조물공사 > 설치작업
61aaa2147235271432668ebee20fa892a84e7eb533b09047c3cdd4204fac4835	6142818dbeca390db750ed5b8ab72ccae2f3848dc1bf54063f0fc7f4d8d552a2	토목	관공사	설치작업	설치작업	토목 > 관공사 > 설치작업
a10ab68e97b7963fe0b7cb8ad4fe0a410c83f8f73b0ad126ffed164d837be678	7d97163b1558c6a7a2824a97cca8eac37d3e3f1b9c823e21ea840677d1420e38	토목	관공사 부대공사	설치작업	설치작업	토목 > 관공사 부대공사 > 설치작업
c091c53a2601ca4ea0c92c9345118cabfe8b761e86ccdf6dd678ac10d85361c8	2438c2b03171c8e6534f7020c743b9249b389886e7e9d7e081fc1977f09970a2	토목	교량공사	설치작업	설치작업	토목 > 교량공사 > 설치작업
30c28901e82d93318b1b049cb413d57a0cd7b1b17c67d416f2803399a724713a	0f74161b28a96d20a1cd347de2d86209e75941c55dc29d08c4e42dd2d7da2b57	토목	댐 및 제방공사	설치작업	설치작업	토목 > 댐 및 제방공사 > 설치작업
baba8acdc48cb47d6b99046b8b5616f74650288aa9864c66ae6ab6ec59e9442d	9039310779ad406faf8b2990ff1819ffac9770f931566c02270ccc7a604f177e	토목	도로 및 포장공사	설치작업	설치작업	토목 > 도로 및 포장공사 > 설치작업
c4fe637dff93c2aad0d89f323d80c21a5b4ca7b6fd99abdeba2480b3a28338eb	740ba6fe62edf748f9e9707a5a8db50176a48e582e46c9aa93a53787d15b5f4d	토목	말뚝공사	설치작업	설치작업	토목 > 말뚝공사 > 설치작업
bdae3eb5332e00337bb24051a75993d10b9dc5936b75b7a25d4cb2d44de50e1d	d5fedcab6dc5723721417460d705395cea2ad4ef0499334acace7b9324335793	토목	지반개량공사	설치작업	설치작업	토목 > 지반개량공사 > 설치작업
b65f396b837bde88c9e769c5dccdc47c585aa8d23faef2b7554a5e1945f54a36	a90eb6dc876af3ebf1285c8058c262a4560ca5a65a9b4cce20e5c452c67f5d08	토목	지반조사	설치작업	설치작업	토목 > 지반조사 > 설치작업
279f5b5057fc5fb8ce4b04db372c20e67d5695da75fdbd4d7c7de9a72c3ae50c	e69cac9d45fe928cd4a40876d9f5ab38e4da36b946be0b4d1183887495d731e4	토목	철근콘크리트공사	설치작업	설치작업	토목 > 철근콘크리트공사 > 설치작업
c8207cc5a6bacb3cc897ddbbf73de66bd7254c2a88dbf53feab459169e760982	656ab8544db01eb4f69dbbe4e0aed46f8e974318ec2b5a02418d8a6d4121cbb3	토목	철도 및 궤도공사	설치작업	설치작업	토목 > 철도 및 궤도공사 > 설치작업
d2a3a560414d2ada7c3f44bb876a53c4630d56df7f5521a0eca72d4dca906fe2	d781735c3affaf0eac8b0645b21bb4e1ada1f24922cf9ba9bf90c033826b21c5	토목	터널공사	설치작업	설치작업	토목 > 터널공사 > 설치작업
cb1da1f4d48a41118652aabd9f28b9cd2ca782be7b3aa2375a3833c5b1ecd9c6	53ad3ee18d06b1c5945f1561d9d0a019b575a9f59dba70d67a6f2e7482581949	토목	토공사	설치작업	설치작업	토목 > 토공사 > 설치작업
60ee0f862eee955226f361181d5cf1d663886a17ec4e627d3a3df0c4b6410690	6df8dd91ff6a615b60c01504a7c853096d291e05d6210009d2c114145ea8381b	토목	프리캐스트 콘크리트공사	설치작업	설치작업	토목 > 프리캐스트 콘크리트공사 > 설치작업
80538be9bab5a27b4f961597173de91b402184a2aab9a6dd991bd2f3e015ceaf	3004e0d20c6003920e6c7e0d856ddf2908aa975470afa0e46154a70cef1fe097	토목	하천공사	설치작업	설치작업	토목 > 하천공사 > 설치작업
9480d0a9f19b59f4185e173f75b36aee337217a802ed6147507747530df32199	a1fe25df3ef2cb7045f3161778422f0eb2183634902cf257026dd6c7cf7fbea8	토목	항만공사	설치작업	설치작업	토목 > 항만공사 > 설치작업
e44d4f2ceb4933333f4fd25589201de6c93072990245afb57bf745c6c30a58a6	0909a7fc9088e27abe0969e37e9479a103d9a0a31d156a11c146ebc361f41abe	토목	해체 및 철거공사	설치작업	설치작업	토목 > 해체 및 철거공사 > 설치작업
c98dacbb1234909251e3158769187baec6af1528b2f670caae8ac0b8e0ee926b	180b394ceb590b38024004ce64f79bfde75561c0fe81008bb53435d3510932f8	통신설비	통신설비공사	설치작업	설치작업	통신설비 > 통신설비공사 > 설치작업
b416b063eb9976ce49312741319508ed83ace35ecac51d8f4ae21e0cef67d5a4	2fedcc96256e2b1b71331e3bcc7fdf71299ee7ac4c834c71fe3e0c4b3465fe0a	건축	가설공사	쌓기작업	쌓기작업	건축 > 가설공사 > 쌓기작업
1b170187a3cdbfdde20bf588a294731f7d92b0c25d7361bb7868e2ec557ed9e0	9079d78c78ec31d527c42aa8d8c9d72cb16a04a847b6d82b28a20e0615ef77c8	건축	건축 토공사	쌓기작업	쌓기작업	건축 > 건축 토공사 > 쌓기작업
bf753b82ac61300ce34f6af49dba08500eb1dfb6beb285268f715d4d7f7c6171	ff545edd9c384c7436e7a912c81232e604620903a4326832fd2b421853373a43	건축	건축물 부대공사	쌓기작업	쌓기작업	건축 > 건축물 부대공사 > 쌓기작업
f61b0954f0c0965d93ebd9e38d958a6ec3e9be4c31ccaf1374d4aafa22e765be	85443ee510910c572a3dd393ac23578bf1e69b901fa5c910176180cf0da0f4d7	건축	금속공사	쌓기작업	쌓기작업	건축 > 금속공사 > 쌓기작업
06ba15c9ae22e0c53ee65548e02996de69966568229273210c181838870f4c2a	205be67904970d69788fed1918f4b6c4605071579ea91c894433c3bb2950d906	건축	도장공사	쌓기작업	쌓기작업	건축 > 도장공사 > 쌓기작업
2193c0a6887473aa25457aafef09147ba5b818e90467b7f5cd4fad066667b38d	bd63b86849b17eaec8a24b486c591faee838a3fcee521ec77f2f21f4894a7921	건축	수장공사	쌓기작업	쌓기작업	건축 > 수장공사 > 쌓기작업
e8d62e5c826fdc77affe4e6d3958da4b3801f4b9ddeeb65f6a5eeab09ecffca5	ce0301fe717e52fca033e11ff3240015ddf48c800519cdb66ea165808cbacf69	건축	조경공사	쌓기작업	쌓기작업	건축 > 조경공사 > 쌓기작업
016c9ce38e301026f41853c6057fea4d13a6b067f143881893778d87330c11a8	3f17638c2b008f9a89bd550330559b27030f895897215e4f7bbb14d59df1baee	건축	조적공사	쌓기작업	쌓기작업	건축 > 조적공사 > 쌓기작업
c6336fb5e824049121c98da0a4256abaa5bea072810d064147ada53fddbe6cf7	36f84dc937e94c7f2d307dbb7c398c9e7ce45d7161a7d8c742eadc62482cd751	기타	기타	쌓기작업	쌓기작업	기타 > 기타 > 쌓기작업
a7efc1d36b6db64a84d5b7f71d31397d8927cc398d4602665aee04cc227982d7	7184418b3260b94cb289fc430ec6870768631cedc0276f08da75d1fd21634329	토목	가설공사	쌓기작업	쌓기작업	토목 > 가설공사 > 쌓기작업
d52a1f7e1a7d8d4b25ad464755139babd7bc933192a93baee6e7771a67e46cfb	1ffaed9eb99ad7a3e2933a29394d986da2eef6b40a53650f4dae02e33b6f8718	토목	강구조물공사	쌓기작업	쌓기작업	토목 > 강구조물공사 > 쌓기작업
3e4fab964a7d97980b612a1a4a54bc87d12a06a814089131a73025413c39214a	6142818dbeca390db750ed5b8ab72ccae2f3848dc1bf54063f0fc7f4d8d552a2	토목	관공사	쌓기작업	쌓기작업	토목 > 관공사 > 쌓기작업
b5f7115d7487e1da0fd4df04137dc63d6e913169971e36c7062f89ab1b7d648d	2438c2b03171c8e6534f7020c743b9249b389886e7e9d7e081fc1977f09970a2	토목	교량공사	쌓기작업	쌓기작업	토목 > 교량공사 > 쌓기작업
dddd0ccfa99de0bd342a600cb0e3e1961475587cd9552547e598d6245b48377e	0f74161b28a96d20a1cd347de2d86209e75941c55dc29d08c4e42dd2d7da2b57	토목	댐 및 제방공사	쌓기작업	쌓기작업	토목 > 댐 및 제방공사 > 쌓기작업
2c101cbb908062f80475e2cd0eb7ff85d4bf1696bfe90f53c946318ac7d39929	d5fedcab6dc5723721417460d705395cea2ad4ef0499334acace7b9324335793	토목	지반개량공사	쌓기작업	쌓기작업	토목 > 지반개량공사 > 쌓기작업
7d36cd92d79c6fa5f5bb65e8daec486eccf7eaa49484b30b57481429901ad4bd	e69cac9d45fe928cd4a40876d9f5ab38e4da36b946be0b4d1183887495d731e4	토목	철근콘크리트공사	쌓기작업	쌓기작업	토목 > 철근콘크리트공사 > 쌓기작업
7cc94121f7c8610aac905ce8e4631b224d1b65d32d60dcea66d4d9ccec3c1b7b	53ad3ee18d06b1c5945f1561d9d0a019b575a9f59dba70d67a6f2e7482581949	토목	토공사	쌓기작업	쌓기작업	토목 > 토공사 > 쌓기작업
07b6c9195acdecc5dcd44618bb169fae45f64a15226a8e29d7334ac52c3744b3	3004e0d20c6003920e6c7e0d856ddf2908aa975470afa0e46154a70cef1fe097	토목	하천공사	쌓기작업	쌓기작업	토목 > 하천공사 > 쌓기작업
63620cc062e187bacaf39f790dcf7dda7c2b25a2e0858ec1dfe05c935d04c717	3143a03fce721cb2d976b2aed78c9b1b10edcfa04d206f1dcddf59340f1e6b18	건축	철근콘크리트공사	양생작업	양생작업	건축 > 철근콘크리트공사 > 양생작업
70ab21b041aa9260a89e4d815ee67a8a7d75805b8968e46b97c50a8436129214	7184418b3260b94cb289fc430ec6870768631cedc0276f08da75d1fd21634329	토목	가설공사	양생작업	양생작업	토목 > 가설공사 > 양생작업
1a66ec9ba27cfcba59d16a01941b8c3dbda353aceeb79f8b5c9e7911f7ccd998	6142818dbeca390db750ed5b8ab72ccae2f3848dc1bf54063f0fc7f4d8d552a2	토목	관공사	양생작업	양생작업	토목 > 관공사 > 양생작업
e66116b9961e325106cccc5e7499c2b09d9ed8084d7ccbf25e4fbb7fa9268de8	e69cac9d45fe928cd4a40876d9f5ab38e4da36b946be0b4d1183887495d731e4	토목	철근콘크리트공사	양생작업	양생작업	토목 > 철근콘크리트공사 > 양생작업
a940040a66358a0ff561d9e7e2fa45278c6fd18e91e7c2f87a746de5b570601b	53ad3ee18d06b1c5945f1561d9d0a019b575a9f59dba70d67a6f2e7482581949	토목	토공사	양생작업	양생작업	토목 > 토공사 > 양생작업
8fc8b3ec2acc215a7b0c9b9e31d03f1b3eed9b29b28d83c10e03852569c457ff	2fedcc96256e2b1b71331e3bcc7fdf71299ee7ac4c834c71fe3e0c4b3465fe0a	건축	가설공사	양중작업	양중작업	건축 > 가설공사 > 양중작업
50f0212e4667a497890785db777b17b40c484feedef50fb0b2b57dfc6d371995	9079d78c78ec31d527c42aa8d8c9d72cb16a04a847b6d82b28a20e0615ef77c8	건축	건축 토공사	양중작업	양중작업	건축 > 건축 토공사 > 양중작업
d40c74889661a5f414294bbc087e4d9552d74436be2c6674a092c27933127b86	ff545edd9c384c7436e7a912c81232e604620903a4326832fd2b421853373a43	건축	건축물 부대공사	양중작업	양중작업	건축 > 건축물 부대공사 > 양중작업
52c709d16b832fb896822fbc635f88182557a4f4a0f80329e71ca7365677b4c4	b269349bad4492fd16f17ec5fab96c188f5fee8874b2946940dc99dbd58082e8	건축	지붕 및 홈통공사	양중작업	양중작업	건축 > 지붕 및 홈통공사 > 양중작업
1d8ffb35a36be108b222ff5369126f90b636b098ade7cd3e79327fc667f9cc7d	482a7dcc2bf530eae9ab1032c048bc32d5e180c80cadc6c1fea286bdc11e6487	건축	지정공사	양중작업	양중작업	건축 > 지정공사 > 양중작업
0a82cb3916169bd865adbc9ffc584f4aa243ba9671da338dfe6f1cbe46ce42e9	12c797fc1a286822ecca81b0ab458d0fcaad2e02b003379c7dfe4bcd2ee1a3f0	건축	창호 및 유리공사	양중작업	양중작업	건축 > 창호 및 유리공사 > 양중작업
55fb47d97be0a64bbf62f49e7c6c6a3fc26bfb29f384b4bd62167b613e82817a	1bda673e67d9a12e21efca383859477c9ee86d489623313ec64c630192394805	건축	철골공사	양중작업	양중작업	건축 > 철골공사 > 양중작업
79bcb06b59d684d58f2da5ae7e981200accf6c37234d0fb7e75d5adb3b5dfdf8	3143a03fce721cb2d976b2aed78c9b1b10edcfa04d206f1dcddf59340f1e6b18	건축	철근콘크리트공사	양중작업	양중작업	건축 > 철근콘크리트공사 > 양중작업
d2e901777355c003daf2858cb92b2bacc0fbccbde7ec32bc61d7fdf8dd864eca	817b82a16c6a75af5c6073f5a2f1d4d855343279e834f05e19cfeee8872ea5da	건축	해체 및 철거공사	양중작업	양중작업	건축 > 해체 및 철거공사 > 양중작업
6698cc2296fbfa694d810b1c6590f3cc9b7f8b6c5e9f4a72e1a7481945ce1a2e	92780acb02509d83e67eb6aa04be60122fe8cc8344750f4b420cbb1826c665cd	기계설비	기계설비공사	양중작업	양중작업	기계설비 > 기계설비공사 > 양중작업
580f59743f3519cf93cb7fc4220bed87d66a5c11603a253d7d0dbd7676c56e42	36f84dc937e94c7f2d307dbb7c398c9e7ce45d7161a7d8c742eadc62482cd751	기타	기타	양중작업	양중작업	기타 > 기타 > 양중작업
b743705633ce49eee147a397bf28f051bff37a9dbcc6e3f22c9638e5aa8aa359	60e0d4bca0074bb571c00d4eed761a29ee916ea936f0e559123ba966aab66913	산업설비	산업설비공사	양중작업	양중작업	산업설비 > 산업설비공사 > 양중작업
cc451e2ff343e1d0dc6b6add1c62e8e74924fa8de133505998e58e046c433774	7184418b3260b94cb289fc430ec6870768631cedc0276f08da75d1fd21634329	토목	가설공사	양중작업	양중작업	토목 > 가설공사 > 양중작업
4518f6b7e54a643273bb1dc9042483ad36dd3ca2ee61d3520f8424afd8998a2b	1ffaed9eb99ad7a3e2933a29394d986da2eef6b40a53650f4dae02e33b6f8718	토목	강구조물공사	양중작업	양중작업	토목 > 강구조물공사 > 양중작업
f27ac2c6cbdb80a392c6a6ce98a3fe806e408d040a448d8b4cbdcf393ff8a3c5	6142818dbeca390db750ed5b8ab72ccae2f3848dc1bf54063f0fc7f4d8d552a2	토목	관공사	양중작업	양중작업	토목 > 관공사 > 양중작업
a94ef897fda035102724994f7110c843c1fa643fd51b51b0891d5b8f6a833fef	7d97163b1558c6a7a2824a97cca8eac37d3e3f1b9c823e21ea840677d1420e38	토목	관공사 부대공사	양중작업	양중작업	토목 > 관공사 부대공사 > 양중작업
19a41bb40a70b5892cf816ec1e019794f94a6922ce943bdff1c89df3d061ad72	2438c2b03171c8e6534f7020c743b9249b389886e7e9d7e081fc1977f09970a2	토목	교량공사	양중작업	양중작업	토목 > 교량공사 > 양중작업
9442539d87935b3d96e16dc4684603ee8bb56a210d7d8dcaa4ef6f23be33fede	0f74161b28a96d20a1cd347de2d86209e75941c55dc29d08c4e42dd2d7da2b57	토목	댐 및 제방공사	양중작업	양중작업	토목 > 댐 및 제방공사 > 양중작업
583ff83f630c8d145a01525342574db6487926b7aea3e2607e0eb70fda62d4ed	9039310779ad406faf8b2990ff1819ffac9770f931566c02270ccc7a604f177e	토목	도로 및 포장공사	양중작업	양중작업	토목 > 도로 및 포장공사 > 양중작업
a7e1a7983bc312bb8ce91ff60bb95a5f79669aa4df849767fe5bdc010014f21f	740ba6fe62edf748f9e9707a5a8db50176a48e582e46c9aa93a53787d15b5f4d	토목	말뚝공사	양중작업	양중작업	토목 > 말뚝공사 > 양중작업
b6760108a0bc6943b1f54ad63181343589285b0c401f96fec0fb2a047f11376e	e69cac9d45fe928cd4a40876d9f5ab38e4da36b946be0b4d1183887495d731e4	토목	철근콘크리트공사	양중작업	양중작업	토목 > 철근콘크리트공사 > 양중작업
f9e764d0782f17d0c685d82d58213a407554faddb48ace76e9d4b95973cb59ab	656ab8544db01eb4f69dbbe4e0aed46f8e974318ec2b5a02418d8a6d4121cbb3	토목	철도 및 궤도공사	양중작업	양중작업	토목 > 철도 및 궤도공사 > 양중작업
e583403c9f1d3a1aaa948dec1d0ae0e2ea58b5a50bef88e5d9e00fc7fc6558f5	d781735c3affaf0eac8b0645b21bb4e1ada1f24922cf9ba9bf90c033826b21c5	토목	터널공사	양중작업	양중작업	토목 > 터널공사 > 양중작업
301226e3821c48ee50b7c0f2674020006944a1bd65cc59559512c1282eae1efa	53ad3ee18d06b1c5945f1561d9d0a019b575a9f59dba70d67a6f2e7482581949	토목	토공사	양중작업	양중작업	토목 > 토공사 > 양중작업
ec9bdbce6cd8fc948150706a317bf75de78336058c131e9e60324edd0022a094	6df8dd91ff6a615b60c01504a7c853096d291e05d6210009d2c114145ea8381b	토목	프리캐스트 콘크리트공사	양중작업	양중작업	토목 > 프리캐스트 콘크리트공사 > 양중작업
da0f7ed77bd79595c327a897e4b8be0046aa8df7e1602de39ab85f409464171f	3004e0d20c6003920e6c7e0d856ddf2908aa975470afa0e46154a70cef1fe097	토목	하천공사	양중작업	양중작업	토목 > 하천공사 > 양중작업
18e48ab1325cb90d1e80902f8b2a370de788dd5dbff5419b80e7423ed9279870	a1fe25df3ef2cb7045f3161778422f0eb2183634902cf257026dd6c7cf7fbea8	토목	항만공사	양중작업	양중작업	토목 > 항만공사 > 양중작업
96e753ce9fe8271ee8406c87454d7a77fbdce2d2365edaea3e288e2277a4fb20	0909a7fc9088e27abe0969e37e9479a103d9a0a31d156a11c146ebc361f41abe	토목	해체 및 철거공사	양중작업	양중작업	토목 > 해체 및 철거공사 > 양중작업
231f5c782538a2b7e8fc5063250565932678dc142d61bc49e27dea04e18a097d	2fedcc96256e2b1b71331e3bcc7fdf71299ee7ac4c834c71fe3e0c4b3465fe0a	건축	가설공사	연결작업	연결작업	건축 > 가설공사 > 연결작업
d5e65cdeb3bc8ec7f002465aa87bea758e64d4e2bff7708661a91f230d98c900	ff545edd9c384c7436e7a912c81232e604620903a4326832fd2b421853373a43	건축	건축물 부대공사	연결작업	연결작업	건축 > 건축물 부대공사 > 연결작업
7754ffd62d8dac6fb5421f6013d6d3e2ab91c3cf995f8ecbad9a06bf0089171c	166dc547b77046bb8ac5718cd18b47ed47ca2463402b5459b194e6421673b8cd	건축	목공사	연결작업	연결작업	건축 > 목공사 > 연결작업
928cc3b022b4259e4f998cd6864110a99b01effd92e5bc893824ee53555dce66	bd63b86849b17eaec8a24b486c591faee838a3fcee521ec77f2f21f4894a7921	건축	수장공사	연결작업	연결작업	건축 > 수장공사 > 연결작업
3517825dfe152cf1042b6f35eb37e8e6370bb3f0c730016e8acfc6356f6b233c	1bda673e67d9a12e21efca383859477c9ee86d489623313ec64c630192394805	건축	철골공사	연결작업	연결작업	건축 > 철골공사 > 연결작업
37cd0bc50f04630b06c433e1148e7432587abec5eced935cbd1858f8871013bd	3143a03fce721cb2d976b2aed78c9b1b10edcfa04d206f1dcddf59340f1e6b18	건축	철근콘크리트공사	연결작업	연결작업	건축 > 철근콘크리트공사 > 연결작업
b3f1f83621bdd316c19d72369144cbb9241c0e53598da1fa4e7d01a31d4c6613	92780acb02509d83e67eb6aa04be60122fe8cc8344750f4b420cbb1826c665cd	기계설비	기계설비공사	연결작업	연결작업	기계설비 > 기계설비공사 > 연결작업
9cc744e4b667f21cb73b63681290a14327579eacf75513cae14f5051f7c246b7	36f84dc937e94c7f2d307dbb7c398c9e7ce45d7161a7d8c742eadc62482cd751	기타	기타	연결작업	연결작업	기타 > 기타 > 연결작업
cbdc3d46b349341e724cb924b62f1d430e0084eae2e86346ce6057103753c1ee	60e0d4bca0074bb571c00d4eed761a29ee916ea936f0e559123ba966aab66913	산업설비	산업설비공사	연결작업	연결작업	산업설비 > 산업설비공사 > 연결작업
eb8043ed0e67b6b10fcc184f508ffcd77b5d095460601574277d69fe94cbbb0f	c6991388fb908a9c2aad77a041896990e2d55004ed8fc855cb77ec2dc981b72d	전기설비	가설공사	연결작업	연결작업	전기설비 > 가설공사 > 연결작업
bee9d181752e4d57479168d38fda83a55b9a6a7ea0059a861d75f7faf71b390c	7184418b3260b94cb289fc430ec6870768631cedc0276f08da75d1fd21634329	토목	가설공사	연결작업	연결작업	토목 > 가설공사 > 연결작업
2ba60baf9bf010ba1fa9bc7697f2f0d5ea716055ec5595e697fa6adbf93b5073	1ffaed9eb99ad7a3e2933a29394d986da2eef6b40a53650f4dae02e33b6f8718	토목	강구조물공사	연결작업	연결작업	토목 > 강구조물공사 > 연결작업
a3f2bbc348f31b2d65d3e5cfa71264c6078ff8599ba2242078dfc220553ec3ab	6142818dbeca390db750ed5b8ab72ccae2f3848dc1bf54063f0fc7f4d8d552a2	토목	관공사	연결작업	연결작업	토목 > 관공사 > 연결작업
44fbbdcf914c8bc88f9f057fb50d3b87cfe869c9ae31377e0fc8edc8226cdc98	7d97163b1558c6a7a2824a97cca8eac37d3e3f1b9c823e21ea840677d1420e38	토목	관공사 부대공사	연결작업	연결작업	토목 > 관공사 부대공사 > 연결작업
1ce80727dcc215a41b8f97155398bdcb00970f4af17d6b7c301e95c74e6494cb	2438c2b03171c8e6534f7020c743b9249b389886e7e9d7e081fc1977f09970a2	토목	교량공사	연결작업	연결작업	토목 > 교량공사 > 연결작업
58982ed3fa7348b824e13db0b1ed75f8995bef429ec1dc9c506e3f224cb247ee	e69cac9d45fe928cd4a40876d9f5ab38e4da36b946be0b4d1183887495d731e4	토목	철근콘크리트공사	연결작업	연결작업	토목 > 철근콘크리트공사 > 연결작업
ee012bdcc3de4a090f1039cf83d0500d1e1f69392e643e3a82313604df7af3b5	656ab8544db01eb4f69dbbe4e0aed46f8e974318ec2b5a02418d8a6d4121cbb3	토목	철도 및 궤도공사	연결작업	연결작업	토목 > 철도 및 궤도공사 > 연결작업
c64de97ce4b5772b9f47d64245eeaeb306e4a53060bc721b12ec21b9cf8db574	d781735c3affaf0eac8b0645b21bb4e1ada1f24922cf9ba9bf90c033826b21c5	토목	터널공사	연결작업	연결작업	토목 > 터널공사 > 연결작업
7ef16c3b9f59adffb852545bd26a68d2d5d2c96f5b8e13ec28a48d2bf782222a	53ad3ee18d06b1c5945f1561d9d0a019b575a9f59dba70d67a6f2e7482581949	토목	토공사	연결작업	연결작업	토목 > 토공사 > 연결작업
96cdf8f3a7b0dce1c7bfde1b9c59a2b72baa1a9171e293fe691744ab3454696b	6df8dd91ff6a615b60c01504a7c853096d291e05d6210009d2c114145ea8381b	토목	프리캐스트 콘크리트공사	연결작업	연결작업	토목 > 프리캐스트 콘크리트공사 > 연결작업
2418190885c84f02b116846acf567cd39cd3dae9d0f0ef9d7b2336388e8596de	3004e0d20c6003920e6c7e0d856ddf2908aa975470afa0e46154a70cef1fe097	토목	하천공사	연결작업	연결작업	토목 > 하천공사 > 연결작업
a34de45f17ad6b283cbd79eec2760aeeba36a6fd3fd36d506996e5cb7d896678	180b394ceb590b38024004ce64f79bfde75561c0fe81008bb53435d3510932f8	통신설비	통신설비공사	연결작업	연결작업	통신설비 > 통신설비공사 > 연결작업
3fb3b00d3bde2e3e9083f46c755f377d446405798421719baabdfa39bf09b539	2fedcc96256e2b1b71331e3bcc7fdf71299ee7ac4c834c71fe3e0c4b3465fe0a	건축	가설공사	용접작업	용접작업	건축 > 가설공사 > 용접작업
8f32ab3b22f856834c24b9aba7fa43b2a0bfe1eccd19f163a49c64b2221957af	9079d78c78ec31d527c42aa8d8c9d72cb16a04a847b6d82b28a20e0615ef77c8	건축	건축 토공사	용접작업	용접작업	건축 > 건축 토공사 > 용접작업
868e9c91190869c4400d5bf12af074dc0c40bc21270a595c4f92e5903f15ce6c	ff545edd9c384c7436e7a912c81232e604620903a4326832fd2b421853373a43	건축	건축물 부대공사	용접작업	용접작업	건축 > 건축물 부대공사 > 용접작업
51a54b0649992865c8852fa4cf2b8f315457129fd59d00919a8e7caa85858cbe	85443ee510910c572a3dd393ac23578bf1e69b901fa5c910176180cf0da0f4d7	건축	금속공사	용접작업	용접작업	건축 > 금속공사 > 용접작업
5bf7977ef69aaddeaaced10eb26e7867c07f62ccc06ee28a11ccbe31096d8a45	166dc547b77046bb8ac5718cd18b47ed47ca2463402b5459b194e6421673b8cd	건축	목공사	용접작업	용접작업	건축 > 목공사 > 용접작업
a65d86052ddd8a6835263234820ded35585e053a2ce72f4ad6bdabc8a255c312	88501d9327e445bbfa0da8886ce396e9005b40232883c104c8aadb131b07a440	건축	미장공사	용접작업	용접작업	건축 > 미장공사 > 용접작업
cddf320b85693419f1d9a8c27afe3f1b2ca2800937582fb90352a606d102695d	fbf332b3c0324282a2c7e0a2b8a4414250a1505f6fe0713942b14485a385f7af	건축	방수공사	용접작업	용접작업	건축 > 방수공사 > 용접작업
2595c79851c0af268132385ded2b2de9eca13d57e6fd6c29c793f1358bd9aa00	bd63b86849b17eaec8a24b486c591faee838a3fcee521ec77f2f21f4894a7921	건축	수장공사	용접작업	용접작업	건축 > 수장공사 > 용접작업
e998dc8fb45665e027938e2f90513489918d3e5ac2ebf7d4384661e30f13907e	b269349bad4492fd16f17ec5fab96c188f5fee8874b2946940dc99dbd58082e8	건축	지붕 및 홈통공사	용접작업	용접작업	건축 > 지붕 및 홈통공사 > 용접작업
bf96d298be62d6a3ffef772da0d50e7ab042412d5d91340436ce85ab2b972cb0	1bda673e67d9a12e21efca383859477c9ee86d489623313ec64c630192394805	건축	철골공사	용접작업	용접작업	건축 > 철골공사 > 용접작업
4b5b6ba51a4c0ddf7ff874adea47c79e83701cb18cea2230b525c9fd49d07f08	3143a03fce721cb2d976b2aed78c9b1b10edcfa04d206f1dcddf59340f1e6b18	건축	철근콘크리트공사	용접작업	용접작업	건축 > 철근콘크리트공사 > 용접작업
a31f569d510a2f20401b24b9d7cf50fc0a1e35701771fac04e211b875112ad66	817b82a16c6a75af5c6073f5a2f1d4d855343279e834f05e19cfeee8872ea5da	건축	해체 및 철거공사	용접작업	용접작업	건축 > 해체 및 철거공사 > 용접작업
a24bc1a5be7dd9ef24584696ad3086702a705bfef93b41fb2440a1e48a2718e7	92780acb02509d83e67eb6aa04be60122fe8cc8344750f4b420cbb1826c665cd	기계설비	기계설비공사	용접작업	용접작업	기계설비 > 기계설비공사 > 용접작업
054230c579275c8757ec01d947f76f26d285e6fdd5804150643e4bcf776f8ce1	36f84dc937e94c7f2d307dbb7c398c9e7ce45d7161a7d8c742eadc62482cd751	기타	기타	용접작업	용접작업	기타 > 기타 > 용접작업
58c281c81721f7fa0a7e8466317f7a65976028c8a27e52ac6e4d16cb9239cc19	c88d808f9a60676a0f54b61760a2cb1bb083596f00d94e8f8874d3b9e17cddf2	산업설비	가설공사	용접작업	용접작업	산업설비 > 가설공사 > 용접작업
af98dff732585f6fceffc330a66dc42f4f3b49a1193848e5def1b6e653c1eae7	60e0d4bca0074bb571c00d4eed761a29ee916ea936f0e559123ba966aab66913	산업설비	산업설비공사	용접작업	용접작업	산업설비 > 산업설비공사 > 용접작업
c1444e8613c36a523874a39635709a4120c93b03d18d65c7cf44a6b8977a0123	234c53cd209f6bb0eb70a5f940987057e6c272ded8459b5d8ed205582e08e775	산업설비	지반조사	용접작업	용접작업	산업설비 > 지반조사 > 용접작업
34601bf918dcedef6f8cca533789282c6d0b940cd2d242f554dec7bd51532483	d36f80d37be8a8478764149f90b6eb8acd669d1f46b568acd360ea21fded3b73	전기설비	전기설비공사	용접작업	용접작업	전기설비 > 전기설비공사 > 용접작업
4def190a95a9a07b35c92f796850d2b8bf6c42cf8b38892beee112680a4061cf	7184418b3260b94cb289fc430ec6870768631cedc0276f08da75d1fd21634329	토목	가설공사	용접작업	용접작업	토목 > 가설공사 > 용접작업
75670533b6aa835e5a7b46eaf724b1151b6b1b0b8d30afe296748cc4d773613d	1ffaed9eb99ad7a3e2933a29394d986da2eef6b40a53650f4dae02e33b6f8718	토목	강구조물공사	용접작업	용접작업	토목 > 강구조물공사 > 용접작업
9c3b76eb27e1290fa3602e6665166e2deb8a1f2b6d3acd58ca4eb1e1766829e4	6142818dbeca390db750ed5b8ab72ccae2f3848dc1bf54063f0fc7f4d8d552a2	토목	관공사	용접작업	용접작업	토목 > 관공사 > 용접작업
b5d0624486db8a0a715d43a9aecf5fe5a227e260de15b2af1c4670cb2975acdb	7d97163b1558c6a7a2824a97cca8eac37d3e3f1b9c823e21ea840677d1420e38	토목	관공사 부대공사	용접작업	용접작업	토목 > 관공사 부대공사 > 용접작업
b592525ef552dfdbe9cb7d6fcb98b68b45645a282d0f655148710bfdd8b95173	2438c2b03171c8e6534f7020c743b9249b389886e7e9d7e081fc1977f09970a2	토목	교량공사	용접작업	용접작업	토목 > 교량공사 > 용접작업
3d1c7ac169d6f6b59b308e3de0046e1725ea2ad5fb26037c20d215cb2f68de93	0f74161b28a96d20a1cd347de2d86209e75941c55dc29d08c4e42dd2d7da2b57	토목	댐 및 제방공사	용접작업	용접작업	토목 > 댐 및 제방공사 > 용접작업
89db2f248965b088d346152c578dd684072314950ce6a5b3fe784f07447a86c8	740ba6fe62edf748f9e9707a5a8db50176a48e582e46c9aa93a53787d15b5f4d	토목	말뚝공사	용접작업	용접작업	토목 > 말뚝공사 > 용접작업
bb5f5324a72f603872dd26d7763d9ff63997fbd031ec992149bc08aa97055fef	e69cac9d45fe928cd4a40876d9f5ab38e4da36b946be0b4d1183887495d731e4	토목	철근콘크리트공사	용접작업	용접작업	토목 > 철근콘크리트공사 > 용접작업
133d647ba4199c08b7a4a0768fe4e04c6509efe924d2e94dde6b1edfc8679d7a	656ab8544db01eb4f69dbbe4e0aed46f8e974318ec2b5a02418d8a6d4121cbb3	토목	철도 및 궤도공사	용접작업	용접작업	토목 > 철도 및 궤도공사 > 용접작업
a61d4c8bd691e880b7a152cfba6dce019746923498a212995d85a56c636ee65a	53ad3ee18d06b1c5945f1561d9d0a019b575a9f59dba70d67a6f2e7482581949	토목	토공사	용접작업	용접작업	토목 > 토공사 > 용접작업
57457a331c94593c0ff4836fb335d1cc0ec9c608a858c69c8137b38b697f49a5	3004e0d20c6003920e6c7e0d856ddf2908aa975470afa0e46154a70cef1fe097	토목	하천공사	용접작업	용접작업	토목 > 하천공사 > 용접작업
a9f8256c4c1cab121800cdc3a9494bd7425e767e5ba4182dcf7b4e8e62211035	2fedcc96256e2b1b71331e3bcc7fdf71299ee7ac4c834c71fe3e0c4b3465fe0a	건축	가설공사	운반작업	운반작업	건축 > 가설공사 > 운반작업
faf2dd6b142833276fabeefc0bd26f34ba9d948480f23037ea38fbd670240657	9079d78c78ec31d527c42aa8d8c9d72cb16a04a847b6d82b28a20e0615ef77c8	건축	건축 토공사	운반작업	운반작업	건축 > 건축 토공사 > 운반작업
d8cbc27bf970dcc5741418e47ae3f176c8e2077af61a6e70f58a46b8e25418f1	ff545edd9c384c7436e7a912c81232e604620903a4326832fd2b421853373a43	건축	건축물 부대공사	운반작업	운반작업	건축 > 건축물 부대공사 > 운반작업
ae7c0bbd7856213c8fe94de970390230f85d1d7261d81da22dd36285e713b18b	88501d9327e445bbfa0da8886ce396e9005b40232883c104c8aadb131b07a440	건축	미장공사	운반작업	운반작업	건축 > 미장공사 > 운반작업
5d2ddb69f899a06fc637a0b7517e1d6c729c2824c4d074ffba0c2ef0e209e23a	bd63b86849b17eaec8a24b486c591faee838a3fcee521ec77f2f21f4894a7921	건축	수장공사	운반작업	운반작업	건축 > 수장공사 > 운반작업
42018808ea3f30db8f181f80157ac82dad9ec874ca4c000a72194a8ea43ea693	1bda673e67d9a12e21efca383859477c9ee86d489623313ec64c630192394805	건축	철골공사	운반작업	운반작업	건축 > 철골공사 > 운반작업
f2a6b4c10b3a5b6d9fd2f54431fef25b8ae28f74fe2904c71c27adbe39c48399	3143a03fce721cb2d976b2aed78c9b1b10edcfa04d206f1dcddf59340f1e6b18	건축	철근콘크리트공사	운반작업	운반작업	건축 > 철근콘크리트공사 > 운반작업
beb42496824d376202c0cedf07653d922f9d7e123bb6b1348c772c5f0222dc94	817b82a16c6a75af5c6073f5a2f1d4d855343279e834f05e19cfeee8872ea5da	건축	해체 및 철거공사	운반작업	운반작업	건축 > 해체 및 철거공사 > 운반작업
a3cdd82aff8ea73efb6c40d22b32f55cf10369e3b84a2e6b6aaa8046ba83b265	92780acb02509d83e67eb6aa04be60122fe8cc8344750f4b420cbb1826c665cd	기계설비	기계설비공사	운반작업	운반작업	기계설비 > 기계설비공사 > 운반작업
0910feaef21bc64f142753a819cf50e8551a23bca4f0c57b6f132bdaa6d4e8c5	36f84dc937e94c7f2d307dbb7c398c9e7ce45d7161a7d8c742eadc62482cd751	기타	기타	운반작업	운반작업	기타 > 기타 > 운반작업
f8df53e4d8d95b59a0e05d2c139b4320a986b9626d39a19af7ca744fec244259	60e0d4bca0074bb571c00d4eed761a29ee916ea936f0e559123ba966aab66913	산업설비	산업설비공사	운반작업	운반작업	산업설비 > 산업설비공사 > 운반작업
aac090fef4da14e54bbd22f767525143dc0bb5c2cedf8d04f35983444b9155f7	7184418b3260b94cb289fc430ec6870768631cedc0276f08da75d1fd21634329	토목	가설공사	운반작업	운반작업	토목 > 가설공사 > 운반작업
b8e4a586e16d02992f7342cfb8e017363d5801f80a9614fac13f10091f3a3c47	1ffaed9eb99ad7a3e2933a29394d986da2eef6b40a53650f4dae02e33b6f8718	토목	강구조물공사	운반작업	운반작업	토목 > 강구조물공사 > 운반작업
73001f369da075b0d057e1feac3a1d0a0b03425685ed57b0878b5d1546ff030a	6142818dbeca390db750ed5b8ab72ccae2f3848dc1bf54063f0fc7f4d8d552a2	토목	관공사	운반작업	운반작업	토목 > 관공사 > 운반작업
d3ea18c177ecfa0d7a581d9affd44188d4c87de8560658edb2a4973fd308f589	7d97163b1558c6a7a2824a97cca8eac37d3e3f1b9c823e21ea840677d1420e38	토목	관공사 부대공사	운반작업	운반작업	토목 > 관공사 부대공사 > 운반작업
6ca7a5d87a400c89e034cf854ff3293da714a55c9e549706380ea7f3b810c7f8	2438c2b03171c8e6534f7020c743b9249b389886e7e9d7e081fc1977f09970a2	토목	교량공사	운반작업	운반작업	토목 > 교량공사 > 운반작업
6c8c2371e7c0a75e993756b46fff0e3b2dfde6a83d68dbf9def5fbcaefcc47ab	0f74161b28a96d20a1cd347de2d86209e75941c55dc29d08c4e42dd2d7da2b57	토목	댐 및 제방공사	운반작업	운반작업	토목 > 댐 및 제방공사 > 운반작업
affa94a0755e8d25904ed53cf17f51373fad1087329c180b78ae2c454b6a7ba0	9039310779ad406faf8b2990ff1819ffac9770f931566c02270ccc7a604f177e	토목	도로 및 포장공사	운반작업	운반작업	토목 > 도로 및 포장공사 > 운반작업
de266fbf51ac909692fd2e769b92a2a7d1bc97f5701604341b31e92ac0185a03	e69cac9d45fe928cd4a40876d9f5ab38e4da36b946be0b4d1183887495d731e4	토목	철근콘크리트공사	운반작업	운반작업	토목 > 철근콘크리트공사 > 운반작업
5bbb69aa201e3a6de779883fc023d38f8b94dbf3728562b785fd310a17365e6d	656ab8544db01eb4f69dbbe4e0aed46f8e974318ec2b5a02418d8a6d4121cbb3	토목	철도 및 궤도공사	운반작업	운반작업	토목 > 철도 및 궤도공사 > 운반작업
0eef7023fc07074e4bb0324e3a05c82bcb31a705ea866497c55922507a58362f	d781735c3affaf0eac8b0645b21bb4e1ada1f24922cf9ba9bf90c033826b21c5	토목	터널공사	운반작업	운반작업	토목 > 터널공사 > 운반작업
34b902f0b594a12b53c0d40651176e68d406c0736598039945b1fa586c042ce0	53ad3ee18d06b1c5945f1561d9d0a019b575a9f59dba70d67a6f2e7482581949	토목	토공사	운반작업	운반작업	토목 > 토공사 > 운반작업
cbc8f5bdb49bd87fcabb194cea1cc8ed9cba83405ef46cf64db898ff44c66529	6df8dd91ff6a615b60c01504a7c853096d291e05d6210009d2c114145ea8381b	토목	프리캐스트 콘크리트공사	운반작업	운반작업	토목 > 프리캐스트 콘크리트공사 > 운반작업
0531f33a468629b7c6efd07a4f08a05b98b3a670ec0ea059f7f86b7f9634e2f8	3004e0d20c6003920e6c7e0d856ddf2908aa975470afa0e46154a70cef1fe097	토목	하천공사	운반작업	운반작업	토목 > 하천공사 > 운반작업
adbc2abab88facccad227371ebc0433a9b8856c39c64d12371d5c6fba85341e8	0909a7fc9088e27abe0969e37e9479a103d9a0a31d156a11c146ebc361f41abe	토목	해체 및 철거공사	운반작업	운반작업	토목 > 해체 및 철거공사 > 운반작업
bc6cf1e93bf909bfde5eb3e0fe5a550f9963560d23e99762d6cd182347c19ed9	2fedcc96256e2b1b71331e3bcc7fdf71299ee7ac4c834c71fe3e0c4b3465fe0a	건축	가설공사	이동	이동	건축 > 가설공사 > 이동
04f7f116380b81165d2d54d9d4907f0572d6d7074b1738e7418f0f87ed35bd9f	9079d78c78ec31d527c42aa8d8c9d72cb16a04a847b6d82b28a20e0615ef77c8	건축	건축 토공사	이동	이동	건축 > 건축 토공사 > 이동
95d255b13d0175910db9976c3167d8a382ad7861a791daf04b0cc36dfc70fda4	ff545edd9c384c7436e7a912c81232e604620903a4326832fd2b421853373a43	건축	건축물 부대공사	이동	이동	건축 > 건축물 부대공사 > 이동
98703bf4e1daf8ad5819f52ea0f3d93623b60c37e73cc5a881a705142731536e	85443ee510910c572a3dd393ac23578bf1e69b901fa5c910176180cf0da0f4d7	건축	금속공사	이동	이동	건축 > 금속공사 > 이동
8c4887a21cb3454372f9fbde792d40e9137c3dae964109dd0c6000797f02525f	205be67904970d69788fed1918f4b6c4605071579ea91c894433c3bb2950d906	건축	도장공사	이동	이동	건축 > 도장공사 > 이동
74d5c3862ea50498161db345bdeb4c2968b18bdfd1d2ceee8e82ee6d0ca58ae0	88501d9327e445bbfa0da8886ce396e9005b40232883c104c8aadb131b07a440	건축	미장공사	이동	이동	건축 > 미장공사 > 이동
87e4792021667715c71b42b56230b569978f642470d426a6692393d38ac8b8c2	bd63b86849b17eaec8a24b486c591faee838a3fcee521ec77f2f21f4894a7921	건축	수장공사	이동	이동	건축 > 수장공사 > 이동
ea4506e9cbcaf8539835db8de0dc715b681e006c6fefcee0b57e8692909908e5	b269349bad4492fd16f17ec5fab96c188f5fee8874b2946940dc99dbd58082e8	건축	지붕 및 홈통공사	이동	이동	건축 > 지붕 및 홈통공사 > 이동
7db863a867338eb9a49b4e4095b282175a5020119752119f2d34fd455e64ac22	482a7dcc2bf530eae9ab1032c048bc32d5e180c80cadc6c1fea286bdc11e6487	건축	지정공사	이동	이동	건축 > 지정공사 > 이동
a99b32d15a0ee90d3c0ae0ed358bc63d260a2f33897e6deb978db83d24a3a64c	12c797fc1a286822ecca81b0ab458d0fcaad2e02b003379c7dfe4bcd2ee1a3f0	건축	창호 및 유리공사	이동	이동	건축 > 창호 및 유리공사 > 이동
0e6632334a75e37e2df7bd6430aed7e463453ea87e1af9116ae1acd6ea24968b	1bda673e67d9a12e21efca383859477c9ee86d489623313ec64c630192394805	건축	철골공사	이동	이동	건축 > 철골공사 > 이동
35db5557824c8dfd67e7a1f259411ebe428172d80e30b25afd7adf5133b3004e	3143a03fce721cb2d976b2aed78c9b1b10edcfa04d206f1dcddf59340f1e6b18	건축	철근콘크리트공사	이동	이동	건축 > 철근콘크리트공사 > 이동
9e779b35280b38824f51cf59065c7b424e41a92a1a091e0afafe3228ef939e3d	84ba3f37613cbabaf563e54f806db16eba196d5ed54da7b489fc4548571c28f0	건축	특수 건축물공사	이동	이동	건축 > 특수 건축물공사 > 이동
1424c1124924a686f239e6941c9b2f5906e5662e18bc8881656353553c8460cb	817b82a16c6a75af5c6073f5a2f1d4d855343279e834f05e19cfeee8872ea5da	건축	해체 및 철거공사	이동	이동	건축 > 해체 및 철거공사 > 이동
d93c34bcc2c764e28461e531d4bbeca7c7af0b1d32530c5c1c715bc2b26d3372	6306745fd06f1c5818c162febfb29ef84193f3c0d2d5a970e9fddfdca617803d	기계설비	가설공사	이동	이동	기계설비 > 가설공사 > 이동
8a0a297f9497a47de2480e0fc60c6ae87db80e33ae882abd78a3ded252bc82a0	92780acb02509d83e67eb6aa04be60122fe8cc8344750f4b420cbb1826c665cd	기계설비	기계설비공사	이동	이동	기계설비 > 기계설비공사 > 이동
39fea18bcc782ee2a696e05bd72b918a877fa3280a941e07b877c9b1aaabbbad	36f84dc937e94c7f2d307dbb7c398c9e7ce45d7161a7d8c742eadc62482cd751	기타	기타	이동	이동	기타 > 기타 > 이동
1ce3089af2f10ce262ccca433854454e8e1098acd3572eec812bcdd55248607e	c88d808f9a60676a0f54b61760a2cb1bb083596f00d94e8f8874d3b9e17cddf2	산업설비	가설공사	이동	이동	산업설비 > 가설공사 > 이동
2202ee9e172d170a62eeeba695701008d5633c547d45690b328d1e48e883f1e6	60e0d4bca0074bb571c00d4eed761a29ee916ea936f0e559123ba966aab66913	산업설비	산업설비공사	이동	이동	산업설비 > 산업설비공사 > 이동
adaf772ee52c5f2e663f79bcaa67d078b71511e92344cffc425de2e41bd4bb5b	7184418b3260b94cb289fc430ec6870768631cedc0276f08da75d1fd21634329	토목	가설공사	이동	이동	토목 > 가설공사 > 이동
97eadf4ffa211434aa1612eac76f17a482962c9eeda1fc1f31820dfab8ba61b3	1ffaed9eb99ad7a3e2933a29394d986da2eef6b40a53650f4dae02e33b6f8718	토목	강구조물공사	이동	이동	토목 > 강구조물공사 > 이동
cecd35c58f1428326de1d40cfbe74c317ceb0899dabdca20ac95972d26acd882	6142818dbeca390db750ed5b8ab72ccae2f3848dc1bf54063f0fc7f4d8d552a2	토목	관공사	이동	이동	토목 > 관공사 > 이동
e11f7a79ca32c4a9741a3bce1bf95f6aded6d434531196eb85fe0693ba7d80a9	7d97163b1558c6a7a2824a97cca8eac37d3e3f1b9c823e21ea840677d1420e38	토목	관공사 부대공사	이동	이동	토목 > 관공사 부대공사 > 이동
d7af604145a2b95a88013e8e16d6da104431b224c43e2d08aa1acb166e00f9ae	2438c2b03171c8e6534f7020c743b9249b389886e7e9d7e081fc1977f09970a2	토목	교량공사	이동	이동	토목 > 교량공사 > 이동
e2e23de77c7f95a4d14c83f325327a879e0e002d83a2413c10220d5b531e24a7	0f74161b28a96d20a1cd347de2d86209e75941c55dc29d08c4e42dd2d7da2b57	토목	댐 및 제방공사	이동	이동	토목 > 댐 및 제방공사 > 이동
8e191537a0db788b4ea70ec45ff0477648f789482ea0aa53a7e0d105fb76021c	9039310779ad406faf8b2990ff1819ffac9770f931566c02270ccc7a604f177e	토목	도로 및 포장공사	이동	이동	토목 > 도로 및 포장공사 > 이동
906da50a7b70557d772e90ed411af5702967c0c74a42c8badc5f92e0bd1aaea0	740ba6fe62edf748f9e9707a5a8db50176a48e582e46c9aa93a53787d15b5f4d	토목	말뚝공사	이동	이동	토목 > 말뚝공사 > 이동
f92054875c4dfe1f021617edd92a24d64e84d3498466ccbca73c36b8116e7ef8	d5fedcab6dc5723721417460d705395cea2ad4ef0499334acace7b9324335793	토목	지반개량공사	이동	이동	토목 > 지반개량공사 > 이동
e309e73e9a0d76d147444a48f94f92357182fb8639be7187d2d8bb53dda06928	e69cac9d45fe928cd4a40876d9f5ab38e4da36b946be0b4d1183887495d731e4	토목	철근콘크리트공사	이동	이동	토목 > 철근콘크리트공사 > 이동
af980a038c3dc2e077efb0e8dfb3da7360e1a33e86ccd01a18ee147dbcdd2495	656ab8544db01eb4f69dbbe4e0aed46f8e974318ec2b5a02418d8a6d4121cbb3	토목	철도 및 궤도공사	이동	이동	토목 > 철도 및 궤도공사 > 이동
cc1a71c1246639ec4bd31bf448b145a16f4c84fef71eea0528d7a51230cbebba	d781735c3affaf0eac8b0645b21bb4e1ada1f24922cf9ba9bf90c033826b21c5	토목	터널공사	이동	이동	토목 > 터널공사 > 이동
33a19b557d35741aca8df8343cf28c6eb5a8a0dbcc37bfa5c1160dcff1ced5b0	53ad3ee18d06b1c5945f1561d9d0a019b575a9f59dba70d67a6f2e7482581949	토목	토공사	이동	이동	토목 > 토공사 > 이동
a2fd3aaa837fcc7aeae38e6c9ae4cdc2c1fb22672fa470a6ec496cdcbf5bdb2c	3004e0d20c6003920e6c7e0d856ddf2908aa975470afa0e46154a70cef1fe097	토목	하천공사	이동	이동	토목 > 하천공사 > 이동
953ee8c3b8744cc7191adc2916ce011e3d694cd6e2dc54b7abcf96a444587c04	a1fe25df3ef2cb7045f3161778422f0eb2183634902cf257026dd6c7cf7fbea8	토목	항만공사	이동	이동	토목 > 항만공사 > 이동
af639997418873989ccc161215f2d99c4aff3b77538bc056a9581b7cdf1453df	9079d78c78ec31d527c42aa8d8c9d72cb16a04a847b6d82b28a20e0615ef77c8	건축	건축 토공사	인발작업	인발작업	건축 > 건축 토공사 > 인발작업
148766e3da32b5adb71575b8916c2b83ee7d939dfbdaf084547dbcae96a3f2a2	7184418b3260b94cb289fc430ec6870768631cedc0276f08da75d1fd21634329	토목	가설공사	인발작업	인발작업	토목 > 가설공사 > 인발작업
8cb46732f9d12d3325adcd257378ed80e3f03338b76809e67abc21a3ec4cf7e7	6142818dbeca390db750ed5b8ab72ccae2f3848dc1bf54063f0fc7f4d8d552a2	토목	관공사	인발작업	인발작업	토목 > 관공사 > 인발작업
91f6bf9c63f02e1c6aba13929e0a2726e4fb4ec26a935801ceb40d3bf182bc0e	2438c2b03171c8e6534f7020c743b9249b389886e7e9d7e081fc1977f09970a2	토목	교량공사	인발작업	인발작업	토목 > 교량공사 > 인발작업
47b4c623034eb5bf5c4d95320a8f05e57941b9fca27b36ec3dc971bc20125f3d	53ad3ee18d06b1c5945f1561d9d0a019b575a9f59dba70d67a6f2e7482581949	토목	토공사	인발작업	인발작업	토목 > 토공사 > 인발작업
0280bcad8c6913726e6ab9dc0f13b7d6aafa126924fa65c4f436b8cfa6e26c31	2fedcc96256e2b1b71331e3bcc7fdf71299ee7ac4c834c71fe3e0c4b3465fe0a	건축	가설공사	인양작업	인양작업	건축 > 가설공사 > 인양작업
4a69a709c5057eee96aa562a6aa55e85dc3473ef35fdb7285fbc80ed33c9bdc9	9079d78c78ec31d527c42aa8d8c9d72cb16a04a847b6d82b28a20e0615ef77c8	건축	건축 토공사	인양작업	인양작업	건축 > 건축 토공사 > 인양작업
e281d2e92b4c5524181efd19a42e35e5ccd4f30c641857eff9aff9ae720863ca	ff545edd9c384c7436e7a912c81232e604620903a4326832fd2b421853373a43	건축	건축물 부대공사	인양작업	인양작업	건축 > 건축물 부대공사 > 인양작업
d0350ee527adf5a1a529005a47b1c401d3c40b21b640c035c5c0ad32f0ed96e2	482a7dcc2bf530eae9ab1032c048bc32d5e180c80cadc6c1fea286bdc11e6487	건축	지정공사	인양작업	인양작업	건축 > 지정공사 > 인양작업
e6e2056d4da78ba24391d00bffc74cdc45b316fc925b986891f196b3920bc02e	12c797fc1a286822ecca81b0ab458d0fcaad2e02b003379c7dfe4bcd2ee1a3f0	건축	창호 및 유리공사	인양작업	인양작업	건축 > 창호 및 유리공사 > 인양작업
78d698d2bb0884b65bd8b8fd20c9a810b03872a35accf0dc89adff17dfc57a16	1bda673e67d9a12e21efca383859477c9ee86d489623313ec64c630192394805	건축	철골공사	인양작업	인양작업	건축 > 철골공사 > 인양작업
115db8d1c92ef81c575f56078fee393f673e2ff812b6d01e476b8998eb70e38d	3143a03fce721cb2d976b2aed78c9b1b10edcfa04d206f1dcddf59340f1e6b18	건축	철근콘크리트공사	인양작업	인양작업	건축 > 철근콘크리트공사 > 인양작업
fa5dd2b7737a62fa8fbd1befc45e710987e40fc377fd4c3bd5369691930a3e9f	6306745fd06f1c5818c162febfb29ef84193f3c0d2d5a970e9fddfdca617803d	기계설비	가설공사	인양작업	인양작업	기계설비 > 가설공사 > 인양작업
e03e38f7536741b824dec9b3a4161fc4a02875a6303541fd895661dfaee43d07	92780acb02509d83e67eb6aa04be60122fe8cc8344750f4b420cbb1826c665cd	기계설비	기계설비공사	인양작업	인양작업	기계설비 > 기계설비공사 > 인양작업
a2b20462bafa3b193938b580e61fe1e6d18acfee26976f60a8ab511c9410cfc7	36f84dc937e94c7f2d307dbb7c398c9e7ce45d7161a7d8c742eadc62482cd751	기타	기타	인양작업	인양작업	기타 > 기타 > 인양작업
d9b354f39b63b3c8a1deadef8d59b7d4700c1f255a6db0b8ef728afa5e872a2e	60e0d4bca0074bb571c00d4eed761a29ee916ea936f0e559123ba966aab66913	산업설비	산업설비공사	인양작업	인양작업	산업설비 > 산업설비공사 > 인양작업
9e87a13468189ecfa33e69356193374ca16ff40bd3528f969d0db5cc82c1060a	7184418b3260b94cb289fc430ec6870768631cedc0276f08da75d1fd21634329	토목	가설공사	인양작업	인양작업	토목 > 가설공사 > 인양작업
8d0d28b5ddde0fbdee89219f3516e32c479c87c8608c191781dba801d385c749	1ffaed9eb99ad7a3e2933a29394d986da2eef6b40a53650f4dae02e33b6f8718	토목	강구조물공사	인양작업	인양작업	토목 > 강구조물공사 > 인양작업
2c6b3f61f4b51a7462d42463eeb8ef132d7d303dafe24ee184dec20951d3037a	6142818dbeca390db750ed5b8ab72ccae2f3848dc1bf54063f0fc7f4d8d552a2	토목	관공사	인양작업	인양작업	토목 > 관공사 > 인양작업
6e3c00d535ca4207a681b450a3387961818d68a14976717c340d4ee197e53129	7d97163b1558c6a7a2824a97cca8eac37d3e3f1b9c823e21ea840677d1420e38	토목	관공사 부대공사	인양작업	인양작업	토목 > 관공사 부대공사 > 인양작업
a40b5be4329db63b9b80afe18b785dda02d430d6ccbbb2e9a7eb4b00554bbb64	2438c2b03171c8e6534f7020c743b9249b389886e7e9d7e081fc1977f09970a2	토목	교량공사	인양작업	인양작업	토목 > 교량공사 > 인양작업
bcc3bcf5a087323a8061456847dded9af1323f028599c8450f7475275b070b96	0f74161b28a96d20a1cd347de2d86209e75941c55dc29d08c4e42dd2d7da2b57	토목	댐 및 제방공사	인양작업	인양작업	토목 > 댐 및 제방공사 > 인양작업
b904d99fefd6322b22125e4e0dd1457df79d73f412e4ecd4e735f8639a2e5fb9	9039310779ad406faf8b2990ff1819ffac9770f931566c02270ccc7a604f177e	토목	도로 및 포장공사	인양작업	인양작업	토목 > 도로 및 포장공사 > 인양작업
aad73481b532c3bd8fc19bf4bb37b99623d6bf8278ca244975faf31a38c2f572	740ba6fe62edf748f9e9707a5a8db50176a48e582e46c9aa93a53787d15b5f4d	토목	말뚝공사	인양작업	인양작업	토목 > 말뚝공사 > 인양작업
c86605e7e367da0a2469614e60a74518e301e7cde5a4d41a25d8e586ff95bddc	e69cac9d45fe928cd4a40876d9f5ab38e4da36b946be0b4d1183887495d731e4	토목	철근콘크리트공사	인양작업	인양작업	토목 > 철근콘크리트공사 > 인양작업
38487cbd7c8a56fddcc822be4eb26a9e9535b21cbb2ac498d7310e672d844c2e	656ab8544db01eb4f69dbbe4e0aed46f8e974318ec2b5a02418d8a6d4121cbb3	토목	철도 및 궤도공사	인양작업	인양작업	토목 > 철도 및 궤도공사 > 인양작업
02cac3f1481582d8de5c1aa31907cb0e86bc45bde5a5240052147ca227868b45	d781735c3affaf0eac8b0645b21bb4e1ada1f24922cf9ba9bf90c033826b21c5	토목	터널공사	인양작업	인양작업	토목 > 터널공사 > 인양작업
19a3e1c0c6e44e2fadcc32c0716647d941217036fe6cddf0670bae74928e03a5	53ad3ee18d06b1c5945f1561d9d0a019b575a9f59dba70d67a6f2e7482581949	토목	토공사	인양작업	인양작업	토목 > 토공사 > 인양작업
bad9498e9db568362ab323f632335d475c25deb628174278f597554921b33834	6df8dd91ff6a615b60c01504a7c853096d291e05d6210009d2c114145ea8381b	토목	프리캐스트 콘크리트공사	인양작업	인양작업	토목 > 프리캐스트 콘크리트공사 > 인양작업
c8f4e68d1af1078a940fc56a807f5a954f8413ddfce0ffb3432c9f9a51697a26	3004e0d20c6003920e6c7e0d856ddf2908aa975470afa0e46154a70cef1fe097	토목	하천공사	인양작업	인양작업	토목 > 하천공사 > 인양작업
a47140f0db66b4b839579f9230c7fb71ff1b7fdef4dd97733302cb9ad34a4731	0909a7fc9088e27abe0969e37e9479a103d9a0a31d156a11c146ebc361f41abe	토목	해체 및 철거공사	인양작업	인양작업	토목 > 해체 및 철거공사 > 인양작업
c10af25e7222a7cb959ee15e84216a84dab5764890a2586272633c6624e4d95f	9079d78c78ec31d527c42aa8d8c9d72cb16a04a847b6d82b28a20e0615ef77c8	건축	건축 토공사	장약 및 발파작업	장약 및 발파작업	건축 > 건축 토공사 > 장약 및 발파작업
a01acb8abb5884545427c7e180ab733ce3365dd75567a98baddefc78e365c706	92fc08fb809cc1c3bddd257855e3331be3ea726e4c964aa27d9dcb3137079040	건축	지반조사	장약 및 발파작업	장약 및 발파작업	건축 > 지반조사 > 장약 및 발파작업
4d34982f3f41c9abbfa5c8c8afcb6f901c490f4cd360b58a4f7ca4412f5593b3	817b82a16c6a75af5c6073f5a2f1d4d855343279e834f05e19cfeee8872ea5da	건축	해체 및 철거공사	장약 및 발파작업	장약 및 발파작업	건축 > 해체 및 철거공사 > 장약 및 발파작업
6ac3a80b516f9822413f5a16264745c3da6535e59a5d41e94d256e16db88db91	60e0d4bca0074bb571c00d4eed761a29ee916ea936f0e559123ba966aab66913	산업설비	산업설비공사	장약 및 발파작업	장약 및 발파작업	산업설비 > 산업설비공사 > 장약 및 발파작업
c284c58a7d300c449a422a04770801985ac5ac24d7b1886c3fa386eaa283c8a5	0f74161b28a96d20a1cd347de2d86209e75941c55dc29d08c4e42dd2d7da2b57	토목	댐 및 제방공사	장약 및 발파작업	장약 및 발파작업	토목 > 댐 및 제방공사 > 장약 및 발파작업
cc3283c85a234ec0d1e363ba7f0e25cac93f3a535611fa4de81e52d445110022	9039310779ad406faf8b2990ff1819ffac9770f931566c02270ccc7a604f177e	토목	도로 및 포장공사	장약 및 발파작업	장약 및 발파작업	토목 > 도로 및 포장공사 > 장약 및 발파작업
aaf3b02d93e32b6ebae14ce31cb98d5302aa62484b653e11add70b8a9ee91ea8	a90eb6dc876af3ebf1285c8058c262a4560ca5a65a9b4cce20e5c452c67f5d08	토목	지반조사	장약 및 발파작업	장약 및 발파작업	토목 > 지반조사 > 장약 및 발파작업
4bcd12813a918603d8b38a34a89b9d68226deb2c86a82f9d286de0c8f394cb62	d781735c3affaf0eac8b0645b21bb4e1ada1f24922cf9ba9bf90c033826b21c5	토목	터널공사	장약 및 발파작업	장약 및 발파작업	토목 > 터널공사 > 장약 및 발파작업
c7a1dfc6450566681d08082a626ca7eb224c8400bd8b98135bbbc2b919ef5179	53ad3ee18d06b1c5945f1561d9d0a019b575a9f59dba70d67a6f2e7482581949	토목	토공사	장약 및 발파작업	장약 및 발파작업	토목 > 토공사 > 장약 및 발파작업
d983159cdf2d1ca6a130c32267eb1a9eef6ddcac2a44a89449662671256f6b9b	2fedcc96256e2b1b71331e3bcc7fdf71299ee7ac4c834c71fe3e0c4b3465fe0a	건축	가설공사	적재작업	적재작업	건축 > 가설공사 > 적재작업
741ee8596350725b336eb1073456eeff426ca2ae34105a7ef96d2737d4f911e2	9079d78c78ec31d527c42aa8d8c9d72cb16a04a847b6d82b28a20e0615ef77c8	건축	건축 토공사	적재작업	적재작업	건축 > 건축 토공사 > 적재작업
f145a6623bf9aaa357115492c92755024a923063f148d8ca1f00833f025dc547	ff545edd9c384c7436e7a912c81232e604620903a4326832fd2b421853373a43	건축	건축물 부대공사	적재작업	적재작업	건축 > 건축물 부대공사 > 적재작업
0e76b284b840b25c0c364b8fc0bbc68a786557cdc04716859da8b97b47c162e3	3f17638c2b008f9a89bd550330559b27030f895897215e4f7bbb14d59df1baee	건축	조적공사	적재작업	적재작업	건축 > 조적공사 > 적재작업
cc26d702ef6db0e7aa9ad7457e26713a999a973b2418b1845a6e12785961266d	92fc08fb809cc1c3bddd257855e3331be3ea726e4c964aa27d9dcb3137079040	건축	지반조사	적재작업	적재작업	건축 > 지반조사 > 적재작업
68bce6418e701d5c85ecdaedebcb66450f50431e49564052da6f01261bc393f8	482a7dcc2bf530eae9ab1032c048bc32d5e180c80cadc6c1fea286bdc11e6487	건축	지정공사	적재작업	적재작업	건축 > 지정공사 > 적재작업
ba1ad727082059351c8c685003cf8534d034b52a32dc2012398538999c28bc07	1bda673e67d9a12e21efca383859477c9ee86d489623313ec64c630192394805	건축	철골공사	적재작업	적재작업	건축 > 철골공사 > 적재작업
fe5478eb1241fa6e9506f6bb03a95c7203487f4a1a3e3931da19d18ef52fe532	3143a03fce721cb2d976b2aed78c9b1b10edcfa04d206f1dcddf59340f1e6b18	건축	철근콘크리트공사	적재작업	적재작업	건축 > 철근콘크리트공사 > 적재작업
67bacaefa65507d00a67c98bb0005efb15e3aadd9b19f1c2c7ab282c4e21cfd2	36f84dc937e94c7f2d307dbb7c398c9e7ce45d7161a7d8c742eadc62482cd751	기타	기타	적재작업	적재작업	기타 > 기타 > 적재작업
2996bcb3e18d95f8a0fdb370de4318d6154f597f89b7289076140932fa4989a7	60e0d4bca0074bb571c00d4eed761a29ee916ea936f0e559123ba966aab66913	산업설비	산업설비공사	적재작업	적재작업	산업설비 > 산업설비공사 > 적재작업
689130bbae65e6ccf278f1f814809d322894c76a752fc86575c03fc0c888c101	7184418b3260b94cb289fc430ec6870768631cedc0276f08da75d1fd21634329	토목	가설공사	적재작업	적재작업	토목 > 가설공사 > 적재작업
e5f6543f56dbed472f001493497672e631ee5fa23a5647558972ae882ebc8aa9	1ffaed9eb99ad7a3e2933a29394d986da2eef6b40a53650f4dae02e33b6f8718	토목	강구조물공사	적재작업	적재작업	토목 > 강구조물공사 > 적재작업
8804ffafd21e0923f926d38b48ecede3b4035b32bfb536b5665cf92cf297208c	6142818dbeca390db750ed5b8ab72ccae2f3848dc1bf54063f0fc7f4d8d552a2	토목	관공사	적재작업	적재작업	토목 > 관공사 > 적재작업
09cb2a25b6993de7579712d117539c4fb8f4e7c2907b24df6ed391b6d3a4e9b9	7d97163b1558c6a7a2824a97cca8eac37d3e3f1b9c823e21ea840677d1420e38	토목	관공사 부대공사	적재작업	적재작업	토목 > 관공사 부대공사 > 적재작업
e261a654a74cf10acfb46f97aba2f7bb20daa4ddf593251d70fb30f63c7e185e	2438c2b03171c8e6534f7020c743b9249b389886e7e9d7e081fc1977f09970a2	토목	교량공사	적재작업	적재작업	토목 > 교량공사 > 적재작업
78e1dedce3e8a4faaf34315bba8912f98037afef3e774c7e73ec2f8996575efb	740ba6fe62edf748f9e9707a5a8db50176a48e582e46c9aa93a53787d15b5f4d	토목	말뚝공사	적재작업	적재작업	토목 > 말뚝공사 > 적재작업
4917daee0632bcde58bf4f7e45612266fbbbaa7fbd4f72482b04156bfb0d2995	d5fedcab6dc5723721417460d705395cea2ad4ef0499334acace7b9324335793	토목	지반개량공사	적재작업	적재작업	토목 > 지반개량공사 > 적재작업
fc66076d3b13638cced26a342ca41aace7889aa1b736ee8d9cf021885227ed94	e69cac9d45fe928cd4a40876d9f5ab38e4da36b946be0b4d1183887495d731e4	토목	철근콘크리트공사	적재작업	적재작업	토목 > 철근콘크리트공사 > 적재작업
72e0b829ffb2b9db329cab64a1f5a75f323e3e3f60c92684dfd66568ffcb83f6	656ab8544db01eb4f69dbbe4e0aed46f8e974318ec2b5a02418d8a6d4121cbb3	토목	철도 및 궤도공사	적재작업	적재작업	토목 > 철도 및 궤도공사 > 적재작업
817286ed371f586ba5eb94d793c15e88d8b04db02e4487ccba83055cfde820e6	53ad3ee18d06b1c5945f1561d9d0a019b575a9f59dba70d67a6f2e7482581949	토목	토공사	적재작업	적재작업	토목 > 토공사 > 적재작업
258c115f0bde61eacfab5722996341fe4cf9a48c6594a5488b0fcd01706d0c3f	3004e0d20c6003920e6c7e0d856ddf2908aa975470afa0e46154a70cef1fe097	토목	하천공사	적재작업	적재작업	토목 > 하천공사 > 적재작업
e17a67a67839dc33b8cf088a4ad0b74bb3218ccb619d9575ba183a1fb238506a	2fedcc96256e2b1b71331e3bcc7fdf71299ee7ac4c834c71fe3e0c4b3465fe0a	건축	가설공사	전기작업	전기작업	건축 > 가설공사 > 전기작업
de2151310578ab945c4ce4a2eb23230df9926f1cf9d5d404091cf3c7ca8c010b	9079d78c78ec31d527c42aa8d8c9d72cb16a04a847b6d82b28a20e0615ef77c8	건축	건축 토공사	전기작업	전기작업	건축 > 건축 토공사 > 전기작업
2b39ab1334ed47881b9f07c3d0e4542668bb373422fc5c5f896a564f410cb06c	ff545edd9c384c7436e7a912c81232e604620903a4326832fd2b421853373a43	건축	건축물 부대공사	전기작업	전기작업	건축 > 건축물 부대공사 > 전기작업
988cda0033f3d7f88098684da506c6a3680c6b3cebde866794a9279ee9291e15	85443ee510910c572a3dd393ac23578bf1e69b901fa5c910176180cf0da0f4d7	건축	금속공사	전기작업	전기작업	건축 > 금속공사 > 전기작업
238e79830814ceda798c2efafd671db658372f0b1f546ff93d8ab9083d76d88e	88501d9327e445bbfa0da8886ce396e9005b40232883c104c8aadb131b07a440	건축	미장공사	전기작업	전기작업	건축 > 미장공사 > 전기작업
d2d6dc9bf18b3120bde04a8f28182e00e7021ad6776ba31296a632c9974dace2	1bda673e67d9a12e21efca383859477c9ee86d489623313ec64c630192394805	건축	철골공사	전기작업	전기작업	건축 > 철골공사 > 전기작업
2a138e3764c2a5089a166bbe67ea04bd3913b84fd3739fa150cac452d327a193	3143a03fce721cb2d976b2aed78c9b1b10edcfa04d206f1dcddf59340f1e6b18	건축	철근콘크리트공사	전기작업	전기작업	건축 > 철근콘크리트공사 > 전기작업
adf97204c556e7a8ce81b5c9c5568e3259eab44c8d11eb98cf4f16812445f9f6	36f84dc937e94c7f2d307dbb7c398c9e7ce45d7161a7d8c742eadc62482cd751	기타	기타	전기작업	전기작업	기타 > 기타 > 전기작업
4976be77f4801b89d7f26f69708778985b477e32fb95dad46c8c04605a0eb8ff	60e0d4bca0074bb571c00d4eed761a29ee916ea936f0e559123ba966aab66913	산업설비	산업설비공사	전기작업	전기작업	산업설비 > 산업설비공사 > 전기작업
bc4f7c0e313ad8b7063074019fe083e84c0ba6fb75d75697fa06d6c0a5502965	c6991388fb908a9c2aad77a041896990e2d55004ed8fc855cb77ec2dc981b72d	전기설비	가설공사	전기작업	전기작업	전기설비 > 가설공사 > 전기작업
3011bacb8081f0a23e8749ad10669266e65f38ae406611d86abea933cf8004cf	d36f80d37be8a8478764149f90b6eb8acd669d1f46b568acd360ea21fded3b73	전기설비	전기설비공사	전기작업	전기작업	전기설비 > 전기설비공사 > 전기작업
c624d9ee38176c5f8b0cfd36a1835c6ad6768eccc86ec6d28fa1c5c9e7fd9f3c	7184418b3260b94cb289fc430ec6870768631cedc0276f08da75d1fd21634329	토목	가설공사	전기작업	전기작업	토목 > 가설공사 > 전기작업
d3624b965341201ebd1273132e728b4d5f1a6643c028adf395790f27997f5d95	6142818dbeca390db750ed5b8ab72ccae2f3848dc1bf54063f0fc7f4d8d552a2	토목	관공사	전기작업	전기작업	토목 > 관공사 > 전기작업
be5efb71c0148195d1278a2ca3b7821ec1a93cc4589f4b2132f49d558f7785c5	7d97163b1558c6a7a2824a97cca8eac37d3e3f1b9c823e21ea840677d1420e38	토목	관공사 부대공사	전기작업	전기작업	토목 > 관공사 부대공사 > 전기작업
e110ca001ab7fe8ee832a909e0f970a7869497666b68d64a782161dd45ebfcb2	2438c2b03171c8e6534f7020c743b9249b389886e7e9d7e081fc1977f09970a2	토목	교량공사	전기작업	전기작업	토목 > 교량공사 > 전기작업
899da395764caa03645b3d4d3304d737e2c40ecebf8b88d6c0f957955ccd4761	0f74161b28a96d20a1cd347de2d86209e75941c55dc29d08c4e42dd2d7da2b57	토목	댐 및 제방공사	전기작업	전기작업	토목 > 댐 및 제방공사 > 전기작업
1db3a20a118673099b335c258f081a4f2825b9f51e47ff441d77a92d690e817a	53ad3ee18d06b1c5945f1561d9d0a019b575a9f59dba70d67a6f2e7482581949	토목	토공사	전기작업	전기작업	토목 > 토공사 > 전기작업
d2bf2183aaac17cf2c2e72d750296796c60fb8ec3f8af6a4412b93eb0986b527	3004e0d20c6003920e6c7e0d856ddf2908aa975470afa0e46154a70cef1fe097	토목	하천공사	전기작업	전기작업	토목 > 하천공사 > 전기작업
56ded0fa0cc6dfda410aac6688fbbe178e8645dec2427382358b25ee544e6b87	2fedcc96256e2b1b71331e3bcc7fdf71299ee7ac4c834c71fe3e0c4b3465fe0a	건축	가설공사	절단작업	절단작업	건축 > 가설공사 > 절단작업
943cc3aefaec71ca740a9fcf1ca2375cc3ca3a40dab08a99f4fdc92dd7bf6ed8	9079d78c78ec31d527c42aa8d8c9d72cb16a04a847b6d82b28a20e0615ef77c8	건축	건축 토공사	절단작업	절단작업	건축 > 건축 토공사 > 절단작업
fbf7cfa0fdb3b897ad4d4cd15fbb6e37413d57d648db63654580dce8c7bbdae5	85443ee510910c572a3dd393ac23578bf1e69b901fa5c910176180cf0da0f4d7	건축	금속공사	절단작업	절단작업	건축 > 금속공사 > 절단작업
735133424a5e18e8440d7ca8ce4cc27409fa509c361dfc5135ad0cfdcd8a44ed	166dc547b77046bb8ac5718cd18b47ed47ca2463402b5459b194e6421673b8cd	건축	목공사	절단작업	절단작업	건축 > 목공사 > 절단작업
3582ee5a38f569ff8c97db63d77077269e5ebd0f15ca87b2200fcfac342fa4eb	bd63b86849b17eaec8a24b486c591faee838a3fcee521ec77f2f21f4894a7921	건축	수장공사	절단작업	절단작업	건축 > 수장공사 > 절단작업
fc59ecf84a95b63be5a5d7e2baa5f47fe7cd59990e5783949ec1314622a24f6c	482a7dcc2bf530eae9ab1032c048bc32d5e180c80cadc6c1fea286bdc11e6487	건축	지정공사	절단작업	절단작업	건축 > 지정공사 > 절단작업
835a21a56fc745a480c7f4624dda721858e12bf4058d1403ff8782c8a08547e3	1bda673e67d9a12e21efca383859477c9ee86d489623313ec64c630192394805	건축	철골공사	절단작업	절단작업	건축 > 철골공사 > 절단작업
c8bdebbdc14ad8db2e77d64e906198f0e48a1bde48a2c187ae9e2d3e71ba4b9c	3143a03fce721cb2d976b2aed78c9b1b10edcfa04d206f1dcddf59340f1e6b18	건축	철근콘크리트공사	절단작업	절단작업	건축 > 철근콘크리트공사 > 절단작업
060cb8ba047e53c1509a8f9c85bc997156b36a6c578ec4beaab6272e893fb3db	92780acb02509d83e67eb6aa04be60122fe8cc8344750f4b420cbb1826c665cd	기계설비	기계설비공사	절단작업	절단작업	기계설비 > 기계설비공사 > 절단작업
0f22f49939949c5c3983361b2d079222e769e02c05f8c1b3db29026ed696e6ab	36f84dc937e94c7f2d307dbb7c398c9e7ce45d7161a7d8c742eadc62482cd751	기타	기타	절단작업	절단작업	기타 > 기타 > 절단작업
7b792b5fd02a765d2b023e7509adbaa4048cfdd05fdd85ce28736c382bbe2fff	60e0d4bca0074bb571c00d4eed761a29ee916ea936f0e559123ba966aab66913	산업설비	산업설비공사	절단작업	절단작업	산업설비 > 산업설비공사 > 절단작업
4a714917c49a7f14037e8596cd0b8aebf1d538d116a0d31eaa9ae2534ab6237b	7184418b3260b94cb289fc430ec6870768631cedc0276f08da75d1fd21634329	토목	가설공사	절단작업	절단작업	토목 > 가설공사 > 절단작업
07a791ad1c758efda9eaa58d0fb59065c11bf433a4408ce5b110dc094ee585f3	6142818dbeca390db750ed5b8ab72ccae2f3848dc1bf54063f0fc7f4d8d552a2	토목	관공사	절단작업	절단작업	토목 > 관공사 > 절단작업
37d46216906ef1ad9d6af823631cbe1d5ed18e21c1b7bc45dd68ce646dd59ba6	7d97163b1558c6a7a2824a97cca8eac37d3e3f1b9c823e21ea840677d1420e38	토목	관공사 부대공사	절단작업	절단작업	토목 > 관공사 부대공사 > 절단작업
7ecd70d2d8a5836a07c80e2f91104ad93a51f70e4dcfb494a851c5889d97372c	2438c2b03171c8e6534f7020c743b9249b389886e7e9d7e081fc1977f09970a2	토목	교량공사	절단작업	절단작업	토목 > 교량공사 > 절단작업
a3495d028d3f57356e36d6dfdd2bf94bf428e8bd4fd7336544269b1f8e6cf1a9	9039310779ad406faf8b2990ff1819ffac9770f931566c02270ccc7a604f177e	토목	도로 및 포장공사	절단작업	절단작업	토목 > 도로 및 포장공사 > 절단작업
d43429f54024e6ee608a79190260b2f8bbce8e3a5d2d9535bdc9e9098f4cb64b	740ba6fe62edf748f9e9707a5a8db50176a48e582e46c9aa93a53787d15b5f4d	토목	말뚝공사	절단작업	절단작업	토목 > 말뚝공사 > 절단작업
23cabd87323888f67ceb47cbdb4adb50cbe1cdc93b4611db6e915da9c5926606	e69cac9d45fe928cd4a40876d9f5ab38e4da36b946be0b4d1183887495d731e4	토목	철근콘크리트공사	절단작업	절단작업	토목 > 철근콘크리트공사 > 절단작업
9ecff664abf60c82f0a25f0e0bbe781df33edd454f7f56d53e67f240af4dfc71	656ab8544db01eb4f69dbbe4e0aed46f8e974318ec2b5a02418d8a6d4121cbb3	토목	철도 및 궤도공사	절단작업	절단작업	토목 > 철도 및 궤도공사 > 절단작업
015d57919cbb5fdd56dd272e39efa77d79457f28570bf8346f049f49c5109163	53ad3ee18d06b1c5945f1561d9d0a019b575a9f59dba70d67a6f2e7482581949	토목	토공사	절단작업	절단작업	토목 > 토공사 > 절단작업
db0e92f3da24978fc216631e71025a81a10442db069b2b4e54e633c4b1e931bc	3004e0d20c6003920e6c7e0d856ddf2908aa975470afa0e46154a70cef1fe097	토목	하천공사	절단작업	절단작업	토목 > 하천공사 > 절단작업
afdb0c17ff15b0dac0b8ce629338fec96f55b3fc3e3e6dd40b902572abcd34fc	0909a7fc9088e27abe0969e37e9479a103d9a0a31d156a11c146ebc361f41abe	토목	해체 및 철거공사	절단작업	절단작업	토목 > 해체 및 철거공사 > 절단작업
706db50eba0a75fc1091e1a9c405ab22e3f648cce0d610d1cecfcf470918d681	ff545edd9c384c7436e7a912c81232e604620903a4326832fd2b421853373a43	건축	건축물 부대공사	절취작업	절취작업	건축 > 건축물 부대공사 > 절취작업
2791a524af8d731915ff20945ac865c941014edc6a953c8b2bd17612de851c28	36f84dc937e94c7f2d307dbb7c398c9e7ce45d7161a7d8c742eadc62482cd751	기타	기타	절취작업	절취작업	기타 > 기타 > 절취작업
00e011ff9f491415a1100f550af4dd98ca8381f195800292710645946fabde06	6142818dbeca390db750ed5b8ab72ccae2f3848dc1bf54063f0fc7f4d8d552a2	토목	관공사	절취작업	절취작업	토목 > 관공사 > 절취작업
a50837e1dbabe3c234c0cd38e89f1cc2e0ee8e148573cb093233c5b57b9a0f94	2438c2b03171c8e6534f7020c743b9249b389886e7e9d7e081fc1977f09970a2	토목	교량공사	절취작업	절취작업	토목 > 교량공사 > 절취작업
894238d0dd23724d598540f03f144d03eca3b2fbe8ef70502d9e432c8c1e5dd0	9039310779ad406faf8b2990ff1819ffac9770f931566c02270ccc7a604f177e	토목	도로 및 포장공사	절취작업	절취작업	토목 > 도로 및 포장공사 > 절취작업
7aa6d24bf8871f8c81748acbfc6836885706accf5016600757b7dccc5083f277	e69cac9d45fe928cd4a40876d9f5ab38e4da36b946be0b4d1183887495d731e4	토목	철근콘크리트공사	절취작업	절취작업	토목 > 철근콘크리트공사 > 절취작업
bbcae77c9c27a67b4d67374857c81737768903a9d1dccb5531c271f2df13d2c3	53ad3ee18d06b1c5945f1561d9d0a019b575a9f59dba70d67a6f2e7482581949	토목	토공사	절취작업	절취작업	토목 > 토공사 > 절취작업
af5270c572e196cd012a9c172c7e4ea0d9510b70da9fc9e90683246cc054b4a4	0909a7fc9088e27abe0969e37e9479a103d9a0a31d156a11c146ebc361f41abe	토목	해체 및 철거공사	절취작업	절취작업	토목 > 해체 및 철거공사 > 절취작업
195104c62aa616b4e0c8de0606fd11db397cab62573ec17f8dad8e4f9fe27c03	2fedcc96256e2b1b71331e3bcc7fdf71299ee7ac4c834c71fe3e0c4b3465fe0a	건축	가설공사	정리작업	정리작업	건축 > 가설공사 > 정리작업
1b1a4ea8dbdd4e3903d3ed3173385492323f52dd0c21af7f8ac3a093d392f053	9079d78c78ec31d527c42aa8d8c9d72cb16a04a847b6d82b28a20e0615ef77c8	건축	건축 토공사	정리작업	정리작업	건축 > 건축 토공사 > 정리작업
ba705992e16b245017ca60bda16ad88d304ced2c187821d64607026b43719745	ff545edd9c384c7436e7a912c81232e604620903a4326832fd2b421853373a43	건축	건축물 부대공사	정리작업	정리작업	건축 > 건축물 부대공사 > 정리작업
402f200590d05a7dd1ddd4d0940c0d561505dbfb85243f5a95454b68b4691822	205be67904970d69788fed1918f4b6c4605071579ea91c894433c3bb2950d906	건축	도장공사	정리작업	정리작업	건축 > 도장공사 > 정리작업
6f75b082268d8110a8a88ab6bddb94e14b7fa4dce7c9a0635357550920bd8ec2	bd63b86849b17eaec8a24b486c591faee838a3fcee521ec77f2f21f4894a7921	건축	수장공사	정리작업	정리작업	건축 > 수장공사 > 정리작업
384b5f0a13a64dbda9f3d36ee9157411fa640522eea1c7c8ff90754fe445ef19	482a7dcc2bf530eae9ab1032c048bc32d5e180c80cadc6c1fea286bdc11e6487	건축	지정공사	정리작업	정리작업	건축 > 지정공사 > 정리작업
ad128ad5f0048424518f9776823452261a32431a371c4c5e1eda38602180f328	12c797fc1a286822ecca81b0ab458d0fcaad2e02b003379c7dfe4bcd2ee1a3f0	건축	창호 및 유리공사	정리작업	정리작업	건축 > 창호 및 유리공사 > 정리작업
9df55e9b54e1f248ad2da08d689ea301692f7dda234f6402236edee267e5440c	36f84dc937e94c7f2d307dbb7c398c9e7ce45d7161a7d8c742eadc62482cd751	기타	기타	정리작업	정리작업	기타 > 기타 > 정리작업
d7b16c9f6b88be0a8606ad1435f84fd315944b71c2fd9769180044cc2b03a9fd	7184418b3260b94cb289fc430ec6870768631cedc0276f08da75d1fd21634329	토목	가설공사	정리작업	정리작업	토목 > 가설공사 > 정리작업
4392e4251ad2aa4cedba27f68e73f181ef862115de29de07abfe28d6bcc70843	6142818dbeca390db750ed5b8ab72ccae2f3848dc1bf54063f0fc7f4d8d552a2	토목	관공사	정리작업	정리작업	토목 > 관공사 > 정리작업
214007a04d14e76e3aa59f75cc8e7af9d379d5d7aa5979ad419db1ec75305be8	7d97163b1558c6a7a2824a97cca8eac37d3e3f1b9c823e21ea840677d1420e38	토목	관공사 부대공사	정리작업	정리작업	토목 > 관공사 부대공사 > 정리작업
5ec5e4a08a617a8e0b3dc0e76bce7f268b7f99928b97604bdaebe239b3954332	2438c2b03171c8e6534f7020c743b9249b389886e7e9d7e081fc1977f09970a2	토목	교량공사	정리작업	정리작업	토목 > 교량공사 > 정리작업
52fd7834af8debe766cf513072ce847d9d91e1c22e95c80f3c38d273c4cf2bd5	9039310779ad406faf8b2990ff1819ffac9770f931566c02270ccc7a604f177e	토목	도로 및 포장공사	정리작업	정리작업	토목 > 도로 및 포장공사 > 정리작업
f1a7c6e04a02227b603ba4cddcf3ab4458f172df4455352e06e75fcab0a6da34	740ba6fe62edf748f9e9707a5a8db50176a48e582e46c9aa93a53787d15b5f4d	토목	말뚝공사	정리작업	정리작업	토목 > 말뚝공사 > 정리작업
94d18e1df81d07d4a87a4194e0ad1eabeb0cf9dfd8321452ace40b1e4ed1bb87	d5fedcab6dc5723721417460d705395cea2ad4ef0499334acace7b9324335793	토목	지반개량공사	정리작업	정리작업	토목 > 지반개량공사 > 정리작업
3d254dedb8e49439b4c6726ee793819b2ce93ca01b2e98df85a4322ad4650328	e69cac9d45fe928cd4a40876d9f5ab38e4da36b946be0b4d1183887495d731e4	토목	철근콘크리트공사	정리작업	정리작업	토목 > 철근콘크리트공사 > 정리작업
dbb6a12d3355e879d9a49b480ac22a4cd3d5f4fe07b5e7de086107c00e9cbb86	656ab8544db01eb4f69dbbe4e0aed46f8e974318ec2b5a02418d8a6d4121cbb3	토목	철도 및 궤도공사	정리작업	정리작업	토목 > 철도 및 궤도공사 > 정리작업
3e52e8944ac706adf9910c77ca573916e788890189780e1bed04cebc9a3ab504	53ad3ee18d06b1c5945f1561d9d0a019b575a9f59dba70d67a6f2e7482581949	토목	토공사	정리작업	정리작업	토목 > 토공사 > 정리작업
bd071b50a95e81a001e767ceb5093745bc4e3b3dcc045fadb3f30a0e7b748e0c	3004e0d20c6003920e6c7e0d856ddf2908aa975470afa0e46154a70cef1fe097	토목	하천공사	정리작업	정리작업	토목 > 하천공사 > 정리작업
d5e044e380819fc4837a0a160846b610c6134c903dc8556ab976079739c6e33b	2fedcc96256e2b1b71331e3bcc7fdf71299ee7ac4c834c71fe3e0c4b3465fe0a	건축	가설공사	정비작업	정비작업	건축 > 가설공사 > 정비작업
af86e3b24bffe048a4d74a2d0c5d2881c059e96bcaca2fb1c9008193466cca36	9079d78c78ec31d527c42aa8d8c9d72cb16a04a847b6d82b28a20e0615ef77c8	건축	건축 토공사	정비작업	정비작업	건축 > 건축 토공사 > 정비작업
3d95e32d6a371b8377e6163f6ba5e5e3e2a4ef14baf1a5f43695f083715a619c	ff545edd9c384c7436e7a912c81232e604620903a4326832fd2b421853373a43	건축	건축물 부대공사	정비작업	정비작업	건축 > 건축물 부대공사 > 정비작업
6776ef7d8d6d4605ab8e0db0940100e0b16c0d1a50816e3a6fbe1e0967987b44	482a7dcc2bf530eae9ab1032c048bc32d5e180c80cadc6c1fea286bdc11e6487	건축	지정공사	정비작업	정비작업	건축 > 지정공사 > 정비작업
f7d778dd1b86588cefabfe88ae90ef269decd52ee86c4ceb142b20d963251296	6142818dbeca390db750ed5b8ab72ccae2f3848dc1bf54063f0fc7f4d8d552a2	토목	관공사	정비작업	정비작업	토목 > 관공사 > 정비작업
f7a3a33eb9a468f64014eb6d0739189614cefc107ca8929d56f90f5e52b0f767	2438c2b03171c8e6534f7020c743b9249b389886e7e9d7e081fc1977f09970a2	토목	교량공사	정비작업	정비작업	토목 > 교량공사 > 정비작업
b518473e11d37bdf31980ab432fbf56118749be7df7425ecf73cac381690b55d	9039310779ad406faf8b2990ff1819ffac9770f931566c02270ccc7a604f177e	토목	도로 및 포장공사	정비작업	정비작업	토목 > 도로 및 포장공사 > 정비작업
2117f97ce5cb675ddb98b12bab2f55e237219ef2905da932b8d7a03bf67e2dbb	e69cac9d45fe928cd4a40876d9f5ab38e4da36b946be0b4d1183887495d731e4	토목	철근콘크리트공사	정비작업	정비작업	토목 > 철근콘크리트공사 > 정비작업
33a8a48f6dc4aa96aa7c7f91398745c7260a3c583d30c43c6d35b0fca05e210f	656ab8544db01eb4f69dbbe4e0aed46f8e974318ec2b5a02418d8a6d4121cbb3	토목	철도 및 궤도공사	정비작업	정비작업	토목 > 철도 및 궤도공사 > 정비작업
2bf4cd9701fd313b0625b59445d324d1035a8b61ffb2f5e47da5f5e07965e736	53ad3ee18d06b1c5945f1561d9d0a019b575a9f59dba70d67a6f2e7482581949	토목	토공사	정비작업	정비작업	토목 > 토공사 > 정비작업
7454069afca88741b7e845235629812aad55b4dc37dc2387720f60c9b10c6705	3004e0d20c6003920e6c7e0d856ddf2908aa975470afa0e46154a70cef1fe097	토목	하천공사	정비작업	정비작업	토목 > 하천공사 > 정비작업
d8a2ce99b11fa1e139226ac2e6baefd810d6c7be9674b9d5b5e948cf7d73a3c8	2fedcc96256e2b1b71331e3bcc7fdf71299ee7ac4c834c71fe3e0c4b3465fe0a	건축	가설공사	조립작업	조립작업	건축 > 가설공사 > 조립작업
e19dd50990181b0a32b07631dd04cecc0f4bd4188a2ec9aa60428f7436510196	9079d78c78ec31d527c42aa8d8c9d72cb16a04a847b6d82b28a20e0615ef77c8	건축	건축 토공사	조립작업	조립작업	건축 > 건축 토공사 > 조립작업
b4a4ed976e87730e65904ef0bfff524447c5729463b05d4dcc08384a55b6243b	85443ee510910c572a3dd393ac23578bf1e69b901fa5c910176180cf0da0f4d7	건축	금속공사	조립작업	조립작업	건축 > 금속공사 > 조립작업
246175ae656ddeaaa3e1ee3112ad4e2481fae77ee4a8123de8267972f49b5fd8	bd63b86849b17eaec8a24b486c591faee838a3fcee521ec77f2f21f4894a7921	건축	수장공사	조립작업	조립작업	건축 > 수장공사 > 조립작업
a7d34229a7f440981fa7e2f72c32a7f1357130d82631e15e238a2b0b04c654b6	b269349bad4492fd16f17ec5fab96c188f5fee8874b2946940dc99dbd58082e8	건축	지붕 및 홈통공사	조립작업	조립작업	건축 > 지붕 및 홈통공사 > 조립작업
aab4f954e3ef93cc1c0b5638394836998519dbd1104bc8f74c471bbcc5ab3cc9	1bda673e67d9a12e21efca383859477c9ee86d489623313ec64c630192394805	건축	철골공사	조립작업	조립작업	건축 > 철골공사 > 조립작업
c4f4330ce0a4489d2bc010cd7c651e6e0b05db192f3eba5f11f85d50ab13d7f7	3143a03fce721cb2d976b2aed78c9b1b10edcfa04d206f1dcddf59340f1e6b18	건축	철근콘크리트공사	조립작업	조립작업	건축 > 철근콘크리트공사 > 조립작업
7dfc2be848ba1cb7938ddac3cd6aeaad8c0292a8e980d1d05328faf6a52f18fb	92780acb02509d83e67eb6aa04be60122fe8cc8344750f4b420cbb1826c665cd	기계설비	기계설비공사	조립작업	조립작업	기계설비 > 기계설비공사 > 조립작업
5b2b991e61778ff02f723b1f56b41f042585b75a60dbe69e9e25d73edcbf803e	c88d808f9a60676a0f54b61760a2cb1bb083596f00d94e8f8874d3b9e17cddf2	산업설비	가설공사	조립작업	조립작업	산업설비 > 가설공사 > 조립작업
18496498b80dae165b491db08bf3b9b827615842a1203c51416758c1a43522e1	7184418b3260b94cb289fc430ec6870768631cedc0276f08da75d1fd21634329	토목	가설공사	조립작업	조립작업	토목 > 가설공사 > 조립작업
964a694d9e1f854ec5f0287ef2f84e1ee75a4cda5389265451a5a7bcc616d7e9	1ffaed9eb99ad7a3e2933a29394d986da2eef6b40a53650f4dae02e33b6f8718	토목	강구조물공사	조립작업	조립작업	토목 > 강구조물공사 > 조립작업
d2b2254bf948ef83f4938b37483041dcf2d80442a735b1ef93291af5edd74fc2	6142818dbeca390db750ed5b8ab72ccae2f3848dc1bf54063f0fc7f4d8d552a2	토목	관공사	조립작업	조립작업	토목 > 관공사 > 조립작업
2b4a115087245367f8910b51b33fa2e3d1cf21a82c8b4175e3df15ebbdfe86af	7d97163b1558c6a7a2824a97cca8eac37d3e3f1b9c823e21ea840677d1420e38	토목	관공사 부대공사	조립작업	조립작업	토목 > 관공사 부대공사 > 조립작업
ea067bd6548c2c195f798c980c069ebf05e7bf6298d95c3b4e6e6e0eef4a861a	2438c2b03171c8e6534f7020c743b9249b389886e7e9d7e081fc1977f09970a2	토목	교량공사	조립작업	조립작업	토목 > 교량공사 > 조립작업
dd44131c130342cc40247ffbd218c568a63cf537d2f7487efce398c393ddc8ef	9039310779ad406faf8b2990ff1819ffac9770f931566c02270ccc7a604f177e	토목	도로 및 포장공사	조립작업	조립작업	토목 > 도로 및 포장공사 > 조립작업
20f96ee75fb6f14ce9218a5d268c91550bd3839e07a9c9b4c8b78899139d8268	d5fedcab6dc5723721417460d705395cea2ad4ef0499334acace7b9324335793	토목	지반개량공사	조립작업	조립작업	토목 > 지반개량공사 > 조립작업
ec7641a5d30bc1a5255dc97c05ae34b4c4320822820bec12fa93c2706ad32b15	e69cac9d45fe928cd4a40876d9f5ab38e4da36b946be0b4d1183887495d731e4	토목	철근콘크리트공사	조립작업	조립작업	토목 > 철근콘크리트공사 > 조립작업
b7197c1a11ea68cc9a64821468167fa44f2341432c1419c6f6be7535a986fe49	d781735c3affaf0eac8b0645b21bb4e1ada1f24922cf9ba9bf90c033826b21c5	토목	터널공사	조립작업	조립작업	토목 > 터널공사 > 조립작업
c15363094e937f2ef39cc7b60e83804db186b5c4262522dbea95a9472248cae2	53ad3ee18d06b1c5945f1561d9d0a019b575a9f59dba70d67a6f2e7482581949	토목	토공사	조립작업	조립작업	토목 > 토공사 > 조립작업
556aeaec765e1f3c10a001cea4b0e62b20d380e1ca523660a6b3e117c1f1535b	6df8dd91ff6a615b60c01504a7c853096d291e05d6210009d2c114145ea8381b	토목	프리캐스트 콘크리트공사	조립작업	조립작업	토목 > 프리캐스트 콘크리트공사 > 조립작업
6981227fd65395df92cb84caed3c551385cdf7456391ddb043fefc743125abeb	3004e0d20c6003920e6c7e0d856ddf2908aa975470afa0e46154a70cef1fe097	토목	하천공사	조립작업	조립작업	토목 > 하천공사 > 조립작업
ac41973960be2690ad2075d395b19283312eb1c9e57c696c15a89b38405feb14	a1fe25df3ef2cb7045f3161778422f0eb2183634902cf257026dd6c7cf7fbea8	토목	항만공사	조립작업	조립작업	토목 > 항만공사 > 조립작업
8340644903870ea36f75b06c279329dc606339dc9b2acf5d760c999be0445f74	2fedcc96256e2b1b71331e3bcc7fdf71299ee7ac4c834c71fe3e0c4b3465fe0a	건축	가설공사	준비작업	준비작업	건축 > 가설공사 > 준비작업
bd8a00004d7291710d611937d0030740a29bae3404bc04938be3c5e8179f356a	ff545edd9c384c7436e7a912c81232e604620903a4326832fd2b421853373a43	건축	건축물 부대공사	준비작업	준비작업	건축 > 건축물 부대공사 > 준비작업
bfd35612d9902529b1a90a4b5e876e563d09949187f4e2bfbb50fcaa633efad5	88501d9327e445bbfa0da8886ce396e9005b40232883c104c8aadb131b07a440	건축	미장공사	준비작업	준비작업	건축 > 미장공사 > 준비작업
9666ebbdc471b6da8a6482670f6b9aa62be3577436095991d3b743b33c61d978	1bda673e67d9a12e21efca383859477c9ee86d489623313ec64c630192394805	건축	철골공사	준비작업	준비작업	건축 > 철골공사 > 준비작업
5f0e4c9c4c74e8202e52a4990635066dc6a9a50895d299a3c77e89ed49933f15	3143a03fce721cb2d976b2aed78c9b1b10edcfa04d206f1dcddf59340f1e6b18	건축	철근콘크리트공사	준비작업	준비작업	건축 > 철근콘크리트공사 > 준비작업
36a21c67ddbfbfae07f05a3477a2a000fdd18893b1c80474ce5f28a9e6dfdd4a	d36f80d37be8a8478764149f90b6eb8acd669d1f46b568acd360ea21fded3b73	전기설비	전기설비공사	준비작업	준비작업	전기설비 > 전기설비공사 > 준비작업
916e55109f77fd7ab911028e404599a101cdd4905be17f206873b0d9e0fb5ae8	7184418b3260b94cb289fc430ec6870768631cedc0276f08da75d1fd21634329	토목	가설공사	준비작업	준비작업	토목 > 가설공사 > 준비작업
be5f9dd93b45077e30b734ebe1f13b660b2529aca14219f081259aaac6ed975b	6142818dbeca390db750ed5b8ab72ccae2f3848dc1bf54063f0fc7f4d8d552a2	토목	관공사	준비작업	준비작업	토목 > 관공사 > 준비작업
23ca59902448963fc69a09c0c6007b3f92c7ac02c36083cfebec9c941fc460d1	7d97163b1558c6a7a2824a97cca8eac37d3e3f1b9c823e21ea840677d1420e38	토목	관공사 부대공사	준비작업	준비작업	토목 > 관공사 부대공사 > 준비작업
c0364ec77b9e356a6b7ac07f828628ce38a80734d8044a6678f022e763e0b217	2438c2b03171c8e6534f7020c743b9249b389886e7e9d7e081fc1977f09970a2	토목	교량공사	준비작업	준비작업	토목 > 교량공사 > 준비작업
dff26cfe4d653bff731c363bbc673437a1e8f378f4cb9d55bf47bcc4d379938b	740ba6fe62edf748f9e9707a5a8db50176a48e582e46c9aa93a53787d15b5f4d	토목	말뚝공사	준비작업	준비작업	토목 > 말뚝공사 > 준비작업
26c1a4a107c8b3084e9834be5bb65183c5a2cf1783d62fb7c81494b0b9a48295	d5fedcab6dc5723721417460d705395cea2ad4ef0499334acace7b9324335793	토목	지반개량공사	준비작업	준비작업	토목 > 지반개량공사 > 준비작업
045ce91f6658ddca9ccaac8faaac6eb15b154da00ea0a4613d2150924e9a244a	a90eb6dc876af3ebf1285c8058c262a4560ca5a65a9b4cce20e5c452c67f5d08	토목	지반조사	준비작업	준비작업	토목 > 지반조사 > 준비작업
83724c0cb838f8d72f9f2db48d1e1144d6fd4d3a2616f5ea2303c4e61cd36fcf	e69cac9d45fe928cd4a40876d9f5ab38e4da36b946be0b4d1183887495d731e4	토목	철근콘크리트공사	준비작업	준비작업	토목 > 철근콘크리트공사 > 준비작업
bf7ece008e799cf1489159d6b505db076cdb393c463e7139cbd13f67258f768a	656ab8544db01eb4f69dbbe4e0aed46f8e974318ec2b5a02418d8a6d4121cbb3	토목	철도 및 궤도공사	준비작업	준비작업	토목 > 철도 및 궤도공사 > 준비작업
bd7151d0d408c6f4dd6602f7e9e62fb9ece2c8d0798e82f8f8efc21a420594c2	53ad3ee18d06b1c5945f1561d9d0a019b575a9f59dba70d67a6f2e7482581949	토목	토공사	준비작업	준비작업	토목 > 토공사 > 준비작업
8b14681615107c9433c28a443d3de1f37374c6499639f5d7e01f3d47118c037d	3004e0d20c6003920e6c7e0d856ddf2908aa975470afa0e46154a70cef1fe097	토목	하천공사	준비작업	준비작업	토목 > 하천공사 > 준비작업
5c44e20c0605d06b12af88e3114d974dd41295e7c8c7e2f0a5572a3f14fea0cd	2fedcc96256e2b1b71331e3bcc7fdf71299ee7ac4c834c71fe3e0c4b3465fe0a	건축	가설공사	천공작업	천공작업	건축 > 가설공사 > 천공작업
536eeb52464a171515613bca242088c5acd0d330df8441fefab020de309c128c	9079d78c78ec31d527c42aa8d8c9d72cb16a04a847b6d82b28a20e0615ef77c8	건축	건축 토공사	천공작업	천공작업	건축 > 건축 토공사 > 천공작업
97f48b0afabe67ad0ee2e92bb26a50af88a06fbe5264adb18151525701bd13c5	482a7dcc2bf530eae9ab1032c048bc32d5e180c80cadc6c1fea286bdc11e6487	건축	지정공사	천공작업	천공작업	건축 > 지정공사 > 천공작업
2d19fa64f68bb9ffd6695784a0e661a90f7ea8e228ab77a5df30bbc0a9211ce5	36f84dc937e94c7f2d307dbb7c398c9e7ce45d7161a7d8c742eadc62482cd751	기타	기타	천공작업	천공작업	기타 > 기타 > 천공작업
8e26511a82d35100c5b830d1eda05ca06035d2c506c8c220dd31951e140ab6e5	60e0d4bca0074bb571c00d4eed761a29ee916ea936f0e559123ba966aab66913	산업설비	산업설비공사	천공작업	천공작업	산업설비 > 산업설비공사 > 천공작업
dd7c0b17441dfeed535f994278242df17709a51c7358ae7b79b35b50188a59d3	7184418b3260b94cb289fc430ec6870768631cedc0276f08da75d1fd21634329	토목	가설공사	천공작업	천공작업	토목 > 가설공사 > 천공작업
3ac54043c2e2b353fe6c9c739ee0ccd41edd346a44854310dd2fb82c06c270f2	6142818dbeca390db750ed5b8ab72ccae2f3848dc1bf54063f0fc7f4d8d552a2	토목	관공사	천공작업	천공작업	토목 > 관공사 > 천공작업
a5b16731060382492c4afca4bb7193476ce2a9730e35be6f170cd0321c4b2dc5	7d97163b1558c6a7a2824a97cca8eac37d3e3f1b9c823e21ea840677d1420e38	토목	관공사 부대공사	천공작업	천공작업	토목 > 관공사 부대공사 > 천공작업
2121dd4a39e37c41714f3f8bb64a03b685babfd7afb07cf57da9f70f6619dae6	2438c2b03171c8e6534f7020c743b9249b389886e7e9d7e081fc1977f09970a2	토목	교량공사	천공작업	천공작업	토목 > 교량공사 > 천공작업
110cc141ecf120e50d5ccdcb1b36f44c278d69f5cf68f42364b39aedbe2ba3b1	9039310779ad406faf8b2990ff1819ffac9770f931566c02270ccc7a604f177e	토목	도로 및 포장공사	천공작업	천공작업	토목 > 도로 및 포장공사 > 천공작업
445223eeb745039728e4c33ce58e192d928e7457496e32ffe3ff0f8adf107d4f	740ba6fe62edf748f9e9707a5a8db50176a48e582e46c9aa93a53787d15b5f4d	토목	말뚝공사	천공작업	천공작업	토목 > 말뚝공사 > 천공작업
886984edb82080560355d178344ed261a8e347af2853b2b2184f8849233dab7d	d5fedcab6dc5723721417460d705395cea2ad4ef0499334acace7b9324335793	토목	지반개량공사	천공작업	천공작업	토목 > 지반개량공사 > 천공작업
54a03a278306b1edbc5fb7aea00f622e2a40bcf3bbbc7b47bb6934fff1619554	a90eb6dc876af3ebf1285c8058c262a4560ca5a65a9b4cce20e5c452c67f5d08	토목	지반조사	천공작업	천공작업	토목 > 지반조사 > 천공작업
98581a0a5c62b89197064c8b0cbfb74c0d7e4d56942e00f9f8f4af99e256ccde	e69cac9d45fe928cd4a40876d9f5ab38e4da36b946be0b4d1183887495d731e4	토목	철근콘크리트공사	천공작업	천공작업	토목 > 철근콘크리트공사 > 천공작업
f2527ab4d998a0accfc239ba394409c7ecf6a2d90cf9c81c929a49720b8ef254	656ab8544db01eb4f69dbbe4e0aed46f8e974318ec2b5a02418d8a6d4121cbb3	토목	철도 및 궤도공사	천공작업	천공작업	토목 > 철도 및 궤도공사 > 천공작업
2648b90d2e046dcc2f0af8cb9d140d76b7615241cf79fa9aa28ae62982fefb7d	d781735c3affaf0eac8b0645b21bb4e1ada1f24922cf9ba9bf90c033826b21c5	토목	터널공사	천공작업	천공작업	토목 > 터널공사 > 천공작업
65abba2abd406e73842f0b520bec95ccbf31d95d32b1e13160648e6bf4aa1167	53ad3ee18d06b1c5945f1561d9d0a019b575a9f59dba70d67a6f2e7482581949	토목	토공사	천공작업	천공작업	토목 > 토공사 > 천공작업
1f393019d0c8db91e9c252639bee896d2db7506d28c24c2b544f098f809f89f0	3004e0d20c6003920e6c7e0d856ddf2908aa975470afa0e46154a70cef1fe097	토목	하천공사	천공작업	천공작업	토목 > 하천공사 > 천공작업
5352ed5a04dc23abf3e522a8cd2eb9c637e262a61ab7472969e8454ab153bc47	a1fe25df3ef2cb7045f3161778422f0eb2183634902cf257026dd6c7cf7fbea8	토목	항만공사	천공작업	천공작업	토목 > 항만공사 > 천공작업
90ca387a3fd759e3c242c0bf3c924a7f7df6b560bca3023ed1989414717e4a77	e69cac9d45fe928cd4a40876d9f5ab38e4da36b946be0b4d1183887495d731e4	토목	철근콘크리트공사	청소작업	청소작업	토목 > 철근콘크리트공사 > 청소작업
0351b1aee8934e89dd05838c8bd33cd65f952ac66247ef8fd42712dc362afad8	656ab8544db01eb4f69dbbe4e0aed46f8e974318ec2b5a02418d8a6d4121cbb3	토목	철도 및 궤도공사	청소작업	청소작업	토목 > 철도 및 궤도공사 > 청소작업
5c32079cfc71726bc4b5fb717cd1492f0a98c2dc4321bd06051ff98a6cf42a02	2fedcc96256e2b1b71331e3bcc7fdf71299ee7ac4c834c71fe3e0c4b3465fe0a	건축	가설공사	측량작업	측량작업	건축 > 가설공사 > 측량작업
79872886731774bed61531b49f8e32079010b7f3120d35f31df7109275085479	53ad3ee18d06b1c5945f1561d9d0a019b575a9f59dba70d67a6f2e7482581949	토목	토공사	측량작업	측량작업	토목 > 토공사 > 측량작업
27e9bdbd2fdb3a024e4f2a83ca38e8fba716061ad27f7d74e5367d329c03fdab	2fedcc96256e2b1b71331e3bcc7fdf71299ee7ac4c834c71fe3e0c4b3465fe0a	건축	가설공사	타설작업	타설작업	건축 > 가설공사 > 타설작업
0e46fcc2622578dab7af5a519f1dc435a8c18a6935a08b5a9d80549136686867	9079d78c78ec31d527c42aa8d8c9d72cb16a04a847b6d82b28a20e0615ef77c8	건축	건축 토공사	타설작업	타설작업	건축 > 건축 토공사 > 타설작업
37f407965645405bc980687b83b0f37b2647c6bc15f32922b80ef4a0b9c586e0	ff545edd9c384c7436e7a912c81232e604620903a4326832fd2b421853373a43	건축	건축물 부대공사	타설작업	타설작업	건축 > 건축물 부대공사 > 타설작업
765333e40765353002d24260ec0f5e3b0b7072fa42803c0c207fd3e25988b7f5	88501d9327e445bbfa0da8886ce396e9005b40232883c104c8aadb131b07a440	건축	미장공사	타설작업	타설작업	건축 > 미장공사 > 타설작업
2a2f7e2b8eb3d88e4c3d326106947d963618e784fdfc6ff3e62e22ddfcc94728	b269349bad4492fd16f17ec5fab96c188f5fee8874b2946940dc99dbd58082e8	건축	지붕 및 홈통공사	타설작업	타설작업	건축 > 지붕 및 홈통공사 > 타설작업
eef0cae2f02c06269e2be22bbed9adfab15f247350265cd5479e2259d49e38e9	482a7dcc2bf530eae9ab1032c048bc32d5e180c80cadc6c1fea286bdc11e6487	건축	지정공사	타설작업	타설작업	건축 > 지정공사 > 타설작업
8f43ce5fac3d0c1cf73c298d788ded87334a17a059bf039e7f750b4fd526952d	1bda673e67d9a12e21efca383859477c9ee86d489623313ec64c630192394805	건축	철골공사	타설작업	타설작업	건축 > 철골공사 > 타설작업
3c95857535d514d4d505930e0362872b14c69f5e86ef07a8444eb45407738dca	3143a03fce721cb2d976b2aed78c9b1b10edcfa04d206f1dcddf59340f1e6b18	건축	철근콘크리트공사	타설작업	타설작업	건축 > 철근콘크리트공사 > 타설작업
ef306490b891ed20200a25ecf087f1fbc35c62284aa21b829b0176f5639fffff	36f84dc937e94c7f2d307dbb7c398c9e7ce45d7161a7d8c742eadc62482cd751	기타	기타	타설작업	타설작업	기타 > 기타 > 타설작업
a3cd30819c4b82335a64329b64592568a0bd9c75869f7dc86c720b6a9af62ec8	c88d808f9a60676a0f54b61760a2cb1bb083596f00d94e8f8874d3b9e17cddf2	산업설비	가설공사	타설작업	타설작업	산업설비 > 가설공사 > 타설작업
d43742e1fdd1fb39d8e76e540ad4691223e0e2a3dc2469d8972bd86071fa1830	60e0d4bca0074bb571c00d4eed761a29ee916ea936f0e559123ba966aab66913	산업설비	산업설비공사	타설작업	타설작업	산업설비 > 산업설비공사 > 타설작업
d5f1015ffb456255b8e05cadf9f9561b810bc45505681f6c9ad4aaa43ba089b4	7184418b3260b94cb289fc430ec6870768631cedc0276f08da75d1fd21634329	토목	가설공사	타설작업	타설작업	토목 > 가설공사 > 타설작업
79caa2420f2c5265d9cd7b2e9d9431bda113625fa3211224cc1f3d63651ad4f8	6142818dbeca390db750ed5b8ab72ccae2f3848dc1bf54063f0fc7f4d8d552a2	토목	관공사	타설작업	타설작업	토목 > 관공사 > 타설작업
4bdb94077f0391e7581aa732f29c8944d2bfc75efc387de1d61fcc4d613eaa23	7d97163b1558c6a7a2824a97cca8eac37d3e3f1b9c823e21ea840677d1420e38	토목	관공사 부대공사	타설작업	타설작업	토목 > 관공사 부대공사 > 타설작업
9f90d4df662ce5f31327ff36ef51c4aa1b316b9c6e5d4bd730acbc579381245a	2438c2b03171c8e6534f7020c743b9249b389886e7e9d7e081fc1977f09970a2	토목	교량공사	타설작업	타설작업	토목 > 교량공사 > 타설작업
832ae03178336a3e3a27db68b25e1071fdbecbbbee3cb33a4fa13ac075a03981	0f74161b28a96d20a1cd347de2d86209e75941c55dc29d08c4e42dd2d7da2b57	토목	댐 및 제방공사	타설작업	타설작업	토목 > 댐 및 제방공사 > 타설작업
7a3adf5c3cac8717c12b0f395789aa42104ab0246046f1d11acc1aa71e2e9bbf	9039310779ad406faf8b2990ff1819ffac9770f931566c02270ccc7a604f177e	토목	도로 및 포장공사	타설작업	타설작업	토목 > 도로 및 포장공사 > 타설작업
72c5085bd4b733fe165e7a66cc3f66314c4a71e21dd4f84c4c8eed4c6d6cc8ff	d5fedcab6dc5723721417460d705395cea2ad4ef0499334acace7b9324335793	토목	지반개량공사	타설작업	타설작업	토목 > 지반개량공사 > 타설작업
2c8f874ff2e97df3f4ec0223725a69405f9b3bebc60a68a861bc0176359715a1	e69cac9d45fe928cd4a40876d9f5ab38e4da36b946be0b4d1183887495d731e4	토목	철근콘크리트공사	타설작업	타설작업	토목 > 철근콘크리트공사 > 타설작업
78c2eb1a805253a92b4da7fa8b793e15ff52f3fd063100410bcb578fd1fac0bf	656ab8544db01eb4f69dbbe4e0aed46f8e974318ec2b5a02418d8a6d4121cbb3	토목	철도 및 궤도공사	타설작업	타설작업	토목 > 철도 및 궤도공사 > 타설작업
dc90a68549145aaac458967fc5ba3824a25168544ebd64cca61d8a8f21273748	d781735c3affaf0eac8b0645b21bb4e1ada1f24922cf9ba9bf90c033826b21c5	토목	터널공사	타설작업	타설작업	토목 > 터널공사 > 타설작업
39075ea4434db90f7c49135b020fec6a605062a84e13708406b269f8c4c120ec	53ad3ee18d06b1c5945f1561d9d0a019b575a9f59dba70d67a6f2e7482581949	토목	토공사	타설작업	타설작업	토목 > 토공사 > 타설작업
187d932b4e049dc160352936bc9f38777344bf3af6a4f30de8bf785ed1a21acd	3004e0d20c6003920e6c7e0d856ddf2908aa975470afa0e46154a70cef1fe097	토목	하천공사	타설작업	타설작업	토목 > 하천공사 > 타설작업
787f67e78b24e60f1d9893629f918565f352c9a06f9c73b2c110777d7f7c0a71	2fedcc96256e2b1b71331e3bcc7fdf71299ee7ac4c834c71fe3e0c4b3465fe0a	건축	가설공사	항타 및 항발작업	항타 및 항발작업	건축 > 가설공사 > 항타 및 항발작업
b5d6c056a1e33ad55f4fe4091fd6dbc80f211eea2001b10b31a132ec378e5577	9079d78c78ec31d527c42aa8d8c9d72cb16a04a847b6d82b28a20e0615ef77c8	건축	건축 토공사	항타 및 항발작업	항타 및 항발작업	건축 > 건축 토공사 > 항타 및 항발작업
286fd09c8865255afcc9a5af94b88c3bb3bff717e4aa3404e0a4d0b0a68a8a7c	ff545edd9c384c7436e7a912c81232e604620903a4326832fd2b421853373a43	건축	건축물 부대공사	항타 및 항발작업	항타 및 항발작업	건축 > 건축물 부대공사 > 항타 및 항발작업
d0a17118612da80720cb1124b96c8cd8f63c97140d0d3d2a54a0fcc1ad79be19	92fc08fb809cc1c3bddd257855e3331be3ea726e4c964aa27d9dcb3137079040	건축	지반조사	항타 및 항발작업	항타 및 항발작업	건축 > 지반조사 > 항타 및 항발작업
da5ae2fc34e154f94616c88df3083ef65e71b93a8da6a079450b469d47e34ba8	482a7dcc2bf530eae9ab1032c048bc32d5e180c80cadc6c1fea286bdc11e6487	건축	지정공사	항타 및 항발작업	항타 및 항발작업	건축 > 지정공사 > 항타 및 항발작업
7ffdced66176d56aaf0183e5f5142ee2ef0ce87d0784a1c27b46c03462e95e0f	1bda673e67d9a12e21efca383859477c9ee86d489623313ec64c630192394805	건축	철골공사	항타 및 항발작업	항타 및 항발작업	건축 > 철골공사 > 항타 및 항발작업
87ac1a61e9806a7b61b0d760a58d793ac052dc77e02bcdd3225e24bf1f6fb12a	36f84dc937e94c7f2d307dbb7c398c9e7ce45d7161a7d8c742eadc62482cd751	기타	기타	항타 및 항발작업	항타 및 항발작업	기타 > 기타 > 항타 및 항발작업
e46058a02097878a38c4bcd57f52de100dd6a97cf535d9fe3f55159ccf33b083	c88d808f9a60676a0f54b61760a2cb1bb083596f00d94e8f8874d3b9e17cddf2	산업설비	가설공사	항타 및 항발작업	항타 및 항발작업	산업설비 > 가설공사 > 항타 및 항발작업
962fd3fd51172ed18b8b110cae29f581102c00e1572909688ac7678ab48ff0c8	60e0d4bca0074bb571c00d4eed761a29ee916ea936f0e559123ba966aab66913	산업설비	산업설비공사	항타 및 항발작업	항타 및 항발작업	산업설비 > 산업설비공사 > 항타 및 항발작업
e9cbcb352b7a75d3e5b862e4f2fcedc9369d2579a592f7a7d43b07e0d73256c5	7184418b3260b94cb289fc430ec6870768631cedc0276f08da75d1fd21634329	토목	가설공사	항타 및 항발작업	항타 및 항발작업	토목 > 가설공사 > 항타 및 항발작업
3b9cf9e506d224b5a37511f80ae9fc51c3554a821d89c9006f4b7be213713404	6142818dbeca390db750ed5b8ab72ccae2f3848dc1bf54063f0fc7f4d8d552a2	토목	관공사	항타 및 항발작업	항타 및 항발작업	토목 > 관공사 > 항타 및 항발작업
82c1e423839d93c972ee4cd5f3966b2d9f71695cff73469e52645fde9ae95319	7d97163b1558c6a7a2824a97cca8eac37d3e3f1b9c823e21ea840677d1420e38	토목	관공사 부대공사	항타 및 항발작업	항타 및 항발작업	토목 > 관공사 부대공사 > 항타 및 항발작업
82ff49c003504381ba50c34f7033a94843f7491eee29c226b3c0e97243a8a927	2438c2b03171c8e6534f7020c743b9249b389886e7e9d7e081fc1977f09970a2	토목	교량공사	항타 및 항발작업	항타 및 항발작업	토목 > 교량공사 > 항타 및 항발작업
7ad9427fee07d411b12aadebe3c97d754e76560b1679821b27375bcd1200bc79	9039310779ad406faf8b2990ff1819ffac9770f931566c02270ccc7a604f177e	토목	도로 및 포장공사	항타 및 항발작업	항타 및 항발작업	토목 > 도로 및 포장공사 > 항타 및 항발작업
a22b5843d3b973363f82e306b89f08b0e348948e9d2c617580311b1718691c52	740ba6fe62edf748f9e9707a5a8db50176a48e582e46c9aa93a53787d15b5f4d	토목	말뚝공사	항타 및 항발작업	항타 및 항발작업	토목 > 말뚝공사 > 항타 및 항발작업
afdde6670f54956d66a6a4f664da2697244d1f5078a8e32ae338178a12685398	d5fedcab6dc5723721417460d705395cea2ad4ef0499334acace7b9324335793	토목	지반개량공사	항타 및 항발작업	항타 및 항발작업	토목 > 지반개량공사 > 항타 및 항발작업
4eb843b8cdfb84b2c3ec0589684487d5a9eb641ef2636f4a99693f99bc8e887b	a90eb6dc876af3ebf1285c8058c262a4560ca5a65a9b4cce20e5c452c67f5d08	토목	지반조사	항타 및 항발작업	항타 및 항발작업	토목 > 지반조사 > 항타 및 항발작업
d55c6769f081aeca56061126ba30bb0d83741247daf60d226269a11ff0cc79fd	e69cac9d45fe928cd4a40876d9f5ab38e4da36b946be0b4d1183887495d731e4	토목	철근콘크리트공사	항타 및 항발작업	항타 및 항발작업	토목 > 철근콘크리트공사 > 항타 및 항발작업
851e721746d5ab092464b15918581326cabba5fed4e20e13f91b78fde7625361	53ad3ee18d06b1c5945f1561d9d0a019b575a9f59dba70d67a6f2e7482581949	토목	토공사	항타 및 항발작업	항타 및 항발작업	토목 > 토공사 > 항타 및 항발작업
1c1a998416696aa61b52a8d4dd28a322e34076e447050afd0f61c4f5feb727c4	2fedcc96256e2b1b71331e3bcc7fdf71299ee7ac4c834c71fe3e0c4b3465fe0a	건축	가설공사	해체작업	해체작업	건축 > 가설공사 > 해체작업
1cdfd83f51f879570ff73a22fc888f6ddd1e51c911f42dec053cbd787fa371a9	9079d78c78ec31d527c42aa8d8c9d72cb16a04a847b6d82b28a20e0615ef77c8	건축	건축 토공사	해체작업	해체작업	건축 > 건축 토공사 > 해체작업
0440dfbdcb637d53f869c4e33b5708acefeb7e8854bbc4cf16b01b5c03141a26	ff545edd9c384c7436e7a912c81232e604620903a4326832fd2b421853373a43	건축	건축물 부대공사	해체작업	해체작업	건축 > 건축물 부대공사 > 해체작업
78feb379ea7bcea7bb88dd5a9355effe353239898082baf9e597859f0328ce40	ce0301fe717e52fca033e11ff3240015ddf48c800519cdb66ea165808cbacf69	건축	조경공사	해체작업	해체작업	건축 > 조경공사 > 해체작업
3cb35b3b20b16d74de8e6669a662d04ed9d87ec73a5d75b3325e0b4d2a5b8e80	1bda673e67d9a12e21efca383859477c9ee86d489623313ec64c630192394805	건축	철골공사	해체작업	해체작업	건축 > 철골공사 > 해체작업
9965fab8fcc07e12b8dafa3f2198c3e393fddecac9963d1f144fa712fa5a13c6	3143a03fce721cb2d976b2aed78c9b1b10edcfa04d206f1dcddf59340f1e6b18	건축	철근콘크리트공사	해체작업	해체작업	건축 > 철근콘크리트공사 > 해체작업
1a16e456c9ef15217239f110a85699355c7745eafcbe426c72a959906d502ea2	817b82a16c6a75af5c6073f5a2f1d4d855343279e834f05e19cfeee8872ea5da	건축	해체 및 철거공사	해체작업	해체작업	건축 > 해체 및 철거공사 > 해체작업
bc0db4072bccca7ee4ba3020ee2abf74931365336f1bc17a9ae0eecf07b680b5	36f84dc937e94c7f2d307dbb7c398c9e7ce45d7161a7d8c742eadc62482cd751	기타	기타	해체작업	해체작업	기타 > 기타 > 해체작업
c2efc24b754c1b47bb368bb59f768d8bf922908086b3a5d0e55b9c7d4aa61cb0	c88d808f9a60676a0f54b61760a2cb1bb083596f00d94e8f8874d3b9e17cddf2	산업설비	가설공사	해체작업	해체작업	산업설비 > 가설공사 > 해체작업
2d9e0f6d603bde1bee9515118a1b370e2404e3168875a3bf1008478748238860	60e0d4bca0074bb571c00d4eed761a29ee916ea936f0e559123ba966aab66913	산업설비	산업설비공사	해체작업	해체작업	산업설비 > 산업설비공사 > 해체작업
b5beef42895aaa619c7f93ee230abdfd97d0bdc7d92610fee7590f8affb17e0b	2d0b7867c5b1eeb5e7b7718f6287d980d04c96de9f7e977109a6bc0db45df913	산업설비	해체 및 철거공사	해체작업	해체작업	산업설비 > 해체 및 철거공사 > 해체작업
f6bb286c4afb8061f335be74972eaad91f74e6629cc1af17528306b2d4209150	7184418b3260b94cb289fc430ec6870768631cedc0276f08da75d1fd21634329	토목	가설공사	해체작업	해체작업	토목 > 가설공사 > 해체작업
5ae01c3bc67a897e4c96076f4bc8d86222da2172465c068f6504ced99774ea70	6142818dbeca390db750ed5b8ab72ccae2f3848dc1bf54063f0fc7f4d8d552a2	토목	관공사	해체작업	해체작업	토목 > 관공사 > 해체작업
bb2b0a97c2888683a746002eb7085fd69d982e14b9e7c96e56558318f1042139	7d97163b1558c6a7a2824a97cca8eac37d3e3f1b9c823e21ea840677d1420e38	토목	관공사 부대공사	해체작업	해체작업	토목 > 관공사 부대공사 > 해체작업
c47d076141936ba6affb99f3586c66db8791a400a1eda67c8566744a91da1c72	2438c2b03171c8e6534f7020c743b9249b389886e7e9d7e081fc1977f09970a2	토목	교량공사	해체작업	해체작업	토목 > 교량공사 > 해체작업
421c1dc8ae12d1e78a94d14edc3fc1670d254d7fb9c160422c35e5dc26a9735c	0f74161b28a96d20a1cd347de2d86209e75941c55dc29d08c4e42dd2d7da2b57	토목	댐 및 제방공사	해체작업	해체작업	토목 > 댐 및 제방공사 > 해체작업
8dac82e69691a2cbe638f4703eb57b310cf8af2b123e4e50a7f4416e9ba30ce2	9039310779ad406faf8b2990ff1819ffac9770f931566c02270ccc7a604f177e	토목	도로 및 포장공사	해체작업	해체작업	토목 > 도로 및 포장공사 > 해체작업
eec65b7af2ac863b662272f430a3f68677b10be93510b3b1ffca1b1d72c95fc2	d5fedcab6dc5723721417460d705395cea2ad4ef0499334acace7b9324335793	토목	지반개량공사	해체작업	해체작업	토목 > 지반개량공사 > 해체작업
abff275de456ae48a143aa22d41dc261f7378f4ea34e774aeecd4299b0126230	e69cac9d45fe928cd4a40876d9f5ab38e4da36b946be0b4d1183887495d731e4	토목	철근콘크리트공사	해체작업	해체작업	토목 > 철근콘크리트공사 > 해체작업
bec03a068dd14de269f1303f77d31447037b3717228bbc643194f629b3915e5e	656ab8544db01eb4f69dbbe4e0aed46f8e974318ec2b5a02418d8a6d4121cbb3	토목	철도 및 궤도공사	해체작업	해체작업	토목 > 철도 및 궤도공사 > 해체작업
26d2c309b36deba3434b4f5c2a5f6b1b623a813edca85de5b78171b9d572d3f1	d781735c3affaf0eac8b0645b21bb4e1ada1f24922cf9ba9bf90c033826b21c5	토목	터널공사	해체작업	해체작업	토목 > 터널공사 > 해체작업
009c68ebfa5442b7f71175701ad952e0b03f3df187892c5d884559869ccb68d8	53ad3ee18d06b1c5945f1561d9d0a019b575a9f59dba70d67a6f2e7482581949	토목	토공사	해체작업	해체작업	토목 > 토공사 > 해체작업
75314a36f5aed3851f8edd8f83e5bceddf896b0bf860a059e7b885be53b083d6	3004e0d20c6003920e6c7e0d856ddf2908aa975470afa0e46154a70cef1fe097	토목	하천공사	해체작업	해체작업	토목 > 하천공사 > 해체작업
277adf2919a707db5917ec59a70841c9b3709008b5fb3b68bac8c0cb3edb123e	a1fe25df3ef2cb7045f3161778422f0eb2183634902cf257026dd6c7cf7fbea8	토목	항만공사	해체작업	해체작업	토목 > 항만공사 > 해체작업
d2f9df12211fc80e3b60649470da928e91c19a0a41406e80a396af01c0e91aa2	0909a7fc9088e27abe0969e37e9479a103d9a0a31d156a11c146ebc361f41abe	토목	해체 및 철거공사	해체작업	해체작업	토목 > 해체 및 철거공사 > 해체작업
5c92d9da447b5efda117f526754217b86f63e5b4d1647f5725bf89e288f5932f	180b394ceb590b38024004ce64f79bfde75561c0fe81008bb53435d3510932f8	통신설비	통신설비공사	해체작업	해체작업	통신설비 > 통신설비공사 > 해체작업
bbb054942c4d4f9ec5f331b9fd965a1762e412fe9f1a564cd6833312749d8085	2fedcc96256e2b1b71331e3bcc7fdf71299ee7ac4c834c71fe3e0c4b3465fe0a	건축	가설공사	형틀 및 목공	형틀 및 목공	건축 > 가설공사 > 형틀 및 목공
342cd9af9512a67922e5bfb699935768c7f897ab93cd27500587cacd98ec6c78	85443ee510910c572a3dd393ac23578bf1e69b901fa5c910176180cf0da0f4d7	건축	금속공사	형틀 및 목공	형틀 및 목공	건축 > 금속공사 > 형틀 및 목공
34516f84ea9884bacef856d6929641df27f3ef25a401fd0382cc514ebcdc1210	3143a03fce721cb2d976b2aed78c9b1b10edcfa04d206f1dcddf59340f1e6b18	건축	철근콘크리트공사	형틀 및 목공	형틀 및 목공	건축 > 철근콘크리트공사 > 형틀 및 목공
2f16c148daa3a36fc446ff9792c10c01945a7d9af1fc5289fa4f19c1c8046f3e	7184418b3260b94cb289fc430ec6870768631cedc0276f08da75d1fd21634329	토목	가설공사	형틀 및 목공	형틀 및 목공	토목 > 가설공사 > 형틀 및 목공
053463091ccc1102174ae9986dcd641651979d365d475a8bd32090730e1f38cf	2438c2b03171c8e6534f7020c743b9249b389886e7e9d7e081fc1977f09970a2	토목	교량공사	형틀 및 목공	형틀 및 목공	토목 > 교량공사 > 형틀 및 목공
298707ef8fc76b28e618d6814c977d5edb5bb341059906167ae4f7fe91edd2ca	740ba6fe62edf748f9e9707a5a8db50176a48e582e46c9aa93a53787d15b5f4d	토목	말뚝공사	형틀 및 목공	형틀 및 목공	토목 > 말뚝공사 > 형틀 및 목공
10cd686bebaa47b0f17613bc520d2df02859673a7e8c7a757ee10f92eac81238	e69cac9d45fe928cd4a40876d9f5ab38e4da36b946be0b4d1183887495d731e4	토목	철근콘크리트공사	형틀 및 목공	형틀 및 목공	토목 > 철근콘크리트공사 > 형틀 및 목공
50907ed0d917a9dbbc0656ffb08eaf68781c74de9bac6f5ed59198b3a7257652	3004e0d20c6003920e6c7e0d856ddf2908aa975470afa0e46154a70cef1fe097	토목	하천공사	형틀 및 목공	형틀 및 목공	토목 > 하천공사 > 형틀 및 목공
dd1d5287fdf3841aa10ce45fb64a5d26ff570391ea592b367d9c29c02f89c994	2fedcc96256e2b1b71331e3bcc7fdf71299ee7ac4c834c71fe3e0c4b3465fe0a	건축	가설공사	확인 및 점검작업	확인 및 점검작업	건축 > 가설공사 > 확인 및 점검작업
af7b7ae54018f4cf6c34713f850d5827376607440c9b8459624f85d3614334ef	9079d78c78ec31d527c42aa8d8c9d72cb16a04a847b6d82b28a20e0615ef77c8	건축	건축 토공사	확인 및 점검작업	확인 및 점검작업	건축 > 건축 토공사 > 확인 및 점검작업
13edb373b12da86ff389133b8bb4b477e22a3a50f07c9c00f1a0c122dc4ffcb7	ff545edd9c384c7436e7a912c81232e604620903a4326832fd2b421853373a43	건축	건축물 부대공사	확인 및 점검작업	확인 및 점검작업	건축 > 건축물 부대공사 > 확인 및 점검작업
2f6a7bdd82f95f128f557d831bdcd6967cb4ffdd2446e0df7832086289065568	85443ee510910c572a3dd393ac23578bf1e69b901fa5c910176180cf0da0f4d7	건축	금속공사	확인 및 점검작업	확인 및 점검작업	건축 > 금속공사 > 확인 및 점검작업
b44bbbe637e522ec53e298ea7b179a7ec36d1d186964e203fe79693fe5909596	fbf332b3c0324282a2c7e0a2b8a4414250a1505f6fe0713942b14485a385f7af	건축	방수공사	확인 및 점검작업	확인 및 점검작업	건축 > 방수공사 > 확인 및 점검작업
c2335c13f221e8cc586283d4ac0f41ccc8fee4387441f58b53c6984ac118e1ff	482a7dcc2bf530eae9ab1032c048bc32d5e180c80cadc6c1fea286bdc11e6487	건축	지정공사	확인 및 점검작업	확인 및 점검작업	건축 > 지정공사 > 확인 및 점검작업
c0f3a5af06d7231d9edf15580e8f4a74eb9ed4b7159d56a481a487c7b83f1c6b	1bda673e67d9a12e21efca383859477c9ee86d489623313ec64c630192394805	건축	철골공사	확인 및 점검작업	확인 및 점검작업	건축 > 철골공사 > 확인 및 점검작업
5372aeefd5caa90ae34c02416b7b9100e239d253907552b64eb395af7e21027c	3143a03fce721cb2d976b2aed78c9b1b10edcfa04d206f1dcddf59340f1e6b18	건축	철근콘크리트공사	확인 및 점검작업	확인 및 점검작업	건축 > 철근콘크리트공사 > 확인 및 점검작업
33a0725864f0e207a6b66ae89dc092eb92485295e3b366268ddf016d42265e99	7184418b3260b94cb289fc430ec6870768631cedc0276f08da75d1fd21634329	토목	가설공사	확인 및 점검작업	확인 및 점검작업	토목 > 가설공사 > 확인 및 점검작업
5b3a52471c826f3302e5e0c8a88daf5bf4ad79f69d1d31dfdf73552444aa9833	6142818dbeca390db750ed5b8ab72ccae2f3848dc1bf54063f0fc7f4d8d552a2	토목	관공사	확인 및 점검작업	확인 및 점검작업	토목 > 관공사 > 확인 및 점검작업
5667b5e17fb5c74c62c897783d67f3a125e9ba7fa698de5adb02788c2f1c954c	2438c2b03171c8e6534f7020c743b9249b389886e7e9d7e081fc1977f09970a2	토목	교량공사	확인 및 점검작업	확인 및 점검작업	토목 > 교량공사 > 확인 및 점검작업
91719e879e72dc9d842d1ed7e37c6ed6564a8a4594ca46acfcad15a13f941352	0f74161b28a96d20a1cd347de2d86209e75941c55dc29d08c4e42dd2d7da2b57	토목	댐 및 제방공사	확인 및 점검작업	확인 및 점검작업	토목 > 댐 및 제방공사 > 확인 및 점검작업
df743040212b80335543032d71bb12a1961e4d62c063c4da022f57e1ed596822	9039310779ad406faf8b2990ff1819ffac9770f931566c02270ccc7a604f177e	토목	도로 및 포장공사	확인 및 점검작업	확인 및 점검작업	토목 > 도로 및 포장공사 > 확인 및 점검작업
a26d99035314db3512531ecda6812800068440fe4da58acc06011390b678d821	740ba6fe62edf748f9e9707a5a8db50176a48e582e46c9aa93a53787d15b5f4d	토목	말뚝공사	확인 및 점검작업	확인 및 점검작업	토목 > 말뚝공사 > 확인 및 점검작업
86edf34ffa8c4eb290c128c56ffae5f5989221334267d709026c9513b001d365	e69cac9d45fe928cd4a40876d9f5ab38e4da36b946be0b4d1183887495d731e4	토목	철근콘크리트공사	확인 및 점검작업	확인 및 점검작업	토목 > 철근콘크리트공사 > 확인 및 점검작업
336af21954ea739a14064aa1b42712dfe577b3f9f899e0b1003d7e5f83298af2	d781735c3affaf0eac8b0645b21bb4e1ada1f24922cf9ba9bf90c033826b21c5	토목	터널공사	확인 및 점검작업	확인 및 점검작업	토목 > 터널공사 > 확인 및 점검작업
7056e649786d25cfba3e98acb59a97a2a630e2a7d3f72d3c18b65087152a47df	53ad3ee18d06b1c5945f1561d9d0a019b575a9f59dba70d67a6f2e7482581949	토목	토공사	확인 및 점검작업	확인 및 점검작업	토목 > 토공사 > 확인 및 점검작업
01bde170742d2256b627af791350d48cf3be011fcbef4d16d8506e6bb40addb5	3004e0d20c6003920e6c7e0d856ddf2908aa975470afa0e46154a70cef1fe097	토목	하천공사	확인 및 점검작업	확인 및 점검작업	토목 > 하천공사 > 확인 및 점검작업
22c129e781706a5f1e28fe3a32ec42515ad73813b5d6ae3041776cf86bc851f5	0909a7fc9088e27abe0969e37e9479a103d9a0a31d156a11c146ebc361f41abe	토목	해체 및 철거공사	확인 및 점검작업	확인 및 점검작업	토목 > 해체 및 철거공사 > 확인 및 점검작업
