source_key	seed_proposal_key	name	hierarchy_level	source_review_stage	source_review_no	semantic_kind	semantic_review_decision	merge_candidate_keys	approval_state
414	25911ee3bb3b82327416f160dafdff848c0d93514178e972821f33212818e66b	ALC공사	W_MID	BATCH001	51	PROCESS	KEEP_AS_DISTINCT	EMPTY	NOT_APPROVED
4141	d5b4ccc848e754883c35a9d1b44a42723798268b34e023493962a2dda144b8d4	ALC블록	W_LEAF	BATCH001	52	MATERIAL_COMPONENT	REJECT	EMPTY	NOT_APPROVED
4142	a7728f32de3fc0ae65a88ebd8435231dd128939b2542ae89f6a65fe1882fe2f3	ALC판넬	W_LEAF	BATCH001	53	MATERIAL_COMPONENT	REJECT	EMPTY	NOT_APPROVED
7351	120e45833dd68bfe0a0f2a096de07415b6a287fb396c85b652a98dcebfc32264	Absorber&AuxSystem공사	W_LEAF	BATCH001	54	PROCESS	KEEP_AS_DISTINCT	EMPTY	NOT_APPROVED
2352	7185d093d571ac18405e863997673d3b0a14c1688b7c31035e5eb4bc1632bc7b	Attiplugite슬러리월	W_LEAF	BATCH001	55	AMBIGUOUS	HOLD	EMPTY	NOT_APPROVED
3412	f94eee52d48ef45f0a44677664858272c19dbcb89e581c7d852fee4913bb28aa	FCM공법	W_LEAF	BATCH001	56	AMBIGUOUS	HOLD	EMPTY	NOT_APPROVED
7355	97f82cc77e55db3c15aea0881a42738ef12cfea05adf614ea251de82747632f4	FGDAuxSystem공사	W_LEAF	BATCH001	57	PROCESS	KEEP_AS_DISTINCT	EMPTY	NOT_APPROVED
4671	1c865c7caac006a11b86782de4307b081db4b504ef2b59e24cf2e14d4f495d94	FRP판넬	W_LEAF	BATCH001	58	MATERIAL_COMPONENT	REJECT	EMPTY	NOT_APPROVED
3413	9fc549e2cbadc980c350dff5f7e86ab9012456189125abf9c01961e6625332c3	FSM공법	W_LEAF	BATCH001	59	AMBIGUOUS	HOLD	EMPTY	NOT_APPROVED
7352	5ff58b19cef349edefadfe9c0df983ff039da726b42c0d9e18e44f53aa953541	FlueGasSystem공사	W_LEAF	BATCH001	60	PROCESS	KEEP_AS_DISTINCT	EMPTY	NOT_APPROVED
2256	93d31167a68d963ed8c9385ef8f2131ce36a8e4dd84ffeff6b03c00c889dbe93	GCP(GravelCompactionPile)	W_LEAF	BATCH001	61	AMBIGUOUS	HOLD	EMPTY	NOT_APPROVED
8231	166fcc28daca592d7f0f79de969c032c3bf11e2066c7668ad8fbe8010db6f7cc	GIS공사	W_LEAF	BATCH001	62	PROCESS	KEEP_AS_DISTINCT	EMPTY	NOT_APPROVED
3411	9b9e63b59e70420fbc4aaaad17fd2dcff623853aa7499cac923b30f025548327	ILM공법	W_LEAF	BATCH001	63	AMBIGUOUS	HOLD	EMPTY	NOT_APPROVED
762	ee1f60355c52e3d3ce0942221e3dfabd5d40af129a476e0fc1c5c6d5d7ac7d6f	LNG및원유저장공사	W_MID	BATCH001	64	PROCESS	KEEP_AS_DISTINCT	EMPTY	NOT_APPROVED
7621	4892305bf05bcaaa4310aa53129268992ae9bd6738eb28f42ce6f9505fc98a8f	LNG및원유저장설비공사	W_LEAF	BATCH001	65	PROCESS	KEEP_AS_DISTINCT	EMPTY	NOT_APPROVED
7183	629556ca5cc690eb7a10f9a55698f79f47a77fda3e347ff0203fd57f6b5c59e1	LinerPlate설치공사	W_LEAF	BATCH001	66	PROCESS	KEEP_AS_DISTINCT	EMPTY	NOT_APPROVED
3414	64c198e2f4f6f807628e1008efb84d0d9099439f0dd82503c261294ec5f039ab	MSS공법	W_LEAF	BATCH001	67	AMBIGUOUS	HOLD	EMPTY	NOT_APPROVED
3515	23e54dd85bd66bffef39818a96994619531f1e6b24d1731a1bf8192c83bc052e	NATM공법굴착	W_LEAF	BATCH001	68	PROCESS	KEEP_AS_DISTINCT	EMPTY	NOT_APPROVED
0373	cb3e7b87864a42cd651e9999dda3899765695750eae73417932c92bf9f92fa2e	P.P마대가물막이	W_LEAF	BATCH001	69	PROCESS	KEEP_AS_DISTINCT	EMPTY	NOT_APPROVED
268	7eb4e64be9df29fcaa2ece3d41973c572a41c6704e55c6a41e7356b413e21a79	PC부속공사	W_MID	BATCH001	70	PROCESS	KEEP_AS_DISTINCT	EMPTY	NOT_APPROVED
2681	d5ea915017e7f076451956e9fdab4d46f19c7e617f2e22f6ff57c93a9b59a9bb	PC부속재설치공사	W_LEAF	BATCH001	71	PROCESS	KEEP_AS_DISTINCT	EMPTY	NOT_APPROVED
262	916b52957a2ed4ff2487f96cc0416087e7642fac86aa4b48db380e1e340d8cf3	PC부재생산	W_MID	BATCH001	72	PROCESS	KEEP_AS_DISTINCT	EMPTY	NOT_APPROVED
263	c8be52f082068bbc8a2285bed88627abadb82de4bf46ddc8af55c392e751177e	PC부재운반	W_MID	BATCH001	73	AMBIGUOUS	HOLD	EMPTY	NOT_APPROVED
2646	1b8be951bec6ac3940752879a2072e3a8e7fb97ecf3c102a215e87f1d42dc659	PC슬라브조립	W_LEAF	BATCH001	74	AMBIGUOUS	HOLD	EMPTY	NOT_APPROVED
244	1e9e33472b26e81afbf9c6b439f8f79b50559c153cc71d82ad7e9422a7f1d590	PC연속벽흙막이	W_MID	BATCH001	75	PROCESS	KEEP_AS_DISTINCT	EMPTY	NOT_APPROVED
3821	fa508c7d5e0e61527e6d0c034cb5ee99a206230111ad1271cd3f6382856ee7c9	PC옹벽	W_LEAF	BATCH001	76	FACILITY_EQUIPMENT	REJECT	EMPTY	NOT_APPROVED
2682	d1b90a65c1dad0b8b06dc9fa87e6d7ae12e921d461c70b4562d0a97f474e703b	PC조인트그라우팅	W_LEAF	BATCH001	77	AMBIGUOUS	HOLD	EMPTY	NOT_APPROVED
261	fd9efc2bb3c82fcd8ca399ec862e83eba291fb48f5c646ffef4e73b9e6957576	PC형틀및생산시설	W_MID	BATCH001	78	FACILITY_EQUIPMENT	REJECT	EMPTY	NOT_APPROVED
3415	b0f74699d74c07ae6fa100aeede354bd4d6b20e188ec5c237f0048e3ac4dd011	PSM공법	W_LEAF	BATCH001	79	AMBIGUOUS	HOLD	EMPTY	NOT_APPROVED
1844	3ac0772b231b17dafe1ea899b70772ad89dabb608d0c3a261a697c19868fda6a	PVC관제거	W_LEAF	BATCH001	80	AMBIGUOUS	HOLD	EMPTY	NOT_APPROVED
2324	6d70e7206cfa3b61b1dbcedfb234ec878a0141b119cc65f39f2bf12510c6318b	RC말뚝	W_LEAF	BATCH001	81	MATERIAL_COMPONENT	REJECT	EMPTY	NOT_APPROVED
3716	5d973d4bd3610d1d8e89b683eaec3d91219ad8176d08d595467a0490a8fb9d3d	Riprap재료축조	W_LEAF	BATCH001	82	AMBIGUOUS	HOLD	EMPTY	NOT_APPROVED
1234	0b9f05fd2c7861efb37e5a9d4aedc2360712edb9a0651d2bc85b5b79820c9cff	RockBolt축력및인발측정	W_LEAF	BATCH001	83	AMBIGUOUS	HOLD	EMPTY	NOT_APPROVED
2255	b71d60da07ee37da0d6b953c5ce1ed656e9d1a6e352cd2f8bdfb967f5e241881	SCP(SandCompactionPile)	W_LEAF	BATCH001	84	AMBIGUOUS	HOLD	EMPTY	NOT_APPROVED
243	860dfae19c69a0d246af300631e11161005a379bd1af6612875c86762f4cbcff	SheetPile	W_MID	BATCH001	85	MATERIAL_COMPONENT	REJECT	EMPTY	NOT_APPROVED
0372	975cb6c0568ed2b783d2d0c6a58dcc8cc3a65aa29c7a15548a25f3d9e50bd966	SheetPile가물막이	W_LEAF	BATCH001	86	PROCESS	KEEP_AS_DISTINCT	EMPTY	NOT_APPROVED
3514	deeda1c6c027a48eee0dd5410c8daea14b715f2c095ba778ff81c75c70c456eb	Shield공법굴착	W_LEAF	BATCH001	87	PROCESS	KEEP_AS_DISTINCT	EMPTY	NOT_APPROVED
1235	efc89b38828e07459f9b0d0c218c397a1fa34886b1aadd2949c75c139881b370	Shotcrete응력측정	W_LEAF	BATCH001	88	AMBIGUOUS	HOLD	EMPTY	NOT_APPROVED
9131	f509bd65ef8db16879513e9ae1c536c2ce86400ff5a8a2ff7ee41d0e2aa484f1	T&C(TestandCommissioning)공사	W_LEAF	BATCH001	89	PROCESS	KEEP_AS_DISTINCT	EMPTY	NOT_APPROVED
9111	6a795498bcd06f99ce124f4cf52a5414f415fb4599b77a5f72b0ae56019cbe49	T.A.B(TestingAdjustingandBalancing)공사	W_LEAF	BATCH001	90	PROCESS	KEEP_AS_DISTINCT	EMPTY	NOT_APPROVED
3513	33412615796bd766f30dbf2e80630ade174815917a31269a64554945836b7de5	TBM공법굴착	W_LEAF	BATCH001	91	PROCESS	KEEP_AS_DISTINCT	EMPTY	NOT_APPROVED
8432	29cf63f9d74bf8d7538259bcdf4ecacf2f9056dbdee986ae7141a2e0a810172e	TV공청설비공사	W_LEAF	BATCH001	92	PROCESS	KEEP_AS_DISTINCT	EMPTY	NOT_APPROVED
5425	a3494d10c2e014eb537f40c2047c6fc42f04dcaf0747c1e7fb5a21f8f6ed2491	UBR(UnitBathRoom)설치	W_LEAF	BATCH001	93	AMBIGUOUS	HOLD	EMPTY	NOT_APPROVED
423	da0fce6f1c58c7903477b7f5d1d9baf88361fe700decaa2376d051a2aa7c288c	가공목재조립식구조목공사	W_MID	BATCH001	94	PROCESS	KEEP_AS_DISTINCT	EMPTY	NOT_APPROVED
416	1c46dc57f4ca5cfca99c9538a84617909bbff55e41431ba7abc4b6a346a6ca5f	가공석재조적	W_MID	BATCH001	95	PROCESS	KEEP_AS_DISTINCT	EMPTY	NOT_APPROVED
4866	d55a9bf5177f41261fc9d875225a6ceb45dc11aa63563596f787d0e4a268e142	가공유리	W_LEAF	BATCH001	96	MATERIAL_COMPONENT	REJECT	EMPTY	NOT_APPROVED
2715	2c890927ae82091f3f7cba4f67cadd8af15f2bddd667ff0d0aeaf76d9ad03094	가공재	W_LEAF	BATCH001	97	MATERIAL_COMPONENT	REJECT	EMPTY	NOT_APPROVED
57	376b8a7b5a53f024a700b1152eb5656064779d10c2a7b133912387308a55ec5f	가구및집기	W_ROOT	BATCH001	98	CLASSIFICATION	REJECT	EMPTY	NOT_APPROVED
421	ee99f011345b8dd8daefef045d4e83a1444a2e02706627fb4a99d85c13d8aa12	가구식구조목공사	W_MID	BATCH001	99	PROCESS	KEEP_AS_DISTINCT	EMPTY	NOT_APPROVED
037	83d2374ad808f954472683e4336426c74b21361b58bc49afd90ae0f463bdf409	가물막이	W_MID	BATCH001	100	PROCESS	KEEP_AS_DISTINCT	EMPTY	NOT_APPROVED
01	365f2d2491bee062fd5fe945d8c72e15b0fa189edc2975b3349c5120a4c597f9	공사일반사항및공사비	W_ROOT	BATCH002	201	CLASSIFICATION	REJECT	EMPTY	NOT_APPROVED
02	732cfa4d6f20934e81e9510019b77e25fc7335b83723c682750ef7f11bbf64d7	가설건물 시설물(간접가설공사)	W_ROOT	BATCH002	202	CLASSIFICATION	REJECT	EMPTY	NOT_APPROVED
03	c0ca4255abac56f09d5c67f6aaf964c337f57f4b95c03972b155d5aaad8e03d3	본공사성가설공사	W_ROOT	BATCH002	203	PROCESS	KEEP_AS_DISTINCT	EMPTY	NOT_APPROVED
05	db101f4ddec107e52c12c2fc16fdd8a93cfbf1c5c8dc6853b0d7d497d9fa9a3a	현장유지관리	W_ROOT	BATCH002	204	PROCESS	KEEP_AS_DISTINCT	EMPTY	NOT_APPROVED
06	e8a9bd2b553cfbd43996e2bb74b28e0618924c6a1bfe3364c35bad5f5c706530	공통장비	W_ROOT	BATCH002	205	FACILITY_EQUIPMENT	REJECT	EMPTY	NOT_APPROVED
07	15d1005ded119e37d0cd125e9cf855a84b37dc83a13499479c3a2eab00e4ebed	품질시험	W_ROOT	BATCH002	206	PROCESS	KEEP_AS_DISTINCT	EMPTY	NOT_APPROVED
08	ce9fb3e2a46aa2537470b08a1c5b2e396d1977583cbc5910cd14712712d62673	건축품질시험	W_ROOT	BATCH002	207	PROCESS	MERGE_CANDIDATE	UNRESOLVED	NOT_APPROVED
11	1af0df0bcd9381ff3cb50d3fb691afb696ae51bd5478c071c3bacec4ee5cc606	측량	W_ROOT	BATCH002	208	PROCESS	KEEP_AS_DISTINCT	EMPTY	NOT_APPROVED
12	97e8fc9a7c43d303dce304a9c43ac6c022686b3e8be9b77e9144f3c03336714d	계측	W_ROOT	BATCH002	209	PROCESS	KEEP_AS_DISTINCT	EMPTY	NOT_APPROVED
13	6e2c7f3735566729ef09ff14216d26e2a78ec72e8bc12a51ba9992c97de2fc39	지반조사	W_ROOT	BATCH002	210	PROCESS	KEEP_AS_DISTINCT	EMPTY	NOT_APPROVED
18	38b3879ccf8479602ef9df0ea5885a0e496197255462a7b35d1898685070be26	철거해체공사및시설물보호	W_ROOT	BATCH002	211	PROCESS	KEEP_AS_DISTINCT	EMPTY	NOT_APPROVED
21	1947811c63d0c16f4119a0ccdd19b8ed4d2272f39ae0fe249faddf762bc002f1	토공사	W_ROOT	BATCH002	212	PROCESS	KEEP_AS_DISTINCT	EMPTY	NOT_APPROVED
22	0990b09fe59e497b5f0c05a146e28abea2965e6bf121ae9bae658a3deb877660	지반개량및지반보강공사	W_ROOT	BATCH002	213	PROCESS	KEEP_AS_DISTINCT	EMPTY	NOT_APPROVED
23	056d749d4602beb449a705af003e810884ec9a027bed43d9892484a79862eeed	말뚝공사	W_ROOT	BATCH002	214	PROCESS	KEEP_AS_DISTINCT	EMPTY	NOT_APPROVED
24	ce54e888f4f6b9d6d9cf2de195593dca6cd896cd927157347a352b552520bb17	흙막이및지보공사	W_ROOT	BATCH002	215	PROCESS	KEEP_AS_DISTINCT	EMPTY	NOT_APPROVED
25	b83757c86a8fc1de9faaa1ed3d4a091cb1a2b36914c34468e8fd97b70595ceb1	철근콘크리트공사	W_ROOT	BATCH002	216	PROCESS	KEEP_AS_DISTINCT	EMPTY	NOT_APPROVED
26	14c2c897b56fe58093fe57dbde41107553c1ddd72a85c41a1c8b9ae105653c67	프리케스트콘크리트공사	W_ROOT	BATCH002	217	PROCESS	KEEP_AS_DISTINCT	EMPTY	NOT_APPROVED
27	5abad6fd66555cb2dfa6e2bebdd6b6b4f284e898aa2097f09d948f30008041d0	강구조물공사	W_ROOT	BATCH002	218	PROCESS	KEEP_AS_DISTINCT	EMPTY	NOT_APPROVED
31	0b5d8548b3bd86a2b349a375bad2d0663ac228ead7ab53ee77649882199e5643	토목배관공사및배수공사	W_ROOT	BATCH002	219	PROCESS	KEEP_AS_DISTINCT	EMPTY	NOT_APPROVED
32	aee11b43857ca937356a6bdc07d4c07bcfb4a907295f6d438907f6bc4c18f3bd	포장및도로공사	W_ROOT	BATCH002	220	PROCESS	KEEP_AS_DISTINCT	EMPTY	NOT_APPROVED
33	ac368a0c0f1a47de02b0719a7260cce334402d73f5b81c14790a33504c7de5af	궤도및철로공사	W_ROOT	BATCH002	221	PROCESS	KEEP_AS_DISTINCT	EMPTY	NOT_APPROVED
34	a6a8b82cc730c2c1ccbee8a6e3069acf7c737865e0559e13507a584d48ce84e9	교량공사	W_ROOT	BATCH002	222	PROCESS	KEEP_AS_DISTINCT	EMPTY	NOT_APPROVED
35	32991cb1a0c97581964e68931e8f5b628770b3c39c61b6b842d18f7f1ba41dcf	터널공사	W_ROOT	BATCH002	223	PROCESS	KEEP_AS_DISTINCT	EMPTY	NOT_APPROVED
36	26b97ff0e521dc6ae4e240d623b735a05a95303c6320b135436ff67a44ca249f	하천및항만공사	W_ROOT	BATCH002	224	PROCESS	KEEP_AS_DISTINCT	EMPTY	NOT_APPROVED
37	968fd79e7255408d47a238dde1de0c3c6f523d4f5d9961a3343df390bc975ce0	댐공사	W_ROOT	BATCH002	225	PROCESS	KEEP_AS_DISTINCT	EMPTY	NOT_APPROVED
38	3693f180a40f5520ba62e105815b6648e668092e90175b4c8cff72a4af71bb1e	옹벽공사	W_ROOT	BATCH002	226	PROCESS	KEEP_AS_DISTINCT	EMPTY	NOT_APPROVED
41	0df66f6657194d47f6ba130f5286695ca6b249f820cd9018d97f266de5fa5328	조적공사	W_ROOT	BATCH002	227	PROCESS	KEEP_AS_DISTINCT	EMPTY	NOT_APPROVED
42	79a9af9783fea77d0e2f75f96e56516f3fd1b04d44acbdec3982a78beb025774	목공사	W_ROOT	BATCH002	228	PROCESS	KEEP_AS_DISTINCT	EMPTY	NOT_APPROVED
43	5fece427fa5a471efd1c857e65a2d6bf3b3f5ae09da0993212fb575b07f06436	지붕및홈통공사	W_ROOT	BATCH002	229	PROCESS	KEEP_AS_DISTINCT	EMPTY	NOT_APPROVED
44	126751765ecd5389f67b539d63d95e77c06c24e17bab9d1d845ee03e06f83a91	방수공사	W_ROOT	BATCH002	230	PROCESS	KEEP_AS_DISTINCT	EMPTY	NOT_APPROVED
45	0b95fdbb0407e9174e7cd047398cce07f3d87508adcfbbd3b429b427cde6bf7a	단열 방음공사	W_ROOT	BATCH002	231	PROCESS	KEEP_AS_DISTINCT	EMPTY	NOT_APPROVED
46	0c95bf1774ffafde028edb18838bfc6ec482a158674540db10a07143e72378fb	외부판재공사	W_ROOT	BATCH002	232	PROCESS	KEEP_AS_DISTINCT	EMPTY	NOT_APPROVED
47	229762bc992ef5ff7f9a29072dbfa81065063f322705647c9e304b59a21defe1	금속공사	W_ROOT	BATCH002	233	PROCESS	KEEP_AS_DISTINCT	EMPTY	NOT_APPROVED
48	8aeebe5c891d36e67877da5c1ec39e0866252f3a1005b6b3087bffbb4fb91d6b	창호공사	W_ROOT	BATCH002	234	PROCESS	KEEP_AS_DISTINCT	EMPTY	NOT_APPROVED
51	f0dcba2f2ffbd09a5157d727b1be98cdccbc1724acd799395d98a1b3bfe0a311	미장공사	W_ROOT	BATCH002	235	PROCESS	KEEP_AS_DISTINCT	EMPTY	NOT_APPROVED
52	86322acee46ccabb10b10bac3b4ef479c46300b1506b294947898cdc56dc54f1	석재판재공사	W_ROOT	BATCH002	236	PROCESS	KEEP_AS_DISTINCT	EMPTY	NOT_APPROVED
53	474dcb185a1920a86deeb129144ec220c96c88428fdb135da11b3ceed726ea51	타일공사	W_ROOT	BATCH002	237	PROCESS	KEEP_AS_DISTINCT	EMPTY	NOT_APPROVED
54	6450ec805602bb29f4301be1aabff67434ea7b0c5bb93d4946810633973f9280	수장공사	W_ROOT	BATCH002	238	PROCESS	KEEP_AS_DISTINCT	EMPTY	NOT_APPROVED
55	f57d2d7e86a05b7907fcd5c5a4fd3a1b9c01a3279f825fea534fd8b885ece299	도장공사	W_ROOT	BATCH002	239	PROCESS	KEEP_AS_DISTINCT	EMPTY	NOT_APPROVED
56	bfbdcf581eee69dcd635d40fd5fd21e34c3f3e51ed288a2b747e39d235e2037e	설치물공사	W_ROOT	BATCH002	240	PROCESS	KEEP_AS_DISTINCT	EMPTY	NOT_APPROVED
59	c64aa50eb243614144c714a434a38eae48e601b3d3853472e2dc2ae674a99b76	조경공사	W_ROOT	BATCH002	241	PROCESS	KEEP_AS_DISTINCT	EMPTY	NOT_APPROVED
61	315d72442ae85bb2a1b108a414347492ab2ed91884c13875e8ac096b72d602e6	기계 플랜트시설공통공사	W_ROOT	BATCH002	242	PROCESS	KEEP_AS_DISTINCT	EMPTY	NOT_APPROVED
62	1699e64589a476c8ab86aac1d19b0c90b2d58548827eed9a0865d1b2f0f66622	열원기기설비및공기조화설비공사	W_ROOT	BATCH002	243	PROCESS	KEEP_AS_DISTINCT	EMPTY	NOT_APPROVED
63	bd4636c4a3ea7dad7bd1a13ac086df3d0d62d90b669da6ab2f8b0d8774025e33	위생설비공사	W_ROOT	BATCH002	244	PROCESS	KEEP_AS_DISTINCT	EMPTY	NOT_APPROVED
64	7ce664de05dede4813fa605e706c8556c8ce355378f10fbdb94dbc4bfa890525	방재기계설비공사	W_ROOT	BATCH002	245	PROCESS	KEEP_AS_DISTINCT	EMPTY	NOT_APPROVED
65	25e3c195de20b0135f57f870abb98932676dd179d5d7ab5429573503b4fc4f19	가스설비공사	W_ROOT	BATCH002	246	PROCESS	KEEP_AS_DISTINCT	EMPTY	NOT_APPROVED
66	02279fcd9255e45100434962b0aa42b5c3287b02157121476b96d606535233df	특수설비공사	W_ROOT	BATCH002	247	PROCESS	KEEP_AS_DISTINCT	EMPTY	NOT_APPROVED
67	13fecabc0812b260ffd07cbc0fffe2253e31b3188272d93a47f39dbeeb59ccde	서비스설비공사	W_ROOT	BATCH002	248	PROCESS	KEEP_AS_DISTINCT	EMPTY	NOT_APPROVED
71	762f1fb8ee8375a528ecb09abe052a02652de5e9edea246fe666c9c0a9a2d601	발전설비공사	W_ROOT	BATCH002	249	PROCESS	KEEP_AS_DISTINCT	EMPTY	NOT_APPROVED
72	f6d06a62cd7a87d1aeb4aa748d2aadf456206e4da322f95fca3570301e00f714	제조설비관련공사	W_ROOT	BATCH002	250	PROCESS	KEEP_AS_DISTINCT	EMPTY	NOT_APPROVED
73	34c9d83d2a7bb3f20d0a1b0b45c4feba353301a0f954392441a77bd07ccd3e6d	폐기물처리및대기환경설비관련공사	W_ROOT	BATCH002	251	PROCESS	KEEP_AS_DISTINCT	EMPTY	NOT_APPROVED
74	c1abdd5e02130019a25e49ab07b5c1813c5745a950e876e57d259f2eea1ebb99	운송설비공사	W_ROOT	BATCH002	252	PROCESS	KEEP_AS_DISTINCT	EMPTY	NOT_APPROVED
76	28b18a71e7616eeb47097efa97a782c1bfcb38502457e8f4bf7fe08b5be33e40	에너지저장및관련수송설비공사	W_ROOT	BATCH002	253	PROCESS	KEEP_AS_DISTINCT	EMPTY	NOT_APPROVED
81	53af066f3a797d4904997d780d2856e492245f7d79b17128fc62aa896f845472	전기 자동제어 계장 신호 통신공통공사	W_ROOT	BATCH002	254	PROCESS	KEEP_AS_DISTINCT	EMPTY	NOT_APPROVED
82	beabb0cb7a799ec28dcfa7892aeb3703c5de28a59269dccece65cd98efbcd152	송배전․발 수변전전기공사	W_ROOT	BATCH002	255	PROCESS	KEEP_AS_DISTINCT	EMPTY	NOT_APPROVED
83	a4d83d0132a55ce6f42d404136ca2c10c43e92a37f1be8a2355417e8a0879cba	전력부하설비공사	W_ROOT	BATCH002	256	PROCESS	KEEP_AS_DISTINCT	EMPTY	NOT_APPROVED
84	4d8b86b98fef2c0c27b9d3d58f82e190d3ce956b3d8cfcdd5f01c80cb11fe7d5	정보 통신설비공사	W_ROOT	BATCH002	257	PROCESS	KEEP_AS_DISTINCT	EMPTY	NOT_APPROVED
85	a7a149d6f8244e030864f04150559efd8866e5596b1b57b5068270abf2f9ff28	방재전기설비공사	W_ROOT	BATCH002	258	PROCESS	KEEP_AS_DISTINCT	EMPTY	NOT_APPROVED
86	1b752e388f8f16b7b4098c157968ae399def37a2aa552f7ea130ee7ef018ae6a	기타전기설비공사	W_ROOT	BATCH002	259	PROCESS	MERGE_CANDIDATE	UNRESOLVED	NOT_APPROVED
91	5959665a38aa3d1615f6d3fa9b82c46d1cf8ac4989148b83857791acef91eb10	기계 플랜트 산업설비 전기 통신시험 시운전공사	W_ROOT	BATCH002	260	PROCESS	KEEP_AS_DISTINCT	EMPTY	NOT_APPROVED
92	e0a22dbb0cd5357ac80e563f11732d80d7ab61567cc92c6cd8fa09ad9e7c0da8	기계 플랜트 산업․전기설비 통신시험 시설유지정비공사	W_ROOT	BATCH002	261	PROCESS	KEEP_AS_DISTINCT	EMPTY	NOT_APPROVED
011	a5e3f1e50bae0dc0e1cd29c2867e144008fb8b6834eaac72a92488d157ed2ad7	공사일반사항	W_MID	BATCH002	262	CLASSIFICATION	REJECT	EMPTY	NOT_APPROVED
015	48e315bc2c984bab456a7510e9e8f8eceef30cd2b82bddbb885355875edb214a	공사비	W_MID	BATCH002	263	CLASSIFICATION	REJECT	EMPTY	NOT_APPROVED
022	9665c36c4a72ef05ab8e8e0f0a76f3c7f6c7a785a663d508aefbc307b59a16a6	발주자용가설건물 시설	W_MID	BATCH002	264	FACILITY_EQUIPMENT	REJECT	EMPTY	NOT_APPROVED
114	526cb30286447d65507429367245fc350de5b50e5d3d7bf450b013c519c36ad0	노선측량	W_MID	BATCH002	265	PROCESS	KEEP_AS_DISTINCT	EMPTY	NOT_APPROVED
271	6f0a20fbd7d6be83a079154d6f79857b3f06d9fc05fd40290f7fe81a41a034d5	강구조물자재	W_MID	BATCH002	266	MATERIAL_COMPONENT	REJECT	EMPTY	NOT_APPROVED
333	3591bc7a2165c398aabb67d275880f5db897c0ccf10a657feca79912908b4802	궤도부설	W_MID	BATCH002	267	PROCESS	KEEP_AS_DISTINCT	EMPTY	NOT_APPROVED
361	0ce7afb0fcdaff64f3a3814edb12a8f393879e98eb357354e8025c9fbf51d1b4	준설	W_MID	BATCH002	268	PROCESS	KEEP_AS_DISTINCT	EMPTY	NOT_APPROVED
364	65d90aeb853fd211c2550ca5190c2765b886e6cfab6fae9880890437b62c62ac	호안공사	W_MID	BATCH002	269	PROCESS	KEEP_AS_DISTINCT	EMPTY	NOT_APPROVED
432	8ef105f9dcb3cb4e4a6be8be4c6fb1731465dd760d217938c04806d0bd463d95	기와잇기	W_MID	BATCH002	270	PROCESS	KEEP_AS_DISTINCT	EMPTY	NOT_APPROVED
531	54c6ec744924bce174995d216f7d2ab3128a19500b145836b6cf081e6a893083	바닥타일붙이기	W_MID	BATCH002	271	PROCESS	KEEP_AS_DISTINCT	EMPTY	NOT_APPROVED
532	5bf05d2491bfec37c72b6bfc8d61ff9d1366976fd6eee3a32f15b96c64a7342a	내벽타일붙이기	W_MID	BATCH002	272	PROCESS	KEEP_AS_DISTINCT	EMPTY	NOT_APPROVED
533	536d85657493fc1366bbc6a32a9f0aba65f9bffe19673e46e9465924fde41941	외벽타일붙이기	W_MID	BATCH002	273	PROCESS	KEEP_AS_DISTINCT	EMPTY	NOT_APPROVED
534	c521d7e2531510e18a6c8c47655352aec264594f047c5b2d0b23fd87bc15c90d	구조물밑면타일붙이기	W_MID	BATCH002	274	PROCESS	KEEP_AS_DISTINCT	EMPTY	NOT_APPROVED
552	cadbf2c7149bc07b27e9c1cb45256ddfb31db4b762dedf11204e519dbab46691	방청성페인트	W_MID	BATCH002	275	MATERIAL_COMPONENT	REJECT	EMPTY	NOT_APPROVED
557	dd37d9dbe16940f0d8d1f23e431c2f499d34a748de4491417b8f6dcab77af774	합성수지페인트	W_MID	BATCH002	276	MATERIAL_COMPONENT	REJECT	EMPTY	NOT_APPROVED
558	38233ebf4da6c93447c4b3e6932217d6c44e51795afdede8f5ac099409145fb3	특수페인트	W_MID	BATCH002	277	MATERIAL_COMPONENT	REJECT	EMPTY	NOT_APPROVED
596	26dc466aa49c299d893336855e3e0d5a9fbc8902828f10784c43a46097d34f61	조경시설물설치	W_MID	BATCH002	278	PROCESS	KEEP_AS_DISTINCT	EMPTY	NOT_APPROVED
615	23c63a63f535450f7908be84cf5cf45625bcc66c7be1a67d9888281f809efdd9	설비․시설잡공사	W_MID	BATCH002	279	PROCESS	KEEP_AS_DISTINCT	EMPTY	NOT_APPROVED
851	953e851d81455017e506267d2cf06cfd6a3e0eb69ba427cc778666155e9f7c45	소방전기설비공사	W_MID	BATCH002	280	PROCESS	KEEP_AS_DISTINCT	EMPTY	NOT_APPROVED
028	0055415d603e0778429b0b22a25f399ce12ddd8833c8dea4eaab6c5435c49af6	가설설비	W_MID	BATCH002	281	FACILITY_EQUIPMENT	REJECT	EMPTY	NOT_APPROVED
085	3cac521404474de20ffd62f1ea54f5a44328bb253c1851e1475197157087ba9a	건축관리시험(토공 기초 구조체)	W_MID	BATCH002	282	PROCESS	KEEP_AS_DISTINCT	EMPTY	NOT_APPROVED
111	26d606c0880898aed18d5cfd8e9021c02422fa73ea0dbaa5ed9db3dbc31f2484	기본측량	W_MID	BATCH002	283	PROCESS	KEEP_AS_DISTINCT	EMPTY	NOT_APPROVED
116	9ef82c7da6b51e0baf48e29e4a1ae68d9667fa70a2517946480a57266710b644	시공측량	W_MID	BATCH002	284	PROCESS	KEEP_AS_DISTINCT	EMPTY	NOT_APPROVED
121	a9df50a5f58a58d10a02e7c4265fe57908650a5d1d8e90e78db50ae55309bb4f	토공사계측	W_MID	BATCH002	285	PROCESS	KEEP_AS_DISTINCT	EMPTY	NOT_APPROVED
315	654668f26bdc889efbd6753a2769c0432a2ab5af27930a4af55287c6f661e122	토목배관부속설비	W_MID	BATCH002	286	FACILITY_EQUIPMENT	REJECT	EMPTY	NOT_APPROVED
321	089ef8961de7f5991c55ab089ae6d5bb662c7676c6eda73bb4b816eb7fad9d7a	아스콘포장	W_MID	BATCH002	287	PROCESS	KEEP_AS_DISTINCT	EMPTY	NOT_APPROVED
362	25589652f4425542397a118d9e0832fcccf7456cdaaaa3fad3a0ab4f1b5ac996	사석공사	W_MID	BATCH002	288	PROCESS	KEEP_AS_DISTINCT	EMPTY	NOT_APPROVED
592	45f5473496768d726852f06ebd196577a5e432ce27311724c6c8405d6dfa33e4	이식및식재공사	W_MID	BATCH002	289	PROCESS	KEEP_AS_DISTINCT	EMPTY	NOT_APPROVED
623	c10f96ee20d00464f3b4ea1b074ba9620c8066201bc391b134cbded068696ea4	공기조화기기설비공사	W_MID	BATCH002	290	PROCESS	KEEP_AS_DISTINCT	EMPTY	NOT_APPROVED
861	9edb679b680f91dc4b59028ed1a3fc36cabfcd4064e1de1c0955a8be0c4cc257	감시제어및계장설비공사	W_MID	BATCH002	291	PROCESS	KEEP_AS_DISTINCT	EMPTY	NOT_APPROVED
023	babfac9ce8f9462c59e0fbdca711525e5a5ce6779eab1511d2d80da2c12ae4b1	도급자용가설건물	W_MID	BATCH002	292	FACILITY_EQUIPMENT	REJECT	EMPTY	NOT_APPROVED
125	7b4427caf263423a5af364d0799a2a4b45ae1faa3f6bdadfaa57703de5777aeb	댐 제방계측	W_MID	BATCH002	293	PROCESS	KEEP_AS_DISTINCT	EMPTY	NOT_APPROVED
184	88efd6f1c8e2663a99eb07662cd6cf1d68577d3a65fa6f49936b15a0fff69b94	지하지장물철거 해체	W_MID	BATCH002	294	PROCESS	KEEP_AS_DISTINCT	EMPTY	NOT_APPROVED
186	14a8d996416e0a46208aa03eb0e0fb6bbda385074ba8671f2071452a6f019674	기계설비철거 해체	W_MID	BATCH002	295	PROCESS	KEEP_AS_DISTINCT	EMPTY	NOT_APPROVED
187	d3a5b62fc9f921c44872831f5a6db30dda4fdad4229eaab7b8aa114b76c3d9b9	전기 통신설비철거 해체	W_MID	BATCH002	296	PROCESS	KEEP_AS_DISTINCT	EMPTY	NOT_APPROVED
254	05eb3e36c8f5fdcce15db96bd2efa226b94e3667b56e30da9de3c1df8c4d3979	거푸집공사	W_MID	BATCH002	297	PROCESS	KEEP_AS_DISTINCT	EMPTY	NOT_APPROVED
314	693e3ce3b0d9c873382dcaa5f43db9da486f06e528222facc36d568297b97a2e	토목배관부대공사	W_MID	BATCH002	298	PROCESS	KEEP_AS_DISTINCT	EMPTY	NOT_APPROVED
411	a53cc7b397ecf784f7fce5f30f6f50e52dae2e827bab41c38478ecf6a51ca596	벽돌조적공사	W_MID	BATCH002	299	PROCESS	KEEP_AS_DISTINCT	EMPTY	NOT_APPROVED
425	621883216658ee8b51a882458b863caac6f0ef0a3aa90a6ae210d979ceff9c6d	마감목공사	W_MID	BATCH002	300	PROCESS	KEEP_AS_DISTINCT	EMPTY	NOT_APPROVED
541	e683e7b2b273471998aeddcc327d4baecc37bb99b92f16d2aaa27d3a53d282d5	바닥깔기	W_MID	BATCH002	301	PROCESS	KEEP_AS_DISTINCT	EMPTY	NOT_APPROVED
551	ce15610a4e31dc60519f4c1b343d5cbfad096cf9ac6920fe8fe0e6ca5c32e2e9	바탕처리	W_MID	BATCH002	302	PROCESS	KEEP_AS_DISTINCT	EMPTY	NOT_APPROVED
597	2cf634c78acd0c1d65c2e17f2ce8b293dff56c57a44de00f9c4f334f033c2606	조경유지관리	W_MID	BATCH002	303	PROCESS	KEEP_AS_DISTINCT	EMPTY	NOT_APPROVED
021	56c9b1d2639a8d42a943515b10f2f0b623498a479dee255b9768e58949e8a2a5	가설부지	W_MID	BATCH002	304	CLASSIFICATION	REJECT	EMPTY	NOT_APPROVED
032	ee76e4a5630da67880b1627a5560ceec76156d6c14926c8f9aa2b6055eeae525	가설작업보조시설	W_MID	BATCH002	305	FACILITY_EQUIPMENT	REJECT	EMPTY	NOT_APPROVED
051	eb4509535157edb86ac8f9a6ec0e7a2196b60a0d293d3c3b8f960af93d805e15	가설공해방지	W_MID	BATCH002	306	PROCESS	KEEP_AS_DISTINCT	EMPTY	NOT_APPROVED
058	8b329e339c56ddbd992c483c14f39db1b2b4cec6d0993cbcaac5927e21bb00a2	준공및현장정리	W_MID	BATCH002	307	PROCESS	KEEP_AS_DISTINCT	EMPTY	NOT_APPROVED
072	49813a06650a6f985c06e76617c30edaad73ea0ceb6e97cf7f2851c856627f90	토목품질시험	W_MID	BATCH002	308	PROCESS	KEEP_AS_DISTINCT	EMPTY	NOT_APPROVED
087	50c34f99212a685fb0c43afbdd71afd6b0a5d376c07ea999f19274d41ea3fd88	건축관리시험(마감)	W_MID	BATCH002	309	PROCESS	KEEP_AS_DISTINCT	EMPTY	NOT_APPROVED
123	cfee7cb4e64617349f577b98e308dfd6e7efb02f623e7eef4c778dc901c3b511	터널공사계측	W_MID	BATCH002	310	PROCESS	KEEP_AS_DISTINCT	EMPTY	NOT_APPROVED
135	d80fbdfd0068168ac8242fd71420c4123ca8237ff09ba28e8d27b0c95bda4014	실내실험	W_MID	BATCH002	311	PROCESS	KEEP_AS_DISTINCT	EMPTY	NOT_APPROVED
211	633de30a44241ed07e03d528d596baef9d775e80c0babbd78a62af930048c012	표토제거및부지정지	W_MID	BATCH002	312	PROCESS	KEEP_AS_DISTINCT	EMPTY	NOT_APPROVED
222	f95509df7ab07fb93be69baac9729f03f37ac11cf78ec8c30dbf82580e3ca5fd	표층처리	W_MID	BATCH002	313	PROCESS	KEEP_AS_DISTINCT	EMPTY	NOT_APPROVED
223	66dbb7d89e4a14636cd8431711be1e61d8aeb717920c0bfae3ea843ad2e9bacf	지반배수	W_MID	BATCH002	314	PROCESS	KEEP_AS_DISTINCT	EMPTY	NOT_APPROVED
224	762f6dec5101d05267921403ca4c5e22f7758b93eecbdc5d628d89d40cc66519	고결공법	W_MID	BATCH002	315	METHOD	REJECT	EMPTY	NOT_APPROVED
225	d32db45f90e0d2a3c8e5b9da8508f1d5aceb6921cefa9c5ac4faf56cf3683d69	다짐공법	W_MID	BATCH002	316	METHOD	REJECT	EMPTY	NOT_APPROVED
264	07341c776573199af8b2235389736753f5756770450e10db8e5111cc6c364ffb	토목PC구조부재조립	W_MID	BATCH002	317	PROCESS	KEEP_AS_DISTINCT	EMPTY	NOT_APPROVED
311	bd90ea68420260c25122b721a943a0c96032f06305512a5ea784c26a482d2f23	토목배관부설	W_MID	BATCH002	318	PROCESS	KEEP_AS_DISTINCT	EMPTY	NOT_APPROVED
338	5b5a63178cad24e81f0805add9a6a5abca3a74cc47046d945e3f7325098d3835	철로보선작업	W_MID	BATCH002	319	PROCESS	KEEP_AS_DISTINCT	EMPTY	NOT_APPROVED
353	47b68ca576108fb28063bf570f851efc0ff341b58accf5ef4a397c0f3a083483	터널보강및안정	W_MID	BATCH002	320	PROCESS	KEEP_AS_DISTINCT	EMPTY	NOT_APPROVED
371	93d18db94231cee317fd601cee60906f23dc1ab2d4c5fbbc8d3ec7be9da212d9	휠댐(제방)	W_MID	BATCH002	321	CLASSIFICATION	REJECT	EMPTY	NOT_APPROVED
434	e500e995fd6b12007824612b10aa49b2d3060bee64edb60b02f8010b2d95a45f	금속잇기	W_MID	BATCH002	322	PROCESS	KEEP_AS_DISTINCT	EMPTY	NOT_APPROVED
435	c96e5e837e8c53712e7efa698aabb11db1bb0b14b36a97fb594b1801bb9c198d	시트지붕	W_MID	BATCH002	323	CLASSIFICATION	REJECT	EMPTY	NOT_APPROVED
437	6c2e0e498b779fc44d279871437f26960522a443a2da67fa7220e580cdf901c6	홈통공사및지붕부속공사	W_MID	BATCH002	324	PROCESS	KEEP_AS_DISTINCT	EMPTY	NOT_APPROVED
451	a9ef0cceac826fb24ba0b743b51c9e00dd42bd825cd2604c663ce0ac484b895f	지붕및바닥단열공사	W_MID	BATCH002	325	PROCESS	KEEP_AS_DISTINCT	EMPTY	NOT_APPROVED
461	35ec53f9a44899a536371023d37fd6c4d8863cca2cc0199f18ef5bebffb92762	커튼월프레임및앵커설치	W_MID	BATCH002	326	PROCESS	KEEP_AS_DISTINCT	EMPTY	NOT_APPROVED
474	2225099a2047d514c7b47b79ada6c511e545188779e2cf405cb04ea20d2e8302	금속계단	W_MID	BATCH002	327	FACILITY_EQUIPMENT	REJECT	EMPTY	NOT_APPROVED
477	f0eeea6dc0e4475a75c113f0d007e117f59c0fc04d95a5cd15aefebdf654fc37	금속부속물설치	W_MID	BATCH002	328	PROCESS	KEEP_AS_DISTINCT	EMPTY	NOT_APPROVED
511	134bfb3516d220e4555dd113f4e7b5be56ad0483784f271e60a3a5327aa4e13f	시멘트모르터미장	W_MID	BATCH002	329	PROCESS	KEEP_AS_DISTINCT	EMPTY	NOT_APPROVED
513	4a2afc9181d8d894bd79141b072185f59adff66f6e0a8aab34d9f33ce05c52a5	플라스터	W_MID	BATCH002	330	MATERIAL_COMPONENT	REJECT	EMPTY	NOT_APPROVED
515	c175f8f58b76055111a2ce2fc4bb447d9b96cded044d887e37bfe02bc0ce6b8d	온돌바닥공사	W_MID	BATCH002	331	PROCESS	KEEP_AS_DISTINCT	EMPTY	NOT_APPROVED
0111	174c276ed31db80d4f28170b1e2013696e40def172315f9fd9670135c88d1bdc	공사개요	W_LEAF	BATCH002	332	CLASSIFICATION	REJECT	EMPTY	NOT_APPROVED
0211	026fa6840667bb0e6b479362f324aabe5ac2c2737e5a28c6e4de0ecf44915e9c	발주자가설건물부지	W_LEAF	BATCH002	333	CLASSIFICATION	REJECT	EMPTY	NOT_APPROVED
0311	a2c33427ad8a4f0e9c52fdbce0e583777b3ca9903fa497d4e523340235caebed	공사용가설도로	W_LEAF	BATCH002	334	FACILITY_EQUIPMENT	REJECT	EMPTY	NOT_APPROVED
0511	b6127c94212073bb116f39295ead0322d0835513ad929fb78b0fcbe75c5b90ee	가설수질오염방지	W_LEAF	BATCH002	335	TASK	KEEP_AS_DISTINCT	EMPTY	NOT_APPROVED
0611	102ea41c705bdf22ae91e6fd40c4d87a37388435fa1e7138a94e9636f5c0eba4	수송비	W_LEAF	BATCH002	336	CLASSIFICATION	REJECT	EMPTY	NOT_APPROVED
0711	58a62e550227664802cb2c833d4d675fed3768f2a3b34d929c070a154184d439	토공사및지반개량	W_LEAF	BATCH002	337	CLASSIFICATION	REJECT	EMPTY	NOT_APPROVED
0851	8a4d575f9459bd01a20dfd7fb7016d5c249a2136a404993325d4b94e36e7fa64	토공	W_LEAF	BATCH002	338	CLASSIFICATION	REJECT	EMPTY	NOT_APPROVED
1111	2c91a7975e85f38c4c299862c9a17405227bff4c18df7f37cbf4c6264ceddf50	거리측정	W_LEAF	BATCH002	339	TASK	KEEP_AS_DISTINCT	EMPTY	NOT_APPROVED
1211	cd682061fb0454a0cac16abec4eb89c50edbf8df58c0bce16602114898fb4b0a	지중수평변위측정	W_LEAF	BATCH002	340	TASK	KEEP_AS_DISTINCT	EMPTY	NOT_APPROVED
1311	1aebde9a27964fcbbc7d5f024c55503ba8bc20e4fb0f2a41b90d797bf8d7c07b	암이외의지질시험굴착	W_LEAF	BATCH002	341	TASK	KEEP_AS_DISTINCT	EMPTY	NOT_APPROVED
1811	1a80ed7fa14ebeacce5c74e2177f7967b8bc327a3a201613cbaf2c198fd9046f	벌개 제근	W_LEAF	BATCH002	342	TASK	KEEP_AS_DISTINCT	EMPTY	NOT_APPROVED
2111	e47dab730e2e3db46582a55bdac966dc534e1bf663675b06e53eb61e9f3a43f4	표토제거	W_LEAF	BATCH002	343	TASK	KEEP_AS_DISTINCT	EMPTY	NOT_APPROVED
2211	a8eb027bc98f2391d8621ae88f8dadb90b1f7a3a4193f5398842d48bf277e336	굴착치환	W_LEAF	BATCH002	344	TASK	KEEP_AS_DISTINCT	EMPTY	NOT_APPROVED
2311	1e4aa1794dfdf3dd77d04d108e23dd6bcd78247a05728542a56b6e83bb393867	기계식굴착	W_LEAF	BATCH002	345	TASK	KEEP_AS_DISTINCT	EMPTY	NOT_APPROVED
2411	6f655a60c1a6d65e7e34f9b3ed30889dfc9dd35267d0fa67666b687a9424b021	엄지말뚝가로널흙막이	W_LEAF	BATCH002	346	PROCESS	KEEP_AS_DISTINCT	EMPTY	NOT_APPROVED
2511	63fbbf733988f87c365ae87e8b6a72f12f89ed657173124c6a13240694fa9e54	시멘트및혼화제	W_LEAF	BATCH002	347	MATERIAL_COMPONENT	REJECT	EMPTY	NOT_APPROVED
2621	e34424538f6234fe9adcd42a1dd82f7e433236a8da991353f6d4bff56fbc5c43	일반PC구조부재공장생산	W_LEAF	BATCH002	348	TASK	KEEP_AS_DISTINCT	EMPTY	NOT_APPROVED
2711	fe997f17239aab58df456b3ba687f2dc282422757e2ebbdb1a8132c13b80d0f7	철강재	W_LEAF	BATCH002	349	MATERIAL_COMPONENT	REJECT	EMPTY	NOT_APPROVED
3111	0b837aed2088bd4ddb5f739a4750fffdc298e196e54386d594ec38dc8c5396e1	콘크리트관부설	W_LEAF	BATCH002	350	TASK	KEEP_AS_DISTINCT	EMPTY	NOT_APPROVED
3211	5931806ea98c1e01b4153d2aa41498041dae4735dddfa4fb0063bd7a44470ce2	차단층	W_LEAF	BATCH002	351	MATERIAL_COMPONENT	REJECT	EMPTY	NOT_APPROVED
3321	affac27e44636849b3675072efe97fba53c5ea7681a613904df17a1801bca937	자갈살포다지기	W_LEAF	BATCH002	352	TASK	KEEP_AS_DISTINCT	EMPTY	NOT_APPROVED
3421	e80a93abcae06f4152031f26950d92f51a84149f974fc7b6b2cc41e8b1010467	고정형교량받침	W_LEAF	BATCH002	353	FACILITY_EQUIPMENT	REJECT	EMPTY	NOT_APPROVED
3511	d36d00dc046ca7d1185e5c673947e908714e8551b2545b1c22c1dff38b882cb1	토공장비굴착	W_LEAF	BATCH002	354	TASK	KEEP_AS_DISTINCT	EMPTY	NOT_APPROVED
3611	d57ce35223451452edbf6269a44b856a5e8d6ee2cc63e10e2fe07c0b21d9bf24	연질토사(N=	W_LEAF	BATCH002	355	AMBIGUOUS	HOLD	EMPTY	NOT_APPROVED
3711	5a2acdd00ab7823605b79ea47c7cc366b4fef7b00a0c016f59df7d9a901422d0	불투수성재료축조	W_LEAF	BATCH002	356	TASK	KEEP_AS_DISTINCT	EMPTY	NOT_APPROVED
3822	2dea9eeeac6f069be94b968c3df2f40801fb36c5886d3a3e5e187cbf74e425f7	블록조적옹벽	W_LEAF	BATCH002	357	FACILITY_EQUIPMENT	REJECT	EMPTY	NOT_APPROVED
4111	90b0432f34f4f1cf8c000876f4d8a528bc880fc4ba6b2bd2096e5bcf9d141512	시멘트벽돌	W_LEAF	BATCH002	358	MATERIAL_COMPONENT	REJECT	EMPTY	NOT_APPROVED
4211	2ad6a2af5ac1f215fa00dbe3250cffa1021f4d6c379555e386747bcc7ec8f328	토대	W_LEAF	BATCH002	359	MATERIAL_COMPONENT	REJECT	EMPTY	NOT_APPROVED
4311	a33902e8839dca0c3c7cfae48695d094f5c309d410783f24ce5a4992832d9f79	초가지붕잇기	W_LEAF	BATCH002	360	TASK	KEEP_AS_DISTINCT	EMPTY	NOT_APPROVED
4411	bbc9451c4bcfc34d97d1e36a2f9ad4d6a8345a30a9eadca2d5a95975730257c6	아스팔트방수	W_LEAF	BATCH002	361	TASK	KEEP_AS_DISTINCT	EMPTY	NOT_APPROVED
4511	14c2225f1a4e72db0cd59d00785accf402c1be04a4c4d82e75a49c1a65e3d7a1	보드형지붕 바닥단열	W_LEAF	BATCH002	362	TASK	KEEP_AS_DISTINCT	EMPTY	NOT_APPROVED
4611	3fa23330404851de1a7f6ff4d5dc3f79fdbdd54271e412007a5debf979565e0e	콘크리트프레임	W_LEAF	BATCH002	363	MATERIAL_COMPONENT	REJECT	EMPTY	NOT_APPROVED
4741	68d5105c440c3bf5faf9178bb9a2207ad7ecdd4c704ee17fe67aaddcda51d80d	스파이럴금속계단	W_LEAF	BATCH002	364	FACILITY_EQUIPMENT	REJECT	EMPTY	NOT_APPROVED
4811	b0c69d967733c5a960371670c5f72d62cb2278a3967a3b937d74078054899714	문틀	W_LEAF	BATCH002	365	MATERIAL_COMPONENT	REJECT	EMPTY	NOT_APPROVED
5111	e76626596b6dc79cef4f5674bb2f6c62c65107491679065437a04f5949160d74	시멘트모르터	W_LEAF	BATCH002	366	MATERIAL_COMPONENT	REJECT	EMPTY	NOT_APPROVED
5211	dc3bfb980ff62e0ed8a1855d1501187e9c47baf7c95897a0993cf251fedcb9ff	화강석깔기	W_LEAF	BATCH002	367	TASK	KEEP_AS_DISTINCT	EMPTY	NOT_APPROVED
5311	29ffe3bc3490cd5490765e7be21e36c1535b1f9c26398b14d8a1270666218d2b	시멘트계타일바닥붙이기	W_LEAF	BATCH002	368	TASK	KEEP_AS_DISTINCT	EMPTY	NOT_APPROVED
5411	776fa32fb58ec47255d4ebc0566803a1ea28a99ad9ee4b3bf794d809942ecd1c	온돌마루깔기	W_LEAF	BATCH002	369	TASK	KEEP_AS_DISTINCT	EMPTY	NOT_APPROVED
5511	44177e2a0819082536c00a8808359ba78ecda756fae11358c5ef6f5165184f9a	금속제바탕처리	W_LEAF	BATCH002	370	TASK	KEEP_AS_DISTINCT	EMPTY	NOT_APPROVED
5611	9e66dad48c05c7513397e00b7c115a71ebcdaa7e52417fe634e23ccda7069f4f	붙박이수납가구	W_LEAF	BATCH002	371	FACILITY_EQUIPMENT	REJECT	EMPTY	NOT_APPROVED
5711	a770e629c8a56fe1324693f81e9a817eda0931d4c6b592baa1db1774e6861f02	책상 탁자	W_LEAF	BATCH002	372	FACILITY_EQUIPMENT	REJECT	EMPTY	NOT_APPROVED
5911	4f0a6299a5d8f30a655722a7c0e78b985c06316addf9814a45737bd22a7f7650	정지	W_LEAF	BATCH002	373	TASK	KEEP_AS_DISTINCT	EMPTY	NOT_APPROVED
6111	46387bc10931d4a8fec2b6f327629535c4c5e3b7ade489a9dd0f4ae32cf408a7	배관공사	W_LEAF	BATCH002	374	PROCESS	KEEP_AS_DISTINCT	EMPTY	NOT_APPROVED
6211	0b6ebc7a89858c411c00a2fff176b1f7fe9edb00c56440b9acc2ebcd3712895d	기계보일러및부속공사	W_LEAF	BATCH002	375	PROCESS	KEEP_AS_DISTINCT	EMPTY	NOT_APPROVED
6311	cfc316505b91f515b236b535dd0c5eb1db0852793a57837ffcc5d855577f9829	위생기구류공사	W_LEAF	BATCH002	376	PROCESS	MERGE_CANDIDATE	UNRESOLVED	NOT_APPROVED
6411	55c044382715ef16c86caf543f848bb9768f4952fad6bbb83ff57b77c25c37dc	소방설비별공사	W_LEAF	BATCH002	377	PROCESS	KEEP_AS_DISTINCT	EMPTY	NOT_APPROVED
6511	3f88bc543d98910b0fd213fdb0b1d83e2043e7c1006951f5162e5f2b3f9a7f1d	저장탱크제작공사	W_LEAF	BATCH002	378	PROCESS	KEEP_AS_DISTINCT	EMPTY	NOT_APPROVED
6611	053fd83032716618a3bcc3b287ac2b496d47321c911ab583ce733b63e3ad8b0e	살수설비주기기설비공사	W_LEAF	BATCH002	379	PROCESS	KEEP_AS_DISTINCT	EMPTY	NOT_APPROVED
6711	e8d8e750f5afba1f6f3c35e0d41463c9172189a682619323f8694e0d816d8c42	주방기구설비공사	W_LEAF	BATCH002	380	PROCESS	MERGE_CANDIDATE	UNRESOLVED	NOT_APPROVED
7111	2010748a2cec6b89c03c764b8ffa0b16bed1294105a3991d1807a6943bded037	화력발전설비공사	W_LEAF	BATCH002	381	PROCESS	KEEP_AS_DISTINCT	EMPTY	NOT_APPROVED
7211	a355ce2ea36e2db32965d406233dcc3a813cbf5520b7e77f8952a49b22f96086	제철설비공사	W_LEAF	BATCH002	382	PROCESS	KEEP_AS_DISTINCT	EMPTY	NOT_APPROVED
7311	cec40465db152219d2a21895981260ad1ee82b9ccc743cbab1d59d4a8e72e132	쓰레기소각설비공사	W_LEAF	BATCH002	383	PROCESS	MERGE_CANDIDATE	UNRESOLVED	NOT_APPROVED
7411	3a1fee75a8c13b15c88024aad71277a8bcc254ad333ea59940817792228663a1	운반기계설비공사	W_LEAF	BATCH002	384	PROCESS	MERGE_CANDIDATE	UNRESOLVED	NOT_APPROVED
7611	6b5d97c2b7827f84057d95ff36996a139a12be7264b58926c9650fd5e4a954a6	석유비축및수송시설설비공사	W_LEAF	BATCH002	385	PROCESS	KEEP_AS_DISTINCT	EMPTY	NOT_APPROVED
8111	fc1791cf8f9288e0e7688654ab3d0d54d1968493d1ec1895e37714ad36384a49	배관및전로공사	W_LEAF	BATCH002	386	PROCESS	MERGE_CANDIDATE	UNRESOLVED	NOT_APPROVED
8211	92bbd2af3c28162f14b1db75adb1955d9e8665ef31df0bcb5ed0a8e3dacd0c47	송전설비별설치공사	W_LEAF	BATCH002	387	PROCESS	KEEP_AS_DISTINCT	EMPTY	NOT_APPROVED
8311	73d311c8d9d65139be81ac55e8cf8a4a6237baf090c49709d93b57caacae7c89	배전설비공사	W_LEAF	BATCH002	388	PROCESS	MERGE_CANDIDATE	UNRESOLVED	NOT_APPROVED
8411	d7c8d5c3be8f32af5ec3287fe74208415bfca1be256128d12c69bb3c683d7bdd	통신구조물및기타보조기기류설치공사	W_LEAF	BATCH002	389	PROCESS	KEEP_AS_DISTINCT	EMPTY	NOT_APPROVED
8511	1dfd86267b8c84ce966f7f303af4a6c2eefb9eba3ecffb6d8ff28748200450c4	자동화재탐지설비공사	W_LEAF	BATCH002	390	PROCESS	KEEP_AS_DISTINCT	EMPTY	NOT_APPROVED
8611	e417f643fbb2d6bbe097fd3274c601fe03c9ca9570486aeff33a2de4a77b617f	제어설비공사	W_LEAF	BATCH002	391	PROCESS	KEEP_AS_DISTINCT	EMPTY	NOT_APPROVED
9112	f1fac9c02ce38bde2a98f21c1c28cc32a51ca7001843d5ba0c8d395818f8bb24	배관관리및시험	W_LEAF	BATCH002	392	TASK	KEEP_AS_DISTINCT	EMPTY	NOT_APPROVED
0151	d830409679b1f0da0d1aacab97ad529038af6a163a9bb972777601e78947fd7c	직접공사비	W_LEAF	BATCH002	393	CLASSIFICATION	REJECT	EMPTY	NOT_APPROVED
0221	c616a6403c85eb8e02a71d90ab47cd11d3f306765be2d4200e6ac8c9926bda2a	발주자가설현장사무실	W_LEAF	BATCH002	394	FACILITY_EQUIPMENT	REJECT	EMPTY	NOT_APPROVED
0321	64b26b4e0469c9ca7b92f8a6a2e1416bb3c033fb16f1310b0363350e5c0aa110	가설비계	W_LEAF	BATCH002	395	FACILITY_EQUIPMENT	REJECT	EMPTY	NOT_APPROVED
0521	bcb3457f521aca9f8edf395bf60f7596d1925192879e0c6d36a5fdcf1c72e549	기존도로유지보수	W_LEAF	BATCH002	396	TASK	MERGE_CANDIDATE	UNRESOLVED	NOT_APPROVED
0621	a1e37d5f8284de1008d1d319ce923ec28f2663b174cc45fc79a2881218615b81	타워크레인	W_LEAF	BATCH002	397	FACILITY_EQUIPMENT	REJECT	EMPTY	NOT_APPROVED
0721	868eb492f652bad56dd2783098cd261eb47e310111a01b4d486acb860ce274e6	도로	W_LEAF	BATCH002	398	CLASSIFICATION	REJECT	EMPTY	NOT_APPROVED
0861	2ae8e864320d75d56d64f6c86d2a1d9de38415bb1b672c7d6bc4aa26b5b33aaf	방수및방습	W_LEAF	BATCH002	399	CLASSIFICATION	REJECT	EMPTY	NOT_APPROVED
1121	5990c9fd74f3f766c27be9d344989eaa7d705929723d0e261b275c7188cabfc7	등고선	W_LEAF	BATCH002	400	CLASSIFICATION	REJECT	EMPTY	NOT_APPROVED
024	ff9824b6e41b26da11b586144b505613ffca8363bc0755d44a2968b9828f214d	가설편의시설및부대시설	W_MID	W_MID_REVIEW003	401	FACILITY_EQUIPMENT	REJECT	EMPTY	NOT_APPROVED
025	1c3bb307cae93cbf15913ad1de463ba738c3a0e626efcf33ac51738f79dba326	업무용운송시설	W_MID	W_MID_REVIEW003	402	FACILITY_EQUIPMENT	REJECT	EMPTY	NOT_APPROVED
026	f3c15349fcae137915dd0a4ef583c8820c07c05a831b78176030fbd6f05c0561	가설울타리및현장출입문	W_MID	W_MID_REVIEW003	403	FACILITY_EQUIPMENT	REJECT	EMPTY	NOT_APPROVED
027	a815bdf41ff28fe4298cc171cad5854027bebd49424dd8696ce9c26a973664b0	가설안내시설및표지판	W_MID	W_MID_REVIEW003	404	FACILITY_EQUIPMENT	REJECT	EMPTY	NOT_APPROVED
031	2e0082852a2db8ea53408291290ddf422f15c6c34de356aa84e71a469fdad94e	공사용가설도로	W_MID	W_MID_REVIEW003	405	FACILITY_EQUIPMENT	REJECT	EMPTY	NOT_APPROVED
033	1faf794d96412b87fde99ab64caf8c154744e198967d20c0f1c58ddb0d9513aa	가설흙막이및지보공사	W_MID	W_MID_REVIEW003	406	PROCESS	KEEP_AS_DISTINCT	EMPTY	NOT_APPROVED
034	2a3b1c18afecac6d11341f5c3e392afb441bcc9e41339930c06b45732fd68a8d	터널가설	W_MID	W_MID_REVIEW003	407	PROCESS	KEEP_AS_DISTINCT	EMPTY	NOT_APPROVED
035	1cc1a8b85cbddf700ba4dfdd0b8f23a7c13078dab2583b7b4d3d1329525a3817	교량가설	W_MID	W_MID_REVIEW003	408	PROCESS	KEEP_AS_DISTINCT	EMPTY	NOT_APPROVED
038	da24560ea603b933412864f4de6f9964df311bc9b5436095be4860d483cdfd4c	가체절	W_MID	W_MID_REVIEW003	409	PROCESS	KEEP_AS_DISTINCT	EMPTY	NOT_APPROVED
052	ed24e98c7e863a042eefd22723c80c299bacb4544c1c38e6f509bc1c7ee2a835	기존도로유지보수	W_MID	W_MID_REVIEW003	410	TASK	MERGE_CANDIDATE	bcb3457f521aca9f8edf395bf60f7596d1925192879e0c6d36a5fdcf1c72e549	NOT_APPROVED
061	081867ef518cac5ab8d9318cafc4ad2f096ba19d213d854765601e26faf0dc5d	장비운반	W_MID	W_MID_REVIEW003	411	TASK	KEEP_AS_DISTINCT	EMPTY	NOT_APPROVED
062	7963b7563731a32fb8bab2a82865269d01f8570d70605bc43a54ed1d8d139cc4	인양장비	W_MID	W_MID_REVIEW003	412	FACILITY_EQUIPMENT	REJECT	EMPTY	NOT_APPROVED
063	dd2d2630af20a9752b6dea540f275cf0669f16129c1a4ce37f34273b65c5d42e	운반장비	W_MID	W_MID_REVIEW003	413	FACILITY_EQUIPMENT	REJECT	EMPTY	NOT_APPROVED
064	6ce4694eec354ac6b29fea9739ac7e4e6974fc89616a2782a6cdb224e48ec1f0	토공장비	W_MID	W_MID_REVIEW003	414	FACILITY_EQUIPMENT	REJECT	EMPTY	NOT_APPROVED
065	1cd690bfb8905d0e78ba92df29d163d7829be32a0b51c81c9829e1d81f85badb	다짐장비	W_MID	W_MID_REVIEW003	415	FACILITY_EQUIPMENT	REJECT	EMPTY	NOT_APPROVED
066	10c3bbe0e3db5bdb6a185ea757c245c61be2cbd749355bc6a4a5c906eb7393c1	가설플랜트	W_MID	W_MID_REVIEW003	416	FACILITY_EQUIPMENT	REJECT	EMPTY	NOT_APPROVED
071	68a6a13a045916245ef12e509acca38e94c0967d340181cbbfc4610b5e30ab16	공통품질시험	W_MID	W_MID_REVIEW003	417	PROCESS	KEEP_AS_DISTINCT	EMPTY	NOT_APPROVED
073	f22338c2fa2f7baddde670cf1456d4e9c9ce671e9b581c77d50f04b2efeaf4e7	건축품질시험	W_MID	W_MID_REVIEW003	418	PROCESS	KEEP_AS_DISTINCT	EMPTY	NOT_APPROVED
074	c4d2e53292f7f2dce0706eaac891e670de489055530f5dd638d1ed29cb748c82	기계품질시험	W_MID	W_MID_REVIEW003	419	PROCESS	KEEP_AS_DISTINCT	EMPTY	NOT_APPROVED
075	58895943352c99121b8df0e9f379a57cdd394a89d862427afbc6a4074153512c	전기품질시험	W_MID	W_MID_REVIEW003	420	PROCESS	KEEP_AS_DISTINCT	EMPTY	NOT_APPROVED
076	c05dbc4276af0b3ca171e2d997a9c6556ab598889996361e4e20771454cc2f03	통신품질시험	W_MID	W_MID_REVIEW003	421	PROCESS	KEEP_AS_DISTINCT	EMPTY	NOT_APPROVED
079	e87b2defcb88d58ceb33fa327979423a673675ed305da408d9c5f3db5db049ea	기타품질시험	W_MID	W_MID_REVIEW003	422	PROCESS	KEEP_AS_DISTINCT	EMPTY	NOT_APPROVED
081	1334e54083a7fdf3929ec117ec6ea2857c20e0f5841608b2ae56964463f22b40	건축선정시험(토공 기초 구조체)	W_MID	W_MID_REVIEW003	423	PROCESS	KEEP_AS_DISTINCT	EMPTY	NOT_APPROVED
086	53574fbec4a3d081b29f7bf7be8dfd6256cedd4d479e6c42bf69c8c400ab1cd7	건축관리시험(단열 방수 지붕)	W_MID	W_MID_REVIEW003	424	PROCESS	KEEP_AS_DISTINCT	EMPTY	NOT_APPROVED
088	b9a104ea29a952a588fa1c116334c584b8ad1f084910a59ffa693f2e92f290e9	건축기계 전기시험	W_MID	W_MID_REVIEW003	425	PROCESS	KEEP_AS_DISTINCT	EMPTY	NOT_APPROVED
089	37745bd8af92a937f66091e0dc552ef05712414b839781928446a5bb5c441604	건축공사검사시험	W_MID	W_MID_REVIEW003	426	PROCESS	KEEP_AS_DISTINCT	EMPTY	NOT_APPROVED
112	3658974008046bd3fc221b6e66047c06348c85f774c9522ed1f51aa472a37c05	지형측량	W_MID	W_MID_REVIEW003	427	PROCESS	KEEP_AS_DISTINCT	EMPTY	NOT_APPROVED
113	01f8400cdd53f8eadb7de33e2e7bc2408c6ac7dfab3c10bea6c3a7a32e90a37f	하해측량	W_MID	W_MID_REVIEW003	428	PROCESS	KEEP_AS_DISTINCT	EMPTY	NOT_APPROVED
115	9d3e97129f24bc9073f63ffb3be09a9ce4a07bcef4d522f047fe4c7a1700dbd4	지적측량	W_MID	W_MID_REVIEW003	429	PROCESS	KEEP_AS_DISTINCT	EMPTY	NOT_APPROVED
119	ba4bbcb1fe4dfd8e865d45cbfd5b3a5a21f5cee97fb39753a0126260f2ee4cca	기타응용측량	W_MID	W_MID_REVIEW003	430	PROCESS	KEEP_AS_DISTINCT	EMPTY	NOT_APPROVED
122	212300bb3c4d6e22d263c5a97e759e118ddc718df43abc08dc4fe4148e35bce7	구조체계측	W_MID	W_MID_REVIEW003	431	PROCESS	KEEP_AS_DISTINCT	EMPTY	NOT_APPROVED
124	681b34793e2a0b27aa85597a3047582655a3eeed5b8970f404ec2b88d687c1fa	교량공사계측	W_MID	W_MID_REVIEW003	432	PROCESS	KEEP_AS_DISTINCT	EMPTY	NOT_APPROVED
126	45655295b94db500ea2dc03a2d1723bdcef5dd02efa4fd59ad43d502f329caf0	단열 방음및방수공사계측	W_MID	W_MID_REVIEW003	433	PROCESS	KEEP_AS_DISTINCT	EMPTY	NOT_APPROVED
127	2bfc5770587ec30ee5b62dda465f22ff4e77a4fa24a95450649a8e828cf604cd	전기설비계측	W_MID	W_MID_REVIEW003	434	PROCESS	KEEP_AS_DISTINCT	EMPTY	NOT_APPROVED
128	2b26f8a695f47923e4f01dabe4796f693aaa51483afe05c276a1e99fe2441405	기계설비계측	W_MID	W_MID_REVIEW003	435	PROCESS	KEEP_AS_DISTINCT	EMPTY	NOT_APPROVED
129	d921aa98da4efcc819c2e5ae75bbb41e85cc38233c176fd8ad70e9473e1dff3d	기타공사계측	W_MID	W_MID_REVIEW003	436	PROCESS	KEEP_AS_DISTINCT	EMPTY	NOT_APPROVED
131	f8f5001ecaf8b04d5927dbd642eb58627cf6c4d81073ae69d35466c042cc7bbb	시험굴착	W_MID	W_MID_REVIEW003	437	PROCESS	KEEP_AS_DISTINCT	EMPTY	NOT_APPROVED
132	3a415d4f8a7b016b2d1368c55360d2d240f36b0d628223c8f8ce44770580ad71	시추(보링)	W_MID	W_MID_REVIEW003	438	PROCESS	KEEP_AS_DISTINCT	EMPTY	NOT_APPROVED
133	66944a27a746d9c49274c390c714e1ae3de44f229b9347ad452659a099b200e5	샘플링	W_MID	W_MID_REVIEW003	439	PROCESS	KEEP_AS_DISTINCT	EMPTY	NOT_APPROVED
134	9cfcdfc88b2b28e969e11900feae9d6c81321546243826469ab37b93bf69d0a7	현장시험	W_MID	W_MID_REVIEW003	440	PROCESS	KEEP_AS_DISTINCT	EMPTY	NOT_APPROVED
136	57007db7b58036eee435035a3344f80e6107c647f63d126338008e5665ed368e	암석 암반시험	W_MID	W_MID_REVIEW003	441	PROCESS	KEEP_AS_DISTINCT	EMPTY	NOT_APPROVED
181	e86862d58547e3d116c9d753bba38c61a912b8b67bd91577e0ef8f89aad99c24	지상지장물철거 해체	W_MID	W_MID_REVIEW003	442	PROCESS	KEEP_AS_DISTINCT	EMPTY	NOT_APPROVED
182	995cde72019f92f0a70112fc04e17bfdc744d075b491335224e6bf500bd6db3f	지상구조물철거 해체	W_MID	W_MID_REVIEW003	443	PROCESS	KEEP_AS_DISTINCT	EMPTY	NOT_APPROVED
183	6056d6bdeb678de85c6f763540f387c837d899b43515b534bb9eef70afaa9333	해상구조물철거 해체	W_MID	W_MID_REVIEW003	444	PROCESS	KEEP_AS_DISTINCT	EMPTY	NOT_APPROVED
185	316e2752c109f91a051fc3feff4b62f8494c770ba60b53e561f7ef09349aebb2	지하구조물제거 - - 대․중․소 분류대․중․소 분류	W_MID	W_MID_REVIEW003	445	PROCESS	KEEP_AS_DISTINCT	EMPTY	NOT_APPROVED
188	09a5f69ff8dbe20c20bb19d9086397d01165e17fab19e738b9c89f0c61981b0a	지장물보호	W_MID	W_MID_REVIEW003	446	PROCESS	KEEP_AS_DISTINCT	EMPTY	NOT_APPROVED
189	99c8bd788afdb0a968a28a47760d4ff4c45e842470ff302373f77cc21ae4205e	기타철거 해체공사및시설물보호	W_MID	W_MID_REVIEW003	447	PROCESS	KEEP_AS_DISTINCT	EMPTY	NOT_APPROVED
212	1b16a4e7b14832ddb29a5e6d547db0614a8fad1654fcd00b1675859f05e22210	흙깍기(절토)	W_MID	W_MID_REVIEW003	448	PROCESS	KEEP_AS_DISTINCT	EMPTY	NOT_APPROVED
213	9b50e09949b8a2162b2d080beb81c3115b6a91d51951a1a320137451908d0343	터파기	W_MID	W_MID_REVIEW003	449	PROCESS	KEEP_AS_DISTINCT	EMPTY	NOT_APPROVED
214	03ac9689e14f8799e86516cb59840823beea8bf13eed69d0a15e284f8f062b52	트랜치터파기	W_MID	W_MID_REVIEW003	450	PROCESS	KEEP_AS_DISTINCT	EMPTY	NOT_APPROVED
215	215518746d4b48e67cdba1d913257fe46f7925e0dee98b2c957b965e27fc929c	흙쌓기(성토)	W_MID	W_MID_REVIEW003	451	PROCESS	KEEP_AS_DISTINCT	EMPTY	NOT_APPROVED
216	ec4f2c9498b2ea6baad528470eeeac0931de12a08471ff6956f307122bb05fc7	되메우기	W_MID	W_MID_REVIEW003	452	PROCESS	KEEP_AS_DISTINCT	EMPTY	NOT_APPROVED
217	c5df98c0c23f2f9a2b9edb263d89499e2aaa1f213926fee0f188cec50b555a5c	토사처리및운반	W_MID	W_MID_REVIEW003	453	PROCESS	KEEP_AS_DISTINCT	EMPTY	NOT_APPROVED
218	5beb0b35accd48cebc1ceac2949cadf8aae5f857e73ef0d6a8a52873e600291a	사면보호	W_MID	W_MID_REVIEW003	454	PROCESS	KEEP_AS_DISTINCT	EMPTY	NOT_APPROVED
221	20a0c467d770d18a48f8e121dba83e56347dfc58bc0243c1c9b6eea19f6033a3	치환	W_MID	W_MID_REVIEW003	455	PROCESS	KEEP_AS_DISTINCT	EMPTY	NOT_APPROVED
226	f7a1596f18911a69dd36553dd57ea436c77e2784b46c546e458d1d2a6c3ea582	지반그라우팅	W_MID	W_MID_REVIEW003	456	PROCESS	KEEP_AS_DISTINCT	EMPTY	NOT_APPROVED
227	c6ceb9d8a36505d7415bff356e51efe7d3f979c55c7f18a0f0683d7a60b97310	지반앵커(GroundAnchor)	W_MID	W_MID_REVIEW003	457	METHOD	REJECT	EMPTY	NOT_APPROVED
231	09825170409222951199dccfd34e23b40cb02514edef3ef46e5e9b54f17dc600	현장타설말뚝	W_MID	W_MID_REVIEW003	458	PROCESS	KEEP_AS_DISTINCT	EMPTY	NOT_APPROVED
232	7fede6271a29cfb07c57510ce245ff1a3c44813b32efccdea5c33ac385dabf09	기성말뚝	W_MID	W_MID_REVIEW003	459	CLASSIFICATION	REJECT	EMPTY	NOT_APPROVED
233	3b867ca52b24777fa3d254eb5b6e08a2671aabd5293900d404c2a9513c80053d	케이슨기초	W_MID	W_MID_REVIEW003	460	CLASSIFICATION	REJECT	EMPTY	NOT_APPROVED
234	02572840b246de7674e7d8c16aac12c883a94775adacc07cc0f96e091720303b	연결말뚝(널말뚝)	W_MID	W_MID_REVIEW003	461	CLASSIFICATION	REJECT	EMPTY	NOT_APPROVED
235	bc28afa7dd3e377f47f7ad842de2fb8ff866250540fb32349d60006a9a3c4d5b	지하연속벽(SlurryWall)	W_MID	W_MID_REVIEW003	462	METHOD	REJECT	EMPTY	NOT_APPROVED
236	bc78ddeef127e2bb6ac87dc38bace10eea045b0e1e00cecb092b5f8866efd3d9	시트파일(SheetPile)	W_MID	W_MID_REVIEW003	463	MATERIAL_COMPONENT	REJECT	EMPTY	NOT_APPROVED
237	65efc3da685b2bd93c002a4ccb42d39ded8c962edf526a39f7c771cbc8551a2f	기초보강공사	W_MID	W_MID_REVIEW003	464	PROCESS	KEEP_AS_DISTINCT	EMPTY	NOT_APPROVED
241	898c03d2ac0c4c50d6f6f01db3465b49b9c65e68d43f7053c07bc3a862250927	말뚝흙막이	W_MID	W_MID_REVIEW003	465	PROCESS	KEEP_AS_DISTINCT	EMPTY	NOT_APPROVED
242	7c7d98c2286ac3cd5f35e1cf20e8c18fcd648d86390b9b13501e0d8f97dd79d4	주열흙막이	W_MID	W_MID_REVIEW003	466	PROCESS	KEEP_AS_DISTINCT	EMPTY	NOT_APPROVED
245	f17ba6bcd0464b0c66069ec6af56ed903843e651ef679fe34c7ab002ba416210	지하연속벽흙막이	W_MID	W_MID_REVIEW003	467	PROCESS	KEEP_AS_DISTINCT	EMPTY	NOT_APPROVED
246	57d34e976696b2e8e63cacf5d1dea58c56b69be7822198727818ed6e89caf0d6	흙막이지보공사	W_MID	W_MID_REVIEW003	468	PROCESS	KEEP_AS_DISTINCT	EMPTY	NOT_APPROVED
247	bcbb0f751e393ffab3e06b1cc9a38d80c907bbb98c462d2e68ca8cccee97f51e	어스앵커(EarthAnchor) 록앵커흙막이	W_MID	W_MID_REVIEW003	469	PROCESS	KEEP_AS_DISTINCT	EMPTY	NOT_APPROVED
248	edf25342d1e8eb59f6e1471eff41ef0b3f5a49d99ba66b099341a38f1c1688d4	조립식간이흙막이	W_MID	W_MID_REVIEW003	470	PROCESS	KEEP_AS_DISTINCT	EMPTY	NOT_APPROVED
251	43e141ba4572ad96c3c100acdf7301721eb7305e1ec5b9e61bf59527c313313d	콘크리트자재	W_MID	W_MID_REVIEW003	471	CLASSIFICATION	REJECT	EMPTY	NOT_APPROVED
252	3684f8b8205931ccc615e420c4768f25c59977e2e5a9617bc3d7dd251e49de88	콘크리트생산및구입	W_MID	W_MID_REVIEW003	472	PROCESS	KEEP_AS_DISTINCT	EMPTY	NOT_APPROVED
253	8d0c01308cc552e41e2d3807b23d212fd0f0253d5e0e70d32e9cbef68df23917	콘크리트타설	W_MID	W_MID_REVIEW003	473	PROCESS	KEEP_AS_DISTINCT	EMPTY	NOT_APPROVED
255	8d40989e5cfd22ee59fe3758d334d6934d0bd8bf0c9ae20860d84b473f37984a	콘크리트보강공사	W_MID	W_MID_REVIEW003	474	PROCESS	KEEP_AS_DISTINCT	EMPTY	NOT_APPROVED
258	3e3181b6f4d10c5cb7c44dc7e2680aea51f64f25dca1e760d3ca922a3df23ce8	콘크리트부속공사	W_MID	W_MID_REVIEW003	475	PROCESS	KEEP_AS_DISTINCT	EMPTY	NOT_APPROVED
265	c514d7739aeaff3ce58a37d43f33188bdbe7bcf52aa86a5a6c0e538c6870c137	기타토목PC부재조립	W_MID	W_MID_REVIEW003	476	PROCESS	KEEP_AS_DISTINCT	EMPTY	NOT_APPROVED
266	7230e15ca263ae9d733cabec0d0971abb0b3f0e5e2059cf0a98dfd1d1d73d9c4	건축PC구조부재조립	W_MID	W_MID_REVIEW003	477	PROCESS	KEEP_AS_DISTINCT	EMPTY	NOT_APPROVED
267	57e5faf031c6579ace5cbd07f4943d3993a1c1223f6eadfe7d062e3acf11a155	현장틸트-업콘크리트공사	W_MID	W_MID_REVIEW003	478	PROCESS	KEEP_AS_DISTINCT	EMPTY	NOT_APPROVED
272	4923e964c0059bc1defe885cc4323b8243e03fa671d8fb117836e0c1aa27c549	철골가공 제작	W_MID	W_MID_REVIEW003	479	PROCESS	KEEP_AS_DISTINCT	EMPTY	NOT_APPROVED
273	643f650fde14f9a77eda98a2646a317578b5df27ead8b9e46a46887c82a69823	철골조립및설치	W_MID	W_MID_REVIEW003	480	PROCESS	KEEP_AS_DISTINCT	EMPTY	NOT_APPROVED
274	360ea08ac9ce35e56e88806535838882b2cb2c8fbf75663934d5a7fa4672a3b5	금속바닥판및부속설비설치	W_MID	W_MID_REVIEW003	481	PROCESS	KEEP_AS_DISTINCT	EMPTY	NOT_APPROVED
275	951f8df773bd340a3c3aeac0c5cd905b7a0921de13fdafc8313eb57ba2cf6e2e	현수 사장구조	W_MID	W_MID_REVIEW003	482	CLASSIFICATION	REJECT	EMPTY	NOT_APPROVED
276	0591d6a2a565c440661766e9914db75bdd9ce3794206f9879bbc7788787a5d9f	프레임구조시스템	W_MID	W_MID_REVIEW003	483	CLASSIFICATION	REJECT	EMPTY	NOT_APPROVED
277	5d36c9d3ee2029ea61ce1ac3ae998fdece9a9e2aad2025b17b5efe40300a2f99	탱크	W_MID	W_MID_REVIEW003	484	FACILITY_EQUIPMENT	REJECT	EMPTY	NOT_APPROVED
278	6f3669ae9ec26d86354f344c1e1a7996b4ecb411e8dc0a0b460fcdc301940e20	철골내화피복및도장	W_MID	W_MID_REVIEW003	485	PROCESS	KEEP_AS_DISTINCT	EMPTY	NOT_APPROVED
279	ef30b16557057598271d9d495c6e0f76860b6796bb3e5e8b426c26a8f31e749e	기타강구조물공사	W_MID	W_MID_REVIEW003	486	PROCESS	KEEP_AS_DISTINCT	EMPTY	NOT_APPROVED
316	43a3bc99d00e52448f7c527023993e949657c1564386832e2f2ce7a0c7909d54	상수도관갱생	W_MID	W_MID_REVIEW003	487	PROCESS	KEEP_AS_DISTINCT	EMPTY	NOT_APPROVED
317	5088b148117fb6702c4ca7758cf954f61a19ba612a260b64fdecac572f90e33b	하수도관갱생	W_MID	W_MID_REVIEW003	488	PROCESS	KEEP_AS_DISTINCT	EMPTY	NOT_APPROVED
322	1e7f3d26e5a96268c5f1cde639a863901f5c54f4b8b40502491ef40c5a897421	콘크리트포장	W_MID	W_MID_REVIEW003	489	PROCESS	KEEP_AS_DISTINCT	EMPTY	NOT_APPROVED
323	c3d4c392bb14848bb4bbae07794d92121d60b0e8663824546f0aa77012d215d3	경하중포장	W_MID	W_MID_REVIEW003	490	PROCESS	KEEP_AS_DISTINCT	EMPTY	NOT_APPROVED
324	f5b770845f35b351dd688dfd4449a4028f10ce66c54dcfca93c0c435d3993f49	도로배수시설공사	W_MID	W_MID_REVIEW003	491	PROCESS	KEEP_AS_DISTINCT	EMPTY	NOT_APPROVED
325	f015625106b3499b039531501af642a57e625b87026a45f9cf3ce6432da83906	암거구조물	W_MID	W_MID_REVIEW003	492	FACILITY_EQUIPMENT	REJECT	EMPTY	NOT_APPROVED
326	4687e51728bf58ef80900b750d333c262d56e4a4bd1f34a922335ae1e5dcfc3b	도로안전시설공사	W_MID	W_MID_REVIEW003	493	PROCESS	KEEP_AS_DISTINCT	EMPTY	NOT_APPROVED
327	bea237378e4df5bdb100289fc2f078e250673e441d34fd953bbf851dbe9d82a4	도로표식시설공사	W_MID	W_MID_REVIEW003	494	PROCESS	KEEP_AS_DISTINCT	EMPTY	NOT_APPROVED
328	55531efaf58f0d226b2d69fba2135c276b4275e92f268fe495960c5b4ab04990	포장면및도로보수	W_MID	W_MID_REVIEW003	495	PROCESS	KEEP_AS_DISTINCT	EMPTY	NOT_APPROVED
332	4620e6da69b8a8c0b33e25653440be8673ed37109497ef1731a3a7bdf2f7ead6	도상설치공사	W_MID	W_MID_REVIEW003	496	PROCESS	KEEP_AS_DISTINCT	EMPTY	NOT_APPROVED
334	6e5dc9285fed1a22edec44235cfc3d3d0e8b2e13428ee499c806bd91dea8960b	분기기설치	W_MID	W_MID_REVIEW003	497	PROCESS	KEEP_AS_DISTINCT	EMPTY	NOT_APPROVED
335	456cd1071cce6a6b1f6e575d59566b60dec875fbb236a56a4c6c8565cbe986f9	건널목공사	W_MID	W_MID_REVIEW003	498	PROCESS	KEEP_AS_DISTINCT	EMPTY	NOT_APPROVED
337	cee9973441f21da072871c3cdf49f5b08c8febe7aac8b49e10739c25fe341e11	철도부속설비	W_MID	W_MID_REVIEW003	499	PROCESS	KEEP_AS_DISTINCT	EMPTY	NOT_APPROVED
341	15b9452c2e734dd73832a0739d28dd67472a8d6baccb86ed488f89a001052c83	교량가설공사	W_MID	W_MID_REVIEW003	500	PROCESS	KEEP_AS_DISTINCT	EMPTY	NOT_APPROVED
342	c3c268a97825887a469b91004cfd787d31bbe4cbd321506f10381cda36d06508	교량받침	W_MID	W_MID_REVIEW003	501	FACILITY_EQUIPMENT	REJECT	EMPTY	NOT_APPROVED
343	f059462dcc720a67e46877a6471a6a184a2a285b3629ecdabe202e3f0366732b	신축이음장치	W_MID	W_MID_REVIEW003	502	FACILITY_EQUIPMENT	REJECT	EMPTY	NOT_APPROVED
344	f2fdf515006ce92b89216d6b826aef8ae9740403f72dacbe3faea2d31f3d97bc	교량방호시설	W_MID	W_MID_REVIEW003	503	FACILITY_EQUIPMENT	REJECT	EMPTY	NOT_APPROVED
345	c7736f89ecf95c7e0ead6251e3b20efa1fbfdf1cfda03ec20131dee8d9f47f3f	교량배수설비공사	W_MID	W_MID_REVIEW003	504	PROCESS	KEEP_AS_DISTINCT	EMPTY	NOT_APPROVED
346	d89d07523ccb2ffb114596895d5d5e30383d046a631369f9f4873589125ca78e	교량부속공사	W_MID	W_MID_REVIEW003	505	PROCESS	KEEP_AS_DISTINCT	EMPTY	NOT_APPROVED
347	12ca69bd08703ecfae5c0b579b79dc7e49ed7704b8b13c39b3d201ded13c82fc	교량부속설비	W_MID	W_MID_REVIEW003	506	FACILITY_EQUIPMENT	REJECT	EMPTY	NOT_APPROVED
351	a31a6441661c4c8266572ab6fb98e5e2c3b227d6ccb4b0d4e98b6af38ca59357	터널굴착공사	W_MID	W_MID_REVIEW003	507	PROCESS	KEEP_AS_DISTINCT	EMPTY	NOT_APPROVED
352	d18e262908715adfee7f21fa316947d77822b7bc104a5040de8e243a47981073	터널라이닝	W_MID	W_MID_REVIEW003	508	PROCESS	KEEP_AS_DISTINCT	EMPTY	NOT_APPROVED
354	b1eb2ab26ddd8309ce0830f285ed33a256a30fddc607a571858c1886cd704291	터널방수및배수	W_MID	W_MID_REVIEW003	509	PROCESS	KEEP_AS_DISTINCT	EMPTY	NOT_APPROVED
355	6ea8562471ec5e7122586edb3a16852ccb8f343e4aefe0c58cbddf8131c62f6c	터널지보및거푸집	W_MID	W_MID_REVIEW003	510	PROCESS	KEEP_AS_DISTINCT	EMPTY	NOT_APPROVED
356	fb6020b5ccfb8929d06f523e6c292fba38836ff3307dd74e5ccd5c0e90c9658e	터널내부마감공사	W_MID	W_MID_REVIEW003	511	PROCESS	KEEP_AS_DISTINCT	EMPTY	NOT_APPROVED
363	d042be734cfec1f12207f85077cd795b539118b284bb728bbfb9922b2cfa2288	호안용콘크리트구조물제작및거치	W_MID	W_MID_REVIEW003	512	PROCESS	KEEP_AS_DISTINCT	EMPTY	NOT_APPROVED
367	fdb97bc4fbf66a01c13d4130b94cc3aadf9577b1e52a92601f00ec1bbeeb35f7	항만부속설비공사	W_MID	W_MID_REVIEW003	513	PROCESS	KEEP_AS_DISTINCT	EMPTY	NOT_APPROVED
368	147fe7d3374e01ffef042edf22c72c0d40be81e2964efb455d627d3f5844a7c7	하천 항만부속공사	W_MID	W_MID_REVIEW003	514	PROCESS	KEEP_AS_DISTINCT	EMPTY	NOT_APPROVED
372	95554bb867b125afc9cf46e9979e196b44e91dd16c59099d8379aee7cfcebc49	표면차수벽형댐	W_MID	W_MID_REVIEW003	515	CLASSIFICATION	REJECT	EMPTY	NOT_APPROVED
381	168c14e1189fb7ecd7d095c6b97fdba79f54213cc7ace95f682cad9279356fe9	현장타설옹벽	W_MID	W_MID_REVIEW003	516	FACILITY_EQUIPMENT	REJECT	EMPTY	NOT_APPROVED
382	5a90b14a6dd0fbb0f2f9436710e4ee2ee216f5ece295d98681bed05bfb876843	조적식옹벽	W_MID	W_MID_REVIEW003	517	FACILITY_EQUIPMENT	REJECT	EMPTY	NOT_APPROVED
383	69fdaaa1641fecd05399bfaa533d10124dfdef1888a99b804ddbbe46427a71bc	보강토옹벽	W_MID	W_MID_REVIEW003	518	FACILITY_EQUIPMENT	REJECT	EMPTY	NOT_APPROVED
384	b54236cfc595a6ec0d1c23d3f3a7d87ceebd9976863fa04f65a14a3b6f90c0f2	강재보강옹벽	W_MID	W_MID_REVIEW003	519	FACILITY_EQUIPMENT	REJECT	EMPTY	NOT_APPROVED
385	75b1e86423865309b1ec2b191c662e19ec5b3e34fe24b10b507d5ac91c3a49ba	솔저빔옹벽	W_MID	W_MID_REVIEW003	520	FACILITY_EQUIPMENT	REJECT	EMPTY	NOT_APPROVED
386	c3fd8a1b2272f1c24fd64787ba22abb7e058b3d1fd78ec09698a7fa7bb9c3af8	목재옹벽	W_MID	W_MID_REVIEW003	521	FACILITY_EQUIPMENT	REJECT	EMPTY	NOT_APPROVED
389	a1160e2a25b23904c589744a628f109a569a60cf0bfc457c766cc23ef9571fa6	기타옹벽공사	W_MID	W_MID_REVIEW003	522	PROCESS	KEEP_AS_DISTINCT	EMPTY	NOT_APPROVED
413	31ee3ade095a5ef00accae31c97458816eda4964c8c01cb9f4da3789a9b999f8	블록조적공사	W_MID	W_MID_REVIEW003	523	PROCESS	KEEP_AS_DISTINCT	EMPTY	NOT_APPROVED
415	488626f2d507676233ff202a0d23972d490a28a803ad926f8fe7f9d333c8ce8b	유리블록	W_MID	W_MID_REVIEW003	524	MATERIAL_COMPONENT	REJECT	EMPTY	NOT_APPROVED
417	2d9e0a9cc53818044f55aa8ce5bd2ce78046e0b9d43cfabd6db0ed1e3e76d56b	조적용조립판넬	W_MID	W_MID_REVIEW003	525	MATERIAL_COMPONENT	REJECT	EMPTY	NOT_APPROVED
418	232a556363c0707a966770c0896efd50015ac02b5090a6409f224333bf885069	조적부속공사	W_MID	W_MID_REVIEW003	526	PROCESS	KEEP_AS_DISTINCT	EMPTY	NOT_APPROVED
422	dc084d459b0479dd5a7bd3fb260a2559250f7cd5fb4e5bf9e0b9eaee8b5f180f	통나무구조목공사	W_MID	W_MID_REVIEW003	527	PROCESS	KEEP_AS_DISTINCT	EMPTY	NOT_APPROVED
427	faba1b448ec1f416838746f74b39236b4135a13157ab7a071c7a288bdefec392	목조부속목공사	W_MID	W_MID_REVIEW003	528	PROCESS	KEEP_AS_DISTINCT	EMPTY	NOT_APPROVED
428	de41740089c301f6b4f07f2ff8f7149b2c01c07411f4b8f73a68fcddcdc85a43	목재처리	W_MID	W_MID_REVIEW003	529	PROCESS	KEEP_AS_DISTINCT	EMPTY	NOT_APPROVED
431	862b199af64073d805af60de404aa66940183eb7de761438bb78bc5f88311638	자연형지붕잇기	W_MID	W_MID_REVIEW003	530	PROCESS	KEEP_AS_DISTINCT	EMPTY	NOT_APPROVED
433	7e76febd17de30a802b30105f6f21918166c699f975339d7c5414fd71c442432	슬레이트잇기	W_MID	W_MID_REVIEW003	531	PROCESS	KEEP_AS_DISTINCT	EMPTY	NOT_APPROVED
436	0ab41593e887c05095b0a265e1c18113a7e0cc56b3f16e028e52b208e2d5304e	지붕판넬	W_MID	W_MID_REVIEW003	532	MATERIAL_COMPONENT	REJECT	EMPTY	NOT_APPROVED
441	174c9c16428e9b6cb65b02468edf3a4660c662fcedf71ed9357cfc58f407ec6f	멤브레인방수	W_MID	W_MID_REVIEW003	533	PROCESS	KEEP_AS_DISTINCT	EMPTY	NOT_APPROVED
442	ff20912ebe02c195a6123d12b473577229e1601f7a3cc056b65e31c67e743442	침투성방수	W_MID	W_MID_REVIEW003	534	PROCESS	KEEP_AS_DISTINCT	EMPTY	NOT_APPROVED
443	b04af42bf24624abe933a853e9777d7d25eb509e58e2750423621912e0ee1d41	액체방수및모르터방수	W_MID	W_MID_REVIEW003	535	PROCESS	KEEP_AS_DISTINCT	EMPTY	NOT_APPROVED
444	bdeabb91c4ace62290631bb660b58cec46186b3fc40f742c198745c61e452232	금속방수	W_MID	W_MID_REVIEW003	536	PROCESS	KEEP_AS_DISTINCT	EMPTY	NOT_APPROVED
445	9f0e2970513ef2819f6e97422fcd542225828e8b5057380ada31281863a4356b	벤토나이트방수	W_MID	W_MID_REVIEW003	537	PROCESS	KEEP_AS_DISTINCT	EMPTY	NOT_APPROVED
446	227d369b261de20da01e64b86ca9c54bb05139fb97ac3a7ce5353204d3bd792b	방습	W_MID	W_MID_REVIEW003	538	PROCESS	KEEP_AS_DISTINCT	EMPTY	NOT_APPROVED
447	c31f801b5a66190d0240393e477dbb363c6c428fda790b152c36ef7e04a00bfd	발수제바르기	W_MID	W_MID_REVIEW003	539	PROCESS	KEEP_AS_DISTINCT	EMPTY	NOT_APPROVED
448	b15ebf88e5937445d8e2cfec0101f4af6264a04593e56d39149d6582808b7988	방수보호재	W_MID	W_MID_REVIEW003	540	MATERIAL_COMPONENT	REJECT	EMPTY	NOT_APPROVED
452	3581aebb99366cb129ec07cd2d1038c1d9fbd7ff6520556f0da197fc20cdd089	슬래브하부단열	W_MID	W_MID_REVIEW003	541	PROCESS	KEEP_AS_DISTINCT	EMPTY	NOT_APPROVED
453	1b79d27d3205cb0e33af3e28beea3e023d66f793a9f4f40f0f90b39bb4d03eda	천정단열	W_MID	W_MID_REVIEW003	542	PROCESS	KEEP_AS_DISTINCT	EMPTY	NOT_APPROVED
454	8737ffafee9e9356beec0edca95c93e1fc270f66f44307bfd193c571b3756d55	벽체단열	W_MID	W_MID_REVIEW003	543	PROCESS	KEEP_AS_DISTINCT	EMPTY	NOT_APPROVED
455	0acda8bcf1e95057ac5b73dff7289b40374f4d32351effa7066b5d32d46c0308	외벽단열	W_MID	W_MID_REVIEW003	544	PROCESS	KEEP_AS_DISTINCT	EMPTY	NOT_APPROVED
456	d89ed7a97c91f04aa44790007e7b80844dce555f14b9ae05fdb46e1f590f1b44	방진 방음공사	W_MID	W_MID_REVIEW003	545	PROCESS	KEEP_AS_DISTINCT	EMPTY	NOT_APPROVED
462	eba6e95794649f6c23e3fb5f853acff38e91ba6afbfc17ce1fb18af722957f76	콘크리트계판넬	W_MID	W_MID_REVIEW003	546	MATERIAL_COMPONENT	REJECT	EMPTY	NOT_APPROVED
463	9aad0c98843c7ef259e6adf25a18386c9a1abf3e122ee91549a383e93a4e1485	철재판넬	W_MID	W_MID_REVIEW003	547	MATERIAL_COMPONENT	REJECT	EMPTY	NOT_APPROVED
464	ca591209da9669f13b591a2c70d64a257b5f7c65b11dc2541e21d656ecf16056	금속판넬	W_MID	W_MID_REVIEW003	548	MATERIAL_COMPONENT	REJECT	EMPTY	NOT_APPROVED
465	01be3cc07e9e3e1139a6be00b0a2194b07b46e04c6c99d79888273aba425595e	석재판넬	W_MID	W_MID_REVIEW003	549	MATERIAL_COMPONENT	REJECT	EMPTY	NOT_APPROVED
466	d97ce9ecd20ddfc80eb274a437d174e268b556a88b303bec50c01a925ab35300	유리판넬	W_MID	W_MID_REVIEW003	550	MATERIAL_COMPONENT	REJECT	EMPTY	NOT_APPROVED
467	8c9ece4531b9c24b6fce284e980120a57fffd790acc9e20516cc5dfa2ec5e828	합성수지판넬	W_MID	W_MID_REVIEW003	551	MATERIAL_COMPONENT	REJECT	EMPTY	NOT_APPROVED
468	14c1e52637e590f2983f60275e55584c682b4a0581c2e792c039a41dd955aac7	대형자기 도기타일판넬	W_MID	W_MID_REVIEW003	552	MATERIAL_COMPONENT	REJECT	EMPTY	NOT_APPROVED
471	ff6fcec3abc364e562b310e0c78ffc10a0c0b66c87e4edafa3aa9be671348851	금속바닥틀(장선)설치	W_MID	W_MID_REVIEW003	553	PROCESS	KEEP_AS_DISTINCT	EMPTY	NOT_APPROVED
472	5cffae896f5b55be0d1cab93b840845af04c4812bef74ef456d8d97f4ec82831	메탈스터드시스템(금속벽틀)설치	W_MID	W_MID_REVIEW003	554	PROCESS	KEEP_AS_DISTINCT	EMPTY	NOT_APPROVED
473	eeb3d80c9f9c9251ae50dc1dccffa03332785105cce3e318479a5032d6493fe5	경량천정틀설치	W_MID	W_MID_REVIEW003	555	PROCESS	KEEP_AS_DISTINCT	EMPTY	NOT_APPROVED
475	29d8aa65e7f02217f363db987596ebca69d3bb2c068c4d4a9f273951f49f3cfe	금속마감	W_MID	W_MID_REVIEW003	556	PROCESS	KEEP_AS_DISTINCT	EMPTY	NOT_APPROVED
478	0a7798904115d9c75ae11761c2eea4a7642d477ea97e237a9058673d21162793	건축잡철물제작설치	W_MID	W_MID_REVIEW003	557	PROCESS	KEEP_AS_DISTINCT	EMPTY	NOT_APPROVED
481	4f667612a03565725020cb64919cefbc76b4dcb8c04a93f01536bc3132a14d8e	문	W_MID	W_MID_REVIEW003	558	FACILITY_EQUIPMENT	REJECT	EMPTY	NOT_APPROVED
482	871e1ac6f662ec402f3aebb868bdce987c55639288ab7f70baa9cf0803d38333	창문	W_MID	W_MID_REVIEW003	559	FACILITY_EQUIPMENT	REJECT	EMPTY	NOT_APPROVED
483	a707731249b7f45ab38e5347abb58a6c5560d0dbee15000e45071de2a6b4668e	셔터	W_MID	W_MID_REVIEW003	560	FACILITY_EQUIPMENT	REJECT	EMPTY	NOT_APPROVED
484	db58d3ad19083716671c588de0f3b0891d6337854f2d01f9aa7a4c091bc7d4f1	창호철물	W_MID	W_MID_REVIEW003	561	MATERIAL_COMPONENT	REJECT	EMPTY	NOT_APPROVED
486	169e82d6c7f8d72ec4b878d80dd499ec7963329594ddedfa23e88931518cdff8	유리공사	W_MID	W_MID_REVIEW003	562	PROCESS	KEEP_AS_DISTINCT	EMPTY	NOT_APPROVED
487	4c4749811f08c4bdb2f1df7f4be3c25dd397ef96a1a94599d26141d773c0878e	유리부속공사	W_MID	W_MID_REVIEW003	563	PROCESS	KEEP_AS_DISTINCT	EMPTY	NOT_APPROVED
488	729d4680f7271dbb41a30794008072de1db9e6bc4c1f8873d92cd3c026e5c854	코킹및실링	W_MID	W_MID_REVIEW003	564	PROCESS	KEEP_AS_DISTINCT	EMPTY	NOT_APPROVED
512	3fd0d5e254b141b0196a11ebd4854dbacbf5efefb4355f42cf27e10aeec8675d	합성수지혼화모르터미장	W_MID	W_MID_REVIEW003	565	PROCESS	KEEP_AS_DISTINCT	EMPTY	NOT_APPROVED
514	718e78d5a159095f997e5b1952206e74e872da2bcc2ca919bafe5ddc6ec9cd67	인조석(테라조)미장및물갈기	W_MID	W_MID_REVIEW003	566	PROCESS	KEEP_AS_DISTINCT	EMPTY	NOT_APPROVED
516	f52b4543b60b1ad46800990c3969146b560bde209575a1cfae181ad8c2c62aef	특수미장	W_MID	W_MID_REVIEW003	567	PROCESS	KEEP_AS_DISTINCT	EMPTY	NOT_APPROVED
518	c2b99e346c021d36e5d6a8c5b60d01ca7d12bbca068e11edb9d9da067fd93b70	미장부속공사	W_MID	W_MID_REVIEW003	568	PROCESS	KEEP_AS_DISTINCT	EMPTY	NOT_APPROVED
521	1ac65b7142a41e50973e977f63c6c9cd3bcfabae1290655eaa580993c6dff9d3	석재바닥깔기	W_MID	W_MID_REVIEW003	569	PROCESS	KEEP_AS_DISTINCT	EMPTY	NOT_APPROVED
522	d2a598205e442032980b542409702ac944806be83c03ddb75f114e9ee804afc5	석재내벽붙이기	W_MID	W_MID_REVIEW003	570	PROCESS	KEEP_AS_DISTINCT	EMPTY	NOT_APPROVED
523	da3841a2f430332cdd10f1ecaae4440bb9d1f29578300450b887fb0f87e01bf8	석재외벽붙이기	W_MID	W_MID_REVIEW003	571	PROCESS	KEEP_AS_DISTINCT	EMPTY	NOT_APPROVED
524	458b05cf348f2ad16e6b040d6286a079024874f43cf916f97134e077ff30ce00	석재구조물밑면붙이기	W_MID	W_MID_REVIEW003	572	PROCESS	KEEP_AS_DISTINCT	EMPTY	NOT_APPROVED
525	c57fe71a7b50ab51602aa996ea142e07d956d1262d346ef16876bfb952848568	석재계단붙이기	W_MID	W_MID_REVIEW003	573	PROCESS	KEEP_AS_DISTINCT	EMPTY	NOT_APPROVED
526	e8f6a6211e7fb4d1eb2932434667c26bd5cc85344ff8d5efcd91920e8f501b5f	기타부위석재붙이기	W_MID	W_MID_REVIEW003	574	PROCESS	KEEP_AS_DISTINCT	EMPTY	NOT_APPROVED
528	451c61294ea4cf5a8b3497a4be8bcad7d8ea0c2629b3c92477a75aed437d2c75	석재마감공사	W_MID	W_MID_REVIEW003	575	PROCESS	KEEP_AS_DISTINCT	EMPTY	NOT_APPROVED
535	e270f61266f4a573089ecd3d8b776419da2877050620b20316618d6397e556ba	계단타일붙이기	W_MID	W_MID_REVIEW003	576	PROCESS	KEEP_AS_DISTINCT	EMPTY	NOT_APPROVED
536	114c9cd8f878149429b38c8e3a6e6db4783164904508e62405f8856afb1aaec9	이형타일붙이기	W_MID	W_MID_REVIEW003	577	PROCESS	KEEP_AS_DISTINCT	EMPTY	NOT_APPROVED
542	73f72692fc4fe15d20a98d376e1d6876be8a010d76e5220a4af7e300b9879e88	칸막이공사	W_MID	W_MID_REVIEW003	578	PROCESS	KEEP_AS_DISTINCT	EMPTY	NOT_APPROVED
543	17a6bc8fac306baf4a5cb41dce455bddea0cf7f93b91ae060304529717a4e3ec	벽체붙이기	W_MID	W_MID_REVIEW003	579	PROCESS	KEEP_AS_DISTINCT	EMPTY	NOT_APPROVED
544	d80c48dae3cd28c195d34ad556898539539b5990ec850385f7471476dab00ccd	천정판재붙이기	W_MID	W_MID_REVIEW003	580	PROCESS	KEEP_AS_DISTINCT	EMPTY	NOT_APPROVED
545	8fdfbd47d72cc26b441a9c62680f626cb47a38c285a57a4f7f43083cf3679905	도배공사	W_MID	W_MID_REVIEW003	581	PROCESS	KEEP_AS_DISTINCT	EMPTY	NOT_APPROVED
546	1f4b8e0ff006e9fe311af93dd203ce6e63a069b6d25bec7d20d0acf6107f7628	박판쉬트(비니어)붙이기	W_MID	W_MID_REVIEW003	582	PROCESS	KEEP_AS_DISTINCT	EMPTY	NOT_APPROVED
547	e2fd35770c14500789c0638dca2e272a43994af4df8912574e661a121634e8f1	장식공사	W_MID	W_MID_REVIEW003	583	PROCESS	KEEP_AS_DISTINCT	EMPTY	NOT_APPROVED
553	d32123ea8dbb7dbb4fdef4442c2f73465fdd8f1789706010eae4a453a42f072c	유성페인트	W_MID	W_MID_REVIEW003	584	MATERIAL_COMPONENT	REJECT	EMPTY	NOT_APPROVED
554	5066c74bb6f21253263e3f2f365f81981332919e44063d9c8e88702e3e91e38c	바니쉬 에나멜페인트	W_MID	W_MID_REVIEW003	585	MATERIAL_COMPONENT	REJECT	EMPTY	NOT_APPROVED
555	5e1e71c30ac54c1e9ef2351d82ad78de016b2bff96265a82fbe72c1b90ae7f59	락카	W_MID	W_MID_REVIEW003	586	MATERIAL_COMPONENT	REJECT	EMPTY	NOT_APPROVED
556	ea4ae1f64e396a012b0acfe9e8f99efe731a6a370b469badf00344df3be00258	수성페인트	W_MID	W_MID_REVIEW003	587	MATERIAL_COMPONENT	REJECT	EMPTY	NOT_APPROVED
559	c870bb49bcca93830ae9ff40705916fa3284e59b7c8578fc7eea4b99de5ba19b	기타도장공사	W_MID	W_MID_REVIEW003	588	PROCESS	KEEP_AS_DISTINCT	EMPTY	NOT_APPROVED
561	47400215baa17de907819106ef8dd1ecc06d84e10d163434b0742ae3f3728cbb	붙박이실내설비	W_MID	W_MID_REVIEW003	589	FACILITY_EQUIPMENT	REJECT	EMPTY	NOT_APPROVED
562	2edbfa8f850d80faba8076e867388fecb52109fb0bf99e1333a9fcce8835cce6	안내표식시설	W_MID	W_MID_REVIEW003	590	FACILITY_EQUIPMENT	REJECT	EMPTY	NOT_APPROVED
563	adc6db8efc36940f1348e280c008416bb6943f375da39a1d0d4819a3eeaa6034	빛조절및시야조절설비	W_MID	W_MID_REVIEW003	591	FACILITY_EQUIPMENT	REJECT	EMPTY	NOT_APPROVED
568	4387405e889a4b96b31adc9490352b08c741065084627688e382c2fd309c263f	시설물별특수설치물	W_MID	W_MID_REVIEW003	592	FACILITY_EQUIPMENT	REJECT	EMPTY	NOT_APPROVED
571	4bde7daa140f52a5aaab8aa6bab092eff8ea2e0f35f90dd42eece9e9fa0efb0c	일반가구	W_MID	W_MID_REVIEW003	593	CLASSIFICATION	REJECT	EMPTY	NOT_APPROVED
573	8954490f448a3d26d0dfdeaaac2d8f1106204ee6e100d1f9b626e66cbd368d8d	시설별특수가구	W_MID	W_MID_REVIEW003	594	CLASSIFICATION	REJECT	EMPTY	NOT_APPROVED
575	96a97f8ad3c7b924f28ae4d4b6adfd621a387979574ee2e29a9f4e1b2704c6ca	집기및비품	W_MID	W_MID_REVIEW003	595	CLASSIFICATION	REJECT	EMPTY	NOT_APPROVED
577	5b1507d5ee9929cf73698e1b51b217755d1ee39b7487239176d2342315f6a64f	시설별특수집기및비품	W_MID	W_MID_REVIEW003	596	CLASSIFICATION	REJECT	EMPTY	NOT_APPROVED
591	3b281a626201e43a3b74a65edce816aacefa2a643f09d996862c68124327ba97	토양준비및흙쌓기	W_MID	W_MID_REVIEW003	597	PROCESS	KEEP_AS_DISTINCT	EMPTY	NOT_APPROVED
593	5180e4c0b4fdc966911ab5af666f964fb73009738aea3a5a64a95b5586c8d346	잔디공사	W_MID	W_MID_REVIEW003	598	PROCESS	KEEP_AS_DISTINCT	EMPTY	NOT_APPROVED
594	c781c752831891034e9fe3e41ffffc1ca85e5e7797c1671165fb4a4ad87f4c47	녹화및보호공사	W_MID	W_MID_REVIEW003	599	PROCESS	KEEP_AS_DISTINCT	EMPTY	NOT_APPROVED
595	5e5b30fea19ef26b7022eea2ae5fc8acdadb8683866f4b08be21c52d299e17c6	파종및살포	W_MID	W_MID_REVIEW003	600	PROCESS	KEEP_AS_DISTINCT	EMPTY	NOT_APPROVED
599	15918dc692831080af4406748cba132c117d11a7fefe02658ac2afbeb5bbd47b	기타조경공사	W_MID	W_MID_REVIEW003	601	PROCESS	KEEP_AS_DISTINCT	EMPTY	NOT_APPROVED
611	022d81a5a3254442cb4c1ff1b2bf25d52ff7c8a2af6605ee18693be55d090972	배관및관련부속공사	W_MID	W_MID_REVIEW003	602	PROCESS	KEEP_AS_DISTINCT	EMPTY	NOT_APPROVED
612	5ce9967c09c9c12bcbfac0c38edc012bd51cd740fdc29bcc3bc0c312d90ae869	보온공사	W_MID	W_MID_REVIEW003	603	PROCESS	KEEP_AS_DISTINCT	EMPTY	NOT_APPROVED
613	484af9e7e3b8546c45d9754f4f9525e680912b5f57e6e5a1498d92b8caaf3bc2	자동제어공사	W_MID	W_MID_REVIEW003	604	PROCESS	KEEP_AS_DISTINCT	EMPTY	NOT_APPROVED
614	d63120cfd03d46c41cbd683f896898ece2f8f4269d15513a09fdc13053fe3951	펌프․공기설비공사	W_MID	W_MID_REVIEW003	605	PROCESS	KEEP_AS_DISTINCT	EMPTY	NOT_APPROVED
621	f2b76e09819a23f84d6287062806f52099798df9641f2780ac9ede6cc7014505	보일러부․부속공사	W_MID	W_MID_REVIEW003	606	PROCESS	KEEP_AS_DISTINCT	EMPTY	NOT_APPROVED
622	62d5cb92cb31d83dcd0522c7b75b7aa96a6285f43e9b8ac7af52743f1b6a9006	냉동기․냉각탑공사	W_MID	W_MID_REVIEW003	607	PROCESS	KEEP_AS_DISTINCT	EMPTY	NOT_APPROVED
624	70ceaa3c9c642d3029f7b0d10cde1d94eeb78ea70e09c3ac5d8eca0317d8045c	덕트공사	W_MID	W_MID_REVIEW003	608	PROCESS	KEEP_AS_DISTINCT	EMPTY	NOT_APPROVED
625	061327241d137107c2731cbedfdfbd74fc0fc151c28a645bbbebf27f19eab180	열교환기 탱크 헤더설치공사	W_MID	W_MID_REVIEW003	609	PROCESS	KEEP_AS_DISTINCT	EMPTY	NOT_APPROVED
626	bc0a4d662ca7b0941b18787498ac8e30f6e33685ce168afed16810ad25ee929e	냉온수기설치공사	W_MID	W_MID_REVIEW003	610	PROCESS	MERGE_CANDIDATE	a039a9327b4c4c96e64474e98cd6c7823a4eb4f31c47cee51bee465c7810fec5	NOT_APPROVED
631	1cdf5b987b702a9658612aaa6c860024441af6a2381c758a70c9de0b4ba8e68b	위생기구설비공사	W_MID	W_MID_REVIEW003	611	PROCESS	KEEP_AS_DISTINCT	EMPTY	NOT_APPROVED
641	eb275b05af8aa8c4c19f160cae8f13710c982b1bb12e7136145bda04d07bfabe	소방기계설비공사	W_MID	W_MID_REVIEW003	612	PROCESS	KEEP_AS_DISTINCT	EMPTY	NOT_APPROVED
651	129cb1a7894348864a20193f49d3e7650d0680aa45f5d8d6cbf4815db46ea4a7	저장탱크공사	W_MID	W_MID_REVIEW003	613	PROCESS	KEEP_AS_DISTINCT	EMPTY	NOT_APPROVED
652	054aedefdb980bd3e60810388d771f903db215e134c136583294232203b0b6c1	가스설비관련기기설비공사	W_MID	W_MID_REVIEW003	614	PROCESS	KEEP_AS_DISTINCT	EMPTY	NOT_APPROVED
661	b5838ceb90ab8be83b3cfb3bdadbecf905243936c9d5455dfa49b59d60345ad7	살수관련공사	W_MID	W_MID_REVIEW003	615	PROCESS	KEEP_AS_DISTINCT	EMPTY	NOT_APPROVED
662	1121904bd730663bce322e6e3fec9ecddc472d9c14c1f587d726ffe56e98e502	냉동냉장실공사	W_MID	W_MID_REVIEW003	616	PROCESS	KEEP_AS_DISTINCT	EMPTY	NOT_APPROVED
663	6f0c1f80815d3a01e7d21a3f63f54a938ff40ac88d3bf5ef19929c0057e2c123	살균설비공사	W_MID	W_MID_REVIEW003	617	PROCESS	KEEP_AS_DISTINCT	EMPTY	NOT_APPROVED
664	a4a8c70f8f16b3e741c3b958e2b4fb35dcd89d8d7d6add9d0caaf1cfdb74af96	지하수개발공사	W_MID	W_MID_REVIEW003	618	PROCESS	KEEP_AS_DISTINCT	EMPTY	NOT_APPROVED
665	7163d75cfd991822c7401b1ecf6d36e91109943a370ba262e905e051b995c2ca	방식공사	W_MID	W_MID_REVIEW003	619	PROCESS	KEEP_AS_DISTINCT	EMPTY	NOT_APPROVED
666	2d9db655eeb4f5f247efaa083513b83b6bc246c8b79a71df5bfc704fae6e3380	아이스링크설비공사	W_MID	W_MID_REVIEW003	620	PROCESS	KEEP_AS_DISTINCT	EMPTY	NOT_APPROVED
667	3afd983ca64c283e870f0e99015cf7c34c55a47b73b8d89c56990aef616b36b5	기타특수공사	W_MID	W_MID_REVIEW003	621	PROCESS	KEEP_AS_DISTINCT	EMPTY	NOT_APPROVED
671	77a32cec68a2d3a4f2b9680235e49d12e0e4df2ae0e6ae2c89126afb82d8ee48	주방기구설비공사	W_MID	W_MID_REVIEW003	622	PROCESS	MERGE_CANDIDATE	e8d8e750f5afba1f6f3c35e0d41463c9172189a682619323f8694e0d816d8c42	NOT_APPROVED
672	2cd5380b46c25ebe366a610accb7c2a9896377f1679e394367c8976dc5513886	세탁장비설비공사	W_MID	W_MID_REVIEW003	623	PROCESS	MERGE_CANDIDATE	ea2d0584700561d86e79b8c3028c0d6f62f35082be51974a9de7d6154f257c19	NOT_APPROVED
673	ae01cc81bf73108cf6f1c6bc04164e4ae50a4abe67b955fbd4df72520ec2a4c6	의료시험및시운전공사실가스공사 - - 대․중․소 분류대․중․소 분류	W_MID	W_MID_REVIEW003	624	PROCESS	KEEP_AS_DISTINCT	EMPTY	NOT_APPROVED
674	48c2c301d74c239a58e18ae8671a171cf0cb3ea06a8e1d78283f680d3f47db73	수영장및분수공사	W_MID	W_MID_REVIEW003	625	PROCESS	KEEP_AS_DISTINCT	EMPTY	NOT_APPROVED
675	73792d808331f5948cd6e6870d78f2d5b2453fca6a959f57dc48723ee4d0d155	목욕탕및사우나공사	W_MID	W_MID_REVIEW003	626	PROCESS	KEEP_AS_DISTINCT	EMPTY	NOT_APPROVED
676	1de525ba6d5cc585f8f683dda7547f01d358e6d630b053ad55b74ec92326c1b1	진공청소공사	W_MID	W_MID_REVIEW003	627	PROCESS	KEEP_AS_DISTINCT	EMPTY	NOT_APPROVED
677	071eac55d2bb137b7a3f4181f6757925eb32146d6f95d995a722754aa61c0b31	주차장관련공사	W_MID	W_MID_REVIEW003	628	PROCESS	KEEP_AS_DISTINCT	EMPTY	NOT_APPROVED
678	5a62caa31c684f5b5dc0e65a90ece4c21abe02fc436fbeab1f103fa07fda7ceb	특수방진공사	W_MID	W_MID_REVIEW003	629	PROCESS	KEEP_AS_DISTINCT	EMPTY	NOT_APPROVED
711	f44de62f1c5d22d6c330da1fef2f00085622b01c94be654ca5150995bd6b133c	화력발전소공사	W_MID	W_MID_REVIEW003	630	PROCESS	KEEP_AS_DISTINCT	EMPTY	NOT_APPROVED
712	2f5177e22557cfa701e9287ef99180f006c428553731d706fe4d49ff54d97ae5	수력발전소공사	W_MID	W_MID_REVIEW003	631	PROCESS	KEEP_AS_DISTINCT	EMPTY	NOT_APPROVED
713	41a00a3cad5f37f21d0db75296c4d8ebf744829b8af23d82aac8210eac7f5e4a	원자력발전소공사	W_MID	W_MID_REVIEW003	632	PROCESS	KEEP_AS_DISTINCT	EMPTY	NOT_APPROVED
714	a620cdc905be80d4d7bd9d73e94e622f8999d506603caaaaecbd92fc832b78b6	풍력발전소공사	W_MID	W_MID_REVIEW003	633	PROCESS	KEEP_AS_DISTINCT	EMPTY	NOT_APPROVED
715	45d2460ae9f539582f0cf4fce3fced39fedb11d53d63e1c19ce168c1085cef95	조력발전소공사	W_MID	W_MID_REVIEW003	634	PROCESS	KEEP_AS_DISTINCT	EMPTY	NOT_APPROVED
716	9605feb0f6ca1d8497a455ef806bb2710cd56639eb3ba860c02a1172d94ea339	열병합발전소공사	W_MID	W_MID_REVIEW003	635	PROCESS	KEEP_AS_DISTINCT	EMPTY	NOT_APPROVED
717	f188b660a283bc4a4fd2ee8154843a93340586291bbda9c051b78ee80c235e73	태양열발전설비공사	W_MID	W_MID_REVIEW003	636	PROCESS	KEEP_AS_DISTINCT	EMPTY	NOT_APPROVED
718	05ee1296271f7ae14ab293becdc9f1f556a81558b79c99fd7d2cb4444f0b034c	발전설비관련공사	W_MID	W_MID_REVIEW003	637	PROCESS	KEEP_AS_DISTINCT	EMPTY	NOT_APPROVED
719	9144d55e67b96a2184442ee9beedd138486e9ee6ad6ebc9f6efec28f89c9b4da	기타형식분류별발전설비공사	W_MID	W_MID_REVIEW003	638	PROCESS	KEEP_AS_DISTINCT	EMPTY	NOT_APPROVED
721	656f2a1047affa8d80c5401522f84411ed0b0204801acedf8adb54b69406a139	제철소공사	W_MID	W_MID_REVIEW003	639	PROCESS	KEEP_AS_DISTINCT	EMPTY	NOT_APPROVED
731	4b23e02e5c2a6714c948ccd8b5b4281a5ef5a6786b6a28850507847f8ea0cb37	쓰레기소각설비공사	W_MID	W_MID_REVIEW003	640	PROCESS	MERGE_CANDIDATE	cec40465db152219d2a21895981260ad1ee82b9ccc743cbab1d59d4a8e72e132	NOT_APPROVED
732	f383739294df4aa13a6ee5e73db3e8400ce3e03090b791cc5797976b0fda8b3d	쓰레기관로이송및중계처리설비공사	W_MID	W_MID_REVIEW003	641	PROCESS	KEEP_AS_DISTINCT	EMPTY	NOT_APPROVED
733	825fafb2cb0c673e04be97f4b5951a6ee10a97422da44fabc817689fa15d0b35	폐기물처리설비공사	W_MID	W_MID_REVIEW003	642	PROCESS	MERGE_CANDIDATE	94781565ffc96c59368401b0a8f1eac4b629cd2793f473ce3d5bfed839b48e79	NOT_APPROVED
734	5b2b1b50650cc366df922ba1bb6f8a8b3c7d34b465948b859afc640e34ddaee7	탈취설비공사	W_MID	W_MID_REVIEW003	643	PROCESS	MERGE_CANDIDATE	09b4f095b19bee0dd96a6b2388be770823b3880afbb8ef4071f5fd8f885a0243	NOT_APPROVED
735	b6ddbe6afb37ab217d920c6f7ac39a722ed8a0367618d1b71ce16538be2aa867	탈황설비공사	W_MID	W_MID_REVIEW003	644	PROCESS	KEEP_AS_DISTINCT	EMPTY	NOT_APPROVED
736	436a3c76d106a94e55c0822dd4f0cd5a1e2a22e6cd1b15e29485b1cbc51230cd	탈질설비공사	W_MID	W_MID_REVIEW003	645	PROCESS	KEEP_AS_DISTINCT	EMPTY	NOT_APPROVED
737	8fb86bf35fdba98fa92cb5dc9a63dc98b726fe1ed56ad9552fd8c2f7015f7faf	전기집진기설비공사	W_MID	W_MID_REVIEW003	646	PROCESS	KEEP_AS_DISTINCT	EMPTY	NOT_APPROVED
739	38b7b52286182cedbc294f78ce7d15efef646687e1a478ad7a678def459d6745	기타환경설비공사	W_MID	W_MID_REVIEW003	647	PROCESS	KEEP_AS_DISTINCT	EMPTY	NOT_APPROVED
741	fb37f8540052d6b2cd2bf487a6b837f7047ab6d719e0d404c411c3683b39ea70	운반기계설비공사	W_MID	W_MID_REVIEW003	648	PROCESS	MERGE_CANDIDATE	3a1fee75a8c13b15c88024aad71277a8bcc254ad333ea59940817792228663a1	NOT_APPROVED
742	4af4b49995e563429b90c749391977f41abdb2d25b1f6dad5997bb2b86c1dfc1	엘리베이터공사	W_MID	W_MID_REVIEW003	649	PROCESS	KEEP_AS_DISTINCT	EMPTY	NOT_APPROVED
743	bab12b33bfa3abf5b9d0606516fe2ff8ddf654ec7d2475d8a33f612552f0a912	에스컬레이터및이동보행로설비공사	W_MID	W_MID_REVIEW003	650	PROCESS	KEEP_AS_DISTINCT	EMPTY	NOT_APPROVED
744	19835a9ab91df4670a71ced46de44ccfa682783eb27b12d861f36a3478614fe5	덤웨이터설비및기타운송설비공사	W_MID	W_MID_REVIEW003	651	PROCESS	KEEP_AS_DISTINCT	EMPTY	NOT_APPROVED
761	15245ee86d9f093bcc72f12589dee2b21505fdf67f16e68dc479db3702add2e4	석유비축및수송공사	W_MID	W_MID_REVIEW003	652	PROCESS	KEEP_AS_DISTINCT	EMPTY	NOT_APPROVED
763	b09dc2f34a741c9f2d3fc5b351719417ad140e97e9e1658a4ef24cb3ab714300	지역열공급공사	W_MID	W_MID_REVIEW003	653	PROCESS	KEEP_AS_DISTINCT	EMPTY	NOT_APPROVED
764	0a75b1bd31da5cbb77530e7590fe74e3d1ef4e6885203a6726a66c809faf21bd	도시가스공급공사	W_MID	W_MID_REVIEW003	654	PROCESS	KEEP_AS_DISTINCT	EMPTY	NOT_APPROVED
765	665c7b2613f21b510959f5cfc55dbfca9da7c2494d523ed72b49a486ca6ee89b	연료처리공사	W_MID	W_MID_REVIEW003	655	PROCESS	KEEP_AS_DISTINCT	EMPTY	NOT_APPROVED
769	94340c156ae7d9a98e402f13c17ae5d82b8d391eb2ae7114bcf03ead86d91030	기타에너지원공사	W_MID	W_MID_REVIEW003	656	PROCESS	KEEP_AS_DISTINCT	EMPTY	NOT_APPROVED
811	eb373e4c48626a09e8c60615e188fa454646ebab3d7a2223091b86d47120f673	배관․전로공사	W_MID	W_MID_REVIEW003	657	PROCESS	MERGE_CANDIDATE	fc1791cf8f9288e0e7688654ab3d0d54d1968493d1ec1895e37714ad36384a49	NOT_APPROVED
812	e066088663d01d820767c3f0971b34fad3f3e906d1fc5237d06f74f293fb3ac2	배선․가선공사	W_MID	W_MID_REVIEW003	658	PROCESS	MERGE_CANDIDATE	a92103b18447566c3e183956eb3489d8ac77a133025815449d9c425230a77411	NOT_APPROVED
813	8c88a6f86a2403407b71f3a17e880cea315be44a771da4530f53a064d30faba5	전기․통신공사관련기타공통공사	W_MID	W_MID_REVIEW003	659	PROCESS	KEEP_AS_DISTINCT	EMPTY	NOT_APPROVED
821	cdd59d0734b914f44b5e6cb52823916adb204ac8c117ecfc2656b8261f512d03	송전설비공사	W_MID	W_MID_REVIEW003	660	PROCESS	MERGE_CANDIDATE	19a7a1e05e47a7fde52307c40e1823fed170c77936c99df5c476bb3c07be426f	NOT_APPROVED
822	229db50c74c354e18b6457206c64fb830f0d02fa46e3b2ae916af1743d349b31	배전설비공사	W_MID	W_MID_REVIEW003	661	PROCESS	MERGE_CANDIDATE	c13f0ded5641a6a99546143694798aa30b64ee43952ea0b9179e2c6c3adc3f2a | a3535fa6836e0e8e66cd0b9b64611148cf9b2c72b48a554d16d2301b942d74dd | 73d311c8d9d65139be81ac55e8cf8a4a6237baf090c49709d93b57caacae7c89	NOT_APPROVED
823	6be93d3ad3002cb4ce7ef44904d836f82093578a4d4868b73678039340687dee	발전 수변전관련전기설비공사	W_MID	W_MID_REVIEW003	662	PROCESS	KEEP_AS_DISTINCT	EMPTY	NOT_APPROVED
824	8efe85224fa8febf6011f7df0bc00f194e59fb54a71a290307c6cb20d0f4f4dc	전차선로공사	W_MID	W_MID_REVIEW003	663	PROCESS	KEEP_AS_DISTINCT	EMPTY	NOT_APPROVED
825	6657f500b9d1bfe59b90e693c9d3fabc9d494f04b2f72d9ec0ff1560bc83fc17	기타전기설비공사	W_MID	W_MID_REVIEW003	664	PROCESS	MERGE_CANDIDATE	f5b741c5432767b697db7c6b3ed10a4f5da683bad0a3f3cd5934dad29d2e2cb3 | 350408a38cfc6742ef72b4dbcb2e6da5d10e34055a0ac1898aa3330872bc1225	NOT_APPROVED
831	a3535fa6836e0e8e66cd0b9b64611148cf9b2c72b48a554d16d2301b942d74dd	배전설비공사	W_MID	W_MID_REVIEW003	665	PROCESS	MERGE_CANDIDATE	229db50c74c354e18b6457206c64fb830f0d02fa46e3b2ae916af1743d349b31 | c13f0ded5641a6a99546143694798aa30b64ee43952ea0b9179e2c6c3adc3f2a | 73d311c8d9d65139be81ac55e8cf8a4a6237baf090c49709d93b57caacae7c89	NOT_APPROVED
832	854fa5b53545512ba374b9ebb97d1ca0bdeb3b9b80931f82963e27f22c1b815b	조명설비공사	W_MID	W_MID_REVIEW003	666	PROCESS	KEEP_AS_DISTINCT	EMPTY	NOT_APPROVED
833	ab96dbee39ecdd4a314884035c4e36fbc1b21fbbe49ea344f7c838262ddbb2ce	동력설비공사	W_MID	W_MID_REVIEW003	667	PROCESS	KEEP_AS_DISTINCT	EMPTY	NOT_APPROVED
834	be3f8539a8d95a286eddcc524bd4392df0ff4652858972562bfbe6ee74ec5a15	예비전원설비공사	W_MID	W_MID_REVIEW003	668	PROCESS	MERGE_CANDIDATE	8ed4f3afe76dd597985658f4c424b8d19d3e1cff2d987be1ce622cd26a019915	NOT_APPROVED
841	c7a991f693020fb5bd87ff059d5bae3922d0269945a22a25e47998da14207cc9	통신관련설비공사	W_MID	W_MID_REVIEW003	669	PROCESS	KEEP_AS_DISTINCT	EMPTY	NOT_APPROVED
842	53ddd31d7302355c7cf9b566037eb9a13b83cfc493cc7aa0a8ae1378a904e0bb	각종표시및정보전달설비공사	W_MID	W_MID_REVIEW003	670	PROCESS	KEEP_AS_DISTINCT	EMPTY	NOT_APPROVED
843	e6bcc4cbb4ceda9aea918a6026a08b79290c6c9de119fb0d75e09b2b6e6823e2	방송수신설비공사	W_MID	W_MID_REVIEW003	671	PROCESS	KEEP_AS_DISTINCT	EMPTY	NOT_APPROVED
844	9b62962cc6c301366b6ca7bdf2729751f2f167781eb05e88e7dc428f5e520ef3	방송관련설비공사	W_MID	W_MID_REVIEW003	672	PROCESS	KEEP_AS_DISTINCT	EMPTY	NOT_APPROVED
845	941847a9e1364a3428a4a685dfcbb7428e79b5544a8d6ffea5dc3c32d53a4198	각종통신설비공사	W_MID	W_MID_REVIEW003	673	PROCESS	KEEP_AS_DISTINCT	EMPTY	NOT_APPROVED
846	53401edd9873f2798c4e1ce22b0449a3881829b7d89217d9579f25672b458331	기타정보설비공사	W_MID	W_MID_REVIEW003	674	PROCESS	KEEP_AS_DISTINCT	EMPTY	NOT_APPROVED
852	9c91faf51f3b634b62a8856c256d8167ed264c758ba46c9f269e5f848339e2cd	보안전기설비공사	W_MID	W_MID_REVIEW003	675	PROCESS	KEEP_AS_DISTINCT	EMPTY	NOT_APPROVED
853	85e48856b0571e3583d2c692e49953b63a10af3d8ac094e1c839a3479d78660c	피뢰및접지설비공사	W_MID	W_MID_REVIEW003	676	PROCESS	KEEP_AS_DISTINCT	EMPTY	NOT_APPROVED
854	96527325df7971e7f4c1d22c14a05d134d66fe99b39dcd22c452bd101e80424b	방범전기설비공사	W_MID	W_MID_REVIEW003	677	PROCESS	MERGE_CANDIDATE	b31177cd3c3908af48cffd5f922d8c35fb32ffdc9086f40ab074f78c3c3c943a	NOT_APPROVED
855	fbe352476b6369e08ebf71210ddb65c98e56f69ca1a1dcc1a39f09ff74961be8	항공장해등설비공사	W_MID	W_MID_REVIEW003	678	PROCESS	KEEP_AS_DISTINCT	EMPTY	NOT_APPROVED
862	88c0dada461143da9fec7a2d6d7847c8d729b73c49e551a8b4a4b12688bf9e4d	건축물전기설비공사	W_MID	W_MID_REVIEW003	679	PROCESS	MERGE_CANDIDATE	2b671225546f7c952cbadc46e7d45ab70f7cb1cb7c38e8170dc3b8be143f07c2	NOT_APPROVED
863	f5b741c5432767b697db7c6b3ed10a4f5da683bad0a3f3cd5934dad29d2e2cb3	기타전기설비공사	W_MID	W_MID_REVIEW003	680	PROCESS	MERGE_CANDIDATE	6657f500b9d1bfe59b90e693c9d3fabc9d494f04b2f72d9ec0ff1560bc83fc17 | 350408a38cfc6742ef72b4dbcb2e6da5d10e34055a0ac1898aa3330872bc1225	NOT_APPROVED
864	2be093b6b695a920b45aac3c2b1c265a3b6cc36cd5900805256cf1213d30778b	안전관련전기설비공사	W_MID	W_MID_REVIEW003	681	PROCESS	MERGE_CANDIDATE	6ac224b60377b346a2628fb60e535cb46168c0de942ba339e99289d2592670fe	NOT_APPROVED
911	b66d3bf8ca71b6862341d77718cdd5c3956dec847e62353aa6ed83a54d0a4797	기계 프랜트공통시험 시운전공사	W_MID	W_MID_REVIEW003	682	PROCESS	KEEP_AS_DISTINCT	EMPTY	NOT_APPROVED
912	63506a7a577baed3c7ee7e0e1e9945e209308bed1d4fcd9b7c50f22bb2d8db7e	기계설비시험 시운전공사	W_MID	W_MID_REVIEW003	683	PROCESS	MERGE_CANDIDATE	3ffb09b756a48bfca5ad250bdb2c630c873421d02f51c37f41847a7357af8615	NOT_APPROVED
913	4918577e67920975e5a735f24ab315b5f0a9536e92479a9a0a9d85d4ded6a723	기계 플랜트 산업․전기설비시험 시운전공사	W_MID	W_MID_REVIEW003	684	PROCESS	KEEP_AS_DISTINCT	EMPTY	NOT_APPROVED
914	642fd3fd84ed43a93168f5b379ce9ed077d9834917829ce975acb1c3f2c044b0	전기 통신시험 시운전공사	W_MID	W_MID_REVIEW003	685	PROCESS	KEEP_AS_DISTINCT	EMPTY	NOT_APPROVED
921	e7cff381994defb7223cf2e2b0a386bca04951856c853cb0d3ae5594747ab975	기계 플랜트 산업설비공통시설유지정비공사	W_MID	W_MID_REVIEW003	686	PROCESS	KEEP_AS_DISTINCT	EMPTY	NOT_APPROVED
922	d54575f01ed082aa505dc891a17afb5412581bf543998fe0378ab27495032c8c	산업설비공통시설유지정비공사	W_MID	W_MID_REVIEW003	687	PROCESS	KEEP_AS_DISTINCT	EMPTY	NOT_APPROVED
923	d0a7e4e0b24e6064efae300032da9a34632a5b1c7eaa2f09c28b36ea33e991e0	전기 통신설비공통시설유지정비공사	W_MID	W_MID_REVIEW003	688	PROCESS	KEEP_AS_DISTINCT	EMPTY	NOT_APPROVED
924	f886427ac2e3312180474872f5ef8d9c0fa4e4918d9f417e74371eaeeb292436	전기설비시설유지정비공사	W_MID	W_MID_REVIEW003	689	PROCESS	KEEP_AS_DISTINCT	EMPTY	NOT_APPROVED
925	949997b0c16a40192c5348e841f2284e5cf8db8c53848bec97f203b7aa3f5aa5	기타전기설비시설유지정비공사	W_MID	W_MID_REVIEW003	690	PROCESS	KEEP_AS_DISTINCT	EMPTY	NOT_APPROVED
926	0281d86ad676aa180b252b320f6d88101373868e2c71688eba1449f9c74be0e2	통신설비시설유지정비공사	W_MID	W_MID_REVIEW003	691	PROCESS	KEEP_AS_DISTINCT	EMPTY	NOT_APPROVED
0112	1c27fb2b6ddb57c249eec187ad9f7b5429220441a8b1c1c69f63d7dc44a2362b	공사계획	W_LEAF	LEAF_004A	692	PROCESS	KEEP_AS_DISTINCT	EMPTY	NOT_APPROVED
0113	4f771ed8aaaa889b00cdd15bf8336bc5bc6287c697f4620743c514dff2ee98d4	서류및샘플제출	W_LEAF	LEAF_004A	693	TASK	KEEP_AS_DISTINCT	EMPTY	NOT_APPROVED
0114	5b82226c8c79638884fc1868a41a8feab47299949f5b56f20be6627335d08b68	검측 기성	W_LEAF	LEAF_004A	694	TASK	KEEP_AS_DISTINCT	EMPTY	NOT_APPROVED
0115	07afa487dbeb905134bbcead0f7de198d291587b85605382c5ee257c55904c6d	품질관리	W_LEAF	LEAF_004A	695	PROCESS	KEEP_AS_DISTINCT	EMPTY	NOT_APPROVED
0116	c4b54d801b0c1978cf2f30ee1f73588cfad6e6e3f7dd49a7c5a954fc0253a702	공사회의	W_LEAF	LEAF_004A	696	TASK	KEEP_AS_DISTINCT	EMPTY	NOT_APPROVED
0117	9ff873b9d84d1a6980eacb7320ac99da443be9442fa3a07d62fe89288dbd9737	공사관리	W_LEAF	LEAF_004A	697	PROCESS	KEEP_AS_DISTINCT	EMPTY	NOT_APPROVED
0118	05c9f8465c1350ae438b3ccd26a8de646e23d36459af8075c2a47f62ae10a22c	시운전	W_LEAF	LEAF_004A	698	TASK	KEEP_AS_DISTINCT	EMPTY	NOT_APPROVED
0119	6b31e36e31fe2cae834fd0fae21f0d8320d26d5e5fe5981f83c573c1cb4212d6	준공및하자보수	W_LEAF	LEAF_004A	699	PROCESS	KEEP_AS_DISTINCT	EMPTY	NOT_APPROVED
0152	1c5f282c7e89359015a87f8d5b875160ee20c042c9090ef81634746e63da22a9	공통공사비	W_LEAF	LEAF_004A	700	CLASSIFICATION	REJECT	EMPTY	NOT_APPROVED
0153	240d54c6a7d0aa88f3942dd578b3a253d2a73b69e489b49d25447213e6b6e27a	간접인건비	W_LEAF	LEAF_004A	701	CLASSIFICATION	REJECT	EMPTY	NOT_APPROVED
0154	c715959ca99a68ae560fff2e2535cbc850ff215ebd2862cab482cb1907bc2db4	경비	W_LEAF	LEAF_004A	702	CLASSIFICATION	REJECT	EMPTY	NOT_APPROVED
0155	5459ac9907be88969f0bbbd518e20f2351a6a20ec58ba43880bb559a46c65a70	일반관리비	W_LEAF	LEAF_004A	703	CLASSIFICATION	REJECT	EMPTY	NOT_APPROVED
0156	505acf6ef125b9f80a5b9d75da43d66e15fa8cee050243c69309724ee4215cab	이윤	W_LEAF	LEAF_004A	704	CLASSIFICATION	REJECT	EMPTY	NOT_APPROVED
0157	95cb4a6b35486a7ac03622b12ac39cc19c67fe53a57b8710a29a3ad8044c41cb	공사손해보험료	W_LEAF	LEAF_004A	705	CLASSIFICATION	REJECT	EMPTY	NOT_APPROVED
0158	6050c5432c965cb4ad9feaa516df77abf6a6d0d5f28f212e4a75fa873a9355d4	부가가치세	W_LEAF	LEAF_004A	706	CLASSIFICATION	REJECT	EMPTY	NOT_APPROVED
0159	563707d5297511b8e497f05510b56014794280eb65c4190a84ec3dcdf4f5c7f8	공사금액총계	W_LEAF	LEAF_004A	707	CLASSIFICATION	REJECT	EMPTY	NOT_APPROVED
0212	6f25acd8597af9bd073c258655ab9d4e98c357847285326c39313e5ce06485fd	도급자가설건물부지	W_LEAF	LEAF_004A	708	FACILITY_EQUIPMENT	REJECT	EMPTY	NOT_APPROVED
0213	527a25e1d84f293780e8abe49b94320ae2a6ae4a9357256f8793ef75868c04fb	가설공사용부지	W_LEAF	LEAF_004A	709	FACILITY_EQUIPMENT	REJECT	EMPTY	NOT_APPROVED
0214	546ec432f0f4f846e4958f3c8cfacd1bd0a65e66a4f936d684e95f8ce71fb86b	토사 자재야적장	W_LEAF	LEAF_004A	710	FACILITY_EQUIPMENT	REJECT	EMPTY	NOT_APPROVED
0215	bc2eeea88c9b085ce99079b71cf6381a8f79befad79e3b36d764a7fcf156b1d6	토사 자재폐기장	W_LEAF	LEAF_004A	711	FACILITY_EQUIPMENT	REJECT	EMPTY	NOT_APPROVED
0216	10caefc9fc4f06ca7b78f3d2da24ea65f4910cc108b85297372f1b6c6fbf4ac0	가설도로및주차장부지	W_LEAF	LEAF_004A	712	FACILITY_EQUIPMENT	REJECT	EMPTY	NOT_APPROVED
0222	05a49c7c8d7773d335911075582f49187791a758658d0268e593f24e1d7bac87	발주자가설창고	W_LEAF	LEAF_004A	713	FACILITY_EQUIPMENT	REJECT	EMPTY	NOT_APPROVED
0223	2e278970f327edf1be1371ba961264cebd526ad30e7d94486729cbc996740ac1	발주자가설작업실	W_LEAF	LEAF_004A	714	FACILITY_EQUIPMENT	REJECT	EMPTY	NOT_APPROVED
0224	1aa514aa3edac579b3c84c994015126033ad9c0180a42d4c5f1fd8526f82fac7	발주자가설실험실	W_LEAF	LEAF_004A	715	FACILITY_EQUIPMENT	REJECT	EMPTY	NOT_APPROVED
0225	83bdb23f2f80388d615405dac33ccdc990c9ffc287653eb57a13c73d9e56d91a	발주자가설화약고	W_LEAF	LEAF_004A	716	FACILITY_EQUIPMENT	REJECT	EMPTY	NOT_APPROVED
0226	96510c4a4a37726463f7f6b1de94e6207c2d5b3f91d42cfd91784579c00eab39	발주자가설숙소	W_LEAF	LEAF_004A	717	FACILITY_EQUIPMENT	REJECT	EMPTY	NOT_APPROVED
0227	f51bcf740992f79636487cede92677f29e92cc1ac3217e37a2f3fc040ca849f3	발주자가설화장실 샤워실	W_LEAF	LEAF_004A	718	FACILITY_EQUIPMENT	REJECT	EMPTY	NOT_APPROVED
0228	657a3afae4fa7306f03b71c519f9b0849c2c7cba76844d83d151d4da6be24a7d	발주자가설식당	W_LEAF	LEAF_004A	719	FACILITY_EQUIPMENT	REJECT	EMPTY	NOT_APPROVED
0229	c3fee4bc32240a3aa029929316ea3f20c759ab2a583488d2d903e393ccb416d2	기타발주자용가설건물 시설	W_LEAF	LEAF_004A	720	FACILITY_EQUIPMENT	REJECT	EMPTY	NOT_APPROVED
0231	88012247a102ae3569951ef790aae77ce0361b9d36d5181177718a02d6846c81	도급자가설현장사무실	W_LEAF	LEAF_004A	721	FACILITY_EQUIPMENT	REJECT	EMPTY	NOT_APPROVED
0232	d76ed34e9f4cd354fb978c6635797f8360f849771e191ff66f590d5c67a7fd31	도급자가설창고	W_LEAF	LEAF_004A	722	FACILITY_EQUIPMENT	REJECT	EMPTY	NOT_APPROVED
0233	554e91fff36bd6736acc8278114bfdea362b1eaeaceda4a9ff9740c59f8cfcd8	도급자가설작업실	W_LEAF	LEAF_004A	723	FACILITY_EQUIPMENT	REJECT	EMPTY	NOT_APPROVED
0234	031cede6caba1285177e6c00ff2c39da7bf3442426cacc8c4bf3dd31c39143e1	도급자가설실험실	W_LEAF	LEAF_004A	724	FACILITY_EQUIPMENT	REJECT	EMPTY	NOT_APPROVED
0235	cd3e77809d3bec6c85628b07929338508506853ea158ee27d5dc1be34ecc08a7	도급자가설화약고	W_LEAF	LEAF_004A	725	FACILITY_EQUIPMENT	REJECT	EMPTY	NOT_APPROVED
0236	ade35f684e6c90617b5e155cdc345377039e430794ff2a4750ad5b02125b43db	도급자가설숙소	W_LEAF	LEAF_004A	726	FACILITY_EQUIPMENT	REJECT	EMPTY	NOT_APPROVED
0237	87468cd88648c9bc0b9155f3e1e42db505ac0fbb91d00c45f6413cae547cd528	도급자가설화장실 샤워실	W_LEAF	LEAF_004A	727	FACILITY_EQUIPMENT	REJECT	EMPTY	NOT_APPROVED
0241	204556767072f699aaf5f0b548f265d11a6ece7b01d910fe0ffde265243360f1	가설식당	W_LEAF	LEAF_004A	728	FACILITY_EQUIPMENT	REJECT	EMPTY	NOT_APPROVED
0242	c40221d1864443e85c8ce3b273fc2a6c7a8c5bab614863c24d55be15cc7d4978	가설복지시설	W_LEAF	LEAF_004A	729	FACILITY_EQUIPMENT	REJECT	EMPTY	NOT_APPROVED
0243	239206c90cc31450d3e6656da49b209c9f688810e7bcc50b943ac3e63bb53b40	가설주차장시설	W_LEAF	LEAF_004A	730	FACILITY_EQUIPMENT	REJECT	EMPTY	NOT_APPROVED
0244	6c99b0f9b0250e681fbd0f7228cbe2bbde4843d5e240523cf142e8bac1c892d7	가설경비실	W_LEAF	LEAF_004A	731	FACILITY_EQUIPMENT	REJECT	EMPTY	NOT_APPROVED
0251	4091330f1f7a7e13cb4ebaf3dba6da454bafb4920479584fe5dffd434b7aefca	발주자업무용선박	W_LEAF	LEAF_004A	732	FACILITY_EQUIPMENT	REJECT	EMPTY	NOT_APPROVED
0252	ea331a5464077ad2abfe50f30c0f48831f29ff57f4149e5a9d2ae3f3cf9294a9	발주자업무용차량	W_LEAF	LEAF_004A	733	FACILITY_EQUIPMENT	REJECT	EMPTY	NOT_APPROVED
0253	215bf630840a8d9dffa02b9be3752e8c5bc6bb9b494e00da1d12b2bf051b1904	도급자업무용선박	W_LEAF	LEAF_004A	734	FACILITY_EQUIPMENT	REJECT	EMPTY	NOT_APPROVED
0254	85731f2223b7b472795b20805976bd817f0eb5ffd755183f338a342eca101637	도급자업무용차량	W_LEAF	LEAF_004A	735	FACILITY_EQUIPMENT	REJECT	EMPTY	NOT_APPROVED
0261	01777091bc5346a91ccd9793bc570aa965c17411325b9c44b7b400887a444492	목재울타리	W_LEAF	LEAF_004A	736	FACILITY_EQUIPMENT	REJECT	EMPTY	NOT_APPROVED
0262	2b85b65448626324a62989d679891ae29cede1ca6a38583eb4dcf710ecd81f74	철재울타리	W_LEAF	LEAF_004A	737	FACILITY_EQUIPMENT	REJECT	EMPTY	NOT_APPROVED
0263	111da1268b1c4ceb8b3973b15f219b3fe13b9cb008d99a89083517e1255de9e6	철망울타리	W_LEAF	LEAF_004A	738	FACILITY_EQUIPMENT	REJECT	EMPTY	NOT_APPROVED
0264	363a03589a39cff8d53eec2bf46ab2d4d368f8fd3299a6018e2ceaee021467e7	조립식울타리	W_LEAF	LEAF_004A	739	FACILITY_EQUIPMENT	REJECT	EMPTY	NOT_APPROVED
0265	ed8e2f56ba6db73d22ee10d8277b7191bc5030fda766a5b115d1759043f20393	현장출입문	W_LEAF	LEAF_004A	740	FACILITY_EQUIPMENT	REJECT	EMPTY	NOT_APPROVED
0271	efb5b3c0a057bc60d92e7ba6ccf2c0681b3dc0dbe1dbfdbd4e1f503a03482249	가설안내판 현황판	W_LEAF	LEAF_004A	741	FACILITY_EQUIPMENT	REJECT	EMPTY	NOT_APPROVED
0272	10aae86fff2c3032d6a2ab191bcda8c34735a73178731f19fbd07b0cc266fe5a	프로젝트조감도 모형	W_LEAF	LEAF_004A	742	FACILITY_EQUIPMENT	REJECT	EMPTY	NOT_APPROVED
0281	5410232c133d8124aece671eeba0398ec4acfd575091ec341275d62ae198ad88	가설전기 조명설비	W_LEAF	LEAF_004A	743	FACILITY_EQUIPMENT	REJECT	EMPTY	NOT_APPROVED
0282	711b6d331bcb2d9830a2fcc41997c4228e1efb57533965b0567be803df673634	가설냉 난방설비	W_LEAF	LEAF_004A	744	FACILITY_EQUIPMENT	REJECT	EMPTY	NOT_APPROVED
0283	54fbeb1ce186c079f16cee0f7ea4ec027a29144bf06391058e55f85f685328db	가설소방설비	W_LEAF	LEAF_004A	745	FACILITY_EQUIPMENT	REJECT	EMPTY	NOT_APPROVED
0284	35ea3d9cf3f1f77299e3b31984c0130574174f16f501d50f1303c4b9c7b8cc97	가설통신설비	W_LEAF	LEAF_004A	746	FACILITY_EQUIPMENT	REJECT	EMPTY	NOT_APPROVED
0285	d11f59773fc2c26a901e0658f06d2fccb6c79c96c7576e20fb4aa0c2adf6bf86	가설급수설비	W_LEAF	LEAF_004A	747	FACILITY_EQUIPMENT	REJECT	EMPTY	NOT_APPROVED
0286	0af3626a5f28d3d8801af3b1279663e47f03c597b4bdec893f2159279ee025d9	가설배수설비	W_LEAF	LEAF_004A	748	FACILITY_EQUIPMENT	REJECT	EMPTY	NOT_APPROVED
0287	378635566d60218105c9b3a5bb8253baed90c31c9564c958f6128aeacdfc7a3b	가설환기설비	W_LEAF	LEAF_004A	749	FACILITY_EQUIPMENT	REJECT	EMPTY	NOT_APPROVED
0288	8d240092d0c6880b202190bf9961c644e3727200728f2a7b5c1d40d02eb555a4	가설구급설비	W_LEAF	LEAF_004A	750	FACILITY_EQUIPMENT	REJECT	EMPTY	NOT_APPROVED
0312	e69ff31cbbde7fe147385d0d8c53d768c9434db62ae65aeeb2a93ec06e111a74	가설주차장	W_LEAF	LEAF_004A	751	FACILITY_EQUIPMENT	REJECT	EMPTY	NOT_APPROVED
0322	3d92f46a884195e0a9b53fde98ec1555ee092af26661f65234388cf96aa985b7	동바리	W_LEAF	LEAF_004A	752	FACILITY_EQUIPMENT	REJECT	EMPTY	NOT_APPROVED
0323	f1599521b748893550249a1ec78bda72322081f5f48aa9d2030b0604b87c4a55	작업안전및가설방호시설	W_LEAF	LEAF_004A	753	FACILITY_EQUIPMENT	REJECT	EMPTY	NOT_APPROVED
0324	7d91078d7a8734815b6c2b0c223bd5c168e6c58cd216b92b25b027b96f34d01e	공사중공공이용시설	W_LEAF	LEAF_004A	754	FACILITY_EQUIPMENT	REJECT	EMPTY	NOT_APPROVED
0325	7954786fee05a0020a1b9e8c4739c4e1553dd45fb4cf586b2dc23f375154890e	공사용가설설비	W_LEAF	LEAF_004A	755	FACILITY_EQUIPMENT	REJECT	EMPTY	NOT_APPROVED
0326	6fea2e81b61dced1dac8296859e2cb231b195cf2e141df7b83a98bffd8e46233	가설보호막	W_LEAF	LEAF_004A	756	FACILITY_EQUIPMENT	REJECT	EMPTY	NOT_APPROVED
0341	f475fabb958c475378e56e1aa80233cfdccdcbb6eba200eda235a7194f150f37	작업대차및비계	W_LEAF	LEAF_004A	757	FACILITY_EQUIPMENT	REJECT	EMPTY	NOT_APPROVED
0342	4ec6a9bf3acb11294918bd83f3275789cbbd43864a79a4860abd29dc19a38d2f	작업레일	W_LEAF	LEAF_004A	758	FACILITY_EQUIPMENT	REJECT	EMPTY	NOT_APPROVED
0371	60d02cc3625ee6407c89e96e401158247d963014d5d8b7a5bcdba21fdbe8c54d	나무널말뚝가물막이	W_LEAF	LEAF_004A	759	PROCESS	KEEP_AS_DISTINCT	EMPTY	NOT_APPROVED
0374	4f6c82c96a3a7758959f4645833ee8dc45b8253e527a20d75a66fbf09ea56b1d	토사가물막이	W_LEAF	LEAF_004A	760	PROCESS	KEEP_AS_DISTINCT	EMPTY	NOT_APPROVED
0375	5e740e4242285312261fec363738997666fb0c6fd70b2538fdf0662143893eb5	사석가물막이	W_LEAF	LEAF_004A	761	PROCESS	KEEP_AS_DISTINCT	EMPTY	NOT_APPROVED
0512	fe14e0093ee04bd80e96dba824d62f7cddc5f65c4803a3d5a070c10b3688ea31	토질오염방지	W_LEAF	LEAF_004A	762	TASK	KEEP_AS_DISTINCT	EMPTY	NOT_APPROVED
0513	c90535dfced387abf8814c7a9311b392d10b7a6d411984a519fe08b5b3389952	대기오염방지	W_LEAF	LEAF_004A	763	TASK	KEEP_AS_DISTINCT	EMPTY	NOT_APPROVED
0514	6b98c55b95ef67225dc5e60dafc62dac211de4a4e317166a6937ba849ddd044c	소음진동방지	W_LEAF	LEAF_004A	764	TASK	KEEP_AS_DISTINCT	EMPTY	NOT_APPROVED
0515	4705c1650e12c7bfb189fdaa6187d4c94abf2d53b2a7eb7383e671d16778a3d8	도로오염방지 - - 대․중․소 분류대․중․소 분류	W_LEAF	LEAF_004A	765	TASK	KEEP_AS_DISTINCT	EMPTY	NOT_APPROVED
0516	4a86575867587e78ac98e55b9e7a45b49b4bcf97e6056fc635ced680177d710e	폐기물처리	W_LEAF	LEAF_004A	766	TASK	KEEP_AS_DISTINCT	EMPTY	NOT_APPROVED
0581	8991851d6e91913b348bda70bbe5310099b1634184b6c7e935a2b9aedc34ade5	현장상시정리	W_LEAF	LEAF_004A	767	TASK	KEEP_AS_DISTINCT	EMPTY	NOT_APPROVED
0582	7851f1c58a4c542e5d6567903a3ef0a0deb196a6ee1d620b81b70ddfbb51822d	정기안전점검	W_LEAF	LEAF_004A	768	TASK	KEEP_AS_DISTINCT	EMPTY	NOT_APPROVED
0583	e8c74db54d3a551f23c4577cfc70fcb6bc10cb46b81ce763a2890715ca0ec642	사후환경평가	W_LEAF	LEAF_004A	769	TASK	KEEP_AS_DISTINCT	EMPTY	NOT_APPROVED
0584	d8577db875314f8d0b83fef0e193ce811d7df883364fcbea9144df423df23142	구조물건전성평가	W_LEAF	LEAF_004A	770	TASK	KEEP_AS_DISTINCT	EMPTY	NOT_APPROVED
0587	18184b759a171d0066238e9366aac343d9fa1f4d74c4b58590d60cd50d490266	준공관련시설물	W_LEAF	LEAF_004A	771	FACILITY_EQUIPMENT	REJECT	EMPTY	NOT_APPROVED
0588	d6698a06f1e3bf822e9717dd86e909193fc33440819d2f9e88390e116c54f66e	준공정리	W_LEAF	LEAF_004A	772	TASK	KEEP_AS_DISTINCT	EMPTY	NOT_APPROVED
0612	441979902b2202720ad7a0ea87f9f5eda005bc049f51379efbf26939ba8099e8	회항비	W_LEAF	LEAF_004A	773	CLASSIFICATION	REJECT	EMPTY	NOT_APPROVED
0613	aa66500831fc6b4a8a836983bf39edb7af44b7958f3e5220c809d812eb7bc8ed	대피비	W_LEAF	LEAF_004A	774	CLASSIFICATION	REJECT	EMPTY	NOT_APPROVED
0622	17cb50f5a89c5008a6460c28ab52bc25f00cabfb68e385568b19ec85b0518173	크레인	W_LEAF	LEAF_004A	775	FACILITY_EQUIPMENT	REJECT	EMPTY	NOT_APPROVED
0623	a556cb730bbf7f17ea0756044b1fcc424e5a5d97a1467aabb05adf1776e9546e	리프트	W_LEAF	LEAF_004A	776	FACILITY_EQUIPMENT	REJECT	EMPTY	NOT_APPROVED
0624	682f6620e926491ab9cd5d739b63a9baea6ef0ce5882a8f75a0b1e825373ab40	윈치	W_LEAF	LEAF_004A	777	FACILITY_EQUIPMENT	REJECT	EMPTY	NOT_APPROVED
0631	895eeb81212549c6dc8a4390314547fad775ea57b32d38face26b74183830c01	콘크리트운반장비	W_LEAF	LEAF_004A	778	FACILITY_EQUIPMENT	REJECT	EMPTY	NOT_APPROVED
0632	d0c69ffb8690c7e38a2242a857eb6944223fca2af0a1cffda9ce0d2b85c2faf8	콘크리트믹서트럭	W_LEAF	LEAF_004A	779	FACILITY_EQUIPMENT	REJECT	EMPTY	NOT_APPROVED
0633	da564d63315c2bf0b0cd852cf3496eb53ccff8897f55d84bc9423a74b1586271	덤프트럭	W_LEAF	LEAF_004A	780	FACILITY_EQUIPMENT	REJECT	EMPTY	NOT_APPROVED
0634	91a305afe75944682e576e3b2c389ebb1689e52b9e9738427c243078b0761cb1	콘크리트타워	W_LEAF	LEAF_004A	781	FACILITY_EQUIPMENT	REJECT	EMPTY	NOT_APPROVED
0635	15e9f9088b22a7590988ec33f1ef01ad96ca3dd36e842f2ebd509d79e442433f	벨트컨베이어	W_LEAF	LEAF_004A	782	FACILITY_EQUIPMENT	REJECT	EMPTY	NOT_APPROVED
0712	7c578b32bf104a5808e691677e6f8acf66913308c047d4616a63bcf844c96993	기초공사	W_LEAF	LEAF_004A	783	CLASSIFICATION	REJECT	EMPTY	NOT_APPROVED
0713	137134e5cc054298d3ca056c353a5cd60ce45f895f8c63e86870e453cc7ea7d0	콘크리트공사	W_LEAF	LEAF_004A	784	CLASSIFICATION	REJECT	EMPTY	NOT_APPROVED
0714	37a04b721c7f363fecb1d97db60f7424f6d5654d6d8285af090a90eb0c438cbb	철강구조물공사	W_LEAF	LEAF_004A	785	CLASSIFICATION	REJECT	EMPTY	NOT_APPROVED
0722	9c996229eb2cbd5fe3ef8581e160db45cbb843a0872d9a6ff30922513a3efbbd	철도	W_LEAF	LEAF_004A	786	CLASSIFICATION	REJECT	EMPTY	NOT_APPROVED
0723	aa515a7df17f23a84eac346215c5e4e0373efebc143d66ccf43d6e0ba7e00ceb	교량	W_LEAF	LEAF_004A	787	CLASSIFICATION	REJECT	EMPTY	NOT_APPROVED
0724	1d8a0dd35ed41f27789717fa2d2e090798040c6af9a0b55c4f8ed409e7b28738	터널	W_LEAF	LEAF_004A	788	CLASSIFICATION	REJECT	EMPTY	NOT_APPROVED
0725	e544fbf56fc5cb78067142727c5d8c160c06b049d8c285c7807dcc3c4e4927b1	수공구조물공사	W_LEAF	LEAF_004A	789	CLASSIFICATION	REJECT	EMPTY	NOT_APPROVED
0726	dfc7f505fe4447aec4c4fc57694f409019409446217c37c83747e5892feb0467	배관및배수	W_LEAF	LEAF_004A	790	CLASSIFICATION	REJECT	EMPTY	NOT_APPROVED
0731	fd0eb7c13728615a9ea812b87c7d95d98c5d63a3122b5aa7abf45d0991c0f583	조적및목구조공사	W_LEAF	LEAF_004A	791	CLASSIFICATION	REJECT	EMPTY	NOT_APPROVED
0732	acd2dd88d3a7f79d4f9b9a27263c081536c90cb1bd55ae04d124d71257a18416	방수 단열 지붕공사	W_LEAF	LEAF_004A	792	CLASSIFICATION	REJECT	EMPTY	NOT_APPROVED
0733	99db583324eee570c28ea6cbd93bd6edf4dc3039cd5366c8e99cd2e67b507a49	마감공사	W_LEAF	LEAF_004A	793	CLASSIFICATION	REJECT	EMPTY	NOT_APPROVED
0852	3769048f47b3f0c13e0e0928ba93e2aba1ed6286f095f12d0d129d5683cad0de	말뚝기초	W_LEAF	LEAF_004A	794	CLASSIFICATION	REJECT	EMPTY	NOT_APPROVED
0853	d065a47a3908d0eebd6d7ceb321d3074fdcfee6e6710f6a90d90218877502b07	시멘트및혼화제	W_LEAF	LEAF_004A	795	MATERIAL_COMPONENT	REJECT	EMPTY	NOT_APPROVED
0854	278c05df2ac0decdf6f009682cf907f60f26a38f00023eccd80d191b271009b5	콘크리트및골재	W_LEAF	LEAF_004A	796	MATERIAL_COMPONENT	REJECT	EMPTY	NOT_APPROVED
0855	fcb3383f6074215c8d17cc9e4a52d63f3ee1bf464cce685d8f35bcef1e458165	콘크리트보강재	W_LEAF	LEAF_004A	797	MATERIAL_COMPONENT	REJECT	EMPTY	NOT_APPROVED
0856	5e967a9bb771a0e440b88ff43dac5fc0bf21040c8359151dd7c9458c6f04e239	철골구조	W_LEAF	LEAF_004A	798	CLASSIFICATION	REJECT	EMPTY	NOT_APPROVED
0857	5742ad6cb205bb69c89ff703ba005c5429164d9413f21a42054bea9f11143cff	조적구조	W_LEAF	LEAF_004A	799	CLASSIFICATION	REJECT	EMPTY	NOT_APPROVED
0858	d091f6295ec2475cc94993bee05c6f0f721b9074b53b22cc03370f934bb1d5cb	목구조	W_LEAF	LEAF_004A	800	CLASSIFICATION	REJECT	EMPTY	NOT_APPROVED
0863	33fe1a5500ee99da4168f0913b81db47fb3884bac8268a867547259286b97434	단열및방화	W_LEAF	LEAF_004A	801	CLASSIFICATION	REJECT	EMPTY	NOT_APPROVED
0865	d56c254319d6892082e2382707fb1b87877be14aca1eeb6593bf5752fa513d90	진동및방음	W_LEAF	LEAF_004A	802	CLASSIFICATION	REJECT	EMPTY	NOT_APPROVED
0867	ad18c73748366b357ead99233c6b9b4a20a708450d1be9dcf91920195b34531e	지붕및기와	W_LEAF	LEAF_004A	803	CLASSIFICATION	REJECT	EMPTY	NOT_APPROVED
0871	51651ac306c3e8f4250a4859298036d4bccc4246fb36a38e70be7c06a13ec3e3	미장	W_LEAF	LEAF_004A	804	CLASSIFICATION	REJECT	EMPTY	NOT_APPROVED
0872	9f6eb45c3b5c59ebe78cb84649b56db72c4f8ca1a1c67de63b64911aa2d81e27	타일	W_LEAF	LEAF_004A	805	CLASSIFICATION	REJECT	EMPTY	NOT_APPROVED
0873	85d950e4cacf7399169cf312cdc3f065801a10f4fc1c5eb9ade836597787803a	수장	W_LEAF	LEAF_004A	806	CLASSIFICATION	REJECT	EMPTY	NOT_APPROVED
0875	89c29afc29daae71f92a907a9ecfe43c085cf3f6c4751d639ea234f93ba14df6	도장	W_LEAF	LEAF_004A	807	CLASSIFICATION	REJECT	EMPTY	NOT_APPROVED
0876	d8ee30afb93bcdd50ea11972ddca50b0076e63ad9c729226d98b23d2c08e6450	창호	W_LEAF	LEAF_004A	808	CLASSIFICATION	REJECT	EMPTY	NOT_APPROVED
0877	d720d731457ccc41b0a90bb636009192aa013084e640f3cdff19012c74940f57	금속재	W_LEAF	LEAF_004A	809	MATERIAL_COMPONENT	REJECT	EMPTY	NOT_APPROVED
1112	7c80c28751216d624b74caa9c2bae11d2eab68078c033ae4b0cc86f5efbc9183	각측정	W_LEAF	LEAF_004A	810	TASK	KEEP_AS_DISTINCT	EMPTY	NOT_APPROVED
1113	366e31335635ef59be1346a774572750f9a2a06df8459b37678c6890f681c690	기준점측량	W_LEAF	LEAF_004A	811	TASK	KEEP_AS_DISTINCT	EMPTY	NOT_APPROVED
1114	f6ed5adc3fa80738b471dd37064ce68efea2f786dae828f634adb9ecf10e4808	삼각측량	W_LEAF	LEAF_004A	812	TASK	KEEP_AS_DISTINCT	EMPTY	NOT_APPROVED
1115	17166a268e1bd3860915a9b947f16a61ec740928164a34311062cbeef21a7745	다각측량	W_LEAF	LEAF_004A	813	TASK	KEEP_AS_DISTINCT	EMPTY	NOT_APPROVED
1116	867795296d9312583bc7fc3285396223350a31f50a749de01609c947373be536	수준측량	W_LEAF	LEAF_004A	814	TASK	KEEP_AS_DISTINCT	EMPTY	NOT_APPROVED
1117	c8ea7fe8c718e2e8edf33c9cfeb120275090a5eddd2c382d04b7d340170a0558	사진측량	W_LEAF	LEAF_004A	815	TASK	KEEP_AS_DISTINCT	EMPTY	NOT_APPROVED
1118	21e8cd3229230eba23571658c2dcb262a171d4f06c5753cfc2ab4dc123d5dece	수심측량	W_LEAF	LEAF_004A	816	TASK	KEEP_AS_DISTINCT	EMPTY	NOT_APPROVED
1122	ea6e64ec2fa399aa163ce98eac6fa1f735644e3dea108c5cd2a93601cd0ea998	지성선	W_LEAF	LEAF_004A	817	CLASSIFICATION	REJECT	EMPTY	NOT_APPROVED
1131	074aac1140c29860501e6354515e0506624b9fb05b3c6bc4d105c1b2b7b72c6b	하천	W_LEAF	LEAF_004A	818	CLASSIFICATION	REJECT	EMPTY	NOT_APPROVED
1132	c2854d05005a75df5c99b93c3d89e5881162cbc45dd550503dbd5cc930f769b3	운하	W_LEAF	LEAF_004A	819	CLASSIFICATION	REJECT	EMPTY	NOT_APPROVED
1133	7c105303e04f296145faf9f41176c9540b2bf6315289db320000592138fbb27c	항만	W_LEAF	LEAF_004A	820	CLASSIFICATION	REJECT	EMPTY	NOT_APPROVED
1134	0ce2406906faf7a17a3ec8c9469f519d0062a9c6f17f4efd1ff8f9297eea8629	해양	W_LEAF	LEAF_004A	821	CLASSIFICATION	REJECT	EMPTY	NOT_APPROVED
1141	ad800edcc9229da36ae043e074f3cd3552a283682f114fed33586502d2903c60	도로	W_LEAF	LEAF_004A	822	CLASSIFICATION	REJECT	EMPTY	NOT_APPROVED
1142	b05533f42f063fe77b2a994cb83eb2a077bdc1dd6aad0a5d3d414a5fbc92d854	철도및지하철	W_LEAF	LEAF_004A	823	CLASSIFICATION	REJECT	EMPTY	NOT_APPROVED
1143	7fd6b99cffec0d78750b1a2cbf92a691dc015087a703044e142037d7f8970d65	시가지도로	W_LEAF	LEAF_004A	824	CLASSIFICATION	REJECT	EMPTY	NOT_APPROVED
1144	0dfa1badad7678a95a86121396fa31617b6d68f1e1148dfb777d0f31be181475	수로	W_LEAF	LEAF_004A	825	CLASSIFICATION	REJECT	EMPTY	NOT_APPROVED
1145	cbefccf2bc24c75934300f9d249d63e48b1dd921fbecf64044a94ce84bdcd36f	전기	W_LEAF	LEAF_004A	826	CLASSIFICATION	REJECT	EMPTY	NOT_APPROVED
1146	3c17f2a1cf54edb7ceddf31899f5cf2f71a78953fadfb7dcad2ec59fcb1e110c	상수도	W_LEAF	LEAF_004A	827	CLASSIFICATION	REJECT	EMPTY	NOT_APPROVED
1147	e173694552c6d5ba47ce682ee3c2ec8c54493942d70f1209976812ce8c9f4b97	하수도	W_LEAF	LEAF_004A	828	CLASSIFICATION	REJECT	EMPTY	NOT_APPROVED
1148	01bc206eaab3fdc8148c4352d8c2365729b6af29fea47a3c5f25cef1bc0571c9	통신	W_LEAF	LEAF_004A	829	CLASSIFICATION	REJECT	EMPTY	NOT_APPROVED
1149	a7478945a3c2a54c997fdda1d2c03661cede250def51bf2e2aee37fa8e896b6a	가스및송유관	W_LEAF	LEAF_004A	830	CLASSIFICATION	REJECT	EMPTY	NOT_APPROVED
1151	9023bd55bd21ba3ee334096a753fb7a7fcdef16c5a2b7810321e087ab2bec51f	신규등록측량	W_LEAF	LEAF_004A	831	TASK	KEEP_AS_DISTINCT	EMPTY	NOT_APPROVED
1152	863a4845003c74863d27b360f51f23419cb8627cc24c763147ec4449ee8d1639	등록전환측량 - - 대․중․소 분류대․중․소 분류	W_LEAF	LEAF_004A	832	TASK	KEEP_AS_DISTINCT	EMPTY	NOT_APPROVED
1153	fd79e39144c800f2a4790b485bce70bf7bdbdbbfe027573d944d1c85dbd42006	분할측량	W_LEAF	LEAF_004A	833	TASK	KEEP_AS_DISTINCT	EMPTY	NOT_APPROVED
1154	0e79528589534846b7e0e42d4727068217662631e0b13461979fcdb7ba60eb2b	경계복원측량	W_LEAF	LEAF_004A	834	TASK	KEEP_AS_DISTINCT	EMPTY	NOT_APPROVED
1155	f5958aa1767dccd8f5f4d5c91972a1cd5463ccbd677c8ecefa9fac87dea34f43	지적확정측량	W_LEAF	LEAF_004A	835	TASK	KEEP_AS_DISTINCT	EMPTY	NOT_APPROVED
1161	83bbfa12f86b4d6235338d2b33af17a5f2300b326224458b18a05e437ef1f7c0	벤치마킹설치	W_LEAF	LEAF_004A	836	TASK	KEEP_AS_DISTINCT	EMPTY	NOT_APPROVED
1162	22ff1e6633abf6b69697eb3cad71e6b559bfc008f4503b17fd51bef27ac9e975	중심선측량	W_LEAF	LEAF_004A	837	TASK	KEEP_AS_DISTINCT	EMPTY	NOT_APPROVED
1163	272b10f1c6dbae52bdcbc102edb066fe926cf4307298b0b71cd891e0536add94	종단측량	W_LEAF	LEAF_004A	838	TASK	KEEP_AS_DISTINCT	EMPTY	NOT_APPROVED
1164	ff40f94bb58e9e0d366d0e661f0c15190cfb9cc9b445fb9d27899ed79a8414b3	횡단측량	W_LEAF	LEAF_004A	839	TASK	KEEP_AS_DISTINCT	EMPTY	NOT_APPROVED
1165	a82fbe172390f460b6c01e7dd48aa225d4628afe0ca63ea82b59b1ba1a3c5223	면체적측량	W_LEAF	LEAF_004A	840	TASK	KEEP_AS_DISTINCT	EMPTY	NOT_APPROVED
1166	89b677f0116bc8a3383e05f84ae8d76f9b7c6a880e06bc49598f4761083e263d	공사측량	W_LEAF	LEAF_004A	841	TASK	KEEP_AS_DISTINCT	EMPTY	NOT_APPROVED
1167	4c5f039a18e64b1e07c729bda0f3ba5f651607d82655f257e799c3e70c80c1d9	표줄	W_LEAF	LEAF_004A	842	FACILITY_EQUIPMENT	REJECT	EMPTY	NOT_APPROVED
1168	9d258dec8c7d8087ca2bbcdba420d04f341e746128467f046190d6487769c28d	규준틀	W_LEAF	LEAF_004A	843	FACILITY_EQUIPMENT	REJECT	EMPTY	NOT_APPROVED
1191	10e43d2a9565d700c18e98a2120a8c8ccbe0b381228bb11397ac118acaa1fb5e	시가지측량	W_LEAF	LEAF_004A	844	TASK	KEEP_AS_DISTINCT	EMPTY	NOT_APPROVED
1192	1d286fe54537d99bc8ac449a6249c955ffc555142faf11d094309646e89621ed	건축측량	W_LEAF	LEAF_004A	845	TASK	KEEP_AS_DISTINCT	EMPTY	NOT_APPROVED
1193	8c01406e00a48cf8c6b1aa65908f6e2fad9c2b2e218f5b61b277db1911ac80de	터널및광산측량	W_LEAF	LEAF_004A	846	TASK	KEEP_AS_DISTINCT	EMPTY	NOT_APPROVED
1194	58ec2856c183163ab9e772aa63434e9c34075781cae00d4ddc8a1fca81847a3d	농지및삼림측량	W_LEAF	LEAF_004A	847	TASK	KEEP_AS_DISTINCT	EMPTY	NOT_APPROVED
1212	19435a958f56e3f10ea8696e85ecb4d2218c80038b5a584840298cbd120196a6	지중수직변위계	W_LEAF	LEAF_004A	848	FACILITY_EQUIPMENT	REJECT	EMPTY	NOT_APPROVED
1213	3586bdaf44fa44961709fbde3c189f187ce7989ac53839cf28cde4eeb153057b	지하수측정	W_LEAF	LEAF_004A	849	TASK	KEEP_AS_DISTINCT	EMPTY	NOT_APPROVED
1214	594198446a54a3b31eb868729e2d90b64df550649160d32c0440273567d0be59	인접구조물경사도및균열측정	W_LEAF	LEAF_004A	850	TASK	KEEP_AS_DISTINCT	EMPTY	NOT_APPROVED
1215	4fed674196f34d6c95fdddf668335f769f87c10b06965995b6a4512612e5509b	토압측정(PressureCell)	W_LEAF	LEAF_004A	851	TASK	KEEP_AS_DISTINCT	EMPTY	NOT_APPROVED
1216	21cee60705cc9ff1339358f5b06188fc96258893110c269f3633a9deacd75654	응력측정(StrainGauge)	W_LEAF	LEAF_004A	852	TASK	KEEP_AS_DISTINCT	EMPTY	NOT_APPROVED
1217	c27e625eaef42f278cc71eaeb75568e70a0244effe607a1e5241e4b86c8d0bf9	하중측정(LoadCell)	W_LEAF	LEAF_004A	853	TASK	KEEP_AS_DISTINCT	EMPTY	NOT_APPROVED
1218	4661d53a68f0fb7380e30488c4caca171086dbb8d40356480fa7a6b72aa4c17d	진동소음측정	W_LEAF	LEAF_004A	854	TASK	KEEP_AS_DISTINCT	EMPTY	NOT_APPROVED
1221	add347cec12a08c7e8afcef54216d162327efc360d779ba471c699d3f727bc8b	구조체정적계측	W_LEAF	LEAF_004A	855	TASK	KEEP_AS_DISTINCT	EMPTY	NOT_APPROVED
1222	62c40ab49ffebadda5db8d0ee88ad789c6dd22dd16a5132d72c8d2d90a4e793d	동적계측	W_LEAF	LEAF_004A	856	TASK	MERGE_CANDIDATE	2475027daba149f900315ad926df730d26003b1bd51bf7ee39a48146edeea87f	NOT_APPROVED
1223	8954d694c3105cb6a2233d7e232ce2d44e129c75e8fb57d0f1c7899bd07229b1	하중측정	W_LEAF	LEAF_004A	857	TASK	KEEP_AS_DISTINCT	EMPTY	NOT_APPROVED
1227	2d61fcf70c656e1ae9cf185ddc8d1ec374676b60bbde7c041d17ad4c9e5b26a5	누수량측정	W_LEAF	LEAF_004A	858	TASK	KEEP_AS_DISTINCT	EMPTY	NOT_APPROVED
1231	ec1c0f65612471640bd749d46ee16ded90b40c88145b3557e0c25a301545ab53	터널내공변위측정	W_LEAF	LEAF_004A	859	TASK	KEEP_AS_DISTINCT	EMPTY	NOT_APPROVED
1232	0fd47bfec64ccbfd34ee953bc9049fa0357d73b60693c52e7b0f9e0b188e65e8	터널천단침하측정	W_LEAF	LEAF_004A	860	TASK	KEEP_AS_DISTINCT	EMPTY	NOT_APPROVED
1233	38fcbc6aab298f5ed9ab361654e791df457b8fea8389c5e448504bae4e6558ff	터널내지중변위측정	W_LEAF	LEAF_004A	861	TASK	KEEP_AS_DISTINCT	EMPTY	NOT_APPROVED
1236	788bda6c738a531989a276971effe211068dd4f65972e73a7e6ab674da4de583	지표및지중침하측정	W_LEAF	LEAF_004A	862	TASK	KEEP_AS_DISTINCT	EMPTY	NOT_APPROVED
1241	d7123ec074a619371c8f7ca767b14e6c82814fecebab9a1f97703305c9eb0c8a	교량정적계측	W_LEAF	LEAF_004A	863	TASK	KEEP_AS_DISTINCT	EMPTY	NOT_APPROVED
1242	2475027daba149f900315ad926df730d26003b1bd51bf7ee39a48146edeea87f	동적계측	W_LEAF	LEAF_004A	864	TASK	MERGE_CANDIDATE	62c40ab49ffebadda5db8d0ee88ad789c6dd22dd16a5132d72c8d2d90a4e793d	NOT_APPROVED
1251	e2f9c0a47a188bd3e9afbc01403ccfee9ae802692ae1edb3c860e9b09b4d2144	댐체변위측정계	W_LEAF	LEAF_004A	865	FACILITY_EQUIPMENT	REJECT	EMPTY	NOT_APPROVED
1252	ad3f09ec3b064a37331a7ea6862fe0c76b36bbcb941d3de033eb617f595c03bf	콘크리트및이음변형측정계	W_LEAF	LEAF_004A	866	FACILITY_EQUIPMENT	REJECT	EMPTY	NOT_APPROVED
1253	2c58a3839430ba89e9cdb5a019c74b188361d8c19e210965a831e3f59bbca50b	침하측정점	W_LEAF	LEAF_004A	867	FACILITY_EQUIPMENT	REJECT	EMPTY	NOT_APPROVED
1254	2fbc9dd370b7cb71c0e468e4293b7b9e2f073b6bde7bd3b24c5755dcd5d8da19	지진계	W_LEAF	LEAF_004A	868	FACILITY_EQUIPMENT	REJECT	EMPTY	NOT_APPROVED
1255	1c72ebef5c2d65388c3ddb014069cc986daf2ec44f20904c5f3a9183c8921caf	누수량측정장치	W_LEAF	LEAF_004A	869	FACILITY_EQUIPMENT	REJECT	EMPTY	NOT_APPROVED
1256	03ed798a7ca7bcf1f6ead3c3e07935eceac9b8c240dc61b8cb5c38abca290cb4	수위측정기	W_LEAF	LEAF_004A	870	FACILITY_EQUIPMENT	REJECT	EMPTY	NOT_APPROVED
1258	75349ef18df91e43f4573dc76107168b4c0279fbdee573aba1e7872edd6ae5dc	댐계측관련설비	W_LEAF	LEAF_004A	871	FACILITY_EQUIPMENT	REJECT	EMPTY	NOT_APPROVED
1321	520952ce4790bd31f9a140cf97f83798652a78ac8ccbfa7922d1b477c79ea67a	충격식(Percussion)시추	W_LEAF	LEAF_004A	872	METHOD	REJECT	EMPTY	NOT_APPROVED
1322	026f14acf6f05aeb4b0b2457ac0b26874163d4183ab1b42445c4c311b68e0415	회전식(Rotary)시추	W_LEAF	LEAF_004A	873	METHOD	REJECT	EMPTY	NOT_APPROVED
1331	94a3d696ab8557aa3c9ae822d0aa2f3fcf4158f89f088fd7ad70599a62e97add	지표면 시험굴착시료	W_LEAF	LEAF_004A	874	MATERIAL_COMPONENT	REJECT	EMPTY	NOT_APPROVED
1341	461b0e7f4416f4d1fec97447a5f907284cdf8f2dd8240cd809400d1bbe1983a9	일반현장시험	W_LEAF	LEAF_004A	875	TASK	KEEP_AS_DISTINCT	EMPTY	NOT_APPROVED
1342	4a888ce934d31b952cc6e92fd855cfbaa3919f44b75bad996fb7a77268e83460	압밀시험	W_LEAF	LEAF_004A	876	TASK	KEEP_AS_DISTINCT	EMPTY	NOT_APPROVED
1343	adddc21bf5450b6798cab918b1ee6180c209cef931142ced751518c2b0cdc34f	다짐시험	W_LEAF	LEAF_004A	877	TASK	KEEP_AS_DISTINCT	EMPTY	NOT_APPROVED
1344	1802b1e6210b12b8b11be2dbe42d4b12cae724173c9f54699659d6c35396593a	사운딩시험	W_LEAF	LEAF_004A	878	TASK	KEEP_AS_DISTINCT	EMPTY	NOT_APPROVED
1351	7b789afa3719abf2b91e2757a07e16b7d4daf54a074be1a4cb23c8016985d8d8	일반실내실험	W_LEAF	LEAF_004A	879	TASK	KEEP_AS_DISTINCT	EMPTY	NOT_APPROVED
1352	2fa82bbbced6909086b5430cd0d7ec8f7ae730ca721d993c091ac50b4e9094ba	화학성분실험	W_LEAF	LEAF_004A	880	TASK	KEEP_AS_DISTINCT	EMPTY	NOT_APPROVED
1353	e65a7079316e9df82e193739b85e047e2449ebe88c573bd854d3b1b813f56c6b	실내다짐도실험	W_LEAF	LEAF_004A	881	TASK	KEEP_AS_DISTINCT	EMPTY	NOT_APPROVED
1354	faea9bcdf0da2edcf648ec58d9a32de49dccc9a84afbd8fd222c53eb0538c7d3	투수시험	W_LEAF	LEAF_004A	882	TASK	KEEP_AS_DISTINCT	EMPTY	NOT_APPROVED
1355	15590fd1a3d77a2acdf349b51426de45e16cdcd54934639eba0f88e065e61d00	흙의강도시험	W_LEAF	LEAF_004A	883	TASK	KEEP_AS_DISTINCT	EMPTY	NOT_APPROVED
1356	813ceeca0d9ebde19282f666b9766b1ee60f9caebdfb0d22fb3135dd98f8e370	토사류기타시험	W_LEAF	LEAF_004A	884	TASK	KEEP_AS_DISTINCT	EMPTY	NOT_APPROVED
1361	93b7e4f04bcdc6f88458155e5ca5a8ec483bff623dc04598dd2e6d67fd7a8fcc	암석시험	W_LEAF	LEAF_004A	885	TASK	KEEP_AS_DISTINCT	EMPTY	NOT_APPROVED
1362	c8061fe1b0cde092d02577f47deddf36d9b4d35919226e6a9c975c02e33143ab	암반시험	W_LEAF	LEAF_004A	886	TASK	KEEP_AS_DISTINCT	EMPTY	NOT_APPROVED
1812	38c42d1ed0e5ed2435a0f0ca1600ccf44eede48d6d6a50ad5835bc2d436a79b3	지장수목이식	W_LEAF	LEAF_004A	887	TASK	KEEP_AS_DISTINCT	EMPTY	NOT_APPROVED
1813	19aa053683c6a3bc0162ecaff2abe4e080bdaea29a1e55391b18c24f4665c516	암지장물제거	W_LEAF	LEAF_004A	888	TASK	KEEP_AS_DISTINCT	EMPTY	NOT_APPROVED
1814	c16126dcb4a9ea1f8bf045eaf227df1e5e32747f20b9acad0b302319d9fcf5e2	설치지장물제거	W_LEAF	LEAF_004A	889	TASK	KEEP_AS_DISTINCT	EMPTY	NOT_APPROVED
1815	3628cd88ff15d37626ab922fa614542bf556cf2cde6f9988537804b5e44a858f	토석제거	W_LEAF	LEAF_004A	890	TASK	KEEP_AS_DISTINCT	EMPTY	NOT_APPROVED
1821	f5f66a89ba3ff5920de3336b57445283f3a950b219067194c9533e768a633e5e	콘크리트구조물철거	W_LEAF	LEAF_004A	891	TASK	KEEP_AS_DISTINCT	EMPTY	NOT_APPROVED
1823	8a22cdad03f84c2998c32d3ab4e49dcb42ea83720ec015dc17ddbef706667501	철골구조물철거	W_LEAF	LEAF_004B	892	TASK	KEEP_AS_DISTINCT	EMPTY	NOT_APPROVED
1824	ed386158d68d31b63a100751898ac55748fefd36ae24592f8ab9589664f0f37a	포장제거	W_LEAF	LEAF_004B	893	TASK	KEEP_AS_DISTINCT	EMPTY	NOT_APPROVED
1825	b1bac471ee0cf14117d2a778c2d3abdf2647bbcc026d43474d1bd5c468639eec	석축및옹벽철거	W_LEAF	LEAF_004B	894	TASK	KEEP_AS_DISTINCT	EMPTY	NOT_APPROVED
1831	3036bc1d5e7fc97264c7c724adaa64346e56cd4e1fa63c9bf9e0092da7cb50dc	해상콘크리트구조물철거 해체	W_LEAF	LEAF_004B	895	TASK	KEEP_AS_DISTINCT	EMPTY	NOT_APPROVED
1832	37affaffa2ca2e3697ab074c56910382c18a58aa8058c17f5e79c4191952f270	해상조적구조물철거 해체	W_LEAF	LEAF_004B	896	TASK	KEEP_AS_DISTINCT	EMPTY	NOT_APPROVED
1833	23330fe533e43a38b53d19bcdfd257679c36de85a3b196b55112065818f93ba9	해상철골구조물철거해체	W_LEAF	LEAF_004B	897	TASK	KEEP_AS_DISTINCT	EMPTY	NOT_APPROVED
1834	d17ce95a70e3aa1758a7fdb341b9c4d2a8c46ddfe3cb93fbc3be27b030304a16	해상토석제거	W_LEAF	LEAF_004B	898	TASK	KEEP_AS_DISTINCT	EMPTY	NOT_APPROVED
1841	9bce078747fbb1ff90aefae1f870e035499fdbe1baf20e0cfd85c3f5470f4889	콘크리트관제거	W_LEAF	LEAF_004B	899	TASK	KEEP_AS_DISTINCT	EMPTY	NOT_APPROVED
1842	61036c20c3179073e779ca296e01a69f14960dc5b662ad9f8e22efad1205f811	주철관제거	W_LEAF	LEAF_004B	900	TASK	KEEP_AS_DISTINCT	EMPTY	NOT_APPROVED
1843	e4f7d9ae31f9a7286f7c5b63458c70d7fe70e847d3d2457dccbd17f08edf6f1f	강관제거	W_LEAF	LEAF_004B	901	TASK	KEEP_AS_DISTINCT	EMPTY	NOT_APPROVED
1845	50603b90ef5dc00271492be8e18990d5b807d22a739a5bd6402ce0a94d8411a0	통신케이블제거	W_LEAF	LEAF_004B	902	TASK	KEEP_AS_DISTINCT	EMPTY	NOT_APPROVED
1846	f928adf389ac2d0513ea16e99724c7b86b8baefa46ac200c5eda4dbdf7dc7a98	전선관로제거	W_LEAF	LEAF_004B	903	TASK	KEEP_AS_DISTINCT	EMPTY	NOT_APPROVED
1849	495cc43e49bbcf295ac62002dfd9defa49ba4ee82d527f7e546b4a05aebbfc17	기타지하지장물제거	W_LEAF	LEAF_004B	904	TASK	KEEP_AS_DISTINCT	EMPTY	NOT_APPROVED
1851	125a7967ed190283fe0011dd46ac8a54c8bbbb3d11a9ff9a8a31b7d332ef4801	철근콘크리트기초제거	W_LEAF	LEAF_004B	905	TASK	KEEP_AS_DISTINCT	EMPTY	NOT_APPROVED
1852	e1c0556cd2f0533aaf745dbe5baaaf177579e287330462dd97ef7eda8c680f76	무근콘크리트제거	W_LEAF	LEAF_004B	906	TASK	KEEP_AS_DISTINCT	EMPTY	NOT_APPROVED
1853	024e3e201c2f793a3522d861430c06c0d51d89dd1f030a5c8b7838c0e55ad7a4	암거제거	W_LEAF	LEAF_004B	907	TASK	KEEP_AS_DISTINCT	EMPTY	NOT_APPROVED
1859	2d7ee3726734127f289991097cfe2733380a4c1bbb75b3b0d222ce77aa4ee3da	기타지하구조물제거	W_LEAF	LEAF_004B	908	TASK	KEEP_AS_DISTINCT	EMPTY	NOT_APPROVED
1861	45671bfb7fc32294bcfa774b47bcbc0a85c9a7f0c9f1d228df06c453922720bc	배관철거 해체	W_LEAF	LEAF_004B	909	TASK	MERGE_CANDIDATE	f735a494d289df44d97a9189ed73941340ce5ec36cfcf5ce2cfecc6fefd56e1a	NOT_APPROVED
1862	86544ab343cf9ea70f3dbc8c947dfd8eac5fb2cbf9ce570a46a5709d4e10853d	덕트철거 해체	W_LEAF	LEAF_004B	910	TASK	KEEP_AS_DISTINCT	EMPTY	NOT_APPROVED
1863	4e9d201ccd71db8368ab1cf60b32bcc24c87ec745775ba2700818bf08c32a59c	장비철거 해체	W_LEAF	LEAF_004B	911	TASK	MERGE_CANDIDATE	a870dc299a2e636bd8359d389419bb6035bbf90046189a1c7904c33afa6e0b1d	NOT_APPROVED
1864	af4f33085cb270d3d05561d8e98768f512b3a0cecc2ccec2b69faa7dd855a2c3	잡철물철거 해체	W_LEAF	LEAF_004B	912	TASK	MERGE_CANDIDATE	dd95046844e6680c62f9699173fefd8616750d9b66bada182338b23d346b894b	NOT_APPROVED
1865	2f89fdef02c6bd07e275a2a458af250cc485e36ebc7ed4aa1cfa396e378e67cd	보온재철거 해체	W_LEAF	LEAF_004B	913	TASK	KEEP_AS_DISTINCT	EMPTY	NOT_APPROVED
1866	1999ffb9515aa69d358ba9450ae4510ee2d1ee4f6177e76e4285dce0d244d34e	위생도기철거 해체	W_LEAF	LEAF_004B	914	TASK	KEEP_AS_DISTINCT	EMPTY	NOT_APPROVED
1869	3e4b1972ffc759e66391b08fb0511df3610216890600df4205507a3a36ba40ba	기타설비철거 해체	W_LEAF	LEAF_004B	915	TASK	MERGE_CANDIDATE	802d551a9eeb63a7b55a5300dbe2757f6186c7f8c0bdfdcac908b0028a557b13	NOT_APPROVED
1871	f735a494d289df44d97a9189ed73941340ce5ec36cfcf5ce2cfecc6fefd56e1a	배관철거 해체	W_LEAF	LEAF_004B	916	TASK	MERGE_CANDIDATE	45671bfb7fc32294bcfa774b47bcbc0a85c9a7f0c9f1d228df06c453922720bc	NOT_APPROVED
1872	02c84a0771ef2e354c6ced43ab9bfdde5cafe33c662831fd424064d8aa74d972	관로철거 해체	W_LEAF	LEAF_004B	917	TASK	KEEP_AS_DISTINCT	EMPTY	NOT_APPROVED
1873	a870dc299a2e636bd8359d389419bb6035bbf90046189a1c7904c33afa6e0b1d	장비철거 해체	W_LEAF	LEAF_004B	918	TASK	MERGE_CANDIDATE	4e9d201ccd71db8368ab1cf60b32bcc24c87ec745775ba2700818bf08c32a59c	NOT_APPROVED
1874	dd95046844e6680c62f9699173fefd8616750d9b66bada182338b23d346b894b	잡철물철거 해체	W_LEAF	LEAF_004B	919	TASK	MERGE_CANDIDATE	af4f33085cb270d3d05561d8e98768f512b3a0cecc2ccec2b69faa7dd855a2c3	NOT_APPROVED
1875	b87ed5a06fd55a904cfd0299755f1468201b46fea56f007e5ca6bb3ac3198090	옥내설비철거 해체	W_LEAF	LEAF_004B	920	TASK	KEEP_AS_DISTINCT	EMPTY	NOT_APPROVED
1876	eb9f3e3f0049f30a1a740d7cba660486296c6699ec88dc638dcb157de0952d60	옥외설비철거 해체	W_LEAF	LEAF_004B	921	TASK	KEEP_AS_DISTINCT	EMPTY	NOT_APPROVED
1879	802d551a9eeb63a7b55a5300dbe2757f6186c7f8c0bdfdcac908b0028a557b13	기타설비철거 해체	W_LEAF	LEAF_004B	922	TASK	MERGE_CANDIDATE	3e4b1972ffc759e66391b08fb0511df3610216890600df4205507a3a36ba40ba	NOT_APPROVED
1881	95dcf426f84f8dd0c07f9f95000bfccb2748005fbf3debac9275065077af1717	기존관보호	W_LEAF	LEAF_004B	923	TASK	KEEP_AS_DISTINCT	EMPTY	NOT_APPROVED
1882	fad9529efa810004f21ae6a419885b4c291cdd667ffdb7d3f8574eb1751806b8	지상구조물보호	W_LEAF	LEAF_004B	924	TASK	KEEP_AS_DISTINCT	EMPTY	NOT_APPROVED
1883	9ad25672aceb09b151c06ec3333269d93c9ebee956206496d6c055d76cdec2c1	지하구조물보호	W_LEAF	LEAF_004B	925	TASK	KEEP_AS_DISTINCT	EMPTY	NOT_APPROVED
1884	44c2f49b5960e5526cef24672f26f1a0a8538568023144e158d3cbb99d4a6f37	수목보호	W_LEAF	LEAF_004B	926	TASK	KEEP_AS_DISTINCT	EMPTY	NOT_APPROVED
2112	4b1438f9fc4bb8229a5aedc5a0436d46104d2a99d42cd98d7c22dc424aa9d6f0	일반부지정지	W_LEAF	LEAF_004B	927	TASK	KEEP_AS_DISTINCT	EMPTY	NOT_APPROVED
2113	1282751d9c627d7664af07b16ab9b216f5667b3a1c2069daffd7565d76aadd22	절토면고르기	W_LEAF	LEAF_004B	928	TASK	KEEP_AS_DISTINCT	EMPTY	NOT_APPROVED
2114	b77427e00a02e798cf53769d1361b590104c65e65b042dd10a3ac21005018de3	성토면고르기	W_LEAF	LEAF_004B	929	TASK	KEEP_AS_DISTINCT	EMPTY	NOT_APPROVED
2115	38873c8569db272c29ac562897d3da9a829b9be43026e2d1312adce6f8e1db65	사면면고르기	W_LEAF	LEAF_004B	930	TASK	KEEP_AS_DISTINCT	EMPTY	NOT_APPROVED
2116	c578f1441466efd44e6c8001c86d26a4bdd31b370fb383eda8735f9479d7bfc7	구조물지정	W_LEAF	LEAF_004B	931	TASK	KEEP_AS_DISTINCT	EMPTY	NOT_APPROVED
2121	5cefc48d06df073f1445baa271e55ab2c540b2c2416099a1e59d4b97407f7705	발파	W_LEAF	LEAF_004B	932	TASK	KEEP_AS_DISTINCT	EMPTY	NOT_APPROVED
2122	5b9b5c0f1581edb2f8a8e30358e7990455ecf0f3d8743ff71019222e182859a4	토사흙깍기	W_LEAF	LEAF_004B	933	TASK	KEEP_AS_DISTINCT	EMPTY	NOT_APPROVED
2123	748dd1f9cced8b893a263ec0f286bdc068dc437c06843406d6d538323bea4fd5	리핑암흙깍기	W_LEAF	LEAF_004B	934	TASK	KEEP_AS_DISTINCT	EMPTY	NOT_APPROVED
2124	e2d6b75d3ffa438ad64eaabc6314098870957341a92a68b8ca92979fcfb7ce21	발파암흙깍기	W_LEAF	LEAF_004B	935	TASK	KEEP_AS_DISTINCT	EMPTY	NOT_APPROVED
2125	282c8ca1a8080d8cd83723d6237964ebed515002e3ef8f6798f374208c28a901	인위적경화물질흙깍기	W_LEAF	LEAF_004B	936	TASK	KEEP_AS_DISTINCT	EMPTY	NOT_APPROVED
2131	758d08f966677d2287f958d100b1f834bc5cf481ed803dd9b24f3e06f5a05c96	토사터파기	W_LEAF	LEAF_004B	937	TASK	KEEP_AS_DISTINCT	EMPTY	NOT_APPROVED
2132	21987fad436fb60b35b8bacbb320c472cd945322e8abdbe115abc1ea5e53669b	리핑암터파기	W_LEAF	LEAF_004B	938	TASK	KEEP_AS_DISTINCT	EMPTY	NOT_APPROVED
2133	a748f0185b0ca6249ac5185929dc3499bbdc24da641e96784957dce4c8a56128	발파암터파기	W_LEAF	LEAF_004B	939	TASK	KEEP_AS_DISTINCT	EMPTY	NOT_APPROVED
2134	6d7074b46d6aa075b5736e3bd7d0d15b63d7e46e3d4e0a18496fe63df42f0353	인위적경화물질터파기	W_LEAF	LEAF_004B	940	TASK	KEEP_AS_DISTINCT	EMPTY	NOT_APPROVED
2141	d10298eab52fb9e859bf94e89350c0fa0bd4eda63478bbd2c6db8976b6cd8821	토사트렌치터파기	W_LEAF	LEAF_004B	941	TASK	KEEP_AS_DISTINCT	EMPTY	NOT_APPROVED
2142	fdf781ae007655e835e2d0b70bb7a028a741145863ef2216db6781773c3ab996	리핑암트렌치터파기	W_LEAF	LEAF_004B	942	TASK	KEEP_AS_DISTINCT	EMPTY	NOT_APPROVED
2143	969c6a6e4c5f7c4b0fe7da3ff84b6db1847e1ea22c01f4a24591c147ef238d15	발파암트렌치터파기	W_LEAF	LEAF_004B	943	TASK	KEEP_AS_DISTINCT	EMPTY	NOT_APPROVED
2144	decae5adb882da1b34d05d78f37f1281aedb630e0bb834d2b05b1bafb5ff5ae5	경화물질트렌치터파기	W_LEAF	LEAF_004B	944	TASK	KEEP_AS_DISTINCT	EMPTY	NOT_APPROVED
2151	8d4435a626d0b09dc339580b871c1ff13a81b654517778f94eee0a2bb43d02a5	토사흙쌓기	W_LEAF	LEAF_004B	945	TASK	KEEP_AS_DISTINCT	EMPTY	NOT_APPROVED
2152	68989a1d1ccd397877c51b75d5c4972a56fedf28583fa5bbcfa98bb6bd95e98e	혼합골재쌓기	W_LEAF	LEAF_004B	946	TASK	KEEP_AS_DISTINCT	EMPTY	NOT_APPROVED
2153	4377119ad02b6a30649c5a8bb646a35c0ee61ea831e3ea1ef59beff08c814e06	사석쌓기	W_LEAF	LEAF_004B	947	TASK	KEEP_AS_DISTINCT	EMPTY	NOT_APPROVED
2154	f078d8966fe1e5f1136feb542f55b988c231f8e8b9567aa20fa4a597d4907fe1	버럭쌓기	W_LEAF	LEAF_004B	948	TASK	KEEP_AS_DISTINCT	EMPTY	NOT_APPROVED
2159	37972570c8ae90a053cd9fc85f1a4eb85ae2367292533df4b04a7e38259faa8f	기타흙쌓기	W_LEAF	LEAF_004B	949	TASK	KEEP_AS_DISTINCT	EMPTY	NOT_APPROVED
2161	8595adac765a4d658bc20b98e699431972a350354b838d808f42e0387d80bf39	토사되메우기	W_LEAF	LEAF_004B	950	TASK	KEEP_AS_DISTINCT	EMPTY	NOT_APPROVED
2162	b31a0e62f5bad1ef35858266d22ee67bcf03472e4f8af972b1d51cd19a44f8c9	혼합골재되메우기	W_LEAF	LEAF_004B	951	TASK	KEEP_AS_DISTINCT	EMPTY	NOT_APPROVED
2163	8aacd60f7d5f19def91fccd524bf252af4a847dd0437fc2ff8c8472b5f420899	사석되메우기	W_LEAF	LEAF_004B	952	TASK	KEEP_AS_DISTINCT	EMPTY	NOT_APPROVED
2164	a8bf34f58f00d4f9a6ff7ee3f44a6be07181418952cd447548a162ba78b88d6f	버럭되메우기	W_LEAF	LEAF_004B	953	TASK	KEEP_AS_DISTINCT	EMPTY	NOT_APPROVED
2171	a1870d5204a8e5f8213a16a66f8898bc98e7942aa19f6fe03edcac605b817070	토사생산 처리장	W_LEAF	LEAF_004B	954	FACILITY_EQUIPMENT	REJECT	EMPTY	NOT_APPROVED
2172	0b98987bc10b8b0f79357c415d5bc9c3d9c166f7d6bfe9f0910c2a798817d8d6	성토재생산및선별	W_LEAF	LEAF_004B	955	TASK	KEEP_AS_DISTINCT	EMPTY	NOT_APPROVED
2173	caaec64f99416f550b06ee0e7213aa62be0625f99c466fb6cfc75bfaea8afaee	흙깍기․잔토처리	W_LEAF	LEAF_004B	956	TASK	KEEP_AS_DISTINCT	EMPTY	NOT_APPROVED
2174	6eaf2c1185aa169cb3049b7f2698a6a0fd36bab97a8261bd65aac54b08301603	흙쌓기운반	W_LEAF	LEAF_004B	957	TASK	KEEP_AS_DISTINCT	EMPTY	NOT_APPROVED
2185	7ac4f5a419587bfeb0db5e8709d257856bf92195cda2bad861baebc6a2b732c2	비탈면보호	W_LEAF	LEAF_004B	958	PROCESS	KEEP_AS_DISTINCT	EMPTY	NOT_APPROVED
2186	ec2dfbe89157f2c962fdc7e1334f6575522d9fe4003e9c21c431f5996e2a0898	암사면보호	W_LEAF	LEAF_004B	959	PROCESS	KEEP_AS_DISTINCT	EMPTY	NOT_APPROVED
2212	019e6c31c98d527f31301b8c306fab5c1703af737202c186b8d8cc0ca6d84518	강제치환	W_LEAF	LEAF_004B	960	TASK	KEEP_AS_DISTINCT	EMPTY	NOT_APPROVED
2221	ed303ea80bfc6adeed93b59e880983057fda12c56072b641c2eef3c9410f568b	재하공법	W_LEAF	LEAF_004B	961	METHOD	REJECT	EMPTY	NOT_APPROVED
2222	00413a1b0edb4385f109e4530c83f29b7cb6dce5ebf610a3934c8c42543c007a	압성토공법	W_LEAF	LEAF_004B	962	METHOD	REJECT	EMPTY	NOT_APPROVED
2223	510b8551fcb95077d1332e57204d7d31615066bc4e49ee95183bc2aff968f01f	표층배수공법	W_LEAF	LEAF_004B	963	METHOD	REJECT	EMPTY	NOT_APPROVED
2224	795c08a6158f9458e1f5c8e1a9e1e18aee0f375c9d5fdc390b50601687d6e067	샌드매트공법	W_LEAF	LEAF_004B	964	METHOD	REJECT	EMPTY	NOT_APPROVED
2225	fafc71db2ba8272a901ab2bc58f1ec665ba9804455066c5d03e108e92705b25b	부설재공법(PP PE매트)	W_LEAF	LEAF_004B	965	METHOD	REJECT	EMPTY	NOT_APPROVED
2226	545ea39064e06f0f5c652863d29a0023fcbfdf60c91530d48a6a142a5c6d3783	화학처리공법	W_LEAF	LEAF_004B	966	METHOD	REJECT	EMPTY	NOT_APPROVED
2231	7a08e0fa71641c3081bcbbbec9d74a1d3d674b63ffaf05c07506287ba2546f4b	샌드드레인	W_LEAF	LEAF_004B	967	METHOD	REJECT	EMPTY	NOT_APPROVED
2232	8ad7651765936f00400eaa97fd8cc56711bcb19c6fb48eea17b04bd5d04de30b	페이퍼드레인	W_LEAF	LEAF_004B	968	METHOD	REJECT	EMPTY	NOT_APPROVED
2233	29bf69da095900042e696c297d1517f52b00fa1d2681e74dcf0cb99bb9185fd7	팩드레인	W_LEAF	LEAF_004B	969	METHOD	REJECT	EMPTY	NOT_APPROVED
2234	dcdc87fbfdd04e61fcd1a9b575481bbf52001a052599186ce2ca3155503b6278	웰포인트	W_LEAF	LEAF_004B	970	METHOD	REJECT	EMPTY	NOT_APPROVED
2235	651d26f5fd96ec88b64cd831fce6f9e2dc67cbd0e206362f8de3f06ea5c7232b	프렌치드레인	W_LEAF	LEAF_004B	971	METHOD	REJECT	EMPTY	NOT_APPROVED
2236	475cdf24852a149e4328c4d610a9918954f0f313b743d65cf2a7166b45831e1f	대기압공법	W_LEAF	LEAF_004B	972	METHOD	REJECT	EMPTY	NOT_APPROVED
2241	763451e01712cef1200fcb4df095444e8a8e01233c0f2939fa52b1725a1bc0ad	혼합공법	W_LEAF	LEAF_004B	973	METHOD	REJECT	EMPTY	NOT_APPROVED
2242	3e8b86c09d734222af3783809b022d7127eeb072b7a7ff030038c3ba3ea18d78	석회파일공법(SCW)	W_LEAF	LEAF_004B	974	METHOD	REJECT	EMPTY	NOT_APPROVED
2243	5d3d4ac1200842a48ae6ae2fb60ec3f88d5295d4f29a782df81560ef22b1030b	전기침투공법	W_LEAF	LEAF_004B	975	METHOD	REJECT	EMPTY	NOT_APPROVED
2244	2760295a3494d834d6b598592d24de5039b5594b0537433f4a838d007fb4342b	약액주입공법	W_LEAF	LEAF_004B	976	METHOD	REJECT	EMPTY	NOT_APPROVED
2245	dc5c550947cb26c76c85d3c29617c814b5faa53e0b574af8b1ebfbd95eb46b93	동결공법	W_LEAF	LEAF_004B	977	METHOD	REJECT	EMPTY	NOT_APPROVED
2246	c0c0b989c18296cd610b69ad8af49ff55b8d99be38ae4f9d58d1b2fa40101133	소결공법	W_LEAF	LEAF_004B	978	METHOD	REJECT	EMPTY	NOT_APPROVED
2251	7744a94f10f1df1b6c423e3174f88138b32cdbfb1e0601009641e493ffc3bf7d	바이브로플로우테이션	W_LEAF	LEAF_004B	979	METHOD	REJECT	EMPTY	NOT_APPROVED
2252	5e7a8ca996ccdd3642cab8a1e7e1528493bc8f22b869b51805f9100ba6bdbf63	바이브로콤포우저	W_LEAF	LEAF_004B	980	METHOD	REJECT	EMPTY	NOT_APPROVED
2253	58e6fe5ce176ee0a89b30cc9baefbac637fb4c56ee10b381cd8e7a455984da1e	진동다짐	W_LEAF	LEAF_004B	981	METHOD	REJECT	EMPTY	NOT_APPROVED
2254	9107977bc60fd07c0dbdd1277f63459f200666dab0f44d7dfa35df4ee9794fdc	폭파다짐	W_LEAF	LEAF_004B	982	METHOD	REJECT	EMPTY	NOT_APPROVED
2261	80068a653bec2aff68ccfa276adafbd26d62c00825561704524a49e8411d6d30	지반그라우팅준비공사	W_LEAF	LEAF_004B	983	TASK	KEEP_AS_DISTINCT	EMPTY	NOT_APPROVED
2262	5ea309366800278ac4cc2cd6890285e156cbeda61b16f6eb03f897e980b97401	그라우팅천공	W_LEAF	LEAF_004B	984	TASK	KEEP_AS_DISTINCT	EMPTY	NOT_APPROVED
2263	c1896baa7ac98169b9fe93eb307f15a571901e874ca894eb0aebc9415872f538	지반그라우팅	W_LEAF	LEAF_004B	985	PROCESS	MERGE_CANDIDATE	f7a1596f18911a69dd36553dd57ea436c77e2784b46c546e458d1d2a6c3ea582	NOT_APPROVED
2267	85e0da2cb13dc5867745d8ba35e5eef981108f0117a2a2027b151f585d738b35	지반그라우팅검사 - - 대․중․소 분류대․중․소 분류	W_LEAF	LEAF_004B	986	TASK	KEEP_AS_DISTINCT	EMPTY	NOT_APPROVED
2312	8d080fff9cfd7bf616213961d0f4c5cf8297334b8941c15c3b852be05f21964d	관입공법	W_LEAF	LEAF_004B	987	METHOD	REJECT	EMPTY	NOT_APPROVED
2313	8a19b14bc2b6a107145ace77cc49dcf04679cad9d6b3ed58fed8b1c2543fed85	심초말뚝	W_LEAF	LEAF_004B	988	MATERIAL_COMPONENT	REJECT	EMPTY	NOT_APPROVED
2321	d5fc015658e667258e4472af3ef66f9a83016d3ddbf3cd4e89658d96a3ba95f9	기성PC말뚝	W_LEAF	LEAF_004B	989	MATERIAL_COMPONENT	REJECT	EMPTY	NOT_APPROVED
2322	5e99aba4ad19ba938590957f75bf73690faabd1f4029ed203deb13c8dec40581	독립강관말뚝	W_LEAF	LEAF_004B	990	MATERIAL_COMPONENT	REJECT	EMPTY	NOT_APPROVED
2323	69c6f9f03221e4c9849837ee7cfa4929e3c4d079fd2406cc93512386c26b985c	독립H말뚝	W_LEAF	LEAF_004B	991	MATERIAL_COMPONENT	REJECT	EMPTY	NOT_APPROVED
2325	67acb0d781a9dcc316c0aecc9ad687745c654b42fabf86cbf81e03f883806f71	목재말뚝	W_LEAF	LEAF_004B	992	MATERIAL_COMPONENT	REJECT	EMPTY	NOT_APPROVED
2331	a0d531a8ef3ac1352fdea0af08acb219e1c9cad145eeb4b2b9232a6d90d77442	오픈케이슨(OpenCaission)	W_LEAF	LEAF_004B	993	CLASSIFICATION	REJECT	EMPTY	NOT_APPROVED
2332	a784d4c68b46ec629d1481981adaf839b000f50f877c1ae14531c845e2ba4c0a	뉴메틱케이슨(PneumaticCaission)	W_LEAF	LEAF_004B	994	CLASSIFICATION	REJECT	EMPTY	NOT_APPROVED
2333	1fc48bc4a40a6681a03f67044aeb15a15cca4b4f9ddfc27d3b325b4855485b54	박스케이슨(BoxCaission)	W_LEAF	LEAF_004B	995	CLASSIFICATION	REJECT	EMPTY	NOT_APPROVED
2341	c808115d5a4eef56d40555ec18079c8b7fd69534bc2f23fc5b09871cdb61642a	현장타설연결말뚝	W_LEAF	LEAF_004B	996	MATERIAL_COMPONENT	REJECT	EMPTY	NOT_APPROVED
2342	323610d0a3e121eeb7360ad06f02e3e477468900eb26b36eab7a890831f6906a	강재연결말뚝	W_LEAF	LEAF_004B	997	MATERIAL_COMPONENT	REJECT	EMPTY	NOT_APPROVED
2343	28466051e732e712e0d61cdc5aab529e58003ebaf6c64c4fa6a965cf56afbf9a	기성PC연결말뚝	W_LEAF	LEAF_004B	998	MATERIAL_COMPONENT	REJECT	EMPTY	NOT_APPROVED
2351	a3308e0be07658699bd3962a041e8c24ce6171a6879ec2a7a1ae29551110eb6e	벤토나이트슬러리월	W_LEAF	LEAF_004B	999	METHOD	REJECT	EMPTY	NOT_APPROVED
2353	7730dfbaa546426ba6bf9398950496994cf247238b2c79553a155e7195c1eb5e	슬러리-토양막합성슬러리월	W_LEAF	LEAF_004B	1000	METHOD	REJECT	EMPTY	NOT_APPROVED
2354	e28a0a3cfcaf0a49901dbfd3743e81af32bfc4ac70e1c42044f07c7b835d3964	린콘크리트슬러리월	W_LEAF	LEAF_004B	1001	METHOD	REJECT	EMPTY	NOT_APPROVED
2371	7a594f6c03fc6583f6fcadc0a4c3202c4b467c8f451b2f2f4ae5f1a4eca50b31	기초그라우팅	W_LEAF	LEAF_004B	1002	TASK	KEEP_AS_DISTINCT	EMPTY	NOT_APPROVED
2372	2489b6d927c9f90a87125afd3bfa584586ee960f7215b2187b7e115328132e1f	기초지지보설치	W_LEAF	LEAF_004B	1003	TASK	KEEP_AS_DISTINCT	EMPTY	NOT_APPROVED
2373	f8fe01c5212cabfcc706db0d3856193bb8ee5257765575a79db79bd4b029c8e0	기초올리기	W_LEAF	LEAF_004B	1004	TASK	KEEP_AS_DISTINCT	EMPTY	NOT_APPROVED
2374	08179777cb857e093a9f631e5e3cdec941614c08375de5ad8d51851052b6afa4	기초지반보강	W_LEAF	LEAF_004B	1005	TASK	KEEP_AS_DISTINCT	EMPTY	NOT_APPROVED
2412	c11d9fb9430a64caa9674739e60ff325fd93d57ddfcf3059608a0df598d21fd1	널말뚝흙막이	W_LEAF	LEAF_004B	1006	PROCESS	KEEP_AS_DISTINCT	EMPTY	NOT_APPROVED
2413	8e8e1b3dc97a95302a39bf5c57027dae82e1fbd8ebf62d153e1d4424b337ab6b	강재널말뚝흙막이(H-Beam및토류판)	W_LEAF	LEAF_004B	1007	PROCESS	KEEP_AS_DISTINCT	EMPTY	NOT_APPROVED
2414	6e17c3560ff4f9f643cdd13449afe69736cf8e4e01deeede5061728a63e238fd	경량강재널흙막이	W_LEAF	LEAF_004B	1008	PROCESS	KEEP_AS_DISTINCT	EMPTY	NOT_APPROVED
2415	d45ad562ce483aac88647f1adf0f9cc6d8f760457e318f7137ea46f8d21d0b08	강관널말뚝흙막이	W_LEAF	LEAF_004B	1009	PROCESS	KEEP_AS_DISTINCT	EMPTY	NOT_APPROVED
2421	892b081ad9aaf62f3f8a858a4fe8471dab43e7db17281e15737371ed681431aa	강관주열흙막이	W_LEAF	LEAF_004B	1010	PROCESS	KEEP_AS_DISTINCT	EMPTY	NOT_APPROVED
2422	920f495c5ad37045bb2ad40ed9d080dc8727d177438aff5be51b1ade856193ad	현장치기주열흙막이	W_LEAF	LEAF_004B	1011	PROCESS	KEEP_AS_DISTINCT	EMPTY	NOT_APPROVED
2423	fe4fccc72a0c75ba94e37d6486bcd6e3ff42646f07cd24de2caf6e6b27ea6560	기성제콘크리트주열흙막이	W_LEAF	LEAF_004B	1012	PROCESS	KEEP_AS_DISTINCT	EMPTY	NOT_APPROVED
2424	6d55b25a7475cbcb1e7f42812fac870a46ea3d57540bf18dcd6aebada9164fb5	소일시멘트주열흙막이	W_LEAF	LEAF_004B	1013	PROCESS	KEEP_AS_DISTINCT	EMPTY	NOT_APPROVED
2461	aee7e846c2d9fe42cc7d083e8a8e1e24bd2698063fc1cd304685543a1ffb3625	목재지보공사	W_LEAF	LEAF_004B	1014	PROCESS	KEEP_AS_DISTINCT	EMPTY	NOT_APPROVED
2462	e9bda012ad987b8eda61ee2596d06ff0f0c156b94ae9b6ded9827f73fce5e44c	강재지보공사	W_LEAF	LEAF_004B	1015	PROCESS	KEEP_AS_DISTINCT	EMPTY	NOT_APPROVED
2463	7c0dca947aca026030ddde0e88f57e27ccc616d58b6dbc7e5a60189c4994b7fb	강관지보공사	W_LEAF	LEAF_004B	1016	PROCESS	KEEP_AS_DISTINCT	EMPTY	NOT_APPROVED
2464	301933e038225d8a9006f770bd041761d7c21378095f50ed1e02511c74d4c123	철근콘크리트지보공사	W_LEAF	LEAF_004B	1017	PROCESS	KEEP_AS_DISTINCT	EMPTY	NOT_APPROVED
2512	bb8bba162bad8229b592899a1d3b5a2235a46f4b2c9720488e3617848db10b6a	골재채취 생산	W_LEAF	LEAF_004B	1018	TASK	KEEP_AS_DISTINCT	EMPTY	NOT_APPROVED
2521	e21b883f5cc01b07afa20e3ba4608c4284284468cf6d9998c4b8456c3f7276dc	콘크리트생산	W_LEAF	LEAF_004B	1019	TASK	KEEP_AS_DISTINCT	EMPTY	NOT_APPROVED
2523	039e313081a2a58a9dc7c9d0e2949187d3dfe268820e0ebf5dde730db7614b89	콘크리트구입	W_LEAF	LEAF_004B	1020	CLASSIFICATION	REJECT	EMPTY	NOT_APPROVED
2531	d327e5e290cb575282755eb3ec15c82a5cfbccfb092741a317245b6f3149a137	무근콘크리트타설	W_LEAF	LEAF_004B	1021	TASK	KEEP_AS_DISTINCT	EMPTY	NOT_APPROVED
2532	01879a39f98313ea3511fb969a0e0fb6a7b523dd3af942abd9f7a38eebae2f90	철근콘크리트타설	W_LEAF	LEAF_004B	1022	TASK	KEEP_AS_DISTINCT	EMPTY	NOT_APPROVED
2533	1bed4653b442b3be41a6ad1a3a1aef1647be3df06a1c3e7938d749e036878b6d	프리스트레스콘크리트타설	W_LEAF	LEAF_004B	1023	TASK	KEEP_AS_DISTINCT	EMPTY	NOT_APPROVED
2536	02a39616b78e2332ade15528b769b6e10fb5213211eb9146f7317d8f9df25485	특수콘크리트공사	W_LEAF	LEAF_004B	1024	PROCESS	KEEP_AS_DISTINCT	EMPTY	NOT_APPROVED
2537	54ecd94c1717b64dda6514f7a194cd3892e5fe099ba6303f92e7dc24b24fc3e4	콘크리트양생	W_LEAF	LEAF_004B	1025	TASK	KEEP_AS_DISTINCT	EMPTY	NOT_APPROVED
2541	3b82595c88e155452e9a6986e8525a4d090a71f24e7e2b9d552b3f568a67e363	거친마감거푸집	W_LEAF	LEAF_004B	1026	CLASSIFICATION	REJECT	EMPTY	NOT_APPROVED
2542	cb13568b0ece6ac637656da454861557046dc97449ed7c8387cae74edd934112	보통마감거푸집	W_LEAF	LEAF_004B	1027	CLASSIFICATION	REJECT	EMPTY	NOT_APPROVED
2543	28cca224526ed5d1dd594db9b5dceff9acd9377e66fc014e193cfc6089a0c5ad	매끈한마감거푸집	W_LEAF	LEAF_004B	1028	CLASSIFICATION	REJECT	EMPTY	NOT_APPROVED
2544	9ff6476c0d14de7656eabbe54d038ef7fbcb2e9c4f86d265a606edd8a9bc1ed9	특정마감거푸집	W_LEAF	LEAF_004B	1029	CLASSIFICATION	REJECT	EMPTY	NOT_APPROVED
2545	0a68ae42e93d29ca97318f2a72748459be0b4910c8a124ac1923def9b01773c1	특수거푸집공사	W_LEAF	LEAF_004B	1030	PROCESS	KEEP_AS_DISTINCT	EMPTY	NOT_APPROVED
2546	262f6f398f380a3f4344fd13487e9378f6cffdade980ce992d294015e641e608	시스템거푸집	W_LEAF	LEAF_004B	1031	FACILITY_EQUIPMENT	REJECT	EMPTY	NOT_APPROVED
2548	90274e19c5d776e8eddf31f5744b202f82631e334a4585a638f2f38cdfb37283	거푸집부속공사	W_LEAF	LEAF_004B	1032	PROCESS	KEEP_AS_DISTINCT	EMPTY	NOT_APPROVED
2551	1166629756a72aa7f819fb5e515cafde3e93cb87ff879d22166c53fb905113d4	철근가공및조립	W_LEAF	LEAF_004B	1033	TASK	KEEP_AS_DISTINCT	EMPTY	NOT_APPROVED
2552	d97750abee55edc7c8420e78f5ce40326c49f92cedc7b4187f85f89e11d693d8	포스트텐션프리스트레싱	W_LEAF	LEAF_004B	1034	TASK	KEEP_AS_DISTINCT	EMPTY	NOT_APPROVED
2557	39d2de5bfeeba588bd735f9aa39160ba202d5b87028d235765dd17792c530f9a	특수콘크리트보강재	W_LEAF	LEAF_004B	1035	MATERIAL_COMPONENT	REJECT	EMPTY	NOT_APPROVED
2559	b464ea9be1c3d0c9ac4f3860565447aeca82c5c70cbc2a600bd48c1cfa4c0fc3	기타콘크리트보강공사	W_LEAF	LEAF_004B	1036	PROCESS	KEEP_AS_DISTINCT	EMPTY	NOT_APPROVED
2581	51c639313e1d3a445eb0a4790a2a3694d0c52fb5f61853a15275d50f6bc5f656	콘크리트조인트	W_LEAF	LEAF_004B	1037	MATERIAL_COMPONENT	REJECT	EMPTY	NOT_APPROVED
2582	4cdc09ac076618f894923f761892e5074177bf09c411725aa950fc0657d53791	지수판	W_LEAF	LEAF_004B	1038	MATERIAL_COMPONENT	REJECT	EMPTY	NOT_APPROVED
2586	80f7679b2c3b7023e0eaab51395ac8703334d4b3014ca913228545bd834d2d96	구조물그라우팅공사	W_LEAF	LEAF_004B	1039	PROCESS	KEEP_AS_DISTINCT	EMPTY	NOT_APPROVED
2587	4dc321e47a7b05995803f08a0bc7d1798e44e6b15b43c5ca2eb750cb8062ae18	콘크리트면마감	W_LEAF	LEAF_004B	1040	TASK	KEEP_AS_DISTINCT	EMPTY	NOT_APPROVED
2588	a1b9596696ed3a8e19db226c9a3f48c300d4576e617a2bcb4970c31ec5e2204d	부속물매입	W_LEAF	LEAF_004B	1041	TASK	KEEP_AS_DISTINCT	EMPTY	NOT_APPROVED
2622	4467e8d95f746700d76ec546403115eb8640e77c93d5213e55b8850ea032c47c	특수PC구조부재공장생산	W_LEAF	LEAF_004B	1042	TASK	KEEP_AS_DISTINCT	EMPTY	NOT_APPROVED
2623	2ed276137b7a210fba6020f37b18d3e2fa0b3c5b70bce1115c9cf21e17340bbf	기타PC부재공장생산	W_LEAF	LEAF_004B	1043	TASK	KEEP_AS_DISTINCT	EMPTY	NOT_APPROVED
2624	d16154140d6972d6846ee052a1e01347cc1da6133455492918a93812fb8c5e93	소형PC구조물공장생산	W_LEAF	LEAF_004B	1044	TASK	KEEP_AS_DISTINCT	EMPTY	NOT_APPROVED
2625	6dc7e36ae639d777b0305c1bbaa423cdbbc09239cc75c5dd1dcef51d6748e658	일반PC구조부재현장생산	W_LEAF	LEAF_004B	1045	TASK	KEEP_AS_DISTINCT	EMPTY	NOT_APPROVED
2626	0e13bde5e27897fe3c10699b7403faacceaccc0ae2778b045346a5bf10883314	특수PC구조부재현장생산	W_LEAF	LEAF_004B	1046	TASK	KEEP_AS_DISTINCT	EMPTY	NOT_APPROVED
2627	137284d5da1f3b4b86f517453640c79069e005068289ce24f34df3b5502cb8f4	기타PC부재현장생산	W_LEAF	LEAF_004B	1047	TASK	KEEP_AS_DISTINCT	EMPTY	NOT_APPROVED
2628	832d7081ea569daa2c6e8c6a73f55e4f637a25167c0fe1738834525867c04fce	소형PC구조물현장생산	W_LEAF	LEAF_004B	1048	TASK	KEEP_AS_DISTINCT	EMPTY	NOT_APPROVED
2641	2fe7d0c7cc4f196049078178152b5cf7f950bae53062a852be02d68eed9891ca	일반PC보조립	W_LEAF	LEAF_004B	1049	TASK	KEEP_AS_DISTINCT	EMPTY	NOT_APPROVED
2642	b1b3c02002328b56f8a2b01da3263441a6ba965ff076a9da13c53794232bda82	프리텐션PC보조립	W_LEAF	LEAF_004B	1050	TASK	KEEP_AS_DISTINCT	EMPTY	NOT_APPROVED
2643	0d813b0982fe51a6a8c62239ca8ace19df8f1fc1ab754909900dea3b8ac6bb1b	포스트텐션PC보조립	W_LEAF	LEAF_004B	1051	TASK	KEEP_AS_DISTINCT	EMPTY	NOT_APPROVED
2644	888ff3a7e0cb60ad1c349988cf178d4032b0beedfa37529e838b0fefa3e4ccf2	프리프렉스PC보조립	W_LEAF	LEAF_004B	1052	TASK	KEEP_AS_DISTINCT	EMPTY	NOT_APPROVED
2645	53a4bbb98930e56fdf84a48e8faebfc2b76492f497f63dfb19d56d30b11c2864	기둥조립	W_LEAF	LEAF_004B	1053	TASK	KEEP_AS_DISTINCT	EMPTY	NOT_APPROVED
2651	27c025db2f11a5813613bf60e767efcfd5b7c7188687f900611a3983c4887554	세그멘탈부재조립	W_LEAF	LEAF_004B	1054	TASK	KEEP_AS_DISTINCT	EMPTY	NOT_APPROVED
2652	5400268a3f23d86a25c553214c3af2d90aa9c3f5ad8a261ac0b1a818c1ec9f87	지하도PC부재조립 - - 대․중․소 분류대․중․소 분류	W_LEAF	LEAF_004B	1055	TASK	KEEP_AS_DISTINCT	EMPTY	NOT_APPROVED
2653	9b0925d20816621e9b22502e740a12b3e68867c324d5b842e28a23e8fbbab1f9	암거PC부재조립	W_LEAF	LEAF_004B	1056	TASK	KEEP_AS_DISTINCT	EMPTY	NOT_APPROVED
2661	81d15e079cde5a0d846524eb47afc524fe5808fa565f5ec17ca001989cc547a2	저층(	W_LEAF	LEAF_004B	1057	AMBIGUOUS	HOLD	EMPTY	NOT_APPROVED
2662	a5a24e7fea02ec1bb601bcb46557f6ce1c4c310c4eb29038ea090d559e111ae4	중층(	W_LEAF	LEAF_004B	1058	AMBIGUOUS	HOLD	EMPTY	NOT_APPROVED
2663	39984ec658118e69b1cd187ccc6b360cb19034955695b57049bd6e1aa925f5b4	고층(	W_LEAF	LEAF_004B	1059	AMBIGUOUS	HOLD	EMPTY	NOT_APPROVED
2712	5cfa31376735fbd7fbcfaa91293ddbce577d5c80a8c8d4a9b9d984086be8a41b	데크	W_LEAF	LEAF_004B	1060	MATERIAL_COMPONENT	REJECT	EMPTY	NOT_APPROVED
2713	31709f7cf91da4ced8d0ee749949576ae60de7f32e5d3455ac843cbd45b025f6	경량철재	W_LEAF	LEAF_004B	1061	MATERIAL_COMPONENT	REJECT	EMPTY	NOT_APPROVED
2714	9912d98121d23d30b0fa9ae8430e7d0a4479221378b08f6c093d982046891879	주물재	W_LEAF	LEAF_004B	1062	MATERIAL_COMPONENT	REJECT	EMPTY	NOT_APPROVED
2716	49cb542ca35c407cfd608c67c303e286b610cdecde22ee7526a12261d564f021	스테인레스스틸재	W_LEAF	LEAF_004B	1063	MATERIAL_COMPONENT	REJECT	EMPTY	NOT_APPROVED
2717	b2698f5bb01e5be4fae241be53ae9324ea98d6a35afa53b39bdae8066c1cd1bc	알루미늄재	W_LEAF	LEAF_004B	1064	MATERIAL_COMPONENT	REJECT	EMPTY	NOT_APPROVED
2718	f526145d3fa70763fc286b5fb905af93faa245aed279c4758e6ce2b06613706d	접합및고정재	W_LEAF	LEAF_004B	1065	MATERIAL_COMPONENT	REJECT	EMPTY	NOT_APPROVED
2719	b24b9a236689aedc62bc03d73324637cd5438f8cf6e34fbc2d93bc58c9fca2b3	기타금속재	W_LEAF	LEAF_004B	1066	MATERIAL_COMPONENT	REJECT	EMPTY	NOT_APPROVED
2721	9fa3a80d7efb47607e5dbcea0042101412654f57a9b5881f2085cadb20d6a5f5	철골공장가공 제작	W_LEAF	LEAF_004B	1067	TASK	KEEP_AS_DISTINCT	EMPTY	NOT_APPROVED
2725	500bc0bd19b681beaae3720a98a3767ccb2418fcdaaf7aef1a5df757268e90c1	철골현장가공 제작	W_LEAF	LEAF_004B	1068	TASK	KEEP_AS_DISTINCT	EMPTY	NOT_APPROVED
2731	a88fb8f2c2a4764d71b4de93711f9c161ad07925c2fafe44cbe9750981dba67f	강교조립및설치	W_LEAF	LEAF_004B	1069	TASK	KEEP_AS_DISTINCT	EMPTY	NOT_APPROVED
2732	9db0343163850b56ee30adc7fa7e6f5488e1a44ac64495efcce6785b2974f836	건축철골조립및설치	W_LEAF	LEAF_004B	1070	TASK	KEEP_AS_DISTINCT	EMPTY	NOT_APPROVED
2733	7b47b4e2944ff68244cba4de9accb8da252d2243746aa3788aae9d6d74ff0d8e	플랜트철골조립및설치	W_LEAF	LEAF_004B	1071	TASK	KEEP_AS_DISTINCT	EMPTY	NOT_APPROVED
2734	ca6b18afd8433f8a9c796ed812401d7be2c9ee93c9a721a995318e16fb3d9916	경량철골조립및설치	W_LEAF	LEAF_004B	1072	TASK	KEEP_AS_DISTINCT	EMPTY	NOT_APPROVED
2736	728d700326ba97e026fa390dd99b19ce81e38c59b8e6395a19509a7bbc829968	구조용알루미늄조립및설치	W_LEAF	LEAF_004B	1073	TASK	KEEP_AS_DISTINCT	EMPTY	NOT_APPROVED
2741	36f8e1c92bcbd998af5a77cfc9f1e695af730e205d0fd2513e4f294dca8c4dc7	바닥판깔기	W_LEAF	LEAF_004B	1074	TASK	KEEP_AS_DISTINCT	EMPTY	NOT_APPROVED
2742	456156e1099f1ac108926cf0b6757085e31a802d69e476141398a3270121b162	철골계단설치	W_LEAF	LEAF_004B	1075	TASK	KEEP_AS_DISTINCT	EMPTY	NOT_APPROVED
2743	08deb8f7d068bb9d3142218c447c75aa873e48f853d40ca0feba9795ba32902e	회랑 통로설치	W_LEAF	LEAF_004B	1076	TASK	KEEP_AS_DISTINCT	EMPTY	NOT_APPROVED
2744	106270f50cb7f03e33842592ce2385d59c55dae71e944810fccc35b36fcb2bd3	계단 회랑 통로난간설치	W_LEAF	LEAF_004B	1077	TASK	KEEP_AS_DISTINCT	EMPTY	NOT_APPROVED
2748	0108b65a9e55416d44e0305eb7644d6b7571b7a67cb3a505f734e73325efcb02	토목잡철물제작 설치	W_LEAF	LEAF_004B	1078	TASK	KEEP_AS_DISTINCT	EMPTY	NOT_APPROVED
2761	5c4ddecb526399e2b851ae7a60a78c199ddc41de74d5fb4aac678df856fa621b	스페이스프레임	W_LEAF	LEAF_004B	1079	CLASSIFICATION	REJECT	EMPTY	NOT_APPROVED
2762	240e1d26bd05fb156de89c49b73df5fe6f19c70bd46b921732f3d0935c5fba77	기하학구조프레임	W_LEAF	LEAF_004B	1080	CLASSIFICATION	REJECT	EMPTY	NOT_APPROVED
2771	275354747de763985591aea1b7cc03694f36aea6211a6236d5400a6ba97f20cb	무개탱크	W_LEAF	LEAF_004B	1081	FACILITY_EQUIPMENT	REJECT	EMPTY	NOT_APPROVED
2772	9b463f841beefd89f791b171ec6252df2844967b1910e766613352c93977b093	유개․밀폐탱크	W_LEAF	LEAF_004B	1082	FACILITY_EQUIPMENT	REJECT	EMPTY	NOT_APPROVED
2781	61e033b9c18cd727fb8e33bbe170d902273139ce0036b6684f1b52a36ec266c2	철골내화피복	W_LEAF	LEAF_004B	1083	TASK	KEEP_AS_DISTINCT	EMPTY	NOT_APPROVED
2785	b4b1c3adb878fdf18a4aee0774a067d1d744327968593f199d4869621efd33b0	철골 강교도장	W_LEAF	LEAF_004B	1084	TASK	KEEP_AS_DISTINCT	EMPTY	NOT_APPROVED
3112	cb9b1c3b9838c4a6d0e24af3c164cbf83fafa05c67eceb911f704778da7c2103	금속관부설	W_LEAF	LEAF_004B	1085	TASK	KEEP_AS_DISTINCT	EMPTY	NOT_APPROVED
3113	f640b3d20262dd1aafb8d47fb94a381e21fee7710f18586cbfc3967744c779b1	프라스틱관부설	W_LEAF	LEAF_004B	1086	TASK	KEEP_AS_DISTINCT	EMPTY	NOT_APPROVED
3114	b6876c294044e367821276a4f075e9129bae43b77434bbfeb90cac77bba4e9f4	신축관	W_LEAF	LEAF_004B	1087	MATERIAL_COMPONENT	REJECT	EMPTY	NOT_APPROVED
3117	a2896e23ad11ac17845eec55a3318cb0c579bdf2764a8d7122d2b981f4b2f1b4	토목배관이음쇠	W_LEAF	LEAF_004B	1088	MATERIAL_COMPONENT	REJECT	EMPTY	NOT_APPROVED
3118	2ac4c3474a107c85d572a9be061812613e05422759388af81fc1f30e3eaec466	토목배관벨브	W_LEAF	LEAF_004B	1089	FACILITY_EQUIPMENT	REJECT	EMPTY	NOT_APPROVED
3141	a11ca17165e2fab37c672db4f98aef24d69425990fc5562991c16eb864803459	배관보온 보호공사	W_LEAF	LEAF_004B	1090	TASK	KEEP_AS_DISTINCT	EMPTY	NOT_APPROVED
3142	b0b7c5991bcfecc4b086f615d14f82dcc5f247d2a7b2151e51d14490deb1e7c8	구조물배관접합	W_LEAF	LEAF_004B	1091	TASK	KEEP_AS_DISTINCT	EMPTY	NOT_APPROVED
3143	d9789a4302f129073a3ee4db9e48aac09a768fa511ea337714671cacbbc1cfcd	관부사	W_LEAF	LEAF_004C	1092	TASK	KEEP_AS_DISTINCT	EMPTY	NOT_APPROVED
3144	80a213196084e4204d18c157f65b8e83c9b4e26023601e348a699a5d514e81cb	검사관설치	W_LEAF	LEAF_004C	1093	TASK	KEEP_AS_DISTINCT	EMPTY	NOT_APPROVED
3145	725790d67a0a2a62a23b2692554facf9035200d5a039742a0b3cfd996f8ca01a	스핀들	W_LEAF	LEAF_004C	1094	MATERIAL_COMPONENT	REJECT	EMPTY	NOT_APPROVED
3146	dd9a393c7bbb0fb673e177ca483f926649c30bd00d4291df3ec9b4b063ce4583	경사판설치	W_LEAF	LEAF_004C	1095	TASK	KEEP_AS_DISTINCT	EMPTY	NOT_APPROVED
3149	ad1f5fcc98fdd185ff16f002276aeded6acea23cd6644f2dc75445e1f05a980d	기타토목배관부대공사	W_LEAF	LEAF_004C	1096	PROCESS	KEEP_AS_DISTINCT	EMPTY	NOT_APPROVED
3151	a1460a115560ca2c358a64ac2368c3de3b4101a46b97b8ad741fe9373f1f49e1	맨홀	W_LEAF	LEAF_004C	1097	FACILITY_EQUIPMENT	REJECT	EMPTY	NOT_APPROVED
3152	45b37c04fd2ca1c63266cb142421d79a4586ce357146f0745d4dbda9c03ab1df	변실	W_LEAF	LEAF_004C	1098	FACILITY_EQUIPMENT	REJECT	EMPTY	NOT_APPROVED
3153	e65475e1d179c2ef9841eb7a048bce91439a8a4056c98e5a224c11fe2b5ae149	측구	W_LEAF	LEAF_004C	1099	FACILITY_EQUIPMENT	REJECT	EMPTY	NOT_APPROVED
3154	402debf8627e0cb5427da320e50205757640ec25ae1462f516d05ad1f50f6b5d	맹암거	W_LEAF	LEAF_004C	1100	FACILITY_EQUIPMENT	REJECT	EMPTY	NOT_APPROVED
3155	dc7bd90d99efbc59cbb863199acde90729a141177f85639977e8ef6315211cac	표면배수시설	W_LEAF	LEAF_004C	1101	FACILITY_EQUIPMENT	REJECT	EMPTY	NOT_APPROVED
3156	38756b54e66139a8a51536edd04b37dc292601480cd6f47f26c9b69c8f6138ec	수격방지시설	W_LEAF	LEAF_004C	1102	FACILITY_EQUIPMENT	REJECT	EMPTY	NOT_APPROVED
3157	0fffe84b364dcc2d6af1cee83bdc678c03d053a72ce292f99087994fddb00a01	여과설비설치	W_LEAF	LEAF_004C	1103	TASK	KEEP_AS_DISTINCT	EMPTY	NOT_APPROVED
3158	e0ec89bd18b9f69d18881e0a2da89831a1159842f28aa255b2162921ec0c2a39	토목배관표식	W_LEAF	LEAF_004C	1104	FACILITY_EQUIPMENT	REJECT	EMPTY	NOT_APPROVED
3161	36f50407f54a96e6eb9af063f312646affe127f18634ca1049458e91bcb1d35e	상수도배관검사	W_LEAF	LEAF_004C	1105	TASK	KEEP_AS_DISTINCT	EMPTY	NOT_APPROVED
3162	6feadf753b3cd0045ce91321fa6b0d3277766ae77f511ed0d275e2924d9ac8ab	상수도배관청소	W_LEAF	LEAF_004C	1106	TASK	KEEP_AS_DISTINCT	EMPTY	NOT_APPROVED
3163	8fd4d570477fb0bdf5802cdeb109d941235e3232cacdb4d715b0053d4c9dc508	상수도배관내장애물제거	W_LEAF	LEAF_004C	1107	TASK	KEEP_AS_DISTINCT	EMPTY	NOT_APPROVED
3164	6577885572a50f97fcaf107c735ad26c2e3384530b0f190ff254f66e54af9ce5	상수도배관보수	W_LEAF	LEAF_004C	1108	TASK	KEEP_AS_DISTINCT	EMPTY	NOT_APPROVED
3171	6e2364cb64ad350f918a250902855ce4147fc7831800f044cc2043fc3595c55c	하수도배관검사	W_LEAF	LEAF_004C	1109	TASK	KEEP_AS_DISTINCT	EMPTY	NOT_APPROVED
3172	20ae6c3e01464dc91a126f52c1201c1080c505b8f706f4d163b9a32b5b78977f	하수도배관청소	W_LEAF	LEAF_004C	1110	TASK	KEEP_AS_DISTINCT	EMPTY	NOT_APPROVED
3173	208a494578492169a7e528a1cfda0f108e327351ecb457e46940a71e21fbceb2	하수도배관내장애물제거	W_LEAF	LEAF_004C	1111	TASK	KEEP_AS_DISTINCT	EMPTY	NOT_APPROVED
3174	17b668b77f2f92bd5b4179dfc5441f134164fa6a5690830c0e1efdaf79ba7243	배관내부준설	W_LEAF	LEAF_004C	1112	TASK	KEEP_AS_DISTINCT	EMPTY	NOT_APPROVED
3175	94ed32e6578bd4eac1963e6bdb407b627b29c108fee07513ee27e70b413f93ea	하수도배관보수	W_LEAF	LEAF_004C	1113	TASK	KEEP_AS_DISTINCT	EMPTY	NOT_APPROVED
3212	c29139a4a886a1cf9fb67b5fb2d84686c089458dc422313a4c0854eb6b14bdb2	보조기층	W_LEAF	LEAF_004C	1114	MATERIAL_COMPONENT	REJECT	EMPTY	NOT_APPROVED
3213	1885352b0ce9a75e0a7f0237e86a3b8faea95709de01642a3eb5449d6e117252	기층아스콘	W_LEAF	LEAF_004C	1115	MATERIAL_COMPONENT	REJECT	EMPTY	NOT_APPROVED
3214	90ffef381d44d4139bab63c4c10d326d22b9e9fe5cdf8de5e2c479028acc890f	중간층	W_LEAF	LEAF_004C	1116	MATERIAL_COMPONENT	REJECT	EMPTY	NOT_APPROVED
3215	a252b950445b99985e23dc304d7a552f5759de1bb6eecf27a5b94643e28f67b6	표층아스콘	W_LEAF	LEAF_004C	1117	MATERIAL_COMPONENT	REJECT	EMPTY	NOT_APPROVED
3216	4cb2ae86d2859a0d221bfd7df3c3690b051a7c678963f0f8c20ddcb41ce97183	교량상판포장	W_LEAF	LEAF_004C	1118	PROCESS	KEEP_AS_DISTINCT	EMPTY	NOT_APPROVED
3217	d94b308c01f54672af85c7958c0e1d2f0bd164bc140a5ddd30740dc8e81aa706	미끄럼방지포장	W_LEAF	LEAF_004C	1119	PROCESS	KEEP_AS_DISTINCT	EMPTY	NOT_APPROVED
3218	8b6d0b79c9140ba10fb4429563d39fab1b28cc857e24510f193b7da67817c28f	특수포장	W_LEAF	LEAF_004C	1120	PROCESS	KEEP_AS_DISTINCT	EMPTY	NOT_APPROVED
3221	0b6fd762d4da1f1675481bb05b95df913b17e7e50935eed4900f570738391fd9	포장콘크리트포설	W_LEAF	LEAF_004C	1121	TASK	KEEP_AS_DISTINCT	EMPTY	NOT_APPROVED
3223	90b77c65d0065024558b62ab9ec19d83240b56e89fc1a853b3bbb17d5cc6384b	포장거푸집	W_LEAF	LEAF_004C	1122	FACILITY_EQUIPMENT	REJECT	EMPTY	NOT_APPROVED
3228	ff8e52e5640550c524555dac817eb1cd0fed5682e3641adb43946153ffd5a444	콘크리트포장줄눈	W_LEAF	LEAF_004C	1123	MATERIAL_COMPONENT	REJECT	EMPTY	NOT_APPROVED
3231	8cbbe33ec6f1d1c0a6ab3d736bf99b242559d90f2bd7a46f86812421c5a257b9	머캐덤포장	W_LEAF	LEAF_004C	1124	PROCESS	KEEP_AS_DISTINCT	EMPTY	NOT_APPROVED
3232	3f5696a9f3cf7dc2c02ee6070dc8112b9cd2972efaca23878939c60f860f8a00	경하중아스콘포장	W_LEAF	LEAF_004C	1125	PROCESS	KEEP_AS_DISTINCT	EMPTY	NOT_APPROVED
3233	db4fdc61a957478824a3ca78eb2da42a21755082c47ab91da5f069cef172bbd5	투수콘크리트포장	W_LEAF	LEAF_004C	1126	PROCESS	KEEP_AS_DISTINCT	EMPTY	NOT_APPROVED
3234	820c688fb95b871c0ea88272fdea677ced3f6ca7253fc552200baea46968e56a	보도블록포장	W_LEAF	LEAF_004C	1127	PROCESS	KEEP_AS_DISTINCT	EMPTY	NOT_APPROVED
3235	d51b69c570ddce4fbbd932b679ac2d535adba6884815f0ffe19cbe903f885611	우레탄수지포장	W_LEAF	LEAF_004C	1128	PROCESS	KEEP_AS_DISTINCT	EMPTY	NOT_APPROVED
3241	a3b77e28b64767a0c107a8bfa6f0c48decc9deeda4034d4e074657a3657829b5	도로배수관로	W_LEAF	LEAF_004C	1129	FACILITY_EQUIPMENT	REJECT	EMPTY	NOT_APPROVED
3242	4f174193200fe14c08bab744cd78fa99b194951f4829f753ee19900d6e3789a9	도로배수구조물 - - 대․중․소 분류대․중․소 분류	W_LEAF	LEAF_004C	1130	FACILITY_EQUIPMENT	REJECT	EMPTY	NOT_APPROVED
3258	8503207cfae127de3e3dc166dbc3ca023e76ecbab6b359c80267cfc90c033ed1	암거날개벽	W_LEAF	LEAF_004C	1131	FACILITY_EQUIPMENT	REJECT	EMPTY	NOT_APPROVED
3261	89b13df6e4d24e6120e9b3688c6dfdf425bf8dc413561a1450a48b77e2b08867	도로경계석	W_LEAF	LEAF_004C	1132	FACILITY_EQUIPMENT	REJECT	EMPTY	NOT_APPROVED
3262	c52ca9060d9f0fac7a0b8f5b29f5e4b1c7041f0e1001154564f5a7eefceb2bc9	도로방호구조물	W_LEAF	LEAF_004C	1133	FACILITY_EQUIPMENT	REJECT	EMPTY	NOT_APPROVED
3263	6b07b2c6c30bd63c562747fa75b6abb25f3615e8fd132a06d0ecb40038dcebe9	교통안전설비	W_LEAF	LEAF_004C	1134	FACILITY_EQUIPMENT	REJECT	EMPTY	NOT_APPROVED
3271	eaa8d41d33c75bbe8d492713d174813bae2a84dd270801849d13bd2893807a3a	교통표지판	W_LEAF	LEAF_004C	1135	FACILITY_EQUIPMENT	REJECT	EMPTY	NOT_APPROVED
3272	bb3eab798e3b087ccfecad31f99917bab9763b36e8c1d49922a5e2b136742372	노면표식	W_LEAF	LEAF_004C	1136	FACILITY_EQUIPMENT	REJECT	EMPTY	NOT_APPROVED
3273	d6e5070d98026017303b27140bfa87792ce7676aca8292f392eb3ada4f5b04cd	교통유도표식	W_LEAF	LEAF_004C	1137	FACILITY_EQUIPMENT	REJECT	EMPTY	NOT_APPROVED
3279	18278b41d4d70ed426d1501d9a4e958b44d02f26448d2edc72e1e0b410d6302c	기타도로표식시설	W_LEAF	LEAF_004C	1138	FACILITY_EQUIPMENT	REJECT	EMPTY	NOT_APPROVED
3281	c9f147055ac93971ef1f3a6855f26bfb96e3c1812221b04801423df446401a15	아스콘포장덧씨우기	W_LEAF	LEAF_004C	1139	TASK	KEEP_AS_DISTINCT	EMPTY	NOT_APPROVED
3282	07e804bf5c4a2c01205309a740af181e4071a571c2ab2e2628135c6ee817d8d8	아스콘포장보수	W_LEAF	LEAF_004C	1140	TASK	KEEP_AS_DISTINCT	EMPTY	NOT_APPROVED
3283	c451f22fb908b062ca4aa6170f513b013bfc2c43becf6bd797ee36867ed0353f	콘크리트포장보수	W_LEAF	LEAF_004C	1141	TASK	KEEP_AS_DISTINCT	EMPTY	NOT_APPROVED
3284	c3725f26b29c139e4a13051dbc599a365f4c0674c5d6a3694ed1cceecdff4d49	경하중포장보수	W_LEAF	LEAF_004C	1142	TASK	KEEP_AS_DISTINCT	EMPTY	NOT_APPROVED
3322	4b95ba152348f7eb53f960f9b1a6049f7edd37ff9163910bea5618d3b149bc75	자갈살포고르기	W_LEAF	LEAF_004C	1143	TASK	KEEP_AS_DISTINCT	EMPTY	NOT_APPROVED
3323	1bd3d25421bafa6a46070f01969a16824bdf3d58de23306000668e512e045308	콘크리트도상설치	W_LEAF	LEAF_004C	1144	TASK	KEEP_AS_DISTINCT	EMPTY	NOT_APPROVED
3324	9b88bee4db4ad42e00ccbe59b3bde7d7250c41be23ba6368c4383a512f1df77e	프리케스트도상설치	W_LEAF	LEAF_004C	1145	TASK	KEEP_AS_DISTINCT	EMPTY	NOT_APPROVED
3331	2a9a88b556eec1537a579ef59c121ad502c862ea38e75d60cc3954d6919b7426	궤도자재준비	W_LEAF	LEAF_004C	1146	TASK	KEEP_AS_DISTINCT	EMPTY	NOT_APPROVED
3332	a8e77a2f764f0074d15488edaac866ec3a669d5b5009a8a3074abe576cdb54b9	침목깔기	W_LEAF	LEAF_004C	1147	TASK	KEEP_AS_DISTINCT	EMPTY	NOT_APPROVED
3333	6efa7d4cee03e66aa6a59e930449b9c4a1e173a0bdaa7e575b37d64dd6e9cf4d	궤도부설및레일체결	W_LEAF	LEAF_004C	1148	TASK	KEEP_AS_DISTINCT	EMPTY	NOT_APPROVED
3334	fb2440cf3e3ae4edf4c52f67fe8da2d85ad3adce852e1c1f4535cdedeae33370	분기부궤도부설	W_LEAF	LEAF_004C	1149	TASK	KEEP_AS_DISTINCT	EMPTY	NOT_APPROVED
3335	1250e2ca29829434cdab03833651318b7e2a844df16b7c149341c1d2b0af3999	궤도현장용접	W_LEAF	LEAF_004C	1150	TASK	KEEP_AS_DISTINCT	EMPTY	NOT_APPROVED
3336	db7161f9ba5a23afdad0921ca09c5a1b972f4912d342b2bcf09c4289a0a4fd4f	레일신축이음장치설치	W_LEAF	LEAF_004C	1151	TASK	KEEP_AS_DISTINCT	EMPTY	NOT_APPROVED
3337	3903085a456e9d4266349a008915b4d31633a608e7b8c39e6856746ab6772c74	웨인뎃트포인트붙이기	W_LEAF	LEAF_004C	1152	TASK	KEEP_AS_DISTINCT	EMPTY	NOT_APPROVED
3338	c7cbea02f75301c870113ee15d70708ba12ee78dc2e273e50c149afbacc5a429	궤도교정및시험	W_LEAF	LEAF_004C	1153	TASK	KEEP_AS_DISTINCT	EMPTY	NOT_APPROVED
3339	1df6f2246519d6b2867d9e0a079e285be2820d3bd64c2e4264eef5d167b07d82	기타궤도부설	W_LEAF	LEAF_004C	1154	PROCESS	KEEP_AS_DISTINCT	EMPTY	NOT_APPROVED
3341	9dae7b491ea15df558ee344f35b56bb9d4749ea54662a2b1ad703e6e81706fc6	일반궤도분기기설치	W_LEAF	LEAF_004C	1155	TASK	KEEP_AS_DISTINCT	EMPTY	NOT_APPROVED
3342	9c82543230e9b7631c99dca6b8f9e275389cfd3466e90fe0b36110348c9e79c1	치하철분기기설치	W_LEAF	LEAF_004C	1156	TASK	KEEP_AS_DISTINCT	EMPTY	NOT_APPROVED
3351	efa6117fd30a55f77e32deef46340d2edfef72a93b8e0d9a4f9e35a3bfca1e36	건널목깔기(구형)	W_LEAF	LEAF_004C	1157	TASK	KEEP_AS_DISTINCT	EMPTY	NOT_APPROVED
3352	89c6a93bdddfabac79d696d09499fafcb8130aba0a854ca47e128dc25e11264c	건널목깔기(개량형)	W_LEAF	LEAF_004C	1158	TASK	KEEP_AS_DISTINCT	EMPTY	NOT_APPROVED
3353	548311d20cf72bea2f47206960cee9f7c823525ec91766c241db1e51c5a5e72c	건널목설비	W_LEAF	LEAF_004C	1159	FACILITY_EQUIPMENT	REJECT	EMPTY	NOT_APPROVED
3371	29b905389c4d4b68c0ef4ff4cbce68421a841e0b36db18d5bae73f5f166589ab	열차안전설비	W_LEAF	LEAF_004C	1160	FACILITY_EQUIPMENT	REJECT	EMPTY	NOT_APPROVED
3372	dd08c52c03a223b82642778dea468b8fa2d9152c501590efac5b25dc78946cf3	철도표식시설	W_LEAF	LEAF_004C	1161	FACILITY_EQUIPMENT	REJECT	EMPTY	NOT_APPROVED
3373	839c032477c382921b6cd68c516d3dc64aeeab5c803077418203db730d23995e	레일도유기설치	W_LEAF	LEAF_004C	1162	TASK	KEEP_AS_DISTINCT	EMPTY	NOT_APPROVED
3381	e508abe893d01d2ba454dedc182ad344d17d4311a5e3d904613ed81b017fc834	레일보선	W_LEAF	LEAF_004C	1163	TASK	KEEP_AS_DISTINCT	EMPTY	NOT_APPROVED
3382	32cbf1e5cd70e8ee3ef56f82774f97e742520d279e567420a5aec9f37c18db77	분기부레일보선	W_LEAF	LEAF_004C	1164	TASK	KEEP_AS_DISTINCT	EMPTY	NOT_APPROVED
3383	49680a6ece654e42c82edac48e7c4cb2a19e9528cbde7830693514b51504b7e9	침목및체결보선	W_LEAF	LEAF_004C	1165	TASK	KEEP_AS_DISTINCT	EMPTY	NOT_APPROVED
3385	76fcac6b33753c21c7459d888f6516c738089d198b4a98d5d10496bfa1926ed3	철도자재교환	W_LEAF	LEAF_004C	1166	TASK	KEEP_AS_DISTINCT	EMPTY	NOT_APPROVED
3386	add5bd3381acccf7b34c11e84751b1fba88a257fafa86c1d7d64a0c361e8f2a8	도상보수	W_LEAF	LEAF_004C	1167	TASK	KEEP_AS_DISTINCT	EMPTY	NOT_APPROVED
3387	3adba735ad8b859cb89402756a88ebdd8ab3bd38127d8ca7c3d744b5ae77bdfe	철도부대시설보수	W_LEAF	LEAF_004C	1168	TASK	KEEP_AS_DISTINCT	EMPTY	NOT_APPROVED
3422	0afda13975e6705f76242a30e4ca26eaf8a37d2a4c97ce784ef4362e447cab68	일방향가동형교량받침	W_LEAF	LEAF_004C	1169	FACILITY_EQUIPMENT	REJECT	EMPTY	NOT_APPROVED
3423	91c9636e014d645b5a8d47d902eb4ee11f497573e06ce6488d98d38f7682cfcb	양방향가동형교량받침	W_LEAF	LEAF_004C	1170	FACILITY_EQUIPMENT	REJECT	EMPTY	NOT_APPROVED
3431	29f82fece6d2aedbda20035cf8fed9d614acbd3cedc7e3a92e24a59ee64a6b35	맞댐식신축이음장치	W_LEAF	LEAF_004C	1171	FACILITY_EQUIPMENT	REJECT	EMPTY	NOT_APPROVED
3432	7416799897d29fa653d06bb96036347350ca538a24e88d6bd58285653263bcf8	지지식신축이음장치	W_LEAF	LEAF_004C	1172	FACILITY_EQUIPMENT	REJECT	EMPTY	NOT_APPROVED
3441	ba6fc773f14fadc2f6e36e22327e90b32f92d0a499d2a53c7379317d0d49017e	교량난간	W_LEAF	LEAF_004C	1173	FACILITY_EQUIPMENT	REJECT	EMPTY	NOT_APPROVED
3442	401a324fec153b2abe0a9f73b5ecf3bdeb0efcdd0d7675f9e5be4fcb13dfece5	교량용차량방호책	W_LEAF	LEAF_004C	1174	FACILITY_EQUIPMENT	REJECT	EMPTY	NOT_APPROVED
3443	a3da29beda8903da47612d7a258e5b1f03fe9b73504429648a66cbfc1ce73375	중앙분리대	W_LEAF	LEAF_004C	1175	FACILITY_EQUIPMENT	REJECT	EMPTY	NOT_APPROVED
3444	fadabaff6bf355da0849a609304fddd0ea6087e680cc65d4a999d3eb92b8e23f	교량방호벽	W_LEAF	LEAF_004C	1176	FACILITY_EQUIPMENT	REJECT	EMPTY	NOT_APPROVED
3445	74de1c67445702bec72fe019b628b0a7f9d959ecccec43bcf01a4df9bab02265	교량방음벽	W_LEAF	LEAF_004C	1177	FACILITY_EQUIPMENT	REJECT	EMPTY	NOT_APPROVED
3451	a810567f2f195d582436ad800d76b34b0e45848c348156428d973f65995c9b89	배수배관	W_LEAF	LEAF_004C	1178	MATERIAL_COMPONENT	REJECT	EMPTY	NOT_APPROVED
3452	04cd3dc3ed8353c925b0205a061eeab4119d5c9bf9c98dd619b24bd3a7bd9b2c	집수구	W_LEAF	LEAF_004C	1179	FACILITY_EQUIPMENT	REJECT	EMPTY	NOT_APPROVED
3453	3489860e5a36e802537983751af2a3ce4d25bf048e871e1f87092e15cf810dc8	배수구	W_LEAF	LEAF_004C	1180	FACILITY_EQUIPMENT	REJECT	EMPTY	NOT_APPROVED
3461	773e45d364c7fa21588de3b6dc3b0c770158cc61059ca8425e8a4573df2969ae	교대및교각보호공사	W_LEAF	LEAF_004C	1181	PROCESS	KEEP_AS_DISTINCT	EMPTY	NOT_APPROVED
3462	b02585e14e4ebefafa1509b1814c876e14e74185c083e35264610706d8db6965	다웰바설치	W_LEAF	LEAF_004C	1182	TASK	KEEP_AS_DISTINCT	EMPTY	NOT_APPROVED
3463	16078464e824caa13278665708efd7cb63313476100c2f72f3f0bf6f921782e1	교량측량및계측설비설치	W_LEAF	LEAF_004C	1183	TASK	KEEP_AS_DISTINCT	EMPTY	NOT_APPROVED
3471	2c3eeb99af4b3404c009f220ce57daabd5861646d696fe3edcc07c8f7de2311c	교량점검및유지관리시설	W_LEAF	LEAF_004C	1184	FACILITY_EQUIPMENT	REJECT	EMPTY	NOT_APPROVED
3472	1a6f260f2cca25941f8d8d590ae3afb262198f4c04ed5a9b74152db446f4d106	교량표식시설	W_LEAF	LEAF_004C	1185	FACILITY_EQUIPMENT	REJECT	EMPTY	NOT_APPROVED
3512	1a78cb138e3ce7e90493030936078fa697925fb286f98ca365cd8024f46ba0bc	발파굴착	W_LEAF	LEAF_004C	1186	TASK	KEEP_AS_DISTINCT	EMPTY	NOT_APPROVED
3521	53ad63952421e1f217edbe35d4507cdf685b02820633e320ba868c6680425aaa	현장타설콘크리트라이닝	W_LEAF	LEAF_004C	1187	TASK	KEEP_AS_DISTINCT	EMPTY	NOT_APPROVED
3522	041780c940ecd37928b0df15fadbce9874b4525ab41d8b5ae5b4a742f51e3fd9	세그먼트(Segment)라이닝	W_LEAF	LEAF_004C	1188	TASK	KEEP_AS_DISTINCT	EMPTY	NOT_APPROVED
3531	fbacf86398b727aa66b03ef84785adf05e22a3b2d5d668d9377f3650883fb6c5	터널락볼트	W_LEAF	LEAF_004C	1189	MATERIAL_COMPONENT	REJECT	EMPTY	NOT_APPROVED
3532	d4b69974047965c9e8fb5a0fb0f7da9e8d0234d784de54f14069973b8a350260	터널복공뒷채움	W_LEAF	LEAF_004C	1190	TASK	KEEP_AS_DISTINCT	EMPTY	NOT_APPROVED
3533	4d4256bb6fa83977d9428433e5d471084a3f711b44ec34d7d13253b2927c1e03	막장안정	W_LEAF	LEAF_004C	1191	TASK	KEEP_AS_DISTINCT	EMPTY	NOT_APPROVED
3534	3485c1f7757188fa9024d0aadb0be1d025cb1868dfe65cb086233d8ecf174459	감지천공	W_LEAF	LEAF_004C	1192	TASK	KEEP_AS_DISTINCT	EMPTY	NOT_APPROVED
3535	09811fab34dd8b564d5d5fe59eceb170b1062f96291108b486d17261a7b49785	갱구숏크리트(Shotcrete)	W_LEAF	LEAF_004C	1193	TASK	KEEP_AS_DISTINCT	EMPTY	NOT_APPROVED
3538	46308399ce860873cfe6c66feb55384fcc954304f03e8d19661713225cf083be	터널영구계측설비설치	W_LEAF	LEAF_004C	1194	TASK	KEEP_AS_DISTINCT	EMPTY	NOT_APPROVED
3541	975104eeaf620b6da7bb46c561cc5a4094e51bb3512fff2edba4c611b42f919c	터널방수	W_LEAF	LEAF_004C	1195	TASK	KEEP_AS_DISTINCT	EMPTY	NOT_APPROVED
3542	a326c8df78a377473d0a095d1b248534b62eb78a25df7551df07f08472fb83a1	터널배수시설	W_LEAF	LEAF_004C	1196	FACILITY_EQUIPMENT	REJECT	EMPTY	NOT_APPROVED
3551	6902deb8bb7b91b96c721fd38a647d6a0d6fad17e587d349add5e28493be1b43	터널거푸집	W_LEAF	LEAF_004C	1197	FACILITY_EQUIPMENT	REJECT	EMPTY	NOT_APPROVED
3552	0f8f295bd5b100de7fcba859876479728937290eb771ae608ded8aee1024432d	터널내부지보 - - 대․중․소 분류대․중․소 분류	W_LEAF	LEAF_004C	1198	PROCESS	KEEP_AS_DISTINCT	EMPTY	NOT_APPROVED
3553	9609b9eb0ea4e60497df70a8bdde98f78942d9259959cc3b59407d56495e58bb	갱문지보및가시설	W_LEAF	LEAF_004C	1199	PROCESS	KEEP_AS_DISTINCT	EMPTY	NOT_APPROVED
3561	8910cae423bbe9e365a93678c3ed0608c92d7708296f9fa39247a186bb2a97c9	터널주행부아스콘포장	W_LEAF	LEAF_004C	1200	PROCESS	KEEP_AS_DISTINCT	EMPTY	NOT_APPROVED
3562	ca848eab64cfba24b7a33e0fed45bcf31dce492c556eb1cf99bee079477ba0fd	터널주행부콘크리트포장	W_LEAF	LEAF_004C	1201	PROCESS	KEEP_AS_DISTINCT	EMPTY	NOT_APPROVED
3563	1f00acd37df22b9c8cf0c38626ac3b798dcf1543c12decd4304a0f83f6948ef8	터널궤도부레일부설	W_LEAF	LEAF_004C	1202	TASK	KEEP_AS_DISTINCT	EMPTY	NOT_APPROVED
3565	b2728e682add6c7f0a50b6955d08d7f1b21de45498d61db134d7473cd5d23622	터널내부마감	W_LEAF	LEAF_004C	1203	PROCESS	KEEP_AS_DISTINCT	EMPTY	NOT_APPROVED
3566	1ac79f77a6b830120e8f3cd290e23b6663ee686ed497630941eddcd20df63c68	내부통로난간	W_LEAF	LEAF_004C	1204	FACILITY_EQUIPMENT	REJECT	EMPTY	NOT_APPROVED
3612	99b9161d5b49b1c81ebd525bc7bd3bbf47260cbbc12f0a1c46b0f55f22bf826e	중질토사(N=	W_LEAF	LEAF_004C	1205	AMBIGUOUS	HOLD	EMPTY	NOT_APPROVED
3613	c5f3fa842907c6d1134bf288eeec4b28d02829f55005c0389e97789df0dcb620	경질토사(N=	W_LEAF	LEAF_004C	1206	AMBIGUOUS	HOLD	EMPTY	NOT_APPROVED
3614	239dafdebbc9cd4043da1e332a49696941c6e2d434a3e588555c100c8b442655	최경질토사(N=	W_LEAF	LEAF_004C	1207	AMBIGUOUS	HOLD	EMPTY	NOT_APPROVED
3615	357045e5dbdab33934142c2da5caed89348ae0a152b730bdc8f826155db92888	자갈석인연질토사(N=	W_LEAF	LEAF_004C	1208	AMBIGUOUS	HOLD	EMPTY	NOT_APPROVED
3616	f2c37f3e456ae9bf1838dd7b6b2ceaa9980e5002f5b66bd180fccbc9b8a23a6c	자갈석인경질토(N=	W_LEAF	LEAF_004C	1209	AMBIGUOUS	HOLD	EMPTY	NOT_APPROVED
3617	4dc01a3b20ea1bf55aa268ba12d15d2d7ba6c33be5ee31c91fe6273b3ee4bc7d	연암준설	W_LEAF	LEAF_004C	1210	TASK	KEEP_AS_DISTINCT	EMPTY	NOT_APPROVED
3618	b09995178803d2826608fe7c3f8ed2fd2040dcee348ae9c04d8f359c7523a3e3	경암준설	W_LEAF	LEAF_004C	1211	TASK	KEEP_AS_DISTINCT	EMPTY	NOT_APPROVED
3619	9af5c2c7b6b36c72fcf89ce8d5becdde15134fb36a54ac8d4d730a52cf10aa21	오니(오염토 오염퇴적물)준설	W_LEAF	LEAF_004C	1212	TASK	KEEP_AS_DISTINCT	EMPTY	NOT_APPROVED
3621	e3ab3f338d7472b5d3f09c533673258672c2cd65bbc4fa47edba0641fa867bf7	기초사석	W_LEAF	LEAF_004C	1213	MATERIAL_COMPONENT	REJECT	EMPTY	NOT_APPROVED
3622	5899fd3e799f866e501809e60b44e83464517d4e41e3a317fe7b73be41779c37	근고석	W_LEAF	LEAF_004C	1214	MATERIAL_COMPONENT	REJECT	EMPTY	NOT_APPROVED
3623	1440f1d379b627f8c5eb74b4810d6ad4e2888792c19101d8d1549d7084e79744	속채움사석	W_LEAF	LEAF_004C	1215	MATERIAL_COMPONENT	REJECT	EMPTY	NOT_APPROVED
3624	63aa412cc6af43bd6d36b152e69fa7a5688954b09a48d97a58b05407e4991ce7	필터사석	W_LEAF	LEAF_004C	1216	MATERIAL_COMPONENT	REJECT	EMPTY	NOT_APPROVED
3625	d8d4b35967d74ad524841e18a668c2308876207daffea71e89d7d1ae49c2d192	피복석	W_LEAF	LEAF_004C	1217	MATERIAL_COMPONENT	REJECT	EMPTY	NOT_APPROVED
3626	dbcc3d50c7b31be3e41f37fdf8a8cafc1f23afe2f66e92f54dabe2ae9108642d	뒷채움사석	W_LEAF	LEAF_004C	1218	MATERIAL_COMPONENT	REJECT	EMPTY	NOT_APPROVED
3627	50be0bd681495ada5f2e905d848807ab6b2f961b3acbaab5cc95721dd075019d	슬래그	W_LEAF	LEAF_004C	1219	MATERIAL_COMPONENT	REJECT	EMPTY	NOT_APPROVED
3628	9b6c9620a475eda75518d53cc30a0f8dbe135dfba02f60ac23d7f167d1a0efac	고르기	W_LEAF	LEAF_004C	1220	TASK	KEEP_AS_DISTINCT	EMPTY	NOT_APPROVED
3631	92d694698e54daec87aa20fee7dd7fa25e9ca38169759914bdf2721e057f6bd6	케이슨제작및설치	W_LEAF	LEAF_004C	1221	TASK	KEEP_AS_DISTINCT	EMPTY	NOT_APPROVED
3632	632484387562d6d7323e1f7e0bad8421ca265bf7aa795d8193d3b65d76df6394	호안용콘크리트구조물제작	W_LEAF	LEAF_004C	1222	TASK	KEEP_AS_DISTINCT	EMPTY	NOT_APPROVED
3633	1f21fd00f0f2588258183bb13d3926255634e153ec19f5defbb8f3fec19a3b39	호안구조물운반및거치	W_LEAF	LEAF_004C	1223	TASK	KEEP_AS_DISTINCT	EMPTY	NOT_APPROVED
3635	52a313dc7634b3ea6bb341fca3dc4f4a9ab287e7ea531a43c42c4d18866e0fd0	콘크리트블록속채움	W_LEAF	LEAF_004C	1224	TASK	KEEP_AS_DISTINCT	EMPTY	NOT_APPROVED
3641	bd1f0dd350d342bb9fc3b0ef2e737a839d6a513c3c1278d2c226a5f26f109e02	밑고정공사	W_LEAF	LEAF_004C	1225	PROCESS	KEEP_AS_DISTINCT	EMPTY	NOT_APPROVED
3642	99f4ed1717f3ee76c82de2a11696f7c1735f96e0b0f29c08a3210adc3d892d6d	비탈막이	W_LEAF	LEAF_004C	1226	PROCESS	KEEP_AS_DISTINCT	EMPTY	NOT_APPROVED
3643	b69479bab8150507480b81519d214c41e625e14eb47b0f71234e68da35a93f63	비탈기초	W_LEAF	LEAF_004C	1227	FACILITY_EQUIPMENT	REJECT	EMPTY	NOT_APPROVED
3644	d9c4828ad1a7764ec2abf1f92d3650d6a519e8443cc4c7e409260e8ead526bcc	비탈복공	W_LEAF	LEAF_004C	1228	PROCESS	KEEP_AS_DISTINCT	EMPTY	NOT_APPROVED
3645	60b0494ecc362cf781450e2eea363d96c9c210cc075d8a15c9c0c8d4aa1a7c8f	호안정지석	W_LEAF	LEAF_004C	1229	MATERIAL_COMPONENT	REJECT	EMPTY	NOT_APPROVED
3646	8f9d6844c8fe8a29bdb32d2afb0540d57e096a4b2d2c87f43f762ec68b8f98dc	하천바닥정지공사	W_LEAF	LEAF_004C	1230	PROCESS	KEEP_AS_DISTINCT	EMPTY	NOT_APPROVED
3647	de0f9fd40126cfa14be8dc5ccd640e832737f73b8957246bc81794c38a320c7a	방사돌제공사	W_LEAF	LEAF_004C	1231	PROCESS	KEEP_AS_DISTINCT	EMPTY	NOT_APPROVED
3648	24661728920634d5a3ca0bbc9c106b4ace06531d5a3e79df0d508b3c8d7b264a	시버스	W_LEAF	LEAF_004C	1232	FACILITY_EQUIPMENT	REJECT	EMPTY	NOT_APPROVED
3649	c083e6330c4cd71ecafc313e98a084acb857ecc6771ed48b65acf2bf5ea28e87	기타호안공사	W_LEAF	LEAF_004C	1233	PROCESS	KEEP_AS_DISTINCT	EMPTY	NOT_APPROVED
3671	1654e0ad593b841c1bd390fe7e6357033eaa2c0a85d2147bf619a3d9799e5336	계선부속설비	W_LEAF	LEAF_004C	1234	FACILITY_EQUIPMENT	REJECT	EMPTY	NOT_APPROVED
3672	c2054275d447dfaad2f7132d07106c561cc553d9df99a528f65bf318907b1c59	화물상 하선설비	W_LEAF	LEAF_004C	1235	FACILITY_EQUIPMENT	REJECT	EMPTY	NOT_APPROVED
3681	a7c2e72510cb143927182026c353712d61a9a401380d63c9408f575899b43e2d	하천 해상오염방지	W_LEAF	LEAF_004C	1236	PROCESS	KEEP_AS_DISTINCT	EMPTY	NOT_APPROVED
3688	2c412c5f5936e4134bd3fd68841ffda3eb8ba9bc51cf4689312e6cb64258b2f6	하천 해상방식	W_LEAF	LEAF_004C	1237	PROCESS	KEEP_AS_DISTINCT	EMPTY	NOT_APPROVED
3712	cb75f9a4b2afc29ce99451be7085432c1230a20544dd877b2cd954c99ee9fe63	휠터재료축조	W_LEAF	LEAF_004C	1238	TASK	KEEP_AS_DISTINCT	EMPTY	NOT_APPROVED
3713	7d95067951620c85b421f5755a6f548addc7560a2b575fa41aa5b6ad5c842440	사력재료축조	W_LEAF	LEAF_004C	1239	TASK	KEEP_AS_DISTINCT	EMPTY	NOT_APPROVED
3714	3b0872eaa57efc0f21211178ae8ac9547b933f311acf34c82fcd23284f2e53b4	암석재료축조	W_LEAF	LEAF_004C	1240	TASK	KEEP_AS_DISTINCT	EMPTY	NOT_APPROVED
3715	757b625de118fc99e9aaf62c462dbb8df366fa79bdf3e875644fa595da74d174	랜덤재료축조	W_LEAF	LEAF_004C	1241	TASK	KEEP_AS_DISTINCT	EMPTY	NOT_APPROVED
3721	fae1a47067eba05f77f5b29541dff343b99b1105caa31b61f7572f93825c4ef4	상류블랑켓	W_LEAF	LEAF_004C	1242	MATERIAL_COMPONENT	REJECT	EMPTY	NOT_APPROVED
3722	c42614c2937349248253e18a0dc120e60dd2fb87b3ef2614351457f68851399c	표면슬라브지지층	W_LEAF	LEAF_004C	1243	MATERIAL_COMPONENT	REJECT	EMPTY	NOT_APPROVED
3723	a60f09b190db0de12d06d63aefe53ec683bef9044d555e60dbc55ba8bd1ab54c	표면차수슬라브콘크리트	W_LEAF	LEAF_004C	1244	MATERIAL_COMPONENT	REJECT	EMPTY	NOT_APPROVED
3823	ba5760aa9678fbbdddd824bf1815fc3aab9f758a8d4b1b7ecd348ce017a32641	세그먼트옹벽	W_LEAF	LEAF_004C	1245	FACILITY_EQUIPMENT	REJECT	EMPTY	NOT_APPROVED
3827	8987918f4686df96cea8de8372679ce1f52fc567d21698c737e2b9e54dc61ed6	석축쌓기	W_LEAF	LEAF_004C	1246	TASK	KEEP_AS_DISTINCT	EMPTY	NOT_APPROVED
3891	468457497b76f3f7017b5b3953c28e03bd1264295c83058362bf39b73927c2fd	가비온옹벽	W_LEAF	LEAF_004C	1247	FACILITY_EQUIPMENT	REJECT	EMPTY	NOT_APPROVED
3892	e127860026c9ee7aeda2ab8841081187587aecb1f3e9054c8cb08c6282752763	모래마대옹벽	W_LEAF	LEAF_004C	1248	FACILITY_EQUIPMENT	REJECT	EMPTY	NOT_APPROVED
4112	ccd2a38868bf65bde57899ed6770e53b4dbeb6816fdcde04768f10c0743f9809	점토질벽돌	W_LEAF	LEAF_004C	1249	MATERIAL_COMPONENT	REJECT	EMPTY	NOT_APPROVED
4113	066d76195befa007ca6ba7effc14beceef46f3a4bdb756c35860a15c47f5cfa5	경량벽돌	W_LEAF	LEAF_004C	1250	MATERIAL_COMPONENT	REJECT	EMPTY	NOT_APPROVED
4114	bbe171b138098872d58ec43c9010b2bfcce9bc22ccf3e98f93ae0d3bcddef813	고압벽돌	W_LEAF	LEAF_004C	1251	MATERIAL_COMPONENT	REJECT	EMPTY	NOT_APPROVED
4116	15e7754023107ba48a3a9f639eab2ec8b52b6b72ad7f92775889a7855e9daccf	내화벽돌	W_LEAF	LEAF_004C	1252	MATERIAL_COMPONENT	REJECT	EMPTY	NOT_APPROVED
4117	f11b8bdf116ac27d6431670af9a097dbe55e217b2459b7275a97dbbd5c6e66b6	내부식성벽돌	W_LEAF	LEAF_004C	1253	MATERIAL_COMPONENT	REJECT	EMPTY	NOT_APPROVED
4118	1f3322a00bf24eb9afa1dd39b9d295ddc59526b01e96a699c02f904736975246	특수벽돌	W_LEAF	LEAF_004C	1254	MATERIAL_COMPONENT	REJECT	EMPTY	NOT_APPROVED
4131	100b59e3fd2edfacb9c0f0c4e40fd2f71ed6fb7c969ae5cf8937bb6f2bcabdf2	콘크리트블록	W_LEAF	LEAF_004C	1255	MATERIAL_COMPONENT	REJECT	EMPTY	NOT_APPROVED
4132	7c8bcd716b7efb70ccb0f43982a9245cfba7e1ab5e9018049976b7eb2d1b2e4d	점토질블록(테라코타)	W_LEAF	LEAF_004C	1256	MATERIAL_COMPONENT	REJECT	EMPTY	NOT_APPROVED
4136	dfd8677e550abbe663b3f6fa8667845ddd7b5ce3d3324a6a1cd35fbd31905599	내화블록	W_LEAF	LEAF_004C	1257	MATERIAL_COMPONENT	REJECT	EMPTY	NOT_APPROVED
4137	a43fa18300c302ad9b19577fb6240f985fec68520b4c29a2768b196bca90ac3b	내부식성블록	W_LEAF	LEAF_004C	1258	MATERIAL_COMPONENT	REJECT	EMPTY	NOT_APPROVED
4138	a59cc0cd73edd1302670b8e9fe73c3cee8704dd5a9cfa88c12c387f58376e912	특수블록	W_LEAF	LEAF_004C	1259	MATERIAL_COMPONENT	REJECT	EMPTY	NOT_APPROVED
4151	3e7f1e531134893452da1903bac43d090e519a24d5065a595b5039269f22f0ea	유리블록쌓기	W_LEAF	LEAF_004C	1260	TASK	KEEP_AS_DISTINCT	EMPTY	NOT_APPROVED
4152	fd23d55d8ef7d3ec2a8a37f20c66e060e6dd57506ef5aabc51de433055962d27	유리블록판넬설치	W_LEAF	LEAF_004C	1261	TASK	KEEP_AS_DISTINCT	EMPTY	NOT_APPROVED
4161	df2ea452674ff73fba8259d2453e3ab2264171874f466ff491a2b1aa88b506c3	대리석조적	W_LEAF	LEAF_004C	1262	TASK	KEEP_AS_DISTINCT	EMPTY	NOT_APPROVED
4162	c691f0610b736a0f407488a78f105d8f3a5b1eede80885e90eb45872352007da	화강석조적	W_LEAF	LEAF_004C	1263	TASK	KEEP_AS_DISTINCT	EMPTY	NOT_APPROVED
4163	a28fc20c81c40fe39688e167a995dd581a8c704f30ffc49e81a63133ba1ebe4a	사암조적	W_LEAF	LEAF_004C	1264	TASK	KEEP_AS_DISTINCT	EMPTY	NOT_APPROVED
4164	70cd640ae09f826eba7576b8608a8f8150aa399556da6fc1f6726a3cb352e4c4	석회암조적	W_LEAF	LEAF_004C	1265	TASK	KEEP_AS_DISTINCT	EMPTY	NOT_APPROVED
4165	ae35ca6cc43731468321da40c8945afe86a01670bfdb98c77bf88e90632d0646	천연슬레이트조적	W_LEAF	LEAF_004C	1266	TASK	KEEP_AS_DISTINCT	EMPTY	NOT_APPROVED
4166	f89929a4593eef34313ffb2de365c182100f57eaa11257d95af1a772e1773afc	인조석조적	W_LEAF	LEAF_004C	1267	TASK	KEEP_AS_DISTINCT	EMPTY	NOT_APPROVED
4171	ddeb2e2829fb13948a1c37d77e564f236112884394cfd51875f0da355189f8cf	와이어판넬	W_LEAF	LEAF_004C	1268	MATERIAL_COMPONENT	REJECT	EMPTY	NOT_APPROVED
4172	3d5f11a10a96b6974dc8d28193f7689e8e696049cda8b7128a629668238b4a43	세라믹판넬	W_LEAF	LEAF_004C	1269	MATERIAL_COMPONENT	REJECT	EMPTY	NOT_APPROVED
4173	f6d1609107169282751418db3b64aadf7aa7163fa73bde02e81e08d65a7d7993	테라코타판넬 - - 대․중․소 분류대․중․소 분류	W_LEAF	LEAF_004C	1270	MATERIAL_COMPONENT	REJECT	EMPTY	NOT_APPROVED
4181	ca1aca0bb1b052e3442849fa95e28925324f3c0ed899cd921c207a1170c25890	보강기둥설치	W_LEAF	LEAF_004C	1271	TASK	KEEP_AS_DISTINCT	EMPTY	NOT_APPROVED
4182	6ab72342f63bd4a40a1c73372f06a5c553018c10ba90fa319cd5d8ce20278b2b	보강보설치	W_LEAF	LEAF_004C	1272	TASK	KEEP_AS_DISTINCT	EMPTY	NOT_APPROVED
4183	65324bfc8dff7d1ee26f933cc6ed0b17ed23f17e5928835157ca0c746f86e91f	인방설치	W_LEAF	LEAF_004C	1273	TASK	KEEP_AS_DISTINCT	EMPTY	NOT_APPROVED
4184	1ffe94d1ff21a4d6c7ef1c9071b9cc320cc1f00664b222d696d20f3a3a2fa74e	창선반(씰)설치	W_LEAF	LEAF_004C	1274	TASK	KEEP_AS_DISTINCT	EMPTY	NOT_APPROVED
4185	19ff1af50eb32337d910e81ac28dad5b23bf0656c6548a721949cf8b9b256f5a	외벽발수처리	W_LEAF	LEAF_004C	1275	TASK	KEEP_AS_DISTINCT	EMPTY	NOT_APPROVED
4212	e07ddfd629d2db7ef6fa04beb20150f6d3b56dc602c16525e660e0e3d747d880	기둥	W_LEAF	LEAF_004C	1276	MATERIAL_COMPONENT	REJECT	EMPTY	NOT_APPROVED
4213	9064002589a1718d4671ead524f4fb12f6fffdd3c3cbf0b4786139fa2f8723e1	보(도리)	W_LEAF	LEAF_004C	1277	MATERIAL_COMPONENT	REJECT	EMPTY	NOT_APPROVED
4214	256151962d7f146a0a63ef44e73ac1bc07335aaf107c04cd26523e6fd47865a5	벽체	W_LEAF	LEAF_004C	1278	MATERIAL_COMPONENT	REJECT	EMPTY	NOT_APPROVED
4215	995067692622c06c6414db649e281418b28aa631b7ae142221d59f1d2dec4d8e	목조마루틀	W_LEAF	LEAF_004C	1279	MATERIAL_COMPONENT	REJECT	EMPTY	NOT_APPROVED
4216	4113b045159c62180ea6e71f45a5de3bff4d27fe736594f198b86a0cf095418a	목조계단	W_LEAF	LEAF_004C	1280	MATERIAL_COMPONENT	REJECT	EMPTY	NOT_APPROVED
4217	08584d9cead16b444b3bada0110fd037d71884eb8de3ce8a37352284e3be80d4	목조지붕틀	W_LEAF	LEAF_004C	1281	MATERIAL_COMPONENT	REJECT	EMPTY	NOT_APPROVED
4251	aa7ecf78a34b18b3ab240ae057b9b0c2951755f2cd82c4ecf24801542a60f680	목조바닥깔기	W_LEAF	LEAF_004C	1282	TASK	KEEP_AS_DISTINCT	EMPTY	NOT_APPROVED
4252	66e4c76072b7daf9ccefeb6025ed03c69aecdc6bcddaeb3f7e11718002335fb4	목조칸막이틀	W_LEAF	LEAF_004C	1283	MATERIAL_COMPONENT	REJECT	EMPTY	NOT_APPROVED
4253	3f77688902b276836236dc6612001cfc5b382c67aee0d74b7c06954590057591	벽체띠장설치	W_LEAF	LEAF_004C	1284	TASK	KEEP_AS_DISTINCT	EMPTY	NOT_APPROVED
4254	742dd42c4c5fdab072896007df1107574d92e6dad782daa80330c070b1b1d3e0	벽체목재마감	W_LEAF	LEAF_004C	1285	TASK	KEEP_AS_DISTINCT	EMPTY	NOT_APPROVED
4255	a9029be10c27e3bb93d940559d81bc8a1d5e84d5ab6b46c11c4865f4a75c3189	목조반자틀	W_LEAF	LEAF_004C	1286	MATERIAL_COMPONENT	REJECT	EMPTY	NOT_APPROVED
4256	56383d4afd0a2391c5bf72444bdbb1953d0e98f71b15c7175e833d4cf1893c49	목재천정마감	W_LEAF	LEAF_004C	1287	TASK	KEEP_AS_DISTINCT	EMPTY	NOT_APPROVED
4257	60b38a97d2e11e62d6ea3b65b1f710efdcd45874ca98914923dea0b0d284cc74	목조지붕널덮기	W_LEAF	LEAF_004C	1288	TASK	KEEP_AS_DISTINCT	EMPTY	NOT_APPROVED
4271	68525261ce095d3897977919eaaebf67b31e4e9757ae7ba31967be2cd0cb7837	목재난간설치	W_LEAF	LEAF_004C	1289	TASK	KEEP_AS_DISTINCT	EMPTY	NOT_APPROVED
4272	3e76711c5691cbbdbd8786854b47db5b760957b345c27abc65f51a1b8aebc4ad	목재창선반설치	W_LEAF	LEAF_004C	1290	TASK	KEEP_AS_DISTINCT	EMPTY	NOT_APPROVED
4273	4c00926f14d5c6676a50ce836ec48211b32379cda739552cfd92855ff091f0ae	목재마감목설치	W_LEAF	LEAF_004C	1291	TASK	KEEP_AS_DISTINCT	EMPTY	NOT_APPROVED
4281	e8249c58ee71ea73b0efd5b8c5411893c49132bcd71d64aceb91a645a9c47232	프레스	W_LEAF	LEAF_004D	1292	FACILITY_EQUIPMENT	REJECT	EMPTY	NOT_APPROVED
4282	1bdfa15a93d2cb4d7c6e76868ecc67a6ac11d9ce73eadd785cf3c83439e7387c	방부처리	W_LEAF	LEAF_004D	1293	TASK	KEEP_AS_DISTINCT	EMPTY	NOT_APPROVED
4283	b1afa416cf8e4a03075cd391a7b9f5ec6fb0fadc12b3677d4bbd9bc601eebd35	방충처리	W_LEAF	LEAF_004D	1294	TASK	KEEP_AS_DISTINCT	EMPTY	NOT_APPROVED
4284	0ff5f9db985f9a89298139efc6e722464900aa347d3309964f480aac3d072a2a	내화처리	W_LEAF	LEAF_004D	1295	TASK	KEEP_AS_DISTINCT	EMPTY	NOT_APPROVED
4285	68ead68b55fa28a12bf9126d046477614120b2e641be1bfcc712af8b39f7a7b2	내신축처리	W_LEAF	LEAF_004D	1296	TASK	KEEP_AS_DISTINCT	EMPTY	NOT_APPROVED
4312	cca19c876cf0be8334cc1c67a9823ff6165f175dd5b93ec7d55ef5771260cca6	너와지붕잇기	W_LEAF	LEAF_004D	1297	TASK	KEEP_AS_DISTINCT	EMPTY	NOT_APPROVED
4313	3433d91ca328c259854c716a20309a1f75e12c6f428b2d41ad47b0e53a46423f	잔디지붕	W_LEAF	LEAF_004D	1298	FACILITY_EQUIPMENT	REJECT	EMPTY	NOT_APPROVED
4314	005630482e19f7a9be2601010e96dc23f38142f7c5979c8d1cd061bc9fd402fb	수목지붕	W_LEAF	LEAF_004D	1299	FACILITY_EQUIPMENT	REJECT	EMPTY	NOT_APPROVED
4321	4dcef32e83a9ee18b42d1043ae74c73aaa9011422f5786c1fa4fb5dea77a1567	시멘트기와잇기	W_LEAF	LEAF_004D	1300	TASK	KEEP_AS_DISTINCT	EMPTY	NOT_APPROVED
4322	50c5fa9f65baad28c8c23119e78f7615cf232b097283394635addeef5010ed74	점토질기와잇기	W_LEAF	LEAF_004D	1301	TASK	KEEP_AS_DISTINCT	EMPTY	NOT_APPROVED
4323	19ab4bbfd71916dd1ad9d772e181a44ccbf079bb84acef4d020cba854b050385	자기질기와잇기	W_LEAF	LEAF_004D	1302	TASK	KEEP_AS_DISTINCT	EMPTY	NOT_APPROVED
4324	a03418852b021301a6af711c2de7fcc65fd504d5c7588c0dac29999a4583b978	슬레이트기와잇기	W_LEAF	LEAF_004D	1303	TASK	KEEP_AS_DISTINCT	EMPTY	NOT_APPROVED
4325	502ee391bc5f31ac102bda97fd8f7b6ee785a22e1c81598908c799c2664e1c80	아스팔트슁글잇기	W_LEAF	LEAF_004D	1304	TASK	KEEP_AS_DISTINCT	EMPTY	NOT_APPROVED
4326	93a032716eef22228c6d19e554d442e7b75c74aacd4af439ae8af94fe1a727bb	금속기와잇기	W_LEAF	LEAF_004D	1305	TASK	KEEP_AS_DISTINCT	EMPTY	NOT_APPROVED
4327	8660fef7c8ea0a5a9bb86775cb0e0da6e19795c15c706b1710b096b1227c6ea9	목재기와잇기	W_LEAF	LEAF_004D	1306	TASK	KEEP_AS_DISTINCT	EMPTY	NOT_APPROVED
4328	f4531ec392cdd78022ff7cd5cd11ed8206eda492a44aa02f1bc29bdce41cf6c4	플라스틱기와잇기	W_LEAF	LEAF_004D	1307	TASK	KEEP_AS_DISTINCT	EMPTY	NOT_APPROVED
4329	968e8996e1e2a8960bc2888afe49098382a3dc9b476fdeae38c49819ee05c376	부속기와	W_LEAF	LEAF_004D	1308	MATERIAL_COMPONENT	REJECT	EMPTY	NOT_APPROVED
4331	13d79cc19232695a098a90a67c9f73ed0a46c5ce0eff6bf061ba818d4247f1dd	판슬레이트	W_LEAF	LEAF_004D	1309	MATERIAL_COMPONENT	REJECT	EMPTY	NOT_APPROVED
4332	a21eb5b05b3ac5f97b8e6fc73e3931a00fbb3e34307e5be465e408bc7403ff85	골슬레이트	W_LEAF	LEAF_004D	1310	MATERIAL_COMPONENT	REJECT	EMPTY	NOT_APPROVED
4341	243535030409a5026dacd3c42b3771d16c55f8012e88a5172b29f3ee1afb689b	함석잇기	W_LEAF	LEAF_004D	1311	TASK	KEEP_AS_DISTINCT	EMPTY	NOT_APPROVED
4342	c8da10ea225a87fd73f68b219d1f0ae66aa7481745641c94a8f26febc5509d03	동판잇기	W_LEAF	LEAF_004D	1312	TASK	KEEP_AS_DISTINCT	EMPTY	NOT_APPROVED
4343	07072183762f39a194631f474e26ac6ffdaeb683b84602c40e67fd26915dc062	스틸테크잇기	W_LEAF	LEAF_004D	1313	TASK	KEEP_AS_DISTINCT	EMPTY	NOT_APPROVED
4344	9c22603f8b098834a819d3f2347e8ef8ac0d1a573079daaf9b84794f3d16f419	알루니늄판잇기	W_LEAF	LEAF_004D	1314	TASK	KEEP_AS_DISTINCT	EMPTY	NOT_APPROVED
4345	1b040f487a7a914d96e4a8fb19cafb8578d90f07cc1e653959154bab95e83d42	스테인레스스틸판잇기	W_LEAF	LEAF_004D	1315	TASK	KEEP_AS_DISTINCT	EMPTY	NOT_APPROVED
4346	47b9d7a60ff130f4dcc82b1bff73d91b5682987b91e024a97718647b9cc1c819	법랑피복철판잇기	W_LEAF	LEAF_004D	1316	TASK	KEEP_AS_DISTINCT	EMPTY	NOT_APPROVED
4351	0bb075e67458e51b022ae6b385e9f96333d7e4732f7560c3ea3c8d85761b3967	변형아스팔트루핑	W_LEAF	LEAF_004D	1317	MATERIAL_COMPONENT	REJECT	EMPTY	NOT_APPROVED
4352	19623afa9b97576e9d45e832871d674bf7f27b8b342799453797aea62ce5ed9d	혼성중합체플라스틱시트지붕	W_LEAF	LEAF_004D	1318	MATERIAL_COMPONENT	REJECT	EMPTY	NOT_APPROVED
4353	ad9cde13f3d7b65b9c8645f3e9e937ee741d551fbb54351bfca9ccb3c449c7b5	에틸렌중합체시트지붕	W_LEAF	LEAF_004D	1319	MATERIAL_COMPONENT	REJECT	EMPTY	NOT_APPROVED
4354	071bcd830f490cf1e30c20defa28281bf4927fc35410b9140afa963bc2204b60	염화폴리비닐시트지붕	W_LEAF	LEAF_004D	1320	MATERIAL_COMPONENT	REJECT	EMPTY	NOT_APPROVED
4355	ff8d46eec773bdd14d6068b8b3cc0610e30e62324c40051dd301d256f58a9943	열가소성올레핀시트지붕	W_LEAF	LEAF_004D	1321	MATERIAL_COMPONENT	REJECT	EMPTY	NOT_APPROVED
4356	19d0544777c5586d6ef1db49cee7ae4567e6020806e3d4927b9582378a86c1c1	니트릴부타디엔폴리머시트지붕	W_LEAF	LEAF_004D	1322	MATERIAL_COMPONENT	REJECT	EMPTY	NOT_APPROVED
4361	d1f4aded0aa4bbbe3853c03c6544ff6eef6d67183fa7cd43ee4d791ee38709a2	메탈지붕판넬	W_LEAF	LEAF_004D	1323	MATERIAL_COMPONENT	REJECT	EMPTY	NOT_APPROVED
4362	730e0e352cef5eca5e64a7f12786d0a4f925392a3ed069e58e338d7632f253e2	목재지붕판넬	W_LEAF	LEAF_004D	1324	MATERIAL_COMPONENT	REJECT	EMPTY	NOT_APPROVED
4363	11a70ab8d95edee95b4c869496454b25739fc395d9a0198282c5c4e0b7641dc3	프라스틱지붕판넬	W_LEAF	LEAF_004D	1325	MATERIAL_COMPONENT	REJECT	EMPTY	NOT_APPROVED
4364	22f059587c0742dff7b85f418d873f70812cbdd215f2fe19d7ee67fe94ad5815	복합지붕판넬	W_LEAF	LEAF_004D	1326	MATERIAL_COMPONENT	REJECT	EMPTY	NOT_APPROVED
4365	c01b7e6104343e1378ea0e731bfefc4adcf85ad6eb9d4af149e083f99bf8e6ce	조립식지붕판넬	W_LEAF	LEAF_004D	1327	MATERIAL_COMPONENT	REJECT	EMPTY	NOT_APPROVED
4371	a573b13875782b2ceb48388650ae01d7d8acd70a06b5a3b236040620cd1eda1c	처마홈통(Flashing)	W_LEAF	LEAF_004D	1328	MATERIAL_COMPONENT	REJECT	EMPTY	NOT_APPROVED
4372	ed1c8d5c7dbbd99fe4a4e63405b30fb870ef7223d71f5ddc5c3cc474892bfcf5	지붕거터(Gutter)	W_LEAF	LEAF_004D	1329	FACILITY_EQUIPMENT	REJECT	EMPTY	NOT_APPROVED
4373	3275456df877d4fc5070115753a33edc5f993dad0820e5f87d5eb0ac8c00fdba	선홈통	W_LEAF	LEAF_004D	1330	FACILITY_EQUIPMENT	REJECT	EMPTY	NOT_APPROVED
4374	689a80519913a4785b1d56eccd021b28466a458efc142b70e0726bcf633eb9ff	선홈통물받이	W_LEAF	LEAF_004D	1331	FACILITY_EQUIPMENT	REJECT	EMPTY	NOT_APPROVED
4375	bbfd2632a33b1a3c894bddbd237d8c0d3ab8a509e1de2e2a0568849cebefc035	지붕트림	W_LEAF	LEAF_004D	1332	MATERIAL_COMPONENT	REJECT	EMPTY	NOT_APPROVED
4376	461e2d921f5d488751a435993e88158e87af00cf23ec95fd0c0a8f0841869937	루프드레인	W_LEAF	LEAF_004D	1333	FACILITY_EQUIPMENT	REJECT	EMPTY	NOT_APPROVED
4412	68c549183a5652fab9f4923f54cdea5f465ca28f727a795b469bf6a50d2f8d3d	탄성시트방수	W_LEAF	LEAF_004D	1334	TASK	KEEP_AS_DISTINCT	EMPTY	NOT_APPROVED
4413	0d63ec46e472117fb1328e9fd50f78f7171e23afb4bb055c18d15d64a3f27025	도막방수	W_LEAF	LEAF_004D	1335	TASK	KEEP_AS_DISTINCT	EMPTY	NOT_APPROVED
4421	11ebf6424002b666b7536906e2b54b62b063c239c02fa88a9b3991edc7eab820	유기질침투성방수	W_LEAF	LEAF_004D	1336	TASK	KEEP_AS_DISTINCT	EMPTY	NOT_APPROVED
4422	2414d0a849bfaa9ddb3eaa95adfa7234363159829cca88d3e34300e555a4309f	무기질침투성방수	W_LEAF	LEAF_004D	1337	TASK	KEEP_AS_DISTINCT	EMPTY	NOT_APPROVED
4431	0fab9ab7a0cb4ec4aa8f10f58fa0c99952b7a53dc35753670c2d78ab179e3b63	모르터방수	W_LEAF	LEAF_004D	1338	TASK	KEEP_AS_DISTINCT	EMPTY	NOT_APPROVED
4435	ede92823b5a33c26dbaf4465ad55fbd86972a1356a1f97d0801fa1eff3391d2e	시멘트액체방수	W_LEAF	LEAF_004D	1339	TASK	KEEP_AS_DISTINCT	EMPTY	NOT_APPROVED
4439	5eb9255406bad0599e0c7df136c6711c3efb352859c3035b33cc680c794ddcab	기타액체및모르터방수	W_LEAF	LEAF_004D	1340	TASK	KEEP_AS_DISTINCT	EMPTY	NOT_APPROVED
4441	924ea4f3d634f908f40bc6ed2b09d06ab12e58a66dffc46836e1e99af4faac41	동판방수	W_LEAF	LEAF_004D	1341	TASK	KEEP_AS_DISTINCT	EMPTY	NOT_APPROVED
4442	01b4471539a81015cd70088b8d7f2c137943c33fc0907d3c9f72e710a08c7f2a	스테인레스강판방수	W_LEAF	LEAF_004D	1342	TASK	KEEP_AS_DISTINCT	EMPTY	NOT_APPROVED
4451	4326687084d4e80ce73c34dd9a1327e89804d0d17ead2d763008a49a7f373d95	벤토나이트판넬방수	W_LEAF	LEAF_004D	1343	TASK	KEEP_AS_DISTINCT	EMPTY	NOT_APPROVED
4452	15ea354098b2c114465ed4edfb2e01794446ac7c50edfaa1a755ad1ef7f325f4	벤토나이트복합시트방수	W_LEAF	LEAF_004D	1344	TASK	KEEP_AS_DISTINCT	EMPTY	NOT_APPROVED
4461	fabf07ad77ed59ec79450ed9f1e9bbdde8afb8d6ac8733a83317c8e1aa2b61aa	아스팔트계방습	W_LEAF	LEAF_004D	1345	TASK	KEEP_AS_DISTINCT	EMPTY	NOT_APPROVED
4462	0b49e6abc252659a4532854c70f02c39c5995f7e77f50469a6233d2a2d96ab14	발수성도장방습	W_LEAF	LEAF_004D	1346	TASK	KEEP_AS_DISTINCT	EMPTY	NOT_APPROVED
4463	82d48c13e37d2edb4745bca9cb88fdcb5842ecbb0cde60b12df1c7069a7f8acd	시멘트성방습	W_LEAF	LEAF_004D	1347	TASK	KEEP_AS_DISTINCT	EMPTY	NOT_APPROVED
4464	6a23ada9ec1e73ffbefd17a07e6de4b0f622baa0da3423d84e1e97940d452f56	탄성시트방습	W_LEAF	LEAF_004D	1348	TASK	KEEP_AS_DISTINCT	EMPTY	NOT_APPROVED
4465	e4f1b26dc00e302a1abfb0a41f919bd3677b1a0f87fadeadf179a324c26556f1	배수판설치	W_LEAF	LEAF_004D	1349	TASK	KEEP_AS_DISTINCT	EMPTY	NOT_APPROVED
4471	242e3401b358d00901e31bc24de095ab7dc07fe1fce518fc56355ebffda25b72	아크릴계발수제	W_LEAF	LEAF_004D	1350	MATERIAL_COMPONENT	REJECT	EMPTY	NOT_APPROVED
4472	3f24a66252f5e49ab2b6caafc672715a52ee2b613133a1136343b0cafd862e80	실콘계발수제 - - 대․중․소 분류대․중․소 분류	W_LEAF	LEAF_004D	1351	MATERIAL_COMPONENT	REJECT	EMPTY	NOT_APPROVED
4473	1a9f9c7eeb8ca44472079ca790df402c80de19bf795d79520a260f761a60df96	스테아르산염발수제	W_LEAF	LEAF_004D	1352	MATERIAL_COMPONENT	REJECT	EMPTY	NOT_APPROVED
4474	2803a348c40b4fa6e9f6363d491609a791840e59ff1b4641c90ae09c6da8d078	규산염발수제	W_LEAF	LEAF_004D	1353	MATERIAL_COMPONENT	REJECT	EMPTY	NOT_APPROVED
4481	866892608efc5339b1fc3207320bec35689489a71fadef2367ff33e2ee6ea7e5	시멘트보호층	W_LEAF	LEAF_004D	1354	MATERIAL_COMPONENT	REJECT	EMPTY	NOT_APPROVED
4482	6ebbc40bdd6b8a20dad7280355fcd61c2a0f0924f7c2faec97936aef75dc085e	섬유보호층	W_LEAF	LEAF_004D	1355	MATERIAL_COMPONENT	REJECT	EMPTY	NOT_APPROVED
4483	821f56670a7f1743781edd3af83081c973bef0faef44b16bcecf6333337b0980	판형보호층	W_LEAF	LEAF_004D	1356	MATERIAL_COMPONENT	REJECT	EMPTY	NOT_APPROVED
4484	3beeb393d7ef86552e75ae9e0fc03bf20f5fb76a149ea9d45ab16d4213116cb4	골재보호층	W_LEAF	LEAF_004D	1357	MATERIAL_COMPONENT	REJECT	EMPTY	NOT_APPROVED
4512	c77c89672acb41f79e2c8c3d982f451be2ba296129b04e4bde37d9e20f4b6bfb	시트지붕 바닥단열	W_LEAF	LEAF_004D	1358	TASK	KEEP_AS_DISTINCT	EMPTY	NOT_APPROVED
4513	d7d369c2fad9d0e104fbe819203eb4d0531f43ab39513c01a130081d8e7b5d6f	현장포말지붕 바닥단열	W_LEAF	LEAF_004D	1359	TASK	KEEP_AS_DISTINCT	EMPTY	NOT_APPROVED
4514	318f85973764bf99abbd23abb234a6715dfa193cb78f5130eb42adefc1e1f3ea	다공성재료지붕 바닥단열	W_LEAF	LEAF_004D	1360	TASK	KEEP_AS_DISTINCT	EMPTY	NOT_APPROVED
4515	12d695c13e0b864c5e323e183de06646ad48385f46060a5ba57a0cc9429115c9	뿜칠형지붕 바닥단열	W_LEAF	LEAF_004D	1361	TASK	KEEP_AS_DISTINCT	EMPTY	NOT_APPROVED
4516	0b8f4862a4bcffb365c7e25086a3497a10f9b01101436744c23c6eee31f06dce	도막형바닥단열	W_LEAF	LEAF_004D	1362	TASK	KEEP_AS_DISTINCT	EMPTY	NOT_APPROVED
4521	3cf4775ac327734753433dc0c2c45d1435d9df79cd609fb1ee86a7490b233f2f	보드형슬래브하부단열	W_LEAF	LEAF_004D	1363	TASK	KEEP_AS_DISTINCT	EMPTY	NOT_APPROVED
4522	0acc504a9b3119c4b469ae20f1adf9a4ddf275c17c4e3e9cd1d2191466e9bca9	시트슬래브하부단열	W_LEAF	LEAF_004D	1364	TASK	KEEP_AS_DISTINCT	EMPTY	NOT_APPROVED
4525	b4fb88f9fdfb657f1ec55b6596900e826ddd68b590c669d27b59c1c8a3eec70c	뿜칠형슬래브하부단열	W_LEAF	LEAF_004D	1365	TASK	KEEP_AS_DISTINCT	EMPTY	NOT_APPROVED
4526	b0c330405259275a24c37ec48d13726b0a7ab52bf0b2f512f1f1d9d17f2a2675	도막형슬래브하부단열	W_LEAF	LEAF_004D	1366	TASK	KEEP_AS_DISTINCT	EMPTY	NOT_APPROVED
4531	a5660d3ff74e76e3b6ade1c52459f5931c29a5034148cada7674d8add159195b	보드형천정단열	W_LEAF	LEAF_004D	1367	TASK	KEEP_AS_DISTINCT	EMPTY	NOT_APPROVED
4533	f0e0dd1ecc05331ab01d7d8d5eb8f093fa2a14c3633d1940141ae43cec75bec3	현장포말천정단열	W_LEAF	LEAF_004D	1368	TASK	KEEP_AS_DISTINCT	EMPTY	NOT_APPROVED
4541	2c6a69ff232fc3e4b5e365adbebd9e48b9c14f5bf8e56e92219de6776244fdfb	보드형벽체단열	W_LEAF	LEAF_004D	1369	TASK	KEEP_AS_DISTINCT	EMPTY	NOT_APPROVED
4542	344bc2f53f2c203b69f704639e824264dd9e7aab626d8b94bd7ebc44d1bda6c1	시트벽체단열	W_LEAF	LEAF_004D	1370	TASK	KEEP_AS_DISTINCT	EMPTY	NOT_APPROVED
4543	b2ec9fa48f05df49cf75578a5782181d726225d971bda5af57096a30659bb3b6	현장포말벽체단열	W_LEAF	LEAF_004D	1371	TASK	KEEP_AS_DISTINCT	EMPTY	NOT_APPROVED
4545	160e1ba4c8e2cf3e6597efcd979ba9d36d0731b92a763349432f3bd1a443b081	뿜칠형벽체단열	W_LEAF	LEAF_004D	1372	TASK	KEEP_AS_DISTINCT	EMPTY	NOT_APPROVED
4546	c5961623d5ed801a9ed1180a644bd54c7598b81e84d85236a4c72fb877458adf	도막형벽체단열	W_LEAF	LEAF_004D	1373	TASK	KEEP_AS_DISTINCT	EMPTY	NOT_APPROVED
4551	22533d410c36db4fd2f634590d07524030ac4d80ab5f2bea895251b7bb3dea38	보드형외벽단열	W_LEAF	LEAF_004D	1374	TASK	KEEP_AS_DISTINCT	EMPTY	NOT_APPROVED
4552	b5aee889bc5da31d5507600f7ca5ccb29b201c3462d77ed036afd6aafccae008	시트외벽단열	W_LEAF	LEAF_004D	1375	TASK	KEEP_AS_DISTINCT	EMPTY	NOT_APPROVED
4553	5b5c364b0c5f0e7a4db6599d251b01a24c93eaa72df9a4e24586f50cd16bca65	현장포말외벽단열	W_LEAF	LEAF_004D	1376	TASK	KEEP_AS_DISTINCT	EMPTY	NOT_APPROVED
4555	e1e0824fed4e0255081cc4e98d9006ec5f22f79a51c138ede8ecc206d48c414e	뿜칠형외벽단열	W_LEAF	LEAF_004D	1377	TASK	KEEP_AS_DISTINCT	EMPTY	NOT_APPROVED
4556	be2387c059ad64d93de085c5e5295a2695a2290686bb7f6ca9e42fc80b4bb6a6	도막형외벽단열	W_LEAF	LEAF_004D	1378	TASK	KEEP_AS_DISTINCT	EMPTY	NOT_APPROVED
4561	48e18c6fa171c7f54db2ebd8949e2eaf73d3c33c7c9e1ad9f2b0e2b61f9564db	진동방지공사	W_LEAF	LEAF_004D	1379	PROCESS	KEEP_AS_DISTINCT	EMPTY	NOT_APPROVED
4565	3954f36c4f19289f1b878aaef2c480c9e349373df3202d6829aa38d9da47b3d1	방음공사	W_LEAF	LEAF_004D	1380	PROCESS	KEEP_AS_DISTINCT	EMPTY	NOT_APPROVED
4612	7ca904a033c0df00da493c114038d537f77b7e0df137d4efa26ecdd384044f76	철재프레임	W_LEAF	LEAF_004D	1381	MATERIAL_COMPONENT	REJECT	EMPTY	NOT_APPROVED
4613	82bc2db9036a33e9ebe7e000d6ee7f466ce1bd7bbb108834a3e8b761388cdb1c	알루미늄프레임	W_LEAF	LEAF_004D	1382	MATERIAL_COMPONENT	REJECT	EMPTY	NOT_APPROVED
4614	d934ce13446cfb4e731c2cb1c20b6564c94080d7fff6b97747a81b79138ff35a	스테인레스스틸프레임	W_LEAF	LEAF_004D	1383	MATERIAL_COMPONENT	REJECT	EMPTY	NOT_APPROVED
4615	88d28c3f93f3dda1048e08426e24f73d36edced2630942769c43f33077a6c451	청동프레임	W_LEAF	LEAF_004D	1384	MATERIAL_COMPONENT	REJECT	EMPTY	NOT_APPROVED
4618	0d8579a9bea3cb08be2d665ea0dd753dd48756a756b18ca7124138b9ee75220a	고정철물및부속재설치	W_LEAF	LEAF_004D	1385	TASK	KEEP_AS_DISTINCT	EMPTY	NOT_APPROVED
4621	bedea52ff7c8c3f2d2ca93e6e844c6455c5bf4a0b5e1a5ec94d098341b08dc69	콘크리트PC판넬	W_LEAF	LEAF_004D	1386	MATERIAL_COMPONENT	REJECT	EMPTY	NOT_APPROVED
4622	1f12abc11a12d2de09ac2fe3e8d51873f028117c532ce2a0a6e3b5101639c058	아스베스토스판넬	W_LEAF	LEAF_004D	1387	MATERIAL_COMPONENT	REJECT	EMPTY	NOT_APPROVED
4623	58beb1d90833818c97875cc4bb6d2c102db32a1465380a4d81a5e4271939c56c	섬유보강콘크리트판넬	W_LEAF	LEAF_004D	1388	MATERIAL_COMPONENT	REJECT	EMPTY	NOT_APPROVED
4624	9142821810cdb7c56940aac75338d285fa1bf19a88ed5fa180373b7c79c0c2cd	골재마감콘크리트판넬	W_LEAF	LEAF_004D	1389	MATERIAL_COMPONENT	REJECT	EMPTY	NOT_APPROVED
4631	f3722f8174bd05b0ea2954f5b6737e2b1b0be684f833d954459c7dde9677702f	에폭시코팅철재판넬	W_LEAF	LEAF_004D	1390	MATERIAL_COMPONENT	REJECT	EMPTY	NOT_APPROVED
4632	dcf2307c8af783fecec2b7210e1fe173baab3b0d6cbb8cbdf03bca3b312eff12	법랑코팅철재판넬	W_LEAF	LEAF_004D	1391	MATERIAL_COMPONENT	REJECT	EMPTY	NOT_APPROVED
4641	f731c906b1f3431178f06144a2a55b43c5df201729e9cae5967cf047b506e7ec	알루미늄판넬	W_LEAF	LEAF_004D	1392	MATERIAL_COMPONENT	REJECT	EMPTY	NOT_APPROVED
4642	45631fff24fa6c01b432694b769171fbcb0df32e4305897a27325a23e1eaa677	스테인레스스틸판넬	W_LEAF	LEAF_004D	1393	MATERIAL_COMPONENT	REJECT	EMPTY	NOT_APPROVED
4643	99124c341a7251a9bd80959e71f6d07fcb013f0cc08d3385d5efa642dfdab270	동판넬	W_LEAF	LEAF_004D	1394	MATERIAL_COMPONENT	REJECT	EMPTY	NOT_APPROVED
4651	8533057a1eb388a692b141c2b565ecc01dc65b4a7057f55ca205244f98228c8d	화강석판넬	W_LEAF	LEAF_004D	1395	MATERIAL_COMPONENT	REJECT	EMPTY	NOT_APPROVED
4652	8d86e2010e38d2c10dce79672951d5608ac6d085cb7b2671a18276595e223a8c	대리석판넬	W_LEAF	LEAF_004D	1396	MATERIAL_COMPONENT	REJECT	EMPTY	NOT_APPROVED
4653	e14a359c3b27bb23133339b3c97a7b3f688c3cb2fa5a40c6cd96f1cbf007a64a	사암판넬	W_LEAF	LEAF_004D	1397	MATERIAL_COMPONENT	REJECT	EMPTY	NOT_APPROVED
4661	cbf9d7a5c5075dabd862c2b4772c1657b849324a7c66985dc48781d73beea713	구조유리커튼월	W_LEAF	LEAF_004D	1398	MATERIAL_COMPONENT	REJECT	EMPTY	NOT_APPROVED
4662	852a3b9bbefc73ab2eb4815e8ef5571628735f9ddf34b76322c82e1a0e1139e3	강화유리판넬	W_LEAF	LEAF_004D	1399	MATERIAL_COMPONENT	REJECT	EMPTY	NOT_APPROVED
4672	5273c9b377ba1144a954121a8e4d6114c35ef2d3009a6cf4912ffa4445d70b43	화이버글라스샌드위치판넬	W_LEAF	LEAF_004D	1400	MATERIAL_COMPONENT	REJECT	EMPTY	NOT_APPROVED
4673	443c4b02a831e9ab4590a8148967b9f4fbd305337c4846ce6b069c7553a7ba22	폴리카보나이트판넬	W_LEAF	LEAF_004D	1401	MATERIAL_COMPONENT	REJECT	EMPTY	NOT_APPROVED
4681	2fc9abeb53887a74fdefc1484ccd95167ff0df6c0ff194fbd7a31dcc8da06589	대형자기타일판넬	W_LEAF	LEAF_004D	1402	MATERIAL_COMPONENT	REJECT	EMPTY	NOT_APPROVED
4682	a9e24b4cb24a976daaa98d9389a651fa3d0921ca01ac90dca51a8002aa63e602	대형도기타일판넬	W_LEAF	LEAF_004D	1403	MATERIAL_COMPONENT	REJECT	EMPTY	NOT_APPROVED
4742	5f34b2ee427339780a305cbb1206124d879352d5e7639a77b0367a9018ec3f6a	직선금속계단	W_LEAF	LEAF_004D	1404	FACILITY_EQUIPMENT	REJECT	EMPTY	NOT_APPROVED
4743	b08a412fc82862cdde97aa89459a1c70d0fb8d141c094632cac961c9af1309ac	나선 원형금속계단	W_LEAF	LEAF_004D	1405	FACILITY_EQUIPMENT	REJECT	EMPTY	NOT_APPROVED
4746	f9bca891d3a504fb5576addd7fdabf85fd73bee48f77709d4d4a7e181c10e6e9	금속난간	W_LEAF	LEAF_004D	1406	FACILITY_EQUIPMENT	REJECT	EMPTY	NOT_APPROVED
4747	5034cec92adc3fa28b26d3fd19c877603883afe7564cf066a348d559effa5f8d	금속계단발판(트레드)	W_LEAF	LEAF_004D	1407	FACILITY_EQUIPMENT	REJECT	EMPTY	NOT_APPROVED
4748	ee7a99e99206d51316b064205fc7063c1ed5b9ac3ab9e3c118e764fe8a31716c	금속계단넌스립	W_LEAF	LEAF_004D	1408	FACILITY_EQUIPMENT	REJECT	EMPTY	NOT_APPROVED
4751	95e690c7828ad12272b4749b5b8663183bdcfea28767a0129a6a2790bad38fe3	바닥금속마감	W_LEAF	LEAF_004D	1409	TASK	KEEP_AS_DISTINCT	EMPTY	NOT_APPROVED
4752	ef09dd6810e0244a5f16b5edf29dc2ff2fa6b01fdbf3b62ac1730cbc6b0a7f37	벽체금속마감	W_LEAF	LEAF_004D	1410	TASK	KEEP_AS_DISTINCT	EMPTY	NOT_APPROVED
4753	43f9bc11ae06191a85a3b41cc96a58f1f4fcbb065b80eb82220e878ed447444c	금속기둥커버	W_LEAF	LEAF_004D	1411	MATERIAL_COMPONENT	REJECT	EMPTY	NOT_APPROVED
4754	ebdba3174cc7a4da4377f58840018011f1db6c979c4aa7c7ce44cb7311186534	펜코일(Fancoil)덮개	W_LEAF	LEAF_004D	1412	MATERIAL_COMPONENT	REJECT	EMPTY	NOT_APPROVED
4755	fbbdbb57c96fda7c4038c1687c9764c11c8a888e552f3c24691bd548c6808ff9	천정금속마감	W_LEAF	LEAF_004D	1413	TASK	KEEP_AS_DISTINCT	EMPTY	NOT_APPROVED
4771	635b974cabd7279906c0a31804cbb4725f2f5442bc95f5cbc2587ffd47680bd1	금속사다리	W_LEAF	LEAF_004D	1414	FACILITY_EQUIPMENT	REJECT	EMPTY	NOT_APPROVED
4772	024f28d454c06c791ae007f533a34472e20cf6886108563c59bc8ec86597b790	금속통로	W_LEAF	LEAF_004D	1415	FACILITY_EQUIPMENT	REJECT	EMPTY	NOT_APPROVED
4773	3e2f4b4faa62601f4125ac67f4e84d17cf83178167f7aa7f656e5bdfff321e33	금속지지물	W_LEAF	LEAF_004D	1416	MATERIAL_COMPONENT	REJECT	EMPTY	NOT_APPROVED
4774	718a7d48c3a9ef2ceee3897f8219cce4ccb9c736783b591b40933e213550a4f9	개구부금속덮개	W_LEAF	LEAF_004D	1417	MATERIAL_COMPONENT	REJECT	EMPTY	NOT_APPROVED
4777	3d663730ebb74202bc01a090a036af4bd943c76b313eecb483daac7f6b23b770	기타금속부속물설치	W_LEAF	LEAF_004D	1418	TASK	KEEP_AS_DISTINCT	EMPTY	NOT_APPROVED
4778	f0c4f04bc2d52c593b538b53ebe5aee294ab21512348c2ca54b022172566a010	금속조인트(줄눈)덮개및트림제작 설치	W_LEAF	LEAF_004D	1419	TASK	KEEP_AS_DISTINCT	EMPTY	NOT_APPROVED
4781	c3e3b78773800e36f5378b36fdff69a486b91446d2bf4446b02babadb107f1c1	간단구조	W_LEAF	LEAF_004D	1420	CLASSIFICATION	REJECT	EMPTY	NOT_APPROVED
4782	358e5acfe9150df4f90cb1b3cbea5009dbdacb55655664ac8bb086f4ce76c8e2	보통구조	W_LEAF	LEAF_004D	1421	CLASSIFICATION	REJECT	EMPTY	NOT_APPROVED
4783	c0b4b2e3c056d5ba4d68a84ad48639e3c4335c3ecefa1e9f5963ca210462c5a7	복잡구조	W_LEAF	LEAF_004D	1422	CLASSIFICATION	REJECT	EMPTY	NOT_APPROVED
4813	d38c298e09a77a6c422824e60400557c7e4ff34c13940e55341c4a68ae08caf6	문	W_LEAF	LEAF_004D	1423	FACILITY_EQUIPMENT	REJECT	EMPTY	NOT_APPROVED
4815	d989728defa5e8de57c6f73071f54232ffc8c0d2c342a82342d8d7155d3ba93f	특수문	W_LEAF	LEAF_004D	1424	FACILITY_EQUIPMENT	REJECT	EMPTY	NOT_APPROVED
4821	cb2045be48f962e6084a3a0fbff6ed9141317f0321c06c0bb77da5e1a2ae4ca7	창틀	W_LEAF	LEAF_004D	1425	MATERIAL_COMPONENT	REJECT	EMPTY	NOT_APPROVED
4823	9352a33561abf4f0b82fc89dfb44d519f02eeb211741dbb4fe12c3eb3680f451	창문 - - 대․중․소 분류대․중․소 분류	W_LEAF	LEAF_004D	1426	FACILITY_EQUIPMENT	REJECT	EMPTY	NOT_APPROVED
4825	9b44bc32cf578c84e040db2bfc415b878c5d4477de34843ade7a38d98e150822	특수창문	W_LEAF	LEAF_004D	1427	FACILITY_EQUIPMENT	REJECT	EMPTY	NOT_APPROVED
4831	12fe82ad5290a6ae12f02fc87b5a57b83457f9f6e04b7c8990bff609a5e5fa62	철재셔터	W_LEAF	LEAF_004D	1428	FACILITY_EQUIPMENT	REJECT	EMPTY	NOT_APPROVED
4841	f1568e2d8140659b646cac51edfdd55fa1a1d909d87499a98d5309d2f12f8297	경첩 힌지	W_LEAF	LEAF_004D	1429	MATERIAL_COMPONENT	REJECT	EMPTY	NOT_APPROVED
4842	557227e65ea233d923e6c2fb7c698cbec841c299f593b2d72def37935656d680	자물쇠	W_LEAF	LEAF_004D	1430	MATERIAL_COMPONENT	REJECT	EMPTY	NOT_APPROVED
4843	341ac950c068def0dd36d995f2d306d710b7832709558a8baf1e2dec7b04c3b6	개폐조절기	W_LEAF	LEAF_004D	1431	MATERIAL_COMPONENT	REJECT	EMPTY	NOT_APPROVED
4844	92a32aea6694e85e35e80958224b4286f1ab393627c036a4324a2772817ac4e5	손잡이	W_LEAF	LEAF_004D	1432	MATERIAL_COMPONENT	REJECT	EMPTY	NOT_APPROVED
4848	9251bc906835676a933fbb4bb05b411bb0ea46141510e059443726e7e32c3548	특수창호철물	W_LEAF	LEAF_004D	1433	MATERIAL_COMPONENT	REJECT	EMPTY	NOT_APPROVED
4861	d48952ebc942f86c3a213e55d2b797f0e418255b3cab3391b028ac136a987895	판유리(플로팅유리)	W_LEAF	LEAF_004D	1434	MATERIAL_COMPONENT	REJECT	EMPTY	NOT_APPROVED
4862	eed966ef84d23efc7cf6c8b5530591048cdb099845f1e69b12a88d0e27af4de5	복층유리	W_LEAF	LEAF_004D	1435	MATERIAL_COMPONENT	REJECT	EMPTY	NOT_APPROVED
4865	97cf15649d59366d72cc869ae4813a5300d868cadcdb24b3105781775d124d79	특수유리	W_LEAF	LEAF_004D	1436	MATERIAL_COMPONENT	REJECT	EMPTY	NOT_APPROVED
4871	d670966a92d8e5640f1295920312d34f7e4165c1ac138b39aff70b01b88ed781	절단및가공	W_LEAF	LEAF_004D	1437	TASK	KEEP_AS_DISTINCT	EMPTY	NOT_APPROVED
4872	fa746930d630decc856d46a17692f1dbc2f2cf2a93bb6db5f64346feb34e403b	가스켓	W_LEAF	LEAF_004D	1438	MATERIAL_COMPONENT	REJECT	EMPTY	NOT_APPROVED
4873	80bd41e3946eea832659981ada0f97303a2e68ff8ae584324312fa9094d5b49b	유리구조고정철물	W_LEAF	LEAF_004D	1439	MATERIAL_COMPONENT	REJECT	EMPTY	NOT_APPROVED
4878	16a42921ae3921b5eb7a3b1365e73185a7be62a0a005d25c178bef499f054a28	보양및청소	W_LEAF	LEAF_004D	1440	TASK	KEEP_AS_DISTINCT	EMPTY	NOT_APPROVED
4881	1a3d93d4723c01073fb05b0de1dfe256962f5698aa254eec5b3bdbacc9cf3c3b	창호공사코킹 실링	W_LEAF	LEAF_004D	1441	TASK	KEEP_AS_DISTINCT	EMPTY	NOT_APPROVED
4882	a52566adcd87bbb0972b01828d92ea1c31aa59daebf8eaccef67084d066fce60	유리공사코킹 실링	W_LEAF	LEAF_004D	1442	TASK	KEEP_AS_DISTINCT	EMPTY	NOT_APPROVED
4883	fd9ee42ba87f2a3ca66e9ab4493e707984c969c935f058fa29c239fec93452dd	석재공사코킹 실링	W_LEAF	LEAF_004D	1443	TASK	KEEP_AS_DISTINCT	EMPTY	NOT_APPROVED
4884	d6940ef5ddef3733882983f7576ca4cebeee995f3d8416bf4b6f3955e5a0be13	타일공사코킹 실링	W_LEAF	LEAF_004D	1444	TASK	KEEP_AS_DISTINCT	EMPTY	NOT_APPROVED
4888	4bc5661b51069f9df0e27f0a2c6e2b6d19011c67051944d3bb9ecdb5390dfdb2	코킹부속공사	W_LEAF	LEAF_004D	1445	PROCESS	KEEP_AS_DISTINCT	EMPTY	NOT_APPROVED
5112	39ee27b8fa653063064cef93ce74848465f951be7cc19eb3c36738bcd11a7960	단열모르터	W_LEAF	LEAF_004D	1446	MATERIAL_COMPONENT	REJECT	EMPTY	NOT_APPROVED
5113	11f565cac73b2bb8bdc351de765fbde5a48462b825acf9c00e30035dda805c9c	내화모르터	W_LEAF	LEAF_004D	1447	MATERIAL_COMPONENT	REJECT	EMPTY	NOT_APPROVED
5114	f8a25b0968b14e4cd328a4d6b856f02c3d02bd4687a1ce44d0e4eb36d62ac284	내화학성모르터	W_LEAF	LEAF_004D	1448	MATERIAL_COMPONENT	REJECT	EMPTY	NOT_APPROVED
5115	f4f47ffc09bdece265324c36fa081d712e4d64216648a1d0a8192e98af6b0bdf	프리믹스드모르터	W_LEAF	LEAF_004D	1449	MATERIAL_COMPONENT	REJECT	EMPTY	NOT_APPROVED
5118	fb4b26ba3f30b2917a770d8c2793cf72be865bfa17dde9c54120ef1904e0fff3	특수시멘트모르터	W_LEAF	LEAF_004D	1450	MATERIAL_COMPONENT	REJECT	EMPTY	NOT_APPROVED
5121	32a8328ce8d6324a488eb04776fc7ae9d27128f9cc4bb93dc7862192dd4eb160	셀프레벨링모르터	W_LEAF	LEAF_004D	1451	MATERIAL_COMPONENT	REJECT	EMPTY	NOT_APPROVED
5122	79ca80171a059ba596fc80a4ef0216d3b95e3221a935f28abdb822ae73fea1f7	에폭시모르터	W_LEAF	LEAF_004D	1452	MATERIAL_COMPONENT	REJECT	EMPTY	NOT_APPROVED
5131	7880788e6fc262a542e7aa710b7a293720ee8e8109042ac83284d86b7f995344	회반죽미장	W_LEAF	LEAF_004D	1453	TASK	KEEP_AS_DISTINCT	EMPTY	NOT_APPROVED
5132	11fd74fbb4cc2f97a0e6995cdafcda4fac5c68e7a3f53859c77ca372928d0efe	회사미장	W_LEAF	LEAF_004D	1454	TASK	KEEP_AS_DISTINCT	EMPTY	NOT_APPROVED
5133	af64442f8f876c02d19ff3743289d5e1d14ac42a63fcd60d1c58e7a85f90ac66	돌로마이트플라스터	W_LEAF	LEAF_004D	1455	MATERIAL_COMPONENT	REJECT	EMPTY	NOT_APPROVED
5134	3dd313ffceafab6a8d53957e6ce2b635adee4ee6652362f5c03decb29dfd4b0d	순석고플라스터	W_LEAF	LEAF_004D	1456	MATERIAL_COMPONENT	REJECT	EMPTY	NOT_APPROVED
5135	8ca625c1d2526a90ee14eb779b612c638c268c4370f55f305af05f3cd14026eb	배합석고플라스터	W_LEAF	LEAF_004D	1457	MATERIAL_COMPONENT	REJECT	EMPTY	NOT_APPROVED
5136	12a42a4d48097a4ec2364ea247abdb00e91b43ad014efcf10a88e1473ee4804d	무수석고플라스터	W_LEAF	LEAF_004D	1458	MATERIAL_COMPONENT	REJECT	EMPTY	NOT_APPROVED
5141	7ae80743eba481f26c5cd37b53e608fb5147f2cf8ff3df2a04d97d8391d9bee5	바닥인조석바름및갈기	W_LEAF	LEAF_004D	1459	TASK	KEEP_AS_DISTINCT	EMPTY	NOT_APPROVED
5142	513cc2896435fca79190a619c12ec1fd31858b303a4f67fb004aa6da3995a2cf	벽인조석바름및갈기	W_LEAF	LEAF_004D	1460	TASK	KEEP_AS_DISTINCT	EMPTY	NOT_APPROVED
5144	df984a0b81d085013ec9d37d7a8ee1eb2c57cf6e56807680740da3bb66ca7e4e	계단인조석바름및갈기	W_LEAF	LEAF_004D	1461	TASK	KEEP_AS_DISTINCT	EMPTY	NOT_APPROVED
5146	178f7444f810f32021d6d4a12094ab9cff025c0718ac2c59bcb977277545f879	걸레받이인조석바름및갈기	W_LEAF	LEAF_004D	1462	TASK	KEEP_AS_DISTINCT	EMPTY	NOT_APPROVED
5151	9b85f90f6faa6f925796082d4d70d94d240b5c34fb613999ea264619da054d99	온돌방음층	W_LEAF	LEAF_004D	1463	MATERIAL_COMPONENT	REJECT	EMPTY	NOT_APPROVED
5152	5a38180c5f521a1b0f8edc021fe1e75eb593894e28ee941b5f5bfd285b977a4c	온돌보온층	W_LEAF	LEAF_004D	1464	MATERIAL_COMPONENT	REJECT	EMPTY	NOT_APPROVED
5153	0349a9941f3ee115863432246f3b5280ef40ac66d9b11794a84659c9839cd3f6	온돌단열층	W_LEAF	LEAF_004D	1465	MATERIAL_COMPONENT	REJECT	EMPTY	NOT_APPROVED
5154	c4a63372d6c73a40b1a08fbf418c44824c8b2f4e50ea0a23668f88aad0cadbcd	미장보강	W_LEAF	LEAF_004D	1466	TASK	KEEP_AS_DISTINCT	EMPTY	NOT_APPROVED
5155	b73911cf065ae34e3990f513fce2ffe5b179140295a94ff886923d52b92baebe	온돌바닥미장	W_LEAF	LEAF_004D	1467	TASK	KEEP_AS_DISTINCT	EMPTY	NOT_APPROVED
5156	bc647b758d883da854e888b57aa4a07ca2fe994a708712f150a6fa45db752002	바닥판넬히팅시스템	W_LEAF	LEAF_004D	1468	FACILITY_EQUIPMENT	REJECT	EMPTY	NOT_APPROVED
5161	bbe7850b308ef56c358d458e68adc407b39bd63b16687f1f70effd094864e604	흙벽미장	W_LEAF	LEAF_004D	1469	TASK	KEEP_AS_DISTINCT	EMPTY	NOT_APPROVED
5162	662c74980624e3020325d5ed063b9df09e316903434ae715c8cc7c6cba9aab1d	골재나타내기미장	W_LEAF	LEAF_004D	1470	TASK	KEEP_AS_DISTINCT	EMPTY	NOT_APPROVED
5163	e2badd7b15dab36d6d1cb7f0ac3138ea4377a4223a1d0209bb8ed7096a93bee6	그래뉼뿜칠미장	W_LEAF	LEAF_004D	1471	TASK	KEEP_AS_DISTINCT	EMPTY	NOT_APPROVED
5164	64da520b4b4743e12861884853fe0328fa2f51c094f2fff8fff956fe786849aa	시멘트페이스트바름	W_LEAF	LEAF_004D	1472	TASK	KEEP_AS_DISTINCT	EMPTY	NOT_APPROVED
5165	5bdefd732a2f07814d2ece665fe2dc143aae4c8338c9a23091a21b195820a708	하드너바르기	W_LEAF	LEAF_004D	1473	TASK	KEEP_AS_DISTINCT	EMPTY	NOT_APPROVED
5181	dba453be189a454216cd4560bfd7fc9ac0a5d6f5622831ea34708530321be109	미장면마감	W_LEAF	LEAF_004D	1474	TASK	KEEP_AS_DISTINCT	EMPTY	NOT_APPROVED
5182	105bbbae2840c875cbb97c960132c23dd156ffadc31dec6806864d14b547920a	미장준비공사	W_LEAF	LEAF_004D	1475	PROCESS	KEEP_AS_DISTINCT	EMPTY	NOT_APPROVED
5183	13a0ac8a917ccb6f595215c4f8db955a70a2b79a3cdf449ec9a81a0d297e72a5	미장바탕충전	W_LEAF	LEAF_004D	1476	TASK	KEEP_AS_DISTINCT	EMPTY	NOT_APPROVED
5212	940a2cef0f46942a7bfadd11481238f09720ec4b4771615907ba6c92d711e567	대리석깔기	W_LEAF	LEAF_004D	1477	TASK	KEEP_AS_DISTINCT	EMPTY	NOT_APPROVED
5213	bcd8612107731d0025a5bd84ea010f9bcb2b646e1428f21ab7188545dced74d2	사암깔기	W_LEAF	LEAF_004D	1478	TASK	KEEP_AS_DISTINCT	EMPTY	NOT_APPROVED
5214	baab54600a7518d35ca8e1a4907b77b6734a38ffb8b786496eb18015bc189b49	천연슬레이트(점판암)깔기	W_LEAF	LEAF_004D	1479	TASK	KEEP_AS_DISTINCT	EMPTY	NOT_APPROVED
5215	822afa5911639f71261f95ecb6d34ff131ddc3b3f9114a18c9b52760fcea51bf	인조석깔기	W_LEAF	LEAF_004D	1480	TASK	KEEP_AS_DISTINCT	EMPTY	NOT_APPROVED
5216	c62687cb97cfee9fc129b891e0c59a79a875d57916bfcde1d3a84dab2793eda7	테라조타일깔기	W_LEAF	LEAF_004D	1481	TASK	KEEP_AS_DISTINCT	EMPTY	NOT_APPROVED
5221	053f7ec2b5ea1fc3930329ee18f5147358b3488ca9c98be9bc45f7eac6f9289b	화강석내벽붙이기	W_LEAF	LEAF_004D	1482	TASK	KEEP_AS_DISTINCT	EMPTY	NOT_APPROVED
5222	20228865403cf37d4e1167afa3bfc1fb3d5479181360e32bfa2320cae646e4be	대리석내벽붙이기	W_LEAF	LEAF_004D	1483	TASK	KEEP_AS_DISTINCT	EMPTY	NOT_APPROVED
5223	5f690ce4679d613d6e8e2e4b4959f18244703756676fe2557f355b57c9404018	사암내벽붙이기	W_LEAF	LEAF_004D	1484	TASK	KEEP_AS_DISTINCT	EMPTY	NOT_APPROVED
5224	c5a96c76faf1ac9f68e49075260e9bb18725645f4c9c35072ae27ee0bde99688	천연슬래이트(점판암)내벽붙이기	W_LEAF	LEAF_004D	1485	TASK	KEEP_AS_DISTINCT	EMPTY	NOT_APPROVED
5225	ae9e03eeadd346935c45c545035b674423674f1ecd1192be94cc6b5ad5b0ef3c	인조석내벽붙이기	W_LEAF	LEAF_004D	1486	TASK	KEEP_AS_DISTINCT	EMPTY	NOT_APPROVED
5226	893590cef70ae39c5c46b2f642a79307a052253ebbe6a3d7f060c9e8c5f731d2	테라조내벽붙이기	W_LEAF	LEAF_004D	1487	TASK	KEEP_AS_DISTINCT	EMPTY	NOT_APPROVED
5231	cf0f40cbdac0171772d94e7267be8870ac0359c26fd379a9c35c5007579c8a45	화강석외벽붙이기	W_LEAF	LEAF_004D	1488	TASK	KEEP_AS_DISTINCT	EMPTY	NOT_APPROVED
5232	0a08b44aff2f3d4b75818fde96abd927f4592ea1295c7e879a0603da8e777f06	대리석외벽붙이기	W_LEAF	LEAF_004D	1489	TASK	KEEP_AS_DISTINCT	EMPTY	NOT_APPROVED
5233	739a946e884ff8901046f6c690568bd17ca17777043740548fb92a8e60df86b3	사암외벽붙이기	W_LEAF	LEAF_004D	1490	TASK	KEEP_AS_DISTINCT	EMPTY	NOT_APPROVED
5234	e452c13c9ef2b173dabbb62c3cce6ed7e296573f18465ecd34812dc05a618867	천연슬래이트외벽붙이기	W_LEAF	LEAF_004D	1491	TASK	KEEP_AS_DISTINCT	EMPTY	NOT_APPROVED
5235	72d5282078780d065d623231b03ce76885beced2a4741868f8d637e465a3fd25	인조석외벽붙이기	W_LEAF	LEAF_004E	1492	TASK	KEEP_AS_DISTINCT	EMPTY	NOT_APPROVED
5236	8d2330bfb4cab62f662984cc5a0be49d38367f6fb0b3fc4c0a2ec9484d989398	테라조외벽붙이기	W_LEAF	LEAF_004E	1493	TASK	KEEP_AS_DISTINCT	EMPTY	NOT_APPROVED
5241	9df80d41a3459fc644c554420d05b70c37d4c175b01e0760cfab659bfddbf9fa	화강석구조물밑면붙이기	W_LEAF	LEAF_004E	1494	TASK	KEEP_AS_DISTINCT	EMPTY	NOT_APPROVED
5242	5fed6df63473bae4e913f070715de78ef41d3c72ec76a7783cc779a9231fd697	대리석구조물밑면붙이기	W_LEAF	LEAF_004E	1495	TASK	KEEP_AS_DISTINCT	EMPTY	NOT_APPROVED
5243	c8e20d4e5419ecb7f4e54016765b66dbcc3349f0d593227668cf14f16b3a1e0e	사암구조물밑면붙이기	W_LEAF	LEAF_004E	1496	TASK	KEEP_AS_DISTINCT	EMPTY	NOT_APPROVED
5244	1c1b653fd74908a61c38ce8e54052de35d7d8643d9c19688a9e2c6fe5e631899	천연슬래이트구조물밑면붙이기	W_LEAF	LEAF_004E	1497	TASK	KEEP_AS_DISTINCT	EMPTY	NOT_APPROVED
5245	b2f09103422dc0c68fdce2e869cede2890d6e5c92e2a1286ba6f8a8a333da0c8	인조석구조물밑면붙이기	W_LEAF	LEAF_004E	1498	TASK	KEEP_AS_DISTINCT	EMPTY	NOT_APPROVED
5246	4493846c4493360c507ea813984a3e8a6f3746512f517784e5a3c846b2238c1e	테라조구조물밑면붙이기	W_LEAF	LEAF_004E	1499	TASK	KEEP_AS_DISTINCT	EMPTY	NOT_APPROVED
5251	ed39485f903bccfb14587b28a80e1c366ecffc15186189599f0fb62adffaea8d	계단디딤판(트레드)석재붙이기	W_LEAF	LEAF_004E	1500	TASK	KEEP_AS_DISTINCT	EMPTY	NOT_APPROVED
5252	88e1a0da33adf4caee41b1aa36257015274e056a5131cf094a187051371296da	계단채임판(라이저)석재붙이기	W_LEAF	LEAF_004E	1501	TASK	MERGE_CANDIDATE	56c69ff9e69d81b5711d9ad23ada3a61a84f35c03391264527ef70137f3b4c64	NOT_APPROVED
5253	d65acaa1010dd098d2fe194bb5c1abd6225b9c41b925c412c9b5f3b7bd5f2606	통석재계단놓기	W_LEAF	LEAF_004E	1502	TASK	KEEP_AS_DISTINCT	EMPTY	NOT_APPROVED
5261	53020c495ee569a7bc98301e5efeebcbe889c11be25473703b3d85611a159327	두겁돌붙이기	W_LEAF	LEAF_004E	1503	TASK	KEEP_AS_DISTINCT	EMPTY	NOT_APPROVED
5262	8438d37557880fef0ee8c3cc6aada2007b77cf5b01757f1d6a1681924a6fa708	창대석붙이기	W_LEAF	LEAF_004E	1504	TASK	KEEP_AS_DISTINCT	EMPTY	NOT_APPROVED
5263	f1049909b109208c4072085fcc9abb4962bacbcd34646843eb0b5a8c22dc3ea6	도어씰붙이기	W_LEAF	LEAF_004E	1505	TASK	KEEP_AS_DISTINCT	EMPTY	NOT_APPROVED
5264	040079cb31dfe4e2a98b2f2b0f1edfbde965dd93d76546c5e511077dca9d6ed9	경계석(마감석)붙이기	W_LEAF	LEAF_004E	1506	TASK	KEEP_AS_DISTINCT	EMPTY	NOT_APPROVED
5281	0247b63bb4c41423ac78fdbebc1ec29eec64307040d314831a8810710aecb05e	석재물갈기	W_LEAF	LEAF_004E	1507	TASK	KEEP_AS_DISTINCT	EMPTY	NOT_APPROVED
5282	f532b6a2871f7fe27cc8441a3420a11d9dd20d727ca6346fd80baa1e36227e09	석재거친다듬마감 - - 대․중․소 분류대․중․소 분류	W_LEAF	LEAF_004E	1508	TASK	KEEP_AS_DISTINCT	EMPTY	NOT_APPROVED
5283	d3a297eaf71c6f29f085e59161748d5ef02902035c11122c88fd9645eaa7121b	석재잔다듬마감	W_LEAF	LEAF_004E	1509	TASK	KEEP_AS_DISTINCT	EMPTY	NOT_APPROVED
5284	ad2b215b130aa0b0bbc0ea96099938d4ebfb604a0f703e9643c7b01bc198168d	석재젯트버너마감	W_LEAF	LEAF_004E	1510	TASK	KEEP_AS_DISTINCT	EMPTY	NOT_APPROVED
5285	fc0eb1087f333c967e302b6f64929fdb7d9d14b83cddb3cf57be588cae1bf34c	석재골파기마감	W_LEAF	LEAF_004E	1511	TASK	KEEP_AS_DISTINCT	EMPTY	NOT_APPROVED
5312	5c922943b3bfdf12cb5d2de5c57fde0485c129dfc538f7d24fb0d3ff2ee7c337	점토질타일바닥붙이기	W_LEAF	LEAF_004E	1512	TASK	KEEP_AS_DISTINCT	EMPTY	NOT_APPROVED
5313	e9a42ba74439051e18346c791891b35506f44b998bd1e324035eaf461365c463	자기질타일바닥붙이기	W_LEAF	LEAF_004E	1513	TASK	KEEP_AS_DISTINCT	EMPTY	NOT_APPROVED
5314	7c62b0a4a0bc7dbc129b6b6e1bea29f1bc28b2b8a2ad3cb3b9dd5ca9bbbdc894	도기질타일바닥붙이기	W_LEAF	LEAF_004E	1514	TASK	KEEP_AS_DISTINCT	EMPTY	NOT_APPROVED
5315	81e3cc2df648a50519207bedda5c7c8b71e5e1eb5e2cb349a1855681fc0ff25b	합성수지타일바닥붙이기	W_LEAF	LEAF_004E	1515	TASK	KEEP_AS_DISTINCT	EMPTY	NOT_APPROVED
5316	3397c9a30a6bba808f3bfff23beb47857642bd3b4c52fc08ff8833d3ba41d1f3	유리질타일바닥붙이기	W_LEAF	LEAF_004E	1516	TASK	KEEP_AS_DISTINCT	EMPTY	NOT_APPROVED
5317	aaacb982359564568047b179805d77b85d3f3af3a6aeab6cac4c3c44487b7503	금속타일바닥붙이기	W_LEAF	LEAF_004E	1517	TASK	KEEP_AS_DISTINCT	EMPTY	NOT_APPROVED
5318	0a63f8ebb61e7e4f1b899a50a34935220345109170727199763c140efb1b1365	석재타일바닥붙이기	W_LEAF	LEAF_004E	1518	TASK	KEEP_AS_DISTINCT	EMPTY	NOT_APPROVED
5319	35ea968d2837ec686054ebc2e4177dbd803ffc6fff30e5f867ad314a1988bee0	특수타일바닥붙이기	W_LEAF	LEAF_004E	1519	TASK	KEEP_AS_DISTINCT	EMPTY	NOT_APPROVED
5321	4c54582e0af6d6158a808a4d374a8c7c2c91a7bded0675054d05d1fd925076ea	시멘트계타일내벽붙이기	W_LEAF	LEAF_004E	1520	TASK	KEEP_AS_DISTINCT	EMPTY	NOT_APPROVED
5322	167488a99f0d58206b5e3c76f2ea69e350729f922543b1f1f126ffb0c94a4454	점토질타일내벽붙이기	W_LEAF	LEAF_004E	1521	TASK	KEEP_AS_DISTINCT	EMPTY	NOT_APPROVED
5323	b6bf7a7be2b0cba32ddbaaa116071fb7e3ed86cadf78d2c3b73c25f8f5288ade	자기질타일내벽붙이기	W_LEAF	LEAF_004E	1522	TASK	KEEP_AS_DISTINCT	EMPTY	NOT_APPROVED
5324	5c5c44fcdbc6a38f9c65889095995da28fd2553a418b2990e8360b4d7846d3ca	도기질타일내벽붙이기	W_LEAF	LEAF_004E	1523	TASK	KEEP_AS_DISTINCT	EMPTY	NOT_APPROVED
5325	1c5fe8cc5ac40dd0aed79f0581682656fd725f6589b7db042817fec13232f725	합성수지타일내벽붙이기	W_LEAF	LEAF_004E	1524	TASK	KEEP_AS_DISTINCT	EMPTY	NOT_APPROVED
5326	9c16b2f1c000f231846cef2877d8da46da0e14f44134465e374ec5257eed7cf3	유리질타일내벽붙이기	W_LEAF	LEAF_004E	1525	TASK	KEEP_AS_DISTINCT	EMPTY	NOT_APPROVED
5327	139de325cab1cf818efdaf4a94c42df217c75c77180e2dd22e51210ed292a8bd	금속타일내벽붙이기	W_LEAF	LEAF_004E	1526	TASK	KEEP_AS_DISTINCT	EMPTY	NOT_APPROVED
5328	588b9ed67d0528e466bdf4563c208f68888603a124f192618105c7d798c65030	석재타일내벽붙이기	W_LEAF	LEAF_004E	1527	TASK	KEEP_AS_DISTINCT	EMPTY	NOT_APPROVED
5329	0ee9b38590134da6dc69227f904a04cfe622dbd2ee4e955cf653555cdd7604ad	특수타일내벽붙이기	W_LEAF	LEAF_004E	1528	TASK	KEEP_AS_DISTINCT	EMPTY	NOT_APPROVED
5331	a6d54b82c2a65a2c2467863be84b287d5022538e43b6c91b37e76190b677340c	시멘트계타일외벽붙이기	W_LEAF	LEAF_004E	1529	TASK	KEEP_AS_DISTINCT	EMPTY	NOT_APPROVED
5332	d01e141b8fe4c432c5631616fead6d2c40b23c1a05af6551ba0018d842a40ff5	점토질타일외벽붙이기	W_LEAF	LEAF_004E	1530	TASK	KEEP_AS_DISTINCT	EMPTY	NOT_APPROVED
5333	318fc6649475186db4646ae98c2beca53f1d7307f69679063e7ab9b040007723	자기질타일외벽붙이기	W_LEAF	LEAF_004E	1531	TASK	KEEP_AS_DISTINCT	EMPTY	NOT_APPROVED
5334	367592c72113a0bf147f143ffc2a00a7c195f9ee30a9fc47517a94f2fb15e7ac	도기질타일외벽붙이기	W_LEAF	LEAF_004E	1532	TASK	KEEP_AS_DISTINCT	EMPTY	NOT_APPROVED
5335	75312506593ee089e0584c794a7fca80212568c12d25f61deb041e2b84aad4e2	합성수지타일외벽붙이기	W_LEAF	LEAF_004E	1533	TASK	KEEP_AS_DISTINCT	EMPTY	NOT_APPROVED
5336	0137254c0c085602a3fa82a4eb23adc2282d9150c3ccb523c495ee8fef7ce16f	유리질타일외벽붙이기	W_LEAF	LEAF_004E	1534	TASK	KEEP_AS_DISTINCT	EMPTY	NOT_APPROVED
5337	acac70e127fce58fb6aaaf221e54eb1fcba272cb219c982c921c7a5ccea37a81	금속타일외벽붙이기	W_LEAF	LEAF_004E	1535	TASK	KEEP_AS_DISTINCT	EMPTY	NOT_APPROVED
5338	5758d281ae2cbee3a67181cb7ce199a1ee47dab930b8671f5158522632c473f7	석재타일외벽붙이기	W_LEAF	LEAF_004E	1536	TASK	KEEP_AS_DISTINCT	EMPTY	NOT_APPROVED
5339	1be96f0243775caff6a2883fb7a5e0e74a31953b076ffc077a493eb8c35c50a8	특수타일외벽붙이기	W_LEAF	LEAF_004E	1537	TASK	KEEP_AS_DISTINCT	EMPTY	NOT_APPROVED
5341	bb5df5c5e32b1cd685b0119fcc5160f95596b3a1bd2dcde57489904cf917968a	시멘트계타일밑면붙이기	W_LEAF	LEAF_004E	1538	TASK	KEEP_AS_DISTINCT	EMPTY	NOT_APPROVED
5342	2a8d2be2168d3c411fe5a3732b4568cc6807241d21c9f89e88d40cec2ab66bcb	점토질타일밑면붙이기	W_LEAF	LEAF_004E	1539	TASK	KEEP_AS_DISTINCT	EMPTY	NOT_APPROVED
5343	476047a419f3d5d86ebe2847bf053c6e3d35f2987bb89f60872f8c68372dc5d0	자기질타일밑면붙이기	W_LEAF	LEAF_004E	1540	TASK	KEEP_AS_DISTINCT	EMPTY	NOT_APPROVED
5344	b8b0cd1e328d8560b47b952e6a3fb9bc68bd1d7a89fab56c8d535f809f8496f7	도기질타일밑면붙이기	W_LEAF	LEAF_004E	1541	TASK	KEEP_AS_DISTINCT	EMPTY	NOT_APPROVED
5345	529efcc50a5826f6dea59727ca17ea6e4ed74fdbcba33d1085870c5b27472ff1	합성수지타일밑면붙이기	W_LEAF	LEAF_004E	1542	TASK	KEEP_AS_DISTINCT	EMPTY	NOT_APPROVED
5346	972373048892a1626c21a4bb21c46fc2e635239866fa82588833e1ffd9568b6d	유리질타일밑면붙이기	W_LEAF	LEAF_004E	1543	TASK	KEEP_AS_DISTINCT	EMPTY	NOT_APPROVED
5347	9ae662c4d156f200bb78a6e565ed4c29a3208034c61f3f1103559955d7bc6a58	금속타일밑면붙이기	W_LEAF	LEAF_004E	1544	TASK	KEEP_AS_DISTINCT	EMPTY	NOT_APPROVED
5348	64e197d7600879f4b89f8804033360eec469c0913d6bcf2ec7f997ce3149eb9f	석재타일밑면붙이기	W_LEAF	LEAF_004E	1545	TASK	KEEP_AS_DISTINCT	EMPTY	NOT_APPROVED
5349	1f0bec5b8d42000ddd50ad4a27d409b8e1e101365f7497c1922df34e2f6bbcbf	특수타일밑면붙이기	W_LEAF	LEAF_004E	1546	TASK	KEEP_AS_DISTINCT	EMPTY	NOT_APPROVED
5351	004493043cbd6812ec7c8ebecf06292506372cf75e5cb1dc4477722725da1c39	계단디딤판(트레드)타일붙이기	W_LEAF	LEAF_004E	1547	TASK	KEEP_AS_DISTINCT	EMPTY	NOT_APPROVED
5352	56c69ff9e69d81b5711d9ad23ada3a61a84f35c03391264527ef70137f3b4c64	계단채임판(라이저)석재붙이기	W_LEAF	LEAF_004E	1548	TASK	MERGE_CANDIDATE	88e1a0da33adf4caee41b1aa36257015274e056a5131cf094a187051371296da	NOT_APPROVED
5361	b8a74dbdaf9743932b06db3389cedd8b9b1d2c5958b649e9870e2142fe8c7f3a	띠타일붙이기	W_LEAF	LEAF_004E	1549	TASK	KEEP_AS_DISTINCT	EMPTY	NOT_APPROVED
5362	cca0cea3a96c6a6f1c41d33384e9d716e56148efbb3e3e8f65709256ff7e5331	모서리타일붙이기	W_LEAF	LEAF_004E	1550	TASK	KEEP_AS_DISTINCT	EMPTY	NOT_APPROVED
5363	71c59935f7a837ab7c3dbe7fab6e8d8bfc69d8704bd7fbbaf49461f3e355d81d	점자타일붙이기	W_LEAF	LEAF_004E	1551	TASK	KEEP_AS_DISTINCT	EMPTY	NOT_APPROVED
5364	970c8c8295dc4b086f34ae98be6327c3f4e23af516eeada5fe4eb024ed984a75	그래픽타일붙이기	W_LEAF	LEAF_004E	1552	TASK	KEEP_AS_DISTINCT	EMPTY	NOT_APPROVED
5412	876e8cbda251ad9ecaa39cb35e83807f79db6037d5b6dbfd6da786ea58ba854e	합성수지쉬트	W_LEAF	LEAF_004E	1553	MATERIAL_COMPONENT	REJECT	EMPTY	NOT_APPROVED
5413	a214f5ff323ba42c4565d65b63ea2274994738f2faab0c6190d2c242cd60d45f	합성수지판재	W_LEAF	LEAF_004E	1554	MATERIAL_COMPONENT	REJECT	EMPTY	NOT_APPROVED
5414	47d3049a366340fff54c2e70b75c22b13e49b187f983bef6fe161691299630c4	카페트깔기	W_LEAF	LEAF_004E	1555	TASK	KEEP_AS_DISTINCT	EMPTY	NOT_APPROVED
5416	fd59c3f27cfd69c43cb42a37b37f28c13b4b2fafcc3f630cb870c1ac5b9a8150	이중바닥판(Accessfloor)	W_LEAF	LEAF_004E	1556	MATERIAL_COMPONENT	REJECT	EMPTY	NOT_APPROVED
5417	32d7fca2f363f152d04de9c9873c98093b3f3cc275766bf452d810ba1e91bb3b	인조잔디깔기	W_LEAF	LEAF_004E	1557	TASK	KEEP_AS_DISTINCT	EMPTY	NOT_APPROVED
5418	c37ece443b6c268df3cc5beb5309c868be940de91cf08c80409a386fec4939de	돗자리 다다미	W_LEAF	LEAF_004E	1558	MATERIAL_COMPONENT	REJECT	EMPTY	NOT_APPROVED
5421	0b7168a65f368a1ea951f6481e24daedb2183912fe46849dfa1d3e2359ccf0db	시멘트계판재칸막이	W_LEAF	LEAF_004E	1559	FACILITY_EQUIPMENT	REJECT	EMPTY	NOT_APPROVED
5422	20071849cd8ac628c9498d31c236eb4a181f571bd68d38b4071005b0cf25637b	철재칸막이	W_LEAF	LEAF_004E	1560	FACILITY_EQUIPMENT	REJECT	EMPTY	NOT_APPROVED
5423	f428eeb75f994c4327ea6c157ea81e1b83d20c300b37633cac4d36e23ad9ba7e	합성수지판재칸막이	W_LEAF	LEAF_004E	1561	FACILITY_EQUIPMENT	REJECT	EMPTY	NOT_APPROVED
5424	4c5d8664fb33346f37d0f80eefd2853491bb564d6195ca5e57a2d600e2adab0e	파티클보드칸막이	W_LEAF	LEAF_004E	1562	FACILITY_EQUIPMENT	REJECT	EMPTY	NOT_APPROVED
5431	bae88e06f4456c40976422277987605b007b14025be544651c76a9226dd69462	벽체석고보드붙이기	W_LEAF	LEAF_004E	1563	TASK	KEEP_AS_DISTINCT	EMPTY	NOT_APPROVED
5432	8e1302720744602a8e382eb2f49460806ba50fd44d0db2552c86a45da9e6b933	벽체석면시멘트판재붙이기	W_LEAF	LEAF_004E	1564	TASK	KEEP_AS_DISTINCT	EMPTY	NOT_APPROVED
5433	a25e1cef28beb337d2858c7ec6c0af34dceee287991159a1af17d52ded200d75	벽체합성수지판재붙이기	W_LEAF	LEAF_004E	1565	TASK	KEEP_AS_DISTINCT	EMPTY	NOT_APPROVED
5434	8f5c0467779f016966e2b22993cc636d54f206dc4d042565c71548ffc030d770	벽체섬유질판재붙이기	W_LEAF	LEAF_004E	1566	TASK	KEEP_AS_DISTINCT	EMPTY	NOT_APPROVED
5435	5eb2b27c7ef2ce00792ead51f8b359d3a03c295954512313e9d76a8c38cec4db	벽체카페트붙이기	W_LEAF	LEAF_004E	1567	TASK	KEEP_AS_DISTINCT	EMPTY	NOT_APPROVED
5436	8f9fd23bd6fedde8fbe4cacfd59fdf6fadc39e41bd516c9b4e920a7b32d58317	벽체페브릭붙이기	W_LEAF	LEAF_004E	1568	TASK	KEEP_AS_DISTINCT	EMPTY	NOT_APPROVED
5441	28eee752c6cc187fd37094937dcc6d706bb79869dd2ad35f6af2dba77b6dd9ce	천정석고보드붙이기	W_LEAF	LEAF_004E	1569	TASK	KEEP_AS_DISTINCT	EMPTY	NOT_APPROVED
5442	914ca27cab7410ed86b313f8ff56b57842f43aefa6eef507e5f49c9112da92fc	천정석면시멘트판재붙이기	W_LEAF	LEAF_004E	1570	TASK	KEEP_AS_DISTINCT	EMPTY	NOT_APPROVED
5443	6660dc6683ee0b6bb3c2b1229bea4a5c6dc1c76ceb81c975d7087cb05e507bdc	천정합성수지판재붙이기	W_LEAF	LEAF_004E	1571	TASK	KEEP_AS_DISTINCT	EMPTY	NOT_APPROVED
5444	d648e48721f687dc663127b2fbdc2a19908f147005406eaa810f76f0a2180be3	천정섬유질판재붙이기	W_LEAF	LEAF_004E	1572	TASK	KEEP_AS_DISTINCT	EMPTY	NOT_APPROVED
5446	ba46988c3b0ac634aee981b4792b02d0722e98c987b431dcc4ef6882bd298b8d	천정패브릭붙이기	W_LEAF	LEAF_004E	1573	TASK	KEEP_AS_DISTINCT	EMPTY	NOT_APPROVED
5451	6888165b8cdfcfe2d92557a328f1bb1920d7c6758e2d9ea4ecc13cc78d0dc2d8	벽지바르기	W_LEAF	LEAF_004E	1574	TASK	KEEP_AS_DISTINCT	EMPTY	NOT_APPROVED
5452	71af77c54f1888d178aca91f56cc836c1b7a354ced87923b1e4b38550b71d8cc	천정지바르기	W_LEAF	LEAF_004E	1575	TASK	KEEP_AS_DISTINCT	EMPTY	NOT_APPROVED
5453	d5e7f5b73241dcfb030dcc8ead04ed08af9740cee5514900483306716db3aa61	장판지바르기	W_LEAF	LEAF_004E	1576	TASK	KEEP_AS_DISTINCT	EMPTY	NOT_APPROVED
5455	234c0abd4189ceb06e53be8f6d2e4df239c7fa02bc4b6fe1c64ca9715786e5a7	창호지바르기	W_LEAF	LEAF_004E	1577	TASK	KEEP_AS_DISTINCT	EMPTY	NOT_APPROVED
5461	b3773f6d549193196488ebe2c1edd2e39cadd73d820e62691407fabb0fe2b2b7	우드비니어(무늬목)붙이기	W_LEAF	LEAF_004E	1578	TASK	KEEP_AS_DISTINCT	EMPTY	NOT_APPROVED
5462	b84f629ef50df9cfb4a01f8ee8629034025284cd3714036cce0f0f5b376d1746	멜라민수지쉬트붙이기	W_LEAF	LEAF_004E	1579	TASK	KEEP_AS_DISTINCT	EMPTY	NOT_APPROVED
5463	0fe2fee352a26455bc0b2dc7f86c790cd604fa548abfd97300a5e98922d1ccae	폴리에스테르수지쉬트붙이기	W_LEAF	LEAF_004E	1580	TASK	KEEP_AS_DISTINCT	EMPTY	NOT_APPROVED
5464	5349d6f3d411665d76614f209ccbc0ec9ea02116bba4d90778df1eef790b3fec	염화비닐수지쉬트붙이기	W_LEAF	LEAF_004E	1581	TASK	KEEP_AS_DISTINCT	EMPTY	NOT_APPROVED
5465	73c416e41a4d023f4bf79d59accaafd63b02284501482d27a378d7c9f37b3ade	페놀수지쉬트붙이기	W_LEAF	LEAF_004E	1582	TASK	KEEP_AS_DISTINCT	EMPTY	NOT_APPROVED
5466	f58fa609e5d7b6df2abc3822d1456340de6c433c821fd78e884dd8c5f41034de	박판금속쉬트붙이기	W_LEAF	LEAF_004E	1583	TASK	KEEP_AS_DISTINCT	EMPTY	NOT_APPROVED
5471	c8e3a556ca4625ad50a92a11e88168aad14a7b11a382b8e381eefe45e3263e03	그릴설치	W_LEAF	LEAF_004E	1584	TASK	KEEP_AS_DISTINCT	EMPTY	NOT_APPROVED
5472	461e834c2e2863d923c24c847d4af05eb17c3da839a16f0e69af9b765703ee89	루버설치	W_LEAF	LEAF_004E	1585	TASK	KEEP_AS_DISTINCT	EMPTY	NOT_APPROVED
5473	a99b1e10b1977399a19bf499caf8265feff693bc3565252625651bdb9684874a	수장마감부속재설치	W_LEAF	LEAF_004E	1586	TASK	KEEP_AS_DISTINCT	EMPTY	NOT_APPROVED
5512	aa4d788aa1220ee9689e696ae8944df74575281d6e8210f08f9b247aa35992c9	목재바탕처리	W_LEAF	LEAF_004E	1587	TASK	KEEP_AS_DISTINCT	EMPTY	NOT_APPROVED
5513	2910a5571db6756d4eb1513612d8db36547619e9b89032e78a4e5680015d97fc	미장및콘크리트면바탕처리	W_LEAF	LEAF_004E	1588	TASK	KEEP_AS_DISTINCT	EMPTY	NOT_APPROVED
5514	be864e5058dc450039176eb629bb56887c28210d63c96fda7ecd108c9dda8a86	석고보드 종이면바탕처리	W_LEAF	LEAF_004E	1589	TASK	KEEP_AS_DISTINCT	EMPTY	NOT_APPROVED
5517	dde89f75f720ccb274994d7d71a933d73a4eeef04380b4b65f47870f7ca45f66	오일스테인	W_LEAF	LEAF_004E	1590	MATERIAL_COMPONENT	REJECT	EMPTY	NOT_APPROVED
5518	6124732b80e2f2a7972db47b295681841a4ea5f511af1e588efa92a4a6725386	목재방부칠	W_LEAF	LEAF_004E	1591	TASK	KEEP_AS_DISTINCT	EMPTY	NOT_APPROVED
5519	a9851dc9be5a97834f108818e37e0d8ef9466fce7461c4ae36a7b9ee7d0868b6	기타도장바탕처리	W_LEAF	LEAF_004E	1592	TASK	KEEP_AS_DISTINCT	EMPTY	NOT_APPROVED
5521	d2d96668b0200f1db650883ed4671b2a42cc6e9eedbdc0ce64b72ec291b2750c	광명단	W_LEAF	LEAF_004E	1593	MATERIAL_COMPONENT	REJECT	EMPTY	NOT_APPROVED
5522	3b765a03a964f7720ec1ce795ebd8bbc191b726a072a2e8e5a1fdd939c2453fb	산화철방청페인트 - - 대․중․소 분류대․중․소 분류	W_LEAF	LEAF_004E	1594	MATERIAL_COMPONENT	REJECT	EMPTY	NOT_APPROVED
5523	5fb70f37cd3b163bb96acc57a2438a5e86a572ae9e092ef9a1832a1eba0fd576	징크로메이트방청페인트	W_LEAF	LEAF_004E	1595	MATERIAL_COMPONENT	REJECT	EMPTY	NOT_APPROVED
5524	13a0416e1607ba9aed53b21100e28f46daa8dc268f31fe59a842df0f3fb5d7ad	연시안아미드방청페인트	W_LEAF	LEAF_004E	1596	MATERIAL_COMPONENT	REJECT	EMPTY	NOT_APPROVED
5525	b673f46651bac209dd0859a18ca380a7960add245c4125658f9689e76ba8c570	알루미늄페인트	W_LEAF	LEAF_004E	1597	MATERIAL_COMPONENT	REJECT	EMPTY	NOT_APPROVED
5526	e84b92fbf6ec64e990b9680a47cc5a84314428013343acbbef2062c9f6f068d1	그라파이트페인트	W_LEAF	LEAF_004E	1598	MATERIAL_COMPONENT	REJECT	EMPTY	NOT_APPROVED
5527	0de1691268fce0b8d05ba62658878714d5f62a4fc479bff8ee7adfd149a55f95	역청질페인트	W_LEAF	LEAF_004E	1599	MATERIAL_COMPONENT	REJECT	EMPTY	NOT_APPROVED
5528	aa7d2a5415a7f575d2d343b0ad2c2d0b2408fef78877e2cf5acce4b208fa9493	이온교환수지페인트	W_LEAF	LEAF_004E	1600	MATERIAL_COMPONENT	REJECT	EMPTY	NOT_APPROVED
5529	f4d9f4163afc5fdc03242f1b5f609eb87f157a3dc5be5c38a32d4a49a86bd4e9	기타방청성페인트	W_LEAF	LEAF_004E	1601	MATERIAL_COMPONENT	REJECT	EMPTY	NOT_APPROVED
5531	59974581b655e56ba7477e39841d094ee575b09234c6f1d8823687817e8598d8	된반죽유성페인트	W_LEAF	LEAF_004E	1602	MATERIAL_COMPONENT	REJECT	EMPTY	NOT_APPROVED
5532	25f4e1efb886ab8f96965e2f879bb9b4a2137035cacbc149b1f407b729faca44	조합페인트	W_LEAF	LEAF_004E	1603	MATERIAL_COMPONENT	REJECT	EMPTY	NOT_APPROVED
5533	ebacdb64d24b3e2bce30c1344ddd84b442766728aedd1334a31bff1c40ca3881	카슈칠 옻칠	W_LEAF	LEAF_004E	1604	MATERIAL_COMPONENT	REJECT	EMPTY	NOT_APPROVED
5534	dff19f9c33a4f0551f95445978ebee4aa9975d722f24f96472b034d9bf747898	페놀수지페인트	W_LEAF	LEAF_004E	1605	MATERIAL_COMPONENT	REJECT	EMPTY	NOT_APPROVED
5541	56abb580b708b4406306c19c2a8cf06e59f021f7c0f43c1995145d8a23efe5ae	유성바니쉬	W_LEAF	LEAF_004E	1606	MATERIAL_COMPONENT	REJECT	EMPTY	NOT_APPROVED
5542	9d29dc4f4d0f9356d9ce181c625e7cfa6c5b8f63508d86fa60874da5245a7996	수지바니쉬	W_LEAF	LEAF_004E	1607	MATERIAL_COMPONENT	REJECT	EMPTY	NOT_APPROVED
5545	a679b80598ed63285e74afcf9fb5352b59468ed07cdbebe74593b0782bebf920	에나멜페인트	W_LEAF	LEAF_004E	1608	MATERIAL_COMPONENT	REJECT	EMPTY	NOT_APPROVED
5551	d4520fcb8c35ea6f8b8ec8e20ff64fddfd1dfaa1c428b34e8449a589f3bf4ff8	크리어락카	W_LEAF	LEAF_004E	1609	MATERIAL_COMPONENT	REJECT	EMPTY	NOT_APPROVED
5552	4c31d91a0ef2d84b5724fd8d3cba8a131c20bb4ab7438181c3e157521c6afcc4	락커에나멜	W_LEAF	LEAF_004E	1610	MATERIAL_COMPONENT	REJECT	EMPTY	NOT_APPROVED
5553	f3fa0d014f9353ce682b402a182d98fa02cb422cbdd889760f911de1a1557848	특수락카	W_LEAF	LEAF_004E	1611	MATERIAL_COMPONENT	REJECT	EMPTY	NOT_APPROVED
5561	b2350f32bba3be1824c7b3d15a5025e112014f7b4aebda001a2a2cc80fee8fa0	일반수성페인트	W_LEAF	LEAF_004E	1612	MATERIAL_COMPONENT	REJECT	EMPTY	NOT_APPROVED
5562	013f04b0f14cfafce6e6c0c0ae962664e04babe53407fa4a55b59ae3b0d668d4	합성수지계에멀젼페인트	W_LEAF	LEAF_004E	1613	MATERIAL_COMPONENT	REJECT	EMPTY	NOT_APPROVED
5571	f91932f5c335ad5fce18ba85161f703637f1218de517751d5cbbaa545cc70cdd	멜라민계수지페인트	W_LEAF	LEAF_004E	1614	MATERIAL_COMPONENT	REJECT	EMPTY	NOT_APPROVED
5572	40e32dde869d18f9d7b361def8d85cc9ac702b6031c9fc9796503aaa6a400bb4	프탈산계수지페인트	W_LEAF	LEAF_004E	1615	MATERIAL_COMPONENT	REJECT	EMPTY	NOT_APPROVED
5573	7ec959e5e05f962a2c91672cd8900acc68feb74b00cf136609fce1d235698414	비닐계수지페인트	W_LEAF	LEAF_004E	1616	MATERIAL_COMPONENT	REJECT	EMPTY	NOT_APPROVED
5574	346bd1be11b7d652e71cdf468fed00c822f56a743424cf9658aa2e78917fc288	아크릴계수지페인트	W_LEAF	LEAF_004E	1617	MATERIAL_COMPONENT	REJECT	EMPTY	NOT_APPROVED
5575	953e69d7dcffeb4e83429b9908fc6da7840775577c859c1316a145f3e3497270	불포화에스테르계수지페인트	W_LEAF	LEAF_004E	1618	MATERIAL_COMPONENT	REJECT	EMPTY	NOT_APPROVED
5576	5f88f993f1a4d3da053d7ffaf565d66f346f19ca955b4c6ebd03bea1ab0ddfb4	에폭시계수지페인트	W_LEAF	LEAF_004E	1619	MATERIAL_COMPONENT	REJECT	EMPTY	NOT_APPROVED
5577	df15e8ff8b785306e44e5ec1a562fee442f071f0ed690229ccdb9a4159b245d0	폴리에스테르계수지페인트	W_LEAF	LEAF_004E	1620	MATERIAL_COMPONENT	REJECT	EMPTY	NOT_APPROVED
5578	ff279c614488b6a6d7c92cf469233457a379cd49e31710f0f116efdcd0f6e9d1	폴리우레탄계수지페인트	W_LEAF	LEAF_004E	1621	MATERIAL_COMPONENT	REJECT	EMPTY	NOT_APPROVED
5579	c91c7d79d467707a49c62690da7b8fc4d0abaa2570906c7dbd0a07849b1be0c2	기타합성수지페인트	W_LEAF	LEAF_004E	1622	MATERIAL_COMPONENT	REJECT	EMPTY	NOT_APPROVED
5581	80d44a9d66753f14e6fc70fef84d583fe43358631338a86275121c2f8aa7d989	본타일	W_LEAF	LEAF_004E	1623	MATERIAL_COMPONENT	REJECT	EMPTY	NOT_APPROVED
5582	874b476979d4a0b445254f082a51181cf9ec81e50eb19b610878a32d3a0d8d0f	드라이빗드	W_LEAF	LEAF_004E	1624	MATERIAL_COMPONENT	REJECT	EMPTY	NOT_APPROVED
5583	abbbfe31b7159ae5dce5f1adeb6ded3f4d160f54bc49a9f9336028e82584f310	소부페인트	W_LEAF	LEAF_004E	1625	MATERIAL_COMPONENT	REJECT	EMPTY	NOT_APPROVED
5584	cb3fc2ab3d0480edf56da2a9e3c3f79fb45ccdf81108fb20a15dc71a224d4e48	내화학페인트	W_LEAF	LEAF_004E	1626	MATERIAL_COMPONENT	REJECT	EMPTY	NOT_APPROVED
5585	e5751cf313e0780371f21875479996809da7fd6fff8251fb3a694d9c277cf3e7	내화페인트	W_LEAF	LEAF_004E	1627	MATERIAL_COMPONENT	REJECT	EMPTY	NOT_APPROVED
5586	58e000c1a59bf7fc2cca1aff6ac9a4d22634b3fcc427d7936ede9af8872dda6c	내산페인트	W_LEAF	LEAF_004E	1628	MATERIAL_COMPONENT	REJECT	EMPTY	NOT_APPROVED
5587	d8ec9deb8fb393094c72d1cf5b80caebc4e0f27d072f0eb48b626cbe7d62ae95	낙서방지용페인트	W_LEAF	LEAF_004E	1629	MATERIAL_COMPONENT	REJECT	EMPTY	NOT_APPROVED
5588	e7b93b0dcc24c85a5ea30ac9df82d1195b20552b76a45c07ffe9ee712bae5e19	형광페인트	W_LEAF	LEAF_004E	1630	MATERIAL_COMPONENT	REJECT	EMPTY	NOT_APPROVED
5589	ba0973246dc680ed5f55c84247e5d32156e5ba9e16cd84d1bc577f38b4d761ed	기타특수페인트	W_LEAF	LEAF_004E	1631	MATERIAL_COMPONENT	REJECT	EMPTY	NOT_APPROVED
5612	e0bc4eea115a793c16f830be3e9afac6eb3c70af821e9d9f3841df29694ab103	붙박이안내설비	W_LEAF	LEAF_004E	1632	FACILITY_EQUIPMENT	REJECT	EMPTY	NOT_APPROVED
5613	60c1f023d79c5125f77b9a906a2e6f77e99559f98df11ae5198168eae8605d09	칸막이 부츠	W_LEAF	LEAF_004E	1633	FACILITY_EQUIPMENT	REJECT	EMPTY	NOT_APPROVED
5614	8b41efbcd252e670c67e0e6e35bbf430b75b2dec43ca212bae26bbada4fdb0be	주방가구	W_LEAF	LEAF_004E	1634	FACILITY_EQUIPMENT	REJECT	EMPTY	NOT_APPROVED
5619	46ae4c73a78600961fa78d0625607c79621d082a53d446a9939e769a33279423	기타설치가구	W_LEAF	LEAF_004E	1635	FACILITY_EQUIPMENT	REJECT	EMPTY	NOT_APPROVED
5621	bb627c6f60974b208a753cec5c888d617654d6d344a8cbfc2b3d59a9cc6068ff	칠판및게시판	W_LEAF	LEAF_004E	1636	FACILITY_EQUIPMENT	REJECT	EMPTY	NOT_APPROVED
5622	e82928c821ca9ddba5ed95a6f13165b3c0f87b69d6ab91c6656d7b28e64f11bc	안내표식시설	W_LEAF	LEAF_004E	1637	FACILITY_EQUIPMENT	REJECT	EMPTY	NOT_APPROVED
5631	507c23d69f138b4de5f17cca0572a0f37b127e03e4f0a7c49800eb0c61806554	휘장및커텐	W_LEAF	LEAF_004E	1638	FACILITY_EQUIPMENT	REJECT	EMPTY	NOT_APPROVED
5632	010a149bb75d0af9bf4e0b44d7d46f7ceb4b82a55b5c0f6696da882635c37672	블라인드스크린	W_LEAF	LEAF_004E	1639	FACILITY_EQUIPMENT	REJECT	EMPTY	NOT_APPROVED
5633	071748a2c29915b63ad197b1a4296571d5f71b35cdafaa5ea8a392819483e41f	차양	W_LEAF	LEAF_004E	1640	FACILITY_EQUIPMENT	REJECT	EMPTY	NOT_APPROVED
5712	5ff6996230ee2805bfd927f01665aca50d324d68dac986910129a090bc9df151	의자	W_LEAF	LEAF_004E	1641	FACILITY_EQUIPMENT	REJECT	EMPTY	NOT_APPROVED
5713	d9db306c490597622b9e6072ac7109ce8a6fd3d550443a39836611ecc49f0e0c	침대	W_LEAF	LEAF_004E	1642	FACILITY_EQUIPMENT	REJECT	EMPTY	NOT_APPROVED
5714	de4190aa5d1feb2b40711b1e2ea9a1651a9ec34e960e2dd4a64979dddd3bffdb	수납가구	W_LEAF	LEAF_004E	1643	FACILITY_EQUIPMENT	REJECT	EMPTY	NOT_APPROVED
5751	f74afd95a814d37a475a354154ed93c944397f11447a7a657ba930d0f9604fd9	바닥깔개및매트	W_LEAF	LEAF_004E	1644	FACILITY_EQUIPMENT	REJECT	EMPTY	NOT_APPROVED
5752	813827322b948e860f89c210f5893cccc6196c5b302f8be30d09af625c810af4	예술품	W_LEAF	LEAF_004E	1645	FACILITY_EQUIPMENT	REJECT	EMPTY	NOT_APPROVED
5753	911521be7d25b0d7c3948b04e50781d893c7eafa6d5ec5409f36c2d1697e6b9a	실내조경용비품	W_LEAF	LEAF_004E	1646	FACILITY_EQUIPMENT	REJECT	EMPTY	NOT_APPROVED
5759	ff8b600c0c87a19315c042ad9c62c3c02c233c84c66130894fccbd54bc440e97	기타집기비품	W_LEAF	LEAF_004E	1647	FACILITY_EQUIPMENT	REJECT	EMPTY	NOT_APPROVED
5921	90fada34997341ddc866564498d22b54389b11190e8e29615ce1d436c87f0351	교목이식공사	W_LEAF	LEAF_004E	1648	TASK	KEEP_AS_DISTINCT	EMPTY	NOT_APPROVED
5922	9bd8d9d79503ff1075dc4ad0672b454b6711782af08403e0b056228483b21658	관목이식공사	W_LEAF	LEAF_004E	1649	TASK	KEEP_AS_DISTINCT	EMPTY	NOT_APPROVED
5923	2a57231c9f56ec712418290f3ca9c8eda35adfeb9cdf31eae3f92ce0cde0d4f6	교목식재공사	W_LEAF	LEAF_004E	1650	TASK	KEEP_AS_DISTINCT	EMPTY	NOT_APPROVED
5924	b2f53db69e67e2ff03d4369e4eb3abb3b97c70d13f667c33a3ff63e57a997f30	관목식재공사	W_LEAF	LEAF_004E	1651	TASK	KEEP_AS_DISTINCT	EMPTY	NOT_APPROVED
5925	70cdc930e9ba3d50a6353e9b2e64b87663bcf96f014e2a19889b794333b33081	지피류및초화류식재	W_LEAF	LEAF_004E	1652	TASK	MERGE_CANDIDATE	28f705a03a84f2f9978aa74a5eba7fafb8181b4bf06db01ef83ab25f083c4376	NOT_APPROVED
5926	608616bccb46d8343b165a5147bd2df06b9cd77064a4d1cb3eb6c5d8651cfdce	묘목식재	W_LEAF	LEAF_004E	1653	TASK	KEEP_AS_DISTINCT	EMPTY	NOT_APPROVED
5927	28f705a03a84f2f9978aa74a5eba7fafb8181b4bf06db01ef83ab25f083c4376	지피류및초화류식재	W_LEAF	LEAF_004E	1654	TASK	MERGE_CANDIDATE	70cdc930e9ba3d50a6353e9b2e64b87663bcf96f014e2a19889b794333b33081	NOT_APPROVED
5928	0a0da7724e2ef442947f7bfea6741fd9e019528b4297604b3e5b02578712cebb	식재보호공사	W_LEAF	LEAF_004E	1655	TASK	KEEP_AS_DISTINCT	EMPTY	NOT_APPROVED
5931	61c342eeb01eac89abed170868d68166102854d757fcbdb983b65b97bc8db4b0	잔디씨뿌리기	W_LEAF	LEAF_004E	1656	TASK	KEEP_AS_DISTINCT	EMPTY	NOT_APPROVED
5932	5b74614c74f01b6cc805767619cd120ffcfd745e445edeaa15247b35cfa5eb6f	종자뿜어붙이기	W_LEAF	LEAF_004E	1657	TASK	KEEP_AS_DISTINCT	EMPTY	NOT_APPROVED
5933	2d4634400372220a32d2321ed7ece948a3325c45e132fca3e3521a31b12f1ecf	잔디식재	W_LEAF	LEAF_004E	1658	TASK	KEEP_AS_DISTINCT	EMPTY	NOT_APPROVED
5941	bfbe17d905eb00d52587f9d09a6cec9c190964cb0a9b3fc2ad3c7c92396b9209	비탈면녹화	W_LEAF	LEAF_004E	1659	TASK	KEEP_AS_DISTINCT	EMPTY	NOT_APPROVED
5942	6cc3b67e19e366dbba499fcec911bdf1e9dc09f6e300be0ae31b8fd11ecb7f7e	생태복원공사	W_LEAF	LEAF_004E	1660	PROCESS	KEEP_AS_DISTINCT	EMPTY	NOT_APPROVED
5951	df357bc82caf8c2c17008dc29466de5420953a44ed70e5cd25d5eaaf59520c9f	파종	W_LEAF	LEAF_004E	1661	TASK	KEEP_AS_DISTINCT	EMPTY	NOT_APPROVED
5952	ea0876fc67451b2e57275ac6a9527da2d6f7401180c502382ff7406d63ebded6	초류종자살포	W_LEAF	LEAF_004E	1662	TASK	KEEP_AS_DISTINCT	EMPTY	NOT_APPROVED
5961	b275328fe740aaacd15e64354e5f588ec3730228916aafeb42cca1e30e7aa194	수경시설물설치	W_LEAF	LEAF_004E	1663	TASK	KEEP_AS_DISTINCT	EMPTY	NOT_APPROVED
5962	14a33c79b14aa9f29eab98551a362afe7b7a8bf31ad9bd626fae1ee7ddb8c404	유희시설물설치	W_LEAF	LEAF_004E	1664	TASK	KEEP_AS_DISTINCT	EMPTY	NOT_APPROVED
5963	607cd1cf95faba37ffd04fa8cdd205aa311066dbf4f094c7e1018360e1ddd02c	안내시설물설치	W_LEAF	LEAF_004E	1665	TASK	KEEP_AS_DISTINCT	EMPTY	NOT_APPROVED
5964	b1cb7a0a47ea1eb37f3d63299d6439a541e3be627d03bd19b65d6023e47b5dfe	휴게시설물설치	W_LEAF	LEAF_004E	1666	TASK	KEEP_AS_DISTINCT	EMPTY	NOT_APPROVED
5965	6127839590619073ec9fa7a0763dc2e059a65e987ef58bf7e7cd236f7f77a61a	편의시설물설치	W_LEAF	LEAF_004E	1667	TASK	KEEP_AS_DISTINCT	EMPTY	NOT_APPROVED
5966	fee7e961bfda91cabf2058eabfed0778125602cd4f8602337be75d5624f509a3	관리시설물설치	W_LEAF	LEAF_004E	1668	TASK	KEEP_AS_DISTINCT	EMPTY	NOT_APPROVED
5967	3f4d11e2c3486a6a2e8eb8ced32746d11d0401f2b9cd3d35c478268768336b9a	체력단련시설물설치	W_LEAF	LEAF_004E	1669	TASK	KEEP_AS_DISTINCT	EMPTY	NOT_APPROVED
5968	f8dfd6c76c1a9ef41ecc4e01e72104e4cc0f463043d6ce4d69d41bc56335a0e0	경계시설물설치	W_LEAF	LEAF_004E	1670	TASK	KEEP_AS_DISTINCT	EMPTY	NOT_APPROVED
5969	02d123394ae2776323f8563a26d5741a7143fb3ba4557cbad9138c7b4d880785	환경조형시설물설치	W_LEAF	LEAF_004E	1671	TASK	KEEP_AS_DISTINCT	EMPTY	NOT_APPROVED
5971	0c8a20b45914641894b056728657457a24a08a70181218fbe42eb93896cb9ee2	전정	W_LEAF	LEAF_004E	1672	TASK	KEEP_AS_DISTINCT	EMPTY	NOT_APPROVED
5972	3016b79ce67c2991dcda2b5224ac93e617a07cb6c463ec34b62964e2941bc641	교목수간보호 - - 대․중․소 분류대․중․소 분류	W_LEAF	LEAF_004E	1673	TASK	KEEP_AS_DISTINCT	EMPTY	NOT_APPROVED
5973	a4364749264f8e498aa0b506c34b3791a2e937f1289a2870c8dec7e314350433	관수	W_LEAF	LEAF_004E	1674	TASK	KEEP_AS_DISTINCT	EMPTY	NOT_APPROVED
5974	792f955699a3ed4189fa5cb1bfd41e371addac23770c2ee202753617c44accaa	제초및잔디깍기	W_LEAF	LEAF_004E	1675	TASK	KEEP_AS_DISTINCT	EMPTY	NOT_APPROVED
5975	ec19433c16a665a020e78d41e798b22f094af25c7bbc9c32bb6114be3d316659	시비	W_LEAF	LEAF_004E	1676	TASK	KEEP_AS_DISTINCT	EMPTY	NOT_APPROVED
5976	7d3f13db09d53ca3eb23ca24a244a15cd759e18238c70fc4881e292415910b3d	약제살포	W_LEAF	LEAF_004E	1677	TASK	KEEP_AS_DISTINCT	EMPTY	NOT_APPROVED
5977	3669bc9a04b47fd74c99e337190d3b97a0d6e94d144e948690fc4dde77dff1cb	월동작업	W_LEAF	LEAF_004E	1678	TASK	KEEP_AS_DISTINCT	EMPTY	NOT_APPROVED
6112	0cd3fb6f1391caacebf0b3fb54e013fdfd28da12156ad63fa7f5a07ece1e4d6a	설비별배관공사	W_LEAF	LEAF_004E	1679	PROCESS	KEEP_AS_DISTINCT	EMPTY	NOT_APPROVED
6119	00ac95faea660815ab218f0594b1b0f76e698fdc677c5304282e7802c42c62a1	기타배관및관련부속공사	W_LEAF	LEAF_004E	1680	PROCESS	KEEP_AS_DISTINCT	EMPTY	NOT_APPROVED
6121	b1e246ab6c7380253703cb2e2f8765baad2d0844c572038546491a37a077dbc1	배관및배관관련부속보온공사	W_LEAF	LEAF_004E	1681	PROCESS	KEEP_AS_DISTINCT	EMPTY	NOT_APPROVED
6122	5f3a0ce583899d4cd530ec8cb378457df3e18f49e715a96e290264fe3beb0c25	덕트보온공사	W_LEAF	LEAF_004E	1682	PROCESS	KEEP_AS_DISTINCT	EMPTY	NOT_APPROVED
6123	2a624ca12d8a48b3455c90ff9962939caffce2f99c7a9b3cd763414646a90f09	평면 탱크 기기보온공사	W_LEAF	LEAF_004E	1683	PROCESS	KEEP_AS_DISTINCT	EMPTY	NOT_APPROVED
6129	ccb1c7933a736134a300bb86db1c749295062873e8fa72b3f3966e6526f69f5e	기타보온공사	W_LEAF	LEAF_004E	1684	PROCESS	KEEP_AS_DISTINCT	EMPTY	NOT_APPROVED
6131	2604e3a3889b8b64b3ea5d287da49aef119e7d2c1927518c194baa1ba266c34a	자동제어설비공사	W_LEAF	LEAF_004E	1685	PROCESS	KEEP_AS_DISTINCT	EMPTY	NOT_APPROVED
6132	d9dfd977966d20862ae9378ac4d165a8492143ebe5ab44b1b0f13aa9fada85c5	자동제어설비시스템별공사	W_LEAF	LEAF_004E	1686	PROCESS	KEEP_AS_DISTINCT	EMPTY	NOT_APPROVED
6141	6acd6f8d0a966fab78216cac8ea40573e5db3053ec3022d44b001d1ba986f1f2	펌프공사	W_LEAF	LEAF_004E	1687	PROCESS	KEEP_AS_DISTINCT	EMPTY	NOT_APPROVED
6142	bea20c65d883acb33ac71c0b82ef9aad86f22c9a7fc25f400cd83c4edc2f69a5	송풍기및환풍기공사	W_LEAF	LEAF_004E	1688	PROCESS	KEEP_AS_DISTINCT	EMPTY	NOT_APPROVED
6143	7fa064d6bb453374b670902caf26e0fb4e4806ef76406481dc942414b4c87711	공기압축기공사	W_LEAF	LEAF_004E	1689	PROCESS	KEEP_AS_DISTINCT	EMPTY	NOT_APPROVED
6151	4ba78fec30d64aaf78e68eec070846413952446dbab8744245ef5fcb78659847	천공공사	W_LEAF	LEAF_004E	1690	PROCESS	KEEP_AS_DISTINCT	EMPTY	NOT_APPROVED
6152	b2a949a67cc134ae48b28723d80c048d69fa206d442415aa8d49d0bdc320c568	지지금구류공사	W_LEAF	LEAF_004E	1691	PROCESS	KEEP_AS_DISTINCT	EMPTY	NOT_APPROVED
6153	ade0aed9204ab87a407f5444e7b894fcab2da8963daf2f10917b8afec0b07db7	밸브박스 슬리브 조립식PD공사	W_LEAF	LEAF_004F	1692	PROCESS	KEEP_AS_DISTINCT	EMPTY	NOT_APPROVED
6154	9690be5340c084e5a47dd250afdf323a0d7a8ce5bfab1267f1bc68e6d29c4078	각종잡철물공사및용접공사	W_LEAF	LEAF_004F	1693	PROCESS	KEEP_AS_DISTINCT	EMPTY	NOT_APPROVED
6155	a77ac9122abeaec7a2be71b280a9d97cf28c72f76ffec3e4f7646f05ef09d0b8	강재제작설치 조립공사	W_LEAF	LEAF_004F	1694	TASK	KEEP_AS_DISTINCT	EMPTY	NOT_APPROVED
6156	0dc66800f072e49cf6fe4fe966680fae74f3c391db84832c2f2d47bf9ac72614	관갱생공사	W_LEAF	LEAF_004F	1695	PROCESS	KEEP_AS_DISTINCT	EMPTY	NOT_APPROVED
6157	0096aeec01d504893402f499a05e13b76e855ad3a8bfd86079932aed5dcf5733	도장및방청공사	W_LEAF	LEAF_004F	1696	TASK	KEEP_AS_DISTINCT	EMPTY	NOT_APPROVED
6158	f1765abf1fb70aa691c82d9629c27e04d800fb44360bbf020406bf923e70e642	터파기및되메우기공사	W_LEAF	LEAF_004F	1697	TASK	KEEP_AS_DISTINCT	EMPTY	NOT_APPROVED
6159	2a94d07331d66fe5af8f5e41b7997fc72ff6a98d3ea702eb9d0a83b7b0a9f337	기타설비․시설관련공사	W_LEAF	LEAF_004F	1698	CLASSIFICATION	REJECT	EMPTY	NOT_APPROVED
6212	c4de6be9ed4d28f9f2e38f32c3873bc2a40ba18be772935cf54fd306e03f4d45	플랜트보일러및부속공사	W_LEAF	LEAF_004F	1699	PROCESS	KEEP_AS_DISTINCT	EMPTY	NOT_APPROVED
6221	5334dcca838780c06efcef3944be27bea54fdff87f02af7ea43a5493e1c303d4	냉동기및부속설비설치공사	W_LEAF	LEAF_004F	1700	TASK	KEEP_AS_DISTINCT	EMPTY	NOT_APPROVED
6222	93201f6f8ef101466847ef360e4468ceb7dc44b0e2ad7e70d475c4493465c494	냉각탑설치공사	W_LEAF	LEAF_004F	1701	TASK	KEEP_AS_DISTINCT	EMPTY	NOT_APPROVED
6231	c9b2920f86ef818e719bae0b09ec6e74de56a70b3c9b23602380981fa4b7de61	공조기및팬공사	W_LEAF	LEAF_004F	1702	PROCESS	KEEP_AS_DISTINCT	EMPTY	NOT_APPROVED
6232	f5a755a6775f6ac4958ffb49a6bc9a8d01d7d89568eeff2cece9872fdf844eeb	온수분배기 방열기설치공사	W_LEAF	LEAF_004F	1703	TASK	KEEP_AS_DISTINCT	EMPTY	NOT_APPROVED
6233	4cef4d75cc98de3f673a74c9d996fa7801c685841523cd9a47db3a2138cf8e87	컨벡터설치공사	W_LEAF	LEAF_004F	1704	TASK	KEEP_AS_DISTINCT	EMPTY	NOT_APPROVED
6234	ad66537a0d8b82eb3a3ba37d9a21c371e6cfffc71542b2dd978447d8723cb63d	적외선히터설치공사	W_LEAF	LEAF_004F	1705	TASK	KEEP_AS_DISTINCT	EMPTY	NOT_APPROVED
6235	123e2b8ccf8fbb565789b4a0a16f450c0f6a16ed3d355e452ad625f132f6100d	전열교환기설치공사	W_LEAF	LEAF_004F	1706	TASK	KEEP_AS_DISTINCT	EMPTY	NOT_APPROVED
6236	d9e6185b4f740792dda628d9d178d5a8a2e7aeac9c9f4def9f3da53d0061c90b	휀코일유닛설치공사	W_LEAF	LEAF_004F	1707	TASK	KEEP_AS_DISTINCT	EMPTY	NOT_APPROVED
6237	673f9811234c29029e0b5073742969eeb115e45fcd59afd9b49bb597743903cf	팩키지유닛설치공사	W_LEAF	LEAF_004F	1708	TASK	KEEP_AS_DISTINCT	EMPTY	NOT_APPROVED
6239	e79900f3fbaa6e4a114fd8528e971016fcf3aed257509a9c35caca55fc3f8ca3	기타공조기기설비설치공사	W_LEAF	LEAF_004F	1709	CLASSIFICATION	REJECT	EMPTY	NOT_APPROVED
6241	095d3cac331605cee087bc738ceda547376c1a221db3bad1100dfd6885216d8b	덕트제작공사	W_LEAF	LEAF_004F	1710	TASK	KEEP_AS_DISTINCT	EMPTY	NOT_APPROVED
6242	8f43e4f89db67ce5e99d86bfeaf44ee83e3ee7eba2ee91b5a9cb9fc3b9799a98	덕트설치공사	W_LEAF	LEAF_004F	1711	TASK	KEEP_AS_DISTINCT	EMPTY	NOT_APPROVED
6243	d2636dabfe51432cb1f0c50c624b71d9b7112572cfb361f22fd5497dc43da34e	연도제작및설치공사	W_LEAF	LEAF_004F	1712	TASK	KEEP_AS_DISTINCT	EMPTY	NOT_APPROVED
6251	fe636ae0752f7fec4ff4d36552253175296aec8d74d00f06f06df8ed5502fcb5	열교환기 탱크류설치공사	W_LEAF	LEAF_004F	1713	TASK	KEEP_AS_DISTINCT	EMPTY	NOT_APPROVED
6252	1239baa8d36d6d0ff53df01e8384cacccdcb17c380a1d54e1525ad25247b752c	현장제작탱크설치공사	W_LEAF	LEAF_004F	1714	TASK	KEEP_AS_DISTINCT	EMPTY	NOT_APPROVED
6253	574941981bd6c5e2bad81b017257329c7c64b138b06320110b854edab59d463d	헤더설치공사	W_LEAF	LEAF_004F	1715	TASK	KEEP_AS_DISTINCT	EMPTY	NOT_APPROVED
6261	daf50a231b78c9f54b8458e9bd917016bd03f51108b34d5e8694e1385293dc3b	냉수기설치공사	W_LEAF	LEAF_004F	1716	TASK	KEEP_AS_DISTINCT	EMPTY	NOT_APPROVED
6262	19fd9b54677b0ab4208f875a72d402e29a4ebd9ad659391889ee80e329e9b84d	온수기설치공사	W_LEAF	LEAF_004F	1717	TASK	KEEP_AS_DISTINCT	EMPTY	NOT_APPROVED
6263	a039a9327b4c4c96e64474e98cd6c7823a4eb4f31c47cee51bee465c7810fec5	냉온수기설치공사	W_LEAF	LEAF_004F	1718	PROCESS	MERGE_CANDIDATE	bc0a4d662ca7b0941b18787498ac8e30f6e33685ce168afed16810ad25ee929e	NOT_APPROVED
6312	a5d95affcf2ad16b1c201fadf37090e971f5b276dd400ff865225a75de74574c	위생기구류공사	W_LEAF	LEAF_004F	1719	PROCESS	MERGE_CANDIDATE	cfc316505b91f515b236b535dd0c5eb1db0852793a57837ffcc5d855577f9829	NOT_APPROVED
6313	8a6c33f45d3a9de8ae4f974805a0319860acc9f8b036ef359dfb1e1803e5e4f8	배수트랩공사	W_LEAF	LEAF_004F	1720	PROCESS	KEEP_AS_DISTINCT	EMPTY	NOT_APPROVED
6314	29dd4405b0e6749195bc95c8c5ca3599c19742d7dba912c585fd35acb62f0a92	수전금구류공사	W_LEAF	LEAF_004F	1721	PROCESS	KEEP_AS_DISTINCT	EMPTY	NOT_APPROVED
6412	d4382b77014e53cd0e185f7cd810be914d7431c60169eb37ac4d3b3e450cf95a	소방설비기기류별설치공사	W_LEAF	LEAF_004F	1722	TASK	KEEP_AS_DISTINCT	EMPTY	NOT_APPROVED
6512	474d3ff933a714cd828daf523a1fa9bea0931aec4e93330143ca6a45acb0f4f2	저장탱크설치공사	W_LEAF	LEAF_004F	1723	TASK	KEEP_AS_DISTINCT	EMPTY	NOT_APPROVED
6521	e2eb9ccc789bba911b9b5b67325b3e9c4f637592658b9504136a91f561f6d5e8	가스설비관련기기제작공사	W_LEAF	LEAF_004F	1724	TASK	KEEP_AS_DISTINCT	EMPTY	NOT_APPROVED
6522	c8e7beba0fb25fa4f69885fa2ca097302d962ea6a152f2acb16394635361d368	가스설비관련기기설치공사	W_LEAF	LEAF_004F	1725	TASK	KEEP_AS_DISTINCT	EMPTY	NOT_APPROVED
6612	7eaff04efb05219dc370bf6e640c200b1f63e76a662249d17bf7e2fe741d340f	살수설비보조설비공사	W_LEAF	LEAF_004F	1726	PROCESS	KEEP_AS_DISTINCT	EMPTY	NOT_APPROVED
6621	afb0e852a7825f6a83c1d37d412d6216d36a5b8cd02e963308882c3d0e73ff05	냉동실설비공사	W_LEAF	LEAF_004F	1727	PROCESS	KEEP_AS_DISTINCT	EMPTY	NOT_APPROVED
6622	2673360ada880eb432ea0c41fa875126f82446f9a0beefe0c34d356f079cde34	냉장실설비공사	W_LEAF	LEAF_004F	1728	PROCESS	KEEP_AS_DISTINCT	EMPTY	NOT_APPROVED
6631	24855526eef65cf0e229b2694683ae066e7910b264c6706b9ada37f5258bb558	살균설비주기기설비공사	W_LEAF	LEAF_004F	1729	PROCESS	KEEP_AS_DISTINCT	EMPTY	NOT_APPROVED
6632	e7581a03baaf0fc6e21ffaa24624501b5fc5874bcab53dd2ec282340ff94ca8a	살균설비보조설비공사	W_LEAF	LEAF_004F	1730	PROCESS	KEEP_AS_DISTINCT	EMPTY	NOT_APPROVED
6641	7ecf77022db7b60fd87dfbd87b21e326e170a6edba3d5ff93c519c3d25d2984f	지하수개발주기기설비공사	W_LEAF	LEAF_004F	1731	PROCESS	KEEP_AS_DISTINCT	EMPTY	NOT_APPROVED
6642	be94cc3ec833a093ddae1cc210e8941ee423da946366a9372843b215e92980fd	지하수개발보조설비공사	W_LEAF	LEAF_004F	1732	PROCESS	KEEP_AS_DISTINCT	EMPTY	NOT_APPROVED
6651	bd8abe2be5acbf2b661bb7b5a939cea1680db53e6d96ea884bccf5911d22c288	방식전기설비공사	W_LEAF	LEAF_004F	1733	PROCESS	KEEP_AS_DISTINCT	EMPTY	NOT_APPROVED
6652	dca16705da02a2ba2752214b3e86058561cae287a2ec98909cdacd4de94e2d51	방식보조설비공사	W_LEAF	LEAF_004F	1734	PROCESS	KEEP_AS_DISTINCT	EMPTY	NOT_APPROVED
6661	707a3c77b3f3b998e11824a0ca1a8167280bfaf2eb513450a7116fe1a959fd48	아이스링크설비주기기공사	W_LEAF	LEAF_004F	1735	PROCESS	KEEP_AS_DISTINCT	EMPTY	NOT_APPROVED
6662	70999f10d899bfce92cf9a7db7a0d42e7b5b9dce8ba99405c46ae2eb90b39e06	아이스링크보조설비공사	W_LEAF	LEAF_004F	1736	PROCESS	KEEP_AS_DISTINCT	EMPTY	NOT_APPROVED
6671	8cc8d98ad0d7ae94cb67a7f92be900f2ba9d3058934a85f7eb5c3c1ec1fd173f	문서이송설비주기기공사	W_LEAF	LEAF_004F	1737	PROCESS	KEEP_AS_DISTINCT	EMPTY	NOT_APPROVED
6672	858240fda6352ab006d8fed790ec02ebe454c8f7376f2ca118d60c422ff3487c	문서이송보조설비공사	W_LEAF	LEAF_004F	1738	PROCESS	KEEP_AS_DISTINCT	EMPTY	NOT_APPROVED
6721	ea2d0584700561d86e79b8c3028c0d6f62f35082be51974a9de7d6154f257c19	세탁장비설비공사	W_LEAF	LEAF_004F	1739	PROCESS	MERGE_CANDIDATE	2cd5380b46c25ebe366a610accb7c2a9896377f1679e394367c8976dc5513886	NOT_APPROVED
6722	7f6621260d1ea567096f311d2c847a6967a4939e8976cefd3d0d8f2261ddbe3e	세탁물운반설비공사	W_LEAF	LEAF_004F	1740	PROCESS	KEEP_AS_DISTINCT	EMPTY	NOT_APPROVED
6731	7cb2326ade9287edf623cdbab66853ef91d5f82d58896f413aba3cb2d23e9208	의료시험및시운전공사실가스설비공사	W_LEAF	LEAF_004F	1741	PROCESS	KEEP_AS_DISTINCT	EMPTY	NOT_APPROVED
6741	9a8ec64d9bc34d56c92504e949bc4c66f720ea87e815b8f30030b3c9ed8529b0	수영장설비공사	W_LEAF	LEAF_004F	1742	PROCESS	KEEP_AS_DISTINCT	EMPTY	NOT_APPROVED
6742	dde7f8d1df609e29de5c0797cf5e4700fdac5e8194ad5527e4f3b3faad09fa2f	분수설비공사	W_LEAF	LEAF_004F	1743	PROCESS	KEEP_AS_DISTINCT	EMPTY	NOT_APPROVED
6751	48f3b18d44e0cd852ed40a17576c4b2145d32015edec7fa41b169cbf6c1bafb5	목욕탕및사우나설비공사	W_LEAF	LEAF_004F	1744	PROCESS	KEEP_AS_DISTINCT	EMPTY	NOT_APPROVED
6761	2dea78dec5ccd51dd32eb15b41f9f258f47b45162b71063ff2c5bf0850ccafba	진공청소설비공사	W_LEAF	LEAF_004F	1745	PROCESS	KEEP_AS_DISTINCT	EMPTY	NOT_APPROVED
6771	02ea41580f3ab1a9e6c5144ee426c66d4868abcaf331a79deb86f4d509810e6b	주차장환기설비공사	W_LEAF	LEAF_004F	1746	PROCESS	KEEP_AS_DISTINCT	EMPTY	NOT_APPROVED
6772	b787f5943835d1c8ad983d1f7eb97c56cde1b1acf71fc5cc537afb646a52bd3b	주차장설비공사	W_LEAF	LEAF_004F	1747	PROCESS	KEEP_AS_DISTINCT	EMPTY	NOT_APPROVED
6773	9c17ea1aa0f65a4b6ab4b044a18d9875647f0dfea280fbb670ab7244eb74753e	주차관제설비공사	W_LEAF	LEAF_004F	1748	PROCESS	KEEP_AS_DISTINCT	EMPTY	NOT_APPROVED
6781	a0b04bca7616e3fea7dd92c289600dabfd77efd309f42ce609ee9d4b14c1588a	특수방진설비공사	W_LEAF	LEAF_004F	1749	PROCESS	KEEP_AS_DISTINCT	EMPTY	NOT_APPROVED
7121	f29224fe4e92f413b43f274198e7376b690b77a530936789da55efe6f8df9891	수력발전설비공사	W_LEAF	LEAF_004F	1750	PROCESS	KEEP_AS_DISTINCT	EMPTY	NOT_APPROVED
7131	c9f9e2ebff7dba2986f876707fb731cf2da1a7bae3ebb9fffe956d70d0e28a35	원자력발전시설설비공사	W_LEAF	LEAF_004F	1751	PROCESS	KEEP_AS_DISTINCT	EMPTY	NOT_APPROVED
7141	0f00ec1bca686b5c8e5d1124ef10611fec8f1596a778fd8862cc47d2e89a9dfa	풍력발전소발전시설설비공사	W_LEAF	LEAF_004F	1752	PROCESS	KEEP_AS_DISTINCT	EMPTY	NOT_APPROVED
7151	4e6f147d9d08e0ba6b561799ea85acde3137b0d645d80e74ab61dd8f63294960	조력발전시설설비공사	W_LEAF	LEAF_004F	1753	PROCESS	KEEP_AS_DISTINCT	EMPTY	NOT_APPROVED
7161	d6dff1aa38aff30205611b4e5bddcd3effefdde45a695c5930a13959f4d1486d	열병합발전시설설비공사	W_LEAF	LEAF_004F	1754	PROCESS	KEEP_AS_DISTINCT	EMPTY	NOT_APPROVED
7171	79a3f9baa591eefd9eef4eb9f3d66ad6e82b7cadcf8e4ec9cc05963880d1bd5b	태양열발전시설설비공사	W_LEAF	LEAF_004F	1755	PROCESS	KEEP_AS_DISTINCT	EMPTY	NOT_APPROVED
7181	2f7ca55acf259c508948e240907e2ad4e58d6274430b9d0b1b4e0ae35c2f615c	터빈및발전기설치공사	W_LEAF	LEAF_004F	1756	TASK	KEEP_AS_DISTINCT	EMPTY	NOT_APPROVED
7182	37ac05e0b0f5266e471481cb81673986d866b3d92784511bba9600df616992ee	복수설비설치공사	W_LEAF	LEAF_004F	1757	TASK	KEEP_AS_DISTINCT	EMPTY	NOT_APPROVED
7191	21a2fe544feab31c77ac8c212a8b7dd089ae443c550e178bfd7333e68e6970ee	디젤발전기플랜트설비공사	W_LEAF	LEAF_004F	1758	PROCESS	KEEP_AS_DISTINCT	EMPTY	NOT_APPROVED
7192	bd1826872ab29bc2ce45691c0ced7237ace1ec74d3beccc88be2597035dfe572	복합발전플랜트설비공사	W_LEAF	LEAF_004F	1759	PROCESS	KEEP_AS_DISTINCT	EMPTY	NOT_APPROVED
7193	c746b71950d7211bd30a90a01f87324540ee677b3c8ed9613345d7b4f80496e2	내연발전플랜트설비공사	W_LEAF	LEAF_004F	1760	PROCESS	KEEP_AS_DISTINCT	EMPTY	NOT_APPROVED
7194	6d8d38674bd6aaa1e47890a39e6e1eb1e554668f367fc254f31b14650dc2e45c	기력발전플랜트설비공사	W_LEAF	LEAF_004F	1761	PROCESS	KEEP_AS_DISTINCT	EMPTY	NOT_APPROVED
7195	1bec67d6beb9035c5df9dba476437d534345102cfc1e2b58a97c9a950c7cc790	양수발전플랜트설비공사	W_LEAF	LEAF_004F	1762	PROCESS	KEEP_AS_DISTINCT	EMPTY	NOT_APPROVED
7321	8866af3cf7af123226575c58928ff98510991393f614be7bef7acd829f18fa4b	쓰레기관로이송및중계처리시설설비공사	W_LEAF	LEAF_004F	1763	PROCESS	KEEP_AS_DISTINCT	EMPTY	NOT_APPROVED
7331	94781565ffc96c59368401b0a8f1eac4b629cd2793f473ce3d5bfed839b48e79	폐기물처리설비공사	W_LEAF	LEAF_004F	1764	PROCESS	MERGE_CANDIDATE	825fafb2cb0c673e04be97f4b5951a6ee10a97422da44fabc817689fa15d0b35	NOT_APPROVED
7341	09b4f095b19bee0dd96a6b2388be770823b3880afbb8ef4071f5fd8f885a0243	탈취설비공사	W_LEAF	LEAF_004F	1765	PROCESS	MERGE_CANDIDATE	5b2b1b50650cc366df922ba1bb6f8a8b3c7d34b465948b859afc640e34ddaee7	NOT_APPROVED
7353	c0f2d4823f926142430dd009e955f955655f9f26ef84b1cfc46828df89a3fdfb	석회석운반및석회석슬러리제조설비공사	W_LEAF	LEAF_004F	1766	PROCESS	KEEP_AS_DISTINCT	EMPTY	NOT_APPROVED
7354	f87a016d266876515f49ac9ca68923652c6c19707ca2c31fe18c17c90b8eb2a5	석고탈수및취급설비공사	W_LEAF	LEAF_004F	1767	PROCESS	KEEP_AS_DISTINCT	EMPTY	NOT_APPROVED
7361	6651e54e29db4273183b89465b881771d8e9ac3353b00eb4274b3b02fa00413e	탈질설비기기류설치공사	W_LEAF	LEAF_004F	1768	TASK	KEEP_AS_DISTINCT	EMPTY	NOT_APPROVED
7362	106cab555baae70f59c8235ee090a916339da35ef0fbbcc3b8ddf897e260cad5	탈질설비덕트류설치공사	W_LEAF	LEAF_004F	1769	TASK	KEEP_AS_DISTINCT	EMPTY	NOT_APPROVED
7363	919cdd59441a7b3c11483765ac5cd85ab2e6705f43639dfa5122156e6ceb34d1	탈질설비Support류설치공사	W_LEAF	LEAF_004F	1770	TASK	KEEP_AS_DISTINCT	EMPTY	NOT_APPROVED
7371	8ce6dce247da19798428af5a138224e60d64f5804bf64a0d6a28b515ef6e72ec	전기집진기설비본체설치공사	W_LEAF	LEAF_004F	1771	TASK	KEEP_AS_DISTINCT	EMPTY	NOT_APPROVED
7372	a503de428cf11b7ee488ae6e1004761b904e16a9971ca8ba32788564db45bdf2	전기집진기설비방풍벽설치공사	W_LEAF	LEAF_004F	1772	TASK	KEEP_AS_DISTINCT	EMPTY	NOT_APPROVED
7373	b339d76d06b0f6b4bd88874476e8b2ec64108591b593a73bbad45aeda5d06ed9	전기집진기설비Fan Blower류설치공사	W_LEAF	LEAF_004F	1773	TASK	KEEP_AS_DISTINCT	EMPTY	NOT_APPROVED
7374	070311b7e6dbd0f2b786a672947f64f1dee76ef78b05928cc7a0dcb6c04c74e3	전기집진기관련부속설비설치공사	W_LEAF	LEAF_004F	1774	TASK	KEEP_AS_DISTINCT	EMPTY	NOT_APPROVED
7391	f5728f3266bfcd6642c25dbe00859eb7cd0fe0489c751cc22ab81ddade3785d1	석탄취급설비공사	W_LEAF	LEAF_004F	1775	PROCESS	KEEP_AS_DISTINCT	EMPTY	NOT_APPROVED
7392	d6467a86d0d55dd30c7c649ac1bf27b1a343e70c14b48154de0bb9cc5f988f7b	회처리설비공사	W_LEAF	LEAF_004F	1776	PROCESS	KEEP_AS_DISTINCT	EMPTY	NOT_APPROVED
7393	e2dda610d70a15af3cfec5d41e52fedcb440b24b4b8e79e5370efe2f774ad6d4	음식물감량화설비공사	W_LEAF	LEAF_004F	1777	PROCESS	KEEP_AS_DISTINCT	EMPTY	NOT_APPROVED
7421	1ca3d75e54943cd2864a5e6c0d7bf1bd5e6e2f5fdfd738da64f95a2f4993b7a2	승객용엘리베이터설비공사	W_LEAF	LEAF_004F	1778	PROCESS	KEEP_AS_DISTINCT	EMPTY	NOT_APPROVED
7422	0839416a170ec383412109915d9f9a0fe48945ad11b70670be538cee5034fffd	승객 운수용엘리베이터설비공사	W_LEAF	LEAF_004F	1779	PROCESS	KEEP_AS_DISTINCT	EMPTY	NOT_APPROVED
7423	1282a39f90945dfab0acb290f9cb2929360934ccde5bb796b6f0055dd96b8969	화물용엘리베이터설비공사	W_LEAF	LEAF_004F	1780	PROCESS	KEEP_AS_DISTINCT	EMPTY	NOT_APPROVED
7424	c6ef1f7f3d19f68d0628503e7a0e29cdb1d129ea3a015828447fd5bd54503012	차량용엘리베이터설비공사	W_LEAF	LEAF_004F	1781	PROCESS	KEEP_AS_DISTINCT	EMPTY	NOT_APPROVED
7425	8587adbe98712e6cedba4c2c10c66610719a7d108a345e978d903606e4e44887	비상용엘리베이터설비공사	W_LEAF	LEAF_004F	1782	PROCESS	KEEP_AS_DISTINCT	EMPTY	NOT_APPROVED
7426	a20c6b480546baa5474a86d9ee80a2ca7f71de4a2882462d26de80af1206147d	특수용엘리베이터설비공사	W_LEAF	LEAF_004F	1783	PROCESS	KEEP_AS_DISTINCT	EMPTY	NOT_APPROVED
7431	d0b3991dca621db64456dbd5061988826882628364bf160b4a1fb69a52b4b103	에스컬레이터설비공사	W_LEAF	LEAF_004F	1784	PROCESS	KEEP_AS_DISTINCT	EMPTY	NOT_APPROVED
7432	363d98e39ee250c2882c43306c8683ff3debe78f745cbb7e2b7d23b9721c0e9c	이동보행로설비공사	W_LEAF	LEAF_004F	1785	PROCESS	KEEP_AS_DISTINCT	EMPTY	NOT_APPROVED
7441	02b91399ac6ba1d477a8f3358b6c69487342051acd0ae8e02946b57a76a23ec5	덤웨이터설비공사	W_LEAF	LEAF_004F	1786	PROCESS	KEEP_AS_DISTINCT	EMPTY	NOT_APPROVED
7449	f10528dca16528cab87b00a236a303ca309c4db06ca359f73b03f2ef237aae4b	기타운송설비공사	W_LEAF	LEAF_004F	1787	CLASSIFICATION	REJECT	EMPTY	NOT_APPROVED
7631	22daae28d8fe258e79996b3f7b97a7a49c4ab00377294050d50cecdfc9199203	지역열공급설비설비공사	W_LEAF	LEAF_004F	1788	PROCESS	KEEP_AS_DISTINCT	EMPTY	NOT_APPROVED
7641	fa56019106a4c05690f4359ddd2230f22235952fa9022c339a85b7956ac0dd2c	도시가스공급설비공사	W_LEAF	LEAF_004F	1789	PROCESS	KEEP_AS_DISTINCT	EMPTY	NOT_APPROVED
7651	2003d629bd757854bd9c36311c9d2ea382f6fd1c0fe14c963da44fca2292657a	연료처리설비공사	W_LEAF	LEAF_004F	1790	PROCESS	KEEP_AS_DISTINCT	EMPTY	NOT_APPROVED
7691	e18d4e24e21fae7178aae6e335a2434a6067d3d17a27c3b8ab23e1fd5ae8555e	기타에너지원시설설비공사	W_LEAF	LEAF_004F	1791	CLASSIFICATION	REJECT	EMPTY	NOT_APPROVED
8121	a92103b18447566c3e183956eb3489d8ac77a133025815449d9c425230a77411	배선및가선공사	W_LEAF	LEAF_004F	1792	PROCESS	MERGE_CANDIDATE	e066088663d01d820767c3f0971b34fad3f3e906d1fc5237d06f74f293fb3ac2	NOT_APPROVED
8131	e84cfba9c370322288a0c48ca5a6ad6fcfed92226a1f4798a9b16c24c62238dd	전기․통신공사관련건설및연관공사	W_LEAF	LEAF_004F	1793	PROCESS	KEEP_AS_DISTINCT	EMPTY	NOT_APPROVED
8132	c7816f61934e826c09560636a37b97c4349808747530b895bdf2b78f95639123	전기․통신공사관련철물류연관공사	W_LEAF	LEAF_004F	1794	PROCESS	KEEP_AS_DISTINCT	EMPTY	NOT_APPROVED
8133	13173bb5452308f0a1d48cf99d363d445bf2ab8ba46ff9988caf57f4583ad756	전기․통신공사관련보조설비및기타공사	W_LEAF	LEAF_004F	1795	CLASSIFICATION	REJECT	EMPTY	NOT_APPROVED
8134	baac6dd0450bf7469cc748143b73bc1cd880002c185c462a33636a6d8b45bed8	전기․통신공사관련도장및방청공사	W_LEAF	LEAF_004F	1796	TASK	KEEP_AS_DISTINCT	EMPTY	NOT_APPROVED
8212	19a7a1e05e47a7fde52307c40e1823fed170c77936c99df5c476bb3c07be426f	송전설비공사	W_LEAF	LEAF_004F	1797	PROCESS	MERGE_CANDIDATE	cdd59d0734b914f44b5e6cb52823916adb204ac8c117ecfc2656b8261f512d03	NOT_APPROVED
8221	89e3a10d980b8cd599898359d56483f34c1127bbc1cfa61e1c2842768b4d1e9d	배전설비별기기류설치공사	W_LEAF	LEAF_004F	1798	TASK	KEEP_AS_DISTINCT	EMPTY	NOT_APPROVED
8222	c13f0ded5641a6a99546143694798aa30b64ee43952ea0b9179e2c6c3adc3f2a	배전설비공사	W_LEAF	LEAF_004F	1799	PROCESS	MERGE_CANDIDATE	229db50c74c354e18b6457206c64fb830f0d02fa46e3b2ae916af1743d349b31 | a3535fa6836e0e8e66cd0b9b64611148cf9b2c72b48a554d16d2301b942d74dd | 73d311c8d9d65139be81ac55e8cf8a4a6237baf090c49709d93b57caacae7c89	NOT_APPROVED
8232	1de22f803705b2abd0549e2aa09f0b977dd7aaa2ded551ab74506923e40db7e6	변전설비공사	W_LEAF	LEAF_004F	1800	PROCESS	KEEP_AS_DISTINCT	EMPTY	NOT_APPROVED
8233	dccca62fdaa57b704badd5a5a74f3842d2f758612bb151501ee1b95375166844	큐비클및차단설비공사	W_LEAF	LEAF_004F	1801	PROCESS	KEEP_AS_DISTINCT	EMPTY	NOT_APPROVED
8234	758b5f758f684aa5a8d6ffd5ffb1a982fdb1104305204cf6beb35d16e6b93084	조상설비공사	W_LEAF	LEAF_004F	1802	PROCESS	KEEP_AS_DISTINCT	EMPTY	NOT_APPROVED
8235	2fd5cffea1cdf131e51bd662175f1c84b2d3ec75c28d6d57febd00241fe09bd2	모선공사	W_LEAF	LEAF_004F	1803	PROCESS	KEEP_AS_DISTINCT	EMPTY	NOT_APPROVED
8239	fc78665c05cd254d7d77fd34ee4fdbc45dad36a1a4ce4c7443597e238b7fb2f3	기타설비	W_LEAF	LEAF_004F	1804	CLASSIFICATION	REJECT	EMPTY	NOT_APPROVED
8241	f656d3f9d601f6b637426af23a11034e533713660a614f819f0d03a8be87c71a	카테나리전차선공사	W_LEAF	LEAF_004F	1805	PROCESS	KEEP_AS_DISTINCT	EMPTY	NOT_APPROVED
8242	f8c80d135eb63a976d172625960ba117db73e319aa4e7e7c323cc290a8bd7ab6	강체전차선공사	W_LEAF	LEAF_004F	1806	PROCESS	KEEP_AS_DISTINCT	EMPTY	NOT_APPROVED
8243	cc99f74d184cecd03ce77780947135316159352897fb496dfe35fba1f054c862	신호설비	W_LEAF	LEAF_004F	1807	FACILITY_EQUIPMENT	REJECT	EMPTY	NOT_APPROVED
8251	d63a44b7ddef4d991c7762643aa0ead16a065fb842511c8f5771cffac8c91ff5	무정전공사	W_LEAF	LEAF_004F	1808	PROCESS	KEEP_AS_DISTINCT	EMPTY	NOT_APPROVED
8252	5ece5f6bab2a6e29b0af110512ed4d3328dc52f9f7b676531c8f913a8464ef06	전동기설치공사	W_LEAF	LEAF_004F	1809	TASK	KEEP_AS_DISTINCT	EMPTY	NOT_APPROVED
8253	f5067ae15cc84ed571b8b57ea9f1228f9f73912b9a3080e0dd2b22f7ad6239ea	전기설비기타공사	W_LEAF	LEAF_004F	1810	CLASSIFICATION	REJECT	EMPTY	NOT_APPROVED
8321	37c282a28c5541a278714a907f7aea0ef259b6e158aa0cb3250461dec6414d19	옥내조명설비공사	W_LEAF	LEAF_004F	1811	PROCESS	KEEP_AS_DISTINCT	EMPTY	NOT_APPROVED
8322	975bcc51bb78ae090af06fe7dd975dcb9cd3a31eddaa587ba4ea81cd5466e470	옥외조명설비공사	W_LEAF	LEAF_004F	1812	PROCESS	KEEP_AS_DISTINCT	EMPTY	NOT_APPROVED
8323	d142e7057314400d181d4305e42aabea275f0ac94a07ce992b433864421d3e09	비상조명설비공사	W_LEAF	LEAF_004F	1813	PROCESS	KEEP_AS_DISTINCT	EMPTY	NOT_APPROVED
8324	ba2b583adfacebc91e2236f90891c4f6e8bfaf4dd9703a054ebce5c6f7633dca	특수조명설비공사	W_LEAF	LEAF_004F	1814	PROCESS	KEEP_AS_DISTINCT	EMPTY	NOT_APPROVED
8331	edce19be9876a84590bf0c4d27675643731499d22fee09ec5b00403ae90462fc	동력용전동기설치공사	W_LEAF	LEAF_004F	1815	TASK	KEEP_AS_DISTINCT	EMPTY	NOT_APPROVED
8332	fc58c0bb7428efa30ed4078fed352e366fc5ee971d55d9dd6b512bb2d20db56b	구내동력설비공사	W_LEAF	LEAF_004F	1816	PROCESS	KEEP_AS_DISTINCT	EMPTY	NOT_APPROVED
8341	8ed4f3afe76dd597985658f4c424b8d19d3e1cff2d987be1ce622cd26a019915	예비전원설비공사	W_LEAF	LEAF_004F	1817	PROCESS	MERGE_CANDIDATE	be3f8539a8d95a286eddcc524bd4392df0ff4652858972562bfbe6ee74ec5a15	NOT_APPROVED
8342	607981227714ae5a94d18e622df10eb8dd7104b971c9f7e8ff6d4c45ef58546e	비상용발전기설비	W_LEAF	LEAF_004F	1818	FACILITY_EQUIPMENT	REJECT	EMPTY	NOT_APPROVED
8343	536ba461d0dab333d8b08e7128585fd7b2fa0317bb47e77ff660922e5cdec4d8	축전지설비	W_LEAF	LEAF_004F	1819	FACILITY_EQUIPMENT	REJECT	EMPTY	NOT_APPROVED
8344	fbd2f84921169a24a21976d23ef50561213df83a6a4c31c7e9d0c19acd35f8a2	무정전전원설비	W_LEAF	LEAF_004F	1820	FACILITY_EQUIPMENT	REJECT	EMPTY	NOT_APPROVED
8349	46a9e9281a37bcd6177a4e11d795434514592a521c1f9cec1794635e1424c406	기타설비	W_LEAF	LEAF_004F	1821	CLASSIFICATION	REJECT	EMPTY	NOT_APPROVED
8421	2434df51e1dcbddff620aaca635236cb36f6d3ac3c91d7711bf6be1337142212	표시설비공사	W_LEAF	LEAF_004F	1822	PROCESS	KEEP_AS_DISTINCT	EMPTY	NOT_APPROVED
8422	fd0f4a3c9fbb3a38bb9afefa6c541a906f2cb1e8a7193eb35d7e30061f7684bd	시계설비공사	W_LEAF	LEAF_004F	1823	PROCESS	KEEP_AS_DISTINCT	EMPTY	NOT_APPROVED
8423	edfc3d308e7146b9d7cbd3de1061256ddd12dc3defa80da7318626565a7234a7	시보설비공사	W_LEAF	LEAF_004F	1824	PROCESS	KEEP_AS_DISTINCT	EMPTY	NOT_APPROVED
8424	a79fe2f1eec13552c38191d85cae41195834190dff465c23b0e72e46c349813c	확성설비공사	W_LEAF	LEAF_004F	1825	PROCESS	KEEP_AS_DISTINCT	EMPTY	NOT_APPROVED
8425	5bfca01296d99189a58c9c7ca8d783bc5ec420b019055d0ef0245062bc6c0e55	동시통역설비공사	W_LEAF	LEAF_004F	1826	PROCESS	KEEP_AS_DISTINCT	EMPTY	NOT_APPROVED
8431	ce0171deabd8293ae1a0d0a9c0abe36dbd9458423c5b59cbf5115cc7b45c857c	라디오공청설비공사	W_LEAF	LEAF_004F	1827	PROCESS	KEEP_AS_DISTINCT	EMPTY	NOT_APPROVED
8433	69ecc18556b0194ad5ec467cbbd8727322627077fca09c6afc32ab89dd06b2c0	유선방송설비공사	W_LEAF	LEAF_004F	1828	PROCESS	KEEP_AS_DISTINCT	EMPTY	NOT_APPROVED
8434	3e3c3c0be238fb308dd565312fa8017d4abbc5f75af548a64ed60d0358a8d0fa	위성방송설비공사	W_LEAF	LEAF_004F	1829	PROCESS	KEEP_AS_DISTINCT	EMPTY	NOT_APPROVED
8441	41ab77db26ccc76940ac535321ec40f2612d8603b7da6beeff2ef13f24379ca2	방송설비공사	W_LEAF	LEAF_004F	1830	PROCESS	KEEP_AS_DISTINCT	EMPTY	NOT_APPROVED
8449	61d9244607a45a80997dc7bf8641dd93c0e50390422387266d3d58012fc961f0	기타방송설비공사	W_LEAF	LEAF_004F	1831	CLASSIFICATION	REJECT	EMPTY	NOT_APPROVED
8451	aead8c46cbaf20eae44ad7442e6e0c23843026dbb7bba69dc9709e6c2af15706	유선통신망설비공사	W_LEAF	LEAF_004F	1832	PROCESS	KEEP_AS_DISTINCT	EMPTY	NOT_APPROVED
8452	0429367f4c1cdc5c4dcf9ceaecbea410c39e06945c761317950f922737f672bf	무선통신설비공사	W_LEAF	LEAF_004F	1833	PROCESS	KEEP_AS_DISTINCT	EMPTY	NOT_APPROVED
8459	47b8aa481e804967d85ae0b190fcf7ca79aec348547f920053f23dce611bcd85	기타통신설비공사	W_LEAF	LEAF_004F	1834	CLASSIFICATION	REJECT	EMPTY	NOT_APPROVED
8461	e5d3cf1d76c51d9cfb70244aaf0bb3b0d72074782f25c2632b6312b4403fa3a7	도시철도자동요금수납설비공사	W_LEAF	LEAF_004F	1835	PROCESS	KEEP_AS_DISTINCT	EMPTY	NOT_APPROVED
8462	2113ada52e00e045b18c1664dfd49f591e9f5b040800537fceac0f5c4fd78d59	건물자동화통신설비공사	W_LEAF	LEAF_004F	1836	PROCESS	KEEP_AS_DISTINCT	EMPTY	NOT_APPROVED
8463	f563136b48700ca442e4ada4a87ddb82455f342f15940c5b95c3ce7528fd3a83	원격검침설비공사	W_LEAF	LEAF_004F	1837	PROCESS	KEEP_AS_DISTINCT	EMPTY	NOT_APPROVED
8512	7f83e3e3d09b9193adb4d2c0bb2d076d20be2cdf9cfbc2b057c43b4dd0f3900d	자동화재속보설비공사	W_LEAF	LEAF_004F	1838	PROCESS	KEEP_AS_DISTINCT	EMPTY	NOT_APPROVED
8513	9ebb1595981835976a0d0b3b29eac25a6839624d52dd7bb3796a0c2c7ed0913a	자동화재경보기설비공사	W_LEAF	LEAF_004F	1839	PROCESS	KEEP_AS_DISTINCT	EMPTY	NOT_APPROVED
8514	ff8ce5b757eac07ab5b004bccb5f14781a079dda59295a40783aef09211e892c	누전경보기설비공사	W_LEAF	LEAF_004F	1840	PROCESS	KEEP_AS_DISTINCT	EMPTY	NOT_APPROVED
8515	52a7e7c9836d7b7b4a3725dbcde56d39f2e95170faf3014752fcbbfc54803a12	비상경보설비및비상방송설비공사	W_LEAF	LEAF_004F	1841	PROCESS	KEEP_AS_DISTINCT	EMPTY	NOT_APPROVED
8516	3748d6e2830b08bf89f60a23ac66a012785ca0e948cebdcc0d47e1889bd36269	유도등및유도표지설비공사	W_LEAF	LEAF_004F	1842	PROCESS	KEEP_AS_DISTINCT	EMPTY	NOT_APPROVED
8517	e393bce401a07a5cf1e156ead9f480bf4d3a7511a07e43edf67117f0402c9dd6	무선통신보조설비공사	W_LEAF	LEAF_004F	1843	PROCESS	KEEP_AS_DISTINCT	EMPTY	NOT_APPROVED
8518	6e60d30f13b6d00b3a0954119888ccc5a593b7a44ef98bb26882994686340fc3	소방전기설비개별기기설치공사	W_LEAF	LEAF_004F	1844	TASK	KEEP_AS_DISTINCT	EMPTY	NOT_APPROVED
8519	94d66d12d65537f792d4efaa59f5fdd1ad47762ae5e98e373dd55b6556ced725	기타소방전기설비및보조설비설치공사	W_LEAF	LEAF_004F	1845	CLASSIFICATION	REJECT	EMPTY	NOT_APPROVED
8521	146e8f9ad366a2c5bb1a98351e2a971fa8fadc6347523cc75353c50eafbd8826	감시카메라설비공사	W_LEAF	LEAF_004F	1846	PROCESS	KEEP_AS_DISTINCT	EMPTY	NOT_APPROVED
8522	84ac4a84def64fa4904298702100b3caf719fa04601506ff3ad646ddf1d50c5d	방범설비공사	W_LEAF	LEAF_004F	1847	PROCESS	KEEP_AS_DISTINCT	EMPTY	NOT_APPROVED
8523	f3f213ae8d8705854fcc23424e6eed714bc7c7511b8f9386cf0b1616ff57eb43	입퇴실관리설비공사	W_LEAF	LEAF_004F	1848	PROCESS	KEEP_AS_DISTINCT	EMPTY	NOT_APPROVED
8531	952b0c2e3ca2af5441c096b8f178546f86193f1ff8b924c425e726868d184d67	피뢰설비공사	W_LEAF	LEAF_004F	1849	PROCESS	KEEP_AS_DISTINCT	EMPTY	NOT_APPROVED
8532	c16516ac8f8ddcf8329082135b7a39c7e28340b1c0e0f112bdfd162abd40da5b	접지설비공사	W_LEAF	LEAF_004F	1850	PROCESS	KEEP_AS_DISTINCT	EMPTY	NOT_APPROVED
8541	b31177cd3c3908af48cffd5f922d8c35fb32ffdc9086f40ab074f78c3c3c943a	방범전기설비공사	W_LEAF	LEAF_004F	1851	PROCESS	MERGE_CANDIDATE	96527325df7971e7f4c1d22c14a05d134d66fe99b39dcd22c452bd101e80424b	NOT_APPROVED
8551	94f36f1e8d217d764ad735ed213d001337652dc89fa957acdd431a80d006ebca	항공장해등전기설비공사	W_LEAF	LEAF_004F	1852	PROCESS	KEEP_AS_DISTINCT	EMPTY	NOT_APPROVED
8612	64ea8199cb237d8c06b0f66ef66bee837284303f51def225f0a5d99ec00d7372	조명제어설비공사	W_LEAF	LEAF_004F	1853	PROCESS	KEEP_AS_DISTINCT	EMPTY	NOT_APPROVED
8613	7d5fdbcdcb51d03ac7cc2a08c5e83707db1967fcd431a4f798a263d5737cfd3f	전력제어설비공사	W_LEAF	LEAF_004F	1854	PROCESS	KEEP_AS_DISTINCT	EMPTY	NOT_APPROVED
8614	f3f04c7c57eb5bc29db8cb7f521508bf84701c683b2d87358c15a6b5a6283262	승강기제어설비공사	W_LEAF	LEAF_004F	1855	PROCESS	KEEP_AS_DISTINCT	EMPTY	NOT_APPROVED
8615	3cf699d45fe0e72eab44b99c9802d3f0dd6d392a7669d4b19b2be983db66a4d5	화재감시제어설비공사	W_LEAF	LEAF_004F	1856	PROCESS	KEEP_AS_DISTINCT	EMPTY	NOT_APPROVED
8616	4ba99832cf19c6f48ec71da802ba051696e0137ff36928d8d1a725b5fd0372d3	중앙감시제어설비공사	W_LEAF	LEAF_004F	1857	PROCESS	KEEP_AS_DISTINCT	EMPTY	NOT_APPROVED
8617	fef860fb3f0529e3cf42dbb14839fb9aa9e42aeda2b967080af34ef9c3ed4df2	건축물통합감시설비공사	W_LEAF	LEAF_004F	1858	PROCESS	KEEP_AS_DISTINCT	EMPTY	NOT_APPROVED
8619	d98bc87d0067b68602c8c3d796e213d7c6d13545c90cccd4711be10496cebc33	기타제어설비공사	W_LEAF	LEAF_004F	1859	CLASSIFICATION	REJECT	EMPTY	NOT_APPROVED
8621	2b671225546f7c952cbadc46e7d45ab70f7cb1cb7c38e8170dc3b8be143f07c2	건축물전기설비공사 - - 대․중․소 분류대․중․소 분류	W_LEAF	LEAF_004F	1860	PROCESS	MERGE_CANDIDATE	88c0dada461143da9fec7a2d6d7847c8d729b73c49e551a8b4a4b12688bf9e4d	NOT_APPROVED
8622	c7039df63581d055d2f1df928d10f97e8fd099633f2eb44ea2f8f038739ab45f	고층빌딩전기설비공사	W_LEAF	LEAF_004F	1861	PROCESS	KEEP_AS_DISTINCT	EMPTY	NOT_APPROVED
8631	350408a38cfc6742ef72b4dbcb2e6da5d10e34055a0ac1898aa3330872bc1225	기타전기설비공사	W_LEAF	LEAF_004F	1862	PROCESS	MERGE_CANDIDATE	6657f500b9d1bfe59b90e693c9d3fabc9d494f04b2f72d9ec0ff1560bc83fc17 | f5b741c5432767b697db7c6b3ed10a4f5da683bad0a3f3cd5934dad29d2e2cb3	NOT_APPROVED
8632	af2d2d01039cab943c9da7bef5320cf9711399ba338771595234a0592b9021ea	철도전기설비공사	W_LEAF	LEAF_004F	1863	PROCESS	KEEP_AS_DISTINCT	EMPTY	NOT_APPROVED
8641	6ac224b60377b346a2628fb60e535cb46168c0de942ba339e99289d2592670fe	안전관련전기설비공사	W_LEAF	LEAF_004F	1864	PROCESS	MERGE_CANDIDATE	2be093b6b695a920b45aac3c2b1c265a3b6cc36cd5900805256cf1213d30778b	NOT_APPROVED
9119	125cc86e2ea06346ed451fe939bafb8a995fb4bcc987a5514be27958a4cfe4bc	기타공사	W_LEAF	LEAF_004F	1865	CLASSIFICATION	REJECT	EMPTY	NOT_APPROVED
9121	3ffb09b756a48bfca5ad250bdb2c630c873421d02f51c37f41847a7357af8615	기계설비시험 시운전공사	W_LEAF	LEAF_004F	1866	PROCESS	MERGE_CANDIDATE	63506a7a577baed3c7ee7e0e1e9945e209308bed1d4fcd9b7c50f22bb2d8db7e	NOT_APPROVED
9132	6903bb8ee81e1882f754ff69addce71445721e8d4e713dfc58ee0d6693d5e5bb	발전설비시운전공사	W_LEAF	LEAF_004F	1867	PROCESS	KEEP_AS_DISTINCT	EMPTY	NOT_APPROVED
9133	9a2ede67e9cc4ae77c13dd7a23fb4c74a31b484466e7ae6a8683a481a29405f0	설비별 시스템별시운전공사	W_LEAF	LEAF_004F	1868	PROCESS	KEEP_AS_DISTINCT	EMPTY	NOT_APPROVED
9141	9f1fd176c7b6d8c4bc5e5ea6d23575c9f285d2f8c56eb13bf0b04ccb3c5c3c3d	전기 통신설비T&C(TestandCommissioning)공사	W_LEAF	LEAF_004F	1869	PROCESS	KEEP_AS_DISTINCT	EMPTY	NOT_APPROVED
9142	de2c434cda17a8228b8d3168240323e9ded41024380c08e55f6bcebf2570143c	전기 통신설비공통시험 시운전공사	W_LEAF	LEAF_004F	1870	PROCESS	KEEP_AS_DISTINCT	EMPTY	NOT_APPROVED
9143	6fe2faa9482c6c37980d2650e57a861e73f34e774195a30c81d5e0a8ba2db499	전기설비시험 시운전공사	W_LEAF	LEAF_004F	1871	PROCESS	KEEP_AS_DISTINCT	EMPTY	NOT_APPROVED
9144	8eb87db8aa3ad5e49ddc121b5c71fbe03653070ad3d56e3f186485cb653092f6	통신설비시험 시운전공사	W_LEAF	LEAF_004F	1872	PROCESS	KEEP_AS_DISTINCT	EMPTY	NOT_APPROVED
