review_concept_key	canonical_id	node_kind	parent_review_concept_key	parent_canonical_id	name	name_normalized	origin_type	status	approval_id	approval_package_sha	amendment_approval_id	amendment_package_sha	materialization_id
003eaf9dda9402b198884bef6cce22c05f84422ba4dee38f5d0231aa6efe9320	4b179a0b-127b-46a9-b034-b0447af8a505	PROCESS	9c5d076acd3550d07d3b8d5e161a39d20bc03992a7d1c3a04b07f92d854efb99	c9cb3627-109a-4e0c-8fbb-1abb31f759ea	모선공사	모선공사	PROMOTED_FROM_SOURCE	DRAFT	RISK-04-APPROVE-001	62c2c50e3c0becbe23a686735d1a7e50ed8bce2f3fa23c539d2250b68227c2d7	EMPTY	EMPTY	RISK-04-MATERIALIZE-001
00554e9bb6c2daf54d786c9b0c5a188739603a064478c61a180a643b5db2f2aa	e561f58e-d92b-43b7-9c0d-a206a49a970a	TASK	9ed800b6570d39ac38f5b3202f23981e90d8eb5f37d7e7a332ddcaf782dffd65	2e8138ce-e3ca-439b-8e9c-de616f5e6dec	도상보수	도상보수	PROMOTED_FROM_SOURCE	DRAFT	RISK-04-APPROVE-001	62c2c50e3c0becbe23a686735d1a7e50ed8bce2f3fa23c539d2250b68227c2d7	EMPTY	EMPTY	RISK-04-MATERIALIZE-001
005d0dfd2cad0c9323c44f72ed07f07542c6070730dcd2cd92c8f04c962f7609	5aebdf52-f246-4667-8f2c-fab4948666fe	TASK	7813a8d1e3c60d92b3956e15f6ed59cb0f8161ab2b50edab4d4f901288342ed0	efa362d3-2550-439a-a444-c44d1639f8f5	기타설비철거 해체	기타설비철거 해체	PROMOTED_FROM_SOURCE	DRAFT	RISK-04-APPROVE-001	62c2c50e3c0becbe23a686735d1a7e50ed8bce2f3fa23c539d2250b68227c2d7	EMPTY	EMPTY	RISK-04-MATERIALIZE-001
00714d829c039e7c5590ef71b44f6e05b3097588dbfe0b20b37b5f1cd4f8ec1a	6024703a-e0c0-49a6-9862-832b64fd131a	PROCESS	53280542142b59179d383425dc3c0376e294312c5bfdef8b3af6e6aaa6dee067	b40bcb7f-32a0-4f2e-bb21-4eaf050a7fb7	디젤발전기플랜트설비공사	디젤발전기플랜트설비공사	PROMOTED_FROM_SOURCE	DRAFT	RISK-04-APPROVE-001	62c2c50e3c0becbe23a686735d1a7e50ed8bce2f3fa23c539d2250b68227c2d7	EMPTY	EMPTY	RISK-04-MATERIALIZE-001
0094e4e7a1f0cbeaa70425941c37f1dd06b42da2328faa8fc78d22d5f7693c2a	888bf357-3ff0-4beb-b338-c4153ab0cadc	PROCESS	9ff4e35cc5e677d6d8dd41c870da81f1059aab60a35df435d424b7e64af7df61	e0ffb761-4531-42a9-bccc-a47102859054	PC부재생산	PC부재생산	PROMOTED_FROM_SOURCE	DRAFT	RISK-04-APPROVE-001	62c2c50e3c0becbe23a686735d1a7e50ed8bce2f3fa23c539d2250b68227c2d7	EMPTY	EMPTY	RISK-04-MATERIALIZE-001
009e62c24038c1afb5353c6ad36a6f3125ceeb1acb214619341c69107aded022	1e87d3ea-5e66-4d77-b80b-1d409e4bd52f	PROCESS	eed4ca91d2eebf54fd65616a1883deb0f030b5f1a097cf88488b3cd1e4d121b6	609c86eb-94f6-447c-9805-e0ff032b80f4	쓰레기소각설비공사	쓰레기소각설비공사	MERGED_FROM_REVIEWED_SOURCES	DRAFT	RISK-04-APPROVE-001	62c2c50e3c0becbe23a686735d1a7e50ed8bce2f3fa23c539d2250b68227c2d7	EMPTY	EMPTY	RISK-04-MATERIALIZE-001
00a52dd997c21ceab4004fe3ce98b640a5932dcad08ab3bd2f5e91411e4e53a7	98336564-d693-4026-b357-a545e100700c	PROCESS	dc3dff2350840a9f391b06f7a73780bb78385a45b4ccece8cb08a3da4c8d1215	d703949e-0684-40bb-86f5-4c11bd329756	저장탱크공사	저장탱크공사	PROMOTED_FROM_SOURCE	DRAFT	RISK-04-APPROVE-001	62c2c50e3c0becbe23a686735d1a7e50ed8bce2f3fa23c539d2250b68227c2d7	EMPTY	EMPTY	RISK-04-MATERIALIZE-001
00b255c9bdbf635478d8a44a6e2afaeb6020be10a9b73976fb3c459b903795d9	3f4c15c4-18d0-4e25-9832-83182e6802c7	PROCESS	c2114d3b4146e11a00f569e871b06ceb8dc9419fc3f9909eb3fee63241c61aa7	457ec8aa-6fc5-4110-b319-449bf3be191e	통신구조물및기타보조기기류설치공사	통신구조물및기타보조기기류설치공사	PROMOTED_FROM_SOURCE	DRAFT	RISK-04-APPROVE-001	62c2c50e3c0becbe23a686735d1a7e50ed8bce2f3fa23c539d2250b68227c2d7	EMPTY	EMPTY	RISK-04-MATERIALIZE-001
00f32052a00a9a85ca580077d451dcc4a0ac451efe34e5408bc333b25fb49ff5	1040f9ac-c01a-4d59-ab9f-ce549d0f641b	PROCESS	EMPTY	EMPTY	외부판재공사	외부판재공사	PROMOTED_FROM_SOURCE	DRAFT	RISK-04-APPROVE-001	62c2c50e3c0becbe23a686735d1a7e50ed8bce2f3fa23c539d2250b68227c2d7	EMPTY	EMPTY	RISK-04-MATERIALIZE-001
00fea4522a479a39940e02f3c04db358c65ddd9a189df6136b8721bd333f6854	97cf2571-0f3a-4bb2-8a85-837bbd502bb0	TASK	25da943669e985eaf977575346986c0faf2da92c6f79f11546c34be8eebbd7d4	fc2dd2f2-43f2-42ec-9dd7-d3e757a52272	케이슨제작및설치	케이슨제작및설치	PROMOTED_FROM_SOURCE	DRAFT	RISK-04-APPROVE-001	62c2c50e3c0becbe23a686735d1a7e50ed8bce2f3fa23c539d2250b68227c2d7	EMPTY	EMPTY	RISK-04-MATERIALIZE-001
012f674cfe4aef679121821ad0d914633c3129fccef94f58deb3bce118d0ca83	d42fec88-281e-4fd6-916b-38442b1cd54a	PROCESS	1f1041e6925f663ff5ec5202db7516c78dbb0b31cd24106bd53426ea70b6753a	abef3abd-2b30-455a-87bc-1e2b9c875aa7	금속바닥틀(장선)설치	금속바닥틀(장선)설치	PROMOTED_FROM_SOURCE	DRAFT	RISK-04-APPROVE-001	62c2c50e3c0becbe23a686735d1a7e50ed8bce2f3fa23c539d2250b68227c2d7	EMPTY	EMPTY	RISK-04-MATERIALIZE-001
013a2ebaac75458ca2a2c64f2c3e77314ce9cd35fed9dcdd9035761329b9482a	1aaa3502-f902-4ce0-84c2-06ee4ac6abdf	TASK	adacfa272eb4a6a674af7667b520a6085d7d0d0455f5ea6f5b4444af491f8024	c3f2f7b9-18b4-4702-8b8d-7548f906d437	화강석깔기	화강석깔기	PROMOTED_FROM_SOURCE	DRAFT	RISK-04-APPROVE-001	62c2c50e3c0becbe23a686735d1a7e50ed8bce2f3fa23c539d2250b68227c2d7	EMPTY	EMPTY	RISK-04-MATERIALIZE-001
0159c0afba4f87a183671de62115913a8b31972b208227a187d443435754b047	73218545-e9d1-4e62-aae6-6bcc492176e1	PROCESS	EMPTY	EMPTY	강구조물공사	강구조물공사	PROMOTED_FROM_SOURCE	DRAFT	RISK-04-APPROVE-001	62c2c50e3c0becbe23a686735d1a7e50ed8bce2f3fa23c539d2250b68227c2d7	EMPTY	EMPTY	RISK-04-MATERIALIZE-001
01cf3373ebf183d4037b67bddd2d8679dcd717e985022494af1f6c6742756512	f17b6a9e-331e-42d3-85cb-f8bba038414c	PROCESS	571d193a16c84db193b5f282dcdc92dd3a9717d4664c18940b186a5399aa42cb	1d0b5964-b7de-4b95-9e79-0d1d7443e701	도상설치공사	도상설치공사	PROMOTED_FROM_SOURCE	DRAFT	RISK-04-APPROVE-001	62c2c50e3c0becbe23a686735d1a7e50ed8bce2f3fa23c539d2250b68227c2d7	EMPTY	EMPTY	RISK-04-MATERIALIZE-001
026bdfc7c0996ab971d21d40af9c61a60acef1e1c14009b8fbcf4a63d358760d	8228d5a8-83c2-437a-92c5-0aa7eea6378c	TASK	6eca78379c93853863766d02655b1003ca45241d359ae85d92aad4c0ba2d84aa	6f2f4427-709e-41a5-a43f-2b7cc6d6216b	궤도부설및레일체결	궤도부설및레일체결	PROMOTED_FROM_SOURCE	DRAFT	RISK-04-APPROVE-001	62c2c50e3c0becbe23a686735d1a7e50ed8bce2f3fa23c539d2250b68227c2d7	EMPTY	EMPTY	RISK-04-MATERIALIZE-001
027e26195daf3974b7607613c9e172c790e1e9e5e1ec446c5596403eca06c45a	45d75079-ab09-4226-98f5-aafa05d1a782	PROCESS	fce048a6ba4d60e4520ac1f54189361e1b473e1bab9f15c88000e42fa44abe0c	7883246b-2742-4708-9868-5b5be29afbe5	건축선정시험(토공 기초 구조체)	건축선정시험(토공 기초 구조체)	PROMOTED_FROM_SOURCE	DRAFT	RISK-04-APPROVE-001	62c2c50e3c0becbe23a686735d1a7e50ed8bce2f3fa23c539d2250b68227c2d7	EMPTY	EMPTY	RISK-04-MATERIALIZE-001
028839946d8a54355febe053579f2654b44a02cafb0f9a1e86e358319541e927	ffd6db74-ee50-40f2-a2f9-a13438cf9aed	PROCESS	EMPTY	EMPTY	기계 플랜트시설공통공사	기계 플랜트시설공통공사	PROMOTED_FROM_SOURCE	DRAFT	RISK-04-APPROVE-001	62c2c50e3c0becbe23a686735d1a7e50ed8bce2f3fa23c539d2250b68227c2d7	EMPTY	EMPTY	RISK-04-MATERIALIZE-001
0295a021468c0e508ae9dc756be46b4ca710d24af753e3fe314873eed255570c	2e0c42ce-51c5-4cf0-8d20-f141d6422475	PROCESS	97ae6dbb7b94a38810c359dc83a9e0600e88c972c2fb79369582072e6c0829ec	206135d7-4ac9-49e1-916b-0d3224e75a56	피뢰설비공사	피뢰설비공사	PROMOTED_FROM_SOURCE	DRAFT	RISK-04-APPROVE-001	62c2c50e3c0becbe23a686735d1a7e50ed8bce2f3fa23c539d2250b68227c2d7	EMPTY	EMPTY	RISK-04-MATERIALIZE-001
02fd02858880cebac2e039f2cc1abb5feadfe685a45198c08ca017270a897a50	5751cb34-0ee5-4298-9f45-22a07d7007f2	TASK	172b5d183961638c11d2ddd68aa2bcca8a5c37d208160fa56f3af8dddb96cf41	1c3217dc-73b3-45fd-9119-13508993a96d	금속제바탕처리	금속제바탕처리	PROMOTED_FROM_SOURCE	DRAFT	RISK-04-APPROVE-001	62c2c50e3c0becbe23a686735d1a7e50ed8bce2f3fa23c539d2250b68227c2d7	EMPTY	EMPTY	RISK-04-MATERIALIZE-001
03220e5c135342bf7f534f4cbccf43806685655020bba5b4ce6e6b2a916b0695	2ea3dcdd-502e-4741-8619-2be5da886094	PROCESS	ec6c03a8aad00b368c07295be86baea08d9705eebdcce822dbc9811d598c8cf1	cd3fd9c9-8693-4719-a1d8-b8ab7d62150e	방음공사	방음공사	PROMOTED_FROM_SOURCE	DRAFT	RISK-04-APPROVE-001	62c2c50e3c0becbe23a686735d1a7e50ed8bce2f3fa23c539d2250b68227c2d7	EMPTY	EMPTY	RISK-04-MATERIALIZE-001
03754c84e28a545a6e2f2f5136ab8d915466c43cf7ccc3c05d3193d8829bbd60	03da6ebe-0db5-45a4-8564-6124ba14ad8f	PROCESS	13f01c1ad0d027cd2397d07a0e9eafb5222e1bbae9c0855e76a6ca66d279e062	71f3ec22-bbb7-483f-a6b5-f089eac9007c	콘크리트부속공사	콘크리트부속공사	PROMOTED_FROM_SOURCE	DRAFT	RISK-04-APPROVE-001	62c2c50e3c0becbe23a686735d1a7e50ed8bce2f3fa23c539d2250b68227c2d7	EMPTY	EMPTY	RISK-04-MATERIALIZE-001
038ad6fb72d989f21edbb398ae9086b91f2a1e29f035dca0684633f19425b199	2729e10b-6484-4f98-bf01-260a56335293	TASK	9d7bad7d3377b0051c155133999851cda03afb637f6fc506662aa14608b8fd72	23c12507-241e-4e79-a855-4ab96b1ce94d	터파기및되메우기공사	터파기및되메우기공사	PROMOTED_FROM_SOURCE	DRAFT	RISK-04-APPROVE-001	62c2c50e3c0becbe23a686735d1a7e50ed8bce2f3fa23c539d2250b68227c2d7	EMPTY	EMPTY	RISK-04-MATERIALIZE-001
03aaad55841df81565fdced35fc4f35a49132608301f3438c309945cdb6e9239	fcb638f8-d660-427b-aebe-c00d81f4e628	TASK	70f8baf73081c23c630d509a315dfad2d6f5e9aeeab0228f0cc1a0cce1e9f827	54ecd392-a22a-4337-8852-a7e2ffc110c0	기초지반보강	기초지반보강	PROMOTED_FROM_SOURCE	DRAFT	RISK-04-APPROVE-001	62c2c50e3c0becbe23a686735d1a7e50ed8bce2f3fa23c539d2250b68227c2d7	EMPTY	EMPTY	RISK-04-MATERIALIZE-001
03d0ce13703e243cff19322fe0df26962d243d37dea0f0bc2d7522a0544a10ab	e79962f4-c455-4596-8a18-bf204bdb707c	PROCESS	EMPTY	EMPTY	전기 자동제어 계장 신호 통신공통공사	전기 자동제어 계장 신호 통신공통공사	PROMOTED_FROM_SOURCE	DRAFT	RISK-04-APPROVE-001	62c2c50e3c0becbe23a686735d1a7e50ed8bce2f3fa23c539d2250b68227c2d7	EMPTY	EMPTY	RISK-04-MATERIALIZE-001
03edc6aaf74d36fdeac3b4e9f48c7096b32675e82e44372512aea710d640cbdd	9c97a7f9-2706-4e81-8676-bb197ce94669	TASK	3c3ea3dc55db80472b59e9cf2576dc14a2029e2402467451af504591ead80e56	e8320c12-4f59-4b4f-bbc1-952e327d1e68	관로철거 해체	관로철거 해체	PROMOTED_FROM_SOURCE	DRAFT	RISK-04-APPROVE-001	62c2c50e3c0becbe23a686735d1a7e50ed8bce2f3fa23c539d2250b68227c2d7	EMPTY	EMPTY	RISK-04-MATERIALIZE-001
03f737d4cc74725d2b592f051fe6b0ee81cad48cc7d89c46ced43836f408c3d2	ad160a3c-f507-45de-bc66-82060376c638	TASK	da5a624c501a2655039fba24eaaf4598e3c28c9642b2e2bc8b23d69a8361f5b1	a285976c-d91c-435f-be2b-717d72e6d83f	전선관로제거	전선관로제거	PROMOTED_FROM_SOURCE	DRAFT	RISK-04-APPROVE-001	62c2c50e3c0becbe23a686735d1a7e50ed8bce2f3fa23c539d2250b68227c2d7	EMPTY	EMPTY	RISK-04-MATERIALIZE-001
04231490c811112bfa29c7d4e4cbf080a670678d9274cc503da398283540555e	faf1109e-6943-41b2-a893-d43ff98b9372	PROCESS	db6bafcb5396a619ac639b6b4871b38bfd9450a31c31a9a46bbc731f09998c99	df727d07-1df7-4d0b-9607-451c8ce4ba7b	각종통신설비공사	각종통신설비공사	PROMOTED_FROM_SOURCE	DRAFT	RISK-04-APPROVE-001	62c2c50e3c0becbe23a686735d1a7e50ed8bce2f3fa23c539d2250b68227c2d7	EMPTY	EMPTY	RISK-04-MATERIALIZE-001
04252d0126624a986ae71af54d04a5b3ed3123ab5450ff27177253377d4f8072	d0560f54-2626-4b0d-b391-e0b6281d8921	PROCESS	b010f76c574f6761abb7e73d610ed737629be5b00dffea26cbddac07135e7587	6a52b996-2bc6-43cd-9f29-02cab6f1700c	전기품질시험	전기품질시험	PROMOTED_FROM_SOURCE	DRAFT	RISK-04-APPROVE-001	62c2c50e3c0becbe23a686735d1a7e50ed8bce2f3fa23c539d2250b68227c2d7	EMPTY	EMPTY	RISK-04-MATERIALIZE-001
043b3ffe3d31e04feab3c5b053abe66ec7abd652ce16356687d70bd14e47f448	d8e4dd5c-6741-4427-aa5e-707b62f79a29	PROCESS	bb852d3b868968a790e5faeaa029a52b75470c19cdadbc3efa7b19e185368a67	fb896a27-ed87-4811-bd78-0bb2626216bf	무정전공사	무정전공사	PROMOTED_FROM_SOURCE	DRAFT	RISK-04-APPROVE-001	62c2c50e3c0becbe23a686735d1a7e50ed8bce2f3fa23c539d2250b68227c2d7	EMPTY	EMPTY	RISK-04-MATERIALIZE-001
04e2576fcfc65828ea734e1c02a2e47950021599091b79ee7d78e856e56f653e	2c79563e-d093-485b-acb3-5bf01c9400d0	PROCESS	eed4ca91d2eebf54fd65616a1883deb0f030b5f1a097cf88488b3cd1e4d121b6	609c86eb-94f6-447c-9805-e0ff032b80f4	폐기물처리설비공사	폐기물처리설비공사	MERGED_FROM_REVIEWED_SOURCES	DRAFT	RISK-04-APPROVE-001	62c2c50e3c0becbe23a686735d1a7e50ed8bce2f3fa23c539d2250b68227c2d7	EMPTY	EMPTY	RISK-04-MATERIALIZE-001
0532e14156d402607b4b0e188c2862608dbf0c964fd527940d48e3bffc652f10	f1e6e2c0-410b-4786-bc9a-3bc6bcca7d6b	TASK	9d1d7e3cf333b05c23ed838742a05d0d01c6bc294913a89e1f2bb1ad7a31babe	7b1c268e-1120-45b8-bcd5-0716c1f785a1	배수판설치	배수판설치	PROMOTED_FROM_SOURCE	DRAFT	RISK-04-APPROVE-001	62c2c50e3c0becbe23a686735d1a7e50ed8bce2f3fa23c539d2250b68227c2d7	EMPTY	EMPTY	RISK-04-MATERIALIZE-001
0537a067376dd2fc6d07c94010b3fbee454bea1fd992c23c86e7cc37891da58b	83515db5-647a-4993-b279-cf383cc682a8	TASK	141627cdd8a52d46885395072c371e86aa2a2beb28ce70de3896fa3487309921	959ac92b-b756-4cec-ab82-048497113fa2	비탈면녹화	비탈면녹화	PROMOTED_FROM_SOURCE	DRAFT	RISK-04-APPROVE-001	62c2c50e3c0becbe23a686735d1a7e50ed8bce2f3fa23c539d2250b68227c2d7	EMPTY	EMPTY	RISK-04-MATERIALIZE-001
05904e0f81d3f046112158b3f4b188e91d74673d2c533e3aed5b9963de0360fe	b12ddccf-08fb-4bc8-9866-419a99873dd8	TASK	b5505742d94b06382f56854611e8b90aed15c861a2a393c78b2690e66b43c954	8c831cd1-fa96-4c78-913a-a4b0d1c636fe	가스설비관련기기설치공사	가스설비관련기기설치공사	PROMOTED_FROM_SOURCE	DRAFT	RISK-04-APPROVE-001	62c2c50e3c0becbe23a686735d1a7e50ed8bce2f3fa23c539d2250b68227c2d7	EMPTY	EMPTY	RISK-04-MATERIALIZE-001
064a1341a099e8c6d1a821f002b150e5fd8f04086b60cbc1c716a779473b7a57	0349f8ca-ee1b-4942-9410-3e2d36938276	TASK	1cf07cdcbd1df01844dc417dfc25899e9f8855c743ffeaa8b82fd28792f90073	b6103826-0560-4525-9cc9-2b7bf8f0d63b	테라조내벽붙이기	테라조내벽붙이기	PROMOTED_FROM_SOURCE	DRAFT	RISK-04-APPROVE-001	62c2c50e3c0becbe23a686735d1a7e50ed8bce2f3fa23c539d2250b68227c2d7	EMPTY	EMPTY	RISK-04-MATERIALIZE-001
064c77f0388387fc7ab9132fe3344da1283bbf61141536b1db07134cf70efdf0	f0d11573-8ae7-43e8-a1ea-1c3596a54d06	PROCESS	EMPTY	EMPTY	운송설비공사	운송설비공사	PROMOTED_FROM_SOURCE	DRAFT	RISK-04-APPROVE-001	62c2c50e3c0becbe23a686735d1a7e50ed8bce2f3fa23c539d2250b68227c2d7	EMPTY	EMPTY	RISK-04-MATERIALIZE-001
0675599bdbb24081a2494bf15c718a9320077befe60eccd4095c279b346470ef	0af8704b-7d03-4654-936f-13a30cd526e1	TASK	663731e91305b8886f5920d0f41659f79dea06180109346b38779bf90058409e	1850eed5-cd9e-4d3e-9bc3-d99c95102c33	도기질타일바닥붙이기	도기질타일바닥붙이기	PROMOTED_FROM_SOURCE	DRAFT	RISK-04-APPROVE-001	62c2c50e3c0becbe23a686735d1a7e50ed8bce2f3fa23c539d2250b68227c2d7	EMPTY	EMPTY	RISK-04-MATERIALIZE-001
06890e334a7a716771ef1bdc5e9ac4fba56022955272e4180b754ec2304c6869	078134f6-523d-4146-8a85-edc514ece459	PROCESS	fd75ac4138ed5409d0ed30aae578a02942ab49528558d47e4261136cfbe58831	643b3672-fbbc-4538-beed-ecc02f1f1ab0	냉동실설비공사	냉동실설비공사	PROMOTED_FROM_SOURCE	DRAFT	RISK-04-APPROVE-001	62c2c50e3c0becbe23a686735d1a7e50ed8bce2f3fa23c539d2250b68227c2d7	EMPTY	EMPTY	RISK-04-MATERIALIZE-001
06e5762a27d4f3deb2d03c0dd8ad20c8eddc324415d5d6107a916166121c970c	37708031-cc38-4c79-b4b1-30ef03ff1752	PROCESS	EMPTY	EMPTY	교량공사	교량공사	PROMOTED_FROM_SOURCE	DRAFT	RISK-04-APPROVE-001	62c2c50e3c0becbe23a686735d1a7e50ed8bce2f3fa23c539d2250b68227c2d7	EMPTY	EMPTY	RISK-04-MATERIALIZE-001
06f29e5d1c0ceba9f770fb01bcf5c0355047ad2cef3ab6eba232e835c880e3be	12389a9c-0581-4a2a-a5ea-e17be409bcf7	TASK	1cfec0bc08793ae94b4373544f7f2c319776ddeaba08da3e088897273233c360	df28c14e-0fab-4d8b-93a2-4803a1e122b4	화학성분실험	화학성분실험	PROMOTED_FROM_SOURCE	DRAFT	RISK-04-APPROVE-001	62c2c50e3c0becbe23a686735d1a7e50ed8bce2f3fa23c539d2250b68227c2d7	EMPTY	EMPTY	RISK-04-MATERIALIZE-001
0707456a5c306be3d67234d29e08107639ee0b50f5a561190a450f493338c615	ed0b5c8b-42a0-460d-bfe4-188a13265758	PROCESS	1b01f7e3cd4bfbdcf610554066aa88036ab7be729aa908b66f0ec7936195732d	b07d3c54-238b-4c4a-95b2-5aaabf182076	표토제거및부지정지	표토제거및부지정지	PROMOTED_FROM_SOURCE	DRAFT	RISK-04-APPROVE-001	62c2c50e3c0becbe23a686735d1a7e50ed8bce2f3fa23c539d2250b68227c2d7	EMPTY	EMPTY	RISK-04-MATERIALIZE-001
074395a75b54f6506499719fefe3255a479269b2df0944db08a3e8f66acc9017	12ebc23a-9561-4a2a-a180-c63e5335566d	TASK	a492a0fe0bcc1fa46324941086217984ce0e3a41d318bcddae69d13bff90d910	fae1b190-575a-4e5f-add0-051c335c433b	아스팔트슁글잇기	아스팔트슁글잇기	PROMOTED_FROM_SOURCE	DRAFT	RISK-04-APPROVE-001	62c2c50e3c0becbe23a686735d1a7e50ed8bce2f3fa23c539d2250b68227c2d7	EMPTY	EMPTY	RISK-04-MATERIALIZE-001
076223ce4f4af3638618d445c83e47add1431fe06bb299b2c114ebbcb34ebe14	bcd6c3f8-cd19-4b66-9519-59779f915afe	TASK	8afc78b94512791a17f40d495868bafe70cc4b867c0e77a3e4269f22152f36ac	67981795-50b9-457d-999b-90e1c4bcbc43	토사되메우기	토사되메우기	PROMOTED_FROM_SOURCE	DRAFT	RISK-04-APPROVE-001	62c2c50e3c0becbe23a686735d1a7e50ed8bce2f3fa23c539d2250b68227c2d7	EMPTY	EMPTY	RISK-04-MATERIALIZE-001
0764af892d5f8668f8eae111cddffaa15b2e2d67a47e434791d6ee26a370317b	371c30b0-0543-4223-ae65-11e6c6ce180c	TASK	5de714bb17d80b291c3d7e7d3da321d729f8771914677c30ae25f4e14aa01e91	525fab4f-8a50-492c-851c-f6f5a15be109	자기질타일밑면붙이기	자기질타일밑면붙이기	PROMOTED_FROM_SOURCE	DRAFT	RISK-04-APPROVE-001	62c2c50e3c0becbe23a686735d1a7e50ed8bce2f3fa23c539d2250b68227c2d7	EMPTY	EMPTY	RISK-04-MATERIALIZE-001
07a488cdbaf16d0c37a607a0a3d8a6d50d0dd3d78e4115fb68facad1c976d0d1	d297e465-7ed2-4fb4-a53f-512040462129	TASK	0f571190b35b4c9aae3b26ab96a87556f65be7b3e8cb1824c06a807dc34bc0b7	02cd1121-108c-4ee3-89de-c83d73cda213	천정합성수지판재붙이기	천정합성수지판재붙이기	PROMOTED_FROM_SOURCE	DRAFT	RISK-04-APPROVE-001	62c2c50e3c0becbe23a686735d1a7e50ed8bce2f3fa23c539d2250b68227c2d7	EMPTY	EMPTY	RISK-04-MATERIALIZE-001
07d7c21945459092bbedab343d46779dae0e304fd054608896eace638286e5fd	38cf8fe5-03e8-4909-bc6b-f1b6e1c21b4a	PROCESS	EMPTY	EMPTY	방재전기설비공사	방재전기설비공사	PROMOTED_FROM_SOURCE	DRAFT	RISK-04-APPROVE-001	62c2c50e3c0becbe23a686735d1a7e50ed8bce2f3fa23c539d2250b68227c2d7	EMPTY	EMPTY	RISK-04-MATERIALIZE-001
080b1f8178e90ee8b31f2815b7b5642a714c35367a9a2556eae85bf09440afb0	8f0b754e-fcc4-485d-a2a9-ad999f384fc6	TASK	fba05c07dc62b9938f5b28091b8d88b0633208a1d76deef0200ed6a85b06b11d	283ded33-4df9-486a-b46f-1a739a0fde76	석재젯트버너마감	석재젯트버너마감	PROMOTED_FROM_SOURCE	DRAFT	RISK-04-APPROVE-001	62c2c50e3c0becbe23a686735d1a7e50ed8bce2f3fa23c539d2250b68227c2d7	EMPTY	EMPTY	RISK-04-MATERIALIZE-001
082742d404d587bd5bec7873781faf224ccd9811d3ee56edbfbf8e6dacc79dfc	3e504345-cf05-4dcd-8e11-55a4b46ec34f	PROCESS	4550c015794f93c550fc4a407b3d0537ebd3fde8130246cd5dfb9e0da0674984	2014a58c-18ab-4f55-beb4-1884d9261052	도시가스공급공사	도시가스공급공사	PROMOTED_FROM_SOURCE	DRAFT	RISK-04-APPROVE-001	62c2c50e3c0becbe23a686735d1a7e50ed8bce2f3fa23c539d2250b68227c2d7	EMPTY	EMPTY	RISK-04-MATERIALIZE-001
086cb7669fde42d8cb3ead1004aab5073c384f43c946be95d4066abffb8e0ff9	1ac44e66-459b-4afc-8cc4-e5d9ce385ebe	PROCESS	EMPTY	EMPTY	공사관리	공사관리	PROMOTED_FROM_SOURCE	DRAFT	RISK-04-APPROVE-001	62c2c50e3c0becbe23a686735d1a7e50ed8bce2f3fa23c539d2250b68227c2d7	EMPTY	EMPTY	RISK-04-MATERIALIZE-001
089ba0f30049dd012b20182475b77bf72ac561075c6f4eb5b1ebe43b814b832a	cefa4a51-f586-4f29-96c7-2b511e749ee7	TASK	b8605fe8c0ef16348371393e2acc2501db26b6877153513bec3000f4f5de1df6	ac2a3158-0c35-492f-8611-dd2c65d6aa30	벽체페브릭붙이기	벽체페브릭붙이기	PROMOTED_FROM_SOURCE	DRAFT	RISK-04-APPROVE-001	62c2c50e3c0becbe23a686735d1a7e50ed8bce2f3fa23c539d2250b68227c2d7	EMPTY	EMPTY	RISK-04-MATERIALIZE-001
08f2ec8c8ef4832940ddeaacbbe0a52ca511891b9d7d478c2c8b634cb8fdf9aa	9c0311c8-4025-4bb9-bced-bd4eded27148	PROCESS	b010f76c574f6761abb7e73d610ed737629be5b00dffea26cbddac07135e7587	6a52b996-2bc6-43cd-9f29-02cab6f1700c	기계품질시험	기계품질시험	PROMOTED_FROM_SOURCE	DRAFT	RISK-04-APPROVE-001	62c2c50e3c0becbe23a686735d1a7e50ed8bce2f3fa23c539d2250b68227c2d7	EMPTY	EMPTY	RISK-04-MATERIALIZE-001
08f5208bd4f8ccdc53069f19aaaa920a087dfe3d714346512b8fd90efa04d348	94847414-cf6d-4eb2-bc57-cd98cc7c35ed	TASK	4813cf1b2638756cfc45513b10dd2cb87c0c8de7d9084742aa967a9b48ac9c10	556d6799-5eb8-4626-8991-83953a8056ac	교목이식공사	교목이식공사	PROMOTED_FROM_SOURCE	DRAFT	RISK-04-APPROVE-001	62c2c50e3c0becbe23a686735d1a7e50ed8bce2f3fa23c539d2250b68227c2d7	EMPTY	EMPTY	RISK-04-MATERIALIZE-001
092012f72fa71dbe3c210029b2d3fd119cd18a4ab2362683b4610ea9e505dc12	fcb16e1a-bff3-44e4-bd6f-80ee1e1c6a72	TASK	a59c0bc5efafe8ced03e17d2e0a14ab093d3cb29ca6b9c750cbde03915173b6d	a94a4691-ba52-4ff6-8fac-bae9279adae5	다짐시험	다짐시험	PROMOTED_FROM_SOURCE	DRAFT	RISK-04-APPROVE-001	62c2c50e3c0becbe23a686735d1a7e50ed8bce2f3fa23c539d2250b68227c2d7	EMPTY	EMPTY	RISK-04-MATERIALIZE-001
094c2a06438b38402ce06ad7013f0d454002110bdbcbf8e2401b3ec4dc941191	218a19dd-a075-456a-8c08-cc1df02d3d95	PROCESS	EMPTY	EMPTY	특수설비공사	특수설비공사	PROMOTED_FROM_SOURCE	DRAFT	RISK-04-APPROVE-001	62c2c50e3c0becbe23a686735d1a7e50ed8bce2f3fa23c539d2250b68227c2d7	EMPTY	EMPTY	RISK-04-MATERIALIZE-001
0954849d33f3f16d68648fa6b9789cd137b2a6030d9c853e880c653e0d42741e	2250286c-d9a8-4e68-9898-296bb3d42be1	PROCESS	6a1c0b77bd9da03f98926215289581bbcbca6e27dba519a092321a602264979d	3f8d918c-4dec-408b-9e10-709a374a689b	소방기계설비공사	소방기계설비공사	PROMOTED_FROM_SOURCE	DRAFT	RISK-04-APPROVE-001	62c2c50e3c0becbe23a686735d1a7e50ed8bce2f3fa23c539d2250b68227c2d7	EMPTY	EMPTY	RISK-04-MATERIALIZE-001
0987fc089c9d75012c90c96e2a69726bffb05c3751587576154026973f879f0d	4de61a1b-43f8-4b8e-a920-97bbdc467fe6	PROCESS	f9ca32ca030b7a7fdf1e1d0d815a9a452344402b5b9c2c6900d619510def900a	0ff5876a-fb3f-4283-949b-cad5d0278b91	자동화재탐지설비공사	자동화재탐지설비공사	PROMOTED_FROM_SOURCE	DRAFT	RISK-04-APPROVE-001	62c2c50e3c0becbe23a686735d1a7e50ed8bce2f3fa23c539d2250b68227c2d7	EMPTY	EMPTY	RISK-04-MATERIALIZE-001
09f7236b0612c3b58048c4f5f6bbdebab0ee2b71f282e6cd10078f87f9b371f0	bd0a341a-ad36-497b-a019-2fabef384a1e	TASK	3d48573e1d316e06b26b513b3d1b0f6ce573017dffb0fd382f18aa346ee5e727	69f8d873-5093-4204-9150-57d65de28751	보드형벽체단열	보드형벽체단열	PROMOTED_FROM_SOURCE	DRAFT	RISK-04-APPROVE-001	62c2c50e3c0becbe23a686735d1a7e50ed8bce2f3fa23c539d2250b68227c2d7	EMPTY	EMPTY	RISK-04-MATERIALIZE-001
0a00c3ab9f7afc00a36447cca7ad04d7579c06c2dcd5fe800dbf1b3503614db3	436a96b0-af4b-4a7e-985b-a7e50753e010	TASK	663731e91305b8886f5920d0f41659f79dea06180109346b38779bf90058409e	1850eed5-cd9e-4d3e-9bc3-d99c95102c33	유리질타일바닥붙이기	유리질타일바닥붙이기	PROMOTED_FROM_SOURCE	DRAFT	RISK-04-APPROVE-001	62c2c50e3c0becbe23a686735d1a7e50ed8bce2f3fa23c539d2250b68227c2d7	EMPTY	EMPTY	RISK-04-MATERIALIZE-001
0a8b567213ab76368a43417e3ad6fd7b89adb92c849cef6e17e80ec6c2075fdd	58f8b4bb-3450-4538-83f0-c4eccc7de4bd	PROCESS	994c5c6f3e7700bb439cd0c4b1741e3d839795989cfb1523bdf51bbd1e6c9280	fb9cf491-80c1-45eb-852e-6ba1bd57ad83	목재지보공사	목재지보공사	PROMOTED_FROM_SOURCE	DRAFT	RISK-04-APPROVE-001	62c2c50e3c0becbe23a686735d1a7e50ed8bce2f3fa23c539d2250b68227c2d7	EMPTY	EMPTY	RISK-04-MATERIALIZE-001
0a8ead19e5d1f9a301eabb551149fe3400405a1a55763aabf2e793b7f824f5b3	7e37f948-a953-4a14-b929-5be72c9cb08a	PROCESS	ad52ec48aec12c096ed53d6e802060a29abfdddbc8cf6e7762c5945e04534786	d5f68bcc-16ad-4375-84cc-eeb551c11063	미끄럼방지포장	미끄럼방지포장	PROMOTED_FROM_SOURCE	DRAFT	RISK-04-APPROVE-001	62c2c50e3c0becbe23a686735d1a7e50ed8bce2f3fa23c539d2250b68227c2d7	EMPTY	EMPTY	RISK-04-MATERIALIZE-001
0ac3671d5b81933eaba8f963190b5724a2b0cd45f99f865b9bef0a5d482233a9	b10f615b-c9a0-40d8-a613-ee84a0fd90fa	TASK	acaa682822a7efd396a4b67c1cc0cd12330fcc5b12523b900fcbf713b88e18e4	946afb48-0059-4654-b316-804cc574ac1d	유리공사코킹 실링	유리공사코킹 실링	PROMOTED_FROM_SOURCE	DRAFT	RISK-04-APPROVE-001	62c2c50e3c0becbe23a686735d1a7e50ed8bce2f3fa23c539d2250b68227c2d7	EMPTY	EMPTY	RISK-04-MATERIALIZE-001
0bf2deff037a1b3e3fca6af59208c3d99c63efba682186f021f36562ccfdc1c0	9f683835-9eee-4582-bec3-e572dc8830ff	TASK	5e9f3bd52f774810f3b020a8c2160ce5a9e5a4909c1f517b61cc7dd45f0cd9b5	1aee87d8-146d-43ae-b343-d1a09cd64fe0	금속조인트(줄눈)덮개및트림제작 설치	금속조인트(줄눈)덮개및트림제작 설치	PROMOTED_FROM_SOURCE	DRAFT	RISK-04-APPROVE-001	62c2c50e3c0becbe23a686735d1a7e50ed8bce2f3fa23c539d2250b68227c2d7	EMPTY	EMPTY	RISK-04-MATERIALIZE-001
0c511fbc566a4d32baa68e7e5e763a9c1c23fe44d2c20df1a16119c78a2166e2	8b6a3fc1-a9db-4cc3-a346-04c12077b4bb	TASK	4813cf1b2638756cfc45513b10dd2cb87c0c8de7d9084742aa967a9b48ac9c10	556d6799-5eb8-4626-8991-83953a8056ac	교목식재공사	교목식재공사	PROMOTED_FROM_SOURCE	DRAFT	RISK-04-APPROVE-001	62c2c50e3c0becbe23a686735d1a7e50ed8bce2f3fa23c539d2250b68227c2d7	EMPTY	EMPTY	RISK-04-MATERIALIZE-001
0c7cbc64f8d302a1f8747d7ae32ce9ffaee277cd8cba504690b8fdfc4d183e01	e3e9f2b0-e7f5-4411-ae3f-23bdeb4984c8	PROCESS	55a316206a26065b1f7a0d6a78216f3a90d5c6f69045a409f735c2a1a4825df8	a18cbef9-0712-4d25-80d2-4d27ccd5860e	잔디공사	잔디공사	PROMOTED_FROM_SOURCE	DRAFT	RISK-04-APPROVE-001	62c2c50e3c0becbe23a686735d1a7e50ed8bce2f3fa23c539d2250b68227c2d7	EMPTY	EMPTY	RISK-04-MATERIALIZE-001
0c8c4f8747137614f2825451a99d0471d12a5701da70014c1831163606b41bdf	65ebbaac-e584-40e0-8563-80c47d3cfddd	PROCESS	fd75ac4138ed5409d0ed30aae578a02942ab49528558d47e4261136cfbe58831	643b3672-fbbc-4538-beed-ecc02f1f1ab0	냉장실설비공사	냉장실설비공사	PROMOTED_FROM_SOURCE	DRAFT	RISK-04-APPROVE-001	62c2c50e3c0becbe23a686735d1a7e50ed8bce2f3fa23c539d2250b68227c2d7	EMPTY	EMPTY	RISK-04-MATERIALIZE-001
0cb29f276cba34947d96ef28d16d70dcecac201cd1d82b3ed52d897ec04c8ba9	041e123c-a86d-4755-b97b-559b66eda693	PROCESS	fce048a6ba4d60e4520ac1f54189361e1b473e1bab9f15c88000e42fa44abe0c	7883246b-2742-4708-9868-5b5be29afbe5	건축공사검사시험	건축공사검사시험	PROMOTED_FROM_SOURCE	DRAFT	RISK-04-APPROVE-001	62c2c50e3c0becbe23a686735d1a7e50ed8bce2f3fa23c539d2250b68227c2d7	EMPTY	EMPTY	RISK-04-MATERIALIZE-001
0cdb425a3e377b8fef8b65832a2e55732b18d244bbc3cc31298f56150ea18110	b78beb11-fc06-466e-81df-7476f52c2149	PROCESS	ea3245b5faef0b7303958cb6edf84282597a4097f744cdd21ca50331f45cf375	4056c15b-3a34-423f-b225-e2edfb91c15d	이동보행로설비공사	이동보행로설비공사	PROMOTED_FROM_SOURCE	DRAFT	RISK-04-APPROVE-001	62c2c50e3c0becbe23a686735d1a7e50ed8bce2f3fa23c539d2250b68227c2d7	EMPTY	EMPTY	RISK-04-MATERIALIZE-001
0cdf9d0f486e1be1b488f201687953ceacccce9b6812a91483c03cd0e4347318	510af8b0-bdd1-4a31-a12f-c2c225fdb2c6	TASK	7f3096c3b1ffcbc09399fbb58b6bbd30a438e0659db4c98e16b831094794ba0d	c1680b32-68b5-4fc5-8c80-efd711650709	건널목깔기(구형)	건널목깔기(구형)	PROMOTED_FROM_SOURCE	DRAFT	RISK-04-APPROVE-001	62c2c50e3c0becbe23a686735d1a7e50ed8bce2f3fa23c539d2250b68227c2d7	EMPTY	EMPTY	RISK-04-MATERIALIZE-001
0cf1376b9030596d2d58587d424d5e541a9dc9da939a221d2100a8075df6e45f	940f369c-9158-45a8-b1cf-bc74b74d0b12	PROCESS	028839946d8a54355febe053579f2654b44a02cafb0f9a1e86e358319541e927	ffd6db74-ee50-40f2-a2f9-a13438cf9aed	자동제어공사	자동제어공사	PROMOTED_FROM_SOURCE	DRAFT	RISK-04-APPROVE-001	62c2c50e3c0becbe23a686735d1a7e50ed8bce2f3fa23c539d2250b68227c2d7	EMPTY	EMPTY	RISK-04-MATERIALIZE-001
0d2637b5391b3ed860f9f6eb6857ff8cee8038df51e2457fa22a418b7056fd83	011b87b9-cf70-40d4-b23e-312c971a6dfe	PROCESS	99251365e33a7c848579e36872b53d3589f622c7b93763ea82b9ba6c18867317	fabd4b6c-e97f-4f74-b62c-53c51224393a	터널주행부아스콘포장	터널주행부아스콘포장	PROMOTED_FROM_SOURCE	DRAFT	RISK-04-APPROVE-001	62c2c50e3c0becbe23a686735d1a7e50ed8bce2f3fa23c539d2250b68227c2d7	EMPTY	EMPTY	RISK-04-MATERIALIZE-001
0d269333cd689a171c0199dd6a43ee90a1c431841a2d75cbf249d3e04ee2da6e	89494215-9a3e-4f3c-926a-a0256d34a76b	TASK	e1e8145467429472a59dd7ae0d75512fbe4eb6addb9d8fbed2f334c308857b63	a5ff5522-3e4f-4d19-b18f-4fc7afefaa01	컨벡터설치공사	컨벡터설치공사	PROMOTED_FROM_SOURCE	DRAFT	RISK-04-APPROVE-001	62c2c50e3c0becbe23a686735d1a7e50ed8bce2f3fa23c539d2250b68227c2d7	EMPTY	EMPTY	RISK-04-MATERIALIZE-001
0d3552f53d8bb26076ad3fba2d96b14a895fcfe1eb011cf3a5d1c6c9e1e767d1	9377e2e2-0199-4ffb-8a39-45eebe204ef8	TASK	57842b6f62bcef11aa5623a54959143ed3d51e2d42f9c3a51e9c6a302a16ff19	addfaf62-3805-4680-9941-6e299eeed209	창호지바르기	창호지바르기	PROMOTED_FROM_SOURCE	DRAFT	RISK-04-APPROVE-001	62c2c50e3c0becbe23a686735d1a7e50ed8bce2f3fa23c539d2250b68227c2d7	EMPTY	EMPTY	RISK-04-MATERIALIZE-001
0d445286205ef7f127b6f2084fe029d9f23005a11586364d5d0e91188055a4fc	55bee069-c895-4583-82a1-8a905bc28455	PROCESS	1a13ea0495c762c614f4fa5cbcf476764c9287e017255d6e15df7cb6defa5748	f0d60f4d-849f-4ef2-aa5b-5535bca53c2a	기타공사계측	기타공사계측	PROMOTED_FROM_SOURCE	DRAFT	RISK-04-APPROVE-001	62c2c50e3c0becbe23a686735d1a7e50ed8bce2f3fa23c539d2250b68227c2d7	EMPTY	EMPTY	RISK-04-MATERIALIZE-001
0da37731205236444417ef21c8c8180e5daf2c915d22125074d97e8dadbb2968	0a712330-9126-4abc-8a35-586d8b458fab	TASK	89e2080c0fb55d1bf14445f6369eeffbcfb26bd22732fefd5529328d28370f3a	6be21583-e684-4d52-9623-37b1b6b22e17	정지	정지	PROMOTED_FROM_SOURCE	DRAFT	RISK-04-APPROVE-001	62c2c50e3c0becbe23a686735d1a7e50ed8bce2f3fa23c539d2250b68227c2d7	EMPTY	EMPTY	RISK-04-MATERIALIZE-001
0dde5868356411f26585aad1d1dc4fa4e5504f7666500d14e5efc9f8dca771f3	59a1db14-8faa-4791-9754-15d62c35ff1d	TASK	3b7b077e95c07db8e6148e2075e31482bdf6d214f7705c1fcf949cbdc83710e9	e9cfa3fe-de63-425f-b5d3-75ca91c92b60	경화물질트렌치터파기	경화물질트렌치터파기	PROMOTED_FROM_SOURCE	DRAFT	RISK-04-APPROVE-001	62c2c50e3c0becbe23a686735d1a7e50ed8bce2f3fa23c539d2250b68227c2d7	EMPTY	EMPTY	RISK-04-MATERIALIZE-001
0e93c5d551eb1eb656c4d219e2f5cbdde7a611f4d1f8cfd8d35caf54bb82840b	d29022bc-5dd6-4a51-9dc6-8744789240bd	PROCESS	1f1041e6925f663ff5ec5202db7516c78dbb0b31cd24106bd53426ea70b6753a	abef3abd-2b30-455a-87bc-1e2b9c875aa7	금속마감	금속마감	PROMOTED_FROM_SOURCE	DRAFT	RISK-04-APPROVE-001	62c2c50e3c0becbe23a686735d1a7e50ed8bce2f3fa23c539d2250b68227c2d7	EMPTY	EMPTY	RISK-04-MATERIALIZE-001
0ee856aa44d6f1dc5fdf1b5d2a6739dfaecbbe638fb9da4103b55c156142ad27	e579aba1-ab0b-453f-8ca8-7f345b3bf041	TASK	8bfbba9d95710e0bac851a17945ca6f353070ca9bf1d14005d856e6caac5e12e	82b93dc9-88a1-49f8-bd54-3874f569ced2	벽체띠장설치	벽체띠장설치	PROMOTED_FROM_SOURCE	DRAFT	RISK-04-APPROVE-001	62c2c50e3c0becbe23a686735d1a7e50ed8bce2f3fa23c539d2250b68227c2d7	EMPTY	EMPTY	RISK-04-MATERIALIZE-001
0f3dce322934ae5e11439e5231fff7a5302aad3b4cfac914f9cd2c803987e6be	f341a82a-d015-42a2-ba95-73222b9510c2	PROCESS	a53c95b548ab1a1a584ad79f325846f8ac90ecce9234f991f9d8be9919341250	ca6f7bea-96f1-456f-be61-e96c129ab18a	박판쉬트(비니어)붙이기	박판쉬트(비니어)붙이기	PROMOTED_FROM_SOURCE	DRAFT	RISK-04-APPROVE-001	62c2c50e3c0becbe23a686735d1a7e50ed8bce2f3fa23c539d2250b68227c2d7	EMPTY	EMPTY	RISK-04-MATERIALIZE-001
0f571190b35b4c9aae3b26ab96a87556f65be7b3e8cb1824c06a807dc34bc0b7	02cd1121-108c-4ee3-89de-c83d73cda213	PROCESS	a53c95b548ab1a1a584ad79f325846f8ac90ecce9234f991f9d8be9919341250	ca6f7bea-96f1-456f-be61-e96c129ab18a	천정판재붙이기	천정판재붙이기	PROMOTED_FROM_SOURCE	DRAFT	RISK-04-APPROVE-001	62c2c50e3c0becbe23a686735d1a7e50ed8bce2f3fa23c539d2250b68227c2d7	EMPTY	EMPTY	RISK-04-MATERIALIZE-001
0fe12e76efdcd652abd2c3542cb379df486853c054ee66f3acee520b10660e7c	81a226c9-f3e3-4128-acda-e5505db59ff6	PROCESS	9b0621059d2d4e054b330019943c9b2d53b37d09f2f6115648ed06242f26aa8d	ada6e963-c55f-4215-ab4c-991fd0add567	제철소공사	제철소공사	PROMOTED_FROM_SOURCE	DRAFT	RISK-04-APPROVE-001	62c2c50e3c0becbe23a686735d1a7e50ed8bce2f3fa23c539d2250b68227c2d7	EMPTY	EMPTY	RISK-04-MATERIALIZE-001
106095f71924384fb6883c27185490a29683f9ce6af50a8e71a082b6b132a447	17dfcfa8-a947-4f51-8e10-128124b7c90f	TASK	4f2e093b95fb979b6e7fe6f6e15610c29313de754e86cf0d7afde24ec2151dee	3b8c0252-1275-4fa7-b549-5954d2a2d5c6	금속관부설	금속관부설	PROMOTED_FROM_SOURCE	DRAFT	RISK-04-APPROVE-001	62c2c50e3c0becbe23a686735d1a7e50ed8bce2f3fa23c539d2250b68227c2d7	EMPTY	EMPTY	RISK-04-MATERIALIZE-001
10bac51d65bef5b5d7975d67f64a755cf3848d46c7e9d78fcc808268edf07d49	2a653256-c8f0-4931-8c24-2ba170e22112	TASK	3a9366d8c831cc54679c134646f37f6df12ae2f4199e045fd2adcb2049fa700c	713e9be2-fff5-4455-a40f-e0157e998d2e	화강석외벽붙이기	화강석외벽붙이기	PROMOTED_FROM_SOURCE	DRAFT	RISK-04-APPROVE-001	62c2c50e3c0becbe23a686735d1a7e50ed8bce2f3fa23c539d2250b68227c2d7	EMPTY	EMPTY	RISK-04-MATERIALIZE-001
1101695867665f358ed5fdf5d1afeee0dbe999592e00a310d03d68870f979f6b	17396da2-1006-4c8b-963d-e8e26040c678	PROCESS	68d8d968b9c2bc99957000cb5ebbe4681685312bfd3a63c44c0d0fe3fd0f8410	39ad3804-b572-4788-906a-b0cfdf5d0f3b	펌프공사	펌프공사	PROMOTED_FROM_SOURCE	DRAFT	RISK-04-APPROVE-001	62c2c50e3c0becbe23a686735d1a7e50ed8bce2f3fa23c539d2250b68227c2d7	EMPTY	EMPTY	RISK-04-MATERIALIZE-001
11764f7faad5d5d0b6cf4c29d418fc3692b187eb3eaf5e9d251f9570d75cd506	f1da09fa-8d96-4a7d-b6a8-207b4995f7ee	PROCESS	33f1ddfc015d1a5a3173d5aa56062b9af98458c2e93edc02b239d897ef4ba8d7	07309343-35ef-4208-86db-a8bac28a8b72	벽돌조적공사	벽돌조적공사	PROMOTED_FROM_SOURCE	DRAFT	RISK-04-APPROVE-001	62c2c50e3c0becbe23a686735d1a7e50ed8bce2f3fa23c539d2250b68227c2d7	EMPTY	EMPTY	RISK-04-MATERIALIZE-001
1275c9005a05fa8077d4fd0e63e1975f34cab84c8c435b4a728645ff6e51caec	f3dc762d-216e-4863-8d77-8394f3c0d6a7	PROCESS	b223c472f28dc1cc03c36e7104f5353323def065f7a948690095bb4a77b40769	cf240392-c8c4-4559-a8ec-f76901439691	설비별 시스템별시운전공사	설비별 시스템별시운전공사	PROMOTED_FROM_SOURCE	DRAFT	RISK-04-APPROVE-001	62c2c50e3c0becbe23a686735d1a7e50ed8bce2f3fa23c539d2250b68227c2d7	EMPTY	EMPTY	RISK-04-MATERIALIZE-001
12d2a7699abb67d67c81bdea7be84d0d4b48944bb69d2780224afba6342d3f8e	e7443084-4c99-4aba-9da5-2d572a244d6d	TASK	6b98d35f3e55a1716df158a441525178b2d9f6cec422a4ebfec65483568a807f	63e696af-4c36-4e45-9442-c6167512ceb9	토공장비굴착	토공장비굴착	PROMOTED_FROM_SOURCE	DRAFT	RISK-04-APPROVE-001	62c2c50e3c0becbe23a686735d1a7e50ed8bce2f3fa23c539d2250b68227c2d7	EMPTY	EMPTY	RISK-04-MATERIALIZE-001
12e3245740a10d2532140e4e0c6bff9ddf3da8cebd37c5e6f9e50002a8d2a0b1	6ce76658-b9df-443c-8d6e-3997153c09d0	PROCESS	6b98d35f3e55a1716df158a441525178b2d9f6cec422a4ebfec65483568a807f	63e696af-4c36-4e45-9442-c6167512ceb9	Shield공법굴착	Shield공법굴착	PROMOTED_FROM_SOURCE	DRAFT	RISK-04-APPROVE-001	62c2c50e3c0becbe23a686735d1a7e50ed8bce2f3fa23c539d2250b68227c2d7	EMPTY	EMPTY	RISK-04-MATERIALIZE-001
13adaa1cc87f050b19c2758d57181319623da5f70b6caee37dba9c0750b3c0cc	461f2858-2184-4d10-b72b-dc659a3b5c53	TASK	4813cf1b2638756cfc45513b10dd2cb87c0c8de7d9084742aa967a9b48ac9c10	556d6799-5eb8-4626-8991-83953a8056ac	식재보호공사	식재보호공사	PROMOTED_FROM_SOURCE	DRAFT	RISK-04-APPROVE-001	62c2c50e3c0becbe23a686735d1a7e50ed8bce2f3fa23c539d2250b68227c2d7	EMPTY	EMPTY	RISK-04-MATERIALIZE-001
13b2acf7bc4241828234368867b56189ff2d72ba548f4d6a8ec7efd7a9e5d416	e8bb70a6-9568-4e84-8813-3107fac8d691	TASK	3dec0cc1494076cb9d335b9cc42b3ad01a969cf781da5dd7b1855c9ccb43c9b0	34bee63b-6983-4524-83df-48e3a1012319	합성수지타일외벽붙이기	합성수지타일외벽붙이기	PROMOTED_FROM_SOURCE	DRAFT	RISK-04-APPROVE-001	62c2c50e3c0becbe23a686735d1a7e50ed8bce2f3fa23c539d2250b68227c2d7	EMPTY	EMPTY	RISK-04-MATERIALIZE-001
13bdd5bc54f96d15e09d43d8f90f3253f1fdfc53cf54c00a8016b893fb25487a	209d4e03-be2a-4ad6-8b79-4860f49f4199	TASK	3f612031c05b9c0b8ba03255f00c29f63216aab4035a4a662dab66c1ba3616ba	83af0eaa-fc44-43e9-8d32-04cceb71d6f3	다각측량	다각측량	PROMOTED_FROM_SOURCE	DRAFT	RISK-04-APPROVE-001	62c2c50e3c0becbe23a686735d1a7e50ed8bce2f3fa23c539d2250b68227c2d7	EMPTY	EMPTY	RISK-04-MATERIALIZE-001
13ef25655bb8802c9f2248fa72aa1339b99db5cd94f16bd2ae8d59f8ac83db00	25e2cf2e-83c2-4ecc-a6c0-e313f101102a	PROCESS	EMPTY	EMPTY	철거해체공사및시설물보호	철거해체공사및시설물보호	PROMOTED_FROM_SOURCE	DRAFT	RISK-04-APPROVE-001	62c2c50e3c0becbe23a686735d1a7e50ed8bce2f3fa23c539d2250b68227c2d7	EMPTY	EMPTY	RISK-04-MATERIALIZE-001
13f01c1ad0d027cd2397d07a0e9eafb5222e1bbae9c0855e76a6ca66d279e062	71f3ec22-bbb7-483f-a6b5-f089eac9007c	PROCESS	EMPTY	EMPTY	철근콘크리트공사	철근콘크리트공사	PROMOTED_FROM_SOURCE	DRAFT	RISK-04-APPROVE-001	62c2c50e3c0becbe23a686735d1a7e50ed8bce2f3fa23c539d2250b68227c2d7	EMPTY	EMPTY	RISK-04-MATERIALIZE-001
141627cdd8a52d46885395072c371e86aa2a2beb28ce70de3896fa3487309921	959ac92b-b756-4cec-ab82-048497113fa2	PROCESS	55a316206a26065b1f7a0d6a78216f3a90d5c6f69045a409f735c2a1a4825df8	a18cbef9-0712-4d25-80d2-4d27ccd5860e	녹화및보호공사	녹화및보호공사	PROMOTED_FROM_SOURCE	DRAFT	RISK-04-APPROVE-001	62c2c50e3c0becbe23a686735d1a7e50ed8bce2f3fa23c539d2250b68227c2d7	EMPTY	EMPTY	RISK-04-MATERIALIZE-001
141f971f1d66e7652047d405e3cfc9287a177621e76a9b44b01a12b3eddd637f	fd189745-c616-40e7-a80e-32e26e9ff106	PROCESS	93ae7b84189bc8304c057789df6250d445b811e96b1fcdd0f2cada5e82954ac2	30fa94d3-a3e1-43dc-8205-81afa30f5351	주차장설비공사	주차장설비공사	PROMOTED_FROM_SOURCE	DRAFT	RISK-04-APPROVE-001	62c2c50e3c0becbe23a686735d1a7e50ed8bce2f3fa23c539d2250b68227c2d7	EMPTY	EMPTY	RISK-04-MATERIALIZE-001
15e6d2ffc98aab416f995846ecc1a08fa4221758ca8af208c01f482f4cb591b3	4aa9997a-8bee-445c-b3ac-60e38c477d7b	TASK	adacfa272eb4a6a674af7667b520a6085d7d0d0455f5ea6f5b4444af491f8024	c3f2f7b9-18b4-4702-8b8d-7548f906d437	천연슬레이트(점판암)깔기	천연슬레이트(점판암)깔기	PROMOTED_FROM_SOURCE	DRAFT	RISK-04-APPROVE-001	62c2c50e3c0becbe23a686735d1a7e50ed8bce2f3fa23c539d2250b68227c2d7	EMPTY	EMPTY	RISK-04-MATERIALIZE-001
164c785016186f7397d6674e9c7b1057f9c1092464fb02c004a6d7b8761b248f	3332edb4-fc10-405b-bb65-b5ee9de4dde0	TASK	9ed800b6570d39ac38f5b3202f23981e90d8eb5f37d7e7a332ddcaf782dffd65	2e8138ce-e3ca-439b-8e9c-de616f5e6dec	분기부레일보선	분기부레일보선	PROMOTED_FROM_SOURCE	DRAFT	RISK-04-APPROVE-001	62c2c50e3c0becbe23a686735d1a7e50ed8bce2f3fa23c539d2250b68227c2d7	EMPTY	EMPTY	RISK-04-MATERIALIZE-001
167e6f350b228dad2d04d9c061a39eea5cb0a59c8af54fdbab824971ba6e848d	ca0b9798-7c9f-40bf-9eab-03fc1e6628e4	TASK	5928030d4b31d0dea0ef3c8f5f472f6c35d3f184ba38c593b8f521dbdc52a60b	65bb4730-cda3-4c07-9e85-935b900e156d	탄성시트방수	탄성시트방수	PROMOTED_FROM_SOURCE	DRAFT	RISK-04-APPROVE-001	62c2c50e3c0becbe23a686735d1a7e50ed8bce2f3fa23c539d2250b68227c2d7	EMPTY	EMPTY	RISK-04-MATERIALIZE-001
16c1ccdac27ec92c8c4395825a0e62d82d789259e804956f0eefa238d7aad8e3	a86b32b0-7af1-4efc-b626-4fb87cc1c927	PROCESS	fd90a2258372539070e5c4d06e5daffb0d65f1d72c4db6f0b2a9cc04d473c76c	0abadfe5-fb32-4079-855b-e59d4de25376	유선방송설비공사	유선방송설비공사	PROMOTED_FROM_SOURCE	DRAFT	RISK-04-APPROVE-001	62c2c50e3c0becbe23a686735d1a7e50ed8bce2f3fa23c539d2250b68227c2d7	EMPTY	EMPTY	RISK-04-MATERIALIZE-001
16f0a948e713facd927de143bd06bbc9beaafa8ae4be7a514a7f840d3d5f59af	a75e4a78-977f-4c36-b861-ddd8154793fe	TASK	1b33acde756d06171cafc114685d2b6ad10055120d1528e7f9291852ec7e8809	9b9a1e82-d8f8-487d-9153-ad89ad4fb111	면체적측량	면체적측량	PROMOTED_FROM_SOURCE	DRAFT	RISK-04-APPROVE-001	62c2c50e3c0becbe23a686735d1a7e50ed8bce2f3fa23c539d2250b68227c2d7	EMPTY	EMPTY	RISK-04-MATERIALIZE-001
16f5e42849b77306ed2922adf4c9bae35b6849bdb7b497098cc7ee5532e585cd	8b6b4368-a413-495f-b257-723574c93639	PROCESS	8da91d7b42ed495727ee36b4fb2f04b0716b798136eebc272c12941d475071bc	492e4ba6-4b48-4745-8cd8-10546d3ceb57	동시통역설비공사	동시통역설비공사	PROMOTED_FROM_SOURCE	DRAFT	RISK-04-APPROVE-001	62c2c50e3c0becbe23a686735d1a7e50ed8bce2f3fa23c539d2250b68227c2d7	EMPTY	EMPTY	RISK-04-MATERIALIZE-001
172b5d183961638c11d2ddd68aa2bcca8a5c37d208160fa56f3af8dddb96cf41	1c3217dc-73b3-45fd-9119-13508993a96d	PROCESS	706b109b6fd8aeddce13add7f1c380804672ac30806e855f754e5979a2f7ff3a	32915fdf-e539-40f3-8e31-01c14e4d5a38	바탕처리	바탕처리	PROMOTED_FROM_SOURCE	DRAFT	RISK-04-APPROVE-001	62c2c50e3c0becbe23a686735d1a7e50ed8bce2f3fa23c539d2250b68227c2d7	EMPTY	EMPTY	RISK-04-MATERIALIZE-001
17a65b4ed96f4a0e6b387823c74b0a251c98db870f730695e13469ae5ed964f6	1105ea86-722b-41ba-848b-b99ff89d811a	TASK	7bf3910987cb6c1c0cf003241a745ed3fbb08dcbd5458ce04bc874215025e5d9	440e6421-a389-4415-991f-b1a4c350d3f1	고정철물및부속재설치	고정철물및부속재설치	PROMOTED_FROM_SOURCE	DRAFT	RISK-04-APPROVE-001	62c2c50e3c0becbe23a686735d1a7e50ed8bce2f3fa23c539d2250b68227c2d7	EMPTY	EMPTY	RISK-04-MATERIALIZE-001
17a9c93d75cc36267bd10b578af84023fe23084d6d75b2637ab064f444560119	01631d52-134e-440f-b86e-2afb09b6958b	TASK	bb852d3b868968a790e5faeaa029a52b75470c19cdadbc3efa7b19e185368a67	fb896a27-ed87-4811-bd78-0bb2626216bf	전동기설치공사	전동기설치공사	PROMOTED_FROM_SOURCE	DRAFT	RISK-04-APPROVE-001	62c2c50e3c0becbe23a686735d1a7e50ed8bce2f3fa23c539d2250b68227c2d7	EMPTY	EMPTY	RISK-04-MATERIALIZE-001
180b4ace7a7ebe1a9a14a3001ef88f38b04e495d8bc6ada1a8504c3414a3c83f	7ec6151a-4a53-489e-823b-9af09fbc5ccb	PROCESS	2f3b01e8d351eb48adb6117e951ecfeeaf03c78bd08c61a35b5df23bc3600dd4	425b84b0-62dd-4f3e-b2e7-09edf62b8698	배수트랩공사	배수트랩공사	PROMOTED_FROM_SOURCE	DRAFT	RISK-04-APPROVE-001	62c2c50e3c0becbe23a686735d1a7e50ed8bce2f3fa23c539d2250b68227c2d7	EMPTY	EMPTY	RISK-04-MATERIALIZE-001
1828313c4385bdc9e07ad785dfebebadb97bd1cfabeadeaca85452d84fdbbf0c	93282807-6170-487e-9344-43d765055467	TASK	EMPTY	EMPTY	공사회의	공사회의	PROMOTED_FROM_SOURCE	DRAFT	RISK-04-APPROVE-001	62c2c50e3c0becbe23a686735d1a7e50ed8bce2f3fa23c539d2250b68227c2d7	EMPTY	EMPTY	RISK-04-MATERIALIZE-001
1864602f8aba15e2077b911d49d3abf5f8d12c2798fff1b95431cfdfd3de3e51	195c65b5-c80b-4984-b817-7a360cf43c87	TASK	3dec0cc1494076cb9d335b9cc42b3ad01a969cf781da5dd7b1855c9ccb43c9b0	34bee63b-6983-4524-83df-48e3a1012319	유리질타일외벽붙이기	유리질타일외벽붙이기	PROMOTED_FROM_SOURCE	DRAFT	RISK-04-APPROVE-001	62c2c50e3c0becbe23a686735d1a7e50ed8bce2f3fa23c539d2250b68227c2d7	EMPTY	EMPTY	RISK-04-MATERIALIZE-001
186d3be8aa0bf1be8b6f1c4bcbe9a855f21aa51479fb9eef4d79caeb6536cb52	e70dd429-4885-41b5-8198-3b225b0af0b9	PROCESS	53280542142b59179d383425dc3c0376e294312c5bfdef8b3af6e6aaa6dee067	b40bcb7f-32a0-4f2e-bb21-4eaf050a7fb7	내연발전플랜트설비공사	내연발전플랜트설비공사	PROMOTED_FROM_SOURCE	DRAFT	RISK-04-APPROVE-001	62c2c50e3c0becbe23a686735d1a7e50ed8bce2f3fa23c539d2250b68227c2d7	EMPTY	EMPTY	RISK-04-MATERIALIZE-001
18df971e963e4445f7d9de6e11e0f689795b23e52411ebe3f4e06552ab12c251	1e1cb456-1c37-493b-a260-5dd23744f258	TASK	EMPTY	EMPTY	서류및샘플제출	서류및샘플제출	PROMOTED_FROM_SOURCE	DRAFT	RISK-04-APPROVE-001	62c2c50e3c0becbe23a686735d1a7e50ed8bce2f3fa23c539d2250b68227c2d7	EMPTY	EMPTY	RISK-04-MATERIALIZE-001
190d77b417004dbf747302756abff5a14e59aae27f3ac18739535d323afe8123	8fd030ab-64a6-4a87-83fb-d0ea32b7876d	PROCESS	ad52ec48aec12c096ed53d6e802060a29abfdddbc8cf6e7762c5945e04534786	d5f68bcc-16ad-4375-84cc-eeb551c11063	특수포장	특수포장	PROMOTED_FROM_SOURCE	DRAFT	RISK-04-APPROVE-001	62c2c50e3c0becbe23a686735d1a7e50ed8bce2f3fa23c539d2250b68227c2d7	EMPTY	EMPTY	RISK-04-MATERIALIZE-001
1989397a0f85cea517d06c1f60c3efad17df5231be1a47b829d283807d3be2ee	1ef615dd-fc8d-4f56-8c87-6bf5bbeea00d	TASK	0e93c5d551eb1eb656c4d219e2f5cbdde7a611f4d1f8cfd8d35caf54bb82840b	d29022bc-5dd6-4a51-9dc6-8744789240bd	천정금속마감	천정금속마감	PROMOTED_FROM_SOURCE	DRAFT	RISK-04-APPROVE-001	62c2c50e3c0becbe23a686735d1a7e50ed8bce2f3fa23c539d2250b68227c2d7	EMPTY	EMPTY	RISK-04-MATERIALIZE-001
19a4f25f379f1c2df1583f09f8eb8c3a87236b69fab9c3d0be4f376b3846b4de	8bdf4909-dc81-4a7b-aab4-7c9f78d59aa7	PROCESS	13f01c1ad0d027cd2397d07a0e9eafb5222e1bbae9c0855e76a6ca66d279e062	71f3ec22-bbb7-483f-a6b5-f089eac9007c	거푸집공사	거푸집공사	PROMOTED_FROM_SOURCE	DRAFT	RISK-04-APPROVE-001	62c2c50e3c0becbe23a686735d1a7e50ed8bce2f3fa23c539d2250b68227c2d7	EMPTY	EMPTY	RISK-04-MATERIALIZE-001
19d8bbf01e85d4e0b2612ada784c484812257c9337d119e546059e40a4336285	1ced195a-74d9-4873-9eb0-293bd19cc0a0	PROCESS	68d8d968b9c2bc99957000cb5ebbe4681685312bfd3a63c44c0d0fe3fd0f8410	39ad3804-b572-4788-906a-b0cfdf5d0f3b	송풍기및환풍기공사	송풍기및환풍기공사	PROMOTED_FROM_SOURCE	DRAFT	RISK-04-APPROVE-001	62c2c50e3c0becbe23a686735d1a7e50ed8bce2f3fa23c539d2250b68227c2d7	EMPTY	EMPTY	RISK-04-MATERIALIZE-001
19e048d957e8878a1ef1a576242867f956d2b15a3ae8f55f7b38c542d55697f7	d470dab3-f963-4f8b-9262-286e5b3f4694	PROCESS	99be967a570fd4905646ea972fb33880e6f79c78e313678e9ef7f1cb73d2fa4a	e401ae90-0727-4bb6-86f1-d12f8fc286b1	강관널말뚝흙막이	강관널말뚝흙막이	PROMOTED_FROM_SOURCE	DRAFT	RISK-04-APPROVE-001	62c2c50e3c0becbe23a686735d1a7e50ed8bce2f3fa23c539d2250b68227c2d7	EMPTY	EMPTY	RISK-04-MATERIALIZE-001
1a13ea0495c762c614f4fa5cbcf476764c9287e017255d6e15df7cb6defa5748	f0d60f4d-849f-4ef2-aa5b-5535bca53c2a	PROCESS	EMPTY	EMPTY	계측	계측	PROMOTED_FROM_SOURCE	DRAFT	RISK-04-APPROVE-001	62c2c50e3c0becbe23a686735d1a7e50ed8bce2f3fa23c539d2250b68227c2d7	EMPTY	EMPTY	RISK-04-MATERIALIZE-001
1a392c4093512b03c51e18de329616928460763dd57577c1260eab06a3341b8f	0e161468-6d4d-4208-837d-a0b0aaf1ac1d	PROCESS	EMPTY	EMPTY	현장유지관리	현장유지관리	PROMOTED_FROM_SOURCE	DRAFT	RISK-04-APPROVE-001	62c2c50e3c0becbe23a686735d1a7e50ed8bce2f3fa23c539d2250b68227c2d7	EMPTY	EMPTY	RISK-04-MATERIALIZE-001
1a4552abd433235457edd6993bf6ae859cee45afb16b919c9139b65c0040a863	ecc27cb0-a95a-41a0-bec6-f48848e5a95d	TASK	a492a0fe0bcc1fa46324941086217984ce0e3a41d318bcddae69d13bff90d910	fae1b190-575a-4e5f-add0-051c335c433b	시멘트기와잇기	시멘트기와잇기	PROMOTED_FROM_SOURCE	DRAFT	RISK-04-APPROVE-001	62c2c50e3c0becbe23a686735d1a7e50ed8bce2f3fa23c539d2250b68227c2d7	EMPTY	EMPTY	RISK-04-MATERIALIZE-001
1a49b3f77120fc266946453215fae414fe8d21d1bc537f5732641af5a6d8f536	d61f51e4-e52c-46f1-bf67-1043aa6107a4	TASK	70435ef21492a20d050dbfc45af0163cd0c4f6248013d5ea65a715ab4a4b4039	3b86bbd2-c2dc-4b44-8e9d-b08d97072b91	보양및청소	보양및청소	PROMOTED_FROM_SOURCE	DRAFT	RISK-04-APPROVE-001	62c2c50e3c0becbe23a686735d1a7e50ed8bce2f3fa23c539d2250b68227c2d7	EMPTY	EMPTY	RISK-04-MATERIALIZE-001
1a52bf5deb8935b80cdd717a29f774277235b47d37fa6e0b6e6c334fa32ba614	50123de1-1e05-4583-a545-d7da49345838	TASK	acaa682822a7efd396a4b67c1cc0cd12330fcc5b12523b900fcbf713b88e18e4	946afb48-0059-4654-b316-804cc574ac1d	창호공사코킹 실링	창호공사코킹 실링	PROMOTED_FROM_SOURCE	DRAFT	RISK-04-APPROVE-001	62c2c50e3c0becbe23a686735d1a7e50ed8bce2f3fa23c539d2250b68227c2d7	EMPTY	EMPTY	RISK-04-MATERIALIZE-001
1a8a137ab604b80d1bb9b2bc6acf6e0f2508139890f6c30d6d8e4874806eb8d7	74e785a4-b82d-4d1c-9781-9ebceb6e64f2	PROCESS	a2dcca12379082f810e1d09456b90e781746b74cd0b48bacd72cbb2a72c431fe	6912c95a-376b-4657-893d-2569bb4f740e	화력발전설비공사	화력발전설비공사	PROMOTED_FROM_SOURCE	DRAFT	RISK-04-APPROVE-001	62c2c50e3c0becbe23a686735d1a7e50ed8bce2f3fa23c539d2250b68227c2d7	EMPTY	EMPTY	RISK-04-MATERIALIZE-001
1b01f7e3cd4bfbdcf610554066aa88036ab7be729aa908b66f0ec7936195732d	b07d3c54-238b-4c4a-95b2-5aaabf182076	PROCESS	EMPTY	EMPTY	토공사	토공사	PROMOTED_FROM_SOURCE	DRAFT	RISK-04-APPROVE-001	62c2c50e3c0becbe23a686735d1a7e50ed8bce2f3fa23c539d2250b68227c2d7	EMPTY	EMPTY	RISK-04-MATERIALIZE-001
1b0961a06fe7e07fc8286c7f8bb33f9bdd4d68b2c2ff3ea5a50d06869d06c6bd	205d51b2-5cba-403f-8a09-3e40e4b4f038	PROCESS	53280542142b59179d383425dc3c0376e294312c5bfdef8b3af6e6aaa6dee067	b40bcb7f-32a0-4f2e-bb21-4eaf050a7fb7	복합발전플랜트설비공사	복합발전플랜트설비공사	PROMOTED_FROM_SOURCE	DRAFT	RISK-04-APPROVE-001	62c2c50e3c0becbe23a686735d1a7e50ed8bce2f3fa23c539d2250b68227c2d7	EMPTY	EMPTY	RISK-04-MATERIALIZE-001
1b0f8a7106d66d1f5bac41de32d009475d003e96587b80ab6700c444622794ae	16567c62-bce4-4659-af47-5add24d54bf9	TASK	676f1cf9776f156204c351002f57c75fd1cb6626073782bd364d823d8b3cdd6d	6c3e090b-1605-4add-8c25-f7726e27863f	버럭쌓기	버럭쌓기	PROMOTED_FROM_SOURCE	DRAFT	RISK-04-APPROVE-001	62c2c50e3c0becbe23a686735d1a7e50ed8bce2f3fa23c539d2250b68227c2d7	EMPTY	EMPTY	RISK-04-MATERIALIZE-001
1b33acde756d06171cafc114685d2b6ad10055120d1528e7f9291852ec7e8809	9b9a1e82-d8f8-487d-9153-ad89ad4fb111	PROCESS	9ac4bb062d521abe8e69b359393e5ce6cf23efda77d4f73fbaae1d63f43d738f	028d5fdc-46ea-4021-ae54-f10eaa310163	시공측량	시공측량	PROMOTED_FROM_SOURCE	DRAFT	RISK-04-APPROVE-001	62c2c50e3c0becbe23a686735d1a7e50ed8bce2f3fa23c539d2250b68227c2d7	EMPTY	EMPTY	RISK-04-MATERIALIZE-001
1b5fe88148c46cef4d8d7ab31a1199f3f8972780ca23ac8d08fec82be0bf6496	23b29dfd-5e36-4052-bcc1-e8565646844a	TASK	241e8cf487d9313c9bc87d252b8cda80fbcf84336e01ecedffea2fc005f4fdad	eef6e4b5-298c-4bc5-a416-f75dded2d6c9	지하도PC부재조립	지하도PC부재조립	PROMOTED_FROM_SOURCE	DRAFT	RISK-04-APPROVE-001	62c2c50e3c0becbe23a686735d1a7e50ed8bce2f3fa23c539d2250b68227c2d7	EMPTY	EMPTY	RISK-04-MATERIALIZE-001
1b8ed90d692f0511bf6d2cd9e9783cb543ce8eb01b5970bfae4ddb63da0f794d	d165e10e-825b-4450-ab5b-9cdc94fb883b	PROCESS	03754c84e28a545a6e2f2f5136ab8d915466c43cf7ccc3c05d3193d8829bbd60	03da6ebe-0db5-45a4-8564-6124ba14ad8f	구조물그라우팅공사	구조물그라우팅공사	PROMOTED_FROM_SOURCE	DRAFT	RISK-04-APPROVE-001	62c2c50e3c0becbe23a686735d1a7e50ed8bce2f3fa23c539d2250b68227c2d7	EMPTY	EMPTY	RISK-04-MATERIALIZE-001
1c1ec9e0f79214a9b47df9b3cf5b1d36138a4c26c445c120b9e7593cba1456cc	2b53ac49-f12b-4e66-a97d-1d2d8d1e432d	TASK	4813cf1b2638756cfc45513b10dd2cb87c0c8de7d9084742aa967a9b48ac9c10	556d6799-5eb8-4626-8991-83953a8056ac	묘목식재	묘목식재	PROMOTED_FROM_SOURCE	DRAFT	RISK-04-APPROVE-001	62c2c50e3c0becbe23a686735d1a7e50ed8bce2f3fa23c539d2250b68227c2d7	EMPTY	EMPTY	RISK-04-MATERIALIZE-001
1c7ee4cebcb97e15359f92f3581032b67fa371259eccc66c6f09117bf9aa81ac	b31e8b33-f8e8-4b2b-8399-b640c39c0449	PROCESS	99be967a570fd4905646ea972fb33880e6f79c78e313678e9ef7f1cb73d2fa4a	e401ae90-0727-4bb6-86f1-d12f8fc286b1	엄지말뚝가로널흙막이	엄지말뚝가로널흙막이	PROMOTED_FROM_SOURCE	DRAFT	RISK-04-APPROVE-001	62c2c50e3c0becbe23a686735d1a7e50ed8bce2f3fa23c539d2250b68227c2d7	EMPTY	EMPTY	RISK-04-MATERIALIZE-001
1c9173573f2f0541138461293746faab63d48eb4018852a282872a0707ba58b1	fc10356e-8340-408d-b01e-9fa1a04457e2	PROCESS	1a13ea0495c762c614f4fa5cbcf476764c9287e017255d6e15df7cb6defa5748	f0d60f4d-849f-4ef2-aa5b-5535bca53c2a	토공사계측	토공사계측	PROMOTED_FROM_SOURCE	DRAFT	RISK-04-APPROVE-001	62c2c50e3c0becbe23a686735d1a7e50ed8bce2f3fa23c539d2250b68227c2d7	EMPTY	EMPTY	RISK-04-MATERIALIZE-001
1c93463172b1077d0fedbf44b111e4c9533e50158bc7690656765bf8bf9fd20e	47aea020-47a2-4461-8d5f-d58e59b0af1e	TASK	8bfbba9d95710e0bac851a17945ca6f353070ca9bf1d14005d856e6caac5e12e	82b93dc9-88a1-49f8-bd54-3874f569ced2	벽체목재마감	벽체목재마감	PROMOTED_FROM_SOURCE	DRAFT	RISK-04-APPROVE-001	62c2c50e3c0becbe23a686735d1a7e50ed8bce2f3fa23c539d2250b68227c2d7	EMPTY	EMPTY	RISK-04-MATERIALIZE-001
1cd23a808787268e00b50146106a9c6d46975520ee0b11caecc7264a530ecd8d	98f10965-c760-4cf3-b3a2-ccdfdfb15ec3	PROCESS	9d08608a7869c37de6430fd6bc8d4ab616d9d7366068bf91c791a920227e9601	1f700e5b-1bbf-45ba-bfe4-ccbcbfc736ae	콘크리트포장	콘크리트포장	PROMOTED_FROM_SOURCE	DRAFT	RISK-04-APPROVE-001	62c2c50e3c0becbe23a686735d1a7e50ed8bce2f3fa23c539d2250b68227c2d7	EMPTY	EMPTY	RISK-04-MATERIALIZE-001
1cf07cdcbd1df01844dc417dfc25899e9f8855c743ffeaa8b82fd28792f90073	b6103826-0560-4525-9cc9-2b7bf8f0d63b	PROCESS	f9cf17b2b2f5c6b7d8fe1ffb539484309590b0c9d771213a593bf60e8c1b046d	1b96d7bd-0fa0-4ae4-8c4e-9c24b0b90b24	석재내벽붙이기	석재내벽붙이기	PROMOTED_FROM_SOURCE	DRAFT	RISK-04-APPROVE-001	62c2c50e3c0becbe23a686735d1a7e50ed8bce2f3fa23c539d2250b68227c2d7	EMPTY	EMPTY	RISK-04-MATERIALIZE-001
1cfec0bc08793ae94b4373544f7f2c319776ddeaba08da3e088897273233c360	df28c14e-0fab-4d8b-93a2-4803a1e122b4	PROCESS	daa906954562f1c33f219f508267ad546d282a7241c4251257bb6c8be54c0b5d	1f3fad6f-505e-4c8a-8924-44f68b3a0652	실내실험	실내실험	PROMOTED_FROM_SOURCE	DRAFT	RISK-04-APPROVE-001	62c2c50e3c0becbe23a686735d1a7e50ed8bce2f3fa23c539d2250b68227c2d7	EMPTY	EMPTY	RISK-04-MATERIALIZE-001
1d52399aaa89f9336b3589ea2686bee3230780727ab40b69bdf10958dd3d6a5e	1371b33d-5e28-4061-ac22-5fbd27c3115f	TASK	43b1a189bbf02fb3ce567f440980c23d9a28a5fb5594f4f5a703ac6331f5fdfe	03e39a42-dde8-46e5-801a-859b93fed859	체력단련시설물설치	체력단련시설물설치	PROMOTED_FROM_SOURCE	DRAFT	RISK-04-APPROVE-001	62c2c50e3c0becbe23a686735d1a7e50ed8bce2f3fa23c539d2250b68227c2d7	EMPTY	EMPTY	RISK-04-MATERIALIZE-001
1de6edbf54fb16a68cce24227808846671e18f26052abcc401d07ed7e2a48929	1e14af59-33e6-4511-baa8-9d842c84ce1f	TASK	a35727bec64ace552ea87768f92eaa16bcde8af75c0da8aef1651a2880c7dc59	476efd01-d9c9-46c9-908b-3dcd7f719930	PC조인트그라우팅	PC조인트그라우팅	PROMOTED_FROM_SOURCE	DRAFT	RISK-04-APPROVE-001	62c2c50e3c0becbe23a686735d1a7e50ed8bce2f3fa23c539d2250b68227c2d7	EMPTY	EMPTY	RISK-04-MATERIALIZE-001
1e002f7ae03119d91de0b3f0ff1b8405be054dc1c2f760397a96006fc9a2e3fb	0ca62c6e-768e-4f68-8198-9abed44589b1	TASK	756ad0c501f2d804cec8fa019e3413d1b617534db00da45457afdf6fb807cd10	ab2963c9-b780-484a-9dba-cac8ce651dc6	그라우팅천공	그라우팅천공	PROMOTED_FROM_SOURCE	DRAFT	RISK-04-APPROVE-001	62c2c50e3c0becbe23a686735d1a7e50ed8bce2f3fa23c539d2250b68227c2d7	EMPTY	EMPTY	RISK-04-MATERIALIZE-001
1e052dc642aaa3449d55a631a731e28fdc6cb96cc1b319e6e9ce11adff8d0414	f05c8db7-9606-411c-8abe-3128233e1dc0	TASK	404308c2eb0c32923a21a1d5b36dcf091253d33b454c605616cc65cea7299620	073b0acc-4e0d-4ce6-9d93-d13feeeddd07	걸레받이인조석바름및갈기	걸레받이인조석바름및갈기	PROMOTED_FROM_SOURCE	DRAFT	RISK-04-APPROVE-001	62c2c50e3c0becbe23a686735d1a7e50ed8bce2f3fa23c539d2250b68227c2d7	EMPTY	EMPTY	RISK-04-MATERIALIZE-001
1ebe0ce0cfa0c6b2489e7c58d60829f894fd006d8ced691437d6254aa6737243	ef82c79f-7a42-40ad-a790-24a6dedcce5c	PROCESS	da93d66161177953a78a151ba958258083bd7ecdc307038e8400e97437c377b4	71232285-0ecb-449e-8505-f1007ff645ea	기타콘크리트보강공사	기타콘크리트보강공사	PROMOTED_FROM_SOURCE	DRAFT	RISK-04-APPROVE-001	62c2c50e3c0becbe23a686735d1a7e50ed8bce2f3fa23c539d2250b68227c2d7	EMPTY	EMPTY	RISK-04-MATERIALIZE-001
1f1041e6925f663ff5ec5202db7516c78dbb0b31cd24106bd53426ea70b6753a	abef3abd-2b30-455a-87bc-1e2b9c875aa7	PROCESS	EMPTY	EMPTY	금속공사	금속공사	PROMOTED_FROM_SOURCE	DRAFT	RISK-04-APPROVE-001	62c2c50e3c0becbe23a686735d1a7e50ed8bce2f3fa23c539d2250b68227c2d7	EMPTY	EMPTY	RISK-04-MATERIALIZE-001
1f2659a116d9738ba51c72c39eecde0737dac63289f94032d2fdda39be8567c8	d4469b22-d2d8-4b55-a7cb-6c948cb54aa8	TASK	a2f1fe44215ea3bc676bd103630f70b6070914b6a2cf6fa10ee0443fc08d25dd	1b598b23-9ab8-4973-ad1a-4b87bfa67ea0	현장포말외벽단열	현장포말외벽단열	PROMOTED_FROM_SOURCE	DRAFT	RISK-04-APPROVE-001	62c2c50e3c0becbe23a686735d1a7e50ed8bce2f3fa23c539d2250b68227c2d7	EMPTY	EMPTY	RISK-04-MATERIALIZE-001
1fef564f94902a45f4752624d0449f1cc7014bfb3c0c9d49bb636840d0d233e7	3c9f449a-7220-445e-ab8e-f9d0c68a6ff3	TASK	172b5d183961638c11d2ddd68aa2bcca8a5c37d208160fa56f3af8dddb96cf41	1c3217dc-73b3-45fd-9119-13508993a96d	목재방부칠	목재방부칠	PROMOTED_FROM_SOURCE	DRAFT	RISK-04-APPROVE-001	62c2c50e3c0becbe23a686735d1a7e50ed8bce2f3fa23c539d2250b68227c2d7	EMPTY	EMPTY	RISK-04-MATERIALIZE-001
203b84ed102fd95d016341b2468dc30760c47ee3f41ef084a91278d28d38bc37	d6313284-b9da-4405-acca-109bfab538a0	TASK	7813a8d1e3c60d92b3956e15f6ed59cb0f8161ab2b50edab4d4f901288342ed0	efa362d3-2550-439a-a444-c44d1639f8f5	덕트철거 해체	덕트철거 해체	PROMOTED_FROM_SOURCE	DRAFT	RISK-04-APPROVE-001	62c2c50e3c0becbe23a686735d1a7e50ed8bce2f3fa23c539d2250b68227c2d7	EMPTY	EMPTY	RISK-04-MATERIALIZE-001
206d7fdddef45b9e8a97e6f58bafdc77e5add659193f4b081bef7d0c119bef49	c31d427e-edb6-4d28-a9ae-ff5afd266a20	PROCESS	33f1ddfc015d1a5a3173d5aa56062b9af98458c2e93edc02b239d897ef4ba8d7	07309343-35ef-4208-86db-a8bac28a8b72	가공석재조적	가공석재조적	PROMOTED_FROM_SOURCE	DRAFT	RISK-04-APPROVE-001	62c2c50e3c0becbe23a686735d1a7e50ed8bce2f3fa23c539d2250b68227c2d7	EMPTY	EMPTY	RISK-04-MATERIALIZE-001
20d0a78bd41105759c47ddf26bb9dad13eb55368ade8a3b5f5e3968c5e8c8ba4	32372575-6768-4b12-a062-7ddd80068c57	TASK	41b344dc518604752e2786172abc1ac201b9b2c46e12748176892739cb6f486d	209d3e49-43e7-437f-b858-b024d7cb9b32	수목보호	수목보호	PROMOTED_FROM_SOURCE	DRAFT	RISK-04-APPROVE-001	62c2c50e3c0becbe23a686735d1a7e50ed8bce2f3fa23c539d2250b68227c2d7	EMPTY	EMPTY	RISK-04-MATERIALIZE-001
212cf0ac94fa76903bc13bcf17ea9f72644354fedfafd1f1b8ba3de44f5812f3	f90a7410-7df8-46c7-b36a-c710a3d92cef	TASK	da5a624c501a2655039fba24eaaf4598e3c28c9642b2e2bc8b23d69a8361f5b1	a285976c-d91c-435f-be2b-717d72e6d83f	주철관제거	주철관제거	PROMOTED_FROM_SOURCE	DRAFT	RISK-04-APPROVE-001	62c2c50e3c0becbe23a686735d1a7e50ed8bce2f3fa23c539d2250b68227c2d7	EMPTY	EMPTY	RISK-04-MATERIALIZE-001
21a70433ade590e87fa8fcd048a632986cd18e71c57394cf633f25ee1158ff93	3ce604d9-c812-417e-8063-78db152ba713	TASK	8bfbba9d95710e0bac851a17945ca6f353070ca9bf1d14005d856e6caac5e12e	82b93dc9-88a1-49f8-bd54-3874f569ced2	목재천정마감	목재천정마감	PROMOTED_FROM_SOURCE	DRAFT	RISK-04-APPROVE-001	62c2c50e3c0becbe23a686735d1a7e50ed8bce2f3fa23c539d2250b68227c2d7	EMPTY	EMPTY	RISK-04-MATERIALIZE-001
2223b6185d7fbd3db8fd21b1d1175929ced12ac8d841626dd375d8a05d14a854	5a6c4a42-c593-4659-855d-e3db80f99f78	TASK	6eca78379c93853863766d02655b1003ca45241d359ae85d92aad4c0ba2d84aa	6f2f4427-709e-41a5-a43f-2b7cc6d6216b	궤도자재준비	궤도자재준비	PROMOTED_FROM_SOURCE	DRAFT	RISK-04-APPROVE-001	62c2c50e3c0becbe23a686735d1a7e50ed8bce2f3fa23c539d2250b68227c2d7	EMPTY	EMPTY	RISK-04-MATERIALIZE-001
22422e38aef5b1746f897e811618ce9728392d205998bf4e29c7c714115ef45d	93cefdea-b09f-4999-ac7e-74633d5d8553	TASK	a59c0bc5efafe8ced03e17d2e0a14ab093d3cb29ca6b9c750cbde03915173b6d	a94a4691-ba52-4ff6-8fac-bae9279adae5	압밀시험	압밀시험	PROMOTED_FROM_SOURCE	DRAFT	RISK-04-APPROVE-001	62c2c50e3c0becbe23a686735d1a7e50ed8bce2f3fa23c539d2250b68227c2d7	EMPTY	EMPTY	RISK-04-MATERIALIZE-001
22541195733d2ffe360af100642fdaceb654fc30c305547118885068eb9a9c65	b93df523-7f96-45ab-b7ce-fa92b0bf4149	TASK	663731e91305b8886f5920d0f41659f79dea06180109346b38779bf90058409e	1850eed5-cd9e-4d3e-9bc3-d99c95102c33	금속타일바닥붙이기	금속타일바닥붙이기	PROMOTED_FROM_SOURCE	DRAFT	RISK-04-APPROVE-001	62c2c50e3c0becbe23a686735d1a7e50ed8bce2f3fa23c539d2250b68227c2d7	EMPTY	EMPTY	RISK-04-MATERIALIZE-001
22c25c4d80b5f322322cf132f90fa62ee6252d49235e769b6fb93ec87f34cc77	351f17df-5f06-404d-8c36-49a5e51dba53	PROCESS	1a13ea0495c762c614f4fa5cbcf476764c9287e017255d6e15df7cb6defa5748	f0d60f4d-849f-4ef2-aa5b-5535bca53c2a	교량공사계측	교량공사계측	PROMOTED_FROM_SOURCE	DRAFT	RISK-04-APPROVE-001	62c2c50e3c0becbe23a686735d1a7e50ed8bce2f3fa23c539d2250b68227c2d7	EMPTY	EMPTY	RISK-04-MATERIALIZE-001
22d4d77b9102cf5423e38b70f7bc2417e6b7e22c20eed58d9c38e27bc4ff05a1	868708fb-8cf4-4e12-81b7-b5751a226280	PROCESS	1a13ea0495c762c614f4fa5cbcf476764c9287e017255d6e15df7cb6defa5748	f0d60f4d-849f-4ef2-aa5b-5535bca53c2a	단열 방음및방수공사계측	단열 방음및방수공사계측	PROMOTED_FROM_SOURCE	DRAFT	RISK-04-APPROVE-001	62c2c50e3c0becbe23a686735d1a7e50ed8bce2f3fa23c539d2250b68227c2d7	EMPTY	EMPTY	RISK-04-MATERIALIZE-001
2337a9fc8be1675e79588fcde679eab1aba3ca8cc1088817afd912b0beffdc50	6b3c897a-bdae-4e37-ac77-5243c3d00a84	PROCESS	87fa53f9401d9b7c7720ef7da477dadd283d8362a38e4a5f37f5d2e5fdaf5ac4	283efb15-14fe-459f-afee-1142d73e503a	배전설비공사	배전설비공사	MERGED_FROM_REVIEWED_SOURCES	DRAFT	RISK-04-APPROVE-001	62c2c50e3c0becbe23a686735d1a7e50ed8bce2f3fa23c539d2250b68227c2d7	EMPTY	EMPTY	RISK-04-MATERIALIZE-001
237ebf08eb25d06542020e6009e6b0a318bbfff75403f46e393fdf07a077f060	cbf9736a-49e5-4971-bfef-05ac83b61b42	PROCESS	fc4f7df78ecb9755d8ff69c7766d178706b5e53fc3bd41fe4723431d9bcd5bf1	fa9bc1cf-4143-49e0-a578-32622795b91d	주열흙막이	주열흙막이	PROMOTED_FROM_SOURCE	DRAFT	RISK-04-APPROVE-001	62c2c50e3c0becbe23a686735d1a7e50ed8bce2f3fa23c539d2250b68227c2d7	EMPTY	EMPTY	RISK-04-MATERIALIZE-001
23cf4984f96c73906eb6eb3d3a71ef7475f14cf43def5c670438cf5ed0f48a68	ba489302-8e06-48a5-8e14-25c1809cf5d8	TASK	7d998429c979fb90025cfdc3b72fcecbd47952246191a2bc1ef02f5874c6985e	48506cef-8fc8-4838-bbd7-86e32129f825	터널내지중변위측정	터널내지중변위측정	PROMOTED_FROM_SOURCE	DRAFT	RISK-04-APPROVE-001	62c2c50e3c0becbe23a686735d1a7e50ed8bce2f3fa23c539d2250b68227c2d7	EMPTY	EMPTY	RISK-04-MATERIALIZE-001
23df06ccc93dc3df313706d61bec1506b3fcefbf23da84e187fc707900416c27	4e52f7c7-12d5-4ae5-9e3b-accf1143ae9f	TASK	ecff0517d16e0b91202497247863bdb868d18181e32eaa96d696c6c93c45a6d8	b8eab2b5-cfe3-499f-8ca7-86d738a2276b	초류종자살포	초류종자살포	PROMOTED_FROM_SOURCE	DRAFT	RISK-04-APPROVE-001	62c2c50e3c0becbe23a686735d1a7e50ed8bce2f3fa23c539d2250b68227c2d7	EMPTY	EMPTY	RISK-04-MATERIALIZE-001
241e8cf487d9313c9bc87d252b8cda80fbcf84336e01ecedffea2fc005f4fdad	eef6e4b5-298c-4bc5-a416-f75dded2d6c9	PROCESS	9ff4e35cc5e677d6d8dd41c870da81f1059aab60a35df435d424b7e64af7df61	e0ffb761-4531-42a9-bccc-a47102859054	기타토목PC부재조립	기타토목PC부재조립	PROMOTED_FROM_SOURCE	DRAFT	RISK-04-APPROVE-001	62c2c50e3c0becbe23a686735d1a7e50ed8bce2f3fa23c539d2250b68227c2d7	EMPTY	EMPTY	RISK-04-MATERIALIZE-001
2425326b235dd2d6471a9eaa0be5c51bcd0d64c42cfa796d4d2f4ffbf1785ed4	af0a9b1a-5106-4a6e-94a5-80dc7fc0779e	PROCESS	c878122f7b0f7f4bda4517c25c843fce79a340822c88f3421ae25b2b27845f46	ab9dfe81-ff57-4662-889d-58ca0c739475	벤토나이트방수	벤토나이트방수	PROMOTED_FROM_SOURCE	DRAFT	RISK-04-APPROVE-001	62c2c50e3c0becbe23a686735d1a7e50ed8bce2f3fa23c539d2250b68227c2d7	EMPTY	EMPTY	RISK-04-MATERIALIZE-001
242c829e4ef589a7c4b3f2485ed9749b06b4406f5e244dbb81f3556139e5c57a	a14d47f0-3176-4996-a047-c60ee9372510	PROCESS	f9ca32ca030b7a7fdf1e1d0d815a9a452344402b5b9c2c6900d619510def900a	0ff5876a-fb3f-4283-949b-cad5d0278b91	누전경보기설비공사	누전경보기설비공사	PROMOTED_FROM_SOURCE	DRAFT	RISK-04-APPROVE-001	62c2c50e3c0becbe23a686735d1a7e50ed8bce2f3fa23c539d2250b68227c2d7	EMPTY	EMPTY	RISK-04-MATERIALIZE-001
246dba3003df34544b7b59939c89a1aae459a17b0d356ce70df1aca64c705e94	7856c50a-32fb-43fb-80f6-e0566f92aa98	PROCESS	4d9e8f9fa87bd378789d8cf760fcc530d324b31228a4807c8d19549ba282a0af	365b740b-5b5b-429a-8e6e-d02c53977eda	의료시험및시운전공사실가스설비공사	의료시험및시운전공사실가스설비공사	PROMOTED_FROM_SOURCE	DRAFT	RISK-04-APPROVE-001	62c2c50e3c0becbe23a686735d1a7e50ed8bce2f3fa23c539d2250b68227c2d7	RISK-04-APPROVE-002	e9bd6dc41bd50b2ec3c200f4b1017e37cce7e2a7b7ff26139fbaef46071aa365	RISK-04-MATERIALIZE-001
249cb67cbed2c90090fb04d8b37f0cac252b36cdb057f689dc1e7b30153c2ea7	68f690db-ae64-421c-8bfa-b2859ec0bbad	PROCESS	1a392c4093512b03c51e18de329616928460763dd57577c1260eab06a3341b8f	0e161468-6d4d-4208-837d-a0b0aaf1ac1d	준공및현장정리	준공및현장정리	PROMOTED_FROM_SOURCE	DRAFT	RISK-04-APPROVE-001	62c2c50e3c0becbe23a686735d1a7e50ed8bce2f3fa23c539d2250b68227c2d7	EMPTY	EMPTY	RISK-04-MATERIALIZE-001
24d8355e17a8cef4c25f0f24c34bbf90473cbc175b0a1cf7f89950ec0e030fe1	8fd5bb0e-18b3-41ec-be34-9d9d065aa9e4	TASK	9d99ccebbabc3543fa22a500a689aa9c9635bf56f19b31ae3a4c0a79be7f3c4a	ac018e40-20ae-468c-bbf0-78257d139fa1	하중측정	하중측정	PROMOTED_FROM_SOURCE	DRAFT	RISK-04-APPROVE-001	62c2c50e3c0becbe23a686735d1a7e50ed8bce2f3fa23c539d2250b68227c2d7	EMPTY	EMPTY	RISK-04-MATERIALIZE-001
2516d429c6a4449236e327160dad18a6c0635fd3f649f9736f15388675b8fd10	efdda660-1237-4718-9b64-ee5cfc1d8e0f	PROCESS	b84acc473853e920d7ef63dfd2c7026ed302e12a8c298f046af90f6e3cd53f4c	660aa095-2f4d-42e5-b16e-0ed86ee069c0	방사돌제공사	방사돌제공사	PROMOTED_FROM_SOURCE	DRAFT	RISK-04-APPROVE-001	62c2c50e3c0becbe23a686735d1a7e50ed8bce2f3fa23c539d2250b68227c2d7	EMPTY	EMPTY	RISK-04-MATERIALIZE-001
251a7c36a4536629d6b74e12539bb04d2f44c4e1fd97b8ade5ddcf71c1d27eb7	f1e3dbfc-c439-4a46-a2ac-320a90ae031c	TASK	f9ca32ca030b7a7fdf1e1d0d815a9a452344402b5b9c2c6900d619510def900a	0ff5876a-fb3f-4283-949b-cad5d0278b91	소방전기설비개별기기설치공사	소방전기설비개별기기설치공사	PROMOTED_FROM_SOURCE	DRAFT	RISK-04-APPROVE-001	62c2c50e3c0becbe23a686735d1a7e50ed8bce2f3fa23c539d2250b68227c2d7	EMPTY	EMPTY	RISK-04-MATERIALIZE-001
253855a2c57b12618b5570f44de1372f1806b7231f6ae5853959adb8c4715725	730582d4-5f16-477e-9ae5-548648cccc89	PROCESS	c61167354764433108d4894a046b286fefe602351bec67471ab7d65883fd461b	c856b1e3-861b-461f-9b9b-cbd0540397a3	전기 통신설비공통시험 시운전공사	전기 통신설비공통시험 시운전공사	PROMOTED_FROM_SOURCE	DRAFT	RISK-04-APPROVE-001	62c2c50e3c0becbe23a686735d1a7e50ed8bce2f3fa23c539d2250b68227c2d7	EMPTY	EMPTY	RISK-04-MATERIALIZE-001
254d5085e643785109d73fc4eb46f521b74d59fc3ee7c196de808b0963a30cbe	4d3a6218-d432-48a5-a145-406137d63ee5	TASK	41b344dc518604752e2786172abc1ac201b9b2c46e12748176892739cb6f486d	209d3e49-43e7-437f-b858-b024d7cb9b32	기존관보호	기존관보호	PROMOTED_FROM_SOURCE	DRAFT	RISK-04-APPROVE-001	62c2c50e3c0becbe23a686735d1a7e50ed8bce2f3fa23c539d2250b68227c2d7	EMPTY	EMPTY	RISK-04-MATERIALIZE-001
255d60e7fb7f5be1ec9308980924ecdd73790d9874ec07b53dad5a969b7e8129	ee7cba05-c783-4381-821a-bcb3d17c1c87	PROCESS	13ef25655bb8802c9f2248fa72aa1339b99db5cd94f16bd2ae8d59f8ac83db00	25e2cf2e-83c2-4ecc-a6c0-e313f101102a	지상구조물철거 해체	지상구조물철거 해체	PROMOTED_FROM_SOURCE	DRAFT	RISK-04-APPROVE-001	62c2c50e3c0becbe23a686735d1a7e50ed8bce2f3fa23c539d2250b68227c2d7	EMPTY	EMPTY	RISK-04-MATERIALIZE-001
255decf7414a985424f583f201e275f7feeff9badaa6f5385a0fd93739a9dcdf	30fe37a0-0bd8-4c44-bd9b-76b3625115f5	TASK	4ee07139a07b17938cca1a523190d0c6cc64256c511ab2742fe0155ead6f2eaf	0ee3ee3a-4734-4f1a-af67-73c160e875c0	터널방수	터널방수	PROMOTED_FROM_SOURCE	DRAFT	RISK-04-APPROVE-001	62c2c50e3c0becbe23a686735d1a7e50ed8bce2f3fa23c539d2250b68227c2d7	EMPTY	EMPTY	RISK-04-MATERIALIZE-001
25a54deb7083b33507aa5a73fdea688a17256e0bc6494bfa324e646bed130b7d	39aa05ed-5b82-4bd6-a22a-1394fc8e1501	TASK	894d7093086b3017def26a1e2260a364fa47f606c33ec7b2fd42a620ed0a394e	8bb17a44-1e90-43ad-96d0-4880fb5b9771	계단 회랑 통로난간설치	계단 회랑 통로난간설치	PROMOTED_FROM_SOURCE	DRAFT	RISK-04-APPROVE-001	62c2c50e3c0becbe23a686735d1a7e50ed8bce2f3fa23c539d2250b68227c2d7	EMPTY	EMPTY	RISK-04-MATERIALIZE-001
25b9b9849245abb1c0934b542f6d0540e91c9802cfa4097e903c64119c86bf17	c94b5056-20e1-479e-8d2b-5f294d0b1bd7	PROCESS	f9ca32ca030b7a7fdf1e1d0d815a9a452344402b5b9c2c6900d619510def900a	0ff5876a-fb3f-4283-949b-cad5d0278b91	유도등및유도표지설비공사	유도등및유도표지설비공사	PROMOTED_FROM_SOURCE	DRAFT	RISK-04-APPROVE-001	62c2c50e3c0becbe23a686735d1a7e50ed8bce2f3fa23c539d2250b68227c2d7	EMPTY	EMPTY	RISK-04-MATERIALIZE-001
25bc4f13e4b4fea37cc37f94f886e10167e0c84a5d3abd5a1ff8836797e88a87	d5d703c3-07d8-4e25-9631-3d24dec0d5cf	TASK	13ef25655bb8802c9f2248fa72aa1339b99db5cd94f16bd2ae8d59f8ac83db00	25e2cf2e-83c2-4ecc-a6c0-e313f101102a	잡철물철거 해체	잡철물철거 해체	MERGED_FROM_REVIEWED_SOURCES	DRAFT	RISK-04-APPROVE-001	62c2c50e3c0becbe23a686735d1a7e50ed8bce2f3fa23c539d2250b68227c2d7	EMPTY	EMPTY	RISK-04-MATERIALIZE-001
25da943669e985eaf977575346986c0faf2da92c6f79f11546c34be8eebbd7d4	fc2dd2f2-43f2-42ec-9dd7-d3e757a52272	PROCESS	57ce72345c7534cc17240b425a13aa08492c7fbb87f75b086f916c4711922857	e56c70dc-3bb0-4494-bb85-47ca56991415	호안용콘크리트구조물제작및거치	호안용콘크리트구조물제작및거치	PROMOTED_FROM_SOURCE	DRAFT	RISK-04-APPROVE-001	62c2c50e3c0becbe23a686735d1a7e50ed8bce2f3fa23c539d2250b68227c2d7	EMPTY	EMPTY	RISK-04-MATERIALIZE-001
2632f26ff3acc6ef60862e7365121d9799fee88bf74d042cd17a97bec9d79d25	f3a65654-18e3-42e7-bcc6-a534b4569d6f	PROCESS	97167eb2b29f689eecdc8442c8e8d8af709defa6879ba0d3ff2ed79518836e55	a15bbe15-e1ac-4833-b22f-773af7b714c8	가설흙막이및지보공사	가설흙막이및지보공사	PROMOTED_FROM_SOURCE	DRAFT	RISK-04-APPROVE-001	62c2c50e3c0becbe23a686735d1a7e50ed8bce2f3fa23c539d2250b68227c2d7	EMPTY	EMPTY	RISK-04-MATERIALIZE-001
263630628061dca5e0f87318ac7e703f8a23aa269fb433175762f90cac07f51a	fd492606-af00-4df5-9581-a9a1fed1757a	TASK	aaec78d5502f2db4c028c040ca27b613454195907c0e2b949fbd0b2ab181d5f3	277e2963-cbe3-4e70-a6cb-6383c37b6767	아스콘포장덧씨우기	아스콘포장덧씨우기	PROMOTED_FROM_SOURCE	DRAFT	RISK-04-APPROVE-001	62c2c50e3c0becbe23a686735d1a7e50ed8bce2f3fa23c539d2250b68227c2d7	EMPTY	EMPTY	RISK-04-MATERIALIZE-001
267f61833f1be4f06eebb530e87b5665c8477cfdcd6e945cd0a7003f36ef9045	a1b62ef8-87e4-40dd-a45c-439c1c56cedf	TASK	fcf56aeed97bbc55ffffd3b1922a372eb38a1d8032b0957878ffd2f59c39e099	f0bbccab-664f-4f1b-ad59-994b723b7e90	덕트설치공사	덕트설치공사	PROMOTED_FROM_SOURCE	DRAFT	RISK-04-APPROVE-001	62c2c50e3c0becbe23a686735d1a7e50ed8bce2f3fa23c539d2250b68227c2d7	EMPTY	EMPTY	RISK-04-MATERIALIZE-001
2695f28e1d3793f68e4ba319da595da99f621ad71f00cc236b8883af16ac280a	27a9183d-0d02-4ce8-a0bb-39371098cfb7	TASK	9ed800b6570d39ac38f5b3202f23981e90d8eb5f37d7e7a332ddcaf782dffd65	2e8138ce-e3ca-439b-8e9c-de616f5e6dec	철도부대시설보수	철도부대시설보수	PROMOTED_FROM_SOURCE	DRAFT	RISK-04-APPROVE-001	62c2c50e3c0becbe23a686735d1a7e50ed8bce2f3fa23c539d2250b68227c2d7	EMPTY	EMPTY	RISK-04-MATERIALIZE-001
26a1382f42a46ae75ebb5e3c6d1edf793c7a941b58186d8a6eb4d06be61422fc	c73e02fc-05b6-499e-a43b-6245def56253	TASK	5de714bb17d80b291c3d7e7d3da321d729f8771914677c30ae25f4e14aa01e91	525fab4f-8a50-492c-851c-f6f5a15be109	합성수지타일밑면붙이기	합성수지타일밑면붙이기	PROMOTED_FROM_SOURCE	DRAFT	RISK-04-APPROVE-001	62c2c50e3c0becbe23a686735d1a7e50ed8bce2f3fa23c539d2250b68227c2d7	EMPTY	EMPTY	RISK-04-MATERIALIZE-001
26dd36e40ba952e3cdd14d47c6c9def91d39054c49f7902dbdfe7f72b1fbdc5f	146fdf2a-11d5-4950-9e4b-f702cba90007	TASK	3c3ea3dc55db80472b59e9cf2576dc14a2029e2402467451af504591ead80e56	e8320c12-4f59-4b4f-bbc1-952e327d1e68	옥내설비철거 해체	옥내설비철거 해체	PROMOTED_FROM_SOURCE	DRAFT	RISK-04-APPROVE-001	62c2c50e3c0becbe23a686735d1a7e50ed8bce2f3fa23c539d2250b68227c2d7	EMPTY	EMPTY	RISK-04-MATERIALIZE-001
27c821d18b97b6f608886edbe2256e3622ff782aefb2c3555bfcdde51dfa3c2b	2480e55f-5bc7-4dbd-a1fa-8016dba70adc	TASK	6687836107bb3e7d0a4cdc3c83aedda7d8ac7eaa5618bd2b1bbe34550fe9c44a	877ee6f7-1b8a-4804-9865-ef3a65ac01d6	기둥조립	기둥조립	PROMOTED_FROM_SOURCE	DRAFT	RISK-04-APPROVE-001	62c2c50e3c0becbe23a686735d1a7e50ed8bce2f3fa23c539d2250b68227c2d7	EMPTY	EMPTY	RISK-04-MATERIALIZE-001
283672ba6aac880e7e36e0f63c1e50a1ecd52f32990e5a866a592fe1b7d3f7b4	e9ce532d-9509-4c4c-bded-03d6fc383be0	TASK	22c25c4d80b5f322322cf132f90fa62ee6252d49235e769b6fb93ec87f34cc77	351f17df-5f06-404d-8c36-49a5e51dba53	교량정적계측	교량정적계측	PROMOTED_FROM_SOURCE	DRAFT	RISK-04-APPROVE-001	62c2c50e3c0becbe23a686735d1a7e50ed8bce2f3fa23c539d2250b68227c2d7	EMPTY	EMPTY	RISK-04-MATERIALIZE-001
284ace37f54c74d3c98c3b64716f6f4c11fad3feaf6fa0a30011be6992c8bc98	85e995e9-01ea-4ce1-a30d-e9c6856dfb8e	PROCESS	9d08608a7869c37de6430fd6bc8d4ab616d9d7366068bf91c791a920227e9601	1f700e5b-1bbf-45ba-bfe4-ccbcbfc736ae	도로표식시설공사	도로표식시설공사	PROMOTED_FROM_SOURCE	DRAFT	RISK-04-APPROVE-001	62c2c50e3c0becbe23a686735d1a7e50ed8bce2f3fa23c539d2250b68227c2d7	EMPTY	EMPTY	RISK-04-MATERIALIZE-001
284c5f417d61f4d0f2079adaf11077b2db1dfec5af1fc7ca206d6d46748e0037	1d0bd5eb-b7c8-4bed-9ada-c52ccf609496	PROCESS	f8f8f8c0ded720ede952c131be6396329a82ad7f1995efa930cff437b5ed9ffa	51606bb5-d9c3-411f-8e33-3cb20fc8f923	미장부속공사	미장부속공사	PROMOTED_FROM_SOURCE	DRAFT	RISK-04-APPROVE-001	62c2c50e3c0becbe23a686735d1a7e50ed8bce2f3fa23c539d2250b68227c2d7	EMPTY	EMPTY	RISK-04-MATERIALIZE-001
28551b2f734086312a3f2e5066c4e949072f207938bf0bcae2b7f87390e1f319	3aa0b429-5bd1-4dd2-83a4-ad0fd0e83efb	TASK	d247d23d1ed4e328c2447c090f6004c4d9eae4f00fa0467f4a36103620df8729	742c2cb1-a9d4-4ac8-a301-af0cba9f59d6	계단디딤판(트레드)석재붙이기	계단디딤판(트레드)석재붙이기	PROMOTED_FROM_SOURCE	DRAFT	RISK-04-APPROVE-001	62c2c50e3c0becbe23a686735d1a7e50ed8bce2f3fa23c539d2250b68227c2d7	EMPTY	EMPTY	RISK-04-MATERIALIZE-001
28a7f4186fbab2677155050a78cd9eaa930624e14574a13a56ffcf7d01dd653b	11a3ba49-a5cc-491c-b523-e8ac483f54dd	TASK	eb0b1e8ac0c91157de26d21c83934d188ce64972b62ad553afa0b9570dc1d2b2	1e5f7b07-f903-43d9-9d58-ef1bd51290a5	상수도배관검사	상수도배관검사	PROMOTED_FROM_SOURCE	DRAFT	RISK-04-APPROVE-001	62c2c50e3c0becbe23a686735d1a7e50ed8bce2f3fa23c539d2250b68227c2d7	EMPTY	EMPTY	RISK-04-MATERIALIZE-001
290d01355efefc442840566d9e4a27899ae6a6a41a51f28bc140c18f98374bee	a035ac37-3280-4f2a-8b57-a3416a5061d0	TASK	8f21587ec43018940afb947efb86af08c59f4ea101a9360830238770576fe31b	1064868c-41b7-481e-b6c6-b6a0d72c24ca	경량철골조립및설치	경량철골조립및설치	PROMOTED_FROM_SOURCE	DRAFT	RISK-04-APPROVE-001	62c2c50e3c0becbe23a686735d1a7e50ed8bce2f3fa23c539d2250b68227c2d7	EMPTY	EMPTY	RISK-04-MATERIALIZE-001
292d17c406577beed16c4ff576a042dd571b8e42952e33857352de895625fb50	408aac7a-26ff-4304-af2b-d26089b4c56d	TASK	7d998429c979fb90025cfdc3b72fcecbd47952246191a2bc1ef02f5874c6985e	48506cef-8fc8-4838-bbd7-86e32129f825	터널천단침하측정	터널천단침하측정	PROMOTED_FROM_SOURCE	DRAFT	RISK-04-APPROVE-001	62c2c50e3c0becbe23a686735d1a7e50ed8bce2f3fa23c539d2250b68227c2d7	EMPTY	EMPTY	RISK-04-MATERIALIZE-001
2939170808ebb6a308fbe155abc1965bc0671106260b8a9289cd5d7a2e2f189b	14d55c47-2cba-46e1-96bc-4c3441858ad7	PROCESS	028839946d8a54355febe053579f2654b44a02cafb0f9a1e86e358319541e927	ffd6db74-ee50-40f2-a2f9-a13438cf9aed	보온공사	보온공사	PROMOTED_FROM_SOURCE	DRAFT	RISK-04-APPROVE-001	62c2c50e3c0becbe23a686735d1a7e50ed8bce2f3fa23c539d2250b68227c2d7	EMPTY	EMPTY	RISK-04-MATERIALIZE-001
294be0cddd210ecb366785ba23653eed710ce8bfdaab96fc91880fdbb174b748	df822a06-8422-4944-801d-5d29ada48bb3	PROCESS	c878122f7b0f7f4bda4517c25c843fce79a340822c88f3421ae25b2b27845f46	ab9dfe81-ff57-4662-889d-58ca0c739475	액체방수및모르터방수	액체방수및모르터방수	PROMOTED_FROM_SOURCE	DRAFT	RISK-04-APPROVE-001	62c2c50e3c0becbe23a686735d1a7e50ed8bce2f3fa23c539d2250b68227c2d7	EMPTY	EMPTY	RISK-04-MATERIALIZE-001
29cae13373f6a82b728f8d4c0e0ba96b81d07c7a8f218903aab86aa927946aca	3785d762-a369-46f6-ae1f-9612e8e50c0a	TASK	e1e8145467429472a59dd7ae0d75512fbe4eb6addb9d8fbed2f334c308857b63	a5ff5522-3e4f-4d19-b18f-4fc7afefaa01	전열교환기설치공사	전열교환기설치공사	PROMOTED_FROM_SOURCE	DRAFT	RISK-04-APPROVE-001	62c2c50e3c0becbe23a686735d1a7e50ed8bce2f3fa23c539d2250b68227c2d7	EMPTY	EMPTY	RISK-04-MATERIALIZE-001
2a16ffd74a0b9293c8cb8525c8541550a2648d39748806d09ded8308b50594c7	3f490984-a4e0-4de2-b6d6-4165bda8410c	PROCESS	EMPTY	EMPTY	품질관리	품질관리	PROMOTED_FROM_SOURCE	DRAFT	RISK-04-APPROVE-001	62c2c50e3c0becbe23a686735d1a7e50ed8bce2f3fa23c539d2250b68227c2d7	EMPTY	EMPTY	RISK-04-MATERIALIZE-001
2a1a872e2f45ced774bf57413d026ad299139d5789d14d3d5510a0745584afb8	b603fe0c-dbe5-499a-abae-47c44f3df190	TASK	41b344dc518604752e2786172abc1ac201b9b2c46e12748176892739cb6f486d	209d3e49-43e7-437f-b858-b024d7cb9b32	지상구조물보호	지상구조물보호	PROMOTED_FROM_SOURCE	DRAFT	RISK-04-APPROVE-001	62c2c50e3c0becbe23a686735d1a7e50ed8bce2f3fa23c539d2250b68227c2d7	EMPTY	EMPTY	RISK-04-MATERIALIZE-001
2a45c07065683953b5a79779c61f214056f929f98ced1e234dc0991009ea4320	fe303fc5-21f0-499f-955b-adfe3c5cb395	PROCESS	9064599e4c516b9459a0dde55a7cd5c7ca9acff7a534ff825f9a435ccca26d89	703804cc-8ce0-4eb2-95f0-62f7121dce30	전기설비시설유지정비공사	전기설비시설유지정비공사	PROMOTED_FROM_SOURCE	DRAFT	RISK-04-APPROVE-001	62c2c50e3c0becbe23a686735d1a7e50ed8bce2f3fa23c539d2250b68227c2d7	EMPTY	EMPTY	RISK-04-MATERIALIZE-001
2a57a9c13d2383dea8ba0ad76d2e7a481b479e082cce4020c2b5f36fabc6a28b	a0be5890-1478-4fac-9cec-3ebcfcc99ec6	TASK	45d871c4f15994b8a60ab19b03d1f2f6af0793ba52cb600437fcb983e814958b	fcfefcab-8631-45fd-85b7-cd29d3e9ff6f	목재난간설치	목재난간설치	PROMOTED_FROM_SOURCE	DRAFT	RISK-04-APPROVE-001	62c2c50e3c0becbe23a686735d1a7e50ed8bce2f3fa23c539d2250b68227c2d7	EMPTY	EMPTY	RISK-04-MATERIALIZE-001
2a5b98b79e359150f55814424a3f0134818c793a353577f008dc17ad6ebfbb4e	43fbb298-9c1b-4e7d-8e81-133392437b78	PROCESS	c9c24e10dd9da5cc97f2759cb026e93a4fcdf6d9824dc3d76e9769c3ecf10552	911b5ce9-e3ee-4d09-b661-dda9e08b1554	방범설비공사	방범설비공사	PROMOTED_FROM_SOURCE	DRAFT	RISK-04-APPROVE-001	62c2c50e3c0becbe23a686735d1a7e50ed8bce2f3fa23c539d2250b68227c2d7	EMPTY	EMPTY	RISK-04-MATERIALIZE-001
2a61841990e611de8f10680c45bb92bb5f7c296bed72f99b485ae13d9028b2ba	d16c487b-6ddd-4bfe-b650-b5c9d7fc5ecb	PROCESS	55a316206a26065b1f7a0d6a78216f3a90d5c6f69045a409f735c2a1a4825df8	a18cbef9-0712-4d25-80d2-4d27ccd5860e	조경유지관리	조경유지관리	PROMOTED_FROM_SOURCE	DRAFT	RISK-04-APPROVE-001	62c2c50e3c0becbe23a686735d1a7e50ed8bce2f3fa23c539d2250b68227c2d7	EMPTY	EMPTY	RISK-04-MATERIALIZE-001
2a7f4a15a55b8b24aa192c9bff7838332e5727d2d9bf8f55dff6adb4d2145813	b5e8da0b-94c9-4971-aa82-7590e3487425	TASK	1c9173573f2f0541138461293746faab63d48eb4018852a282872a0707ba58b1	fc10356e-8340-408d-b01e-9fa1a04457e2	응력측정(StrainGauge)	응력측정(StrainGauge)	PROMOTED_FROM_SOURCE	DRAFT	RISK-04-APPROVE-001	62c2c50e3c0becbe23a686735d1a7e50ed8bce2f3fa23c539d2250b68227c2d7	EMPTY	EMPTY	RISK-04-MATERIALIZE-001
2b25dbc4d4730b34cecaa8e15c52e29535f4b7d4226782043a0e5fa9a4e9eda1	fbf8a823-eef3-49d0-8c30-8784a231c22d	TASK	a492a0fe0bcc1fa46324941086217984ce0e3a41d318bcddae69d13bff90d910	fae1b190-575a-4e5f-add0-051c335c433b	슬레이트기와잇기	슬레이트기와잇기	PROMOTED_FROM_SOURCE	DRAFT	RISK-04-APPROVE-001	62c2c50e3c0becbe23a686735d1a7e50ed8bce2f3fa23c539d2250b68227c2d7	EMPTY	EMPTY	RISK-04-MATERIALIZE-001
2b3f1f44c077431eb18333afd9af4016c7fe8e7c1ba7e3cae8fe0774ab341829	009a1643-f024-4c61-ac6b-182f7b85500a	TASK	241e8cf487d9313c9bc87d252b8cda80fbcf84336e01ecedffea2fc005f4fdad	eef6e4b5-298c-4bc5-a416-f75dded2d6c9	세그멘탈부재조립	세그멘탈부재조립	PROMOTED_FROM_SOURCE	DRAFT	RISK-04-APPROVE-001	62c2c50e3c0becbe23a686735d1a7e50ed8bce2f3fa23c539d2250b68227c2d7	EMPTY	EMPTY	RISK-04-MATERIALIZE-001
2badeabec606a0a5fefbb3ece2876082ac14c6bda15c3f45dbba7d6e8fe2e5fc	e81d12af-081d-4484-9bfe-118622e5ceca	PROCESS	9064599e4c516b9459a0dde55a7cd5c7ca9acff7a534ff825f9a435ccca26d89	703804cc-8ce0-4eb2-95f0-62f7121dce30	통신설비시설유지정비공사	통신설비시설유지정비공사	PROMOTED_FROM_SOURCE	DRAFT	RISK-04-APPROVE-001	62c2c50e3c0becbe23a686735d1a7e50ed8bce2f3fa23c539d2250b68227c2d7	EMPTY	EMPTY	RISK-04-MATERIALIZE-001
2bc09911e2a00bdbcfd30faf2027c12d267cb76f788f84005de03d49f70617e8	502a0445-cc87-4a02-918d-79a6e5876045	TASK	6687836107bb3e7d0a4cdc3c83aedda7d8ac7eaa5618bd2b1bbe34550fe9c44a	877ee6f7-1b8a-4804-9865-ef3a65ac01d6	프리프렉스PC보조립	프리프렉스PC보조립	PROMOTED_FROM_SOURCE	DRAFT	RISK-04-APPROVE-001	62c2c50e3c0becbe23a686735d1a7e50ed8bce2f3fa23c539d2250b68227c2d7	EMPTY	EMPTY	RISK-04-MATERIALIZE-001
2bd2b7bd45ea1615eb4cc00f35b8080884f5ff71af92f741b74eca9c0b5ba20e	caf1be65-959f-47d8-80a4-b50a26bfc0d6	TASK	b8605fe8c0ef16348371393e2acc2501db26b6877153513bec3000f4f5de1df6	ac2a3158-0c35-492f-8611-dd2c65d6aa30	벽체석고보드붙이기	벽체석고보드붙이기	PROMOTED_FROM_SOURCE	DRAFT	RISK-04-APPROVE-001	62c2c50e3c0becbe23a686735d1a7e50ed8bce2f3fa23c539d2250b68227c2d7	EMPTY	EMPTY	RISK-04-MATERIALIZE-001
2c053ba6bcd16340ee74523df3f5a058c6c544a1aa2b2e26ffd1cb873ab68540	3213c0e7-55e9-421b-91b7-740057165b8b	PROCESS	a53c95b548ab1a1a584ad79f325846f8ac90ecce9234f991f9d8be9919341250	ca6f7bea-96f1-456f-be61-e96c129ab18a	바닥깔기	바닥깔기	PROMOTED_FROM_SOURCE	DRAFT	RISK-04-APPROVE-001	62c2c50e3c0becbe23a686735d1a7e50ed8bce2f3fa23c539d2250b68227c2d7	EMPTY	EMPTY	RISK-04-MATERIALIZE-001
2ca4d39796491cdb2a1a251ae850ba2275741ae3c034df5e58355939e0616c76	0cad8b63-dc57-4a41-81c9-1aa43d51bc24	TASK	7d998429c979fb90025cfdc3b72fcecbd47952246191a2bc1ef02f5874c6985e	48506cef-8fc8-4838-bbd7-86e32129f825	터널내공변위측정	터널내공변위측정	PROMOTED_FROM_SOURCE	DRAFT	RISK-04-APPROVE-001	62c2c50e3c0becbe23a686735d1a7e50ed8bce2f3fa23c539d2250b68227c2d7	EMPTY	EMPTY	RISK-04-MATERIALIZE-001
2e1991e1f861666f2c5a11f7b0ce773d8819d9be88be93f43abc217b261d88b4	4d523a85-a823-423c-8d9f-9cf2f5d24d58	TASK	663731e91305b8886f5920d0f41659f79dea06180109346b38779bf90058409e	1850eed5-cd9e-4d3e-9bc3-d99c95102c33	합성수지타일바닥붙이기	합성수지타일바닥붙이기	PROMOTED_FROM_SOURCE	DRAFT	RISK-04-APPROVE-001	62c2c50e3c0becbe23a686735d1a7e50ed8bce2f3fa23c539d2250b68227c2d7	EMPTY	EMPTY	RISK-04-MATERIALIZE-001
2e224943f999c88f0c671f50f59d023c08f6b74d2a90e1da9908757a7490512a	6dc08165-a122-4030-9079-20084f2fa59c	PROCESS	571d193a16c84db193b5f282dcdc92dd3a9717d4664c18940b186a5399aa42cb	1d0b5964-b7de-4b95-9e79-0d1d7443e701	철도부속설비	철도부속설비	PROMOTED_FROM_SOURCE	DRAFT	RISK-04-APPROVE-001	62c2c50e3c0becbe23a686735d1a7e50ed8bce2f3fa23c539d2250b68227c2d7	EMPTY	EMPTY	RISK-04-MATERIALIZE-001
2e33679c852060fd7028a7f4d8e189075b16ec37aff278808aa8f5b6443f4c86	1c90fcd4-5aec-489d-be5e-71d470acbed7	TASK	663731e91305b8886f5920d0f41659f79dea06180109346b38779bf90058409e	1850eed5-cd9e-4d3e-9bc3-d99c95102c33	점토질타일바닥붙이기	점토질타일바닥붙이기	PROMOTED_FROM_SOURCE	DRAFT	RISK-04-APPROVE-001	62c2c50e3c0becbe23a686735d1a7e50ed8bce2f3fa23c539d2250b68227c2d7	EMPTY	EMPTY	RISK-04-MATERIALIZE-001
2e3985f640b105c3221e654eff55b64f3ef155add37b5fdfd7516fac36855d6c	f571c346-9b60-4eba-8c6c-285df3bc9d68	TASK	e01d99f9fb4b4917819bc5ee6df715b864b1c3b253b8466ccc59f1f5d5bcf926	4c8434c9-d7d1-4ff9-8b99-c5131c6e6669	무기질침투성방수	무기질침투성방수	PROMOTED_FROM_SOURCE	DRAFT	RISK-04-APPROVE-001	62c2c50e3c0becbe23a686735d1a7e50ed8bce2f3fa23c539d2250b68227c2d7	EMPTY	EMPTY	RISK-04-MATERIALIZE-001
2e47d3e7dde1c35fc9f89db11d119d98f6396f975b8c1cb6215e2932b649e81e	0eaf8fa1-8d01-4467-bcaa-38705f945843	PROCESS	87fc9dee856fdc0de823757c6910a98d1e79e1ba25099a9d15d9bba3bb100f43	0d6c860c-c5c9-4371-91f2-feca7721063c	슬레이트잇기	슬레이트잇기	PROMOTED_FROM_SOURCE	DRAFT	RISK-04-APPROVE-001	62c2c50e3c0becbe23a686735d1a7e50ed8bce2f3fa23c539d2250b68227c2d7	EMPTY	EMPTY	RISK-04-MATERIALIZE-001
2ea69eb8cfe59c4d755a35d002659cb3c6c4d916686177ed85e90f7acf060a78	feec8d54-f3ad-4a6d-9062-dbaa1293333c	TASK	4ec4c1db1aa96205b1bab2ccd42eb2f8e88a45efd6a034c86676972d0834034d	46d59aac-0786-4500-a7ac-257e93c55745	발파암흙깍기	발파암흙깍기	PROMOTED_FROM_SOURCE	DRAFT	RISK-04-APPROVE-001	62c2c50e3c0becbe23a686735d1a7e50ed8bce2f3fa23c539d2250b68227c2d7	EMPTY	EMPTY	RISK-04-MATERIALIZE-001
2eaabb1951fc91282f26c775f3332ed994097e03277f8b60c12e4d3aa1ba7ffc	7b97e0a1-094f-4dbf-b06b-79f7763538c5	PROCESS	b669d98511f7e2bfb1e96b16e62a697004f651f201a3cd3c2024d12c39d44efc	c805df85-b574-4e3b-a98e-0b4783f6b4c7	카테나리전차선공사	카테나리전차선공사	PROMOTED_FROM_SOURCE	DRAFT	RISK-04-APPROVE-001	62c2c50e3c0becbe23a686735d1a7e50ed8bce2f3fa23c539d2250b68227c2d7	EMPTY	EMPTY	RISK-04-MATERIALIZE-001
2f283c739eeb7702c2dc1909c9f7c287f6079b039dfda07c3d7dac25d53ea9da	ebc183b5-4ab7-4e65-a92f-690b51c2b18b	TASK	1b33acde756d06171cafc114685d2b6ad10055120d1528e7f9291852ec7e8809	9b9a1e82-d8f8-487d-9153-ad89ad4fb111	종단측량	종단측량	PROMOTED_FROM_SOURCE	DRAFT	RISK-04-APPROVE-001	62c2c50e3c0becbe23a686735d1a7e50ed8bce2f3fa23c539d2250b68227c2d7	EMPTY	EMPTY	RISK-04-MATERIALIZE-001
2f3b01e8d351eb48adb6117e951ecfeeaf03c78bd08c61a35b5df23bc3600dd4	425b84b0-62dd-4f3e-b2e7-09edf62b8698	PROCESS	bd2f71981bff2ef99f94fd8e5945cc39ed763c87eb8b07a054fee95adcb4ae06	fb4b640e-768e-4855-870b-d957c1e2def7	위생기구설비공사	위생기구설비공사	PROMOTED_FROM_SOURCE	DRAFT	RISK-04-APPROVE-001	62c2c50e3c0becbe23a686735d1a7e50ed8bce2f3fa23c539d2250b68227c2d7	EMPTY	EMPTY	RISK-04-MATERIALIZE-001
2f57bad1368df5f8d8564e0fd5d84dfc4e74a9df09cea6dd0a34ceca2ae1d378	f6e725c2-6f4b-4feb-964e-452fc5279ab9	TASK	ab5cb14d0f35c4b9c8716882ac8be1f632db619bed3db9e612c87d77954024a0	135be024-0406-4ca9-8e07-5803429117f5	경사판설치	경사판설치	PROMOTED_FROM_SOURCE	DRAFT	RISK-04-APPROVE-001	62c2c50e3c0becbe23a686735d1a7e50ed8bce2f3fa23c539d2250b68227c2d7	EMPTY	EMPTY	RISK-04-MATERIALIZE-001
2fd5262c121f4e76524938d0cc3b8833c72d6cf66a854a91972a11a18e82c6da	804e16b8-eb7e-45af-b6f9-2422643372a4	PROCESS	5bc3acd70ef94be1828618eb4eee664445fda4b87144a9b0b917ff2c6a19b740	c4f888a2-ea91-4ccf-a236-9e3bb687f0db	안전관련전기설비공사	안전관련전기설비공사	MERGED_FROM_REVIEWED_SOURCES	DRAFT	RISK-04-APPROVE-001	62c2c50e3c0becbe23a686735d1a7e50ed8bce2f3fa23c539d2250b68227c2d7	EMPTY	EMPTY	RISK-04-MATERIALIZE-001
2ff87c7791389265d1720c725bbfd6838a332e2e94d60c18aed9831ba0c2b624	24cc8554-10db-4328-81d8-23b34841aa38	PROCESS	b505012aa8cdaa9786f6aa0ea352ce3686757de4b809bf7505062c3e198e2167	264fb97e-7619-4e40-a204-9d71c448be12	갱문지보및가시설	갱문지보및가시설	PROMOTED_FROM_SOURCE	DRAFT	RISK-04-APPROVE-001	62c2c50e3c0becbe23a686735d1a7e50ed8bce2f3fa23c539d2250b68227c2d7	EMPTY	EMPTY	RISK-04-MATERIALIZE-001
30c5c5b7582a14cbbfd22cf36f874b71b3c0631edbf44c07f05d4e6702817359	85cdd0d4-ec0f-47f2-a601-cacd5b3f3b12	PROCESS	324a6174194830c28313ed55db68d5b1b90bfec20a53637f8cf0bb36595ab486	38fbdf93-33bd-4a36-883a-ce824f7d1638	조명설비공사	조명설비공사	PROMOTED_FROM_SOURCE	DRAFT	RISK-04-APPROVE-001	62c2c50e3c0becbe23a686735d1a7e50ed8bce2f3fa23c539d2250b68227c2d7	EMPTY	EMPTY	RISK-04-MATERIALIZE-001
30d231684847e437017d9e43f371d0773cbf2ec1f221122b20a2728195f5fe6e	8226577d-7006-4d79-992a-d33bf592b30d	TASK	b266a326ad7e5eba11caadfe51d101ee205be6a4e31ad787d39ada491eb41c00	03597104-73d5-4f11-bee7-2c3162f7270c	유리질타일내벽붙이기	유리질타일내벽붙이기	PROMOTED_FROM_SOURCE	DRAFT	RISK-04-APPROVE-001	62c2c50e3c0becbe23a686735d1a7e50ed8bce2f3fa23c539d2250b68227c2d7	EMPTY	EMPTY	RISK-04-MATERIALIZE-001
312383ff2cd3033ef2df86b597ee7fbd11020e67eebb8550fb5947162d3f23fb	f802efd0-59b9-4c7b-9d53-350f17727699	TASK	e1e8145467429472a59dd7ae0d75512fbe4eb6addb9d8fbed2f334c308857b63	a5ff5522-3e4f-4d19-b18f-4fc7afefaa01	휀코일유닛설치공사	휀코일유닛설치공사	PROMOTED_FROM_SOURCE	DRAFT	RISK-04-APPROVE-001	62c2c50e3c0becbe23a686735d1a7e50ed8bce2f3fa23c539d2250b68227c2d7	EMPTY	EMPTY	RISK-04-MATERIALIZE-001
3137f9ff0203fe08dc10f49878ebab54b1fe5cfcf883c274a7c4c8f92acfd1b5	de0838ee-23ff-4020-a494-8ee37e060315	PROCESS	daa906954562f1c33f219f508267ad546d282a7241c4251257bb6c8be54c0b5d	1f3fad6f-505e-4c8a-8924-44f68b3a0652	시추(보링)	시추(보링)	PROMOTED_FROM_SOURCE	DRAFT	RISK-04-APPROVE-001	62c2c50e3c0becbe23a686735d1a7e50ed8bce2f3fa23c539d2250b68227c2d7	EMPTY	EMPTY	RISK-04-MATERIALIZE-001
324a6174194830c28313ed55db68d5b1b90bfec20a53637f8cf0bb36595ab486	38fbdf93-33bd-4a36-883a-ce824f7d1638	PROCESS	EMPTY	EMPTY	전력부하설비공사	전력부하설비공사	PROMOTED_FROM_SOURCE	DRAFT	RISK-04-APPROVE-001	62c2c50e3c0becbe23a686735d1a7e50ed8bce2f3fa23c539d2250b68227c2d7	EMPTY	EMPTY	RISK-04-MATERIALIZE-001
329a411f54834448eff5a7789b8d48ea3a4e4d3f1e42c56834beaa5cbf4b6569	a74f7959-f4e8-43f4-b033-580946cc7500	TASK	404308c2eb0c32923a21a1d5b36dcf091253d33b454c605616cc65cea7299620	073b0acc-4e0d-4ce6-9d93-d13feeeddd07	바닥인조석바름및갈기	바닥인조석바름및갈기	PROMOTED_FROM_SOURCE	DRAFT	RISK-04-APPROVE-001	62c2c50e3c0becbe23a686735d1a7e50ed8bce2f3fa23c539d2250b68227c2d7	EMPTY	EMPTY	RISK-04-MATERIALIZE-001
32dd7d37c2be30a00201eafed5f2957ce9be85730a29767875f1fbce826b3c52	eeca97e5-ac34-47f0-b903-da44abe0636f	PROCESS	571d193a16c84db193b5f282dcdc92dd3a9717d4664c18940b186a5399aa42cb	1d0b5964-b7de-4b95-9e79-0d1d7443e701	분기기설치	분기기설치	PROMOTED_FROM_SOURCE	DRAFT	RISK-04-APPROVE-001	62c2c50e3c0becbe23a686735d1a7e50ed8bce2f3fa23c539d2250b68227c2d7	EMPTY	EMPTY	RISK-04-MATERIALIZE-001
3313a813f7156a19f5903d9739b0f4c14fa98c4c0eb712e7ed0851b78651ee92	47a50c36-d133-412c-ab03-dd3d5b3f47b5	TASK	1b33acde756d06171cafc114685d2b6ad10055120d1528e7f9291852ec7e8809	9b9a1e82-d8f8-487d-9153-ad89ad4fb111	벤치마킹설치	벤치마킹설치	PROMOTED_FROM_SOURCE	DRAFT	RISK-04-APPROVE-001	62c2c50e3c0becbe23a686735d1a7e50ed8bce2f3fa23c539d2250b68227c2d7	EMPTY	EMPTY	RISK-04-MATERIALIZE-001
3345b0a880ce8e44d60232565409d36adf08b1456a9ee557778cb92508bcd4de	4ea1d09f-ddce-4d8b-b7c4-b955644505a6	TASK	6687836107bb3e7d0a4cdc3c83aedda7d8ac7eaa5618bd2b1bbe34550fe9c44a	877ee6f7-1b8a-4804-9865-ef3a65ac01d6	프리텐션PC보조립	프리텐션PC보조립	PROMOTED_FROM_SOURCE	DRAFT	RISK-04-APPROVE-001	62c2c50e3c0becbe23a686735d1a7e50ed8bce2f3fa23c539d2250b68227c2d7	EMPTY	EMPTY	RISK-04-MATERIALIZE-001
33be07b4f4bfad82d747293897345d3507e5145eefb0ff927385f94201681ffd	45225c51-6a67-4e52-ac21-de4fc592e02a	TASK	1b33acde756d06171cafc114685d2b6ad10055120d1528e7f9291852ec7e8809	9b9a1e82-d8f8-487d-9153-ad89ad4fb111	횡단측량	횡단측량	PROMOTED_FROM_SOURCE	DRAFT	RISK-04-APPROVE-001	62c2c50e3c0becbe23a686735d1a7e50ed8bce2f3fa23c539d2250b68227c2d7	EMPTY	EMPTY	RISK-04-MATERIALIZE-001
33d798b0ad019da5011680db134e0a9adaa48735d3afcac0b34a7d8c644ac076	bee670cd-c633-441f-b15a-0fa2bb279a1d	TASK	0f571190b35b4c9aae3b26ab96a87556f65be7b3e8cb1824c06a807dc34bc0b7	02cd1121-108c-4ee3-89de-c83d73cda213	천정석면시멘트판재붙이기	천정석면시멘트판재붙이기	PROMOTED_FROM_SOURCE	DRAFT	RISK-04-APPROVE-001	62c2c50e3c0becbe23a686735d1a7e50ed8bce2f3fa23c539d2250b68227c2d7	EMPTY	EMPTY	RISK-04-MATERIALIZE-001
33f1ddfc015d1a5a3173d5aa56062b9af98458c2e93edc02b239d897ef4ba8d7	07309343-35ef-4208-86db-a8bac28a8b72	PROCESS	EMPTY	EMPTY	조적공사	조적공사	PROMOTED_FROM_SOURCE	DRAFT	RISK-04-APPROVE-001	62c2c50e3c0becbe23a686735d1a7e50ed8bce2f3fa23c539d2250b68227c2d7	EMPTY	EMPTY	RISK-04-MATERIALIZE-001
3418a569eb4706551795771a87fb6567ebfbc59b826306713ffdbaa3ecf4bdcf	a0d1e8aa-a7d1-4bb1-9ad3-dfe617e013b1	TASK	d28c045a9338660ab84ceaeee6a3e1dda86dd49a33133129bb062dc2d46680b1	9d9bafff-1019-48f3-b2bb-cd5e9bfca11f	터빈및발전기설치공사	터빈및발전기설치공사	PROMOTED_FROM_SOURCE	DRAFT	RISK-04-APPROVE-001	62c2c50e3c0becbe23a686735d1a7e50ed8bce2f3fa23c539d2250b68227c2d7	EMPTY	EMPTY	RISK-04-MATERIALIZE-001
34cb37de55ba2869be01ba980c0bc2c8022e80c5d7afdb4dba85911449da7aa8	bb9b04dd-0b56-458d-aa15-fab82c712f0a	TASK	756ad0c501f2d804cec8fa019e3413d1b617534db00da45457afdf6fb807cd10	ab2963c9-b780-484a-9dba-cac8ce651dc6	지반그라우팅검사	지반그라우팅검사	PROMOTED_FROM_SOURCE	DRAFT	RISK-04-APPROVE-001	62c2c50e3c0becbe23a686735d1a7e50ed8bce2f3fa23c539d2250b68227c2d7	EMPTY	EMPTY	RISK-04-MATERIALIZE-001
34dbde855ab59721c5c6b4d1ac70756caf56032c2fb0d6799a81935bec2e7c58	0a9e3562-e5da-4fc7-bcf3-a8fd224dda13	TASK	869d9f89089f464d0e892d12e31f0a5a40cac8a69d3a0568757aeb3fd3c29ec9	35971f29-8d83-432e-b5d9-dea20b607c61	벌개 제근	벌개 제근	PROMOTED_FROM_SOURCE	DRAFT	RISK-04-APPROVE-001	62c2c50e3c0becbe23a686735d1a7e50ed8bce2f3fa23c539d2250b68227c2d7	EMPTY	EMPTY	RISK-04-MATERIALIZE-001
34ec84f018e4e8664e573d4f1029f3aea4ae170fda0c9a1b01ebaf958457eea0	3402b126-2f66-4f01-beff-e4349c3dc6e4	TASK	25da943669e985eaf977575346986c0faf2da92c6f79f11546c34be8eebbd7d4	fc2dd2f2-43f2-42ec-9dd7-d3e757a52272	콘크리트블록속채움	콘크리트블록속채움	PROMOTED_FROM_SOURCE	DRAFT	RISK-04-APPROVE-001	62c2c50e3c0becbe23a686735d1a7e50ed8bce2f3fa23c539d2250b68227c2d7	EMPTY	EMPTY	RISK-04-MATERIALIZE-001
354c702fe4e515ad8043e35a5ab6e1e6b1a5ee33a86cbb385a588eddada8e1db	2737b83c-fef9-4772-9176-c5f4cf2bec37	PROCESS	237ebf08eb25d06542020e6009e6b0a318bbfff75403f46e393fdf07a077f060	cbf9736a-49e5-4971-bfef-05ac83b61b42	현장치기주열흙막이	현장치기주열흙막이	PROMOTED_FROM_SOURCE	DRAFT	RISK-04-APPROVE-001	62c2c50e3c0becbe23a686735d1a7e50ed8bce2f3fa23c539d2250b68227c2d7	EMPTY	EMPTY	RISK-04-MATERIALIZE-001
35e837c8c67c91eccbccf3c7b34a3aac68e17f34a15595aa80e4f538f6d6b179	b1e5dbad-5462-4f82-b31b-f7c9bbf44a6c	PROCESS	64ef817db9f0e78551ca95f65652b1edbeb4e586e83b00b24390b8089623e293	6252654e-2025-4efc-8a85-29fefd286fbf	이형타일붙이기	이형타일붙이기	PROMOTED_FROM_SOURCE	DRAFT	RISK-04-APPROVE-001	62c2c50e3c0becbe23a686735d1a7e50ed8bce2f3fa23c539d2250b68227c2d7	EMPTY	EMPTY	RISK-04-MATERIALIZE-001
361ac011c4f9d20d74fc5b4925de82ca629ee471e9f3272a0bb728e96f564d51	3cc30b81-6e91-4c22-a118-ea7f48dd7ff9	TASK	3dec0cc1494076cb9d335b9cc42b3ad01a969cf781da5dd7b1855c9ccb43c9b0	34bee63b-6983-4524-83df-48e3a1012319	특수타일외벽붙이기	특수타일외벽붙이기	PROMOTED_FROM_SOURCE	DRAFT	RISK-04-APPROVE-001	62c2c50e3c0becbe23a686735d1a7e50ed8bce2f3fa23c539d2250b68227c2d7	EMPTY	EMPTY	RISK-04-MATERIALIZE-001
364024c20fde203971b02a0cb803eba0a354f964de9e6360f8b0af55e20c9a21	baaa9c3f-08d9-4f29-8482-182fa3da1a06	PROCESS	5e682e1a14ffa5335918ecbb9d5a443b3ab5206f71a519364d3784dbe1a927b6	84b8faa9-b168-440c-a91c-f90b333226a6	덤웨이터설비공사	덤웨이터설비공사	PROMOTED_FROM_SOURCE	DRAFT	RISK-04-APPROVE-001	62c2c50e3c0becbe23a686735d1a7e50ed8bce2f3fa23c539d2250b68227c2d7	EMPTY	EMPTY	RISK-04-MATERIALIZE-001
364efa64fa31b8856e512ea6f0165b648c2c00a668737fa5431c94a9cd92ff93	0c83ab61-726a-406d-851b-664b425a655c	TASK	adacfa272eb4a6a674af7667b520a6085d7d0d0455f5ea6f5b4444af491f8024	c3f2f7b9-18b4-4702-8b8d-7548f906d437	사암깔기	사암깔기	PROMOTED_FROM_SOURCE	DRAFT	RISK-04-APPROVE-001	62c2c50e3c0becbe23a686735d1a7e50ed8bce2f3fa23c539d2250b68227c2d7	EMPTY	EMPTY	RISK-04-MATERIALIZE-001
36b84656407d811baaf7dc7660242889e7e81aca4fa49f252e5fb0e3f2201233	33086c9d-3791-4a98-8582-286f5f5a4c52	PROCESS	fc4f7df78ecb9755d8ff69c7766d178706b5e53fc3bd41fe4723431d9bcd5bf1	fa9bc1cf-4143-49e0-a578-32622795b91d	PC연속벽흙막이	PC연속벽흙막이	PROMOTED_FROM_SOURCE	DRAFT	RISK-04-APPROVE-001	62c2c50e3c0becbe23a686735d1a7e50ed8bce2f3fa23c539d2250b68227c2d7	EMPTY	EMPTY	RISK-04-MATERIALIZE-001
36d0ddcc880a95a48bd51e7272c8d19e33b4256e82dc8ab9e64e24809ee04ea2	1c707ccb-1db2-4f7b-84a9-34262edded2a	TASK	744e95bb6e4a96594b2a7ad300501609c2e73264f98d8b4d92b4726208bb59cd	c3fc6f08-b063-4c2c-88d3-f2242493e17e	신규등록측량	신규등록측량	PROMOTED_FROM_SOURCE	DRAFT	RISK-04-APPROVE-001	62c2c50e3c0becbe23a686735d1a7e50ed8bce2f3fa23c539d2250b68227c2d7	EMPTY	EMPTY	RISK-04-MATERIALIZE-001
371d6b810957f8ab44afadb9305724c709375e22de12bf6f20cc54a6409fe464	e7a992e4-8530-44db-8581-c502900576e5	TASK	a7db859ba01a80480e9d6c27cc5f0ff506c85487aff4a4f0d5cab61d1e121549	4710ef8e-000d-48e1-9448-af1eeda77bc0	스테인레스스틸판잇기	스테인레스스틸판잇기	PROMOTED_FROM_SOURCE	DRAFT	RISK-04-APPROVE-001	62c2c50e3c0becbe23a686735d1a7e50ed8bce2f3fa23c539d2250b68227c2d7	EMPTY	EMPTY	RISK-04-MATERIALIZE-001
384f9ba2ed380c5b66a4208e459861782174eb40df48d7dd4654d7b994f8b302	ce4fb3ed-8cc0-494c-bcbb-5eb7e995ee78	PROCESS	b223c472f28dc1cc03c36e7104f5353323def065f7a948690095bb4a77b40769	cf240392-c8c4-4559-a8ec-f76901439691	발전설비시운전공사	발전설비시운전공사	PROMOTED_FROM_SOURCE	DRAFT	RISK-04-APPROVE-001	62c2c50e3c0becbe23a686735d1a7e50ed8bce2f3fa23c539d2250b68227c2d7	EMPTY	EMPTY	RISK-04-MATERIALIZE-001
385fdf5bb3e90ea8b1d5595029c8276e688afe2136fe3736987672e1dd948d58	23b62e4b-c478-4597-8e2b-e6ea7a8d79e5	TASK	a7db859ba01a80480e9d6c27cc5f0ff506c85487aff4a4f0d5cab61d1e121549	4710ef8e-000d-48e1-9448-af1eeda77bc0	함석잇기	함석잇기	PROMOTED_FROM_SOURCE	DRAFT	RISK-04-APPROVE-001	62c2c50e3c0becbe23a686735d1a7e50ed8bce2f3fa23c539d2250b68227c2d7	EMPTY	EMPTY	RISK-04-MATERIALIZE-001
38f32ff9a7aaf41b8a42558d264f0fcd40a139256bbd9880cb4446a4bf817416	e0cff068-017a-484e-8000-8443611b24ed	TASK	67147c00f93715db6e67724936aa012d382613bba7f73e3cc28d2e5deca1d52b	128af189-99ce-4b61-b638-1ae7b9cc7267	방충처리	방충처리	PROMOTED_FROM_SOURCE	DRAFT	RISK-04-APPROVE-001	62c2c50e3c0becbe23a686735d1a7e50ed8bce2f3fa23c539d2250b68227c2d7	EMPTY	EMPTY	RISK-04-MATERIALIZE-001
396cd9af911cf5a48d985fc5f503f910f25121c352ce5864a6eb342f2a71e31e	dac34e33-3e42-455e-8174-3036b893a646	TASK	1c9173573f2f0541138461293746faab63d48eb4018852a282872a0707ba58b1	fc10356e-8340-408d-b01e-9fa1a04457e2	인접구조물경사도및균열측정	인접구조물경사도및균열측정	PROMOTED_FROM_SOURCE	DRAFT	RISK-04-APPROVE-001	62c2c50e3c0becbe23a686735d1a7e50ed8bce2f3fa23c539d2250b68227c2d7	EMPTY	EMPTY	RISK-04-MATERIALIZE-001
398715c2c1a59d0b63150437509cc62b448b7b58089cca0e4a3c45793dc83eeb	73722a9b-e953-4423-8b10-6efcf5eef9bd	PROCESS	57ce72345c7534cc17240b425a13aa08492c7fbb87f75b086f916c4711922857	e56c70dc-3bb0-4494-bb85-47ca56991415	준설	준설	PROMOTED_FROM_SOURCE	DRAFT	RISK-04-APPROVE-001	62c2c50e3c0becbe23a686735d1a7e50ed8bce2f3fa23c539d2250b68227c2d7	EMPTY	EMPTY	RISK-04-MATERIALIZE-001
39c34bfda3a1ddb625bd994aa4b89d4f80215b74a1c46d840001151e70c27417	9688c88b-46dd-49d5-9b4e-3702674ac868	TASK	5de714bb17d80b291c3d7e7d3da321d729f8771914677c30ae25f4e14aa01e91	525fab4f-8a50-492c-851c-f6f5a15be109	도기질타일밑면붙이기	도기질타일밑면붙이기	PROMOTED_FROM_SOURCE	DRAFT	RISK-04-APPROVE-001	62c2c50e3c0becbe23a686735d1a7e50ed8bce2f3fa23c539d2250b68227c2d7	EMPTY	EMPTY	RISK-04-MATERIALIZE-001
39e50939e38be41a255a751a8442d87e0925dea01aa0220a0c9f667b1d6bd072	63b9907a-9c62-4c32-931a-fe982ee2d1cd	PROCESS	a1fa7e1fbe536f1c9ab6d4ec21c23d7de63646b1fcb6fef70a8f387763e99bc9	a74700b2-31e4-44f9-bb53-1ab477738d29	원자력발전소공사	원자력발전소공사	PROMOTED_FROM_SOURCE	DRAFT	RISK-04-APPROVE-001	62c2c50e3c0becbe23a686735d1a7e50ed8bce2f3fa23c539d2250b68227c2d7	EMPTY	EMPTY	RISK-04-MATERIALIZE-001
39f43c011ba393cac28497598616f9562ae5723eec583bc5100030ff7a5286b4	b94ee5b3-9867-47b9-9429-271af60626ef	TASK	a4e348e08da8a4e5f535e0a1ed14382cfc73d3ba5abd1e174ef1d2e614152425	ba7294ab-7de7-4c60-be42-43c35bcd5e13	콘크리트생산	콘크리트생산	PROMOTED_FROM_SOURCE	DRAFT	RISK-04-APPROVE-001	62c2c50e3c0becbe23a686735d1a7e50ed8bce2f3fa23c539d2250b68227c2d7	EMPTY	EMPTY	RISK-04-MATERIALIZE-001
3a1b62d39d66f7151606d2ee98064e3a5381e44f0b11d12bfcfced8730c972c8	6478e021-a1d6-4c1f-b5b3-ef9c7a173531	TASK	aaec78d5502f2db4c028c040ca27b613454195907c0e2b949fbd0b2ab181d5f3	277e2963-cbe3-4e70-a6cb-6383c37b6767	아스콘포장보수	아스콘포장보수	PROMOTED_FROM_SOURCE	DRAFT	RISK-04-APPROVE-001	62c2c50e3c0becbe23a686735d1a7e50ed8bce2f3fa23c539d2250b68227c2d7	EMPTY	EMPTY	RISK-04-MATERIALIZE-001
3a9366d8c831cc54679c134646f37f6df12ae2f4199e045fd2adcb2049fa700c	713e9be2-fff5-4455-a40f-e0157e998d2e	PROCESS	f9cf17b2b2f5c6b7d8fe1ffb539484309590b0c9d771213a593bf60e8c1b046d	1b96d7bd-0fa0-4ae4-8c4e-9c24b0b90b24	석재외벽붙이기	석재외벽붙이기	PROMOTED_FROM_SOURCE	DRAFT	RISK-04-APPROVE-001	62c2c50e3c0becbe23a686735d1a7e50ed8bce2f3fa23c539d2250b68227c2d7	EMPTY	EMPTY	RISK-04-MATERIALIZE-001
3ac761fa4fb40785920db9a5967742e56d932eb6ed4f2c5d56c8c4386124c338	78752ad8-563f-40b4-b785-345e3ad17c77	TASK	57842b6f62bcef11aa5623a54959143ed3d51e2d42f9c3a51e9c6a302a16ff19	addfaf62-3805-4680-9941-6e299eeed209	벽지바르기	벽지바르기	PROMOTED_FROM_SOURCE	DRAFT	RISK-04-APPROVE-001	62c2c50e3c0becbe23a686735d1a7e50ed8bce2f3fa23c539d2250b68227c2d7	EMPTY	EMPTY	RISK-04-MATERIALIZE-001
3ae86d88009846c037982f414f08effb695bbde94f4486e283af5fc80459ae0d	720f44ba-565c-4ca2-b197-9558afa79332	TASK	172b5d183961638c11d2ddd68aa2bcca8a5c37d208160fa56f3af8dddb96cf41	1c3217dc-73b3-45fd-9119-13508993a96d	미장및콘크리트면바탕처리	미장및콘크리트면바탕처리	PROMOTED_FROM_SOURCE	DRAFT	RISK-04-APPROVE-001	62c2c50e3c0becbe23a686735d1a7e50ed8bce2f3fa23c539d2250b68227c2d7	EMPTY	EMPTY	RISK-04-MATERIALIZE-001
3af8899fd0419578df83afe79beaaebcf1f336301fc986bf262e0f4c0b5c2d4c	b3a8c23a-2b82-4926-8455-53f507b0667c	TASK	8f21587ec43018940afb947efb86af08c59f4ea101a9360830238770576fe31b	1064868c-41b7-481e-b6c6-b6a0d72c24ca	플랜트철골조립및설치	플랜트철골조립및설치	PROMOTED_FROM_SOURCE	DRAFT	RISK-04-APPROVE-001	62c2c50e3c0becbe23a686735d1a7e50ed8bce2f3fa23c539d2250b68227c2d7	EMPTY	EMPTY	RISK-04-MATERIALIZE-001
3afe2acd72145c2e39d40a59120dacc733c9f5aa64af5801e05c4942f2a7facf	541dc81e-26e4-434d-bd05-c19213384faf	PROCESS	e04b0bdea193e90dc8375f29fe1455c07217b68da111c911ed87de115fb32aa4	8b9af581-a78c-455f-af5c-77f3941d02e9	특수용엘리베이터설비공사	특수용엘리베이터설비공사	PROMOTED_FROM_SOURCE	DRAFT	RISK-04-APPROVE-001	62c2c50e3c0becbe23a686735d1a7e50ed8bce2f3fa23c539d2250b68227c2d7	EMPTY	EMPTY	RISK-04-MATERIALIZE-001
3b30a9e8338674fb5c9f74f38162a2ecbf9fcf60a84d39517946a883aaf07f74	22e25bbd-2102-46ac-9110-4eb16daa4f4a	TASK	3e480e6d1bd58bafcf3e792750f017666225871117ca38e32831b78babe7ed21	4c6e576f-378d-4fa6-86e0-9c616abd1216	탈질설비기기류설치공사	탈질설비기기류설치공사	PROMOTED_FROM_SOURCE	DRAFT	RISK-04-APPROVE-001	62c2c50e3c0becbe23a686735d1a7e50ed8bce2f3fa23c539d2250b68227c2d7	EMPTY	EMPTY	RISK-04-MATERIALIZE-001
3b7b077e95c07db8e6148e2075e31482bdf6d214f7705c1fcf949cbdc83710e9	e9cfa3fe-de63-425f-b5d3-75ca91c92b60	PROCESS	1b01f7e3cd4bfbdcf610554066aa88036ab7be729aa908b66f0ec7936195732d	b07d3c54-238b-4c4a-95b2-5aaabf182076	트랜치터파기	트랜치터파기	PROMOTED_FROM_SOURCE	DRAFT	RISK-04-APPROVE-001	62c2c50e3c0becbe23a686735d1a7e50ed8bce2f3fa23c539d2250b68227c2d7	EMPTY	EMPTY	RISK-04-MATERIALIZE-001
3b8e15aef8d1cf78ed0f6af8044dd411b9e3189c9b1cf5cf9aa31b060ab8ab62	b9b9aacc-4d24-4e6e-9f80-2a9b6e3f5875	TASK	894d7093086b3017def26a1e2260a364fa47f606c33ec7b2fd42a620ed0a394e	8bb17a44-1e90-43ad-96d0-4880fb5b9771	토목잡철물제작 설치	토목잡철물제작 설치	PROMOTED_FROM_SOURCE	DRAFT	RISK-04-APPROVE-001	62c2c50e3c0becbe23a686735d1a7e50ed8bce2f3fa23c539d2250b68227c2d7	EMPTY	EMPTY	RISK-04-MATERIALIZE-001
3bc8a3742a25b63f58f237b909103f8850e5420cbf0681cbc724b69d34be5852	fc8bb348-d8b8-490a-9248-6de5f43911d2	PROCESS	53280542142b59179d383425dc3c0376e294312c5bfdef8b3af6e6aaa6dee067	b40bcb7f-32a0-4f2e-bb21-4eaf050a7fb7	기력발전플랜트설비공사	기력발전플랜트설비공사	PROMOTED_FROM_SOURCE	DRAFT	RISK-04-APPROVE-001	62c2c50e3c0becbe23a686735d1a7e50ed8bce2f3fa23c539d2250b68227c2d7	EMPTY	EMPTY	RISK-04-MATERIALIZE-001
3bd5b677590352554d0b9eae29e05deaabfc73bb867aa9740b7d1401b3d0b8cf	95c52524-d7fc-47f8-8f5e-308ba8688285	TASK	5de714bb17d80b291c3d7e7d3da321d729f8771914677c30ae25f4e14aa01e91	525fab4f-8a50-492c-851c-f6f5a15be109	시멘트계타일밑면붙이기	시멘트계타일밑면붙이기	PROMOTED_FROM_SOURCE	DRAFT	RISK-04-APPROVE-001	62c2c50e3c0becbe23a686735d1a7e50ed8bce2f3fa23c539d2250b68227c2d7	EMPTY	EMPTY	RISK-04-MATERIALIZE-001
3c39ab7408d60898ac5a4edfabd8d45d4b3836143b2c4a5199a18b70a8b19529	83668b5e-0c4c-4ef5-94ca-b0031052c6f2	PROCESS	cf1ecf5c2d7cb6f58c0d55291d4f55089f496affdb0ef538b0addb2641c4e15f	c23d53b4-6e43-4cb4-b165-532318204bda	살균설비주기기설비공사	살균설비주기기설비공사	PROMOTED_FROM_SOURCE	DRAFT	RISK-04-APPROVE-001	62c2c50e3c0becbe23a686735d1a7e50ed8bce2f3fa23c539d2250b68227c2d7	EMPTY	EMPTY	RISK-04-MATERIALIZE-001
3c3ea3dc55db80472b59e9cf2576dc14a2029e2402467451af504591ead80e56	e8320c12-4f59-4b4f-bbc1-952e327d1e68	PROCESS	13ef25655bb8802c9f2248fa72aa1339b99db5cd94f16bd2ae8d59f8ac83db00	25e2cf2e-83c2-4ecc-a6c0-e313f101102a	전기 통신설비철거 해체	전기 통신설비철거 해체	PROMOTED_FROM_SOURCE	DRAFT	RISK-04-APPROVE-001	62c2c50e3c0becbe23a686735d1a7e50ed8bce2f3fa23c539d2250b68227c2d7	EMPTY	EMPTY	RISK-04-MATERIALIZE-001
3c47163387efb0e3cb370669d6ed2955e6ec0137d3858e37bd222f59c9dd4a88	db7f7a69-75f1-4e7a-98f1-684805327b38	TASK	4813cf1b2638756cfc45513b10dd2cb87c0c8de7d9084742aa967a9b48ac9c10	556d6799-5eb8-4626-8991-83953a8056ac	관목식재공사	관목식재공사	PROMOTED_FROM_SOURCE	DRAFT	RISK-04-APPROVE-001	62c2c50e3c0becbe23a686735d1a7e50ed8bce2f3fa23c539d2250b68227c2d7	EMPTY	EMPTY	RISK-04-MATERIALIZE-001
3c47be97bfa282855af6f836d66cd88245867d0c60b073b473a50dee61d7112e	f84566d0-2894-4085-88e9-0a462e2aba38	PROCESS	1b01f7e3cd4bfbdcf610554066aa88036ab7be729aa908b66f0ec7936195732d	b07d3c54-238b-4c4a-95b2-5aaabf182076	사면보호	사면보호	PROMOTED_FROM_SOURCE	DRAFT	RISK-04-APPROVE-001	62c2c50e3c0becbe23a686735d1a7e50ed8bce2f3fa23c539d2250b68227c2d7	EMPTY	EMPTY	RISK-04-MATERIALIZE-001
3c60fcbd85621850af248f0db3f2a2c529088f6e113d682c55e467a570de88c5	ad059346-dd94-4306-a6fb-52c8dc75b63c	PROCESS	4d79d74207174f4387cf743541280fcd3fd1bddbeeb78a3b54891618259651d3	abdcb02a-6114-4ef2-aa3e-0b634d0a4d9d	현장타설말뚝	현장타설말뚝	PROMOTED_FROM_SOURCE	DRAFT	RISK-04-APPROVE-001	62c2c50e3c0becbe23a686735d1a7e50ed8bce2f3fa23c539d2250b68227c2d7	EMPTY	EMPTY	RISK-04-MATERIALIZE-001
3c831ae682c4527f118ef78dbac28b3de835e76c7beb9fe4e57e4f80f0daa32e	a074669e-20e3-4d2e-b9ab-ba38ec5c9521	PROCESS	5699e667839fbb246cb48d93f87db04834968fc595e50f73319e540c94a0d2d9	3ade5995-a8f0-4e97-a31a-3edfc3b1e095	방식전기설비공사	방식전기설비공사	PROMOTED_FROM_SOURCE	DRAFT	RISK-04-APPROVE-001	62c2c50e3c0becbe23a686735d1a7e50ed8bce2f3fa23c539d2250b68227c2d7	EMPTY	EMPTY	RISK-04-MATERIALIZE-001
3cde0b5885b49a0bcb050b77d3c6d689893ebc2bf8c23dfbb0463289300ff4f4	a5368af3-dd14-40f3-a1af-e68b27467561	TASK	5928030d4b31d0dea0ef3c8f5f472f6c35d3f184ba38c593b8f521dbdc52a60b	65bb4730-cda3-4c07-9e85-935b900e156d	도막방수	도막방수	PROMOTED_FROM_SOURCE	DRAFT	RISK-04-APPROVE-001	62c2c50e3c0becbe23a686735d1a7e50ed8bce2f3fa23c539d2250b68227c2d7	EMPTY	EMPTY	RISK-04-MATERIALIZE-001
3d48573e1d316e06b26b513b3d1b0f6ce573017dffb0fd382f18aa346ee5e727	69f8d873-5093-4204-9150-57d65de28751	PROCESS	ac74a224650d5509cb0506ecd2daf797b6aec4c361eb5e4467bed4db842033c5	72c0016a-09bb-402e-91e1-4b618205be6a	벽체단열	벽체단열	PROMOTED_FROM_SOURCE	DRAFT	RISK-04-APPROVE-001	62c2c50e3c0becbe23a686735d1a7e50ed8bce2f3fa23c539d2250b68227c2d7	EMPTY	EMPTY	RISK-04-MATERIALIZE-001
3d67a5d8f9ba7f14646d8bd404c3eeed9269151a4d468c2607c7e6aa056db910	4d300a8c-f714-451b-ac5a-54f3559788c1	PROCESS	06e5762a27d4f3deb2d03c0dd8ad20c8eddc324415d5d6107a916166121c970c	37708031-cc38-4c79-b4b1-30ef03ff1752	교량가설공사	교량가설공사	PROMOTED_FROM_SOURCE	DRAFT	RISK-04-APPROVE-001	62c2c50e3c0becbe23a686735d1a7e50ed8bce2f3fa23c539d2250b68227c2d7	EMPTY	EMPTY	RISK-04-MATERIALIZE-001
3db38d9b9a8f8def0a76425727fae6a66ab1e55c59346fd1636110c11e5803e9	c13a33b4-6c04-4387-bf5e-efe86bcc31ed	TASK	e36382f0d8f225fe74d5e7a526053c2fb280393d66819903c899d1baaecfd9c3	26425132-352f-4b1a-85e2-88ef090df5cc	소음진동방지	소음진동방지	PROMOTED_FROM_SOURCE	DRAFT	RISK-04-APPROVE-001	62c2c50e3c0becbe23a686735d1a7e50ed8bce2f3fa23c539d2250b68227c2d7	EMPTY	EMPTY	RISK-04-MATERIALIZE-001
3dbd798f2881746e1d2b9f045d10a168c544bc545b58c2d0fd73b1cb0cef1150	3cd47cb4-db75-4b91-b2c7-8a38f4aa502a	TASK	b5505742d94b06382f56854611e8b90aed15c861a2a393c78b2690e66b43c954	8c831cd1-fa96-4c78-913a-a4b0d1c636fe	가스설비관련기기제작공사	가스설비관련기기제작공사	PROMOTED_FROM_SOURCE	DRAFT	RISK-04-APPROVE-001	62c2c50e3c0becbe23a686735d1a7e50ed8bce2f3fa23c539d2250b68227c2d7	EMPTY	EMPTY	RISK-04-MATERIALIZE-001
3dbe53b9b87457e3770ddee6aa72481e755904f36648ba42524abc65ceefc81b	5ebc8ce7-3e95-4c2e-a280-d4679250745b	TASK	df10084ef3420d232661a9ae119d90168b42921a54c7076b7b197b6c5485e5f7	ac5f0489-f020-4af4-ac02-accc18d43cbf	하수도배관청소	하수도배관청소	PROMOTED_FROM_SOURCE	DRAFT	RISK-04-APPROVE-001	62c2c50e3c0becbe23a686735d1a7e50ed8bce2f3fa23c539d2250b68227c2d7	EMPTY	EMPTY	RISK-04-MATERIALIZE-001
3dec0cc1494076cb9d335b9cc42b3ad01a969cf781da5dd7b1855c9ccb43c9b0	34bee63b-6983-4524-83df-48e3a1012319	PROCESS	64ef817db9f0e78551ca95f65652b1edbeb4e586e83b00b24390b8089623e293	6252654e-2025-4efc-8a85-29fefd286fbf	외벽타일붙이기	외벽타일붙이기	PROMOTED_FROM_SOURCE	DRAFT	RISK-04-APPROVE-001	62c2c50e3c0becbe23a686735d1a7e50ed8bce2f3fa23c539d2250b68227c2d7	EMPTY	EMPTY	RISK-04-MATERIALIZE-001
3e3a8b499570f12f8c004b918bc2470c5510c550975a5968977888ecae959f1f	50550de8-5ade-4ca9-9c21-41ba5048bd89	TASK	fba05c07dc62b9938f5b28091b8d88b0633208a1d76deef0200ed6a85b06b11d	283ded33-4df9-486a-b46f-1a739a0fde76	석재골파기마감	석재골파기마감	PROMOTED_FROM_SOURCE	DRAFT	RISK-04-APPROVE-001	62c2c50e3c0becbe23a686735d1a7e50ed8bce2f3fa23c539d2250b68227c2d7	EMPTY	EMPTY	RISK-04-MATERIALIZE-001
3e480e6d1bd58bafcf3e792750f017666225871117ca38e32831b78babe7ed21	4c6e576f-378d-4fa6-86e0-9c616abd1216	PROCESS	eed4ca91d2eebf54fd65616a1883deb0f030b5f1a097cf88488b3cd1e4d121b6	609c86eb-94f6-447c-9805-e0ff032b80f4	탈질설비공사	탈질설비공사	PROMOTED_FROM_SOURCE	DRAFT	RISK-04-APPROVE-001	62c2c50e3c0becbe23a686735d1a7e50ed8bce2f3fa23c539d2250b68227c2d7	EMPTY	EMPTY	RISK-04-MATERIALIZE-001
3e7c67efdbb7152cd11ec523a6bc363de9eceef4946d5664e23c530dd4222e9e	48336231-12e6-4ec4-99c1-5a890a73180e	PROCESS	8da91d7b42ed495727ee36b4fb2f04b0716b798136eebc272c12941d475071bc	492e4ba6-4b48-4745-8cd8-10546d3ceb57	표시설비공사	표시설비공사	PROMOTED_FROM_SOURCE	DRAFT	RISK-04-APPROVE-001	62c2c50e3c0becbe23a686735d1a7e50ed8bce2f3fa23c539d2250b68227c2d7	EMPTY	EMPTY	RISK-04-MATERIALIZE-001
3e8b0dfc90f1fcb547fdf286ad432627532ccf7f8e756651c3a9343a3a6463b7	b9eb9b50-d7a0-4f3b-b944-7f3cd39c6d70	TASK	0c7cbc64f8d302a1f8747d7ae32ce9ffaee277cd8cba504690b8fdfc4d183e01	e3e9f2b0-e7f5-4411-ae3f-23bdeb4984c8	잔디식재	잔디식재	PROMOTED_FROM_SOURCE	DRAFT	RISK-04-APPROVE-001	62c2c50e3c0becbe23a686735d1a7e50ed8bce2f3fa23c539d2250b68227c2d7	EMPTY	EMPTY	RISK-04-MATERIALIZE-001
3ee299700e719122727bf96e921d69ceac1520282666e4ca2bd8d94bd1edcde2	8e919d1e-95ab-440f-b2bc-f6788edd8ed0	PROCESS	028839946d8a54355febe053579f2654b44a02cafb0f9a1e86e358319541e927	ffd6db74-ee50-40f2-a2f9-a13438cf9aed	배관및관련부속공사	배관및관련부속공사	PROMOTED_FROM_SOURCE	DRAFT	RISK-04-APPROVE-001	62c2c50e3c0becbe23a686735d1a7e50ed8bce2f3fa23c539d2250b68227c2d7	EMPTY	EMPTY	RISK-04-MATERIALIZE-001
3f198a9c596fcc677e65a59ee2cb5c6e64001f7f91b4ae06758346d32df321a2	b0ae0e8c-cd13-47b3-b084-2598872e730c	PROCESS	9d7bad7d3377b0051c155133999851cda03afb637f6fc506662aa14608b8fd72	23c12507-241e-4e79-a855-4ab96b1ce94d	각종잡철물공사및용접공사	각종잡철물공사및용접공사	PROMOTED_FROM_SOURCE	DRAFT	RISK-04-APPROVE-001	62c2c50e3c0becbe23a686735d1a7e50ed8bce2f3fa23c539d2250b68227c2d7	EMPTY	EMPTY	RISK-04-MATERIALIZE-001
3f612031c05b9c0b8ba03255f00c29f63216aab4035a4a662dab66c1ba3616ba	83af0eaa-fc44-43e9-8d32-04cceb71d6f3	PROCESS	9ac4bb062d521abe8e69b359393e5ce6cf23efda77d4f73fbaae1d63f43d738f	028d5fdc-46ea-4021-ae54-f10eaa310163	기본측량	기본측량	PROMOTED_FROM_SOURCE	DRAFT	RISK-04-APPROVE-001	62c2c50e3c0becbe23a686735d1a7e50ed8bce2f3fa23c539d2250b68227c2d7	EMPTY	EMPTY	RISK-04-MATERIALIZE-001
3ff2558c80cffa3a008da6353c2dd9b22c1d0135d687d77b1b3d7da44da2e210	89891be2-86d8-4a0f-a629-6afc50a404ba	PROCESS	c9c24e10dd9da5cc97f2759cb026e93a4fcdf6d9824dc3d76e9769c3ecf10552	911b5ce9-e3ee-4d09-b661-dda9e08b1554	감시카메라설비공사	감시카메라설비공사	PROMOTED_FROM_SOURCE	DRAFT	RISK-04-APPROVE-001	62c2c50e3c0becbe23a686735d1a7e50ed8bce2f3fa23c539d2250b68227c2d7	EMPTY	EMPTY	RISK-04-MATERIALIZE-001
40279f6890ceed0db8504fd05c2ef15332580b07b77f8402e444ffec0e7d8fd4	6ce4eabb-8041-46ae-9359-c89ccd9e4cea	PROCESS	c61167354764433108d4894a046b286fefe602351bec67471ab7d65883fd461b	c856b1e3-861b-461f-9b9b-cbd0540397a3	통신설비시험 시운전공사	통신설비시험 시운전공사	PROMOTED_FROM_SOURCE	DRAFT	RISK-04-APPROVE-001	62c2c50e3c0becbe23a686735d1a7e50ed8bce2f3fa23c539d2250b68227c2d7	EMPTY	EMPTY	RISK-04-MATERIALIZE-001
404308c2eb0c32923a21a1d5b36dcf091253d33b454c605616cc65cea7299620	073b0acc-4e0d-4ce6-9d93-d13feeeddd07	PROCESS	f8f8f8c0ded720ede952c131be6396329a82ad7f1995efa930cff437b5ed9ffa	51606bb5-d9c3-411f-8e33-3cb20fc8f923	인조석(테라조)미장및물갈기	인조석(테라조)미장및물갈기	PROMOTED_FROM_SOURCE	DRAFT	RISK-04-APPROVE-001	62c2c50e3c0becbe23a686735d1a7e50ed8bce2f3fa23c539d2250b68227c2d7	EMPTY	EMPTY	RISK-04-MATERIALIZE-001
40543959ddbc9b5f8c5819abf0fcc81996546bc49266ceabfd18038c72204c7a	aaf22fc1-87ab-49a4-b30c-14d76581e4ef	TASK	3a9366d8c831cc54679c134646f37f6df12ae2f4199e045fd2adcb2049fa700c	713e9be2-fff5-4455-a40f-e0157e998d2e	인조석외벽붙이기	인조석외벽붙이기	PROMOTED_FROM_SOURCE	DRAFT	RISK-04-APPROVE-001	62c2c50e3c0becbe23a686735d1a7e50ed8bce2f3fa23c539d2250b68227c2d7	EMPTY	EMPTY	RISK-04-MATERIALIZE-001
40c11af26e5e9b1d10ad95693ef23e74354c43e4ca526b11d04f7eb29599d47f	de151d12-f494-497e-91fe-6f5b40d1196c	PROCESS	a1fa7e1fbe536f1c9ab6d4ec21c23d7de63646b1fcb6fef70a8f387763e99bc9	a74700b2-31e4-44f9-bb53-1ab477738d29	태양열발전설비공사	태양열발전설비공사	PROMOTED_FROM_SOURCE	DRAFT	RISK-04-APPROVE-001	62c2c50e3c0becbe23a686735d1a7e50ed8bce2f3fa23c539d2250b68227c2d7	EMPTY	EMPTY	RISK-04-MATERIALIZE-001
40e50be53a2c2f65625b6a16a4c34552caf95de404993c49b8be1cbf38dd0e60	d87f8fa4-d0e1-4305-a697-ca2a81f8c846	PROCESS	acf048a5240dfcfa6c13ef808f343ba91df60c7588b714ad55e193b842d47c36	c21d1a95-094c-4128-9360-17e6be8b6efc	토사가물막이	토사가물막이	PROMOTED_FROM_SOURCE	DRAFT	RISK-04-APPROVE-001	62c2c50e3c0becbe23a686735d1a7e50ed8bce2f3fa23c539d2250b68227c2d7	EMPTY	EMPTY	RISK-04-MATERIALIZE-001
4187315acccc49bae2cb4f58816c58adeed189853b1a963e41cc99582cf21b0c	ee92943b-96f1-48ee-9fa4-55b09fa87a67	PROCESS	49c4e35e62f053db17c69cb10cd3c568cf26fe18d5ce579d0e78ce4391f2359e	247db056-4c62-4af7-97b2-e1c6911aeb88	구내동력설비공사	구내동력설비공사	PROMOTED_FROM_SOURCE	DRAFT	RISK-04-APPROVE-001	62c2c50e3c0becbe23a686735d1a7e50ed8bce2f3fa23c539d2250b68227c2d7	EMPTY	EMPTY	RISK-04-MATERIALIZE-001
41a37bac95ce320d09ae7ac52c36a63069504551670a1d6eed09dda5a8aec88f	b50f788d-7cf4-4765-a64d-4b7e81710366	TASK	ab5cb14d0f35c4b9c8716882ac8be1f632db619bed3db9e612c87d77954024a0	135be024-0406-4ca9-8e07-5803429117f5	배관보온 보호공사	배관보온 보호공사	PROMOTED_FROM_SOURCE	DRAFT	RISK-04-APPROVE-001	62c2c50e3c0becbe23a686735d1a7e50ed8bce2f3fa23c539d2250b68227c2d7	EMPTY	EMPTY	RISK-04-MATERIALIZE-001
41b344dc518604752e2786172abc1ac201b9b2c46e12748176892739cb6f486d	209d3e49-43e7-437f-b858-b024d7cb9b32	PROCESS	13ef25655bb8802c9f2248fa72aa1339b99db5cd94f16bd2ae8d59f8ac83db00	25e2cf2e-83c2-4ecc-a6c0-e313f101102a	지장물보호	지장물보호	PROMOTED_FROM_SOURCE	DRAFT	RISK-04-APPROVE-001	62c2c50e3c0becbe23a686735d1a7e50ed8bce2f3fa23c539d2250b68227c2d7	EMPTY	EMPTY	RISK-04-MATERIALIZE-001
41b9ce338d606003a402c2bb1777782ce46ce7d5adc10065a7788b7b4558539b	e71b52b3-cf9f-429f-9a81-fd232e59ea3a	PROCESS	ad52ec48aec12c096ed53d6e802060a29abfdddbc8cf6e7762c5945e04534786	d5f68bcc-16ad-4375-84cc-eeb551c11063	교량상판포장	교량상판포장	PROMOTED_FROM_SOURCE	DRAFT	RISK-04-APPROVE-001	62c2c50e3c0becbe23a686735d1a7e50ed8bce2f3fa23c539d2250b68227c2d7	EMPTY	EMPTY	RISK-04-MATERIALIZE-001
422594987dbf6d552e9a95ce75ad1ee9f9b40212069df43e3d3d7e0a3d1ac4bd	49d29123-1795-4cca-99ca-fa5e1adf4b54	TASK	77c7032624c29314caf7433c21c9b96367f23d1666a116472e3fd816e5858610	6ed865b8-abdc-43c9-9f9d-bac45610dfb4	인위적경화물질터파기	인위적경화물질터파기	PROMOTED_FROM_SOURCE	DRAFT	RISK-04-APPROVE-001	62c2c50e3c0becbe23a686735d1a7e50ed8bce2f3fa23c539d2250b68227c2d7	EMPTY	EMPTY	RISK-04-MATERIALIZE-001
425c2d5e2a93d757f78200cbb912cd574d890472e8a193f09fc840d40d850f10	2155936c-2027-4873-9d84-a369ff47b824	TASK	0f3dce322934ae5e11439e5231fff7a5302aad3b4cfac914f9cd2c803987e6be	f341a82a-d015-42a2-ba95-73222b9510c2	멜라민수지쉬트붙이기	멜라민수지쉬트붙이기	PROMOTED_FROM_SOURCE	DRAFT	RISK-04-APPROVE-001	62c2c50e3c0becbe23a686735d1a7e50ed8bce2f3fa23c539d2250b68227c2d7	EMPTY	EMPTY	RISK-04-MATERIALIZE-001
428a06303710d55360eeac4fb83cac1fdb785b0d180c6d4e625f5fcc7fe9a03c	5d2bd8fa-2c6f-4b75-8b40-0840c8980374	TASK	a492a0fe0bcc1fa46324941086217984ce0e3a41d318bcddae69d13bff90d910	fae1b190-575a-4e5f-add0-051c335c433b	플라스틱기와잇기	플라스틱기와잇기	PROMOTED_FROM_SOURCE	DRAFT	RISK-04-APPROVE-001	62c2c50e3c0becbe23a686735d1a7e50ed8bce2f3fa23c539d2250b68227c2d7	EMPTY	EMPTY	RISK-04-MATERIALIZE-001
432a0bbe8e70f37cb076f0323cc80f577864241cd6601b715be087f2ba6312dd	e9f718e9-82b7-40c4-abde-f1b46dbc732e	TASK	d5c23a14c706351d68257016184208bec83a12432c027c0b54da81f6eb73c85e	80558c18-8f48-44cc-bc82-270cb0571b63	사암구조물밑면붙이기	사암구조물밑면붙이기	PROMOTED_FROM_SOURCE	DRAFT	RISK-04-APPROVE-001	62c2c50e3c0becbe23a686735d1a7e50ed8bce2f3fa23c539d2250b68227c2d7	EMPTY	EMPTY	RISK-04-MATERIALIZE-001
43ab9d5bcc0f0537d6d9ad3f25079ad739501cdfb792cb0e4559f2bfc9662f1b	7ed34a97-86e9-4d04-b121-00c3269098ee	TASK	5e9f3bd52f774810f3b020a8c2160ce5a9e5a4909c1f517b61cc7dd45f0cd9b5	1aee87d8-146d-43ae-b343-d1a09cd64fe0	기타금속부속물설치	기타금속부속물설치	PROMOTED_FROM_SOURCE	DRAFT	RISK-04-APPROVE-001	62c2c50e3c0becbe23a686735d1a7e50ed8bce2f3fa23c539d2250b68227c2d7	EMPTY	EMPTY	RISK-04-MATERIALIZE-001
43b1a189bbf02fb3ce567f440980c23d9a28a5fb5594f4f5a703ac6331f5fdfe	03e39a42-dde8-46e5-801a-859b93fed859	PROCESS	55a316206a26065b1f7a0d6a78216f3a90d5c6f69045a409f735c2a1a4825df8	a18cbef9-0712-4d25-80d2-4d27ccd5860e	조경시설물설치	조경시설물설치	PROMOTED_FROM_SOURCE	DRAFT	RISK-04-APPROVE-001	62c2c50e3c0becbe23a686735d1a7e50ed8bce2f3fa23c539d2250b68227c2d7	EMPTY	EMPTY	RISK-04-MATERIALIZE-001
44287b2b845da2ccacb082171be4bbbc919526c0faf0946e2f384d663522e05c	4af739fe-85ef-4764-936c-b047676fc079	TASK	fcf56aeed97bbc55ffffd3b1922a372eb38a1d8032b0957878ffd2f59c39e099	f0bbccab-664f-4f1b-ad59-994b723b7e90	덕트제작공사	덕트제작공사	PROMOTED_FROM_SOURCE	DRAFT	RISK-04-APPROVE-001	62c2c50e3c0becbe23a686735d1a7e50ed8bce2f3fa23c539d2250b68227c2d7	EMPTY	EMPTY	RISK-04-MATERIALIZE-001
44ab508840976b882aaf47188aa2db2278701921df40269b5aa8301ddd420bbd	e8e78f3f-26f5-452f-9019-2ca52bfaeb78	PROCESS	e9d5097280eead87de1f8ee9e24cd53c94b90fa52276ada446bf13467c8c8f72	7781f1c8-c06d-4cbf-9fa0-389a6b427172	머캐덤포장	머캐덤포장	PROMOTED_FROM_SOURCE	DRAFT	RISK-04-APPROVE-001	62c2c50e3c0becbe23a686735d1a7e50ed8bce2f3fa23c539d2250b68227c2d7	EMPTY	EMPTY	RISK-04-MATERIALIZE-001
4532feab3011c0f3e3dbc4f8ebdbc1bbb57fd2e8af87eba34cf03e3187886c2c	591a51da-3333-4845-b60e-03458681ab39	TASK	a9b19d41db62b02d613b384de089cb125f4481f51cc8fb9af7f657c10b31e7dd	fe6d0740-d16e-4954-8ce2-d0dbbce0c032	철골공장가공 제작	철골공장가공 제작	PROMOTED_FROM_SOURCE	DRAFT	RISK-04-APPROVE-001	62c2c50e3c0becbe23a686735d1a7e50ed8bce2f3fa23c539d2250b68227c2d7	EMPTY	EMPTY	RISK-04-MATERIALIZE-001
453ca95f3e1c221aea9b4485a913a0983c2da8724d7a8628a06658bcfd70753c	358d86b6-969c-4abd-bfc0-2c6fb8d3e263	TASK	49c4e35e62f053db17c69cb10cd3c568cf26fe18d5ce579d0e78ce4391f2359e	247db056-4c62-4af7-97b2-e1c6911aeb88	동력용전동기설치공사	동력용전동기설치공사	PROMOTED_FROM_SOURCE	DRAFT	RISK-04-APPROVE-001	62c2c50e3c0becbe23a686735d1a7e50ed8bce2f3fa23c539d2250b68227c2d7	EMPTY	EMPTY	RISK-04-MATERIALIZE-001
453e891bb834c2046ddc95a54be398c151d6fe553fa496306c2a68cdf63d8d22	0e147c7e-e237-40a5-832d-ca92f3da69ba	TASK	d5c23a14c706351d68257016184208bec83a12432c027c0b54da81f6eb73c85e	80558c18-8f48-44cc-bc82-270cb0571b63	테라조구조물밑면붙이기	테라조구조물밑면붙이기	PROMOTED_FROM_SOURCE	DRAFT	RISK-04-APPROVE-001	62c2c50e3c0becbe23a686735d1a7e50ed8bce2f3fa23c539d2250b68227c2d7	EMPTY	EMPTY	RISK-04-MATERIALIZE-001
4550c015794f93c550fc4a407b3d0537ebd3fde8130246cd5dfb9e0da0674984	2014a58c-18ab-4f55-beb4-1884d9261052	PROCESS	EMPTY	EMPTY	에너지저장및관련수송설비공사	에너지저장및관련수송설비공사	PROMOTED_FROM_SOURCE	DRAFT	RISK-04-APPROVE-001	62c2c50e3c0becbe23a686735d1a7e50ed8bce2f3fa23c539d2250b68227c2d7	EMPTY	EMPTY	RISK-04-MATERIALIZE-001
458ad2107d6228893a555ba0f42f11a3c44b41d01319d0cbc37284b307d59ce8	4b698a01-497b-45c6-ae08-76be05c9d604	PROCESS	934cec93edfa5eb83d4262be5e58f58cc6b9cdf02f1d610a2168f31c04864b63	afcecca7-c90d-471d-a18b-670fa2563fa5	터널라이닝	터널라이닝	PROMOTED_FROM_SOURCE	DRAFT	RISK-04-APPROVE-001	62c2c50e3c0becbe23a686735d1a7e50ed8bce2f3fa23c539d2250b68227c2d7	EMPTY	EMPTY	RISK-04-MATERIALIZE-001
45d871c4f15994b8a60ab19b03d1f2f6af0793ba52cb600437fcb983e814958b	fcfefcab-8631-45fd-85b7-cd29d3e9ff6f	PROCESS	567b3bdd26473d2aae0c8a6f35251397f2c7b90f08b1c3c7a83c11d6643eef99	23b14570-1e3d-4ce6-8e2e-55d4958d772b	목조부속목공사	목조부속목공사	PROMOTED_FROM_SOURCE	DRAFT	RISK-04-APPROVE-001	62c2c50e3c0becbe23a686735d1a7e50ed8bce2f3fa23c539d2250b68227c2d7	EMPTY	EMPTY	RISK-04-MATERIALIZE-001
45e2c85dde6e446d90d9535c1f4348115cddb9a179ecc4b21c35d7a1ab89be0a	c40ce204-ca58-4fa7-9ba2-0a3e0eb8ec09	TASK	5bcae9cb8499930f2ebec6571a6abee97f5c1edb83c08b1e02ee349d5a820beb	733169a7-62d4-4547-8ee3-bdc46867713a	계단디딤판(트레드)타일붙이기	계단디딤판(트레드)타일붙이기	PROMOTED_FROM_SOURCE	DRAFT	RISK-04-APPROVE-001	62c2c50e3c0becbe23a686735d1a7e50ed8bce2f3fa23c539d2250b68227c2d7	EMPTY	EMPTY	RISK-04-MATERIALIZE-001
461c84c2f43c53fe19dec05a93e153ee82787a7fc40f56fe2a04dff93f12f68b	d951eca8-bd00-4144-a9af-d16bd382d0d8	TASK	a2f1fe44215ea3bc676bd103630f70b6070914b6a2cf6fa10ee0443fc08d25dd	1b598b23-9ab8-4973-ad1a-4b87bfa67ea0	뿜칠형외벽단열	뿜칠형외벽단열	PROMOTED_FROM_SOURCE	DRAFT	RISK-04-APPROVE-001	62c2c50e3c0becbe23a686735d1a7e50ed8bce2f3fa23c539d2250b68227c2d7	EMPTY	EMPTY	RISK-04-MATERIALIZE-001
465a4ce30c7c27ce67160f99fd7ea254cda54b284306f898c967d57493698baa	184d5aae-718b-44c7-9ba8-631a84c316e3	TASK	01cf3373ebf183d4037b67bddd2d8679dcd717e985022494af1f6c6742756512	f17b6a9e-331e-42d3-85cb-f8bba038414c	프리케스트도상설치	프리케스트도상설치	PROMOTED_FROM_SOURCE	DRAFT	RISK-04-APPROVE-001	62c2c50e3c0becbe23a686735d1a7e50ed8bce2f3fa23c539d2250b68227c2d7	EMPTY	EMPTY	RISK-04-MATERIALIZE-001
46e0a52671a5d615f3aec95f831a55abd6286bf741805749876b63aa879d0e11	34d55509-74db-47b7-8ff1-d95c8670a4ae	TASK	e36382f0d8f225fe74d5e7a526053c2fb280393d66819903c899d1baaecfd9c3	26425132-352f-4b1a-85e2-88ef090df5cc	토질오염방지	토질오염방지	PROMOTED_FROM_SOURCE	DRAFT	RISK-04-APPROVE-001	62c2c50e3c0becbe23a686735d1a7e50ed8bce2f3fa23c539d2250b68227c2d7	EMPTY	EMPTY	RISK-04-MATERIALIZE-001
47101e3491ef780325de306ffec0253321bfcc93880a0582cd81f57f33ef5c5c	f89459d2-bd69-492f-9d4b-52e4a3126614	PROCESS	fce048a6ba4d60e4520ac1f54189361e1b473e1bab9f15c88000e42fa44abe0c	7883246b-2742-4708-9868-5b5be29afbe5	건축관리시험(단열 방수 지붕)	건축관리시험(단열 방수 지붕)	PROMOTED_FROM_SOURCE	DRAFT	RISK-04-APPROVE-001	62c2c50e3c0becbe23a686735d1a7e50ed8bce2f3fa23c539d2250b68227c2d7	EMPTY	EMPTY	RISK-04-MATERIALIZE-001
47103524b3411b065336d8b8883c7c8d19943b12efeb53d995130a53cd04c54c	b2a15d86-992d-497c-ab53-37b57aa663ca	PROCESS	9064599e4c516b9459a0dde55a7cd5c7ca9acff7a534ff825f9a435ccca26d89	703804cc-8ce0-4eb2-95f0-62f7121dce30	전기 통신설비공통시설유지정비공사	전기 통신설비공통시설유지정비공사	PROMOTED_FROM_SOURCE	DRAFT	RISK-04-APPROVE-001	62c2c50e3c0becbe23a686735d1a7e50ed8bce2f3fa23c539d2250b68227c2d7	EMPTY	EMPTY	RISK-04-MATERIALIZE-001
478736d51d40e0e8c95d0abff1e832a22ddd9fd9834f437ff8fb09afc6a4ce08	97ea29b5-ebcd-497f-be4b-638493a7c394	TASK	6687836107bb3e7d0a4cdc3c83aedda7d8ac7eaa5618bd2b1bbe34550fe9c44a	877ee6f7-1b8a-4804-9865-ef3a65ac01d6	일반PC보조립	일반PC보조립	PROMOTED_FROM_SOURCE	DRAFT	RISK-04-APPROVE-001	62c2c50e3c0becbe23a686735d1a7e50ed8bce2f3fa23c539d2250b68227c2d7	EMPTY	EMPTY	RISK-04-MATERIALIZE-001
47b8c92dbad812d2803d14e12ca54cfaf39daf3c02ab663c06fd4e614163332f	f0482ce2-917d-4304-8a73-7bc49997e105	TASK	1c9173573f2f0541138461293746faab63d48eb4018852a282872a0707ba58b1	fc10356e-8340-408d-b01e-9fa1a04457e2	지하수측정	지하수측정	PROMOTED_FROM_SOURCE	DRAFT	RISK-04-APPROVE-001	62c2c50e3c0becbe23a686735d1a7e50ed8bce2f3fa23c539d2250b68227c2d7	EMPTY	EMPTY	RISK-04-MATERIALIZE-001
47de21d638c3c0d55e1fa9ee70f4839ba86f53c8c933ba0588dfe7c7711cbbb0	7ddbc537-f1dc-4dc7-9dee-cd9034188ef3	PROCESS	97ae6dbb7b94a38810c359dc83a9e0600e88c972c2fb79369582072e6c0829ec	206135d7-4ac9-49e1-916b-0d3224e75a56	접지설비공사	접지설비공사	PROMOTED_FROM_SOURCE	DRAFT	RISK-04-APPROVE-001	62c2c50e3c0becbe23a686735d1a7e50ed8bce2f3fa23c539d2250b68227c2d7	EMPTY	EMPTY	RISK-04-MATERIALIZE-001
47f173aad97a53bc6e49eaca72a991d1061a86d1900e11a2c4233392dd438ef2	3cfea292-3d08-4948-bfd7-0f51b3b523c8	TASK	3dec0cc1494076cb9d335b9cc42b3ad01a969cf781da5dd7b1855c9ccb43c9b0	34bee63b-6983-4524-83df-48e3a1012319	금속타일외벽붙이기	금속타일외벽붙이기	PROMOTED_FROM_SOURCE	DRAFT	RISK-04-APPROVE-001	62c2c50e3c0becbe23a686735d1a7e50ed8bce2f3fa23c539d2250b68227c2d7	EMPTY	EMPTY	RISK-04-MATERIALIZE-001
47ff6e395a92b38a06b4590e3f00fb0b0b261c5c6de4b081d24ada215edc68c1	a19891a0-5fff-43ea-a12f-fa0fb311068a	TASK	1cf07cdcbd1df01844dc417dfc25899e9f8855c743ffeaa8b82fd28792f90073	b6103826-0560-4525-9cc9-2b7bf8f0d63b	천연슬래이트(점판암)내벽붙이기	천연슬래이트(점판암)내벽붙이기	PROMOTED_FROM_SOURCE	DRAFT	RISK-04-APPROVE-001	62c2c50e3c0becbe23a686735d1a7e50ed8bce2f3fa23c539d2250b68227c2d7	EMPTY	EMPTY	RISK-04-MATERIALIZE-001
4813cf1b2638756cfc45513b10dd2cb87c0c8de7d9084742aa967a9b48ac9c10	556d6799-5eb8-4626-8991-83953a8056ac	PROCESS	55a316206a26065b1f7a0d6a78216f3a90d5c6f69045a409f735c2a1a4825df8	a18cbef9-0712-4d25-80d2-4d27ccd5860e	이식및식재공사	이식및식재공사	PROMOTED_FROM_SOURCE	DRAFT	RISK-04-APPROVE-001	62c2c50e3c0becbe23a686735d1a7e50ed8bce2f3fa23c539d2250b68227c2d7	EMPTY	EMPTY	RISK-04-MATERIALIZE-001
4831b95cc6323f618b57ca49c27860fe61977dc2bd546d9b6afe80b9d56eb2a1	fae0a7c9-10ee-4f4a-95eb-599bfd8d4710	TASK	3d48573e1d316e06b26b513b3d1b0f6ce573017dffb0fd382f18aa346ee5e727	69f8d873-5093-4204-9150-57d65de28751	현장포말벽체단열	현장포말벽체단열	PROMOTED_FROM_SOURCE	DRAFT	RISK-04-APPROVE-001	62c2c50e3c0becbe23a686735d1a7e50ed8bce2f3fa23c539d2250b68227c2d7	EMPTY	EMPTY	RISK-04-MATERIALIZE-001
485a2f05310e8c8d77500e4846a083c2cf6f90c68020d514facf3b3df997e35f	b092fc22-cb9e-45f8-9506-d82e5c7ef2fb	TASK	a7db859ba01a80480e9d6c27cc5f0ff506c85487aff4a4f0d5cab61d1e121549	4710ef8e-000d-48e1-9448-af1eeda77bc0	법랑피복철판잇기	법랑피복철판잇기	PROMOTED_FROM_SOURCE	DRAFT	RISK-04-APPROVE-001	62c2c50e3c0becbe23a686735d1a7e50ed8bce2f3fa23c539d2250b68227c2d7	EMPTY	EMPTY	RISK-04-MATERIALIZE-001
48db09a5c979dacda0d7439f0c38140596e51093b4defd05e94cad0b4e061a3e	0f6dfbd6-b755-4241-9e27-470e8a4b68e7	TASK	da5a624c501a2655039fba24eaaf4598e3c28c9642b2e2bc8b23d69a8361f5b1	a285976c-d91c-435f-be2b-717d72e6d83f	강관제거	강관제거	PROMOTED_FROM_SOURCE	DRAFT	RISK-04-APPROVE-001	62c2c50e3c0becbe23a686735d1a7e50ed8bce2f3fa23c539d2250b68227c2d7	EMPTY	EMPTY	RISK-04-MATERIALIZE-001
49211b2052bbcd7b5bfbcc655622bc55a5e030d18781279df5248769f2649dc0	73869123-c8b9-487e-ba92-1a6bea143b1d	PROCESS	EMPTY	EMPTY	열원기기설비및공기조화설비공사	열원기기설비및공기조화설비공사	PROMOTED_FROM_SOURCE	DRAFT	RISK-04-APPROVE-001	62c2c50e3c0becbe23a686735d1a7e50ed8bce2f3fa23c539d2250b68227c2d7	EMPTY	EMPTY	RISK-04-MATERIALIZE-001
49c4e35e62f053db17c69cb10cd3c568cf26fe18d5ce579d0e78ce4391f2359e	247db056-4c62-4af7-97b2-e1c6911aeb88	PROCESS	324a6174194830c28313ed55db68d5b1b90bfec20a53637f8cf0bb36595ab486	38fbdf93-33bd-4a36-883a-ce824f7d1638	동력설비공사	동력설비공사	PROMOTED_FROM_SOURCE	DRAFT	RISK-04-APPROVE-001	62c2c50e3c0becbe23a686735d1a7e50ed8bce2f3fa23c539d2250b68227c2d7	EMPTY	EMPTY	RISK-04-MATERIALIZE-001
4a456803b62795c08c75b71cb3eabbd0dca48e7a8d0e7cb0509be3a10b5a699c	b2c92947-03cb-49f8-83d6-8fdc655f37f8	TASK	662a1cd5be3e0e40b809a2385f9b185da542c9cafc8a3f8b26ea47aac1b6e4a7	abcb1e66-9a44-41c9-9baa-8482f9498106	암거제거	암거제거	PROMOTED_FROM_SOURCE	DRAFT	RISK-04-APPROVE-001	62c2c50e3c0becbe23a686735d1a7e50ed8bce2f3fa23c539d2250b68227c2d7	EMPTY	EMPTY	RISK-04-MATERIALIZE-001
4a6cae8b65bedc11b1616a7a667a747d748907580ba113761f735b55675f5ece	fd590839-06c9-46fb-938a-c81d45fde853	TASK	13ef25655bb8802c9f2248fa72aa1339b99db5cd94f16bd2ae8d59f8ac83db00	25e2cf2e-83c2-4ecc-a6c0-e313f101102a	배관철거 해체	배관철거 해체	MERGED_FROM_REVIEWED_SOURCES	DRAFT	RISK-04-APPROVE-001	62c2c50e3c0becbe23a686735d1a7e50ed8bce2f3fa23c539d2250b68227c2d7	EMPTY	EMPTY	RISK-04-MATERIALIZE-001
4ade02dde07e88793dce836ce025a681d9abd5e0d927bff573c47c8f3315ce3b	135ee736-28f6-41b9-b543-ae627f1fae2b	TASK	294be0cddd210ecb366785ba23653eed710ce8bfdaab96fc91880fdbb174b748	df822a06-8422-4944-801d-5d29ada48bb3	모르터방수	모르터방수	PROMOTED_FROM_SOURCE	DRAFT	RISK-04-APPROVE-001	62c2c50e3c0becbe23a686735d1a7e50ed8bce2f3fa23c539d2250b68227c2d7	EMPTY	EMPTY	RISK-04-MATERIALIZE-001
4b6a2802c89ff7b346f07b033e2fc3b57797aa5b98d7c502e8e79251157183e4	91fa03a0-b6ad-4324-b478-8e0da77f41cf	TASK	9da860796603be35e2aeeba9341b671f5a94575985fb3e6b38b38ad6ccda9580	204fd2b5-6d67-42c3-aeda-94977217033f	뿜칠형슬래브하부단열	뿜칠형슬래브하부단열	PROMOTED_FROM_SOURCE	DRAFT	RISK-04-APPROVE-001	62c2c50e3c0becbe23a686735d1a7e50ed8bce2f3fa23c539d2250b68227c2d7	EMPTY	EMPTY	RISK-04-MATERIALIZE-001
4be382a3518741bfb5e0d653502fbd40cfec07c325cf0e31be43220937570511	1acb551b-8d32-42ca-bd83-49c3cc358450	TASK	1cf07cdcbd1df01844dc417dfc25899e9f8855c743ffeaa8b82fd28792f90073	b6103826-0560-4525-9cc9-2b7bf8f0d63b	화강석내벽붙이기	화강석내벽붙이기	PROMOTED_FROM_SOURCE	DRAFT	RISK-04-APPROVE-001	62c2c50e3c0becbe23a686735d1a7e50ed8bce2f3fa23c539d2250b68227c2d7	EMPTY	EMPTY	RISK-04-MATERIALIZE-001
4bef9522995ae0ac555954d5914cc664a756015549162fb91c751f9c94780d89	e44cae29-ba9f-429b-af29-46a61ae90852	TASK	01cf3373ebf183d4037b67bddd2d8679dcd717e985022494af1f6c6742756512	f17b6a9e-331e-42d3-85cb-f8bba038414c	자갈살포다지기	자갈살포다지기	PROMOTED_FROM_SOURCE	DRAFT	RISK-04-APPROVE-001	62c2c50e3c0becbe23a686735d1a7e50ed8bce2f3fa23c539d2250b68227c2d7	EMPTY	EMPTY	RISK-04-MATERIALIZE-001
4c0470126a9445cbdda91a0dac821501c19ac277724bd2a0f8b01a89f2c765c3	8f38d71d-77e4-4e2e-804f-fe8b519953ba	TASK	3f612031c05b9c0b8ba03255f00c29f63216aab4035a4a662dab66c1ba3616ba	83af0eaa-fc44-43e9-8d32-04cceb71d6f3	수심측량	수심측량	PROMOTED_FROM_SOURCE	DRAFT	RISK-04-APPROVE-001	62c2c50e3c0becbe23a686735d1a7e50ed8bce2f3fa23c539d2250b68227c2d7	EMPTY	EMPTY	RISK-04-MATERIALIZE-001
4c3bd67daf652eb29274f81c1603cc9b9fab83645d5c9bbc0d2f2a1e1cd4556d	7564ea67-d660-4536-82fd-fe2bf079488d	TASK	df10084ef3420d232661a9ae119d90168b42921a54c7076b7b197b6c5485e5f7	ac5f0489-f020-4af4-ac02-accc18d43cbf	하수도배관검사	하수도배관검사	PROMOTED_FROM_SOURCE	DRAFT	RISK-04-APPROVE-001	62c2c50e3c0becbe23a686735d1a7e50ed8bce2f3fa23c539d2250b68227c2d7	EMPTY	EMPTY	RISK-04-MATERIALIZE-001
4caa324123bb086dfebe66bf8386e84c039b8174a32c9b78c2d4139fe72411b4	81d1201a-951d-479f-9ebb-5d128257f652	PROCESS	237ebf08eb25d06542020e6009e6b0a318bbfff75403f46e393fdf07a077f060	cbf9736a-49e5-4971-bfef-05ac83b61b42	강관주열흙막이	강관주열흙막이	PROMOTED_FROM_SOURCE	DRAFT	RISK-04-APPROVE-001	62c2c50e3c0becbe23a686735d1a7e50ed8bce2f3fa23c539d2250b68227c2d7	EMPTY	EMPTY	RISK-04-MATERIALIZE-001
4d79d74207174f4387cf743541280fcd3fd1bddbeeb78a3b54891618259651d3	abdcb02a-6114-4ef2-aa3e-0b634d0a4d9d	PROCESS	EMPTY	EMPTY	말뚝공사	말뚝공사	PROMOTED_FROM_SOURCE	DRAFT	RISK-04-APPROVE-001	62c2c50e3c0becbe23a686735d1a7e50ed8bce2f3fa23c539d2250b68227c2d7	EMPTY	EMPTY	RISK-04-MATERIALIZE-001
4d95af2dd5bec935f9d97c990b679e428ec9f123df3e4eef765cf5109b0c75df	36e046ac-a36c-4555-b642-7c604555f379	PROCESS	87b16db6c82b01f971ea80213fd300e26dc80926320731a8d04ba7f460eefbb8	0219c299-f031-467e-b29e-53510bc94b4c	치환	치환	PROMOTED_FROM_SOURCE	DRAFT	RISK-04-APPROVE-001	62c2c50e3c0becbe23a686735d1a7e50ed8bce2f3fa23c539d2250b68227c2d7	EMPTY	EMPTY	RISK-04-MATERIALIZE-001
4d9e8f9fa87bd378789d8cf760fcc530d324b31228a4807c8d19549ba282a0af	365b740b-5b5b-429a-8e6e-d02c53977eda	PROCESS	EMPTY	EMPTY	서비스설비공사	서비스설비공사	PROMOTED_FROM_SOURCE	DRAFT	RISK-04-APPROVE-001	62c2c50e3c0becbe23a686735d1a7e50ed8bce2f3fa23c539d2250b68227c2d7	EMPTY	EMPTY	RISK-04-MATERIALIZE-001
4e1f9bd734c4d3d6095f9777c8036d219c1307f869096d494149bdce94be3764	f9466a05-b8d4-4a05-808b-4beeb0fd2101	TASK	35e837c8c67c91eccbccf3c7b34a3aac68e17f34a15595aa80e4f538f6d6b179	b1e5dbad-5462-4f82-b31b-f7c9bbf44a6c	점자타일붙이기	점자타일붙이기	PROMOTED_FROM_SOURCE	DRAFT	RISK-04-APPROVE-001	62c2c50e3c0becbe23a686735d1a7e50ed8bce2f3fa23c539d2250b68227c2d7	EMPTY	EMPTY	RISK-04-MATERIALIZE-001
4e30fc865ae735a08bbbfa4dca7a6476f05a9c5d7552126018f52dab91042f06	1d4875ab-21d4-43de-9e01-761d3b096d61	PROCESS	9c5ed92f0b6f15f5b0dceaf25284cf66346459c05db587f345dda042884fb693	363117e3-bba6-4adc-8f4f-e36f8526ea52	교대및교각보호공사	교대및교각보호공사	PROMOTED_FROM_SOURCE	DRAFT	RISK-04-APPROVE-001	62c2c50e3c0becbe23a686735d1a7e50ed8bce2f3fa23c539d2250b68227c2d7	EMPTY	EMPTY	RISK-04-MATERIALIZE-001
4e9686090013c69a8a71ca0d50f5ff01af2dd56c7a442e272dd24cb0eaf94525	545a5282-2c94-471a-9ed3-bd7fccfc6787	TASK	869d9f89089f464d0e892d12e31f0a5a40cac8a69d3a0568757aeb3fd3c29ec9	35971f29-8d83-432e-b5d9-dea20b607c61	설치지장물제거	설치지장물제거	PROMOTED_FROM_SOURCE	DRAFT	RISK-04-APPROVE-001	62c2c50e3c0becbe23a686735d1a7e50ed8bce2f3fa23c539d2250b68227c2d7	EMPTY	EMPTY	RISK-04-MATERIALIZE-001
4e9f51f3fd7b769c2791495d1f1b9c265aae50ebfd9b385d4532d125836c849a	f88cc1a8-e0d1-45ae-bc3f-aaffe484b99e	PROCESS	f9ca32ca030b7a7fdf1e1d0d815a9a452344402b5b9c2c6900d619510def900a	0ff5876a-fb3f-4283-949b-cad5d0278b91	자동화재속보설비공사	자동화재속보설비공사	PROMOTED_FROM_SOURCE	DRAFT	RISK-04-APPROVE-001	62c2c50e3c0becbe23a686735d1a7e50ed8bce2f3fa23c539d2250b68227c2d7	EMPTY	EMPTY	RISK-04-MATERIALIZE-001
4ec4c1db1aa96205b1bab2ccd42eb2f8e88a45efd6a034c86676972d0834034d	46d59aac-0786-4500-a7ac-257e93c55745	PROCESS	1b01f7e3cd4bfbdcf610554066aa88036ab7be729aa908b66f0ec7936195732d	b07d3c54-238b-4c4a-95b2-5aaabf182076	흙깍기(절토)	흙깍기(절토)	PROMOTED_FROM_SOURCE	DRAFT	RISK-04-APPROVE-001	62c2c50e3c0becbe23a686735d1a7e50ed8bce2f3fa23c539d2250b68227c2d7	EMPTY	EMPTY	RISK-04-MATERIALIZE-001
4ee07139a07b17938cca1a523190d0c6cc64256c511ab2742fe0155ead6f2eaf	0ee3ee3a-4734-4f1a-af67-73c160e875c0	PROCESS	934cec93edfa5eb83d4262be5e58f58cc6b9cdf02f1d610a2168f31c04864b63	afcecca7-c90d-471d-a18b-670fa2563fa5	터널방수및배수	터널방수및배수	PROMOTED_FROM_SOURCE	DRAFT	RISK-04-APPROVE-001	62c2c50e3c0becbe23a686735d1a7e50ed8bce2f3fa23c539d2250b68227c2d7	EMPTY	EMPTY	RISK-04-MATERIALIZE-001
4f2e093b95fb979b6e7fe6f6e15610c29313de754e86cf0d7afde24ec2151dee	3b8c0252-1275-4fa7-b549-5954d2a2d5c6	PROCESS	b15cd2beb1d4901b6d710f491abe2a583003fdfe5fe6d98842ce0257c9159552	e8c65574-5c31-4438-a942-c83aa6091b76	토목배관부설	토목배관부설	PROMOTED_FROM_SOURCE	DRAFT	RISK-04-APPROVE-001	62c2c50e3c0becbe23a686735d1a7e50ed8bce2f3fa23c539d2250b68227c2d7	EMPTY	EMPTY	RISK-04-MATERIALIZE-001
4fe33214fdf94a684ad64d5c4691664580af7cadc51077616eeb9d1d436ad736	ce98fe54-9dd9-42df-a7fc-59bf1c92b4b3	PROCESS	ea3245b5faef0b7303958cb6edf84282597a4097f744cdd21ca50331f45cf375	4056c15b-3a34-423f-b225-e2edfb91c15d	에스컬레이터설비공사	에스컬레이터설비공사	PROMOTED_FROM_SOURCE	DRAFT	RISK-04-APPROVE-001	62c2c50e3c0becbe23a686735d1a7e50ed8bce2f3fa23c539d2250b68227c2d7	EMPTY	EMPTY	RISK-04-MATERIALIZE-001
504b67546ee2290a5042e54702834656b5428763e2f11f674df9a1ba16f1f6f4	ea385556-01e4-4f7f-b9bf-647a78935d14	TASK	cc03b5f255e4c76a4d9018d5b36c052591b7677fe406b8c343fb8873feb99bf7	0b5224ee-1c0d-41eb-8367-a80e2762d7bf	창대석붙이기	창대석붙이기	PROMOTED_FROM_SOURCE	DRAFT	RISK-04-APPROVE-001	62c2c50e3c0becbe23a686735d1a7e50ed8bce2f3fa23c539d2250b68227c2d7	EMPTY	EMPTY	RISK-04-MATERIALIZE-001
5056e74d2d7df1d5335def453ed935015a3527d2f91d49ad495b4d9ce92c8ae2	5ad36109-48d4-41d5-9d69-d0404c627892	TASK	5f218950ff1076983ffa9bbe897bf1263bf0ee1116c3397b2516753c0c1ce541	55947deb-7b2c-422e-b07a-2492c8dd55c2	뿜칠형지붕 바닥단열	뿜칠형지붕 바닥단열	PROMOTED_FROM_SOURCE	DRAFT	RISK-04-APPROVE-001	62c2c50e3c0becbe23a686735d1a7e50ed8bce2f3fa23c539d2250b68227c2d7	EMPTY	EMPTY	RISK-04-MATERIALIZE-001
505cc70a8518eeb5971a651d8e9ada22c9cf8c4cde874b23f1aa2a5c500f0e3e	b365812a-d0f2-479c-bf32-e969211fc91c	PROCESS	58e88af9a290fbf1488f9595f8420103f1fa3868a286f2c3d3d731c980d831ca	6fd8d8a8-6eaa-48fc-baaa-437318b8d0bc	특수콘크리트공사	특수콘크리트공사	PROMOTED_FROM_SOURCE	DRAFT	RISK-04-APPROVE-001	62c2c50e3c0becbe23a686735d1a7e50ed8bce2f3fa23c539d2250b68227c2d7	EMPTY	EMPTY	RISK-04-MATERIALIZE-001
50949edff7e5c344cab4f345656179bdb1dfbb3952ffca5bbcc375a45b473136	56b14de8-6d7f-4406-8997-826d21de7abc	TASK	b266a326ad7e5eba11caadfe51d101ee205be6a4e31ad787d39ada491eb41c00	03597104-73d5-4f11-bee7-2c3162f7270c	석재타일내벽붙이기	석재타일내벽붙이기	PROMOTED_FROM_SOURCE	DRAFT	RISK-04-APPROVE-001	62c2c50e3c0becbe23a686735d1a7e50ed8bce2f3fa23c539d2250b68227c2d7	EMPTY	EMPTY	RISK-04-MATERIALIZE-001
50a3e188e5d23e4a7a5e5e4549b086891eac713b43c952e8dadc6550d4babfac	655d9f19-f87e-4baf-9f6e-20946f7d0f10	PROCESS	f2845fdbbbc2e76f294d13974254c644ee77c981dbcbc46800ac4544c0b58d13	09923e6e-8fc7-4e1f-ae2c-14c970328a7b	고층빌딩전기설비공사	고층빌딩전기설비공사	PROMOTED_FROM_SOURCE	DRAFT	RISK-04-APPROVE-001	62c2c50e3c0becbe23a686735d1a7e50ed8bce2f3fa23c539d2250b68227c2d7	EMPTY	EMPTY	RISK-04-MATERIALIZE-001
5113556f199d02ca610e5aae37cdb7822e87a0586831b51b4ba1f2ef6d1f2193	cc808536-8587-4938-b905-be60d47111f5	TASK	7f2507b6c1ad8ac7ec8b5b9dbca5f54652d7153248d333c7935cd92b181353d5	fa8cfc12-4cef-4715-9d5e-68472a822b8b	수장마감부속재설치	수장마감부속재설치	PROMOTED_FROM_SOURCE	DRAFT	RISK-04-APPROVE-001	62c2c50e3c0becbe23a686735d1a7e50ed8bce2f3fa23c539d2250b68227c2d7	EMPTY	EMPTY	RISK-04-MATERIALIZE-001
512d3906fcf9a0079a12b908c439663d6703b7d06a660b8da1218d18275559b2	97039c1e-22ec-4098-81c7-224d18d8738a	TASK	b15cd2beb1d4901b6d710f491abe2a583003fdfe5fe6d98842ce0257c9159552	e8c65574-5c31-4438-a942-c83aa6091b76	여과설비설치	여과설비설치	PROMOTED_FROM_SOURCE	DRAFT	RISK-04-APPROVE-001	62c2c50e3c0becbe23a686735d1a7e50ed8bce2f3fa23c539d2250b68227c2d7	EMPTY	EMPTY	RISK-04-MATERIALIZE-001
51385783f046c24afb343e4ab28aa3a46cd8e6741f5061df2b224abf55d2fb15	3ae990fd-0a05-4448-b74d-827b9c369e9e	TASK	9ed800b6570d39ac38f5b3202f23981e90d8eb5f37d7e7a332ddcaf782dffd65	2e8138ce-e3ca-439b-8e9c-de616f5e6dec	침목및체결보선	침목및체결보선	PROMOTED_FROM_SOURCE	DRAFT	RISK-04-APPROVE-001	62c2c50e3c0becbe23a686735d1a7e50ed8bce2f3fa23c539d2250b68227c2d7	EMPTY	EMPTY	RISK-04-MATERIALIZE-001
5144855117b54aecb13345144973321b45b349de7448cab8cec7ccaada5f525d	dc899bdd-c64b-4c1a-8bd7-6887e85296ef	TASK	5f218950ff1076983ffa9bbe897bf1263bf0ee1116c3397b2516753c0c1ce541	55947deb-7b2c-422e-b07a-2492c8dd55c2	시트지붕 바닥단열	시트지붕 바닥단열	PROMOTED_FROM_SOURCE	DRAFT	RISK-04-APPROVE-001	62c2c50e3c0becbe23a686735d1a7e50ed8bce2f3fa23c539d2250b68227c2d7	EMPTY	EMPTY	RISK-04-MATERIALIZE-001
5170dbd24d1e51201637da9b057af2dd43f3249737ed0e78bf090bcaa448c898	578fa119-5495-4a62-96e7-8d295af12908	PROCESS	56d3df21fd0a64158b82a8652376ab6c7bd18c6309db04b5d442b6587afcf395	5bcf0b15-5ee3-4f38-b5e4-d671d7d24197	기계설비시험 시운전공사	기계설비시험 시운전공사	MERGED_FROM_REVIEWED_SOURCES	DRAFT	RISK-04-APPROVE-001	62c2c50e3c0becbe23a686735d1a7e50ed8bce2f3fa23c539d2250b68227c2d7	EMPTY	EMPTY	RISK-04-MATERIALIZE-001
518bb5b8ca436f24e400d92adb94fcae1f852d66615210225f9542647b161ffe	fda670b5-8411-44bf-90fe-0890b2cf927f	PROCESS	57ce72345c7534cc17240b425a13aa08492c7fbb87f75b086f916c4711922857	e56c70dc-3bb0-4494-bb85-47ca56991415	항만부속설비공사	항만부속설비공사	PROMOTED_FROM_SOURCE	DRAFT	RISK-04-APPROVE-001	62c2c50e3c0becbe23a686735d1a7e50ed8bce2f3fa23c539d2250b68227c2d7	EMPTY	EMPTY	RISK-04-MATERIALIZE-001
51c57e9074b608f0e6cc6dd8fca7ba40fe3f5a791447ca3f590bcbeb8d78402e	ebde9eb8-cb0c-4286-9b69-4ded6d031c6d	TASK	172b5d183961638c11d2ddd68aa2bcca8a5c37d208160fa56f3af8dddb96cf41	1c3217dc-73b3-45fd-9119-13508993a96d	석고보드 종이면바탕처리	석고보드 종이면바탕처리	PROMOTED_FROM_SOURCE	DRAFT	RISK-04-APPROVE-001	62c2c50e3c0becbe23a686735d1a7e50ed8bce2f3fa23c539d2250b68227c2d7	EMPTY	EMPTY	RISK-04-MATERIALIZE-001
51c72e9981027165e51fba7ce878755d31e7c768d3c76e927e14cb9be8d28276	1d62da9a-97a3-406c-97ed-f387fc3f52e4	TASK	60fe27c8f7fc32987291d31f6ae512b1cf6b3ea890f0e152632397ee41c76a28	08d5a2b9-552f-4b3b-a159-9a0212fdd90f	헤더설치공사	헤더설치공사	PROMOTED_FROM_SOURCE	DRAFT	RISK-04-APPROVE-001	62c2c50e3c0becbe23a686735d1a7e50ed8bce2f3fa23c539d2250b68227c2d7	EMPTY	EMPTY	RISK-04-MATERIALIZE-001
51eac0e33b791db42cede4366d9f9c5281e9a7e2581ea52906ed204a985bae0f	74f6a0ad-2a98-4e14-b316-a007aeddbc8a	PROCESS	53280542142b59179d383425dc3c0376e294312c5bfdef8b3af6e6aaa6dee067	b40bcb7f-32a0-4f2e-bb21-4eaf050a7fb7	양수발전플랜트설비공사	양수발전플랜트설비공사	PROMOTED_FROM_SOURCE	DRAFT	RISK-04-APPROVE-001	62c2c50e3c0becbe23a686735d1a7e50ed8bce2f3fa23c539d2250b68227c2d7	EMPTY	EMPTY	RISK-04-MATERIALIZE-001
521142305ebc8c275340a2013855ee698c97538effc2139a8a75150b67ef470d	d99b67ac-2747-4703-9bba-e1a6f90ed0fd	TASK	4ec4c1db1aa96205b1bab2ccd42eb2f8e88a45efd6a034c86676972d0834034d	46d59aac-0786-4500-a7ac-257e93c55745	인위적경화물질흙깍기	인위적경화물질흙깍기	PROMOTED_FROM_SOURCE	DRAFT	RISK-04-APPROVE-001	62c2c50e3c0becbe23a686735d1a7e50ed8bce2f3fa23c539d2250b68227c2d7	EMPTY	EMPTY	RISK-04-MATERIALIZE-001
52570054d9b57108cbe050c6213d7fb187f3001287923162fda8455413123b36	00629e84-90c9-44a0-869b-bad577162cee	TASK	9d7bad7d3377b0051c155133999851cda03afb637f6fc506662aa14608b8fd72	23c12507-241e-4e79-a855-4ab96b1ce94d	강재제작설치 조립공사	강재제작설치 조립공사	PROMOTED_FROM_SOURCE	DRAFT	RISK-04-APPROVE-001	62c2c50e3c0becbe23a686735d1a7e50ed8bce2f3fa23c539d2250b68227c2d7	EMPTY	EMPTY	RISK-04-MATERIALIZE-001
528de8efb0840c315f168b4ffea153ef7887ca9961642a62b55df059af47d1aa	f49f59a7-4e31-416a-ac53-808f04de3787	PROCESS	7a665c11748c42341077fd9afd02a35c4c5393995913074b384079703b592772	89c9da77-092d-400f-b40b-ae6c86aaad97	전기․통신공사관련철물류연관공사	전기․통신공사관련철물류연관공사	PROMOTED_FROM_SOURCE	DRAFT	RISK-04-APPROVE-001	62c2c50e3c0becbe23a686735d1a7e50ed8bce2f3fa23c539d2250b68227c2d7	EMPTY	EMPTY	RISK-04-MATERIALIZE-001
52b820bb4e210920ded93b0ff65e25256a5280a87f4419971c7a2c7b7698f328	8495a852-9e8a-4f4e-bf91-48a2e847e6d4	PROCESS	3ee299700e719122727bf96e921d69ceac1520282666e4ca2bd8d94bd1edcde2	8e919d1e-95ab-440f-b2bc-f6788edd8ed0	기타배관및관련부속공사	기타배관및관련부속공사	PROMOTED_FROM_SOURCE	DRAFT	RISK-04-APPROVE-001	62c2c50e3c0becbe23a686735d1a7e50ed8bce2f3fa23c539d2250b68227c2d7	EMPTY	EMPTY	RISK-04-MATERIALIZE-001
53280542142b59179d383425dc3c0376e294312c5bfdef8b3af6e6aaa6dee067	b40bcb7f-32a0-4f2e-bb21-4eaf050a7fb7	PROCESS	a1fa7e1fbe536f1c9ab6d4ec21c23d7de63646b1fcb6fef70a8f387763e99bc9	a74700b2-31e4-44f9-bb53-1ab477738d29	기타형식분류별발전설비공사	기타형식분류별발전설비공사	PROMOTED_FROM_SOURCE	DRAFT	RISK-04-APPROVE-001	62c2c50e3c0becbe23a686735d1a7e50ed8bce2f3fa23c539d2250b68227c2d7	EMPTY	EMPTY	RISK-04-MATERIALIZE-001
534a1e029932e65c8b841d1e0b8758b67dacc6df04ab006a8e071ca767250c59	be965f09-464b-4d53-9be4-d72f44d3d1ee	TASK	da93d66161177953a78a151ba958258083bd7ecdc307038e8400e97437c377b4	71232285-0ecb-449e-8505-f1007ff645ea	철근가공및조립	철근가공및조립	PROMOTED_FROM_SOURCE	DRAFT	RISK-04-APPROVE-001	62c2c50e3c0becbe23a686735d1a7e50ed8bce2f3fa23c539d2250b68227c2d7	EMPTY	EMPTY	RISK-04-MATERIALIZE-001
53dd3cd0b4663f1e0bf4e6a333f44c21d7502d90b94cce5a2df8b855be49295e	c1bdd0f1-324a-4c6e-bcca-a5b7f4e5b62c	PROCESS	f9ca32ca030b7a7fdf1e1d0d815a9a452344402b5b9c2c6900d619510def900a	0ff5876a-fb3f-4283-949b-cad5d0278b91	자동화재경보기설비공사	자동화재경보기설비공사	PROMOTED_FROM_SOURCE	DRAFT	RISK-04-APPROVE-001	62c2c50e3c0becbe23a686735d1a7e50ed8bce2f3fa23c539d2250b68227c2d7	EMPTY	EMPTY	RISK-04-MATERIALIZE-001
53e723e6c98f5a77418ccc836150e94446eed260eb4fec012b2a3548f06e8622	8447fda7-662f-4ca5-931d-2263214035b1	PROCESS	e9d5097280eead87de1f8ee9e24cd53c94b90fa52276ada446bf13467c8c8f72	7781f1c8-c06d-4cbf-9fa0-389a6b427172	투수콘크리트포장	투수콘크리트포장	PROMOTED_FROM_SOURCE	DRAFT	RISK-04-APPROVE-001	62c2c50e3c0becbe23a686735d1a7e50ed8bce2f3fa23c539d2250b68227c2d7	EMPTY	EMPTY	RISK-04-MATERIALIZE-001
547f6c3944eefedd97dfa5c18e9128c819c354b470395ca0ff4d247283db372d	2ccfbd4e-dd01-4740-95cd-296808302bcc	TASK	f8f8f8c0ded720ede952c131be6396329a82ad7f1995efa930cff437b5ed9ffa	51606bb5-d9c3-411f-8e33-3cb20fc8f923	회반죽미장	회반죽미장	PROMOTED_FROM_SOURCE	DRAFT	RISK-04-APPROVE-001	62c2c50e3c0becbe23a686735d1a7e50ed8bce2f3fa23c539d2250b68227c2d7	EMPTY	EMPTY	RISK-04-MATERIALIZE-001
54a409ed1dd1aefabc6074c6c2cb02458343cde643c364ffebf9743bd4e84b50	98c99d85-880c-4c03-9524-b20a8556e426	TASK	5de714bb17d80b291c3d7e7d3da321d729f8771914677c30ae25f4e14aa01e91	525fab4f-8a50-492c-851c-f6f5a15be109	유리질타일밑면붙이기	유리질타일밑면붙이기	PROMOTED_FROM_SOURCE	DRAFT	RISK-04-APPROVE-001	62c2c50e3c0becbe23a686735d1a7e50ed8bce2f3fa23c539d2250b68227c2d7	EMPTY	EMPTY	RISK-04-MATERIALIZE-001
54c4aa958e1db450b05ba644da0a690483728a983c8448869caebffce3f85e65	55522a2a-9ebd-4dc1-bc67-8ec7cdae2b6a	TASK	57842b6f62bcef11aa5623a54959143ed3d51e2d42f9c3a51e9c6a302a16ff19	addfaf62-3805-4680-9941-6e299eeed209	천정지바르기	천정지바르기	PROMOTED_FROM_SOURCE	DRAFT	RISK-04-APPROVE-001	62c2c50e3c0becbe23a686735d1a7e50ed8bce2f3fa23c539d2250b68227c2d7	EMPTY	EMPTY	RISK-04-MATERIALIZE-001
54ee11f0f90aca0d4c8c52a6baa3cf19b78610c21edf272b68390f7468c2747b	129ad2c3-e7b7-43f4-abb5-cda5f2be067a	PROCESS	094c2a06438b38402ce06ad7013f0d454002110bdbcbf8e2401b3ec4dc941191	218a19dd-a075-456a-8c08-cc1df02d3d95	살수관련공사	살수관련공사	PROMOTED_FROM_SOURCE	DRAFT	RISK-04-APPROVE-001	62c2c50e3c0becbe23a686735d1a7e50ed8bce2f3fa23c539d2250b68227c2d7	EMPTY	EMPTY	RISK-04-MATERIALIZE-001
5552bd502aa87b0c466bc7c9dce75c87ce2b8e4950886a8dc0047a834cb89ec7	daf7a4ad-f737-4528-8982-7d1bdfd9c027	TASK	b89cb358fa0de6d14fa48f2e5f6c311913a998339bb04892f742920b147be884	5af253ad-9573-4ec2-bcfa-8e082eefe8d2	흙깍기․잔토처리	흙깍기․잔토처리	PROMOTED_FROM_SOURCE	DRAFT	RISK-04-APPROVE-001	62c2c50e3c0becbe23a686735d1a7e50ed8bce2f3fa23c539d2250b68227c2d7	EMPTY	EMPTY	RISK-04-MATERIALIZE-001
55a316206a26065b1f7a0d6a78216f3a90d5c6f69045a409f735c2a1a4825df8	a18cbef9-0712-4d25-80d2-4d27ccd5860e	PROCESS	EMPTY	EMPTY	조경공사	조경공사	PROMOTED_FROM_SOURCE	DRAFT	RISK-04-APPROVE-001	62c2c50e3c0becbe23a686735d1a7e50ed8bce2f3fa23c539d2250b68227c2d7	EMPTY	EMPTY	RISK-04-MATERIALIZE-001
5645849c5443d6c6c34e62c6122bc6dac63d605d29e650d49cd811e88c9d65c1	d14b464d-2ee3-4f1e-961f-77a7db2c4d6e	PROCESS	99be967a570fd4905646ea972fb33880e6f79c78e313678e9ef7f1cb73d2fa4a	e401ae90-0727-4bb6-86f1-d12f8fc286b1	강재널말뚝흙막이(H-Beam및토류판)	강재널말뚝흙막이(H-Beam및토류판)	PROMOTED_FROM_SOURCE	DRAFT	RISK-04-APPROVE-001	62c2c50e3c0becbe23a686735d1a7e50ed8bce2f3fa23c539d2250b68227c2d7	EMPTY	EMPTY	RISK-04-MATERIALIZE-001
567b3bdd26473d2aae0c8a6f35251397f2c7b90f08b1c3c7a83c11d6643eef99	23b14570-1e3d-4ce6-8e2e-55d4958d772b	PROCESS	EMPTY	EMPTY	목공사	목공사	PROMOTED_FROM_SOURCE	DRAFT	RISK-04-APPROVE-001	62c2c50e3c0becbe23a686735d1a7e50ed8bce2f3fa23c539d2250b68227c2d7	EMPTY	EMPTY	RISK-04-MATERIALIZE-001
568be7b55676989271c734e894bdcd02232e6d9d58e6c1b95622b559bf859880	e600773e-39f9-4dc9-9a94-512c43fddf2d	PROCESS	a1fa7e1fbe536f1c9ab6d4ec21c23d7de63646b1fcb6fef70a8f387763e99bc9	a74700b2-31e4-44f9-bb53-1ab477738d29	열병합발전소공사	열병합발전소공사	PROMOTED_FROM_SOURCE	DRAFT	RISK-04-APPROVE-001	62c2c50e3c0becbe23a686735d1a7e50ed8bce2f3fa23c539d2250b68227c2d7	EMPTY	EMPTY	RISK-04-MATERIALIZE-001
5699e667839fbb246cb48d93f87db04834968fc595e50f73319e540c94a0d2d9	3ade5995-a8f0-4e97-a31a-3edfc3b1e095	PROCESS	094c2a06438b38402ce06ad7013f0d454002110bdbcbf8e2401b3ec4dc941191	218a19dd-a075-456a-8c08-cc1df02d3d95	방식공사	방식공사	PROMOTED_FROM_SOURCE	DRAFT	RISK-04-APPROVE-001	62c2c50e3c0becbe23a686735d1a7e50ed8bce2f3fa23c539d2250b68227c2d7	EMPTY	EMPTY	RISK-04-MATERIALIZE-001
56d3df21fd0a64158b82a8652376ab6c7bd18c6309db04b5d442b6587afcf395	5bcf0b15-5ee3-4f38-b5e4-d671d7d24197	PROCESS	EMPTY	EMPTY	기계 플랜트 산업설비 전기 통신시험 시운전공사	기계 플랜트 산업설비 전기 통신시험 시운전공사	PROMOTED_FROM_SOURCE	DRAFT	RISK-04-APPROVE-001	62c2c50e3c0becbe23a686735d1a7e50ed8bce2f3fa23c539d2250b68227c2d7	EMPTY	EMPTY	RISK-04-MATERIALIZE-001
571d193a16c84db193b5f282dcdc92dd3a9717d4664c18940b186a5399aa42cb	1d0b5964-b7de-4b95-9e79-0d1d7443e701	PROCESS	EMPTY	EMPTY	궤도및철로공사	궤도및철로공사	PROMOTED_FROM_SOURCE	DRAFT	RISK-04-APPROVE-001	62c2c50e3c0becbe23a686735d1a7e50ed8bce2f3fa23c539d2250b68227c2d7	EMPTY	EMPTY	RISK-04-MATERIALIZE-001
573202b5fe30083bc32c90c076ecd552dc04ec3ac8b1749c34d0902a9540faab	a5e357b8-07cd-4c31-8611-e2da4c4c78bf	PROCESS	0fe12e76efdcd652abd2c3542cb379df486853c054ee66f3acee520b10660e7c	81a226c9-f3e3-4128-acda-e5505db59ff6	제철설비공사	제철설비공사	PROMOTED_FROM_SOURCE	DRAFT	RISK-04-APPROVE-001	62c2c50e3c0becbe23a686735d1a7e50ed8bce2f3fa23c539d2250b68227c2d7	EMPTY	EMPTY	RISK-04-MATERIALIZE-001
574e9bef284ab77be9a1177d6f12c41cf1005f6ec5bb8de9aed96f6c74a5826c	43a78d85-0950-4f82-99dc-6f2f14d82963	TASK	a59c0bc5efafe8ced03e17d2e0a14ab093d3cb29ca6b9c750cbde03915173b6d	a94a4691-ba52-4ff6-8fac-bae9279adae5	사운딩시험	사운딩시험	PROMOTED_FROM_SOURCE	DRAFT	RISK-04-APPROVE-001	62c2c50e3c0becbe23a686735d1a7e50ed8bce2f3fa23c539d2250b68227c2d7	EMPTY	EMPTY	RISK-04-MATERIALIZE-001
57842b6f62bcef11aa5623a54959143ed3d51e2d42f9c3a51e9c6a302a16ff19	addfaf62-3805-4680-9941-6e299eeed209	PROCESS	a53c95b548ab1a1a584ad79f325846f8ac90ecce9234f991f9d8be9919341250	ca6f7bea-96f1-456f-be61-e96c129ab18a	도배공사	도배공사	PROMOTED_FROM_SOURCE	DRAFT	RISK-04-APPROVE-001	62c2c50e3c0becbe23a686735d1a7e50ed8bce2f3fa23c539d2250b68227c2d7	EMPTY	EMPTY	RISK-04-MATERIALIZE-001
57ce72345c7534cc17240b425a13aa08492c7fbb87f75b086f916c4711922857	e56c70dc-3bb0-4494-bb85-47ca56991415	PROCESS	EMPTY	EMPTY	하천및항만공사	하천및항만공사	PROMOTED_FROM_SOURCE	DRAFT	RISK-04-APPROVE-001	62c2c50e3c0becbe23a686735d1a7e50ed8bce2f3fa23c539d2250b68227c2d7	EMPTY	EMPTY	RISK-04-MATERIALIZE-001
587c67858b565cf8b01afc4c056316bb8de3dce1e7113ad25be9cca3c1df0dca	77be337d-c374-4e80-a5f7-69dcaa249387	PROCESS	e271654f1c7852d2159a26c3090155561877ae3961a251572cd7ef697a459066	b5fa3df7-c005-4e6c-a2b5-844d831f9839	지하수개발보조설비공사	지하수개발보조설비공사	PROMOTED_FROM_SOURCE	DRAFT	RISK-04-APPROVE-001	62c2c50e3c0becbe23a686735d1a7e50ed8bce2f3fa23c539d2250b68227c2d7	EMPTY	EMPTY	RISK-04-MATERIALIZE-001
587cf1383ecdcab9cedddc863f15d531d8951055912ed6fdd9c1355880cbe0f3	46a00000-d9cc-44ed-b956-e1ac47687d33	TASK	03754c84e28a545a6e2f2f5136ab8d915466c43cf7ccc3c05d3193d8829bbd60	03da6ebe-0db5-45a4-8564-6124ba14ad8f	부속물매입	부속물매입	PROMOTED_FROM_SOURCE	DRAFT	RISK-04-APPROVE-001	62c2c50e3c0becbe23a686735d1a7e50ed8bce2f3fa23c539d2250b68227c2d7	EMPTY	EMPTY	RISK-04-MATERIALIZE-001
589154813ce483c03442a5e19a996671889c887bbf9d024e13b774e26be49232	f9c0f5da-b106-46a9-b4c1-152f5dc6e336	TASK	1cf07cdcbd1df01844dc417dfc25899e9f8855c743ffeaa8b82fd28792f90073	b6103826-0560-4525-9cc9-2b7bf8f0d63b	사암내벽붙이기	사암내벽붙이기	PROMOTED_FROM_SOURCE	DRAFT	RISK-04-APPROVE-001	62c2c50e3c0becbe23a686735d1a7e50ed8bce2f3fa23c539d2250b68227c2d7	EMPTY	EMPTY	RISK-04-MATERIALIZE-001
58993f6c88c0c1a84cc2fbadc3cdaf44a0f9d6a3b557cba817a4b0e5f8cce23b	f557a3dc-cd71-469c-8a7b-fc0f90627f5a	PROCESS	39e50939e38be41a255a751a8442d87e0925dea01aa0220a0c9f667b1d6bd072	63b9907a-9c62-4c32-931a-fe982ee2d1cd	원자력발전시설설비공사	원자력발전시설설비공사	PROMOTED_FROM_SOURCE	DRAFT	RISK-04-APPROVE-001	62c2c50e3c0becbe23a686735d1a7e50ed8bce2f3fa23c539d2250b68227c2d7	EMPTY	EMPTY	RISK-04-MATERIALIZE-001
58a25f0715084c1a9bf2780778752741f2ed6bc69566c48cece3dc3cceda60f8	10a63c24-c2a9-49ff-be08-1bf1db6f87b3	TASK	00a52dd997c21ceab4004fe3ce98b640a5932dcad08ab3bd2f5e91411e4e53a7	98336564-d693-4026-b357-a545e100700c	저장탱크설치공사	저장탱크설치공사	PROMOTED_FROM_SOURCE	DRAFT	RISK-04-APPROVE-001	62c2c50e3c0becbe23a686735d1a7e50ed8bce2f3fa23c539d2250b68227c2d7	EMPTY	EMPTY	RISK-04-MATERIALIZE-001
58a6f0ae64b115e33f80cbb5684c41aba2c70b9d17c2f63f04c824ef9c2db91b	00704352-b4d4-471f-84cc-d40a744cbbde	PROCESS	c878122f7b0f7f4bda4517c25c843fce79a340822c88f3421ae25b2b27845f46	ab9dfe81-ff57-4662-889d-58ca0c739475	금속방수	금속방수	PROMOTED_FROM_SOURCE	DRAFT	RISK-04-APPROVE-001	62c2c50e3c0becbe23a686735d1a7e50ed8bce2f3fa23c539d2250b68227c2d7	EMPTY	EMPTY	RISK-04-MATERIALIZE-001
58cf954b77bbbc4a31846c4e814784229405ba1ba8f87332fc3a0b6f2367842a	74bf5cfd-b552-473c-9158-d4585291941f	TASK	1cfec0bc08793ae94b4373544f7f2c319776ddeaba08da3e088897273233c360	df28c14e-0fab-4d8b-93a2-4803a1e122b4	투수시험	투수시험	PROMOTED_FROM_SOURCE	DRAFT	RISK-04-APPROVE-001	62c2c50e3c0becbe23a686735d1a7e50ed8bce2f3fa23c539d2250b68227c2d7	EMPTY	EMPTY	RISK-04-MATERIALIZE-001
58d3db150107ed943f52b50d81c50ad37c297d7a92ae610fac1ab170931bec01	888e27ad-7ef2-4b13-acdc-b8bb4f9e1ac4	TASK	3a9366d8c831cc54679c134646f37f6df12ae2f4199e045fd2adcb2049fa700c	713e9be2-fff5-4455-a40f-e0157e998d2e	천연슬래이트외벽붙이기	천연슬래이트외벽붙이기	PROMOTED_FROM_SOURCE	DRAFT	RISK-04-APPROVE-001	62c2c50e3c0becbe23a686735d1a7e50ed8bce2f3fa23c539d2250b68227c2d7	EMPTY	EMPTY	RISK-04-MATERIALIZE-001
58e88af9a290fbf1488f9595f8420103f1fa3868a286f2c3d3d731c980d831ca	6fd8d8a8-6eaa-48fc-baaa-437318b8d0bc	PROCESS	13f01c1ad0d027cd2397d07a0e9eafb5222e1bbae9c0855e76a6ca66d279e062	71f3ec22-bbb7-483f-a6b5-f089eac9007c	콘크리트타설	콘크리트타설	PROMOTED_FROM_SOURCE	DRAFT	RISK-04-APPROVE-001	62c2c50e3c0becbe23a686735d1a7e50ed8bce2f3fa23c539d2250b68227c2d7	EMPTY	EMPTY	RISK-04-MATERIALIZE-001
5928030d4b31d0dea0ef3c8f5f472f6c35d3f184ba38c593b8f521dbdc52a60b	65bb4730-cda3-4c07-9e85-935b900e156d	PROCESS	c878122f7b0f7f4bda4517c25c843fce79a340822c88f3421ae25b2b27845f46	ab9dfe81-ff57-4662-889d-58ca0c739475	멤브레인방수	멤브레인방수	PROMOTED_FROM_SOURCE	DRAFT	RISK-04-APPROVE-001	62c2c50e3c0becbe23a686735d1a7e50ed8bce2f3fa23c539d2250b68227c2d7	EMPTY	EMPTY	RISK-04-MATERIALIZE-001
59417e656cf749761c3364911d785cd593fc351d40bed5da1adc3d51150d14cb	aa466f43-59bd-4dfc-9e8b-c8dc25528441	PROCESS	2939170808ebb6a308fbe155abc1965bc0671106260b8a9289cd5d7a2e2f189b	14d55c47-2cba-46e1-96bc-4c3441858ad7	평면 탱크 기기보온공사	평면 탱크 기기보온공사	PROMOTED_FROM_SOURCE	DRAFT	RISK-04-APPROVE-001	62c2c50e3c0becbe23a686735d1a7e50ed8bce2f3fa23c539d2250b68227c2d7	EMPTY	EMPTY	RISK-04-MATERIALIZE-001
5984e9b936b33f5034c6113d6763d7580d34e1b8e33d16638b79d1a287be1e95	d1230f58-603a-43b7-b831-fcdd0d87408a	PROCESS	97fb76d45383c405adb1236d93e2b6e7d03f0dcb21430cc51ed6c6c0cd0f1ee7	1a7e57c5-a04d-4871-8977-c460a1995996	아이스링크설비주기기공사	아이스링크설비주기기공사	PROMOTED_FROM_SOURCE	DRAFT	RISK-04-APPROVE-001	62c2c50e3c0becbe23a686735d1a7e50ed8bce2f3fa23c539d2250b68227c2d7	EMPTY	EMPTY	RISK-04-MATERIALIZE-001
5a08e27fa28d43282a36dfdd3a54a45d0c5a4c926ec2d19787613304ed320197	74cf595d-44a2-4eae-9b6e-8ef325c23340	PROCESS	97167eb2b29f689eecdc8442c8e8d8af709defa6879ba0d3ff2ed79518836e55	a15bbe15-e1ac-4833-b22f-773af7b714c8	교량가설	교량가설	PROMOTED_FROM_SOURCE	DRAFT	RISK-04-APPROVE-001	62c2c50e3c0becbe23a686735d1a7e50ed8bce2f3fa23c539d2250b68227c2d7	EMPTY	EMPTY	RISK-04-MATERIALIZE-001
5a8671109205cef8fda5e7f8e931851f1c8a2b097e01d72eeb74977f6ec8372e	396d437f-f04f-49bf-9bbf-b8bac113f463	PROCESS	4d9e8f9fa87bd378789d8cf760fcc530d324b31228a4807c8d19549ba282a0af	365b740b-5b5b-429a-8e6e-d02c53977eda	세탁장비설비공사	세탁장비설비공사	MERGED_FROM_REVIEWED_SOURCES	DRAFT	RISK-04-APPROVE-001	62c2c50e3c0becbe23a686735d1a7e50ed8bce2f3fa23c539d2250b68227c2d7	EMPTY	EMPTY	RISK-04-MATERIALIZE-001
5a9c42008b3aae9c10919d79089820323ca66fb16a38e3353ede409e2ab82272	53046929-f19e-4338-8bf2-99fe515d0b1c	TASK	404308c2eb0c32923a21a1d5b36dcf091253d33b454c605616cc65cea7299620	073b0acc-4e0d-4ce6-9d93-d13feeeddd07	벽인조석바름및갈기	벽인조석바름및갈기	PROMOTED_FROM_SOURCE	DRAFT	RISK-04-APPROVE-001	62c2c50e3c0becbe23a686735d1a7e50ed8bce2f3fa23c539d2250b68227c2d7	EMPTY	EMPTY	RISK-04-MATERIALIZE-001
5b0c491d79c2961252f6cfaed81d9afdb1365e7369383218272c848c6e28b393	97b2c731-9bd8-4c12-851e-47087561dd95	PROCESS	9c5d076acd3550d07d3b8d5e161a39d20bc03992a7d1c3a04b07f92d854efb99	c9cb3627-109a-4e0c-8fbb-1abb31f759ea	큐비클및차단설비공사	큐비클및차단설비공사	PROMOTED_FROM_SOURCE	DRAFT	RISK-04-APPROVE-001	62c2c50e3c0becbe23a686735d1a7e50ed8bce2f3fa23c539d2250b68227c2d7	EMPTY	EMPTY	RISK-04-MATERIALIZE-001
5b12ff6f39f66a552c9835bec69527dee259677a6d4dc4342c984f0873316ae1	249debe5-e013-4236-8dc0-936a7b24c88a	TASK	3d48573e1d316e06b26b513b3d1b0f6ce573017dffb0fd382f18aa346ee5e727	69f8d873-5093-4204-9150-57d65de28751	도막형벽체단열	도막형벽체단열	PROMOTED_FROM_SOURCE	DRAFT	RISK-04-APPROVE-001	62c2c50e3c0becbe23a686735d1a7e50ed8bce2f3fa23c539d2250b68227c2d7	EMPTY	EMPTY	RISK-04-MATERIALIZE-001
5bc3acd70ef94be1828618eb4eee664445fda4b87144a9b0b917ff2c6a19b740	c4f888a2-ea91-4ccf-a236-9e3bb687f0db	PROCESS	EMPTY	EMPTY	기타전기설비공사	기타전기설비공사	MERGED_FROM_REVIEWED_SOURCES	DRAFT	RISK-04-APPROVE-001	62c2c50e3c0becbe23a686735d1a7e50ed8bce2f3fa23c539d2250b68227c2d7	EMPTY	EMPTY	RISK-04-MATERIALIZE-001
5bcae9cb8499930f2ebec6571a6abee97f5c1edb83c08b1e02ee349d5a820beb	733169a7-62d4-4547-8ee3-bdc46867713a	PROCESS	64ef817db9f0e78551ca95f65652b1edbeb4e586e83b00b24390b8089623e293	6252654e-2025-4efc-8a85-29fefd286fbf	계단타일붙이기	계단타일붙이기	PROMOTED_FROM_SOURCE	DRAFT	RISK-04-APPROVE-001	62c2c50e3c0becbe23a686735d1a7e50ed8bce2f3fa23c539d2250b68227c2d7	EMPTY	EMPTY	RISK-04-MATERIALIZE-001
5cb01356b7cc4b5e995dd54fa61bc627642412f198637ee5571a90cee8301ac4	b70048ca-31a4-485e-934c-dae29266d62a	TASK	404308c2eb0c32923a21a1d5b36dcf091253d33b454c605616cc65cea7299620	073b0acc-4e0d-4ce6-9d93-d13feeeddd07	계단인조석바름및갈기	계단인조석바름및갈기	PROMOTED_FROM_SOURCE	DRAFT	RISK-04-APPROVE-001	62c2c50e3c0becbe23a686735d1a7e50ed8bce2f3fa23c539d2250b68227c2d7	EMPTY	EMPTY	RISK-04-MATERIALIZE-001
5cb21e011c141993ed39a58c1b1576ddff442da209722de10ef481fa763f0294	a00f51e1-36a7-4724-b075-27b044fc9daf	TASK	3b7b077e95c07db8e6148e2075e31482bdf6d214f7705c1fcf949cbdc83710e9	e9cfa3fe-de63-425f-b5d3-75ca91c92b60	토사트렌치터파기	토사트렌치터파기	PROMOTED_FROM_SOURCE	DRAFT	RISK-04-APPROVE-001	62c2c50e3c0becbe23a686735d1a7e50ed8bce2f3fa23c539d2250b68227c2d7	EMPTY	EMPTY	RISK-04-MATERIALIZE-001
5d84f1a7e196d9b53e4828c1a80f06fe26898c6afdb8d910604fd1bd146ddfcf	e57ed06d-b7fa-4db6-a061-4a244fa0c59e	TASK	284c5f417d61f4d0f2079adaf11077b2db1dfec5af1fc7ca206d6d46748e0037	1d0bd5eb-b7c8-4bed-9ada-c52ccf609496	미장바탕충전	미장바탕충전	PROMOTED_FROM_SOURCE	DRAFT	RISK-04-APPROVE-001	62c2c50e3c0becbe23a686735d1a7e50ed8bce2f3fa23c539d2250b68227c2d7	EMPTY	EMPTY	RISK-04-MATERIALIZE-001
5de714bb17d80b291c3d7e7d3da321d729f8771914677c30ae25f4e14aa01e91	525fab4f-8a50-492c-851c-f6f5a15be109	PROCESS	64ef817db9f0e78551ca95f65652b1edbeb4e586e83b00b24390b8089623e293	6252654e-2025-4efc-8a85-29fefd286fbf	구조물밑면타일붙이기	구조물밑면타일붙이기	PROMOTED_FROM_SOURCE	DRAFT	RISK-04-APPROVE-001	62c2c50e3c0becbe23a686735d1a7e50ed8bce2f3fa23c539d2250b68227c2d7	EMPTY	EMPTY	RISK-04-MATERIALIZE-001
5e682e1a14ffa5335918ecbb9d5a443b3ab5206f71a519364d3784dbe1a927b6	84b8faa9-b168-440c-a91c-f90b333226a6	PROCESS	064c77f0388387fc7ab9132fe3344da1283bbf61141536b1db07134cf70efdf0	f0d11573-8ae7-43e8-a1ea-1c3596a54d06	덤웨이터설비및기타운송설비공사	덤웨이터설비및기타운송설비공사	PROMOTED_FROM_SOURCE	DRAFT	RISK-04-APPROVE-001	62c2c50e3c0becbe23a686735d1a7e50ed8bce2f3fa23c539d2250b68227c2d7	EMPTY	EMPTY	RISK-04-MATERIALIZE-001
5e72346cb1aaa97f01762dbe54152ab030bb411520b84c1c5651e181cf5f7c26	22c5a852-db42-4bec-b3b8-03a4147f23bc	TASK	0f3dce322934ae5e11439e5231fff7a5302aad3b4cfac914f9cd2c803987e6be	f341a82a-d015-42a2-ba95-73222b9510c2	박판금속쉬트붙이기	박판금속쉬트붙이기	PROMOTED_FROM_SOURCE	DRAFT	RISK-04-APPROVE-001	62c2c50e3c0becbe23a686735d1a7e50ed8bce2f3fa23c539d2250b68227c2d7	EMPTY	EMPTY	RISK-04-MATERIALIZE-001
5e9f3bd52f774810f3b020a8c2160ce5a9e5a4909c1f517b61cc7dd45f0cd9b5	1aee87d8-146d-43ae-b343-d1a09cd64fe0	PROCESS	1f1041e6925f663ff5ec5202db7516c78dbb0b31cd24106bd53426ea70b6753a	abef3abd-2b30-455a-87bc-1e2b9c875aa7	금속부속물설치	금속부속물설치	PROMOTED_FROM_SOURCE	DRAFT	RISK-04-APPROVE-001	62c2c50e3c0becbe23a686735d1a7e50ed8bce2f3fa23c539d2250b68227c2d7	EMPTY	EMPTY	RISK-04-MATERIALIZE-001
5ec54c9e3d66b25af9d10f82992e53383ce691ada40eb88359f08b8700262026	d9d52f99-bfb9-4335-892e-7481e33663e0	TASK	da54d4926aa79473fa6f89610338b0297765d601166ceb67ac95ba973da49bf0	efdfffad-db97-4a7f-b30a-19a78c418d13	불투수성재료축조	불투수성재료축조	PROMOTED_FROM_SOURCE	DRAFT	RISK-04-APPROVE-001	62c2c50e3c0becbe23a686735d1a7e50ed8bce2f3fa23c539d2250b68227c2d7	EMPTY	EMPTY	RISK-04-MATERIALIZE-001
5f218950ff1076983ffa9bbe897bf1263bf0ee1116c3397b2516753c0c1ce541	55947deb-7b2c-422e-b07a-2492c8dd55c2	PROCESS	ac74a224650d5509cb0506ecd2daf797b6aec4c361eb5e4467bed4db842033c5	72c0016a-09bb-402e-91e1-4b618205be6a	지붕및바닥단열공사	지붕및바닥단열공사	PROMOTED_FROM_SOURCE	DRAFT	RISK-04-APPROVE-001	62c2c50e3c0becbe23a686735d1a7e50ed8bce2f3fa23c539d2250b68227c2d7	EMPTY	EMPTY	RISK-04-MATERIALIZE-001
5f3cb094b6d12377e3d44738fc60b3d82afea79aa9ab173c4bb400a3392ea695	935ae655-347e-4ef9-b4a6-e90a353c6119	TASK	f623fef0b52bee1b6af73b3be121408df1e36d023ca6dfd07ccaf997b1a5c59e	c948d983-8064-4528-b202-585025a072df	UBR(UnitBathRoom)설치	UBR(UnitBathRoom)설치	PROMOTED_FROM_SOURCE	DRAFT	RISK-04-APPROVE-001	62c2c50e3c0becbe23a686735d1a7e50ed8bce2f3fa23c539d2250b68227c2d7	EMPTY	EMPTY	RISK-04-MATERIALIZE-001
60656696f6524d8f309fb56af280d501f7011d89b626f90e8436d95f66d8c476	59af9acf-9dab-4cbd-af97-02b53123df88	TASK	d99cfbb806dd45e4a954f8a6bd14b7c83edd14232ccc2b3cc7937486349cbcaf	8c908499-6b1c-4e72-b21a-4820cbc13213	보드형천정단열	보드형천정단열	PROMOTED_FROM_SOURCE	DRAFT	RISK-04-APPROVE-001	62c2c50e3c0becbe23a686735d1a7e50ed8bce2f3fa23c539d2250b68227c2d7	EMPTY	EMPTY	RISK-04-MATERIALIZE-001
60fe27c8f7fc32987291d31f6ae512b1cf6b3ea890f0e152632397ee41c76a28	08d5a2b9-552f-4b3b-a159-9a0212fdd90f	PROCESS	49211b2052bbcd7b5bfbcc655622bc55a5e030d18781279df5248769f2649dc0	73869123-c8b9-487e-ba92-1a6bea143b1d	열교환기 탱크 헤더설치공사	열교환기 탱크 헤더설치공사	PROMOTED_FROM_SOURCE	DRAFT	RISK-04-APPROVE-001	62c2c50e3c0becbe23a686735d1a7e50ed8bce2f3fa23c539d2250b68227c2d7	EMPTY	EMPTY	RISK-04-MATERIALIZE-001
615d1adba428255ce848d81b207c10f67453a66d0051be19fef983c1c0a7402b	bae014b7-2474-48f7-b5c0-0e9f30a0ff56	TASK	4ec4c1db1aa96205b1bab2ccd42eb2f8e88a45efd6a034c86676972d0834034d	46d59aac-0786-4500-a7ac-257e93c55745	발파	발파	PROMOTED_FROM_SOURCE	DRAFT	RISK-04-APPROVE-001	62c2c50e3c0becbe23a686735d1a7e50ed8bce2f3fa23c539d2250b68227c2d7	EMPTY	EMPTY	RISK-04-MATERIALIZE-001
61c365adfe2a16c62a52e5de686aeaaabf453b4350a07cd0e1bb723a7f423d59	9f47a92d-bea6-4496-af4e-0e4b69f14583	TASK	3a9366d8c831cc54679c134646f37f6df12ae2f4199e045fd2adcb2049fa700c	713e9be2-fff5-4455-a40f-e0157e998d2e	테라조외벽붙이기	테라조외벽붙이기	PROMOTED_FROM_SOURCE	DRAFT	RISK-04-APPROVE-001	62c2c50e3c0becbe23a686735d1a7e50ed8bce2f3fa23c539d2250b68227c2d7	EMPTY	EMPTY	RISK-04-MATERIALIZE-001
61c80b8dd02282bf22dfd4ac5233f535201e9dde12df7b3f11baeffd30764537	c67b2b32-64a9-4675-85eb-52125cbbb6b3	TASK	206d7fdddef45b9e8a97e6f58bafdc77e5add659193f4b081bef7d0c119bef49	c31d427e-edb6-4d28-a9ae-ff5afd266a20	천연슬레이트조적	천연슬레이트조적	PROMOTED_FROM_SOURCE	DRAFT	RISK-04-APPROVE-001	62c2c50e3c0becbe23a686735d1a7e50ed8bce2f3fa23c539d2250b68227c2d7	EMPTY	EMPTY	RISK-04-MATERIALIZE-001
62a77c79387217bbbef5489f2f1fb5c30beb356a65f0d05eb5a0e8e7aa05534d	803c7137-ee2f-46cc-a0e2-666f7d5d41a9	TASK	25da943669e985eaf977575346986c0faf2da92c6f79f11546c34be8eebbd7d4	fc2dd2f2-43f2-42ec-9dd7-d3e757a52272	호안용콘크리트구조물제작	호안용콘크리트구조물제작	PROMOTED_FROM_SOURCE	DRAFT	RISK-04-APPROVE-001	62c2c50e3c0becbe23a686735d1a7e50ed8bce2f3fa23c539d2250b68227c2d7	EMPTY	EMPTY	RISK-04-MATERIALIZE-001
62d73a0d76ce42ad867a0c4c6d8595060a2d856eb1d1158644359782ee0ce158	0a24f8d3-2f4b-4b09-a59f-5a9135709340	TASK	0f3dce322934ae5e11439e5231fff7a5302aad3b4cfac914f9cd2c803987e6be	f341a82a-d015-42a2-ba95-73222b9510c2	우드비니어(무늬목)붙이기	우드비니어(무늬목)붙이기	PROMOTED_FROM_SOURCE	DRAFT	RISK-04-APPROVE-001	62c2c50e3c0becbe23a686735d1a7e50ed8bce2f3fa23c539d2250b68227c2d7	EMPTY	EMPTY	RISK-04-MATERIALIZE-001
63614b8ad85464833ce9d4e05a1bdc3833551143a579366556e05784a29adab2	5bb130b1-f1ab-4cdb-86d8-9b0985bf9a81	TASK	0707456a5c306be3d67234d29e08107639ee0b50f5a561190a450f493338c615	ed0b5c8b-42a0-460d-bfe4-188a13265758	일반부지정지	일반부지정지	PROMOTED_FROM_SOURCE	DRAFT	RISK-04-APPROVE-001	62c2c50e3c0becbe23a686735d1a7e50ed8bce2f3fa23c539d2250b68227c2d7	EMPTY	EMPTY	RISK-04-MATERIALIZE-001
6361b99c7212836ff2d98a099a77af6554da10a01c412be3a44ac4fb2960e8fe	58228f07-8190-4e76-83a2-03e742043de3	TASK	5f218950ff1076983ffa9bbe897bf1263bf0ee1116c3397b2516753c0c1ce541	55947deb-7b2c-422e-b07a-2492c8dd55c2	보드형지붕 바닥단열	보드형지붕 바닥단열	PROMOTED_FROM_SOURCE	DRAFT	RISK-04-APPROVE-001	62c2c50e3c0becbe23a686735d1a7e50ed8bce2f3fa23c539d2250b68227c2d7	EMPTY	EMPTY	RISK-04-MATERIALIZE-001
637eaff7ee515a7f77275af06ba59eed0d20501f67831de3a9f62ebdffb623cf	0bbd5856-190d-4c3e-98c6-14d7735f1c7d	TASK	9d1d7e3cf333b05c23ed838742a05d0d01c6bc294913a89e1f2bb1ad7a31babe	7b1c268e-1120-45b8-bcd5-0716c1f785a1	시멘트성방습	시멘트성방습	PROMOTED_FROM_SOURCE	DRAFT	RISK-04-APPROVE-001	62c2c50e3c0becbe23a686735d1a7e50ed8bce2f3fa23c539d2250b68227c2d7	EMPTY	EMPTY	RISK-04-MATERIALIZE-001
643565f1fa4e5de498564b5eb8beacd847bb612f47d8698e235398e02e657ee5	57e8ea48-db66-403c-be3e-9de20b32ab3f	PROCESS	94a9dd9c23196c6b60f5e22b9d7abec4c68f8c467149fa9c91b138ce683130e2	66c7eab8-d6f8-4bc3-9ba7-dab1f7292db5	도시철도자동요금수납설비공사	도시철도자동요금수납설비공사	PROMOTED_FROM_SOURCE	DRAFT	RISK-04-APPROVE-001	62c2c50e3c0becbe23a686735d1a7e50ed8bce2f3fa23c539d2250b68227c2d7	EMPTY	EMPTY	RISK-04-MATERIALIZE-001
645496f94b416c444228542ea262cd4efe7b700f8f56571434f374379ccd5246	7978df0d-7318-4d00-a99c-133d5b7cdca7	TASK	c7f1f2cc78c4ae135dee0f12e4f7c7a93419f07e4924b72dc0cae7eb78ba51fe	6b2fd118-f45c-4ef3-8c3a-56769a54d6e1	암석시험	암석시험	PROMOTED_FROM_SOURCE	DRAFT	RISK-04-APPROVE-001	62c2c50e3c0becbe23a686735d1a7e50ed8bce2f3fa23c539d2250b68227c2d7	EMPTY	EMPTY	RISK-04-MATERIALIZE-001
6475b171fcff512335d59146d1d2e8acfaa9bc40e6118db0b303c5bd2e17002d	053ec79c-91e1-40a5-9b22-127052e6bf3d	PROCESS	fd90a2258372539070e5c4d06e5daffb0d65f1d72c4db6f0b2a9cc04d473c76c	0abadfe5-fb32-4079-855b-e59d4de25376	위성방송설비공사	위성방송설비공사	PROMOTED_FROM_SOURCE	DRAFT	RISK-04-APPROVE-001	62c2c50e3c0becbe23a686735d1a7e50ed8bce2f3fa23c539d2250b68227c2d7	EMPTY	EMPTY	RISK-04-MATERIALIZE-001
64a877f0811732bd51f8b8eb40279d4c70aca06e4a6351b542a5f6ae1d60c4c4	fe0b5a0f-7e4a-419a-a64d-c27fecb90806	TASK	ee6c41f2ed48ba58329afbe31673c97b6af2e326b35b284237ac74bdfe372b81	90903882-5745-43fe-86b4-0342dc0396ca	건축측량	건축측량	PROMOTED_FROM_SOURCE	DRAFT	RISK-04-APPROVE-001	62c2c50e3c0becbe23a686735d1a7e50ed8bce2f3fa23c539d2250b68227c2d7	EMPTY	EMPTY	RISK-04-MATERIALIZE-001
64d41605ce662fc6053a14010f8c6fb188e3397a9b4853a21e1cadcd06d8c83e	e6051915-1330-4aa5-8a1c-60d19cc9accd	TASK	1a392c4093512b03c51e18de329616928460763dd57577c1260eab06a3341b8f	0e161468-6d4d-4208-837d-a0b0aaf1ac1d	기존도로유지보수	기존도로유지보수	MERGED_FROM_REVIEWED_SOURCES	DRAFT	RISK-04-APPROVE-001	62c2c50e3c0becbe23a686735d1a7e50ed8bce2f3fa23c539d2250b68227c2d7	EMPTY	EMPTY	RISK-04-MATERIALIZE-001
64d988a08af27c34f35ebb34b211a0f61dbf687ed43e7d2f9f86858803ebcbaa	41bb8e4f-ca4e-476f-8c3e-3f280ab5e6b0	TASK	b266a326ad7e5eba11caadfe51d101ee205be6a4e31ad787d39ada491eb41c00	03597104-73d5-4f11-bee7-2c3162f7270c	특수타일내벽붙이기	특수타일내벽붙이기	PROMOTED_FROM_SOURCE	DRAFT	RISK-04-APPROVE-001	62c2c50e3c0becbe23a686735d1a7e50ed8bce2f3fa23c539d2250b68227c2d7	EMPTY	EMPTY	RISK-04-MATERIALIZE-001
64ef817db9f0e78551ca95f65652b1edbeb4e586e83b00b24390b8089623e293	6252654e-2025-4efc-8a85-29fefd286fbf	PROCESS	EMPTY	EMPTY	타일공사	타일공사	PROMOTED_FROM_SOURCE	DRAFT	RISK-04-APPROVE-001	62c2c50e3c0becbe23a686735d1a7e50ed8bce2f3fa23c539d2250b68227c2d7	EMPTY	EMPTY	RISK-04-MATERIALIZE-001
6530234cba5ddef601be2c1504a4cfa23b81c37e15e90af1cf9c8f60ea0c0d85	1dff0a5a-4b33-4951-bf7d-ea150494e57a	TASK	3c3ea3dc55db80472b59e9cf2576dc14a2029e2402467451af504591ead80e56	e8320c12-4f59-4b4f-bbc1-952e327d1e68	옥외설비철거 해체	옥외설비철거 해체	PROMOTED_FROM_SOURCE	DRAFT	RISK-04-APPROVE-001	62c2c50e3c0becbe23a686735d1a7e50ed8bce2f3fa23c539d2250b68227c2d7	EMPTY	EMPTY	RISK-04-MATERIALIZE-001
655eb6ff819d7c70b48dea965d976609af6d46bd97a4661de19acf6862a53edc	e9ff679e-2270-4b59-a407-f7cf82f105b4	TASK	7a665c11748c42341077fd9afd02a35c4c5393995913074b384079703b592772	89c9da77-092d-400f-b40b-ae6c86aaad97	전기․통신공사관련도장및방청공사	전기․통신공사관련도장및방청공사	PROMOTED_FROM_SOURCE	DRAFT	RISK-04-APPROVE-001	62c2c50e3c0becbe23a686735d1a7e50ed8bce2f3fa23c539d2250b68227c2d7	EMPTY	EMPTY	RISK-04-MATERIALIZE-001
662a1cd5be3e0e40b809a2385f9b185da542c9cafc8a3f8b26ea47aac1b6e4a7	abcb1e66-9a44-41c9-9baa-8482f9498106	PROCESS	13ef25655bb8802c9f2248fa72aa1339b99db5cd94f16bd2ae8d59f8ac83db00	25e2cf2e-83c2-4ecc-a6c0-e313f101102a	지하구조물제거	지하구조물제거	PROMOTED_FROM_SOURCE	DRAFT	RISK-04-APPROVE-001	62c2c50e3c0becbe23a686735d1a7e50ed8bce2f3fa23c539d2250b68227c2d7	EMPTY	EMPTY	RISK-04-MATERIALIZE-001
663731e91305b8886f5920d0f41659f79dea06180109346b38779bf90058409e	1850eed5-cd9e-4d3e-9bc3-d99c95102c33	PROCESS	64ef817db9f0e78551ca95f65652b1edbeb4e586e83b00b24390b8089623e293	6252654e-2025-4efc-8a85-29fefd286fbf	바닥타일붙이기	바닥타일붙이기	PROMOTED_FROM_SOURCE	DRAFT	RISK-04-APPROVE-001	62c2c50e3c0becbe23a686735d1a7e50ed8bce2f3fa23c539d2250b68227c2d7	EMPTY	EMPTY	RISK-04-MATERIALIZE-001
6687836107bb3e7d0a4cdc3c83aedda7d8ac7eaa5618bd2b1bbe34550fe9c44a	877ee6f7-1b8a-4804-9865-ef3a65ac01d6	PROCESS	9ff4e35cc5e677d6d8dd41c870da81f1059aab60a35df435d424b7e64af7df61	e0ffb761-4531-42a9-bccc-a47102859054	토목PC구조부재조립	토목PC구조부재조립	PROMOTED_FROM_SOURCE	DRAFT	RISK-04-APPROVE-001	62c2c50e3c0becbe23a686735d1a7e50ed8bce2f3fa23c539d2250b68227c2d7	EMPTY	EMPTY	RISK-04-MATERIALIZE-001
668d4bdec5f357d229ae406af4f1e498fcede80b3ea93eea3a9fe0e6a5bc69fe	68783f75-c12d-4329-acb8-ad7d429dc65e	PROCESS	EMPTY	EMPTY	설치물공사	설치물공사	PROMOTED_FROM_SOURCE	DRAFT	RISK-04-APPROVE-001	62c2c50e3c0becbe23a686735d1a7e50ed8bce2f3fa23c539d2250b68227c2d7	EMPTY	EMPTY	RISK-04-MATERIALIZE-001
66e122e2a860b490f7bf8ed32eec77fa7297d33fd70ca39e9d5b8b859883066a	abddbc6a-7020-4b14-b451-0910d4d49128	TASK	25da943669e985eaf977575346986c0faf2da92c6f79f11546c34be8eebbd7d4	fc2dd2f2-43f2-42ec-9dd7-d3e757a52272	호안구조물운반및거치	호안구조물운반및거치	PROMOTED_FROM_SOURCE	DRAFT	RISK-04-APPROVE-001	62c2c50e3c0becbe23a686735d1a7e50ed8bce2f3fa23c539d2250b68227c2d7	EMPTY	EMPTY	RISK-04-MATERIALIZE-001
67147c00f93715db6e67724936aa012d382613bba7f73e3cc28d2e5deca1d52b	128af189-99ce-4b61-b638-1ae7b9cc7267	PROCESS	567b3bdd26473d2aae0c8a6f35251397f2c7b90f08b1c3c7a83c11d6643eef99	23b14570-1e3d-4ce6-8e2e-55d4958d772b	목재처리	목재처리	PROMOTED_FROM_SOURCE	DRAFT	RISK-04-APPROVE-001	62c2c50e3c0becbe23a686735d1a7e50ed8bce2f3fa23c539d2250b68227c2d7	EMPTY	EMPTY	RISK-04-MATERIALIZE-001
676f1cf9776f156204c351002f57c75fd1cb6626073782bd364d823d8b3cdd6d	6c3e090b-1605-4add-8c25-f7726e27863f	PROCESS	1b01f7e3cd4bfbdcf610554066aa88036ab7be729aa908b66f0ec7936195732d	b07d3c54-238b-4c4a-95b2-5aaabf182076	흙쌓기(성토)	흙쌓기(성토)	PROMOTED_FROM_SOURCE	DRAFT	RISK-04-APPROVE-001	62c2c50e3c0becbe23a686735d1a7e50ed8bce2f3fa23c539d2250b68227c2d7	EMPTY	EMPTY	RISK-04-MATERIALIZE-001
67d06617cea1577eb709994ee92d946d084281eb80809509efaf18587809e46a	6353d995-fc95-4892-bb2c-a0f03c87109d	PROCESS	13ef25655bb8802c9f2248fa72aa1339b99db5cd94f16bd2ae8d59f8ac83db00	25e2cf2e-83c2-4ecc-a6c0-e313f101102a	기타철거 해체공사및시설물보호	기타철거 해체공사및시설물보호	PROMOTED_FROM_SOURCE	DRAFT	RISK-04-APPROVE-001	62c2c50e3c0becbe23a686735d1a7e50ed8bce2f3fa23c539d2250b68227c2d7	EMPTY	EMPTY	RISK-04-MATERIALIZE-001
6809e3b7861c76ec5d26d0c4763354c9388c6581c359eb4b615c453762681846	9fec80c8-819f-4453-b9a7-414a5f98da41	PROCESS	9ac4bb062d521abe8e69b359393e5ce6cf23efda77d4f73fbaae1d63f43d738f	028d5fdc-46ea-4021-ae54-f10eaa310163	하해측량	하해측량	PROMOTED_FROM_SOURCE	DRAFT	RISK-04-APPROVE-001	62c2c50e3c0becbe23a686735d1a7e50ed8bce2f3fa23c539d2250b68227c2d7	EMPTY	EMPTY	RISK-04-MATERIALIZE-001
68d8d968b9c2bc99957000cb5ebbe4681685312bfd3a63c44c0d0fe3fd0f8410	39ad3804-b572-4788-906a-b0cfdf5d0f3b	PROCESS	028839946d8a54355febe053579f2654b44a02cafb0f9a1e86e358319541e927	ffd6db74-ee50-40f2-a2f9-a13438cf9aed	펌프․공기설비공사	펌프․공기설비공사	PROMOTED_FROM_SOURCE	DRAFT	RISK-04-APPROVE-001	62c2c50e3c0becbe23a686735d1a7e50ed8bce2f3fa23c539d2250b68227c2d7	EMPTY	EMPTY	RISK-04-MATERIALIZE-001
691718b3b61060e1d1266093bbf22fd601561ab83e148c836ab1dcdb0a7ac2bd	ffd84d59-8314-48df-b17d-cc2c3e693d0f	PROCESS	7ef95651357fef3e076b778e5a7468487bdab7ab79e59b3e3660f84296c3a884	7034f460-2834-447a-94aa-55d0bc9e66cf	플랜트보일러및부속공사	플랜트보일러및부속공사	PROMOTED_FROM_SOURCE	DRAFT	RISK-04-APPROVE-001	62c2c50e3c0becbe23a686735d1a7e50ed8bce2f3fa23c539d2250b68227c2d7	EMPTY	EMPTY	RISK-04-MATERIALIZE-001
691dae9908df9fd48fd1a4ab0595c8e671ae3f5a1bc478462bbbf0233a73346e	98d230c4-bc9c-42a0-95b1-cd2ab4553e7f	PROCESS	87b16db6c82b01f971ea80213fd300e26dc80926320731a8d04ba7f460eefbb8	0219c299-f031-467e-b29e-53510bc94b4c	표층처리	표층처리	PROMOTED_FROM_SOURCE	DRAFT	RISK-04-APPROVE-001	62c2c50e3c0becbe23a686735d1a7e50ed8bce2f3fa23c539d2250b68227c2d7	EMPTY	EMPTY	RISK-04-MATERIALIZE-001
696ec6c453cebd8899c5d56b6bb1d496db7664d9b65e90eafbe21c92b09825f5	7269d84e-6670-4bef-ad33-9445339e0279	TASK	0f571190b35b4c9aae3b26ab96a87556f65be7b3e8cb1824c06a807dc34bc0b7	02cd1121-108c-4ee3-89de-c83d73cda213	천정섬유질판재붙이기	천정섬유질판재붙이기	PROMOTED_FROM_SOURCE	DRAFT	RISK-04-APPROVE-001	62c2c50e3c0becbe23a686735d1a7e50ed8bce2f3fa23c539d2250b68227c2d7	EMPTY	EMPTY	RISK-04-MATERIALIZE-001
6985c17f351847499f1c250343deb7f6b9c81cc4d194fe15f055b3fa2b9c4d0f	99619801-45dc-4214-9f6c-e5fbc2395974	TASK	d247d23d1ed4e328c2447c090f6004c4d9eae4f00fa0467f4a36103620df8729	742c2cb1-a9d4-4ac8-a301-af0cba9f59d6	계단채임판(라이저)석재붙이기	계단채임판(라이저)석재붙이기	MERGED_FROM_REVIEWED_SOURCES	DRAFT	RISK-04-APPROVE-001	62c2c50e3c0becbe23a686735d1a7e50ed8bce2f3fa23c539d2250b68227c2d7	EMPTY	EMPTY	RISK-04-MATERIALIZE-001
69da375d6c9e9b595ff58f54d7939c2f930bc7fda923bf8191eda2b8373618e5	3ba92863-6c10-4c22-a7f8-4f3045746517	PROCESS	68d8d968b9c2bc99957000cb5ebbe4681685312bfd3a63c44c0d0fe3fd0f8410	39ad3804-b572-4788-906a-b0cfdf5d0f3b	공기압축기공사	공기압축기공사	PROMOTED_FROM_SOURCE	DRAFT	RISK-04-APPROVE-001	62c2c50e3c0becbe23a686735d1a7e50ed8bce2f3fa23c539d2250b68227c2d7	EMPTY	EMPTY	RISK-04-MATERIALIZE-001
69e3b2c4be5574aa33dd32731b05bcbdba714205e9b776f2847745f3179dd3d9	16291883-6cc0-4649-8782-af4373ff2efc	TASK	a7db859ba01a80480e9d6c27cc5f0ff506c85487aff4a4f0d5cab61d1e121549	4710ef8e-000d-48e1-9448-af1eeda77bc0	알루니늄판잇기	알루니늄판잇기	PROMOTED_FROM_SOURCE	DRAFT	RISK-04-APPROVE-001	62c2c50e3c0becbe23a686735d1a7e50ed8bce2f3fa23c539d2250b68227c2d7	EMPTY	EMPTY	RISK-04-MATERIALIZE-001
6a1c0b77bd9da03f98926215289581bbcbca6e27dba519a092321a602264979d	3f8d918c-4dec-408b-9e10-709a374a689b	PROCESS	EMPTY	EMPTY	방재기계설비공사	방재기계설비공사	PROMOTED_FROM_SOURCE	DRAFT	RISK-04-APPROVE-001	62c2c50e3c0becbe23a686735d1a7e50ed8bce2f3fa23c539d2250b68227c2d7	EMPTY	EMPTY	RISK-04-MATERIALIZE-001
6ac0c612bac89113fcd69d819be802a39a57606faeaf85c9f2aa650fc18dccbc	da972e5e-9d4b-441f-847f-033ede964ae8	TASK	663731e91305b8886f5920d0f41659f79dea06180109346b38779bf90058409e	1850eed5-cd9e-4d3e-9bc3-d99c95102c33	석재타일바닥붙이기	석재타일바닥붙이기	PROMOTED_FROM_SOURCE	DRAFT	RISK-04-APPROVE-001	62c2c50e3c0becbe23a686735d1a7e50ed8bce2f3fa23c539d2250b68227c2d7	EMPTY	EMPTY	RISK-04-MATERIALIZE-001
6ac1b5aee93b07090893d728d406d422531715676b11cfee0aa095275b6db95a	f24192ea-a772-4f8e-9ca2-e7e0450ce26b	TASK	b4d47e4841d6736e3d4386a14615655881dfa4c028e4b52e49985bf399bcd562	bb494f3d-604c-4aa5-a93f-7e34af3e27ab	미장보강	미장보강	PROMOTED_FROM_SOURCE	DRAFT	RISK-04-APPROVE-001	62c2c50e3c0becbe23a686735d1a7e50ed8bce2f3fa23c539d2250b68227c2d7	EMPTY	EMPTY	RISK-04-MATERIALIZE-001
6ae8b553109b13bd117b001b801804bedab94616ed379326b2dd1716cc8e4a45	ce01d355-6b4e-4352-bbd0-4100be25265e	PROCESS	5699e667839fbb246cb48d93f87db04834968fc595e50f73319e540c94a0d2d9	3ade5995-a8f0-4e97-a31a-3edfc3b1e095	방식보조설비공사	방식보조설비공사	PROMOTED_FROM_SOURCE	DRAFT	RISK-04-APPROVE-001	62c2c50e3c0becbe23a686735d1a7e50ed8bce2f3fa23c539d2250b68227c2d7	EMPTY	EMPTY	RISK-04-MATERIALIZE-001
6aeb0c0085624f5039e903e5cbfb5b103d4201624bf3e1428eb003241778d893	49cb5eaf-f5ad-4d20-b91a-62265a665ead	TASK	33f1ddfc015d1a5a3173d5aa56062b9af98458c2e93edc02b239d897ef4ba8d7	07309343-35ef-4208-86db-a8bac28a8b72	유리블록쌓기	유리블록쌓기	PROMOTED_FROM_SOURCE	DRAFT	RISK-04-APPROVE-001	62c2c50e3c0becbe23a686735d1a7e50ed8bce2f3fa23c539d2250b68227c2d7	EMPTY	EMPTY	RISK-04-MATERIALIZE-001
6b6b479c3f4495081e9d94b608880b8017b3f6dd47a7478bb4afb14bff9a2516	b7b2bc21-e66c-4520-951f-745ccad00527	PROCESS	094c2a06438b38402ce06ad7013f0d454002110bdbcbf8e2401b3ec4dc941191	218a19dd-a075-456a-8c08-cc1df02d3d95	기타특수공사	기타특수공사	PROMOTED_FROM_SOURCE	DRAFT	RISK-04-APPROVE-001	62c2c50e3c0becbe23a686735d1a7e50ed8bce2f3fa23c539d2250b68227c2d7	EMPTY	EMPTY	RISK-04-MATERIALIZE-001
6b8e29a985e54b80a3ee2e22d893d1a0cb4e6109aae032e81177fad4e180cb5e	daeb4790-2e71-410d-81af-1486101462b7	PROCESS	9d08608a7869c37de6430fd6bc8d4ab616d9d7366068bf91c791a920227e9601	1f700e5b-1bbf-45ba-bfe4-ccbcbfc736ae	도로배수시설공사	도로배수시설공사	PROMOTED_FROM_SOURCE	DRAFT	RISK-04-APPROVE-001	62c2c50e3c0becbe23a686735d1a7e50ed8bce2f3fa23c539d2250b68227c2d7	EMPTY	EMPTY	RISK-04-MATERIALIZE-001
6b98d35f3e55a1716df158a441525178b2d9f6cec422a4ebfec65483568a807f	63e696af-4c36-4e45-9442-c6167512ceb9	PROCESS	934cec93edfa5eb83d4262be5e58f58cc6b9cdf02f1d610a2168f31c04864b63	afcecca7-c90d-471d-a18b-670fa2563fa5	터널굴착공사	터널굴착공사	PROMOTED_FROM_SOURCE	DRAFT	RISK-04-APPROVE-001	62c2c50e3c0becbe23a686735d1a7e50ed8bce2f3fa23c539d2250b68227c2d7	EMPTY	EMPTY	RISK-04-MATERIALIZE-001
6b9f67bdc03d38dde0a73b6a2e053ce150e5f459c35c0e6403d3cf61a97bedcf	6f0ff138-0d15-46bf-bc05-e2c2b02ac711	TASK	e1e8145467429472a59dd7ae0d75512fbe4eb6addb9d8fbed2f334c308857b63	a5ff5522-3e4f-4d19-b18f-4fc7afefaa01	온수분배기 방열기설치공사	온수분배기 방열기설치공사	PROMOTED_FROM_SOURCE	DRAFT	RISK-04-APPROVE-001	62c2c50e3c0becbe23a686735d1a7e50ed8bce2f3fa23c539d2250b68227c2d7	EMPTY	EMPTY	RISK-04-MATERIALIZE-001
6b9ff4657e6abfd87cf8d783058cc6f28c98c3f8bdf191560538b9e43c66afe0	a31d0dfa-79a6-45a4-8456-89bd45f50483	TASK	756ad0c501f2d804cec8fa019e3413d1b617534db00da45457afdf6fb807cd10	ab2963c9-b780-484a-9dba-cac8ce651dc6	지반그라우팅준비공사	지반그라우팅준비공사	PROMOTED_FROM_SOURCE	DRAFT	RISK-04-APPROVE-001	62c2c50e3c0becbe23a686735d1a7e50ed8bce2f3fa23c539d2250b68227c2d7	EMPTY	EMPTY	RISK-04-MATERIALIZE-001
6beadc7935f53a144001b119abf75304c84cd8d9117c18d8dceda409fe88f903	ebd16cf9-609e-4d19-a9e6-830660249d4b	TASK	3dec0cc1494076cb9d335b9cc42b3ad01a969cf781da5dd7b1855c9ccb43c9b0	34bee63b-6983-4524-83df-48e3a1012319	시멘트계타일외벽붙이기	시멘트계타일외벽붙이기	PROMOTED_FROM_SOURCE	DRAFT	RISK-04-APPROVE-001	62c2c50e3c0becbe23a686735d1a7e50ed8bce2f3fa23c539d2250b68227c2d7	EMPTY	EMPTY	RISK-04-MATERIALIZE-001
6c21f362ece7e65e3ec6f684de5dea10fe6b6e06baa8eee79db2d1feb9d94337	e9cb977b-19a2-4a70-883f-98f186bf0fa2	PROCESS	6c2da1062cabb941946777b7381ec0ec9bd0ee98bf97ec5c2dd234d3b19b5b7d	c66d8388-51e3-4330-bd4b-2cbe4645e8eb	FGDAuxSystem공사	FGDAuxSystem공사	PROMOTED_FROM_SOURCE	DRAFT	RISK-04-APPROVE-001	62c2c50e3c0becbe23a686735d1a7e50ed8bce2f3fa23c539d2250b68227c2d7	EMPTY	EMPTY	RISK-04-MATERIALIZE-001
6c2da1062cabb941946777b7381ec0ec9bd0ee98bf97ec5c2dd234d3b19b5b7d	c66d8388-51e3-4330-bd4b-2cbe4645e8eb	PROCESS	eed4ca91d2eebf54fd65616a1883deb0f030b5f1a097cf88488b3cd1e4d121b6	609c86eb-94f6-447c-9805-e0ff032b80f4	탈황설비공사	탈황설비공사	PROMOTED_FROM_SOURCE	DRAFT	RISK-04-APPROVE-001	62c2c50e3c0becbe23a686735d1a7e50ed8bce2f3fa23c539d2250b68227c2d7	EMPTY	EMPTY	RISK-04-MATERIALIZE-001
6c57ddb5410f7149ecb79747b399338841988c6e43c676b4ff63a93526e40885	92b711a9-290f-4adb-9e7e-a5e3dcb2e4be	TASK	adacfa272eb4a6a674af7667b520a6085d7d0d0455f5ea6f5b4444af491f8024	c3f2f7b9-18b4-4702-8b8d-7548f906d437	대리석깔기	대리석깔기	PROMOTED_FROM_SOURCE	DRAFT	RISK-04-APPROVE-001	62c2c50e3c0becbe23a686735d1a7e50ed8bce2f3fa23c539d2250b68227c2d7	EMPTY	EMPTY	RISK-04-MATERIALIZE-001
6c90b62ab91276670c29082fdb14b406cd2b8a5f4a465d6403564d079accf3f9	4c6f4bb3-91cd-4c13-95e6-27accadacde1	TASK	3a9366d8c831cc54679c134646f37f6df12ae2f4199e045fd2adcb2049fa700c	713e9be2-fff5-4455-a40f-e0157e998d2e	대리석외벽붙이기	대리석외벽붙이기	PROMOTED_FROM_SOURCE	DRAFT	RISK-04-APPROVE-001	62c2c50e3c0becbe23a686735d1a7e50ed8bce2f3fa23c539d2250b68227c2d7	EMPTY	EMPTY	RISK-04-MATERIALIZE-001
6d3f80635389b4fe293da1878b51739e7cf6bd5e3972f70a05f494beac7ba9b5	7c990ac0-30a7-4f50-ae18-30b121410837	TASK	72383c60847d8e88b7aa778fef9f8bcbc78b4f55ad9bb300d411bc3de433462b	be5ace6b-9692-4afb-979c-682df6d6f49e	냉동기및부속설비설치공사	냉동기및부속설비설치공사	PROMOTED_FROM_SOURCE	DRAFT	RISK-04-APPROVE-001	62c2c50e3c0becbe23a686735d1a7e50ed8bce2f3fa23c539d2250b68227c2d7	EMPTY	EMPTY	RISK-04-MATERIALIZE-001
6d83ddbf5bdcb4ffb22e45aa73bf91c2c300baa4b577a7370e97e4f7a76532bf	f10a1b64-d2ea-4bca-8d84-1c5f2d3335e4	TASK	e36382f0d8f225fe74d5e7a526053c2fb280393d66819903c899d1baaecfd9c3	26425132-352f-4b1a-85e2-88ef090df5cc	도로오염방지	도로오염방지	PROMOTED_FROM_SOURCE	DRAFT	RISK-04-APPROVE-001	62c2c50e3c0becbe23a686735d1a7e50ed8bce2f3fa23c539d2250b68227c2d7	EMPTY	EMPTY	RISK-04-MATERIALIZE-001
6d84520c0cde5906f203cd53dcd7edacd5f1cc45e1cb05cc0d3f74c257568d1e	d8bee26b-c97b-4d60-a183-cdb4fd4a5e80	PROCESS	d1a644bf206f36fbba36773f652f7da71e0611ac4f98b5fe7884bda680ddfea4	29e47a59-0b47-4d91-ae68-af1fc7ed9fdb	LNG및원유저장설비공사	LNG및원유저장설비공사	PROMOTED_FROM_SOURCE	DRAFT	RISK-04-APPROVE-001	62c2c50e3c0becbe23a686735d1a7e50ed8bce2f3fa23c539d2250b68227c2d7	EMPTY	EMPTY	RISK-04-MATERIALIZE-001
6dad0af0e4abb6b5647b94c7a4d9fa3159578203d0966cb036eeffa97f5f4a40	5c9089a8-4350-4ffc-aedc-2a65002d46f3	TASK	c48a126442b60fe1ca9b87047b589a1c9ca457cce2a3e4c118ea409857fe9178	ceb698ea-4a98-4f97-badd-03635225312f	전기집진기설비Fan Blower류설치공사	전기집진기설비Fan Blower류설치공사	PROMOTED_FROM_SOURCE	DRAFT	RISK-04-APPROVE-001	62c2c50e3c0becbe23a686735d1a7e50ed8bce2f3fa23c539d2250b68227c2d7	EMPTY	EMPTY	RISK-04-MATERIALIZE-001
6df4c8fac17dbf399e313d6664023a1cdf674f2eb7e6e014645d2fa55c29fba2	6f9bb3f3-a7c6-4484-8413-29b344d22afa	TASK	249cb67cbed2c90090fb04d8b37f0cac252b36cdb057f689dc1e7b30153c2ea7	68f690db-ae64-421c-8bfa-b2859ec0bbad	사후환경평가	사후환경평가	PROMOTED_FROM_SOURCE	DRAFT	RISK-04-APPROVE-001	62c2c50e3c0becbe23a686735d1a7e50ed8bce2f3fa23c539d2250b68227c2d7	EMPTY	EMPTY	RISK-04-MATERIALIZE-001
6e1db4f1a74f6d59f1562f4a2f2dd9316771f23032e12269be387c58b5d5fe37	998d9bde-4b29-49d4-adb2-ef1d5f6250aa	PROCESS	e9d5097280eead87de1f8ee9e24cd53c94b90fa52276ada446bf13467c8c8f72	7781f1c8-c06d-4cbf-9fa0-389a6b427172	경하중아스콘포장	경하중아스콘포장	PROMOTED_FROM_SOURCE	DRAFT	RISK-04-APPROVE-001	62c2c50e3c0becbe23a686735d1a7e50ed8bce2f3fa23c539d2250b68227c2d7	EMPTY	EMPTY	RISK-04-MATERIALIZE-001
6e5576075ecc093c2d513c809d61bb2707ab0b90564562c6512b8fcb32194148	2f5f3c5d-b48b-496e-afc9-40e94bf91225	PROCESS	e04b0bdea193e90dc8375f29fe1455c07217b68da111c911ed87de115fb32aa4	8b9af581-a78c-455f-af5c-77f3941d02e9	비상용엘리베이터설비공사	비상용엘리베이터설비공사	PROMOTED_FROM_SOURCE	DRAFT	RISK-04-APPROVE-001	62c2c50e3c0becbe23a686735d1a7e50ed8bce2f3fa23c539d2250b68227c2d7	EMPTY	EMPTY	RISK-04-MATERIALIZE-001
6e80ad70770484d94feeded63918d8b5125c8bb88f6bbf31ccb2c08f89793589	3a33caa5-36d4-451f-b70b-7a9d1f49d36b	PROCESS	567b3bdd26473d2aae0c8a6f35251397f2c7b90f08b1c3c7a83c11d6643eef99	23b14570-1e3d-4ce6-8e2e-55d4958d772b	통나무구조목공사	통나무구조목공사	PROMOTED_FROM_SOURCE	DRAFT	RISK-04-APPROVE-001	62c2c50e3c0becbe23a686735d1a7e50ed8bce2f3fa23c539d2250b68227c2d7	EMPTY	EMPTY	RISK-04-MATERIALIZE-001
6eca78379c93853863766d02655b1003ca45241d359ae85d92aad4c0ba2d84aa	6f2f4427-709e-41a5-a43f-2b7cc6d6216b	PROCESS	571d193a16c84db193b5f282dcdc92dd3a9717d4664c18940b186a5399aa42cb	1d0b5964-b7de-4b95-9e79-0d1d7443e701	궤도부설	궤도부설	PROMOTED_FROM_SOURCE	DRAFT	RISK-04-APPROVE-001	62c2c50e3c0becbe23a686735d1a7e50ed8bce2f3fa23c539d2250b68227c2d7	EMPTY	EMPTY	RISK-04-MATERIALIZE-001
6ed307572f5006b02a115b119ae89781a91ac38eac8b6110e1a8ad46c18bb150	c1966878-5ed9-4ca1-b343-9b727cf82889	TASK	1c9173573f2f0541138461293746faab63d48eb4018852a282872a0707ba58b1	fc10356e-8340-408d-b01e-9fa1a04457e2	지중수평변위측정	지중수평변위측정	PROMOTED_FROM_SOURCE	DRAFT	RISK-04-APPROVE-001	62c2c50e3c0becbe23a686735d1a7e50ed8bce2f3fa23c539d2250b68227c2d7	EMPTY	EMPTY	RISK-04-MATERIALIZE-001
6ee72fc358ceced59b8bb750ddd54be5a16d30115df382ea1d3884bc8e801db8	8e0a2b96-f984-4a6b-ae3c-0061642fd634	TASK	77c7032624c29314caf7433c21c9b96367f23d1666a116472e3fd816e5858610	6ed865b8-abdc-43c9-9f9d-bac45610dfb4	리핑암터파기	리핑암터파기	PROMOTED_FROM_SOURCE	DRAFT	RISK-04-APPROVE-001	62c2c50e3c0becbe23a686735d1a7e50ed8bce2f3fa23c539d2250b68227c2d7	EMPTY	EMPTY	RISK-04-MATERIALIZE-001
6efb1b05b11af22396a28c5277fb4371e7cf24e320f1d11210de4da792374e54	e08227aa-7eec-4ce0-bfdd-5b41919aaad2	TASK	43b1a189bbf02fb3ce567f440980c23d9a28a5fb5594f4f5a703ac6331f5fdfe	03e39a42-dde8-46e5-801a-859b93fed859	환경조형시설물설치	환경조형시설물설치	PROMOTED_FROM_SOURCE	DRAFT	RISK-04-APPROVE-001	62c2c50e3c0becbe23a686735d1a7e50ed8bce2f3fa23c539d2250b68227c2d7	EMPTY	EMPTY	RISK-04-MATERIALIZE-001
6f46ecfcae7ce9731e6b48b71529b8cf53ee2220cc5f4a079ae463bf3ef6201b	5d610c6d-f50d-4673-9f42-c36b460c24cd	PROCESS	141627cdd8a52d46885395072c371e86aa2a2beb28ce70de3896fa3487309921	959ac92b-b756-4cec-ab82-048497113fa2	생태복원공사	생태복원공사	PROMOTED_FROM_SOURCE	DRAFT	RISK-04-APPROVE-001	62c2c50e3c0becbe23a686735d1a7e50ed8bce2f3fa23c539d2250b68227c2d7	EMPTY	EMPTY	RISK-04-MATERIALIZE-001
6f4949d80d1fadfc4dcba9a9d846d5004b7b6c90b6a41b6775522ea817108d5f	ccca4099-e907-475a-9f5b-0e993969d515	PROCESS	6c2da1062cabb941946777b7381ec0ec9bd0ee98bf97ec5c2dd234d3b19b5b7d	c66d8388-51e3-4330-bd4b-2cbe4645e8eb	석고탈수및취급설비공사	석고탈수및취급설비공사	PROMOTED_FROM_SOURCE	DRAFT	RISK-04-APPROVE-001	62c2c50e3c0becbe23a686735d1a7e50ed8bce2f3fa23c539d2250b68227c2d7	EMPTY	EMPTY	RISK-04-MATERIALIZE-001
6f72905443e75de6f596f2e962d1debec3c63a00f61edbaaa2262d0a7bc88e67	21246998-0955-4802-af80-33213af8176f	TASK	5928030d4b31d0dea0ef3c8f5f472f6c35d3f184ba38c593b8f521dbdc52a60b	65bb4730-cda3-4c07-9e85-935b900e156d	아스팔트방수	아스팔트방수	PROMOTED_FROM_SOURCE	DRAFT	RISK-04-APPROVE-001	62c2c50e3c0becbe23a686735d1a7e50ed8bce2f3fa23c539d2250b68227c2d7	EMPTY	EMPTY	RISK-04-MATERIALIZE-001
6fc8df183a52399ca6a700b818ea0752deb79a5c661f5702085dcbc3ef2822fb	5a5c0f73-6ea2-45ad-9ab5-0b974d9f2b5f	PROCESS	e271654f1c7852d2159a26c3090155561877ae3961a251572cd7ef697a459066	b5fa3df7-c005-4e6c-a2b5-844d831f9839	지하수개발주기기설비공사	지하수개발주기기설비공사	PROMOTED_FROM_SOURCE	DRAFT	RISK-04-APPROVE-001	62c2c50e3c0becbe23a686735d1a7e50ed8bce2f3fa23c539d2250b68227c2d7	EMPTY	EMPTY	RISK-04-MATERIALIZE-001
700d44e2086f7e3510b1c8592413bfd7174457af028cd6e2abd663a9660b7a9e	217b3732-a8a6-4773-b441-e41b16a3ef25	TASK	0094e4e7a1f0cbeaa70425941c37f1dd06b42da2328faa8fc78d22d5f7693c2a	888bf357-3ff0-4beb-b338-c4153ab0cadc	소형PC구조물공장생산	소형PC구조물공장생산	PROMOTED_FROM_SOURCE	DRAFT	RISK-04-APPROVE-001	62c2c50e3c0becbe23a686735d1a7e50ed8bce2f3fa23c539d2250b68227c2d7	EMPTY	EMPTY	RISK-04-MATERIALIZE-001
702a1972419292ec68b25455315bf5cf56541edaea8c8bdb10a6e9935e0beaf7	250535a6-a833-4003-ad9f-b12b23caeb6b	PROCESS	19a4f25f379f1c2df1583f09f8eb8c3a87236b69fab9c3d0be4f376b3846b4de	8bdf4909-dc81-4a7b-aab4-7c9f78d59aa7	특수거푸집공사	특수거푸집공사	PROMOTED_FROM_SOURCE	DRAFT	RISK-04-APPROVE-001	62c2c50e3c0becbe23a686735d1a7e50ed8bce2f3fa23c539d2250b68227c2d7	EMPTY	EMPTY	RISK-04-MATERIALIZE-001
70435ef21492a20d050dbfc45af0163cd0c4f6248013d5ea65a715ab4a4b4039	3b86bbd2-c2dc-4b44-8e9d-b08d97072b91	PROCESS	b03fbd2acb8a7a1f82ae5001f9ca6792bcac86f726798d4be1b18909aa84d8ac	81fde51a-0a82-4e8e-a2df-f04bd1072a6e	유리부속공사	유리부속공사	PROMOTED_FROM_SOURCE	DRAFT	RISK-04-APPROVE-001	62c2c50e3c0becbe23a686735d1a7e50ed8bce2f3fa23c539d2250b68227c2d7	EMPTY	EMPTY	RISK-04-MATERIALIZE-001
706b109b6fd8aeddce13add7f1c380804672ac30806e855f754e5979a2f7ff3a	32915fdf-e539-40f3-8e31-01c14e4d5a38	PROCESS	EMPTY	EMPTY	도장공사	도장공사	PROMOTED_FROM_SOURCE	DRAFT	RISK-04-APPROVE-001	62c2c50e3c0becbe23a686735d1a7e50ed8bce2f3fa23c539d2250b68227c2d7	EMPTY	EMPTY	RISK-04-MATERIALIZE-001
708f590c9f35d785d6315ee7e29238697d00dd707c7dcda6060e2e370223b385	1546c452-2758-4c09-9aa6-411fd0cdecdd	TASK	EMPTY	EMPTY	시운전	시운전	PROMOTED_FROM_SOURCE	DRAFT	RISK-04-APPROVE-001	62c2c50e3c0becbe23a686735d1a7e50ed8bce2f3fa23c539d2250b68227c2d7	EMPTY	EMPTY	RISK-04-MATERIALIZE-001
70f8baf73081c23c630d509a315dfad2d6f5e9aeeab0228f0cc1a0cce1e9f827	54ecd392-a22a-4337-8852-a7e2ffc110c0	PROCESS	4d79d74207174f4387cf743541280fcd3fd1bddbeeb78a3b54891618259651d3	abdcb02a-6114-4ef2-aa3e-0b634d0a4d9d	기초보강공사	기초보강공사	PROMOTED_FROM_SOURCE	DRAFT	RISK-04-APPROVE-001	62c2c50e3c0becbe23a686735d1a7e50ed8bce2f3fa23c539d2250b68227c2d7	EMPTY	EMPTY	RISK-04-MATERIALIZE-001
7147ddc8d26de85a519355d2536db76cca21dfccd49b7df7866c3a7189c568b4	269bd8c5-244d-4419-8174-4badca799cb0	TASK	43b1a189bbf02fb3ce567f440980c23d9a28a5fb5594f4f5a703ac6331f5fdfe	03e39a42-dde8-46e5-801a-859b93fed859	관리시설물설치	관리시설물설치	PROMOTED_FROM_SOURCE	DRAFT	RISK-04-APPROVE-001	62c2c50e3c0becbe23a686735d1a7e50ed8bce2f3fa23c539d2250b68227c2d7	EMPTY	EMPTY	RISK-04-MATERIALIZE-001
71cd73e41b26e97be3c29830496dc73126077e0fe249882ddb0cb3a040619aaf	82fbca4c-81ce-4131-aadf-8b021ccc74cd	TASK	d5c23a14c706351d68257016184208bec83a12432c027c0b54da81f6eb73c85e	80558c18-8f48-44cc-bc82-270cb0571b63	인조석구조물밑면붙이기	인조석구조물밑면붙이기	PROMOTED_FROM_SOURCE	DRAFT	RISK-04-APPROVE-001	62c2c50e3c0becbe23a686735d1a7e50ed8bce2f3fa23c539d2250b68227c2d7	EMPTY	EMPTY	RISK-04-MATERIALIZE-001
71dbb0b83d309315c35fcbf9d7055443a6d44554e4252d03160dcbdf9250ddb7	3e9ee77c-82dc-4e4e-aeb3-066b4b676d50	TASK	249cb67cbed2c90090fb04d8b37f0cac252b36cdb057f689dc1e7b30153c2ea7	68f690db-ae64-421c-8bfa-b2859ec0bbad	구조물건전성평가	구조물건전성평가	PROMOTED_FROM_SOURCE	DRAFT	RISK-04-APPROVE-001	62c2c50e3c0becbe23a686735d1a7e50ed8bce2f3fa23c539d2250b68227c2d7	EMPTY	EMPTY	RISK-04-MATERIALIZE-001
71f69f546522ed75040cf704f4f42ed672ce20ad067136bb7750e44e32930a21	5e6b8f76-3ff6-4407-b2e7-3d51bfff09fb	PROCESS	9d7bad7d3377b0051c155133999851cda03afb637f6fc506662aa14608b8fd72	23c12507-241e-4e79-a855-4ab96b1ce94d	관갱생공사	관갱생공사	PROMOTED_FROM_SOURCE	DRAFT	RISK-04-APPROVE-001	62c2c50e3c0becbe23a686735d1a7e50ed8bce2f3fa23c539d2250b68227c2d7	EMPTY	EMPTY	RISK-04-MATERIALIZE-001
722bb95ab983fd7e61b5b917e7d273e6f488f2d23db6d9e7d25923afc86fb668	5d999bef-19c2-4d31-b4c0-1f96fac982dc	TASK	fba05c07dc62b9938f5b28091b8d88b0633208a1d76deef0200ed6a85b06b11d	283ded33-4df9-486a-b46f-1a739a0fde76	석재잔다듬마감	석재잔다듬마감	PROMOTED_FROM_SOURCE	DRAFT	RISK-04-APPROVE-001	62c2c50e3c0becbe23a686735d1a7e50ed8bce2f3fa23c539d2250b68227c2d7	EMPTY	EMPTY	RISK-04-MATERIALIZE-001
72383c60847d8e88b7aa778fef9f8bcbc78b4f55ad9bb300d411bc3de433462b	be5ace6b-9692-4afb-979c-682df6d6f49e	PROCESS	49211b2052bbcd7b5bfbcc655622bc55a5e030d18781279df5248769f2649dc0	73869123-c8b9-487e-ba92-1a6bea143b1d	냉동기․냉각탑공사	냉동기․냉각탑공사	PROMOTED_FROM_SOURCE	DRAFT	RISK-04-APPROVE-001	62c2c50e3c0becbe23a686735d1a7e50ed8bce2f3fa23c539d2250b68227c2d7	EMPTY	EMPTY	RISK-04-MATERIALIZE-001
72693c99195d4a480b6a89968dcec1c8956dd4259d95267be716b2346baeb6c3	3203495b-962f-4be6-a97c-40995580d327	PROCESS	dedf7ae4d0b0d778516158b7936e107774dc1d648fee00951a5b60552aa2d086	b59cb22e-8fa2-47ea-8abe-cb1a4165ffa2	건축물통합감시설비공사	건축물통합감시설비공사	PROMOTED_FROM_SOURCE	DRAFT	RISK-04-APPROVE-001	62c2c50e3c0becbe23a686735d1a7e50ed8bce2f3fa23c539d2250b68227c2d7	EMPTY	EMPTY	RISK-04-MATERIALIZE-001
72928788e298aeb23cd36eccd5110e1421792f84e4e9fc34d24842376382fcc3	f9f01adb-38e6-45bd-b73e-4b04abd32b28	PROCESS	3c47be97bfa282855af6f836d66cd88245867d0c60b073b473a50dee61d7112e	f84566d0-2894-4085-88e9-0a462e2aba38	비탈면보호	비탈면보호	PROMOTED_FROM_SOURCE	DRAFT	RISK-04-APPROVE-001	62c2c50e3c0becbe23a686735d1a7e50ed8bce2f3fa23c539d2250b68227c2d7	EMPTY	EMPTY	RISK-04-MATERIALIZE-001
72a5aaa482068ddd092e5e0c929fb21af871ef72a08bb278a163c890557357b0	41ced568-9e4d-43d7-afad-ed3700539c04	TASK	8dfd87d947fee2f86f04bc53ddb263279df8a89a0e195f57a25386dac1d785d8	daab7a35-f93b-48b3-b605-f99fb38fb1a0	시멘트페이스트바름	시멘트페이스트바름	PROMOTED_FROM_SOURCE	DRAFT	RISK-04-APPROVE-001	62c2c50e3c0becbe23a686735d1a7e50ed8bce2f3fa23c539d2250b68227c2d7	EMPTY	EMPTY	RISK-04-MATERIALIZE-001
72af1c9a9b9f0656891ce93dd513211bb41f80ecdf2c0bc9d4d116d9dcfb3cbe	1d8903ba-04cf-419e-8aa5-feec2258627f	TASK	4ec4c1db1aa96205b1bab2ccd42eb2f8e88a45efd6a034c86676972d0834034d	46d59aac-0786-4500-a7ac-257e93c55745	리핑암흙깍기	리핑암흙깍기	PROMOTED_FROM_SOURCE	DRAFT	RISK-04-APPROVE-001	62c2c50e3c0becbe23a686735d1a7e50ed8bce2f3fa23c539d2250b68227c2d7	EMPTY	EMPTY	RISK-04-MATERIALIZE-001
72f60ec1e67b3a98729837870fd95698488aaac96744f016ee02cb7c861c4df2	99d71e86-a3a7-4478-8b3f-b0b8412c2f35	TASK	662a1cd5be3e0e40b809a2385f9b185da542c9cafc8a3f8b26ea47aac1b6e4a7	abcb1e66-9a44-41c9-9baa-8482f9498106	기타지하구조물제거	기타지하구조물제거	PROMOTED_FROM_SOURCE	DRAFT	RISK-04-APPROVE-001	62c2c50e3c0becbe23a686735d1a7e50ed8bce2f3fa23c539d2250b68227c2d7	EMPTY	EMPTY	RISK-04-MATERIALIZE-001
732907d3a0c1fb040b472b6ebe12001a621ac875f5d25d253b36b405dc501483	482ca0cf-a619-461f-a1b6-f9828435832d	PROCESS	cfb52d9ba0bc0f700de3985ceb83668d2509a94cb1154969ad48a8bea3e97ed8	ed593b2a-6e8d-4777-b869-fd28bc3b575d	수영장설비공사	수영장설비공사	PROMOTED_FROM_SOURCE	DRAFT	RISK-04-APPROVE-001	62c2c50e3c0becbe23a686735d1a7e50ed8bce2f3fa23c539d2250b68227c2d7	EMPTY	EMPTY	RISK-04-MATERIALIZE-001
7362b082fe57b54c4b760adf7a023faab85a842c6fefc63b9662ea58ff2c73b2	da28d19f-2dbe-4b1a-828a-84af71ea1ce1	PROCESS	9ac4bb062d521abe8e69b359393e5ce6cf23efda77d4f73fbaae1d63f43d738f	028d5fdc-46ea-4021-ae54-f10eaa310163	노선측량	노선측량	PROMOTED_FROM_SOURCE	DRAFT	RISK-04-APPROVE-001	62c2c50e3c0becbe23a686735d1a7e50ed8bce2f3fa23c539d2250b68227c2d7	EMPTY	EMPTY	RISK-04-MATERIALIZE-001
744061e7626adb46fab501aaaf3b3731bb7ae3ec1ac10fd12ea0cc6e0dfde5b7	df4016d2-ef88-480b-8c28-32f0585f8346	PROCESS	13ef25655bb8802c9f2248fa72aa1339b99db5cd94f16bd2ae8d59f8ac83db00	25e2cf2e-83c2-4ecc-a6c0-e313f101102a	해상구조물철거 해체	해상구조물철거 해체	PROMOTED_FROM_SOURCE	DRAFT	RISK-04-APPROVE-001	62c2c50e3c0becbe23a686735d1a7e50ed8bce2f3fa23c539d2250b68227c2d7	EMPTY	EMPTY	RISK-04-MATERIALIZE-001
744e95bb6e4a96594b2a7ad300501609c2e73264f98d8b4d92b4726208bb59cd	c3fc6f08-b063-4c2c-88d3-f2242493e17e	PROCESS	9ac4bb062d521abe8e69b359393e5ce6cf23efda77d4f73fbaae1d63f43d738f	028d5fdc-46ea-4021-ae54-f10eaa310163	지적측량	지적측량	PROMOTED_FROM_SOURCE	DRAFT	RISK-04-APPROVE-001	62c2c50e3c0becbe23a686735d1a7e50ed8bce2f3fa23c539d2250b68227c2d7	EMPTY	EMPTY	RISK-04-MATERIALIZE-001
74a220321964dbd5fe811b35ae77db635c17fa91531a483f5ace2c2488242eee	61b431eb-4edf-4717-a1b6-7877f1f5deb8	PROCESS	934cec93edfa5eb83d4262be5e58f58cc6b9cdf02f1d610a2168f31c04864b63	afcecca7-c90d-471d-a18b-670fa2563fa5	터널보강및안정	터널보강및안정	PROMOTED_FROM_SOURCE	DRAFT	RISK-04-APPROVE-001	62c2c50e3c0becbe23a686735d1a7e50ed8bce2f3fa23c539d2250b68227c2d7	EMPTY	EMPTY	RISK-04-MATERIALIZE-001
750067d3e434ddea0d8600d1f6d1e29d36e09c7cb701500f63c5ef434b3581f0	976603c1-0758-46a7-b7e8-c30874f776bf	TASK	3f612031c05b9c0b8ba03255f00c29f63216aab4035a4a662dab66c1ba3616ba	83af0eaa-fc44-43e9-8d32-04cceb71d6f3	수준측량	수준측량	PROMOTED_FROM_SOURCE	DRAFT	RISK-04-APPROVE-001	62c2c50e3c0becbe23a686735d1a7e50ed8bce2f3fa23c539d2250b68227c2d7	EMPTY	EMPTY	RISK-04-MATERIALIZE-001
7566f09b9ed2087f94f2d76f9c8c854c25aba60ac57d4301142bc7dabe1ce1e4	2ea4b06e-6723-4b5d-8a75-323571106262	PROCESS	8d816976ae5c7a16e26a7395911f4a7a85c2a9b517b3affe7c6bab59a35fd3b1	22ce750a-d007-4571-a3c0-04d1c068d2cd	회처리설비공사	회처리설비공사	PROMOTED_FROM_SOURCE	DRAFT	RISK-04-APPROVE-001	62c2c50e3c0becbe23a686735d1a7e50ed8bce2f3fa23c539d2250b68227c2d7	EMPTY	EMPTY	RISK-04-MATERIALIZE-001
756ad0c501f2d804cec8fa019e3413d1b617534db00da45457afdf6fb807cd10	ab2963c9-b780-484a-9dba-cac8ce651dc6	PROCESS	87b16db6c82b01f971ea80213fd300e26dc80926320731a8d04ba7f460eefbb8	0219c299-f031-467e-b29e-53510bc94b4c	지반그라우팅	지반그라우팅	MERGED_FROM_REVIEWED_SOURCES	DRAFT	RISK-04-APPROVE-001	62c2c50e3c0becbe23a686735d1a7e50ed8bce2f3fa23c539d2250b68227c2d7	EMPTY	EMPTY	RISK-04-MATERIALIZE-001
75dc9417299ad56873718c0e4819941294560094ecfc9b9b47c5d97fa1cb273b	5f023b49-df63-4eeb-a0be-240a7be0d585	TASK	b266a326ad7e5eba11caadfe51d101ee205be6a4e31ad787d39ada491eb41c00	03597104-73d5-4f11-bee7-2c3162f7270c	도기질타일내벽붙이기	도기질타일내벽붙이기	PROMOTED_FROM_SOURCE	DRAFT	RISK-04-APPROVE-001	62c2c50e3c0becbe23a686735d1a7e50ed8bce2f3fa23c539d2250b68227c2d7	EMPTY	EMPTY	RISK-04-MATERIALIZE-001
760f584f9c06b7d6dd7f8efe09462141e56df169d50afb5825d06fb4a3adf430	2d025eae-4b07-4e46-b0d6-523d60517425	TASK	b266a326ad7e5eba11caadfe51d101ee205be6a4e31ad787d39ada491eb41c00	03597104-73d5-4f11-bee7-2c3162f7270c	점토질타일내벽붙이기	점토질타일내벽붙이기	PROMOTED_FROM_SOURCE	DRAFT	RISK-04-APPROVE-001	62c2c50e3c0becbe23a686735d1a7e50ed8bce2f3fa23c539d2250b68227c2d7	EMPTY	EMPTY	RISK-04-MATERIALIZE-001
7653ce9c87a830de615a7872b94f36b4f95c24e3061fde52463033cfe2e1e438	813be6a8-13c4-4c96-9c90-36bd04348fb5	TASK	894d7093086b3017def26a1e2260a364fa47f606c33ec7b2fd42a620ed0a394e	8bb17a44-1e90-43ad-96d0-4880fb5b9771	바닥판깔기	바닥판깔기	PROMOTED_FROM_SOURCE	DRAFT	RISK-04-APPROVE-001	62c2c50e3c0becbe23a686735d1a7e50ed8bce2f3fa23c539d2250b68227c2d7	EMPTY	EMPTY	RISK-04-MATERIALIZE-001
76bc52f6ae14f969d8aed49631d298ab8e349c21761f8b659fc1e006ea952a5f	e1475038-f654-410b-af82-3346431b856a	TASK	c48a126442b60fe1ca9b87047b589a1c9ca457cce2a3e4c118ea409857fe9178	ceb698ea-4a98-4f97-badd-03635225312f	전기집진기설비방풍벽설치공사	전기집진기설비방풍벽설치공사	PROMOTED_FROM_SOURCE	DRAFT	RISK-04-APPROVE-001	62c2c50e3c0becbe23a686735d1a7e50ed8bce2f3fa23c539d2250b68227c2d7	EMPTY	EMPTY	RISK-04-MATERIALIZE-001
76c9f3e11a72c087da34f162e7c8b7bab6ca24101a933e786a9c931c7a0ac2df	ac05b5fe-9f99-4c1d-bb79-dd4a2e3a990a	TASK	206d7fdddef45b9e8a97e6f58bafdc77e5add659193f4b081bef7d0c119bef49	c31d427e-edb6-4d28-a9ae-ff5afd266a20	대리석조적	대리석조적	PROMOTED_FROM_SOURCE	DRAFT	RISK-04-APPROVE-001	62c2c50e3c0becbe23a686735d1a7e50ed8bce2f3fa23c539d2250b68227c2d7	EMPTY	EMPTY	RISK-04-MATERIALIZE-001
76cd3025c1c646511cf705f3f178193de585d37436b218cbc62a6d72e8bef44e	4a8eed35-4798-4eb7-806a-cf9c48c95d78	PROCESS	1f1041e6925f663ff5ec5202db7516c78dbb0b31cd24106bd53426ea70b6753a	abef3abd-2b30-455a-87bc-1e2b9c875aa7	건축잡철물제작설치	건축잡철물제작설치	PROMOTED_FROM_SOURCE	DRAFT	RISK-04-APPROVE-001	62c2c50e3c0becbe23a686735d1a7e50ed8bce2f3fa23c539d2250b68227c2d7	EMPTY	EMPTY	RISK-04-MATERIALIZE-001
7746bbc8fc5a8ff3710d156df63650c2aae782b6622a8e900bac28f9f3e47c78	a5dbd267-9f8c-4490-b224-f9366a7d5d66	TASK	6687836107bb3e7d0a4cdc3c83aedda7d8ac7eaa5618bd2b1bbe34550fe9c44a	877ee6f7-1b8a-4804-9865-ef3a65ac01d6	PC슬라브조립	PC슬라브조립	PROMOTED_FROM_SOURCE	DRAFT	RISK-04-APPROVE-001	62c2c50e3c0becbe23a686735d1a7e50ed8bce2f3fa23c539d2250b68227c2d7	EMPTY	EMPTY	RISK-04-MATERIALIZE-001
77558d43f2fbdaf86af49dcdaebc94288203e7ea1c9d196cb3c5063a8fd9857f	0d24428d-8d2b-4b43-b9d2-189481059c08	PROCESS	56d3df21fd0a64158b82a8652376ab6c7bd18c6309db04b5d442b6587afcf395	5bcf0b15-5ee3-4f38-b5e4-d671d7d24197	기계 프랜트공통시험 시운전공사	기계 프랜트공통시험 시운전공사	PROMOTED_FROM_SOURCE	DRAFT	RISK-04-APPROVE-001	62c2c50e3c0becbe23a686735d1a7e50ed8bce2f3fa23c539d2250b68227c2d7	EMPTY	EMPTY	RISK-04-MATERIALIZE-001
77913cf6c76479cf46b1386a35a21a5770e9099c5ef13ec823bb75e5ffac0d5e	9bc784f4-b29c-4097-bcf5-8e3f81f33ea4	PROCESS	b010f76c574f6761abb7e73d610ed737629be5b00dffea26cbddac07135e7587	6a52b996-2bc6-43cd-9f29-02cab6f1700c	토목품질시험	토목품질시험	PROMOTED_FROM_SOURCE	DRAFT	RISK-04-APPROVE-001	62c2c50e3c0becbe23a686735d1a7e50ed8bce2f3fa23c539d2250b68227c2d7	EMPTY	EMPTY	RISK-04-MATERIALIZE-001
77c7032624c29314caf7433c21c9b96367f23d1666a116472e3fd816e5858610	6ed865b8-abdc-43c9-9f9d-bac45610dfb4	PROCESS	1b01f7e3cd4bfbdcf610554066aa88036ab7be729aa908b66f0ec7936195732d	b07d3c54-238b-4c4a-95b2-5aaabf182076	터파기	터파기	PROMOTED_FROM_SOURCE	DRAFT	RISK-04-APPROVE-001	62c2c50e3c0becbe23a686735d1a7e50ed8bce2f3fa23c539d2250b68227c2d7	EMPTY	EMPTY	RISK-04-MATERIALIZE-001
77d86b2361e41f7526d930d3888d7a9b5042e288c5e4e50104231f64b58012e2	f4e23b4c-6fae-4628-9f47-209bc28affbc	TASK	b266a326ad7e5eba11caadfe51d101ee205be6a4e31ad787d39ada491eb41c00	03597104-73d5-4f11-bee7-2c3162f7270c	자기질타일내벽붙이기	자기질타일내벽붙이기	PROMOTED_FROM_SOURCE	DRAFT	RISK-04-APPROVE-001	62c2c50e3c0becbe23a686735d1a7e50ed8bce2f3fa23c539d2250b68227c2d7	EMPTY	EMPTY	RISK-04-MATERIALIZE-001
77e493c09f81cf218a27a904040de44d52883fb69f94766be2205f3781da3b96	e9cdc042-6f11-43d5-a359-009a0375a4f5	TASK	67147c00f93715db6e67724936aa012d382613bba7f73e3cc28d2e5deca1d52b	128af189-99ce-4b61-b638-1ae7b9cc7267	방부처리	방부처리	PROMOTED_FROM_SOURCE	DRAFT	RISK-04-APPROVE-001	62c2c50e3c0becbe23a686735d1a7e50ed8bce2f3fa23c539d2250b68227c2d7	EMPTY	EMPTY	RISK-04-MATERIALIZE-001
7813a8d1e3c60d92b3956e15f6ed59cb0f8161ab2b50edab4d4f901288342ed0	efa362d3-2550-439a-a444-c44d1639f8f5	PROCESS	13ef25655bb8802c9f2248fa72aa1339b99db5cd94f16bd2ae8d59f8ac83db00	25e2cf2e-83c2-4ecc-a6c0-e313f101102a	기계설비철거 해체	기계설비철거 해체	PROMOTED_FROM_SOURCE	DRAFT	RISK-04-APPROVE-001	62c2c50e3c0becbe23a686735d1a7e50ed8bce2f3fa23c539d2250b68227c2d7	EMPTY	EMPTY	RISK-04-MATERIALIZE-001
78667ee606b918b75d4ecd9e903c7a2e93548e314da292f68715e2f134fd2308	9561f173-c6f7-46fa-9f20-ee2cefc6b731	TASK	0094e4e7a1f0cbeaa70425941c37f1dd06b42da2328faa8fc78d22d5f7693c2a	888bf357-3ff0-4beb-b338-c4153ab0cadc	특수PC구조부재현장생산	특수PC구조부재현장생산	PROMOTED_FROM_SOURCE	DRAFT	RISK-04-APPROVE-001	62c2c50e3c0becbe23a686735d1a7e50ed8bce2f3fa23c539d2250b68227c2d7	EMPTY	EMPTY	RISK-04-MATERIALIZE-001
787b7cb8a6ca4838fb0a3eb237b359c3be0896b00e2bfedf469d95ee0e82f88f	97f8d079-cfee-47db-a3ae-19da78d1c240	TASK	72383c60847d8e88b7aa778fef9f8bcbc78b4f55ad9bb300d411bc3de433462b	be5ace6b-9692-4afb-979c-682df6d6f49e	냉각탑설치공사	냉각탑설치공사	PROMOTED_FROM_SOURCE	DRAFT	RISK-04-APPROVE-001	62c2c50e3c0becbe23a686735d1a7e50ed8bce2f3fa23c539d2250b68227c2d7	EMPTY	EMPTY	RISK-04-MATERIALIZE-001
78a6f187225b597999fcadab5871a7715b1b2ab22d4722e2c4e29edfc2f0fdff	e60090a6-8197-4214-9573-f107a4236c95	TASK	01cf3373ebf183d4037b67bddd2d8679dcd717e985022494af1f6c6742756512	f17b6a9e-331e-42d3-85cb-f8bba038414c	콘크리트도상설치	콘크리트도상설치	PROMOTED_FROM_SOURCE	DRAFT	RISK-04-APPROVE-001	62c2c50e3c0becbe23a686735d1a7e50ed8bce2f3fa23c539d2250b68227c2d7	EMPTY	EMPTY	RISK-04-MATERIALIZE-001
78e7b7ef18b0b9c62ea2cd8a2004514774ae0432271adf024c5ab70f97370fd7	c1a8e0fb-ca00-42d4-84e9-1c4ad6457bba	PROCESS	c9c24e10dd9da5cc97f2759cb026e93a4fcdf6d9824dc3d76e9769c3ecf10552	911b5ce9-e3ee-4d09-b661-dda9e08b1554	입퇴실관리설비공사	입퇴실관리설비공사	PROMOTED_FROM_SOURCE	DRAFT	RISK-04-APPROVE-001	62c2c50e3c0becbe23a686735d1a7e50ed8bce2f3fa23c539d2250b68227c2d7	EMPTY	EMPTY	RISK-04-MATERIALIZE-001
7920f1204063eae32999ca258c5ffb4bbf09254160796ab21d1c839f81601ec9	6e1433c6-385c-48c9-9a85-8099a29970a1	TASK	f235f7f7fb413230f5f653e9f0172a51ac3d0b2a446aa7d020b94803ee7d934a	e6e5c460-6c7a-4234-8823-ae8f98451029	인방설치	인방설치	PROMOTED_FROM_SOURCE	DRAFT	RISK-04-APPROVE-001	62c2c50e3c0becbe23a686735d1a7e50ed8bce2f3fa23c539d2250b68227c2d7	EMPTY	EMPTY	RISK-04-MATERIALIZE-001
793a3ed79f2c15fe579a0a091a1c6f197a870fd633d16d8d7bfd8dd4a5894b2b	a1002845-9933-4155-b3c9-34056dbcb041	TASK	d5c23a14c706351d68257016184208bec83a12432c027c0b54da81f6eb73c85e	80558c18-8f48-44cc-bc82-270cb0571b63	천연슬래이트구조물밑면붙이기	천연슬래이트구조물밑면붙이기	PROMOTED_FROM_SOURCE	DRAFT	RISK-04-APPROVE-001	62c2c50e3c0becbe23a686735d1a7e50ed8bce2f3fa23c539d2250b68227c2d7	EMPTY	EMPTY	RISK-04-MATERIALIZE-001
796a1e54c219c3640bde0e60f3287acf9718e517d571ef534b81fdefcc942627	36c03836-3955-4701-9f5c-890d3b809197	TASK	3f612031c05b9c0b8ba03255f00c29f63216aab4035a4a662dab66c1ba3616ba	83af0eaa-fc44-43e9-8d32-04cceb71d6f3	삼각측량	삼각측량	PROMOTED_FROM_SOURCE	DRAFT	RISK-04-APPROVE-001	62c2c50e3c0becbe23a686735d1a7e50ed8bce2f3fa23c539d2250b68227c2d7	EMPTY	EMPTY	RISK-04-MATERIALIZE-001
7986d792883029c145809ea43b8aaef8558ef50c7c99fee7d15eb226fe3bae11	014c927e-9bf8-45ed-817f-c3153f9c4a5d	PROCESS	cf1ecf5c2d7cb6f58c0d55291d4f55089f496affdb0ef538b0addb2641c4e15f	c23d53b4-6e43-4cb4-b165-532318204bda	살균설비보조설비공사	살균설비보조설비공사	PROMOTED_FROM_SOURCE	DRAFT	RISK-04-APPROVE-001	62c2c50e3c0becbe23a686735d1a7e50ed8bce2f3fa23c539d2250b68227c2d7	EMPTY	EMPTY	RISK-04-MATERIALIZE-001
79c9e18eab7b84dddfa7df4a051126b75af9b73154b2b664848d1d41f0cc3d86	90930af3-0b18-4126-8112-35d3f4cad886	TASK	3d48573e1d316e06b26b513b3d1b0f6ce573017dffb0fd382f18aa346ee5e727	69f8d873-5093-4204-9150-57d65de28751	시트벽체단열	시트벽체단열	PROMOTED_FROM_SOURCE	DRAFT	RISK-04-APPROVE-001	62c2c50e3c0becbe23a686735d1a7e50ed8bce2f3fa23c539d2250b68227c2d7	EMPTY	EMPTY	RISK-04-MATERIALIZE-001
7a439acd29dd65f69446cf3e5799efa47c52dc521704096d4356e2e021028380	f7a46c9c-1334-4f1e-9d80-def9c46953d2	TASK	EMPTY	EMPTY	검측 기성	검측 기성	PROMOTED_FROM_SOURCE	DRAFT	RISK-04-APPROVE-001	62c2c50e3c0becbe23a686735d1a7e50ed8bce2f3fa23c539d2250b68227c2d7	EMPTY	EMPTY	RISK-04-MATERIALIZE-001
7a665c11748c42341077fd9afd02a35c4c5393995913074b384079703b592772	89c9da77-092d-400f-b40b-ae6c86aaad97	PROCESS	03d0ce13703e243cff19322fe0df26962d243d37dea0f0bc2d7522a0544a10ab	e79962f4-c455-4596-8a18-bf204bdb707c	전기․통신공사관련기타공통공사	전기․통신공사관련기타공통공사	PROMOTED_FROM_SOURCE	DRAFT	RISK-04-APPROVE-001	62c2c50e3c0becbe23a686735d1a7e50ed8bce2f3fa23c539d2250b68227c2d7	EMPTY	EMPTY	RISK-04-MATERIALIZE-001
7a7f3e0374eb6a49916d458f3487c9b64cdbcefd87d7656d9dd3e11c6294c58f	a81755e8-11af-471d-a658-ac569bf44b30	PROCESS	3ee299700e719122727bf96e921d69ceac1520282666e4ca2bd8d94bd1edcde2	8e919d1e-95ab-440f-b2bc-f6788edd8ed0	배관공사	배관공사	PROMOTED_FROM_SOURCE	DRAFT	RISK-04-APPROVE-001	62c2c50e3c0becbe23a686735d1a7e50ed8bce2f3fa23c539d2250b68227c2d7	EMPTY	EMPTY	RISK-04-MATERIALIZE-001
7a8804dea1ba154d095565e97e6bccea70dc6494b5679e73e323c0757ed433f7	08e9ba68-ac17-4295-9624-13d58b026807	TASK	c7f1f2cc78c4ae135dee0f12e4f7c7a93419f07e4924b72dc0cae7eb78ba51fe	6b2fd118-f45c-4ef3-8c3a-56769a54d6e1	암반시험	암반시험	PROMOTED_FROM_SOURCE	DRAFT	RISK-04-APPROVE-001	62c2c50e3c0becbe23a686735d1a7e50ed8bce2f3fa23c539d2250b68227c2d7	EMPTY	EMPTY	RISK-04-MATERIALIZE-001
7b21b162c29e061412f9f25ac18e3f5cdf2ab0041f4c81b4d8205698c04803ca	0130841f-94a5-4de6-8bb2-ff4bfc591698	TASK	cc03b5f255e4c76a4d9018d5b36c052591b7677fe406b8c343fb8873feb99bf7	0b5224ee-1c0d-41eb-8367-a80e2762d7bf	도어씰붙이기	도어씰붙이기	PROMOTED_FROM_SOURCE	DRAFT	RISK-04-APPROVE-001	62c2c50e3c0becbe23a686735d1a7e50ed8bce2f3fa23c539d2250b68227c2d7	EMPTY	EMPTY	RISK-04-MATERIALIZE-001
7b950f5dd7994176609d921d7c09c2e641d70a4bec97420d934b50c7dcf03ab1	44773eaa-a564-48ef-8e0a-c4ce2aaa12ba	PROCESS	dedf7ae4d0b0d778516158b7936e107774dc1d648fee00951a5b60552aa2d086	b59cb22e-8fa2-47ea-8abe-cb1a4165ffa2	제어설비공사	제어설비공사	PROMOTED_FROM_SOURCE	DRAFT	RISK-04-APPROVE-001	62c2c50e3c0becbe23a686735d1a7e50ed8bce2f3fa23c539d2250b68227c2d7	EMPTY	EMPTY	RISK-04-MATERIALIZE-001
7be252a6ee307aae0aaeb7e639cc8a086d9fcc4380867da7cef6c753c4d80e63	517767c0-f4d7-4d49-830d-77226236abc6	TASK	7f3096c3b1ffcbc09399fbb58b6bbd30a438e0659db4c98e16b831094794ba0d	c1680b32-68b5-4fc5-8c80-efd711650709	건널목깔기(개량형)	건널목깔기(개량형)	PROMOTED_FROM_SOURCE	DRAFT	RISK-04-APPROVE-001	62c2c50e3c0becbe23a686735d1a7e50ed8bce2f3fa23c539d2250b68227c2d7	EMPTY	EMPTY	RISK-04-MATERIALIZE-001
7bf278541877f4e20baa73c0ba0493c6a18892d4c525e53d9221d8620c0d69cf	e8876997-79a4-4923-bb22-3bc21c0205df	TASK	4f2e093b95fb979b6e7fe6f6e15610c29313de754e86cf0d7afde24ec2151dee	3b8c0252-1275-4fa7-b549-5954d2a2d5c6	프라스틱관부설	프라스틱관부설	PROMOTED_FROM_SOURCE	DRAFT	RISK-04-APPROVE-001	62c2c50e3c0becbe23a686735d1a7e50ed8bce2f3fa23c539d2250b68227c2d7	EMPTY	EMPTY	RISK-04-MATERIALIZE-001
7bf3910987cb6c1c0cf003241a745ed3fbb08dcbd5458ce04bc874215025e5d9	440e6421-a389-4415-991f-b1a4c350d3f1	PROCESS	00f32052a00a9a85ca580077d451dcc4a0ac451efe34e5408bc333b25fb49ff5	1040f9ac-c01a-4d59-ab9f-ce549d0f641b	커튼월프레임및앵커설치	커튼월프레임및앵커설치	PROMOTED_FROM_SOURCE	DRAFT	RISK-04-APPROVE-001	62c2c50e3c0becbe23a686735d1a7e50ed8bce2f3fa23c539d2250b68227c2d7	EMPTY	EMPTY	RISK-04-MATERIALIZE-001
7bff8bea4adadcc060b1da4fdcdc0495bb16bb4f5f03c3737862541ba252cbc1	b119206d-d7a3-412d-aa99-32eab0f455c2	PROCESS	a35727bec64ace552ea87768f92eaa16bcde8af75c0da8aef1651a2880c7dc59	476efd01-d9c9-46c9-908b-3dcd7f719930	PC부속재설치공사	PC부속재설치공사	PROMOTED_FROM_SOURCE	DRAFT	RISK-04-APPROVE-001	62c2c50e3c0becbe23a686735d1a7e50ed8bce2f3fa23c539d2250b68227c2d7	EMPTY	EMPTY	RISK-04-MATERIALIZE-001
7cf0e55fc5775e6c8c2904e17fe2f2fb1effd811daa301fed9bf80a8191795bb	98fef6ba-dd32-4272-b518-e7694a378846	PROCESS	87fa53f9401d9b7c7720ef7da477dadd283d8362a38e4a5f37f5d2e5fdaf5ac4	283efb15-14fe-459f-afee-1142d73e503a	송전설비공사	송전설비공사	MERGED_FROM_REVIEWED_SOURCES	DRAFT	RISK-04-APPROVE-001	62c2c50e3c0becbe23a686735d1a7e50ed8bce2f3fa23c539d2250b68227c2d7	EMPTY	EMPTY	RISK-04-MATERIALIZE-001
7cf28178e0052b7cbf45673b245304e12874de3c72852f353458d99c2f1a3e70	36c09bd9-fb21-47ee-b853-f7a86063a6ce	PROCESS	b84acc473853e920d7ef63dfd2c7026ed302e12a8c298f046af90f6e3cd53f4c	660aa095-2f4d-42e5-b16e-0ed86ee069c0	밑고정공사	밑고정공사	PROMOTED_FROM_SOURCE	DRAFT	RISK-04-APPROVE-001	62c2c50e3c0becbe23a686735d1a7e50ed8bce2f3fa23c539d2250b68227c2d7	EMPTY	EMPTY	RISK-04-MATERIALIZE-001
7d7e1656f0fa19609db15574073725418f609bee46b5c86f4902f1e11b7cb561	45cde2e5-92ce-4370-b53a-8fe6dd293aef	TASK	1cf07cdcbd1df01844dc417dfc25899e9f8855c743ffeaa8b82fd28792f90073	b6103826-0560-4525-9cc9-2b7bf8f0d63b	대리석내벽붙이기	대리석내벽붙이기	PROMOTED_FROM_SOURCE	DRAFT	RISK-04-APPROVE-001	62c2c50e3c0becbe23a686735d1a7e50ed8bce2f3fa23c539d2250b68227c2d7	EMPTY	EMPTY	RISK-04-MATERIALIZE-001
7d81cf8b2d26a6e0ba0f2ef7e48033aec988f358a830fbf0aa347c2ab286dfc2	604cd924-7c0d-4fa0-a5ba-17adceb5b82c	PROCESS	4d9e8f9fa87bd378789d8cf760fcc530d324b31228a4807c8d19549ba282a0af	365b740b-5b5b-429a-8e6e-d02c53977eda	목욕탕및사우나공사	목욕탕및사우나공사	PROMOTED_FROM_SOURCE	DRAFT	RISK-04-APPROVE-001	62c2c50e3c0becbe23a686735d1a7e50ed8bce2f3fa23c539d2250b68227c2d7	EMPTY	EMPTY	RISK-04-MATERIALIZE-001
7d8f4dfb952b59daa45a71b00c4fff5823d25e78430280718a0544fb9fed1892	add5952f-f7be-4c76-9517-24c222390278	TASK	3f612031c05b9c0b8ba03255f00c29f63216aab4035a4a662dab66c1ba3616ba	83af0eaa-fc44-43e9-8d32-04cceb71d6f3	기준점측량	기준점측량	PROMOTED_FROM_SOURCE	DRAFT	RISK-04-APPROVE-001	62c2c50e3c0becbe23a686735d1a7e50ed8bce2f3fa23c539d2250b68227c2d7	EMPTY	EMPTY	RISK-04-MATERIALIZE-001
7d998429c979fb90025cfdc3b72fcecbd47952246191a2bc1ef02f5874c6985e	48506cef-8fc8-4838-bbd7-86e32129f825	PROCESS	1a13ea0495c762c614f4fa5cbcf476764c9287e017255d6e15df7cb6defa5748	f0d60f4d-849f-4ef2-aa5b-5535bca53c2a	터널공사계측	터널공사계측	PROMOTED_FROM_SOURCE	DRAFT	RISK-04-APPROVE-001	62c2c50e3c0becbe23a686735d1a7e50ed8bce2f3fa23c539d2250b68227c2d7	EMPTY	EMPTY	RISK-04-MATERIALIZE-001
7dd1d5417300cf8a30f396885c09c9bdbc9355450ce458fbbd02f4de3cd7c641	a3c8740c-371a-4488-a067-df38ce0442e0	PROCESS	324a6174194830c28313ed55db68d5b1b90bfec20a53637f8cf0bb36595ab486	38fbdf93-33bd-4a36-883a-ce824f7d1638	예비전원설비공사	예비전원설비공사	MERGED_FROM_REVIEWED_SOURCES	DRAFT	RISK-04-APPROVE-001	62c2c50e3c0becbe23a686735d1a7e50ed8bce2f3fa23c539d2250b68227c2d7	EMPTY	EMPTY	RISK-04-MATERIALIZE-001
7dfcd72be5586b9f974f007f9acd506e3434c25ae1ae5b8003230dc2406aea68	fc232be6-65dd-4883-aac6-954733f4cb33	TASK	ecff0517d16e0b91202497247863bdb868d18181e32eaa96d696c6c93c45a6d8	b8eab2b5-cfe3-499f-8ca7-86d738a2276b	파종	파종	PROMOTED_FROM_SOURCE	DRAFT	RISK-04-APPROVE-001	62c2c50e3c0becbe23a686735d1a7e50ed8bce2f3fa23c539d2250b68227c2d7	EMPTY	EMPTY	RISK-04-MATERIALIZE-001
7e68620b12c851771d85c67bf2f4069e4538960ac80db7a33b26132d285fb650	c85d4beb-19a1-4acf-be09-01cba9bc60f1	TASK	744061e7626adb46fab501aaaf3b3731bb7ae3ec1ac10fd12ea0cc6e0dfde5b7	df4016d2-ef88-480b-8c28-32f0585f8346	해상콘크리트구조물철거 해체	해상콘크리트구조물철거 해체	PROMOTED_FROM_SOURCE	DRAFT	RISK-04-APPROVE-001	62c2c50e3c0becbe23a686735d1a7e50ed8bce2f3fa23c539d2250b68227c2d7	EMPTY	EMPTY	RISK-04-MATERIALIZE-001
7e6f958608008823b4dbe72a4599a7e6b7321c13e91d62e743f9fa9ab0f5d7a7	ab043a78-78c5-48bb-8998-2f6ae248404a	PROCESS	c129d70ee17ee7e20aba9c21cae92da3fe0fddc46001c4e36396b34ff8f1e49c	420063a2-9d63-4632-8822-bd6dad312452	지역열공급설비설비공사	지역열공급설비설비공사	PROMOTED_FROM_SOURCE	DRAFT	RISK-04-APPROVE-001	62c2c50e3c0becbe23a686735d1a7e50ed8bce2f3fa23c539d2250b68227c2d7	EMPTY	EMPTY	RISK-04-MATERIALIZE-001
7e7bac0305e8eb238bdb3f181c8cfce879de14046050a8fc72573d5da1c5b245	012e46eb-485c-422e-8028-992da625740b	PROCESS	bc68572923c8910b9b34b63d85b18ecc876df84b7e42beb1fe2750242dca64f0	53a12554-80fd-467a-bab4-560fe63e32e0	기타옹벽공사	기타옹벽공사	PROMOTED_FROM_SOURCE	DRAFT	RISK-04-APPROVE-001	62c2c50e3c0becbe23a686735d1a7e50ed8bce2f3fa23c539d2250b68227c2d7	EMPTY	EMPTY	RISK-04-MATERIALIZE-001
7ec20cca98d1a8e57ad965ac03b179046097caa2f4dbdf400767ae556e9c924c	25dea9cd-9bbe-4d6d-a0b1-d9deef4d3a2d	TASK	2a61841990e611de8f10680c45bb92bb5f7c296bed72f99b485ae13d9028b2ba	d16c487b-6ddd-4bfe-b650-b5c9d7fc5ecb	제초및잔디깍기	제초및잔디깍기	PROMOTED_FROM_SOURCE	DRAFT	RISK-04-APPROVE-001	62c2c50e3c0becbe23a686735d1a7e50ed8bce2f3fa23c539d2250b68227c2d7	EMPTY	EMPTY	RISK-04-MATERIALIZE-001
7ef5e60c5b84dc17ef4f7d4ab13b1e09ea339ab54c8bd9c473307b02f2c1f4e8	c8066c8e-460c-4bba-8c18-6ae2086905f9	PROCESS	c201603a494d86fd21efa68a3d8ba3b5e3826ef4195cde21cf766c772edc3236	12019d28-eba5-4ab9-b245-caa3d1cf2f4e	하천 해상오염방지	하천 해상오염방지	PROMOTED_FROM_SOURCE	DRAFT	RISK-04-APPROVE-001	62c2c50e3c0becbe23a686735d1a7e50ed8bce2f3fa23c539d2250b68227c2d7	EMPTY	EMPTY	RISK-04-MATERIALIZE-001
7ef95651357fef3e076b778e5a7468487bdab7ab79e59b3e3660f84296c3a884	7034f460-2834-447a-94aa-55d0bc9e66cf	PROCESS	49211b2052bbcd7b5bfbcc655622bc55a5e030d18781279df5248769f2649dc0	73869123-c8b9-487e-ba92-1a6bea143b1d	보일러부․부속공사	보일러부․부속공사	PROMOTED_FROM_SOURCE	DRAFT	RISK-04-APPROVE-001	62c2c50e3c0becbe23a686735d1a7e50ed8bce2f3fa23c539d2250b68227c2d7	EMPTY	EMPTY	RISK-04-MATERIALIZE-001
7f2507b6c1ad8ac7ec8b5b9dbca5f54652d7153248d333c7935cd92b181353d5	fa8cfc12-4cef-4715-9d5e-68472a822b8b	PROCESS	a53c95b548ab1a1a584ad79f325846f8ac90ecce9234f991f9d8be9919341250	ca6f7bea-96f1-456f-be61-e96c129ab18a	장식공사	장식공사	PROMOTED_FROM_SOURCE	DRAFT	RISK-04-APPROVE-001	62c2c50e3c0becbe23a686735d1a7e50ed8bce2f3fa23c539d2250b68227c2d7	EMPTY	EMPTY	RISK-04-MATERIALIZE-001
7f3096c3b1ffcbc09399fbb58b6bbd30a438e0659db4c98e16b831094794ba0d	c1680b32-68b5-4fc5-8c80-efd711650709	PROCESS	571d193a16c84db193b5f282dcdc92dd3a9717d4664c18940b186a5399aa42cb	1d0b5964-b7de-4b95-9e79-0d1d7443e701	건널목공사	건널목공사	PROMOTED_FROM_SOURCE	DRAFT	RISK-04-APPROVE-001	62c2c50e3c0becbe23a686735d1a7e50ed8bce2f3fa23c539d2250b68227c2d7	EMPTY	EMPTY	RISK-04-MATERIALIZE-001
7f816b587c2698343490e58c8c31a35e35509342329e8286a0bb1f51af5bf77d	341adca1-9f3a-4bb7-9bf5-9f64b770d093	PROCESS	b010f76c574f6761abb7e73d610ed737629be5b00dffea26cbddac07135e7587	6a52b996-2bc6-43cd-9f29-02cab6f1700c	공통품질시험	공통품질시험	PROMOTED_FROM_SOURCE	DRAFT	RISK-04-APPROVE-001	62c2c50e3c0becbe23a686735d1a7e50ed8bce2f3fa23c539d2250b68227c2d7	EMPTY	EMPTY	RISK-04-MATERIALIZE-001
80ab5920a95a39d6e9ff2bdfb65959293ce64f9190f38748c95d2a79fd0a52bd	900c0052-ab6c-4631-8df0-c8cf4c466803	TASK	b8605fe8c0ef16348371393e2acc2501db26b6877153513bec3000f4f5de1df6	ac2a3158-0c35-492f-8611-dd2c65d6aa30	벽체카페트붙이기	벽체카페트붙이기	PROMOTED_FROM_SOURCE	DRAFT	RISK-04-APPROVE-001	62c2c50e3c0becbe23a686735d1a7e50ed8bce2f3fa23c539d2250b68227c2d7	EMPTY	EMPTY	RISK-04-MATERIALIZE-001
816e5a7a0a24add37b3868b97de5103247d20ca455c986a76d49fa9b24912241	fa6dee36-1052-4cd8-9410-1cf2728a5231	PROCESS	b84acc473853e920d7ef63dfd2c7026ed302e12a8c298f046af90f6e3cd53f4c	660aa095-2f4d-42e5-b16e-0ed86ee069c0	기타호안공사	기타호안공사	PROMOTED_FROM_SOURCE	DRAFT	RISK-04-APPROVE-001	62c2c50e3c0becbe23a686735d1a7e50ed8bce2f3fa23c539d2250b68227c2d7	EMPTY	EMPTY	RISK-04-MATERIALIZE-001
81d18a98292b73b9572adac5a6d3ef415f444ef051b8a0a561ef26568dcc9d42	4d62899d-5bd0-4225-8839-c808dc373ac9	TASK	9da860796603be35e2aeeba9341b671f5a94575985fb3e6b38b38ad6ccda9580	204fd2b5-6d67-42c3-aeda-94977217033f	시트슬래브하부단열	시트슬래브하부단열	PROMOTED_FROM_SOURCE	DRAFT	RISK-04-APPROVE-001	62c2c50e3c0becbe23a686735d1a7e50ed8bce2f3fa23c539d2250b68227c2d7	EMPTY	EMPTY	RISK-04-MATERIALIZE-001
81f47c712387947a26361d9399db03c842a3a0e14e333ec0f73197359f228ba1	02304e5d-01c7-42de-b07a-97ab232db5dd	TASK	43b1a189bbf02fb3ce567f440980c23d9a28a5fb5594f4f5a703ac6331f5fdfe	03e39a42-dde8-46e5-801a-859b93fed859	경계시설물설치	경계시설물설치	PROMOTED_FROM_SOURCE	DRAFT	RISK-04-APPROVE-001	62c2c50e3c0becbe23a686735d1a7e50ed8bce2f3fa23c539d2250b68227c2d7	EMPTY	EMPTY	RISK-04-MATERIALIZE-001
8201ab9c273d2ecf85301419e71f5879048c02f09c73733796027508a2ee4f8f	0c751d96-fa9f-4693-a651-764bc25a83c5	TASK	fba05c07dc62b9938f5b28091b8d88b0633208a1d76deef0200ed6a85b06b11d	283ded33-4df9-486a-b46f-1a739a0fde76	석재물갈기	석재물갈기	PROMOTED_FROM_SOURCE	DRAFT	RISK-04-APPROVE-001	62c2c50e3c0becbe23a686735d1a7e50ed8bce2f3fa23c539d2250b68227c2d7	EMPTY	EMPTY	RISK-04-MATERIALIZE-001
8218e8727a202f926f45c60d6a1711ce3734d7722bb74641977b953977e5fdf0	404fe119-953b-4f78-9e39-e3b5a6e58b4e	TASK	0094e4e7a1f0cbeaa70425941c37f1dd06b42da2328faa8fc78d22d5f7693c2a	888bf357-3ff0-4beb-b338-c4153ab0cadc	소형PC구조물현장생산	소형PC구조물현장생산	PROMOTED_FROM_SOURCE	DRAFT	RISK-04-APPROVE-001	62c2c50e3c0becbe23a686735d1a7e50ed8bce2f3fa23c539d2250b68227c2d7	EMPTY	EMPTY	RISK-04-MATERIALIZE-001
82406070369b91e38f4020db024817870deea09b198e4131d65466235fb4f559	bf3841d0-71ea-4464-a7d9-d0dcdc3dfa33	TASK	6eca78379c93853863766d02655b1003ca45241d359ae85d92aad4c0ba2d84aa	6f2f4427-709e-41a5-a43f-2b7cc6d6216b	궤도현장용접	궤도현장용접	PROMOTED_FROM_SOURCE	DRAFT	RISK-04-APPROVE-001	62c2c50e3c0becbe23a686735d1a7e50ed8bce2f3fa23c539d2250b68227c2d7	EMPTY	EMPTY	RISK-04-MATERIALIZE-001
8261c5d7c51e5258ab852838d9ad1fca6828d9ed8e310962f82d7da786e8a145	eb3c8347-93dc-45c1-8c70-6202bc0b33a5	TASK	8c9aef0df3267527530900e46c5ff2580bb5348e6974b426f48ed134ed67d0f7	015eafa3-b2e9-42be-b53e-68f5e8426785	고르기	고르기	PROMOTED_FROM_SOURCE	DRAFT	RISK-04-APPROVE-001	62c2c50e3c0becbe23a686735d1a7e50ed8bce2f3fa23c539d2250b68227c2d7	EMPTY	EMPTY	RISK-04-MATERIALIZE-001
829d2d254e65f1cdd45a263429e0bc8c86b6270a6d9cb12aab9d3dba010f3724	49c2fe76-d45d-4e42-9b5c-1a793492c97d	TASK	7d998429c979fb90025cfdc3b72fcecbd47952246191a2bc1ef02f5874c6985e	48506cef-8fc8-4838-bbd7-86e32129f825	Shotcrete응력측정	Shotcrete응력측정	PROMOTED_FROM_SOURCE	DRAFT	RISK-04-APPROVE-001	62c2c50e3c0becbe23a686735d1a7e50ed8bce2f3fa23c539d2250b68227c2d7	EMPTY	EMPTY	RISK-04-MATERIALIZE-001
82ab83b57874d5c81a3973878defdb6122933ca317efad006efd9c4fbc920cb2	31947f08-9ae6-4673-b57f-93e735bcb2bb	PROCESS	4d9e8f9fa87bd378789d8cf760fcc530d324b31228a4807c8d19549ba282a0af	365b740b-5b5b-429a-8e6e-d02c53977eda	진공청소공사	진공청소공사	PROMOTED_FROM_SOURCE	DRAFT	RISK-04-APPROVE-001	62c2c50e3c0becbe23a686735d1a7e50ed8bce2f3fa23c539d2250b68227c2d7	EMPTY	EMPTY	RISK-04-MATERIALIZE-001
82f7947d13a30fadf9dd168b9d5a6020f90ef662b2d8c226b29bb4d56828b653	ba00b036-bed2-413a-86ca-d7262f0d86f2	TASK	a59c0bc5efafe8ced03e17d2e0a14ab093d3cb29ca6b9c750cbde03915173b6d	a94a4691-ba52-4ff6-8fac-bae9279adae5	일반현장시험	일반현장시험	PROMOTED_FROM_SOURCE	DRAFT	RISK-04-APPROVE-001	62c2c50e3c0becbe23a686735d1a7e50ed8bce2f3fa23c539d2250b68227c2d7	EMPTY	EMPTY	RISK-04-MATERIALIZE-001
82fed8bc2b4eacf8efe1551ff78dade04d8895e4c480c8e60ded2642421090eb	2f0ad7f3-dba2-4497-acb7-abd43f0caece	PROCESS	94a9dd9c23196c6b60f5e22b9d7abec4c68f8c467149fa9c91b138ce683130e2	66c7eab8-d6f8-4bc3-9ba7-dab1f7292db5	건물자동화통신설비공사	건물자동화통신설비공사	PROMOTED_FROM_SOURCE	DRAFT	RISK-04-APPROVE-001	62c2c50e3c0becbe23a686735d1a7e50ed8bce2f3fa23c539d2250b68227c2d7	EMPTY	EMPTY	RISK-04-MATERIALIZE-001
83471a2d8a35330ea85c0814ddd9fd05dfeccb83ab2eb1628ad6c4fe43ed68a1	1333d6f6-7703-4f3e-afcf-9ab03b758cc9	TASK	57842b6f62bcef11aa5623a54959143ed3d51e2d42f9c3a51e9c6a302a16ff19	addfaf62-3805-4680-9941-6e299eeed209	장판지바르기	장판지바르기	PROMOTED_FROM_SOURCE	DRAFT	RISK-04-APPROVE-001	62c2c50e3c0becbe23a686735d1a7e50ed8bce2f3fa23c539d2250b68227c2d7	EMPTY	EMPTY	RISK-04-MATERIALIZE-001
839dc19649fb4273c6626d056fc80cdd40e7d589f4900867908edae42cb393f5	e18fc4de-f3af-4a6d-927f-bb42cc28eaf6	PROCESS	6c2da1062cabb941946777b7381ec0ec9bd0ee98bf97ec5c2dd234d3b19b5b7d	c66d8388-51e3-4330-bd4b-2cbe4645e8eb	Absorber&AuxSystem공사	Absorber&AuxSystem공사	PROMOTED_FROM_SOURCE	DRAFT	RISK-04-APPROVE-001	62c2c50e3c0becbe23a686735d1a7e50ed8bce2f3fa23c539d2250b68227c2d7	EMPTY	EMPTY	RISK-04-MATERIALIZE-001
83bf88c0af004621773dad16b817b6bc51c1b7842dce51658c445a76b29a766e	db0a2eab-93a7-45fa-99e1-5896db788e31	TASK	58a6f0ae64b115e33f80cbb5684c41aba2c70b9d17c2f63f04c824ef9c2db91b	00704352-b4d4-471f-84cc-d40a744cbbde	스테인레스강판방수	스테인레스강판방수	PROMOTED_FROM_SOURCE	DRAFT	RISK-04-APPROVE-001	62c2c50e3c0becbe23a686735d1a7e50ed8bce2f3fa23c539d2250b68227c2d7	EMPTY	EMPTY	RISK-04-MATERIALIZE-001
83d0468466185d21e2d45186a55e213bb3677916333d1bfa4d29e4123b4b045d	d1ef88b6-c566-4bb5-a60d-0d22ee2f3f4f	PROCESS	1f1041e6925f663ff5ec5202db7516c78dbb0b31cd24106bd53426ea70b6753a	abef3abd-2b30-455a-87bc-1e2b9c875aa7	경량천정틀설치	경량천정틀설치	PROMOTED_FROM_SOURCE	DRAFT	RISK-04-APPROVE-001	62c2c50e3c0becbe23a686735d1a7e50ed8bce2f3fa23c539d2250b68227c2d7	EMPTY	EMPTY	RISK-04-MATERIALIZE-001
83e31d1f5a4324c6a8f98528d8540554ebb5f8a1c0100a74bb2b66675669b90b	cf86d160-3ad2-474b-a94a-e51b2ff4b5bc	PROCESS	dedf7ae4d0b0d778516158b7936e107774dc1d648fee00951a5b60552aa2d086	b59cb22e-8fa2-47ea-8abe-cb1a4165ffa2	승강기제어설비공사	승강기제어설비공사	PROMOTED_FROM_SOURCE	DRAFT	RISK-04-APPROVE-001	62c2c50e3c0becbe23a686735d1a7e50ed8bce2f3fa23c539d2250b68227c2d7	EMPTY	EMPTY	RISK-04-MATERIALIZE-001
83fc91b21a418eac68f4548a7e1771a17929caa44620f5cf00f8eaee98dc8a33	6b37bcbd-ef47-4be7-9eb7-7cc534a709c6	PROCESS	97167eb2b29f689eecdc8442c8e8d8af709defa6879ba0d3ff2ed79518836e55	a15bbe15-e1ac-4833-b22f-773af7b714c8	가체절	가체절	PROMOTED_FROM_SOURCE	DRAFT	RISK-04-APPROVE-001	62c2c50e3c0becbe23a686735d1a7e50ed8bce2f3fa23c539d2250b68227c2d7	EMPTY	EMPTY	RISK-04-MATERIALIZE-001
8481d0a1b0de0ca50a0127222387beb6e9b0b44a8dc62143c77b4a8e757c9c39	7e3429db-70f6-4228-a52e-fd2869b0125e	TASK	9d7bad7d3377b0051c155133999851cda03afb637f6fc506662aa14608b8fd72	23c12507-241e-4e79-a855-4ab96b1ce94d	도장및방청공사	도장및방청공사	PROMOTED_FROM_SOURCE	DRAFT	RISK-04-APPROVE-001	62c2c50e3c0becbe23a686735d1a7e50ed8bce2f3fa23c539d2250b68227c2d7	EMPTY	EMPTY	RISK-04-MATERIALIZE-001
84f0acb926c984609156a37de0852c11573e6b592154e84bf25428d87eaaaed7	d2831aea-2641-48ef-9495-8f134101b54d	TASK	8dfd87d947fee2f86f04bc53ddb263279df8a89a0e195f57a25386dac1d785d8	daab7a35-f93b-48b3-b605-f99fb38fb1a0	골재나타내기미장	골재나타내기미장	PROMOTED_FROM_SOURCE	DRAFT	RISK-04-APPROVE-001	62c2c50e3c0becbe23a686735d1a7e50ed8bce2f3fa23c539d2250b68227c2d7	EMPTY	EMPTY	RISK-04-MATERIALIZE-001
850bc1bd95ea2c4096625f875b3276816c743b3c0a37c945596491d386638206	57d54330-6e9e-41c5-8818-67f030a4d8fd	TASK	f235f7f7fb413230f5f653e9f0172a51ac3d0b2a446aa7d020b94803ee7d934a	e6e5c460-6c7a-4234-8823-ae8f98451029	창선반(씰)설치	창선반(씰)설치	PROMOTED_FROM_SOURCE	DRAFT	RISK-04-APPROVE-001	62c2c50e3c0becbe23a686735d1a7e50ed8bce2f3fa23c539d2250b68227c2d7	EMPTY	EMPTY	RISK-04-MATERIALIZE-001
85186bfd8bcaa78e820ac5ddedf2c656d531931ecafbec8900ef596cc28ae9ee	6bf4dfc0-3fa5-4479-8b70-efa411acf4b4	PROCESS	03d0ce13703e243cff19322fe0df26962d243d37dea0f0bc2d7522a0544a10ab	e79962f4-c455-4596-8a18-bf204bdb707c	배관및전로공사	배관및전로공사	MERGED_FROM_REVIEWED_SOURCES	DRAFT	RISK-04-APPROVE-001	62c2c50e3c0becbe23a686735d1a7e50ed8bce2f3fa23c539d2250b68227c2d7	EMPTY	EMPTY	RISK-04-MATERIALIZE-001
85453cf907fe2e22dbdbfe307bf4714acc62385bc4ed66b77f6f405e59ba5157	8eba4b74-708c-4469-827c-861b09e3bc8b	TASK	acaa682822a7efd396a4b67c1cc0cd12330fcc5b12523b900fcbf713b88e18e4	946afb48-0059-4654-b316-804cc574ac1d	타일공사코킹 실링	타일공사코킹 실링	PROMOTED_FROM_SOURCE	DRAFT	RISK-04-APPROVE-001	62c2c50e3c0becbe23a686735d1a7e50ed8bce2f3fa23c539d2250b68227c2d7	EMPTY	EMPTY	RISK-04-MATERIALIZE-001
85798d62d03634b69e0540598bf5aca4cf3dfd8cf35789ae4a14db459c7d359a	819b80ab-829f-4538-b984-b289e98c02ef	TASK	70435ef21492a20d050dbfc45af0163cd0c4f6248013d5ea65a715ab4a4b4039	3b86bbd2-c2dc-4b44-8e9d-b08d97072b91	절단및가공	절단및가공	PROMOTED_FROM_SOURCE	DRAFT	RISK-04-APPROVE-001	62c2c50e3c0becbe23a686735d1a7e50ed8bce2f3fa23c539d2250b68227c2d7	EMPTY	EMPTY	RISK-04-MATERIALIZE-001
85c38af0db0e0bfa30a20d964d1b87e9ca9d3cab22143c09fa038a7d2b24458a	c9f75911-0264-4b15-8bc2-b422e6f89bfc	PROCESS	99251365e33a7c848579e36872b53d3589f622c7b93763ea82b9ba6c18867317	fabd4b6c-e97f-4f74-b62c-53c51224393a	터널내부마감	터널내부마감	PROMOTED_FROM_SOURCE	DRAFT	RISK-04-APPROVE-001	62c2c50e3c0becbe23a686735d1a7e50ed8bce2f3fa23c539d2250b68227c2d7	EMPTY	EMPTY	RISK-04-MATERIALIZE-001
85d010763a4263ad7b9c88a3861a4c9481f58853a58ae435e6f1a0fd6271a344	c95e783a-07a9-4981-bd7c-abc445dac990	PROCESS	82ab83b57874d5c81a3973878defdb6122933ca317efad006efd9c4fbc920cb2	31947f08-9ae6-4673-b57f-93e735bcb2bb	진공청소설비공사	진공청소설비공사	PROMOTED_FROM_SOURCE	DRAFT	RISK-04-APPROVE-001	62c2c50e3c0becbe23a686735d1a7e50ed8bce2f3fa23c539d2250b68227c2d7	EMPTY	EMPTY	RISK-04-MATERIALIZE-001
85df37eb080107e46394d9504785c2208663f4a04506d6f4efa7fa0b618bd9a1	cc7351b1-91d0-468d-b6f3-35605dc23571	TASK	a492a0fe0bcc1fa46324941086217984ce0e3a41d318bcddae69d13bff90d910	fae1b190-575a-4e5f-add0-051c335c433b	금속기와잇기	금속기와잇기	PROMOTED_FROM_SOURCE	DRAFT	RISK-04-APPROVE-001	62c2c50e3c0becbe23a686735d1a7e50ed8bce2f3fa23c539d2250b68227c2d7	EMPTY	EMPTY	RISK-04-MATERIALIZE-001
85ebf617f23b8737f1ccc823b5a8896704c27d7b3d0f5afa696cc542f902bea4	827a6ae0-f009-4eb5-bb93-0ac0fa874d31	TASK	9c5ed92f0b6f15f5b0dceaf25284cf66346459c05db587f345dda042884fb693	363117e3-bba6-4adc-8f4f-e36f8526ea52	다웰바설치	다웰바설치	PROMOTED_FROM_SOURCE	DRAFT	RISK-04-APPROVE-001	62c2c50e3c0becbe23a686735d1a7e50ed8bce2f3fa23c539d2250b68227c2d7	EMPTY	EMPTY	RISK-04-MATERIALIZE-001
869a27401fabbb553402332e93e414341500f131390ee5a23e73a8d06c6a1a53	de827037-069d-4e92-af11-3d03b16438d3	TASK	e01d99f9fb4b4917819bc5ee6df715b864b1c3b253b8466ccc59f1f5d5bcf926	4c8434c9-d7d1-4ff9-8b99-c5131c6e6669	유기질침투성방수	유기질침투성방수	PROMOTED_FROM_SOURCE	DRAFT	RISK-04-APPROVE-001	62c2c50e3c0becbe23a686735d1a7e50ed8bce2f3fa23c539d2250b68227c2d7	EMPTY	EMPTY	RISK-04-MATERIALIZE-001
869d9f89089f464d0e892d12e31f0a5a40cac8a69d3a0568757aeb3fd3c29ec9	35971f29-8d83-432e-b5d9-dea20b607c61	PROCESS	13ef25655bb8802c9f2248fa72aa1339b99db5cd94f16bd2ae8d59f8ac83db00	25e2cf2e-83c2-4ecc-a6c0-e313f101102a	지상지장물철거 해체	지상지장물철거 해체	PROMOTED_FROM_SOURCE	DRAFT	RISK-04-APPROVE-001	62c2c50e3c0becbe23a686735d1a7e50ed8bce2f3fa23c539d2250b68227c2d7	EMPTY	EMPTY	RISK-04-MATERIALIZE-001
86f35df022fc2c654219cc0fa23aea81675a2ced09202cd274f10256c8f7a55a	6e2c2cdb-1fc5-46fc-b7c4-94b07be28d81	TASK	58e88af9a290fbf1488f9595f8420103f1fa3868a286f2c3d3d731c980d831ca	6fd8d8a8-6eaa-48fc-baaa-437318b8d0bc	무근콘크리트타설	무근콘크리트타설	PROMOTED_FROM_SOURCE	DRAFT	RISK-04-APPROVE-001	62c2c50e3c0becbe23a686735d1a7e50ed8bce2f3fa23c539d2250b68227c2d7	EMPTY	EMPTY	RISK-04-MATERIALIZE-001
86ffb68a39d675b493858a29b00039d3fae64664c0109489755514026b9dfca5	f0f12b37-301c-436d-8fd4-32c6abeb4bd8	PROCESS	9c5d076acd3550d07d3b8d5e161a39d20bc03992a7d1c3a04b07f92d854efb99	c9cb3627-109a-4e0c-8fbb-1abb31f759ea	GIS공사	GIS공사	PROMOTED_FROM_SOURCE	DRAFT	RISK-04-APPROVE-001	62c2c50e3c0becbe23a686735d1a7e50ed8bce2f3fa23c539d2250b68227c2d7	EMPTY	EMPTY	RISK-04-MATERIALIZE-001
873d12a3de49c9a3ae7d4050db25086216067cab7f42d8fc685e7dc7cc0cdc00	4b2f3837-b842-46fc-8233-770cc2239ee6	PROCESS	6c2da1062cabb941946777b7381ec0ec9bd0ee98bf97ec5c2dd234d3b19b5b7d	c66d8388-51e3-4330-bd4b-2cbe4645e8eb	석회석운반및석회석슬러리제조설비공사	석회석운반및석회석슬러리제조설비공사	PROMOTED_FROM_SOURCE	DRAFT	RISK-04-APPROVE-001	62c2c50e3c0becbe23a686735d1a7e50ed8bce2f3fa23c539d2250b68227c2d7	EMPTY	EMPTY	RISK-04-MATERIALIZE-001
875b01f64ef1c4f9ac210f9df82dd31524bc6362deb4d6e74793dcae575bc864	47150778-72d7-4a31-9e8c-540befa4be3c	TASK	1cd23a808787268e00b50146106a9c6d46975520ee0b11caecc7264a530ecd8d	98f10965-c760-4cf3-b3a2-ccdfdfb15ec3	포장콘크리트포설	포장콘크리트포설	PROMOTED_FROM_SOURCE	DRAFT	RISK-04-APPROVE-001	62c2c50e3c0becbe23a686735d1a7e50ed8bce2f3fa23c539d2250b68227c2d7	EMPTY	EMPTY	RISK-04-MATERIALIZE-001
875e1cce58c38eeef89cb71fc215170c124b034a44eb36cfcad2c1ad7acf37d5	465b80a7-2e60-4b84-9109-282b8aa67afa	TASK	2a61841990e611de8f10680c45bb92bb5f7c296bed72f99b485ae13d9028b2ba	d16c487b-6ddd-4bfe-b650-b5c9d7fc5ecb	교목수간보호	교목수간보호	PROMOTED_FROM_SOURCE	DRAFT	RISK-04-APPROVE-001	62c2c50e3c0becbe23a686735d1a7e50ed8bce2f3fa23c539d2250b68227c2d7	EMPTY	EMPTY	RISK-04-MATERIALIZE-001
87b16db6c82b01f971ea80213fd300e26dc80926320731a8d04ba7f460eefbb8	0219c299-f031-467e-b29e-53510bc94b4c	PROCESS	EMPTY	EMPTY	지반개량및지반보강공사	지반개량및지반보강공사	PROMOTED_FROM_SOURCE	DRAFT	RISK-04-APPROVE-001	62c2c50e3c0becbe23a686735d1a7e50ed8bce2f3fa23c539d2250b68227c2d7	EMPTY	EMPTY	RISK-04-MATERIALIZE-001
87c1ecef3b17bd67dc73a39b696bee0c6c3680be1a6b581bff96055b5ac07e64	4f229d28-26e9-4f50-a58b-a172cd19cc56	TASK	662a1cd5be3e0e40b809a2385f9b185da542c9cafc8a3f8b26ea47aac1b6e4a7	abcb1e66-9a44-41c9-9baa-8482f9498106	철근콘크리트기초제거	철근콘크리트기초제거	PROMOTED_FROM_SOURCE	DRAFT	RISK-04-APPROVE-001	62c2c50e3c0becbe23a686735d1a7e50ed8bce2f3fa23c539d2250b68227c2d7	EMPTY	EMPTY	RISK-04-MATERIALIZE-001
87c3b7ef08274dbdfc8665bd10be51ead22a447654795546d7c4c54d0a0f128d	66bb95cf-e9fd-4954-8e92-6e8e13095f67	PROCESS	04231490c811112bfa29c7d4e4cbf080a670678d9274cc503da398283540555e	faf1109e-6943-41b2-a893-d43ff98b9372	유선통신망설비공사	유선통신망설비공사	PROMOTED_FROM_SOURCE	DRAFT	RISK-04-APPROVE-001	62c2c50e3c0becbe23a686735d1a7e50ed8bce2f3fa23c539d2250b68227c2d7	EMPTY	EMPTY	RISK-04-MATERIALIZE-001
87fa53f9401d9b7c7720ef7da477dadd283d8362a38e4a5f37f5d2e5fdaf5ac4	283efb15-14fe-459f-afee-1142d73e503a	PROCESS	EMPTY	EMPTY	송배전․발 수변전전기공사	송배전․발 수변전전기공사	PROMOTED_FROM_SOURCE	DRAFT	RISK-04-APPROVE-001	62c2c50e3c0becbe23a686735d1a7e50ed8bce2f3fa23c539d2250b68227c2d7	EMPTY	EMPTY	RISK-04-MATERIALIZE-001
87fc9dee856fdc0de823757c6910a98d1e79e1ba25099a9d15d9bba3bb100f43	0d6c860c-c5c9-4371-91f2-feca7721063c	PROCESS	EMPTY	EMPTY	지붕및홈통공사	지붕및홈통공사	PROMOTED_FROM_SOURCE	DRAFT	RISK-04-APPROVE-001	62c2c50e3c0becbe23a686735d1a7e50ed8bce2f3fa23c539d2250b68227c2d7	EMPTY	EMPTY	RISK-04-MATERIALIZE-001
884ddbdf675be7357ba307411aae6dbe156de9336cfa8a6738d5659fe223c69c	9d2347a9-2671-40e6-a7a5-76b9789f58d2	TASK	d28c045a9338660ab84ceaeee6a3e1dda86dd49a33133129bb062dc2d46680b1	9d9bafff-1019-48f3-b2bb-cd5e9bfca11f	복수설비설치공사	복수설비설치공사	PROMOTED_FROM_SOURCE	DRAFT	RISK-04-APPROVE-001	62c2c50e3c0becbe23a686735d1a7e50ed8bce2f3fa23c539d2250b68227c2d7	EMPTY	EMPTY	RISK-04-MATERIALIZE-001
887b4a643d049f718648e5a2379818caf30299d1449571651a60243d7b2cb33c	573400f8-f9ca-4233-adf8-503d3c3516f4	PROCESS	7d81cf8b2d26a6e0ba0f2ef7e48033aec988f358a830fbf0aa347c2ab286dfc2	604cd924-7c0d-4fa0-a5ba-17adceb5b82c	목욕탕및사우나설비공사	목욕탕및사우나설비공사	PROMOTED_FROM_SOURCE	DRAFT	RISK-04-APPROVE-001	62c2c50e3c0becbe23a686735d1a7e50ed8bce2f3fa23c539d2250b68227c2d7	EMPTY	EMPTY	RISK-04-MATERIALIZE-001
88a00cad3d890c3895d15d8a8574648f893837fc15dbf05906c10285b3f6a27e	559f0c3e-54ae-4c74-ba62-53ca8b6837b4	PROCESS	8d816976ae5c7a16e26a7395911f4a7a85c2a9b517b3affe7c6bab59a35fd3b1	22ce750a-d007-4571-a3c0-04d1c068d2cd	석탄취급설비공사	석탄취급설비공사	PROMOTED_FROM_SOURCE	DRAFT	RISK-04-APPROVE-001	62c2c50e3c0becbe23a686735d1a7e50ed8bce2f3fa23c539d2250b68227c2d7	EMPTY	EMPTY	RISK-04-MATERIALIZE-001
88aac20231e7a0c8b7c46368dc81354db3daeb6cc9cdc1c1f433fa206a1df1f3	fd90a62f-02be-4d9c-92e6-d81f477b90b8	PROCESS	e04b0bdea193e90dc8375f29fe1455c07217b68da111c911ed87de115fb32aa4	8b9af581-a78c-455f-af5c-77f3941d02e9	화물용엘리베이터설비공사	화물용엘리베이터설비공사	PROMOTED_FROM_SOURCE	DRAFT	RISK-04-APPROVE-001	62c2c50e3c0becbe23a686735d1a7e50ed8bce2f3fa23c539d2250b68227c2d7	EMPTY	EMPTY	RISK-04-MATERIALIZE-001
88ad68153e3b8034d9a250066fb5148ddd30e507da369c58e73cced1440805c9	e5eaeb1a-0dbc-40fb-aefe-2aa116123cc1	PROCESS	fc4f7df78ecb9755d8ff69c7766d178706b5e53fc3bd41fe4723431d9bcd5bf1	fa9bc1cf-4143-49e0-a578-32622795b91d	지하연속벽흙막이	지하연속벽흙막이	PROMOTED_FROM_SOURCE	DRAFT	RISK-04-APPROVE-001	62c2c50e3c0becbe23a686735d1a7e50ed8bce2f3fa23c539d2250b68227c2d7	EMPTY	EMPTY	RISK-04-MATERIALIZE-001
88af76de3ef9907694e4f6fe424107a78c3f7a7abf57097b80664d3f8c2d2996	374a3a38-c207-4f94-a159-764a15deb2f0	TASK	3c60fcbd85621850af248f0db3f2a2c529088f6e113d682c55e467a570de88c5	ad059346-dd94-4306-a6fb-52c8dc75b63c	기계식굴착	기계식굴착	PROMOTED_FROM_SOURCE	DRAFT	RISK-04-APPROVE-001	62c2c50e3c0becbe23a686735d1a7e50ed8bce2f3fa23c539d2250b68227c2d7	EMPTY	EMPTY	RISK-04-MATERIALIZE-001
8908831e77dee63d0fa57aeb4dd53d818cd2dbe0fc1a1f0111eb5db49a8becad	6b1fa1a4-7ef8-4ce2-9111-84660d8f3fac	PROCESS	93ae7b84189bc8304c057789df6250d445b811e96b1fcdd0f2cada5e82954ac2	30fa94d3-a3e1-43dc-8205-81afa30f5351	주차장환기설비공사	주차장환기설비공사	PROMOTED_FROM_SOURCE	DRAFT	RISK-04-APPROVE-001	62c2c50e3c0becbe23a686735d1a7e50ed8bce2f3fa23c539d2250b68227c2d7	EMPTY	EMPTY	RISK-04-MATERIALIZE-001
894d7093086b3017def26a1e2260a364fa47f606c33ec7b2fd42a620ed0a394e	8bb17a44-1e90-43ad-96d0-4880fb5b9771	PROCESS	0159c0afba4f87a183671de62115913a8b31972b208227a187d443435754b047	73218545-e9d1-4e62-aae6-6bcc492176e1	금속바닥판및부속설비설치	금속바닥판및부속설비설치	PROMOTED_FROM_SOURCE	DRAFT	RISK-04-APPROVE-001	62c2c50e3c0becbe23a686735d1a7e50ed8bce2f3fa23c539d2250b68227c2d7	EMPTY	EMPTY	RISK-04-MATERIALIZE-001
896f57e499353fbc20b01363154def59a90ac943d271795aa08ae02cbb795673	b574f55c-e86a-49b1-bdd9-bee87b5c6dc3	TASK	8dfd87d947fee2f86f04bc53ddb263279df8a89a0e195f57a25386dac1d785d8	daab7a35-f93b-48b3-b605-f99fb38fb1a0	그래뉼뿜칠미장	그래뉼뿜칠미장	PROMOTED_FROM_SOURCE	DRAFT	RISK-04-APPROVE-001	62c2c50e3c0becbe23a686735d1a7e50ed8bce2f3fa23c539d2250b68227c2d7	EMPTY	EMPTY	RISK-04-MATERIALIZE-001
89a65671af28a182870eb83b8fd35e425c2163783b1eead30c4c32153414b934	450fbad8-e272-4151-a2f4-c9dd17871d68	TASK	7f2507b6c1ad8ac7ec8b5b9dbca5f54652d7153248d333c7935cd92b181353d5	fa8cfc12-4cef-4715-9d5e-68472a822b8b	루버설치	루버설치	PROMOTED_FROM_SOURCE	DRAFT	RISK-04-APPROVE-001	62c2c50e3c0becbe23a686735d1a7e50ed8bce2f3fa23c539d2250b68227c2d7	EMPTY	EMPTY	RISK-04-MATERIALIZE-001
89e2080c0fb55d1bf14445f6369eeffbcfb26bd22732fefd5529328d28370f3a	6be21583-e684-4d52-9623-37b1b6b22e17	PROCESS	55a316206a26065b1f7a0d6a78216f3a90d5c6f69045a409f735c2a1a4825df8	a18cbef9-0712-4d25-80d2-4d27ccd5860e	토양준비및흙쌓기	토양준비및흙쌓기	PROMOTED_FROM_SOURCE	DRAFT	RISK-04-APPROVE-001	62c2c50e3c0becbe23a686735d1a7e50ed8bce2f3fa23c539d2250b68227c2d7	EMPTY	EMPTY	RISK-04-MATERIALIZE-001
89ef8aed6032f0f30ffeba6d54156fb67ef5d13f1417ba343a09c401f50eba90	ed478eea-0d90-41f9-8fe0-9c454a9ce042	PROCESS	6eca78379c93853863766d02655b1003ca45241d359ae85d92aad4c0ba2d84aa	6f2f4427-709e-41a5-a43f-2b7cc6d6216b	기타궤도부설	기타궤도부설	PROMOTED_FROM_SOURCE	DRAFT	RISK-04-APPROVE-001	62c2c50e3c0becbe23a686735d1a7e50ed8bce2f3fa23c539d2250b68227c2d7	EMPTY	EMPTY	RISK-04-MATERIALIZE-001
8a5ad2e2dcbf8667bef87a48c6977f121135878995137a6c32e4058b1be6cf95	d89e9dd8-a355-4fb1-bd42-a2823c52c424	TASK	744e95bb6e4a96594b2a7ad300501609c2e73264f98d8b4d92b4726208bb59cd	c3fc6f08-b063-4c2c-88d3-f2242493e17e	등록전환측량	등록전환측량	PROMOTED_FROM_SOURCE	DRAFT	RISK-04-APPROVE-001	62c2c50e3c0becbe23a686735d1a7e50ed8bce2f3fa23c539d2250b68227c2d7	EMPTY	EMPTY	RISK-04-MATERIALIZE-001
8a7098471330c43d54b3ab05aa1c620fafef97659c196ebf0a9df9fcc30cf4bf	d2f3c38f-31d0-4cdb-85ad-e76175192f4a	TASK	e36382f0d8f225fe74d5e7a526053c2fb280393d66819903c899d1baaecfd9c3	26425132-352f-4b1a-85e2-88ef090df5cc	대기오염방지	대기오염방지	PROMOTED_FROM_SOURCE	DRAFT	RISK-04-APPROVE-001	62c2c50e3c0becbe23a686735d1a7e50ed8bce2f3fa23c539d2250b68227c2d7	EMPTY	EMPTY	RISK-04-MATERIALIZE-001
8a74e5b89a513d94b1563a8e183fe03bfe87129be0fd5ad1ad5f220075e660ee	d38699a5-00b9-48ae-95b1-1e3ed752c140	PROCESS	e04b0bdea193e90dc8375f29fe1455c07217b68da111c911ed87de115fb32aa4	8b9af581-a78c-455f-af5c-77f3941d02e9	승객 운수용엘리베이터설비공사	승객 운수용엘리베이터설비공사	PROMOTED_FROM_SOURCE	DRAFT	RISK-04-APPROVE-001	62c2c50e3c0becbe23a686735d1a7e50ed8bce2f3fa23c539d2250b68227c2d7	EMPTY	EMPTY	RISK-04-MATERIALIZE-001
8a9f61ba113d0ab2ac8559841b4f7cf4d97422e0fafb29b0774b75ebe1cab66d	fd0b3d15-3d76-4776-8602-dfbefc416b83	TASK	58e88af9a290fbf1488f9595f8420103f1fa3868a286f2c3d3d731c980d831ca	6fd8d8a8-6eaa-48fc-baaa-437318b8d0bc	프리스트레스콘크리트타설	프리스트레스콘크리트타설	PROMOTED_FROM_SOURCE	DRAFT	RISK-04-APPROVE-001	62c2c50e3c0becbe23a686735d1a7e50ed8bce2f3fa23c539d2250b68227c2d7	EMPTY	EMPTY	RISK-04-MATERIALIZE-001
8aaa758ea825b88d4d29afbb451571097b54c58dedb40a6e6e781331df8c88f0	5186e0fc-1ac5-407e-b697-a6956e0f1b80	PROCESS	a1fa7e1fbe536f1c9ab6d4ec21c23d7de63646b1fcb6fef70a8f387763e99bc9	a74700b2-31e4-44f9-bb53-1ab477738d29	수력발전소공사	수력발전소공사	PROMOTED_FROM_SOURCE	DRAFT	RISK-04-APPROVE-001	62c2c50e3c0becbe23a686735d1a7e50ed8bce2f3fa23c539d2250b68227c2d7	EMPTY	EMPTY	RISK-04-MATERIALIZE-001
8afc78b94512791a17f40d495868bafe70cc4b867c0e77a3e4269f22152f36ac	67981795-50b9-457d-999b-90e1c4bcbc43	PROCESS	1b01f7e3cd4bfbdcf610554066aa88036ab7be729aa908b66f0ec7936195732d	b07d3c54-238b-4c4a-95b2-5aaabf182076	되메우기	되메우기	PROMOTED_FROM_SOURCE	DRAFT	RISK-04-APPROVE-001	62c2c50e3c0becbe23a686735d1a7e50ed8bce2f3fa23c539d2250b68227c2d7	EMPTY	EMPTY	RISK-04-MATERIALIZE-001
8b315560350f6c068f89aa87f9f39b14a795329d37b9dd4468cd7a4ae5e34d84	01425edb-b5fc-4a3b-a43a-ec1b6df6006c	TASK	b89cb358fa0de6d14fa48f2e5f6c311913a998339bb04892f742920b147be884	5af253ad-9573-4ec2-bcfa-8e082eefe8d2	흙쌓기운반	흙쌓기운반	PROMOTED_FROM_SOURCE	DRAFT	RISK-04-APPROVE-001	62c2c50e3c0becbe23a686735d1a7e50ed8bce2f3fa23c539d2250b68227c2d7	EMPTY	EMPTY	RISK-04-MATERIALIZE-001
8b51b63e8e85a2f30c99c45a8cc598b05435684fc2727f6eb3774bbd286a455c	4879080a-30d5-46e4-9897-25c95f942541	TASK	9da860796603be35e2aeeba9341b671f5a94575985fb3e6b38b38ad6ccda9580	204fd2b5-6d67-42c3-aeda-94977217033f	보드형슬래브하부단열	보드형슬래브하부단열	PROMOTED_FROM_SOURCE	DRAFT	RISK-04-APPROVE-001	62c2c50e3c0becbe23a686735d1a7e50ed8bce2f3fa23c539d2250b68227c2d7	EMPTY	EMPTY	RISK-04-MATERIALIZE-001
8b70d1c59c92d829da4bae1b5d42003c4a06ff61985dbb739b9596db4d84bb29	97b76470-5b36-4e30-b90a-dea4c55112e1	TASK	398715c2c1a59d0b63150437509cc62b448b7b58089cca0e4a3c45793dc83eeb	73722a9b-e953-4423-8b10-6efcf5eef9bd	오니(오염토 오염퇴적물)준설	오니(오염토 오염퇴적물)준설	PROMOTED_FROM_SOURCE	DRAFT	RISK-04-APPROVE-001	62c2c50e3c0becbe23a686735d1a7e50ed8bce2f3fa23c539d2250b68227c2d7	EMPTY	EMPTY	RISK-04-MATERIALIZE-001
8bfbba9d95710e0bac851a17945ca6f353070ca9bf1d14005d856e6caac5e12e	82b93dc9-88a1-49f8-bd54-3874f569ced2	PROCESS	567b3bdd26473d2aae0c8a6f35251397f2c7b90f08b1c3c7a83c11d6643eef99	23b14570-1e3d-4ce6-8e2e-55d4958d772b	마감목공사	마감목공사	PROMOTED_FROM_SOURCE	DRAFT	RISK-04-APPROVE-001	62c2c50e3c0becbe23a686735d1a7e50ed8bce2f3fa23c539d2250b68227c2d7	EMPTY	EMPTY	RISK-04-MATERIALIZE-001
8c406df9c39b1a22175d350f0e87e6b32176359084aa100c66fdafa2467d61a9	f83726ec-cc45-4556-a71d-1b5ff4468456	TASK	e36382f0d8f225fe74d5e7a526053c2fb280393d66819903c899d1baaecfd9c3	26425132-352f-4b1a-85e2-88ef090df5cc	폐기물처리	폐기물처리	PROMOTED_FROM_SOURCE	DRAFT	RISK-04-APPROVE-001	62c2c50e3c0becbe23a686735d1a7e50ed8bce2f3fa23c539d2250b68227c2d7	EMPTY	EMPTY	RISK-04-MATERIALIZE-001
8c9aef0df3267527530900e46c5ff2580bb5348e6974b426f48ed134ed67d0f7	015eafa3-b2e9-42be-b53e-68f5e8426785	PROCESS	57ce72345c7534cc17240b425a13aa08492c7fbb87f75b086f916c4711922857	e56c70dc-3bb0-4494-bb85-47ca56991415	사석공사	사석공사	PROMOTED_FROM_SOURCE	DRAFT	RISK-04-APPROVE-001	62c2c50e3c0becbe23a686735d1a7e50ed8bce2f3fa23c539d2250b68227c2d7	EMPTY	EMPTY	RISK-04-MATERIALIZE-001
8cbcd766b27e4a99f97a72c412a7b4f08938c77ba63e7eab2b8ea579380fb761	435dbc48-0281-4181-8995-b3fe72e450c6	TASK	5f218950ff1076983ffa9bbe897bf1263bf0ee1116c3397b2516753c0c1ce541	55947deb-7b2c-422e-b07a-2492c8dd55c2	현장포말지붕 바닥단열	현장포말지붕 바닥단열	PROMOTED_FROM_SOURCE	DRAFT	RISK-04-APPROVE-001	62c2c50e3c0becbe23a686735d1a7e50ed8bce2f3fa23c539d2250b68227c2d7	EMPTY	EMPTY	RISK-04-MATERIALIZE-001
8cc2837043ab3c280cc188cfa873761bbbb5dbe7e89c601ebadc66dc5ba05ea4	08bb8f2b-22e8-4887-b214-c9bcde4a42c1	TASK	eb0b1e8ac0c91157de26d21c83934d188ce64972b62ad553afa0b9570dc1d2b2	1e5f7b07-f903-43d9-9d58-ef1bd51290a5	상수도배관보수	상수도배관보수	PROMOTED_FROM_SOURCE	DRAFT	RISK-04-APPROVE-001	62c2c50e3c0becbe23a686735d1a7e50ed8bce2f3fa23c539d2250b68227c2d7	EMPTY	EMPTY	RISK-04-MATERIALIZE-001
8cd0212ca67b11337796d52991a23513989708977727f6c13be32085b2be863e	d3b426fc-98b4-4fd9-80be-9373b75ed495	TASK	9da860796603be35e2aeeba9341b671f5a94575985fb3e6b38b38ad6ccda9580	204fd2b5-6d67-42c3-aeda-94977217033f	도막형슬래브하부단열	도막형슬래브하부단열	PROMOTED_FROM_SOURCE	DRAFT	RISK-04-APPROVE-001	62c2c50e3c0becbe23a686735d1a7e50ed8bce2f3fa23c539d2250b68227c2d7	EMPTY	EMPTY	RISK-04-MATERIALIZE-001
8cfa037ced0e974d2707b4b5c06ce23f2aa39d3754576b6a932a5586dd7f0c56	1cc874df-0e7a-4459-aaf2-19d008f9e1c9	TASK	daca4d1a841eb6dc9c1b6685742ee5e1235381037547a32d2f32d4de8140102b	b5bc9eb5-87b3-40b3-a882-ecb2aed5d9ba	초가지붕잇기	초가지붕잇기	PROMOTED_FROM_SOURCE	DRAFT	RISK-04-APPROVE-001	62c2c50e3c0becbe23a686735d1a7e50ed8bce2f3fa23c539d2250b68227c2d7	EMPTY	EMPTY	RISK-04-MATERIALIZE-001
8d001bee4680940152af6429b4c5f3827cfce258485b1683294cbe4bb94cdf1d	fd0347d1-57e8-466d-8289-9776e6343cec	PROCESS	03d0ce13703e243cff19322fe0df26962d243d37dea0f0bc2d7522a0544a10ab	e79962f4-c455-4596-8a18-bf204bdb707c	배선및가선공사	배선및가선공사	MERGED_FROM_REVIEWED_SOURCES	DRAFT	RISK-04-APPROVE-001	62c2c50e3c0becbe23a686735d1a7e50ed8bce2f3fa23c539d2250b68227c2d7	EMPTY	EMPTY	RISK-04-MATERIALIZE-001
8d1d2129a57c432dbe09f6d7b88d730261bbf9ab5eded1ca1d754567ded21ca3	966dcde3-7c34-478e-b024-ad6e2ccb4901	TASK	60fe27c8f7fc32987291d31f6ae512b1cf6b3ea890f0e152632397ee41c76a28	08d5a2b9-552f-4b3b-a159-9a0212fdd90f	열교환기 탱크류설치공사	열교환기 탱크류설치공사	PROMOTED_FROM_SOURCE	DRAFT	RISK-04-APPROVE-001	62c2c50e3c0becbe23a686735d1a7e50ed8bce2f3fa23c539d2250b68227c2d7	EMPTY	EMPTY	RISK-04-MATERIALIZE-001
8d816976ae5c7a16e26a7395911f4a7a85c2a9b517b3affe7c6bab59a35fd3b1	22ce750a-d007-4571-a3c0-04d1c068d2cd	PROCESS	eed4ca91d2eebf54fd65616a1883deb0f030b5f1a097cf88488b3cd1e4d121b6	609c86eb-94f6-447c-9805-e0ff032b80f4	기타환경설비공사	기타환경설비공사	PROMOTED_FROM_SOURCE	DRAFT	RISK-04-APPROVE-001	62c2c50e3c0becbe23a686735d1a7e50ed8bce2f3fa23c539d2250b68227c2d7	EMPTY	EMPTY	RISK-04-MATERIALIZE-001
8da91d7b42ed495727ee36b4fb2f04b0716b798136eebc272c12941d475071bc	492e4ba6-4b48-4745-8cd8-10546d3ceb57	PROCESS	db6bafcb5396a619ac639b6b4871b38bfd9450a31c31a9a46bbc731f09998c99	df727d07-1df7-4d0b-9607-451c8ce4ba7b	각종표시및정보전달설비공사	각종표시및정보전달설비공사	PROMOTED_FROM_SOURCE	DRAFT	RISK-04-APPROVE-001	62c2c50e3c0becbe23a686735d1a7e50ed8bce2f3fa23c539d2250b68227c2d7	EMPTY	EMPTY	RISK-04-MATERIALIZE-001
8ddb9d12db1eb623a8ed07d879759d57032095e6edaa0eed152d8b73ef5ba4f2	7436bc8c-bba8-4685-9d26-7246d975a4ca	TASK	8f21587ec43018940afb947efb86af08c59f4ea101a9360830238770576fe31b	1064868c-41b7-481e-b6c6-b6a0d72c24ca	구조용알루미늄조립및설치	구조용알루미늄조립및설치	PROMOTED_FROM_SOURCE	DRAFT	RISK-04-APPROVE-001	62c2c50e3c0becbe23a686735d1a7e50ed8bce2f3fa23c539d2250b68227c2d7	EMPTY	EMPTY	RISK-04-MATERIALIZE-001
8dfd87d947fee2f86f04bc53ddb263279df8a89a0e195f57a25386dac1d785d8	daab7a35-f93b-48b3-b605-f99fb38fb1a0	PROCESS	f8f8f8c0ded720ede952c131be6396329a82ad7f1995efa930cff437b5ed9ffa	51606bb5-d9c3-411f-8e33-3cb20fc8f923	특수미장	특수미장	PROMOTED_FROM_SOURCE	DRAFT	RISK-04-APPROVE-001	62c2c50e3c0becbe23a686735d1a7e50ed8bce2f3fa23c539d2250b68227c2d7	EMPTY	EMPTY	RISK-04-MATERIALIZE-001
8e02393f8019873a056ae0c4642608ca641b7452f8e3bb81ff612de438cbb0d7	473d69ee-4433-487f-bc43-c35c1f2ea28f	TASK	6b98d35f3e55a1716df158a441525178b2d9f6cec422a4ebfec65483568a807f	63e696af-4c36-4e45-9442-c6167512ceb9	발파굴착	발파굴착	PROMOTED_FROM_SOURCE	DRAFT	RISK-04-APPROVE-001	62c2c50e3c0becbe23a686735d1a7e50ed8bce2f3fa23c539d2250b68227c2d7	EMPTY	EMPTY	RISK-04-MATERIALIZE-001
8e14d0b0a5164fd372a25bf1593b98f777ef722b0b983996b553234b2ad34824	481c9458-2905-4aa0-8373-60dec5e4da4b	TASK	a7db859ba01a80480e9d6c27cc5f0ff506c85487aff4a4f0d5cab61d1e121549	4710ef8e-000d-48e1-9448-af1eeda77bc0	스틸테크잇기	스틸테크잇기	PROMOTED_FROM_SOURCE	DRAFT	RISK-04-APPROVE-001	62c2c50e3c0becbe23a686735d1a7e50ed8bce2f3fa23c539d2250b68227c2d7	EMPTY	EMPTY	RISK-04-MATERIALIZE-001
8e30763ad163429d9095e8a6822e0117005c824f1aa7cd754041bbf8d02e23c4	3c1e39bb-df9b-4fa6-9bf5-2124685dfedb	TASK	58a6f0ae64b115e33f80cbb5684c41aba2c70b9d17c2f63f04c824ef9c2db91b	00704352-b4d4-471f-84cc-d40a744cbbde	동판방수	동판방수	PROMOTED_FROM_SOURCE	DRAFT	RISK-04-APPROVE-001	62c2c50e3c0becbe23a686735d1a7e50ed8bce2f3fa23c539d2250b68227c2d7	EMPTY	EMPTY	RISK-04-MATERIALIZE-001
8e427c41a499859f488d13811e80764344c40611ad01a97d0b1eda8ed5b998a7	ed21dcbb-1042-4d62-831e-79a85944b611	PROCESS	a1fa7e1fbe536f1c9ab6d4ec21c23d7de63646b1fcb6fef70a8f387763e99bc9	a74700b2-31e4-44f9-bb53-1ab477738d29	조력발전소공사	조력발전소공사	PROMOTED_FROM_SOURCE	DRAFT	RISK-04-APPROVE-001	62c2c50e3c0becbe23a686735d1a7e50ed8bce2f3fa23c539d2250b68227c2d7	EMPTY	EMPTY	RISK-04-MATERIALIZE-001
8e6387c64572741f15f24bc48ad45f364b3368e7d8ae29785b313cef52c7654b	45c5f84b-07f4-40b6-8ecb-81a71bf03545	PROCESS	324a6174194830c28313ed55db68d5b1b90bfec20a53637f8cf0bb36595ab486	38fbdf93-33bd-4a36-883a-ce824f7d1638	배전설비공사	배전설비공사	MERGED_FROM_REVIEWED_SOURCES	DRAFT	RISK-04-APPROVE-001	62c2c50e3c0becbe23a686735d1a7e50ed8bce2f3fa23c539d2250b68227c2d7	EMPTY	EMPTY	RISK-04-MATERIALIZE-001
8e9d69ab9685301f267bff114fe2bbbc0fa2e10baa4db7297ee488b9430f78e2	06e686fc-0062-46af-b4f2-72027b7a4668	TASK	7d998429c979fb90025cfdc3b72fcecbd47952246191a2bc1ef02f5874c6985e	48506cef-8fc8-4838-bbd7-86e32129f825	RockBolt축력및인발측정	RockBolt축력및인발측정	PROMOTED_FROM_SOURCE	DRAFT	RISK-04-APPROVE-001	62c2c50e3c0becbe23a686735d1a7e50ed8bce2f3fa23c539d2250b68227c2d7	EMPTY	EMPTY	RISK-04-MATERIALIZE-001
8ea2a77853c0a58cedaff1e4f25ac4b8647fe3cba53a662065d6bd3018f643d4	ddb6c8e6-cce0-40f1-aeb1-35d86a7dc95d	TASK	241e8cf487d9313c9bc87d252b8cda80fbcf84336e01ecedffea2fc005f4fdad	eef6e4b5-298c-4bc5-a416-f75dded2d6c9	암거PC부재조립	암거PC부재조립	PROMOTED_FROM_SOURCE	DRAFT	RISK-04-APPROVE-001	62c2c50e3c0becbe23a686735d1a7e50ed8bce2f3fa23c539d2250b68227c2d7	EMPTY	EMPTY	RISK-04-MATERIALIZE-001
8ec2cc808e50af2600e037cdc6d93e5a0551884be613b17f7d3c6231881658cd	187d4381-c2cf-42f2-a6f3-3dbf5f3985f0	TASK	0094e4e7a1f0cbeaa70425941c37f1dd06b42da2328faa8fc78d22d5f7693c2a	888bf357-3ff0-4beb-b338-c4153ab0cadc	일반PC구조부재현장생산	일반PC구조부재현장생산	PROMOTED_FROM_SOURCE	DRAFT	RISK-04-APPROVE-001	62c2c50e3c0becbe23a686735d1a7e50ed8bce2f3fa23c539d2250b68227c2d7	EMPTY	EMPTY	RISK-04-MATERIALIZE-001
8ec9ddc90998dc65b7997c438c109312aeae0d791fbd13c180bfa92fe5b3ab26	6fe57b7f-7891-4288-97aa-d8e3663f0ee1	TASK	77558d43f2fbdaf86af49dcdaebc94288203e7ea1c9d196cb3c5063a8fd9857f	0d24428d-8d2b-4b43-b9d2-189481059c08	배관관리및시험	배관관리및시험	PROMOTED_FROM_SOURCE	DRAFT	RISK-04-APPROVE-001	62c2c50e3c0becbe23a686735d1a7e50ed8bce2f3fa23c539d2250b68227c2d7	EMPTY	EMPTY	RISK-04-MATERIALIZE-001
8f0ff4fff0e3c91cc5e592990f248cc51b58c6bff810530c5346797b4f9f7e63	8cdeca1d-dfaf-44fb-88a6-0b239d718562	TASK	249cb67cbed2c90090fb04d8b37f0cac252b36cdb057f689dc1e7b30153c2ea7	68f690db-ae64-421c-8bfa-b2859ec0bbad	정기안전점검	정기안전점검	PROMOTED_FROM_SOURCE	DRAFT	RISK-04-APPROVE-001	62c2c50e3c0becbe23a686735d1a7e50ed8bce2f3fa23c539d2250b68227c2d7	EMPTY	EMPTY	RISK-04-MATERIALIZE-001
8f21587ec43018940afb947efb86af08c59f4ea101a9360830238770576fe31b	1064868c-41b7-481e-b6c6-b6a0d72c24ca	PROCESS	0159c0afba4f87a183671de62115913a8b31972b208227a187d443435754b047	73218545-e9d1-4e62-aae6-6bcc492176e1	철골조립및설치	철골조립및설치	PROMOTED_FROM_SOURCE	DRAFT	RISK-04-APPROVE-001	62c2c50e3c0becbe23a686735d1a7e50ed8bce2f3fa23c539d2250b68227c2d7	EMPTY	EMPTY	RISK-04-MATERIALIZE-001
8f3697afe1d30f13b112001ec5188887d8e4160922faae42c177fc77662d462e	3258e587-68ab-40c8-80df-dd4fa0db60b7	TASK	58e88af9a290fbf1488f9595f8420103f1fa3868a286f2c3d3d731c980d831ca	6fd8d8a8-6eaa-48fc-baaa-437318b8d0bc	콘크리트양생	콘크리트양생	PROMOTED_FROM_SOURCE	DRAFT	RISK-04-APPROVE-001	62c2c50e3c0becbe23a686735d1a7e50ed8bce2f3fa23c539d2250b68227c2d7	EMPTY	EMPTY	RISK-04-MATERIALIZE-001
8f84674f28f5dfc4bfe1e51031be39013a9c0bfec014e62790fa0098ee835e18	c4899358-a1cf-49a9-ae65-2d3b56980ff5	PROCESS	9ac4bb062d521abe8e69b359393e5ce6cf23efda77d4f73fbaae1d63f43d738f	028d5fdc-46ea-4021-ae54-f10eaa310163	지형측량	지형측량	PROMOTED_FROM_SOURCE	DRAFT	RISK-04-APPROVE-001	62c2c50e3c0becbe23a686735d1a7e50ed8bce2f3fa23c539d2250b68227c2d7	EMPTY	EMPTY	RISK-04-MATERIALIZE-001
8fb4c94ed31903a3e39db9695b48dc06f06d0357134fad4e125893d1bb0e1e41	961128a5-86a3-4079-a7bc-4d3b84fa44c5	PROCESS	237ebf08eb25d06542020e6009e6b0a318bbfff75403f46e393fdf07a077f060	cbf9736a-49e5-4971-bfef-05ac83b61b42	기성제콘크리트주열흙막이	기성제콘크리트주열흙막이	PROMOTED_FROM_SOURCE	DRAFT	RISK-04-APPROVE-001	62c2c50e3c0becbe23a686735d1a7e50ed8bce2f3fa23c539d2250b68227c2d7	EMPTY	EMPTY	RISK-04-MATERIALIZE-001
8fc02e537926b554d7ba0a1b74582b4f08d19e15f71b9203d9781d17426a0183	b4be40c3-4b8e-47ff-b43c-3c690ebf65d9	TASK	7813a8d1e3c60d92b3956e15f6ed59cb0f8161ab2b50edab4d4f901288342ed0	efa362d3-2550-439a-a444-c44d1639f8f5	보온재철거 해체	보온재철거 해체	PROMOTED_FROM_SOURCE	DRAFT	RISK-04-APPROVE-001	62c2c50e3c0becbe23a686735d1a7e50ed8bce2f3fa23c539d2250b68227c2d7	EMPTY	EMPTY	RISK-04-MATERIALIZE-001
900ef701cf5c9b1030603aba89b357791bf790dfd0c0a87885a3c58b952b1b03	936d4b44-2847-48f5-bf37-a760151a76df	TASK	77c7032624c29314caf7433c21c9b96367f23d1666a116472e3fd816e5858610	6ed865b8-abdc-43c9-9f9d-bac45610dfb4	발파암터파기	발파암터파기	PROMOTED_FROM_SOURCE	DRAFT	RISK-04-APPROVE-001	62c2c50e3c0becbe23a686735d1a7e50ed8bce2f3fa23c539d2250b68227c2d7	EMPTY	EMPTY	RISK-04-MATERIALIZE-001
9047a22f35be556fd0fb2e10ae4b19358c2f2cdbafad6fd5bf69b0325b78f376	d6426b12-f51d-4ae6-85fe-4839a620657c	PROCESS	f2996f6bafd81f257eb5bb413e1d97fc2d7ef6be46a6c1255c1d8d956c03d4cb	cb9947ef-ba2f-4bb6-a06c-da056563addb	방송설비공사	방송설비공사	PROMOTED_FROM_SOURCE	DRAFT	RISK-04-APPROVE-001	62c2c50e3c0becbe23a686735d1a7e50ed8bce2f3fa23c539d2250b68227c2d7	EMPTY	EMPTY	RISK-04-MATERIALIZE-001
9064599e4c516b9459a0dde55a7cd5c7ca9acff7a534ff825f9a435ccca26d89	703804cc-8ce0-4eb2-95f0-62f7121dce30	PROCESS	EMPTY	EMPTY	기계 플랜트 산업․전기설비 통신시험 시설유지정비공사	기계 플랜트 산업․전기설비 통신시험 시설유지정비공사	PROMOTED_FROM_SOURCE	DRAFT	RISK-04-APPROVE-001	62c2c50e3c0becbe23a686735d1a7e50ed8bce2f3fa23c539d2250b68227c2d7	EMPTY	EMPTY	RISK-04-MATERIALIZE-001
908c8755bb86d39fe06679ac4e49bb2f9d143a0e0319bfd2a61337f7e90bc3cf	3136b8cf-6e0d-4910-bd62-ac40c5c61fcc	TASK	74a220321964dbd5fe811b35ae77db635c17fa91531a483f5ace2c2488242eee	61b431eb-4edf-4717-a1b6-7877f1f5deb8	터널복공뒷채움	터널복공뒷채움	PROMOTED_FROM_SOURCE	DRAFT	RISK-04-APPROVE-001	62c2c50e3c0becbe23a686735d1a7e50ed8bce2f3fa23c539d2250b68227c2d7	EMPTY	EMPTY	RISK-04-MATERIALIZE-001
91607a6b5234112b3b580adf08b809cedf34cd478dbfbf66b3fb34254771e313	7d25ff27-d4fb-4959-b8fb-c7717e6c964f	TASK	da93d66161177953a78a151ba958258083bd7ecdc307038e8400e97437c377b4	71232285-0ecb-449e-8505-f1007ff645ea	포스트텐션프리스트레싱	포스트텐션프리스트레싱	PROMOTED_FROM_SOURCE	DRAFT	RISK-04-APPROVE-001	62c2c50e3c0becbe23a686735d1a7e50ed8bce2f3fa23c539d2250b68227c2d7	EMPTY	EMPTY	RISK-04-MATERIALIZE-001
91683dbe4c2e9cfd8fa2e5f56b4ea67aa0e222c69a68a878ac9d0f3b34e56544	cd26464f-04c2-4583-823b-07eaad2ab658	TASK	744e95bb6e4a96594b2a7ad300501609c2e73264f98d8b4d92b4726208bb59cd	c3fc6f08-b063-4c2c-88d3-f2242493e17e	지적확정측량	지적확정측량	PROMOTED_FROM_SOURCE	DRAFT	RISK-04-APPROVE-001	62c2c50e3c0becbe23a686735d1a7e50ed8bce2f3fa23c539d2250b68227c2d7	EMPTY	EMPTY	RISK-04-MATERIALIZE-001
9192e49ac158c48fd03fde053eec3ad773562b6a752cf650ce79ddb2ef031f5c	d58a82f0-4dfd-45e0-a2fb-44533dccd83c	TASK	b8605fe8c0ef16348371393e2acc2501db26b6877153513bec3000f4f5de1df6	ac2a3158-0c35-492f-8611-dd2c65d6aa30	벽체석면시멘트판재붙이기	벽체석면시멘트판재붙이기	PROMOTED_FROM_SOURCE	DRAFT	RISK-04-APPROVE-001	62c2c50e3c0becbe23a686735d1a7e50ed8bce2f3fa23c539d2250b68227c2d7	EMPTY	EMPTY	RISK-04-MATERIALIZE-001
92144d57f74f82fb615953fd87f66acbcff0a8e6d1ec5021f689c654cf91fa35	8505e126-ffbd-4e69-88a1-d2dc46ba52cf	TASK	a2f1fe44215ea3bc676bd103630f70b6070914b6a2cf6fa10ee0443fc08d25dd	1b598b23-9ab8-4973-ad1a-4b87bfa67ea0	도막형외벽단열	도막형외벽단열	PROMOTED_FROM_SOURCE	DRAFT	RISK-04-APPROVE-001	62c2c50e3c0becbe23a686735d1a7e50ed8bce2f3fa23c539d2250b68227c2d7	EMPTY	EMPTY	RISK-04-MATERIALIZE-001
922d975a07d0e6322373256c1a5785e2060fa9690d8c56a0241cf9d0027e82d8	25bf13bd-6842-4fa3-b663-d23fdabfb3c4	PROCESS	dedf7ae4d0b0d778516158b7936e107774dc1d648fee00951a5b60552aa2d086	b59cb22e-8fa2-47ea-8abe-cb1a4165ffa2	조명제어설비공사	조명제어설비공사	PROMOTED_FROM_SOURCE	DRAFT	RISK-04-APPROVE-001	62c2c50e3c0becbe23a686735d1a7e50ed8bce2f3fa23c539d2250b68227c2d7	EMPTY	EMPTY	RISK-04-MATERIALIZE-001
922e8ecaf464567fda92d0646c68db67b1bc1032cca59137f58543f4de835ce8	6a2247a9-9e66-43b7-950c-89ea34a0f8e4	TASK	da5a624c501a2655039fba24eaaf4598e3c28c9642b2e2bc8b23d69a8361f5b1	a285976c-d91c-435f-be2b-717d72e6d83f	통신케이블제거	통신케이블제거	PROMOTED_FROM_SOURCE	DRAFT	RISK-04-APPROVE-001	62c2c50e3c0becbe23a686735d1a7e50ed8bce2f3fa23c539d2250b68227c2d7	EMPTY	EMPTY	RISK-04-MATERIALIZE-001
923c4e57afb54a20be089f3f4fafbf31eb5c2c73c02f65fae6883a3a7748aa51	7f705268-8f4d-433e-aa04-2091d14ad7d8	PROCESS	f8f8f8c0ded720ede952c131be6396329a82ad7f1995efa930cff437b5ed9ffa	51606bb5-d9c3-411f-8e33-3cb20fc8f923	시멘트모르터미장	시멘트모르터미장	PROMOTED_FROM_SOURCE	DRAFT	RISK-04-APPROVE-001	62c2c50e3c0becbe23a686735d1a7e50ed8bce2f3fa23c539d2250b68227c2d7	EMPTY	EMPTY	RISK-04-MATERIALIZE-001
925b310d5460365fd932b25f8fbbdc6addd19ea907c677cfd766d65ed7dc6770	6027181b-16a9-45f7-b8c6-e9a64fe2d31b	TASK	ab5cb14d0f35c4b9c8716882ac8be1f632db619bed3db9e612c87d77954024a0	135be024-0406-4ca9-8e07-5803429117f5	관부사	관부사	PROMOTED_FROM_SOURCE	DRAFT	RISK-04-APPROVE-001	62c2c50e3c0becbe23a686735d1a7e50ed8bce2f3fa23c539d2250b68227c2d7	EMPTY	EMPTY	RISK-04-MATERIALIZE-001
92e32d2dee1666876cca768c52709be997582e7e8091b458c797083793a6d3e4	66fa8cc1-4917-4206-9f74-384e782ecabe	PROCESS	6c2da1062cabb941946777b7381ec0ec9bd0ee98bf97ec5c2dd234d3b19b5b7d	c66d8388-51e3-4330-bd4b-2cbe4645e8eb	FlueGasSystem공사	FlueGasSystem공사	PROMOTED_FROM_SOURCE	DRAFT	RISK-04-APPROVE-001	62c2c50e3c0becbe23a686735d1a7e50ed8bce2f3fa23c539d2250b68227c2d7	EMPTY	EMPTY	RISK-04-MATERIALIZE-001
92ee7f92edaf02bf0edfb9c8ed4e4eedd1f107dcdf0db2213f7a5c3316d53829	e80a8e00-e81e-4eea-ae0f-b514fa64f54c	TASK	da5a624c501a2655039fba24eaaf4598e3c28c9642b2e2bc8b23d69a8361f5b1	a285976c-d91c-435f-be2b-717d72e6d83f	콘크리트관제거	콘크리트관제거	PROMOTED_FROM_SOURCE	DRAFT	RISK-04-APPROVE-001	62c2c50e3c0becbe23a686735d1a7e50ed8bce2f3fa23c539d2250b68227c2d7	EMPTY	EMPTY	RISK-04-MATERIALIZE-001
9313b98bb061bd575ccc953f3deec6b4af4ed4f71021933f1c8872149c468d1c	e4fb0a26-ec3f-4840-9b1e-dca5dc6949ab	TASK	1cf07cdcbd1df01844dc417dfc25899e9f8855c743ffeaa8b82fd28792f90073	b6103826-0560-4525-9cc9-2b7bf8f0d63b	인조석내벽붙이기	인조석내벽붙이기	PROMOTED_FROM_SOURCE	DRAFT	RISK-04-APPROVE-001	62c2c50e3c0becbe23a686735d1a7e50ed8bce2f3fa23c539d2250b68227c2d7	EMPTY	EMPTY	RISK-04-MATERIALIZE-001
934cec93edfa5eb83d4262be5e58f58cc6b9cdf02f1d610a2168f31c04864b63	afcecca7-c90d-471d-a18b-670fa2563fa5	PROCESS	EMPTY	EMPTY	터널공사	터널공사	PROMOTED_FROM_SOURCE	DRAFT	RISK-04-APPROVE-001	62c2c50e3c0becbe23a686735d1a7e50ed8bce2f3fa23c539d2250b68227c2d7	EMPTY	EMPTY	RISK-04-MATERIALIZE-001
936088bde8d859b200f9cb8c0a12a89e475475749a9c7a8e771699e860620209	79edc07b-6516-44e8-8912-971db2a62c6b	TASK	1c9173573f2f0541138461293746faab63d48eb4018852a282872a0707ba58b1	fc10356e-8340-408d-b01e-9fa1a04457e2	진동소음측정	진동소음측정	PROMOTED_FROM_SOURCE	DRAFT	RISK-04-APPROVE-001	62c2c50e3c0becbe23a686735d1a7e50ed8bce2f3fa23c539d2250b68227c2d7	EMPTY	EMPTY	RISK-04-MATERIALIZE-001
9392db76a86f5259061bf369afb28ddbb8a5711b831558e71f9174fe227a8dcb	ecee51d1-bdac-4a87-8368-5d069b6b4f02	TASK	01cf3373ebf183d4037b67bddd2d8679dcd717e985022494af1f6c6742756512	f17b6a9e-331e-42d3-85cb-f8bba038414c	자갈살포고르기	자갈살포고르기	PROMOTED_FROM_SOURCE	DRAFT	RISK-04-APPROVE-001	62c2c50e3c0becbe23a686735d1a7e50ed8bce2f3fa23c539d2250b68227c2d7	EMPTY	EMPTY	RISK-04-MATERIALIZE-001
93a2cf4bff2ac09907909aca982f1a3a5ffc52a3f056a1d7e4f0672dc6a92022	b80871a6-7b41-4e04-a83b-98e56e882d6f	TASK	b89cb358fa0de6d14fa48f2e5f6c311913a998339bb04892f742920b147be884	5af253ad-9573-4ec2-bcfa-8e082eefe8d2	성토재생산및선별	성토재생산및선별	PROMOTED_FROM_SOURCE	DRAFT	RISK-04-APPROVE-001	62c2c50e3c0becbe23a686735d1a7e50ed8bce2f3fa23c539d2250b68227c2d7	EMPTY	EMPTY	RISK-04-MATERIALIZE-001
93ae7b84189bc8304c057789df6250d445b811e96b1fcdd0f2cada5e82954ac2	30fa94d3-a3e1-43dc-8205-81afa30f5351	PROCESS	4d9e8f9fa87bd378789d8cf760fcc530d324b31228a4807c8d19549ba282a0af	365b740b-5b5b-429a-8e6e-d02c53977eda	주차장관련공사	주차장관련공사	PROMOTED_FROM_SOURCE	DRAFT	RISK-04-APPROVE-001	62c2c50e3c0becbe23a686735d1a7e50ed8bce2f3fa23c539d2250b68227c2d7	EMPTY	EMPTY	RISK-04-MATERIALIZE-001
941a681a1cdf0bb527274f0d493dab0416986e8a6993d9d7d885aeac94324598	b4675b66-9e65-4de3-ab16-8593b87f66c0	TASK	7d998429c979fb90025cfdc3b72fcecbd47952246191a2bc1ef02f5874c6985e	48506cef-8fc8-4838-bbd7-86e32129f825	지표및지중침하측정	지표및지중침하측정	PROMOTED_FROM_SOURCE	DRAFT	RISK-04-APPROVE-001	62c2c50e3c0becbe23a686735d1a7e50ed8bce2f3fa23c539d2250b68227c2d7	EMPTY	EMPTY	RISK-04-MATERIALIZE-001
94214fcab50cdcc71c68e401e415c8f01020eddcf3eaf37e7efaf53dee4b5917	5bddd7b2-92c3-4d7c-acc6-3f0d2fcb5e6b	TASK	aaec78d5502f2db4c028c040ca27b613454195907c0e2b949fbd0b2ab181d5f3	277e2963-cbe3-4e70-a6cb-6383c37b6767	콘크리트포장보수	콘크리트포장보수	PROMOTED_FROM_SOURCE	DRAFT	RISK-04-APPROVE-001	62c2c50e3c0becbe23a686735d1a7e50ed8bce2f3fa23c539d2250b68227c2d7	EMPTY	EMPTY	RISK-04-MATERIALIZE-001
943c4d8933f03fbc8df18908d6563a31c6e9ac932c992f5e8b2e7c46e7b84ddb	d40a2fbb-df73-44b5-9924-e89eccd1cd01	TASK	b266a326ad7e5eba11caadfe51d101ee205be6a4e31ad787d39ada491eb41c00	03597104-73d5-4f11-bee7-2c3162f7270c	시멘트계타일내벽붙이기	시멘트계타일내벽붙이기	PROMOTED_FROM_SOURCE	DRAFT	RISK-04-APPROVE-001	62c2c50e3c0becbe23a686735d1a7e50ed8bce2f3fa23c539d2250b68227c2d7	EMPTY	EMPTY	RISK-04-MATERIALIZE-001
949b2969c0dde56c672c18fc9437d6bec17fb188e73938de265b75880b26056a	7692c927-859a-46d5-ab98-9bc660772bde	PROCESS	b03fbd2acb8a7a1f82ae5001f9ca6792bcac86f726798d4be1b18909aa84d8ac	81fde51a-0a82-4e8e-a2df-f04bd1072a6e	유리공사	유리공사	PROMOTED_FROM_SOURCE	DRAFT	RISK-04-APPROVE-001	62c2c50e3c0becbe23a686735d1a7e50ed8bce2f3fa23c539d2250b68227c2d7	EMPTY	EMPTY	RISK-04-MATERIALIZE-001
94a9dd9c23196c6b60f5e22b9d7abec4c68f8c467149fa9c91b138ce683130e2	66c7eab8-d6f8-4bc3-9ba7-dab1f7292db5	PROCESS	db6bafcb5396a619ac639b6b4871b38bfd9450a31c31a9a46bbc731f09998c99	df727d07-1df7-4d0b-9607-451c8ce4ba7b	기타정보설비공사	기타정보설비공사	PROMOTED_FROM_SOURCE	DRAFT	RISK-04-APPROVE-001	62c2c50e3c0becbe23a686735d1a7e50ed8bce2f3fa23c539d2250b68227c2d7	EMPTY	EMPTY	RISK-04-MATERIALIZE-001
94dbd39d0a661ec285ae502b113f412ab676095281f9088ccbddb124dbc218c0	261b8e45-3ba8-42b4-bdea-229ea34806aa	PROCESS	30c5c5b7582a14cbbfd22cf36f874b71b3c0631edbf44c07f05d4e6702817359	85cdd0d4-ec0f-47f2-a601-cacd5b3f3b12	옥외조명설비공사	옥외조명설비공사	PROMOTED_FROM_SOURCE	DRAFT	RISK-04-APPROVE-001	62c2c50e3c0becbe23a686735d1a7e50ed8bce2f3fa23c539d2250b68227c2d7	EMPTY	EMPTY	RISK-04-MATERIALIZE-001
94ff4b3ce0c262de7f1759ba804d1cb8e50621d07a4d0beda3a8a1ed1cd43710	385ed6a9-711d-4304-9a24-2189e19447f2	PROCESS	3c47be97bfa282855af6f836d66cd88245867d0c60b073b473a50dee61d7112e	f84566d0-2894-4085-88e9-0a462e2aba38	암사면보호	암사면보호	PROMOTED_FROM_SOURCE	DRAFT	RISK-04-APPROVE-001	62c2c50e3c0becbe23a686735d1a7e50ed8bce2f3fa23c539d2250b68227c2d7	EMPTY	EMPTY	RISK-04-MATERIALIZE-001
951a084e5bee49796397c93c212cc1f8e6f45fa38d504f0009900faf782e6bf3	d668e6e1-a5b6-4ba7-b40f-b1fd3e0bbd22	TASK	0f3dce322934ae5e11439e5231fff7a5302aad3b4cfac914f9cd2c803987e6be	f341a82a-d015-42a2-ba95-73222b9510c2	염화비닐수지쉬트붙이기	염화비닐수지쉬트붙이기	PROMOTED_FROM_SOURCE	DRAFT	RISK-04-APPROVE-001	62c2c50e3c0becbe23a686735d1a7e50ed8bce2f3fa23c539d2250b68227c2d7	EMPTY	EMPTY	RISK-04-MATERIALIZE-001
954af7f796af6729ca14c96447db4f0e030ef961edf3c87661d997fd0de22afb	a33abdd9-3d7d-415e-ae9d-cacc4e40a242	TASK	e7b2885e1bfe92f116c5f7a790ef9390c064d76e62ebd3655eb8fd8ff8203a3e	69c4e40d-02de-47fc-abd8-480f392c6761	철골 강교도장	철골 강교도장	PROMOTED_FROM_SOURCE	DRAFT	RISK-04-APPROVE-001	62c2c50e3c0becbe23a686735d1a7e50ed8bce2f3fa23c539d2250b68227c2d7	EMPTY	EMPTY	RISK-04-MATERIALIZE-001
95548b01409deeeb665cdd233c9727acf68309b39ff4e80422db5348e00569b7	44b2f9ed-847e-416b-a5c5-5229fa428509	PROCESS	acf048a5240dfcfa6c13ef808f343ba91df60c7588b714ad55e193b842d47c36	c21d1a95-094c-4128-9360-17e6be8b6efc	사석가물막이	사석가물막이	PROMOTED_FROM_SOURCE	DRAFT	RISK-04-APPROVE-001	62c2c50e3c0becbe23a686735d1a7e50ed8bce2f3fa23c539d2250b68227c2d7	EMPTY	EMPTY	RISK-04-MATERIALIZE-001
956d992043654e6eb89146d44ffeb8f6e6ab1ce87e6cff84e7c477ba30f91ffe	06da75ac-d4c3-4b60-a384-d57f9b2eb6dd	TASK	b8605fe8c0ef16348371393e2acc2501db26b6877153513bec3000f4f5de1df6	ac2a3158-0c35-492f-8611-dd2c65d6aa30	벽체섬유질판재붙이기	벽체섬유질판재붙이기	PROMOTED_FROM_SOURCE	DRAFT	RISK-04-APPROVE-001	62c2c50e3c0becbe23a686735d1a7e50ed8bce2f3fa23c539d2250b68227c2d7	EMPTY	EMPTY	RISK-04-MATERIALIZE-001
95a0c98e6fc47ea4f5a2a12c472e980f088eb57e647d0d5a1b7c9b11ba57189f	7aa61aea-0c9a-4ecd-91fc-72b9d7be9e17	PROCESS	77558d43f2fbdaf86af49dcdaebc94288203e7ea1c9d196cb3c5063a8fd9857f	0d24428d-8d2b-4b43-b9d2-189481059c08	T.A.B(TestingAdjustingandBalancing)공사	T.A.B(TestingAdjustingandBalancing)공사	PROMOTED_FROM_SOURCE	DRAFT	RISK-04-APPROVE-001	62c2c50e3c0becbe23a686735d1a7e50ed8bce2f3fa23c539d2250b68227c2d7	EMPTY	EMPTY	RISK-04-MATERIALIZE-001
95efacf73900d07c56afaaf954adf54dd72197759a33f1fe61549bfba4be9be8	43238aa9-de07-4d8c-81ed-e9c47a612abb	TASK	2425326b235dd2d6471a9eaa0be5c51bcd0d64c42cfa796d4d2f4ffbf1785ed4	af0a9b1a-5106-4a6e-94a5-80dc7fc0779e	벤토나이트복합시트방수	벤토나이트복합시트방수	PROMOTED_FROM_SOURCE	DRAFT	RISK-04-APPROVE-001	62c2c50e3c0becbe23a686735d1a7e50ed8bce2f3fa23c539d2250b68227c2d7	EMPTY	EMPTY	RISK-04-MATERIALIZE-001
961d94bb5cb8170b52077481ed8a59851fc9e58135fc0454ce4eee2c1862d2e5	07aa7b8b-a592-4c6a-9e67-7a0a86aba9fe	TASK	8afc78b94512791a17f40d495868bafe70cc4b867c0e77a3e4269f22152f36ac	67981795-50b9-457d-999b-90e1c4bcbc43	사석되메우기	사석되메우기	PROMOTED_FROM_SOURCE	DRAFT	RISK-04-APPROVE-001	62c2c50e3c0becbe23a686735d1a7e50ed8bce2f3fa23c539d2250b68227c2d7	EMPTY	EMPTY	RISK-04-MATERIALIZE-001
9639d7971467192f06fc113457fe21511cf98a21d427338a166c1a87f3c9f8a3	e303e668-a457-4352-b8fb-3d1478a59e89	PROCESS	30c5c5b7582a14cbbfd22cf36f874b71b3c0631edbf44c07f05d4e6702817359	85cdd0d4-ec0f-47f2-a601-cacd5b3f3b12	옥내조명설비공사	옥내조명설비공사	PROMOTED_FROM_SOURCE	DRAFT	RISK-04-APPROVE-001	62c2c50e3c0becbe23a686735d1a7e50ed8bce2f3fa23c539d2250b68227c2d7	EMPTY	EMPTY	RISK-04-MATERIALIZE-001
963d897e29491a4fb7baa586dc5287b483604d5c1d168aa8127bd9ce01cb22ef	af67ec1a-0d16-4770-8ab9-3ca191ced81d	PROCESS	eed4ca91d2eebf54fd65616a1883deb0f030b5f1a097cf88488b3cd1e4d121b6	609c86eb-94f6-447c-9805-e0ff032b80f4	쓰레기관로이송및중계처리설비공사	쓰레기관로이송및중계처리설비공사	PROMOTED_FROM_SOURCE	DRAFT	RISK-04-APPROVE-001	62c2c50e3c0becbe23a686735d1a7e50ed8bce2f3fa23c539d2250b68227c2d7	EMPTY	EMPTY	RISK-04-MATERIALIZE-001
96dc6b9da041456d3d0bea04bafc870c51d62871c14f0bc548d407e3c336726c	49ca37d2-4bcd-48b8-bf21-afcc06f7d6d1	PROCESS	7a665c11748c42341077fd9afd02a35c4c5393995913074b384079703b592772	89c9da77-092d-400f-b40b-ae6c86aaad97	전기․통신공사관련건설및연관공사	전기․통신공사관련건설및연관공사	PROMOTED_FROM_SOURCE	DRAFT	RISK-04-APPROVE-001	62c2c50e3c0becbe23a686735d1a7e50ed8bce2f3fa23c539d2250b68227c2d7	EMPTY	EMPTY	RISK-04-MATERIALIZE-001
96df527ccb239d96a2f604ac5848d689d174bacf9f0b5716d1c76dad7cc4375a	4e0fd542-545f-4fad-8857-ade865d8d841	TASK	da54d4926aa79473fa6f89610338b0297765d601166ceb67ac95ba973da49bf0	efdfffad-db97-4a7f-b30a-19a78c418d13	Riprap재료축조	Riprap재료축조	PROMOTED_FROM_SOURCE	DRAFT	RISK-04-APPROVE-001	62c2c50e3c0becbe23a686735d1a7e50ed8bce2f3fa23c539d2250b68227c2d7	EMPTY	EMPTY	RISK-04-MATERIALIZE-001
97167eb2b29f689eecdc8442c8e8d8af709defa6879ba0d3ff2ed79518836e55	a15bbe15-e1ac-4833-b22f-773af7b714c8	PROCESS	EMPTY	EMPTY	본공사성가설공사	본공사성가설공사	PROMOTED_FROM_SOURCE	DRAFT	RISK-04-APPROVE-001	62c2c50e3c0becbe23a686735d1a7e50ed8bce2f3fa23c539d2250b68227c2d7	EMPTY	EMPTY	RISK-04-MATERIALIZE-001
973307c8c9363d1eb75fd15ab033f2c197cf3953333a5cc18331f1323f433371	98b21d59-42c5-4184-9ed3-846402a90466	TASK	0e93c5d551eb1eb656c4d219e2f5cbdde7a611f4d1f8cfd8d35caf54bb82840b	d29022bc-5dd6-4a51-9dc6-8744789240bd	바닥금속마감	바닥금속마감	PROMOTED_FROM_SOURCE	DRAFT	RISK-04-APPROVE-001	62c2c50e3c0becbe23a686735d1a7e50ed8bce2f3fa23c539d2250b68227c2d7	EMPTY	EMPTY	RISK-04-MATERIALIZE-001
97335367b83d56f2d7376661979c49461e7243cdc2cb9da787d21f32f64db60e	55b0aa83-8f0b-496d-a8fa-5dddfd0f023f	PROCESS	4550c015794f93c550fc4a407b3d0537ebd3fde8130246cd5dfb9e0da0674984	2014a58c-18ab-4f55-beb4-1884d9261052	기타에너지원공사	기타에너지원공사	PROMOTED_FROM_SOURCE	DRAFT	RISK-04-APPROVE-001	62c2c50e3c0becbe23a686735d1a7e50ed8bce2f3fa23c539d2250b68227c2d7	EMPTY	EMPTY	RISK-04-MATERIALIZE-001
975d5cefd8c9a88880143ba83779757f3f7de31e04917f9cfe619833c76566ff	c26ab9b3-6f79-489a-a37f-d6e3ee709294	TASK	676f1cf9776f156204c351002f57c75fd1cb6626073782bd364d823d8b3cdd6d	6c3e090b-1605-4add-8c25-f7726e27863f	기타흙쌓기	기타흙쌓기	PROMOTED_FROM_SOURCE	DRAFT	RISK-04-APPROVE-001	62c2c50e3c0becbe23a686735d1a7e50ed8bce2f3fa23c539d2250b68227c2d7	EMPTY	EMPTY	RISK-04-MATERIALIZE-001
97ae6dbb7b94a38810c359dc83a9e0600e88c972c2fb79369582072e6c0829ec	206135d7-4ac9-49e1-916b-0d3224e75a56	PROCESS	07d7c21945459092bbedab343d46779dae0e304fd054608896eace638286e5fd	38cf8fe5-03e8-4909-bc6b-f1b6e1c21b4a	피뢰및접지설비공사	피뢰및접지설비공사	PROMOTED_FROM_SOURCE	DRAFT	RISK-04-APPROVE-001	62c2c50e3c0becbe23a686735d1a7e50ed8bce2f3fa23c539d2250b68227c2d7	EMPTY	EMPTY	RISK-04-MATERIALIZE-001
97fb76d45383c405adb1236d93e2b6e7d03f0dcb21430cc51ed6c6c0cd0f1ee7	1a7e57c5-a04d-4871-8977-c460a1995996	PROCESS	094c2a06438b38402ce06ad7013f0d454002110bdbcbf8e2401b3ec4dc941191	218a19dd-a075-456a-8c08-cc1df02d3d95	아이스링크설비공사	아이스링크설비공사	PROMOTED_FROM_SOURCE	DRAFT	RISK-04-APPROVE-001	62c2c50e3c0becbe23a686735d1a7e50ed8bce2f3fa23c539d2250b68227c2d7	EMPTY	EMPTY	RISK-04-MATERIALIZE-001
98204670cffe52a646e69f9dfac2492bb3c3461b10fce6a9e14108fba0486fed	53c0d588-2d5a-473e-8030-f5c475f37bf5	PROCESS	7ef95651357fef3e076b778e5a7468487bdab7ab79e59b3e3660f84296c3a884	7034f460-2834-447a-94aa-55d0bc9e66cf	기계보일러및부속공사	기계보일러및부속공사	PROMOTED_FROM_SOURCE	DRAFT	RISK-04-APPROVE-001	62c2c50e3c0becbe23a686735d1a7e50ed8bce2f3fa23c539d2250b68227c2d7	EMPTY	EMPTY	RISK-04-MATERIALIZE-001
989574aa33f954da97d9ebed95d8ed96d61aba878a1b7e9cbab62bb79e9c5e76	5cb30a9a-6982-46ca-b9c0-ccd60cf64565	TASK	d247d23d1ed4e328c2447c090f6004c4d9eae4f00fa0467f4a36103620df8729	742c2cb1-a9d4-4ac8-a301-af0cba9f59d6	통석재계단놓기	통석재계단놓기	PROMOTED_FROM_SOURCE	DRAFT	RISK-04-APPROVE-001	62c2c50e3c0becbe23a686735d1a7e50ed8bce2f3fa23c539d2250b68227c2d7	EMPTY	EMPTY	RISK-04-MATERIALIZE-001
98a48f928e25adda1e501ad07e1af485ecbcfd339006818313794624e46f2b93	11af2f9f-366e-4fc3-8abb-87453ba4ece1	TASK	74a220321964dbd5fe811b35ae77db635c17fa91531a483f5ace2c2488242eee	61b431eb-4edf-4717-a1b6-7877f1f5deb8	갱구숏크리트(Shotcrete)	갱구숏크리트(Shotcrete)	PROMOTED_FROM_SOURCE	DRAFT	RISK-04-APPROVE-001	62c2c50e3c0becbe23a686735d1a7e50ed8bce2f3fa23c539d2250b68227c2d7	EMPTY	EMPTY	RISK-04-MATERIALIZE-001
98cc57b6dbd1611ac5fe9fbf2ddd4e762ed3541c1635472a90dce03a371ed2fa	9fe35d80-bb1d-4b89-8184-1285cb7a7704	PROCESS	e9d5097280eead87de1f8ee9e24cd53c94b90fa52276ada446bf13467c8c8f72	7781f1c8-c06d-4cbf-9fa0-389a6b427172	보도블록포장	보도블록포장	PROMOTED_FROM_SOURCE	DRAFT	RISK-04-APPROVE-001	62c2c50e3c0becbe23a686735d1a7e50ed8bce2f3fa23c539d2250b68227c2d7	EMPTY	EMPTY	RISK-04-MATERIALIZE-001
9922a5bca521c30d62f034f6aa1ed906c4dea72b28f4eb16321cc489f2f62b0d	f1556510-366c-4de9-b9e5-51e2118e4566	PROCESS	acf048a5240dfcfa6c13ef808f343ba91df60c7588b714ad55e193b842d47c36	c21d1a95-094c-4128-9360-17e6be8b6efc	나무널말뚝가물막이	나무널말뚝가물막이	PROMOTED_FROM_SOURCE	DRAFT	RISK-04-APPROVE-001	62c2c50e3c0becbe23a686735d1a7e50ed8bce2f3fa23c539d2250b68227c2d7	EMPTY	EMPTY	RISK-04-MATERIALIZE-001
99251365e33a7c848579e36872b53d3589f622c7b93763ea82b9ba6c18867317	fabd4b6c-e97f-4f74-b62c-53c51224393a	PROCESS	934cec93edfa5eb83d4262be5e58f58cc6b9cdf02f1d610a2168f31c04864b63	afcecca7-c90d-471d-a18b-670fa2563fa5	터널내부마감공사	터널내부마감공사	PROMOTED_FROM_SOURCE	DRAFT	RISK-04-APPROVE-001	62c2c50e3c0becbe23a686735d1a7e50ed8bce2f3fa23c539d2250b68227c2d7	EMPTY	EMPTY	RISK-04-MATERIALIZE-001
994c5c6f3e7700bb439cd0c4b1741e3d839795989cfb1523bdf51bbd1e6c9280	fb9cf491-80c1-45eb-852e-6ba1bd57ad83	PROCESS	fc4f7df78ecb9755d8ff69c7766d178706b5e53fc3bd41fe4723431d9bcd5bf1	fa9bc1cf-4143-49e0-a578-32622795b91d	흙막이지보공사	흙막이지보공사	PROMOTED_FROM_SOURCE	DRAFT	RISK-04-APPROVE-001	62c2c50e3c0becbe23a686735d1a7e50ed8bce2f3fa23c539d2250b68227c2d7	EMPTY	EMPTY	RISK-04-MATERIALIZE-001
99be967a570fd4905646ea972fb33880e6f79c78e313678e9ef7f1cb73d2fa4a	e401ae90-0727-4bb6-86f1-d12f8fc286b1	PROCESS	fc4f7df78ecb9755d8ff69c7766d178706b5e53fc3bd41fe4723431d9bcd5bf1	fa9bc1cf-4143-49e0-a578-32622795b91d	말뚝흙막이	말뚝흙막이	PROMOTED_FROM_SOURCE	DRAFT	RISK-04-APPROVE-001	62c2c50e3c0becbe23a686735d1a7e50ed8bce2f3fa23c539d2250b68227c2d7	EMPTY	EMPTY	RISK-04-MATERIALIZE-001
99d4f72c4a1da1c354c994d94db41ef4eb5f02e07d39f540deaa3365553d8799	a4a8ab73-aaf2-49b4-af07-86f6742d4d62	PROCESS	994c5c6f3e7700bb439cd0c4b1741e3d839795989cfb1523bdf51bbd1e6c9280	fb9cf491-80c1-45eb-852e-6ba1bd57ad83	강관지보공사	강관지보공사	PROMOTED_FROM_SOURCE	DRAFT	RISK-04-APPROVE-001	62c2c50e3c0becbe23a686735d1a7e50ed8bce2f3fa23c539d2250b68227c2d7	EMPTY	EMPTY	RISK-04-MATERIALIZE-001
9a39c7bde11d3fd06aecbcec512e2efc39ef79eb682317ce5b1ea1a5145b159c	b1e90650-b549-4172-b381-01d80058bb93	PROCESS	963d897e29491a4fb7baa586dc5287b483604d5c1d168aa8127bd9ce01cb22ef	af67ec1a-0d16-4770-8ab9-3ca191ced81d	쓰레기관로이송및중계처리시설설비공사	쓰레기관로이송및중계처리시설설비공사	PROMOTED_FROM_SOURCE	DRAFT	RISK-04-APPROVE-001	62c2c50e3c0becbe23a686735d1a7e50ed8bce2f3fa23c539d2250b68227c2d7	EMPTY	EMPTY	RISK-04-MATERIALIZE-001
9a60ab98c185638e74bea92c8cf87cdac8a88891b3eded3afa7563449091f782	699a7a8d-8214-4551-8250-359d4930b902	TASK	172b5d183961638c11d2ddd68aa2bcca8a5c37d208160fa56f3af8dddb96cf41	1c3217dc-73b3-45fd-9119-13508993a96d	목재바탕처리	목재바탕처리	PROMOTED_FROM_SOURCE	DRAFT	RISK-04-APPROVE-001	62c2c50e3c0becbe23a686735d1a7e50ed8bce2f3fa23c539d2250b68227c2d7	EMPTY	EMPTY	RISK-04-MATERIALIZE-001
9ac4bb062d521abe8e69b359393e5ce6cf23efda77d4f73fbaae1d63f43d738f	028d5fdc-46ea-4021-ae54-f10eaa310163	PROCESS	EMPTY	EMPTY	측량	측량	PROMOTED_FROM_SOURCE	DRAFT	RISK-04-APPROVE-001	62c2c50e3c0becbe23a686735d1a7e50ed8bce2f3fa23c539d2250b68227c2d7	EMPTY	EMPTY	RISK-04-MATERIALIZE-001
9aecf60758dba3ebeaf95274c622558e81440c214e4131e3f755d73ce8ffc4c2	d4083196-f5da-4051-914f-d5b9df7e6f57	TASK	662a1cd5be3e0e40b809a2385f9b185da542c9cafc8a3f8b26ea47aac1b6e4a7	abcb1e66-9a44-41c9-9baa-8482f9498106	무근콘크리트제거	무근콘크리트제거	PROMOTED_FROM_SOURCE	DRAFT	RISK-04-APPROVE-001	62c2c50e3c0becbe23a686735d1a7e50ed8bce2f3fa23c539d2250b68227c2d7	EMPTY	EMPTY	RISK-04-MATERIALIZE-001
9b0621059d2d4e054b330019943c9b2d53b37d09f2f6115648ed06242f26aa8d	ada6e963-c55f-4215-ab4c-991fd0add567	PROCESS	EMPTY	EMPTY	제조설비관련공사	제조설비관련공사	PROMOTED_FROM_SOURCE	DRAFT	RISK-04-APPROVE-001	62c2c50e3c0becbe23a686735d1a7e50ed8bce2f3fa23c539d2250b68227c2d7	EMPTY	EMPTY	RISK-04-MATERIALIZE-001
9b7a52673419298fe57365551c6877fb823b58f43faa9c6a98f4493908965971	6960a7b2-9ff7-4cfc-ad51-5ea02591a7d9	PROCESS	e04b0bdea193e90dc8375f29fe1455c07217b68da111c911ed87de115fb32aa4	8b9af581-a78c-455f-af5c-77f3941d02e9	승객용엘리베이터설비공사	승객용엘리베이터설비공사	PROMOTED_FROM_SOURCE	DRAFT	RISK-04-APPROVE-001	62c2c50e3c0becbe23a686735d1a7e50ed8bce2f3fa23c539d2250b68227c2d7	EMPTY	EMPTY	RISK-04-MATERIALIZE-001
9c384f45877c7d72ffe4533d80d280cd211cb3e8d5be545cba2bead7104d13b1	fa26073f-586c-4a04-a24e-bf77762cb1d2	PROCESS	daa906954562f1c33f219f508267ad546d282a7241c4251257bb6c8be54c0b5d	1f3fad6f-505e-4c8a-8924-44f68b3a0652	샘플링	샘플링	PROMOTED_FROM_SOURCE	DRAFT	RISK-04-APPROVE-001	62c2c50e3c0becbe23a686735d1a7e50ed8bce2f3fa23c539d2250b68227c2d7	EMPTY	EMPTY	RISK-04-MATERIALIZE-001
9c5d076acd3550d07d3b8d5e161a39d20bc03992a7d1c3a04b07f92d854efb99	c9cb3627-109a-4e0c-8fbb-1abb31f759ea	PROCESS	87fa53f9401d9b7c7720ef7da477dadd283d8362a38e4a5f37f5d2e5fdaf5ac4	283efb15-14fe-459f-afee-1142d73e503a	발전 수변전관련전기설비공사	발전 수변전관련전기설비공사	PROMOTED_FROM_SOURCE	DRAFT	RISK-04-APPROVE-001	62c2c50e3c0becbe23a686735d1a7e50ed8bce2f3fa23c539d2250b68227c2d7	EMPTY	EMPTY	RISK-04-MATERIALIZE-001
9c5ed92f0b6f15f5b0dceaf25284cf66346459c05db587f345dda042884fb693	363117e3-bba6-4adc-8f4f-e36f8526ea52	PROCESS	06e5762a27d4f3deb2d03c0dd8ad20c8eddc324415d5d6107a916166121c970c	37708031-cc38-4c79-b4b1-30ef03ff1752	교량부속공사	교량부속공사	PROMOTED_FROM_SOURCE	DRAFT	RISK-04-APPROVE-001	62c2c50e3c0becbe23a686735d1a7e50ed8bce2f3fa23c539d2250b68227c2d7	EMPTY	EMPTY	RISK-04-MATERIALIZE-001
9d08608a7869c37de6430fd6bc8d4ab616d9d7366068bf91c791a920227e9601	1f700e5b-1bbf-45ba-bfe4-ccbcbfc736ae	PROCESS	EMPTY	EMPTY	포장및도로공사	포장및도로공사	PROMOTED_FROM_SOURCE	DRAFT	RISK-04-APPROVE-001	62c2c50e3c0becbe23a686735d1a7e50ed8bce2f3fa23c539d2250b68227c2d7	EMPTY	EMPTY	RISK-04-MATERIALIZE-001
9d1d7e3cf333b05c23ed838742a05d0d01c6bc294913a89e1f2bb1ad7a31babe	7b1c268e-1120-45b8-bcd5-0716c1f785a1	PROCESS	c878122f7b0f7f4bda4517c25c843fce79a340822c88f3421ae25b2b27845f46	ab9dfe81-ff57-4662-889d-58ca0c739475	방습	방습	PROMOTED_FROM_SOURCE	DRAFT	RISK-04-APPROVE-001	62c2c50e3c0becbe23a686735d1a7e50ed8bce2f3fa23c539d2250b68227c2d7	EMPTY	EMPTY	RISK-04-MATERIALIZE-001
9d7bad7d3377b0051c155133999851cda03afb637f6fc506662aa14608b8fd72	23c12507-241e-4e79-a855-4ab96b1ce94d	PROCESS	028839946d8a54355febe053579f2654b44a02cafb0f9a1e86e358319541e927	ffd6db74-ee50-40f2-a2f9-a13438cf9aed	설비․시설잡공사	설비․시설잡공사	PROMOTED_FROM_SOURCE	DRAFT	RISK-04-APPROVE-001	62c2c50e3c0becbe23a686735d1a7e50ed8bce2f3fa23c539d2250b68227c2d7	EMPTY	EMPTY	RISK-04-MATERIALIZE-001
9d99ccebbabc3543fa22a500a689aa9c9635bf56f19b31ae3a4c0a79be7f3c4a	ac018e40-20ae-468c-bbf0-78257d139fa1	PROCESS	1a13ea0495c762c614f4fa5cbcf476764c9287e017255d6e15df7cb6defa5748	f0d60f4d-849f-4ef2-aa5b-5535bca53c2a	구조체계측	구조체계측	PROMOTED_FROM_SOURCE	DRAFT	RISK-04-APPROVE-001	62c2c50e3c0becbe23a686735d1a7e50ed8bce2f3fa23c539d2250b68227c2d7	EMPTY	EMPTY	RISK-04-MATERIALIZE-001
9da860796603be35e2aeeba9341b671f5a94575985fb3e6b38b38ad6ccda9580	204fd2b5-6d67-42c3-aeda-94977217033f	PROCESS	ac74a224650d5509cb0506ecd2daf797b6aec4c361eb5e4467bed4db842033c5	72c0016a-09bb-402e-91e1-4b618205be6a	슬래브하부단열	슬래브하부단열	PROMOTED_FROM_SOURCE	DRAFT	RISK-04-APPROVE-001	62c2c50e3c0becbe23a686735d1a7e50ed8bce2f3fa23c539d2250b68227c2d7	EMPTY	EMPTY	RISK-04-MATERIALIZE-001
9dec59411fd67507e08e8cf85a198fa5a0623b9031e51727ce3f695f2202399c	7014cca3-7fd8-4a1f-b21c-ee01887a31ec	TASK	206d7fdddef45b9e8a97e6f58bafdc77e5add659193f4b081bef7d0c119bef49	c31d427e-edb6-4d28-a9ae-ff5afd266a20	인조석조적	인조석조적	PROMOTED_FROM_SOURCE	DRAFT	RISK-04-APPROVE-001	62c2c50e3c0becbe23a686735d1a7e50ed8bce2f3fa23c539d2250b68227c2d7	EMPTY	EMPTY	RISK-04-MATERIALIZE-001
9e59325bd7272dc2f9cdd7d73c9834659904834b5b3c3564198a39896b8158ac	8f7050b0-0f96-4b56-83f4-c8c52ee529c7	TASK	7f2507b6c1ad8ac7ec8b5b9dbca5f54652d7153248d333c7935cd92b181353d5	fa8cfc12-4cef-4715-9d5e-68472a822b8b	그릴설치	그릴설치	PROMOTED_FROM_SOURCE	DRAFT	RISK-04-APPROVE-001	62c2c50e3c0becbe23a686735d1a7e50ed8bce2f3fa23c539d2250b68227c2d7	EMPTY	EMPTY	RISK-04-MATERIALIZE-001
9ead7eca263c3ca000604b0a36fbebb288791c272bedcb2fccaa46f051ad105a	8d41a0d2-2d48-4450-b1fb-3d0a14a1bc71	PROCESS	4550c015794f93c550fc4a407b3d0537ebd3fde8130246cd5dfb9e0da0674984	2014a58c-18ab-4f55-beb4-1884d9261052	연료처리공사	연료처리공사	PROMOTED_FROM_SOURCE	DRAFT	RISK-04-APPROVE-001	62c2c50e3c0becbe23a686735d1a7e50ed8bce2f3fa23c539d2250b68227c2d7	EMPTY	EMPTY	RISK-04-MATERIALIZE-001
9ed800b6570d39ac38f5b3202f23981e90d8eb5f37d7e7a332ddcaf782dffd65	2e8138ce-e3ca-439b-8e9c-de616f5e6dec	PROCESS	571d193a16c84db193b5f282dcdc92dd3a9717d4664c18940b186a5399aa42cb	1d0b5964-b7de-4b95-9e79-0d1d7443e701	철로보선작업	철로보선작업	PROMOTED_FROM_SOURCE	DRAFT	RISK-04-APPROVE-001	62c2c50e3c0becbe23a686735d1a7e50ed8bce2f3fa23c539d2250b68227c2d7	EMPTY	EMPTY	RISK-04-MATERIALIZE-001
9ef89a40fa3648075581bee7c8f1ce642af6032261a7d69700fb33de9ba47473	8814ab10-8f4d-46aa-8aed-a151a8b6feed	TASK	663731e91305b8886f5920d0f41659f79dea06180109346b38779bf90058409e	1850eed5-cd9e-4d3e-9bc3-d99c95102c33	특수타일바닥붙이기	특수타일바닥붙이기	PROMOTED_FROM_SOURCE	DRAFT	RISK-04-APPROVE-001	62c2c50e3c0becbe23a686735d1a7e50ed8bce2f3fa23c539d2250b68227c2d7	EMPTY	EMPTY	RISK-04-MATERIALIZE-001
9f6136f861a01b1defee73af204c9b8a32a2cd3fac39504b4bc06639fe5ac45e	5aa26cb9-16a6-4ce5-9721-b0bafcaa7ce5	TASK	5de714bb17d80b291c3d7e7d3da321d729f8771914677c30ae25f4e14aa01e91	525fab4f-8a50-492c-851c-f6f5a15be109	금속타일밑면붙이기	금속타일밑면붙이기	PROMOTED_FROM_SOURCE	DRAFT	RISK-04-APPROVE-001	62c2c50e3c0becbe23a686735d1a7e50ed8bce2f3fa23c539d2250b68227c2d7	EMPTY	EMPTY	RISK-04-MATERIALIZE-001
9fc73b0c793e03681c3407d3519d65b2b9ced2347dd0fb5746a20bc386231bbd	e9850b83-3022-4f78-8510-05b22285b1a5	PROCESS	ec6c03a8aad00b368c07295be86baea08d9705eebdcce822dbc9811d598c8cf1	cd3fd9c9-8693-4719-a1d8-b8ab7d62150e	진동방지공사	진동방지공사	PROMOTED_FROM_SOURCE	DRAFT	RISK-04-APPROVE-001	62c2c50e3c0becbe23a686735d1a7e50ed8bce2f3fa23c539d2250b68227c2d7	EMPTY	EMPTY	RISK-04-MATERIALIZE-001
9ff4e35cc5e677d6d8dd41c870da81f1059aab60a35df435d424b7e64af7df61	e0ffb761-4531-42a9-bccc-a47102859054	PROCESS	EMPTY	EMPTY	프리케스트콘크리트공사	프리케스트콘크리트공사	PROMOTED_FROM_SOURCE	DRAFT	RISK-04-APPROVE-001	62c2c50e3c0becbe23a686735d1a7e50ed8bce2f3fa23c539d2250b68227c2d7	EMPTY	EMPTY	RISK-04-MATERIALIZE-001
a07074ce16af26584d4e41403bd73022e4e5200e37650d4c1d663fc189278c9a	12247ee2-2e4e-43ea-bfe5-141d49c92ad8	TASK	43b1a189bbf02fb3ce567f440980c23d9a28a5fb5594f4f5a703ac6331f5fdfe	03e39a42-dde8-46e5-801a-859b93fed859	편의시설물설치	편의시설물설치	PROMOTED_FROM_SOURCE	DRAFT	RISK-04-APPROVE-001	62c2c50e3c0becbe23a686735d1a7e50ed8bce2f3fa23c539d2250b68227c2d7	EMPTY	EMPTY	RISK-04-MATERIALIZE-001
a07c55e2620d37e34db2b95677e46ceb11ea523067de959206e6f849b9a7ba15	23a1bffc-7e95-4d93-9e75-c94c1b2d4b85	TASK	cc03b5f255e4c76a4d9018d5b36c052591b7677fe406b8c343fb8873feb99bf7	0b5224ee-1c0d-41eb-8367-a80e2762d7bf	두겁돌붙이기	두겁돌붙이기	PROMOTED_FROM_SOURCE	DRAFT	RISK-04-APPROVE-001	62c2c50e3c0becbe23a686735d1a7e50ed8bce2f3fa23c539d2250b68227c2d7	EMPTY	EMPTY	RISK-04-MATERIALIZE-001
a0bde69109899bb18a0e8bdc421202bd811be861a93e91363bfb7fec402a96f4	5d050720-9e5e-4d19-8833-063af28db494	PROCESS	b84acc473853e920d7ef63dfd2c7026ed302e12a8c298f046af90f6e3cd53f4c	660aa095-2f4d-42e5-b16e-0ed86ee069c0	비탈막이	비탈막이	PROMOTED_FROM_SOURCE	DRAFT	RISK-04-APPROVE-001	62c2c50e3c0becbe23a686735d1a7e50ed8bce2f3fa23c539d2250b68227c2d7	EMPTY	EMPTY	RISK-04-MATERIALIZE-001
a119b8b56a487799a4f3273a38a1fbe8ee917b24738efd230cb90d2a46f35cd9	89982fc4-e11d-48e3-8fc2-10f137014ab3	PROCESS	dedf7ae4d0b0d778516158b7936e107774dc1d648fee00951a5b60552aa2d086	b59cb22e-8fa2-47ea-8abe-cb1a4165ffa2	전력제어설비공사	전력제어설비공사	PROMOTED_FROM_SOURCE	DRAFT	RISK-04-APPROVE-001	62c2c50e3c0becbe23a686735d1a7e50ed8bce2f3fa23c539d2250b68227c2d7	EMPTY	EMPTY	RISK-04-MATERIALIZE-001
a130e3893ef000004cc018294024d19d6bcf57e944e45dc9a85f0eaa66a0a8dd	fea8391d-48b9-4beb-a77b-be579e4864df	PROCESS	9c5d076acd3550d07d3b8d5e161a39d20bc03992a7d1c3a04b07f92d854efb99	c9cb3627-109a-4e0c-8fbb-1abb31f759ea	조상설비공사	조상설비공사	PROMOTED_FROM_SOURCE	DRAFT	RISK-04-APPROVE-001	62c2c50e3c0becbe23a686735d1a7e50ed8bce2f3fa23c539d2250b68227c2d7	EMPTY	EMPTY	RISK-04-MATERIALIZE-001
a17a2083817bf200d186e44992a9d49156c40bc14c598eade0fa0e652c423ca6	d35c54fb-26bc-4f27-b5ef-cd6ce1e2e04e	TASK	d5c836cf4cffdb658245592f22386d2b5fd37310e0b428f15c718e71e700b1ba	b1711c33-2150-4175-af17-30437a6b908a	암이외의지질시험굴착	암이외의지질시험굴착	PROMOTED_FROM_SOURCE	DRAFT	RISK-04-APPROVE-001	62c2c50e3c0becbe23a686735d1a7e50ed8bce2f3fa23c539d2250b68227c2d7	EMPTY	EMPTY	RISK-04-MATERIALIZE-001
a1fa7e1fbe536f1c9ab6d4ec21c23d7de63646b1fcb6fef70a8f387763e99bc9	a74700b2-31e4-44f9-bb53-1ab477738d29	PROCESS	EMPTY	EMPTY	발전설비공사	발전설비공사	PROMOTED_FROM_SOURCE	DRAFT	RISK-04-APPROVE-001	62c2c50e3c0becbe23a686735d1a7e50ed8bce2f3fa23c539d2250b68227c2d7	EMPTY	EMPTY	RISK-04-MATERIALIZE-001
a20f051dae1cbf038a0939447b9d4f7508662cd0fbfe028db1c9208aca35e4f7	8bca0a0b-924a-4c3a-b6a0-8d606e759efc	TASK	da54d4926aa79473fa6f89610338b0297765d601166ceb67ac95ba973da49bf0	efdfffad-db97-4a7f-b30a-19a78c418d13	암석재료축조	암석재료축조	PROMOTED_FROM_SOURCE	DRAFT	RISK-04-APPROVE-001	62c2c50e3c0becbe23a686735d1a7e50ed8bce2f3fa23c539d2250b68227c2d7	EMPTY	EMPTY	RISK-04-MATERIALIZE-001
a23b53c09384c8b185c431f8dc0a95ea646e012f4afa316ce42046e5d5ba8bda	2e168dd5-b5ef-4a2c-977d-dec24b76635f	TASK	8bfbba9d95710e0bac851a17945ca6f353070ca9bf1d14005d856e6caac5e12e	82b93dc9-88a1-49f8-bd54-3874f569ced2	목조바닥깔기	목조바닥깔기	PROMOTED_FROM_SOURCE	DRAFT	RISK-04-APPROVE-001	62c2c50e3c0becbe23a686735d1a7e50ed8bce2f3fa23c539d2250b68227c2d7	EMPTY	EMPTY	RISK-04-MATERIALIZE-001
a27352b5d662e6d1048eeecae66e47f5a993d2674b6fb0789eec4c268f846268	faeef6a5-201a-4065-9407-a44865773400	TASK	33f1ddfc015d1a5a3173d5aa56062b9af98458c2e93edc02b239d897ef4ba8d7	07309343-35ef-4208-86db-a8bac28a8b72	유리블록판넬설치	유리블록판넬설치	PROMOTED_FROM_SOURCE	DRAFT	RISK-04-APPROVE-001	62c2c50e3c0becbe23a686735d1a7e50ed8bce2f3fa23c539d2250b68227c2d7	EMPTY	EMPTY	RISK-04-MATERIALIZE-001
a2b8b0a9e830ef81658c6f273ba1ebb7b8821de4f51ea3d78cab4c3481e7b749	bd3d6af4-8b27-4219-a3a6-7a4cc3667d04	TASK	9ed800b6570d39ac38f5b3202f23981e90d8eb5f37d7e7a332ddcaf782dffd65	2e8138ce-e3ca-439b-8e9c-de616f5e6dec	철도자재교환	철도자재교환	PROMOTED_FROM_SOURCE	DRAFT	RISK-04-APPROVE-001	62c2c50e3c0becbe23a686735d1a7e50ed8bce2f3fa23c539d2250b68227c2d7	EMPTY	EMPTY	RISK-04-MATERIALIZE-001
a2db02a8170ee988d73c28ee901c368d01a177944388b5ce24d2ae692e80682b	48e89a50-e957-4c87-923f-3c644df93ecd	PROCESS	568be7b55676989271c734e894bdcd02232e6d9d58e6c1b95622b559bf859880	e600773e-39f9-4dc9-9a94-512c43fddf2d	열병합발전시설설비공사	열병합발전시설설비공사	PROMOTED_FROM_SOURCE	DRAFT	RISK-04-APPROVE-001	62c2c50e3c0becbe23a686735d1a7e50ed8bce2f3fa23c539d2250b68227c2d7	EMPTY	EMPTY	RISK-04-MATERIALIZE-001
a2dc7ded8d89babb311abd5d42df16f0222e080e93aed03ba5f05c561ac39358	ce82c382-42ec-472b-b6f0-1ee17ee8d19e	PROCESS	706b109b6fd8aeddce13add7f1c380804672ac30806e855f754e5979a2f7ff3a	32915fdf-e539-40f3-8e31-01c14e4d5a38	기타도장공사	기타도장공사	PROMOTED_FROM_SOURCE	DRAFT	RISK-04-APPROVE-001	62c2c50e3c0becbe23a686735d1a7e50ed8bce2f3fa23c539d2250b68227c2d7	EMPTY	EMPTY	RISK-04-MATERIALIZE-001
a2dcca12379082f810e1d09456b90e781746b74cd0b48bacd72cbb2a72c431fe	6912c95a-376b-4657-893d-2569bb4f740e	PROCESS	a1fa7e1fbe536f1c9ab6d4ec21c23d7de63646b1fcb6fef70a8f387763e99bc9	a74700b2-31e4-44f9-bb53-1ab477738d29	화력발전소공사	화력발전소공사	PROMOTED_FROM_SOURCE	DRAFT	RISK-04-APPROVE-001	62c2c50e3c0becbe23a686735d1a7e50ed8bce2f3fa23c539d2250b68227c2d7	EMPTY	EMPTY	RISK-04-MATERIALIZE-001
a2f1fe44215ea3bc676bd103630f70b6070914b6a2cf6fa10ee0443fc08d25dd	1b598b23-9ab8-4973-ad1a-4b87bfa67ea0	PROCESS	ac74a224650d5509cb0506ecd2daf797b6aec4c361eb5e4467bed4db842033c5	72c0016a-09bb-402e-91e1-4b618205be6a	외벽단열	외벽단열	PROMOTED_FROM_SOURCE	DRAFT	RISK-04-APPROVE-001	62c2c50e3c0becbe23a686735d1a7e50ed8bce2f3fa23c539d2250b68227c2d7	EMPTY	EMPTY	RISK-04-MATERIALIZE-001
a3116afd51a8c076f7b6e832b64442a5ecffecfcae3ed6c03770ea81bb273df5	5e40c440-5101-43b8-92ee-1cf62da231df	PROCESS	0159c0afba4f87a183671de62115913a8b31972b208227a187d443435754b047	73218545-e9d1-4e62-aae6-6bcc492176e1	기타강구조물공사	기타강구조물공사	PROMOTED_FROM_SOURCE	DRAFT	RISK-04-APPROVE-001	62c2c50e3c0becbe23a686735d1a7e50ed8bce2f3fa23c539d2250b68227c2d7	EMPTY	EMPTY	RISK-04-MATERIALIZE-001
a34c5c2ea5ca05f69d23329fb0286a70e9477e90844001d868313a3c6e7bcbc0	f681442d-ee61-44e1-9ae0-c31e9d205b26	PROCESS	04231490c811112bfa29c7d4e4cbf080a670678d9274cc503da398283540555e	faf1109e-6943-41b2-a893-d43ff98b9372	무선통신설비공사	무선통신설비공사	PROMOTED_FROM_SOURCE	DRAFT	RISK-04-APPROVE-001	62c2c50e3c0becbe23a686735d1a7e50ed8bce2f3fa23c539d2250b68227c2d7	EMPTY	EMPTY	RISK-04-MATERIALIZE-001
a35727bec64ace552ea87768f92eaa16bcde8af75c0da8aef1651a2880c7dc59	476efd01-d9c9-46c9-908b-3dcd7f719930	PROCESS	9ff4e35cc5e677d6d8dd41c870da81f1059aab60a35df435d424b7e64af7df61	e0ffb761-4531-42a9-bccc-a47102859054	PC부속공사	PC부속공사	PROMOTED_FROM_SOURCE	DRAFT	RISK-04-APPROVE-001	62c2c50e3c0becbe23a686735d1a7e50ed8bce2f3fa23c539d2250b68227c2d7	EMPTY	EMPTY	RISK-04-MATERIALIZE-001
a4423bdd66a9bba1a5ab6ecf87eb0c623f8c76609d6ec3cc553f55e3bb097e9d	69023a2d-8666-45cc-9432-e6a1f4b9da05	PROCESS	87b16db6c82b01f971ea80213fd300e26dc80926320731a8d04ba7f460eefbb8	0219c299-f031-467e-b29e-53510bc94b4c	지반배수	지반배수	PROMOTED_FROM_SOURCE	DRAFT	RISK-04-APPROVE-001	62c2c50e3c0becbe23a686735d1a7e50ed8bce2f3fa23c539d2250b68227c2d7	EMPTY	EMPTY	RISK-04-MATERIALIZE-001
a4786618be452304d37d7ebff5250df8fdf7eb9495b1b866acaf3d0059833470	00db3819-7b6a-4fc1-8497-2b3fb0998e16	TASK	ee6c41f2ed48ba58329afbe31673c97b6af2e326b35b284237ac74bdfe372b81	90903882-5745-43fe-86b4-0342dc0396ca	농지및삼림측량	농지및삼림측량	PROMOTED_FROM_SOURCE	DRAFT	RISK-04-APPROVE-001	62c2c50e3c0becbe23a686735d1a7e50ed8bce2f3fa23c539d2250b68227c2d7	EMPTY	EMPTY	RISK-04-MATERIALIZE-001
a492a0fe0bcc1fa46324941086217984ce0e3a41d318bcddae69d13bff90d910	fae1b190-575a-4e5f-add0-051c335c433b	PROCESS	87fc9dee856fdc0de823757c6910a98d1e79e1ba25099a9d15d9bba3bb100f43	0d6c860c-c5c9-4371-91f2-feca7721063c	기와잇기	기와잇기	PROMOTED_FROM_SOURCE	DRAFT	RISK-04-APPROVE-001	62c2c50e3c0becbe23a686735d1a7e50ed8bce2f3fa23c539d2250b68227c2d7	EMPTY	EMPTY	RISK-04-MATERIALIZE-001
a4b78c7b9ee1bf20537b5b27469bbca96b67ea3e4f8326a97f5571e1f2dc537d	5e70f4c1-2fec-49f7-adb2-9bff17269ca0	TASK	206d7fdddef45b9e8a97e6f58bafdc77e5add659193f4b081bef7d0c119bef49	c31d427e-edb6-4d28-a9ae-ff5afd266a20	화강석조적	화강석조적	PROMOTED_FROM_SOURCE	DRAFT	RISK-04-APPROVE-001	62c2c50e3c0becbe23a686735d1a7e50ed8bce2f3fa23c539d2250b68227c2d7	EMPTY	EMPTY	RISK-04-MATERIALIZE-001
a4e348e08da8a4e5f535e0a1ed14382cfc73d3ba5abd1e174ef1d2e614152425	ba7294ab-7de7-4c60-be42-43c35bcd5e13	PROCESS	13f01c1ad0d027cd2397d07a0e9eafb5222e1bbae9c0855e76a6ca66d279e062	71f3ec22-bbb7-483f-a6b5-f089eac9007c	콘크리트생산및구입	콘크리트생산및구입	PROMOTED_FROM_SOURCE	DRAFT	RISK-04-APPROVE-001	62c2c50e3c0becbe23a686735d1a7e50ed8bce2f3fa23c539d2250b68227c2d7	EMPTY	EMPTY	RISK-04-MATERIALIZE-001
a4f6ff82e054bd2466a56391de68f4ba652c57a9a8f57f24d53dbc164bed1ce1	e834a6b2-6480-4ad6-8de9-736eca01b91e	TASK	a492a0fe0bcc1fa46324941086217984ce0e3a41d318bcddae69d13bff90d910	fae1b190-575a-4e5f-add0-051c335c433b	점토질기와잇기	점토질기와잇기	PROMOTED_FROM_SOURCE	DRAFT	RISK-04-APPROVE-001	62c2c50e3c0becbe23a686735d1a7e50ed8bce2f3fa23c539d2250b68227c2d7	EMPTY	EMPTY	RISK-04-MATERIALIZE-001
a531647729d9b5c118d0879621d600b895cf7e474ee9a97e9c6afbdfbcf14c8a	1a8da6c4-79e1-4a85-a96c-235ad91be16f	TASK	ee6c41f2ed48ba58329afbe31673c97b6af2e326b35b284237ac74bdfe372b81	90903882-5745-43fe-86b4-0342dc0396ca	시가지측량	시가지측량	PROMOTED_FROM_SOURCE	DRAFT	RISK-04-APPROVE-001	62c2c50e3c0becbe23a686735d1a7e50ed8bce2f3fa23c539d2250b68227c2d7	EMPTY	EMPTY	RISK-04-MATERIALIZE-001
a53c95b548ab1a1a584ad79f325846f8ac90ecce9234f991f9d8be9919341250	ca6f7bea-96f1-456f-be61-e96c129ab18a	PROCESS	EMPTY	EMPTY	수장공사	수장공사	PROMOTED_FROM_SOURCE	DRAFT	RISK-04-APPROVE-001	62c2c50e3c0becbe23a686735d1a7e50ed8bce2f3fa23c539d2250b68227c2d7	EMPTY	EMPTY	RISK-04-MATERIALIZE-001
a57c24ef4cc08fbc48eac869a59f35817fa925cdb73a32de231faff945fecbc5	0ac7a953-50d6-4059-9bc9-58ecc65c33a1	TASK	df10084ef3420d232661a9ae119d90168b42921a54c7076b7b197b6c5485e5f7	ac5f0489-f020-4af4-ac02-accc18d43cbf	하수도배관보수	하수도배관보수	PROMOTED_FROM_SOURCE	DRAFT	RISK-04-APPROVE-001	62c2c50e3c0becbe23a686735d1a7e50ed8bce2f3fa23c539d2250b68227c2d7	EMPTY	EMPTY	RISK-04-MATERIALIZE-001
a59c0bc5efafe8ced03e17d2e0a14ab093d3cb29ca6b9c750cbde03915173b6d	a94a4691-ba52-4ff6-8fac-bae9279adae5	PROCESS	daa906954562f1c33f219f508267ad546d282a7241c4251257bb6c8be54c0b5d	1f3fad6f-505e-4c8a-8924-44f68b3a0652	현장시험	현장시험	PROMOTED_FROM_SOURCE	DRAFT	RISK-04-APPROVE-001	62c2c50e3c0becbe23a686735d1a7e50ed8bce2f3fa23c539d2250b68227c2d7	EMPTY	EMPTY	RISK-04-MATERIALIZE-001
a5ba0751f78f270bb2eb4da563533b6dddf4a73708a1319baa3bf6be51852060	d24d92c3-57e6-41a8-9a27-991983300646	TASK	f235f7f7fb413230f5f653e9f0172a51ac3d0b2a446aa7d020b94803ee7d934a	e6e5c460-6c7a-4234-8823-ae8f98451029	외벽발수처리	외벽발수처리	PROMOTED_FROM_SOURCE	DRAFT	RISK-04-APPROVE-001	62c2c50e3c0becbe23a686735d1a7e50ed8bce2f3fa23c539d2250b68227c2d7	EMPTY	EMPTY	RISK-04-MATERIALIZE-001
a5dd901414eece0b52464ba8a3e7f4b291c5861e10dc4ac8b581628faf65cd21	8cc42f80-da0d-4668-824d-871db57dc06a	TASK	32dd7d37c2be30a00201eafed5f2957ce9be85730a29767875f1fbce826b3c52	eeca97e5-ac34-47f0-b903-da44abe0636f	일반궤도분기기설치	일반궤도분기기설치	PROMOTED_FROM_SOURCE	DRAFT	RISK-04-APPROVE-001	62c2c50e3c0becbe23a686735d1a7e50ed8bce2f3fa23c539d2250b68227c2d7	EMPTY	EMPTY	RISK-04-MATERIALIZE-001
a5ffebcfb72e3a3f70cd5669662c50c7f09fede1509fd6fbeaf81a6b39a0f5e6	51b29ec6-7b8d-4577-8af5-2cbef54466b8	PROCESS	b84acc473853e920d7ef63dfd2c7026ed302e12a8c298f046af90f6e3cd53f4c	660aa095-2f4d-42e5-b16e-0ed86ee069c0	하천바닥정지공사	하천바닥정지공사	PROMOTED_FROM_SOURCE	DRAFT	RISK-04-APPROVE-001	62c2c50e3c0becbe23a686735d1a7e50ed8bce2f3fa23c539d2250b68227c2d7	EMPTY	EMPTY	RISK-04-MATERIALIZE-001
a62cfdb19570c113a27724aa798938cfba9e0b6346b7420b30bd3a6ab2aff855	de4ed0fd-c05c-490a-b7c7-423274ee34b2	TASK	fba05c07dc62b9938f5b28091b8d88b0633208a1d76deef0200ed6a85b06b11d	283ded33-4df9-486a-b46f-1a739a0fde76	석재거친다듬마감	석재거친다듬마감	PROMOTED_FROM_SOURCE	DRAFT	RISK-04-APPROVE-001	62c2c50e3c0becbe23a686735d1a7e50ed8bce2f3fa23c539d2250b68227c2d7	EMPTY	EMPTY	RISK-04-MATERIALIZE-001
a630c5d19464d9db0acd3e5b3cab8465fe8990f4d36be03653fc000e17206066	a54b55b5-2f53-48cd-8344-9e44035b3481	TASK	bc68572923c8910b9b34b63d85b18ecc876df84b7e42beb1fe2750242dca64f0	53a12554-80fd-467a-bab4-560fe63e32e0	석축쌓기	석축쌓기	PROMOTED_FROM_SOURCE	DRAFT	RISK-04-APPROVE-001	62c2c50e3c0becbe23a686735d1a7e50ed8bce2f3fa23c539d2250b68227c2d7	EMPTY	EMPTY	RISK-04-MATERIALIZE-001
a682d557b6a78b6caafd2396dc6436e8ee1b59787079e5296a9e8bb5a9e71ef4	90fd93f8-87e0-49d9-9821-73a2c89aea80	PROCESS	9ead7eca263c3ca000604b0a36fbebb288791c272bedcb2fccaa46f051ad105a	8d41a0d2-2d48-4450-b1fb-3d0a14a1bc71	연료처리설비공사	연료처리설비공사	PROMOTED_FROM_SOURCE	DRAFT	RISK-04-APPROVE-001	62c2c50e3c0becbe23a686735d1a7e50ed8bce2f3fa23c539d2250b68227c2d7	EMPTY	EMPTY	RISK-04-MATERIALIZE-001
a78d8afd3ff0e875d7d6be5b84807383d054524806f28e1ab54cbf28456331e1	c377be69-6ab3-4048-9d38-05fa755a8267	TASK	0954849d33f3f16d68648fa6b9789cd137b2a6030d9c853e880c653e0d42741e	2250286c-d9a8-4e68-9898-296bb3d42be1	소방설비기기류별설치공사	소방설비기기류별설치공사	PROMOTED_FROM_SOURCE	DRAFT	RISK-04-APPROVE-001	62c2c50e3c0becbe23a686735d1a7e50ed8bce2f3fa23c539d2250b68227c2d7	EMPTY	EMPTY	RISK-04-MATERIALIZE-001
a7c9715a1d1c19b991b41c8e1ff6f0210d99a11058044926e7838e8fcf47c3ac	23cda004-8f02-43f1-8a9a-9cfedc4fe2e8	TASK	cc03b5f255e4c76a4d9018d5b36c052591b7677fe406b8c343fb8873feb99bf7	0b5224ee-1c0d-41eb-8367-a80e2762d7bf	경계석(마감석)붙이기	경계석(마감석)붙이기	PROMOTED_FROM_SOURCE	DRAFT	RISK-04-APPROVE-001	62c2c50e3c0becbe23a686735d1a7e50ed8bce2f3fa23c539d2250b68227c2d7	EMPTY	EMPTY	RISK-04-MATERIALIZE-001
a7cb1adc7ed2df7532b4cdf5f7c58317406a809249aa3cdd07834e81726d22b9	68b825ff-07e8-4312-a109-005213651f4b	TASK	1cfec0bc08793ae94b4373544f7f2c319776ddeaba08da3e088897273233c360	df28c14e-0fab-4d8b-93a2-4803a1e122b4	실내다짐도실험	실내다짐도실험	PROMOTED_FROM_SOURCE	DRAFT	RISK-04-APPROVE-001	62c2c50e3c0becbe23a686735d1a7e50ed8bce2f3fa23c539d2250b68227c2d7	EMPTY	EMPTY	RISK-04-MATERIALIZE-001
a7d7618053394d8d656b22e6f89c231982986e4bbb5e32044d045b2ce0cb977c	5c299d5b-67df-4525-928b-88649796af73	PROCESS	dedf7ae4d0b0d778516158b7936e107774dc1d648fee00951a5b60552aa2d086	b59cb22e-8fa2-47ea-8abe-cb1a4165ffa2	화재감시제어설비공사	화재감시제어설비공사	PROMOTED_FROM_SOURCE	DRAFT	RISK-04-APPROVE-001	62c2c50e3c0becbe23a686735d1a7e50ed8bce2f3fa23c539d2250b68227c2d7	EMPTY	EMPTY	RISK-04-MATERIALIZE-001
a7db859ba01a80480e9d6c27cc5f0ff506c85487aff4a4f0d5cab61d1e121549	4710ef8e-000d-48e1-9448-af1eeda77bc0	PROCESS	87fc9dee856fdc0de823757c6910a98d1e79e1ba25099a9d15d9bba3bb100f43	0d6c860c-c5c9-4371-91f2-feca7721063c	금속잇기	금속잇기	PROMOTED_FROM_SOURCE	DRAFT	RISK-04-APPROVE-001	62c2c50e3c0becbe23a686735d1a7e50ed8bce2f3fa23c539d2250b68227c2d7	EMPTY	EMPTY	RISK-04-MATERIALIZE-001
a7e6327d3d1ac81346b0e026824f58ad88c3d06d1aae2aab7a6849b43d48779f	cdbf7194-0d2e-48bf-83c5-ea42c74698fb	TASK	35e837c8c67c91eccbccf3c7b34a3aac68e17f34a15595aa80e4f538f6d6b179	b1e5dbad-5462-4f82-b31b-f7c9bbf44a6c	모서리타일붙이기	모서리타일붙이기	PROMOTED_FROM_SOURCE	DRAFT	RISK-04-APPROVE-001	62c2c50e3c0becbe23a686735d1a7e50ed8bce2f3fa23c539d2250b68227c2d7	EMPTY	EMPTY	RISK-04-MATERIALIZE-001
a7f787ab26ce52b0807848c5a03dc921ed7a30f71c337eb68d0bd8aa61555433	86796d38-7d3f-483f-85d0-708f022f0e50	TASK	249cb67cbed2c90090fb04d8b37f0cac252b36cdb057f689dc1e7b30153c2ea7	68f690db-ae64-421c-8bfa-b2859ec0bbad	현장상시정리	현장상시정리	PROMOTED_FROM_SOURCE	DRAFT	RISK-04-APPROVE-001	62c2c50e3c0becbe23a686735d1a7e50ed8bce2f3fa23c539d2250b68227c2d7	EMPTY	EMPTY	RISK-04-MATERIALIZE-001
a7f8d16d41e860d90ed4a4758bc29bdcc38955ffd7302bd8acb44014b5d64dea	af9b0594-96e9-4564-bea6-f80a261c55fc	TASK	8f21587ec43018940afb947efb86af08c59f4ea101a9360830238770576fe31b	1064868c-41b7-481e-b6c6-b6a0d72c24ca	건축철골조립및설치	건축철골조립및설치	PROMOTED_FROM_SOURCE	DRAFT	RISK-04-APPROVE-001	62c2c50e3c0becbe23a686735d1a7e50ed8bce2f3fa23c539d2250b68227c2d7	EMPTY	EMPTY	RISK-04-MATERIALIZE-001
a810f9c5ca4a703635f38636b58f8106f68d871b6499752dde69b8aeb934afef	f8d0c9aa-87a7-4efe-bdf4-f6bc4b2d2962	TASK	b4d47e4841d6736e3d4386a14615655881dfa4c028e4b52e49985bf399bcd562	bb494f3d-604c-4aa5-a93f-7e34af3e27ab	온돌바닥미장	온돌바닥미장	PROMOTED_FROM_SOURCE	DRAFT	RISK-04-APPROVE-001	62c2c50e3c0becbe23a686735d1a7e50ed8bce2f3fa23c539d2250b68227c2d7	EMPTY	EMPTY	RISK-04-MATERIALIZE-001
a84ec68bf94bf0a8ddfeedc47ba2dfbdc2afc1e4ff6b8349879b77c2bfc71f29	8cf7fc6e-ef3b-4c31-a182-824cd2216fe4	PROCESS	b7c2bc5adaed0af8e84fb7883d2bb66c21e90941249b1198899ef8f1817ef748	1aa3f45f-184a-47cb-b261-93d4bc5831a9	풍력발전소발전시설설비공사	풍력발전소발전시설설비공사	PROMOTED_FROM_SOURCE	DRAFT	RISK-04-APPROVE-001	62c2c50e3c0becbe23a686735d1a7e50ed8bce2f3fa23c539d2250b68227c2d7	EMPTY	EMPTY	RISK-04-MATERIALIZE-001
a8caecc447913aa89a4d072903f94dc230ecf34cd0a1d6b3cfb9fd9f88862406	1ae33ea6-e02f-4daa-9179-d0eb2516fa5c	TASK	2337a9fc8be1675e79588fcde679eab1aba3ca8cc1088817afd912b0beffdc50	6b3c897a-bdae-4e37-ac77-5243c3d00a84	배전설비별기기류설치공사	배전설비별기기류설치공사	PROMOTED_FROM_SOURCE	DRAFT	RISK-04-APPROVE-001	62c2c50e3c0becbe23a686735d1a7e50ed8bce2f3fa23c539d2250b68227c2d7	EMPTY	EMPTY	RISK-04-MATERIALIZE-001
a99842befdc7bb79a03921ad724c4b5e2942d93d8d415e3aaea19cbdfa508e2d	037169d8-556e-4ca1-83e3-27c0a8c5a1d8	PROCESS	e9d5097280eead87de1f8ee9e24cd53c94b90fa52276ada446bf13467c8c8f72	7781f1c8-c06d-4cbf-9fa0-389a6b427172	우레탄수지포장	우레탄수지포장	PROMOTED_FROM_SOURCE	DRAFT	RISK-04-APPROVE-001	62c2c50e3c0becbe23a686735d1a7e50ed8bce2f3fa23c539d2250b68227c2d7	EMPTY	EMPTY	RISK-04-MATERIALIZE-001
a9b19d41db62b02d613b384de089cb125f4481f51cc8fb9af7f657c10b31e7dd	fe6d0740-d16e-4954-8ce2-d0dbbce0c032	PROCESS	0159c0afba4f87a183671de62115913a8b31972b208227a187d443435754b047	73218545-e9d1-4e62-aae6-6bcc492176e1	철골가공 제작	철골가공 제작	PROMOTED_FROM_SOURCE	DRAFT	RISK-04-APPROVE-001	62c2c50e3c0becbe23a686735d1a7e50ed8bce2f3fa23c539d2250b68227c2d7	EMPTY	EMPTY	RISK-04-MATERIALIZE-001
aa39460894ffbb843f7c03bfaec34cf907f82280c93ef0adbde0aa0e4bb7cb03	a7f51a9b-e365-46ad-8286-1596b2c0fc6e	TASK	2a61841990e611de8f10680c45bb92bb5f7c296bed72f99b485ae13d9028b2ba	d16c487b-6ddd-4bfe-b650-b5c9d7fc5ecb	전정	전정	PROMOTED_FROM_SOURCE	DRAFT	RISK-04-APPROVE-001	62c2c50e3c0becbe23a686735d1a7e50ed8bce2f3fa23c539d2250b68227c2d7	EMPTY	EMPTY	RISK-04-MATERIALIZE-001
aa872e4365b79702ca9898925c1792a62158d5fc651af9bd7233fedff38651d8	e39b9c63-fb5b-4881-9a37-c21bdec7692f	PROCESS	4d9e8f9fa87bd378789d8cf760fcc530d324b31228a4807c8d19549ba282a0af	365b740b-5b5b-429a-8e6e-d02c53977eda	주방기구설비공사	주방기구설비공사	MERGED_FROM_REVIEWED_SOURCES	DRAFT	RISK-04-APPROVE-001	62c2c50e3c0becbe23a686735d1a7e50ed8bce2f3fa23c539d2250b68227c2d7	EMPTY	EMPTY	RISK-04-MATERIALIZE-001
aa9cec147c8e9095c1a46bfdee6469313e725bdc8a2e6740e04d5199ceeb5e85	6289d8db-cf00-4cca-8799-ae5dee928f9b	TASK	41b344dc518604752e2786172abc1ac201b9b2c46e12748176892739cb6f486d	209d3e49-43e7-437f-b858-b024d7cb9b32	지하구조물보호	지하구조물보호	PROMOTED_FROM_SOURCE	DRAFT	RISK-04-APPROVE-001	62c2c50e3c0becbe23a686735d1a7e50ed8bce2f3fa23c539d2250b68227c2d7	EMPTY	EMPTY	RISK-04-MATERIALIZE-001
aabd22132b845daa0eb0b2e58111475d04d53f6ba847cb3b267950eac5686a71	a650fad2-76b9-4f17-b8f9-da3cd1b5ce99	PROCESS	8da91d7b42ed495727ee36b4fb2f04b0716b798136eebc272c12941d475071bc	492e4ba6-4b48-4745-8cd8-10546d3ceb57	시계설비공사	시계설비공사	PROMOTED_FROM_SOURCE	DRAFT	RISK-04-APPROVE-001	62c2c50e3c0becbe23a686735d1a7e50ed8bce2f3fa23c539d2250b68227c2d7	EMPTY	EMPTY	RISK-04-MATERIALIZE-001
aaec78d5502f2db4c028c040ca27b613454195907c0e2b949fbd0b2ab181d5f3	277e2963-cbe3-4e70-a6cb-6383c37b6767	PROCESS	9d08608a7869c37de6430fd6bc8d4ab616d9d7366068bf91c791a920227e9601	1f700e5b-1bbf-45ba-bfe4-ccbcbfc736ae	포장면및도로보수	포장면및도로보수	PROMOTED_FROM_SOURCE	DRAFT	RISK-04-APPROVE-001	62c2c50e3c0becbe23a686735d1a7e50ed8bce2f3fa23c539d2250b68227c2d7	EMPTY	EMPTY	RISK-04-MATERIALIZE-001
ab0ebbc06f7bc6363f9d1c54092d2d31de78ef0788f5c268428f3136033aeb9d	0f67ac17-fd69-4cc1-8a6a-37bea42a0c87	PROCESS	00a52dd997c21ceab4004fe3ce98b640a5932dcad08ab3bd2f5e91411e4e53a7	98336564-d693-4026-b357-a545e100700c	저장탱크제작공사	저장탱크제작공사	PROMOTED_FROM_SOURCE	DRAFT	RISK-04-APPROVE-001	62c2c50e3c0becbe23a686735d1a7e50ed8bce2f3fa23c539d2250b68227c2d7	EMPTY	EMPTY	RISK-04-MATERIALIZE-001
ab490257bbbb9e9fed2e87a3e2101d2ede7d7c5ea60ef5f66e069d8faabf72af	175b3041-cc31-4af0-9d0c-6ffcfb5048b5	TASK	1cfec0bc08793ae94b4373544f7f2c319776ddeaba08da3e088897273233c360	df28c14e-0fab-4d8b-93a2-4803a1e122b4	일반실내실험	일반실내실험	PROMOTED_FROM_SOURCE	DRAFT	RISK-04-APPROVE-001	62c2c50e3c0becbe23a686735d1a7e50ed8bce2f3fa23c539d2250b68227c2d7	EMPTY	EMPTY	RISK-04-MATERIALIZE-001
ab5cb14d0f35c4b9c8716882ac8be1f632db619bed3db9e612c87d77954024a0	135be024-0406-4ca9-8e07-5803429117f5	PROCESS	b15cd2beb1d4901b6d710f491abe2a583003fdfe5fe6d98842ce0257c9159552	e8c65574-5c31-4438-a942-c83aa6091b76	토목배관부대공사	토목배관부대공사	PROMOTED_FROM_SOURCE	DRAFT	RISK-04-APPROVE-001	62c2c50e3c0becbe23a686735d1a7e50ed8bce2f3fa23c539d2250b68227c2d7	EMPTY	EMPTY	RISK-04-MATERIALIZE-001
ab70346862ee25d34fc494a337c3e9b3aec57ed869a4889409b4bd89419d7b1c	6979154a-5ae3-4410-8101-d48193098c24	TASK	8afc78b94512791a17f40d495868bafe70cc4b867c0e77a3e4269f22152f36ac	67981795-50b9-457d-999b-90e1c4bcbc43	버럭되메우기	버럭되메우기	PROMOTED_FROM_SOURCE	DRAFT	RISK-04-APPROVE-001	62c2c50e3c0becbe23a686735d1a7e50ed8bce2f3fa23c539d2250b68227c2d7	EMPTY	EMPTY	RISK-04-MATERIALIZE-001
abe843723fa72e29b63dae487280c79e637c94c4177c8a35daf05559301682f0	9711360d-0c13-458d-b7a7-a50568dee57a	TASK	6eca78379c93853863766d02655b1003ca45241d359ae85d92aad4c0ba2d84aa	6f2f4427-709e-41a5-a43f-2b7cc6d6216b	침목깔기	침목깔기	PROMOTED_FROM_SOURCE	DRAFT	RISK-04-APPROVE-001	62c2c50e3c0becbe23a686735d1a7e50ed8bce2f3fa23c539d2250b68227c2d7	EMPTY	EMPTY	RISK-04-MATERIALIZE-001
ac74a224650d5509cb0506ecd2daf797b6aec4c361eb5e4467bed4db842033c5	72c0016a-09bb-402e-91e1-4b618205be6a	PROCESS	EMPTY	EMPTY	단열 방음공사	단열 방음공사	PROMOTED_FROM_SOURCE	DRAFT	RISK-04-APPROVE-001	62c2c50e3c0becbe23a686735d1a7e50ed8bce2f3fa23c539d2250b68227c2d7	EMPTY	EMPTY	RISK-04-MATERIALIZE-001
ac92b29e0ba7da0d9ef8b7913ac878b10bd361fbee8c3a6a53774bb049ab064e	fd8486d2-dee5-4871-9706-a7f0cef07a1f	PROCESS	6b98d35f3e55a1716df158a441525178b2d9f6cec422a4ebfec65483568a807f	63e696af-4c36-4e45-9442-c6167512ceb9	NATM공법굴착	NATM공법굴착	PROMOTED_FROM_SOURCE	DRAFT	RISK-04-APPROVE-001	62c2c50e3c0becbe23a686735d1a7e50ed8bce2f3fa23c539d2250b68227c2d7	EMPTY	EMPTY	RISK-04-MATERIALIZE-001
acaa682822a7efd396a4b67c1cc0cd12330fcc5b12523b900fcbf713b88e18e4	946afb48-0059-4654-b316-804cc574ac1d	PROCESS	b03fbd2acb8a7a1f82ae5001f9ca6792bcac86f726798d4be1b18909aa84d8ac	81fde51a-0a82-4e8e-a2df-f04bd1072a6e	코킹및실링	코킹및실링	PROMOTED_FROM_SOURCE	DRAFT	RISK-04-APPROVE-001	62c2c50e3c0becbe23a686735d1a7e50ed8bce2f3fa23c539d2250b68227c2d7	EMPTY	EMPTY	RISK-04-MATERIALIZE-001
acf048a5240dfcfa6c13ef808f343ba91df60c7588b714ad55e193b842d47c36	c21d1a95-094c-4128-9360-17e6be8b6efc	PROCESS	97167eb2b29f689eecdc8442c8e8d8af709defa6879ba0d3ff2ed79518836e55	a15bbe15-e1ac-4833-b22f-773af7b714c8	가물막이	가물막이	PROMOTED_FROM_SOURCE	DRAFT	RISK-04-APPROVE-001	62c2c50e3c0becbe23a686735d1a7e50ed8bce2f3fa23c539d2250b68227c2d7	EMPTY	EMPTY	RISK-04-MATERIALIZE-001
acf499947d510b922fb074eaf5740e396b0a71ec8e9b0d0a6d5990d8efeeee1c	e0aeea7b-2e93-4f9e-9a22-986dd39e3376	PROCESS	4d9e8f9fa87bd378789d8cf760fcc530d324b31228a4807c8d19549ba282a0af	365b740b-5b5b-429a-8e6e-d02c53977eda	특수방진공사	특수방진공사	PROMOTED_FROM_SOURCE	DRAFT	RISK-04-APPROVE-001	62c2c50e3c0becbe23a686735d1a7e50ed8bce2f3fa23c539d2250b68227c2d7	EMPTY	EMPTY	RISK-04-MATERIALIZE-001
ad47aa0b07258d93fe87f3ae34720b25b4cd41ac7e8575883b3dcc96a82d2e89	85e755b5-ec60-4230-a70f-fecebac96001	PROCESS	5a8671109205cef8fda5e7f8e931851f1c8a2b097e01d72eeb74977f6ec8372e	396d437f-f04f-49bf-9bbf-b8bac113f463	세탁물운반설비공사	세탁물운반설비공사	PROMOTED_FROM_SOURCE	DRAFT	RISK-04-APPROVE-001	62c2c50e3c0becbe23a686735d1a7e50ed8bce2f3fa23c539d2250b68227c2d7	EMPTY	EMPTY	RISK-04-MATERIALIZE-001
ad52ec48aec12c096ed53d6e802060a29abfdddbc8cf6e7762c5945e04534786	d5f68bcc-16ad-4375-84cc-eeb551c11063	PROCESS	9d08608a7869c37de6430fd6bc8d4ab616d9d7366068bf91c791a920227e9601	1f700e5b-1bbf-45ba-bfe4-ccbcbfc736ae	아스콘포장	아스콘포장	PROMOTED_FROM_SOURCE	DRAFT	RISK-04-APPROVE-001	62c2c50e3c0becbe23a686735d1a7e50ed8bce2f3fa23c539d2250b68227c2d7	EMPTY	EMPTY	RISK-04-MATERIALIZE-001
ad5aa719a9db70a167e29c1bbc2c48d5e6243c9d879003d534c6acc14176c980	0459ba9d-f79a-4f74-8291-20fc19430571	TASK	1cfec0bc08793ae94b4373544f7f2c319776ddeaba08da3e088897273233c360	df28c14e-0fab-4d8b-93a2-4803a1e122b4	흙의강도시험	흙의강도시험	PROMOTED_FROM_SOURCE	DRAFT	RISK-04-APPROVE-001	62c2c50e3c0becbe23a686735d1a7e50ed8bce2f3fa23c539d2250b68227c2d7	EMPTY	EMPTY	RISK-04-MATERIALIZE-001
ad786f35898c1c6b60c8ecd2f9d07a6059f9fca279b1594ae8694b63ac5a5d1a	256009b0-1a5a-41e4-9a9a-bd19783e2e8b	TASK	255d60e7fb7f5be1ec9308980924ecdd73790d9874ec07b53dad5a969b7e8129	ee7cba05-c783-4381-821a-bcb3d17c1c87	철골구조물철거	철골구조물철거	PROMOTED_FROM_SOURCE	DRAFT	RISK-04-APPROVE-001	62c2c50e3c0becbe23a686735d1a7e50ed8bce2f3fa23c539d2250b68227c2d7	EMPTY	EMPTY	RISK-04-MATERIALIZE-001
adacfa272eb4a6a674af7667b520a6085d7d0d0455f5ea6f5b4444af491f8024	c3f2f7b9-18b4-4702-8b8d-7548f906d437	PROCESS	f9cf17b2b2f5c6b7d8fe1ffb539484309590b0c9d771213a593bf60e8c1b046d	1b96d7bd-0fa0-4ae4-8c4e-9c24b0b90b24	석재바닥깔기	석재바닥깔기	PROMOTED_FROM_SOURCE	DRAFT	RISK-04-APPROVE-001	62c2c50e3c0becbe23a686735d1a7e50ed8bce2f3fa23c539d2250b68227c2d7	EMPTY	EMPTY	RISK-04-MATERIALIZE-001
add3afc80e62a7232df6f48e97413d9c53f86f324706204acb22d47b350ac408	305774af-88d7-485a-a803-4d495baf8b78	TASK	676f1cf9776f156204c351002f57c75fd1cb6626073782bd364d823d8b3cdd6d	6c3e090b-1605-4add-8c25-f7726e27863f	토사흙쌓기	토사흙쌓기	PROMOTED_FROM_SOURCE	DRAFT	RISK-04-APPROVE-001	62c2c50e3c0becbe23a686735d1a7e50ed8bce2f3fa23c539d2250b68227c2d7	EMPTY	EMPTY	RISK-04-MATERIALIZE-001
adf13eaed90ae84aa7ef796afe8576e78d6ec1d1e0caa7640ffe7cc4037fb04a	0b5a28c5-1e7f-4c44-ae21-b4048569ffd7	PROCESS	c61167354764433108d4894a046b286fefe602351bec67471ab7d65883fd461b	c856b1e3-861b-461f-9b9b-cbd0540397a3	전기 통신설비T&C(TestandCommissioning)공사	전기 통신설비T&C(TestandCommissioning)공사	PROMOTED_FROM_SOURCE	DRAFT	RISK-04-APPROVE-001	62c2c50e3c0becbe23a686735d1a7e50ed8bce2f3fa23c539d2250b68227c2d7	EMPTY	EMPTY	RISK-04-MATERIALIZE-001
ae0bfd8637184d3bb5755a2588035c0f1a3b4c90b596581f3b40ce2447ad674f	db977384-a8f5-4e32-8604-9a721c9147dc	TASK	249cb67cbed2c90090fb04d8b37f0cac252b36cdb057f689dc1e7b30153c2ea7	68f690db-ae64-421c-8bfa-b2859ec0bbad	준공정리	준공정리	PROMOTED_FROM_SOURCE	DRAFT	RISK-04-APPROVE-001	62c2c50e3c0becbe23a686735d1a7e50ed8bce2f3fa23c539d2250b68227c2d7	EMPTY	EMPTY	RISK-04-MATERIALIZE-001
ae1444cf07abd98aae0a643b0da9db9343c941ba29d6278ff4dc4ff225ed6a79	44895320-971a-4ad2-9d06-15e97c082d4f	TASK	d5c23a14c706351d68257016184208bec83a12432c027c0b54da81f6eb73c85e	80558c18-8f48-44cc-bc82-270cb0571b63	화강석구조물밑면붙이기	화강석구조물밑면붙이기	PROMOTED_FROM_SOURCE	DRAFT	RISK-04-APPROVE-001	62c2c50e3c0becbe23a686735d1a7e50ed8bce2f3fa23c539d2250b68227c2d7	EMPTY	EMPTY	RISK-04-MATERIALIZE-001
ae7bcf5ed73c7f37b386792695a6c973c2b280b8e41971bcbcb2ef85d866ecf2	407b824b-915b-4515-8155-d51be3f20bae	PROCESS	40c11af26e5e9b1d10ad95693ef23e74354c43e4ca526b11d04f7eb29599d47f	de151d12-f494-497e-91fe-6f5b40d1196c	태양열발전시설설비공사	태양열발전시설설비공사	PROMOTED_FROM_SOURCE	DRAFT	RISK-04-APPROVE-001	62c2c50e3c0becbe23a686735d1a7e50ed8bce2f3fa23c539d2250b68227c2d7	EMPTY	EMPTY	RISK-04-MATERIALIZE-001
ae98c6091dd38daa07cf5b8d0a6787234d1d84f26827c0621f3184d862c1980f	6f5a7b75-ec27-4b7e-8067-335e394d2a3d	TASK	894d7093086b3017def26a1e2260a364fa47f606c33ec7b2fd42a620ed0a394e	8bb17a44-1e90-43ad-96d0-4880fb5b9771	회랑 통로설치	회랑 통로설치	PROMOTED_FROM_SOURCE	DRAFT	RISK-04-APPROVE-001	62c2c50e3c0becbe23a686735d1a7e50ed8bce2f3fa23c539d2250b68227c2d7	EMPTY	EMPTY	RISK-04-MATERIALIZE-001
aede2ad79f2b96eadbc125d70e762d98f5f9149060ed35b45e2f7094b07fd5bf	040f1f75-2e76-4bba-84b7-8ea96215b6c6	TASK	c48a126442b60fe1ca9b87047b589a1c9ca457cce2a3e4c118ea409857fe9178	ceb698ea-4a98-4f97-badd-03635225312f	전기집진기설비본체설치공사	전기집진기설비본체설치공사	PROMOTED_FROM_SOURCE	DRAFT	RISK-04-APPROVE-001	62c2c50e3c0becbe23a686735d1a7e50ed8bce2f3fa23c539d2250b68227c2d7	EMPTY	EMPTY	RISK-04-MATERIALIZE-001
aee289032d15fd5ae53b2411a611a57e8438134de0f2b8616c2cf2665db2e7bd	345c6066-3bbd-464b-a3a8-c6a8ce7d9568	TASK	1c9173573f2f0541138461293746faab63d48eb4018852a282872a0707ba58b1	fc10356e-8340-408d-b01e-9fa1a04457e2	하중측정(LoadCell)	하중측정(LoadCell)	PROMOTED_FROM_SOURCE	DRAFT	RISK-04-APPROVE-001	62c2c50e3c0becbe23a686735d1a7e50ed8bce2f3fa23c539d2250b68227c2d7	EMPTY	EMPTY	RISK-04-MATERIALIZE-001
aeeb6de9f457790760b59de05f20d54955228560239e5211d46d19f57e2fef8f	abc8d3e4-bd04-4864-bbb5-82d54b881950	TASK	32dd7d37c2be30a00201eafed5f2957ce9be85730a29767875f1fbce826b3c52	eeca97e5-ac34-47f0-b903-da44abe0636f	치하철분기기설치	치하철분기기설치	PROMOTED_FROM_SOURCE	DRAFT	RISK-04-APPROVE-001	62c2c50e3c0becbe23a686735d1a7e50ed8bce2f3fa23c539d2250b68227c2d7	EMPTY	EMPTY	RISK-04-MATERIALIZE-001
aefbddc29d2b7e3768edcdd440075176fcda8b8c2ac759d03fbd3bbb9fdf8056	71dd261b-9050-4fb4-9136-daffc313cb0d	PROCESS	b505012aa8cdaa9786f6aa0ea352ce3686757de4b809bf7505062c3e198e2167	264fb97e-7619-4e40-a204-9d71c448be12	터널내부지보	터널내부지보	PROMOTED_FROM_SOURCE	DRAFT	RISK-04-APPROVE-001	62c2c50e3c0becbe23a686735d1a7e50ed8bce2f3fa23c539d2250b68227c2d7	EMPTY	EMPTY	RISK-04-MATERIALIZE-001
af0269e3c78fd1fe872bdb61efabcf77f11a9d5eaf235b8217181d006274c974	5246393c-ea40-4aff-a8fc-442b9be412dd	PROCESS	1a13ea0495c762c614f4fa5cbcf476764c9287e017255d6e15df7cb6defa5748	f0d60f4d-849f-4ef2-aa5b-5535bca53c2a	댐 제방계측	댐 제방계측	PROMOTED_FROM_SOURCE	DRAFT	RISK-04-APPROVE-001	62c2c50e3c0becbe23a686735d1a7e50ed8bce2f3fa23c539d2250b68227c2d7	EMPTY	EMPTY	RISK-04-MATERIALIZE-001
af4fac505bdec412e5fbc4647fb48289d164ad6c382ef7635ba0ef064c862ebb	787b7ad3-2f05-4d98-93f7-91e90a3ebdfc	TASK	3dec0cc1494076cb9d335b9cc42b3ad01a969cf781da5dd7b1855c9ccb43c9b0	34bee63b-6983-4524-83df-48e3a1012319	석재타일외벽붙이기	석재타일외벽붙이기	PROMOTED_FROM_SOURCE	DRAFT	RISK-04-APPROVE-001	62c2c50e3c0becbe23a686735d1a7e50ed8bce2f3fa23c539d2250b68227c2d7	EMPTY	EMPTY	RISK-04-MATERIALIZE-001
af8675fdee44eaafb4da7657042ceca97af14ab201f67afce58e3d81d2f87b2d	d96f2e81-97ad-4364-9b21-343e29b63844	TASK	676f1cf9776f156204c351002f57c75fd1cb6626073782bd364d823d8b3cdd6d	6c3e090b-1605-4add-8c25-f7726e27863f	혼합골재쌓기	혼합골재쌓기	PROMOTED_FROM_SOURCE	DRAFT	RISK-04-APPROVE-001	62c2c50e3c0becbe23a686735d1a7e50ed8bce2f3fa23c539d2250b68227c2d7	EMPTY	EMPTY	RISK-04-MATERIALIZE-001
aff371ce891e274a874fa44d07014f31eaedb12bcc479abd9dbc8d4dc774beb9	e284a432-5d1b-4e0a-860c-b1a79df76ae5	TASK	0f3dce322934ae5e11439e5231fff7a5302aad3b4cfac914f9cd2c803987e6be	f341a82a-d015-42a2-ba95-73222b9510c2	페놀수지쉬트붙이기	페놀수지쉬트붙이기	PROMOTED_FROM_SOURCE	DRAFT	RISK-04-APPROVE-001	62c2c50e3c0becbe23a686735d1a7e50ed8bce2f3fa23c539d2250b68227c2d7	EMPTY	EMPTY	RISK-04-MATERIALIZE-001
b010f76c574f6761abb7e73d610ed737629be5b00dffea26cbddac07135e7587	6a52b996-2bc6-43cd-9f29-02cab6f1700c	PROCESS	EMPTY	EMPTY	품질시험	품질시험	PROMOTED_FROM_SOURCE	DRAFT	RISK-04-APPROVE-001	62c2c50e3c0becbe23a686735d1a7e50ed8bce2f3fa23c539d2250b68227c2d7	EMPTY	EMPTY	RISK-04-MATERIALIZE-001
b03fbc6a3d1cc5c749f414fcc5f225a1321b4c14400c889ba34906b882270813	6db1c63d-fa22-4a1d-82d5-85980f7177db	TASK	3f612031c05b9c0b8ba03255f00c29f63216aab4035a4a662dab66c1ba3616ba	83af0eaa-fc44-43e9-8d32-04cceb71d6f3	각측정	각측정	PROMOTED_FROM_SOURCE	DRAFT	RISK-04-APPROVE-001	62c2c50e3c0becbe23a686735d1a7e50ed8bce2f3fa23c539d2250b68227c2d7	EMPTY	EMPTY	RISK-04-MATERIALIZE-001
b03fbd2acb8a7a1f82ae5001f9ca6792bcac86f726798d4be1b18909aa84d8ac	81fde51a-0a82-4e8e-a2df-f04bd1072a6e	PROCESS	EMPTY	EMPTY	창호공사	창호공사	PROMOTED_FROM_SOURCE	DRAFT	RISK-04-APPROVE-001	62c2c50e3c0becbe23a686735d1a7e50ed8bce2f3fa23c539d2250b68227c2d7	EMPTY	EMPTY	RISK-04-MATERIALIZE-001
b049b96acab99c4df484fca742929b86b432532fef97d66025f4dd949260a5c2	afabbce0-81ef-425f-9458-2a677ae4c89d	PROCESS	f9ca32ca030b7a7fdf1e1d0d815a9a452344402b5b9c2c6900d619510def900a	0ff5876a-fb3f-4283-949b-cad5d0278b91	비상경보설비및비상방송설비공사	비상경보설비및비상방송설비공사	PROMOTED_FROM_SOURCE	DRAFT	RISK-04-APPROVE-001	62c2c50e3c0becbe23a686735d1a7e50ed8bce2f3fa23c539d2250b68227c2d7	EMPTY	EMPTY	RISK-04-MATERIALIZE-001
b0741454b9d33e4490fe45f8b4a2908be50a14cae33376b6ba8720947c5a6fa0	5e1216a0-7201-40a6-9ccc-ee31d9480254	TASK	eb0b1e8ac0c91157de26d21c83934d188ce64972b62ad553afa0b9570dc1d2b2	1e5f7b07-f903-43d9-9d58-ef1bd51290a5	상수도배관청소	상수도배관청소	PROMOTED_FROM_SOURCE	DRAFT	RISK-04-APPROVE-001	62c2c50e3c0becbe23a686735d1a7e50ed8bce2f3fa23c539d2250b68227c2d7	EMPTY	EMPTY	RISK-04-MATERIALIZE-001
b15cd2beb1d4901b6d710f491abe2a583003fdfe5fe6d98842ce0257c9159552	e8c65574-5c31-4438-a942-c83aa6091b76	PROCESS	EMPTY	EMPTY	토목배관공사및배수공사	토목배관공사및배수공사	PROMOTED_FROM_SOURCE	DRAFT	RISK-04-APPROVE-001	62c2c50e3c0becbe23a686735d1a7e50ed8bce2f3fa23c539d2250b68227c2d7	EMPTY	EMPTY	RISK-04-MATERIALIZE-001
b1c352a662111a85572737e497b5e3b9a5f313c1825a0b0b299fca5e9f30a6ae	5002c05d-994e-46ad-a461-1fe8e38b08b8	PROCESS	99be967a570fd4905646ea972fb33880e6f79c78e313678e9ef7f1cb73d2fa4a	e401ae90-0727-4bb6-86f1-d12f8fc286b1	널말뚝흙막이	널말뚝흙막이	PROMOTED_FROM_SOURCE	DRAFT	RISK-04-APPROVE-001	62c2c50e3c0becbe23a686735d1a7e50ed8bce2f3fa23c539d2250b68227c2d7	EMPTY	EMPTY	RISK-04-MATERIALIZE-001
b1cf46ca141679d1b606a59e1f510eaae69093e1da9a70124e41657f63de9ee2	c30f3748-7e1e-4ff4-940c-6263913b5ccd	TASK	2a61841990e611de8f10680c45bb92bb5f7c296bed72f99b485ae13d9028b2ba	d16c487b-6ddd-4bfe-b650-b5c9d7fc5ecb	관수	관수	PROMOTED_FROM_SOURCE	DRAFT	RISK-04-APPROVE-001	62c2c50e3c0becbe23a686735d1a7e50ed8bce2f3fa23c539d2250b68227c2d7	EMPTY	EMPTY	RISK-04-MATERIALIZE-001
b1e507d90ce24d1ba45813dbb84ce03f84f98d8500819efd5fec679b291d451c	af6c19b4-40c5-48d1-adbd-cefa9f42ab75	TASK	a9b19d41db62b02d613b384de089cb125f4481f51cc8fb9af7f657c10b31e7dd	fe6d0740-d16e-4954-8ce2-d0dbbce0c032	철골현장가공 제작	철골현장가공 제작	PROMOTED_FROM_SOURCE	DRAFT	RISK-04-APPROVE-001	62c2c50e3c0becbe23a686735d1a7e50ed8bce2f3fa23c539d2250b68227c2d7	EMPTY	EMPTY	RISK-04-MATERIALIZE-001
b223c472f28dc1cc03c36e7104f5353323def065f7a948690095bb4a77b40769	cf240392-c8c4-4559-a8ec-f76901439691	PROCESS	56d3df21fd0a64158b82a8652376ab6c7bd18c6309db04b5d442b6587afcf395	5bcf0b15-5ee3-4f38-b5e4-d671d7d24197	기계 플랜트 산업․전기설비시험 시운전공사	기계 플랜트 산업․전기설비시험 시운전공사	PROMOTED_FROM_SOURCE	DRAFT	RISK-04-APPROVE-001	62c2c50e3c0becbe23a686735d1a7e50ed8bce2f3fa23c539d2250b68227c2d7	EMPTY	EMPTY	RISK-04-MATERIALIZE-001
b263e74895833ce7d8886c01bcb4de542d1b082a345f54a30f6e940bd45ddcd9	241a0ca1-e925-49ad-bd44-72d6a0b368c6	TASK	676f1cf9776f156204c351002f57c75fd1cb6626073782bd364d823d8b3cdd6d	6c3e090b-1605-4add-8c25-f7726e27863f	사석쌓기	사석쌓기	PROMOTED_FROM_SOURCE	DRAFT	RISK-04-APPROVE-001	62c2c50e3c0becbe23a686735d1a7e50ed8bce2f3fa23c539d2250b68227c2d7	EMPTY	EMPTY	RISK-04-MATERIALIZE-001
b266a326ad7e5eba11caadfe51d101ee205be6a4e31ad787d39ada491eb41c00	03597104-73d5-4f11-bee7-2c3162f7270c	PROCESS	64ef817db9f0e78551ca95f65652b1edbeb4e586e83b00b24390b8089623e293	6252654e-2025-4efc-8a85-29fefd286fbf	내벽타일붙이기	내벽타일붙이기	PROMOTED_FROM_SOURCE	DRAFT	RISK-04-APPROVE-001	62c2c50e3c0becbe23a686735d1a7e50ed8bce2f3fa23c539d2250b68227c2d7	EMPTY	EMPTY	RISK-04-MATERIALIZE-001
b28abe946a8bd04f9b8cfffd32b2a547d35d8b8e9509b4cb8001bfa621298328	bfaae860-0013-470f-a2db-80bd65b14433	TASK	99251365e33a7c848579e36872b53d3589f622c7b93763ea82b9ba6c18867317	fabd4b6c-e97f-4f74-b62c-53c51224393a	터널궤도부레일부설	터널궤도부레일부설	PROMOTED_FROM_SOURCE	DRAFT	RISK-04-APPROVE-001	62c2c50e3c0becbe23a686735d1a7e50ed8bce2f3fa23c539d2250b68227c2d7	EMPTY	EMPTY	RISK-04-MATERIALIZE-001
b2b4335d670de835f6300b8c5e05ca85b675b8c7e02742fdd5fd9d66375c0328	1ce64852-8e8c-4391-b723-9ae8e6578f50	TASK	458ad2107d6228893a555ba0f42f11a3c44b41d01319d0cbc37284b307d59ce8	4b698a01-497b-45c6-ae08-76be05c9d604	세그먼트(Segment)라이닝	세그먼트(Segment)라이닝	PROMOTED_FROM_SOURCE	DRAFT	RISK-04-APPROVE-001	62c2c50e3c0becbe23a686735d1a7e50ed8bce2f3fa23c539d2250b68227c2d7	EMPTY	EMPTY	RISK-04-MATERIALIZE-001
b2d7029323cbc8a1b7cf8daf03b4331428d16f4d9f2a8f82908679624b5975e0	d4fe9abe-9afb-4788-88be-d209637f833d	TASK	1c9173573f2f0541138461293746faab63d48eb4018852a282872a0707ba58b1	fc10356e-8340-408d-b01e-9fa1a04457e2	토압측정(PressureCell)	토압측정(PressureCell)	PROMOTED_FROM_SOURCE	DRAFT	RISK-04-APPROVE-001	62c2c50e3c0becbe23a686735d1a7e50ed8bce2f3fa23c539d2250b68227c2d7	EMPTY	EMPTY	RISK-04-MATERIALIZE-001
b2f7bf9778a16508246eaaa742f52e7494f1756356dd69607f03b52c0d2348aa	56964d21-2aad-4866-bf84-3dbb85cf3fdc	TASK	5de714bb17d80b291c3d7e7d3da321d729f8771914677c30ae25f4e14aa01e91	525fab4f-8a50-492c-851c-f6f5a15be109	점토질타일밑면붙이기	점토질타일밑면붙이기	PROMOTED_FROM_SOURCE	DRAFT	RISK-04-APPROVE-001	62c2c50e3c0becbe23a686735d1a7e50ed8bce2f3fa23c539d2250b68227c2d7	EMPTY	EMPTY	RISK-04-MATERIALIZE-001
b32eba72110b31e9759ffc30dd95961d023608b0a0ee3c0248bd22eacdc2b62e	97a63fe0-9bc2-4de3-9456-81f4acf47f49	TASK	0094e4e7a1f0cbeaa70425941c37f1dd06b42da2328faa8fc78d22d5f7693c2a	888bf357-3ff0-4beb-b338-c4153ab0cadc	기타PC부재현장생산	기타PC부재현장생산	PROMOTED_FROM_SOURCE	DRAFT	RISK-04-APPROVE-001	62c2c50e3c0becbe23a686735d1a7e50ed8bce2f3fa23c539d2250b68227c2d7	EMPTY	EMPTY	RISK-04-MATERIALIZE-001
b34d031019aef33a6d5b830eab13dc019cb9549a86f954a8ed70084fb3b9dde0	c38f68ae-6223-4351-9010-5bbe81e051cf	TASK	45d871c4f15994b8a60ab19b03d1f2f6af0793ba52cb600437fcb983e814958b	fcfefcab-8631-45fd-85b7-cd29d3e9ff6f	목재마감목설치	목재마감목설치	PROMOTED_FROM_SOURCE	DRAFT	RISK-04-APPROVE-001	62c2c50e3c0becbe23a686735d1a7e50ed8bce2f3fa23c539d2250b68227c2d7	EMPTY	EMPTY	RISK-04-MATERIALIZE-001
b3668b1c2e71972ff5904c6ff2df777763725bad4e7c73a2cae00505d4eebcd1	89461b83-12be-4c91-8064-ce5e4ff8bfec	TASK	8dfd87d947fee2f86f04bc53ddb263279df8a89a0e195f57a25386dac1d785d8	daab7a35-f93b-48b3-b605-f99fb38fb1a0	하드너바르기	하드너바르기	PROMOTED_FROM_SOURCE	DRAFT	RISK-04-APPROVE-001	62c2c50e3c0becbe23a686735d1a7e50ed8bce2f3fa23c539d2250b68227c2d7	EMPTY	EMPTY	RISK-04-MATERIALIZE-001
b3b5710ba20bf1b257ef181fbc34ed89294150598dd19058fbe720c6869c0920	0e4930e1-242a-4643-b327-88a879dcdc24	PROCESS	e1e8145467429472a59dd7ae0d75512fbe4eb6addb9d8fbed2f334c308857b63	a5ff5522-3e4f-4d19-b18f-4fc7afefaa01	공조기및팬공사	공조기및팬공사	PROMOTED_FROM_SOURCE	DRAFT	RISK-04-APPROVE-001	62c2c50e3c0becbe23a686735d1a7e50ed8bce2f3fa23c539d2250b68227c2d7	EMPTY	EMPTY	RISK-04-MATERIALIZE-001
b4d47e4841d6736e3d4386a14615655881dfa4c028e4b52e49985bf399bcd562	bb494f3d-604c-4aa5-a93f-7e34af3e27ab	PROCESS	f8f8f8c0ded720ede952c131be6396329a82ad7f1995efa930cff437b5ed9ffa	51606bb5-d9c3-411f-8e33-3cb20fc8f923	온돌바닥공사	온돌바닥공사	PROMOTED_FROM_SOURCE	DRAFT	RISK-04-APPROVE-001	62c2c50e3c0becbe23a686735d1a7e50ed8bce2f3fa23c539d2250b68227c2d7	EMPTY	EMPTY	RISK-04-MATERIALIZE-001
b505012aa8cdaa9786f6aa0ea352ce3686757de4b809bf7505062c3e198e2167	264fb97e-7619-4e40-a204-9d71c448be12	PROCESS	934cec93edfa5eb83d4262be5e58f58cc6b9cdf02f1d610a2168f31c04864b63	afcecca7-c90d-471d-a18b-670fa2563fa5	터널지보및거푸집	터널지보및거푸집	PROMOTED_FROM_SOURCE	DRAFT	RISK-04-APPROVE-001	62c2c50e3c0becbe23a686735d1a7e50ed8bce2f3fa23c539d2250b68227c2d7	EMPTY	EMPTY	RISK-04-MATERIALIZE-001
b524bc0e73b53bbf6d149d64d04fa2867d8d96672f3a16ff8d608bd31cab85dd	0e1dd133-7b8a-42c9-8865-54f0bde29268	PROCESS	ab5cb14d0f35c4b9c8716882ac8be1f632db619bed3db9e612c87d77954024a0	135be024-0406-4ca9-8e07-5803429117f5	기타토목배관부대공사	기타토목배관부대공사	PROMOTED_FROM_SOURCE	DRAFT	RISK-04-APPROVE-001	62c2c50e3c0becbe23a686735d1a7e50ed8bce2f3fa23c539d2250b68227c2d7	EMPTY	EMPTY	RISK-04-MATERIALIZE-001
b547699bf91ffadb7a16f597dabc4f00d228576d8f1db4a2acc01e6f035c98a8	6d3481c3-08ff-4191-96c3-a23941ad400b	PROCESS	c201603a494d86fd21efa68a3d8ba3b5e3826ef4195cde21cf766c772edc3236	12019d28-eba5-4ab9-b245-caa3d1cf2f4e	하천 해상방식	하천 해상방식	PROMOTED_FROM_SOURCE	DRAFT	RISK-04-APPROVE-001	62c2c50e3c0becbe23a686735d1a7e50ed8bce2f3fa23c539d2250b68227c2d7	EMPTY	EMPTY	RISK-04-MATERIALIZE-001
b5505742d94b06382f56854611e8b90aed15c861a2a393c78b2690e66b43c954	8c831cd1-fa96-4c78-913a-a4b0d1c636fe	PROCESS	dc3dff2350840a9f391b06f7a73780bb78385a45b4ccece8cb08a3da4c8d1215	d703949e-0684-40bb-86f5-4c11bd329756	가스설비관련기기설비공사	가스설비관련기기설비공사	PROMOTED_FROM_SOURCE	DRAFT	RISK-04-APPROVE-001	62c2c50e3c0becbe23a686735d1a7e50ed8bce2f3fa23c539d2250b68227c2d7	EMPTY	EMPTY	RISK-04-MATERIALIZE-001
b59966443fb70448f3661026bd31185fd70c3474ea022bbae3de0f15d2cf1603	1e3c1329-a915-4f04-8c3a-5da46c11f301	PROCESS	94a9dd9c23196c6b60f5e22b9d7abec4c68f8c467149fa9c91b138ce683130e2	66c7eab8-d6f8-4bc3-9ba7-dab1f7292db5	원격검침설비공사	원격검침설비공사	PROMOTED_FROM_SOURCE	DRAFT	RISK-04-APPROVE-001	62c2c50e3c0becbe23a686735d1a7e50ed8bce2f3fa23c539d2250b68227c2d7	EMPTY	EMPTY	RISK-04-MATERIALIZE-001
b5c33d34835ec0f27ca7b3ef633392a5ca93ab667283a11baa495d23055876f2	1cf68593-92c2-46b1-b462-aa0d2cfa1ae8	PROCESS	dedf7ae4d0b0d778516158b7936e107774dc1d648fee00951a5b60552aa2d086	b59cb22e-8fa2-47ea-8abe-cb1a4165ffa2	중앙감시제어설비공사	중앙감시제어설비공사	PROMOTED_FROM_SOURCE	DRAFT	RISK-04-APPROVE-001	62c2c50e3c0becbe23a686735d1a7e50ed8bce2f3fa23c539d2250b68227c2d7	EMPTY	EMPTY	RISK-04-MATERIALIZE-001
b63c806b35160ba6e0a5859be8feca3e31969c48b2bacc888aba019bc1f485f3	dccc5f5a-9612-4fa6-8cd3-0078f5758a94	TASK	35e837c8c67c91eccbccf3c7b34a3aac68e17f34a15595aa80e4f538f6d6b179	b1e5dbad-5462-4f82-b31b-f7c9bbf44a6c	그래픽타일붙이기	그래픽타일붙이기	PROMOTED_FROM_SOURCE	DRAFT	RISK-04-APPROVE-001	62c2c50e3c0becbe23a686735d1a7e50ed8bce2f3fa23c539d2250b68227c2d7	EMPTY	EMPTY	RISK-04-MATERIALIZE-001
b669d98511f7e2bfb1e96b16e62a697004f651f201a3cd3c2024d12c39d44efc	c805df85-b574-4e3b-a98e-0b4783f6b4c7	PROCESS	87fa53f9401d9b7c7720ef7da477dadd283d8362a38e4a5f37f5d2e5fdaf5ac4	283efb15-14fe-459f-afee-1142d73e503a	전차선로공사	전차선로공사	PROMOTED_FROM_SOURCE	DRAFT	RISK-04-APPROVE-001	62c2c50e3c0becbe23a686735d1a7e50ed8bce2f3fa23c539d2250b68227c2d7	EMPTY	EMPTY	RISK-04-MATERIALIZE-001
b6c641627ce5237f61073aacc7fc3b2c498bf781d6739c9bd56f9e9685b5b884	57f0e677-87f0-4692-b74e-613045f5d2e2	TASK	74a220321964dbd5fe811b35ae77db635c17fa91531a483f5ace2c2488242eee	61b431eb-4edf-4717-a1b6-7877f1f5deb8	터널영구계측설비설치	터널영구계측설비설치	PROMOTED_FROM_SOURCE	DRAFT	RISK-04-APPROVE-001	62c2c50e3c0becbe23a686735d1a7e50ed8bce2f3fa23c539d2250b68227c2d7	EMPTY	EMPTY	RISK-04-MATERIALIZE-001
b6deaa27e1a606346c8b88c04d2d0f46e01a431862421fae094cdbc279da49fe	e53a7854-2453-4d4b-8957-2e019766a73b	TASK	0094e4e7a1f0cbeaa70425941c37f1dd06b42da2328faa8fc78d22d5f7693c2a	888bf357-3ff0-4beb-b338-c4153ab0cadc	기타PC부재공장생산	기타PC부재공장생산	PROMOTED_FROM_SOURCE	DRAFT	RISK-04-APPROVE-001	62c2c50e3c0becbe23a686735d1a7e50ed8bce2f3fa23c539d2250b68227c2d7	EMPTY	EMPTY	RISK-04-MATERIALIZE-001
b787fb5dff70a08dc127bf096bc06975888d0808e9d52fb9c1c02449f64bedcc	9a21c07a-d808-41c4-88ba-efbd5c158ffb	TASK	df10084ef3420d232661a9ae119d90168b42921a54c7076b7b197b6c5485e5f7	ac5f0489-f020-4af4-ac02-accc18d43cbf	하수도배관내장애물제거	하수도배관내장애물제거	PROMOTED_FROM_SOURCE	DRAFT	RISK-04-APPROVE-001	62c2c50e3c0becbe23a686735d1a7e50ed8bce2f3fa23c539d2250b68227c2d7	EMPTY	EMPTY	RISK-04-MATERIALIZE-001
b7c2bc5adaed0af8e84fb7883d2bb66c21e90941249b1198899ef8f1817ef748	1aa3f45f-184a-47cb-b261-93d4bc5831a9	PROCESS	a1fa7e1fbe536f1c9ab6d4ec21c23d7de63646b1fcb6fef70a8f387763e99bc9	a74700b2-31e4-44f9-bb53-1ab477738d29	풍력발전소공사	풍력발전소공사	PROMOTED_FROM_SOURCE	DRAFT	RISK-04-APPROVE-001	62c2c50e3c0becbe23a686735d1a7e50ed8bce2f3fa23c539d2250b68227c2d7	EMPTY	EMPTY	RISK-04-MATERIALIZE-001
b7d0587740a4af8ef651796b165b1412ce663e1ed875e2d5d1967861fe2b61de	e289ee8c-abe2-429f-aa94-b3c3d5c696f5	PROCESS	19a4f25f379f1c2df1583f09f8eb8c3a87236b69fab9c3d0be4f376b3846b4de	8bdf4909-dc81-4a7b-aab4-7c9f78d59aa7	거푸집부속공사	거푸집부속공사	PROMOTED_FROM_SOURCE	DRAFT	RISK-04-APPROVE-001	62c2c50e3c0becbe23a686735d1a7e50ed8bce2f3fa23c539d2250b68227c2d7	EMPTY	EMPTY	RISK-04-MATERIALIZE-001
b84acc473853e920d7ef63dfd2c7026ed302e12a8c298f046af90f6e3cd53f4c	660aa095-2f4d-42e5-b16e-0ed86ee069c0	PROCESS	57ce72345c7534cc17240b425a13aa08492c7fbb87f75b086f916c4711922857	e56c70dc-3bb0-4494-bb85-47ca56991415	호안공사	호안공사	PROMOTED_FROM_SOURCE	DRAFT	RISK-04-APPROVE-001	62c2c50e3c0becbe23a686735d1a7e50ed8bce2f3fa23c539d2250b68227c2d7	EMPTY	EMPTY	RISK-04-MATERIALIZE-001
b8605fe8c0ef16348371393e2acc2501db26b6877153513bec3000f4f5de1df6	ac2a3158-0c35-492f-8611-dd2c65d6aa30	PROCESS	a53c95b548ab1a1a584ad79f325846f8ac90ecce9234f991f9d8be9919341250	ca6f7bea-96f1-456f-be61-e96c129ab18a	벽체붙이기	벽체붙이기	PROMOTED_FROM_SOURCE	DRAFT	RISK-04-APPROVE-001	62c2c50e3c0becbe23a686735d1a7e50ed8bce2f3fa23c539d2250b68227c2d7	EMPTY	EMPTY	RISK-04-MATERIALIZE-001
b89cb358fa0de6d14fa48f2e5f6c311913a998339bb04892f742920b147be884	5af253ad-9573-4ec2-bcfa-8e082eefe8d2	PROCESS	1b01f7e3cd4bfbdcf610554066aa88036ab7be729aa908b66f0ec7936195732d	b07d3c54-238b-4c4a-95b2-5aaabf182076	토사처리및운반	토사처리및운반	PROMOTED_FROM_SOURCE	DRAFT	RISK-04-APPROVE-001	62c2c50e3c0becbe23a686735d1a7e50ed8bce2f3fa23c539d2250b68227c2d7	EMPTY	EMPTY	RISK-04-MATERIALIZE-001
b8e46ba013e44fcf84dec546bb472a6958c197c2fa327c061ecbcc50240b35c0	77dc72e5-afa3-46a4-a88d-e8c9d00f7789	PROCESS	9064599e4c516b9459a0dde55a7cd5c7ca9acff7a534ff825f9a435ccca26d89	703804cc-8ce0-4eb2-95f0-62f7121dce30	기계 플랜트 산업설비공통시설유지정비공사	기계 플랜트 산업설비공통시설유지정비공사	PROMOTED_FROM_SOURCE	DRAFT	RISK-04-APPROVE-001	62c2c50e3c0becbe23a686735d1a7e50ed8bce2f3fa23c539d2250b68227c2d7	EMPTY	EMPTY	RISK-04-MATERIALIZE-001
b8f23dd725840a1e3271bb5948737f641ba86f1ecd9e8b0f6b6b359bed91eef6	f57ec6e5-330f-4907-a90a-3d4f258b601f	TASK	a492a0fe0bcc1fa46324941086217984ce0e3a41d318bcddae69d13bff90d910	fae1b190-575a-4e5f-add0-051c335c433b	목재기와잇기	목재기와잇기	PROMOTED_FROM_SOURCE	DRAFT	RISK-04-APPROVE-001	62c2c50e3c0becbe23a686735d1a7e50ed8bce2f3fa23c539d2250b68227c2d7	EMPTY	EMPTY	RISK-04-MATERIALIZE-001
b96f9d30b8931f4768261890e851dbc2960bd14e6d98e1db0078be9a5d6da033	af3621c8-15bc-4ab6-b5ce-63f3cd83ebd1	TASK	1a13ea0495c762c614f4fa5cbcf476764c9287e017255d6e15df7cb6defa5748	f0d60f4d-849f-4ef2-aa5b-5535bca53c2a	동적계측	동적계측	MERGED_FROM_REVIEWED_SOURCES	DRAFT	RISK-04-APPROVE-001	62c2c50e3c0becbe23a686735d1a7e50ed8bce2f3fa23c539d2250b68227c2d7	EMPTY	EMPTY	RISK-04-MATERIALIZE-001
b9aec605098ac5c84043f1bff9e1c04cdae3d0cb6fcdd389b48d9f656aca975e	9c499db2-5c4e-46d3-9c7f-a890fcb21a0c	PROCESS	acf048a5240dfcfa6c13ef808f343ba91df60c7588b714ad55e193b842d47c36	c21d1a95-094c-4128-9360-17e6be8b6efc	SheetPile가물막이	SheetPile가물막이	PROMOTED_FROM_SOURCE	DRAFT	RISK-04-APPROVE-001	62c2c50e3c0becbe23a686735d1a7e50ed8bce2f3fa23c539d2250b68227c2d7	EMPTY	EMPTY	RISK-04-MATERIALIZE-001
b9b95bb8de3279218000da4fd3e662bd153ed47d97560b7406970382c31d0e77	2420c1b2-98b0-42f0-90b6-3f8d2faaafc4	TASK	5f218950ff1076983ffa9bbe897bf1263bf0ee1116c3397b2516753c0c1ce541	55947deb-7b2c-422e-b07a-2492c8dd55c2	다공성재료지붕 바닥단열	다공성재료지붕 바닥단열	PROMOTED_FROM_SOURCE	DRAFT	RISK-04-APPROVE-001	62c2c50e3c0becbe23a686735d1a7e50ed8bce2f3fa23c539d2250b68227c2d7	EMPTY	EMPTY	RISK-04-MATERIALIZE-001
b9ca00bbd4e08e5f594d9288d10773940a53994cf048226f944f093394e7dffd	d60b9cc3-9016-49cb-848e-cd277dd6eddd	PROCESS	06e5762a27d4f3deb2d03c0dd8ad20c8eddc324415d5d6107a916166121c970c	37708031-cc38-4c79-b4b1-30ef03ff1752	교량배수설비공사	교량배수설비공사	PROMOTED_FROM_SOURCE	DRAFT	RISK-04-APPROVE-001	62c2c50e3c0becbe23a686735d1a7e50ed8bce2f3fa23c539d2250b68227c2d7	EMPTY	EMPTY	RISK-04-MATERIALIZE-001
b9f29c8796ee9cfb1e440b4f99635a54c802d76b6029dfc2f88345543c73088e	0d7d1319-591c-45a5-a5e8-158594dea5fd	TASK	03754c84e28a545a6e2f2f5136ab8d915466c43cf7ccc3c05d3193d8829bbd60	03da6ebe-0db5-45a4-8564-6124ba14ad8f	콘크리트면마감	콘크리트면마감	PROMOTED_FROM_SOURCE	DRAFT	RISK-04-APPROVE-001	62c2c50e3c0becbe23a686735d1a7e50ed8bce2f3fa23c539d2250b68227c2d7	EMPTY	EMPTY	RISK-04-MATERIALIZE-001
ba096cccebaafd5d70f4cd708357837be19dabe4efc716cd0d8344b92bc4b207	f96c09f4-cb72-47a2-9449-c0388a8a7ca6	TASK	adacfa272eb4a6a674af7667b520a6085d7d0d0455f5ea6f5b4444af491f8024	c3f2f7b9-18b4-4702-8b8d-7548f906d437	인조석깔기	인조석깔기	PROMOTED_FROM_SOURCE	DRAFT	RISK-04-APPROVE-001	62c2c50e3c0becbe23a686735d1a7e50ed8bce2f3fa23c539d2250b68227c2d7	EMPTY	EMPTY	RISK-04-MATERIALIZE-001
ba15878c8b30d1184de50f4920153d9eab2ffaf7a6a3659ba67abe03e987983b	4eafc93b-3402-4a12-b9f0-0bfd4570354d	TASK	67147c00f93715db6e67724936aa012d382613bba7f73e3cc28d2e5deca1d52b	128af189-99ce-4b61-b638-1ae7b9cc7267	내신축처리	내신축처리	PROMOTED_FROM_SOURCE	DRAFT	RISK-04-APPROVE-001	62c2c50e3c0becbe23a686735d1a7e50ed8bce2f3fa23c539d2250b68227c2d7	EMPTY	EMPTY	RISK-04-MATERIALIZE-001
ba7464ebdf6a54c4e9f41527a34eb43bc81acd1179e83a68a1c0c6244ad03980	9fdbd43a-653f-4a4b-a1b7-995d12c7bc9b	TASK	EMPTY	EMPTY	장비운반	장비운반	PROMOTED_FROM_SOURCE	DRAFT	RISK-04-APPROVE-001	62c2c50e3c0becbe23a686735d1a7e50ed8bce2f3fa23c539d2250b68227c2d7	EMPTY	EMPTY	RISK-04-MATERIALIZE-001
ba8cb40d968a628c666d30fbcd6e3cc049af30ce9ebda801c1038d6a5a75b637	75b8aeed-ce25-4e35-bb6a-78718ece5482	TASK	5f218950ff1076983ffa9bbe897bf1263bf0ee1116c3397b2516753c0c1ce541	55947deb-7b2c-422e-b07a-2492c8dd55c2	도막형바닥단열	도막형바닥단열	PROMOTED_FROM_SOURCE	DRAFT	RISK-04-APPROVE-001	62c2c50e3c0becbe23a686735d1a7e50ed8bce2f3fa23c539d2250b68227c2d7	EMPTY	EMPTY	RISK-04-MATERIALIZE-001
ba8fc01551a393bc371dadaf4e56ed81d6922cb99ab3c769bdc9585f172b06a1	3de39235-8303-4e05-a6cc-0e195d7281a8	TASK	43b1a189bbf02fb3ce567f440980c23d9a28a5fb5594f4f5a703ac6331f5fdfe	03e39a42-dde8-46e5-801a-859b93fed859	휴게시설물설치	휴게시설물설치	PROMOTED_FROM_SOURCE	DRAFT	RISK-04-APPROVE-001	62c2c50e3c0becbe23a686735d1a7e50ed8bce2f3fa23c539d2250b68227c2d7	EMPTY	EMPTY	RISK-04-MATERIALIZE-001
bb3af9c6cc30773f9dbe46d853c5873bc5064ab32c6b804f958bf4a9ed51d378	fac1ab37-85d8-4d22-8d08-d584a263643d	TASK	3dec0cc1494076cb9d335b9cc42b3ad01a969cf781da5dd7b1855c9ccb43c9b0	34bee63b-6983-4524-83df-48e3a1012319	점토질타일외벽붙이기	점토질타일외벽붙이기	PROMOTED_FROM_SOURCE	DRAFT	RISK-04-APPROVE-001	62c2c50e3c0becbe23a686735d1a7e50ed8bce2f3fa23c539d2250b68227c2d7	EMPTY	EMPTY	RISK-04-MATERIALIZE-001
bb6845dc4cee1d1ae048e22a7a81248b06913a4d0826ddeb7a727e8e4e66aee6	19818427-27f6-428a-9cd9-b6659ea21ede	TASK	4813cf1b2638756cfc45513b10dd2cb87c0c8de7d9084742aa967a9b48ac9c10	556d6799-5eb8-4626-8991-83953a8056ac	지피류및초화류식재	지피류및초화류식재	MERGED_FROM_REVIEWED_SOURCES	DRAFT	RISK-04-APPROVE-001	62c2c50e3c0becbe23a686735d1a7e50ed8bce2f3fa23c539d2250b68227c2d7	EMPTY	EMPTY	RISK-04-MATERIALIZE-001
bb852d3b868968a790e5faeaa029a52b75470c19cdadbc3efa7b19e185368a67	fb896a27-ed87-4811-bd78-0bb2626216bf	PROCESS	87fa53f9401d9b7c7720ef7da477dadd283d8362a38e4a5f37f5d2e5fdaf5ac4	283efb15-14fe-459f-afee-1142d73e503a	기타전기설비공사	기타전기설비공사	PROMOTED_FROM_SOURCE	DRAFT	RISK-04-APPROVE-001	62c2c50e3c0becbe23a686735d1a7e50ed8bce2f3fa23c539d2250b68227c2d7	EMPTY	EMPTY	RISK-04-MATERIALIZE-001
bbe558ae99a905c06154f7cc257c8435fb594caa9af47f80e6788e4d18a7d316	df22ea5f-87f1-4d45-9c3d-3fc534f0be96	PROCESS	33f1ddfc015d1a5a3173d5aa56062b9af98458c2e93edc02b239d897ef4ba8d7	07309343-35ef-4208-86db-a8bac28a8b72	ALC공사	ALC공사	PROMOTED_FROM_SOURCE	DRAFT	RISK-04-APPROVE-001	62c2c50e3c0becbe23a686735d1a7e50ed8bce2f3fa23c539d2250b68227c2d7	EMPTY	EMPTY	RISK-04-MATERIALIZE-001
bc68572923c8910b9b34b63d85b18ecc876df84b7e42beb1fe2750242dca64f0	53a12554-80fd-467a-bab4-560fe63e32e0	PROCESS	EMPTY	EMPTY	옹벽공사	옹벽공사	PROMOTED_FROM_SOURCE	DRAFT	RISK-04-APPROVE-001	62c2c50e3c0becbe23a686735d1a7e50ed8bce2f3fa23c539d2250b68227c2d7	EMPTY	EMPTY	RISK-04-MATERIALIZE-001
bca0ac57710857cd81b9a9b38caf1fbf54203b4276e184a3a3731ac1cdb086f7	4abc6255-93d5-4e5b-a95b-d45c34cecb89	TASK	869d9f89089f464d0e892d12e31f0a5a40cac8a69d3a0568757aeb3fd3c29ec9	35971f29-8d83-432e-b5d9-dea20b607c61	토석제거	토석제거	PROMOTED_FROM_SOURCE	DRAFT	RISK-04-APPROVE-001	62c2c50e3c0becbe23a686735d1a7e50ed8bce2f3fa23c539d2250b68227c2d7	EMPTY	EMPTY	RISK-04-MATERIALIZE-001
bcd33311034205c53d95d0a3083f6e832dd4d5f75bc26618bbe4bbaa2453ebe8	f21e4973-4c74-49e3-ae03-7c57dfa29cae	TASK	255d60e7fb7f5be1ec9308980924ecdd73790d9874ec07b53dad5a969b7e8129	ee7cba05-c783-4381-821a-bcb3d17c1c87	콘크리트구조물철거	콘크리트구조물철거	PROMOTED_FROM_SOURCE	DRAFT	RISK-04-APPROVE-001	62c2c50e3c0becbe23a686735d1a7e50ed8bce2f3fa23c539d2250b68227c2d7	EMPTY	EMPTY	RISK-04-MATERIALIZE-001
bd066ff0ad519a336ac154116de3b5399d79534aed37cbaf00bcfe19874cc88d	33f4ad93-61c7-4deb-a4a7-df11ad0d37f7	TASK	3dec0cc1494076cb9d335b9cc42b3ad01a969cf781da5dd7b1855c9ccb43c9b0	34bee63b-6983-4524-83df-48e3a1012319	도기질타일외벽붙이기	도기질타일외벽붙이기	PROMOTED_FROM_SOURCE	DRAFT	RISK-04-APPROVE-001	62c2c50e3c0becbe23a686735d1a7e50ed8bce2f3fa23c539d2250b68227c2d7	EMPTY	EMPTY	RISK-04-MATERIALIZE-001
bd2f71981bff2ef99f94fd8e5945cc39ed763c87eb8b07a054fee95adcb4ae06	fb4b640e-768e-4855-870b-d957c1e2def7	PROCESS	EMPTY	EMPTY	위생설비공사	위생설비공사	PROMOTED_FROM_SOURCE	DRAFT	RISK-04-APPROVE-001	62c2c50e3c0becbe23a686735d1a7e50ed8bce2f3fa23c539d2250b68227c2d7	EMPTY	EMPTY	RISK-04-MATERIALIZE-001
bd3a6617229efb2fe53a77c83edaf53ba175cb2509147e6d6187b6fc5e74e971	8bd5ebb8-0056-43fd-970a-88dbdbc9920c	PROCESS	b84acc473853e920d7ef63dfd2c7026ed302e12a8c298f046af90f6e3cd53f4c	660aa095-2f4d-42e5-b16e-0ed86ee069c0	비탈복공	비탈복공	PROMOTED_FROM_SOURCE	DRAFT	RISK-04-APPROVE-001	62c2c50e3c0becbe23a686735d1a7e50ed8bce2f3fa23c539d2250b68227c2d7	EMPTY	EMPTY	RISK-04-MATERIALIZE-001
bd89de1b7f69e3e40acbba8001009a491859b04a4405289291ea628d9b445fdc	4b213b2e-3684-444a-bd85-d6a33c0d7df8	TASK	f235f7f7fb413230f5f653e9f0172a51ac3d0b2a446aa7d020b94803ee7d934a	e6e5c460-6c7a-4234-8823-ae8f98451029	보강보설치	보강보설치	PROMOTED_FROM_SOURCE	DRAFT	RISK-04-APPROVE-001	62c2c50e3c0becbe23a686735d1a7e50ed8bce2f3fa23c539d2250b68227c2d7	EMPTY	EMPTY	RISK-04-MATERIALIZE-001
bd96ea245dcd0d67f943bb72c5d3cee7c47acdcfa8ccbdb4a6d6ed7d7c5afcf3	e0a23896-4d80-4828-8f48-1235e7db7e60	PROCESS	30c5c5b7582a14cbbfd22cf36f874b71b3c0631edbf44c07f05d4e6702817359	85cdd0d4-ec0f-47f2-a601-cacd5b3f3b12	특수조명설비공사	특수조명설비공사	PROMOTED_FROM_SOURCE	DRAFT	RISK-04-APPROVE-001	62c2c50e3c0becbe23a686735d1a7e50ed8bce2f3fa23c539d2250b68227c2d7	EMPTY	EMPTY	RISK-04-MATERIALIZE-001
bda4c363a5cfee9a0feb8d8da7d9810b69a4aeb0b11f3854dade3ca28e388fd1	07f62a73-7c65-4eaa-9317-4dd7ed4c808f	PROCESS	2939170808ebb6a308fbe155abc1965bc0671106260b8a9289cd5d7a2e2f189b	14d55c47-2cba-46e1-96bc-4c3441858ad7	덕트보온공사	덕트보온공사	PROMOTED_FROM_SOURCE	DRAFT	RISK-04-APPROVE-001	62c2c50e3c0becbe23a686735d1a7e50ed8bce2f3fa23c539d2250b68227c2d7	EMPTY	EMPTY	RISK-04-MATERIALIZE-001
be055a5fbb0c7c9833aad0506eafe4a78dee772fd1ab11430b454d925c89d764	fe9c02d1-8b00-401d-b9df-6798476e14a6	PROCESS	55a316206a26065b1f7a0d6a78216f3a90d5c6f69045a409f735c2a1a4825df8	a18cbef9-0712-4d25-80d2-4d27ccd5860e	기타조경공사	기타조경공사	PROMOTED_FROM_SOURCE	DRAFT	RISK-04-APPROVE-001	62c2c50e3c0becbe23a686735d1a7e50ed8bce2f3fa23c539d2250b68227c2d7	EMPTY	EMPTY	RISK-04-MATERIALIZE-001
be1e724587f610fc57a33ba2620df093228ab54c0e36668adc529295c60039b8	fe74ef73-ae6e-4aae-ad0e-c37c6d0a1526	PROCESS	994c5c6f3e7700bb439cd0c4b1741e3d839795989cfb1523bdf51bbd1e6c9280	fb9cf491-80c1-45eb-852e-6ba1bd57ad83	철근콘크리트지보공사	철근콘크리트지보공사	PROMOTED_FROM_SOURCE	DRAFT	RISK-04-APPROVE-001	62c2c50e3c0becbe23a686735d1a7e50ed8bce2f3fa23c539d2250b68227c2d7	EMPTY	EMPTY	RISK-04-MATERIALIZE-001
be5450076b28fc1787fdc70a125282fd2f055a50b12a2f7bd8490702d983bbf5	aa1423f8-6dd2-4f8f-853f-0a276f3dfff8	TASK	e1e8145467429472a59dd7ae0d75512fbe4eb6addb9d8fbed2f334c308857b63	a5ff5522-3e4f-4d19-b18f-4fc7afefaa01	팩키지유닛설치공사	팩키지유닛설치공사	PROMOTED_FROM_SOURCE	DRAFT	RISK-04-APPROVE-001	62c2c50e3c0becbe23a686735d1a7e50ed8bce2f3fa23c539d2250b68227c2d7	EMPTY	EMPTY	RISK-04-MATERIALIZE-001
be68e2590a3311e369e3a7213537170faf2c86ddc093c479fe9e8facc1ff17fe	0197d0b5-8ed8-46a3-894e-1661194d4f53	PROCESS	eed4ca91d2eebf54fd65616a1883deb0f030b5f1a097cf88488b3cd1e4d121b6	609c86eb-94f6-447c-9805-e0ff032b80f4	탈취설비공사	탈취설비공사	MERGED_FROM_REVIEWED_SOURCES	DRAFT	RISK-04-APPROVE-001	62c2c50e3c0becbe23a686735d1a7e50ed8bce2f3fa23c539d2250b68227c2d7	EMPTY	EMPTY	RISK-04-MATERIALIZE-001
be6f82734a12016fbc9036ceb7e6bd097ba4d4ba4cd8fcaa8732129277b229f3	95e54761-e5e5-4dd3-a063-228eb1038654	TASK	284c5f417d61f4d0f2079adaf11077b2db1dfec5af1fc7ca206d6d46748e0037	1d0bd5eb-b7c8-4bed-9ada-c52ccf609496	미장면마감	미장면마감	PROMOTED_FROM_SOURCE	DRAFT	RISK-04-APPROVE-001	62c2c50e3c0becbe23a686735d1a7e50ed8bce2f3fa23c539d2250b68227c2d7	EMPTY	EMPTY	RISK-04-MATERIALIZE-001
be7967021c0ec2b03927f120f77e80740184aed358c5748bfc71d38536fc40b9	473fd39b-e52e-4239-89b1-49aba19e47fe	PROCESS	994c5c6f3e7700bb439cd0c4b1741e3d839795989cfb1523bdf51bbd1e6c9280	fb9cf491-80c1-45eb-852e-6ba1bd57ad83	강재지보공사	강재지보공사	PROMOTED_FROM_SOURCE	DRAFT	RISK-04-APPROVE-001	62c2c50e3c0becbe23a686735d1a7e50ed8bce2f3fa23c539d2250b68227c2d7	EMPTY	EMPTY	RISK-04-MATERIALIZE-001
c129d70ee17ee7e20aba9c21cae92da3fe0fddc46001c4e36396b34ff8f1e49c	420063a2-9d63-4632-8822-bd6dad312452	PROCESS	4550c015794f93c550fc4a407b3d0537ebd3fde8130246cd5dfb9e0da0674984	2014a58c-18ab-4f55-beb4-1884d9261052	지역열공급공사	지역열공급공사	PROMOTED_FROM_SOURCE	DRAFT	RISK-04-APPROVE-001	62c2c50e3c0becbe23a686735d1a7e50ed8bce2f3fa23c539d2250b68227c2d7	EMPTY	EMPTY	RISK-04-MATERIALIZE-001
c13d0cc02d411f0999311bf8480ff358124e974df7afd797ba7db472303b3247	6fd08cd7-d483-4c25-b07e-0871a696ea25	TASK	acaa682822a7efd396a4b67c1cc0cd12330fcc5b12523b900fcbf713b88e18e4	946afb48-0059-4654-b316-804cc574ac1d	석재공사코킹 실링	석재공사코킹 실링	PROMOTED_FROM_SOURCE	DRAFT	RISK-04-APPROVE-001	62c2c50e3c0becbe23a686735d1a7e50ed8bce2f3fa23c539d2250b68227c2d7	EMPTY	EMPTY	RISK-04-MATERIALIZE-001
c15df2e89928e4a597e01afdd27810d582b31e246485e5d4b40549544b01a5ef	66cd57b6-be04-4dd1-846b-ae7e66d35828	TASK	c39ad6615f8d542d28bb7be277a7ed9e823bd05c2064419e3287115032903d0d	043f0c06-e43d-4982-8cc3-18517188cd69	냉수기설치공사	냉수기설치공사	PROMOTED_FROM_SOURCE	DRAFT	RISK-04-APPROVE-001	62c2c50e3c0becbe23a686735d1a7e50ed8bce2f3fa23c539d2250b68227c2d7	EMPTY	EMPTY	RISK-04-MATERIALIZE-001
c201603a494d86fd21efa68a3d8ba3b5e3826ef4195cde21cf766c772edc3236	12019d28-eba5-4ab9-b245-caa3d1cf2f4e	PROCESS	57ce72345c7534cc17240b425a13aa08492c7fbb87f75b086f916c4711922857	e56c70dc-3bb0-4494-bb85-47ca56991415	하천 항만부속공사	하천 항만부속공사	PROMOTED_FROM_SOURCE	DRAFT	RISK-04-APPROVE-001	62c2c50e3c0becbe23a686735d1a7e50ed8bce2f3fa23c539d2250b68227c2d7	EMPTY	EMPTY	RISK-04-MATERIALIZE-001
c20c5ea05609b08219746a2ba56b516679533868cf497653496eb8635cc8d01e	d850ac9c-366d-4527-a2e8-dbed9788ec0a	TASK	2a61841990e611de8f10680c45bb92bb5f7c296bed72f99b485ae13d9028b2ba	d16c487b-6ddd-4bfe-b650-b5c9d7fc5ecb	월동작업	월동작업	PROMOTED_FROM_SOURCE	DRAFT	RISK-04-APPROVE-001	62c2c50e3c0becbe23a686735d1a7e50ed8bce2f3fa23c539d2250b68227c2d7	EMPTY	EMPTY	RISK-04-MATERIALIZE-001
c2114d3b4146e11a00f569e871b06ceb8dc9419fc3f9909eb3fee63241c61aa7	457ec8aa-6fc5-4110-b319-449bf3be191e	PROCESS	db6bafcb5396a619ac639b6b4871b38bfd9450a31c31a9a46bbc731f09998c99	df727d07-1df7-4d0b-9607-451c8ce4ba7b	통신관련설비공사	통신관련설비공사	PROMOTED_FROM_SOURCE	DRAFT	RISK-04-APPROVE-001	62c2c50e3c0becbe23a686735d1a7e50ed8bce2f3fa23c539d2250b68227c2d7	EMPTY	EMPTY	RISK-04-MATERIALIZE-001
c22cddad9da89a7c69e9dcf01b22e03e199121ec6fe34ba364abb5b1e2ba7c08	4fc73930-ab28-4474-833d-d617a4f9c303	TASK	a7db859ba01a80480e9d6c27cc5f0ff506c85487aff4a4f0d5cab61d1e121549	4710ef8e-000d-48e1-9448-af1eeda77bc0	동판잇기	동판잇기	PROMOTED_FROM_SOURCE	DRAFT	RISK-04-APPROVE-001	62c2c50e3c0becbe23a686735d1a7e50ed8bce2f3fa23c539d2250b68227c2d7	EMPTY	EMPTY	RISK-04-MATERIALIZE-001
c2a3e47336f118519e2032660071a1d358d9069a7b3d4068ffd3d5198ff6ba53	9400d13e-be80-4369-b2ec-801fdb3f2db4	PROCESS	4550c015794f93c550fc4a407b3d0537ebd3fde8130246cd5dfb9e0da0674984	2014a58c-18ab-4f55-beb4-1884d9261052	석유비축및수송공사	석유비축및수송공사	PROMOTED_FROM_SOURCE	DRAFT	RISK-04-APPROVE-001	62c2c50e3c0becbe23a686735d1a7e50ed8bce2f3fa23c539d2250b68227c2d7	EMPTY	EMPTY	RISK-04-MATERIALIZE-001
c344c083a5e99b6732c9ab519017c81644168348cdfa23c7fde349485665c8bd	2bd4c139-4f81-4daf-8d1f-850bf02a81c2	PROCESS	567b3bdd26473d2aae0c8a6f35251397f2c7b90f08b1c3c7a83c11d6643eef99	23b14570-1e3d-4ce6-8e2e-55d4958d772b	가공목재조립식구조목공사	가공목재조립식구조목공사	PROMOTED_FROM_SOURCE	DRAFT	RISK-04-APPROVE-001	62c2c50e3c0becbe23a686735d1a7e50ed8bce2f3fa23c539d2250b68227c2d7	EMPTY	EMPTY	RISK-04-MATERIALIZE-001
c3582e8533c5d9748127737b0972cd56e90ec05458a3309730e65348f10c82e8	61f4586b-bca5-4a79-b53f-336be94ef633	PROCESS	c878122f7b0f7f4bda4517c25c843fce79a340822c88f3421ae25b2b27845f46	ab9dfe81-ff57-4662-889d-58ca0c739475	발수제바르기	발수제바르기	PROMOTED_FROM_SOURCE	DRAFT	RISK-04-APPROVE-001	62c2c50e3c0becbe23a686735d1a7e50ed8bce2f3fa23c539d2250b68227c2d7	EMPTY	EMPTY	RISK-04-MATERIALIZE-001
c3782a42aec31a08f6c46c1e238c96eac185b6f01fffd798d5020f3762a78f16	1ba06e66-85e5-4bdc-b93f-17b54e910fba	TASK	744e95bb6e4a96594b2a7ad300501609c2e73264f98d8b4d92b4726208bb59cd	c3fc6f08-b063-4c2c-88d3-f2242493e17e	분할측량	분할측량	PROMOTED_FROM_SOURCE	DRAFT	RISK-04-APPROVE-001	62c2c50e3c0becbe23a686735d1a7e50ed8bce2f3fa23c539d2250b68227c2d7	EMPTY	EMPTY	RISK-04-MATERIALIZE-001
c392f17c82510d2ddb2e28ac1a169e548f65ba5462cf30dbc4cf31dc3ab111ff	a7106b20-76ca-427f-aa45-2f0b1d417f15	TASK	0707456a5c306be3d67234d29e08107639ee0b50f5a561190a450f493338c615	ed0b5c8b-42a0-460d-bfe4-188a13265758	표토제거	표토제거	PROMOTED_FROM_SOURCE	DRAFT	RISK-04-APPROVE-001	62c2c50e3c0becbe23a686735d1a7e50ed8bce2f3fa23c539d2250b68227c2d7	EMPTY	EMPTY	RISK-04-MATERIALIZE-001
c39ad6615f8d542d28bb7be277a7ed9e823bd05c2064419e3287115032903d0d	043f0c06-e43d-4982-8cc3-18517188cd69	PROCESS	49211b2052bbcd7b5bfbcc655622bc55a5e030d18781279df5248769f2649dc0	73869123-c8b9-487e-ba92-1a6bea143b1d	냉온수기설치공사	냉온수기설치공사	MERGED_FROM_REVIEWED_SOURCES	DRAFT	RISK-04-APPROVE-001	62c2c50e3c0becbe23a686735d1a7e50ed8bce2f3fa23c539d2250b68227c2d7	EMPTY	EMPTY	RISK-04-MATERIALIZE-001
c3a4af8250b2ddde9a57933d9f504f0c07253c6585e858fcf0c3c23717a5f079	995ba818-1aac-4a5b-82cf-6e83ee485bbc	TASK	8f21587ec43018940afb947efb86af08c59f4ea101a9360830238770576fe31b	1064868c-41b7-481e-b6c6-b6a0d72c24ca	강교조립및설치	강교조립및설치	PROMOTED_FROM_SOURCE	DRAFT	RISK-04-APPROVE-001	62c2c50e3c0becbe23a686735d1a7e50ed8bce2f3fa23c539d2250b68227c2d7	EMPTY	EMPTY	RISK-04-MATERIALIZE-001
c3d33ed6b40d64522155ffd68cc6ebe8cec89ff844101d06a9fee4640b8a7dd3	a2fd72a7-0838-41dc-ab4a-d3bc0be20f19	TASK	0094e4e7a1f0cbeaa70425941c37f1dd06b42da2328faa8fc78d22d5f7693c2a	888bf357-3ff0-4beb-b338-c4153ab0cadc	일반PC구조부재공장생산	일반PC구조부재공장생산	PROMOTED_FROM_SOURCE	DRAFT	RISK-04-APPROVE-001	62c2c50e3c0becbe23a686735d1a7e50ed8bce2f3fa23c539d2250b68227c2d7	EMPTY	EMPTY	RISK-04-MATERIALIZE-001
c42e0dfcad1a0d9cb026e4ab029682c0eda733663d350eab261cf16b366a0b15	68b95b21-4946-4e1e-b05c-73ab5b69cb67	PROCESS	fd90a2258372539070e5c4d06e5daffb0d65f1d72c4db6f0b2a9cc04d473c76c	0abadfe5-fb32-4079-855b-e59d4de25376	TV공청설비공사	TV공청설비공사	PROMOTED_FROM_SOURCE	DRAFT	RISK-04-APPROVE-001	62c2c50e3c0becbe23a686735d1a7e50ed8bce2f3fa23c539d2250b68227c2d7	EMPTY	EMPTY	RISK-04-MATERIALIZE-001
c4762b0811eb5d44a779a85bbf6c053395ea371a1473c2fe2fd8bae8f97acdbc	002e76e6-1a76-4cb2-a0fe-172a0717a69a	TASK	294be0cddd210ecb366785ba23653eed710ce8bfdaab96fc91880fdbb174b748	df822a06-8422-4944-801d-5d29ada48bb3	기타액체및모르터방수	기타액체및모르터방수	PROMOTED_FROM_SOURCE	DRAFT	RISK-04-APPROVE-001	62c2c50e3c0becbe23a686735d1a7e50ed8bce2f3fa23c539d2250b68227c2d7	EMPTY	EMPTY	RISK-04-MATERIALIZE-001
c48a126442b60fe1ca9b87047b589a1c9ca457cce2a3e4c118ea409857fe9178	ceb698ea-4a98-4f97-badd-03635225312f	PROCESS	eed4ca91d2eebf54fd65616a1883deb0f030b5f1a097cf88488b3cd1e4d121b6	609c86eb-94f6-447c-9805-e0ff032b80f4	전기집진기설비공사	전기집진기설비공사	PROMOTED_FROM_SOURCE	DRAFT	RISK-04-APPROVE-001	62c2c50e3c0becbe23a686735d1a7e50ed8bce2f3fa23c539d2250b68227c2d7	EMPTY	EMPTY	RISK-04-MATERIALIZE-001
c55a6c7af4fc197664135b89dd1f41a295cff264d03f9967804d649e27867e05	d224c847-f301-459a-b00b-552893d73dba	TASK	c39ad6615f8d542d28bb7be277a7ed9e823bd05c2064419e3287115032903d0d	043f0c06-e43d-4982-8cc3-18517188cd69	온수기설치공사	온수기설치공사	PROMOTED_FROM_SOURCE	DRAFT	RISK-04-APPROVE-001	62c2c50e3c0becbe23a686735d1a7e50ed8bce2f3fa23c539d2250b68227c2d7	EMPTY	EMPTY	RISK-04-MATERIALIZE-001
c582770b2e2875480369557c452dd0492caaf3fe84fd84946ba46a9607bda689	ab5e0e53-de8f-4052-96d2-bf54fc74dbe0	PROCESS	acf048a5240dfcfa6c13ef808f343ba91df60c7588b714ad55e193b842d47c36	c21d1a95-094c-4128-9360-17e6be8b6efc	P.P마대가물막이	P.P마대가물막이	PROMOTED_FROM_SOURCE	DRAFT	RISK-04-APPROVE-001	62c2c50e3c0becbe23a686735d1a7e50ed8bce2f3fa23c539d2250b68227c2d7	EMPTY	EMPTY	RISK-04-MATERIALIZE-001
c59d1724914a3d54974ea2bb87922dbf3e48dce6738c2f032299ee0219d592cd	e1b00e0a-75b1-4326-97fe-73cbaeb4056c	PROCESS	9ff4e35cc5e677d6d8dd41c870da81f1059aab60a35df435d424b7e64af7df61	e0ffb761-4531-42a9-bccc-a47102859054	현장틸트-업콘크리트공사	현장틸트-업콘크리트공사	PROMOTED_FROM_SOURCE	DRAFT	RISK-04-APPROVE-001	62c2c50e3c0becbe23a686735d1a7e50ed8bce2f3fa23c539d2250b68227c2d7	EMPTY	EMPTY	RISK-04-MATERIALIZE-001
c5cf78146982f1a49871ccad7cb4bf27ab3178086bff58ad4a67b1969dd48709	80d29e8e-d871-433f-9af3-d06f1bf7e435	TASK	ee6c41f2ed48ba58329afbe31673c97b6af2e326b35b284237ac74bdfe372b81	90903882-5745-43fe-86b4-0342dc0396ca	터널및광산측량	터널및광산측량	PROMOTED_FROM_SOURCE	DRAFT	RISK-04-APPROVE-001	62c2c50e3c0becbe23a686735d1a7e50ed8bce2f3fa23c539d2250b68227c2d7	EMPTY	EMPTY	RISK-04-MATERIALIZE-001
c61167354764433108d4894a046b286fefe602351bec67471ab7d65883fd461b	c856b1e3-861b-461f-9b9b-cbd0540397a3	PROCESS	56d3df21fd0a64158b82a8652376ab6c7bd18c6309db04b5d442b6587afcf395	5bcf0b15-5ee3-4f38-b5e4-d671d7d24197	전기 통신시험 시운전공사	전기 통신시험 시운전공사	PROMOTED_FROM_SOURCE	DRAFT	RISK-04-APPROVE-001	62c2c50e3c0becbe23a686735d1a7e50ed8bce2f3fa23c539d2250b68227c2d7	EMPTY	EMPTY	RISK-04-MATERIALIZE-001
c631c5c132a4fe6aea6a4086c35ae1025fb8589f7cb095d77bd3a58a372fec8f	06aae30f-a833-4e7a-a81d-2b62cbbcbe53	PROCESS	54ee11f0f90aca0d4c8c52a6baa3cf19b78610c21edf272b68390f7468c2747b	129ad2c3-e7b7-43f4-abb5-cda5f2be067a	살수설비주기기설비공사	살수설비주기기설비공사	PROMOTED_FROM_SOURCE	DRAFT	RISK-04-APPROVE-001	62c2c50e3c0becbe23a686735d1a7e50ed8bce2f3fa23c539d2250b68227c2d7	EMPTY	EMPTY	RISK-04-MATERIALIZE-001
c675c9bcdb560a9590c4ea86455344c7913801cdd442a444657c44b3c518e331	3fadfad9-ef31-4d5b-bfcc-f484557bda71	PROCESS	5bc3acd70ef94be1828618eb4eee664445fda4b87144a9b0b917ff2c6a19b740	c4f888a2-ea91-4ccf-a236-9e3bb687f0db	철도전기설비공사	철도전기설비공사	PROMOTED_FROM_SOURCE	DRAFT	RISK-04-APPROVE-001	62c2c50e3c0becbe23a686735d1a7e50ed8bce2f3fa23c539d2250b68227c2d7	EMPTY	EMPTY	RISK-04-MATERIALIZE-001
c6e1721b325f212c346209510cdba89a83dfc7717fb82f4224711538d1e41ec6	b7984497-d014-471e-ac82-42f5de141088	TASK	2c053ba6bcd16340ee74523df3f5a058c6c544a1aa2b2e26ffd1cb873ab68540	3213c0e7-55e9-421b-91b7-740057165b8b	인조잔디깔기	인조잔디깔기	PROMOTED_FROM_SOURCE	DRAFT	RISK-04-APPROVE-001	62c2c50e3c0becbe23a686735d1a7e50ed8bce2f3fa23c539d2250b68227c2d7	EMPTY	EMPTY	RISK-04-MATERIALIZE-001
c7ce0d7dc0469b56d46e2df7909c43dd05d7da9f9ace95ea1c7323b58dc8ff15	bad89edc-67cb-435e-82ff-34fc7726ad61	TASK	b266a326ad7e5eba11caadfe51d101ee205be6a4e31ad787d39ada491eb41c00	03597104-73d5-4f11-bee7-2c3162f7270c	합성수지타일내벽붙이기	합성수지타일내벽붙이기	PROMOTED_FROM_SOURCE	DRAFT	RISK-04-APPROVE-001	62c2c50e3c0becbe23a686735d1a7e50ed8bce2f3fa23c539d2250b68227c2d7	EMPTY	EMPTY	RISK-04-MATERIALIZE-001
c7da1487801e1575ef950cc34ab437bdc22e8c98afabfd13808e04e57078ba03	d41ec162-affe-467f-8d3c-1ab73a6d30a9	PROCESS	c61167354764433108d4894a046b286fefe602351bec67471ab7d65883fd461b	c856b1e3-861b-461f-9b9b-cbd0540397a3	전기설비시험 시운전공사	전기설비시험 시운전공사	PROMOTED_FROM_SOURCE	DRAFT	RISK-04-APPROVE-001	62c2c50e3c0becbe23a686735d1a7e50ed8bce2f3fa23c539d2250b68227c2d7	EMPTY	EMPTY	RISK-04-MATERIALIZE-001
c7f1f2cc78c4ae135dee0f12e4f7c7a93419f07e4924b72dc0cae7eb78ba51fe	6b2fd118-f45c-4ef3-8c3a-56769a54d6e1	PROCESS	daa906954562f1c33f219f508267ad546d282a7241c4251257bb6c8be54c0b5d	1f3fad6f-505e-4c8a-8924-44f68b3a0652	암석 암반시험	암석 암반시험	PROMOTED_FROM_SOURCE	DRAFT	RISK-04-APPROVE-001	62c2c50e3c0becbe23a686735d1a7e50ed8bce2f3fa23c539d2250b68227c2d7	EMPTY	EMPTY	RISK-04-MATERIALIZE-001
c8211f30d4ad5e254327fd944131a603e615d5f97b6205b15bcff3f719bae7ab	498d7f11-76c7-41fb-9bf2-9b6a84d4b42f	PROCESS	2939170808ebb6a308fbe155abc1965bc0671106260b8a9289cd5d7a2e2f189b	14d55c47-2cba-46e1-96bc-4c3441858ad7	기타보온공사	기타보온공사	PROMOTED_FROM_SOURCE	DRAFT	RISK-04-APPROVE-001	62c2c50e3c0becbe23a686735d1a7e50ed8bce2f3fa23c539d2250b68227c2d7	EMPTY	EMPTY	RISK-04-MATERIALIZE-001
c835908848e6e590471a20e89063e96542f4fce2d333e52ed84e07f432770dd7	8dcf70b3-7e33-43a1-9fc2-245037f62970	PROCESS	1f1041e6925f663ff5ec5202db7516c78dbb0b31cd24106bd53426ea70b6753a	abef3abd-2b30-455a-87bc-1e2b9c875aa7	메탈스터드시스템(금속벽틀)설치	메탈스터드시스템(금속벽틀)설치	PROMOTED_FROM_SOURCE	DRAFT	RISK-04-APPROVE-001	62c2c50e3c0becbe23a686735d1a7e50ed8bce2f3fa23c539d2250b68227c2d7	EMPTY	EMPTY	RISK-04-MATERIALIZE-001
c878122f7b0f7f4bda4517c25c843fce79a340822c88f3421ae25b2b27845f46	ab9dfe81-ff57-4662-889d-58ca0c739475	PROCESS	EMPTY	EMPTY	방수공사	방수공사	PROMOTED_FROM_SOURCE	DRAFT	RISK-04-APPROVE-001	62c2c50e3c0becbe23a686735d1a7e50ed8bce2f3fa23c539d2250b68227c2d7	EMPTY	EMPTY	RISK-04-MATERIALIZE-001
c9418402ee3fcb767ba1c99a753b74dbd7725ca3b9fbebb0d01bd0b73c0a2ed7	a855af99-07cd-4863-9db3-a6c41b72d075	PROCESS	33f1ddfc015d1a5a3173d5aa56062b9af98458c2e93edc02b239d897ef4ba8d7	07309343-35ef-4208-86db-a8bac28a8b72	블록조적공사	블록조적공사	PROMOTED_FROM_SOURCE	DRAFT	RISK-04-APPROVE-001	62c2c50e3c0becbe23a686735d1a7e50ed8bce2f3fa23c539d2250b68227c2d7	EMPTY	EMPTY	RISK-04-MATERIALIZE-001
c950ed149acae4c6f39740e24afd6ba59d022f1893b66a176b9d04f5744119e1	a8c1bbe0-b76b-4f6f-9b24-b05a0a5b494a	TASK	0e93c5d551eb1eb656c4d219e2f5cbdde7a611f4d1f8cfd8d35caf54bb82840b	d29022bc-5dd6-4a51-9dc6-8744789240bd	벽체금속마감	벽체금속마감	PROMOTED_FROM_SOURCE	DRAFT	RISK-04-APPROVE-001	62c2c50e3c0becbe23a686735d1a7e50ed8bce2f3fa23c539d2250b68227c2d7	EMPTY	EMPTY	RISK-04-MATERIALIZE-001
c95181b2942b52f154aa5b7fe4b0b56efe21caa2eebd9b8aafbd756a45bf0f03	73c33622-466c-471f-acda-cf6b9ee5af6b	PROCESS	6b6b479c3f4495081e9d94b608880b8017b3f6dd47a7478bb4afb14bff9a2516	b7b2bc21-e66c-4520-951f-745ccad00527	문서이송보조설비공사	문서이송보조설비공사	PROMOTED_FROM_SOURCE	DRAFT	RISK-04-APPROVE-001	62c2c50e3c0becbe23a686735d1a7e50ed8bce2f3fa23c539d2250b68227c2d7	EMPTY	EMPTY	RISK-04-MATERIALIZE-001
c96ac36c304825c29ee231af7f514ce0ac096e0522815892526a63eb98631e39	882a596c-78dd-4079-ab2c-bad634e529c4	PROCESS	EMPTY	EMPTY	공사계획	공사계획	PROMOTED_FROM_SOURCE	DRAFT	RISK-04-APPROVE-001	62c2c50e3c0becbe23a686735d1a7e50ed8bce2f3fa23c539d2250b68227c2d7	EMPTY	EMPTY	RISK-04-MATERIALIZE-001
c9799e2ea296b0f8b9ee2390e7b49016b7185e8afc2b38a9e707b2f4190d597c	fa05d30d-5c15-449e-9159-4d8e6dd4242e	PROCESS	b010f76c574f6761abb7e73d610ed737629be5b00dffea26cbddac07135e7587	6a52b996-2bc6-43cd-9f29-02cab6f1700c	통신품질시험	통신품질시험	PROMOTED_FROM_SOURCE	DRAFT	RISK-04-APPROVE-001	62c2c50e3c0becbe23a686735d1a7e50ed8bce2f3fa23c539d2250b68227c2d7	EMPTY	EMPTY	RISK-04-MATERIALIZE-001
c9c24e10dd9da5cc97f2759cb026e93a4fcdf6d9824dc3d76e9769c3ecf10552	911b5ce9-e3ee-4d09-b661-dda9e08b1554	PROCESS	07d7c21945459092bbedab343d46779dae0e304fd054608896eace638286e5fd	38cf8fe5-03e8-4909-bc6b-f1b6e1c21b4a	보안전기설비공사	보안전기설비공사	PROMOTED_FROM_SOURCE	DRAFT	RISK-04-APPROVE-001	62c2c50e3c0becbe23a686735d1a7e50ed8bce2f3fa23c539d2250b68227c2d7	EMPTY	EMPTY	RISK-04-MATERIALIZE-001
c9c4521ff455e82e19593d46c554660ca8f03502e3b5ea8541cdc8577aac8b26	70e91fe0-a738-48cf-af90-0d2ffe293e44	PROCESS	8e427c41a499859f488d13811e80764344c40611ad01a97d0b1eda8ed5b998a7	ed21dcbb-1042-4d62-831e-79a85944b611	조력발전시설설비공사	조력발전시설설비공사	PROMOTED_FROM_SOURCE	DRAFT	RISK-04-APPROVE-001	62c2c50e3c0becbe23a686735d1a7e50ed8bce2f3fa23c539d2250b68227c2d7	EMPTY	EMPTY	RISK-04-MATERIALIZE-001
c9c82aa3be8b44433c0e8c2b6b2029641b83ffbcc6cd5d1819d9cde749c7cb74	5227a116-af13-419c-a618-89d084694406	TASK	aaec78d5502f2db4c028c040ca27b613454195907c0e2b949fbd0b2ab181d5f3	277e2963-cbe3-4e70-a6cb-6383c37b6767	경하중포장보수	경하중포장보수	PROMOTED_FROM_SOURCE	DRAFT	RISK-04-APPROVE-001	62c2c50e3c0becbe23a686735d1a7e50ed8bce2f3fa23c539d2250b68227c2d7	EMPTY	EMPTY	RISK-04-MATERIALIZE-001
ca55317c06ce553d789677f42d5546ba12c11875cd703dcf95a198b849b97a09	ac6f8edf-db7a-4b43-8111-cf08693e635f	TASK	3d48573e1d316e06b26b513b3d1b0f6ce573017dffb0fd382f18aa346ee5e727	69f8d873-5093-4204-9150-57d65de28751	뿜칠형벽체단열	뿜칠형벽체단열	PROMOTED_FROM_SOURCE	DRAFT	RISK-04-APPROVE-001	62c2c50e3c0becbe23a686735d1a7e50ed8bce2f3fa23c539d2250b68227c2d7	EMPTY	EMPTY	RISK-04-MATERIALIZE-001
cb142b6da079d1a3769d2c93db8a4f00f3eaf3f87f940f7212fe5312604d74bf	18ec1247-04e1-445e-849a-0910f448c6be	PROCESS	fce048a6ba4d60e4520ac1f54189361e1b473e1bab9f15c88000e42fa44abe0c	7883246b-2742-4708-9868-5b5be29afbe5	건축관리시험(토공 기초 구조체)	건축관리시험(토공 기초 구조체)	PROMOTED_FROM_SOURCE	DRAFT	RISK-04-APPROVE-001	62c2c50e3c0becbe23a686735d1a7e50ed8bce2f3fa23c539d2250b68227c2d7	EMPTY	EMPTY	RISK-04-MATERIALIZE-001
cb57b7cc00b32ad8a7e6891a9cc6fae03c825f0e513d7f8b6fbfd5c059c894c2	4491bee1-cdba-4618-bb57-8db92fa0bad5	TASK	daca4d1a841eb6dc9c1b6685742ee5e1235381037547a32d2f32d4de8140102b	b5bc9eb5-87b3-40b3-a882-ecb2aed5d9ba	너와지붕잇기	너와지붕잇기	PROMOTED_FROM_SOURCE	DRAFT	RISK-04-APPROVE-001	62c2c50e3c0becbe23a686735d1a7e50ed8bce2f3fa23c539d2250b68227c2d7	EMPTY	EMPTY	RISK-04-MATERIALIZE-001
cb81d3e00ea3cbce6ea5d0f6e0f85887305661ffa3a7415151a9dd1589066094	3bc516e9-76ac-435e-9d73-6741ce126958	PROCESS	9064599e4c516b9459a0dde55a7cd5c7ca9acff7a534ff825f9a435ccca26d89	703804cc-8ce0-4eb2-95f0-62f7121dce30	산업설비공통시설유지정비공사	산업설비공통시설유지정비공사	PROMOTED_FROM_SOURCE	DRAFT	RISK-04-APPROVE-001	62c2c50e3c0becbe23a686735d1a7e50ed8bce2f3fa23c539d2250b68227c2d7	EMPTY	EMPTY	RISK-04-MATERIALIZE-001
cb9b113ada8c9f1f8f49bc31d3e53dfb7479362985e327894c5c0c18d04111bb	2981d229-7f15-4cc6-87e8-7b65fb418dae	TASK	43b1a189bbf02fb3ce567f440980c23d9a28a5fb5594f4f5a703ac6331f5fdfe	03e39a42-dde8-46e5-801a-859b93fed859	유희시설물설치	유희시설물설치	PROMOTED_FROM_SOURCE	DRAFT	RISK-04-APPROVE-001	62c2c50e3c0becbe23a686735d1a7e50ed8bce2f3fa23c539d2250b68227c2d7	EMPTY	EMPTY	RISK-04-MATERIALIZE-001
cba5aa7d079256748882b44303797ec104ab20f2e5e1b0769e6970b42e7165cb	18ccd6e4-bcbe-4180-853e-ff87b990abdc	PROCESS	2f3b01e8d351eb48adb6117e951ecfeeaf03c78bd08c61a35b5df23bc3600dd4	425b84b0-62dd-4f3e-b2e7-09edf62b8698	위생기구류공사	위생기구류공사	MERGED_FROM_REVIEWED_SOURCES	DRAFT	RISK-04-APPROVE-001	62c2c50e3c0becbe23a686735d1a7e50ed8bce2f3fa23c539d2250b68227c2d7	EMPTY	EMPTY	RISK-04-MATERIALIZE-001
cbfa3287cea7c3729ffdb896eef942d3e0b8d7e8ee5b5aff97e196f62c298642	d3056f05-e8b8-482a-89af-52d9588891a6	TASK	206d7fdddef45b9e8a97e6f58bafdc77e5add659193f4b081bef7d0c119bef49	c31d427e-edb6-4d28-a9ae-ff5afd266a20	석회암조적	석회암조적	PROMOTED_FROM_SOURCE	DRAFT	RISK-04-APPROVE-001	62c2c50e3c0becbe23a686735d1a7e50ed8bce2f3fa23c539d2250b68227c2d7	EMPTY	EMPTY	RISK-04-MATERIALIZE-001
cc03b5f255e4c76a4d9018d5b36c052591b7677fe406b8c343fb8873feb99bf7	0b5224ee-1c0d-41eb-8367-a80e2762d7bf	PROCESS	f9cf17b2b2f5c6b7d8fe1ffb539484309590b0c9d771213a593bf60e8c1b046d	1b96d7bd-0fa0-4ae4-8c4e-9c24b0b90b24	기타부위석재붙이기	기타부위석재붙이기	PROMOTED_FROM_SOURCE	DRAFT	RISK-04-APPROVE-001	62c2c50e3c0becbe23a686735d1a7e50ed8bce2f3fa23c539d2250b68227c2d7	EMPTY	EMPTY	RISK-04-MATERIALIZE-001
cc38efdcb70d8a894aa5471bb3ddfc5460c39d6087767e834b38a03d20e906a4	52d972be-250e-4f78-9374-3a72e6d64c3c	PROCESS	e04b0bdea193e90dc8375f29fe1455c07217b68da111c911ed87de115fb32aa4	8b9af581-a78c-455f-af5c-77f3941d02e9	차량용엘리베이터설비공사	차량용엘리베이터설비공사	PROMOTED_FROM_SOURCE	DRAFT	RISK-04-APPROVE-001	62c2c50e3c0becbe23a686735d1a7e50ed8bce2f3fa23c539d2250b68227c2d7	EMPTY	EMPTY	RISK-04-MATERIALIZE-001
cc4f9149b9012a504e16296fb05e7bbc1a0f915cea2afee136e7f695810da2c5	05954d38-bef7-419b-87b7-ab18d9a4f1e0	TASK	663731e91305b8886f5920d0f41659f79dea06180109346b38779bf90058409e	1850eed5-cd9e-4d3e-9bc3-d99c95102c33	자기질타일바닥붙이기	자기질타일바닥붙이기	PROMOTED_FROM_SOURCE	DRAFT	RISK-04-APPROVE-001	62c2c50e3c0becbe23a686735d1a7e50ed8bce2f3fa23c539d2250b68227c2d7	EMPTY	EMPTY	RISK-04-MATERIALIZE-001
ccddfaaf92e40d4865f46db3e89f447c8859774867b15f58f3a2e029e488b40f	6fa0e036-8f32-40e2-8c71-2c6b0c8fa03b	TASK	eb0b1e8ac0c91157de26d21c83934d188ce64972b62ad553afa0b9570dc1d2b2	1e5f7b07-f903-43d9-9d58-ef1bd51290a5	상수도배관내장애물제거	상수도배관내장애물제거	PROMOTED_FROM_SOURCE	DRAFT	RISK-04-APPROVE-001	62c2c50e3c0becbe23a686735d1a7e50ed8bce2f3fa23c539d2250b68227c2d7	EMPTY	EMPTY	RISK-04-MATERIALIZE-001
cd89aeefdc6c098061130e1078035c7ca73df57c92e44e8f80a241ba6592a94b	99b54531-e7ea-49b8-a933-a716f7611445	TASK	3e480e6d1bd58bafcf3e792750f017666225871117ca38e32831b78babe7ed21	4c6e576f-378d-4fa6-86e0-9c616abd1216	탈질설비덕트류설치공사	탈질설비덕트류설치공사	PROMOTED_FROM_SOURCE	DRAFT	RISK-04-APPROVE-001	62c2c50e3c0becbe23a686735d1a7e50ed8bce2f3fa23c539d2250b68227c2d7	EMPTY	EMPTY	RISK-04-MATERIALIZE-001
cdbbcf14d7a38ef60efde7e167b613c9a07cee070d9c26c5a17b10995a043e19	2c461a8a-fd83-4a04-95dc-07c691fb131a	TASK	d99cfbb806dd45e4a954f8a6bd14b7c83edd14232ccc2b3cc7937486349cbcaf	8c908499-6b1c-4e72-b21a-4820cbc13213	현장포말천정단열	현장포말천정단열	PROMOTED_FROM_SOURCE	DRAFT	RISK-04-APPROVE-001	62c2c50e3c0becbe23a686735d1a7e50ed8bce2f3fa23c539d2250b68227c2d7	EMPTY	EMPTY	RISK-04-MATERIALIZE-001
ce094cd40f6849dea02980450272409b515b65ee4b88edc5cd24ce6d64d51fd7	1552b89f-ac23-4b08-a7a8-904407cdb5fe	TASK	a492a0fe0bcc1fa46324941086217984ce0e3a41d318bcddae69d13bff90d910	fae1b190-575a-4e5f-add0-051c335c433b	자기질기와잇기	자기질기와잇기	PROMOTED_FROM_SOURCE	DRAFT	RISK-04-APPROVE-001	62c2c50e3c0becbe23a686735d1a7e50ed8bce2f3fa23c539d2250b68227c2d7	EMPTY	EMPTY	RISK-04-MATERIALIZE-001
ced48d488628f00c2f0a9326c4242c257146d8a4aec6a654dab5dcce5e138b9d	8146b898-c187-4508-8c3b-f9550ed5f373	PROCESS	99251365e33a7c848579e36872b53d3589f622c7b93763ea82b9ba6c18867317	fabd4b6c-e97f-4f74-b62c-53c51224393a	터널주행부콘크리트포장	터널주행부콘크리트포장	PROMOTED_FROM_SOURCE	DRAFT	RISK-04-APPROVE-001	62c2c50e3c0becbe23a686735d1a7e50ed8bce2f3fa23c539d2250b68227c2d7	EMPTY	EMPTY	RISK-04-MATERIALIZE-001
cf1ecf5c2d7cb6f58c0d55291d4f55089f496affdb0ef538b0addb2641c4e15f	c23d53b4-6e43-4cb4-b165-532318204bda	PROCESS	094c2a06438b38402ce06ad7013f0d454002110bdbcbf8e2401b3ec4dc941191	218a19dd-a075-456a-8c08-cc1df02d3d95	살균설비공사	살균설비공사	PROMOTED_FROM_SOURCE	DRAFT	RISK-04-APPROVE-001	62c2c50e3c0becbe23a686735d1a7e50ed8bce2f3fa23c539d2250b68227c2d7	EMPTY	EMPTY	RISK-04-MATERIALIZE-001
cf2c9a0f9b8acc3da94b43d1099f39b7cee4fcf8d0bfbe648a377d0caf244a5b	91c5e9af-7673-4572-84b4-2078f821d4e7	PROCESS	fd90a2258372539070e5c4d06e5daffb0d65f1d72c4db6f0b2a9cc04d473c76c	0abadfe5-fb32-4079-855b-e59d4de25376	라디오공청설비공사	라디오공청설비공사	PROMOTED_FROM_SOURCE	DRAFT	RISK-04-APPROVE-001	62c2c50e3c0becbe23a686735d1a7e50ed8bce2f3fa23c539d2250b68227c2d7	EMPTY	EMPTY	RISK-04-MATERIALIZE-001
cf6602706da46ce6239cc2d28d0257bf2ea62aa092f0326b2e1409ff8b23e502	c890a1d8-4ae0-449f-869d-61638141e869	PROCESS	8da91d7b42ed495727ee36b4fb2f04b0716b798136eebc272c12941d475071bc	492e4ba6-4b48-4745-8cd8-10546d3ceb57	확성설비공사	확성설비공사	PROMOTED_FROM_SOURCE	DRAFT	RISK-04-APPROVE-001	62c2c50e3c0becbe23a686735d1a7e50ed8bce2f3fa23c539d2250b68227c2d7	EMPTY	EMPTY	RISK-04-MATERIALIZE-001
cfa0e6b529a757c6df4dc19d9b04d8c97b2d3df168b47da9297db01a960d332b	695a2d4d-8ce2-4516-bd0b-0656bfd5a0b4	PROCESS	284c5f417d61f4d0f2079adaf11077b2db1dfec5af1fc7ca206d6d46748e0037	1d0bd5eb-b7c8-4bed-9ada-c52ccf609496	미장준비공사	미장준비공사	PROMOTED_FROM_SOURCE	DRAFT	RISK-04-APPROVE-001	62c2c50e3c0becbe23a686735d1a7e50ed8bce2f3fa23c539d2250b68227c2d7	EMPTY	EMPTY	RISK-04-MATERIALIZE-001
cfb52d9ba0bc0f700de3985ceb83668d2509a94cb1154969ad48a8bea3e97ed8	ed593b2a-6e8d-4777-b869-fd28bc3b575d	PROCESS	4d9e8f9fa87bd378789d8cf760fcc530d324b31228a4807c8d19549ba282a0af	365b740b-5b5b-429a-8e6e-d02c53977eda	수영장및분수공사	수영장및분수공사	PROMOTED_FROM_SOURCE	DRAFT	RISK-04-APPROVE-001	62c2c50e3c0becbe23a686735d1a7e50ed8bce2f3fa23c539d2250b68227c2d7	EMPTY	EMPTY	RISK-04-MATERIALIZE-001
cfba5073ae85c3893b18caa7ea198fc192507e0f8b6e4628cc32f1206b765d64	89cc64a7-aab9-473f-a6a1-b9ce157c51de	TASK	6eca78379c93853863766d02655b1003ca45241d359ae85d92aad4c0ba2d84aa	6f2f4427-709e-41a5-a43f-2b7cc6d6216b	궤도교정및시험	궤도교정및시험	PROMOTED_FROM_SOURCE	DRAFT	RISK-04-APPROVE-001	62c2c50e3c0becbe23a686735d1a7e50ed8bce2f3fa23c539d2250b68227c2d7	EMPTY	EMPTY	RISK-04-MATERIALIZE-001
cfc210d4f9cffc865aece6b2dc5d3b066d5510af566f98a8f35fc611d1ecf52d	9e4a3ce7-2871-4c97-b27d-345f182df467	PROCESS	9d08608a7869c37de6430fd6bc8d4ab616d9d7366068bf91c791a920227e9601	1f700e5b-1bbf-45ba-bfe4-ccbcbfc736ae	도로안전시설공사	도로안전시설공사	PROMOTED_FROM_SOURCE	DRAFT	RISK-04-APPROVE-001	62c2c50e3c0becbe23a686735d1a7e50ed8bce2f3fa23c539d2250b68227c2d7	EMPTY	EMPTY	RISK-04-MATERIALIZE-001
d0c7a13ab9d6e2709094682f5ac313eb15eb6ffb6a2d54579a78357a816c9293	ad03eeda-8fe0-438c-9ba8-48282f69060c	TASK	5de714bb17d80b291c3d7e7d3da321d729f8771914677c30ae25f4e14aa01e91	525fab4f-8a50-492c-851c-f6f5a15be109	석재타일밑면붙이기	석재타일밑면붙이기	PROMOTED_FROM_SOURCE	DRAFT	RISK-04-APPROVE-001	62c2c50e3c0becbe23a686735d1a7e50ed8bce2f3fa23c539d2250b68227c2d7	EMPTY	EMPTY	RISK-04-MATERIALIZE-001
d110c6d24097172be89c4e887ee3135c7dd2ef8fccdbfd37882784acb99f71d3	e7bbec43-9986-4945-9774-180b40d3d365	TASK	8afc78b94512791a17f40d495868bafe70cc4b867c0e77a3e4269f22152f36ac	67981795-50b9-457d-999b-90e1c4bcbc43	혼합골재되메우기	혼합골재되메우기	PROMOTED_FROM_SOURCE	DRAFT	RISK-04-APPROVE-001	62c2c50e3c0becbe23a686735d1a7e50ed8bce2f3fa23c539d2250b68227c2d7	EMPTY	EMPTY	RISK-04-MATERIALIZE-001
d1a644bf206f36fbba36773f652f7da71e0611ac4f98b5fe7884bda680ddfea4	29e47a59-0b47-4d91-ae68-af1fc7ed9fdb	PROCESS	4550c015794f93c550fc4a407b3d0537ebd3fde8130246cd5dfb9e0da0674984	2014a58c-18ab-4f55-beb4-1884d9261052	LNG및원유저장공사	LNG및원유저장공사	PROMOTED_FROM_SOURCE	DRAFT	RISK-04-APPROVE-001	62c2c50e3c0becbe23a686735d1a7e50ed8bce2f3fa23c539d2250b68227c2d7	EMPTY	EMPTY	RISK-04-MATERIALIZE-001
d2134479e9678fb0deb39a289d38cd9478423b1377336931ab6e1f1fca9d9a92	0e3987c5-2272-4d01-a961-025c0a4bd863	TASK	4813cf1b2638756cfc45513b10dd2cb87c0c8de7d9084742aa967a9b48ac9c10	556d6799-5eb8-4626-8991-83953a8056ac	관목이식공사	관목이식공사	PROMOTED_FROM_SOURCE	DRAFT	RISK-04-APPROVE-001	62c2c50e3c0becbe23a686735d1a7e50ed8bce2f3fa23c539d2250b68227c2d7	EMPTY	EMPTY	RISK-04-MATERIALIZE-001
d247d23d1ed4e328c2447c090f6004c4d9eae4f00fa0467f4a36103620df8729	742c2cb1-a9d4-4ac8-a301-af0cba9f59d6	PROCESS	f9cf17b2b2f5c6b7d8fe1ffb539484309590b0c9d771213a593bf60e8c1b046d	1b96d7bd-0fa0-4ae4-8c4e-9c24b0b90b24	석재계단붙이기	석재계단붙이기	PROMOTED_FROM_SOURCE	DRAFT	RISK-04-APPROVE-001	62c2c50e3c0becbe23a686735d1a7e50ed8bce2f3fa23c539d2250b68227c2d7	EMPTY	EMPTY	RISK-04-MATERIALIZE-001
d269e394152ef8d84bbdecf3fba86926d0eacdc79a0dee36c0525c762c912973	a242b595-4cfe-4cec-b437-4d996752d19d	TASK	6eca78379c93853863766d02655b1003ca45241d359ae85d92aad4c0ba2d84aa	6f2f4427-709e-41a5-a43f-2b7cc6d6216b	분기부궤도부설	분기부궤도부설	PROMOTED_FROM_SOURCE	DRAFT	RISK-04-APPROVE-001	62c2c50e3c0becbe23a686735d1a7e50ed8bce2f3fa23c539d2250b68227c2d7	EMPTY	EMPTY	RISK-04-MATERIALIZE-001
d28a689e7ab20ae185df265bbc0f70e0a53b3af05ec6df9f0ff97da68808de0b	97fe7699-d8b4-4b6b-8416-ee7dd366574c	TASK	70f8baf73081c23c630d509a315dfad2d6f5e9aeeab0228f0cc1a0cce1e9f827	54ecd392-a22a-4337-8852-a7e2ffc110c0	기초지지보설치	기초지지보설치	PROMOTED_FROM_SOURCE	DRAFT	RISK-04-APPROVE-001	62c2c50e3c0becbe23a686735d1a7e50ed8bce2f3fa23c539d2250b68227c2d7	EMPTY	EMPTY	RISK-04-MATERIALIZE-001
d28c045a9338660ab84ceaeee6a3e1dda86dd49a33133129bb062dc2d46680b1	9d9bafff-1019-48f3-b2bb-cd5e9bfca11f	PROCESS	a1fa7e1fbe536f1c9ab6d4ec21c23d7de63646b1fcb6fef70a8f387763e99bc9	a74700b2-31e4-44f9-bb53-1ab477738d29	발전설비관련공사	발전설비관련공사	PROMOTED_FROM_SOURCE	DRAFT	RISK-04-APPROVE-001	62c2c50e3c0becbe23a686735d1a7e50ed8bce2f3fa23c539d2250b68227c2d7	EMPTY	EMPTY	RISK-04-MATERIALIZE-001
d2aff13cc809c3a8b5bd5bf3910ec699b28e1657eb58dae20696c0a9c0238e96	69417f4b-f30d-47d4-9a4a-9ac8e2820e30	TASK	70f8baf73081c23c630d509a315dfad2d6f5e9aeeab0228f0cc1a0cce1e9f827	54ecd392-a22a-4337-8852-a7e2ffc110c0	기초올리기	기초올리기	PROMOTED_FROM_SOURCE	DRAFT	RISK-04-APPROVE-001	62c2c50e3c0becbe23a686735d1a7e50ed8bce2f3fa23c539d2250b68227c2d7	EMPTY	EMPTY	RISK-04-MATERIALIZE-001
d2e4d0a59bdfeb6404808078c276f18e79565e7cdeaf239308f44c9b1766dc45	115c9ef5-5872-4fa1-97c8-8c829e28e1fb	TASK	9d1d7e3cf333b05c23ed838742a05d0d01c6bc294913a89e1f2bb1ad7a31babe	7b1c268e-1120-45b8-bcd5-0716c1f785a1	아스팔트계방습	아스팔트계방습	PROMOTED_FROM_SOURCE	DRAFT	RISK-04-APPROVE-001	62c2c50e3c0becbe23a686735d1a7e50ed8bce2f3fa23c539d2250b68227c2d7	EMPTY	EMPTY	RISK-04-MATERIALIZE-001
d30613c4e13abb5c6c6054ac667e96f3ee9aeb8e99b8f2cf4aa4caadd36d0988	ba7d7396-10c8-4554-a478-11dd49108243	PROCESS	87fc9dee856fdc0de823757c6910a98d1e79e1ba25099a9d15d9bba3bb100f43	0d6c860c-c5c9-4371-91f2-feca7721063c	홈통공사및지붕부속공사	홈통공사및지붕부속공사	PROMOTED_FROM_SOURCE	DRAFT	RISK-04-APPROVE-001	62c2c50e3c0becbe23a686735d1a7e50ed8bce2f3fa23c539d2250b68227c2d7	EMPTY	EMPTY	RISK-04-MATERIALIZE-001
d332c618dd4658d13fbc7b41b96deafa49e8fc97b662ba54324f758f3d1b4bf3	9cf5956f-642a-450b-bd8d-43033204f8c5	TASK	da5a624c501a2655039fba24eaaf4598e3c28c9642b2e2bc8b23d69a8361f5b1	a285976c-d91c-435f-be2b-717d72e6d83f	PVC관제거	PVC관제거	PROMOTED_FROM_SOURCE	DRAFT	RISK-04-APPROVE-001	62c2c50e3c0becbe23a686735d1a7e50ed8bce2f3fa23c539d2250b68227c2d7	EMPTY	EMPTY	RISK-04-MATERIALIZE-001
d4313699d1a739af3f46fdd04c696fd8c585d30266c15e10039d7bda3030635e	7dda85c2-2670-4427-b53c-0215a9a4fa14	TASK	255d60e7fb7f5be1ec9308980924ecdd73790d9874ec07b53dad5a969b7e8129	ee7cba05-c783-4381-821a-bcb3d17c1c87	석축및옹벽철거	석축및옹벽철거	PROMOTED_FROM_SOURCE	DRAFT	RISK-04-APPROVE-001	62c2c50e3c0becbe23a686735d1a7e50ed8bce2f3fa23c539d2250b68227c2d7	EMPTY	EMPTY	RISK-04-MATERIALIZE-001
d46d12baaf833aa4d804ee35aa1bd5ec740b821479064e39f2ee518fece80639	8a44ad5c-8215-4fdc-8693-5120e1cc2983	TASK	744061e7626adb46fab501aaaf3b3731bb7ae3ec1ac10fd12ea0cc6e0dfde5b7	df4016d2-ef88-480b-8c28-32f0585f8346	해상토석제거	해상토석제거	PROMOTED_FROM_SOURCE	DRAFT	RISK-04-APPROVE-001	62c2c50e3c0becbe23a686735d1a7e50ed8bce2f3fa23c539d2250b68227c2d7	EMPTY	EMPTY	RISK-04-MATERIALIZE-001
d55f02d74724bc40cb48d3667d99923f7581a1cdf272e7f2b1d3a46cf02da3a7	93b31a0b-6b50-4935-b40a-4e02877aaa05	TASK	869d9f89089f464d0e892d12e31f0a5a40cac8a69d3a0568757aeb3fd3c29ec9	35971f29-8d83-432e-b5d9-dea20b607c61	암지장물제거	암지장물제거	PROMOTED_FROM_SOURCE	DRAFT	RISK-04-APPROVE-001	62c2c50e3c0becbe23a686735d1a7e50ed8bce2f3fa23c539d2250b68227c2d7	EMPTY	EMPTY	RISK-04-MATERIALIZE-001
d5c23a14c706351d68257016184208bec83a12432c027c0b54da81f6eb73c85e	80558c18-8f48-44cc-bc82-270cb0571b63	PROCESS	f9cf17b2b2f5c6b7d8fe1ffb539484309590b0c9d771213a593bf60e8c1b046d	1b96d7bd-0fa0-4ae4-8c4e-9c24b0b90b24	석재구조물밑면붙이기	석재구조물밑면붙이기	PROMOTED_FROM_SOURCE	DRAFT	RISK-04-APPROVE-001	62c2c50e3c0becbe23a686735d1a7e50ed8bce2f3fa23c539d2250b68227c2d7	EMPTY	EMPTY	RISK-04-MATERIALIZE-001
d5c836cf4cffdb658245592f22386d2b5fd37310e0b428f15c718e71e700b1ba	b1711c33-2150-4175-af17-30437a6b908a	PROCESS	daa906954562f1c33f219f508267ad546d282a7241c4251257bb6c8be54c0b5d	1f3fad6f-505e-4c8a-8924-44f68b3a0652	시험굴착	시험굴착	PROMOTED_FROM_SOURCE	DRAFT	RISK-04-APPROVE-001	62c2c50e3c0becbe23a686735d1a7e50ed8bce2f3fa23c539d2250b68227c2d7	EMPTY	EMPTY	RISK-04-MATERIALIZE-001
d5cd59a1cf991fc14c18094927699947f9cd961fc46163ee9b8359da8f2c12d1	c430f01c-dd36-4c68-8abb-71125fa19ebf	PROCESS	97167eb2b29f689eecdc8442c8e8d8af709defa6879ba0d3ff2ed79518836e55	a15bbe15-e1ac-4833-b22f-773af7b714c8	터널가설	터널가설	PROMOTED_FROM_SOURCE	DRAFT	RISK-04-APPROVE-001	62c2c50e3c0becbe23a686735d1a7e50ed8bce2f3fa23c539d2250b68227c2d7	EMPTY	EMPTY	RISK-04-MATERIALIZE-001
d65964a503db888d8d4c26d0dc1a539b940355fb130fcd9b0b6d54a18ff90ace	348ade21-5842-40a7-b9b4-2d3bfc9ee008	PROCESS	9ff4e35cc5e677d6d8dd41c870da81f1059aab60a35df435d424b7e64af7df61	e0ffb761-4531-42a9-bccc-a47102859054	건축PC구조부재조립	건축PC구조부재조립	PROMOTED_FROM_SOURCE	DRAFT	RISK-04-APPROVE-001	62c2c50e3c0becbe23a686735d1a7e50ed8bce2f3fa23c539d2250b68227c2d7	EMPTY	EMPTY	RISK-04-MATERIALIZE-001
d697054f9347ce6cd9f2d9275e172a6ecf7bbebf75ad2474f3a3a1030f1ff154	cc37f2d9-e0e6-42ec-802a-dce98fe53cff	TASK	b8605fe8c0ef16348371393e2acc2501db26b6877153513bec3000f4f5de1df6	ac2a3158-0c35-492f-8611-dd2c65d6aa30	벽체합성수지판재붙이기	벽체합성수지판재붙이기	PROMOTED_FROM_SOURCE	DRAFT	RISK-04-APPROVE-001	62c2c50e3c0becbe23a686735d1a7e50ed8bce2f3fa23c539d2250b68227c2d7	EMPTY	EMPTY	RISK-04-MATERIALIZE-001
d69cea84ab038d08c64a1d93af5d656523141a255523aea943e9abfc917c6b2b	804a4531-1528-4e97-b15f-723bf118081e	PROCESS	9d7bad7d3377b0051c155133999851cda03afb637f6fc506662aa14608b8fd72	23c12507-241e-4e79-a855-4ab96b1ce94d	밸브박스 슬리브 조립식PD공사	밸브박스 슬리브 조립식PD공사	PROMOTED_FROM_SOURCE	DRAFT	RISK-04-APPROVE-001	62c2c50e3c0becbe23a686735d1a7e50ed8bce2f3fa23c539d2250b68227c2d7	EMPTY	EMPTY	RISK-04-MATERIALIZE-001
d6daa04cbbe72dcc51132608261ec647492aa0aaedb976749620bd7467a97e1d	c4926c9e-355f-4786-9e61-f5abdb8e5fa4	TASK	9c5ed92f0b6f15f5b0dceaf25284cf66346459c05db587f345dda042884fb693	363117e3-bba6-4adc-8f4f-e36f8526ea52	교량측량및계측설비설치	교량측량및계측설비설치	PROMOTED_FROM_SOURCE	DRAFT	RISK-04-APPROVE-001	62c2c50e3c0becbe23a686735d1a7e50ed8bce2f3fa23c539d2250b68227c2d7	EMPTY	EMPTY	RISK-04-MATERIALIZE-001
d71c056d6d5f233cdedb5337ece25687b4a737f15cee2d63ef842c1cb39fd6ba	8ad48fbf-a1a8-4bd8-a01c-64778e3bb928	PROCESS	cfb52d9ba0bc0f700de3985ceb83668d2509a94cb1154969ad48a8bea3e97ed8	ed593b2a-6e8d-4777-b869-fd28bc3b575d	분수설비공사	분수설비공사	PROMOTED_FROM_SOURCE	DRAFT	RISK-04-APPROVE-001	62c2c50e3c0becbe23a686735d1a7e50ed8bce2f3fa23c539d2250b68227c2d7	EMPTY	EMPTY	RISK-04-MATERIALIZE-001
d73e5d8d5eb6e787fa9e993321900028efee6eec9e14ce25b1003c0a37c06937	5ca783eb-e655-494d-89ba-57d722b39e6c	TASK	3a9366d8c831cc54679c134646f37f6df12ae2f4199e045fd2adcb2049fa700c	713e9be2-fff5-4455-a40f-e0157e998d2e	사암외벽붙이기	사암외벽붙이기	PROMOTED_FROM_SOURCE	DRAFT	RISK-04-APPROVE-001	62c2c50e3c0becbe23a686735d1a7e50ed8bce2f3fa23c539d2250b68227c2d7	EMPTY	EMPTY	RISK-04-MATERIALIZE-001
d7544679e250b7429eb5db32d71abedb793a51f521e0c521c48dcce17a80b471	d5a663a8-a1c0-4797-a0fb-281b75c153c4	PROCESS	b669d98511f7e2bfb1e96b16e62a697004f651f201a3cd3c2024d12c39d44efc	c805df85-b574-4e3b-a98e-0b4783f6b4c7	강체전차선공사	강체전차선공사	PROMOTED_FROM_SOURCE	DRAFT	RISK-04-APPROVE-001	62c2c50e3c0becbe23a686735d1a7e50ed8bce2f3fa23c539d2250b68227c2d7	EMPTY	EMPTY	RISK-04-MATERIALIZE-001
d76e527e802e20f64308b6f91418f6917dbf1302c4a0587c2abcdfbfed12f099	cf06a9fa-59cc-4d96-aa61-91c376294ad5	TASK	3b7b077e95c07db8e6148e2075e31482bdf6d214f7705c1fcf949cbdc83710e9	e9cfa3fe-de63-425f-b5d3-75ca91c92b60	리핑암트렌치터파기	리핑암트렌치터파기	PROMOTED_FROM_SOURCE	DRAFT	RISK-04-APPROVE-001	62c2c50e3c0becbe23a686735d1a7e50ed8bce2f3fa23c539d2250b68227c2d7	EMPTY	EMPTY	RISK-04-MATERIALIZE-001
d7a4359635a90a4ae705a4e232e3096c0bbe9b47aa7a1b3470e92af01ce3674e	a230c986-0104-41b3-9363-bee3c3887732	TASK	13ef25655bb8802c9f2248fa72aa1339b99db5cd94f16bd2ae8d59f8ac83db00	25e2cf2e-83c2-4ecc-a6c0-e313f101102a	장비철거 해체	장비철거 해체	MERGED_FROM_REVIEWED_SOURCES	DRAFT	RISK-04-APPROVE-001	62c2c50e3c0becbe23a686735d1a7e50ed8bce2f3fa23c539d2250b68227c2d7	EMPTY	EMPTY	RISK-04-MATERIALIZE-001
d7dcd23ad7b7409db5318e81af0e6ee8cee33c1689505952a313553157231b88	62b74b81-b935-4968-98de-b2018290b346	PROCESS	99be967a570fd4905646ea972fb33880e6f79c78e313678e9ef7f1cb73d2fa4a	e401ae90-0727-4bb6-86f1-d12f8fc286b1	경량강재널흙막이	경량강재널흙막이	PROMOTED_FROM_SOURCE	DRAFT	RISK-04-APPROVE-001	62c2c50e3c0becbe23a686735d1a7e50ed8bce2f3fa23c539d2250b68227c2d7	EMPTY	EMPTY	RISK-04-MATERIALIZE-001
d7dd77641d536ee1bfaaef763f16667df9fb7dcad324ba87a5c27361ed44cb00	1aade55d-613e-407d-9396-34fca4c63d60	TASK	398715c2c1a59d0b63150437509cc62b448b7b58089cca0e4a3c45793dc83eeb	73722a9b-e953-4423-8b10-6efcf5eef9bd	경암준설	경암준설	PROMOTED_FROM_SOURCE	DRAFT	RISK-04-APPROVE-001	62c2c50e3c0becbe23a686735d1a7e50ed8bce2f3fa23c539d2250b68227c2d7	EMPTY	EMPTY	RISK-04-MATERIALIZE-001
d8bb9bbfe509aafe93750ec50691e752350c92f310319ddbd9a810873aedeea4	6170ff36-851b-4541-8e0e-2155fcaecd15	TASK	0707456a5c306be3d67234d29e08107639ee0b50f5a561190a450f493338c615	ed0b5c8b-42a0-460d-bfe4-188a13265758	사면면고르기	사면면고르기	PROMOTED_FROM_SOURCE	DRAFT	RISK-04-APPROVE-001	62c2c50e3c0becbe23a686735d1a7e50ed8bce2f3fa23c539d2250b68227c2d7	EMPTY	EMPTY	RISK-04-MATERIALIZE-001
d8da3c9f03cc36165dd4cb913ee093465e3c41b37401a23d6f963eef3e3d73fe	58ce5ee0-546c-4386-95fb-d1ee90d08f50	TASK	2c053ba6bcd16340ee74523df3f5a058c6c544a1aa2b2e26ffd1cb873ab68540	3213c0e7-55e9-421b-91b7-740057165b8b	카페트깔기	카페트깔기	PROMOTED_FROM_SOURCE	DRAFT	RISK-04-APPROVE-001	62c2c50e3c0becbe23a686735d1a7e50ed8bce2f3fa23c539d2250b68227c2d7	EMPTY	EMPTY	RISK-04-MATERIALIZE-001
d8dcf3688ddd3911f04c7591ba9d3d070bec7ebad39d2f81ca9310dcbb061180	7059e166-3f70-455f-92d3-fcb7118a88e5	TASK	6687836107bb3e7d0a4cdc3c83aedda7d8ac7eaa5618bd2b1bbe34550fe9c44a	877ee6f7-1b8a-4804-9865-ef3a65ac01d6	포스트텐션PC보조립	포스트텐션PC보조립	PROMOTED_FROM_SOURCE	DRAFT	RISK-04-APPROVE-001	62c2c50e3c0becbe23a686735d1a7e50ed8bce2f3fa23c539d2250b68227c2d7	EMPTY	EMPTY	RISK-04-MATERIALIZE-001
d97ce3648147edb7473401bdc2a36fa8984edc839290ab03cf91ab78fad2d1bf	359ea9e5-c3fc-4e86-8bc5-ec7c302cd031	PROCESS	07d7c21945459092bbedab343d46779dae0e304fd054608896eace638286e5fd	38cf8fe5-03e8-4909-bc6b-f1b6e1c21b4a	방범전기설비공사	방범전기설비공사	MERGED_FROM_REVIEWED_SOURCES	DRAFT	RISK-04-APPROVE-001	62c2c50e3c0becbe23a686735d1a7e50ed8bce2f3fa23c539d2250b68227c2d7	EMPTY	EMPTY	RISK-04-MATERIALIZE-001
d99cfbb806dd45e4a954f8a6bd14b7c83edd14232ccc2b3cc7937486349cbcaf	8c908499-6b1c-4e72-b21a-4820cbc13213	PROCESS	ac74a224650d5509cb0506ecd2daf797b6aec4c361eb5e4467bed4db842033c5	72c0016a-09bb-402e-91e1-4b618205be6a	천정단열	천정단열	PROMOTED_FROM_SOURCE	DRAFT	RISK-04-APPROVE-001	62c2c50e3c0becbe23a686735d1a7e50ed8bce2f3fa23c539d2250b68227c2d7	EMPTY	EMPTY	RISK-04-MATERIALIZE-001
d9e2d17ba956006f5e9059476f1122f8976235c8494d7b2eafd43dc9485e1506	c6bedcb0-30cf-4f1e-9fa3-26259c7421b1	TASK	9d99ccebbabc3543fa22a500a689aa9c9635bf56f19b31ae3a4c0a79be7f3c4a	ac018e40-20ae-468c-bbf0-78257d139fa1	누수량측정	누수량측정	PROMOTED_FROM_SOURCE	DRAFT	RISK-04-APPROVE-001	62c2c50e3c0becbe23a686735d1a7e50ed8bce2f3fa23c539d2250b68227c2d7	EMPTY	EMPTY	RISK-04-MATERIALIZE-001
da2a6d180bcc58290ec7019904be06e681395316a137c2b203e01529127cb5c6	3cd25664-1a22-40cb-9efd-d6d58b141820	TASK	43b1a189bbf02fb3ce567f440980c23d9a28a5fb5594f4f5a703ac6331f5fdfe	03e39a42-dde8-46e5-801a-859b93fed859	안내시설물설치	안내시설물설치	PROMOTED_FROM_SOURCE	DRAFT	RISK-04-APPROVE-001	62c2c50e3c0becbe23a686735d1a7e50ed8bce2f3fa23c539d2250b68227c2d7	EMPTY	EMPTY	RISK-04-MATERIALIZE-001
da54d4926aa79473fa6f89610338b0297765d601166ceb67ac95ba973da49bf0	efdfffad-db97-4a7f-b30a-19a78c418d13	PROCESS	EMPTY	EMPTY	댐공사	댐공사	PROMOTED_FROM_SOURCE	DRAFT	RISK-04-APPROVE-001	62c2c50e3c0becbe23a686735d1a7e50ed8bce2f3fa23c539d2250b68227c2d7	EMPTY	EMPTY	RISK-04-MATERIALIZE-001
da5a624c501a2655039fba24eaaf4598e3c28c9642b2e2bc8b23d69a8361f5b1	a285976c-d91c-435f-be2b-717d72e6d83f	PROCESS	13ef25655bb8802c9f2248fa72aa1339b99db5cd94f16bd2ae8d59f8ac83db00	25e2cf2e-83c2-4ecc-a6c0-e313f101102a	지하지장물철거 해체	지하지장물철거 해체	PROMOTED_FROM_SOURCE	DRAFT	RISK-04-APPROVE-001	62c2c50e3c0becbe23a686735d1a7e50ed8bce2f3fa23c539d2250b68227c2d7	EMPTY	EMPTY	RISK-04-MATERIALIZE-001
da5c46b85137b56bc6a1872da7cd9db1b0bb706e961ddcdde52acb17a23dbbfb	4fc58e35-f60e-4478-a376-4beb0a5b8c1b	TASK	9d1d7e3cf333b05c23ed838742a05d0d01c6bc294913a89e1f2bb1ad7a31babe	7b1c268e-1120-45b8-bcd5-0716c1f785a1	발수성도장방습	발수성도장방습	PROMOTED_FROM_SOURCE	DRAFT	RISK-04-APPROVE-001	62c2c50e3c0becbe23a686735d1a7e50ed8bce2f3fa23c539d2250b68227c2d7	EMPTY	EMPTY	RISK-04-MATERIALIZE-001
da93d66161177953a78a151ba958258083bd7ecdc307038e8400e97437c377b4	71232285-0ecb-449e-8505-f1007ff645ea	PROCESS	13f01c1ad0d027cd2397d07a0e9eafb5222e1bbae9c0855e76a6ca66d279e062	71f3ec22-bbb7-483f-a6b5-f089eac9007c	콘크리트보강공사	콘크리트보강공사	PROMOTED_FROM_SOURCE	DRAFT	RISK-04-APPROVE-001	62c2c50e3c0becbe23a686735d1a7e50ed8bce2f3fa23c539d2250b68227c2d7	EMPTY	EMPTY	RISK-04-MATERIALIZE-001
da9e8d39b4db29b66a8869429977ed7021cf2f4e0a65cd4a2c38e542e7cef3a2	1f75677f-a89e-4576-95f4-908204ff9d64	PROCESS	b223c472f28dc1cc03c36e7104f5353323def065f7a948690095bb4a77b40769	cf240392-c8c4-4559-a8ec-f76901439691	T&C(TestandCommissioning)공사	T&C(TestandCommissioning)공사	PROMOTED_FROM_SOURCE	DRAFT	RISK-04-APPROVE-001	62c2c50e3c0becbe23a686735d1a7e50ed8bce2f3fa23c539d2250b68227c2d7	EMPTY	EMPTY	RISK-04-MATERIALIZE-001
daa906954562f1c33f219f508267ad546d282a7241c4251257bb6c8be54c0b5d	1f3fad6f-505e-4c8a-8924-44f68b3a0652	PROCESS	EMPTY	EMPTY	지반조사	지반조사	PROMOTED_FROM_SOURCE	DRAFT	RISK-04-APPROVE-001	62c2c50e3c0becbe23a686735d1a7e50ed8bce2f3fa23c539d2250b68227c2d7	EMPTY	EMPTY	RISK-04-MATERIALIZE-001
daca4d1a841eb6dc9c1b6685742ee5e1235381037547a32d2f32d4de8140102b	b5bc9eb5-87b3-40b3-a882-ecb2aed5d9ba	PROCESS	87fc9dee856fdc0de823757c6910a98d1e79e1ba25099a9d15d9bba3bb100f43	0d6c860c-c5c9-4371-91f2-feca7721063c	자연형지붕잇기	자연형지붕잇기	PROMOTED_FROM_SOURCE	DRAFT	RISK-04-APPROVE-001	62c2c50e3c0becbe23a686735d1a7e50ed8bce2f3fa23c539d2250b68227c2d7	EMPTY	EMPTY	RISK-04-MATERIALIZE-001
db331ddd567ea45fb4db9a487f5b136bf114447b9cc34c52eee23ad22a8b8f96	90013697-f9a3-4c34-833f-c87ada0f06ed	TASK	294be0cddd210ecb366785ba23653eed710ce8bfdaab96fc91880fdbb174b748	df822a06-8422-4944-801d-5d29ada48bb3	시멘트액체방수	시멘트액체방수	PROMOTED_FROM_SOURCE	DRAFT	RISK-04-APPROVE-001	62c2c50e3c0becbe23a686735d1a7e50ed8bce2f3fa23c539d2250b68227c2d7	EMPTY	EMPTY	RISK-04-MATERIALIZE-001
db6bafcb5396a619ac639b6b4871b38bfd9450a31c31a9a46bbc731f09998c99	df727d07-1df7-4d0b-9607-451c8ce4ba7b	PROCESS	EMPTY	EMPTY	정보 통신설비공사	정보 통신설비공사	PROMOTED_FROM_SOURCE	DRAFT	RISK-04-APPROVE-001	62c2c50e3c0becbe23a686735d1a7e50ed8bce2f3fa23c539d2250b68227c2d7	EMPTY	EMPTY	RISK-04-MATERIALIZE-001
db76321feb88cf7ff6d601f409ad1f8de5a42bf7b7b2539f827ba36d50a46e22	059fee94-2440-449a-9bb1-05197b5176fe	TASK	744061e7626adb46fab501aaaf3b3731bb7ae3ec1ac10fd12ea0cc6e0dfde5b7	df4016d2-ef88-480b-8c28-32f0585f8346	해상철골구조물철거해체	해상철골구조물철거해체	PROMOTED_FROM_SOURCE	DRAFT	RISK-04-APPROVE-001	62c2c50e3c0becbe23a686735d1a7e50ed8bce2f3fa23c539d2250b68227c2d7	EMPTY	EMPTY	RISK-04-MATERIALIZE-001
dc3dff2350840a9f391b06f7a73780bb78385a45b4ccece8cb08a3da4c8d1215	d703949e-0684-40bb-86f5-4c11bd329756	PROCESS	EMPTY	EMPTY	가스설비공사	가스설비공사	PROMOTED_FROM_SOURCE	DRAFT	RISK-04-APPROVE-001	62c2c50e3c0becbe23a686735d1a7e50ed8bce2f3fa23c539d2250b68227c2d7	EMPTY	EMPTY	RISK-04-MATERIALIZE-001
dc5b89670ed5dc697666ca690e9fdf1d9df6dd17034604b08335645b74cdb035	e26ed88c-bc75-4fe8-abc4-5831f0ab182c	TASK	0707456a5c306be3d67234d29e08107639ee0b50f5a561190a450f493338c615	ed0b5c8b-42a0-460d-bfe4-188a13265758	성토면고르기	성토면고르기	PROMOTED_FROM_SOURCE	DRAFT	RISK-04-APPROVE-001	62c2c50e3c0becbe23a686735d1a7e50ed8bce2f3fa23c539d2250b68227c2d7	EMPTY	EMPTY	RISK-04-MATERIALIZE-001
dc9233c51a625554fb1adf6f32b1cef6337d711522bd6bb82784f286333888e2	45a1a7a2-d876-4dd6-846d-f2cf8f42c840	TASK	74a220321964dbd5fe811b35ae77db635c17fa91531a483f5ace2c2488242eee	61b431eb-4edf-4717-a1b6-7877f1f5deb8	막장안정	막장안정	PROMOTED_FROM_SOURCE	DRAFT	RISK-04-APPROVE-001	62c2c50e3c0becbe23a686735d1a7e50ed8bce2f3fa23c539d2250b68227c2d7	EMPTY	EMPTY	RISK-04-MATERIALIZE-001
dca659b7214251e8214a82066c94d8be6bf1700f76885ec431614d0d47b0b53f	1bf29c9b-d407-4683-ac40-bee69c29f05e	TASK	d5c23a14c706351d68257016184208bec83a12432c027c0b54da81f6eb73c85e	80558c18-8f48-44cc-bc82-270cb0571b63	대리석구조물밑면붙이기	대리석구조물밑면붙이기	PROMOTED_FROM_SOURCE	DRAFT	RISK-04-APPROVE-001	62c2c50e3c0becbe23a686735d1a7e50ed8bce2f3fa23c539d2250b68227c2d7	EMPTY	EMPTY	RISK-04-MATERIALIZE-001
dca95ac0b79016261e7b699f88c309243d1357aa79cadfce5013b57f03634580	8f0c09b6-70e3-4f2a-88a4-44cbb488118d	TASK	b266a326ad7e5eba11caadfe51d101ee205be6a4e31ad787d39ada491eb41c00	03597104-73d5-4f11-bee7-2c3162f7270c	금속타일내벽붙이기	금속타일내벽붙이기	PROMOTED_FROM_SOURCE	DRAFT	RISK-04-APPROVE-001	62c2c50e3c0becbe23a686735d1a7e50ed8bce2f3fa23c539d2250b68227c2d7	EMPTY	EMPTY	RISK-04-MATERIALIZE-001
dcd84ee361efa606f24edcace57d5217b009a11cbb4d98dacdf7b55626fc8b6f	14e7149c-7e23-4b8a-968b-4a7c5dade5c0	TASK	8dfd87d947fee2f86f04bc53ddb263279df8a89a0e195f57a25386dac1d785d8	daab7a35-f93b-48b3-b605-f99fb38fb1a0	흙벽미장	흙벽미장	PROMOTED_FROM_SOURCE	DRAFT	RISK-04-APPROVE-001	62c2c50e3c0becbe23a686735d1a7e50ed8bce2f3fa23c539d2250b68227c2d7	EMPTY	EMPTY	RISK-04-MATERIALIZE-001
dd530e3afd1543c3cc242a7bb6ca4279652ef6bd2665a61a861a1150736360bb	3010f898-1e36-471a-b1eb-70bf6205aaf8	PROCESS	3ee299700e719122727bf96e921d69ceac1520282666e4ca2bd8d94bd1edcde2	8e919d1e-95ab-440f-b2bc-f6788edd8ed0	설비별배관공사	설비별배관공사	PROMOTED_FROM_SOURCE	DRAFT	RISK-04-APPROVE-001	62c2c50e3c0becbe23a686735d1a7e50ed8bce2f3fa23c539d2250b68227c2d7	EMPTY	EMPTY	RISK-04-MATERIALIZE-001
dde0a314d9ec9cfc983fac1e96d0f7f3458528ebc54c068a44f6073d9c4f531b	3c689468-7750-4a95-b6a5-c7b2c3d64027	TASK	744e95bb6e4a96594b2a7ad300501609c2e73264f98d8b4d92b4726208bb59cd	c3fc6f08-b063-4c2c-88d3-f2242493e17e	경계복원측량	경계복원측량	PROMOTED_FROM_SOURCE	DRAFT	RISK-04-APPROVE-001	62c2c50e3c0becbe23a686735d1a7e50ed8bce2f3fa23c539d2250b68227c2d7	EMPTY	EMPTY	RISK-04-MATERIALIZE-001
de4965442d298972408cfd3261917cde21cb17ba4465a16fef5ff66fa03f586d	6cd154c3-ec98-4dca-acd6-473788fdf94c	PROCESS	fce048a6ba4d60e4520ac1f54189361e1b473e1bab9f15c88000e42fa44abe0c	7883246b-2742-4708-9868-5b5be29afbe5	건축기계 전기시험	건축기계 전기시험	PROMOTED_FROM_SOURCE	DRAFT	RISK-04-APPROVE-001	62c2c50e3c0becbe23a686735d1a7e50ed8bce2f3fa23c539d2250b68227c2d7	EMPTY	EMPTY	RISK-04-MATERIALIZE-001
dea1a8767ece4d0b53bad27167bf5d391d03488126c23f1e14512b88cd085108	d4f783a5-24d9-4da3-aec1-c0153108c0f6	TASK	3e480e6d1bd58bafcf3e792750f017666225871117ca38e32831b78babe7ed21	4c6e576f-378d-4fa6-86e0-9c616abd1216	탈질설비Support류설치공사	탈질설비Support류설치공사	PROMOTED_FROM_SOURCE	DRAFT	RISK-04-APPROVE-001	62c2c50e3c0becbe23a686735d1a7e50ed8bce2f3fa23c539d2250b68227c2d7	EMPTY	EMPTY	RISK-04-MATERIALIZE-001
dedf7ae4d0b0d778516158b7936e107774dc1d648fee00951a5b60552aa2d086	b59cb22e-8fa2-47ea-8abe-cb1a4165ffa2	PROCESS	5bc3acd70ef94be1828618eb4eee664445fda4b87144a9b0b917ff2c6a19b740	c4f888a2-ea91-4ccf-a236-9e3bb687f0db	감시제어및계장설비공사	감시제어및계장설비공사	PROMOTED_FROM_SOURCE	DRAFT	RISK-04-APPROVE-001	62c2c50e3c0becbe23a686735d1a7e50ed8bce2f3fa23c539d2250b68227c2d7	EMPTY	EMPTY	RISK-04-MATERIALIZE-001
df10084ef3420d232661a9ae119d90168b42921a54c7076b7b197b6c5485e5f7	ac5f0489-f020-4af4-ac02-accc18d43cbf	PROCESS	b15cd2beb1d4901b6d710f491abe2a583003fdfe5fe6d98842ce0257c9159552	e8c65574-5c31-4438-a942-c83aa6091b76	하수도관갱생	하수도관갱생	PROMOTED_FROM_SOURCE	DRAFT	RISK-04-APPROVE-001	62c2c50e3c0becbe23a686735d1a7e50ed8bce2f3fa23c539d2250b68227c2d7	EMPTY	EMPTY	RISK-04-MATERIALIZE-001
df370a7127e79025f7e83abe965d3a105cafdcc55558658c6a5716345f46cafe	e0392064-a6af-45d0-9be8-df85542a92e8	TASK	1b33acde756d06171cafc114685d2b6ad10055120d1528e7f9291852ec7e8809	9b9a1e82-d8f8-487d-9153-ad89ad4fb111	중심선측량	중심선측량	PROMOTED_FROM_SOURCE	DRAFT	RISK-04-APPROVE-001	62c2c50e3c0becbe23a686735d1a7e50ed8bce2f3fa23c539d2250b68227c2d7	EMPTY	EMPTY	RISK-04-MATERIALIZE-001
dff26e746a25e20aef246119a77c0b0bc445a522b50883ab1fadec33d82fe86d	47ca40aa-1e25-4008-abce-060a4c91fe68	PROCESS	8da91d7b42ed495727ee36b4fb2f04b0716b798136eebc272c12941d475071bc	492e4ba6-4b48-4745-8cd8-10546d3ceb57	시보설비공사	시보설비공사	PROMOTED_FROM_SOURCE	DRAFT	RISK-04-APPROVE-001	62c2c50e3c0becbe23a686735d1a7e50ed8bce2f3fa23c539d2250b68227c2d7	EMPTY	EMPTY	RISK-04-MATERIALIZE-001
dff6046f6ff6b3470546d1efb7d81b938a99846f26728740d85e3c9931a04610	e5cc726a-3b88-4ec1-bdfe-de0bf79914e0	TASK	3b7b077e95c07db8e6148e2075e31482bdf6d214f7705c1fcf949cbdc83710e9	e9cfa3fe-de63-425f-b5d3-75ca91c92b60	발파암트렌치터파기	발파암트렌치터파기	PROMOTED_FROM_SOURCE	DRAFT	RISK-04-APPROVE-001	62c2c50e3c0becbe23a686735d1a7e50ed8bce2f3fa23c539d2250b68227c2d7	EMPTY	EMPTY	RISK-04-MATERIALIZE-001
e01d99f9fb4b4917819bc5ee6df715b864b1c3b253b8466ccc59f1f5d5bcf926	4c8434c9-d7d1-4ff9-8b99-c5131c6e6669	PROCESS	c878122f7b0f7f4bda4517c25c843fce79a340822c88f3421ae25b2b27845f46	ab9dfe81-ff57-4662-889d-58ca0c739475	침투성방수	침투성방수	PROMOTED_FROM_SOURCE	DRAFT	RISK-04-APPROVE-001	62c2c50e3c0becbe23a686735d1a7e50ed8bce2f3fa23c539d2250b68227c2d7	EMPTY	EMPTY	RISK-04-MATERIALIZE-001
e04b0bdea193e90dc8375f29fe1455c07217b68da111c911ed87de115fb32aa4	8b9af581-a78c-455f-af5c-77f3941d02e9	PROCESS	064c77f0388387fc7ab9132fe3344da1283bbf61141536b1db07134cf70efdf0	f0d11573-8ae7-43e8-a1ea-1c3596a54d06	엘리베이터공사	엘리베이터공사	PROMOTED_FROM_SOURCE	DRAFT	RISK-04-APPROVE-001	62c2c50e3c0becbe23a686735d1a7e50ed8bce2f3fa23c539d2250b68227c2d7	EMPTY	EMPTY	RISK-04-MATERIALIZE-001
e0b62c2ffdb38aa4bf0f88236420e66a4c9eab05cd8127bacecc0e58293cc846	d550a49b-b123-4c8a-9726-9aade049c92a	TASK	58e88af9a290fbf1488f9595f8420103f1fa3868a286f2c3d3d731c980d831ca	6fd8d8a8-6eaa-48fc-baaa-437318b8d0bc	철근콘크리트타설	철근콘크리트타설	PROMOTED_FROM_SOURCE	DRAFT	RISK-04-APPROVE-001	62c2c50e3c0becbe23a686735d1a7e50ed8bce2f3fa23c539d2250b68227c2d7	EMPTY	EMPTY	RISK-04-MATERIALIZE-001
e0c1211b14a8b00a5ae1eb747d9d26c00d2e8aa7619dde1ea767812bd753c075	7e6e9960-dfc1-4a89-9aaf-1ac81cd4652a	TASK	e1e8145467429472a59dd7ae0d75512fbe4eb6addb9d8fbed2f334c308857b63	a5ff5522-3e4f-4d19-b18f-4fc7afefaa01	적외선히터설치공사	적외선히터설치공사	PROMOTED_FROM_SOURCE	DRAFT	RISK-04-APPROVE-001	62c2c50e3c0becbe23a686735d1a7e50ed8bce2f3fa23c539d2250b68227c2d7	EMPTY	EMPTY	RISK-04-MATERIALIZE-001
e165ed64bfa19b15dd7f70936869885ec4741351e0dee1d7c16c769383ddb7da	2517aed8-23bc-4e23-a7c7-fcd8743847a7	TASK	9ff4e35cc5e677d6d8dd41c870da81f1059aab60a35df435d424b7e64af7df61	e0ffb761-4531-42a9-bccc-a47102859054	PC부재운반	PC부재운반	PROMOTED_FROM_SOURCE	DRAFT	RISK-04-APPROVE-001	62c2c50e3c0becbe23a686735d1a7e50ed8bce2f3fa23c539d2250b68227c2d7	EMPTY	EMPTY	RISK-04-MATERIALIZE-001
e1cbb1b080e1b562d8c9e10f98618335b73f9849a442bf27c51f8985c966b080	66aa227f-5b7b-47aa-bbce-ca5e1185fafa	PROCESS	1a13ea0495c762c614f4fa5cbcf476764c9287e017255d6e15df7cb6defa5748	f0d60f4d-849f-4ef2-aa5b-5535bca53c2a	기계설비계측	기계설비계측	PROMOTED_FROM_SOURCE	DRAFT	RISK-04-APPROVE-001	62c2c50e3c0becbe23a686735d1a7e50ed8bce2f3fa23c539d2250b68227c2d7	EMPTY	EMPTY	RISK-04-MATERIALIZE-001
e1e8145467429472a59dd7ae0d75512fbe4eb6addb9d8fbed2f334c308857b63	a5ff5522-3e4f-4d19-b18f-4fc7afefaa01	PROCESS	49211b2052bbcd7b5bfbcc655622bc55a5e030d18781279df5248769f2649dc0	73869123-c8b9-487e-ba92-1a6bea143b1d	공기조화기기설비공사	공기조화기기설비공사	PROMOTED_FROM_SOURCE	DRAFT	RISK-04-APPROVE-001	62c2c50e3c0becbe23a686735d1a7e50ed8bce2f3fa23c539d2250b68227c2d7	EMPTY	EMPTY	RISK-04-MATERIALIZE-001
e233e4d3d76b645969408d42c3cc3901d49e4aa8708571e5b697d3b162601361	dc7a9f70-09a9-468e-a91f-822f0c832aa6	TASK	da5a624c501a2655039fba24eaaf4598e3c28c9642b2e2bc8b23d69a8361f5b1	a285976c-d91c-435f-be2b-717d72e6d83f	기타지하지장물제거	기타지하지장물제거	PROMOTED_FROM_SOURCE	DRAFT	RISK-04-APPROVE-001	62c2c50e3c0becbe23a686735d1a7e50ed8bce2f3fa23c539d2250b68227c2d7	EMPTY	EMPTY	RISK-04-MATERIALIZE-001
e25c6f4fdba97917d1a8ae02f9298a4df162ffd96b343166dfa8376ea7e84151	4c43b267-7015-43d8-9ebf-673ef376b1c4	PROCESS	f9ca32ca030b7a7fdf1e1d0d815a9a452344402b5b9c2c6900d619510def900a	0ff5876a-fb3f-4283-949b-cad5d0278b91	무선통신보조설비공사	무선통신보조설비공사	PROMOTED_FROM_SOURCE	DRAFT	RISK-04-APPROVE-001	62c2c50e3c0becbe23a686735d1a7e50ed8bce2f3fa23c539d2250b68227c2d7	EMPTY	EMPTY	RISK-04-MATERIALIZE-001
e271654f1c7852d2159a26c3090155561877ae3961a251572cd7ef697a459066	b5fa3df7-c005-4e6c-a2b5-844d831f9839	PROCESS	094c2a06438b38402ce06ad7013f0d454002110bdbcbf8e2401b3ec4dc941191	218a19dd-a075-456a-8c08-cc1df02d3d95	지하수개발공사	지하수개발공사	PROMOTED_FROM_SOURCE	DRAFT	RISK-04-APPROVE-001	62c2c50e3c0becbe23a686735d1a7e50ed8bce2f3fa23c539d2250b68227c2d7	EMPTY	EMPTY	RISK-04-MATERIALIZE-001
e28797a8110751205a06b5e1a960d5b85c61f3ff7158eea05e87d6fc23ef4f1f	4c3bef34-deec-4c80-a0a6-058e1e56d097	TASK	e7b2885e1bfe92f116c5f7a790ef9390c064d76e62ebd3655eb8fd8ff8203a3e	69c4e40d-02de-47fc-abd8-480f392c6761	철골내화피복	철골내화피복	PROMOTED_FROM_SOURCE	DRAFT	RISK-04-APPROVE-001	62c2c50e3c0becbe23a686735d1a7e50ed8bce2f3fa23c539d2250b68227c2d7	EMPTY	EMPTY	RISK-04-MATERIALIZE-001
e2f181b7c3bbee26098190347894adb62362265894fb48b887a4092f4c69459e	75ee7ca2-38e2-47ae-91bb-1477a3a2e142	TASK	398715c2c1a59d0b63150437509cc62b448b7b58089cca0e4a3c45793dc83eeb	73722a9b-e953-4423-8b10-6efcf5eef9bd	연암준설	연암준설	PROMOTED_FROM_SOURCE	DRAFT	RISK-04-APPROVE-001	62c2c50e3c0becbe23a686735d1a7e50ed8bce2f3fa23c539d2250b68227c2d7	EMPTY	EMPTY	RISK-04-MATERIALIZE-001
e36382f0d8f225fe74d5e7a526053c2fb280393d66819903c899d1baaecfd9c3	26425132-352f-4b1a-85e2-88ef090df5cc	PROCESS	1a392c4093512b03c51e18de329616928460763dd57577c1260eab06a3341b8f	0e161468-6d4d-4208-837d-a0b0aaf1ac1d	가설공해방지	가설공해방지	PROMOTED_FROM_SOURCE	DRAFT	RISK-04-APPROVE-001	62c2c50e3c0becbe23a686735d1a7e50ed8bce2f3fa23c539d2250b68227c2d7	EMPTY	EMPTY	RISK-04-MATERIALIZE-001
e3bc73b175c24fb1d5f975c5457ac8bd8c2b6553ece1d30c0815448b2fd0f890	21ceb6d0-5fd1-45ac-963a-89b946e6c95c	TASK	172b5d183961638c11d2ddd68aa2bcca8a5c37d208160fa56f3af8dddb96cf41	1c3217dc-73b3-45fd-9119-13508993a96d	기타도장바탕처리	기타도장바탕처리	PROMOTED_FROM_SOURCE	DRAFT	RISK-04-APPROVE-001	62c2c50e3c0becbe23a686735d1a7e50ed8bce2f3fa23c539d2250b68227c2d7	EMPTY	EMPTY	RISK-04-MATERIALIZE-001
e3cd4d884461e7d99f7f597240595d89fe8afec627f2827f0567b70d356a65e2	9bf2a8eb-01eb-458a-9120-ec03aa27ebb6	TASK	3dec0cc1494076cb9d335b9cc42b3ad01a969cf781da5dd7b1855c9ccb43c9b0	34bee63b-6983-4524-83df-48e3a1012319	자기질타일외벽붙이기	자기질타일외벽붙이기	PROMOTED_FROM_SOURCE	DRAFT	RISK-04-APPROVE-001	62c2c50e3c0becbe23a686735d1a7e50ed8bce2f3fa23c539d2250b68227c2d7	EMPTY	EMPTY	RISK-04-MATERIALIZE-001
e3dc94f5628060d8cd020a578619a697f21f67727c31447f0589b5a7aa780c56	fc4a7552-a8b9-468b-be93-eaf98b979ddd	TASK	2a61841990e611de8f10680c45bb92bb5f7c296bed72f99b485ae13d9028b2ba	d16c487b-6ddd-4bfe-b650-b5c9d7fc5ecb	시비	시비	PROMOTED_FROM_SOURCE	DRAFT	RISK-04-APPROVE-001	62c2c50e3c0becbe23a686735d1a7e50ed8bce2f3fa23c539d2250b68227c2d7	EMPTY	EMPTY	RISK-04-MATERIALIZE-001
e4bb13e2e59d60b4434332a68193eba5e027152d0c13595c4ca2514f748f50e5	5dbe818f-f9dd-4298-b545-b8c935cbfe0a	TASK	da54d4926aa79473fa6f89610338b0297765d601166ceb67ac95ba973da49bf0	efdfffad-db97-4a7f-b30a-19a78c418d13	사력재료축조	사력재료축조	PROMOTED_FROM_SOURCE	DRAFT	RISK-04-APPROVE-001	62c2c50e3c0becbe23a686735d1a7e50ed8bce2f3fa23c539d2250b68227c2d7	EMPTY	EMPTY	RISK-04-MATERIALIZE-001
e53153c5f2d624a42c97eec1ac937ceb3194bc799905a8e083045a94cb260c15	faaffef1-67ca-4562-b0fc-9f1899b30b35	PROCESS	EMPTY	EMPTY	준공및하자보수	준공및하자보수	PROMOTED_FROM_SOURCE	DRAFT	RISK-04-APPROVE-001	62c2c50e3c0becbe23a686735d1a7e50ed8bce2f3fa23c539d2250b68227c2d7	EMPTY	EMPTY	RISK-04-MATERIALIZE-001
e549b218ac76b373fe77a499a9daa147a7d3a9587ca2fce149ad749918ae335e	0da5efda-23b3-4ec2-a3eb-53aa7c01343e	TASK	8bfbba9d95710e0bac851a17945ca6f353070ca9bf1d14005d856e6caac5e12e	82b93dc9-88a1-49f8-bd54-3874f569ced2	목조지붕널덮기	목조지붕널덮기	PROMOTED_FROM_SOURCE	DRAFT	RISK-04-APPROVE-001	62c2c50e3c0becbe23a686735d1a7e50ed8bce2f3fa23c539d2250b68227c2d7	EMPTY	EMPTY	RISK-04-MATERIALIZE-001
e57cd6fc6ca55d7cf1c9115ed8c36df8a2d74c94cd0293c193344e9cfd688b81	daac530d-fd1a-41a3-ab32-01eee952a1f4	TASK	77c7032624c29314caf7433c21c9b96367f23d1666a116472e3fd816e5858610	6ed865b8-abdc-43c9-9f9d-bac45610dfb4	토사터파기	토사터파기	PROMOTED_FROM_SOURCE	DRAFT	RISK-04-APPROVE-001	62c2c50e3c0becbe23a686735d1a7e50ed8bce2f3fa23c539d2250b68227c2d7	EMPTY	EMPTY	RISK-04-MATERIALIZE-001
e5938afafa74b086b9724cba1bbafdec859216a34a14dfb2895304edd3e7a07b	d165ed00-23c7-45c3-a0de-83f897a64401	PROCESS	6b6b479c3f4495081e9d94b608880b8017b3f6dd47a7478bb4afb14bff9a2516	b7b2bc21-e66c-4520-951f-745ccad00527	문서이송설비주기기공사	문서이송설비주기기공사	PROMOTED_FROM_SOURCE	DRAFT	RISK-04-APPROVE-001	62c2c50e3c0becbe23a686735d1a7e50ed8bce2f3fa23c539d2250b68227c2d7	EMPTY	EMPTY	RISK-04-MATERIALIZE-001
e5a38dbccac3816c57d99922d648edff122d0e719853a768e0fe6a716b4ca0e3	b5e301ae-b390-4267-956b-5272ad4ed810	TASK	c48a126442b60fe1ca9b87047b589a1c9ca457cce2a3e4c118ea409857fe9178	ceb698ea-4a98-4f97-badd-03635225312f	전기집진기관련부속설비설치공사	전기집진기관련부속설비설치공사	PROMOTED_FROM_SOURCE	DRAFT	RISK-04-APPROVE-001	62c2c50e3c0becbe23a686735d1a7e50ed8bce2f3fa23c539d2250b68227c2d7	EMPTY	EMPTY	RISK-04-MATERIALIZE-001
e5c19fabac8d5fa79fbde4dcfcee9a399de7ab86a56bb33ed598b03577c2f467	af2b0139-71a3-4f32-b148-77b225a35bf1	TASK	74a220321964dbd5fe811b35ae77db635c17fa91531a483f5ace2c2488242eee	61b431eb-4edf-4717-a1b6-7877f1f5deb8	감지천공	감지천공	PROMOTED_FROM_SOURCE	DRAFT	RISK-04-APPROVE-001	62c2c50e3c0becbe23a686735d1a7e50ed8bce2f3fa23c539d2250b68227c2d7	EMPTY	EMPTY	RISK-04-MATERIALIZE-001
e5f0b29343458222b8e70cc7f0ce3ce3c863fdeef3238fb48e206a414bf1aae0	1c72585a-6ee2-4d01-b47f-24731cb0fdef	TASK	a2f1fe44215ea3bc676bd103630f70b6070914b6a2cf6fa10ee0443fc08d25dd	1b598b23-9ab8-4973-ad1a-4b87bfa67ea0	시트외벽단열	시트외벽단열	PROMOTED_FROM_SOURCE	DRAFT	RISK-04-APPROVE-001	62c2c50e3c0becbe23a686735d1a7e50ed8bce2f3fa23c539d2250b68227c2d7	EMPTY	EMPTY	RISK-04-MATERIALIZE-001
e615fb4e2f1fcc8e3adf8c7823dc5b318280e3d13198329356ac44b8176f584d	678fda87-fe63-4387-8f25-fb4574e4d549	TASK	60fe27c8f7fc32987291d31f6ae512b1cf6b3ea890f0e152632397ee41c76a28	08d5a2b9-552f-4b3b-a159-9a0212fdd90f	현장제작탱크설치공사	현장제작탱크설치공사	PROMOTED_FROM_SOURCE	DRAFT	RISK-04-APPROVE-001	62c2c50e3c0becbe23a686735d1a7e50ed8bce2f3fa23c539d2250b68227c2d7	EMPTY	EMPTY	RISK-04-MATERIALIZE-001
e6426f5c925e1d0e0dd09f8b0d7d6a77346a40a9e688a9289a6ed44b389eba96	2250aaed-d2c7-4d5f-a883-ef9c311600ac	TASK	3c3ea3dc55db80472b59e9cf2576dc14a2029e2402467451af504591ead80e56	e8320c12-4f59-4b4f-bbc1-952e327d1e68	기타설비철거 해체	기타설비철거 해체	PROMOTED_FROM_SOURCE	DRAFT	RISK-04-APPROVE-001	62c2c50e3c0becbe23a686735d1a7e50ed8bce2f3fa23c539d2250b68227c2d7	EMPTY	EMPTY	RISK-04-MATERIALIZE-001
e65bf1cd77644a54e1893d8eb716652c0e168865e1aceb3c23fb9526b31a3488	ebce6550-fbdd-401c-abed-13ba0afdc20c	TASK	df10084ef3420d232661a9ae119d90168b42921a54c7076b7b197b6c5485e5f7	ac5f0489-f020-4af4-ac02-accc18d43cbf	배관내부준설	배관내부준설	PROMOTED_FROM_SOURCE	DRAFT	RISK-04-APPROVE-001	62c2c50e3c0becbe23a686735d1a7e50ed8bce2f3fa23c539d2250b68227c2d7	EMPTY	EMPTY	RISK-04-MATERIALIZE-001
e6792ac2824cbaa4da97676cdff6ef4d5b6a31121a00f9b1ff53a1fdfe10f7c2	a4ff1d99-33f8-4c22-92f6-2bf39bceab4b	PROCESS	b010f76c574f6761abb7e73d610ed737629be5b00dffea26cbddac07135e7587	6a52b996-2bc6-43cd-9f29-02cab6f1700c	기타품질시험	기타품질시험	PROMOTED_FROM_SOURCE	DRAFT	RISK-04-APPROVE-001	62c2c50e3c0becbe23a686735d1a7e50ed8bce2f3fa23c539d2250b68227c2d7	EMPTY	EMPTY	RISK-04-MATERIALIZE-001
e68637f9e92f0b2dfdc99dacef3940f05a8b866f2fdcbf554edc0c908d778f1f	10d43434-67f7-4d58-9102-fa0e1daf2813	TASK	ab5cb14d0f35c4b9c8716882ac8be1f632db619bed3db9e612c87d77954024a0	135be024-0406-4ca9-8e07-5803429117f5	검사관설치	검사관설치	PROMOTED_FROM_SOURCE	DRAFT	RISK-04-APPROVE-001	62c2c50e3c0becbe23a686735d1a7e50ed8bce2f3fa23c539d2250b68227c2d7	EMPTY	EMPTY	RISK-04-MATERIALIZE-001
e6f98a4e40c8b512736f5c704d352e4e0403b85e9c9dc6b920a37212083d5bd5	af8310a0-ad91-4d1e-9bd8-2a4766f12c5e	PROCESS	fce048a6ba4d60e4520ac1f54189361e1b473e1bab9f15c88000e42fa44abe0c	7883246b-2742-4708-9868-5b5be29afbe5	건축관리시험(마감)	건축관리시험(마감)	PROMOTED_FROM_SOURCE	DRAFT	RISK-04-APPROVE-001	62c2c50e3c0becbe23a686735d1a7e50ed8bce2f3fa23c539d2250b68227c2d7	EMPTY	EMPTY	RISK-04-MATERIALIZE-001
e74d004b4681d2a6bfa3a6faacdfea1574ed30a46869f08c4c04df5e3423162e	e7228658-b7ce-41b5-a87f-722d8fc0550c	TASK	70f8baf73081c23c630d509a315dfad2d6f5e9aeeab0228f0cc1a0cce1e9f827	54ecd392-a22a-4337-8852-a7e2ffc110c0	기초그라우팅	기초그라우팅	PROMOTED_FROM_SOURCE	DRAFT	RISK-04-APPROVE-001	62c2c50e3c0becbe23a686735d1a7e50ed8bce2f3fa23c539d2250b68227c2d7	EMPTY	EMPTY	RISK-04-MATERIALIZE-001
e7b2885e1bfe92f116c5f7a790ef9390c064d76e62ebd3655eb8fd8ff8203a3e	69c4e40d-02de-47fc-abd8-480f392c6761	PROCESS	0159c0afba4f87a183671de62115913a8b31972b208227a187d443435754b047	73218545-e9d1-4e62-aae6-6bcc492176e1	철골내화피복및도장	철골내화피복및도장	PROMOTED_FROM_SOURCE	DRAFT	RISK-04-APPROVE-001	62c2c50e3c0becbe23a686735d1a7e50ed8bce2f3fa23c539d2250b68227c2d7	EMPTY	EMPTY	RISK-04-MATERIALIZE-001
e7c6a8f4a370fe02e86f0922f0311eadd9dac82fcc007bae096286abbfe42c05	31b9bee4-e990-491c-867c-6b6c23cce758	TASK	0f3dce322934ae5e11439e5231fff7a5302aad3b4cfac914f9cd2c803987e6be	f341a82a-d015-42a2-ba95-73222b9510c2	폴리에스테르수지쉬트붙이기	폴리에스테르수지쉬트붙이기	PROMOTED_FROM_SOURCE	DRAFT	RISK-04-APPROVE-001	62c2c50e3c0becbe23a686735d1a7e50ed8bce2f3fa23c539d2250b68227c2d7	EMPTY	EMPTY	RISK-04-MATERIALIZE-001
e843d46a47bfb8c3bc0602eef10dc3c13e7e2660de0b7acba1d32ff7057f2ed0	16a54b9a-344c-473a-898b-aecd435bca70	PROCESS	07d7c21945459092bbedab343d46779dae0e304fd054608896eace638286e5fd	38cf8fe5-03e8-4909-bc6b-f1b6e1c21b4a	항공장해등설비공사	항공장해등설비공사	PROMOTED_FROM_SOURCE	DRAFT	RISK-04-APPROVE-001	62c2c50e3c0becbe23a686735d1a7e50ed8bce2f3fa23c539d2250b68227c2d7	EMPTY	EMPTY	RISK-04-MATERIALIZE-001
e88c9f6b19dfd56a209f04f3af68e12f86f754d622c73a5848b30bd91ac4639d	87a25a7a-da52-4f6c-9fab-04138fe9c179	TASK	4f2e093b95fb979b6e7fe6f6e15610c29313de754e86cf0d7afde24ec2151dee	3b8c0252-1275-4fa7-b549-5954d2a2d5c6	콘크리트관부설	콘크리트관부설	PROMOTED_FROM_SOURCE	DRAFT	RISK-04-APPROVE-001	62c2c50e3c0becbe23a686735d1a7e50ed8bce2f3fa23c539d2250b68227c2d7	EMPTY	EMPTY	RISK-04-MATERIALIZE-001
e89a865cc374cb3aa7ad53e2ff0adc8cb283e57fc38f800c9aab7e4ae9f64794	ebb1aa33-0483-47f3-922d-0c6cb61d0790	PROCESS	e843d46a47bfb8c3bc0602eef10dc3c13e7e2660de0b7acba1d32ff7057f2ed0	16a54b9a-344c-473a-898b-aecd435bca70	항공장해등전기설비공사	항공장해등전기설비공사	PROMOTED_FROM_SOURCE	DRAFT	RISK-04-APPROVE-001	62c2c50e3c0becbe23a686735d1a7e50ed8bce2f3fa23c539d2250b68227c2d7	EMPTY	EMPTY	RISK-04-MATERIALIZE-001
e8ff758161a706d3340aa107d571c593b51d2aab0338dbf5c9c8b26d2a96711c	40e8d20f-487f-49bb-ac03-a259dc2749e4	PROCESS	2f3b01e8d351eb48adb6117e951ecfeeaf03c78bd08c61a35b5df23bc3600dd4	425b84b0-62dd-4f3e-b2e7-09edf62b8698	수전금구류공사	수전금구류공사	PROMOTED_FROM_SOURCE	DRAFT	RISK-04-APPROVE-001	62c2c50e3c0becbe23a686735d1a7e50ed8bce2f3fa23c539d2250b68227c2d7	EMPTY	EMPTY	RISK-04-MATERIALIZE-001
e95758a16e7afb34f50d435468fa380d45304de7012787df4aa63065d9564647	8c9d4325-ac99-4ee8-a84d-cf644eb2dac3	TASK	1b33acde756d06171cafc114685d2b6ad10055120d1528e7f9291852ec7e8809	9b9a1e82-d8f8-487d-9153-ad89ad4fb111	공사측량	공사측량	PROMOTED_FROM_SOURCE	DRAFT	RISK-04-APPROVE-001	62c2c50e3c0becbe23a686735d1a7e50ed8bce2f3fa23c539d2250b68227c2d7	EMPTY	EMPTY	RISK-04-MATERIALIZE-001
e9d5097280eead87de1f8ee9e24cd53c94b90fa52276ada446bf13467c8c8f72	7781f1c8-c06d-4cbf-9fa0-389a6b427172	PROCESS	9d08608a7869c37de6430fd6bc8d4ab616d9d7366068bf91c791a920227e9601	1f700e5b-1bbf-45ba-bfe4-ccbcbfc736ae	경하중포장	경하중포장	PROMOTED_FROM_SOURCE	DRAFT	RISK-04-APPROVE-001	62c2c50e3c0becbe23a686735d1a7e50ed8bce2f3fa23c539d2250b68227c2d7	EMPTY	EMPTY	RISK-04-MATERIALIZE-001
ea225013899bf7c6ff53c4642e27ef87450cff226e4d6f54c154e514b5cb2c95	a4953296-0f57-40b6-b32a-84ff497699c3	TASK	4ec4c1db1aa96205b1bab2ccd42eb2f8e88a45efd6a034c86676972d0834034d	46d59aac-0786-4500-a7ac-257e93c55745	토사흙깍기	토사흙깍기	PROMOTED_FROM_SOURCE	DRAFT	RISK-04-APPROVE-001	62c2c50e3c0becbe23a686735d1a7e50ed8bce2f3fa23c539d2250b68227c2d7	EMPTY	EMPTY	RISK-04-MATERIALIZE-001
ea3245b5faef0b7303958cb6edf84282597a4097f744cdd21ca50331f45cf375	4056c15b-3a34-423f-b225-e2edfb91c15d	PROCESS	064c77f0388387fc7ab9132fe3344da1283bbf61141536b1db07134cf70efdf0	f0d11573-8ae7-43e8-a1ea-1c3596a54d06	에스컬레이터및이동보행로설비공사	에스컬레이터및이동보행로설비공사	PROMOTED_FROM_SOURCE	DRAFT	RISK-04-APPROVE-001	62c2c50e3c0becbe23a686735d1a7e50ed8bce2f3fa23c539d2250b68227c2d7	EMPTY	EMPTY	RISK-04-MATERIALIZE-001
ea8d5e200daba9a3b6f86131fc397382b2aa6eddbc5121d9b5d25e9d27a64dfb	1bc99b44-6b9a-41e7-a2d5-380888f0bf4c	PROCESS	acf499947d510b922fb074eaf5740e396b0a71ec8e9b0d0a6d5990d8efeeee1c	e0aeea7b-2e93-4f9e-9a22-986dd39e3376	특수방진설비공사	특수방진설비공사	PROMOTED_FROM_SOURCE	DRAFT	RISK-04-APPROVE-001	62c2c50e3c0becbe23a686735d1a7e50ed8bce2f3fa23c539d2250b68227c2d7	EMPTY	EMPTY	RISK-04-MATERIALIZE-001
eaa4070004b7b0bb3c3f9ab7493d35e2e10094d3e6221c42286816ff897c1f5f	fe8930de-b2d7-4794-81ad-2c37f5c6ef5a	PROCESS	9064599e4c516b9459a0dde55a7cd5c7ca9acff7a534ff825f9a435ccca26d89	703804cc-8ce0-4eb2-95f0-62f7121dce30	기타전기설비시설유지정비공사	기타전기설비시설유지정비공사	PROMOTED_FROM_SOURCE	DRAFT	RISK-04-APPROVE-001	62c2c50e3c0becbe23a686735d1a7e50ed8bce2f3fa23c539d2250b68227c2d7	EMPTY	EMPTY	RISK-04-MATERIALIZE-001
eab931fc259700442b04eded5a74f35e3cf42ec80df7c8f8bfa0f2d434917d3d	828eaca3-4ce3-4a53-a9cf-59d8c09ae5c3	TASK	0094e4e7a1f0cbeaa70425941c37f1dd06b42da2328faa8fc78d22d5f7693c2a	888bf357-3ff0-4beb-b338-c4153ab0cadc	특수PC구조부재공장생산	특수PC구조부재공장생산	PROMOTED_FROM_SOURCE	DRAFT	RISK-04-APPROVE-001	62c2c50e3c0becbe23a686735d1a7e50ed8bce2f3fa23c539d2250b68227c2d7	EMPTY	EMPTY	RISK-04-MATERIALIZE-001
eacbf518552a57db0bb86ab67a90ad369b077f0e5d65df35139410d6f74087c8	892b579d-42bf-4c3e-8a71-e37d8ce00e1b	TASK	458ad2107d6228893a555ba0f42f11a3c44b41d01319d0cbc37284b307d59ce8	4b698a01-497b-45c6-ae08-76be05c9d604	현장타설콘크리트라이닝	현장타설콘크리트라이닝	PROMOTED_FROM_SOURCE	DRAFT	RISK-04-APPROVE-001	62c2c50e3c0becbe23a686735d1a7e50ed8bce2f3fa23c539d2250b68227c2d7	EMPTY	EMPTY	RISK-04-MATERIALIZE-001
eb0b1e8ac0c91157de26d21c83934d188ce64972b62ad553afa0b9570dc1d2b2	1e5f7b07-f903-43d9-9d58-ef1bd51290a5	PROCESS	b15cd2beb1d4901b6d710f491abe2a583003fdfe5fe6d98842ce0257c9159552	e8c65574-5c31-4438-a942-c83aa6091b76	상수도관갱생	상수도관갱생	PROMOTED_FROM_SOURCE	DRAFT	RISK-04-APPROVE-001	62c2c50e3c0becbe23a686735d1a7e50ed8bce2f3fa23c539d2250b68227c2d7	EMPTY	EMPTY	RISK-04-MATERIALIZE-001
ec6c03a8aad00b368c07295be86baea08d9705eebdcce822dbc9811d598c8cf1	cd3fd9c9-8693-4719-a1d8-b8ab7d62150e	PROCESS	ac74a224650d5509cb0506ecd2daf797b6aec4c361eb5e4467bed4db842033c5	72c0016a-09bb-402e-91e1-4b618205be6a	방진 방음공사	방진 방음공사	PROMOTED_FROM_SOURCE	DRAFT	RISK-04-APPROVE-001	62c2c50e3c0becbe23a686735d1a7e50ed8bce2f3fa23c539d2250b68227c2d7	EMPTY	EMPTY	RISK-04-MATERIALIZE-001
ec7249fb42ce187a8f3b948e9134fd7b53c29a836dc7d281c665f61deab923b7	33bc4a34-d8c3-445d-98a2-c9e08c7f4e55	PROCESS	8d816976ae5c7a16e26a7395911f4a7a85c2a9b517b3affe7c6bab59a35fd3b1	22ce750a-d007-4571-a3c0-04d1c068d2cd	음식물감량화설비공사	음식물감량화설비공사	PROMOTED_FROM_SOURCE	DRAFT	RISK-04-APPROVE-001	62c2c50e3c0becbe23a686735d1a7e50ed8bce2f3fa23c539d2250b68227c2d7	EMPTY	EMPTY	RISK-04-MATERIALIZE-001
eca34b9dc0d2d1398780bb3649b098fa4577ffb8e312f417d0d1c1b5c42fc359	e481516f-fb99-4104-a1b1-2187345f2031	TASK	869d9f89089f464d0e892d12e31f0a5a40cac8a69d3a0568757aeb3fd3c29ec9	35971f29-8d83-432e-b5d9-dea20b607c61	지장수목이식	지장수목이식	PROMOTED_FROM_SOURCE	DRAFT	RISK-04-APPROVE-001	62c2c50e3c0becbe23a686735d1a7e50ed8bce2f3fa23c539d2250b68227c2d7	EMPTY	EMPTY	RISK-04-MATERIALIZE-001
ecb2997662a0a8be4c1f24dc95420d75cd9bd5c04461d76709f22230d2861847	72d0a9ed-9592-4ad9-88a4-0edd4da1db1a	TASK	5de714bb17d80b291c3d7e7d3da321d729f8771914677c30ae25f4e14aa01e91	525fab4f-8a50-492c-851c-f6f5a15be109	특수타일밑면붙이기	특수타일밑면붙이기	PROMOTED_FROM_SOURCE	DRAFT	RISK-04-APPROVE-001	62c2c50e3c0becbe23a686735d1a7e50ed8bce2f3fa23c539d2250b68227c2d7	EMPTY	EMPTY	RISK-04-MATERIALIZE-001
eccaf9e55638127a8af8f2c0a01b6995a43f3084a4d0f4803a96ada4ffb79e48	7921b398-498e-43ce-b93d-b2a3f2dfea73	PROCESS	30c5c5b7582a14cbbfd22cf36f874b71b3c0631edbf44c07f05d4e6702817359	85cdd0d4-ec0f-47f2-a601-cacd5b3f3b12	비상조명설비공사	비상조명설비공사	PROMOTED_FROM_SOURCE	DRAFT	RISK-04-APPROVE-001	62c2c50e3c0becbe23a686735d1a7e50ed8bce2f3fa23c539d2250b68227c2d7	EMPTY	EMPTY	RISK-04-MATERIALIZE-001
ecff0517d16e0b91202497247863bdb868d18181e32eaa96d696c6c93c45a6d8	b8eab2b5-cfe3-499f-8ca7-86d738a2276b	PROCESS	55a316206a26065b1f7a0d6a78216f3a90d5c6f69045a409f735c2a1a4825df8	a18cbef9-0712-4d25-80d2-4d27ccd5860e	파종및살포	파종및살포	PROMOTED_FROM_SOURCE	DRAFT	RISK-04-APPROVE-001	62c2c50e3c0becbe23a686735d1a7e50ed8bce2f3fa23c539d2250b68227c2d7	EMPTY	EMPTY	RISK-04-MATERIALIZE-001
ed15ca5ed04f6f1e53e392a212b8daa90473afb681c0389b8369a357eaf6d3bb	4ce2bef1-24a0-4fee-85db-596f91fe313b	TASK	744061e7626adb46fab501aaaf3b3731bb7ae3ec1ac10fd12ea0cc6e0dfde5b7	df4016d2-ef88-480b-8c28-32f0585f8346	해상조적구조물철거 해체	해상조적구조물철거 해체	PROMOTED_FROM_SOURCE	DRAFT	RISK-04-APPROVE-001	62c2c50e3c0becbe23a686735d1a7e50ed8bce2f3fa23c539d2250b68227c2d7	EMPTY	EMPTY	RISK-04-MATERIALIZE-001
ed3dd41444d2d132006bc3f403f92d4438d6b53cb348cc8d941b3b38ad4ad1fd	14fcfb2a-fe8f-49f8-a005-2ad05933436a	TASK	45d871c4f15994b8a60ab19b03d1f2f6af0793ba52cb600437fcb983e814958b	fcfefcab-8631-45fd-85b7-cd29d3e9ff6f	목재창선반설치	목재창선반설치	PROMOTED_FROM_SOURCE	DRAFT	RISK-04-APPROVE-001	62c2c50e3c0becbe23a686735d1a7e50ed8bce2f3fa23c539d2250b68227c2d7	EMPTY	EMPTY	RISK-04-MATERIALIZE-001
ed71d9533dec298e4d7948cd99d3fb769aa7157a8e94c3bf6e53a1ed115d8040	177bc2b5-831b-4c01-8543-b4f518bf8f25	PROCESS	d28c045a9338660ab84ceaeee6a3e1dda86dd49a33133129bb062dc2d46680b1	9d9bafff-1019-48f3-b2bb-cd5e9bfca11f	LinerPlate설치공사	LinerPlate설치공사	PROMOTED_FROM_SOURCE	DRAFT	RISK-04-APPROVE-001	62c2c50e3c0becbe23a686735d1a7e50ed8bce2f3fa23c539d2250b68227c2d7	EMPTY	EMPTY	RISK-04-MATERIALIZE-001
edcc289e8e287947375272afadeba14dc9c442c429193054b4bc75a3ca812764	c8cf512b-7446-44ff-841b-b27baf300a57	TASK	6eca78379c93853863766d02655b1003ca45241d359ae85d92aad4c0ba2d84aa	6f2f4427-709e-41a5-a43f-2b7cc6d6216b	웨인뎃트포인트붙이기	웨인뎃트포인트붙이기	PROMOTED_FROM_SOURCE	DRAFT	RISK-04-APPROVE-001	62c2c50e3c0becbe23a686735d1a7e50ed8bce2f3fa23c539d2250b68227c2d7	EMPTY	EMPTY	RISK-04-MATERIALIZE-001
ee04404c57532648a935dc079bfafae6ea3dc17383f1c4394346e11e53f83a68	26768222-6b67-4bb0-8bd3-23528d0a6468	TASK	a2f1fe44215ea3bc676bd103630f70b6070914b6a2cf6fa10ee0443fc08d25dd	1b598b23-9ab8-4973-ad1a-4b87bfa67ea0	보드형외벽단열	보드형외벽단열	PROMOTED_FROM_SOURCE	DRAFT	RISK-04-APPROVE-001	62c2c50e3c0becbe23a686735d1a7e50ed8bce2f3fa23c539d2250b68227c2d7	EMPTY	EMPTY	RISK-04-MATERIALIZE-001
ee0c672329b828c681b5de8ec8f03f85327369f24b816c82655f16e0bef524c8	6f1d2876-cd53-4144-baea-d4ce926f98ae	PROCESS	fc4f7df78ecb9755d8ff69c7766d178706b5e53fc3bd41fe4723431d9bcd5bf1	fa9bc1cf-4143-49e0-a578-32622795b91d	조립식간이흙막이	조립식간이흙막이	PROMOTED_FROM_SOURCE	DRAFT	RISK-04-APPROVE-001	62c2c50e3c0becbe23a686735d1a7e50ed8bce2f3fa23c539d2250b68227c2d7	EMPTY	EMPTY	RISK-04-MATERIALIZE-001
ee18220e1e4a8324af2d5cbfa2f2561fbbcdf820aedda7a08111390db0e9377b	478ea098-1a8c-47ef-bdbb-3f5c590c71b3	TASK	894d7093086b3017def26a1e2260a364fa47f606c33ec7b2fd42a620ed0a394e	8bb17a44-1e90-43ad-96d0-4880fb5b9771	철골계단설치	철골계단설치	PROMOTED_FROM_SOURCE	DRAFT	RISK-04-APPROVE-001	62c2c50e3c0becbe23a686735d1a7e50ed8bce2f3fa23c539d2250b68227c2d7	EMPTY	EMPTY	RISK-04-MATERIALIZE-001
ee245e1aa10aa359ba3458b72eb4f72ba8cec44ad18449e257a7e37b6566ac3c	06f54916-d26f-408f-90bd-297511825e27	TASK	2c053ba6bcd16340ee74523df3f5a058c6c544a1aa2b2e26ffd1cb873ab68540	3213c0e7-55e9-421b-91b7-740057165b8b	온돌마루깔기	온돌마루깔기	PROMOTED_FROM_SOURCE	DRAFT	RISK-04-APPROVE-001	62c2c50e3c0becbe23a686735d1a7e50ed8bce2f3fa23c539d2250b68227c2d7	EMPTY	EMPTY	RISK-04-MATERIALIZE-001
ee39656eac7cf24f7f526e9f7b574b846dbc4d191c598c3b71dcf0ecaf4c7a5e	313b04c2-eaa2-48e9-b756-6501182f97c7	PROCESS	1a13ea0495c762c614f4fa5cbcf476764c9287e017255d6e15df7cb6defa5748	f0d60f4d-849f-4ef2-aa5b-5535bca53c2a	전기설비계측	전기설비계측	PROMOTED_FROM_SOURCE	DRAFT	RISK-04-APPROVE-001	62c2c50e3c0becbe23a686735d1a7e50ed8bce2f3fa23c539d2250b68227c2d7	EMPTY	EMPTY	RISK-04-MATERIALIZE-001
ee6c41f2ed48ba58329afbe31673c97b6af2e326b35b284237ac74bdfe372b81	90903882-5745-43fe-86b4-0342dc0396ca	PROCESS	9ac4bb062d521abe8e69b359393e5ce6cf23efda77d4f73fbaae1d63f43d738f	028d5fdc-46ea-4021-ae54-f10eaa310163	기타응용측량	기타응용측량	PROMOTED_FROM_SOURCE	DRAFT	RISK-04-APPROVE-001	62c2c50e3c0becbe23a686735d1a7e50ed8bce2f3fa23c539d2250b68227c2d7	EMPTY	EMPTY	RISK-04-MATERIALIZE-001
ee89c81b5167932c6a2ee28ce5d69ef4e5750b6d68de277e8c8fa4be54b9484d	438a638f-363f-424b-8690-eb259171d4a7	PROCESS	064c77f0388387fc7ab9132fe3344da1283bbf61141536b1db07134cf70efdf0	f0d11573-8ae7-43e8-a1ea-1c3596a54d06	운반기계설비공사	운반기계설비공사	MERGED_FROM_REVIEWED_SOURCES	DRAFT	RISK-04-APPROVE-001	62c2c50e3c0becbe23a686735d1a7e50ed8bce2f3fa23c539d2250b68227c2d7	EMPTY	EMPTY	RISK-04-MATERIALIZE-001
ee921edac279290dd165e5e4a386ebd0488886641593c917d731098a68203c66	908da121-620d-42bd-947b-d7945690e1f3	TASK	1cfec0bc08793ae94b4373544f7f2c319776ddeaba08da3e088897273233c360	df28c14e-0fab-4d8b-93a2-4803a1e122b4	토사류기타시험	토사류기타시험	PROMOTED_FROM_SOURCE	DRAFT	RISK-04-APPROVE-001	62c2c50e3c0becbe23a686735d1a7e50ed8bce2f3fa23c539d2250b68227c2d7	EMPTY	EMPTY	RISK-04-MATERIALIZE-001
eed4ca91d2eebf54fd65616a1883deb0f030b5f1a097cf88488b3cd1e4d121b6	609c86eb-94f6-447c-9805-e0ff032b80f4	PROCESS	EMPTY	EMPTY	폐기물처리및대기환경설비관련공사	폐기물처리및대기환경설비관련공사	PROMOTED_FROM_SOURCE	DRAFT	RISK-04-APPROVE-001	62c2c50e3c0becbe23a686735d1a7e50ed8bce2f3fa23c539d2250b68227c2d7	EMPTY	EMPTY	RISK-04-MATERIALIZE-001
ef15473dcf1dacc031152633b6877f4e1c47fcd70c78f83f7415963c200c25a4	f87aa2e0-5e8c-4be7-b4c0-abf6229b83f4	PROCESS	54ee11f0f90aca0d4c8c52a6baa3cf19b78610c21edf272b68390f7468c2747b	129ad2c3-e7b7-43f4-abb5-cda5f2be067a	살수설비보조설비공사	살수설비보조설비공사	PROMOTED_FROM_SOURCE	DRAFT	RISK-04-APPROVE-001	62c2c50e3c0becbe23a686735d1a7e50ed8bce2f3fa23c539d2250b68227c2d7	EMPTY	EMPTY	RISK-04-MATERIALIZE-001
ef467a3e5fbf9bfabb1bb2275399ad3d5ed56372428997b0f7d746266158e69b	adb3f5d0-c684-4568-83a0-6f58bce8f4bc	TASK	da54d4926aa79473fa6f89610338b0297765d601166ceb67ac95ba973da49bf0	efdfffad-db97-4a7f-b30a-19a78c418d13	휠터재료축조	휠터재료축조	PROMOTED_FROM_SOURCE	DRAFT	RISK-04-APPROVE-001	62c2c50e3c0becbe23a686735d1a7e50ed8bce2f3fa23c539d2250b68227c2d7	EMPTY	EMPTY	RISK-04-MATERIALIZE-001
ef5106a3f08ebe87aa6d4181ef077b2c5ea4b850219d6607cadf51e536d4cffc	58da7351-6147-4834-95b0-0c4fa4f390a5	TASK	3f612031c05b9c0b8ba03255f00c29f63216aab4035a4a662dab66c1ba3616ba	83af0eaa-fc44-43e9-8d32-04cceb71d6f3	거리측정	거리측정	PROMOTED_FROM_SOURCE	DRAFT	RISK-04-APPROVE-001	62c2c50e3c0becbe23a686735d1a7e50ed8bce2f3fa23c539d2250b68227c2d7	EMPTY	EMPTY	RISK-04-MATERIALIZE-001
efbeb03aafbbdea1655e6628dbc04a498122e84682ddd4ef4ba8d77cecfddbe4	ae904b63-6fd3-4c73-9166-c8e3a1c384d7	PROCESS	237ebf08eb25d06542020e6009e6b0a318bbfff75403f46e393fdf07a077f060	cbf9736a-49e5-4971-bfef-05ac83b61b42	소일시멘트주열흙막이	소일시멘트주열흙막이	PROMOTED_FROM_SOURCE	DRAFT	RISK-04-APPROVE-001	62c2c50e3c0becbe23a686735d1a7e50ed8bce2f3fa23c539d2250b68227c2d7	EMPTY	EMPTY	RISK-04-MATERIALIZE-001
efc9d9f04c119bc36af82026655ba39b5bb496c0bc84a1e26395ff62bb6f5446	820fa2f7-7a48-42e8-afdd-ed0851ae8fae	TASK	4d95af2dd5bec935f9d97c990b679e428ec9f123df3e4eef765cf5109b0c75df	36e046ac-a36c-4555-b642-7c604555f379	굴착치환	굴착치환	PROMOTED_FROM_SOURCE	DRAFT	RISK-04-APPROVE-001	62c2c50e3c0becbe23a686735d1a7e50ed8bce2f3fa23c539d2250b68227c2d7	EMPTY	EMPTY	RISK-04-MATERIALIZE-001
efeaecc21ca836cff753e92ede6e0c509a97838a2a41d76bf958ccd12d1d3630	0994b7cd-9810-4c56-8f78-217cf26e3b5a	TASK	206d7fdddef45b9e8a97e6f58bafdc77e5add659193f4b081bef7d0c119bef49	c31d427e-edb6-4d28-a9ae-ff5afd266a20	사암조적	사암조적	PROMOTED_FROM_SOURCE	DRAFT	RISK-04-APPROVE-001	62c2c50e3c0becbe23a686735d1a7e50ed8bce2f3fa23c539d2250b68227c2d7	EMPTY	EMPTY	RISK-04-MATERIALIZE-001
efecc940f1e1cc24cd1b2c16a5246c4cdda733375868d6605fdba6f830646cdf	188ffcfd-f2c2-4c92-9db5-9ec2a8cf653f	TASK	4d95af2dd5bec935f9d97c990b679e428ec9f123df3e4eef765cf5109b0c75df	36e046ac-a36c-4555-b642-7c604555f379	강제치환	강제치환	PROMOTED_FROM_SOURCE	DRAFT	RISK-04-APPROVE-001	62c2c50e3c0becbe23a686735d1a7e50ed8bce2f3fa23c539d2250b68227c2d7	EMPTY	EMPTY	RISK-04-MATERIALIZE-001
f043ecd7b1058a7909717535be66af98f91a496c01eff626b3aa3bac07ff7e89	290b6155-d3f3-404c-bb91-902b712d9eff	TASK	f8f8f8c0ded720ede952c131be6396329a82ad7f1995efa930cff437b5ed9ffa	51606bb5-d9c3-411f-8e33-3cb20fc8f923	회사미장	회사미장	PROMOTED_FROM_SOURCE	DRAFT	RISK-04-APPROVE-001	62c2c50e3c0becbe23a686735d1a7e50ed8bce2f3fa23c539d2250b68227c2d7	EMPTY	EMPTY	RISK-04-MATERIALIZE-001
f0540c003071465bcdecf64501b12465caaa123e006f92019406024ed8b283b4	a6b02dc8-0e65-47bf-a52a-2f656c04c159	TASK	e36382f0d8f225fe74d5e7a526053c2fb280393d66819903c899d1baaecfd9c3	26425132-352f-4b1a-85e2-88ef090df5cc	가설수질오염방지	가설수질오염방지	PROMOTED_FROM_SOURCE	DRAFT	RISK-04-APPROVE-001	62c2c50e3c0becbe23a686735d1a7e50ed8bce2f3fa23c539d2250b68227c2d7	EMPTY	EMPTY	RISK-04-MATERIALIZE-001
f0f16c06ab4cb90d25d4fe89308cc6c166adb5d47278506dbaf906f92a58573e	0cb65197-0fe0-43db-8421-8cd559c8d4e5	TASK	13f01c1ad0d027cd2397d07a0e9eafb5222e1bbae9c0855e76a6ca66d279e062	71f3ec22-bbb7-483f-a6b5-f089eac9007c	골재채취 생산	골재채취 생산	PROMOTED_FROM_SOURCE	DRAFT	RISK-04-APPROVE-001	62c2c50e3c0becbe23a686735d1a7e50ed8bce2f3fa23c539d2250b68227c2d7	EMPTY	EMPTY	RISK-04-MATERIALIZE-001
f1168a4e4a506320c79ba0fcac09dae44be7947144aace80dba61b9a2b378350	ed76117b-a883-4f51-b599-d6c9d721a6e3	PROCESS	fc4f7df78ecb9755d8ff69c7766d178706b5e53fc3bd41fe4723431d9bcd5bf1	fa9bc1cf-4143-49e0-a578-32622795b91d	어스앵커(EarthAnchor) 록앵커흙막이	어스앵커(EarthAnchor) 록앵커흙막이	PROMOTED_FROM_SOURCE	DRAFT	RISK-04-APPROVE-001	62c2c50e3c0becbe23a686735d1a7e50ed8bce2f3fa23c539d2250b68227c2d7	EMPTY	EMPTY	RISK-04-MATERIALIZE-001
f1362bf88c3b9464dbc82d80cc2ce508a4947f8f778e2a5300706dacdbe724bc	f006b7f6-eacb-465a-9cf5-366b00a020cb	PROCESS	f8f8f8c0ded720ede952c131be6396329a82ad7f1995efa930cff437b5ed9ffa	51606bb5-d9c3-411f-8e33-3cb20fc8f923	합성수지혼화모르터미장	합성수지혼화모르터미장	PROMOTED_FROM_SOURCE	DRAFT	RISK-04-APPROVE-001	62c2c50e3c0becbe23a686735d1a7e50ed8bce2f3fa23c539d2250b68227c2d7	EMPTY	EMPTY	RISK-04-MATERIALIZE-001
f1929d5e90879fcbe57891d91cd35b3ce14f81ab4e0f80681944afdb5c664d71	fcfc7c0c-c219-4615-9717-850e9613e9a2	PROCESS	6b98d35f3e55a1716df158a441525178b2d9f6cec422a4ebfec65483568a807f	63e696af-4c36-4e45-9442-c6167512ceb9	TBM공법굴착	TBM공법굴착	PROMOTED_FROM_SOURCE	DRAFT	RISK-04-APPROVE-001	62c2c50e3c0becbe23a686735d1a7e50ed8bce2f3fa23c539d2250b68227c2d7	EMPTY	EMPTY	RISK-04-MATERIALIZE-001
f1ce1085aa7de89c8f19a00c7ec475adcf76e1ba4c0a0651bb993777187dd60c	64cc5b9c-74bc-41e3-97cb-f1fe81f0d0f9	TASK	255d60e7fb7f5be1ec9308980924ecdd73790d9874ec07b53dad5a969b7e8129	ee7cba05-c783-4381-821a-bcb3d17c1c87	포장제거	포장제거	PROMOTED_FROM_SOURCE	DRAFT	RISK-04-APPROVE-001	62c2c50e3c0becbe23a686735d1a7e50ed8bce2f3fa23c539d2250b68227c2d7	EMPTY	EMPTY	RISK-04-MATERIALIZE-001
f235f7f7fb413230f5f653e9f0172a51ac3d0b2a446aa7d020b94803ee7d934a	e6e5c460-6c7a-4234-8823-ae8f98451029	PROCESS	33f1ddfc015d1a5a3173d5aa56062b9af98458c2e93edc02b239d897ef4ba8d7	07309343-35ef-4208-86db-a8bac28a8b72	조적부속공사	조적부속공사	PROMOTED_FROM_SOURCE	DRAFT	RISK-04-APPROVE-001	62c2c50e3c0becbe23a686735d1a7e50ed8bce2f3fa23c539d2250b68227c2d7	EMPTY	EMPTY	RISK-04-MATERIALIZE-001
f2845fdbbbc2e76f294d13974254c644ee77c981dbcbc46800ac4544c0b58d13	09923e6e-8fc7-4e1f-ae2c-14c970328a7b	PROCESS	5bc3acd70ef94be1828618eb4eee664445fda4b87144a9b0b917ff2c6a19b740	c4f888a2-ea91-4ccf-a236-9e3bb687f0db	건축물전기설비공사	건축물전기설비공사	MERGED_FROM_REVIEWED_SOURCES	DRAFT	RISK-04-APPROVE-001	62c2c50e3c0becbe23a686735d1a7e50ed8bce2f3fa23c539d2250b68227c2d7	EMPTY	EMPTY	RISK-04-MATERIALIZE-001
f2996f6bafd81f257eb5bb413e1d97fc2d7ef6be46a6c1255c1d8d956c03d4cb	cb9947ef-ba2f-4bb6-a06c-da056563addb	PROCESS	db6bafcb5396a619ac639b6b4871b38bfd9450a31c31a9a46bbc731f09998c99	df727d07-1df7-4d0b-9607-451c8ce4ba7b	방송관련설비공사	방송관련설비공사	PROMOTED_FROM_SOURCE	DRAFT	RISK-04-APPROVE-001	62c2c50e3c0becbe23a686735d1a7e50ed8bce2f3fa23c539d2250b68227c2d7	EMPTY	EMPTY	RISK-04-MATERIALIZE-001
f2a2012f70083b9edb3b40cc23a58817b32681b25601bdbbfde2b8b5bd82c0c6	f894ef87-82ce-42fc-936a-5c2677b9d536	PROCESS	97fb76d45383c405adb1236d93e2b6e7d03f0dcb21430cc51ed6c6c0cd0f1ee7	1a7e57c5-a04d-4871-8977-c460a1995996	아이스링크보조설비공사	아이스링크보조설비공사	PROMOTED_FROM_SOURCE	DRAFT	RISK-04-APPROVE-001	62c2c50e3c0becbe23a686735d1a7e50ed8bce2f3fa23c539d2250b68227c2d7	EMPTY	EMPTY	RISK-04-MATERIALIZE-001
f2c8ab24718b5f95957635abcce829d3e5f5856dd17171ef602b55175e204ce8	6c6b7610-dd9e-4a85-88fc-0f6835c5a932	TASK	0c7cbc64f8d302a1f8747d7ae32ce9ffaee277cd8cba504690b8fdfc4d183e01	e3e9f2b0-e7f5-4411-ae3f-23bdeb4984c8	잔디씨뿌리기	잔디씨뿌리기	PROMOTED_FROM_SOURCE	DRAFT	RISK-04-APPROVE-001	62c2c50e3c0becbe23a686735d1a7e50ed8bce2f3fa23c539d2250b68227c2d7	EMPTY	EMPTY	RISK-04-MATERIALIZE-001
f2f38447710b0762f0fc5b3c9ad8e138173d9777a039b78e24a20430710b17ec	011c9b22-62b5-4e39-8e72-f60e147d2aff	PROCESS	acaa682822a7efd396a4b67c1cc0cd12330fcc5b12523b900fcbf713b88e18e4	946afb48-0059-4654-b316-804cc574ac1d	코킹부속공사	코킹부속공사	PROMOTED_FROM_SOURCE	DRAFT	RISK-04-APPROVE-001	62c2c50e3c0becbe23a686735d1a7e50ed8bce2f3fa23c539d2250b68227c2d7	EMPTY	EMPTY	RISK-04-MATERIALIZE-001
f443e64a9ad9eb1511986586cfc6f6bc656e666dc775fac7adddaff9988867e2	29121c97-8f71-4f5d-a5a5-0185d0d7d386	TASK	67147c00f93715db6e67724936aa012d382613bba7f73e3cc28d2e5deca1d52b	128af189-99ce-4b61-b638-1ae7b9cc7267	내화처리	내화처리	PROMOTED_FROM_SOURCE	DRAFT	RISK-04-APPROVE-001	62c2c50e3c0becbe23a686735d1a7e50ed8bce2f3fa23c539d2250b68227c2d7	EMPTY	EMPTY	RISK-04-MATERIALIZE-001
f493d8c376ab3b2ac7b1977abb4a8c8f5c99f3af34138a87b7d26166a44b4527	f08910aa-06e1-4761-9fb7-0844d32f48b3	TASK	0707456a5c306be3d67234d29e08107639ee0b50f5a561190a450f493338c615	ed0b5c8b-42a0-460d-bfe4-188a13265758	구조물지정	구조물지정	PROMOTED_FROM_SOURCE	DRAFT	RISK-04-APPROVE-001	62c2c50e3c0becbe23a686735d1a7e50ed8bce2f3fa23c539d2250b68227c2d7	EMPTY	EMPTY	RISK-04-MATERIALIZE-001
f52ae7416a09a26bbb59179713d2ae9be9315392f78c60beec016bca3ba7a5ed	87821858-f12e-485c-967f-d7cbe39552d9	TASK	3f612031c05b9c0b8ba03255f00c29f63216aab4035a4a662dab66c1ba3616ba	83af0eaa-fc44-43e9-8d32-04cceb71d6f3	사진측량	사진측량	PROMOTED_FROM_SOURCE	DRAFT	RISK-04-APPROVE-001	62c2c50e3c0becbe23a686735d1a7e50ed8bce2f3fa23c539d2250b68227c2d7	EMPTY	EMPTY	RISK-04-MATERIALIZE-001
f5319c82511cab99f9e479579e9e5e721ad9f4d0fb2bd25b788f0e67f1e47541	b27dbf79-deb6-4e21-8f7b-354db0631821	PROCESS	7cf0e55fc5775e6c8c2904e17fe2f2fb1effd811daa301fed9bf80a8191795bb	98fef6ba-dd32-4272-b518-e7694a378846	송전설비별설치공사	송전설비별설치공사	PROMOTED_FROM_SOURCE	DRAFT	RISK-04-APPROVE-001	62c2c50e3c0becbe23a686735d1a7e50ed8bce2f3fa23c539d2250b68227c2d7	EMPTY	EMPTY	RISK-04-MATERIALIZE-001
f536413e98b1912630cca19cc0911b5d42e52e12812766a8801370123b28f76b	69381494-9a4c-4941-8ca9-c64d55fbdab8	TASK	35e837c8c67c91eccbccf3c7b34a3aac68e17f34a15595aa80e4f538f6d6b179	b1e5dbad-5462-4f82-b31b-f7c9bbf44a6c	띠타일붙이기	띠타일붙이기	PROMOTED_FROM_SOURCE	DRAFT	RISK-04-APPROVE-001	62c2c50e3c0becbe23a686735d1a7e50ed8bce2f3fa23c539d2250b68227c2d7	EMPTY	EMPTY	RISK-04-MATERIALIZE-001
f58a8c7f8ca92c6a579f31ab7bf05b33b0fec0e66bde596d422be105abde7dc6	31ad3b6b-cbb4-4287-a2f4-45ab8462dc5a	PROCESS	93ae7b84189bc8304c057789df6250d445b811e96b1fcdd0f2cada5e82954ac2	30fa94d3-a3e1-43dc-8205-81afa30f5351	주차관제설비공사	주차관제설비공사	PROMOTED_FROM_SOURCE	DRAFT	RISK-04-APPROVE-001	62c2c50e3c0becbe23a686735d1a7e50ed8bce2f3fa23c539d2250b68227c2d7	EMPTY	EMPTY	RISK-04-MATERIALIZE-001
f6136315a802d17c09823869f297e255f8b0b49136bab52bd53e6550b65817cf	d6e9455e-0b8e-4822-80d3-06872e64654c	TASK	2e224943f999c88f0c671f50f59d023c08f6b74d2a90e1da9908757a7490512a	6dc08165-a122-4030-9079-20084f2fa59c	레일도유기설치	레일도유기설치	PROMOTED_FROM_SOURCE	DRAFT	RISK-04-APPROVE-001	62c2c50e3c0becbe23a686735d1a7e50ed8bce2f3fa23c539d2250b68227c2d7	EMPTY	EMPTY	RISK-04-MATERIALIZE-001
f6147d041f05f4219641dfe85203b719db44f89675aa5f3dd1c9fb61c74dc8bb	de421c18-8665-4c82-9a90-24d24ecbf8e0	TASK	0c7cbc64f8d302a1f8747d7ae32ce9ffaee277cd8cba504690b8fdfc4d183e01	e3e9f2b0-e7f5-4411-ae3f-23bdeb4984c8	종자뿜어붙이기	종자뿜어붙이기	PROMOTED_FROM_SOURCE	DRAFT	RISK-04-APPROVE-001	62c2c50e3c0becbe23a686735d1a7e50ed8bce2f3fa23c539d2250b68227c2d7	EMPTY	EMPTY	RISK-04-MATERIALIZE-001
f623fef0b52bee1b6af73b3be121408df1e36d023ca6dfd07ccaf997b1a5c59e	c948d983-8064-4528-b202-585025a072df	PROCESS	a53c95b548ab1a1a584ad79f325846f8ac90ecce9234f991f9d8be9919341250	ca6f7bea-96f1-456f-be61-e96c129ab18a	칸막이공사	칸막이공사	PROMOTED_FROM_SOURCE	DRAFT	RISK-04-APPROVE-001	62c2c50e3c0becbe23a686735d1a7e50ed8bce2f3fa23c539d2250b68227c2d7	EMPTY	EMPTY	RISK-04-MATERIALIZE-001
f71aa1d13d377156780eaec564e26d55780d0d0bd5bb21be0793bb075cdc5b19	3c60611c-319d-4805-a9b0-4c3e91730331	TASK	0f571190b35b4c9aae3b26ab96a87556f65be7b3e8cb1824c06a807dc34bc0b7	02cd1121-108c-4ee3-89de-c83d73cda213	천정패브릭붙이기	천정패브릭붙이기	PROMOTED_FROM_SOURCE	DRAFT	RISK-04-APPROVE-001	62c2c50e3c0becbe23a686735d1a7e50ed8bce2f3fa23c539d2250b68227c2d7	EMPTY	EMPTY	RISK-04-MATERIALIZE-001
f7532ac33b98fe1ee59574d35e2192a05a31b64fc95cc9c59b238108177e8b06	5639c61f-0dff-4f8e-b611-3efc2ae3c1ff	TASK	ab5cb14d0f35c4b9c8716882ac8be1f632db619bed3db9e612c87d77954024a0	135be024-0406-4ca9-8e07-5803429117f5	구조물배관접합	구조물배관접합	PROMOTED_FROM_SOURCE	DRAFT	RISK-04-APPROVE-001	62c2c50e3c0becbe23a686735d1a7e50ed8bce2f3fa23c539d2250b68227c2d7	EMPTY	EMPTY	RISK-04-MATERIALIZE-001
f7aee4976d0cdbf81efee8948cce5f9cadd72d70f5fc729e44e30a5dfd6e6224	169c3877-384c-4d26-abb5-a00fab864483	TASK	9d1d7e3cf333b05c23ed838742a05d0d01c6bc294913a89e1f2bb1ad7a31babe	7b1c268e-1120-45b8-bcd5-0716c1f785a1	탄성시트방습	탄성시트방습	PROMOTED_FROM_SOURCE	DRAFT	RISK-04-APPROVE-001	62c2c50e3c0becbe23a686735d1a7e50ed8bce2f3fa23c539d2250b68227c2d7	EMPTY	EMPTY	RISK-04-MATERIALIZE-001
f7eb29fc70fee2fbfc58c457b21380387a748a6fdcab112ffe168f5fae809e0e	8cb5a832-c41a-4ea7-82fe-dd79c5021ea7	TASK	6eca78379c93853863766d02655b1003ca45241d359ae85d92aad4c0ba2d84aa	6f2f4427-709e-41a5-a43f-2b7cc6d6216b	레일신축이음장치설치	레일신축이음장치설치	PROMOTED_FROM_SOURCE	DRAFT	RISK-04-APPROVE-001	62c2c50e3c0becbe23a686735d1a7e50ed8bce2f3fa23c539d2250b68227c2d7	EMPTY	EMPTY	RISK-04-MATERIALIZE-001
f85514f18f5b1fdbb8a9f7a7c542416346de4784c61bea17d4d381cb41d54eb9	2afe7bd3-4a4a-4778-a53b-3d84e105e01f	TASK	2a61841990e611de8f10680c45bb92bb5f7c296bed72f99b485ae13d9028b2ba	d16c487b-6ddd-4bfe-b650-b5c9d7fc5ecb	약제살포	약제살포	PROMOTED_FROM_SOURCE	DRAFT	RISK-04-APPROVE-001	62c2c50e3c0becbe23a686735d1a7e50ed8bce2f3fa23c539d2250b68227c2d7	EMPTY	EMPTY	RISK-04-MATERIALIZE-001
f8759c31af7d23a72eb9a9c69ff49cf7f93593dcfcefa8c8c474d45db64f4c8e	3f2b10e7-7339-4403-92b5-7d1dd6861cca	PROCESS	9d7bad7d3377b0051c155133999851cda03afb637f6fc506662aa14608b8fd72	23c12507-241e-4e79-a855-4ab96b1ce94d	천공공사	천공공사	PROMOTED_FROM_SOURCE	DRAFT	RISK-04-APPROVE-001	62c2c50e3c0becbe23a686735d1a7e50ed8bce2f3fa23c539d2250b68227c2d7	EMPTY	EMPTY	RISK-04-MATERIALIZE-001
f8f8f8c0ded720ede952c131be6396329a82ad7f1995efa930cff437b5ed9ffa	51606bb5-d9c3-411f-8e33-3cb20fc8f923	PROCESS	EMPTY	EMPTY	미장공사	미장공사	PROMOTED_FROM_SOURCE	DRAFT	RISK-04-APPROVE-001	62c2c50e3c0becbe23a686735d1a7e50ed8bce2f3fa23c539d2250b68227c2d7	EMPTY	EMPTY	RISK-04-MATERIALIZE-001
f955a9b9430faf6ce060864e51e45fbfa4fe19e12c6fd14b7ca87a5f016bad26	33e51c5d-35d5-4d2e-90bd-f657a2c03043	TASK	fcf56aeed97bbc55ffffd3b1922a372eb38a1d8032b0957878ffd2f59c39e099	f0bbccab-664f-4f1b-ad59-994b723b7e90	연도제작및설치공사	연도제작및설치공사	PROMOTED_FROM_SOURCE	DRAFT	RISK-04-APPROVE-001	62c2c50e3c0becbe23a686735d1a7e50ed8bce2f3fa23c539d2250b68227c2d7	EMPTY	EMPTY	RISK-04-MATERIALIZE-001
f9ca32ca030b7a7fdf1e1d0d815a9a452344402b5b9c2c6900d619510def900a	0ff5876a-fb3f-4283-949b-cad5d0278b91	PROCESS	07d7c21945459092bbedab343d46779dae0e304fd054608896eace638286e5fd	38cf8fe5-03e8-4909-bc6b-f1b6e1c21b4a	소방전기설비공사	소방전기설비공사	PROMOTED_FROM_SOURCE	DRAFT	RISK-04-APPROVE-001	62c2c50e3c0becbe23a686735d1a7e50ed8bce2f3fa23c539d2250b68227c2d7	EMPTY	EMPTY	RISK-04-MATERIALIZE-001
f9cf17b2b2f5c6b7d8fe1ffb539484309590b0c9d771213a593bf60e8c1b046d	1b96d7bd-0fa0-4ae4-8c4e-9c24b0b90b24	PROCESS	EMPTY	EMPTY	석재판재공사	석재판재공사	PROMOTED_FROM_SOURCE	DRAFT	RISK-04-APPROVE-001	62c2c50e3c0becbe23a686735d1a7e50ed8bce2f3fa23c539d2250b68227c2d7	EMPTY	EMPTY	RISK-04-MATERIALIZE-001
fa30c32dc5a3445a9fdafde308d4124dd04332a5b62bb544ffe66486289a3c90	a92aaf6c-ef7e-4358-84ec-76fcc1f42d3b	TASK	9ed800b6570d39ac38f5b3202f23981e90d8eb5f37d7e7a332ddcaf782dffd65	2e8138ce-e3ca-439b-8e9c-de616f5e6dec	레일보선	레일보선	PROMOTED_FROM_SOURCE	DRAFT	RISK-04-APPROVE-001	62c2c50e3c0becbe23a686735d1a7e50ed8bce2f3fa23c539d2250b68227c2d7	EMPTY	EMPTY	RISK-04-MATERIALIZE-001
fa43225f53340d18b87d168cfa3e666495b66b3d4620644f7ee0376095ff26ff	9a7a04c1-b008-4e1d-9719-8d5e1cdad256	TASK	9d99ccebbabc3543fa22a500a689aa9c9635bf56f19b31ae3a4c0a79be7f3c4a	ac018e40-20ae-468c-bbf0-78257d139fa1	구조체정적계측	구조체정적계측	PROMOTED_FROM_SOURCE	DRAFT	RISK-04-APPROVE-001	62c2c50e3c0becbe23a686735d1a7e50ed8bce2f3fa23c539d2250b68227c2d7	EMPTY	EMPTY	RISK-04-MATERIALIZE-001
fa8aa5b36857c1199761987bc82ca71f3fc4795b5ac041114bcf54f64c9d6874	a2cbb9aa-6cc2-4343-aede-4173a75eb016	TASK	adacfa272eb4a6a674af7667b520a6085d7d0d0455f5ea6f5b4444af491f8024	c3f2f7b9-18b4-4702-8b8d-7548f906d437	테라조타일깔기	테라조타일깔기	PROMOTED_FROM_SOURCE	DRAFT	RISK-04-APPROVE-001	62c2c50e3c0becbe23a686735d1a7e50ed8bce2f3fa23c539d2250b68227c2d7	EMPTY	EMPTY	RISK-04-MATERIALIZE-001
fae9d846f0ef7c18b38c69e2c0a5b3680621e25d48b9ba3f4577c63e32f61f90	0e0da9fe-15d9-460c-b3e4-b00fece2d593	TASK	7813a8d1e3c60d92b3956e15f6ed59cb0f8161ab2b50edab4d4f901288342ed0	efa362d3-2550-439a-a444-c44d1639f8f5	위생도기철거 해체	위생도기철거 해체	PROMOTED_FROM_SOURCE	DRAFT	RISK-04-APPROVE-001	62c2c50e3c0becbe23a686735d1a7e50ed8bce2f3fa23c539d2250b68227c2d7	EMPTY	EMPTY	RISK-04-MATERIALIZE-001
fb5c705f7516af200b22bbbad6ff553dab95a84c50b5668054c76b201399bc2c	85d48ec8-2e48-442c-8f43-6982e9e069fd	PROCESS	2939170808ebb6a308fbe155abc1965bc0671106260b8a9289cd5d7a2e2f189b	14d55c47-2cba-46e1-96bc-4c3441858ad7	배관및배관관련부속보온공사	배관및배관관련부속보온공사	PROMOTED_FROM_SOURCE	DRAFT	RISK-04-APPROVE-001	62c2c50e3c0becbe23a686735d1a7e50ed8bce2f3fa23c539d2250b68227c2d7	EMPTY	EMPTY	RISK-04-MATERIALIZE-001
fba05c07dc62b9938f5b28091b8d88b0633208a1d76deef0200ed6a85b06b11d	283ded33-4df9-486a-b46f-1a739a0fde76	PROCESS	f9cf17b2b2f5c6b7d8fe1ffb539484309590b0c9d771213a593bf60e8c1b046d	1b96d7bd-0fa0-4ae4-8c4e-9c24b0b90b24	석재마감공사	석재마감공사	PROMOTED_FROM_SOURCE	DRAFT	RISK-04-APPROVE-001	62c2c50e3c0becbe23a686735d1a7e50ed8bce2f3fa23c539d2250b68227c2d7	EMPTY	EMPTY	RISK-04-MATERIALIZE-001
fbc4319f189d188315154cac4955eb20fbfd36586f627182fb6839e38aa826fb	1f9e64c8-7b6f-4fa4-8d1f-8d97211645c8	PROCESS	9c5d076acd3550d07d3b8d5e161a39d20bc03992a7d1c3a04b07f92d854efb99	c9cb3627-109a-4e0c-8fbb-1abb31f759ea	변전설비공사	변전설비공사	PROMOTED_FROM_SOURCE	DRAFT	RISK-04-APPROVE-001	62c2c50e3c0becbe23a686735d1a7e50ed8bce2f3fa23c539d2250b68227c2d7	EMPTY	EMPTY	RISK-04-MATERIALIZE-001
fbcbd1072db570aeebcfabc93dd134d519c6ca38c1b2dac2e1d848adf0f6c702	78725ef9-b85c-4ec5-b7e4-f5a29136b51d	TASK	0f571190b35b4c9aae3b26ab96a87556f65be7b3e8cb1824c06a807dc34bc0b7	02cd1121-108c-4ee3-89de-c83d73cda213	천정석고보드붙이기	천정석고보드붙이기	PROMOTED_FROM_SOURCE	DRAFT	RISK-04-APPROVE-001	62c2c50e3c0becbe23a686735d1a7e50ed8bce2f3fa23c539d2250b68227c2d7	EMPTY	EMPTY	RISK-04-MATERIALIZE-001
fc3da934fdd305b31619ac6585ade6da86cb13edba11cf2937f0a5394157d309	e76378e7-0cd1-421e-b22b-b747e11ba5f7	TASK	663731e91305b8886f5920d0f41659f79dea06180109346b38779bf90058409e	1850eed5-cd9e-4d3e-9bc3-d99c95102c33	시멘트계타일바닥붙이기	시멘트계타일바닥붙이기	PROMOTED_FROM_SOURCE	DRAFT	RISK-04-APPROVE-001	62c2c50e3c0becbe23a686735d1a7e50ed8bce2f3fa23c539d2250b68227c2d7	EMPTY	EMPTY	RISK-04-MATERIALIZE-001
fc4f7df78ecb9755d8ff69c7766d178706b5e53fc3bd41fe4723431d9bcd5bf1	fa9bc1cf-4143-49e0-a578-32622795b91d	PROCESS	EMPTY	EMPTY	흙막이및지보공사	흙막이및지보공사	PROMOTED_FROM_SOURCE	DRAFT	RISK-04-APPROVE-001	62c2c50e3c0becbe23a686735d1a7e50ed8bce2f3fa23c539d2250b68227c2d7	EMPTY	EMPTY	RISK-04-MATERIALIZE-001
fce048a6ba4d60e4520ac1f54189361e1b473e1bab9f15c88000e42fa44abe0c	7883246b-2742-4708-9868-5b5be29afbe5	PROCESS	b010f76c574f6761abb7e73d610ed737629be5b00dffea26cbddac07135e7587	6a52b996-2bc6-43cd-9f29-02cab6f1700c	건축품질시험	건축품질시험	MERGED_FROM_REVIEWED_SOURCES	DRAFT	RISK-04-APPROVE-001	62c2c50e3c0becbe23a686735d1a7e50ed8bce2f3fa23c539d2250b68227c2d7	EMPTY	EMPTY	RISK-04-MATERIALIZE-001
fcf56aeed97bbc55ffffd3b1922a372eb38a1d8032b0957878ffd2f59c39e099	f0bbccab-664f-4f1b-ad59-994b723b7e90	PROCESS	49211b2052bbcd7b5bfbcc655622bc55a5e030d18781279df5248769f2649dc0	73869123-c8b9-487e-ba92-1a6bea143b1d	덕트공사	덕트공사	PROMOTED_FROM_SOURCE	DRAFT	RISK-04-APPROVE-001	62c2c50e3c0becbe23a686735d1a7e50ed8bce2f3fa23c539d2250b68227c2d7	EMPTY	EMPTY	RISK-04-MATERIALIZE-001
fd3648260f5e6a72b865497f1d9e85870bbb5dbe942d598706e54a7fc1a30d4c	90b74850-9db6-4166-be8d-b474d5ceaa12	PROCESS	9d7bad7d3377b0051c155133999851cda03afb637f6fc506662aa14608b8fd72	23c12507-241e-4e79-a855-4ab96b1ce94d	지지금구류공사	지지금구류공사	PROMOTED_FROM_SOURCE	DRAFT	RISK-04-APPROVE-001	62c2c50e3c0becbe23a686735d1a7e50ed8bce2f3fa23c539d2250b68227c2d7	EMPTY	EMPTY	RISK-04-MATERIALIZE-001
fd44748d3e4a8ed1846994326f93b2640fad9134af08e79d78bc76443957828c	9807ebbc-cb14-41a9-8e20-cf461920dc61	PROCESS	0cf1376b9030596d2d58587d424d5e541a9dc9da939a221d2100a8075df6e45f	940f369c-9158-45a8-b1cf-bc74b74d0b12	자동제어설비공사	자동제어설비공사	PROMOTED_FROM_SOURCE	DRAFT	RISK-04-APPROVE-001	62c2c50e3c0becbe23a686735d1a7e50ed8bce2f3fa23c539d2250b68227c2d7	EMPTY	EMPTY	RISK-04-MATERIALIZE-001
fd4fb7daa5d1236f960e5a00fae7ed74f5fd44fe1f25a33509ce18261c0e5aff	915d5258-278c-4e35-a2a0-8ddb4055ac93	TASK	2425326b235dd2d6471a9eaa0be5c51bcd0d64c42cfa796d4d2f4ffbf1785ed4	af0a9b1a-5106-4a6e-94a5-80dc7fc0779e	벤토나이트판넬방수	벤토나이트판넬방수	PROMOTED_FROM_SOURCE	DRAFT	RISK-04-APPROVE-001	62c2c50e3c0becbe23a686735d1a7e50ed8bce2f3fa23c539d2250b68227c2d7	EMPTY	EMPTY	RISK-04-MATERIALIZE-001
fd72ccba1b2890b393bd7c04c7e7d25ab5b9876283ab835d9d6715a19164a85f	1ff1902b-89e9-4b8f-b173-4ea36c7047ea	TASK	0707456a5c306be3d67234d29e08107639ee0b50f5a561190a450f493338c615	ed0b5c8b-42a0-460d-bfe4-188a13265758	절토면고르기	절토면고르기	PROMOTED_FROM_SOURCE	DRAFT	RISK-04-APPROVE-001	62c2c50e3c0becbe23a686735d1a7e50ed8bce2f3fa23c539d2250b68227c2d7	EMPTY	EMPTY	RISK-04-MATERIALIZE-001
fd75ac4138ed5409d0ed30aae578a02942ab49528558d47e4261136cfbe58831	643b3672-fbbc-4538-beed-ecc02f1f1ab0	PROCESS	094c2a06438b38402ce06ad7013f0d454002110bdbcbf8e2401b3ec4dc941191	218a19dd-a075-456a-8c08-cc1df02d3d95	냉동냉장실공사	냉동냉장실공사	PROMOTED_FROM_SOURCE	DRAFT	RISK-04-APPROVE-001	62c2c50e3c0becbe23a686735d1a7e50ed8bce2f3fa23c539d2250b68227c2d7	EMPTY	EMPTY	RISK-04-MATERIALIZE-001
fd90a2258372539070e5c4d06e5daffb0d65f1d72c4db6f0b2a9cc04d473c76c	0abadfe5-fb32-4079-855b-e59d4de25376	PROCESS	db6bafcb5396a619ac639b6b4871b38bfd9450a31c31a9a46bbc731f09998c99	df727d07-1df7-4d0b-9607-451c8ce4ba7b	방송수신설비공사	방송수신설비공사	PROMOTED_FROM_SOURCE	DRAFT	RISK-04-APPROVE-001	62c2c50e3c0becbe23a686735d1a7e50ed8bce2f3fa23c539d2250b68227c2d7	EMPTY	EMPTY	RISK-04-MATERIALIZE-001
fd98cd55706d3e5c006fe7f8b6e705649fdee425f66e36383a54d39a8fce5fcf	e8657c9f-3d2d-4fa3-bd59-bedca9b614e8	TASK	da54d4926aa79473fa6f89610338b0297765d601166ceb67ac95ba973da49bf0	efdfffad-db97-4a7f-b30a-19a78c418d13	랜덤재료축조	랜덤재료축조	PROMOTED_FROM_SOURCE	DRAFT	RISK-04-APPROVE-001	62c2c50e3c0becbe23a686735d1a7e50ed8bce2f3fa23c539d2250b68227c2d7	EMPTY	EMPTY	RISK-04-MATERIALIZE-001
fdd337647aeb2134043b6e9db539b46c0da81460d6417cb7a8fbeaf52e8c0818	1e300312-5faf-4bd9-8369-e0ee55e2a61e	TASK	f235f7f7fb413230f5f653e9f0172a51ac3d0b2a446aa7d020b94803ee7d934a	e6e5c460-6c7a-4234-8823-ae8f98451029	보강기둥설치	보강기둥설치	PROMOTED_FROM_SOURCE	DRAFT	RISK-04-APPROVE-001	62c2c50e3c0becbe23a686735d1a7e50ed8bce2f3fa23c539d2250b68227c2d7	EMPTY	EMPTY	RISK-04-MATERIALIZE-001
fdd8598eda4acff821f5cc5046933fa17358c3fdcbaade8a3e09f70f5a0322e4	ec0582d6-f4a4-40a0-8771-a5bd193446d1	PROCESS	8aaa758ea825b88d4d29afbb451571097b54c58dedb40a6e6e781331df8c88f0	5186e0fc-1ac5-407e-b697-a6956e0f1b80	수력발전설비공사	수력발전설비공사	PROMOTED_FROM_SOURCE	DRAFT	RISK-04-APPROVE-001	62c2c50e3c0becbe23a686735d1a7e50ed8bce2f3fa23c539d2250b68227c2d7	EMPTY	EMPTY	RISK-04-MATERIALIZE-001
fdddc3011b2e5e91f80ad0bcb66843f5a011dd5cacda4a2ea063150604cc212e	e8b8cfc5-7189-4948-9556-b0fd771265b3	PROCESS	082742d404d587bd5bec7873781faf224ccd9811d3ee56edbfbf8e6dacc79dfc	3e504345-cf05-4dcd-8e11-55a4b46ec34f	도시가스공급설비공사	도시가스공급설비공사	PROMOTED_FROM_SOURCE	DRAFT	RISK-04-APPROVE-001	62c2c50e3c0becbe23a686735d1a7e50ed8bce2f3fa23c539d2250b68227c2d7	EMPTY	EMPTY	RISK-04-MATERIALIZE-001
fe07871ac4ddd99e3d0c8137b7714bc167f62652435401e7df66331da5bd0d29	3d7618f7-a54a-44ca-b609-46417ae66b6f	TASK	43b1a189bbf02fb3ce567f440980c23d9a28a5fb5594f4f5a703ac6331f5fdfe	03e39a42-dde8-46e5-801a-859b93fed859	수경시설물설치	수경시설물설치	PROMOTED_FROM_SOURCE	DRAFT	RISK-04-APPROVE-001	62c2c50e3c0becbe23a686735d1a7e50ed8bce2f3fa23c539d2250b68227c2d7	EMPTY	EMPTY	RISK-04-MATERIALIZE-001
fe3b05a30d31256b53a6dcc94111801362d90178eb293cbab8c0cc82a4ba2301	f49a9338-3627-4910-ad15-596d1b64d33b	PROCESS	0cf1376b9030596d2d58587d424d5e541a9dc9da939a221d2100a8075df6e45f	940f369c-9158-45a8-b1cf-bc74b74d0b12	자동제어설비시스템별공사	자동제어설비시스템별공사	PROMOTED_FROM_SOURCE	DRAFT	RISK-04-APPROVE-001	62c2c50e3c0becbe23a686735d1a7e50ed8bce2f3fa23c539d2250b68227c2d7	EMPTY	EMPTY	RISK-04-MATERIALIZE-001
fe4ebdc254854d4150f74c4bac5ca3a3a511e1e199a67363a932b19959c0de0d	7f4b32df-840d-4aa9-b0f1-1614ad328921	PROCESS	c2a3e47336f118519e2032660071a1d358d9069a7b3d4068ffd3d5198ff6ba53	9400d13e-be80-4369-b2ec-801fdb3f2db4	석유비축및수송시설설비공사	석유비축및수송시설설비공사	PROMOTED_FROM_SOURCE	DRAFT	RISK-04-APPROVE-001	62c2c50e3c0becbe23a686735d1a7e50ed8bce2f3fa23c539d2250b68227c2d7	EMPTY	EMPTY	RISK-04-MATERIALIZE-001
ffb7ce9b3cc90d418858fa956a9609256d28e9fac0087e65b78e6d9745547168	82c336ba-857c-4736-99e1-d921ed92daf9	PROCESS	0954849d33f3f16d68648fa6b9789cd137b2a6030d9c853e880c653e0d42741e	2250286c-d9a8-4e68-9898-296bb3d42be1	소방설비별공사	소방설비별공사	PROMOTED_FROM_SOURCE	DRAFT	RISK-04-APPROVE-001	62c2c50e3c0becbe23a686735d1a7e50ed8bce2f3fa23c539d2250b68227c2d7	EMPTY	EMPTY	RISK-04-MATERIALIZE-001
ffce964e0ef14b5c7f594917df7420c33dacf0a26f6bfab3aec9ac951bb26dd1	1e6fde4e-3ba9-43f4-8415-8b42384cdc71	PROCESS	567b3bdd26473d2aae0c8a6f35251397f2c7b90f08b1c3c7a83c11d6643eef99	23b14570-1e3d-4ce6-8e2e-55d4958d772b	가구식구조목공사	가구식구조목공사	PROMOTED_FROM_SOURCE	DRAFT	RISK-04-APPROVE-001	62c2c50e3c0becbe23a686735d1a7e50ed8bce2f3fa23c539d2250b68227c2d7	EMPTY	EMPTY	RISK-04-MATERIALIZE-001
