mapping_plan_key	source_id	source_key	canonical_id	mapping_type	mapping_status	mapping_method	evidence_basis	materialization_id	owner_approval_id	proposal_sha	approval_binding_sha	production_verified
ebb21807bb2397349caeaf04ebece3a6c6c43af49561902c171b57569107c804	CIC_W	0112	882a596c-78dd-4079-ab2c-bad634e529c4	EXACT_EQUIVALENT	APPROVED	MANUAL_REVIEW	OWNER_APPROVED_CONCEPT_MEMBERSHIP	RISK-MAP-MATERIALIZE-001	RISK-MAP-APPROVE-001	036d293c6e2fa506922c53ffcfdd44476ec903fdc639e2c12b73815d4401f026	402b4004b987169e1cc5b9b0356061794218ef45ee473839b80b72a91cf1f9ed	YES
5da1694f4cfddcf5c0ca77e2855a4c30c536e68efb2f69d2a4033cdeb117e2c9	CIC_W	0113	1e1cb456-1c37-493b-a260-5dd23744f258	EXACT_EQUIVALENT	APPROVED	MANUAL_REVIEW	OWNER_APPROVED_CONCEPT_MEMBERSHIP	RISK-MAP-MATERIALIZE-001	RISK-MAP-APPROVE-001	036d293c6e2fa506922c53ffcfdd44476ec903fdc639e2c12b73815d4401f026	402b4004b987169e1cc5b9b0356061794218ef45ee473839b80b72a91cf1f9ed	YES
59100c1100088f0ea28b974cb49c43eee2c3c4da6401639fc66de943408b519e	CIC_W	0114	f7a46c9c-1334-4f1e-9d80-def9c46953d2	EXACT_EQUIVALENT	APPROVED	MANUAL_REVIEW	OWNER_APPROVED_CONCEPT_MEMBERSHIP	RISK-MAP-MATERIALIZE-001	RISK-MAP-APPROVE-001	036d293c6e2fa506922c53ffcfdd44476ec903fdc639e2c12b73815d4401f026	402b4004b987169e1cc5b9b0356061794218ef45ee473839b80b72a91cf1f9ed	YES
82a93c3a0067762ab8f0d6b54f8735692d662c31e52543f29e9554079c04ddde	CIC_W	0115	3f490984-a4e0-4de2-b6d6-4165bda8410c	EXACT_EQUIVALENT	APPROVED	MANUAL_REVIEW	OWNER_APPROVED_CONCEPT_MEMBERSHIP	RISK-MAP-MATERIALIZE-001	RISK-MAP-APPROVE-001	036d293c6e2fa506922c53ffcfdd44476ec903fdc639e2c12b73815d4401f026	402b4004b987169e1cc5b9b0356061794218ef45ee473839b80b72a91cf1f9ed	YES
6d2199710e5ce4edb6964952d7072100a3d752b01edb90623a929cb08f3f6b74	CIC_W	0116	93282807-6170-487e-9344-43d765055467	EXACT_EQUIVALENT	APPROVED	MANUAL_REVIEW	OWNER_APPROVED_CONCEPT_MEMBERSHIP	RISK-MAP-MATERIALIZE-001	RISK-MAP-APPROVE-001	036d293c6e2fa506922c53ffcfdd44476ec903fdc639e2c12b73815d4401f026	402b4004b987169e1cc5b9b0356061794218ef45ee473839b80b72a91cf1f9ed	YES
ae7e8032e3eabce2a7dfc865e6966db97974e81bb43443d0c70f23772335db68	CIC_W	0117	1ac44e66-459b-4afc-8cc4-e5d9ce385ebe	EXACT_EQUIVALENT	APPROVED	MANUAL_REVIEW	OWNER_APPROVED_CONCEPT_MEMBERSHIP	RISK-MAP-MATERIALIZE-001	RISK-MAP-APPROVE-001	036d293c6e2fa506922c53ffcfdd44476ec903fdc639e2c12b73815d4401f026	402b4004b987169e1cc5b9b0356061794218ef45ee473839b80b72a91cf1f9ed	YES
333bd382a87c61ec09334447be96f23dbc86ca907ae05a0f1a5c49c5719bae5b	CIC_W	0118	1546c452-2758-4c09-9aa6-411fd0cdecdd	EXACT_EQUIVALENT	APPROVED	MANUAL_REVIEW	OWNER_APPROVED_CONCEPT_MEMBERSHIP	RISK-MAP-MATERIALIZE-001	RISK-MAP-APPROVE-001	036d293c6e2fa506922c53ffcfdd44476ec903fdc639e2c12b73815d4401f026	402b4004b987169e1cc5b9b0356061794218ef45ee473839b80b72a91cf1f9ed	YES
cc4ac5b31159b2a4cfe6cdd82fe2afc180d5c35cf23c5c2695f49619f02f9825	CIC_W	0119	faaffef1-67ca-4562-b0fc-9f1899b30b35	EXACT_EQUIVALENT	APPROVED	MANUAL_REVIEW	OWNER_APPROVED_CONCEPT_MEMBERSHIP	RISK-MAP-MATERIALIZE-001	RISK-MAP-APPROVE-001	036d293c6e2fa506922c53ffcfdd44476ec903fdc639e2c12b73815d4401f026	402b4004b987169e1cc5b9b0356061794218ef45ee473839b80b72a91cf1f9ed	YES
1e46161fa3eef93ff713b8fcf46979f6d410cfa72a98ff04b4fe0cef689cd57a	CIC_W	03	a15bbe15-e1ac-4833-b22f-773af7b714c8	EXACT_EQUIVALENT	APPROVED	MANUAL_REVIEW	OWNER_APPROVED_CONCEPT_MEMBERSHIP	RISK-MAP-MATERIALIZE-001	RISK-MAP-APPROVE-001	036d293c6e2fa506922c53ffcfdd44476ec903fdc639e2c12b73815d4401f026	402b4004b987169e1cc5b9b0356061794218ef45ee473839b80b72a91cf1f9ed	YES
c06e03ccc3d3c26829742fbbe1808f182fc5f39686637bb1120cdbcf2f8e070f	CIC_W	033	f3a65654-18e3-42e7-bcc6-a534b4569d6f	EXACT_EQUIVALENT	APPROVED	MANUAL_REVIEW	OWNER_APPROVED_CONCEPT_MEMBERSHIP	RISK-MAP-MATERIALIZE-001	RISK-MAP-APPROVE-001	036d293c6e2fa506922c53ffcfdd44476ec903fdc639e2c12b73815d4401f026	402b4004b987169e1cc5b9b0356061794218ef45ee473839b80b72a91cf1f9ed	YES
a3a6059f4726e04cc961f0132492cd82bdafd2d52eca85dfd4864274d78c4e87	CIC_W	034	c430f01c-dd36-4c68-8abb-71125fa19ebf	EXACT_EQUIVALENT	APPROVED	MANUAL_REVIEW	OWNER_APPROVED_CONCEPT_MEMBERSHIP	RISK-MAP-MATERIALIZE-001	RISK-MAP-APPROVE-001	036d293c6e2fa506922c53ffcfdd44476ec903fdc639e2c12b73815d4401f026	402b4004b987169e1cc5b9b0356061794218ef45ee473839b80b72a91cf1f9ed	YES
a6de17751cb1a9bab7e02a925f6b14cc93af653ec2ffe3d64c95c6f8ce09a61e	CIC_W	035	74cf595d-44a2-4eae-9b6e-8ef325c23340	EXACT_EQUIVALENT	APPROVED	MANUAL_REVIEW	OWNER_APPROVED_CONCEPT_MEMBERSHIP	RISK-MAP-MATERIALIZE-001	RISK-MAP-APPROVE-001	036d293c6e2fa506922c53ffcfdd44476ec903fdc639e2c12b73815d4401f026	402b4004b987169e1cc5b9b0356061794218ef45ee473839b80b72a91cf1f9ed	YES
12ed7c7e97b27968646b003a777ab4c6066aea6bc5cd115f82b9d039c0f14ecd	CIC_W	037	c21d1a95-094c-4128-9360-17e6be8b6efc	EXACT_EQUIVALENT	APPROVED	MANUAL_REVIEW	OWNER_APPROVED_CONCEPT_MEMBERSHIP	RISK-MAP-MATERIALIZE-001	RISK-MAP-APPROVE-001	036d293c6e2fa506922c53ffcfdd44476ec903fdc639e2c12b73815d4401f026	402b4004b987169e1cc5b9b0356061794218ef45ee473839b80b72a91cf1f9ed	YES
f0cc523fc10c70eabd0fb68587056b6334ff22b172c0dd77cd30a6f4fde6b2be	CIC_W	0371	f1556510-366c-4de9-b9e5-51e2118e4566	EXACT_EQUIVALENT	APPROVED	MANUAL_REVIEW	OWNER_APPROVED_CONCEPT_MEMBERSHIP	RISK-MAP-MATERIALIZE-001	RISK-MAP-APPROVE-001	036d293c6e2fa506922c53ffcfdd44476ec903fdc639e2c12b73815d4401f026	402b4004b987169e1cc5b9b0356061794218ef45ee473839b80b72a91cf1f9ed	YES
8fddd58f2487f5facc7d2aa55db1a676e713457adbfd1e778b8357eb993eab90	CIC_W	0372	9c499db2-5c4e-46d3-9c7f-a890fcb21a0c	EXACT_EQUIVALENT	APPROVED	MANUAL_REVIEW	OWNER_APPROVED_CONCEPT_MEMBERSHIP	RISK-MAP-MATERIALIZE-001	RISK-MAP-APPROVE-001	036d293c6e2fa506922c53ffcfdd44476ec903fdc639e2c12b73815d4401f026	402b4004b987169e1cc5b9b0356061794218ef45ee473839b80b72a91cf1f9ed	YES
d0c9b657ac269456667d559394258f5cfe8f0f214f2f34126ae156ed28566907	CIC_W	0373	ab5e0e53-de8f-4052-96d2-bf54fc74dbe0	EXACT_EQUIVALENT	APPROVED	MANUAL_REVIEW	OWNER_APPROVED_CONCEPT_MEMBERSHIP	RISK-MAP-MATERIALIZE-001	RISK-MAP-APPROVE-001	036d293c6e2fa506922c53ffcfdd44476ec903fdc639e2c12b73815d4401f026	402b4004b987169e1cc5b9b0356061794218ef45ee473839b80b72a91cf1f9ed	YES
41a49ef16a71633130b2da9a57751ecb34f5ed39bf37b7d570b3f780b09d7b67	CIC_W	0374	d87f8fa4-d0e1-4305-a697-ca2a81f8c846	EXACT_EQUIVALENT	APPROVED	MANUAL_REVIEW	OWNER_APPROVED_CONCEPT_MEMBERSHIP	RISK-MAP-MATERIALIZE-001	RISK-MAP-APPROVE-001	036d293c6e2fa506922c53ffcfdd44476ec903fdc639e2c12b73815d4401f026	402b4004b987169e1cc5b9b0356061794218ef45ee473839b80b72a91cf1f9ed	YES
5c2879a36d1f640e624ae32889755ae0e7e3d280cd6245a885ae80563ccd4137	CIC_W	0375	44b2f9ed-847e-416b-a5c5-5229fa428509	EXACT_EQUIVALENT	APPROVED	MANUAL_REVIEW	OWNER_APPROVED_CONCEPT_MEMBERSHIP	RISK-MAP-MATERIALIZE-001	RISK-MAP-APPROVE-001	036d293c6e2fa506922c53ffcfdd44476ec903fdc639e2c12b73815d4401f026	402b4004b987169e1cc5b9b0356061794218ef45ee473839b80b72a91cf1f9ed	YES
a1c7183c6d8c04aabb9b82309a3aed7fcf0e95281f9afc8f3055e0375327b87d	CIC_W	038	6b37bcbd-ef47-4be7-9eb7-7cc534a709c6	EXACT_EQUIVALENT	APPROVED	MANUAL_REVIEW	OWNER_APPROVED_CONCEPT_MEMBERSHIP	RISK-MAP-MATERIALIZE-001	RISK-MAP-APPROVE-001	036d293c6e2fa506922c53ffcfdd44476ec903fdc639e2c12b73815d4401f026	402b4004b987169e1cc5b9b0356061794218ef45ee473839b80b72a91cf1f9ed	YES
9ca712d7f36b4727a042dd36b4cdcdee4af5f09484b1a8a58128f5de7e5dc520	CIC_W	05	0e161468-6d4d-4208-837d-a0b0aaf1ac1d	EXACT_EQUIVALENT	APPROVED	MANUAL_REVIEW	OWNER_APPROVED_CONCEPT_MEMBERSHIP	RISK-MAP-MATERIALIZE-001	RISK-MAP-APPROVE-001	036d293c6e2fa506922c53ffcfdd44476ec903fdc639e2c12b73815d4401f026	402b4004b987169e1cc5b9b0356061794218ef45ee473839b80b72a91cf1f9ed	YES
8e951939cc3e693cd3ee6d94275e2de5cfb4ca5372fe58a99e57bca27c04bcea	CIC_W	051	26425132-352f-4b1a-85e2-88ef090df5cc	EXACT_EQUIVALENT	APPROVED	MANUAL_REVIEW	OWNER_APPROVED_CONCEPT_MEMBERSHIP	RISK-MAP-MATERIALIZE-001	RISK-MAP-APPROVE-001	036d293c6e2fa506922c53ffcfdd44476ec903fdc639e2c12b73815d4401f026	402b4004b987169e1cc5b9b0356061794218ef45ee473839b80b72a91cf1f9ed	YES
63bd906630f3aeeca48e76bb23038de7590a86f7103af503437cd430228d8fa0	CIC_W	0511	a6b02dc8-0e65-47bf-a52a-2f656c04c159	EXACT_EQUIVALENT	APPROVED	MANUAL_REVIEW	OWNER_APPROVED_CONCEPT_MEMBERSHIP	RISK-MAP-MATERIALIZE-001	RISK-MAP-APPROVE-001	036d293c6e2fa506922c53ffcfdd44476ec903fdc639e2c12b73815d4401f026	402b4004b987169e1cc5b9b0356061794218ef45ee473839b80b72a91cf1f9ed	YES
2167ab58b1621c55b0945325309ab66548bb5abb501e44d4d595c69e62e91a7c	CIC_W	0512	34d55509-74db-47b7-8ff1-d95c8670a4ae	EXACT_EQUIVALENT	APPROVED	MANUAL_REVIEW	OWNER_APPROVED_CONCEPT_MEMBERSHIP	RISK-MAP-MATERIALIZE-001	RISK-MAP-APPROVE-001	036d293c6e2fa506922c53ffcfdd44476ec903fdc639e2c12b73815d4401f026	402b4004b987169e1cc5b9b0356061794218ef45ee473839b80b72a91cf1f9ed	YES
521ed321f86f0c9f37a004ad2701eb4f2c59467ea139667c9fd72f84192ea8be	CIC_W	0513	d2f3c38f-31d0-4cdb-85ad-e76175192f4a	EXACT_EQUIVALENT	APPROVED	MANUAL_REVIEW	OWNER_APPROVED_CONCEPT_MEMBERSHIP	RISK-MAP-MATERIALIZE-001	RISK-MAP-APPROVE-001	036d293c6e2fa506922c53ffcfdd44476ec903fdc639e2c12b73815d4401f026	402b4004b987169e1cc5b9b0356061794218ef45ee473839b80b72a91cf1f9ed	YES
63e1b1f5757fca9bae495b86c06a79327704bd9864dcb8c421451887922494fb	CIC_W	0514	c13a33b4-6c04-4387-bf5e-efe86bcc31ed	EXACT_EQUIVALENT	APPROVED	MANUAL_REVIEW	OWNER_APPROVED_CONCEPT_MEMBERSHIP	RISK-MAP-MATERIALIZE-001	RISK-MAP-APPROVE-001	036d293c6e2fa506922c53ffcfdd44476ec903fdc639e2c12b73815d4401f026	402b4004b987169e1cc5b9b0356061794218ef45ee473839b80b72a91cf1f9ed	YES
8276694b1700fec801918e7ad98fe594540aca7600b3967489a75cd0e1329eec	CIC_W	0515	f10a1b64-d2ea-4bca-8d84-1c5f2d3335e4	EXACT_EQUIVALENT	APPROVED	MANUAL_REVIEW	OWNER_APPROVED_CONCEPT_MEMBERSHIP	RISK-MAP-MATERIALIZE-001	RISK-MAP-APPROVE-001	036d293c6e2fa506922c53ffcfdd44476ec903fdc639e2c12b73815d4401f026	402b4004b987169e1cc5b9b0356061794218ef45ee473839b80b72a91cf1f9ed	YES
435528925a6dac6a531236a34e026b31a798e1018585698e5f506ff4ac403a1e	CIC_W	0516	f83726ec-cc45-4556-a71d-1b5ff4468456	EXACT_EQUIVALENT	APPROVED	MANUAL_REVIEW	OWNER_APPROVED_CONCEPT_MEMBERSHIP	RISK-MAP-MATERIALIZE-001	RISK-MAP-APPROVE-001	036d293c6e2fa506922c53ffcfdd44476ec903fdc639e2c12b73815d4401f026	402b4004b987169e1cc5b9b0356061794218ef45ee473839b80b72a91cf1f9ed	YES
648c77deaae4630e1b97c1c256e2b1da0468ad674ed7bf0960a9beb5a7fa796e	CIC_W	052	e6051915-1330-4aa5-8a1c-60d19cc9accd	EXACT_EQUIVALENT	APPROVED	MANUAL_REVIEW	OWNER_APPROVED_CONCEPT_MEMBERSHIP	RISK-MAP-MATERIALIZE-001	RISK-MAP-APPROVE-001	036d293c6e2fa506922c53ffcfdd44476ec903fdc639e2c12b73815d4401f026	402b4004b987169e1cc5b9b0356061794218ef45ee473839b80b72a91cf1f9ed	YES
a4567ec141fe81fb8df85e716318375fb9b0e5273be480666a1f39961c09e7d8	CIC_W	0521	e6051915-1330-4aa5-8a1c-60d19cc9accd	EXACT_EQUIVALENT	APPROVED	MANUAL_REVIEW	OWNER_APPROVED_CONCEPT_MEMBERSHIP	RISK-MAP-MATERIALIZE-001	RISK-MAP-APPROVE-001	036d293c6e2fa506922c53ffcfdd44476ec903fdc639e2c12b73815d4401f026	402b4004b987169e1cc5b9b0356061794218ef45ee473839b80b72a91cf1f9ed	YES
8b8aef332e63de810161e8797962697b6e0acf29fd5d9ef0a71e03a9fabc86c1	CIC_W	058	68f690db-ae64-421c-8bfa-b2859ec0bbad	EXACT_EQUIVALENT	APPROVED	MANUAL_REVIEW	OWNER_APPROVED_CONCEPT_MEMBERSHIP	RISK-MAP-MATERIALIZE-001	RISK-MAP-APPROVE-001	036d293c6e2fa506922c53ffcfdd44476ec903fdc639e2c12b73815d4401f026	402b4004b987169e1cc5b9b0356061794218ef45ee473839b80b72a91cf1f9ed	YES
51ae3e3dd0081661835f9828e055f419be1fc123d42f4c29233f6b35baf59b8a	CIC_W	0581	86796d38-7d3f-483f-85d0-708f022f0e50	EXACT_EQUIVALENT	APPROVED	MANUAL_REVIEW	OWNER_APPROVED_CONCEPT_MEMBERSHIP	RISK-MAP-MATERIALIZE-001	RISK-MAP-APPROVE-001	036d293c6e2fa506922c53ffcfdd44476ec903fdc639e2c12b73815d4401f026	402b4004b987169e1cc5b9b0356061794218ef45ee473839b80b72a91cf1f9ed	YES
c71501183172ea431098d535ccc489b476accf20827bd01bc5e31a523817d117	CIC_W	0582	8cdeca1d-dfaf-44fb-88a6-0b239d718562	EXACT_EQUIVALENT	APPROVED	MANUAL_REVIEW	OWNER_APPROVED_CONCEPT_MEMBERSHIP	RISK-MAP-MATERIALIZE-001	RISK-MAP-APPROVE-001	036d293c6e2fa506922c53ffcfdd44476ec903fdc639e2c12b73815d4401f026	402b4004b987169e1cc5b9b0356061794218ef45ee473839b80b72a91cf1f9ed	YES
685f13c0bdb89a7adbf37e953a66d52cdfa03f025738c120626c2c298aefef6d	CIC_W	0583	6f9bb3f3-a7c6-4484-8413-29b344d22afa	EXACT_EQUIVALENT	APPROVED	MANUAL_REVIEW	OWNER_APPROVED_CONCEPT_MEMBERSHIP	RISK-MAP-MATERIALIZE-001	RISK-MAP-APPROVE-001	036d293c6e2fa506922c53ffcfdd44476ec903fdc639e2c12b73815d4401f026	402b4004b987169e1cc5b9b0356061794218ef45ee473839b80b72a91cf1f9ed	YES
ddacfd1e5c6d198bfaa2cabf7988e29a5ec005d726a6a055a7520b3dff191d2a	CIC_W	0584	3e9ee77c-82dc-4e4e-aeb3-066b4b676d50	EXACT_EQUIVALENT	APPROVED	MANUAL_REVIEW	OWNER_APPROVED_CONCEPT_MEMBERSHIP	RISK-MAP-MATERIALIZE-001	RISK-MAP-APPROVE-001	036d293c6e2fa506922c53ffcfdd44476ec903fdc639e2c12b73815d4401f026	402b4004b987169e1cc5b9b0356061794218ef45ee473839b80b72a91cf1f9ed	YES
4f253a91058f3d02aa162acdfdd961a257c49069c937572d3f5b006fe1b4f6e9	CIC_W	0588	db977384-a8f5-4e32-8604-9a721c9147dc	EXACT_EQUIVALENT	APPROVED	MANUAL_REVIEW	OWNER_APPROVED_CONCEPT_MEMBERSHIP	RISK-MAP-MATERIALIZE-001	RISK-MAP-APPROVE-001	036d293c6e2fa506922c53ffcfdd44476ec903fdc639e2c12b73815d4401f026	402b4004b987169e1cc5b9b0356061794218ef45ee473839b80b72a91cf1f9ed	YES
f0a1d857f2fb59f78ef6871eefb66321212e509baf98511a732a68f229db43ed	CIC_W	061	9fdbd43a-653f-4a4b-a1b7-995d12c7bc9b	EXACT_EQUIVALENT	APPROVED	MANUAL_REVIEW	OWNER_APPROVED_CONCEPT_MEMBERSHIP	RISK-MAP-MATERIALIZE-001	RISK-MAP-APPROVE-001	036d293c6e2fa506922c53ffcfdd44476ec903fdc639e2c12b73815d4401f026	402b4004b987169e1cc5b9b0356061794218ef45ee473839b80b72a91cf1f9ed	YES
e7fa976b277699a57a2cecbfa27934a716c406ba1a925bb809a68dde0bb850e9	CIC_W	07	6a52b996-2bc6-43cd-9f29-02cab6f1700c	EXACT_EQUIVALENT	APPROVED	MANUAL_REVIEW	OWNER_APPROVED_CONCEPT_MEMBERSHIP	RISK-MAP-MATERIALIZE-001	RISK-MAP-APPROVE-001	036d293c6e2fa506922c53ffcfdd44476ec903fdc639e2c12b73815d4401f026	402b4004b987169e1cc5b9b0356061794218ef45ee473839b80b72a91cf1f9ed	YES
77b90643c658d3eb6162c09ee78da239e219d4c179a0157a66e8e95301429f56	CIC_W	071	341adca1-9f3a-4bb7-9bf5-9f64b770d093	EXACT_EQUIVALENT	APPROVED	MANUAL_REVIEW	OWNER_APPROVED_CONCEPT_MEMBERSHIP	RISK-MAP-MATERIALIZE-001	RISK-MAP-APPROVE-001	036d293c6e2fa506922c53ffcfdd44476ec903fdc639e2c12b73815d4401f026	402b4004b987169e1cc5b9b0356061794218ef45ee473839b80b72a91cf1f9ed	YES
34fb00d89b6542ff7834856bcd257ae20db28e291e1f8d6dd0a1c68c026e59ca	CIC_W	072	9bc784f4-b29c-4097-bcf5-8e3f81f33ea4	EXACT_EQUIVALENT	APPROVED	MANUAL_REVIEW	OWNER_APPROVED_CONCEPT_MEMBERSHIP	RISK-MAP-MATERIALIZE-001	RISK-MAP-APPROVE-001	036d293c6e2fa506922c53ffcfdd44476ec903fdc639e2c12b73815d4401f026	402b4004b987169e1cc5b9b0356061794218ef45ee473839b80b72a91cf1f9ed	YES
8ee93788cd4cbb5283eb8823d1f28b9c37707adcbf3bd05638cfebb417533116	CIC_W	073	7883246b-2742-4708-9868-5b5be29afbe5	EXACT_EQUIVALENT	APPROVED	MANUAL_REVIEW	OWNER_APPROVED_CONCEPT_MEMBERSHIP	RISK-MAP-MATERIALIZE-001	RISK-MAP-APPROVE-001	036d293c6e2fa506922c53ffcfdd44476ec903fdc639e2c12b73815d4401f026	402b4004b987169e1cc5b9b0356061794218ef45ee473839b80b72a91cf1f9ed	YES
faa3be2357b2845b505b04dd3196a2a3657272614fc3065fd2867d900cd9216c	CIC_W	074	9c0311c8-4025-4bb9-bced-bd4eded27148	EXACT_EQUIVALENT	APPROVED	MANUAL_REVIEW	OWNER_APPROVED_CONCEPT_MEMBERSHIP	RISK-MAP-MATERIALIZE-001	RISK-MAP-APPROVE-001	036d293c6e2fa506922c53ffcfdd44476ec903fdc639e2c12b73815d4401f026	402b4004b987169e1cc5b9b0356061794218ef45ee473839b80b72a91cf1f9ed	YES
bd7c10ff9547c1a3615d04d07aa3746c6f780ccc339b72dc78ce2c8b6fef3e05	CIC_W	075	d0560f54-2626-4b0d-b391-e0b6281d8921	EXACT_EQUIVALENT	APPROVED	MANUAL_REVIEW	OWNER_APPROVED_CONCEPT_MEMBERSHIP	RISK-MAP-MATERIALIZE-001	RISK-MAP-APPROVE-001	036d293c6e2fa506922c53ffcfdd44476ec903fdc639e2c12b73815d4401f026	402b4004b987169e1cc5b9b0356061794218ef45ee473839b80b72a91cf1f9ed	YES
a8f16ac4c3ba08095ea577114d38e9a81b116b774e842f5a8a6c9aec122eabcd	CIC_W	076	fa05d30d-5c15-449e-9159-4d8e6dd4242e	EXACT_EQUIVALENT	APPROVED	MANUAL_REVIEW	OWNER_APPROVED_CONCEPT_MEMBERSHIP	RISK-MAP-MATERIALIZE-001	RISK-MAP-APPROVE-001	036d293c6e2fa506922c53ffcfdd44476ec903fdc639e2c12b73815d4401f026	402b4004b987169e1cc5b9b0356061794218ef45ee473839b80b72a91cf1f9ed	YES
65a02a6614d031a1ebdba4c3e31a18701ae5fbf885a430de2d7e3db42a1fb508	CIC_W	079	a4ff1d99-33f8-4c22-92f6-2bf39bceab4b	EXACT_EQUIVALENT	APPROVED	MANUAL_REVIEW	OWNER_APPROVED_CONCEPT_MEMBERSHIP	RISK-MAP-MATERIALIZE-001	RISK-MAP-APPROVE-001	036d293c6e2fa506922c53ffcfdd44476ec903fdc639e2c12b73815d4401f026	402b4004b987169e1cc5b9b0356061794218ef45ee473839b80b72a91cf1f9ed	YES
5095c592994db9617b735bae72d73095b3702a0dcc8d2198f0410b7bb6e3ca31	CIC_W	08	7883246b-2742-4708-9868-5b5be29afbe5	EXACT_EQUIVALENT	APPROVED	MANUAL_REVIEW	OWNER_APPROVED_CONCEPT_MEMBERSHIP	RISK-MAP-MATERIALIZE-001	RISK-MAP-APPROVE-001	036d293c6e2fa506922c53ffcfdd44476ec903fdc639e2c12b73815d4401f026	402b4004b987169e1cc5b9b0356061794218ef45ee473839b80b72a91cf1f9ed	YES
30f62da3533b4c4f97f1d3c692bebd068ba6044e751689c4bae9ffb5f3eadf80	CIC_W	081	45d75079-ab09-4226-98f5-aafa05d1a782	EXACT_EQUIVALENT	APPROVED	MANUAL_REVIEW	OWNER_APPROVED_CONCEPT_MEMBERSHIP	RISK-MAP-MATERIALIZE-001	RISK-MAP-APPROVE-001	036d293c6e2fa506922c53ffcfdd44476ec903fdc639e2c12b73815d4401f026	402b4004b987169e1cc5b9b0356061794218ef45ee473839b80b72a91cf1f9ed	YES
ca9789e3066027df697203ff0fc0a400f6b7aa7225ae3112570455d4da12932c	CIC_W	085	18ec1247-04e1-445e-849a-0910f448c6be	EXACT_EQUIVALENT	APPROVED	MANUAL_REVIEW	OWNER_APPROVED_CONCEPT_MEMBERSHIP	RISK-MAP-MATERIALIZE-001	RISK-MAP-APPROVE-001	036d293c6e2fa506922c53ffcfdd44476ec903fdc639e2c12b73815d4401f026	402b4004b987169e1cc5b9b0356061794218ef45ee473839b80b72a91cf1f9ed	YES
ae2f3cd432e4cf1cfd6cb3ca54a4f7368b10d9014295a4701f69b2a486932489	CIC_W	086	f89459d2-bd69-492f-9d4b-52e4a3126614	EXACT_EQUIVALENT	APPROVED	MANUAL_REVIEW	OWNER_APPROVED_CONCEPT_MEMBERSHIP	RISK-MAP-MATERIALIZE-001	RISK-MAP-APPROVE-001	036d293c6e2fa506922c53ffcfdd44476ec903fdc639e2c12b73815d4401f026	402b4004b987169e1cc5b9b0356061794218ef45ee473839b80b72a91cf1f9ed	YES
ea5c8e6ce8008c1e380a2861e9ccab49aefa1e62adaffc5b6d0d450b74570190	CIC_W	087	af8310a0-ad91-4d1e-9bd8-2a4766f12c5e	EXACT_EQUIVALENT	APPROVED	MANUAL_REVIEW	OWNER_APPROVED_CONCEPT_MEMBERSHIP	RISK-MAP-MATERIALIZE-001	RISK-MAP-APPROVE-001	036d293c6e2fa506922c53ffcfdd44476ec903fdc639e2c12b73815d4401f026	402b4004b987169e1cc5b9b0356061794218ef45ee473839b80b72a91cf1f9ed	YES
b1b6aea46284c2c1f3693ec956b2d7d806dbba936a7377845470bbead9f475cb	CIC_W	088	6cd154c3-ec98-4dca-acd6-473788fdf94c	EXACT_EQUIVALENT	APPROVED	MANUAL_REVIEW	OWNER_APPROVED_CONCEPT_MEMBERSHIP	RISK-MAP-MATERIALIZE-001	RISK-MAP-APPROVE-001	036d293c6e2fa506922c53ffcfdd44476ec903fdc639e2c12b73815d4401f026	402b4004b987169e1cc5b9b0356061794218ef45ee473839b80b72a91cf1f9ed	YES
618678d52d28eec594762b9db5db9db41a468c1fc66f29a91b5c88e560ac05c6	CIC_W	089	041e123c-a86d-4755-b97b-559b66eda693	EXACT_EQUIVALENT	APPROVED	MANUAL_REVIEW	OWNER_APPROVED_CONCEPT_MEMBERSHIP	RISK-MAP-MATERIALIZE-001	RISK-MAP-APPROVE-001	036d293c6e2fa506922c53ffcfdd44476ec903fdc639e2c12b73815d4401f026	402b4004b987169e1cc5b9b0356061794218ef45ee473839b80b72a91cf1f9ed	YES
54907df54cbeaa94a06cb1e88f2e0a38ba323a4fc7b4daf09375e261ee5e867f	CIC_W	11	028d5fdc-46ea-4021-ae54-f10eaa310163	EXACT_EQUIVALENT	APPROVED	MANUAL_REVIEW	OWNER_APPROVED_CONCEPT_MEMBERSHIP	RISK-MAP-MATERIALIZE-001	RISK-MAP-APPROVE-001	036d293c6e2fa506922c53ffcfdd44476ec903fdc639e2c12b73815d4401f026	402b4004b987169e1cc5b9b0356061794218ef45ee473839b80b72a91cf1f9ed	YES
b4cafb811eac2f427c7fc491dccab4de2d36acb99ee07a3292e2120e5b3986e6	CIC_W	111	83af0eaa-fc44-43e9-8d32-04cceb71d6f3	EXACT_EQUIVALENT	APPROVED	MANUAL_REVIEW	OWNER_APPROVED_CONCEPT_MEMBERSHIP	RISK-MAP-MATERIALIZE-001	RISK-MAP-APPROVE-001	036d293c6e2fa506922c53ffcfdd44476ec903fdc639e2c12b73815d4401f026	402b4004b987169e1cc5b9b0356061794218ef45ee473839b80b72a91cf1f9ed	YES
dd208d4f55811c8ddcabcfd119d0d5c23e502b0f8bd0f794e4d39bb687fe64de	CIC_W	1111	58da7351-6147-4834-95b0-0c4fa4f390a5	EXACT_EQUIVALENT	APPROVED	MANUAL_REVIEW	OWNER_APPROVED_CONCEPT_MEMBERSHIP	RISK-MAP-MATERIALIZE-001	RISK-MAP-APPROVE-001	036d293c6e2fa506922c53ffcfdd44476ec903fdc639e2c12b73815d4401f026	402b4004b987169e1cc5b9b0356061794218ef45ee473839b80b72a91cf1f9ed	YES
1bcea3ac4c53c84054255032bbccea0b26b16ecb46740738b6f0fd8513619243	CIC_W	1112	6db1c63d-fa22-4a1d-82d5-85980f7177db	EXACT_EQUIVALENT	APPROVED	MANUAL_REVIEW	OWNER_APPROVED_CONCEPT_MEMBERSHIP	RISK-MAP-MATERIALIZE-001	RISK-MAP-APPROVE-001	036d293c6e2fa506922c53ffcfdd44476ec903fdc639e2c12b73815d4401f026	402b4004b987169e1cc5b9b0356061794218ef45ee473839b80b72a91cf1f9ed	YES
d5aa5b23be5e9e651bdf4fbd123086dd37b0c157e692c024078a44da2b3d4ab8	CIC_W	1113	add5952f-f7be-4c76-9517-24c222390278	EXACT_EQUIVALENT	APPROVED	MANUAL_REVIEW	OWNER_APPROVED_CONCEPT_MEMBERSHIP	RISK-MAP-MATERIALIZE-001	RISK-MAP-APPROVE-001	036d293c6e2fa506922c53ffcfdd44476ec903fdc639e2c12b73815d4401f026	402b4004b987169e1cc5b9b0356061794218ef45ee473839b80b72a91cf1f9ed	YES
b4dcc5094127111d3edb03e3eeb95de077f33bac37caf157cf4292dfeb99845a	CIC_W	1114	36c03836-3955-4701-9f5c-890d3b809197	EXACT_EQUIVALENT	APPROVED	MANUAL_REVIEW	OWNER_APPROVED_CONCEPT_MEMBERSHIP	RISK-MAP-MATERIALIZE-001	RISK-MAP-APPROVE-001	036d293c6e2fa506922c53ffcfdd44476ec903fdc639e2c12b73815d4401f026	402b4004b987169e1cc5b9b0356061794218ef45ee473839b80b72a91cf1f9ed	YES
5eef66f7adbebc062abc4b260520e7d14bcea1d7e131f8d746076707344c0adc	CIC_W	1115	209d4e03-be2a-4ad6-8b79-4860f49f4199	EXACT_EQUIVALENT	APPROVED	MANUAL_REVIEW	OWNER_APPROVED_CONCEPT_MEMBERSHIP	RISK-MAP-MATERIALIZE-001	RISK-MAP-APPROVE-001	036d293c6e2fa506922c53ffcfdd44476ec903fdc639e2c12b73815d4401f026	402b4004b987169e1cc5b9b0356061794218ef45ee473839b80b72a91cf1f9ed	YES
340de871d2fce6521f6ac45206e652d4fa3daee953430e0bc0d4157ef2bda4a5	CIC_W	1116	976603c1-0758-46a7-b7e8-c30874f776bf	EXACT_EQUIVALENT	APPROVED	MANUAL_REVIEW	OWNER_APPROVED_CONCEPT_MEMBERSHIP	RISK-MAP-MATERIALIZE-001	RISK-MAP-APPROVE-001	036d293c6e2fa506922c53ffcfdd44476ec903fdc639e2c12b73815d4401f026	402b4004b987169e1cc5b9b0356061794218ef45ee473839b80b72a91cf1f9ed	YES
101f4b472c53cfa34f8f27dc9e41d711772dec03a1a3becec850aab9136cb9a5	CIC_W	1117	87821858-f12e-485c-967f-d7cbe39552d9	EXACT_EQUIVALENT	APPROVED	MANUAL_REVIEW	OWNER_APPROVED_CONCEPT_MEMBERSHIP	RISK-MAP-MATERIALIZE-001	RISK-MAP-APPROVE-001	036d293c6e2fa506922c53ffcfdd44476ec903fdc639e2c12b73815d4401f026	402b4004b987169e1cc5b9b0356061794218ef45ee473839b80b72a91cf1f9ed	YES
91d54e1a98245a29fdbb9b6148c9989d8589a5c85e77fcb1a5ba2f03c34b7ed8	CIC_W	1118	8f38d71d-77e4-4e2e-804f-fe8b519953ba	EXACT_EQUIVALENT	APPROVED	MANUAL_REVIEW	OWNER_APPROVED_CONCEPT_MEMBERSHIP	RISK-MAP-MATERIALIZE-001	RISK-MAP-APPROVE-001	036d293c6e2fa506922c53ffcfdd44476ec903fdc639e2c12b73815d4401f026	402b4004b987169e1cc5b9b0356061794218ef45ee473839b80b72a91cf1f9ed	YES
34b3a2318d4e13df4a1bc5df86c0b516ae764677cdc6d1548379e61ef1377bca	CIC_W	112	c4899358-a1cf-49a9-ae65-2d3b56980ff5	EXACT_EQUIVALENT	APPROVED	MANUAL_REVIEW	OWNER_APPROVED_CONCEPT_MEMBERSHIP	RISK-MAP-MATERIALIZE-001	RISK-MAP-APPROVE-001	036d293c6e2fa506922c53ffcfdd44476ec903fdc639e2c12b73815d4401f026	402b4004b987169e1cc5b9b0356061794218ef45ee473839b80b72a91cf1f9ed	YES
a966636ce512a2e5484adc9c97be227dbda13b96b15b98197027516f71fc1a37	CIC_W	113	9fec80c8-819f-4453-b9a7-414a5f98da41	EXACT_EQUIVALENT	APPROVED	MANUAL_REVIEW	OWNER_APPROVED_CONCEPT_MEMBERSHIP	RISK-MAP-MATERIALIZE-001	RISK-MAP-APPROVE-001	036d293c6e2fa506922c53ffcfdd44476ec903fdc639e2c12b73815d4401f026	402b4004b987169e1cc5b9b0356061794218ef45ee473839b80b72a91cf1f9ed	YES
2a5bc5512e779ce0ae96d1437bef0821343defbd89b61576ccd03607d67877e8	CIC_W	114	da28d19f-2dbe-4b1a-828a-84af71ea1ce1	EXACT_EQUIVALENT	APPROVED	MANUAL_REVIEW	OWNER_APPROVED_CONCEPT_MEMBERSHIP	RISK-MAP-MATERIALIZE-001	RISK-MAP-APPROVE-001	036d293c6e2fa506922c53ffcfdd44476ec903fdc639e2c12b73815d4401f026	402b4004b987169e1cc5b9b0356061794218ef45ee473839b80b72a91cf1f9ed	YES
e8118927f8a906df09768cd7d9fbfd70d02707594a7caf4d002261c7848a3645	CIC_W	115	c3fc6f08-b063-4c2c-88d3-f2242493e17e	EXACT_EQUIVALENT	APPROVED	MANUAL_REVIEW	OWNER_APPROVED_CONCEPT_MEMBERSHIP	RISK-MAP-MATERIALIZE-001	RISK-MAP-APPROVE-001	036d293c6e2fa506922c53ffcfdd44476ec903fdc639e2c12b73815d4401f026	402b4004b987169e1cc5b9b0356061794218ef45ee473839b80b72a91cf1f9ed	YES
14c1e776918d456263a050449b4391ade4c8b93047d711f6ec711a3b0bc7d3f7	CIC_W	1151	1c707ccb-1db2-4f7b-84a9-34262edded2a	EXACT_EQUIVALENT	APPROVED	MANUAL_REVIEW	OWNER_APPROVED_CONCEPT_MEMBERSHIP	RISK-MAP-MATERIALIZE-001	RISK-MAP-APPROVE-001	036d293c6e2fa506922c53ffcfdd44476ec903fdc639e2c12b73815d4401f026	402b4004b987169e1cc5b9b0356061794218ef45ee473839b80b72a91cf1f9ed	YES
470b739af8b4bf513763eb45c777a4f645ed98494c1cb0a96c633a82ffd0717e	CIC_W	1152	d89e9dd8-a355-4fb1-bd42-a2823c52c424	EXACT_EQUIVALENT	APPROVED	MANUAL_REVIEW	OWNER_APPROVED_CONCEPT_MEMBERSHIP	RISK-MAP-MATERIALIZE-001	RISK-MAP-APPROVE-001	036d293c6e2fa506922c53ffcfdd44476ec903fdc639e2c12b73815d4401f026	402b4004b987169e1cc5b9b0356061794218ef45ee473839b80b72a91cf1f9ed	YES
680b8e59ebe18276cf902165124f34d63599f30daac17dc7376afd60944aef96	CIC_W	1153	1ba06e66-85e5-4bdc-b93f-17b54e910fba	EXACT_EQUIVALENT	APPROVED	MANUAL_REVIEW	OWNER_APPROVED_CONCEPT_MEMBERSHIP	RISK-MAP-MATERIALIZE-001	RISK-MAP-APPROVE-001	036d293c6e2fa506922c53ffcfdd44476ec903fdc639e2c12b73815d4401f026	402b4004b987169e1cc5b9b0356061794218ef45ee473839b80b72a91cf1f9ed	YES
c4c53e6e050833e7d35825539f9918bba9a662975fef8b601e46fb2351103352	CIC_W	1154	3c689468-7750-4a95-b6a5-c7b2c3d64027	EXACT_EQUIVALENT	APPROVED	MANUAL_REVIEW	OWNER_APPROVED_CONCEPT_MEMBERSHIP	RISK-MAP-MATERIALIZE-001	RISK-MAP-APPROVE-001	036d293c6e2fa506922c53ffcfdd44476ec903fdc639e2c12b73815d4401f026	402b4004b987169e1cc5b9b0356061794218ef45ee473839b80b72a91cf1f9ed	YES
508205e288db9b3d5690d0f9a31e3fcba22e4b72bf5222bf8addbf14fa1b9fd1	CIC_W	1155	cd26464f-04c2-4583-823b-07eaad2ab658	EXACT_EQUIVALENT	APPROVED	MANUAL_REVIEW	OWNER_APPROVED_CONCEPT_MEMBERSHIP	RISK-MAP-MATERIALIZE-001	RISK-MAP-APPROVE-001	036d293c6e2fa506922c53ffcfdd44476ec903fdc639e2c12b73815d4401f026	402b4004b987169e1cc5b9b0356061794218ef45ee473839b80b72a91cf1f9ed	YES
43bff1c1fdbd7f02eaace0122a1cafb847ceafb09a4b877745187c333fdf1c28	CIC_W	116	9b9a1e82-d8f8-487d-9153-ad89ad4fb111	EXACT_EQUIVALENT	APPROVED	MANUAL_REVIEW	OWNER_APPROVED_CONCEPT_MEMBERSHIP	RISK-MAP-MATERIALIZE-001	RISK-MAP-APPROVE-001	036d293c6e2fa506922c53ffcfdd44476ec903fdc639e2c12b73815d4401f026	402b4004b987169e1cc5b9b0356061794218ef45ee473839b80b72a91cf1f9ed	YES
fc7bfb7cc18000790b4524b249c1fad18fe11b21db778bd1100c9c15d407b789	CIC_W	1161	47a50c36-d133-412c-ab03-dd3d5b3f47b5	EXACT_EQUIVALENT	APPROVED	MANUAL_REVIEW	OWNER_APPROVED_CONCEPT_MEMBERSHIP	RISK-MAP-MATERIALIZE-001	RISK-MAP-APPROVE-001	036d293c6e2fa506922c53ffcfdd44476ec903fdc639e2c12b73815d4401f026	402b4004b987169e1cc5b9b0356061794218ef45ee473839b80b72a91cf1f9ed	YES
c21e96df05192897a29813575960f628470f104772de1a774da34d3a47e5cbec	CIC_W	1162	e0392064-a6af-45d0-9be8-df85542a92e8	EXACT_EQUIVALENT	APPROVED	MANUAL_REVIEW	OWNER_APPROVED_CONCEPT_MEMBERSHIP	RISK-MAP-MATERIALIZE-001	RISK-MAP-APPROVE-001	036d293c6e2fa506922c53ffcfdd44476ec903fdc639e2c12b73815d4401f026	402b4004b987169e1cc5b9b0356061794218ef45ee473839b80b72a91cf1f9ed	YES
e9c39dfa41335c703dfdcf9c73145f03bc8bda799dc033949a76663127281800	CIC_W	1163	ebc183b5-4ab7-4e65-a92f-690b51c2b18b	EXACT_EQUIVALENT	APPROVED	MANUAL_REVIEW	OWNER_APPROVED_CONCEPT_MEMBERSHIP	RISK-MAP-MATERIALIZE-001	RISK-MAP-APPROVE-001	036d293c6e2fa506922c53ffcfdd44476ec903fdc639e2c12b73815d4401f026	402b4004b987169e1cc5b9b0356061794218ef45ee473839b80b72a91cf1f9ed	YES
cdf3f6df644ec5518e20e0513e6cf4211911a0c9373d68dc0315c7a0bdf8e384	CIC_W	1164	45225c51-6a67-4e52-ac21-de4fc592e02a	EXACT_EQUIVALENT	APPROVED	MANUAL_REVIEW	OWNER_APPROVED_CONCEPT_MEMBERSHIP	RISK-MAP-MATERIALIZE-001	RISK-MAP-APPROVE-001	036d293c6e2fa506922c53ffcfdd44476ec903fdc639e2c12b73815d4401f026	402b4004b987169e1cc5b9b0356061794218ef45ee473839b80b72a91cf1f9ed	YES
c31b91db67d6118cd7ce5fbb8d7f1528355620825f669d008012697d133dbe50	CIC_W	1165	a75e4a78-977f-4c36-b861-ddd8154793fe	EXACT_EQUIVALENT	APPROVED	MANUAL_REVIEW	OWNER_APPROVED_CONCEPT_MEMBERSHIP	RISK-MAP-MATERIALIZE-001	RISK-MAP-APPROVE-001	036d293c6e2fa506922c53ffcfdd44476ec903fdc639e2c12b73815d4401f026	402b4004b987169e1cc5b9b0356061794218ef45ee473839b80b72a91cf1f9ed	YES
1f84c6512a31ed3f3c8aa3316aa84b9f538880e65e0c99f95bd8c28b6bafaa97	CIC_W	1166	8c9d4325-ac99-4ee8-a84d-cf644eb2dac3	EXACT_EQUIVALENT	APPROVED	MANUAL_REVIEW	OWNER_APPROVED_CONCEPT_MEMBERSHIP	RISK-MAP-MATERIALIZE-001	RISK-MAP-APPROVE-001	036d293c6e2fa506922c53ffcfdd44476ec903fdc639e2c12b73815d4401f026	402b4004b987169e1cc5b9b0356061794218ef45ee473839b80b72a91cf1f9ed	YES
3ffbe913f449ba92c4a87bc6b6621dd54e05491c0aabebb1d61949316acc18d5	CIC_W	119	90903882-5745-43fe-86b4-0342dc0396ca	EXACT_EQUIVALENT	APPROVED	MANUAL_REVIEW	OWNER_APPROVED_CONCEPT_MEMBERSHIP	RISK-MAP-MATERIALIZE-001	RISK-MAP-APPROVE-001	036d293c6e2fa506922c53ffcfdd44476ec903fdc639e2c12b73815d4401f026	402b4004b987169e1cc5b9b0356061794218ef45ee473839b80b72a91cf1f9ed	YES
2f63a71a49a7e8d2613dfc874bb4bbefa2e2d489a70e488a322b5f76c94190e5	CIC_W	1191	1a8da6c4-79e1-4a85-a96c-235ad91be16f	EXACT_EQUIVALENT	APPROVED	MANUAL_REVIEW	OWNER_APPROVED_CONCEPT_MEMBERSHIP	RISK-MAP-MATERIALIZE-001	RISK-MAP-APPROVE-001	036d293c6e2fa506922c53ffcfdd44476ec903fdc639e2c12b73815d4401f026	402b4004b987169e1cc5b9b0356061794218ef45ee473839b80b72a91cf1f9ed	YES
96bac17960d86b39126424e680a3c206b10cf63830927316d89ce11cae745d60	CIC_W	1192	fe0b5a0f-7e4a-419a-a64d-c27fecb90806	EXACT_EQUIVALENT	APPROVED	MANUAL_REVIEW	OWNER_APPROVED_CONCEPT_MEMBERSHIP	RISK-MAP-MATERIALIZE-001	RISK-MAP-APPROVE-001	036d293c6e2fa506922c53ffcfdd44476ec903fdc639e2c12b73815d4401f026	402b4004b987169e1cc5b9b0356061794218ef45ee473839b80b72a91cf1f9ed	YES
31dab9df0da645915bb4890163c83e0921bcadf458c585622627699a5d0fc35f	CIC_W	1193	80d29e8e-d871-433f-9af3-d06f1bf7e435	EXACT_EQUIVALENT	APPROVED	MANUAL_REVIEW	OWNER_APPROVED_CONCEPT_MEMBERSHIP	RISK-MAP-MATERIALIZE-001	RISK-MAP-APPROVE-001	036d293c6e2fa506922c53ffcfdd44476ec903fdc639e2c12b73815d4401f026	402b4004b987169e1cc5b9b0356061794218ef45ee473839b80b72a91cf1f9ed	YES
73aa4898fdf7b9e4b26606f19da6a6553422364ad6cb3973797a81801b6a6340	CIC_W	1194	00db3819-7b6a-4fc1-8497-2b3fb0998e16	EXACT_EQUIVALENT	APPROVED	MANUAL_REVIEW	OWNER_APPROVED_CONCEPT_MEMBERSHIP	RISK-MAP-MATERIALIZE-001	RISK-MAP-APPROVE-001	036d293c6e2fa506922c53ffcfdd44476ec903fdc639e2c12b73815d4401f026	402b4004b987169e1cc5b9b0356061794218ef45ee473839b80b72a91cf1f9ed	YES
7d8b2ba21d8b7b1cf75f36d67d033c887463d89739b761642bddbd5fb7cdd5ec	CIC_W	12	f0d60f4d-849f-4ef2-aa5b-5535bca53c2a	EXACT_EQUIVALENT	APPROVED	MANUAL_REVIEW	OWNER_APPROVED_CONCEPT_MEMBERSHIP	RISK-MAP-MATERIALIZE-001	RISK-MAP-APPROVE-001	036d293c6e2fa506922c53ffcfdd44476ec903fdc639e2c12b73815d4401f026	402b4004b987169e1cc5b9b0356061794218ef45ee473839b80b72a91cf1f9ed	YES
939fed1995cf0830e22f344e55b0868bf86022ca54a12df46f38e4d679909e4a	CIC_W	121	fc10356e-8340-408d-b01e-9fa1a04457e2	EXACT_EQUIVALENT	APPROVED	MANUAL_REVIEW	OWNER_APPROVED_CONCEPT_MEMBERSHIP	RISK-MAP-MATERIALIZE-001	RISK-MAP-APPROVE-001	036d293c6e2fa506922c53ffcfdd44476ec903fdc639e2c12b73815d4401f026	402b4004b987169e1cc5b9b0356061794218ef45ee473839b80b72a91cf1f9ed	YES
c499b8210e3c36c037ade75085b3d49502748c1b02d684f46f8d3fd881cfc60c	CIC_W	1211	c1966878-5ed9-4ca1-b343-9b727cf82889	EXACT_EQUIVALENT	APPROVED	MANUAL_REVIEW	OWNER_APPROVED_CONCEPT_MEMBERSHIP	RISK-MAP-MATERIALIZE-001	RISK-MAP-APPROVE-001	036d293c6e2fa506922c53ffcfdd44476ec903fdc639e2c12b73815d4401f026	402b4004b987169e1cc5b9b0356061794218ef45ee473839b80b72a91cf1f9ed	YES
f40debe9499fc701dac20a14ac64038190aa3dc86aaa7e0cebf5329d4355088c	CIC_W	1213	f0482ce2-917d-4304-8a73-7bc49997e105	EXACT_EQUIVALENT	APPROVED	MANUAL_REVIEW	OWNER_APPROVED_CONCEPT_MEMBERSHIP	RISK-MAP-MATERIALIZE-001	RISK-MAP-APPROVE-001	036d293c6e2fa506922c53ffcfdd44476ec903fdc639e2c12b73815d4401f026	402b4004b987169e1cc5b9b0356061794218ef45ee473839b80b72a91cf1f9ed	YES
51310b6f6edfd15f27831b5685f769ffad17b06ea323be0ddf96d2c0435c99a4	CIC_W	1214	dac34e33-3e42-455e-8174-3036b893a646	EXACT_EQUIVALENT	APPROVED	MANUAL_REVIEW	OWNER_APPROVED_CONCEPT_MEMBERSHIP	RISK-MAP-MATERIALIZE-001	RISK-MAP-APPROVE-001	036d293c6e2fa506922c53ffcfdd44476ec903fdc639e2c12b73815d4401f026	402b4004b987169e1cc5b9b0356061794218ef45ee473839b80b72a91cf1f9ed	YES
78b80f7fda032bfe94ce98e280522b2e311ad267babd9b66d24e134befebce8b	CIC_W	1215	d4fe9abe-9afb-4788-88be-d209637f833d	EXACT_EQUIVALENT	APPROVED	MANUAL_REVIEW	OWNER_APPROVED_CONCEPT_MEMBERSHIP	RISK-MAP-MATERIALIZE-001	RISK-MAP-APPROVE-001	036d293c6e2fa506922c53ffcfdd44476ec903fdc639e2c12b73815d4401f026	402b4004b987169e1cc5b9b0356061794218ef45ee473839b80b72a91cf1f9ed	YES
b00dfad3f8a42e7f1c0d082f4327e9132ffe9a41001452ab838d088e401013f5	CIC_W	1216	b5e8da0b-94c9-4971-aa82-7590e3487425	EXACT_EQUIVALENT	APPROVED	MANUAL_REVIEW	OWNER_APPROVED_CONCEPT_MEMBERSHIP	RISK-MAP-MATERIALIZE-001	RISK-MAP-APPROVE-001	036d293c6e2fa506922c53ffcfdd44476ec903fdc639e2c12b73815d4401f026	402b4004b987169e1cc5b9b0356061794218ef45ee473839b80b72a91cf1f9ed	YES
f307319be0fb44e6ee3a474f1da691e88452ca0b32037359f4829deab8d360d2	CIC_W	1217	345c6066-3bbd-464b-a3a8-c6a8ce7d9568	EXACT_EQUIVALENT	APPROVED	MANUAL_REVIEW	OWNER_APPROVED_CONCEPT_MEMBERSHIP	RISK-MAP-MATERIALIZE-001	RISK-MAP-APPROVE-001	036d293c6e2fa506922c53ffcfdd44476ec903fdc639e2c12b73815d4401f026	402b4004b987169e1cc5b9b0356061794218ef45ee473839b80b72a91cf1f9ed	YES
e98e4800062b161f96e8c1d1726acf77084dfd8ee20121ccb157a4eea0fcda88	CIC_W	1218	79edc07b-6516-44e8-8912-971db2a62c6b	EXACT_EQUIVALENT	APPROVED	MANUAL_REVIEW	OWNER_APPROVED_CONCEPT_MEMBERSHIP	RISK-MAP-MATERIALIZE-001	RISK-MAP-APPROVE-001	036d293c6e2fa506922c53ffcfdd44476ec903fdc639e2c12b73815d4401f026	402b4004b987169e1cc5b9b0356061794218ef45ee473839b80b72a91cf1f9ed	YES
f59d4f3d9fcb0b33dcd19e5aaa31a452257d7803435ceac3be2154ab35e155f0	CIC_W	122	ac018e40-20ae-468c-bbf0-78257d139fa1	EXACT_EQUIVALENT	APPROVED	MANUAL_REVIEW	OWNER_APPROVED_CONCEPT_MEMBERSHIP	RISK-MAP-MATERIALIZE-001	RISK-MAP-APPROVE-001	036d293c6e2fa506922c53ffcfdd44476ec903fdc639e2c12b73815d4401f026	402b4004b987169e1cc5b9b0356061794218ef45ee473839b80b72a91cf1f9ed	YES
9966267117c442abdcc52189efd34c632e9bf629cac9898c3f95f9bcc6394be8	CIC_W	1221	9a7a04c1-b008-4e1d-9719-8d5e1cdad256	EXACT_EQUIVALENT	APPROVED	MANUAL_REVIEW	OWNER_APPROVED_CONCEPT_MEMBERSHIP	RISK-MAP-MATERIALIZE-001	RISK-MAP-APPROVE-001	036d293c6e2fa506922c53ffcfdd44476ec903fdc639e2c12b73815d4401f026	402b4004b987169e1cc5b9b0356061794218ef45ee473839b80b72a91cf1f9ed	YES
3dab3db773b4e9ee4760d6e869933db4aedec5884ed2bbae3fba2d5de02eb952	CIC_W	1222	af3621c8-15bc-4ab6-b5ce-63f3cd83ebd1	EXACT_EQUIVALENT	APPROVED	MANUAL_REVIEW	OWNER_APPROVED_CONCEPT_MEMBERSHIP	RISK-MAP-MATERIALIZE-001	RISK-MAP-APPROVE-001	036d293c6e2fa506922c53ffcfdd44476ec903fdc639e2c12b73815d4401f026	402b4004b987169e1cc5b9b0356061794218ef45ee473839b80b72a91cf1f9ed	YES
a06186a9bde0af6c551424d0bad9582fcf507e6fd5c03d27265dc8bd34bb47e1	CIC_W	1223	8fd5bb0e-18b3-41ec-be34-9d9d065aa9e4	EXACT_EQUIVALENT	APPROVED	MANUAL_REVIEW	OWNER_APPROVED_CONCEPT_MEMBERSHIP	RISK-MAP-MATERIALIZE-001	RISK-MAP-APPROVE-001	036d293c6e2fa506922c53ffcfdd44476ec903fdc639e2c12b73815d4401f026	402b4004b987169e1cc5b9b0356061794218ef45ee473839b80b72a91cf1f9ed	YES
020ca1660ad1ba6b862a4bedca4ed79020331e08687667b6149a9495abd54cc6	CIC_W	1227	c6bedcb0-30cf-4f1e-9fa3-26259c7421b1	EXACT_EQUIVALENT	APPROVED	MANUAL_REVIEW	OWNER_APPROVED_CONCEPT_MEMBERSHIP	RISK-MAP-MATERIALIZE-001	RISK-MAP-APPROVE-001	036d293c6e2fa506922c53ffcfdd44476ec903fdc639e2c12b73815d4401f026	402b4004b987169e1cc5b9b0356061794218ef45ee473839b80b72a91cf1f9ed	YES
7f04567b7b4eea9760a3047d35b5d6d6dc80cb0b45b9d70757a9a2aed8e41f4f	CIC_W	123	48506cef-8fc8-4838-bbd7-86e32129f825	EXACT_EQUIVALENT	APPROVED	MANUAL_REVIEW	OWNER_APPROVED_CONCEPT_MEMBERSHIP	RISK-MAP-MATERIALIZE-001	RISK-MAP-APPROVE-001	036d293c6e2fa506922c53ffcfdd44476ec903fdc639e2c12b73815d4401f026	402b4004b987169e1cc5b9b0356061794218ef45ee473839b80b72a91cf1f9ed	YES
1d888bf510c35c3e19cdf17ac17a38061ea0445f37cda87984d9a704d9fc8e78	CIC_W	1231	0cad8b63-dc57-4a41-81c9-1aa43d51bc24	EXACT_EQUIVALENT	APPROVED	MANUAL_REVIEW	OWNER_APPROVED_CONCEPT_MEMBERSHIP	RISK-MAP-MATERIALIZE-001	RISK-MAP-APPROVE-001	036d293c6e2fa506922c53ffcfdd44476ec903fdc639e2c12b73815d4401f026	402b4004b987169e1cc5b9b0356061794218ef45ee473839b80b72a91cf1f9ed	YES
114d3fa71789ff1d594405ee08b5e4a0548a9caf0225e12e6fe6a5b4e31e99ed	CIC_W	1232	408aac7a-26ff-4304-af2b-d26089b4c56d	EXACT_EQUIVALENT	APPROVED	MANUAL_REVIEW	OWNER_APPROVED_CONCEPT_MEMBERSHIP	RISK-MAP-MATERIALIZE-001	RISK-MAP-APPROVE-001	036d293c6e2fa506922c53ffcfdd44476ec903fdc639e2c12b73815d4401f026	402b4004b987169e1cc5b9b0356061794218ef45ee473839b80b72a91cf1f9ed	YES
39cb1109038005b8d28e5bb8dee236ac9fbe66cc91cb82ff7d25e7043e0e1eb1	CIC_W	1233	ba489302-8e06-48a5-8e14-25c1809cf5d8	EXACT_EQUIVALENT	APPROVED	MANUAL_REVIEW	OWNER_APPROVED_CONCEPT_MEMBERSHIP	RISK-MAP-MATERIALIZE-001	RISK-MAP-APPROVE-001	036d293c6e2fa506922c53ffcfdd44476ec903fdc639e2c12b73815d4401f026	402b4004b987169e1cc5b9b0356061794218ef45ee473839b80b72a91cf1f9ed	YES
f3c94ea21f0f3dacb95c2f716797527f922ad50575d2970109845e7413a590c5	CIC_W	1234	06e686fc-0062-46af-b4f2-72027b7a4668	EXACT_EQUIVALENT	APPROVED	MANUAL_REVIEW	OWNER_APPROVED_CONCEPT_MEMBERSHIP	RISK-MAP-MATERIALIZE-001	RISK-MAP-APPROVE-001	036d293c6e2fa506922c53ffcfdd44476ec903fdc639e2c12b73815d4401f026	402b4004b987169e1cc5b9b0356061794218ef45ee473839b80b72a91cf1f9ed	YES
a4ed514549d422000d24fa79fa29129b72eebb391165d413c6236168875e8082	CIC_W	1235	49c2fe76-d45d-4e42-9b5c-1a793492c97d	EXACT_EQUIVALENT	APPROVED	MANUAL_REVIEW	OWNER_APPROVED_CONCEPT_MEMBERSHIP	RISK-MAP-MATERIALIZE-001	RISK-MAP-APPROVE-001	036d293c6e2fa506922c53ffcfdd44476ec903fdc639e2c12b73815d4401f026	402b4004b987169e1cc5b9b0356061794218ef45ee473839b80b72a91cf1f9ed	YES
11cf3668d8355888224df7a205c641311b6ad69a96f164ae4c7fa71eec8c5f3c	CIC_W	1236	b4675b66-9e65-4de3-ab16-8593b87f66c0	EXACT_EQUIVALENT	APPROVED	MANUAL_REVIEW	OWNER_APPROVED_CONCEPT_MEMBERSHIP	RISK-MAP-MATERIALIZE-001	RISK-MAP-APPROVE-001	036d293c6e2fa506922c53ffcfdd44476ec903fdc639e2c12b73815d4401f026	402b4004b987169e1cc5b9b0356061794218ef45ee473839b80b72a91cf1f9ed	YES
ecf859bb4e9d935a69fa0bd529a2dbcc8c26ce6e582eaeee1de9ec74bc2bb9a4	CIC_W	124	351f17df-5f06-404d-8c36-49a5e51dba53	EXACT_EQUIVALENT	APPROVED	MANUAL_REVIEW	OWNER_APPROVED_CONCEPT_MEMBERSHIP	RISK-MAP-MATERIALIZE-001	RISK-MAP-APPROVE-001	036d293c6e2fa506922c53ffcfdd44476ec903fdc639e2c12b73815d4401f026	402b4004b987169e1cc5b9b0356061794218ef45ee473839b80b72a91cf1f9ed	YES
5444f2f81a3b9895f4c001584ee2961ade0aff70c41211ffb4b6da23d3c0d56e	CIC_W	1241	e9ce532d-9509-4c4c-bded-03d6fc383be0	EXACT_EQUIVALENT	APPROVED	MANUAL_REVIEW	OWNER_APPROVED_CONCEPT_MEMBERSHIP	RISK-MAP-MATERIALIZE-001	RISK-MAP-APPROVE-001	036d293c6e2fa506922c53ffcfdd44476ec903fdc639e2c12b73815d4401f026	402b4004b987169e1cc5b9b0356061794218ef45ee473839b80b72a91cf1f9ed	YES
7ea3e66463f0631e6b50c8e7468c874d770b27e8b148e631c96f0d559b9d98af	CIC_W	1242	af3621c8-15bc-4ab6-b5ce-63f3cd83ebd1	EXACT_EQUIVALENT	APPROVED	MANUAL_REVIEW	OWNER_APPROVED_CONCEPT_MEMBERSHIP	RISK-MAP-MATERIALIZE-001	RISK-MAP-APPROVE-001	036d293c6e2fa506922c53ffcfdd44476ec903fdc639e2c12b73815d4401f026	402b4004b987169e1cc5b9b0356061794218ef45ee473839b80b72a91cf1f9ed	YES
f450aebe477a8103ee0cc8beecc84d068b0e93930e39fb1cbfdc0098bd2ebd65	CIC_W	125	5246393c-ea40-4aff-a8fc-442b9be412dd	EXACT_EQUIVALENT	APPROVED	MANUAL_REVIEW	OWNER_APPROVED_CONCEPT_MEMBERSHIP	RISK-MAP-MATERIALIZE-001	RISK-MAP-APPROVE-001	036d293c6e2fa506922c53ffcfdd44476ec903fdc639e2c12b73815d4401f026	402b4004b987169e1cc5b9b0356061794218ef45ee473839b80b72a91cf1f9ed	YES
2adc248f70367f82775e622435ed79af7afe9bc275c907857d636f3b22beb8f2	CIC_W	126	868708fb-8cf4-4e12-81b7-b5751a226280	EXACT_EQUIVALENT	APPROVED	MANUAL_REVIEW	OWNER_APPROVED_CONCEPT_MEMBERSHIP	RISK-MAP-MATERIALIZE-001	RISK-MAP-APPROVE-001	036d293c6e2fa506922c53ffcfdd44476ec903fdc639e2c12b73815d4401f026	402b4004b987169e1cc5b9b0356061794218ef45ee473839b80b72a91cf1f9ed	YES
6d04310d5cbb345167e806f34cac8a70bb009c4c9ed5c185ed05a706a323a66d	CIC_W	127	313b04c2-eaa2-48e9-b756-6501182f97c7	EXACT_EQUIVALENT	APPROVED	MANUAL_REVIEW	OWNER_APPROVED_CONCEPT_MEMBERSHIP	RISK-MAP-MATERIALIZE-001	RISK-MAP-APPROVE-001	036d293c6e2fa506922c53ffcfdd44476ec903fdc639e2c12b73815d4401f026	402b4004b987169e1cc5b9b0356061794218ef45ee473839b80b72a91cf1f9ed	YES
e992f90cae3116bcc8686797e52ddf2e5cef17d14b581a8229bb8c58f9426cb1	CIC_W	128	66aa227f-5b7b-47aa-bbce-ca5e1185fafa	EXACT_EQUIVALENT	APPROVED	MANUAL_REVIEW	OWNER_APPROVED_CONCEPT_MEMBERSHIP	RISK-MAP-MATERIALIZE-001	RISK-MAP-APPROVE-001	036d293c6e2fa506922c53ffcfdd44476ec903fdc639e2c12b73815d4401f026	402b4004b987169e1cc5b9b0356061794218ef45ee473839b80b72a91cf1f9ed	YES
edf69549392646d8665a25dd1734e6657da0492c6fec58bd42e6dae52d2d0956	CIC_W	129	55bee069-c895-4583-82a1-8a905bc28455	EXACT_EQUIVALENT	APPROVED	MANUAL_REVIEW	OWNER_APPROVED_CONCEPT_MEMBERSHIP	RISK-MAP-MATERIALIZE-001	RISK-MAP-APPROVE-001	036d293c6e2fa506922c53ffcfdd44476ec903fdc639e2c12b73815d4401f026	402b4004b987169e1cc5b9b0356061794218ef45ee473839b80b72a91cf1f9ed	YES
a8793a810d120e013c5f1bdb562fc93600b8b5141437b61582c5f66a7c553d3f	CIC_W	13	1f3fad6f-505e-4c8a-8924-44f68b3a0652	EXACT_EQUIVALENT	APPROVED	MANUAL_REVIEW	OWNER_APPROVED_CONCEPT_MEMBERSHIP	RISK-MAP-MATERIALIZE-001	RISK-MAP-APPROVE-001	036d293c6e2fa506922c53ffcfdd44476ec903fdc639e2c12b73815d4401f026	402b4004b987169e1cc5b9b0356061794218ef45ee473839b80b72a91cf1f9ed	YES
d56acf7c95cc0ee5cb7a0a99a1b40063b030a68551ad241346170cd2c399b793	CIC_W	131	b1711c33-2150-4175-af17-30437a6b908a	EXACT_EQUIVALENT	APPROVED	MANUAL_REVIEW	OWNER_APPROVED_CONCEPT_MEMBERSHIP	RISK-MAP-MATERIALIZE-001	RISK-MAP-APPROVE-001	036d293c6e2fa506922c53ffcfdd44476ec903fdc639e2c12b73815d4401f026	402b4004b987169e1cc5b9b0356061794218ef45ee473839b80b72a91cf1f9ed	YES
b1301151cba75f8ec6046bde2fc8e5173c71181a286b610bbdfd31ad7f6fa111	CIC_W	1311	d35c54fb-26bc-4f27-b5ef-cd6ce1e2e04e	EXACT_EQUIVALENT	APPROVED	MANUAL_REVIEW	OWNER_APPROVED_CONCEPT_MEMBERSHIP	RISK-MAP-MATERIALIZE-001	RISK-MAP-APPROVE-001	036d293c6e2fa506922c53ffcfdd44476ec903fdc639e2c12b73815d4401f026	402b4004b987169e1cc5b9b0356061794218ef45ee473839b80b72a91cf1f9ed	YES
8eb1ba6872574678bdd478e8d8fd0265cd0fafd11961489f713580c663597881	CIC_W	132	de0838ee-23ff-4020-a494-8ee37e060315	EXACT_EQUIVALENT	APPROVED	MANUAL_REVIEW	OWNER_APPROVED_CONCEPT_MEMBERSHIP	RISK-MAP-MATERIALIZE-001	RISK-MAP-APPROVE-001	036d293c6e2fa506922c53ffcfdd44476ec903fdc639e2c12b73815d4401f026	402b4004b987169e1cc5b9b0356061794218ef45ee473839b80b72a91cf1f9ed	YES
315102264e939a1308c1069fd770edc2f27b63f82501a57f82e5931ebbf59550	CIC_W	133	fa26073f-586c-4a04-a24e-bf77762cb1d2	EXACT_EQUIVALENT	APPROVED	MANUAL_REVIEW	OWNER_APPROVED_CONCEPT_MEMBERSHIP	RISK-MAP-MATERIALIZE-001	RISK-MAP-APPROVE-001	036d293c6e2fa506922c53ffcfdd44476ec903fdc639e2c12b73815d4401f026	402b4004b987169e1cc5b9b0356061794218ef45ee473839b80b72a91cf1f9ed	YES
31a1d21420f4074500e9dbac89ce2dd336e93d2191d7ecc83923cc40ce6884e1	CIC_W	134	a94a4691-ba52-4ff6-8fac-bae9279adae5	EXACT_EQUIVALENT	APPROVED	MANUAL_REVIEW	OWNER_APPROVED_CONCEPT_MEMBERSHIP	RISK-MAP-MATERIALIZE-001	RISK-MAP-APPROVE-001	036d293c6e2fa506922c53ffcfdd44476ec903fdc639e2c12b73815d4401f026	402b4004b987169e1cc5b9b0356061794218ef45ee473839b80b72a91cf1f9ed	YES
27088b90f5912412e9f9d98f1ac5a45781bdaa40497ef0ddffc9a847303dc56a	CIC_W	1341	ba00b036-bed2-413a-86ca-d7262f0d86f2	EXACT_EQUIVALENT	APPROVED	MANUAL_REVIEW	OWNER_APPROVED_CONCEPT_MEMBERSHIP	RISK-MAP-MATERIALIZE-001	RISK-MAP-APPROVE-001	036d293c6e2fa506922c53ffcfdd44476ec903fdc639e2c12b73815d4401f026	402b4004b987169e1cc5b9b0356061794218ef45ee473839b80b72a91cf1f9ed	YES
430b5562e2b7a1ba1c3e841596ceb55414de0e8c79e196f02bf3645a5205b880	CIC_W	1342	93cefdea-b09f-4999-ac7e-74633d5d8553	EXACT_EQUIVALENT	APPROVED	MANUAL_REVIEW	OWNER_APPROVED_CONCEPT_MEMBERSHIP	RISK-MAP-MATERIALIZE-001	RISK-MAP-APPROVE-001	036d293c6e2fa506922c53ffcfdd44476ec903fdc639e2c12b73815d4401f026	402b4004b987169e1cc5b9b0356061794218ef45ee473839b80b72a91cf1f9ed	YES
f9b9f9685a6ca48d872ac57985c0a38b8e367dd9a2da4da90ec621dbad0f293c	CIC_W	1343	fcb16e1a-bff3-44e4-bd6f-80ee1e1c6a72	EXACT_EQUIVALENT	APPROVED	MANUAL_REVIEW	OWNER_APPROVED_CONCEPT_MEMBERSHIP	RISK-MAP-MATERIALIZE-001	RISK-MAP-APPROVE-001	036d293c6e2fa506922c53ffcfdd44476ec903fdc639e2c12b73815d4401f026	402b4004b987169e1cc5b9b0356061794218ef45ee473839b80b72a91cf1f9ed	YES
3a90be09b7be3fc1ef24238028bdd1f30b0bbd50b3b7cbf0b69f43608408c03c	CIC_W	1344	43a78d85-0950-4f82-99dc-6f2f14d82963	EXACT_EQUIVALENT	APPROVED	MANUAL_REVIEW	OWNER_APPROVED_CONCEPT_MEMBERSHIP	RISK-MAP-MATERIALIZE-001	RISK-MAP-APPROVE-001	036d293c6e2fa506922c53ffcfdd44476ec903fdc639e2c12b73815d4401f026	402b4004b987169e1cc5b9b0356061794218ef45ee473839b80b72a91cf1f9ed	YES
b1267750f949367f6e8acd20bb5af7e25e1bb65415380a84b02eb8568d925ba6	CIC_W	135	df28c14e-0fab-4d8b-93a2-4803a1e122b4	EXACT_EQUIVALENT	APPROVED	MANUAL_REVIEW	OWNER_APPROVED_CONCEPT_MEMBERSHIP	RISK-MAP-MATERIALIZE-001	RISK-MAP-APPROVE-001	036d293c6e2fa506922c53ffcfdd44476ec903fdc639e2c12b73815d4401f026	402b4004b987169e1cc5b9b0356061794218ef45ee473839b80b72a91cf1f9ed	YES
ad970444d57611acc10fd0dbd74ed5a44565f61afa9170f3ff3524e43ba37c2b	CIC_W	1351	175b3041-cc31-4af0-9d0c-6ffcfb5048b5	EXACT_EQUIVALENT	APPROVED	MANUAL_REVIEW	OWNER_APPROVED_CONCEPT_MEMBERSHIP	RISK-MAP-MATERIALIZE-001	RISK-MAP-APPROVE-001	036d293c6e2fa506922c53ffcfdd44476ec903fdc639e2c12b73815d4401f026	402b4004b987169e1cc5b9b0356061794218ef45ee473839b80b72a91cf1f9ed	YES
3c2e06701d2cead074c0f73687f16863bec502dfb3dd544aadc27d238fa38513	CIC_W	1352	12389a9c-0581-4a2a-a5ea-e17be409bcf7	EXACT_EQUIVALENT	APPROVED	MANUAL_REVIEW	OWNER_APPROVED_CONCEPT_MEMBERSHIP	RISK-MAP-MATERIALIZE-001	RISK-MAP-APPROVE-001	036d293c6e2fa506922c53ffcfdd44476ec903fdc639e2c12b73815d4401f026	402b4004b987169e1cc5b9b0356061794218ef45ee473839b80b72a91cf1f9ed	YES
3475d3952885b0f22adabf2eab71ba5b55c4d1ea47114cfbe83f98d702587ed1	CIC_W	1353	68b825ff-07e8-4312-a109-005213651f4b	EXACT_EQUIVALENT	APPROVED	MANUAL_REVIEW	OWNER_APPROVED_CONCEPT_MEMBERSHIP	RISK-MAP-MATERIALIZE-001	RISK-MAP-APPROVE-001	036d293c6e2fa506922c53ffcfdd44476ec903fdc639e2c12b73815d4401f026	402b4004b987169e1cc5b9b0356061794218ef45ee473839b80b72a91cf1f9ed	YES
f56c9f899483d709bd5c06d7e13cfb13cf95f990381b3ddd8d7e8981cfb80f97	CIC_W	1354	74bf5cfd-b552-473c-9158-d4585291941f	EXACT_EQUIVALENT	APPROVED	MANUAL_REVIEW	OWNER_APPROVED_CONCEPT_MEMBERSHIP	RISK-MAP-MATERIALIZE-001	RISK-MAP-APPROVE-001	036d293c6e2fa506922c53ffcfdd44476ec903fdc639e2c12b73815d4401f026	402b4004b987169e1cc5b9b0356061794218ef45ee473839b80b72a91cf1f9ed	YES
d6d15ebb1c8f1786cc2f268ec4be269eca85b91ffa6b65b14a9e7be8ebe64391	CIC_W	1355	0459ba9d-f79a-4f74-8291-20fc19430571	EXACT_EQUIVALENT	APPROVED	MANUAL_REVIEW	OWNER_APPROVED_CONCEPT_MEMBERSHIP	RISK-MAP-MATERIALIZE-001	RISK-MAP-APPROVE-001	036d293c6e2fa506922c53ffcfdd44476ec903fdc639e2c12b73815d4401f026	402b4004b987169e1cc5b9b0356061794218ef45ee473839b80b72a91cf1f9ed	YES
49c85ef53d4cf786c958fdba9984e1663c1055744f8691dde89d763b7d7aa2c1	CIC_W	1356	908da121-620d-42bd-947b-d7945690e1f3	EXACT_EQUIVALENT	APPROVED	MANUAL_REVIEW	OWNER_APPROVED_CONCEPT_MEMBERSHIP	RISK-MAP-MATERIALIZE-001	RISK-MAP-APPROVE-001	036d293c6e2fa506922c53ffcfdd44476ec903fdc639e2c12b73815d4401f026	402b4004b987169e1cc5b9b0356061794218ef45ee473839b80b72a91cf1f9ed	YES
b522cff79f26b0c273443209d0df175cb72efc862866f31a59548741289d3348	CIC_W	136	6b2fd118-f45c-4ef3-8c3a-56769a54d6e1	EXACT_EQUIVALENT	APPROVED	MANUAL_REVIEW	OWNER_APPROVED_CONCEPT_MEMBERSHIP	RISK-MAP-MATERIALIZE-001	RISK-MAP-APPROVE-001	036d293c6e2fa506922c53ffcfdd44476ec903fdc639e2c12b73815d4401f026	402b4004b987169e1cc5b9b0356061794218ef45ee473839b80b72a91cf1f9ed	YES
97af7f432009c6f5d345586d685efeaecec84674c21fbf6fe67c82aedd23f9bd	CIC_W	1361	7978df0d-7318-4d00-a99c-133d5b7cdca7	EXACT_EQUIVALENT	APPROVED	MANUAL_REVIEW	OWNER_APPROVED_CONCEPT_MEMBERSHIP	RISK-MAP-MATERIALIZE-001	RISK-MAP-APPROVE-001	036d293c6e2fa506922c53ffcfdd44476ec903fdc639e2c12b73815d4401f026	402b4004b987169e1cc5b9b0356061794218ef45ee473839b80b72a91cf1f9ed	YES
0424298e927ef21b8f26a9cc7d7d9e060f3dc727449b44ed11b4174b1251aff2	CIC_W	1362	08e9ba68-ac17-4295-9624-13d58b026807	EXACT_EQUIVALENT	APPROVED	MANUAL_REVIEW	OWNER_APPROVED_CONCEPT_MEMBERSHIP	RISK-MAP-MATERIALIZE-001	RISK-MAP-APPROVE-001	036d293c6e2fa506922c53ffcfdd44476ec903fdc639e2c12b73815d4401f026	402b4004b987169e1cc5b9b0356061794218ef45ee473839b80b72a91cf1f9ed	YES
461102a33e0c73612b194db16745651d357dfe4d41f53fab9aac1b4f74bf7eb7	CIC_W	18	25e2cf2e-83c2-4ecc-a6c0-e313f101102a	EXACT_EQUIVALENT	APPROVED	MANUAL_REVIEW	OWNER_APPROVED_CONCEPT_MEMBERSHIP	RISK-MAP-MATERIALIZE-001	RISK-MAP-APPROVE-001	036d293c6e2fa506922c53ffcfdd44476ec903fdc639e2c12b73815d4401f026	402b4004b987169e1cc5b9b0356061794218ef45ee473839b80b72a91cf1f9ed	YES
ab7b1f618b43b5372e5d8417307aa70bf21ac642811c69824c01b70776d407bf	CIC_W	181	35971f29-8d83-432e-b5d9-dea20b607c61	EXACT_EQUIVALENT	APPROVED	MANUAL_REVIEW	OWNER_APPROVED_CONCEPT_MEMBERSHIP	RISK-MAP-MATERIALIZE-001	RISK-MAP-APPROVE-001	036d293c6e2fa506922c53ffcfdd44476ec903fdc639e2c12b73815d4401f026	402b4004b987169e1cc5b9b0356061794218ef45ee473839b80b72a91cf1f9ed	YES
0379c965c5b54283abb1c3e0786a9dd310d5deb9d130c708e3b62ccd9fcf4ca0	CIC_W	1811	0a9e3562-e5da-4fc7-bcf3-a8fd224dda13	EXACT_EQUIVALENT	APPROVED	MANUAL_REVIEW	OWNER_APPROVED_CONCEPT_MEMBERSHIP	RISK-MAP-MATERIALIZE-001	RISK-MAP-APPROVE-001	036d293c6e2fa506922c53ffcfdd44476ec903fdc639e2c12b73815d4401f026	402b4004b987169e1cc5b9b0356061794218ef45ee473839b80b72a91cf1f9ed	YES
a339c8a98e8aee10d230b09ea34149b84ae2f1e7184b7962e8f1e6a4c091441c	CIC_W	1812	e481516f-fb99-4104-a1b1-2187345f2031	EXACT_EQUIVALENT	APPROVED	MANUAL_REVIEW	OWNER_APPROVED_CONCEPT_MEMBERSHIP	RISK-MAP-MATERIALIZE-001	RISK-MAP-APPROVE-001	036d293c6e2fa506922c53ffcfdd44476ec903fdc639e2c12b73815d4401f026	402b4004b987169e1cc5b9b0356061794218ef45ee473839b80b72a91cf1f9ed	YES
964ccc688f9cb11ca836307521c35edac767c3d8cfbad9984953c476b8f01166	CIC_W	1813	93b31a0b-6b50-4935-b40a-4e02877aaa05	EXACT_EQUIVALENT	APPROVED	MANUAL_REVIEW	OWNER_APPROVED_CONCEPT_MEMBERSHIP	RISK-MAP-MATERIALIZE-001	RISK-MAP-APPROVE-001	036d293c6e2fa506922c53ffcfdd44476ec903fdc639e2c12b73815d4401f026	402b4004b987169e1cc5b9b0356061794218ef45ee473839b80b72a91cf1f9ed	YES
8470424244ea9fe325d288960cf86b692fbea1d9d68e2cd4bd1c8eed16211431	CIC_W	1814	545a5282-2c94-471a-9ed3-bd7fccfc6787	EXACT_EQUIVALENT	APPROVED	MANUAL_REVIEW	OWNER_APPROVED_CONCEPT_MEMBERSHIP	RISK-MAP-MATERIALIZE-001	RISK-MAP-APPROVE-001	036d293c6e2fa506922c53ffcfdd44476ec903fdc639e2c12b73815d4401f026	402b4004b987169e1cc5b9b0356061794218ef45ee473839b80b72a91cf1f9ed	YES
4e18801ecf5a4b0ccab76b0d479c21fe824dec530a7e0d2f9dbb0acd11fde19c	CIC_W	1815	4abc6255-93d5-4e5b-a95b-d45c34cecb89	EXACT_EQUIVALENT	APPROVED	MANUAL_REVIEW	OWNER_APPROVED_CONCEPT_MEMBERSHIP	RISK-MAP-MATERIALIZE-001	RISK-MAP-APPROVE-001	036d293c6e2fa506922c53ffcfdd44476ec903fdc639e2c12b73815d4401f026	402b4004b987169e1cc5b9b0356061794218ef45ee473839b80b72a91cf1f9ed	YES
9a11bb3af5696b49579027148d839a1552d0a18ca52a4dc8c8be6451535b379c	CIC_W	182	ee7cba05-c783-4381-821a-bcb3d17c1c87	EXACT_EQUIVALENT	APPROVED	MANUAL_REVIEW	OWNER_APPROVED_CONCEPT_MEMBERSHIP	RISK-MAP-MATERIALIZE-001	RISK-MAP-APPROVE-001	036d293c6e2fa506922c53ffcfdd44476ec903fdc639e2c12b73815d4401f026	402b4004b987169e1cc5b9b0356061794218ef45ee473839b80b72a91cf1f9ed	YES
6b5ce56b8e09a4752755a89373016d62d00358d7afe426022953613a091e8a21	CIC_W	1821	f21e4973-4c74-49e3-ae03-7c57dfa29cae	EXACT_EQUIVALENT	APPROVED	MANUAL_REVIEW	OWNER_APPROVED_CONCEPT_MEMBERSHIP	RISK-MAP-MATERIALIZE-001	RISK-MAP-APPROVE-001	036d293c6e2fa506922c53ffcfdd44476ec903fdc639e2c12b73815d4401f026	402b4004b987169e1cc5b9b0356061794218ef45ee473839b80b72a91cf1f9ed	YES
386586cffbd00369541a316c6161f4d35b54b11c36b5774b619708f172be1132	CIC_W	1823	256009b0-1a5a-41e4-9a9a-bd19783e2e8b	EXACT_EQUIVALENT	APPROVED	MANUAL_REVIEW	OWNER_APPROVED_CONCEPT_MEMBERSHIP	RISK-MAP-MATERIALIZE-001	RISK-MAP-APPROVE-001	036d293c6e2fa506922c53ffcfdd44476ec903fdc639e2c12b73815d4401f026	402b4004b987169e1cc5b9b0356061794218ef45ee473839b80b72a91cf1f9ed	YES
0b1c86ddc9522ecaf2aa9ac1565e55ef35890c1d4db6a6ee46216e66b4bb2b99	CIC_W	1824	64cc5b9c-74bc-41e3-97cb-f1fe81f0d0f9	EXACT_EQUIVALENT	APPROVED	MANUAL_REVIEW	OWNER_APPROVED_CONCEPT_MEMBERSHIP	RISK-MAP-MATERIALIZE-001	RISK-MAP-APPROVE-001	036d293c6e2fa506922c53ffcfdd44476ec903fdc639e2c12b73815d4401f026	402b4004b987169e1cc5b9b0356061794218ef45ee473839b80b72a91cf1f9ed	YES
0b93c14da3c03344cbaf7bf3a3f731e7d2de07ad6492d517ec2a37ab0576b7a7	CIC_W	1825	7dda85c2-2670-4427-b53c-0215a9a4fa14	EXACT_EQUIVALENT	APPROVED	MANUAL_REVIEW	OWNER_APPROVED_CONCEPT_MEMBERSHIP	RISK-MAP-MATERIALIZE-001	RISK-MAP-APPROVE-001	036d293c6e2fa506922c53ffcfdd44476ec903fdc639e2c12b73815d4401f026	402b4004b987169e1cc5b9b0356061794218ef45ee473839b80b72a91cf1f9ed	YES
ca82e39292ecd550d9cb0d2e67ae9fd290c46a5c83995a94db5621deb63678d7	CIC_W	183	df4016d2-ef88-480b-8c28-32f0585f8346	EXACT_EQUIVALENT	APPROVED	MANUAL_REVIEW	OWNER_APPROVED_CONCEPT_MEMBERSHIP	RISK-MAP-MATERIALIZE-001	RISK-MAP-APPROVE-001	036d293c6e2fa506922c53ffcfdd44476ec903fdc639e2c12b73815d4401f026	402b4004b987169e1cc5b9b0356061794218ef45ee473839b80b72a91cf1f9ed	YES
d9698de05afb4c5543cbe4a3336ce6164e48170a3e038c36eebe087fbe1ddd62	CIC_W	1831	c85d4beb-19a1-4acf-be09-01cba9bc60f1	EXACT_EQUIVALENT	APPROVED	MANUAL_REVIEW	OWNER_APPROVED_CONCEPT_MEMBERSHIP	RISK-MAP-MATERIALIZE-001	RISK-MAP-APPROVE-001	036d293c6e2fa506922c53ffcfdd44476ec903fdc639e2c12b73815d4401f026	402b4004b987169e1cc5b9b0356061794218ef45ee473839b80b72a91cf1f9ed	YES
c253640202d113b04b3fbb5973a0b6bba4c572f1aec827cea255c21e640c7ad8	CIC_W	1832	4ce2bef1-24a0-4fee-85db-596f91fe313b	EXACT_EQUIVALENT	APPROVED	MANUAL_REVIEW	OWNER_APPROVED_CONCEPT_MEMBERSHIP	RISK-MAP-MATERIALIZE-001	RISK-MAP-APPROVE-001	036d293c6e2fa506922c53ffcfdd44476ec903fdc639e2c12b73815d4401f026	402b4004b987169e1cc5b9b0356061794218ef45ee473839b80b72a91cf1f9ed	YES
b9a231c3baadc0517d3fd58d2dd83a6aeee3c2fade998e38a88b627b5ae60166	CIC_W	1833	059fee94-2440-449a-9bb1-05197b5176fe	EXACT_EQUIVALENT	APPROVED	MANUAL_REVIEW	OWNER_APPROVED_CONCEPT_MEMBERSHIP	RISK-MAP-MATERIALIZE-001	RISK-MAP-APPROVE-001	036d293c6e2fa506922c53ffcfdd44476ec903fdc639e2c12b73815d4401f026	402b4004b987169e1cc5b9b0356061794218ef45ee473839b80b72a91cf1f9ed	YES
1ae31e0f3c3d6441876977382798b35c4dde65429858cc4fab39f72a311af56d	CIC_W	1834	8a44ad5c-8215-4fdc-8693-5120e1cc2983	EXACT_EQUIVALENT	APPROVED	MANUAL_REVIEW	OWNER_APPROVED_CONCEPT_MEMBERSHIP	RISK-MAP-MATERIALIZE-001	RISK-MAP-APPROVE-001	036d293c6e2fa506922c53ffcfdd44476ec903fdc639e2c12b73815d4401f026	402b4004b987169e1cc5b9b0356061794218ef45ee473839b80b72a91cf1f9ed	YES
7edc34774b925d2d35c17acdd604c41d97bd96458a856401828fbb20ba05ebab	CIC_W	184	a285976c-d91c-435f-be2b-717d72e6d83f	EXACT_EQUIVALENT	APPROVED	MANUAL_REVIEW	OWNER_APPROVED_CONCEPT_MEMBERSHIP	RISK-MAP-MATERIALIZE-001	RISK-MAP-APPROVE-001	036d293c6e2fa506922c53ffcfdd44476ec903fdc639e2c12b73815d4401f026	402b4004b987169e1cc5b9b0356061794218ef45ee473839b80b72a91cf1f9ed	YES
c1f35b9812becf3a2e0a9f75ba8e2814b6598597f7e444f0b3f56b4fd468556c	CIC_W	1841	e80a8e00-e81e-4eea-ae0f-b514fa64f54c	EXACT_EQUIVALENT	APPROVED	MANUAL_REVIEW	OWNER_APPROVED_CONCEPT_MEMBERSHIP	RISK-MAP-MATERIALIZE-001	RISK-MAP-APPROVE-001	036d293c6e2fa506922c53ffcfdd44476ec903fdc639e2c12b73815d4401f026	402b4004b987169e1cc5b9b0356061794218ef45ee473839b80b72a91cf1f9ed	YES
a45364ee6239790bc91b6d106ee80fc09c08c8bb9f15df238c3c9343a7f21858	CIC_W	1842	f90a7410-7df8-46c7-b36a-c710a3d92cef	EXACT_EQUIVALENT	APPROVED	MANUAL_REVIEW	OWNER_APPROVED_CONCEPT_MEMBERSHIP	RISK-MAP-MATERIALIZE-001	RISK-MAP-APPROVE-001	036d293c6e2fa506922c53ffcfdd44476ec903fdc639e2c12b73815d4401f026	402b4004b987169e1cc5b9b0356061794218ef45ee473839b80b72a91cf1f9ed	YES
73faf55a7b65c43cebfbb334c92f108a6c697e5cbc6573d7a48081f8292eeb36	CIC_W	1843	0f6dfbd6-b755-4241-9e27-470e8a4b68e7	EXACT_EQUIVALENT	APPROVED	MANUAL_REVIEW	OWNER_APPROVED_CONCEPT_MEMBERSHIP	RISK-MAP-MATERIALIZE-001	RISK-MAP-APPROVE-001	036d293c6e2fa506922c53ffcfdd44476ec903fdc639e2c12b73815d4401f026	402b4004b987169e1cc5b9b0356061794218ef45ee473839b80b72a91cf1f9ed	YES
bc0f2b565bcce447820281431dff48e1121507ec5ff9ba3cf45cf7d0fc64d587	CIC_W	1844	9cf5956f-642a-450b-bd8d-43033204f8c5	EXACT_EQUIVALENT	APPROVED	MANUAL_REVIEW	OWNER_APPROVED_CONCEPT_MEMBERSHIP	RISK-MAP-MATERIALIZE-001	RISK-MAP-APPROVE-001	036d293c6e2fa506922c53ffcfdd44476ec903fdc639e2c12b73815d4401f026	402b4004b987169e1cc5b9b0356061794218ef45ee473839b80b72a91cf1f9ed	YES
d7e8f39cbf528281c4a81357291bfc69866f7697180c74102cdc09ebb942b9e8	CIC_W	1845	6a2247a9-9e66-43b7-950c-89ea34a0f8e4	EXACT_EQUIVALENT	APPROVED	MANUAL_REVIEW	OWNER_APPROVED_CONCEPT_MEMBERSHIP	RISK-MAP-MATERIALIZE-001	RISK-MAP-APPROVE-001	036d293c6e2fa506922c53ffcfdd44476ec903fdc639e2c12b73815d4401f026	402b4004b987169e1cc5b9b0356061794218ef45ee473839b80b72a91cf1f9ed	YES
638a6f60c77b26497fd650576ed7e31e034ac685ce008cdcb39bc6abf155f30e	CIC_W	1846	ad160a3c-f507-45de-bc66-82060376c638	EXACT_EQUIVALENT	APPROVED	MANUAL_REVIEW	OWNER_APPROVED_CONCEPT_MEMBERSHIP	RISK-MAP-MATERIALIZE-001	RISK-MAP-APPROVE-001	036d293c6e2fa506922c53ffcfdd44476ec903fdc639e2c12b73815d4401f026	402b4004b987169e1cc5b9b0356061794218ef45ee473839b80b72a91cf1f9ed	YES
2204b9bd181af5f98037bec0cc6d135e0f4f2f2fef3d868659690156073f05d9	CIC_W	1849	dc7a9f70-09a9-468e-a91f-822f0c832aa6	EXACT_EQUIVALENT	APPROVED	MANUAL_REVIEW	OWNER_APPROVED_CONCEPT_MEMBERSHIP	RISK-MAP-MATERIALIZE-001	RISK-MAP-APPROVE-001	036d293c6e2fa506922c53ffcfdd44476ec903fdc639e2c12b73815d4401f026	402b4004b987169e1cc5b9b0356061794218ef45ee473839b80b72a91cf1f9ed	YES
1caf01bbb109a69ce2508959e1c64d60bc44853d25f7079e1783c95663e81fbc	CIC_W	185	abcb1e66-9a44-41c9-9baa-8482f9498106	EXACT_EQUIVALENT	APPROVED	MANUAL_REVIEW	OWNER_APPROVED_CONCEPT_MEMBERSHIP	RISK-MAP-MATERIALIZE-001	RISK-MAP-APPROVE-001	036d293c6e2fa506922c53ffcfdd44476ec903fdc639e2c12b73815d4401f026	402b4004b987169e1cc5b9b0356061794218ef45ee473839b80b72a91cf1f9ed	YES
8dd434e0972dece4d4917ff35453fd6c75943056706bb4acc87e678367b87da4	CIC_W	1851	4f229d28-26e9-4f50-a58b-a172cd19cc56	EXACT_EQUIVALENT	APPROVED	MANUAL_REVIEW	OWNER_APPROVED_CONCEPT_MEMBERSHIP	RISK-MAP-MATERIALIZE-001	RISK-MAP-APPROVE-001	036d293c6e2fa506922c53ffcfdd44476ec903fdc639e2c12b73815d4401f026	402b4004b987169e1cc5b9b0356061794218ef45ee473839b80b72a91cf1f9ed	YES
eaddfcb31d2c77b48540e6eeb1cabba0ebdcdf6fcd67421b93ab640a9ea8eb5a	CIC_W	1852	d4083196-f5da-4051-914f-d5b9df7e6f57	EXACT_EQUIVALENT	APPROVED	MANUAL_REVIEW	OWNER_APPROVED_CONCEPT_MEMBERSHIP	RISK-MAP-MATERIALIZE-001	RISK-MAP-APPROVE-001	036d293c6e2fa506922c53ffcfdd44476ec903fdc639e2c12b73815d4401f026	402b4004b987169e1cc5b9b0356061794218ef45ee473839b80b72a91cf1f9ed	YES
c2c4a1d2b93648d26a45e176002e07464d59b3d8280b6bf91f62a2e488f2a860	CIC_W	1853	b2c92947-03cb-49f8-83d6-8fdc655f37f8	EXACT_EQUIVALENT	APPROVED	MANUAL_REVIEW	OWNER_APPROVED_CONCEPT_MEMBERSHIP	RISK-MAP-MATERIALIZE-001	RISK-MAP-APPROVE-001	036d293c6e2fa506922c53ffcfdd44476ec903fdc639e2c12b73815d4401f026	402b4004b987169e1cc5b9b0356061794218ef45ee473839b80b72a91cf1f9ed	YES
90c097f3363578dc7d62ec1a7cbbfade559484b7ae5da1c992754583aba4c3f0	CIC_W	1859	99d71e86-a3a7-4478-8b3f-b0b8412c2f35	EXACT_EQUIVALENT	APPROVED	MANUAL_REVIEW	OWNER_APPROVED_CONCEPT_MEMBERSHIP	RISK-MAP-MATERIALIZE-001	RISK-MAP-APPROVE-001	036d293c6e2fa506922c53ffcfdd44476ec903fdc639e2c12b73815d4401f026	402b4004b987169e1cc5b9b0356061794218ef45ee473839b80b72a91cf1f9ed	YES
1cfbc5b09aaafe81b87cb8a6a58403e99e24e052d1e76f1988ae23c065809bf5	CIC_W	186	efa362d3-2550-439a-a444-c44d1639f8f5	EXACT_EQUIVALENT	APPROVED	MANUAL_REVIEW	OWNER_APPROVED_CONCEPT_MEMBERSHIP	RISK-MAP-MATERIALIZE-001	RISK-MAP-APPROVE-001	036d293c6e2fa506922c53ffcfdd44476ec903fdc639e2c12b73815d4401f026	402b4004b987169e1cc5b9b0356061794218ef45ee473839b80b72a91cf1f9ed	YES
4fb5bbe4a6119700db2e05d32ff3d81cde81a3e275ebcadb9b2faa109cb3bd18	CIC_W	1861	fd590839-06c9-46fb-938a-c81d45fde853	EXACT_EQUIVALENT	APPROVED	MANUAL_REVIEW	OWNER_APPROVED_CONCEPT_MEMBERSHIP	RISK-MAP-MATERIALIZE-001	RISK-MAP-APPROVE-001	036d293c6e2fa506922c53ffcfdd44476ec903fdc639e2c12b73815d4401f026	402b4004b987169e1cc5b9b0356061794218ef45ee473839b80b72a91cf1f9ed	YES
aca77ff0254207e8cbba08adff1d4515b8770d65ecb2878cf24379e88b9760cb	CIC_W	1862	d6313284-b9da-4405-acca-109bfab538a0	EXACT_EQUIVALENT	APPROVED	MANUAL_REVIEW	OWNER_APPROVED_CONCEPT_MEMBERSHIP	RISK-MAP-MATERIALIZE-001	RISK-MAP-APPROVE-001	036d293c6e2fa506922c53ffcfdd44476ec903fdc639e2c12b73815d4401f026	402b4004b987169e1cc5b9b0356061794218ef45ee473839b80b72a91cf1f9ed	YES
ebfc9ed4069a667aaf7f6672fa6b0bfdf75d9cebdc13e8a86b914d9f7b298f3e	CIC_W	1863	a230c986-0104-41b3-9363-bee3c3887732	EXACT_EQUIVALENT	APPROVED	MANUAL_REVIEW	OWNER_APPROVED_CONCEPT_MEMBERSHIP	RISK-MAP-MATERIALIZE-001	RISK-MAP-APPROVE-001	036d293c6e2fa506922c53ffcfdd44476ec903fdc639e2c12b73815d4401f026	402b4004b987169e1cc5b9b0356061794218ef45ee473839b80b72a91cf1f9ed	YES
38ea5066047cca57e649ac06b13b6120b3e28f120810514aaa91d53b9e5850d3	CIC_W	1864	d5d703c3-07d8-4e25-9631-3d24dec0d5cf	EXACT_EQUIVALENT	APPROVED	MANUAL_REVIEW	OWNER_APPROVED_CONCEPT_MEMBERSHIP	RISK-MAP-MATERIALIZE-001	RISK-MAP-APPROVE-001	036d293c6e2fa506922c53ffcfdd44476ec903fdc639e2c12b73815d4401f026	402b4004b987169e1cc5b9b0356061794218ef45ee473839b80b72a91cf1f9ed	YES
0cdc5ab92b292b76e00f3cf10a49ee542675f9f29c687c952d07668f7b2af741	CIC_W	1865	b4be40c3-4b8e-47ff-b43c-3c690ebf65d9	EXACT_EQUIVALENT	APPROVED	MANUAL_REVIEW	OWNER_APPROVED_CONCEPT_MEMBERSHIP	RISK-MAP-MATERIALIZE-001	RISK-MAP-APPROVE-001	036d293c6e2fa506922c53ffcfdd44476ec903fdc639e2c12b73815d4401f026	402b4004b987169e1cc5b9b0356061794218ef45ee473839b80b72a91cf1f9ed	YES
d91c35d2ee233912eb467c6ec30c421226a1d3e7efef6a372d28be70013644f5	CIC_W	1866	0e0da9fe-15d9-460c-b3e4-b00fece2d593	EXACT_EQUIVALENT	APPROVED	MANUAL_REVIEW	OWNER_APPROVED_CONCEPT_MEMBERSHIP	RISK-MAP-MATERIALIZE-001	RISK-MAP-APPROVE-001	036d293c6e2fa506922c53ffcfdd44476ec903fdc639e2c12b73815d4401f026	402b4004b987169e1cc5b9b0356061794218ef45ee473839b80b72a91cf1f9ed	YES
7daa1f26e030428d6fdd40e5ae8abdf2e4363e286d233f09d98b5000a3f8e343	CIC_W	1869	5aebdf52-f246-4667-8f2c-fab4948666fe	EXACT_EQUIVALENT	APPROVED	MANUAL_REVIEW	OWNER_APPROVED_CONCEPT_MEMBERSHIP	RISK-MAP-MATERIALIZE-001	RISK-MAP-APPROVE-001	036d293c6e2fa506922c53ffcfdd44476ec903fdc639e2c12b73815d4401f026	402b4004b987169e1cc5b9b0356061794218ef45ee473839b80b72a91cf1f9ed	YES
2ad533dcc77df1d302c86daabf3e9992c1992915943fb7e3457e7ba044585b68	CIC_W	187	e8320c12-4f59-4b4f-bbc1-952e327d1e68	EXACT_EQUIVALENT	APPROVED	MANUAL_REVIEW	OWNER_APPROVED_CONCEPT_MEMBERSHIP	RISK-MAP-MATERIALIZE-001	RISK-MAP-APPROVE-001	036d293c6e2fa506922c53ffcfdd44476ec903fdc639e2c12b73815d4401f026	402b4004b987169e1cc5b9b0356061794218ef45ee473839b80b72a91cf1f9ed	YES
229174f5f12156a8511167cc3b868fc7f6ed98f975824be11babbbf9dd40ab79	CIC_W	1871	fd590839-06c9-46fb-938a-c81d45fde853	EXACT_EQUIVALENT	APPROVED	MANUAL_REVIEW	OWNER_APPROVED_CONCEPT_MEMBERSHIP	RISK-MAP-MATERIALIZE-001	RISK-MAP-APPROVE-001	036d293c6e2fa506922c53ffcfdd44476ec903fdc639e2c12b73815d4401f026	402b4004b987169e1cc5b9b0356061794218ef45ee473839b80b72a91cf1f9ed	YES
09993aa44cb0372496f81c4f5b909dd41ea596f47cd67211ff4c0b6c03020f99	CIC_W	1872	9c97a7f9-2706-4e81-8676-bb197ce94669	EXACT_EQUIVALENT	APPROVED	MANUAL_REVIEW	OWNER_APPROVED_CONCEPT_MEMBERSHIP	RISK-MAP-MATERIALIZE-001	RISK-MAP-APPROVE-001	036d293c6e2fa506922c53ffcfdd44476ec903fdc639e2c12b73815d4401f026	402b4004b987169e1cc5b9b0356061794218ef45ee473839b80b72a91cf1f9ed	YES
b976e0d003611646bb4807db2e096fc973b40033ebae20f9d3af9bf513091c34	CIC_W	1873	a230c986-0104-41b3-9363-bee3c3887732	EXACT_EQUIVALENT	APPROVED	MANUAL_REVIEW	OWNER_APPROVED_CONCEPT_MEMBERSHIP	RISK-MAP-MATERIALIZE-001	RISK-MAP-APPROVE-001	036d293c6e2fa506922c53ffcfdd44476ec903fdc639e2c12b73815d4401f026	402b4004b987169e1cc5b9b0356061794218ef45ee473839b80b72a91cf1f9ed	YES
f4b2e32ee1ac3bee129eb710e3c7f71b09d4460ab8adf42843b82a0118521994	CIC_W	1874	d5d703c3-07d8-4e25-9631-3d24dec0d5cf	EXACT_EQUIVALENT	APPROVED	MANUAL_REVIEW	OWNER_APPROVED_CONCEPT_MEMBERSHIP	RISK-MAP-MATERIALIZE-001	RISK-MAP-APPROVE-001	036d293c6e2fa506922c53ffcfdd44476ec903fdc639e2c12b73815d4401f026	402b4004b987169e1cc5b9b0356061794218ef45ee473839b80b72a91cf1f9ed	YES
9dd1b067cb379e6c14640677ed8858891fbedb697261025780f61b080d908163	CIC_W	1875	146fdf2a-11d5-4950-9e4b-f702cba90007	EXACT_EQUIVALENT	APPROVED	MANUAL_REVIEW	OWNER_APPROVED_CONCEPT_MEMBERSHIP	RISK-MAP-MATERIALIZE-001	RISK-MAP-APPROVE-001	036d293c6e2fa506922c53ffcfdd44476ec903fdc639e2c12b73815d4401f026	402b4004b987169e1cc5b9b0356061794218ef45ee473839b80b72a91cf1f9ed	YES
d194869c361a2435c736453d9ca1cdda188576f4cd6a095a7d75815005bf6ac4	CIC_W	1876	1dff0a5a-4b33-4951-bf7d-ea150494e57a	EXACT_EQUIVALENT	APPROVED	MANUAL_REVIEW	OWNER_APPROVED_CONCEPT_MEMBERSHIP	RISK-MAP-MATERIALIZE-001	RISK-MAP-APPROVE-001	036d293c6e2fa506922c53ffcfdd44476ec903fdc639e2c12b73815d4401f026	402b4004b987169e1cc5b9b0356061794218ef45ee473839b80b72a91cf1f9ed	YES
266c29f44f3d1b11eb4cc523c1f4b1d3b2c89167df7d6b4b3280a5f93e665689	CIC_W	1879	2250aaed-d2c7-4d5f-a883-ef9c311600ac	EXACT_EQUIVALENT	APPROVED	MANUAL_REVIEW	OWNER_APPROVED_CONCEPT_MEMBERSHIP	RISK-MAP-MATERIALIZE-001	RISK-MAP-APPROVE-001	036d293c6e2fa506922c53ffcfdd44476ec903fdc639e2c12b73815d4401f026	402b4004b987169e1cc5b9b0356061794218ef45ee473839b80b72a91cf1f9ed	YES
e82f1b286d87ef63ca0c2a8fde2fa633a7ca56618feaa798c4018fa39ff90c9e	CIC_W	188	209d3e49-43e7-437f-b858-b024d7cb9b32	EXACT_EQUIVALENT	APPROVED	MANUAL_REVIEW	OWNER_APPROVED_CONCEPT_MEMBERSHIP	RISK-MAP-MATERIALIZE-001	RISK-MAP-APPROVE-001	036d293c6e2fa506922c53ffcfdd44476ec903fdc639e2c12b73815d4401f026	402b4004b987169e1cc5b9b0356061794218ef45ee473839b80b72a91cf1f9ed	YES
0b798a12b6243365382c5cc78ceb6d2c538b2c0edc0f6dfcf96de2e6014b2cbd	CIC_W	1881	4d3a6218-d432-48a5-a145-406137d63ee5	EXACT_EQUIVALENT	APPROVED	MANUAL_REVIEW	OWNER_APPROVED_CONCEPT_MEMBERSHIP	RISK-MAP-MATERIALIZE-001	RISK-MAP-APPROVE-001	036d293c6e2fa506922c53ffcfdd44476ec903fdc639e2c12b73815d4401f026	402b4004b987169e1cc5b9b0356061794218ef45ee473839b80b72a91cf1f9ed	YES
4e831c2553c54949c673704aa1b9308e8675d01695829076178997ce6b85ba68	CIC_W	1882	b603fe0c-dbe5-499a-abae-47c44f3df190	EXACT_EQUIVALENT	APPROVED	MANUAL_REVIEW	OWNER_APPROVED_CONCEPT_MEMBERSHIP	RISK-MAP-MATERIALIZE-001	RISK-MAP-APPROVE-001	036d293c6e2fa506922c53ffcfdd44476ec903fdc639e2c12b73815d4401f026	402b4004b987169e1cc5b9b0356061794218ef45ee473839b80b72a91cf1f9ed	YES
3fa0070b476d7fcd083f81201b249b2dd98b8ee50dad51806d2a775c18547bc6	CIC_W	1883	6289d8db-cf00-4cca-8799-ae5dee928f9b	EXACT_EQUIVALENT	APPROVED	MANUAL_REVIEW	OWNER_APPROVED_CONCEPT_MEMBERSHIP	RISK-MAP-MATERIALIZE-001	RISK-MAP-APPROVE-001	036d293c6e2fa506922c53ffcfdd44476ec903fdc639e2c12b73815d4401f026	402b4004b987169e1cc5b9b0356061794218ef45ee473839b80b72a91cf1f9ed	YES
78aa230ac5b246fdea16e442731fcfc5e215f63c8cfdce90f1a492f6d7531e38	CIC_W	1884	32372575-6768-4b12-a062-7ddd80068c57	EXACT_EQUIVALENT	APPROVED	MANUAL_REVIEW	OWNER_APPROVED_CONCEPT_MEMBERSHIP	RISK-MAP-MATERIALIZE-001	RISK-MAP-APPROVE-001	036d293c6e2fa506922c53ffcfdd44476ec903fdc639e2c12b73815d4401f026	402b4004b987169e1cc5b9b0356061794218ef45ee473839b80b72a91cf1f9ed	YES
ec2bc08b20be6a7b5550c0aa37a00ca7925a94bb7b414aaf87dbcc86dacaa807	CIC_W	189	6353d995-fc95-4892-bb2c-a0f03c87109d	EXACT_EQUIVALENT	APPROVED	MANUAL_REVIEW	OWNER_APPROVED_CONCEPT_MEMBERSHIP	RISK-MAP-MATERIALIZE-001	RISK-MAP-APPROVE-001	036d293c6e2fa506922c53ffcfdd44476ec903fdc639e2c12b73815d4401f026	402b4004b987169e1cc5b9b0356061794218ef45ee473839b80b72a91cf1f9ed	YES
1b893cbb27dfcadda3e69b27690ed4215265187deb164d6985b26525bb57a996	CIC_W	21	b07d3c54-238b-4c4a-95b2-5aaabf182076	EXACT_EQUIVALENT	APPROVED	MANUAL_REVIEW	OWNER_APPROVED_CONCEPT_MEMBERSHIP	RISK-MAP-MATERIALIZE-001	RISK-MAP-APPROVE-001	036d293c6e2fa506922c53ffcfdd44476ec903fdc639e2c12b73815d4401f026	402b4004b987169e1cc5b9b0356061794218ef45ee473839b80b72a91cf1f9ed	YES
b536353fb863bfcceb3740e4221c55e941e22312b0d477e73bd73c3ab69d079c	CIC_W	211	ed0b5c8b-42a0-460d-bfe4-188a13265758	EXACT_EQUIVALENT	APPROVED	MANUAL_REVIEW	OWNER_APPROVED_CONCEPT_MEMBERSHIP	RISK-MAP-MATERIALIZE-001	RISK-MAP-APPROVE-001	036d293c6e2fa506922c53ffcfdd44476ec903fdc639e2c12b73815d4401f026	402b4004b987169e1cc5b9b0356061794218ef45ee473839b80b72a91cf1f9ed	YES
deccf4e0ca174caf10d9055c487af6a46d6acd21d30323b25a6bb98d7d93b945	CIC_W	2111	a7106b20-76ca-427f-aa45-2f0b1d417f15	EXACT_EQUIVALENT	APPROVED	MANUAL_REVIEW	OWNER_APPROVED_CONCEPT_MEMBERSHIP	RISK-MAP-MATERIALIZE-001	RISK-MAP-APPROVE-001	036d293c6e2fa506922c53ffcfdd44476ec903fdc639e2c12b73815d4401f026	402b4004b987169e1cc5b9b0356061794218ef45ee473839b80b72a91cf1f9ed	YES
fc078c8ec3827cf3980dd4d9471623308506210c6a57992fabb445c5c7f8e21d	CIC_W	2112	5bb130b1-f1ab-4cdb-86d8-9b0985bf9a81	EXACT_EQUIVALENT	APPROVED	MANUAL_REVIEW	OWNER_APPROVED_CONCEPT_MEMBERSHIP	RISK-MAP-MATERIALIZE-001	RISK-MAP-APPROVE-001	036d293c6e2fa506922c53ffcfdd44476ec903fdc639e2c12b73815d4401f026	402b4004b987169e1cc5b9b0356061794218ef45ee473839b80b72a91cf1f9ed	YES
aa95e02d6bc60d96aa7c50f35be474f0692ba0a408d808484894e80888e63d16	CIC_W	2113	1ff1902b-89e9-4b8f-b173-4ea36c7047ea	EXACT_EQUIVALENT	APPROVED	MANUAL_REVIEW	OWNER_APPROVED_CONCEPT_MEMBERSHIP	RISK-MAP-MATERIALIZE-001	RISK-MAP-APPROVE-001	036d293c6e2fa506922c53ffcfdd44476ec903fdc639e2c12b73815d4401f026	402b4004b987169e1cc5b9b0356061794218ef45ee473839b80b72a91cf1f9ed	YES
01808fbd930160aae39edf275adb04722c7acbcd971b4039a9d54fa38632f769	CIC_W	2114	e26ed88c-bc75-4fe8-abc4-5831f0ab182c	EXACT_EQUIVALENT	APPROVED	MANUAL_REVIEW	OWNER_APPROVED_CONCEPT_MEMBERSHIP	RISK-MAP-MATERIALIZE-001	RISK-MAP-APPROVE-001	036d293c6e2fa506922c53ffcfdd44476ec903fdc639e2c12b73815d4401f026	402b4004b987169e1cc5b9b0356061794218ef45ee473839b80b72a91cf1f9ed	YES
3f900b7610886f01475198ae0daf2fab4a2a42aa5347b104062481f3c7da3702	CIC_W	2115	6170ff36-851b-4541-8e0e-2155fcaecd15	EXACT_EQUIVALENT	APPROVED	MANUAL_REVIEW	OWNER_APPROVED_CONCEPT_MEMBERSHIP	RISK-MAP-MATERIALIZE-001	RISK-MAP-APPROVE-001	036d293c6e2fa506922c53ffcfdd44476ec903fdc639e2c12b73815d4401f026	402b4004b987169e1cc5b9b0356061794218ef45ee473839b80b72a91cf1f9ed	YES
b0303dcd5049a22b85897f6b3bba13ec40fd4f6cdbda1c0fc51f0cc73ce14af5	CIC_W	2116	f08910aa-06e1-4761-9fb7-0844d32f48b3	EXACT_EQUIVALENT	APPROVED	MANUAL_REVIEW	OWNER_APPROVED_CONCEPT_MEMBERSHIP	RISK-MAP-MATERIALIZE-001	RISK-MAP-APPROVE-001	036d293c6e2fa506922c53ffcfdd44476ec903fdc639e2c12b73815d4401f026	402b4004b987169e1cc5b9b0356061794218ef45ee473839b80b72a91cf1f9ed	YES
6ee1387454853d71ec5a9f8a8c1d0e1bbfd8c5346110e2b4b0cdc0f75b2c5d72	CIC_W	212	46d59aac-0786-4500-a7ac-257e93c55745	EXACT_EQUIVALENT	APPROVED	MANUAL_REVIEW	OWNER_APPROVED_CONCEPT_MEMBERSHIP	RISK-MAP-MATERIALIZE-001	RISK-MAP-APPROVE-001	036d293c6e2fa506922c53ffcfdd44476ec903fdc639e2c12b73815d4401f026	402b4004b987169e1cc5b9b0356061794218ef45ee473839b80b72a91cf1f9ed	YES
f77d894b7742bff52c1111b77019e1078fe5aa9b57cb43a6d14cd6bb58249ace	CIC_W	2121	bae014b7-2474-48f7-b5c0-0e9f30a0ff56	EXACT_EQUIVALENT	APPROVED	MANUAL_REVIEW	OWNER_APPROVED_CONCEPT_MEMBERSHIP	RISK-MAP-MATERIALIZE-001	RISK-MAP-APPROVE-001	036d293c6e2fa506922c53ffcfdd44476ec903fdc639e2c12b73815d4401f026	402b4004b987169e1cc5b9b0356061794218ef45ee473839b80b72a91cf1f9ed	YES
47c065050297aa8559a5ba313f7371d1d27678c2b0b1ffe5e3f5936c912cfb65	CIC_W	2122	a4953296-0f57-40b6-b32a-84ff497699c3	EXACT_EQUIVALENT	APPROVED	MANUAL_REVIEW	OWNER_APPROVED_CONCEPT_MEMBERSHIP	RISK-MAP-MATERIALIZE-001	RISK-MAP-APPROVE-001	036d293c6e2fa506922c53ffcfdd44476ec903fdc639e2c12b73815d4401f026	402b4004b987169e1cc5b9b0356061794218ef45ee473839b80b72a91cf1f9ed	YES
7ff726847012f36ccb623efed6b8f4543f511c4382f07abdd9bc5d3c87586027	CIC_W	2123	1d8903ba-04cf-419e-8aa5-feec2258627f	EXACT_EQUIVALENT	APPROVED	MANUAL_REVIEW	OWNER_APPROVED_CONCEPT_MEMBERSHIP	RISK-MAP-MATERIALIZE-001	RISK-MAP-APPROVE-001	036d293c6e2fa506922c53ffcfdd44476ec903fdc639e2c12b73815d4401f026	402b4004b987169e1cc5b9b0356061794218ef45ee473839b80b72a91cf1f9ed	YES
d1006dff01b784db2f7dfc3dc2b98c1ca8a996c9b2eaabf605a2b915bf19b0c5	CIC_W	2124	feec8d54-f3ad-4a6d-9062-dbaa1293333c	EXACT_EQUIVALENT	APPROVED	MANUAL_REVIEW	OWNER_APPROVED_CONCEPT_MEMBERSHIP	RISK-MAP-MATERIALIZE-001	RISK-MAP-APPROVE-001	036d293c6e2fa506922c53ffcfdd44476ec903fdc639e2c12b73815d4401f026	402b4004b987169e1cc5b9b0356061794218ef45ee473839b80b72a91cf1f9ed	YES
adb6e7e950f53bc487b232ada894ececaa81fe1ad860f883c6234eea8a542178	CIC_W	2125	d99b67ac-2747-4703-9bba-e1a6f90ed0fd	EXACT_EQUIVALENT	APPROVED	MANUAL_REVIEW	OWNER_APPROVED_CONCEPT_MEMBERSHIP	RISK-MAP-MATERIALIZE-001	RISK-MAP-APPROVE-001	036d293c6e2fa506922c53ffcfdd44476ec903fdc639e2c12b73815d4401f026	402b4004b987169e1cc5b9b0356061794218ef45ee473839b80b72a91cf1f9ed	YES
96dfe4f580f0eec836600d2e29ef276039e348f69564d590c2b7246bffcc1efb	CIC_W	213	6ed865b8-abdc-43c9-9f9d-bac45610dfb4	EXACT_EQUIVALENT	APPROVED	MANUAL_REVIEW	OWNER_APPROVED_CONCEPT_MEMBERSHIP	RISK-MAP-MATERIALIZE-001	RISK-MAP-APPROVE-001	036d293c6e2fa506922c53ffcfdd44476ec903fdc639e2c12b73815d4401f026	402b4004b987169e1cc5b9b0356061794218ef45ee473839b80b72a91cf1f9ed	YES
5aac9e79b6951402837841e2b77daddbaab2aa2ec01830ec47e9a16cf367eb83	CIC_W	2131	daac530d-fd1a-41a3-ab32-01eee952a1f4	EXACT_EQUIVALENT	APPROVED	MANUAL_REVIEW	OWNER_APPROVED_CONCEPT_MEMBERSHIP	RISK-MAP-MATERIALIZE-001	RISK-MAP-APPROVE-001	036d293c6e2fa506922c53ffcfdd44476ec903fdc639e2c12b73815d4401f026	402b4004b987169e1cc5b9b0356061794218ef45ee473839b80b72a91cf1f9ed	YES
92a70f2173b6f7a8227919af676ae8cfbbca5d4c36ce7faa0472654005fe7871	CIC_W	2132	8e0a2b96-f984-4a6b-ae3c-0061642fd634	EXACT_EQUIVALENT	APPROVED	MANUAL_REVIEW	OWNER_APPROVED_CONCEPT_MEMBERSHIP	RISK-MAP-MATERIALIZE-001	RISK-MAP-APPROVE-001	036d293c6e2fa506922c53ffcfdd44476ec903fdc639e2c12b73815d4401f026	402b4004b987169e1cc5b9b0356061794218ef45ee473839b80b72a91cf1f9ed	YES
f7ef908a1f16ac56ad77b94abc319c123b55f00411810c38365e7343a47e532d	CIC_W	2133	936d4b44-2847-48f5-bf37-a760151a76df	EXACT_EQUIVALENT	APPROVED	MANUAL_REVIEW	OWNER_APPROVED_CONCEPT_MEMBERSHIP	RISK-MAP-MATERIALIZE-001	RISK-MAP-APPROVE-001	036d293c6e2fa506922c53ffcfdd44476ec903fdc639e2c12b73815d4401f026	402b4004b987169e1cc5b9b0356061794218ef45ee473839b80b72a91cf1f9ed	YES
581f437a598813aa552b4926334628d592dc56a579d5b029cd43f99e0a895681	CIC_W	2134	49d29123-1795-4cca-99ca-fa5e1adf4b54	EXACT_EQUIVALENT	APPROVED	MANUAL_REVIEW	OWNER_APPROVED_CONCEPT_MEMBERSHIP	RISK-MAP-MATERIALIZE-001	RISK-MAP-APPROVE-001	036d293c6e2fa506922c53ffcfdd44476ec903fdc639e2c12b73815d4401f026	402b4004b987169e1cc5b9b0356061794218ef45ee473839b80b72a91cf1f9ed	YES
dd512f530ca73e966bb7f8f3ca3a66de03e450938b3cba8847a850267a3bc89c	CIC_W	214	e9cfa3fe-de63-425f-b5d3-75ca91c92b60	EXACT_EQUIVALENT	APPROVED	MANUAL_REVIEW	OWNER_APPROVED_CONCEPT_MEMBERSHIP	RISK-MAP-MATERIALIZE-001	RISK-MAP-APPROVE-001	036d293c6e2fa506922c53ffcfdd44476ec903fdc639e2c12b73815d4401f026	402b4004b987169e1cc5b9b0356061794218ef45ee473839b80b72a91cf1f9ed	YES
c7bdcb886af68d7e2e505d819fab16ad43420d14bbd75efc06b59c402637bd02	CIC_W	2141	a00f51e1-36a7-4724-b075-27b044fc9daf	EXACT_EQUIVALENT	APPROVED	MANUAL_REVIEW	OWNER_APPROVED_CONCEPT_MEMBERSHIP	RISK-MAP-MATERIALIZE-001	RISK-MAP-APPROVE-001	036d293c6e2fa506922c53ffcfdd44476ec903fdc639e2c12b73815d4401f026	402b4004b987169e1cc5b9b0356061794218ef45ee473839b80b72a91cf1f9ed	YES
cdd71c40e4fccb1b82eff0b7f6f6862cfdce2fb5c00cd372a27834f6345eff09	CIC_W	2142	cf06a9fa-59cc-4d96-aa61-91c376294ad5	EXACT_EQUIVALENT	APPROVED	MANUAL_REVIEW	OWNER_APPROVED_CONCEPT_MEMBERSHIP	RISK-MAP-MATERIALIZE-001	RISK-MAP-APPROVE-001	036d293c6e2fa506922c53ffcfdd44476ec903fdc639e2c12b73815d4401f026	402b4004b987169e1cc5b9b0356061794218ef45ee473839b80b72a91cf1f9ed	YES
48abd9bc98307e62791d2cc34c69fb8da3a12cf3d7403b10426c1038131a6eb2	CIC_W	2143	e5cc726a-3b88-4ec1-bdfe-de0bf79914e0	EXACT_EQUIVALENT	APPROVED	MANUAL_REVIEW	OWNER_APPROVED_CONCEPT_MEMBERSHIP	RISK-MAP-MATERIALIZE-001	RISK-MAP-APPROVE-001	036d293c6e2fa506922c53ffcfdd44476ec903fdc639e2c12b73815d4401f026	402b4004b987169e1cc5b9b0356061794218ef45ee473839b80b72a91cf1f9ed	YES
b6c14978d598c5f396c617cdfb0d3b7ae551245726299db272063fdec0d26a51	CIC_W	2144	59a1db14-8faa-4791-9754-15d62c35ff1d	EXACT_EQUIVALENT	APPROVED	MANUAL_REVIEW	OWNER_APPROVED_CONCEPT_MEMBERSHIP	RISK-MAP-MATERIALIZE-001	RISK-MAP-APPROVE-001	036d293c6e2fa506922c53ffcfdd44476ec903fdc639e2c12b73815d4401f026	402b4004b987169e1cc5b9b0356061794218ef45ee473839b80b72a91cf1f9ed	YES
01ed6867f06d5958d90d72542b4d95cb16ff80917db57b701a4b4d07c15e5ec9	CIC_W	215	6c3e090b-1605-4add-8c25-f7726e27863f	EXACT_EQUIVALENT	APPROVED	MANUAL_REVIEW	OWNER_APPROVED_CONCEPT_MEMBERSHIP	RISK-MAP-MATERIALIZE-001	RISK-MAP-APPROVE-001	036d293c6e2fa506922c53ffcfdd44476ec903fdc639e2c12b73815d4401f026	402b4004b987169e1cc5b9b0356061794218ef45ee473839b80b72a91cf1f9ed	YES
2d7a1f15d59a91b80923a6996d3c7fc586686bd1d7508ce61df799096e554893	CIC_W	2151	305774af-88d7-485a-a803-4d495baf8b78	EXACT_EQUIVALENT	APPROVED	MANUAL_REVIEW	OWNER_APPROVED_CONCEPT_MEMBERSHIP	RISK-MAP-MATERIALIZE-001	RISK-MAP-APPROVE-001	036d293c6e2fa506922c53ffcfdd44476ec903fdc639e2c12b73815d4401f026	402b4004b987169e1cc5b9b0356061794218ef45ee473839b80b72a91cf1f9ed	YES
5df356edcb0c1b2cb1ed7db4a3d33d8dd7ec40e30a1cd598092fd5a0a05b51ac	CIC_W	2152	d96f2e81-97ad-4364-9b21-343e29b63844	EXACT_EQUIVALENT	APPROVED	MANUAL_REVIEW	OWNER_APPROVED_CONCEPT_MEMBERSHIP	RISK-MAP-MATERIALIZE-001	RISK-MAP-APPROVE-001	036d293c6e2fa506922c53ffcfdd44476ec903fdc639e2c12b73815d4401f026	402b4004b987169e1cc5b9b0356061794218ef45ee473839b80b72a91cf1f9ed	YES
65771a54ea6e3c903364d787d4baa9255b8de9645c0f924e37a47b57bae97e71	CIC_W	2153	241a0ca1-e925-49ad-bd44-72d6a0b368c6	EXACT_EQUIVALENT	APPROVED	MANUAL_REVIEW	OWNER_APPROVED_CONCEPT_MEMBERSHIP	RISK-MAP-MATERIALIZE-001	RISK-MAP-APPROVE-001	036d293c6e2fa506922c53ffcfdd44476ec903fdc639e2c12b73815d4401f026	402b4004b987169e1cc5b9b0356061794218ef45ee473839b80b72a91cf1f9ed	YES
3bcf452ba414dbbf384719e39a71455ffca64a668a7e8cc85bdbcf4e47d0b05e	CIC_W	2154	16567c62-bce4-4659-af47-5add24d54bf9	EXACT_EQUIVALENT	APPROVED	MANUAL_REVIEW	OWNER_APPROVED_CONCEPT_MEMBERSHIP	RISK-MAP-MATERIALIZE-001	RISK-MAP-APPROVE-001	036d293c6e2fa506922c53ffcfdd44476ec903fdc639e2c12b73815d4401f026	402b4004b987169e1cc5b9b0356061794218ef45ee473839b80b72a91cf1f9ed	YES
551054a11e55299970e12b91ceb435075ce4222a810f67cded8dc4ef61e334f5	CIC_W	2159	c26ab9b3-6f79-489a-a37f-d6e3ee709294	EXACT_EQUIVALENT	APPROVED	MANUAL_REVIEW	OWNER_APPROVED_CONCEPT_MEMBERSHIP	RISK-MAP-MATERIALIZE-001	RISK-MAP-APPROVE-001	036d293c6e2fa506922c53ffcfdd44476ec903fdc639e2c12b73815d4401f026	402b4004b987169e1cc5b9b0356061794218ef45ee473839b80b72a91cf1f9ed	YES
5c7fffc9afbe2939ac0010621c510f0fbbcd73a9a873eb70c86ad5dc5c145c10	CIC_W	216	67981795-50b9-457d-999b-90e1c4bcbc43	EXACT_EQUIVALENT	APPROVED	MANUAL_REVIEW	OWNER_APPROVED_CONCEPT_MEMBERSHIP	RISK-MAP-MATERIALIZE-001	RISK-MAP-APPROVE-001	036d293c6e2fa506922c53ffcfdd44476ec903fdc639e2c12b73815d4401f026	402b4004b987169e1cc5b9b0356061794218ef45ee473839b80b72a91cf1f9ed	YES
c771eca68a4441aa36c00053666a7fd378ac680c23221188a5725726a3979cdd	CIC_W	2161	bcd6c3f8-cd19-4b66-9519-59779f915afe	EXACT_EQUIVALENT	APPROVED	MANUAL_REVIEW	OWNER_APPROVED_CONCEPT_MEMBERSHIP	RISK-MAP-MATERIALIZE-001	RISK-MAP-APPROVE-001	036d293c6e2fa506922c53ffcfdd44476ec903fdc639e2c12b73815d4401f026	402b4004b987169e1cc5b9b0356061794218ef45ee473839b80b72a91cf1f9ed	YES
a10019b77d60c9c76838af95691c9654c037f25fcc2d22d484e426e14a6fd400	CIC_W	2162	e7bbec43-9986-4945-9774-180b40d3d365	EXACT_EQUIVALENT	APPROVED	MANUAL_REVIEW	OWNER_APPROVED_CONCEPT_MEMBERSHIP	RISK-MAP-MATERIALIZE-001	RISK-MAP-APPROVE-001	036d293c6e2fa506922c53ffcfdd44476ec903fdc639e2c12b73815d4401f026	402b4004b987169e1cc5b9b0356061794218ef45ee473839b80b72a91cf1f9ed	YES
412712ec2d5a79c81ef0e3cec40d9c30640757bac204a384a21943b448e78404	CIC_W	2163	07aa7b8b-a592-4c6a-9e67-7a0a86aba9fe	EXACT_EQUIVALENT	APPROVED	MANUAL_REVIEW	OWNER_APPROVED_CONCEPT_MEMBERSHIP	RISK-MAP-MATERIALIZE-001	RISK-MAP-APPROVE-001	036d293c6e2fa506922c53ffcfdd44476ec903fdc639e2c12b73815d4401f026	402b4004b987169e1cc5b9b0356061794218ef45ee473839b80b72a91cf1f9ed	YES
29627cffa5f99a9c4d6a46ed70b41d0e405599b969e029464ea134f7221c9a3a	CIC_W	2164	6979154a-5ae3-4410-8101-d48193098c24	EXACT_EQUIVALENT	APPROVED	MANUAL_REVIEW	OWNER_APPROVED_CONCEPT_MEMBERSHIP	RISK-MAP-MATERIALIZE-001	RISK-MAP-APPROVE-001	036d293c6e2fa506922c53ffcfdd44476ec903fdc639e2c12b73815d4401f026	402b4004b987169e1cc5b9b0356061794218ef45ee473839b80b72a91cf1f9ed	YES
b66634fadd6011dfd50be2b206ac01c299a48f0c33001daf46d919668b5219fd	CIC_W	217	5af253ad-9573-4ec2-bcfa-8e082eefe8d2	EXACT_EQUIVALENT	APPROVED	MANUAL_REVIEW	OWNER_APPROVED_CONCEPT_MEMBERSHIP	RISK-MAP-MATERIALIZE-001	RISK-MAP-APPROVE-001	036d293c6e2fa506922c53ffcfdd44476ec903fdc639e2c12b73815d4401f026	402b4004b987169e1cc5b9b0356061794218ef45ee473839b80b72a91cf1f9ed	YES
274b84d3df8ca69f4ecf2c83275577945e13911820937a1e669ec6887acda08b	CIC_W	2172	b80871a6-7b41-4e04-a83b-98e56e882d6f	EXACT_EQUIVALENT	APPROVED	MANUAL_REVIEW	OWNER_APPROVED_CONCEPT_MEMBERSHIP	RISK-MAP-MATERIALIZE-001	RISK-MAP-APPROVE-001	036d293c6e2fa506922c53ffcfdd44476ec903fdc639e2c12b73815d4401f026	402b4004b987169e1cc5b9b0356061794218ef45ee473839b80b72a91cf1f9ed	YES
931bcb84315a026e6f5a25fac6090138606d0de14f8dc0f7ed8cdce40778607e	CIC_W	2173	daf7a4ad-f737-4528-8982-7d1bdfd9c027	EXACT_EQUIVALENT	APPROVED	MANUAL_REVIEW	OWNER_APPROVED_CONCEPT_MEMBERSHIP	RISK-MAP-MATERIALIZE-001	RISK-MAP-APPROVE-001	036d293c6e2fa506922c53ffcfdd44476ec903fdc639e2c12b73815d4401f026	402b4004b987169e1cc5b9b0356061794218ef45ee473839b80b72a91cf1f9ed	YES
fe634f6e476e46481952c757198f16afe0b0ccf6ef8762194e605458d947f39f	CIC_W	2174	01425edb-b5fc-4a3b-a43a-ec1b6df6006c	EXACT_EQUIVALENT	APPROVED	MANUAL_REVIEW	OWNER_APPROVED_CONCEPT_MEMBERSHIP	RISK-MAP-MATERIALIZE-001	RISK-MAP-APPROVE-001	036d293c6e2fa506922c53ffcfdd44476ec903fdc639e2c12b73815d4401f026	402b4004b987169e1cc5b9b0356061794218ef45ee473839b80b72a91cf1f9ed	YES
1deacef58e1b5baee4347bf10fbe30dd4e42a7ff35442e367907dcd9ea72c235	CIC_W	218	f84566d0-2894-4085-88e9-0a462e2aba38	EXACT_EQUIVALENT	APPROVED	MANUAL_REVIEW	OWNER_APPROVED_CONCEPT_MEMBERSHIP	RISK-MAP-MATERIALIZE-001	RISK-MAP-APPROVE-001	036d293c6e2fa506922c53ffcfdd44476ec903fdc639e2c12b73815d4401f026	402b4004b987169e1cc5b9b0356061794218ef45ee473839b80b72a91cf1f9ed	YES
4301e29c77b1d52d0299677b6a0406dc284de3001789463db42a432b6ebd6ead	CIC_W	2185	f9f01adb-38e6-45bd-b73e-4b04abd32b28	EXACT_EQUIVALENT	APPROVED	MANUAL_REVIEW	OWNER_APPROVED_CONCEPT_MEMBERSHIP	RISK-MAP-MATERIALIZE-001	RISK-MAP-APPROVE-001	036d293c6e2fa506922c53ffcfdd44476ec903fdc639e2c12b73815d4401f026	402b4004b987169e1cc5b9b0356061794218ef45ee473839b80b72a91cf1f9ed	YES
f18cdb6398a7c21e01316f1385e30995d49fedb280f450eeab0e2e1e3dd66c61	CIC_W	2186	385ed6a9-711d-4304-9a24-2189e19447f2	EXACT_EQUIVALENT	APPROVED	MANUAL_REVIEW	OWNER_APPROVED_CONCEPT_MEMBERSHIP	RISK-MAP-MATERIALIZE-001	RISK-MAP-APPROVE-001	036d293c6e2fa506922c53ffcfdd44476ec903fdc639e2c12b73815d4401f026	402b4004b987169e1cc5b9b0356061794218ef45ee473839b80b72a91cf1f9ed	YES
7e3303a3e28667429238ff191da434f189ed4db9cce274791069ca26a085ba68	CIC_W	22	0219c299-f031-467e-b29e-53510bc94b4c	EXACT_EQUIVALENT	APPROVED	MANUAL_REVIEW	OWNER_APPROVED_CONCEPT_MEMBERSHIP	RISK-MAP-MATERIALIZE-001	RISK-MAP-APPROVE-001	036d293c6e2fa506922c53ffcfdd44476ec903fdc639e2c12b73815d4401f026	402b4004b987169e1cc5b9b0356061794218ef45ee473839b80b72a91cf1f9ed	YES
66ad6dd02d53237ad3ade7cb63c4723d6e2d2c85f40bd4c107ca156f948a1b98	CIC_W	221	36e046ac-a36c-4555-b642-7c604555f379	EXACT_EQUIVALENT	APPROVED	MANUAL_REVIEW	OWNER_APPROVED_CONCEPT_MEMBERSHIP	RISK-MAP-MATERIALIZE-001	RISK-MAP-APPROVE-001	036d293c6e2fa506922c53ffcfdd44476ec903fdc639e2c12b73815d4401f026	402b4004b987169e1cc5b9b0356061794218ef45ee473839b80b72a91cf1f9ed	YES
d38f82ca4bf9b3e3a8ce77d3fe3d282d2ccf0dc5e0cf97d66d78c31ac2dd4669	CIC_W	2211	820fa2f7-7a48-42e8-afdd-ed0851ae8fae	EXACT_EQUIVALENT	APPROVED	MANUAL_REVIEW	OWNER_APPROVED_CONCEPT_MEMBERSHIP	RISK-MAP-MATERIALIZE-001	RISK-MAP-APPROVE-001	036d293c6e2fa506922c53ffcfdd44476ec903fdc639e2c12b73815d4401f026	402b4004b987169e1cc5b9b0356061794218ef45ee473839b80b72a91cf1f9ed	YES
d5e14e070b6a4b4fab75d9463d3feef32598e504c987affcfa7c4f5aef5e3fbf	CIC_W	2212	188ffcfd-f2c2-4c92-9db5-9ec2a8cf653f	EXACT_EQUIVALENT	APPROVED	MANUAL_REVIEW	OWNER_APPROVED_CONCEPT_MEMBERSHIP	RISK-MAP-MATERIALIZE-001	RISK-MAP-APPROVE-001	036d293c6e2fa506922c53ffcfdd44476ec903fdc639e2c12b73815d4401f026	402b4004b987169e1cc5b9b0356061794218ef45ee473839b80b72a91cf1f9ed	YES
b3b2cc27aa6893fc4b35186560c08df4b3f777adcdcac4f9f48fbfa7cca4341b	CIC_W	222	98d230c4-bc9c-42a0-95b1-cd2ab4553e7f	EXACT_EQUIVALENT	APPROVED	MANUAL_REVIEW	OWNER_APPROVED_CONCEPT_MEMBERSHIP	RISK-MAP-MATERIALIZE-001	RISK-MAP-APPROVE-001	036d293c6e2fa506922c53ffcfdd44476ec903fdc639e2c12b73815d4401f026	402b4004b987169e1cc5b9b0356061794218ef45ee473839b80b72a91cf1f9ed	YES
1bbcdf114fc483a14e074f729864a656cc6dcd36d5de129378fc8969cc57f5eb	CIC_W	223	69023a2d-8666-45cc-9432-e6a1f4b9da05	EXACT_EQUIVALENT	APPROVED	MANUAL_REVIEW	OWNER_APPROVED_CONCEPT_MEMBERSHIP	RISK-MAP-MATERIALIZE-001	RISK-MAP-APPROVE-001	036d293c6e2fa506922c53ffcfdd44476ec903fdc639e2c12b73815d4401f026	402b4004b987169e1cc5b9b0356061794218ef45ee473839b80b72a91cf1f9ed	YES
d58d8094b59c311cb7b4861f8f640d84603166657ff4873e24b8a45e6ba6074e	CIC_W	226	ab2963c9-b780-484a-9dba-cac8ce651dc6	EXACT_EQUIVALENT	APPROVED	MANUAL_REVIEW	OWNER_APPROVED_CONCEPT_MEMBERSHIP	RISK-MAP-MATERIALIZE-001	RISK-MAP-APPROVE-001	036d293c6e2fa506922c53ffcfdd44476ec903fdc639e2c12b73815d4401f026	402b4004b987169e1cc5b9b0356061794218ef45ee473839b80b72a91cf1f9ed	YES
556890b87acadf464abe6dae9d33f85c7c8e597a002fb2b57626bf3bc00fb7a0	CIC_W	2261	a31d0dfa-79a6-45a4-8456-89bd45f50483	EXACT_EQUIVALENT	APPROVED	MANUAL_REVIEW	OWNER_APPROVED_CONCEPT_MEMBERSHIP	RISK-MAP-MATERIALIZE-001	RISK-MAP-APPROVE-001	036d293c6e2fa506922c53ffcfdd44476ec903fdc639e2c12b73815d4401f026	402b4004b987169e1cc5b9b0356061794218ef45ee473839b80b72a91cf1f9ed	YES
a4e2de95318dd078823c82e9445c348852b4d70e30ae9893c3b715644f4c273b	CIC_W	2262	0ca62c6e-768e-4f68-8198-9abed44589b1	EXACT_EQUIVALENT	APPROVED	MANUAL_REVIEW	OWNER_APPROVED_CONCEPT_MEMBERSHIP	RISK-MAP-MATERIALIZE-001	RISK-MAP-APPROVE-001	036d293c6e2fa506922c53ffcfdd44476ec903fdc639e2c12b73815d4401f026	402b4004b987169e1cc5b9b0356061794218ef45ee473839b80b72a91cf1f9ed	YES
18f2f15a79fec2bcd85f592d9de2d5fa80db39974ab38fc9d1467dde21685f7a	CIC_W	2263	ab2963c9-b780-484a-9dba-cac8ce651dc6	EXACT_EQUIVALENT	APPROVED	MANUAL_REVIEW	OWNER_APPROVED_CONCEPT_MEMBERSHIP	RISK-MAP-MATERIALIZE-001	RISK-MAP-APPROVE-001	036d293c6e2fa506922c53ffcfdd44476ec903fdc639e2c12b73815d4401f026	402b4004b987169e1cc5b9b0356061794218ef45ee473839b80b72a91cf1f9ed	YES
719f2441e8538e8d89c2d75133f55e561a4feaa7c81e9a6420848fdf6502da99	CIC_W	2267	bb9b04dd-0b56-458d-aa15-fab82c712f0a	EXACT_EQUIVALENT	APPROVED	MANUAL_REVIEW	OWNER_APPROVED_CONCEPT_MEMBERSHIP	RISK-MAP-MATERIALIZE-001	RISK-MAP-APPROVE-001	036d293c6e2fa506922c53ffcfdd44476ec903fdc639e2c12b73815d4401f026	402b4004b987169e1cc5b9b0356061794218ef45ee473839b80b72a91cf1f9ed	YES
2b0b261c82af4745477fa52610c2202216b248cf5954f1077491b44972b8f714	CIC_W	23	abdcb02a-6114-4ef2-aa3e-0b634d0a4d9d	EXACT_EQUIVALENT	APPROVED	MANUAL_REVIEW	OWNER_APPROVED_CONCEPT_MEMBERSHIP	RISK-MAP-MATERIALIZE-001	RISK-MAP-APPROVE-001	036d293c6e2fa506922c53ffcfdd44476ec903fdc639e2c12b73815d4401f026	402b4004b987169e1cc5b9b0356061794218ef45ee473839b80b72a91cf1f9ed	YES
52606560938b9059aa118a54c74a1a48dc5fbbe0194f894188fb19e73dce0cc7	CIC_W	231	ad059346-dd94-4306-a6fb-52c8dc75b63c	EXACT_EQUIVALENT	APPROVED	MANUAL_REVIEW	OWNER_APPROVED_CONCEPT_MEMBERSHIP	RISK-MAP-MATERIALIZE-001	RISK-MAP-APPROVE-001	036d293c6e2fa506922c53ffcfdd44476ec903fdc639e2c12b73815d4401f026	402b4004b987169e1cc5b9b0356061794218ef45ee473839b80b72a91cf1f9ed	YES
6343442c7645e8d9efee253a72489238fef18af2edd8aec40bcfc63e99de17fe	CIC_W	2311	374a3a38-c207-4f94-a159-764a15deb2f0	EXACT_EQUIVALENT	APPROVED	MANUAL_REVIEW	OWNER_APPROVED_CONCEPT_MEMBERSHIP	RISK-MAP-MATERIALIZE-001	RISK-MAP-APPROVE-001	036d293c6e2fa506922c53ffcfdd44476ec903fdc639e2c12b73815d4401f026	402b4004b987169e1cc5b9b0356061794218ef45ee473839b80b72a91cf1f9ed	YES
7cdd2fb33733e9dc5544bb217eb7af7385c6150113d2b097c0448789d37844d4	CIC_W	237	54ecd392-a22a-4337-8852-a7e2ffc110c0	EXACT_EQUIVALENT	APPROVED	MANUAL_REVIEW	OWNER_APPROVED_CONCEPT_MEMBERSHIP	RISK-MAP-MATERIALIZE-001	RISK-MAP-APPROVE-001	036d293c6e2fa506922c53ffcfdd44476ec903fdc639e2c12b73815d4401f026	402b4004b987169e1cc5b9b0356061794218ef45ee473839b80b72a91cf1f9ed	YES
118bda8c4d6279b4b4f54083929b9375eb67187d46413d70f72841717e308e86	CIC_W	2371	e7228658-b7ce-41b5-a87f-722d8fc0550c	EXACT_EQUIVALENT	APPROVED	MANUAL_REVIEW	OWNER_APPROVED_CONCEPT_MEMBERSHIP	RISK-MAP-MATERIALIZE-001	RISK-MAP-APPROVE-001	036d293c6e2fa506922c53ffcfdd44476ec903fdc639e2c12b73815d4401f026	402b4004b987169e1cc5b9b0356061794218ef45ee473839b80b72a91cf1f9ed	YES
a0ef2eb5844cd66edd6ac07cc32a50ceb755608985855e3bbbb8a5ba0e867cda	CIC_W	2372	97fe7699-d8b4-4b6b-8416-ee7dd366574c	EXACT_EQUIVALENT	APPROVED	MANUAL_REVIEW	OWNER_APPROVED_CONCEPT_MEMBERSHIP	RISK-MAP-MATERIALIZE-001	RISK-MAP-APPROVE-001	036d293c6e2fa506922c53ffcfdd44476ec903fdc639e2c12b73815d4401f026	402b4004b987169e1cc5b9b0356061794218ef45ee473839b80b72a91cf1f9ed	YES
6df4f7a42ed16d1eeef1385d6aecdc5815855c7a09e36eb570af3e826d3067eb	CIC_W	2373	69417f4b-f30d-47d4-9a4a-9ac8e2820e30	EXACT_EQUIVALENT	APPROVED	MANUAL_REVIEW	OWNER_APPROVED_CONCEPT_MEMBERSHIP	RISK-MAP-MATERIALIZE-001	RISK-MAP-APPROVE-001	036d293c6e2fa506922c53ffcfdd44476ec903fdc639e2c12b73815d4401f026	402b4004b987169e1cc5b9b0356061794218ef45ee473839b80b72a91cf1f9ed	YES
5edab3393b7d6707cc44626ca1d4c8faee0ef791a1cb8cf6347e6211e7a9c6ae	CIC_W	2374	fcb638f8-d660-427b-aebe-c00d81f4e628	EXACT_EQUIVALENT	APPROVED	MANUAL_REVIEW	OWNER_APPROVED_CONCEPT_MEMBERSHIP	RISK-MAP-MATERIALIZE-001	RISK-MAP-APPROVE-001	036d293c6e2fa506922c53ffcfdd44476ec903fdc639e2c12b73815d4401f026	402b4004b987169e1cc5b9b0356061794218ef45ee473839b80b72a91cf1f9ed	YES
a18a5585f15c1d1e6a086abb16997976ede553b2d1a3aa0ca767c44ee6dbc7bb	CIC_W	24	fa9bc1cf-4143-49e0-a578-32622795b91d	EXACT_EQUIVALENT	APPROVED	MANUAL_REVIEW	OWNER_APPROVED_CONCEPT_MEMBERSHIP	RISK-MAP-MATERIALIZE-001	RISK-MAP-APPROVE-001	036d293c6e2fa506922c53ffcfdd44476ec903fdc639e2c12b73815d4401f026	402b4004b987169e1cc5b9b0356061794218ef45ee473839b80b72a91cf1f9ed	YES
1f34a2a24b9317a32edd183655c283f21dc31e605207b4239a3dd91cc991c616	CIC_W	241	e401ae90-0727-4bb6-86f1-d12f8fc286b1	EXACT_EQUIVALENT	APPROVED	MANUAL_REVIEW	OWNER_APPROVED_CONCEPT_MEMBERSHIP	RISK-MAP-MATERIALIZE-001	RISK-MAP-APPROVE-001	036d293c6e2fa506922c53ffcfdd44476ec903fdc639e2c12b73815d4401f026	402b4004b987169e1cc5b9b0356061794218ef45ee473839b80b72a91cf1f9ed	YES
ad799c281c44eb84005e6dd5a10ec5e85dd27626b97e81ffd5e7b16530b7f297	CIC_W	2411	b31e8b33-f8e8-4b2b-8399-b640c39c0449	EXACT_EQUIVALENT	APPROVED	MANUAL_REVIEW	OWNER_APPROVED_CONCEPT_MEMBERSHIP	RISK-MAP-MATERIALIZE-001	RISK-MAP-APPROVE-001	036d293c6e2fa506922c53ffcfdd44476ec903fdc639e2c12b73815d4401f026	402b4004b987169e1cc5b9b0356061794218ef45ee473839b80b72a91cf1f9ed	YES
92dcce2a4af807e1c51e04aa460661695b50ccc88c98f535c4c796927ec43355	CIC_W	2412	5002c05d-994e-46ad-a461-1fe8e38b08b8	EXACT_EQUIVALENT	APPROVED	MANUAL_REVIEW	OWNER_APPROVED_CONCEPT_MEMBERSHIP	RISK-MAP-MATERIALIZE-001	RISK-MAP-APPROVE-001	036d293c6e2fa506922c53ffcfdd44476ec903fdc639e2c12b73815d4401f026	402b4004b987169e1cc5b9b0356061794218ef45ee473839b80b72a91cf1f9ed	YES
007520fbd235ff1407abe47d8794e7ce7463544be3b9ad35b4470cc7b5e0c2af	CIC_W	2413	d14b464d-2ee3-4f1e-961f-77a7db2c4d6e	EXACT_EQUIVALENT	APPROVED	MANUAL_REVIEW	OWNER_APPROVED_CONCEPT_MEMBERSHIP	RISK-MAP-MATERIALIZE-001	RISK-MAP-APPROVE-001	036d293c6e2fa506922c53ffcfdd44476ec903fdc639e2c12b73815d4401f026	402b4004b987169e1cc5b9b0356061794218ef45ee473839b80b72a91cf1f9ed	YES
a6af3c3539c9e280c96971ea8446e3e6dd05b5a032ae06b35c58375f00f7d9a7	CIC_W	2414	62b74b81-b935-4968-98de-b2018290b346	EXACT_EQUIVALENT	APPROVED	MANUAL_REVIEW	OWNER_APPROVED_CONCEPT_MEMBERSHIP	RISK-MAP-MATERIALIZE-001	RISK-MAP-APPROVE-001	036d293c6e2fa506922c53ffcfdd44476ec903fdc639e2c12b73815d4401f026	402b4004b987169e1cc5b9b0356061794218ef45ee473839b80b72a91cf1f9ed	YES
f8c4d9d75309a0bb7a3d3c988910d2654ccb4e6dda80d123ccb0ce5afa2e0372	CIC_W	2415	d470dab3-f963-4f8b-9262-286e5b3f4694	EXACT_EQUIVALENT	APPROVED	MANUAL_REVIEW	OWNER_APPROVED_CONCEPT_MEMBERSHIP	RISK-MAP-MATERIALIZE-001	RISK-MAP-APPROVE-001	036d293c6e2fa506922c53ffcfdd44476ec903fdc639e2c12b73815d4401f026	402b4004b987169e1cc5b9b0356061794218ef45ee473839b80b72a91cf1f9ed	YES
5440fdef030f3e582e49a296fbc9d70dac96b2645ccd8d627c958a20e6dbd8c4	CIC_W	242	cbf9736a-49e5-4971-bfef-05ac83b61b42	EXACT_EQUIVALENT	APPROVED	MANUAL_REVIEW	OWNER_APPROVED_CONCEPT_MEMBERSHIP	RISK-MAP-MATERIALIZE-001	RISK-MAP-APPROVE-001	036d293c6e2fa506922c53ffcfdd44476ec903fdc639e2c12b73815d4401f026	402b4004b987169e1cc5b9b0356061794218ef45ee473839b80b72a91cf1f9ed	YES
da506be6f67044261cff10f4d7184e5b7a8c02526bec567e4aef599b26f56f12	CIC_W	2421	81d1201a-951d-479f-9ebb-5d128257f652	EXACT_EQUIVALENT	APPROVED	MANUAL_REVIEW	OWNER_APPROVED_CONCEPT_MEMBERSHIP	RISK-MAP-MATERIALIZE-001	RISK-MAP-APPROVE-001	036d293c6e2fa506922c53ffcfdd44476ec903fdc639e2c12b73815d4401f026	402b4004b987169e1cc5b9b0356061794218ef45ee473839b80b72a91cf1f9ed	YES
38edb7dfb40e0d87ff4ac92957682067e8a4296c8856e2856078e6ebeda148a0	CIC_W	2422	2737b83c-fef9-4772-9176-c5f4cf2bec37	EXACT_EQUIVALENT	APPROVED	MANUAL_REVIEW	OWNER_APPROVED_CONCEPT_MEMBERSHIP	RISK-MAP-MATERIALIZE-001	RISK-MAP-APPROVE-001	036d293c6e2fa506922c53ffcfdd44476ec903fdc639e2c12b73815d4401f026	402b4004b987169e1cc5b9b0356061794218ef45ee473839b80b72a91cf1f9ed	YES
2415527e641c3aa98984d7482fc5379bfc1dc84c567faa9de2219ac8570dfebf	CIC_W	2423	961128a5-86a3-4079-a7bc-4d3b84fa44c5	EXACT_EQUIVALENT	APPROVED	MANUAL_REVIEW	OWNER_APPROVED_CONCEPT_MEMBERSHIP	RISK-MAP-MATERIALIZE-001	RISK-MAP-APPROVE-001	036d293c6e2fa506922c53ffcfdd44476ec903fdc639e2c12b73815d4401f026	402b4004b987169e1cc5b9b0356061794218ef45ee473839b80b72a91cf1f9ed	YES
46dccd63dce6f6b4538fd86710db830aebfef35c43ee8765af7f142539b95ea5	CIC_W	2424	ae904b63-6fd3-4c73-9166-c8e3a1c384d7	EXACT_EQUIVALENT	APPROVED	MANUAL_REVIEW	OWNER_APPROVED_CONCEPT_MEMBERSHIP	RISK-MAP-MATERIALIZE-001	RISK-MAP-APPROVE-001	036d293c6e2fa506922c53ffcfdd44476ec903fdc639e2c12b73815d4401f026	402b4004b987169e1cc5b9b0356061794218ef45ee473839b80b72a91cf1f9ed	YES
1ffbe12bb0106b366cee2cebe6be9d3aef33fbfa395c1cd431f971a5e070a753	CIC_W	244	33086c9d-3791-4a98-8582-286f5f5a4c52	EXACT_EQUIVALENT	APPROVED	MANUAL_REVIEW	OWNER_APPROVED_CONCEPT_MEMBERSHIP	RISK-MAP-MATERIALIZE-001	RISK-MAP-APPROVE-001	036d293c6e2fa506922c53ffcfdd44476ec903fdc639e2c12b73815d4401f026	402b4004b987169e1cc5b9b0356061794218ef45ee473839b80b72a91cf1f9ed	YES
a197e29cad0f6b45f0b8c1a5eaff8aee1723fa08b91f6a8c87c5b91c6f76cbc4	CIC_W	245	e5eaeb1a-0dbc-40fb-aefe-2aa116123cc1	EXACT_EQUIVALENT	APPROVED	MANUAL_REVIEW	OWNER_APPROVED_CONCEPT_MEMBERSHIP	RISK-MAP-MATERIALIZE-001	RISK-MAP-APPROVE-001	036d293c6e2fa506922c53ffcfdd44476ec903fdc639e2c12b73815d4401f026	402b4004b987169e1cc5b9b0356061794218ef45ee473839b80b72a91cf1f9ed	YES
80c51b8dd82dbee3d9f4b2392bf8473e6a6464cffdf16e749209814e50382003	CIC_W	246	fb9cf491-80c1-45eb-852e-6ba1bd57ad83	EXACT_EQUIVALENT	APPROVED	MANUAL_REVIEW	OWNER_APPROVED_CONCEPT_MEMBERSHIP	RISK-MAP-MATERIALIZE-001	RISK-MAP-APPROVE-001	036d293c6e2fa506922c53ffcfdd44476ec903fdc639e2c12b73815d4401f026	402b4004b987169e1cc5b9b0356061794218ef45ee473839b80b72a91cf1f9ed	YES
824322bb7adf82bd753880b8a8b8273196b22faf61434b7ee84c6a8b83a67907	CIC_W	2461	58f8b4bb-3450-4538-83f0-c4eccc7de4bd	EXACT_EQUIVALENT	APPROVED	MANUAL_REVIEW	OWNER_APPROVED_CONCEPT_MEMBERSHIP	RISK-MAP-MATERIALIZE-001	RISK-MAP-APPROVE-001	036d293c6e2fa506922c53ffcfdd44476ec903fdc639e2c12b73815d4401f026	402b4004b987169e1cc5b9b0356061794218ef45ee473839b80b72a91cf1f9ed	YES
cfcde44ee13299309becfdc029c3ee1a2144c0ab0f9d837e6114fa6190a6c297	CIC_W	2462	473fd39b-e52e-4239-89b1-49aba19e47fe	EXACT_EQUIVALENT	APPROVED	MANUAL_REVIEW	OWNER_APPROVED_CONCEPT_MEMBERSHIP	RISK-MAP-MATERIALIZE-001	RISK-MAP-APPROVE-001	036d293c6e2fa506922c53ffcfdd44476ec903fdc639e2c12b73815d4401f026	402b4004b987169e1cc5b9b0356061794218ef45ee473839b80b72a91cf1f9ed	YES
17610c263dffbfa1f74b6f33689ed932e0961fb5c51c6f3bf4839776ffacbdfa	CIC_W	2463	a4a8ab73-aaf2-49b4-af07-86f6742d4d62	EXACT_EQUIVALENT	APPROVED	MANUAL_REVIEW	OWNER_APPROVED_CONCEPT_MEMBERSHIP	RISK-MAP-MATERIALIZE-001	RISK-MAP-APPROVE-001	036d293c6e2fa506922c53ffcfdd44476ec903fdc639e2c12b73815d4401f026	402b4004b987169e1cc5b9b0356061794218ef45ee473839b80b72a91cf1f9ed	YES
0d643da544e4fefc355af2b1c23dc5a034f88da8194f751f46695216b6f298e0	CIC_W	2464	fe74ef73-ae6e-4aae-ad0e-c37c6d0a1526	EXACT_EQUIVALENT	APPROVED	MANUAL_REVIEW	OWNER_APPROVED_CONCEPT_MEMBERSHIP	RISK-MAP-MATERIALIZE-001	RISK-MAP-APPROVE-001	036d293c6e2fa506922c53ffcfdd44476ec903fdc639e2c12b73815d4401f026	402b4004b987169e1cc5b9b0356061794218ef45ee473839b80b72a91cf1f9ed	YES
9cdaf0608339d6257fee98935aac40969fb94e42dd0eb3c9a3ede781e7bef28e	CIC_W	247	ed76117b-a883-4f51-b599-d6c9d721a6e3	EXACT_EQUIVALENT	APPROVED	MANUAL_REVIEW	OWNER_APPROVED_CONCEPT_MEMBERSHIP	RISK-MAP-MATERIALIZE-001	RISK-MAP-APPROVE-001	036d293c6e2fa506922c53ffcfdd44476ec903fdc639e2c12b73815d4401f026	402b4004b987169e1cc5b9b0356061794218ef45ee473839b80b72a91cf1f9ed	YES
2781a614b7b6f96526e29ccb20d7b5f8dde17d6408410f52dd6b65012d6f2647	CIC_W	248	6f1d2876-cd53-4144-baea-d4ce926f98ae	EXACT_EQUIVALENT	APPROVED	MANUAL_REVIEW	OWNER_APPROVED_CONCEPT_MEMBERSHIP	RISK-MAP-MATERIALIZE-001	RISK-MAP-APPROVE-001	036d293c6e2fa506922c53ffcfdd44476ec903fdc639e2c12b73815d4401f026	402b4004b987169e1cc5b9b0356061794218ef45ee473839b80b72a91cf1f9ed	YES
cd834c7753937a5b1e75ef4d4d8d66df9b3ba24785404eb9be7af14ad4bf8656	CIC_W	25	71f3ec22-bbb7-483f-a6b5-f089eac9007c	EXACT_EQUIVALENT	APPROVED	MANUAL_REVIEW	OWNER_APPROVED_CONCEPT_MEMBERSHIP	RISK-MAP-MATERIALIZE-001	RISK-MAP-APPROVE-001	036d293c6e2fa506922c53ffcfdd44476ec903fdc639e2c12b73815d4401f026	402b4004b987169e1cc5b9b0356061794218ef45ee473839b80b72a91cf1f9ed	YES
52afd58b90724735df23bd3338d97bb66b634b6ccc75920ba7adfb08b124df31	CIC_W	2512	0cb65197-0fe0-43db-8421-8cd559c8d4e5	EXACT_EQUIVALENT	APPROVED	MANUAL_REVIEW	OWNER_APPROVED_CONCEPT_MEMBERSHIP	RISK-MAP-MATERIALIZE-001	RISK-MAP-APPROVE-001	036d293c6e2fa506922c53ffcfdd44476ec903fdc639e2c12b73815d4401f026	402b4004b987169e1cc5b9b0356061794218ef45ee473839b80b72a91cf1f9ed	YES
73b1f4b25c3547a8d2cc32c73fb5dd4ae5813d215095f646e54b739e7519496a	CIC_W	252	ba7294ab-7de7-4c60-be42-43c35bcd5e13	EXACT_EQUIVALENT	APPROVED	MANUAL_REVIEW	OWNER_APPROVED_CONCEPT_MEMBERSHIP	RISK-MAP-MATERIALIZE-001	RISK-MAP-APPROVE-001	036d293c6e2fa506922c53ffcfdd44476ec903fdc639e2c12b73815d4401f026	402b4004b987169e1cc5b9b0356061794218ef45ee473839b80b72a91cf1f9ed	YES
7219c55a3c48030d7612a2c81e63188eed48bb8623ff454b9cd667bb2e88e076	CIC_W	2521	b94ee5b3-9867-47b9-9429-271af60626ef	EXACT_EQUIVALENT	APPROVED	MANUAL_REVIEW	OWNER_APPROVED_CONCEPT_MEMBERSHIP	RISK-MAP-MATERIALIZE-001	RISK-MAP-APPROVE-001	036d293c6e2fa506922c53ffcfdd44476ec903fdc639e2c12b73815d4401f026	402b4004b987169e1cc5b9b0356061794218ef45ee473839b80b72a91cf1f9ed	YES
8174d96293ed34c02f23a09e3739129765f5402cbcc9e8f28a67f3644a7549f3	CIC_W	253	6fd8d8a8-6eaa-48fc-baaa-437318b8d0bc	EXACT_EQUIVALENT	APPROVED	MANUAL_REVIEW	OWNER_APPROVED_CONCEPT_MEMBERSHIP	RISK-MAP-MATERIALIZE-001	RISK-MAP-APPROVE-001	036d293c6e2fa506922c53ffcfdd44476ec903fdc639e2c12b73815d4401f026	402b4004b987169e1cc5b9b0356061794218ef45ee473839b80b72a91cf1f9ed	YES
acd3a1b799de714b796b667ba0ce0d93d30af5fa4f16bf335ea626c19e5d28d5	CIC_W	2531	6e2c2cdb-1fc5-46fc-b7c4-94b07be28d81	EXACT_EQUIVALENT	APPROVED	MANUAL_REVIEW	OWNER_APPROVED_CONCEPT_MEMBERSHIP	RISK-MAP-MATERIALIZE-001	RISK-MAP-APPROVE-001	036d293c6e2fa506922c53ffcfdd44476ec903fdc639e2c12b73815d4401f026	402b4004b987169e1cc5b9b0356061794218ef45ee473839b80b72a91cf1f9ed	YES
864429add97949a196ed569bcea8d9610eaa0ecadf957e6b5c0a6b5bd84ef155	CIC_W	2532	d550a49b-b123-4c8a-9726-9aade049c92a	EXACT_EQUIVALENT	APPROVED	MANUAL_REVIEW	OWNER_APPROVED_CONCEPT_MEMBERSHIP	RISK-MAP-MATERIALIZE-001	RISK-MAP-APPROVE-001	036d293c6e2fa506922c53ffcfdd44476ec903fdc639e2c12b73815d4401f026	402b4004b987169e1cc5b9b0356061794218ef45ee473839b80b72a91cf1f9ed	YES
2d6f44a7b37d29bbd0e9bdcd71b6a6782d87b215591d35c784ee93b876dde1dc	CIC_W	2533	fd0b3d15-3d76-4776-8602-dfbefc416b83	EXACT_EQUIVALENT	APPROVED	MANUAL_REVIEW	OWNER_APPROVED_CONCEPT_MEMBERSHIP	RISK-MAP-MATERIALIZE-001	RISK-MAP-APPROVE-001	036d293c6e2fa506922c53ffcfdd44476ec903fdc639e2c12b73815d4401f026	402b4004b987169e1cc5b9b0356061794218ef45ee473839b80b72a91cf1f9ed	YES
d7e7ceb7c2cc8f39972e3f941d5b82b99bb86429400721c9a3b9758eec01383c	CIC_W	2536	b365812a-d0f2-479c-bf32-e969211fc91c	EXACT_EQUIVALENT	APPROVED	MANUAL_REVIEW	OWNER_APPROVED_CONCEPT_MEMBERSHIP	RISK-MAP-MATERIALIZE-001	RISK-MAP-APPROVE-001	036d293c6e2fa506922c53ffcfdd44476ec903fdc639e2c12b73815d4401f026	402b4004b987169e1cc5b9b0356061794218ef45ee473839b80b72a91cf1f9ed	YES
d67ae39f353b3ad44f7efc1d5cddbb9f3f8120c92f5202a58d36a587279a44ae	CIC_W	2537	3258e587-68ab-40c8-80df-dd4fa0db60b7	EXACT_EQUIVALENT	APPROVED	MANUAL_REVIEW	OWNER_APPROVED_CONCEPT_MEMBERSHIP	RISK-MAP-MATERIALIZE-001	RISK-MAP-APPROVE-001	036d293c6e2fa506922c53ffcfdd44476ec903fdc639e2c12b73815d4401f026	402b4004b987169e1cc5b9b0356061794218ef45ee473839b80b72a91cf1f9ed	YES
36f4829f4f6902e0b9b514eb3d95a349611a9f580b0b7e4cc4628533c871adfd	CIC_W	254	8bdf4909-dc81-4a7b-aab4-7c9f78d59aa7	EXACT_EQUIVALENT	APPROVED	MANUAL_REVIEW	OWNER_APPROVED_CONCEPT_MEMBERSHIP	RISK-MAP-MATERIALIZE-001	RISK-MAP-APPROVE-001	036d293c6e2fa506922c53ffcfdd44476ec903fdc639e2c12b73815d4401f026	402b4004b987169e1cc5b9b0356061794218ef45ee473839b80b72a91cf1f9ed	YES
8bf97d050cc2e937969011f4acb60ec14c77d03177f8c512cc3a5d9795fd3d6a	CIC_W	2545	250535a6-a833-4003-ad9f-b12b23caeb6b	EXACT_EQUIVALENT	APPROVED	MANUAL_REVIEW	OWNER_APPROVED_CONCEPT_MEMBERSHIP	RISK-MAP-MATERIALIZE-001	RISK-MAP-APPROVE-001	036d293c6e2fa506922c53ffcfdd44476ec903fdc639e2c12b73815d4401f026	402b4004b987169e1cc5b9b0356061794218ef45ee473839b80b72a91cf1f9ed	YES
fc61a2e8f81a6ed8547f9de54126ca89535c7207fed226c1b08f0140626694bf	CIC_W	2548	e289ee8c-abe2-429f-aa94-b3c3d5c696f5	EXACT_EQUIVALENT	APPROVED	MANUAL_REVIEW	OWNER_APPROVED_CONCEPT_MEMBERSHIP	RISK-MAP-MATERIALIZE-001	RISK-MAP-APPROVE-001	036d293c6e2fa506922c53ffcfdd44476ec903fdc639e2c12b73815d4401f026	402b4004b987169e1cc5b9b0356061794218ef45ee473839b80b72a91cf1f9ed	YES
c46ffa0078ee43440921f2b05e094ae7b5ee935324a7045c7e02d06e447ffca0	CIC_W	255	71232285-0ecb-449e-8505-f1007ff645ea	EXACT_EQUIVALENT	APPROVED	MANUAL_REVIEW	OWNER_APPROVED_CONCEPT_MEMBERSHIP	RISK-MAP-MATERIALIZE-001	RISK-MAP-APPROVE-001	036d293c6e2fa506922c53ffcfdd44476ec903fdc639e2c12b73815d4401f026	402b4004b987169e1cc5b9b0356061794218ef45ee473839b80b72a91cf1f9ed	YES
70f9f33b44c48cc60098a62523484cd5c1c05c4698608523ff3579fea9c9ead4	CIC_W	2551	be965f09-464b-4d53-9be4-d72f44d3d1ee	EXACT_EQUIVALENT	APPROVED	MANUAL_REVIEW	OWNER_APPROVED_CONCEPT_MEMBERSHIP	RISK-MAP-MATERIALIZE-001	RISK-MAP-APPROVE-001	036d293c6e2fa506922c53ffcfdd44476ec903fdc639e2c12b73815d4401f026	402b4004b987169e1cc5b9b0356061794218ef45ee473839b80b72a91cf1f9ed	YES
4191d6cb435a787cccac3c1f73ccc40d8b915eb444578fe6aca7984208ad04da	CIC_W	2552	7d25ff27-d4fb-4959-b8fb-c7717e6c964f	EXACT_EQUIVALENT	APPROVED	MANUAL_REVIEW	OWNER_APPROVED_CONCEPT_MEMBERSHIP	RISK-MAP-MATERIALIZE-001	RISK-MAP-APPROVE-001	036d293c6e2fa506922c53ffcfdd44476ec903fdc639e2c12b73815d4401f026	402b4004b987169e1cc5b9b0356061794218ef45ee473839b80b72a91cf1f9ed	YES
7edf43c8cd640a929e804acdb3c2d6bab1ac5d0531411bb3c7b234cda50713e5	CIC_W	2559	ef82c79f-7a42-40ad-a790-24a6dedcce5c	EXACT_EQUIVALENT	APPROVED	MANUAL_REVIEW	OWNER_APPROVED_CONCEPT_MEMBERSHIP	RISK-MAP-MATERIALIZE-001	RISK-MAP-APPROVE-001	036d293c6e2fa506922c53ffcfdd44476ec903fdc639e2c12b73815d4401f026	402b4004b987169e1cc5b9b0356061794218ef45ee473839b80b72a91cf1f9ed	YES
367fe25f2ea52d34e31b6011dc2aec639f377d6334f27c03e764c42ffce9b8bd	CIC_W	258	03da6ebe-0db5-45a4-8564-6124ba14ad8f	EXACT_EQUIVALENT	APPROVED	MANUAL_REVIEW	OWNER_APPROVED_CONCEPT_MEMBERSHIP	RISK-MAP-MATERIALIZE-001	RISK-MAP-APPROVE-001	036d293c6e2fa506922c53ffcfdd44476ec903fdc639e2c12b73815d4401f026	402b4004b987169e1cc5b9b0356061794218ef45ee473839b80b72a91cf1f9ed	YES
e5648bf03710eabd7e04645aafa2ab211d44a760d05638050547436fa3cdcd8a	CIC_W	2586	d165e10e-825b-4450-ab5b-9cdc94fb883b	EXACT_EQUIVALENT	APPROVED	MANUAL_REVIEW	OWNER_APPROVED_CONCEPT_MEMBERSHIP	RISK-MAP-MATERIALIZE-001	RISK-MAP-APPROVE-001	036d293c6e2fa506922c53ffcfdd44476ec903fdc639e2c12b73815d4401f026	402b4004b987169e1cc5b9b0356061794218ef45ee473839b80b72a91cf1f9ed	YES
df78ec2c75a7fc75c76fbea944318e5b47d32809814275882b4ff9674c70ff63	CIC_W	2587	0d7d1319-591c-45a5-a5e8-158594dea5fd	EXACT_EQUIVALENT	APPROVED	MANUAL_REVIEW	OWNER_APPROVED_CONCEPT_MEMBERSHIP	RISK-MAP-MATERIALIZE-001	RISK-MAP-APPROVE-001	036d293c6e2fa506922c53ffcfdd44476ec903fdc639e2c12b73815d4401f026	402b4004b987169e1cc5b9b0356061794218ef45ee473839b80b72a91cf1f9ed	YES
f524307b840b8def336c9cac1dcd7148e7f13d43262dfdbc829f0fa4bd3697d2	CIC_W	2588	46a00000-d9cc-44ed-b956-e1ac47687d33	EXACT_EQUIVALENT	APPROVED	MANUAL_REVIEW	OWNER_APPROVED_CONCEPT_MEMBERSHIP	RISK-MAP-MATERIALIZE-001	RISK-MAP-APPROVE-001	036d293c6e2fa506922c53ffcfdd44476ec903fdc639e2c12b73815d4401f026	402b4004b987169e1cc5b9b0356061794218ef45ee473839b80b72a91cf1f9ed	YES
defad3fbfa77aa77af6719cdba61d4b5ab305938aab49eadeb7786d61b8b204a	CIC_W	26	e0ffb761-4531-42a9-bccc-a47102859054	EXACT_EQUIVALENT	APPROVED	MANUAL_REVIEW	OWNER_APPROVED_CONCEPT_MEMBERSHIP	RISK-MAP-MATERIALIZE-001	RISK-MAP-APPROVE-001	036d293c6e2fa506922c53ffcfdd44476ec903fdc639e2c12b73815d4401f026	402b4004b987169e1cc5b9b0356061794218ef45ee473839b80b72a91cf1f9ed	YES
f5ab223c60fb01d03310c877ae5b5a5342f9f025dd8bafabd9e5937bbe0915b5	CIC_W	262	888bf357-3ff0-4beb-b338-c4153ab0cadc	EXACT_EQUIVALENT	APPROVED	MANUAL_REVIEW	OWNER_APPROVED_CONCEPT_MEMBERSHIP	RISK-MAP-MATERIALIZE-001	RISK-MAP-APPROVE-001	036d293c6e2fa506922c53ffcfdd44476ec903fdc639e2c12b73815d4401f026	402b4004b987169e1cc5b9b0356061794218ef45ee473839b80b72a91cf1f9ed	YES
f249e16cf15d3123a2c78b681dc4572cf2637a9e4fa771eaf8eeaa16c9d6e3de	CIC_W	2621	a2fd72a7-0838-41dc-ab4a-d3bc0be20f19	EXACT_EQUIVALENT	APPROVED	MANUAL_REVIEW	OWNER_APPROVED_CONCEPT_MEMBERSHIP	RISK-MAP-MATERIALIZE-001	RISK-MAP-APPROVE-001	036d293c6e2fa506922c53ffcfdd44476ec903fdc639e2c12b73815d4401f026	402b4004b987169e1cc5b9b0356061794218ef45ee473839b80b72a91cf1f9ed	YES
3d99bc39b52a4e1fd205f78e6b6287f2e331b8f44ab4f53c5e37104f209c7ce7	CIC_W	2622	828eaca3-4ce3-4a53-a9cf-59d8c09ae5c3	EXACT_EQUIVALENT	APPROVED	MANUAL_REVIEW	OWNER_APPROVED_CONCEPT_MEMBERSHIP	RISK-MAP-MATERIALIZE-001	RISK-MAP-APPROVE-001	036d293c6e2fa506922c53ffcfdd44476ec903fdc639e2c12b73815d4401f026	402b4004b987169e1cc5b9b0356061794218ef45ee473839b80b72a91cf1f9ed	YES
639a98dd5689bbeb8dced6b951d1b723963f0d3dc90db8f660986e7ed3c310cf	CIC_W	2623	e53a7854-2453-4d4b-8957-2e019766a73b	EXACT_EQUIVALENT	APPROVED	MANUAL_REVIEW	OWNER_APPROVED_CONCEPT_MEMBERSHIP	RISK-MAP-MATERIALIZE-001	RISK-MAP-APPROVE-001	036d293c6e2fa506922c53ffcfdd44476ec903fdc639e2c12b73815d4401f026	402b4004b987169e1cc5b9b0356061794218ef45ee473839b80b72a91cf1f9ed	YES
d925d7dcfabab1918609bde33ab2764d607526d2a7af560fe370c995d844304f	CIC_W	2624	217b3732-a8a6-4773-b441-e41b16a3ef25	EXACT_EQUIVALENT	APPROVED	MANUAL_REVIEW	OWNER_APPROVED_CONCEPT_MEMBERSHIP	RISK-MAP-MATERIALIZE-001	RISK-MAP-APPROVE-001	036d293c6e2fa506922c53ffcfdd44476ec903fdc639e2c12b73815d4401f026	402b4004b987169e1cc5b9b0356061794218ef45ee473839b80b72a91cf1f9ed	YES
0e609af15c4364049dddffa5b984b35fe03d9288b1144fcb925008ea99c903dd	CIC_W	2625	187d4381-c2cf-42f2-a6f3-3dbf5f3985f0	EXACT_EQUIVALENT	APPROVED	MANUAL_REVIEW	OWNER_APPROVED_CONCEPT_MEMBERSHIP	RISK-MAP-MATERIALIZE-001	RISK-MAP-APPROVE-001	036d293c6e2fa506922c53ffcfdd44476ec903fdc639e2c12b73815d4401f026	402b4004b987169e1cc5b9b0356061794218ef45ee473839b80b72a91cf1f9ed	YES
d3b91339931e8208f7968a7d5b42dc4134a05f32ce7b4f9ab183cb1810493b4e	CIC_W	2626	9561f173-c6f7-46fa-9f20-ee2cefc6b731	EXACT_EQUIVALENT	APPROVED	MANUAL_REVIEW	OWNER_APPROVED_CONCEPT_MEMBERSHIP	RISK-MAP-MATERIALIZE-001	RISK-MAP-APPROVE-001	036d293c6e2fa506922c53ffcfdd44476ec903fdc639e2c12b73815d4401f026	402b4004b987169e1cc5b9b0356061794218ef45ee473839b80b72a91cf1f9ed	YES
7ea2f2039ae9592f42df853436fa5ad7b38348a23a2eefbb261a0c174587f682	CIC_W	2627	97a63fe0-9bc2-4de3-9456-81f4acf47f49	EXACT_EQUIVALENT	APPROVED	MANUAL_REVIEW	OWNER_APPROVED_CONCEPT_MEMBERSHIP	RISK-MAP-MATERIALIZE-001	RISK-MAP-APPROVE-001	036d293c6e2fa506922c53ffcfdd44476ec903fdc639e2c12b73815d4401f026	402b4004b987169e1cc5b9b0356061794218ef45ee473839b80b72a91cf1f9ed	YES
2ebf9ba97625905956530ce37a57192adf1ff01b807ef638f0ecbc153b1bda80	CIC_W	2628	404fe119-953b-4f78-9e39-e3b5a6e58b4e	EXACT_EQUIVALENT	APPROVED	MANUAL_REVIEW	OWNER_APPROVED_CONCEPT_MEMBERSHIP	RISK-MAP-MATERIALIZE-001	RISK-MAP-APPROVE-001	036d293c6e2fa506922c53ffcfdd44476ec903fdc639e2c12b73815d4401f026	402b4004b987169e1cc5b9b0356061794218ef45ee473839b80b72a91cf1f9ed	YES
c50873302acd60ae7d5c8f0d0c5daa9f0acca125b705dc7f90300774706cc834	CIC_W	263	2517aed8-23bc-4e23-a7c7-fcd8743847a7	EXACT_EQUIVALENT	APPROVED	MANUAL_REVIEW	OWNER_APPROVED_CONCEPT_MEMBERSHIP	RISK-MAP-MATERIALIZE-001	RISK-MAP-APPROVE-001	036d293c6e2fa506922c53ffcfdd44476ec903fdc639e2c12b73815d4401f026	402b4004b987169e1cc5b9b0356061794218ef45ee473839b80b72a91cf1f9ed	YES
7ad35354348d464893619d36a44250705be4c915a6df38b3744e9f88fd0ca924	CIC_W	264	877ee6f7-1b8a-4804-9865-ef3a65ac01d6	EXACT_EQUIVALENT	APPROVED	MANUAL_REVIEW	OWNER_APPROVED_CONCEPT_MEMBERSHIP	RISK-MAP-MATERIALIZE-001	RISK-MAP-APPROVE-001	036d293c6e2fa506922c53ffcfdd44476ec903fdc639e2c12b73815d4401f026	402b4004b987169e1cc5b9b0356061794218ef45ee473839b80b72a91cf1f9ed	YES
0b693e5c30907c02ea85c7031f34766f760b08b0d7cca9565e95d427b12a72c3	CIC_W	2641	97ea29b5-ebcd-497f-be4b-638493a7c394	EXACT_EQUIVALENT	APPROVED	MANUAL_REVIEW	OWNER_APPROVED_CONCEPT_MEMBERSHIP	RISK-MAP-MATERIALIZE-001	RISK-MAP-APPROVE-001	036d293c6e2fa506922c53ffcfdd44476ec903fdc639e2c12b73815d4401f026	402b4004b987169e1cc5b9b0356061794218ef45ee473839b80b72a91cf1f9ed	YES
bb2e76d1a2e98763f894471c14e31f38291fcaa586770233bb5df2f79fb8b2d0	CIC_W	2642	4ea1d09f-ddce-4d8b-b7c4-b955644505a6	EXACT_EQUIVALENT	APPROVED	MANUAL_REVIEW	OWNER_APPROVED_CONCEPT_MEMBERSHIP	RISK-MAP-MATERIALIZE-001	RISK-MAP-APPROVE-001	036d293c6e2fa506922c53ffcfdd44476ec903fdc639e2c12b73815d4401f026	402b4004b987169e1cc5b9b0356061794218ef45ee473839b80b72a91cf1f9ed	YES
e31b2ae03dac1982b5e77ed3c9bc64606dd84c2b7592f939f1bac14fbe97ad16	CIC_W	2643	7059e166-3f70-455f-92d3-fcb7118a88e5	EXACT_EQUIVALENT	APPROVED	MANUAL_REVIEW	OWNER_APPROVED_CONCEPT_MEMBERSHIP	RISK-MAP-MATERIALIZE-001	RISK-MAP-APPROVE-001	036d293c6e2fa506922c53ffcfdd44476ec903fdc639e2c12b73815d4401f026	402b4004b987169e1cc5b9b0356061794218ef45ee473839b80b72a91cf1f9ed	YES
44b47526db3dd052563ff13bf81b31049e18d6b1a0958472a8296150b5f293de	CIC_W	2644	502a0445-cc87-4a02-918d-79a6e5876045	EXACT_EQUIVALENT	APPROVED	MANUAL_REVIEW	OWNER_APPROVED_CONCEPT_MEMBERSHIP	RISK-MAP-MATERIALIZE-001	RISK-MAP-APPROVE-001	036d293c6e2fa506922c53ffcfdd44476ec903fdc639e2c12b73815d4401f026	402b4004b987169e1cc5b9b0356061794218ef45ee473839b80b72a91cf1f9ed	YES
290fa5e1072baccdfa10b14890e7ed4b6642b112b9c03756dfafe233ad944e42	CIC_W	2645	2480e55f-5bc7-4dbd-a1fa-8016dba70adc	EXACT_EQUIVALENT	APPROVED	MANUAL_REVIEW	OWNER_APPROVED_CONCEPT_MEMBERSHIP	RISK-MAP-MATERIALIZE-001	RISK-MAP-APPROVE-001	036d293c6e2fa506922c53ffcfdd44476ec903fdc639e2c12b73815d4401f026	402b4004b987169e1cc5b9b0356061794218ef45ee473839b80b72a91cf1f9ed	YES
8c4d7a4c450a910c0c64ead6866d6149da51f0612e6ff3156ad6c7df8edf37be	CIC_W	2646	a5dbd267-9f8c-4490-b224-f9366a7d5d66	EXACT_EQUIVALENT	APPROVED	MANUAL_REVIEW	OWNER_APPROVED_CONCEPT_MEMBERSHIP	RISK-MAP-MATERIALIZE-001	RISK-MAP-APPROVE-001	036d293c6e2fa506922c53ffcfdd44476ec903fdc639e2c12b73815d4401f026	402b4004b987169e1cc5b9b0356061794218ef45ee473839b80b72a91cf1f9ed	YES
e007a634ac24b0ecefc8b6127d9b260013fb8787473f187bba13d867dbb20e76	CIC_W	265	eef6e4b5-298c-4bc5-a416-f75dded2d6c9	EXACT_EQUIVALENT	APPROVED	MANUAL_REVIEW	OWNER_APPROVED_CONCEPT_MEMBERSHIP	RISK-MAP-MATERIALIZE-001	RISK-MAP-APPROVE-001	036d293c6e2fa506922c53ffcfdd44476ec903fdc639e2c12b73815d4401f026	402b4004b987169e1cc5b9b0356061794218ef45ee473839b80b72a91cf1f9ed	YES
990f8bb479fc255aa27743f7cbb2888a85bb6f2320522b1f1a3593ab3aae97ba	CIC_W	2651	009a1643-f024-4c61-ac6b-182f7b85500a	EXACT_EQUIVALENT	APPROVED	MANUAL_REVIEW	OWNER_APPROVED_CONCEPT_MEMBERSHIP	RISK-MAP-MATERIALIZE-001	RISK-MAP-APPROVE-001	036d293c6e2fa506922c53ffcfdd44476ec903fdc639e2c12b73815d4401f026	402b4004b987169e1cc5b9b0356061794218ef45ee473839b80b72a91cf1f9ed	YES
27d672c2784fe743b92a44345218448e9eee230d04895baeaf3fb02ce4662ab3	CIC_W	2652	23b29dfd-5e36-4052-bcc1-e8565646844a	EXACT_EQUIVALENT	APPROVED	MANUAL_REVIEW	OWNER_APPROVED_CONCEPT_MEMBERSHIP	RISK-MAP-MATERIALIZE-001	RISK-MAP-APPROVE-001	036d293c6e2fa506922c53ffcfdd44476ec903fdc639e2c12b73815d4401f026	402b4004b987169e1cc5b9b0356061794218ef45ee473839b80b72a91cf1f9ed	YES
a7f124087c39cce9609bf25581d5a1aec0b6fa48aa27873ddc06b58c44c32b84	CIC_W	2653	ddb6c8e6-cce0-40f1-aeb1-35d86a7dc95d	EXACT_EQUIVALENT	APPROVED	MANUAL_REVIEW	OWNER_APPROVED_CONCEPT_MEMBERSHIP	RISK-MAP-MATERIALIZE-001	RISK-MAP-APPROVE-001	036d293c6e2fa506922c53ffcfdd44476ec903fdc639e2c12b73815d4401f026	402b4004b987169e1cc5b9b0356061794218ef45ee473839b80b72a91cf1f9ed	YES
13fc49c58ef97d3cb72a532a24b466ef0a9e9d1b53cf9249d6c4ebb86c327b5d	CIC_W	266	348ade21-5842-40a7-b9b4-2d3bfc9ee008	EXACT_EQUIVALENT	APPROVED	MANUAL_REVIEW	OWNER_APPROVED_CONCEPT_MEMBERSHIP	RISK-MAP-MATERIALIZE-001	RISK-MAP-APPROVE-001	036d293c6e2fa506922c53ffcfdd44476ec903fdc639e2c12b73815d4401f026	402b4004b987169e1cc5b9b0356061794218ef45ee473839b80b72a91cf1f9ed	YES
9785e572f804b4504bb508bf9885c45393b2718c08c503de8ba618657c2bfac2	CIC_W	267	e1b00e0a-75b1-4326-97fe-73cbaeb4056c	EXACT_EQUIVALENT	APPROVED	MANUAL_REVIEW	OWNER_APPROVED_CONCEPT_MEMBERSHIP	RISK-MAP-MATERIALIZE-001	RISK-MAP-APPROVE-001	036d293c6e2fa506922c53ffcfdd44476ec903fdc639e2c12b73815d4401f026	402b4004b987169e1cc5b9b0356061794218ef45ee473839b80b72a91cf1f9ed	YES
e5eb0fe7d8fd75412fa4f29b460abc91c4500fb8261f70083c07b7bcdd9f3535	CIC_W	268	476efd01-d9c9-46c9-908b-3dcd7f719930	EXACT_EQUIVALENT	APPROVED	MANUAL_REVIEW	OWNER_APPROVED_CONCEPT_MEMBERSHIP	RISK-MAP-MATERIALIZE-001	RISK-MAP-APPROVE-001	036d293c6e2fa506922c53ffcfdd44476ec903fdc639e2c12b73815d4401f026	402b4004b987169e1cc5b9b0356061794218ef45ee473839b80b72a91cf1f9ed	YES
b34b9d8c76091ba520f6bc9a79845b384ee43c75359bf333bc42f7f860af379e	CIC_W	2681	b119206d-d7a3-412d-aa99-32eab0f455c2	EXACT_EQUIVALENT	APPROVED	MANUAL_REVIEW	OWNER_APPROVED_CONCEPT_MEMBERSHIP	RISK-MAP-MATERIALIZE-001	RISK-MAP-APPROVE-001	036d293c6e2fa506922c53ffcfdd44476ec903fdc639e2c12b73815d4401f026	402b4004b987169e1cc5b9b0356061794218ef45ee473839b80b72a91cf1f9ed	YES
0f7b3579de94a5f648f42883a54306d05d8ee0a6134bd0585ea5a59b07e248ec	CIC_W	2682	1e14af59-33e6-4511-baa8-9d842c84ce1f	EXACT_EQUIVALENT	APPROVED	MANUAL_REVIEW	OWNER_APPROVED_CONCEPT_MEMBERSHIP	RISK-MAP-MATERIALIZE-001	RISK-MAP-APPROVE-001	036d293c6e2fa506922c53ffcfdd44476ec903fdc639e2c12b73815d4401f026	402b4004b987169e1cc5b9b0356061794218ef45ee473839b80b72a91cf1f9ed	YES
0852bd97435d0ce0dedbe417a378290f88cf097b806660238d1e5f5a53fbaecf	CIC_W	27	73218545-e9d1-4e62-aae6-6bcc492176e1	EXACT_EQUIVALENT	APPROVED	MANUAL_REVIEW	OWNER_APPROVED_CONCEPT_MEMBERSHIP	RISK-MAP-MATERIALIZE-001	RISK-MAP-APPROVE-001	036d293c6e2fa506922c53ffcfdd44476ec903fdc639e2c12b73815d4401f026	402b4004b987169e1cc5b9b0356061794218ef45ee473839b80b72a91cf1f9ed	YES
1bae2eb818b7be2116c626b5aa4d67cd1148776fce5afae6ea05ade1c47ca540	CIC_W	272	fe6d0740-d16e-4954-8ce2-d0dbbce0c032	EXACT_EQUIVALENT	APPROVED	MANUAL_REVIEW	OWNER_APPROVED_CONCEPT_MEMBERSHIP	RISK-MAP-MATERIALIZE-001	RISK-MAP-APPROVE-001	036d293c6e2fa506922c53ffcfdd44476ec903fdc639e2c12b73815d4401f026	402b4004b987169e1cc5b9b0356061794218ef45ee473839b80b72a91cf1f9ed	YES
4ce8419a2189b1645b4bad2ec790122b89addd019dbf068325650c26b232a904	CIC_W	2721	591a51da-3333-4845-b60e-03458681ab39	EXACT_EQUIVALENT	APPROVED	MANUAL_REVIEW	OWNER_APPROVED_CONCEPT_MEMBERSHIP	RISK-MAP-MATERIALIZE-001	RISK-MAP-APPROVE-001	036d293c6e2fa506922c53ffcfdd44476ec903fdc639e2c12b73815d4401f026	402b4004b987169e1cc5b9b0356061794218ef45ee473839b80b72a91cf1f9ed	YES
b2556adc2a56696b2597dcfaa6a7d82f20cc67c7bd581806769779585353a1d8	CIC_W	2725	af6c19b4-40c5-48d1-adbd-cefa9f42ab75	EXACT_EQUIVALENT	APPROVED	MANUAL_REVIEW	OWNER_APPROVED_CONCEPT_MEMBERSHIP	RISK-MAP-MATERIALIZE-001	RISK-MAP-APPROVE-001	036d293c6e2fa506922c53ffcfdd44476ec903fdc639e2c12b73815d4401f026	402b4004b987169e1cc5b9b0356061794218ef45ee473839b80b72a91cf1f9ed	YES
fcb711e98f4a934fb0feaa90349d7221a318af4f024c4028c153303c428186d7	CIC_W	273	1064868c-41b7-481e-b6c6-b6a0d72c24ca	EXACT_EQUIVALENT	APPROVED	MANUAL_REVIEW	OWNER_APPROVED_CONCEPT_MEMBERSHIP	RISK-MAP-MATERIALIZE-001	RISK-MAP-APPROVE-001	036d293c6e2fa506922c53ffcfdd44476ec903fdc639e2c12b73815d4401f026	402b4004b987169e1cc5b9b0356061794218ef45ee473839b80b72a91cf1f9ed	YES
802b492a4a14ee26aa01dfa3ee09c5f898e4affe4f575b0c85a7c340988d810b	CIC_W	2731	995ba818-1aac-4a5b-82cf-6e83ee485bbc	EXACT_EQUIVALENT	APPROVED	MANUAL_REVIEW	OWNER_APPROVED_CONCEPT_MEMBERSHIP	RISK-MAP-MATERIALIZE-001	RISK-MAP-APPROVE-001	036d293c6e2fa506922c53ffcfdd44476ec903fdc639e2c12b73815d4401f026	402b4004b987169e1cc5b9b0356061794218ef45ee473839b80b72a91cf1f9ed	YES
dd77eae580dd3210961487a7a9fb4a3675e41d0655246f59b97ca441d6b2ceab	CIC_W	2732	af9b0594-96e9-4564-bea6-f80a261c55fc	EXACT_EQUIVALENT	APPROVED	MANUAL_REVIEW	OWNER_APPROVED_CONCEPT_MEMBERSHIP	RISK-MAP-MATERIALIZE-001	RISK-MAP-APPROVE-001	036d293c6e2fa506922c53ffcfdd44476ec903fdc639e2c12b73815d4401f026	402b4004b987169e1cc5b9b0356061794218ef45ee473839b80b72a91cf1f9ed	YES
90efd03b31efe4731d03cc1cc06eab334ed586abfe53a2df6e8981e440b14ae0	CIC_W	2733	b3a8c23a-2b82-4926-8455-53f507b0667c	EXACT_EQUIVALENT	APPROVED	MANUAL_REVIEW	OWNER_APPROVED_CONCEPT_MEMBERSHIP	RISK-MAP-MATERIALIZE-001	RISK-MAP-APPROVE-001	036d293c6e2fa506922c53ffcfdd44476ec903fdc639e2c12b73815d4401f026	402b4004b987169e1cc5b9b0356061794218ef45ee473839b80b72a91cf1f9ed	YES
32e1608a969df10979041092b5b3ccf92357c3bcf429886d6bec82b5069ad8d0	CIC_W	2734	a035ac37-3280-4f2a-8b57-a3416a5061d0	EXACT_EQUIVALENT	APPROVED	MANUAL_REVIEW	OWNER_APPROVED_CONCEPT_MEMBERSHIP	RISK-MAP-MATERIALIZE-001	RISK-MAP-APPROVE-001	036d293c6e2fa506922c53ffcfdd44476ec903fdc639e2c12b73815d4401f026	402b4004b987169e1cc5b9b0356061794218ef45ee473839b80b72a91cf1f9ed	YES
e350a6409d0882073f27705c8beb14344427daa00c9e5a5d1924d0cbab200b2a	CIC_W	2736	7436bc8c-bba8-4685-9d26-7246d975a4ca	EXACT_EQUIVALENT	APPROVED	MANUAL_REVIEW	OWNER_APPROVED_CONCEPT_MEMBERSHIP	RISK-MAP-MATERIALIZE-001	RISK-MAP-APPROVE-001	036d293c6e2fa506922c53ffcfdd44476ec903fdc639e2c12b73815d4401f026	402b4004b987169e1cc5b9b0356061794218ef45ee473839b80b72a91cf1f9ed	YES
6ef543dea29a973b6d5d1352c6a0eab1fdcb9aafb3ebce2c1b54070cc5b945e1	CIC_W	274	8bb17a44-1e90-43ad-96d0-4880fb5b9771	EXACT_EQUIVALENT	APPROVED	MANUAL_REVIEW	OWNER_APPROVED_CONCEPT_MEMBERSHIP	RISK-MAP-MATERIALIZE-001	RISK-MAP-APPROVE-001	036d293c6e2fa506922c53ffcfdd44476ec903fdc639e2c12b73815d4401f026	402b4004b987169e1cc5b9b0356061794218ef45ee473839b80b72a91cf1f9ed	YES
6d1f3d7dfc7825e054e9e6dc908be908c9d5335d26506dd6f0f4d50283705ea6	CIC_W	2741	813be6a8-13c4-4c96-9c90-36bd04348fb5	EXACT_EQUIVALENT	APPROVED	MANUAL_REVIEW	OWNER_APPROVED_CONCEPT_MEMBERSHIP	RISK-MAP-MATERIALIZE-001	RISK-MAP-APPROVE-001	036d293c6e2fa506922c53ffcfdd44476ec903fdc639e2c12b73815d4401f026	402b4004b987169e1cc5b9b0356061794218ef45ee473839b80b72a91cf1f9ed	YES
4c051551a2bae481445f21c9b3bd678731c78873515449cf6913ee2b4463e3db	CIC_W	2742	478ea098-1a8c-47ef-bdbb-3f5c590c71b3	EXACT_EQUIVALENT	APPROVED	MANUAL_REVIEW	OWNER_APPROVED_CONCEPT_MEMBERSHIP	RISK-MAP-MATERIALIZE-001	RISK-MAP-APPROVE-001	036d293c6e2fa506922c53ffcfdd44476ec903fdc639e2c12b73815d4401f026	402b4004b987169e1cc5b9b0356061794218ef45ee473839b80b72a91cf1f9ed	YES
1021f4991dcaed02cee0540bff6327a0f5f5ffdb6ee9b739af0bafd5cf6073c0	CIC_W	2743	6f5a7b75-ec27-4b7e-8067-335e394d2a3d	EXACT_EQUIVALENT	APPROVED	MANUAL_REVIEW	OWNER_APPROVED_CONCEPT_MEMBERSHIP	RISK-MAP-MATERIALIZE-001	RISK-MAP-APPROVE-001	036d293c6e2fa506922c53ffcfdd44476ec903fdc639e2c12b73815d4401f026	402b4004b987169e1cc5b9b0356061794218ef45ee473839b80b72a91cf1f9ed	YES
d05425dbaee68a1549ca15d92cc9fc048754f266b09deb02fe67a59a23d9880b	CIC_W	2744	39aa05ed-5b82-4bd6-a22a-1394fc8e1501	EXACT_EQUIVALENT	APPROVED	MANUAL_REVIEW	OWNER_APPROVED_CONCEPT_MEMBERSHIP	RISK-MAP-MATERIALIZE-001	RISK-MAP-APPROVE-001	036d293c6e2fa506922c53ffcfdd44476ec903fdc639e2c12b73815d4401f026	402b4004b987169e1cc5b9b0356061794218ef45ee473839b80b72a91cf1f9ed	YES
1f175ddc6574ee256dbca13599f60dad9b8738e173316b2d2f50936ecf487149	CIC_W	2748	b9b9aacc-4d24-4e6e-9f80-2a9b6e3f5875	EXACT_EQUIVALENT	APPROVED	MANUAL_REVIEW	OWNER_APPROVED_CONCEPT_MEMBERSHIP	RISK-MAP-MATERIALIZE-001	RISK-MAP-APPROVE-001	036d293c6e2fa506922c53ffcfdd44476ec903fdc639e2c12b73815d4401f026	402b4004b987169e1cc5b9b0356061794218ef45ee473839b80b72a91cf1f9ed	YES
8168aff2717d80890c54641f06519b2291990ebc89f5a80ae144d8ec1030e05e	CIC_W	278	69c4e40d-02de-47fc-abd8-480f392c6761	EXACT_EQUIVALENT	APPROVED	MANUAL_REVIEW	OWNER_APPROVED_CONCEPT_MEMBERSHIP	RISK-MAP-MATERIALIZE-001	RISK-MAP-APPROVE-001	036d293c6e2fa506922c53ffcfdd44476ec903fdc639e2c12b73815d4401f026	402b4004b987169e1cc5b9b0356061794218ef45ee473839b80b72a91cf1f9ed	YES
883be23b772b9ed50344ff97eb03eb1021cfc8c56bf062699643f12d8ac113f2	CIC_W	2781	4c3bef34-deec-4c80-a0a6-058e1e56d097	EXACT_EQUIVALENT	APPROVED	MANUAL_REVIEW	OWNER_APPROVED_CONCEPT_MEMBERSHIP	RISK-MAP-MATERIALIZE-001	RISK-MAP-APPROVE-001	036d293c6e2fa506922c53ffcfdd44476ec903fdc639e2c12b73815d4401f026	402b4004b987169e1cc5b9b0356061794218ef45ee473839b80b72a91cf1f9ed	YES
4334bb6804fec87096dfc6a587b2034d84fdcbb9e70501c5824073bbc10a4add	CIC_W	2785	a33abdd9-3d7d-415e-ae9d-cacc4e40a242	EXACT_EQUIVALENT	APPROVED	MANUAL_REVIEW	OWNER_APPROVED_CONCEPT_MEMBERSHIP	RISK-MAP-MATERIALIZE-001	RISK-MAP-APPROVE-001	036d293c6e2fa506922c53ffcfdd44476ec903fdc639e2c12b73815d4401f026	402b4004b987169e1cc5b9b0356061794218ef45ee473839b80b72a91cf1f9ed	YES
6f68af4edd1655d50743bd7d438a3b0eefc84938998c6130e8e65a68b3f0ca82	CIC_W	279	5e40c440-5101-43b8-92ee-1cf62da231df	EXACT_EQUIVALENT	APPROVED	MANUAL_REVIEW	OWNER_APPROVED_CONCEPT_MEMBERSHIP	RISK-MAP-MATERIALIZE-001	RISK-MAP-APPROVE-001	036d293c6e2fa506922c53ffcfdd44476ec903fdc639e2c12b73815d4401f026	402b4004b987169e1cc5b9b0356061794218ef45ee473839b80b72a91cf1f9ed	YES
93fcfae68a3294e7708cf163d07f79b72bdf00a2b0bbd5c0557cccb1f1c65e8d	CIC_W	31	e8c65574-5c31-4438-a942-c83aa6091b76	EXACT_EQUIVALENT	APPROVED	MANUAL_REVIEW	OWNER_APPROVED_CONCEPT_MEMBERSHIP	RISK-MAP-MATERIALIZE-001	RISK-MAP-APPROVE-001	036d293c6e2fa506922c53ffcfdd44476ec903fdc639e2c12b73815d4401f026	402b4004b987169e1cc5b9b0356061794218ef45ee473839b80b72a91cf1f9ed	YES
24ff43ad5b31a322c667a38d88dd8d77dfc5dcc9e622f5b435bba1a63e42a01d	CIC_W	311	3b8c0252-1275-4fa7-b549-5954d2a2d5c6	EXACT_EQUIVALENT	APPROVED	MANUAL_REVIEW	OWNER_APPROVED_CONCEPT_MEMBERSHIP	RISK-MAP-MATERIALIZE-001	RISK-MAP-APPROVE-001	036d293c6e2fa506922c53ffcfdd44476ec903fdc639e2c12b73815d4401f026	402b4004b987169e1cc5b9b0356061794218ef45ee473839b80b72a91cf1f9ed	YES
ef5513cb0c241da63ec222332ae84b2c45eb24b10c01997e175d80bf0513c9f7	CIC_W	3111	87a25a7a-da52-4f6c-9fab-04138fe9c179	EXACT_EQUIVALENT	APPROVED	MANUAL_REVIEW	OWNER_APPROVED_CONCEPT_MEMBERSHIP	RISK-MAP-MATERIALIZE-001	RISK-MAP-APPROVE-001	036d293c6e2fa506922c53ffcfdd44476ec903fdc639e2c12b73815d4401f026	402b4004b987169e1cc5b9b0356061794218ef45ee473839b80b72a91cf1f9ed	YES
e0e1a5029a1ebf7166e9fbde9e5b31bf394ca66165120ccd6c4e2e89eeb6131d	CIC_W	3112	17dfcfa8-a947-4f51-8e10-128124b7c90f	EXACT_EQUIVALENT	APPROVED	MANUAL_REVIEW	OWNER_APPROVED_CONCEPT_MEMBERSHIP	RISK-MAP-MATERIALIZE-001	RISK-MAP-APPROVE-001	036d293c6e2fa506922c53ffcfdd44476ec903fdc639e2c12b73815d4401f026	402b4004b987169e1cc5b9b0356061794218ef45ee473839b80b72a91cf1f9ed	YES
c06e9a0d19769ec686dd3e2a3077622892ada3a1219d8f279d4315e0d18b3579	CIC_W	3113	e8876997-79a4-4923-bb22-3bc21c0205df	EXACT_EQUIVALENT	APPROVED	MANUAL_REVIEW	OWNER_APPROVED_CONCEPT_MEMBERSHIP	RISK-MAP-MATERIALIZE-001	RISK-MAP-APPROVE-001	036d293c6e2fa506922c53ffcfdd44476ec903fdc639e2c12b73815d4401f026	402b4004b987169e1cc5b9b0356061794218ef45ee473839b80b72a91cf1f9ed	YES
31bab034f3e5d83b606355c51228f243da2f448fff2fcca3e375416d7e6e3f19	CIC_W	314	135be024-0406-4ca9-8e07-5803429117f5	EXACT_EQUIVALENT	APPROVED	MANUAL_REVIEW	OWNER_APPROVED_CONCEPT_MEMBERSHIP	RISK-MAP-MATERIALIZE-001	RISK-MAP-APPROVE-001	036d293c6e2fa506922c53ffcfdd44476ec903fdc639e2c12b73815d4401f026	402b4004b987169e1cc5b9b0356061794218ef45ee473839b80b72a91cf1f9ed	YES
78103b6f9d000943e4e8167e2e59ca35342d47e7f0af1a7a093db80e06e95047	CIC_W	3141	b50f788d-7cf4-4765-a64d-4b7e81710366	EXACT_EQUIVALENT	APPROVED	MANUAL_REVIEW	OWNER_APPROVED_CONCEPT_MEMBERSHIP	RISK-MAP-MATERIALIZE-001	RISK-MAP-APPROVE-001	036d293c6e2fa506922c53ffcfdd44476ec903fdc639e2c12b73815d4401f026	402b4004b987169e1cc5b9b0356061794218ef45ee473839b80b72a91cf1f9ed	YES
5522734dde092e19bc8ebda12b3f7d15ff0e44d817cce93fd4219ba6900972e7	CIC_W	3142	5639c61f-0dff-4f8e-b611-3efc2ae3c1ff	EXACT_EQUIVALENT	APPROVED	MANUAL_REVIEW	OWNER_APPROVED_CONCEPT_MEMBERSHIP	RISK-MAP-MATERIALIZE-001	RISK-MAP-APPROVE-001	036d293c6e2fa506922c53ffcfdd44476ec903fdc639e2c12b73815d4401f026	402b4004b987169e1cc5b9b0356061794218ef45ee473839b80b72a91cf1f9ed	YES
de4684774da3b8bc0f3168de48b907ecf0d25172fab06335121579cdff7ff012	CIC_W	3143	6027181b-16a9-45f7-b8c6-e9a64fe2d31b	EXACT_EQUIVALENT	APPROVED	MANUAL_REVIEW	OWNER_APPROVED_CONCEPT_MEMBERSHIP	RISK-MAP-MATERIALIZE-001	RISK-MAP-APPROVE-001	036d293c6e2fa506922c53ffcfdd44476ec903fdc639e2c12b73815d4401f026	402b4004b987169e1cc5b9b0356061794218ef45ee473839b80b72a91cf1f9ed	YES
534ad99a5624eb5911e859c8e2815e25f3989677399f495eee09b7714b3a7665	CIC_W	3144	10d43434-67f7-4d58-9102-fa0e1daf2813	EXACT_EQUIVALENT	APPROVED	MANUAL_REVIEW	OWNER_APPROVED_CONCEPT_MEMBERSHIP	RISK-MAP-MATERIALIZE-001	RISK-MAP-APPROVE-001	036d293c6e2fa506922c53ffcfdd44476ec903fdc639e2c12b73815d4401f026	402b4004b987169e1cc5b9b0356061794218ef45ee473839b80b72a91cf1f9ed	YES
b8a6ae1263de0f4b96e6a0e84572138124923bf736f22d95051baebec7f1eba5	CIC_W	3146	f6e725c2-6f4b-4feb-964e-452fc5279ab9	EXACT_EQUIVALENT	APPROVED	MANUAL_REVIEW	OWNER_APPROVED_CONCEPT_MEMBERSHIP	RISK-MAP-MATERIALIZE-001	RISK-MAP-APPROVE-001	036d293c6e2fa506922c53ffcfdd44476ec903fdc639e2c12b73815d4401f026	402b4004b987169e1cc5b9b0356061794218ef45ee473839b80b72a91cf1f9ed	YES
6807690abf4d1b483b405ddaed5e4ce94e33097a1e71b2e4376b478bf2d0b6dc	CIC_W	3149	0e1dd133-7b8a-42c9-8865-54f0bde29268	EXACT_EQUIVALENT	APPROVED	MANUAL_REVIEW	OWNER_APPROVED_CONCEPT_MEMBERSHIP	RISK-MAP-MATERIALIZE-001	RISK-MAP-APPROVE-001	036d293c6e2fa506922c53ffcfdd44476ec903fdc639e2c12b73815d4401f026	402b4004b987169e1cc5b9b0356061794218ef45ee473839b80b72a91cf1f9ed	YES
1c55f95cce1b945a63c5135761fde31709cf1b186d79e8e888cb42e14a3c5bea	CIC_W	3157	97039c1e-22ec-4098-81c7-224d18d8738a	EXACT_EQUIVALENT	APPROVED	MANUAL_REVIEW	OWNER_APPROVED_CONCEPT_MEMBERSHIP	RISK-MAP-MATERIALIZE-001	RISK-MAP-APPROVE-001	036d293c6e2fa506922c53ffcfdd44476ec903fdc639e2c12b73815d4401f026	402b4004b987169e1cc5b9b0356061794218ef45ee473839b80b72a91cf1f9ed	YES
14665dfddf22c2d57fb0d8d44967505451fd4a9a5522c74d6acabd9cc4c41564	CIC_W	316	1e5f7b07-f903-43d9-9d58-ef1bd51290a5	EXACT_EQUIVALENT	APPROVED	MANUAL_REVIEW	OWNER_APPROVED_CONCEPT_MEMBERSHIP	RISK-MAP-MATERIALIZE-001	RISK-MAP-APPROVE-001	036d293c6e2fa506922c53ffcfdd44476ec903fdc639e2c12b73815d4401f026	402b4004b987169e1cc5b9b0356061794218ef45ee473839b80b72a91cf1f9ed	YES
efa182ea8994db09c40befff2e14f6d49b76e9421fa0e6eb2075e81b79511fb5	CIC_W	3161	11a3ba49-a5cc-491c-b523-e8ac483f54dd	EXACT_EQUIVALENT	APPROVED	MANUAL_REVIEW	OWNER_APPROVED_CONCEPT_MEMBERSHIP	RISK-MAP-MATERIALIZE-001	RISK-MAP-APPROVE-001	036d293c6e2fa506922c53ffcfdd44476ec903fdc639e2c12b73815d4401f026	402b4004b987169e1cc5b9b0356061794218ef45ee473839b80b72a91cf1f9ed	YES
12b61134561eb41d07bbc1d2621ee8ae2505ed256ae697fce5db29261de79900	CIC_W	3162	5e1216a0-7201-40a6-9ccc-ee31d9480254	EXACT_EQUIVALENT	APPROVED	MANUAL_REVIEW	OWNER_APPROVED_CONCEPT_MEMBERSHIP	RISK-MAP-MATERIALIZE-001	RISK-MAP-APPROVE-001	036d293c6e2fa506922c53ffcfdd44476ec903fdc639e2c12b73815d4401f026	402b4004b987169e1cc5b9b0356061794218ef45ee473839b80b72a91cf1f9ed	YES
13e1ec3d060ad095f7a9401f7e9016cba39c53e80ad856b56f5b972aee9eb1a5	CIC_W	3163	6fa0e036-8f32-40e2-8c71-2c6b0c8fa03b	EXACT_EQUIVALENT	APPROVED	MANUAL_REVIEW	OWNER_APPROVED_CONCEPT_MEMBERSHIP	RISK-MAP-MATERIALIZE-001	RISK-MAP-APPROVE-001	036d293c6e2fa506922c53ffcfdd44476ec903fdc639e2c12b73815d4401f026	402b4004b987169e1cc5b9b0356061794218ef45ee473839b80b72a91cf1f9ed	YES
3fe53a2c6c3e7ff21075c946a4dab2b1e651019e680f145828ba1aa47c4c5c1f	CIC_W	3164	08bb8f2b-22e8-4887-b214-c9bcde4a42c1	EXACT_EQUIVALENT	APPROVED	MANUAL_REVIEW	OWNER_APPROVED_CONCEPT_MEMBERSHIP	RISK-MAP-MATERIALIZE-001	RISK-MAP-APPROVE-001	036d293c6e2fa506922c53ffcfdd44476ec903fdc639e2c12b73815d4401f026	402b4004b987169e1cc5b9b0356061794218ef45ee473839b80b72a91cf1f9ed	YES
55b08885bf9e40f9e8e936b0440472a467b26af795815aa0d27bfc232ea4685a	CIC_W	317	ac5f0489-f020-4af4-ac02-accc18d43cbf	EXACT_EQUIVALENT	APPROVED	MANUAL_REVIEW	OWNER_APPROVED_CONCEPT_MEMBERSHIP	RISK-MAP-MATERIALIZE-001	RISK-MAP-APPROVE-001	036d293c6e2fa506922c53ffcfdd44476ec903fdc639e2c12b73815d4401f026	402b4004b987169e1cc5b9b0356061794218ef45ee473839b80b72a91cf1f9ed	YES
bafc924c77dfef74d2a64783005ab951fee777e431a56ba0fafb3f652c5e9d1e	CIC_W	3171	7564ea67-d660-4536-82fd-fe2bf079488d	EXACT_EQUIVALENT	APPROVED	MANUAL_REVIEW	OWNER_APPROVED_CONCEPT_MEMBERSHIP	RISK-MAP-MATERIALIZE-001	RISK-MAP-APPROVE-001	036d293c6e2fa506922c53ffcfdd44476ec903fdc639e2c12b73815d4401f026	402b4004b987169e1cc5b9b0356061794218ef45ee473839b80b72a91cf1f9ed	YES
c433f08d25dca8645cab0fc74d15e6385391fcaa14eb59321c0b417d05e8ec2d	CIC_W	3172	5ebc8ce7-3e95-4c2e-a280-d4679250745b	EXACT_EQUIVALENT	APPROVED	MANUAL_REVIEW	OWNER_APPROVED_CONCEPT_MEMBERSHIP	RISK-MAP-MATERIALIZE-001	RISK-MAP-APPROVE-001	036d293c6e2fa506922c53ffcfdd44476ec903fdc639e2c12b73815d4401f026	402b4004b987169e1cc5b9b0356061794218ef45ee473839b80b72a91cf1f9ed	YES
3a22020d5ca94784b32d85de4dcbd93690d58f342f59724457e30166e9448a69	CIC_W	3173	9a21c07a-d808-41c4-88ba-efbd5c158ffb	EXACT_EQUIVALENT	APPROVED	MANUAL_REVIEW	OWNER_APPROVED_CONCEPT_MEMBERSHIP	RISK-MAP-MATERIALIZE-001	RISK-MAP-APPROVE-001	036d293c6e2fa506922c53ffcfdd44476ec903fdc639e2c12b73815d4401f026	402b4004b987169e1cc5b9b0356061794218ef45ee473839b80b72a91cf1f9ed	YES
596c02d8ca1171eb3d20abeb35a8c937918de3b55f85f07e0694f05a75a1c1b1	CIC_W	3174	ebce6550-fbdd-401c-abed-13ba0afdc20c	EXACT_EQUIVALENT	APPROVED	MANUAL_REVIEW	OWNER_APPROVED_CONCEPT_MEMBERSHIP	RISK-MAP-MATERIALIZE-001	RISK-MAP-APPROVE-001	036d293c6e2fa506922c53ffcfdd44476ec903fdc639e2c12b73815d4401f026	402b4004b987169e1cc5b9b0356061794218ef45ee473839b80b72a91cf1f9ed	YES
0cf49bf4530dfaca4463d154a788825492d18b1875e8e3bd94574cc0af32b43c	CIC_W	3175	0ac7a953-50d6-4059-9bc9-58ecc65c33a1	EXACT_EQUIVALENT	APPROVED	MANUAL_REVIEW	OWNER_APPROVED_CONCEPT_MEMBERSHIP	RISK-MAP-MATERIALIZE-001	RISK-MAP-APPROVE-001	036d293c6e2fa506922c53ffcfdd44476ec903fdc639e2c12b73815d4401f026	402b4004b987169e1cc5b9b0356061794218ef45ee473839b80b72a91cf1f9ed	YES
687d5165e583e5e812a84c508bb613de740870d07b75ad26634cdab4323f06d5	CIC_W	32	1f700e5b-1bbf-45ba-bfe4-ccbcbfc736ae	EXACT_EQUIVALENT	APPROVED	MANUAL_REVIEW	OWNER_APPROVED_CONCEPT_MEMBERSHIP	RISK-MAP-MATERIALIZE-001	RISK-MAP-APPROVE-001	036d293c6e2fa506922c53ffcfdd44476ec903fdc639e2c12b73815d4401f026	402b4004b987169e1cc5b9b0356061794218ef45ee473839b80b72a91cf1f9ed	YES
f111638d111b2e83fbd10185245af47848bd717cf73f263cfc1ff1e3dad913b7	CIC_W	321	d5f68bcc-16ad-4375-84cc-eeb551c11063	EXACT_EQUIVALENT	APPROVED	MANUAL_REVIEW	OWNER_APPROVED_CONCEPT_MEMBERSHIP	RISK-MAP-MATERIALIZE-001	RISK-MAP-APPROVE-001	036d293c6e2fa506922c53ffcfdd44476ec903fdc639e2c12b73815d4401f026	402b4004b987169e1cc5b9b0356061794218ef45ee473839b80b72a91cf1f9ed	YES
87ed597fdcee9230da5223740d65b1d19d82a97e96b64524b437b6eee8f549b6	CIC_W	3216	e71b52b3-cf9f-429f-9a81-fd232e59ea3a	EXACT_EQUIVALENT	APPROVED	MANUAL_REVIEW	OWNER_APPROVED_CONCEPT_MEMBERSHIP	RISK-MAP-MATERIALIZE-001	RISK-MAP-APPROVE-001	036d293c6e2fa506922c53ffcfdd44476ec903fdc639e2c12b73815d4401f026	402b4004b987169e1cc5b9b0356061794218ef45ee473839b80b72a91cf1f9ed	YES
c677216d70794ec86b49ea35b79cdf46047da8acb284c5e3d1c0e1e585eb89b3	CIC_W	3217	7e37f948-a953-4a14-b929-5be72c9cb08a	EXACT_EQUIVALENT	APPROVED	MANUAL_REVIEW	OWNER_APPROVED_CONCEPT_MEMBERSHIP	RISK-MAP-MATERIALIZE-001	RISK-MAP-APPROVE-001	036d293c6e2fa506922c53ffcfdd44476ec903fdc639e2c12b73815d4401f026	402b4004b987169e1cc5b9b0356061794218ef45ee473839b80b72a91cf1f9ed	YES
a7a88b9541f4733ac2d1b8cbe4c62734570ace4b72d68b2932079f5a13180f1e	CIC_W	3218	8fd030ab-64a6-4a87-83fb-d0ea32b7876d	EXACT_EQUIVALENT	APPROVED	MANUAL_REVIEW	OWNER_APPROVED_CONCEPT_MEMBERSHIP	RISK-MAP-MATERIALIZE-001	RISK-MAP-APPROVE-001	036d293c6e2fa506922c53ffcfdd44476ec903fdc639e2c12b73815d4401f026	402b4004b987169e1cc5b9b0356061794218ef45ee473839b80b72a91cf1f9ed	YES
91f2dbb582356c020ec25bf040e656c579cbbd79da20e59d310e65586fe3119d	CIC_W	322	98f10965-c760-4cf3-b3a2-ccdfdfb15ec3	EXACT_EQUIVALENT	APPROVED	MANUAL_REVIEW	OWNER_APPROVED_CONCEPT_MEMBERSHIP	RISK-MAP-MATERIALIZE-001	RISK-MAP-APPROVE-001	036d293c6e2fa506922c53ffcfdd44476ec903fdc639e2c12b73815d4401f026	402b4004b987169e1cc5b9b0356061794218ef45ee473839b80b72a91cf1f9ed	YES
fc541cf1b96d91766c466e2880236d1ab09dace962fc0fa433a219df284af4ae	CIC_W	3221	47150778-72d7-4a31-9e8c-540befa4be3c	EXACT_EQUIVALENT	APPROVED	MANUAL_REVIEW	OWNER_APPROVED_CONCEPT_MEMBERSHIP	RISK-MAP-MATERIALIZE-001	RISK-MAP-APPROVE-001	036d293c6e2fa506922c53ffcfdd44476ec903fdc639e2c12b73815d4401f026	402b4004b987169e1cc5b9b0356061794218ef45ee473839b80b72a91cf1f9ed	YES
e330bd7e5346e5484207582adae2fd3f0c9a60e147554ab731865949d6f8292d	CIC_W	323	7781f1c8-c06d-4cbf-9fa0-389a6b427172	EXACT_EQUIVALENT	APPROVED	MANUAL_REVIEW	OWNER_APPROVED_CONCEPT_MEMBERSHIP	RISK-MAP-MATERIALIZE-001	RISK-MAP-APPROVE-001	036d293c6e2fa506922c53ffcfdd44476ec903fdc639e2c12b73815d4401f026	402b4004b987169e1cc5b9b0356061794218ef45ee473839b80b72a91cf1f9ed	YES
7c97256b4315669ee112c42625ea2b8dc766b3d7c33ed9a386c052c85d9727fe	CIC_W	3231	e8e78f3f-26f5-452f-9019-2ca52bfaeb78	EXACT_EQUIVALENT	APPROVED	MANUAL_REVIEW	OWNER_APPROVED_CONCEPT_MEMBERSHIP	RISK-MAP-MATERIALIZE-001	RISK-MAP-APPROVE-001	036d293c6e2fa506922c53ffcfdd44476ec903fdc639e2c12b73815d4401f026	402b4004b987169e1cc5b9b0356061794218ef45ee473839b80b72a91cf1f9ed	YES
90a0bde9425ff1512dc7cb2cc5dd70820b0a6404810fbbdcaacd887570ea084c	CIC_W	3232	998d9bde-4b29-49d4-adb2-ef1d5f6250aa	EXACT_EQUIVALENT	APPROVED	MANUAL_REVIEW	OWNER_APPROVED_CONCEPT_MEMBERSHIP	RISK-MAP-MATERIALIZE-001	RISK-MAP-APPROVE-001	036d293c6e2fa506922c53ffcfdd44476ec903fdc639e2c12b73815d4401f026	402b4004b987169e1cc5b9b0356061794218ef45ee473839b80b72a91cf1f9ed	YES
857a425c9faf6f152a4d54eb94d5e56cfd86888d45c590b9f34c3b350f96e365	CIC_W	3233	8447fda7-662f-4ca5-931d-2263214035b1	EXACT_EQUIVALENT	APPROVED	MANUAL_REVIEW	OWNER_APPROVED_CONCEPT_MEMBERSHIP	RISK-MAP-MATERIALIZE-001	RISK-MAP-APPROVE-001	036d293c6e2fa506922c53ffcfdd44476ec903fdc639e2c12b73815d4401f026	402b4004b987169e1cc5b9b0356061794218ef45ee473839b80b72a91cf1f9ed	YES
ef362ccd150e73c6add387ec4027961beb1806d708b2351e1e0c94d261764a6d	CIC_W	3234	9fe35d80-bb1d-4b89-8184-1285cb7a7704	EXACT_EQUIVALENT	APPROVED	MANUAL_REVIEW	OWNER_APPROVED_CONCEPT_MEMBERSHIP	RISK-MAP-MATERIALIZE-001	RISK-MAP-APPROVE-001	036d293c6e2fa506922c53ffcfdd44476ec903fdc639e2c12b73815d4401f026	402b4004b987169e1cc5b9b0356061794218ef45ee473839b80b72a91cf1f9ed	YES
fa4b3ec9722e3a65989a96e4cff38284aaee9f82b53d3be6a66aaa3a6504c1f7	CIC_W	3235	037169d8-556e-4ca1-83e3-27c0a8c5a1d8	EXACT_EQUIVALENT	APPROVED	MANUAL_REVIEW	OWNER_APPROVED_CONCEPT_MEMBERSHIP	RISK-MAP-MATERIALIZE-001	RISK-MAP-APPROVE-001	036d293c6e2fa506922c53ffcfdd44476ec903fdc639e2c12b73815d4401f026	402b4004b987169e1cc5b9b0356061794218ef45ee473839b80b72a91cf1f9ed	YES
7ef4acea602b2a4b0c3c2112951211663070c232756d85ae94f7dce43324e26e	CIC_W	324	daeb4790-2e71-410d-81af-1486101462b7	EXACT_EQUIVALENT	APPROVED	MANUAL_REVIEW	OWNER_APPROVED_CONCEPT_MEMBERSHIP	RISK-MAP-MATERIALIZE-001	RISK-MAP-APPROVE-001	036d293c6e2fa506922c53ffcfdd44476ec903fdc639e2c12b73815d4401f026	402b4004b987169e1cc5b9b0356061794218ef45ee473839b80b72a91cf1f9ed	YES
7af4de74b0ba2df35d05eda0e039ce6626f32624fbd8b8406e37b94febf7f2d6	CIC_W	326	9e4a3ce7-2871-4c97-b27d-345f182df467	EXACT_EQUIVALENT	APPROVED	MANUAL_REVIEW	OWNER_APPROVED_CONCEPT_MEMBERSHIP	RISK-MAP-MATERIALIZE-001	RISK-MAP-APPROVE-001	036d293c6e2fa506922c53ffcfdd44476ec903fdc639e2c12b73815d4401f026	402b4004b987169e1cc5b9b0356061794218ef45ee473839b80b72a91cf1f9ed	YES
e5588f0bf8baa5feb5eecf67d8cef0fc4d5c879c1f07584131bae96ea0550993	CIC_W	327	85e995e9-01ea-4ce1-a30d-e9c6856dfb8e	EXACT_EQUIVALENT	APPROVED	MANUAL_REVIEW	OWNER_APPROVED_CONCEPT_MEMBERSHIP	RISK-MAP-MATERIALIZE-001	RISK-MAP-APPROVE-001	036d293c6e2fa506922c53ffcfdd44476ec903fdc639e2c12b73815d4401f026	402b4004b987169e1cc5b9b0356061794218ef45ee473839b80b72a91cf1f9ed	YES
119d981b0bfcfd9855d12d2fca549ccbb8970bb909134478ec5dccfd2b04af55	CIC_W	328	277e2963-cbe3-4e70-a6cb-6383c37b6767	EXACT_EQUIVALENT	APPROVED	MANUAL_REVIEW	OWNER_APPROVED_CONCEPT_MEMBERSHIP	RISK-MAP-MATERIALIZE-001	RISK-MAP-APPROVE-001	036d293c6e2fa506922c53ffcfdd44476ec903fdc639e2c12b73815d4401f026	402b4004b987169e1cc5b9b0356061794218ef45ee473839b80b72a91cf1f9ed	YES
54cb6ea30479ad3be729a4bc8e1c6e830a4f10ba5656a1c5471384e1233346db	CIC_W	3281	fd492606-af00-4df5-9581-a9a1fed1757a	EXACT_EQUIVALENT	APPROVED	MANUAL_REVIEW	OWNER_APPROVED_CONCEPT_MEMBERSHIP	RISK-MAP-MATERIALIZE-001	RISK-MAP-APPROVE-001	036d293c6e2fa506922c53ffcfdd44476ec903fdc639e2c12b73815d4401f026	402b4004b987169e1cc5b9b0356061794218ef45ee473839b80b72a91cf1f9ed	YES
a4f8f0aedd9942dd0cd1f87bff83ac083771693b01690c7a93cdd0810b4f71d7	CIC_W	3282	6478e021-a1d6-4c1f-b5b3-ef9c7a173531	EXACT_EQUIVALENT	APPROVED	MANUAL_REVIEW	OWNER_APPROVED_CONCEPT_MEMBERSHIP	RISK-MAP-MATERIALIZE-001	RISK-MAP-APPROVE-001	036d293c6e2fa506922c53ffcfdd44476ec903fdc639e2c12b73815d4401f026	402b4004b987169e1cc5b9b0356061794218ef45ee473839b80b72a91cf1f9ed	YES
b91e5dc09d7d908622561738303739c12bb215fa61252ddeacd9e1984fd90f42	CIC_W	3283	5bddd7b2-92c3-4d7c-acc6-3f0d2fcb5e6b	EXACT_EQUIVALENT	APPROVED	MANUAL_REVIEW	OWNER_APPROVED_CONCEPT_MEMBERSHIP	RISK-MAP-MATERIALIZE-001	RISK-MAP-APPROVE-001	036d293c6e2fa506922c53ffcfdd44476ec903fdc639e2c12b73815d4401f026	402b4004b987169e1cc5b9b0356061794218ef45ee473839b80b72a91cf1f9ed	YES
fec8e66db4f5a8af9f2483872313477bef0f65f66bdaa8354f09da90295c5f7f	CIC_W	3284	5227a116-af13-419c-a618-89d084694406	EXACT_EQUIVALENT	APPROVED	MANUAL_REVIEW	OWNER_APPROVED_CONCEPT_MEMBERSHIP	RISK-MAP-MATERIALIZE-001	RISK-MAP-APPROVE-001	036d293c6e2fa506922c53ffcfdd44476ec903fdc639e2c12b73815d4401f026	402b4004b987169e1cc5b9b0356061794218ef45ee473839b80b72a91cf1f9ed	YES
58d9576ac80fab5e41d5cb37a70fca275df18b855f0b918bcc58b30e3df96d7b	CIC_W	33	1d0b5964-b7de-4b95-9e79-0d1d7443e701	EXACT_EQUIVALENT	APPROVED	MANUAL_REVIEW	OWNER_APPROVED_CONCEPT_MEMBERSHIP	RISK-MAP-MATERIALIZE-001	RISK-MAP-APPROVE-001	036d293c6e2fa506922c53ffcfdd44476ec903fdc639e2c12b73815d4401f026	402b4004b987169e1cc5b9b0356061794218ef45ee473839b80b72a91cf1f9ed	YES
f649834d8b127eab05ea4d744c764bfb45a7df3c37acb5d8bf5a75fba52ef048	CIC_W	332	f17b6a9e-331e-42d3-85cb-f8bba038414c	EXACT_EQUIVALENT	APPROVED	MANUAL_REVIEW	OWNER_APPROVED_CONCEPT_MEMBERSHIP	RISK-MAP-MATERIALIZE-001	RISK-MAP-APPROVE-001	036d293c6e2fa506922c53ffcfdd44476ec903fdc639e2c12b73815d4401f026	402b4004b987169e1cc5b9b0356061794218ef45ee473839b80b72a91cf1f9ed	YES
ccdc32e0fcb2f17c7c18b6c8895ece2adc435bd9a70e6ea2c53a3c6c2747ee8c	CIC_W	3321	e44cae29-ba9f-429b-af29-46a61ae90852	EXACT_EQUIVALENT	APPROVED	MANUAL_REVIEW	OWNER_APPROVED_CONCEPT_MEMBERSHIP	RISK-MAP-MATERIALIZE-001	RISK-MAP-APPROVE-001	036d293c6e2fa506922c53ffcfdd44476ec903fdc639e2c12b73815d4401f026	402b4004b987169e1cc5b9b0356061794218ef45ee473839b80b72a91cf1f9ed	YES
172e416ee75f8feef2a78494d32908cf17386e6b0f362c0a2028f17ba73d81c5	CIC_W	3322	ecee51d1-bdac-4a87-8368-5d069b6b4f02	EXACT_EQUIVALENT	APPROVED	MANUAL_REVIEW	OWNER_APPROVED_CONCEPT_MEMBERSHIP	RISK-MAP-MATERIALIZE-001	RISK-MAP-APPROVE-001	036d293c6e2fa506922c53ffcfdd44476ec903fdc639e2c12b73815d4401f026	402b4004b987169e1cc5b9b0356061794218ef45ee473839b80b72a91cf1f9ed	YES
c95e2973019ff2da802e437894fcc0f26fdddf386df6d42cdcad93f29c2cbbbe	CIC_W	3323	e60090a6-8197-4214-9573-f107a4236c95	EXACT_EQUIVALENT	APPROVED	MANUAL_REVIEW	OWNER_APPROVED_CONCEPT_MEMBERSHIP	RISK-MAP-MATERIALIZE-001	RISK-MAP-APPROVE-001	036d293c6e2fa506922c53ffcfdd44476ec903fdc639e2c12b73815d4401f026	402b4004b987169e1cc5b9b0356061794218ef45ee473839b80b72a91cf1f9ed	YES
2c5301efce84113c1c27cdeecbb6a2f47f7de36a59b5df13c29d29676e1e8364	CIC_W	3324	184d5aae-718b-44c7-9ba8-631a84c316e3	EXACT_EQUIVALENT	APPROVED	MANUAL_REVIEW	OWNER_APPROVED_CONCEPT_MEMBERSHIP	RISK-MAP-MATERIALIZE-001	RISK-MAP-APPROVE-001	036d293c6e2fa506922c53ffcfdd44476ec903fdc639e2c12b73815d4401f026	402b4004b987169e1cc5b9b0356061794218ef45ee473839b80b72a91cf1f9ed	YES
f0019976215d269904ac6c7bc4675a9dd6bd0b8efd8765be4f07cab776639b50	CIC_W	333	6f2f4427-709e-41a5-a43f-2b7cc6d6216b	EXACT_EQUIVALENT	APPROVED	MANUAL_REVIEW	OWNER_APPROVED_CONCEPT_MEMBERSHIP	RISK-MAP-MATERIALIZE-001	RISK-MAP-APPROVE-001	036d293c6e2fa506922c53ffcfdd44476ec903fdc639e2c12b73815d4401f026	402b4004b987169e1cc5b9b0356061794218ef45ee473839b80b72a91cf1f9ed	YES
b090b03e9170cc505331858cd55761af10fe92ad7ba54ea56553e98be5ef262f	CIC_W	3331	5a6c4a42-c593-4659-855d-e3db80f99f78	EXACT_EQUIVALENT	APPROVED	MANUAL_REVIEW	OWNER_APPROVED_CONCEPT_MEMBERSHIP	RISK-MAP-MATERIALIZE-001	RISK-MAP-APPROVE-001	036d293c6e2fa506922c53ffcfdd44476ec903fdc639e2c12b73815d4401f026	402b4004b987169e1cc5b9b0356061794218ef45ee473839b80b72a91cf1f9ed	YES
b85c3983ea477f79d85789550d8077c00bac70958f6be4f62313fb9a47d0dae3	CIC_W	3332	9711360d-0c13-458d-b7a7-a50568dee57a	EXACT_EQUIVALENT	APPROVED	MANUAL_REVIEW	OWNER_APPROVED_CONCEPT_MEMBERSHIP	RISK-MAP-MATERIALIZE-001	RISK-MAP-APPROVE-001	036d293c6e2fa506922c53ffcfdd44476ec903fdc639e2c12b73815d4401f026	402b4004b987169e1cc5b9b0356061794218ef45ee473839b80b72a91cf1f9ed	YES
3c0e1d712fb9c7eace8c00a40c4ea1b18fd484695a6bab6a5fb3c88ef6d5390c	CIC_W	3333	8228d5a8-83c2-437a-92c5-0aa7eea6378c	EXACT_EQUIVALENT	APPROVED	MANUAL_REVIEW	OWNER_APPROVED_CONCEPT_MEMBERSHIP	RISK-MAP-MATERIALIZE-001	RISK-MAP-APPROVE-001	036d293c6e2fa506922c53ffcfdd44476ec903fdc639e2c12b73815d4401f026	402b4004b987169e1cc5b9b0356061794218ef45ee473839b80b72a91cf1f9ed	YES
daea6301197c770249138b837f077e344a2f1790426755a5e17077d72160d5f9	CIC_W	3334	a242b595-4cfe-4cec-b437-4d996752d19d	EXACT_EQUIVALENT	APPROVED	MANUAL_REVIEW	OWNER_APPROVED_CONCEPT_MEMBERSHIP	RISK-MAP-MATERIALIZE-001	RISK-MAP-APPROVE-001	036d293c6e2fa506922c53ffcfdd44476ec903fdc639e2c12b73815d4401f026	402b4004b987169e1cc5b9b0356061794218ef45ee473839b80b72a91cf1f9ed	YES
c8bc7dfe5a7aa6bbdca0e276a42e7793c9bd9efbc74238c91db9ed837e272a23	CIC_W	3335	bf3841d0-71ea-4464-a7d9-d0dcdc3dfa33	EXACT_EQUIVALENT	APPROVED	MANUAL_REVIEW	OWNER_APPROVED_CONCEPT_MEMBERSHIP	RISK-MAP-MATERIALIZE-001	RISK-MAP-APPROVE-001	036d293c6e2fa506922c53ffcfdd44476ec903fdc639e2c12b73815d4401f026	402b4004b987169e1cc5b9b0356061794218ef45ee473839b80b72a91cf1f9ed	YES
c275e12f81bf428b40c9230d8bac16e5b0358d05eddc5eed890bb1163cd65f28	CIC_W	3336	8cb5a832-c41a-4ea7-82fe-dd79c5021ea7	EXACT_EQUIVALENT	APPROVED	MANUAL_REVIEW	OWNER_APPROVED_CONCEPT_MEMBERSHIP	RISK-MAP-MATERIALIZE-001	RISK-MAP-APPROVE-001	036d293c6e2fa506922c53ffcfdd44476ec903fdc639e2c12b73815d4401f026	402b4004b987169e1cc5b9b0356061794218ef45ee473839b80b72a91cf1f9ed	YES
9938a091ae506a48e6ac88197189b6072b4efb4ed56141d7d65dcdf2ec3c438b	CIC_W	3337	c8cf512b-7446-44ff-841b-b27baf300a57	EXACT_EQUIVALENT	APPROVED	MANUAL_REVIEW	OWNER_APPROVED_CONCEPT_MEMBERSHIP	RISK-MAP-MATERIALIZE-001	RISK-MAP-APPROVE-001	036d293c6e2fa506922c53ffcfdd44476ec903fdc639e2c12b73815d4401f026	402b4004b987169e1cc5b9b0356061794218ef45ee473839b80b72a91cf1f9ed	YES
8f5d6a7cbc1e9e2d613bfbb33ed60dbfa0e8f7d63614ea1d933a42a3e66c335b	CIC_W	3338	89cc64a7-aab9-473f-a6a1-b9ce157c51de	EXACT_EQUIVALENT	APPROVED	MANUAL_REVIEW	OWNER_APPROVED_CONCEPT_MEMBERSHIP	RISK-MAP-MATERIALIZE-001	RISK-MAP-APPROVE-001	036d293c6e2fa506922c53ffcfdd44476ec903fdc639e2c12b73815d4401f026	402b4004b987169e1cc5b9b0356061794218ef45ee473839b80b72a91cf1f9ed	YES
029673c7884c734921b7ad56db82fc5b7788c7e01eca638aa43ddec92148ed5d	CIC_W	3339	ed478eea-0d90-41f9-8fe0-9c454a9ce042	EXACT_EQUIVALENT	APPROVED	MANUAL_REVIEW	OWNER_APPROVED_CONCEPT_MEMBERSHIP	RISK-MAP-MATERIALIZE-001	RISK-MAP-APPROVE-001	036d293c6e2fa506922c53ffcfdd44476ec903fdc639e2c12b73815d4401f026	402b4004b987169e1cc5b9b0356061794218ef45ee473839b80b72a91cf1f9ed	YES
370c7d185d6b0f6f6fb0ec30b8d02a389d440974583683989da27ee7fdc2f949	CIC_W	334	eeca97e5-ac34-47f0-b903-da44abe0636f	EXACT_EQUIVALENT	APPROVED	MANUAL_REVIEW	OWNER_APPROVED_CONCEPT_MEMBERSHIP	RISK-MAP-MATERIALIZE-001	RISK-MAP-APPROVE-001	036d293c6e2fa506922c53ffcfdd44476ec903fdc639e2c12b73815d4401f026	402b4004b987169e1cc5b9b0356061794218ef45ee473839b80b72a91cf1f9ed	YES
a19fd9e10922bbccd01e53dc779f3d7cbb882397b0c1b24cb0714c9c2ebf0387	CIC_W	3341	8cc42f80-da0d-4668-824d-871db57dc06a	EXACT_EQUIVALENT	APPROVED	MANUAL_REVIEW	OWNER_APPROVED_CONCEPT_MEMBERSHIP	RISK-MAP-MATERIALIZE-001	RISK-MAP-APPROVE-001	036d293c6e2fa506922c53ffcfdd44476ec903fdc639e2c12b73815d4401f026	402b4004b987169e1cc5b9b0356061794218ef45ee473839b80b72a91cf1f9ed	YES
2696715f115416b989bc0ff0ed4087cf04c7c73fe3502677147bb5dfa22110d3	CIC_W	3342	abc8d3e4-bd04-4864-bbb5-82d54b881950	EXACT_EQUIVALENT	APPROVED	MANUAL_REVIEW	OWNER_APPROVED_CONCEPT_MEMBERSHIP	RISK-MAP-MATERIALIZE-001	RISK-MAP-APPROVE-001	036d293c6e2fa506922c53ffcfdd44476ec903fdc639e2c12b73815d4401f026	402b4004b987169e1cc5b9b0356061794218ef45ee473839b80b72a91cf1f9ed	YES
9ab8be5916b9c8d7ea1fbbf07ba33f7a7ebc746b40e119ffcd60ad6cb0913be3	CIC_W	335	c1680b32-68b5-4fc5-8c80-efd711650709	EXACT_EQUIVALENT	APPROVED	MANUAL_REVIEW	OWNER_APPROVED_CONCEPT_MEMBERSHIP	RISK-MAP-MATERIALIZE-001	RISK-MAP-APPROVE-001	036d293c6e2fa506922c53ffcfdd44476ec903fdc639e2c12b73815d4401f026	402b4004b987169e1cc5b9b0356061794218ef45ee473839b80b72a91cf1f9ed	YES
7e7f7301c4448e587bc1290a418899c154ddccb06ab9ca4bdbcc8c6e1cb099b2	CIC_W	3351	510af8b0-bdd1-4a31-a12f-c2c225fdb2c6	EXACT_EQUIVALENT	APPROVED	MANUAL_REVIEW	OWNER_APPROVED_CONCEPT_MEMBERSHIP	RISK-MAP-MATERIALIZE-001	RISK-MAP-APPROVE-001	036d293c6e2fa506922c53ffcfdd44476ec903fdc639e2c12b73815d4401f026	402b4004b987169e1cc5b9b0356061794218ef45ee473839b80b72a91cf1f9ed	YES
b593bc116deb66739f050c47cf65b744abe62fbabae0a76b271a2f37454c7084	CIC_W	3352	517767c0-f4d7-4d49-830d-77226236abc6	EXACT_EQUIVALENT	APPROVED	MANUAL_REVIEW	OWNER_APPROVED_CONCEPT_MEMBERSHIP	RISK-MAP-MATERIALIZE-001	RISK-MAP-APPROVE-001	036d293c6e2fa506922c53ffcfdd44476ec903fdc639e2c12b73815d4401f026	402b4004b987169e1cc5b9b0356061794218ef45ee473839b80b72a91cf1f9ed	YES
6308753be729b1c59d690f8d426ac91e703c117890a4b1f31181ff93f53b0bc0	CIC_W	337	6dc08165-a122-4030-9079-20084f2fa59c	EXACT_EQUIVALENT	APPROVED	MANUAL_REVIEW	OWNER_APPROVED_CONCEPT_MEMBERSHIP	RISK-MAP-MATERIALIZE-001	RISK-MAP-APPROVE-001	036d293c6e2fa506922c53ffcfdd44476ec903fdc639e2c12b73815d4401f026	402b4004b987169e1cc5b9b0356061794218ef45ee473839b80b72a91cf1f9ed	YES
9e156e1ed5208b80e38d2339a4a3fe32964278eadc33abaae6c7078f2eef5f69	CIC_W	3373	d6e9455e-0b8e-4822-80d3-06872e64654c	EXACT_EQUIVALENT	APPROVED	MANUAL_REVIEW	OWNER_APPROVED_CONCEPT_MEMBERSHIP	RISK-MAP-MATERIALIZE-001	RISK-MAP-APPROVE-001	036d293c6e2fa506922c53ffcfdd44476ec903fdc639e2c12b73815d4401f026	402b4004b987169e1cc5b9b0356061794218ef45ee473839b80b72a91cf1f9ed	YES
8a93b29ab8cf9c4487dab35c8be15d227bff10fb863bb452d6978a09029e0452	CIC_W	338	2e8138ce-e3ca-439b-8e9c-de616f5e6dec	EXACT_EQUIVALENT	APPROVED	MANUAL_REVIEW	OWNER_APPROVED_CONCEPT_MEMBERSHIP	RISK-MAP-MATERIALIZE-001	RISK-MAP-APPROVE-001	036d293c6e2fa506922c53ffcfdd44476ec903fdc639e2c12b73815d4401f026	402b4004b987169e1cc5b9b0356061794218ef45ee473839b80b72a91cf1f9ed	YES
c2e2004b466418b7dbfe60a3bd6a8f18f728028cbbdd37cefbc5a49844a5bea7	CIC_W	3381	a92aaf6c-ef7e-4358-84ec-76fcc1f42d3b	EXACT_EQUIVALENT	APPROVED	MANUAL_REVIEW	OWNER_APPROVED_CONCEPT_MEMBERSHIP	RISK-MAP-MATERIALIZE-001	RISK-MAP-APPROVE-001	036d293c6e2fa506922c53ffcfdd44476ec903fdc639e2c12b73815d4401f026	402b4004b987169e1cc5b9b0356061794218ef45ee473839b80b72a91cf1f9ed	YES
402d47ec1b8a2d4815dea50055daedf01dd09aab3a951be93b04f43e1d970514	CIC_W	3382	3332edb4-fc10-405b-bb65-b5ee9de4dde0	EXACT_EQUIVALENT	APPROVED	MANUAL_REVIEW	OWNER_APPROVED_CONCEPT_MEMBERSHIP	RISK-MAP-MATERIALIZE-001	RISK-MAP-APPROVE-001	036d293c6e2fa506922c53ffcfdd44476ec903fdc639e2c12b73815d4401f026	402b4004b987169e1cc5b9b0356061794218ef45ee473839b80b72a91cf1f9ed	YES
609c05ce9dc83a92863c6eeabe969397a7366125681fd73ec5bd0fc01073974d	CIC_W	3383	3ae990fd-0a05-4448-b74d-827b9c369e9e	EXACT_EQUIVALENT	APPROVED	MANUAL_REVIEW	OWNER_APPROVED_CONCEPT_MEMBERSHIP	RISK-MAP-MATERIALIZE-001	RISK-MAP-APPROVE-001	036d293c6e2fa506922c53ffcfdd44476ec903fdc639e2c12b73815d4401f026	402b4004b987169e1cc5b9b0356061794218ef45ee473839b80b72a91cf1f9ed	YES
2923127a583938ad38bce23acd5b91518db98f343f9965f2195867aa72eae153	CIC_W	3385	bd3d6af4-8b27-4219-a3a6-7a4cc3667d04	EXACT_EQUIVALENT	APPROVED	MANUAL_REVIEW	OWNER_APPROVED_CONCEPT_MEMBERSHIP	RISK-MAP-MATERIALIZE-001	RISK-MAP-APPROVE-001	036d293c6e2fa506922c53ffcfdd44476ec903fdc639e2c12b73815d4401f026	402b4004b987169e1cc5b9b0356061794218ef45ee473839b80b72a91cf1f9ed	YES
bad153666db45a97541dd80865c67170b2a75f6578ec9cf33c580d5ab0f523ae	CIC_W	3386	e561f58e-d92b-43b7-9c0d-a206a49a970a	EXACT_EQUIVALENT	APPROVED	MANUAL_REVIEW	OWNER_APPROVED_CONCEPT_MEMBERSHIP	RISK-MAP-MATERIALIZE-001	RISK-MAP-APPROVE-001	036d293c6e2fa506922c53ffcfdd44476ec903fdc639e2c12b73815d4401f026	402b4004b987169e1cc5b9b0356061794218ef45ee473839b80b72a91cf1f9ed	YES
314c32feae65e06e7725a2c2cbd5c3f2882a1075aab53b66d2889d8effccbbde	CIC_W	3387	27a9183d-0d02-4ce8-a0bb-39371098cfb7	EXACT_EQUIVALENT	APPROVED	MANUAL_REVIEW	OWNER_APPROVED_CONCEPT_MEMBERSHIP	RISK-MAP-MATERIALIZE-001	RISK-MAP-APPROVE-001	036d293c6e2fa506922c53ffcfdd44476ec903fdc639e2c12b73815d4401f026	402b4004b987169e1cc5b9b0356061794218ef45ee473839b80b72a91cf1f9ed	YES
3fd588b84e4ee35ee58a96011431e1cec650838c005be0e2e5733c68b774423d	CIC_W	34	37708031-cc38-4c79-b4b1-30ef03ff1752	EXACT_EQUIVALENT	APPROVED	MANUAL_REVIEW	OWNER_APPROVED_CONCEPT_MEMBERSHIP	RISK-MAP-MATERIALIZE-001	RISK-MAP-APPROVE-001	036d293c6e2fa506922c53ffcfdd44476ec903fdc639e2c12b73815d4401f026	402b4004b987169e1cc5b9b0356061794218ef45ee473839b80b72a91cf1f9ed	YES
2dc4edc4cc8a0c1e89062124dd5a892acc99fa2bf0c8e780abdbdc43b626563b	CIC_W	341	4d300a8c-f714-451b-ac5a-54f3559788c1	EXACT_EQUIVALENT	APPROVED	MANUAL_REVIEW	OWNER_APPROVED_CONCEPT_MEMBERSHIP	RISK-MAP-MATERIALIZE-001	RISK-MAP-APPROVE-001	036d293c6e2fa506922c53ffcfdd44476ec903fdc639e2c12b73815d4401f026	402b4004b987169e1cc5b9b0356061794218ef45ee473839b80b72a91cf1f9ed	YES
21d1c891da91836ec3c3509457888125b6c96034de0025bbb16474044e7fe276	CIC_W	345	d60b9cc3-9016-49cb-848e-cd277dd6eddd	EXACT_EQUIVALENT	APPROVED	MANUAL_REVIEW	OWNER_APPROVED_CONCEPT_MEMBERSHIP	RISK-MAP-MATERIALIZE-001	RISK-MAP-APPROVE-001	036d293c6e2fa506922c53ffcfdd44476ec903fdc639e2c12b73815d4401f026	402b4004b987169e1cc5b9b0356061794218ef45ee473839b80b72a91cf1f9ed	YES
265edda07097c2dbe7f136bed3c72c7863b254b3eb6197cd8681ded1d814cf75	CIC_W	346	363117e3-bba6-4adc-8f4f-e36f8526ea52	EXACT_EQUIVALENT	APPROVED	MANUAL_REVIEW	OWNER_APPROVED_CONCEPT_MEMBERSHIP	RISK-MAP-MATERIALIZE-001	RISK-MAP-APPROVE-001	036d293c6e2fa506922c53ffcfdd44476ec903fdc639e2c12b73815d4401f026	402b4004b987169e1cc5b9b0356061794218ef45ee473839b80b72a91cf1f9ed	YES
07d60f61c870f68645eae465ba8c38c7ff78fd87eab71a3f089aa6528fce262f	CIC_W	3461	1d4875ab-21d4-43de-9e01-761d3b096d61	EXACT_EQUIVALENT	APPROVED	MANUAL_REVIEW	OWNER_APPROVED_CONCEPT_MEMBERSHIP	RISK-MAP-MATERIALIZE-001	RISK-MAP-APPROVE-001	036d293c6e2fa506922c53ffcfdd44476ec903fdc639e2c12b73815d4401f026	402b4004b987169e1cc5b9b0356061794218ef45ee473839b80b72a91cf1f9ed	YES
17896c656e7d33ba1ff9340edc09cdad0e718a381a5b75f711b9f0bfe92a98bd	CIC_W	3462	827a6ae0-f009-4eb5-bb93-0ac0fa874d31	EXACT_EQUIVALENT	APPROVED	MANUAL_REVIEW	OWNER_APPROVED_CONCEPT_MEMBERSHIP	RISK-MAP-MATERIALIZE-001	RISK-MAP-APPROVE-001	036d293c6e2fa506922c53ffcfdd44476ec903fdc639e2c12b73815d4401f026	402b4004b987169e1cc5b9b0356061794218ef45ee473839b80b72a91cf1f9ed	YES
f953cb8e41bb88b310ec33dd7df8dece656f1cd3d1bcc641213bda4dde237bf8	CIC_W	3463	c4926c9e-355f-4786-9e61-f5abdb8e5fa4	EXACT_EQUIVALENT	APPROVED	MANUAL_REVIEW	OWNER_APPROVED_CONCEPT_MEMBERSHIP	RISK-MAP-MATERIALIZE-001	RISK-MAP-APPROVE-001	036d293c6e2fa506922c53ffcfdd44476ec903fdc639e2c12b73815d4401f026	402b4004b987169e1cc5b9b0356061794218ef45ee473839b80b72a91cf1f9ed	YES
4ecaee74e014b132b801e6e706afd99f137eeed1fe36c818757627a2c7fd2e1b	CIC_W	35	afcecca7-c90d-471d-a18b-670fa2563fa5	EXACT_EQUIVALENT	APPROVED	MANUAL_REVIEW	OWNER_APPROVED_CONCEPT_MEMBERSHIP	RISK-MAP-MATERIALIZE-001	RISK-MAP-APPROVE-001	036d293c6e2fa506922c53ffcfdd44476ec903fdc639e2c12b73815d4401f026	402b4004b987169e1cc5b9b0356061794218ef45ee473839b80b72a91cf1f9ed	YES
a5dfa5e0003f6798250d33e20a0b4fb815f2c6437ee777efd575c5dccefa1afe	CIC_W	351	63e696af-4c36-4e45-9442-c6167512ceb9	EXACT_EQUIVALENT	APPROVED	MANUAL_REVIEW	OWNER_APPROVED_CONCEPT_MEMBERSHIP	RISK-MAP-MATERIALIZE-001	RISK-MAP-APPROVE-001	036d293c6e2fa506922c53ffcfdd44476ec903fdc639e2c12b73815d4401f026	402b4004b987169e1cc5b9b0356061794218ef45ee473839b80b72a91cf1f9ed	YES
30b864656450f34a9872d215e5f70e65a5c4e4e601f9d172f15bd9836147ed6a	CIC_W	3511	e7443084-4c99-4aba-9da5-2d572a244d6d	EXACT_EQUIVALENT	APPROVED	MANUAL_REVIEW	OWNER_APPROVED_CONCEPT_MEMBERSHIP	RISK-MAP-MATERIALIZE-001	RISK-MAP-APPROVE-001	036d293c6e2fa506922c53ffcfdd44476ec903fdc639e2c12b73815d4401f026	402b4004b987169e1cc5b9b0356061794218ef45ee473839b80b72a91cf1f9ed	YES
870e31f77ccf37a4b33c359f82d9e42b849a43dee47387cb2361402396db2dc9	CIC_W	3512	473d69ee-4433-487f-bc43-c35c1f2ea28f	EXACT_EQUIVALENT	APPROVED	MANUAL_REVIEW	OWNER_APPROVED_CONCEPT_MEMBERSHIP	RISK-MAP-MATERIALIZE-001	RISK-MAP-APPROVE-001	036d293c6e2fa506922c53ffcfdd44476ec903fdc639e2c12b73815d4401f026	402b4004b987169e1cc5b9b0356061794218ef45ee473839b80b72a91cf1f9ed	YES
fe2936bcf99d91be75f28fc3f73ee73c19c1e949dadfbdc217eea3fe4f374092	CIC_W	3513	fcfc7c0c-c219-4615-9717-850e9613e9a2	EXACT_EQUIVALENT	APPROVED	MANUAL_REVIEW	OWNER_APPROVED_CONCEPT_MEMBERSHIP	RISK-MAP-MATERIALIZE-001	RISK-MAP-APPROVE-001	036d293c6e2fa506922c53ffcfdd44476ec903fdc639e2c12b73815d4401f026	402b4004b987169e1cc5b9b0356061794218ef45ee473839b80b72a91cf1f9ed	YES
651573ec0d01031fffe6453293efc6971f190dca2c4ff681d5aec20d45862656	CIC_W	3514	6ce76658-b9df-443c-8d6e-3997153c09d0	EXACT_EQUIVALENT	APPROVED	MANUAL_REVIEW	OWNER_APPROVED_CONCEPT_MEMBERSHIP	RISK-MAP-MATERIALIZE-001	RISK-MAP-APPROVE-001	036d293c6e2fa506922c53ffcfdd44476ec903fdc639e2c12b73815d4401f026	402b4004b987169e1cc5b9b0356061794218ef45ee473839b80b72a91cf1f9ed	YES
74efa2aa1d17d5398627a6d32c8f00594214495ae02e822bfd7b9279a3f83ca3	CIC_W	3515	fd8486d2-dee5-4871-9706-a7f0cef07a1f	EXACT_EQUIVALENT	APPROVED	MANUAL_REVIEW	OWNER_APPROVED_CONCEPT_MEMBERSHIP	RISK-MAP-MATERIALIZE-001	RISK-MAP-APPROVE-001	036d293c6e2fa506922c53ffcfdd44476ec903fdc639e2c12b73815d4401f026	402b4004b987169e1cc5b9b0356061794218ef45ee473839b80b72a91cf1f9ed	YES
4142e4954a5785eaefb0be22005d0ce63564239e079258718cc14258fe89db2d	CIC_W	352	4b698a01-497b-45c6-ae08-76be05c9d604	EXACT_EQUIVALENT	APPROVED	MANUAL_REVIEW	OWNER_APPROVED_CONCEPT_MEMBERSHIP	RISK-MAP-MATERIALIZE-001	RISK-MAP-APPROVE-001	036d293c6e2fa506922c53ffcfdd44476ec903fdc639e2c12b73815d4401f026	402b4004b987169e1cc5b9b0356061794218ef45ee473839b80b72a91cf1f9ed	YES
79bc4fb0d752eb66201c8bd4c2f69b1d2a5f1ecce88c039d0938f5c04344724a	CIC_W	3521	892b579d-42bf-4c3e-8a71-e37d8ce00e1b	EXACT_EQUIVALENT	APPROVED	MANUAL_REVIEW	OWNER_APPROVED_CONCEPT_MEMBERSHIP	RISK-MAP-MATERIALIZE-001	RISK-MAP-APPROVE-001	036d293c6e2fa506922c53ffcfdd44476ec903fdc639e2c12b73815d4401f026	402b4004b987169e1cc5b9b0356061794218ef45ee473839b80b72a91cf1f9ed	YES
a948347a9289e4b3ff1c24666b15cd3ea937988410e8df8770c74d7ce370d16a	CIC_W	3522	1ce64852-8e8c-4391-b723-9ae8e6578f50	EXACT_EQUIVALENT	APPROVED	MANUAL_REVIEW	OWNER_APPROVED_CONCEPT_MEMBERSHIP	RISK-MAP-MATERIALIZE-001	RISK-MAP-APPROVE-001	036d293c6e2fa506922c53ffcfdd44476ec903fdc639e2c12b73815d4401f026	402b4004b987169e1cc5b9b0356061794218ef45ee473839b80b72a91cf1f9ed	YES
7e68d69eb8cd5b9ff876c6e2b0fe762a738aa44353ac00b594b640ceffed2ceb	CIC_W	353	61b431eb-4edf-4717-a1b6-7877f1f5deb8	EXACT_EQUIVALENT	APPROVED	MANUAL_REVIEW	OWNER_APPROVED_CONCEPT_MEMBERSHIP	RISK-MAP-MATERIALIZE-001	RISK-MAP-APPROVE-001	036d293c6e2fa506922c53ffcfdd44476ec903fdc639e2c12b73815d4401f026	402b4004b987169e1cc5b9b0356061794218ef45ee473839b80b72a91cf1f9ed	YES
a0869b533325e3071393a000e9d2307b29499a9a74e6d65dd7ff62a64e74a9d6	CIC_W	3532	3136b8cf-6e0d-4910-bd62-ac40c5c61fcc	EXACT_EQUIVALENT	APPROVED	MANUAL_REVIEW	OWNER_APPROVED_CONCEPT_MEMBERSHIP	RISK-MAP-MATERIALIZE-001	RISK-MAP-APPROVE-001	036d293c6e2fa506922c53ffcfdd44476ec903fdc639e2c12b73815d4401f026	402b4004b987169e1cc5b9b0356061794218ef45ee473839b80b72a91cf1f9ed	YES
e8a23e1b98ac2c18c435b87b97ce04e602a6891d663cc742ac482da54acb076d	CIC_W	3533	45a1a7a2-d876-4dd6-846d-f2cf8f42c840	EXACT_EQUIVALENT	APPROVED	MANUAL_REVIEW	OWNER_APPROVED_CONCEPT_MEMBERSHIP	RISK-MAP-MATERIALIZE-001	RISK-MAP-APPROVE-001	036d293c6e2fa506922c53ffcfdd44476ec903fdc639e2c12b73815d4401f026	402b4004b987169e1cc5b9b0356061794218ef45ee473839b80b72a91cf1f9ed	YES
4a6ef24dc296712623af6c138c2efa84786a50aa28bb4137a47b590ee8af23f1	CIC_W	3534	af2b0139-71a3-4f32-b148-77b225a35bf1	EXACT_EQUIVALENT	APPROVED	MANUAL_REVIEW	OWNER_APPROVED_CONCEPT_MEMBERSHIP	RISK-MAP-MATERIALIZE-001	RISK-MAP-APPROVE-001	036d293c6e2fa506922c53ffcfdd44476ec903fdc639e2c12b73815d4401f026	402b4004b987169e1cc5b9b0356061794218ef45ee473839b80b72a91cf1f9ed	YES
89868e6a918b7bf648c8bcbb2b40a19a2fd93389385023f239b87dc1de27137d	CIC_W	3535	11af2f9f-366e-4fc3-8abb-87453ba4ece1	EXACT_EQUIVALENT	APPROVED	MANUAL_REVIEW	OWNER_APPROVED_CONCEPT_MEMBERSHIP	RISK-MAP-MATERIALIZE-001	RISK-MAP-APPROVE-001	036d293c6e2fa506922c53ffcfdd44476ec903fdc639e2c12b73815d4401f026	402b4004b987169e1cc5b9b0356061794218ef45ee473839b80b72a91cf1f9ed	YES
e2fa6ba3e3b7a0c55ca82b3317ea3bacdef6236f0d98741d5165647932eddfe4	CIC_W	3538	57f0e677-87f0-4692-b74e-613045f5d2e2	EXACT_EQUIVALENT	APPROVED	MANUAL_REVIEW	OWNER_APPROVED_CONCEPT_MEMBERSHIP	RISK-MAP-MATERIALIZE-001	RISK-MAP-APPROVE-001	036d293c6e2fa506922c53ffcfdd44476ec903fdc639e2c12b73815d4401f026	402b4004b987169e1cc5b9b0356061794218ef45ee473839b80b72a91cf1f9ed	YES
a1de16286ff335c8d2781a85efc14e62c16b1071cdbe6ff9d71ea3f1ea0be1e7	CIC_W	354	0ee3ee3a-4734-4f1a-af67-73c160e875c0	EXACT_EQUIVALENT	APPROVED	MANUAL_REVIEW	OWNER_APPROVED_CONCEPT_MEMBERSHIP	RISK-MAP-MATERIALIZE-001	RISK-MAP-APPROVE-001	036d293c6e2fa506922c53ffcfdd44476ec903fdc639e2c12b73815d4401f026	402b4004b987169e1cc5b9b0356061794218ef45ee473839b80b72a91cf1f9ed	YES
3adedded888f088f67d13168a93784ffa36028309b3c4b0fe16d8805bb8228b5	CIC_W	3541	30fe37a0-0bd8-4c44-bd9b-76b3625115f5	EXACT_EQUIVALENT	APPROVED	MANUAL_REVIEW	OWNER_APPROVED_CONCEPT_MEMBERSHIP	RISK-MAP-MATERIALIZE-001	RISK-MAP-APPROVE-001	036d293c6e2fa506922c53ffcfdd44476ec903fdc639e2c12b73815d4401f026	402b4004b987169e1cc5b9b0356061794218ef45ee473839b80b72a91cf1f9ed	YES
589bfe2509b0c00d8d29db2d77a6d9612c066baaf475b24a03a9623b32b66177	CIC_W	355	264fb97e-7619-4e40-a204-9d71c448be12	EXACT_EQUIVALENT	APPROVED	MANUAL_REVIEW	OWNER_APPROVED_CONCEPT_MEMBERSHIP	RISK-MAP-MATERIALIZE-001	RISK-MAP-APPROVE-001	036d293c6e2fa506922c53ffcfdd44476ec903fdc639e2c12b73815d4401f026	402b4004b987169e1cc5b9b0356061794218ef45ee473839b80b72a91cf1f9ed	YES
60377c41abe90547ec40201927836e7886f393606bf10544a7c22363d2dd9546	CIC_W	3552	71dd261b-9050-4fb4-9136-daffc313cb0d	EXACT_EQUIVALENT	APPROVED	MANUAL_REVIEW	OWNER_APPROVED_CONCEPT_MEMBERSHIP	RISK-MAP-MATERIALIZE-001	RISK-MAP-APPROVE-001	036d293c6e2fa506922c53ffcfdd44476ec903fdc639e2c12b73815d4401f026	402b4004b987169e1cc5b9b0356061794218ef45ee473839b80b72a91cf1f9ed	YES
4c7283a8bc8dc56cace08e577f4c2ff78bb3198d1e35aff08dcfe67a9df1b3af	CIC_W	3553	24cc8554-10db-4328-81d8-23b34841aa38	EXACT_EQUIVALENT	APPROVED	MANUAL_REVIEW	OWNER_APPROVED_CONCEPT_MEMBERSHIP	RISK-MAP-MATERIALIZE-001	RISK-MAP-APPROVE-001	036d293c6e2fa506922c53ffcfdd44476ec903fdc639e2c12b73815d4401f026	402b4004b987169e1cc5b9b0356061794218ef45ee473839b80b72a91cf1f9ed	YES
137713b3975fbb7c4d6ec48482fd3805a650cdbd00abd23c648c70bcf2b988ac	CIC_W	356	fabd4b6c-e97f-4f74-b62c-53c51224393a	EXACT_EQUIVALENT	APPROVED	MANUAL_REVIEW	OWNER_APPROVED_CONCEPT_MEMBERSHIP	RISK-MAP-MATERIALIZE-001	RISK-MAP-APPROVE-001	036d293c6e2fa506922c53ffcfdd44476ec903fdc639e2c12b73815d4401f026	402b4004b987169e1cc5b9b0356061794218ef45ee473839b80b72a91cf1f9ed	YES
7b4f3194e889b98571d8948ee745b17252935347f7670b309237fd54418d2764	CIC_W	3561	011b87b9-cf70-40d4-b23e-312c971a6dfe	EXACT_EQUIVALENT	APPROVED	MANUAL_REVIEW	OWNER_APPROVED_CONCEPT_MEMBERSHIP	RISK-MAP-MATERIALIZE-001	RISK-MAP-APPROVE-001	036d293c6e2fa506922c53ffcfdd44476ec903fdc639e2c12b73815d4401f026	402b4004b987169e1cc5b9b0356061794218ef45ee473839b80b72a91cf1f9ed	YES
7c03478e6a21cfdb712188c8c76b400c1d95762047dca65644bd75ce5ceb8830	CIC_W	3562	8146b898-c187-4508-8c3b-f9550ed5f373	EXACT_EQUIVALENT	APPROVED	MANUAL_REVIEW	OWNER_APPROVED_CONCEPT_MEMBERSHIP	RISK-MAP-MATERIALIZE-001	RISK-MAP-APPROVE-001	036d293c6e2fa506922c53ffcfdd44476ec903fdc639e2c12b73815d4401f026	402b4004b987169e1cc5b9b0356061794218ef45ee473839b80b72a91cf1f9ed	YES
a51601679424bc3fbfb18fcb1a6be5c438e6681f54cd683b4f39404b35e97d34	CIC_W	3563	bfaae860-0013-470f-a2db-80bd65b14433	EXACT_EQUIVALENT	APPROVED	MANUAL_REVIEW	OWNER_APPROVED_CONCEPT_MEMBERSHIP	RISK-MAP-MATERIALIZE-001	RISK-MAP-APPROVE-001	036d293c6e2fa506922c53ffcfdd44476ec903fdc639e2c12b73815d4401f026	402b4004b987169e1cc5b9b0356061794218ef45ee473839b80b72a91cf1f9ed	YES
609c80ee0df333bb9f29d4633119a2d3b954bc1e1729a1ded0a6458029e1fed5	CIC_W	3565	c9f75911-0264-4b15-8bc2-b422e6f89bfc	EXACT_EQUIVALENT	APPROVED	MANUAL_REVIEW	OWNER_APPROVED_CONCEPT_MEMBERSHIP	RISK-MAP-MATERIALIZE-001	RISK-MAP-APPROVE-001	036d293c6e2fa506922c53ffcfdd44476ec903fdc639e2c12b73815d4401f026	402b4004b987169e1cc5b9b0356061794218ef45ee473839b80b72a91cf1f9ed	YES
c3390759bce771610f1e134b02db6e6649f88fcbf0ee772af63637187f264652	CIC_W	36	e56c70dc-3bb0-4494-bb85-47ca56991415	EXACT_EQUIVALENT	APPROVED	MANUAL_REVIEW	OWNER_APPROVED_CONCEPT_MEMBERSHIP	RISK-MAP-MATERIALIZE-001	RISK-MAP-APPROVE-001	036d293c6e2fa506922c53ffcfdd44476ec903fdc639e2c12b73815d4401f026	402b4004b987169e1cc5b9b0356061794218ef45ee473839b80b72a91cf1f9ed	YES
38a90bd36e835b9a34e2cf16aeab65f0db78b4e9e2383338eb5eb536434faf36	CIC_W	361	73722a9b-e953-4423-8b10-6efcf5eef9bd	EXACT_EQUIVALENT	APPROVED	MANUAL_REVIEW	OWNER_APPROVED_CONCEPT_MEMBERSHIP	RISK-MAP-MATERIALIZE-001	RISK-MAP-APPROVE-001	036d293c6e2fa506922c53ffcfdd44476ec903fdc639e2c12b73815d4401f026	402b4004b987169e1cc5b9b0356061794218ef45ee473839b80b72a91cf1f9ed	YES
004a1046302847318737abd9002da66a8b73dd6c61cafa2fc4287d7db87c0add	CIC_W	3617	75ee7ca2-38e2-47ae-91bb-1477a3a2e142	EXACT_EQUIVALENT	APPROVED	MANUAL_REVIEW	OWNER_APPROVED_CONCEPT_MEMBERSHIP	RISK-MAP-MATERIALIZE-001	RISK-MAP-APPROVE-001	036d293c6e2fa506922c53ffcfdd44476ec903fdc639e2c12b73815d4401f026	402b4004b987169e1cc5b9b0356061794218ef45ee473839b80b72a91cf1f9ed	YES
07526f01ab085b08e796d6428dcaa3b3d759193117da5a93c2d3adb4cd983568	CIC_W	3618	1aade55d-613e-407d-9396-34fca4c63d60	EXACT_EQUIVALENT	APPROVED	MANUAL_REVIEW	OWNER_APPROVED_CONCEPT_MEMBERSHIP	RISK-MAP-MATERIALIZE-001	RISK-MAP-APPROVE-001	036d293c6e2fa506922c53ffcfdd44476ec903fdc639e2c12b73815d4401f026	402b4004b987169e1cc5b9b0356061794218ef45ee473839b80b72a91cf1f9ed	YES
f7974904d5b7096555bc23ee63e8fd45085f53d321d079ef5288601ec092ffcb	CIC_W	3619	97b76470-5b36-4e30-b90a-dea4c55112e1	EXACT_EQUIVALENT	APPROVED	MANUAL_REVIEW	OWNER_APPROVED_CONCEPT_MEMBERSHIP	RISK-MAP-MATERIALIZE-001	RISK-MAP-APPROVE-001	036d293c6e2fa506922c53ffcfdd44476ec903fdc639e2c12b73815d4401f026	402b4004b987169e1cc5b9b0356061794218ef45ee473839b80b72a91cf1f9ed	YES
1b2327610302d1d20d73e0f0739602661979d5f61c540793b5054d38565aee80	CIC_W	362	015eafa3-b2e9-42be-b53e-68f5e8426785	EXACT_EQUIVALENT	APPROVED	MANUAL_REVIEW	OWNER_APPROVED_CONCEPT_MEMBERSHIP	RISK-MAP-MATERIALIZE-001	RISK-MAP-APPROVE-001	036d293c6e2fa506922c53ffcfdd44476ec903fdc639e2c12b73815d4401f026	402b4004b987169e1cc5b9b0356061794218ef45ee473839b80b72a91cf1f9ed	YES
b2cb104134c243654d035ffdb1fd7f6b66d92a682317cbbe6e1eb22c3e8cce10	CIC_W	3628	eb3c8347-93dc-45c1-8c70-6202bc0b33a5	EXACT_EQUIVALENT	APPROVED	MANUAL_REVIEW	OWNER_APPROVED_CONCEPT_MEMBERSHIP	RISK-MAP-MATERIALIZE-001	RISK-MAP-APPROVE-001	036d293c6e2fa506922c53ffcfdd44476ec903fdc639e2c12b73815d4401f026	402b4004b987169e1cc5b9b0356061794218ef45ee473839b80b72a91cf1f9ed	YES
473fdd5b4ed512d6dfdcbff75bea85af9280bd8cceb78ed7108a58b28addbb35	CIC_W	363	fc2dd2f2-43f2-42ec-9dd7-d3e757a52272	EXACT_EQUIVALENT	APPROVED	MANUAL_REVIEW	OWNER_APPROVED_CONCEPT_MEMBERSHIP	RISK-MAP-MATERIALIZE-001	RISK-MAP-APPROVE-001	036d293c6e2fa506922c53ffcfdd44476ec903fdc639e2c12b73815d4401f026	402b4004b987169e1cc5b9b0356061794218ef45ee473839b80b72a91cf1f9ed	YES
d681a221053e19378687747bf794843575e43fd556bee6dfdb68c56392b82527	CIC_W	3631	97cf2571-0f3a-4bb2-8a85-837bbd502bb0	EXACT_EQUIVALENT	APPROVED	MANUAL_REVIEW	OWNER_APPROVED_CONCEPT_MEMBERSHIP	RISK-MAP-MATERIALIZE-001	RISK-MAP-APPROVE-001	036d293c6e2fa506922c53ffcfdd44476ec903fdc639e2c12b73815d4401f026	402b4004b987169e1cc5b9b0356061794218ef45ee473839b80b72a91cf1f9ed	YES
89169329fbfc6fbe84f4667688048a570c4d3421f01cedfc45fb930c691c021f	CIC_W	3632	803c7137-ee2f-46cc-a0e2-666f7d5d41a9	EXACT_EQUIVALENT	APPROVED	MANUAL_REVIEW	OWNER_APPROVED_CONCEPT_MEMBERSHIP	RISK-MAP-MATERIALIZE-001	RISK-MAP-APPROVE-001	036d293c6e2fa506922c53ffcfdd44476ec903fdc639e2c12b73815d4401f026	402b4004b987169e1cc5b9b0356061794218ef45ee473839b80b72a91cf1f9ed	YES
0c6ebaac98b9fb6bc539f8e63ea4b37590b00e1f620150ad56d84ae6da4dc4ab	CIC_W	3633	abddbc6a-7020-4b14-b451-0910d4d49128	EXACT_EQUIVALENT	APPROVED	MANUAL_REVIEW	OWNER_APPROVED_CONCEPT_MEMBERSHIP	RISK-MAP-MATERIALIZE-001	RISK-MAP-APPROVE-001	036d293c6e2fa506922c53ffcfdd44476ec903fdc639e2c12b73815d4401f026	402b4004b987169e1cc5b9b0356061794218ef45ee473839b80b72a91cf1f9ed	YES
46260cac3f5332764b695cb447d44c4238e038d98f61eb66b0523e94bd6501a2	CIC_W	3635	3402b126-2f66-4f01-beff-e4349c3dc6e4	EXACT_EQUIVALENT	APPROVED	MANUAL_REVIEW	OWNER_APPROVED_CONCEPT_MEMBERSHIP	RISK-MAP-MATERIALIZE-001	RISK-MAP-APPROVE-001	036d293c6e2fa506922c53ffcfdd44476ec903fdc639e2c12b73815d4401f026	402b4004b987169e1cc5b9b0356061794218ef45ee473839b80b72a91cf1f9ed	YES
156e723360eda6f4bbb55233b83a6fb717a82ff1c8b2631b1e02c2716f86f2d4	CIC_W	364	660aa095-2f4d-42e5-b16e-0ed86ee069c0	EXACT_EQUIVALENT	APPROVED	MANUAL_REVIEW	OWNER_APPROVED_CONCEPT_MEMBERSHIP	RISK-MAP-MATERIALIZE-001	RISK-MAP-APPROVE-001	036d293c6e2fa506922c53ffcfdd44476ec903fdc639e2c12b73815d4401f026	402b4004b987169e1cc5b9b0356061794218ef45ee473839b80b72a91cf1f9ed	YES
907989fcc405a6216d6374fd70205d2aece82f2a20af674437b420ef5fabea4f	CIC_W	3641	36c09bd9-fb21-47ee-b853-f7a86063a6ce	EXACT_EQUIVALENT	APPROVED	MANUAL_REVIEW	OWNER_APPROVED_CONCEPT_MEMBERSHIP	RISK-MAP-MATERIALIZE-001	RISK-MAP-APPROVE-001	036d293c6e2fa506922c53ffcfdd44476ec903fdc639e2c12b73815d4401f026	402b4004b987169e1cc5b9b0356061794218ef45ee473839b80b72a91cf1f9ed	YES
84648b7bc2dd8ed0a1a39e09989dc92a2a456fdce78949249f9d052a565f3698	CIC_W	3642	5d050720-9e5e-4d19-8833-063af28db494	EXACT_EQUIVALENT	APPROVED	MANUAL_REVIEW	OWNER_APPROVED_CONCEPT_MEMBERSHIP	RISK-MAP-MATERIALIZE-001	RISK-MAP-APPROVE-001	036d293c6e2fa506922c53ffcfdd44476ec903fdc639e2c12b73815d4401f026	402b4004b987169e1cc5b9b0356061794218ef45ee473839b80b72a91cf1f9ed	YES
ac99581149255ae17ed16a404f7ef7ae763f5d8ebd4ba3fd5b41fb56ebe14cac	CIC_W	3644	8bd5ebb8-0056-43fd-970a-88dbdbc9920c	EXACT_EQUIVALENT	APPROVED	MANUAL_REVIEW	OWNER_APPROVED_CONCEPT_MEMBERSHIP	RISK-MAP-MATERIALIZE-001	RISK-MAP-APPROVE-001	036d293c6e2fa506922c53ffcfdd44476ec903fdc639e2c12b73815d4401f026	402b4004b987169e1cc5b9b0356061794218ef45ee473839b80b72a91cf1f9ed	YES
fd3bd82bc1731c75f4d1e2d2a8396414fb37577246e20beb5cf552a0ec0c772f	CIC_W	3646	51b29ec6-7b8d-4577-8af5-2cbef54466b8	EXACT_EQUIVALENT	APPROVED	MANUAL_REVIEW	OWNER_APPROVED_CONCEPT_MEMBERSHIP	RISK-MAP-MATERIALIZE-001	RISK-MAP-APPROVE-001	036d293c6e2fa506922c53ffcfdd44476ec903fdc639e2c12b73815d4401f026	402b4004b987169e1cc5b9b0356061794218ef45ee473839b80b72a91cf1f9ed	YES
91eecef7e987f415042c991069e9328cb32ac85d90efb4b7b798ff4cb182239b	CIC_W	3647	efdda660-1237-4718-9b64-ee5cfc1d8e0f	EXACT_EQUIVALENT	APPROVED	MANUAL_REVIEW	OWNER_APPROVED_CONCEPT_MEMBERSHIP	RISK-MAP-MATERIALIZE-001	RISK-MAP-APPROVE-001	036d293c6e2fa506922c53ffcfdd44476ec903fdc639e2c12b73815d4401f026	402b4004b987169e1cc5b9b0356061794218ef45ee473839b80b72a91cf1f9ed	YES
4cc797714a5f9ca2a1c42fb5242c8b69716b7731bdd95b55a3a23c01f5fbd114	CIC_W	3649	fa6dee36-1052-4cd8-9410-1cf2728a5231	EXACT_EQUIVALENT	APPROVED	MANUAL_REVIEW	OWNER_APPROVED_CONCEPT_MEMBERSHIP	RISK-MAP-MATERIALIZE-001	RISK-MAP-APPROVE-001	036d293c6e2fa506922c53ffcfdd44476ec903fdc639e2c12b73815d4401f026	402b4004b987169e1cc5b9b0356061794218ef45ee473839b80b72a91cf1f9ed	YES
60c826d4f7f9101add6798c27d82f010fe4c39c29e10c4bf9f960bc2779d9986	CIC_W	367	fda670b5-8411-44bf-90fe-0890b2cf927f	EXACT_EQUIVALENT	APPROVED	MANUAL_REVIEW	OWNER_APPROVED_CONCEPT_MEMBERSHIP	RISK-MAP-MATERIALIZE-001	RISK-MAP-APPROVE-001	036d293c6e2fa506922c53ffcfdd44476ec903fdc639e2c12b73815d4401f026	402b4004b987169e1cc5b9b0356061794218ef45ee473839b80b72a91cf1f9ed	YES
98f17518e19a68910faed7336cd17295ad3d148f455d94ba8bcbf423c32cfbe1	CIC_W	368	12019d28-eba5-4ab9-b245-caa3d1cf2f4e	EXACT_EQUIVALENT	APPROVED	MANUAL_REVIEW	OWNER_APPROVED_CONCEPT_MEMBERSHIP	RISK-MAP-MATERIALIZE-001	RISK-MAP-APPROVE-001	036d293c6e2fa506922c53ffcfdd44476ec903fdc639e2c12b73815d4401f026	402b4004b987169e1cc5b9b0356061794218ef45ee473839b80b72a91cf1f9ed	YES
27a936877af1fc8a5dfb308124e16e2569a448116a2185473b0baf8ca9d2e74d	CIC_W	3681	c8066c8e-460c-4bba-8c18-6ae2086905f9	EXACT_EQUIVALENT	APPROVED	MANUAL_REVIEW	OWNER_APPROVED_CONCEPT_MEMBERSHIP	RISK-MAP-MATERIALIZE-001	RISK-MAP-APPROVE-001	036d293c6e2fa506922c53ffcfdd44476ec903fdc639e2c12b73815d4401f026	402b4004b987169e1cc5b9b0356061794218ef45ee473839b80b72a91cf1f9ed	YES
df1b2642f8ce8b02fa944765f3f711136e0477e6e24cd149350ee98f71acbe0a	CIC_W	3688	6d3481c3-08ff-4191-96c3-a23941ad400b	EXACT_EQUIVALENT	APPROVED	MANUAL_REVIEW	OWNER_APPROVED_CONCEPT_MEMBERSHIP	RISK-MAP-MATERIALIZE-001	RISK-MAP-APPROVE-001	036d293c6e2fa506922c53ffcfdd44476ec903fdc639e2c12b73815d4401f026	402b4004b987169e1cc5b9b0356061794218ef45ee473839b80b72a91cf1f9ed	YES
29dc88175be03e33a602b1382df99be9820b57d792d88888b39367fd692310c1	CIC_W	37	efdfffad-db97-4a7f-b30a-19a78c418d13	EXACT_EQUIVALENT	APPROVED	MANUAL_REVIEW	OWNER_APPROVED_CONCEPT_MEMBERSHIP	RISK-MAP-MATERIALIZE-001	RISK-MAP-APPROVE-001	036d293c6e2fa506922c53ffcfdd44476ec903fdc639e2c12b73815d4401f026	402b4004b987169e1cc5b9b0356061794218ef45ee473839b80b72a91cf1f9ed	YES
81aea18daa2577da87052d3be8b526407d2f0bd9439067c489af46ef93609437	CIC_W	3711	d9d52f99-bfb9-4335-892e-7481e33663e0	EXACT_EQUIVALENT	APPROVED	MANUAL_REVIEW	OWNER_APPROVED_CONCEPT_MEMBERSHIP	RISK-MAP-MATERIALIZE-001	RISK-MAP-APPROVE-001	036d293c6e2fa506922c53ffcfdd44476ec903fdc639e2c12b73815d4401f026	402b4004b987169e1cc5b9b0356061794218ef45ee473839b80b72a91cf1f9ed	YES
8a28a258a275851348f60e7e9058f00055262c9c2e77b7c5f8eb43f52a73bdd8	CIC_W	3712	adb3f5d0-c684-4568-83a0-6f58bce8f4bc	EXACT_EQUIVALENT	APPROVED	MANUAL_REVIEW	OWNER_APPROVED_CONCEPT_MEMBERSHIP	RISK-MAP-MATERIALIZE-001	RISK-MAP-APPROVE-001	036d293c6e2fa506922c53ffcfdd44476ec903fdc639e2c12b73815d4401f026	402b4004b987169e1cc5b9b0356061794218ef45ee473839b80b72a91cf1f9ed	YES
255582b366238ab347357dc413d4cdfe8c4e862e94fc67c468b08c06a5c876d3	CIC_W	3713	5dbe818f-f9dd-4298-b545-b8c935cbfe0a	EXACT_EQUIVALENT	APPROVED	MANUAL_REVIEW	OWNER_APPROVED_CONCEPT_MEMBERSHIP	RISK-MAP-MATERIALIZE-001	RISK-MAP-APPROVE-001	036d293c6e2fa506922c53ffcfdd44476ec903fdc639e2c12b73815d4401f026	402b4004b987169e1cc5b9b0356061794218ef45ee473839b80b72a91cf1f9ed	YES
d87d2108d97eef5239a5e7286dd021ddfb820ab477612cf621d086d76f170c50	CIC_W	3714	8bca0a0b-924a-4c3a-b6a0-8d606e759efc	EXACT_EQUIVALENT	APPROVED	MANUAL_REVIEW	OWNER_APPROVED_CONCEPT_MEMBERSHIP	RISK-MAP-MATERIALIZE-001	RISK-MAP-APPROVE-001	036d293c6e2fa506922c53ffcfdd44476ec903fdc639e2c12b73815d4401f026	402b4004b987169e1cc5b9b0356061794218ef45ee473839b80b72a91cf1f9ed	YES
e26c79c8fd5761d0ef168e3ca4b6b3abd2baa3f22a8ad32e6a23d8c78f2c9e47	CIC_W	3715	e8657c9f-3d2d-4fa3-bd59-bedca9b614e8	EXACT_EQUIVALENT	APPROVED	MANUAL_REVIEW	OWNER_APPROVED_CONCEPT_MEMBERSHIP	RISK-MAP-MATERIALIZE-001	RISK-MAP-APPROVE-001	036d293c6e2fa506922c53ffcfdd44476ec903fdc639e2c12b73815d4401f026	402b4004b987169e1cc5b9b0356061794218ef45ee473839b80b72a91cf1f9ed	YES
e7c5452f17faac324f00aa1af93ad77a85c6990d3db0c10fb211a825ad335dc6	CIC_W	3716	4e0fd542-545f-4fad-8857-ade865d8d841	EXACT_EQUIVALENT	APPROVED	MANUAL_REVIEW	OWNER_APPROVED_CONCEPT_MEMBERSHIP	RISK-MAP-MATERIALIZE-001	RISK-MAP-APPROVE-001	036d293c6e2fa506922c53ffcfdd44476ec903fdc639e2c12b73815d4401f026	402b4004b987169e1cc5b9b0356061794218ef45ee473839b80b72a91cf1f9ed	YES
677a6c3e710b7b5181b4ce98f06a39974bc173a0dcc2ecd8f2c6d6c52196e107	CIC_W	38	53a12554-80fd-467a-bab4-560fe63e32e0	EXACT_EQUIVALENT	APPROVED	MANUAL_REVIEW	OWNER_APPROVED_CONCEPT_MEMBERSHIP	RISK-MAP-MATERIALIZE-001	RISK-MAP-APPROVE-001	036d293c6e2fa506922c53ffcfdd44476ec903fdc639e2c12b73815d4401f026	402b4004b987169e1cc5b9b0356061794218ef45ee473839b80b72a91cf1f9ed	YES
6004447241b4002bd7cc815e8de0fbec20a946bc40a416321935b74562e5d0b4	CIC_W	3827	a54b55b5-2f53-48cd-8344-9e44035b3481	EXACT_EQUIVALENT	APPROVED	MANUAL_REVIEW	OWNER_APPROVED_CONCEPT_MEMBERSHIP	RISK-MAP-MATERIALIZE-001	RISK-MAP-APPROVE-001	036d293c6e2fa506922c53ffcfdd44476ec903fdc639e2c12b73815d4401f026	402b4004b987169e1cc5b9b0356061794218ef45ee473839b80b72a91cf1f9ed	YES
ac1bc223d6a1e12e3a1ee935d362554f65f5b4e4d6123f0095f1cb619dee35cd	CIC_W	389	012e46eb-485c-422e-8028-992da625740b	EXACT_EQUIVALENT	APPROVED	MANUAL_REVIEW	OWNER_APPROVED_CONCEPT_MEMBERSHIP	RISK-MAP-MATERIALIZE-001	RISK-MAP-APPROVE-001	036d293c6e2fa506922c53ffcfdd44476ec903fdc639e2c12b73815d4401f026	402b4004b987169e1cc5b9b0356061794218ef45ee473839b80b72a91cf1f9ed	YES
9f3053d286cafc1dee52e0e47fb22a805c4fefa946f45beeba88c2754e5a17d7	CIC_W	41	07309343-35ef-4208-86db-a8bac28a8b72	EXACT_EQUIVALENT	APPROVED	MANUAL_REVIEW	OWNER_APPROVED_CONCEPT_MEMBERSHIP	RISK-MAP-MATERIALIZE-001	RISK-MAP-APPROVE-001	036d293c6e2fa506922c53ffcfdd44476ec903fdc639e2c12b73815d4401f026	402b4004b987169e1cc5b9b0356061794218ef45ee473839b80b72a91cf1f9ed	YES
79d2bbee259a406886a472fef77ee894d2b7511b3d57fa4c85ec2cd06a13b3b7	CIC_W	411	f1da09fa-8d96-4a7d-b6a8-207b4995f7ee	EXACT_EQUIVALENT	APPROVED	MANUAL_REVIEW	OWNER_APPROVED_CONCEPT_MEMBERSHIP	RISK-MAP-MATERIALIZE-001	RISK-MAP-APPROVE-001	036d293c6e2fa506922c53ffcfdd44476ec903fdc639e2c12b73815d4401f026	402b4004b987169e1cc5b9b0356061794218ef45ee473839b80b72a91cf1f9ed	YES
945bc230315a134a3e3255e88e3455ac25abc2a98c808074e8bdbbb6fcfdeb85	CIC_W	413	a855af99-07cd-4863-9db3-a6c41b72d075	EXACT_EQUIVALENT	APPROVED	MANUAL_REVIEW	OWNER_APPROVED_CONCEPT_MEMBERSHIP	RISK-MAP-MATERIALIZE-001	RISK-MAP-APPROVE-001	036d293c6e2fa506922c53ffcfdd44476ec903fdc639e2c12b73815d4401f026	402b4004b987169e1cc5b9b0356061794218ef45ee473839b80b72a91cf1f9ed	YES
8588a0c2039cae232dbeaf1e93905d6efc39d79f77ab95eb315e4ef7092b980e	CIC_W	414	df22ea5f-87f1-4d45-9c3d-3fc534f0be96	EXACT_EQUIVALENT	APPROVED	MANUAL_REVIEW	OWNER_APPROVED_CONCEPT_MEMBERSHIP	RISK-MAP-MATERIALIZE-001	RISK-MAP-APPROVE-001	036d293c6e2fa506922c53ffcfdd44476ec903fdc639e2c12b73815d4401f026	402b4004b987169e1cc5b9b0356061794218ef45ee473839b80b72a91cf1f9ed	YES
a84f0d96c1a08d3a1c3d403f9267ea0b57e7a6aacc9f8894409aa3325f290176	CIC_W	4151	49cb5eaf-f5ad-4d20-b91a-62265a665ead	EXACT_EQUIVALENT	APPROVED	MANUAL_REVIEW	OWNER_APPROVED_CONCEPT_MEMBERSHIP	RISK-MAP-MATERIALIZE-001	RISK-MAP-APPROVE-001	036d293c6e2fa506922c53ffcfdd44476ec903fdc639e2c12b73815d4401f026	402b4004b987169e1cc5b9b0356061794218ef45ee473839b80b72a91cf1f9ed	YES
c1dcf71a4b65c528f4fe6f4c51a8ad812e4f731746343ea0a28443e5be304cbc	CIC_W	4152	faeef6a5-201a-4065-9407-a44865773400	EXACT_EQUIVALENT	APPROVED	MANUAL_REVIEW	OWNER_APPROVED_CONCEPT_MEMBERSHIP	RISK-MAP-MATERIALIZE-001	RISK-MAP-APPROVE-001	036d293c6e2fa506922c53ffcfdd44476ec903fdc639e2c12b73815d4401f026	402b4004b987169e1cc5b9b0356061794218ef45ee473839b80b72a91cf1f9ed	YES
19dde67fc800d0719f766239e9965273b28135ef21443a45bc1ba0d1611b93f5	CIC_W	416	c31d427e-edb6-4d28-a9ae-ff5afd266a20	EXACT_EQUIVALENT	APPROVED	MANUAL_REVIEW	OWNER_APPROVED_CONCEPT_MEMBERSHIP	RISK-MAP-MATERIALIZE-001	RISK-MAP-APPROVE-001	036d293c6e2fa506922c53ffcfdd44476ec903fdc639e2c12b73815d4401f026	402b4004b987169e1cc5b9b0356061794218ef45ee473839b80b72a91cf1f9ed	YES
f3534d49b964acfd55fb545954785e0c8958e588bfe5ba99e937cb5dda6f4479	CIC_W	4161	ac05b5fe-9f99-4c1d-bb79-dd4a2e3a990a	EXACT_EQUIVALENT	APPROVED	MANUAL_REVIEW	OWNER_APPROVED_CONCEPT_MEMBERSHIP	RISK-MAP-MATERIALIZE-001	RISK-MAP-APPROVE-001	036d293c6e2fa506922c53ffcfdd44476ec903fdc639e2c12b73815d4401f026	402b4004b987169e1cc5b9b0356061794218ef45ee473839b80b72a91cf1f9ed	YES
5d3b4bba48e421b962fc7436e1147449da6bbeff483167ded053a366614c81db	CIC_W	4162	5e70f4c1-2fec-49f7-adb2-9bff17269ca0	EXACT_EQUIVALENT	APPROVED	MANUAL_REVIEW	OWNER_APPROVED_CONCEPT_MEMBERSHIP	RISK-MAP-MATERIALIZE-001	RISK-MAP-APPROVE-001	036d293c6e2fa506922c53ffcfdd44476ec903fdc639e2c12b73815d4401f026	402b4004b987169e1cc5b9b0356061794218ef45ee473839b80b72a91cf1f9ed	YES
37ca2261af63f97eabe3f92b600863de18f32eae7bf40ac5fe53af4e26b5abff	CIC_W	4163	0994b7cd-9810-4c56-8f78-217cf26e3b5a	EXACT_EQUIVALENT	APPROVED	MANUAL_REVIEW	OWNER_APPROVED_CONCEPT_MEMBERSHIP	RISK-MAP-MATERIALIZE-001	RISK-MAP-APPROVE-001	036d293c6e2fa506922c53ffcfdd44476ec903fdc639e2c12b73815d4401f026	402b4004b987169e1cc5b9b0356061794218ef45ee473839b80b72a91cf1f9ed	YES
87040ed3a5d90f1345d338f3e542b1f47bdb0e39e22fedaf8d81c93ccc366ad9	CIC_W	4164	d3056f05-e8b8-482a-89af-52d9588891a6	EXACT_EQUIVALENT	APPROVED	MANUAL_REVIEW	OWNER_APPROVED_CONCEPT_MEMBERSHIP	RISK-MAP-MATERIALIZE-001	RISK-MAP-APPROVE-001	036d293c6e2fa506922c53ffcfdd44476ec903fdc639e2c12b73815d4401f026	402b4004b987169e1cc5b9b0356061794218ef45ee473839b80b72a91cf1f9ed	YES
c4434ad0081f042fec4900f84c2c580156cdc8501d7aaa6d57fdb0570127da2d	CIC_W	4165	c67b2b32-64a9-4675-85eb-52125cbbb6b3	EXACT_EQUIVALENT	APPROVED	MANUAL_REVIEW	OWNER_APPROVED_CONCEPT_MEMBERSHIP	RISK-MAP-MATERIALIZE-001	RISK-MAP-APPROVE-001	036d293c6e2fa506922c53ffcfdd44476ec903fdc639e2c12b73815d4401f026	402b4004b987169e1cc5b9b0356061794218ef45ee473839b80b72a91cf1f9ed	YES
263ec11a9f70ffa96816783281921b879c5f77f4538ccd8626654a0ce98fa541	CIC_W	4166	7014cca3-7fd8-4a1f-b21c-ee01887a31ec	EXACT_EQUIVALENT	APPROVED	MANUAL_REVIEW	OWNER_APPROVED_CONCEPT_MEMBERSHIP	RISK-MAP-MATERIALIZE-001	RISK-MAP-APPROVE-001	036d293c6e2fa506922c53ffcfdd44476ec903fdc639e2c12b73815d4401f026	402b4004b987169e1cc5b9b0356061794218ef45ee473839b80b72a91cf1f9ed	YES
2968865dec08bc0d6d579ebd577b31146d0531c0c27a9d91b5c293aa18cc221c	CIC_W	418	e6e5c460-6c7a-4234-8823-ae8f98451029	EXACT_EQUIVALENT	APPROVED	MANUAL_REVIEW	OWNER_APPROVED_CONCEPT_MEMBERSHIP	RISK-MAP-MATERIALIZE-001	RISK-MAP-APPROVE-001	036d293c6e2fa506922c53ffcfdd44476ec903fdc639e2c12b73815d4401f026	402b4004b987169e1cc5b9b0356061794218ef45ee473839b80b72a91cf1f9ed	YES
e6d550059665b244e00551d1d9aa4a810d2133089d797b87d116574e76195e44	CIC_W	4181	1e300312-5faf-4bd9-8369-e0ee55e2a61e	EXACT_EQUIVALENT	APPROVED	MANUAL_REVIEW	OWNER_APPROVED_CONCEPT_MEMBERSHIP	RISK-MAP-MATERIALIZE-001	RISK-MAP-APPROVE-001	036d293c6e2fa506922c53ffcfdd44476ec903fdc639e2c12b73815d4401f026	402b4004b987169e1cc5b9b0356061794218ef45ee473839b80b72a91cf1f9ed	YES
36f9cc2bc3c3a7f26e23ed31ff2c785c572d3b265f56abfddb8b1cc49f263af4	CIC_W	4182	4b213b2e-3684-444a-bd85-d6a33c0d7df8	EXACT_EQUIVALENT	APPROVED	MANUAL_REVIEW	OWNER_APPROVED_CONCEPT_MEMBERSHIP	RISK-MAP-MATERIALIZE-001	RISK-MAP-APPROVE-001	036d293c6e2fa506922c53ffcfdd44476ec903fdc639e2c12b73815d4401f026	402b4004b987169e1cc5b9b0356061794218ef45ee473839b80b72a91cf1f9ed	YES
ee7cc9b5243d47f32599451384c89dc5ee858c21495b3eefd938d20f10bbf349	CIC_W	4183	6e1433c6-385c-48c9-9a85-8099a29970a1	EXACT_EQUIVALENT	APPROVED	MANUAL_REVIEW	OWNER_APPROVED_CONCEPT_MEMBERSHIP	RISK-MAP-MATERIALIZE-001	RISK-MAP-APPROVE-001	036d293c6e2fa506922c53ffcfdd44476ec903fdc639e2c12b73815d4401f026	402b4004b987169e1cc5b9b0356061794218ef45ee473839b80b72a91cf1f9ed	YES
350e929eb8ab416966968c0c0cbda69ffbc1c5380638f26b174c0600708ca3b9	CIC_W	4184	57d54330-6e9e-41c5-8818-67f030a4d8fd	EXACT_EQUIVALENT	APPROVED	MANUAL_REVIEW	OWNER_APPROVED_CONCEPT_MEMBERSHIP	RISK-MAP-MATERIALIZE-001	RISK-MAP-APPROVE-001	036d293c6e2fa506922c53ffcfdd44476ec903fdc639e2c12b73815d4401f026	402b4004b987169e1cc5b9b0356061794218ef45ee473839b80b72a91cf1f9ed	YES
7ea080eaf1ac4be78d855baca6b788a9db1529b72a14829950eb8eabe9c026e1	CIC_W	4185	d24d92c3-57e6-41a8-9a27-991983300646	EXACT_EQUIVALENT	APPROVED	MANUAL_REVIEW	OWNER_APPROVED_CONCEPT_MEMBERSHIP	RISK-MAP-MATERIALIZE-001	RISK-MAP-APPROVE-001	036d293c6e2fa506922c53ffcfdd44476ec903fdc639e2c12b73815d4401f026	402b4004b987169e1cc5b9b0356061794218ef45ee473839b80b72a91cf1f9ed	YES
886268a6c1ecab3cf44e9f1dd066c8a45d8921f882f0d711d36f070ff4cd0b6c	CIC_W	42	23b14570-1e3d-4ce6-8e2e-55d4958d772b	EXACT_EQUIVALENT	APPROVED	MANUAL_REVIEW	OWNER_APPROVED_CONCEPT_MEMBERSHIP	RISK-MAP-MATERIALIZE-001	RISK-MAP-APPROVE-001	036d293c6e2fa506922c53ffcfdd44476ec903fdc639e2c12b73815d4401f026	402b4004b987169e1cc5b9b0356061794218ef45ee473839b80b72a91cf1f9ed	YES
9e797d3ded9b4adc571c23b1f40a9ac1679aaffbf2003bc4db6f6c86ad9afbde	CIC_W	421	1e6fde4e-3ba9-43f4-8415-8b42384cdc71	EXACT_EQUIVALENT	APPROVED	MANUAL_REVIEW	OWNER_APPROVED_CONCEPT_MEMBERSHIP	RISK-MAP-MATERIALIZE-001	RISK-MAP-APPROVE-001	036d293c6e2fa506922c53ffcfdd44476ec903fdc639e2c12b73815d4401f026	402b4004b987169e1cc5b9b0356061794218ef45ee473839b80b72a91cf1f9ed	YES
5421516c1e360fb09f95cc2b4d13692994b360b2266d479884c86c6eb22ea895	CIC_W	422	3a33caa5-36d4-451f-b70b-7a9d1f49d36b	EXACT_EQUIVALENT	APPROVED	MANUAL_REVIEW	OWNER_APPROVED_CONCEPT_MEMBERSHIP	RISK-MAP-MATERIALIZE-001	RISK-MAP-APPROVE-001	036d293c6e2fa506922c53ffcfdd44476ec903fdc639e2c12b73815d4401f026	402b4004b987169e1cc5b9b0356061794218ef45ee473839b80b72a91cf1f9ed	YES
28d76e9ce524c496f250e6bfced15f34f88d2ccfa8245e90d1a9d34699dc1a8e	CIC_W	423	2bd4c139-4f81-4daf-8d1f-850bf02a81c2	EXACT_EQUIVALENT	APPROVED	MANUAL_REVIEW	OWNER_APPROVED_CONCEPT_MEMBERSHIP	RISK-MAP-MATERIALIZE-001	RISK-MAP-APPROVE-001	036d293c6e2fa506922c53ffcfdd44476ec903fdc639e2c12b73815d4401f026	402b4004b987169e1cc5b9b0356061794218ef45ee473839b80b72a91cf1f9ed	YES
3059a8c08ce72388232aafa728da3e3bec0a6ac9d0a38b23be20e2438f80fa60	CIC_W	425	82b93dc9-88a1-49f8-bd54-3874f569ced2	EXACT_EQUIVALENT	APPROVED	MANUAL_REVIEW	OWNER_APPROVED_CONCEPT_MEMBERSHIP	RISK-MAP-MATERIALIZE-001	RISK-MAP-APPROVE-001	036d293c6e2fa506922c53ffcfdd44476ec903fdc639e2c12b73815d4401f026	402b4004b987169e1cc5b9b0356061794218ef45ee473839b80b72a91cf1f9ed	YES
4f4c7cda59d6d60b2eb911a8cf2592543c90e278907f6e5224cea6234e9a0572	CIC_W	4251	2e168dd5-b5ef-4a2c-977d-dec24b76635f	EXACT_EQUIVALENT	APPROVED	MANUAL_REVIEW	OWNER_APPROVED_CONCEPT_MEMBERSHIP	RISK-MAP-MATERIALIZE-001	RISK-MAP-APPROVE-001	036d293c6e2fa506922c53ffcfdd44476ec903fdc639e2c12b73815d4401f026	402b4004b987169e1cc5b9b0356061794218ef45ee473839b80b72a91cf1f9ed	YES
b1b0d7fdb37b79c38b1b613d742c4c68240d78a55bd93a6615d4b14241cfb168	CIC_W	4253	e579aba1-ab0b-453f-8ca8-7f345b3bf041	EXACT_EQUIVALENT	APPROVED	MANUAL_REVIEW	OWNER_APPROVED_CONCEPT_MEMBERSHIP	RISK-MAP-MATERIALIZE-001	RISK-MAP-APPROVE-001	036d293c6e2fa506922c53ffcfdd44476ec903fdc639e2c12b73815d4401f026	402b4004b987169e1cc5b9b0356061794218ef45ee473839b80b72a91cf1f9ed	YES
8c782766d813c7a976439f8ef368fba179ffb984d1409c8363a72eaa93e65d19	CIC_W	4254	47aea020-47a2-4461-8d5f-d58e59b0af1e	EXACT_EQUIVALENT	APPROVED	MANUAL_REVIEW	OWNER_APPROVED_CONCEPT_MEMBERSHIP	RISK-MAP-MATERIALIZE-001	RISK-MAP-APPROVE-001	036d293c6e2fa506922c53ffcfdd44476ec903fdc639e2c12b73815d4401f026	402b4004b987169e1cc5b9b0356061794218ef45ee473839b80b72a91cf1f9ed	YES
8d4eee127dfdf868bfb37024f513a9d4306d5f9b4c92ce9932a1c85a65746a7a	CIC_W	4256	3ce604d9-c812-417e-8063-78db152ba713	EXACT_EQUIVALENT	APPROVED	MANUAL_REVIEW	OWNER_APPROVED_CONCEPT_MEMBERSHIP	RISK-MAP-MATERIALIZE-001	RISK-MAP-APPROVE-001	036d293c6e2fa506922c53ffcfdd44476ec903fdc639e2c12b73815d4401f026	402b4004b987169e1cc5b9b0356061794218ef45ee473839b80b72a91cf1f9ed	YES
337bb1a35fdea3c897ade7661fa707733f9f0944da5a678381a1a5d8f60a879d	CIC_W	4257	0da5efda-23b3-4ec2-a3eb-53aa7c01343e	EXACT_EQUIVALENT	APPROVED	MANUAL_REVIEW	OWNER_APPROVED_CONCEPT_MEMBERSHIP	RISK-MAP-MATERIALIZE-001	RISK-MAP-APPROVE-001	036d293c6e2fa506922c53ffcfdd44476ec903fdc639e2c12b73815d4401f026	402b4004b987169e1cc5b9b0356061794218ef45ee473839b80b72a91cf1f9ed	YES
34dc2dcc96777fa371775ce0edffa250f950ada278ba29550c5230b1ecfd2e22	CIC_W	427	fcfefcab-8631-45fd-85b7-cd29d3e9ff6f	EXACT_EQUIVALENT	APPROVED	MANUAL_REVIEW	OWNER_APPROVED_CONCEPT_MEMBERSHIP	RISK-MAP-MATERIALIZE-001	RISK-MAP-APPROVE-001	036d293c6e2fa506922c53ffcfdd44476ec903fdc639e2c12b73815d4401f026	402b4004b987169e1cc5b9b0356061794218ef45ee473839b80b72a91cf1f9ed	YES
095575a9b37f2bd6a001971f61f351c29ce37dc3ca86e63fa107b9bdcf752e8d	CIC_W	4271	a0be5890-1478-4fac-9cec-3ebcfcc99ec6	EXACT_EQUIVALENT	APPROVED	MANUAL_REVIEW	OWNER_APPROVED_CONCEPT_MEMBERSHIP	RISK-MAP-MATERIALIZE-001	RISK-MAP-APPROVE-001	036d293c6e2fa506922c53ffcfdd44476ec903fdc639e2c12b73815d4401f026	402b4004b987169e1cc5b9b0356061794218ef45ee473839b80b72a91cf1f9ed	YES
92eb56b5c0bc447a61724456cc684826eaa340fffca95d44514edf10eb92e9a7	CIC_W	4272	14fcfb2a-fe8f-49f8-a005-2ad05933436a	EXACT_EQUIVALENT	APPROVED	MANUAL_REVIEW	OWNER_APPROVED_CONCEPT_MEMBERSHIP	RISK-MAP-MATERIALIZE-001	RISK-MAP-APPROVE-001	036d293c6e2fa506922c53ffcfdd44476ec903fdc639e2c12b73815d4401f026	402b4004b987169e1cc5b9b0356061794218ef45ee473839b80b72a91cf1f9ed	YES
d938f75fd9e65ae4c3f3b8a49fa3de12febab76872b4f7465e04f8cbe323d018	CIC_W	4273	c38f68ae-6223-4351-9010-5bbe81e051cf	EXACT_EQUIVALENT	APPROVED	MANUAL_REVIEW	OWNER_APPROVED_CONCEPT_MEMBERSHIP	RISK-MAP-MATERIALIZE-001	RISK-MAP-APPROVE-001	036d293c6e2fa506922c53ffcfdd44476ec903fdc639e2c12b73815d4401f026	402b4004b987169e1cc5b9b0356061794218ef45ee473839b80b72a91cf1f9ed	YES
ed76767afdac89e21ce6c2cf313074485ed950da1c0024de638aee2612f60ec9	CIC_W	428	128af189-99ce-4b61-b638-1ae7b9cc7267	EXACT_EQUIVALENT	APPROVED	MANUAL_REVIEW	OWNER_APPROVED_CONCEPT_MEMBERSHIP	RISK-MAP-MATERIALIZE-001	RISK-MAP-APPROVE-001	036d293c6e2fa506922c53ffcfdd44476ec903fdc639e2c12b73815d4401f026	402b4004b987169e1cc5b9b0356061794218ef45ee473839b80b72a91cf1f9ed	YES
44b4d0541e580fdc28a5d562352c338c676aa2fd55c150df9b4f21ebafcfd701	CIC_W	4282	e9cdc042-6f11-43d5-a359-009a0375a4f5	EXACT_EQUIVALENT	APPROVED	MANUAL_REVIEW	OWNER_APPROVED_CONCEPT_MEMBERSHIP	RISK-MAP-MATERIALIZE-001	RISK-MAP-APPROVE-001	036d293c6e2fa506922c53ffcfdd44476ec903fdc639e2c12b73815d4401f026	402b4004b987169e1cc5b9b0356061794218ef45ee473839b80b72a91cf1f9ed	YES
3d8abbb46c56f78d096cda93ffc9664431d99649a0865062ccdc45ceff717778	CIC_W	4283	e0cff068-017a-484e-8000-8443611b24ed	EXACT_EQUIVALENT	APPROVED	MANUAL_REVIEW	OWNER_APPROVED_CONCEPT_MEMBERSHIP	RISK-MAP-MATERIALIZE-001	RISK-MAP-APPROVE-001	036d293c6e2fa506922c53ffcfdd44476ec903fdc639e2c12b73815d4401f026	402b4004b987169e1cc5b9b0356061794218ef45ee473839b80b72a91cf1f9ed	YES
07d1f07e82c6166ac3dc5be87695473bf9195833d794c37d4a09160b111bb586	CIC_W	4284	29121c97-8f71-4f5d-a5a5-0185d0d7d386	EXACT_EQUIVALENT	APPROVED	MANUAL_REVIEW	OWNER_APPROVED_CONCEPT_MEMBERSHIP	RISK-MAP-MATERIALIZE-001	RISK-MAP-APPROVE-001	036d293c6e2fa506922c53ffcfdd44476ec903fdc639e2c12b73815d4401f026	402b4004b987169e1cc5b9b0356061794218ef45ee473839b80b72a91cf1f9ed	YES
df26feb021abc6ed9d204f816b56979b9da1b869d5f699ffa9ca0483e98c74b2	CIC_W	4285	4eafc93b-3402-4a12-b9f0-0bfd4570354d	EXACT_EQUIVALENT	APPROVED	MANUAL_REVIEW	OWNER_APPROVED_CONCEPT_MEMBERSHIP	RISK-MAP-MATERIALIZE-001	RISK-MAP-APPROVE-001	036d293c6e2fa506922c53ffcfdd44476ec903fdc639e2c12b73815d4401f026	402b4004b987169e1cc5b9b0356061794218ef45ee473839b80b72a91cf1f9ed	YES
c225987e5d8469c8fc0e2c7011d45472a21b35c4fcc864b984cbf5bedf26ca55	CIC_W	43	0d6c860c-c5c9-4371-91f2-feca7721063c	EXACT_EQUIVALENT	APPROVED	MANUAL_REVIEW	OWNER_APPROVED_CONCEPT_MEMBERSHIP	RISK-MAP-MATERIALIZE-001	RISK-MAP-APPROVE-001	036d293c6e2fa506922c53ffcfdd44476ec903fdc639e2c12b73815d4401f026	402b4004b987169e1cc5b9b0356061794218ef45ee473839b80b72a91cf1f9ed	YES
2b0ab56767c2ccd285fa5e04b7a06abc53a2093f3bd78035a141e48fd5d5197e	CIC_W	431	b5bc9eb5-87b3-40b3-a882-ecb2aed5d9ba	EXACT_EQUIVALENT	APPROVED	MANUAL_REVIEW	OWNER_APPROVED_CONCEPT_MEMBERSHIP	RISK-MAP-MATERIALIZE-001	RISK-MAP-APPROVE-001	036d293c6e2fa506922c53ffcfdd44476ec903fdc639e2c12b73815d4401f026	402b4004b987169e1cc5b9b0356061794218ef45ee473839b80b72a91cf1f9ed	YES
4f5e3aaaae14b7a08376f372b00955a1d606d47e051790f4178816b791c009a4	CIC_W	4311	1cc874df-0e7a-4459-aaf2-19d008f9e1c9	EXACT_EQUIVALENT	APPROVED	MANUAL_REVIEW	OWNER_APPROVED_CONCEPT_MEMBERSHIP	RISK-MAP-MATERIALIZE-001	RISK-MAP-APPROVE-001	036d293c6e2fa506922c53ffcfdd44476ec903fdc639e2c12b73815d4401f026	402b4004b987169e1cc5b9b0356061794218ef45ee473839b80b72a91cf1f9ed	YES
0ec2a1743692c90aaf8c8cedc498140136fef61c8b720492533206981ac3a5ec	CIC_W	4312	4491bee1-cdba-4618-bb57-8db92fa0bad5	EXACT_EQUIVALENT	APPROVED	MANUAL_REVIEW	OWNER_APPROVED_CONCEPT_MEMBERSHIP	RISK-MAP-MATERIALIZE-001	RISK-MAP-APPROVE-001	036d293c6e2fa506922c53ffcfdd44476ec903fdc639e2c12b73815d4401f026	402b4004b987169e1cc5b9b0356061794218ef45ee473839b80b72a91cf1f9ed	YES
b0d38e6dfd7c6b4c96efb5b83754d265260f41e2a25eedc0ac67c7613a0f96bf	CIC_W	432	fae1b190-575a-4e5f-add0-051c335c433b	EXACT_EQUIVALENT	APPROVED	MANUAL_REVIEW	OWNER_APPROVED_CONCEPT_MEMBERSHIP	RISK-MAP-MATERIALIZE-001	RISK-MAP-APPROVE-001	036d293c6e2fa506922c53ffcfdd44476ec903fdc639e2c12b73815d4401f026	402b4004b987169e1cc5b9b0356061794218ef45ee473839b80b72a91cf1f9ed	YES
e512b5d7daf507de570374815146e7ce566c6b14c1ea9852ef154b45562b5f1c	CIC_W	4321	ecc27cb0-a95a-41a0-bec6-f48848e5a95d	EXACT_EQUIVALENT	APPROVED	MANUAL_REVIEW	OWNER_APPROVED_CONCEPT_MEMBERSHIP	RISK-MAP-MATERIALIZE-001	RISK-MAP-APPROVE-001	036d293c6e2fa506922c53ffcfdd44476ec903fdc639e2c12b73815d4401f026	402b4004b987169e1cc5b9b0356061794218ef45ee473839b80b72a91cf1f9ed	YES
0d62839bd7ea465c4e051a3be049fc3a58014f26c30cdb06f1780ba2605025b8	CIC_W	4322	e834a6b2-6480-4ad6-8de9-736eca01b91e	EXACT_EQUIVALENT	APPROVED	MANUAL_REVIEW	OWNER_APPROVED_CONCEPT_MEMBERSHIP	RISK-MAP-MATERIALIZE-001	RISK-MAP-APPROVE-001	036d293c6e2fa506922c53ffcfdd44476ec903fdc639e2c12b73815d4401f026	402b4004b987169e1cc5b9b0356061794218ef45ee473839b80b72a91cf1f9ed	YES
e24d17de188cb4537e5bdd41539b5141525f9563bcd41cbe80a68042b658b3db	CIC_W	4323	1552b89f-ac23-4b08-a7a8-904407cdb5fe	EXACT_EQUIVALENT	APPROVED	MANUAL_REVIEW	OWNER_APPROVED_CONCEPT_MEMBERSHIP	RISK-MAP-MATERIALIZE-001	RISK-MAP-APPROVE-001	036d293c6e2fa506922c53ffcfdd44476ec903fdc639e2c12b73815d4401f026	402b4004b987169e1cc5b9b0356061794218ef45ee473839b80b72a91cf1f9ed	YES
9635615d3ed7e5d300a4cfc11e3daac65ac76cbe8419b5ac62e048f51b16bcf3	CIC_W	4324	fbf8a823-eef3-49d0-8c30-8784a231c22d	EXACT_EQUIVALENT	APPROVED	MANUAL_REVIEW	OWNER_APPROVED_CONCEPT_MEMBERSHIP	RISK-MAP-MATERIALIZE-001	RISK-MAP-APPROVE-001	036d293c6e2fa506922c53ffcfdd44476ec903fdc639e2c12b73815d4401f026	402b4004b987169e1cc5b9b0356061794218ef45ee473839b80b72a91cf1f9ed	YES
b511487614aa6660f12ba524505d7e63bb7bade24b9dd74817a29f64311ba421	CIC_W	4325	12ebc23a-9561-4a2a-a180-c63e5335566d	EXACT_EQUIVALENT	APPROVED	MANUAL_REVIEW	OWNER_APPROVED_CONCEPT_MEMBERSHIP	RISK-MAP-MATERIALIZE-001	RISK-MAP-APPROVE-001	036d293c6e2fa506922c53ffcfdd44476ec903fdc639e2c12b73815d4401f026	402b4004b987169e1cc5b9b0356061794218ef45ee473839b80b72a91cf1f9ed	YES
489d68d81ebfcd3beb4a4712df5621e614917ffea383e95ae1ef373b59d21f10	CIC_W	4326	cc7351b1-91d0-468d-b6f3-35605dc23571	EXACT_EQUIVALENT	APPROVED	MANUAL_REVIEW	OWNER_APPROVED_CONCEPT_MEMBERSHIP	RISK-MAP-MATERIALIZE-001	RISK-MAP-APPROVE-001	036d293c6e2fa506922c53ffcfdd44476ec903fdc639e2c12b73815d4401f026	402b4004b987169e1cc5b9b0356061794218ef45ee473839b80b72a91cf1f9ed	YES
aea4b140139e3b3f4dba5e075b92323ea3fe2eb4bb5d0acf9e83472e7b750343	CIC_W	4327	f57ec6e5-330f-4907-a90a-3d4f258b601f	EXACT_EQUIVALENT	APPROVED	MANUAL_REVIEW	OWNER_APPROVED_CONCEPT_MEMBERSHIP	RISK-MAP-MATERIALIZE-001	RISK-MAP-APPROVE-001	036d293c6e2fa506922c53ffcfdd44476ec903fdc639e2c12b73815d4401f026	402b4004b987169e1cc5b9b0356061794218ef45ee473839b80b72a91cf1f9ed	YES
d543808237a30730b64fe6f3835b051781b930f72163aba3b8f5e2a899807125	CIC_W	4328	5d2bd8fa-2c6f-4b75-8b40-0840c8980374	EXACT_EQUIVALENT	APPROVED	MANUAL_REVIEW	OWNER_APPROVED_CONCEPT_MEMBERSHIP	RISK-MAP-MATERIALIZE-001	RISK-MAP-APPROVE-001	036d293c6e2fa506922c53ffcfdd44476ec903fdc639e2c12b73815d4401f026	402b4004b987169e1cc5b9b0356061794218ef45ee473839b80b72a91cf1f9ed	YES
6069f09ddf9dcf6a5ae38927395b23d6d2115ff3c9c810b9869c6a28148f13df	CIC_W	433	0eaf8fa1-8d01-4467-bcaa-38705f945843	EXACT_EQUIVALENT	APPROVED	MANUAL_REVIEW	OWNER_APPROVED_CONCEPT_MEMBERSHIP	RISK-MAP-MATERIALIZE-001	RISK-MAP-APPROVE-001	036d293c6e2fa506922c53ffcfdd44476ec903fdc639e2c12b73815d4401f026	402b4004b987169e1cc5b9b0356061794218ef45ee473839b80b72a91cf1f9ed	YES
39e2eb1bc3d02938efb319ebc2a79dac918b5bfd59cdd73667b76782592a5ad9	CIC_W	434	4710ef8e-000d-48e1-9448-af1eeda77bc0	EXACT_EQUIVALENT	APPROVED	MANUAL_REVIEW	OWNER_APPROVED_CONCEPT_MEMBERSHIP	RISK-MAP-MATERIALIZE-001	RISK-MAP-APPROVE-001	036d293c6e2fa506922c53ffcfdd44476ec903fdc639e2c12b73815d4401f026	402b4004b987169e1cc5b9b0356061794218ef45ee473839b80b72a91cf1f9ed	YES
979dfc87ae3b679f779524e30ac524d2d2278a490bc6dab97c6665ea8a467664	CIC_W	4341	23b62e4b-c478-4597-8e2b-e6ea7a8d79e5	EXACT_EQUIVALENT	APPROVED	MANUAL_REVIEW	OWNER_APPROVED_CONCEPT_MEMBERSHIP	RISK-MAP-MATERIALIZE-001	RISK-MAP-APPROVE-001	036d293c6e2fa506922c53ffcfdd44476ec903fdc639e2c12b73815d4401f026	402b4004b987169e1cc5b9b0356061794218ef45ee473839b80b72a91cf1f9ed	YES
f8fe3801d2179c874f656f5a9a28073af8fd29a902d6b2361565a44621155dcd	CIC_W	4342	4fc73930-ab28-4474-833d-d617a4f9c303	EXACT_EQUIVALENT	APPROVED	MANUAL_REVIEW	OWNER_APPROVED_CONCEPT_MEMBERSHIP	RISK-MAP-MATERIALIZE-001	RISK-MAP-APPROVE-001	036d293c6e2fa506922c53ffcfdd44476ec903fdc639e2c12b73815d4401f026	402b4004b987169e1cc5b9b0356061794218ef45ee473839b80b72a91cf1f9ed	YES
30a549bcef8efb6bcddd009ae0344312ec68df73ee3751b21a3a15f0ae83d84c	CIC_W	4343	481c9458-2905-4aa0-8373-60dec5e4da4b	EXACT_EQUIVALENT	APPROVED	MANUAL_REVIEW	OWNER_APPROVED_CONCEPT_MEMBERSHIP	RISK-MAP-MATERIALIZE-001	RISK-MAP-APPROVE-001	036d293c6e2fa506922c53ffcfdd44476ec903fdc639e2c12b73815d4401f026	402b4004b987169e1cc5b9b0356061794218ef45ee473839b80b72a91cf1f9ed	YES
d974b02400c20adb42b4d5811026f63e2a7b21b04a2f39b6e04dc935d56bb7c8	CIC_W	4344	16291883-6cc0-4649-8782-af4373ff2efc	EXACT_EQUIVALENT	APPROVED	MANUAL_REVIEW	OWNER_APPROVED_CONCEPT_MEMBERSHIP	RISK-MAP-MATERIALIZE-001	RISK-MAP-APPROVE-001	036d293c6e2fa506922c53ffcfdd44476ec903fdc639e2c12b73815d4401f026	402b4004b987169e1cc5b9b0356061794218ef45ee473839b80b72a91cf1f9ed	YES
08b6fda23c4bc3fa39325122482f40188de1998df03628cbee74b4857cb60a3a	CIC_W	4345	e7a992e4-8530-44db-8581-c502900576e5	EXACT_EQUIVALENT	APPROVED	MANUAL_REVIEW	OWNER_APPROVED_CONCEPT_MEMBERSHIP	RISK-MAP-MATERIALIZE-001	RISK-MAP-APPROVE-001	036d293c6e2fa506922c53ffcfdd44476ec903fdc639e2c12b73815d4401f026	402b4004b987169e1cc5b9b0356061794218ef45ee473839b80b72a91cf1f9ed	YES
823c0e30e9cb2e9b519b8cab03c2fc305b9743b898dee14897a5204c12a9e977	CIC_W	4346	b092fc22-cb9e-45f8-9506-d82e5c7ef2fb	EXACT_EQUIVALENT	APPROVED	MANUAL_REVIEW	OWNER_APPROVED_CONCEPT_MEMBERSHIP	RISK-MAP-MATERIALIZE-001	RISK-MAP-APPROVE-001	036d293c6e2fa506922c53ffcfdd44476ec903fdc639e2c12b73815d4401f026	402b4004b987169e1cc5b9b0356061794218ef45ee473839b80b72a91cf1f9ed	YES
902536b6d1f4fd0ce78f6aa149e53ee3c6958e4ebb77bcfd56b96da8b1cfdbe6	CIC_W	437	ba7d7396-10c8-4554-a478-11dd49108243	EXACT_EQUIVALENT	APPROVED	MANUAL_REVIEW	OWNER_APPROVED_CONCEPT_MEMBERSHIP	RISK-MAP-MATERIALIZE-001	RISK-MAP-APPROVE-001	036d293c6e2fa506922c53ffcfdd44476ec903fdc639e2c12b73815d4401f026	402b4004b987169e1cc5b9b0356061794218ef45ee473839b80b72a91cf1f9ed	YES
4b164cacd71aa4cfb2b1ba6259a1dfd4fbee8fb8514cc67d00b1e0689fa9fd2c	CIC_W	44	ab9dfe81-ff57-4662-889d-58ca0c739475	EXACT_EQUIVALENT	APPROVED	MANUAL_REVIEW	OWNER_APPROVED_CONCEPT_MEMBERSHIP	RISK-MAP-MATERIALIZE-001	RISK-MAP-APPROVE-001	036d293c6e2fa506922c53ffcfdd44476ec903fdc639e2c12b73815d4401f026	402b4004b987169e1cc5b9b0356061794218ef45ee473839b80b72a91cf1f9ed	YES
3287f635d5c2d081441fbc5b08570b0c46a869c85be61918f30de96d110cd18b	CIC_W	441	65bb4730-cda3-4c07-9e85-935b900e156d	EXACT_EQUIVALENT	APPROVED	MANUAL_REVIEW	OWNER_APPROVED_CONCEPT_MEMBERSHIP	RISK-MAP-MATERIALIZE-001	RISK-MAP-APPROVE-001	036d293c6e2fa506922c53ffcfdd44476ec903fdc639e2c12b73815d4401f026	402b4004b987169e1cc5b9b0356061794218ef45ee473839b80b72a91cf1f9ed	YES
a16d165137371c09baaa329e9b18c1ad2ee8e9606fc13f02983f2f1de4fcfcb3	CIC_W	4411	21246998-0955-4802-af80-33213af8176f	EXACT_EQUIVALENT	APPROVED	MANUAL_REVIEW	OWNER_APPROVED_CONCEPT_MEMBERSHIP	RISK-MAP-MATERIALIZE-001	RISK-MAP-APPROVE-001	036d293c6e2fa506922c53ffcfdd44476ec903fdc639e2c12b73815d4401f026	402b4004b987169e1cc5b9b0356061794218ef45ee473839b80b72a91cf1f9ed	YES
f6c031443c74eb81eda617a1f629d15b54793443efb25872ec2069d5baf55635	CIC_W	4412	ca0b9798-7c9f-40bf-9eab-03fc1e6628e4	EXACT_EQUIVALENT	APPROVED	MANUAL_REVIEW	OWNER_APPROVED_CONCEPT_MEMBERSHIP	RISK-MAP-MATERIALIZE-001	RISK-MAP-APPROVE-001	036d293c6e2fa506922c53ffcfdd44476ec903fdc639e2c12b73815d4401f026	402b4004b987169e1cc5b9b0356061794218ef45ee473839b80b72a91cf1f9ed	YES
53c418a0108da3970cabc0bab4d6d5ae876e26ad235568c12262125a111f1bcb	CIC_W	4413	a5368af3-dd14-40f3-a1af-e68b27467561	EXACT_EQUIVALENT	APPROVED	MANUAL_REVIEW	OWNER_APPROVED_CONCEPT_MEMBERSHIP	RISK-MAP-MATERIALIZE-001	RISK-MAP-APPROVE-001	036d293c6e2fa506922c53ffcfdd44476ec903fdc639e2c12b73815d4401f026	402b4004b987169e1cc5b9b0356061794218ef45ee473839b80b72a91cf1f9ed	YES
793f94aa853ea4e89ad7a368e1596956c3a2b14377139e77fe5010a0e899ca38	CIC_W	442	4c8434c9-d7d1-4ff9-8b99-c5131c6e6669	EXACT_EQUIVALENT	APPROVED	MANUAL_REVIEW	OWNER_APPROVED_CONCEPT_MEMBERSHIP	RISK-MAP-MATERIALIZE-001	RISK-MAP-APPROVE-001	036d293c6e2fa506922c53ffcfdd44476ec903fdc639e2c12b73815d4401f026	402b4004b987169e1cc5b9b0356061794218ef45ee473839b80b72a91cf1f9ed	YES
53ebad3e385e782a1b820f0a8ffbc370434391bfa9fbf783de11dba7b12db03b	CIC_W	4421	de827037-069d-4e92-af11-3d03b16438d3	EXACT_EQUIVALENT	APPROVED	MANUAL_REVIEW	OWNER_APPROVED_CONCEPT_MEMBERSHIP	RISK-MAP-MATERIALIZE-001	RISK-MAP-APPROVE-001	036d293c6e2fa506922c53ffcfdd44476ec903fdc639e2c12b73815d4401f026	402b4004b987169e1cc5b9b0356061794218ef45ee473839b80b72a91cf1f9ed	YES
1865e63bc995dddbab7f3bdf00444fe6f9cf299696b2e366b783fbc39e808600	CIC_W	4422	f571c346-9b60-4eba-8c6c-285df3bc9d68	EXACT_EQUIVALENT	APPROVED	MANUAL_REVIEW	OWNER_APPROVED_CONCEPT_MEMBERSHIP	RISK-MAP-MATERIALIZE-001	RISK-MAP-APPROVE-001	036d293c6e2fa506922c53ffcfdd44476ec903fdc639e2c12b73815d4401f026	402b4004b987169e1cc5b9b0356061794218ef45ee473839b80b72a91cf1f9ed	YES
fb79d7a114639d2649f8dd82540f226eaa59d409b3311014fc8c13c7f445a9eb	CIC_W	443	df822a06-8422-4944-801d-5d29ada48bb3	EXACT_EQUIVALENT	APPROVED	MANUAL_REVIEW	OWNER_APPROVED_CONCEPT_MEMBERSHIP	RISK-MAP-MATERIALIZE-001	RISK-MAP-APPROVE-001	036d293c6e2fa506922c53ffcfdd44476ec903fdc639e2c12b73815d4401f026	402b4004b987169e1cc5b9b0356061794218ef45ee473839b80b72a91cf1f9ed	YES
151364e645b0276c7aeb2b07ee385d8d9083f27d7548c7d070f0f6406b5aa524	CIC_W	4431	135ee736-28f6-41b9-b543-ae627f1fae2b	EXACT_EQUIVALENT	APPROVED	MANUAL_REVIEW	OWNER_APPROVED_CONCEPT_MEMBERSHIP	RISK-MAP-MATERIALIZE-001	RISK-MAP-APPROVE-001	036d293c6e2fa506922c53ffcfdd44476ec903fdc639e2c12b73815d4401f026	402b4004b987169e1cc5b9b0356061794218ef45ee473839b80b72a91cf1f9ed	YES
08a5789ebbfcda57c209988a9e4e5421060f8afa378270ae56a64c941403d431	CIC_W	4435	90013697-f9a3-4c34-833f-c87ada0f06ed	EXACT_EQUIVALENT	APPROVED	MANUAL_REVIEW	OWNER_APPROVED_CONCEPT_MEMBERSHIP	RISK-MAP-MATERIALIZE-001	RISK-MAP-APPROVE-001	036d293c6e2fa506922c53ffcfdd44476ec903fdc639e2c12b73815d4401f026	402b4004b987169e1cc5b9b0356061794218ef45ee473839b80b72a91cf1f9ed	YES
6ffb0123922254ea5d4dd10b6b5d0bee019fe47cf9fbaf4507c09ad0f5d30639	CIC_W	4439	002e76e6-1a76-4cb2-a0fe-172a0717a69a	EXACT_EQUIVALENT	APPROVED	MANUAL_REVIEW	OWNER_APPROVED_CONCEPT_MEMBERSHIP	RISK-MAP-MATERIALIZE-001	RISK-MAP-APPROVE-001	036d293c6e2fa506922c53ffcfdd44476ec903fdc639e2c12b73815d4401f026	402b4004b987169e1cc5b9b0356061794218ef45ee473839b80b72a91cf1f9ed	YES
5a657cb873b6d71afe3fab9875c7a5bbedc01613e8b7e9a3228a036c9d80ee41	CIC_W	444	00704352-b4d4-471f-84cc-d40a744cbbde	EXACT_EQUIVALENT	APPROVED	MANUAL_REVIEW	OWNER_APPROVED_CONCEPT_MEMBERSHIP	RISK-MAP-MATERIALIZE-001	RISK-MAP-APPROVE-001	036d293c6e2fa506922c53ffcfdd44476ec903fdc639e2c12b73815d4401f026	402b4004b987169e1cc5b9b0356061794218ef45ee473839b80b72a91cf1f9ed	YES
5919e69049ca502ef22ff8d25bf52619b065519cecb21c37a3c8e504eaca68c9	CIC_W	4441	3c1e39bb-df9b-4fa6-9bf5-2124685dfedb	EXACT_EQUIVALENT	APPROVED	MANUAL_REVIEW	OWNER_APPROVED_CONCEPT_MEMBERSHIP	RISK-MAP-MATERIALIZE-001	RISK-MAP-APPROVE-001	036d293c6e2fa506922c53ffcfdd44476ec903fdc639e2c12b73815d4401f026	402b4004b987169e1cc5b9b0356061794218ef45ee473839b80b72a91cf1f9ed	YES
ca939b4d66fb107a5c21d00219e99d22155f67c9494247fc6f59cb3c279b4dce	CIC_W	4442	db0a2eab-93a7-45fa-99e1-5896db788e31	EXACT_EQUIVALENT	APPROVED	MANUAL_REVIEW	OWNER_APPROVED_CONCEPT_MEMBERSHIP	RISK-MAP-MATERIALIZE-001	RISK-MAP-APPROVE-001	036d293c6e2fa506922c53ffcfdd44476ec903fdc639e2c12b73815d4401f026	402b4004b987169e1cc5b9b0356061794218ef45ee473839b80b72a91cf1f9ed	YES
612923b68064d0f9cd9449651ca07de3666ffdc466e453d2ead4b64815f04fe0	CIC_W	445	af0a9b1a-5106-4a6e-94a5-80dc7fc0779e	EXACT_EQUIVALENT	APPROVED	MANUAL_REVIEW	OWNER_APPROVED_CONCEPT_MEMBERSHIP	RISK-MAP-MATERIALIZE-001	RISK-MAP-APPROVE-001	036d293c6e2fa506922c53ffcfdd44476ec903fdc639e2c12b73815d4401f026	402b4004b987169e1cc5b9b0356061794218ef45ee473839b80b72a91cf1f9ed	YES
2bf6cc14e9559167e4adeb66970041ee1cc7f577848f8f3992d4dcfcaf63788d	CIC_W	4451	915d5258-278c-4e35-a2a0-8ddb4055ac93	EXACT_EQUIVALENT	APPROVED	MANUAL_REVIEW	OWNER_APPROVED_CONCEPT_MEMBERSHIP	RISK-MAP-MATERIALIZE-001	RISK-MAP-APPROVE-001	036d293c6e2fa506922c53ffcfdd44476ec903fdc639e2c12b73815d4401f026	402b4004b987169e1cc5b9b0356061794218ef45ee473839b80b72a91cf1f9ed	YES
0a0ad4cd73423bff2828c87f0c6dcff5cefe2e32a675e959fbc40367aedcfbaa	CIC_W	4452	43238aa9-de07-4d8c-81ed-e9c47a612abb	EXACT_EQUIVALENT	APPROVED	MANUAL_REVIEW	OWNER_APPROVED_CONCEPT_MEMBERSHIP	RISK-MAP-MATERIALIZE-001	RISK-MAP-APPROVE-001	036d293c6e2fa506922c53ffcfdd44476ec903fdc639e2c12b73815d4401f026	402b4004b987169e1cc5b9b0356061794218ef45ee473839b80b72a91cf1f9ed	YES
8f1df83a2d327c036d81a10f3ace48e3102ace38dfc00c7600531f3b3a52235a	CIC_W	446	7b1c268e-1120-45b8-bcd5-0716c1f785a1	EXACT_EQUIVALENT	APPROVED	MANUAL_REVIEW	OWNER_APPROVED_CONCEPT_MEMBERSHIP	RISK-MAP-MATERIALIZE-001	RISK-MAP-APPROVE-001	036d293c6e2fa506922c53ffcfdd44476ec903fdc639e2c12b73815d4401f026	402b4004b987169e1cc5b9b0356061794218ef45ee473839b80b72a91cf1f9ed	YES
2ddc69fdcc622eba66711c1a09ab5cd2b35d314e87cd0bf79b505cefca783bf9	CIC_W	4461	115c9ef5-5872-4fa1-97c8-8c829e28e1fb	EXACT_EQUIVALENT	APPROVED	MANUAL_REVIEW	OWNER_APPROVED_CONCEPT_MEMBERSHIP	RISK-MAP-MATERIALIZE-001	RISK-MAP-APPROVE-001	036d293c6e2fa506922c53ffcfdd44476ec903fdc639e2c12b73815d4401f026	402b4004b987169e1cc5b9b0356061794218ef45ee473839b80b72a91cf1f9ed	YES
5dc34264cd0b1cc2c5d0e880c10e82fc8f163681759c12823688b1db4ad3a113	CIC_W	4462	4fc58e35-f60e-4478-a376-4beb0a5b8c1b	EXACT_EQUIVALENT	APPROVED	MANUAL_REVIEW	OWNER_APPROVED_CONCEPT_MEMBERSHIP	RISK-MAP-MATERIALIZE-001	RISK-MAP-APPROVE-001	036d293c6e2fa506922c53ffcfdd44476ec903fdc639e2c12b73815d4401f026	402b4004b987169e1cc5b9b0356061794218ef45ee473839b80b72a91cf1f9ed	YES
99381d8bfc0688597adc276bc5d45b9d4dac29e39db80c92a79576a7f70944d6	CIC_W	4463	0bbd5856-190d-4c3e-98c6-14d7735f1c7d	EXACT_EQUIVALENT	APPROVED	MANUAL_REVIEW	OWNER_APPROVED_CONCEPT_MEMBERSHIP	RISK-MAP-MATERIALIZE-001	RISK-MAP-APPROVE-001	036d293c6e2fa506922c53ffcfdd44476ec903fdc639e2c12b73815d4401f026	402b4004b987169e1cc5b9b0356061794218ef45ee473839b80b72a91cf1f9ed	YES
cd20f1103885e15f6871fab99dcb36fc0410425b471eafcb31554bda930140ff	CIC_W	4464	169c3877-384c-4d26-abb5-a00fab864483	EXACT_EQUIVALENT	APPROVED	MANUAL_REVIEW	OWNER_APPROVED_CONCEPT_MEMBERSHIP	RISK-MAP-MATERIALIZE-001	RISK-MAP-APPROVE-001	036d293c6e2fa506922c53ffcfdd44476ec903fdc639e2c12b73815d4401f026	402b4004b987169e1cc5b9b0356061794218ef45ee473839b80b72a91cf1f9ed	YES
c6dbaa3cca03277bf97ad93067673ef1658fc2352251700d5bdfba61152a2f09	CIC_W	4465	f1e6e2c0-410b-4786-bc9a-3bc6bcca7d6b	EXACT_EQUIVALENT	APPROVED	MANUAL_REVIEW	OWNER_APPROVED_CONCEPT_MEMBERSHIP	RISK-MAP-MATERIALIZE-001	RISK-MAP-APPROVE-001	036d293c6e2fa506922c53ffcfdd44476ec903fdc639e2c12b73815d4401f026	402b4004b987169e1cc5b9b0356061794218ef45ee473839b80b72a91cf1f9ed	YES
d5d207cc3fad0d811811e39458107d8d1402a7a7574813003658a3ee7d184f4d	CIC_W	447	61f4586b-bca5-4a79-b53f-336be94ef633	EXACT_EQUIVALENT	APPROVED	MANUAL_REVIEW	OWNER_APPROVED_CONCEPT_MEMBERSHIP	RISK-MAP-MATERIALIZE-001	RISK-MAP-APPROVE-001	036d293c6e2fa506922c53ffcfdd44476ec903fdc639e2c12b73815d4401f026	402b4004b987169e1cc5b9b0356061794218ef45ee473839b80b72a91cf1f9ed	YES
981f5f566610efc6800a66fb94c43775f2a85a383fda6003b51dcb057310dcd4	CIC_W	45	72c0016a-09bb-402e-91e1-4b618205be6a	EXACT_EQUIVALENT	APPROVED	MANUAL_REVIEW	OWNER_APPROVED_CONCEPT_MEMBERSHIP	RISK-MAP-MATERIALIZE-001	RISK-MAP-APPROVE-001	036d293c6e2fa506922c53ffcfdd44476ec903fdc639e2c12b73815d4401f026	402b4004b987169e1cc5b9b0356061794218ef45ee473839b80b72a91cf1f9ed	YES
93e8f9c366944832658a800df99fc1a342500a23e0c1f5e881e58777e11b9f65	CIC_W	451	55947deb-7b2c-422e-b07a-2492c8dd55c2	EXACT_EQUIVALENT	APPROVED	MANUAL_REVIEW	OWNER_APPROVED_CONCEPT_MEMBERSHIP	RISK-MAP-MATERIALIZE-001	RISK-MAP-APPROVE-001	036d293c6e2fa506922c53ffcfdd44476ec903fdc639e2c12b73815d4401f026	402b4004b987169e1cc5b9b0356061794218ef45ee473839b80b72a91cf1f9ed	YES
4d4482eb464e92f7c8fc9fe42fda40198c727a70ff34f41cc68333cf68e8b83c	CIC_W	4511	58228f07-8190-4e76-83a2-03e742043de3	EXACT_EQUIVALENT	APPROVED	MANUAL_REVIEW	OWNER_APPROVED_CONCEPT_MEMBERSHIP	RISK-MAP-MATERIALIZE-001	RISK-MAP-APPROVE-001	036d293c6e2fa506922c53ffcfdd44476ec903fdc639e2c12b73815d4401f026	402b4004b987169e1cc5b9b0356061794218ef45ee473839b80b72a91cf1f9ed	YES
c66b0e97ffa4927e8ede00af5e619b26b3dc3bd85e43468c1cb8c9da18e2214b	CIC_W	4512	dc899bdd-c64b-4c1a-8bd7-6887e85296ef	EXACT_EQUIVALENT	APPROVED	MANUAL_REVIEW	OWNER_APPROVED_CONCEPT_MEMBERSHIP	RISK-MAP-MATERIALIZE-001	RISK-MAP-APPROVE-001	036d293c6e2fa506922c53ffcfdd44476ec903fdc639e2c12b73815d4401f026	402b4004b987169e1cc5b9b0356061794218ef45ee473839b80b72a91cf1f9ed	YES
be4729f35d5b4c9be3a47498177ee6eaf3c332464e7a708ad722c612761934db	CIC_W	4513	435dbc48-0281-4181-8995-b3fe72e450c6	EXACT_EQUIVALENT	APPROVED	MANUAL_REVIEW	OWNER_APPROVED_CONCEPT_MEMBERSHIP	RISK-MAP-MATERIALIZE-001	RISK-MAP-APPROVE-001	036d293c6e2fa506922c53ffcfdd44476ec903fdc639e2c12b73815d4401f026	402b4004b987169e1cc5b9b0356061794218ef45ee473839b80b72a91cf1f9ed	YES
2aeb450e623b4b2c3a2aedd37b012db39c2788cc890240f371628527ae2a2ddd	CIC_W	4514	2420c1b2-98b0-42f0-90b6-3f8d2faaafc4	EXACT_EQUIVALENT	APPROVED	MANUAL_REVIEW	OWNER_APPROVED_CONCEPT_MEMBERSHIP	RISK-MAP-MATERIALIZE-001	RISK-MAP-APPROVE-001	036d293c6e2fa506922c53ffcfdd44476ec903fdc639e2c12b73815d4401f026	402b4004b987169e1cc5b9b0356061794218ef45ee473839b80b72a91cf1f9ed	YES
51fbebd3623cb56c2fe0ac783a133e9882b61046d65637c1d3ed259e0d677cd5	CIC_W	4515	5ad36109-48d4-41d5-9d69-d0404c627892	EXACT_EQUIVALENT	APPROVED	MANUAL_REVIEW	OWNER_APPROVED_CONCEPT_MEMBERSHIP	RISK-MAP-MATERIALIZE-001	RISK-MAP-APPROVE-001	036d293c6e2fa506922c53ffcfdd44476ec903fdc639e2c12b73815d4401f026	402b4004b987169e1cc5b9b0356061794218ef45ee473839b80b72a91cf1f9ed	YES
a735d030364bc656d71cec072be4e553ba92acf53b3f80e92b8f4f6e9a6232a2	CIC_W	4516	75b8aeed-ce25-4e35-bb6a-78718ece5482	EXACT_EQUIVALENT	APPROVED	MANUAL_REVIEW	OWNER_APPROVED_CONCEPT_MEMBERSHIP	RISK-MAP-MATERIALIZE-001	RISK-MAP-APPROVE-001	036d293c6e2fa506922c53ffcfdd44476ec903fdc639e2c12b73815d4401f026	402b4004b987169e1cc5b9b0356061794218ef45ee473839b80b72a91cf1f9ed	YES
8f6c4687bd49514378d02c7d880f85c7beaa2f353326b85348f5a5fb64fb9438	CIC_W	452	204fd2b5-6d67-42c3-aeda-94977217033f	EXACT_EQUIVALENT	APPROVED	MANUAL_REVIEW	OWNER_APPROVED_CONCEPT_MEMBERSHIP	RISK-MAP-MATERIALIZE-001	RISK-MAP-APPROVE-001	036d293c6e2fa506922c53ffcfdd44476ec903fdc639e2c12b73815d4401f026	402b4004b987169e1cc5b9b0356061794218ef45ee473839b80b72a91cf1f9ed	YES
8cf4c43f4a7b7ec7b6ae84d68ce023f128b52010b4239778bf37dcc27a7cc901	CIC_W	4521	4879080a-30d5-46e4-9897-25c95f942541	EXACT_EQUIVALENT	APPROVED	MANUAL_REVIEW	OWNER_APPROVED_CONCEPT_MEMBERSHIP	RISK-MAP-MATERIALIZE-001	RISK-MAP-APPROVE-001	036d293c6e2fa506922c53ffcfdd44476ec903fdc639e2c12b73815d4401f026	402b4004b987169e1cc5b9b0356061794218ef45ee473839b80b72a91cf1f9ed	YES
e2291cc76308a079dbe8505ffa7eb73b1897192725f6295d0eb1f1c6058e5e50	CIC_W	4522	4d62899d-5bd0-4225-8839-c808dc373ac9	EXACT_EQUIVALENT	APPROVED	MANUAL_REVIEW	OWNER_APPROVED_CONCEPT_MEMBERSHIP	RISK-MAP-MATERIALIZE-001	RISK-MAP-APPROVE-001	036d293c6e2fa506922c53ffcfdd44476ec903fdc639e2c12b73815d4401f026	402b4004b987169e1cc5b9b0356061794218ef45ee473839b80b72a91cf1f9ed	YES
306a77f53b848b2e4a87097e52adf3b23314298fec5d9d4433efa28538a3572e	CIC_W	4525	91fa03a0-b6ad-4324-b478-8e0da77f41cf	EXACT_EQUIVALENT	APPROVED	MANUAL_REVIEW	OWNER_APPROVED_CONCEPT_MEMBERSHIP	RISK-MAP-MATERIALIZE-001	RISK-MAP-APPROVE-001	036d293c6e2fa506922c53ffcfdd44476ec903fdc639e2c12b73815d4401f026	402b4004b987169e1cc5b9b0356061794218ef45ee473839b80b72a91cf1f9ed	YES
7800a10392269f8b747485040399c754d26eba7114dac422983d4397a5dc85d4	CIC_W	4526	d3b426fc-98b4-4fd9-80be-9373b75ed495	EXACT_EQUIVALENT	APPROVED	MANUAL_REVIEW	OWNER_APPROVED_CONCEPT_MEMBERSHIP	RISK-MAP-MATERIALIZE-001	RISK-MAP-APPROVE-001	036d293c6e2fa506922c53ffcfdd44476ec903fdc639e2c12b73815d4401f026	402b4004b987169e1cc5b9b0356061794218ef45ee473839b80b72a91cf1f9ed	YES
158117eba2b92a0976cf018b8cdea3a22f943b205dc9544a4850139a8ad059e3	CIC_W	453	8c908499-6b1c-4e72-b21a-4820cbc13213	EXACT_EQUIVALENT	APPROVED	MANUAL_REVIEW	OWNER_APPROVED_CONCEPT_MEMBERSHIP	RISK-MAP-MATERIALIZE-001	RISK-MAP-APPROVE-001	036d293c6e2fa506922c53ffcfdd44476ec903fdc639e2c12b73815d4401f026	402b4004b987169e1cc5b9b0356061794218ef45ee473839b80b72a91cf1f9ed	YES
7195fb965b69255fd00d7b024b3c538ab0493a95c95e7a6d180fe40e69384fc0	CIC_W	4531	59af9acf-9dab-4cbd-af97-02b53123df88	EXACT_EQUIVALENT	APPROVED	MANUAL_REVIEW	OWNER_APPROVED_CONCEPT_MEMBERSHIP	RISK-MAP-MATERIALIZE-001	RISK-MAP-APPROVE-001	036d293c6e2fa506922c53ffcfdd44476ec903fdc639e2c12b73815d4401f026	402b4004b987169e1cc5b9b0356061794218ef45ee473839b80b72a91cf1f9ed	YES
42832563e21754f9eca65fc5f44d5d21312dc975464098b8aa61a34e4221dd5b	CIC_W	4533	2c461a8a-fd83-4a04-95dc-07c691fb131a	EXACT_EQUIVALENT	APPROVED	MANUAL_REVIEW	OWNER_APPROVED_CONCEPT_MEMBERSHIP	RISK-MAP-MATERIALIZE-001	RISK-MAP-APPROVE-001	036d293c6e2fa506922c53ffcfdd44476ec903fdc639e2c12b73815d4401f026	402b4004b987169e1cc5b9b0356061794218ef45ee473839b80b72a91cf1f9ed	YES
9c5934c4b1960353ca4b107c6cc66c82d530856fcdb92315f592c4d23aa972cc	CIC_W	454	69f8d873-5093-4204-9150-57d65de28751	EXACT_EQUIVALENT	APPROVED	MANUAL_REVIEW	OWNER_APPROVED_CONCEPT_MEMBERSHIP	RISK-MAP-MATERIALIZE-001	RISK-MAP-APPROVE-001	036d293c6e2fa506922c53ffcfdd44476ec903fdc639e2c12b73815d4401f026	402b4004b987169e1cc5b9b0356061794218ef45ee473839b80b72a91cf1f9ed	YES
709963733c823b0625d29fff5fbae31ae7fbfedb9002bcc10383300b40e3b7c0	CIC_W	4541	bd0a341a-ad36-497b-a019-2fabef384a1e	EXACT_EQUIVALENT	APPROVED	MANUAL_REVIEW	OWNER_APPROVED_CONCEPT_MEMBERSHIP	RISK-MAP-MATERIALIZE-001	RISK-MAP-APPROVE-001	036d293c6e2fa506922c53ffcfdd44476ec903fdc639e2c12b73815d4401f026	402b4004b987169e1cc5b9b0356061794218ef45ee473839b80b72a91cf1f9ed	YES
27bf76c3accf9602cf6881bdddc3f40b2437b99d7e422f1e19bbbd3cdbb94249	CIC_W	4542	90930af3-0b18-4126-8112-35d3f4cad886	EXACT_EQUIVALENT	APPROVED	MANUAL_REVIEW	OWNER_APPROVED_CONCEPT_MEMBERSHIP	RISK-MAP-MATERIALIZE-001	RISK-MAP-APPROVE-001	036d293c6e2fa506922c53ffcfdd44476ec903fdc639e2c12b73815d4401f026	402b4004b987169e1cc5b9b0356061794218ef45ee473839b80b72a91cf1f9ed	YES
a99d4dfd8704cdbc63b5a8b2474d481c8b0078d51bf9169da40dcd41987d91c9	CIC_W	4543	fae0a7c9-10ee-4f4a-95eb-599bfd8d4710	EXACT_EQUIVALENT	APPROVED	MANUAL_REVIEW	OWNER_APPROVED_CONCEPT_MEMBERSHIP	RISK-MAP-MATERIALIZE-001	RISK-MAP-APPROVE-001	036d293c6e2fa506922c53ffcfdd44476ec903fdc639e2c12b73815d4401f026	402b4004b987169e1cc5b9b0356061794218ef45ee473839b80b72a91cf1f9ed	YES
afdb8c3b7b264d569c1c2c3bd1c513b2ca59a4fa4557b4e916d915d0d72e997d	CIC_W	4545	ac6f8edf-db7a-4b43-8111-cf08693e635f	EXACT_EQUIVALENT	APPROVED	MANUAL_REVIEW	OWNER_APPROVED_CONCEPT_MEMBERSHIP	RISK-MAP-MATERIALIZE-001	RISK-MAP-APPROVE-001	036d293c6e2fa506922c53ffcfdd44476ec903fdc639e2c12b73815d4401f026	402b4004b987169e1cc5b9b0356061794218ef45ee473839b80b72a91cf1f9ed	YES
64bdf62fb20e1483436aa7e58a90c659f1b53bc0923e7f3d417cfccb78e91eb7	CIC_W	4546	249debe5-e013-4236-8dc0-936a7b24c88a	EXACT_EQUIVALENT	APPROVED	MANUAL_REVIEW	OWNER_APPROVED_CONCEPT_MEMBERSHIP	RISK-MAP-MATERIALIZE-001	RISK-MAP-APPROVE-001	036d293c6e2fa506922c53ffcfdd44476ec903fdc639e2c12b73815d4401f026	402b4004b987169e1cc5b9b0356061794218ef45ee473839b80b72a91cf1f9ed	YES
167b257a3975f65b8ea5794af68affd9dba9591b18cebcc817fe441d15041bb5	CIC_W	455	1b598b23-9ab8-4973-ad1a-4b87bfa67ea0	EXACT_EQUIVALENT	APPROVED	MANUAL_REVIEW	OWNER_APPROVED_CONCEPT_MEMBERSHIP	RISK-MAP-MATERIALIZE-001	RISK-MAP-APPROVE-001	036d293c6e2fa506922c53ffcfdd44476ec903fdc639e2c12b73815d4401f026	402b4004b987169e1cc5b9b0356061794218ef45ee473839b80b72a91cf1f9ed	YES
ebdc4aeb8b6cab593bfe18465d2327b1e6e2292a51bbbc3c0f1078b1a4b01c9a	CIC_W	4551	26768222-6b67-4bb0-8bd3-23528d0a6468	EXACT_EQUIVALENT	APPROVED	MANUAL_REVIEW	OWNER_APPROVED_CONCEPT_MEMBERSHIP	RISK-MAP-MATERIALIZE-001	RISK-MAP-APPROVE-001	036d293c6e2fa506922c53ffcfdd44476ec903fdc639e2c12b73815d4401f026	402b4004b987169e1cc5b9b0356061794218ef45ee473839b80b72a91cf1f9ed	YES
1e33c3c1d1804e5e2e0388cbbcba1e8fe3f6861f72ba1ad7633810109303742d	CIC_W	4552	1c72585a-6ee2-4d01-b47f-24731cb0fdef	EXACT_EQUIVALENT	APPROVED	MANUAL_REVIEW	OWNER_APPROVED_CONCEPT_MEMBERSHIP	RISK-MAP-MATERIALIZE-001	RISK-MAP-APPROVE-001	036d293c6e2fa506922c53ffcfdd44476ec903fdc639e2c12b73815d4401f026	402b4004b987169e1cc5b9b0356061794218ef45ee473839b80b72a91cf1f9ed	YES
64cbd75be5cc88ccb84b08dffe554e04d34ea0346b4236be85296d8c19e5dd72	CIC_W	4553	d4469b22-d2d8-4b55-a7cb-6c948cb54aa8	EXACT_EQUIVALENT	APPROVED	MANUAL_REVIEW	OWNER_APPROVED_CONCEPT_MEMBERSHIP	RISK-MAP-MATERIALIZE-001	RISK-MAP-APPROVE-001	036d293c6e2fa506922c53ffcfdd44476ec903fdc639e2c12b73815d4401f026	402b4004b987169e1cc5b9b0356061794218ef45ee473839b80b72a91cf1f9ed	YES
416e2fff03a9e1f8a4200a67adbfd8fc169f9073b260d7f9aa19ff769867c018	CIC_W	4555	d951eca8-bd00-4144-a9af-d16bd382d0d8	EXACT_EQUIVALENT	APPROVED	MANUAL_REVIEW	OWNER_APPROVED_CONCEPT_MEMBERSHIP	RISK-MAP-MATERIALIZE-001	RISK-MAP-APPROVE-001	036d293c6e2fa506922c53ffcfdd44476ec903fdc639e2c12b73815d4401f026	402b4004b987169e1cc5b9b0356061794218ef45ee473839b80b72a91cf1f9ed	YES
52d46273df8e253d58f70d59121e800879e0aa76a7e44c91eda3dd8d29ff7108	CIC_W	4556	8505e126-ffbd-4e69-88a1-d2dc46ba52cf	EXACT_EQUIVALENT	APPROVED	MANUAL_REVIEW	OWNER_APPROVED_CONCEPT_MEMBERSHIP	RISK-MAP-MATERIALIZE-001	RISK-MAP-APPROVE-001	036d293c6e2fa506922c53ffcfdd44476ec903fdc639e2c12b73815d4401f026	402b4004b987169e1cc5b9b0356061794218ef45ee473839b80b72a91cf1f9ed	YES
05af8b28606735e94722b4ea4fbb746aa0bdba9333009eea5a6fb503490b058d	CIC_W	456	cd3fd9c9-8693-4719-a1d8-b8ab7d62150e	EXACT_EQUIVALENT	APPROVED	MANUAL_REVIEW	OWNER_APPROVED_CONCEPT_MEMBERSHIP	RISK-MAP-MATERIALIZE-001	RISK-MAP-APPROVE-001	036d293c6e2fa506922c53ffcfdd44476ec903fdc639e2c12b73815d4401f026	402b4004b987169e1cc5b9b0356061794218ef45ee473839b80b72a91cf1f9ed	YES
a3a2f98d1f6d8cbf83157e201106b8bab45051c188771d8d300838b95d71e5bd	CIC_W	4561	e9850b83-3022-4f78-8510-05b22285b1a5	EXACT_EQUIVALENT	APPROVED	MANUAL_REVIEW	OWNER_APPROVED_CONCEPT_MEMBERSHIP	RISK-MAP-MATERIALIZE-001	RISK-MAP-APPROVE-001	036d293c6e2fa506922c53ffcfdd44476ec903fdc639e2c12b73815d4401f026	402b4004b987169e1cc5b9b0356061794218ef45ee473839b80b72a91cf1f9ed	YES
51dcfec39ea8982eac32c6387c8bb039455d9b4964ab275a503c27eba55fadaa	CIC_W	4565	2ea3dcdd-502e-4741-8619-2be5da886094	EXACT_EQUIVALENT	APPROVED	MANUAL_REVIEW	OWNER_APPROVED_CONCEPT_MEMBERSHIP	RISK-MAP-MATERIALIZE-001	RISK-MAP-APPROVE-001	036d293c6e2fa506922c53ffcfdd44476ec903fdc639e2c12b73815d4401f026	402b4004b987169e1cc5b9b0356061794218ef45ee473839b80b72a91cf1f9ed	YES
8b0daa36c603e28e2c80b33097d8d454edc06181b7b0615bedb8e444942cf902	CIC_W	46	1040f9ac-c01a-4d59-ab9f-ce549d0f641b	EXACT_EQUIVALENT	APPROVED	MANUAL_REVIEW	OWNER_APPROVED_CONCEPT_MEMBERSHIP	RISK-MAP-MATERIALIZE-001	RISK-MAP-APPROVE-001	036d293c6e2fa506922c53ffcfdd44476ec903fdc639e2c12b73815d4401f026	402b4004b987169e1cc5b9b0356061794218ef45ee473839b80b72a91cf1f9ed	YES
461855eb579bf5cbc85f111c159527ea179e01febbc08f7a476f53c94c2a0bb1	CIC_W	461	440e6421-a389-4415-991f-b1a4c350d3f1	EXACT_EQUIVALENT	APPROVED	MANUAL_REVIEW	OWNER_APPROVED_CONCEPT_MEMBERSHIP	RISK-MAP-MATERIALIZE-001	RISK-MAP-APPROVE-001	036d293c6e2fa506922c53ffcfdd44476ec903fdc639e2c12b73815d4401f026	402b4004b987169e1cc5b9b0356061794218ef45ee473839b80b72a91cf1f9ed	YES
c5ce0988eec4b7f80e82f616e854aaf9475ecb9c059cea7847e5a546d7280880	CIC_W	4618	1105ea86-722b-41ba-848b-b99ff89d811a	EXACT_EQUIVALENT	APPROVED	MANUAL_REVIEW	OWNER_APPROVED_CONCEPT_MEMBERSHIP	RISK-MAP-MATERIALIZE-001	RISK-MAP-APPROVE-001	036d293c6e2fa506922c53ffcfdd44476ec903fdc639e2c12b73815d4401f026	402b4004b987169e1cc5b9b0356061794218ef45ee473839b80b72a91cf1f9ed	YES
4ff3e59c4c0afc8036d3dc94326833e62c104e38e796edb6d2f548a9a858acf6	CIC_W	47	abef3abd-2b30-455a-87bc-1e2b9c875aa7	EXACT_EQUIVALENT	APPROVED	MANUAL_REVIEW	OWNER_APPROVED_CONCEPT_MEMBERSHIP	RISK-MAP-MATERIALIZE-001	RISK-MAP-APPROVE-001	036d293c6e2fa506922c53ffcfdd44476ec903fdc639e2c12b73815d4401f026	402b4004b987169e1cc5b9b0356061794218ef45ee473839b80b72a91cf1f9ed	YES
0d29e7e6c1009de03a713f7a87f3c0d34e37116d63145e40542080bb0b91afa7	CIC_W	471	d42fec88-281e-4fd6-916b-38442b1cd54a	EXACT_EQUIVALENT	APPROVED	MANUAL_REVIEW	OWNER_APPROVED_CONCEPT_MEMBERSHIP	RISK-MAP-MATERIALIZE-001	RISK-MAP-APPROVE-001	036d293c6e2fa506922c53ffcfdd44476ec903fdc639e2c12b73815d4401f026	402b4004b987169e1cc5b9b0356061794218ef45ee473839b80b72a91cf1f9ed	YES
0a7a458be204487f5a2333fa959dd65281546df8a18d52ca94da5e64475347c2	CIC_W	472	8dcf70b3-7e33-43a1-9fc2-245037f62970	EXACT_EQUIVALENT	APPROVED	MANUAL_REVIEW	OWNER_APPROVED_CONCEPT_MEMBERSHIP	RISK-MAP-MATERIALIZE-001	RISK-MAP-APPROVE-001	036d293c6e2fa506922c53ffcfdd44476ec903fdc639e2c12b73815d4401f026	402b4004b987169e1cc5b9b0356061794218ef45ee473839b80b72a91cf1f9ed	YES
c654f2f05ae779d34148649404faa1a2bf8c5610e5b670081ee6509f94054d1d	CIC_W	473	d1ef88b6-c566-4bb5-a60d-0d22ee2f3f4f	EXACT_EQUIVALENT	APPROVED	MANUAL_REVIEW	OWNER_APPROVED_CONCEPT_MEMBERSHIP	RISK-MAP-MATERIALIZE-001	RISK-MAP-APPROVE-001	036d293c6e2fa506922c53ffcfdd44476ec903fdc639e2c12b73815d4401f026	402b4004b987169e1cc5b9b0356061794218ef45ee473839b80b72a91cf1f9ed	YES
ec8c88ea2952716bd2fcf78be3d2f61eae1ccb22158fcbe1f6d1b2df67772680	CIC_W	475	d29022bc-5dd6-4a51-9dc6-8744789240bd	EXACT_EQUIVALENT	APPROVED	MANUAL_REVIEW	OWNER_APPROVED_CONCEPT_MEMBERSHIP	RISK-MAP-MATERIALIZE-001	RISK-MAP-APPROVE-001	036d293c6e2fa506922c53ffcfdd44476ec903fdc639e2c12b73815d4401f026	402b4004b987169e1cc5b9b0356061794218ef45ee473839b80b72a91cf1f9ed	YES
b380541bbfa5b2720795395175b407ef0471d97480f5581196fe1f19422d2df3	CIC_W	4751	98b21d59-42c5-4184-9ed3-846402a90466	EXACT_EQUIVALENT	APPROVED	MANUAL_REVIEW	OWNER_APPROVED_CONCEPT_MEMBERSHIP	RISK-MAP-MATERIALIZE-001	RISK-MAP-APPROVE-001	036d293c6e2fa506922c53ffcfdd44476ec903fdc639e2c12b73815d4401f026	402b4004b987169e1cc5b9b0356061794218ef45ee473839b80b72a91cf1f9ed	YES
a2005e4c26afa1135b172dc7cf374eaa5e066e6f6a30102fe69b9763378e5bbf	CIC_W	4752	a8c1bbe0-b76b-4f6f-9b24-b05a0a5b494a	EXACT_EQUIVALENT	APPROVED	MANUAL_REVIEW	OWNER_APPROVED_CONCEPT_MEMBERSHIP	RISK-MAP-MATERIALIZE-001	RISK-MAP-APPROVE-001	036d293c6e2fa506922c53ffcfdd44476ec903fdc639e2c12b73815d4401f026	402b4004b987169e1cc5b9b0356061794218ef45ee473839b80b72a91cf1f9ed	YES
b5ec2802d42028013f33cb1e06325db7fb3326b375f2b6c7ae369404847da615	CIC_W	4755	1ef615dd-fc8d-4f56-8c87-6bf5bbeea00d	EXACT_EQUIVALENT	APPROVED	MANUAL_REVIEW	OWNER_APPROVED_CONCEPT_MEMBERSHIP	RISK-MAP-MATERIALIZE-001	RISK-MAP-APPROVE-001	036d293c6e2fa506922c53ffcfdd44476ec903fdc639e2c12b73815d4401f026	402b4004b987169e1cc5b9b0356061794218ef45ee473839b80b72a91cf1f9ed	YES
21aa714d9bb112c17931eea4d6d1f373cb9eb473a691985c26c7eed304fd7c59	CIC_W	477	1aee87d8-146d-43ae-b343-d1a09cd64fe0	EXACT_EQUIVALENT	APPROVED	MANUAL_REVIEW	OWNER_APPROVED_CONCEPT_MEMBERSHIP	RISK-MAP-MATERIALIZE-001	RISK-MAP-APPROVE-001	036d293c6e2fa506922c53ffcfdd44476ec903fdc639e2c12b73815d4401f026	402b4004b987169e1cc5b9b0356061794218ef45ee473839b80b72a91cf1f9ed	YES
93f1182f0562175f90fe30bfbfca51a6299791f18e0d9b420d34c284896de9fb	CIC_W	4777	7ed34a97-86e9-4d04-b121-00c3269098ee	EXACT_EQUIVALENT	APPROVED	MANUAL_REVIEW	OWNER_APPROVED_CONCEPT_MEMBERSHIP	RISK-MAP-MATERIALIZE-001	RISK-MAP-APPROVE-001	036d293c6e2fa506922c53ffcfdd44476ec903fdc639e2c12b73815d4401f026	402b4004b987169e1cc5b9b0356061794218ef45ee473839b80b72a91cf1f9ed	YES
e5a405f6ff564b7892cf74e712dfbeb89f31ea925db2058b298a989af1dbebf1	CIC_W	4778	9f683835-9eee-4582-bec3-e572dc8830ff	EXACT_EQUIVALENT	APPROVED	MANUAL_REVIEW	OWNER_APPROVED_CONCEPT_MEMBERSHIP	RISK-MAP-MATERIALIZE-001	RISK-MAP-APPROVE-001	036d293c6e2fa506922c53ffcfdd44476ec903fdc639e2c12b73815d4401f026	402b4004b987169e1cc5b9b0356061794218ef45ee473839b80b72a91cf1f9ed	YES
d2d448a88314dbfebf024439969f1a3353d2dc4abfb1da84678e435e6fb9fb27	CIC_W	478	4a8eed35-4798-4eb7-806a-cf9c48c95d78	EXACT_EQUIVALENT	APPROVED	MANUAL_REVIEW	OWNER_APPROVED_CONCEPT_MEMBERSHIP	RISK-MAP-MATERIALIZE-001	RISK-MAP-APPROVE-001	036d293c6e2fa506922c53ffcfdd44476ec903fdc639e2c12b73815d4401f026	402b4004b987169e1cc5b9b0356061794218ef45ee473839b80b72a91cf1f9ed	YES
31ebdd9e7ce4ad8df1242f95766b1c95510aad48f55b21d09afcd54a6e932e92	CIC_W	48	81fde51a-0a82-4e8e-a2df-f04bd1072a6e	EXACT_EQUIVALENT	APPROVED	MANUAL_REVIEW	OWNER_APPROVED_CONCEPT_MEMBERSHIP	RISK-MAP-MATERIALIZE-001	RISK-MAP-APPROVE-001	036d293c6e2fa506922c53ffcfdd44476ec903fdc639e2c12b73815d4401f026	402b4004b987169e1cc5b9b0356061794218ef45ee473839b80b72a91cf1f9ed	YES
71dde2c73d51639400c22b27dca075cfb52dff97a304c43aff18444f75c1826f	CIC_W	486	7692c927-859a-46d5-ab98-9bc660772bde	EXACT_EQUIVALENT	APPROVED	MANUAL_REVIEW	OWNER_APPROVED_CONCEPT_MEMBERSHIP	RISK-MAP-MATERIALIZE-001	RISK-MAP-APPROVE-001	036d293c6e2fa506922c53ffcfdd44476ec903fdc639e2c12b73815d4401f026	402b4004b987169e1cc5b9b0356061794218ef45ee473839b80b72a91cf1f9ed	YES
1a8542541db2cc4d39d575d032f9012d1c750f4dd9a691b0a8a6f0d28ad1dbd6	CIC_W	487	3b86bbd2-c2dc-4b44-8e9d-b08d97072b91	EXACT_EQUIVALENT	APPROVED	MANUAL_REVIEW	OWNER_APPROVED_CONCEPT_MEMBERSHIP	RISK-MAP-MATERIALIZE-001	RISK-MAP-APPROVE-001	036d293c6e2fa506922c53ffcfdd44476ec903fdc639e2c12b73815d4401f026	402b4004b987169e1cc5b9b0356061794218ef45ee473839b80b72a91cf1f9ed	YES
6eafb7dc8c7610c6c6726656b5090cf9436769cd08ec3e04ff14734dcb85937d	CIC_W	4871	819b80ab-829f-4538-b984-b289e98c02ef	EXACT_EQUIVALENT	APPROVED	MANUAL_REVIEW	OWNER_APPROVED_CONCEPT_MEMBERSHIP	RISK-MAP-MATERIALIZE-001	RISK-MAP-APPROVE-001	036d293c6e2fa506922c53ffcfdd44476ec903fdc639e2c12b73815d4401f026	402b4004b987169e1cc5b9b0356061794218ef45ee473839b80b72a91cf1f9ed	YES
691f4be60788482aa883e71ee6a625bd5ffc2ba2d2aeee38a2f20cbfc7de6f62	CIC_W	4878	d61f51e4-e52c-46f1-bf67-1043aa6107a4	EXACT_EQUIVALENT	APPROVED	MANUAL_REVIEW	OWNER_APPROVED_CONCEPT_MEMBERSHIP	RISK-MAP-MATERIALIZE-001	RISK-MAP-APPROVE-001	036d293c6e2fa506922c53ffcfdd44476ec903fdc639e2c12b73815d4401f026	402b4004b987169e1cc5b9b0356061794218ef45ee473839b80b72a91cf1f9ed	YES
e60450cefa7c12888d72ca804df71a21aa66310361b0df593ddb99aae7ae8267	CIC_W	488	946afb48-0059-4654-b316-804cc574ac1d	EXACT_EQUIVALENT	APPROVED	MANUAL_REVIEW	OWNER_APPROVED_CONCEPT_MEMBERSHIP	RISK-MAP-MATERIALIZE-001	RISK-MAP-APPROVE-001	036d293c6e2fa506922c53ffcfdd44476ec903fdc639e2c12b73815d4401f026	402b4004b987169e1cc5b9b0356061794218ef45ee473839b80b72a91cf1f9ed	YES
2aabf7fdd1098b3352658640a7629c908954416ba1dde89387cacf239282228f	CIC_W	4881	50123de1-1e05-4583-a545-d7da49345838	EXACT_EQUIVALENT	APPROVED	MANUAL_REVIEW	OWNER_APPROVED_CONCEPT_MEMBERSHIP	RISK-MAP-MATERIALIZE-001	RISK-MAP-APPROVE-001	036d293c6e2fa506922c53ffcfdd44476ec903fdc639e2c12b73815d4401f026	402b4004b987169e1cc5b9b0356061794218ef45ee473839b80b72a91cf1f9ed	YES
e9508a419843c5472656365a935db010a854bf0262141d08652cb205db00cce9	CIC_W	4882	b10f615b-c9a0-40d8-a613-ee84a0fd90fa	EXACT_EQUIVALENT	APPROVED	MANUAL_REVIEW	OWNER_APPROVED_CONCEPT_MEMBERSHIP	RISK-MAP-MATERIALIZE-001	RISK-MAP-APPROVE-001	036d293c6e2fa506922c53ffcfdd44476ec903fdc639e2c12b73815d4401f026	402b4004b987169e1cc5b9b0356061794218ef45ee473839b80b72a91cf1f9ed	YES
f30ac873d7fa38f0f24a2a838e96aeb2e61acf6d13e9bcb8c74971365fb15be2	CIC_W	4883	6fd08cd7-d483-4c25-b07e-0871a696ea25	EXACT_EQUIVALENT	APPROVED	MANUAL_REVIEW	OWNER_APPROVED_CONCEPT_MEMBERSHIP	RISK-MAP-MATERIALIZE-001	RISK-MAP-APPROVE-001	036d293c6e2fa506922c53ffcfdd44476ec903fdc639e2c12b73815d4401f026	402b4004b987169e1cc5b9b0356061794218ef45ee473839b80b72a91cf1f9ed	YES
74d09fa33027b8d266cd021917bd59b41cab65e2800f7820f44a67484afdffa4	CIC_W	4884	8eba4b74-708c-4469-827c-861b09e3bc8b	EXACT_EQUIVALENT	APPROVED	MANUAL_REVIEW	OWNER_APPROVED_CONCEPT_MEMBERSHIP	RISK-MAP-MATERIALIZE-001	RISK-MAP-APPROVE-001	036d293c6e2fa506922c53ffcfdd44476ec903fdc639e2c12b73815d4401f026	402b4004b987169e1cc5b9b0356061794218ef45ee473839b80b72a91cf1f9ed	YES
82f81418e9aafdd1cc11727605ed4622b899d2c47e22f179847d82f4bdc7f241	CIC_W	4888	011c9b22-62b5-4e39-8e72-f60e147d2aff	EXACT_EQUIVALENT	APPROVED	MANUAL_REVIEW	OWNER_APPROVED_CONCEPT_MEMBERSHIP	RISK-MAP-MATERIALIZE-001	RISK-MAP-APPROVE-001	036d293c6e2fa506922c53ffcfdd44476ec903fdc639e2c12b73815d4401f026	402b4004b987169e1cc5b9b0356061794218ef45ee473839b80b72a91cf1f9ed	YES
0e7ab3480395467b94bdf4f7d39e3420ba58ed1df5364ee5612940ca905c7969	CIC_W	51	51606bb5-d9c3-411f-8e33-3cb20fc8f923	EXACT_EQUIVALENT	APPROVED	MANUAL_REVIEW	OWNER_APPROVED_CONCEPT_MEMBERSHIP	RISK-MAP-MATERIALIZE-001	RISK-MAP-APPROVE-001	036d293c6e2fa506922c53ffcfdd44476ec903fdc639e2c12b73815d4401f026	402b4004b987169e1cc5b9b0356061794218ef45ee473839b80b72a91cf1f9ed	YES
7bbb29d871e405e6746f088906e4f5da5a5456993719e7174251b8a1cbde415b	CIC_W	511	7f705268-8f4d-433e-aa04-2091d14ad7d8	EXACT_EQUIVALENT	APPROVED	MANUAL_REVIEW	OWNER_APPROVED_CONCEPT_MEMBERSHIP	RISK-MAP-MATERIALIZE-001	RISK-MAP-APPROVE-001	036d293c6e2fa506922c53ffcfdd44476ec903fdc639e2c12b73815d4401f026	402b4004b987169e1cc5b9b0356061794218ef45ee473839b80b72a91cf1f9ed	YES
d4bf14ecc076d59afbb41e2a3692f740df639e91125516f4df4abd5c110873d9	CIC_W	512	f006b7f6-eacb-465a-9cf5-366b00a020cb	EXACT_EQUIVALENT	APPROVED	MANUAL_REVIEW	OWNER_APPROVED_CONCEPT_MEMBERSHIP	RISK-MAP-MATERIALIZE-001	RISK-MAP-APPROVE-001	036d293c6e2fa506922c53ffcfdd44476ec903fdc639e2c12b73815d4401f026	402b4004b987169e1cc5b9b0356061794218ef45ee473839b80b72a91cf1f9ed	YES
6df40b00a78aba5bfabf9911090379c4d0221b3a4fd6c3b9bd42066e64ed5baa	CIC_W	5131	2ccfbd4e-dd01-4740-95cd-296808302bcc	EXACT_EQUIVALENT	APPROVED	MANUAL_REVIEW	OWNER_APPROVED_CONCEPT_MEMBERSHIP	RISK-MAP-MATERIALIZE-001	RISK-MAP-APPROVE-001	036d293c6e2fa506922c53ffcfdd44476ec903fdc639e2c12b73815d4401f026	402b4004b987169e1cc5b9b0356061794218ef45ee473839b80b72a91cf1f9ed	YES
188cf522c50f5576e7ed1d11b2f8f7dc02afc1ec3f88909392964c561837edc5	CIC_W	5132	290b6155-d3f3-404c-bb91-902b712d9eff	EXACT_EQUIVALENT	APPROVED	MANUAL_REVIEW	OWNER_APPROVED_CONCEPT_MEMBERSHIP	RISK-MAP-MATERIALIZE-001	RISK-MAP-APPROVE-001	036d293c6e2fa506922c53ffcfdd44476ec903fdc639e2c12b73815d4401f026	402b4004b987169e1cc5b9b0356061794218ef45ee473839b80b72a91cf1f9ed	YES
4e468fa044609e0b1b05d24d3229bee21b344b405b5614d523c7cb6c06d9a548	CIC_W	514	073b0acc-4e0d-4ce6-9d93-d13feeeddd07	EXACT_EQUIVALENT	APPROVED	MANUAL_REVIEW	OWNER_APPROVED_CONCEPT_MEMBERSHIP	RISK-MAP-MATERIALIZE-001	RISK-MAP-APPROVE-001	036d293c6e2fa506922c53ffcfdd44476ec903fdc639e2c12b73815d4401f026	402b4004b987169e1cc5b9b0356061794218ef45ee473839b80b72a91cf1f9ed	YES
72a80057c9844a3513ef35a227c5b9e59b68c67abea33a7850010761a3c6c70b	CIC_W	5141	a74f7959-f4e8-43f4-b033-580946cc7500	EXACT_EQUIVALENT	APPROVED	MANUAL_REVIEW	OWNER_APPROVED_CONCEPT_MEMBERSHIP	RISK-MAP-MATERIALIZE-001	RISK-MAP-APPROVE-001	036d293c6e2fa506922c53ffcfdd44476ec903fdc639e2c12b73815d4401f026	402b4004b987169e1cc5b9b0356061794218ef45ee473839b80b72a91cf1f9ed	YES
aa648dab6e55e4e727199926cdc12ee08489dc0664950c3daf9454dfb9d7b62a	CIC_W	5142	53046929-f19e-4338-8bf2-99fe515d0b1c	EXACT_EQUIVALENT	APPROVED	MANUAL_REVIEW	OWNER_APPROVED_CONCEPT_MEMBERSHIP	RISK-MAP-MATERIALIZE-001	RISK-MAP-APPROVE-001	036d293c6e2fa506922c53ffcfdd44476ec903fdc639e2c12b73815d4401f026	402b4004b987169e1cc5b9b0356061794218ef45ee473839b80b72a91cf1f9ed	YES
354fdcc60c046e17e2f3414650ac72888377af707f9341f2e01d8e0ade63fbae	CIC_W	5144	b70048ca-31a4-485e-934c-dae29266d62a	EXACT_EQUIVALENT	APPROVED	MANUAL_REVIEW	OWNER_APPROVED_CONCEPT_MEMBERSHIP	RISK-MAP-MATERIALIZE-001	RISK-MAP-APPROVE-001	036d293c6e2fa506922c53ffcfdd44476ec903fdc639e2c12b73815d4401f026	402b4004b987169e1cc5b9b0356061794218ef45ee473839b80b72a91cf1f9ed	YES
da8b330c418090d1f0bc253add354c8ab9a043c226468563a25d2f06fa015e4e	CIC_W	5146	f05c8db7-9606-411c-8abe-3128233e1dc0	EXACT_EQUIVALENT	APPROVED	MANUAL_REVIEW	OWNER_APPROVED_CONCEPT_MEMBERSHIP	RISK-MAP-MATERIALIZE-001	RISK-MAP-APPROVE-001	036d293c6e2fa506922c53ffcfdd44476ec903fdc639e2c12b73815d4401f026	402b4004b987169e1cc5b9b0356061794218ef45ee473839b80b72a91cf1f9ed	YES
c40f516ed27b3f6c91b693a8981ea9f82d68106d7292300bfc615c9611f75624	CIC_W	515	bb494f3d-604c-4aa5-a93f-7e34af3e27ab	EXACT_EQUIVALENT	APPROVED	MANUAL_REVIEW	OWNER_APPROVED_CONCEPT_MEMBERSHIP	RISK-MAP-MATERIALIZE-001	RISK-MAP-APPROVE-001	036d293c6e2fa506922c53ffcfdd44476ec903fdc639e2c12b73815d4401f026	402b4004b987169e1cc5b9b0356061794218ef45ee473839b80b72a91cf1f9ed	YES
9d0ad561fb2a10f30c0101a790b5831818ce0baee985067a4da178554ab63d7e	CIC_W	5154	f24192ea-a772-4f8e-9ca2-e7e0450ce26b	EXACT_EQUIVALENT	APPROVED	MANUAL_REVIEW	OWNER_APPROVED_CONCEPT_MEMBERSHIP	RISK-MAP-MATERIALIZE-001	RISK-MAP-APPROVE-001	036d293c6e2fa506922c53ffcfdd44476ec903fdc639e2c12b73815d4401f026	402b4004b987169e1cc5b9b0356061794218ef45ee473839b80b72a91cf1f9ed	YES
d62ea672c2a19e3f665cf0075ad89a0c98b12552d073fe171fece81e84c98998	CIC_W	5155	f8d0c9aa-87a7-4efe-bdf4-f6bc4b2d2962	EXACT_EQUIVALENT	APPROVED	MANUAL_REVIEW	OWNER_APPROVED_CONCEPT_MEMBERSHIP	RISK-MAP-MATERIALIZE-001	RISK-MAP-APPROVE-001	036d293c6e2fa506922c53ffcfdd44476ec903fdc639e2c12b73815d4401f026	402b4004b987169e1cc5b9b0356061794218ef45ee473839b80b72a91cf1f9ed	YES
519218f724862d0a964d8d02d5f1d7c87c02b1340fb7a6a91f77758f48f1b295	CIC_W	516	daab7a35-f93b-48b3-b605-f99fb38fb1a0	EXACT_EQUIVALENT	APPROVED	MANUAL_REVIEW	OWNER_APPROVED_CONCEPT_MEMBERSHIP	RISK-MAP-MATERIALIZE-001	RISK-MAP-APPROVE-001	036d293c6e2fa506922c53ffcfdd44476ec903fdc639e2c12b73815d4401f026	402b4004b987169e1cc5b9b0356061794218ef45ee473839b80b72a91cf1f9ed	YES
652d6e69e074b0a5a79749d53e47272bcea27d7ae354bcdf0a3d51428b24c06e	CIC_W	5161	14e7149c-7e23-4b8a-968b-4a7c5dade5c0	EXACT_EQUIVALENT	APPROVED	MANUAL_REVIEW	OWNER_APPROVED_CONCEPT_MEMBERSHIP	RISK-MAP-MATERIALIZE-001	RISK-MAP-APPROVE-001	036d293c6e2fa506922c53ffcfdd44476ec903fdc639e2c12b73815d4401f026	402b4004b987169e1cc5b9b0356061794218ef45ee473839b80b72a91cf1f9ed	YES
9e5068a584a0da3298241418f79ababe3fc5a8cadce01285e524072d72180331	CIC_W	5162	d2831aea-2641-48ef-9495-8f134101b54d	EXACT_EQUIVALENT	APPROVED	MANUAL_REVIEW	OWNER_APPROVED_CONCEPT_MEMBERSHIP	RISK-MAP-MATERIALIZE-001	RISK-MAP-APPROVE-001	036d293c6e2fa506922c53ffcfdd44476ec903fdc639e2c12b73815d4401f026	402b4004b987169e1cc5b9b0356061794218ef45ee473839b80b72a91cf1f9ed	YES
cf6420357c7d1ec51b2bacf57a76a0cb48fb5737e30a07c8b577a4241a325b68	CIC_W	5163	b574f55c-e86a-49b1-bdd9-bee87b5c6dc3	EXACT_EQUIVALENT	APPROVED	MANUAL_REVIEW	OWNER_APPROVED_CONCEPT_MEMBERSHIP	RISK-MAP-MATERIALIZE-001	RISK-MAP-APPROVE-001	036d293c6e2fa506922c53ffcfdd44476ec903fdc639e2c12b73815d4401f026	402b4004b987169e1cc5b9b0356061794218ef45ee473839b80b72a91cf1f9ed	YES
841e4caeb39931e4c17ae042fe91d558332bb197b4b846db6e6644909d0ec183	CIC_W	5164	41ced568-9e4d-43d7-afad-ed3700539c04	EXACT_EQUIVALENT	APPROVED	MANUAL_REVIEW	OWNER_APPROVED_CONCEPT_MEMBERSHIP	RISK-MAP-MATERIALIZE-001	RISK-MAP-APPROVE-001	036d293c6e2fa506922c53ffcfdd44476ec903fdc639e2c12b73815d4401f026	402b4004b987169e1cc5b9b0356061794218ef45ee473839b80b72a91cf1f9ed	YES
60489f3eaf8b48db6879ad9077a3b7b6a1c8d3616472e685d5ad3dea251fbfac	CIC_W	5165	89461b83-12be-4c91-8064-ce5e4ff8bfec	EXACT_EQUIVALENT	APPROVED	MANUAL_REVIEW	OWNER_APPROVED_CONCEPT_MEMBERSHIP	RISK-MAP-MATERIALIZE-001	RISK-MAP-APPROVE-001	036d293c6e2fa506922c53ffcfdd44476ec903fdc639e2c12b73815d4401f026	402b4004b987169e1cc5b9b0356061794218ef45ee473839b80b72a91cf1f9ed	YES
266b8830ff13235e78cc7695688e9b461025f864f1dffdb2173cd03a6e8eafc6	CIC_W	518	1d0bd5eb-b7c8-4bed-9ada-c52ccf609496	EXACT_EQUIVALENT	APPROVED	MANUAL_REVIEW	OWNER_APPROVED_CONCEPT_MEMBERSHIP	RISK-MAP-MATERIALIZE-001	RISK-MAP-APPROVE-001	036d293c6e2fa506922c53ffcfdd44476ec903fdc639e2c12b73815d4401f026	402b4004b987169e1cc5b9b0356061794218ef45ee473839b80b72a91cf1f9ed	YES
e2ffa8c6f983c1a17bc760d35998de507e97896060f41bf3a31f4e7a77e7c21b	CIC_W	5181	95e54761-e5e5-4dd3-a063-228eb1038654	EXACT_EQUIVALENT	APPROVED	MANUAL_REVIEW	OWNER_APPROVED_CONCEPT_MEMBERSHIP	RISK-MAP-MATERIALIZE-001	RISK-MAP-APPROVE-001	036d293c6e2fa506922c53ffcfdd44476ec903fdc639e2c12b73815d4401f026	402b4004b987169e1cc5b9b0356061794218ef45ee473839b80b72a91cf1f9ed	YES
0cbe800ac25559141d8dc08c921bb4ca9e0735ddf8480190ad0b6305b666b1d1	CIC_W	5182	695a2d4d-8ce2-4516-bd0b-0656bfd5a0b4	EXACT_EQUIVALENT	APPROVED	MANUAL_REVIEW	OWNER_APPROVED_CONCEPT_MEMBERSHIP	RISK-MAP-MATERIALIZE-001	RISK-MAP-APPROVE-001	036d293c6e2fa506922c53ffcfdd44476ec903fdc639e2c12b73815d4401f026	402b4004b987169e1cc5b9b0356061794218ef45ee473839b80b72a91cf1f9ed	YES
2e6b678647b202d858c2599bcaf6f9a031f3d62481d576ea8d39d7230faf405e	CIC_W	5183	e57ed06d-b7fa-4db6-a061-4a244fa0c59e	EXACT_EQUIVALENT	APPROVED	MANUAL_REVIEW	OWNER_APPROVED_CONCEPT_MEMBERSHIP	RISK-MAP-MATERIALIZE-001	RISK-MAP-APPROVE-001	036d293c6e2fa506922c53ffcfdd44476ec903fdc639e2c12b73815d4401f026	402b4004b987169e1cc5b9b0356061794218ef45ee473839b80b72a91cf1f9ed	YES
9d03a8bfc7681ed6cc4dc441b03ca1bc278704907ac5610e41c1441fd68cae30	CIC_W	52	1b96d7bd-0fa0-4ae4-8c4e-9c24b0b90b24	EXACT_EQUIVALENT	APPROVED	MANUAL_REVIEW	OWNER_APPROVED_CONCEPT_MEMBERSHIP	RISK-MAP-MATERIALIZE-001	RISK-MAP-APPROVE-001	036d293c6e2fa506922c53ffcfdd44476ec903fdc639e2c12b73815d4401f026	402b4004b987169e1cc5b9b0356061794218ef45ee473839b80b72a91cf1f9ed	YES
2313c87746aca9f35fe79cf7ee6e38f43366dddf14222c1f1057f45a46be197d	CIC_W	521	c3f2f7b9-18b4-4702-8b8d-7548f906d437	EXACT_EQUIVALENT	APPROVED	MANUAL_REVIEW	OWNER_APPROVED_CONCEPT_MEMBERSHIP	RISK-MAP-MATERIALIZE-001	RISK-MAP-APPROVE-001	036d293c6e2fa506922c53ffcfdd44476ec903fdc639e2c12b73815d4401f026	402b4004b987169e1cc5b9b0356061794218ef45ee473839b80b72a91cf1f9ed	YES
a394b3b189fe6428b17eb48dcadaf5913e73a1273937fa558f78f8e1b872f410	CIC_W	5211	1aaa3502-f902-4ce0-84c2-06ee4ac6abdf	EXACT_EQUIVALENT	APPROVED	MANUAL_REVIEW	OWNER_APPROVED_CONCEPT_MEMBERSHIP	RISK-MAP-MATERIALIZE-001	RISK-MAP-APPROVE-001	036d293c6e2fa506922c53ffcfdd44476ec903fdc639e2c12b73815d4401f026	402b4004b987169e1cc5b9b0356061794218ef45ee473839b80b72a91cf1f9ed	YES
c5db26a3a56f3507aa8163905e26127a652264b4c1c16c374e02b7eb326e781e	CIC_W	5212	92b711a9-290f-4adb-9e7e-a5e3dcb2e4be	EXACT_EQUIVALENT	APPROVED	MANUAL_REVIEW	OWNER_APPROVED_CONCEPT_MEMBERSHIP	RISK-MAP-MATERIALIZE-001	RISK-MAP-APPROVE-001	036d293c6e2fa506922c53ffcfdd44476ec903fdc639e2c12b73815d4401f026	402b4004b987169e1cc5b9b0356061794218ef45ee473839b80b72a91cf1f9ed	YES
504b377a701990cd00d647d79b9dea466f8514e2b0b83b56b1e83f0eef4d59d4	CIC_W	5213	0c83ab61-726a-406d-851b-664b425a655c	EXACT_EQUIVALENT	APPROVED	MANUAL_REVIEW	OWNER_APPROVED_CONCEPT_MEMBERSHIP	RISK-MAP-MATERIALIZE-001	RISK-MAP-APPROVE-001	036d293c6e2fa506922c53ffcfdd44476ec903fdc639e2c12b73815d4401f026	402b4004b987169e1cc5b9b0356061794218ef45ee473839b80b72a91cf1f9ed	YES
03424c81015ec2204c9bcd06adfaf2abec7e3a5bf0851b4759a2dcfaa1ea637e	CIC_W	5214	4aa9997a-8bee-445c-b3ac-60e38c477d7b	EXACT_EQUIVALENT	APPROVED	MANUAL_REVIEW	OWNER_APPROVED_CONCEPT_MEMBERSHIP	RISK-MAP-MATERIALIZE-001	RISK-MAP-APPROVE-001	036d293c6e2fa506922c53ffcfdd44476ec903fdc639e2c12b73815d4401f026	402b4004b987169e1cc5b9b0356061794218ef45ee473839b80b72a91cf1f9ed	YES
d97bb251ecb38479afeae63b63063b17b848781adc1d25b6d2d134d35cee77cf	CIC_W	5215	f96c09f4-cb72-47a2-9449-c0388a8a7ca6	EXACT_EQUIVALENT	APPROVED	MANUAL_REVIEW	OWNER_APPROVED_CONCEPT_MEMBERSHIP	RISK-MAP-MATERIALIZE-001	RISK-MAP-APPROVE-001	036d293c6e2fa506922c53ffcfdd44476ec903fdc639e2c12b73815d4401f026	402b4004b987169e1cc5b9b0356061794218ef45ee473839b80b72a91cf1f9ed	YES
4f08f15d79db5d22ee98bf1f424491281761b735a06ab310f98498b9f267aa1b	CIC_W	5216	a2cbb9aa-6cc2-4343-aede-4173a75eb016	EXACT_EQUIVALENT	APPROVED	MANUAL_REVIEW	OWNER_APPROVED_CONCEPT_MEMBERSHIP	RISK-MAP-MATERIALIZE-001	RISK-MAP-APPROVE-001	036d293c6e2fa506922c53ffcfdd44476ec903fdc639e2c12b73815d4401f026	402b4004b987169e1cc5b9b0356061794218ef45ee473839b80b72a91cf1f9ed	YES
d5f645839f1eeb3ff937b37bffea7969955ea2b949826afd51260d1a7aec29ae	CIC_W	522	b6103826-0560-4525-9cc9-2b7bf8f0d63b	EXACT_EQUIVALENT	APPROVED	MANUAL_REVIEW	OWNER_APPROVED_CONCEPT_MEMBERSHIP	RISK-MAP-MATERIALIZE-001	RISK-MAP-APPROVE-001	036d293c6e2fa506922c53ffcfdd44476ec903fdc639e2c12b73815d4401f026	402b4004b987169e1cc5b9b0356061794218ef45ee473839b80b72a91cf1f9ed	YES
3fcb3b448776c96cee7554f39be12858d15025f68520930f145b0b46253a1c66	CIC_W	5221	1acb551b-8d32-42ca-bd83-49c3cc358450	EXACT_EQUIVALENT	APPROVED	MANUAL_REVIEW	OWNER_APPROVED_CONCEPT_MEMBERSHIP	RISK-MAP-MATERIALIZE-001	RISK-MAP-APPROVE-001	036d293c6e2fa506922c53ffcfdd44476ec903fdc639e2c12b73815d4401f026	402b4004b987169e1cc5b9b0356061794218ef45ee473839b80b72a91cf1f9ed	YES
332c650ca29a97565b5b571d960636995763767f15f4f23963e70780c485770c	CIC_W	5222	45cde2e5-92ce-4370-b53a-8fe6dd293aef	EXACT_EQUIVALENT	APPROVED	MANUAL_REVIEW	OWNER_APPROVED_CONCEPT_MEMBERSHIP	RISK-MAP-MATERIALIZE-001	RISK-MAP-APPROVE-001	036d293c6e2fa506922c53ffcfdd44476ec903fdc639e2c12b73815d4401f026	402b4004b987169e1cc5b9b0356061794218ef45ee473839b80b72a91cf1f9ed	YES
c1437bdb0683a98628f7e9a161fea24898c43908314c7ba19fe1019430461e15	CIC_W	5223	f9c0f5da-b106-46a9-b4c1-152f5dc6e336	EXACT_EQUIVALENT	APPROVED	MANUAL_REVIEW	OWNER_APPROVED_CONCEPT_MEMBERSHIP	RISK-MAP-MATERIALIZE-001	RISK-MAP-APPROVE-001	036d293c6e2fa506922c53ffcfdd44476ec903fdc639e2c12b73815d4401f026	402b4004b987169e1cc5b9b0356061794218ef45ee473839b80b72a91cf1f9ed	YES
e40b70742d4eb1a1da36fbb76b450fad3c5de028558a64ab11f1d79d8ac26568	CIC_W	5224	a19891a0-5fff-43ea-a12f-fa0fb311068a	EXACT_EQUIVALENT	APPROVED	MANUAL_REVIEW	OWNER_APPROVED_CONCEPT_MEMBERSHIP	RISK-MAP-MATERIALIZE-001	RISK-MAP-APPROVE-001	036d293c6e2fa506922c53ffcfdd44476ec903fdc639e2c12b73815d4401f026	402b4004b987169e1cc5b9b0356061794218ef45ee473839b80b72a91cf1f9ed	YES
7b1e6c2e8a904b98cd05cc4bf757e5b2c5dbdd69fc793df5245871a9de2ce16a	CIC_W	5225	e4fb0a26-ec3f-4840-9b1e-dca5dc6949ab	EXACT_EQUIVALENT	APPROVED	MANUAL_REVIEW	OWNER_APPROVED_CONCEPT_MEMBERSHIP	RISK-MAP-MATERIALIZE-001	RISK-MAP-APPROVE-001	036d293c6e2fa506922c53ffcfdd44476ec903fdc639e2c12b73815d4401f026	402b4004b987169e1cc5b9b0356061794218ef45ee473839b80b72a91cf1f9ed	YES
f2c4e0384f2a3eb16e50a9b93c135b4541e4dc7bac3e01d25fd01dc38985e818	CIC_W	5226	0349f8ca-ee1b-4942-9410-3e2d36938276	EXACT_EQUIVALENT	APPROVED	MANUAL_REVIEW	OWNER_APPROVED_CONCEPT_MEMBERSHIP	RISK-MAP-MATERIALIZE-001	RISK-MAP-APPROVE-001	036d293c6e2fa506922c53ffcfdd44476ec903fdc639e2c12b73815d4401f026	402b4004b987169e1cc5b9b0356061794218ef45ee473839b80b72a91cf1f9ed	YES
133879f98f7645f8d20e8933401bb88d61a4c43caa572dfd2c7efb2875c364da	CIC_W	523	713e9be2-fff5-4455-a40f-e0157e998d2e	EXACT_EQUIVALENT	APPROVED	MANUAL_REVIEW	OWNER_APPROVED_CONCEPT_MEMBERSHIP	RISK-MAP-MATERIALIZE-001	RISK-MAP-APPROVE-001	036d293c6e2fa506922c53ffcfdd44476ec903fdc639e2c12b73815d4401f026	402b4004b987169e1cc5b9b0356061794218ef45ee473839b80b72a91cf1f9ed	YES
558c8b2c96f115028a509c2b4d52c1cd81453ac29a7881d29c633df8aaab300f	CIC_W	5231	2a653256-c8f0-4931-8c24-2ba170e22112	EXACT_EQUIVALENT	APPROVED	MANUAL_REVIEW	OWNER_APPROVED_CONCEPT_MEMBERSHIP	RISK-MAP-MATERIALIZE-001	RISK-MAP-APPROVE-001	036d293c6e2fa506922c53ffcfdd44476ec903fdc639e2c12b73815d4401f026	402b4004b987169e1cc5b9b0356061794218ef45ee473839b80b72a91cf1f9ed	YES
7e3ee7f87a2ebe8ad0d44e887280dc42d2d087408e807b7ae56b6c850424c158	CIC_W	5232	4c6f4bb3-91cd-4c13-95e6-27accadacde1	EXACT_EQUIVALENT	APPROVED	MANUAL_REVIEW	OWNER_APPROVED_CONCEPT_MEMBERSHIP	RISK-MAP-MATERIALIZE-001	RISK-MAP-APPROVE-001	036d293c6e2fa506922c53ffcfdd44476ec903fdc639e2c12b73815d4401f026	402b4004b987169e1cc5b9b0356061794218ef45ee473839b80b72a91cf1f9ed	YES
9c3ca58959c69448e84a5ae6c96091d49821e07aca54a76daf3f86d50fbd5d55	CIC_W	5233	5ca783eb-e655-494d-89ba-57d722b39e6c	EXACT_EQUIVALENT	APPROVED	MANUAL_REVIEW	OWNER_APPROVED_CONCEPT_MEMBERSHIP	RISK-MAP-MATERIALIZE-001	RISK-MAP-APPROVE-001	036d293c6e2fa506922c53ffcfdd44476ec903fdc639e2c12b73815d4401f026	402b4004b987169e1cc5b9b0356061794218ef45ee473839b80b72a91cf1f9ed	YES
c09ba270cc98ac417ff01518c4a584cadb9535cfa9919a78ce3e5e6b1f040e08	CIC_W	5234	888e27ad-7ef2-4b13-acdc-b8bb4f9e1ac4	EXACT_EQUIVALENT	APPROVED	MANUAL_REVIEW	OWNER_APPROVED_CONCEPT_MEMBERSHIP	RISK-MAP-MATERIALIZE-001	RISK-MAP-APPROVE-001	036d293c6e2fa506922c53ffcfdd44476ec903fdc639e2c12b73815d4401f026	402b4004b987169e1cc5b9b0356061794218ef45ee473839b80b72a91cf1f9ed	YES
538c476df912dd712abd9be8906ac3632cb16382e4dd18724bcfce65474459f0	CIC_W	5235	aaf22fc1-87ab-49a4-b30c-14d76581e4ef	EXACT_EQUIVALENT	APPROVED	MANUAL_REVIEW	OWNER_APPROVED_CONCEPT_MEMBERSHIP	RISK-MAP-MATERIALIZE-001	RISK-MAP-APPROVE-001	036d293c6e2fa506922c53ffcfdd44476ec903fdc639e2c12b73815d4401f026	402b4004b987169e1cc5b9b0356061794218ef45ee473839b80b72a91cf1f9ed	YES
191506e1e5cd0fd83c87ea4c56ba5ecaa38a8a3b820edf1ab80d2dd1c0ad40bf	CIC_W	5236	9f47a92d-bea6-4496-af4e-0e4b69f14583	EXACT_EQUIVALENT	APPROVED	MANUAL_REVIEW	OWNER_APPROVED_CONCEPT_MEMBERSHIP	RISK-MAP-MATERIALIZE-001	RISK-MAP-APPROVE-001	036d293c6e2fa506922c53ffcfdd44476ec903fdc639e2c12b73815d4401f026	402b4004b987169e1cc5b9b0356061794218ef45ee473839b80b72a91cf1f9ed	YES
f5e1efac861b9e691ab2a39cf4c4295728d6e213e508ade170b3a4be09576692	CIC_W	524	80558c18-8f48-44cc-bc82-270cb0571b63	EXACT_EQUIVALENT	APPROVED	MANUAL_REVIEW	OWNER_APPROVED_CONCEPT_MEMBERSHIP	RISK-MAP-MATERIALIZE-001	RISK-MAP-APPROVE-001	036d293c6e2fa506922c53ffcfdd44476ec903fdc639e2c12b73815d4401f026	402b4004b987169e1cc5b9b0356061794218ef45ee473839b80b72a91cf1f9ed	YES
0ad1edd62c81bb907a86a1d1a0228df9761ed390deee88e87f324943691dbd5a	CIC_W	5241	44895320-971a-4ad2-9d06-15e97c082d4f	EXACT_EQUIVALENT	APPROVED	MANUAL_REVIEW	OWNER_APPROVED_CONCEPT_MEMBERSHIP	RISK-MAP-MATERIALIZE-001	RISK-MAP-APPROVE-001	036d293c6e2fa506922c53ffcfdd44476ec903fdc639e2c12b73815d4401f026	402b4004b987169e1cc5b9b0356061794218ef45ee473839b80b72a91cf1f9ed	YES
3afa0c02a4d163f078e09fe201c4dd450c6333a08e948bedd3cb697e870662ab	CIC_W	5242	1bf29c9b-d407-4683-ac40-bee69c29f05e	EXACT_EQUIVALENT	APPROVED	MANUAL_REVIEW	OWNER_APPROVED_CONCEPT_MEMBERSHIP	RISK-MAP-MATERIALIZE-001	RISK-MAP-APPROVE-001	036d293c6e2fa506922c53ffcfdd44476ec903fdc639e2c12b73815d4401f026	402b4004b987169e1cc5b9b0356061794218ef45ee473839b80b72a91cf1f9ed	YES
3271a9e13b22b52f990b162b528be4bf2aa4db5abf475d8489863661830c0c8a	CIC_W	5243	e9f718e9-82b7-40c4-abde-f1b46dbc732e	EXACT_EQUIVALENT	APPROVED	MANUAL_REVIEW	OWNER_APPROVED_CONCEPT_MEMBERSHIP	RISK-MAP-MATERIALIZE-001	RISK-MAP-APPROVE-001	036d293c6e2fa506922c53ffcfdd44476ec903fdc639e2c12b73815d4401f026	402b4004b987169e1cc5b9b0356061794218ef45ee473839b80b72a91cf1f9ed	YES
870e84da28d0d4288d3ab1c7f386ff3d9f4fef2b588cd1c14a8ec36137a45d7a	CIC_W	5244	a1002845-9933-4155-b3c9-34056dbcb041	EXACT_EQUIVALENT	APPROVED	MANUAL_REVIEW	OWNER_APPROVED_CONCEPT_MEMBERSHIP	RISK-MAP-MATERIALIZE-001	RISK-MAP-APPROVE-001	036d293c6e2fa506922c53ffcfdd44476ec903fdc639e2c12b73815d4401f026	402b4004b987169e1cc5b9b0356061794218ef45ee473839b80b72a91cf1f9ed	YES
7d72db0d36ee55a6fd4ed8bb55f155cb94b80d446ee11d2652c5276e33128942	CIC_W	5245	82fbca4c-81ce-4131-aadf-8b021ccc74cd	EXACT_EQUIVALENT	APPROVED	MANUAL_REVIEW	OWNER_APPROVED_CONCEPT_MEMBERSHIP	RISK-MAP-MATERIALIZE-001	RISK-MAP-APPROVE-001	036d293c6e2fa506922c53ffcfdd44476ec903fdc639e2c12b73815d4401f026	402b4004b987169e1cc5b9b0356061794218ef45ee473839b80b72a91cf1f9ed	YES
539b0d9a38aed76f454d3a860d82ff55b2632d28cd53ea2fb0b27b6398c5f368	CIC_W	5246	0e147c7e-e237-40a5-832d-ca92f3da69ba	EXACT_EQUIVALENT	APPROVED	MANUAL_REVIEW	OWNER_APPROVED_CONCEPT_MEMBERSHIP	RISK-MAP-MATERIALIZE-001	RISK-MAP-APPROVE-001	036d293c6e2fa506922c53ffcfdd44476ec903fdc639e2c12b73815d4401f026	402b4004b987169e1cc5b9b0356061794218ef45ee473839b80b72a91cf1f9ed	YES
4c42fa92024b1b0e1577e813464565c338c2e0918970fb41fa3683ea6573df68	CIC_W	525	742c2cb1-a9d4-4ac8-a301-af0cba9f59d6	EXACT_EQUIVALENT	APPROVED	MANUAL_REVIEW	OWNER_APPROVED_CONCEPT_MEMBERSHIP	RISK-MAP-MATERIALIZE-001	RISK-MAP-APPROVE-001	036d293c6e2fa506922c53ffcfdd44476ec903fdc639e2c12b73815d4401f026	402b4004b987169e1cc5b9b0356061794218ef45ee473839b80b72a91cf1f9ed	YES
0d6f3b726a448476f69607cd0d3764f0b63be4fbded76927e677f68a10821c5d	CIC_W	5251	3aa0b429-5bd1-4dd2-83a4-ad0fd0e83efb	EXACT_EQUIVALENT	APPROVED	MANUAL_REVIEW	OWNER_APPROVED_CONCEPT_MEMBERSHIP	RISK-MAP-MATERIALIZE-001	RISK-MAP-APPROVE-001	036d293c6e2fa506922c53ffcfdd44476ec903fdc639e2c12b73815d4401f026	402b4004b987169e1cc5b9b0356061794218ef45ee473839b80b72a91cf1f9ed	YES
c4041cba303e9bb63d61089a38b4e3df64b97ca6ff1feb43d0fad5c0719df2b8	CIC_W	5252	99619801-45dc-4214-9f6c-e5fbc2395974	EXACT_EQUIVALENT	APPROVED	MANUAL_REVIEW	OWNER_APPROVED_CONCEPT_MEMBERSHIP	RISK-MAP-MATERIALIZE-001	RISK-MAP-APPROVE-001	036d293c6e2fa506922c53ffcfdd44476ec903fdc639e2c12b73815d4401f026	402b4004b987169e1cc5b9b0356061794218ef45ee473839b80b72a91cf1f9ed	YES
5d89083f15ab2b45d1d182f92135add28b7bdc6e44dd42e982a7bb1a8d521c24	CIC_W	5253	5cb30a9a-6982-46ca-b9c0-ccd60cf64565	EXACT_EQUIVALENT	APPROVED	MANUAL_REVIEW	OWNER_APPROVED_CONCEPT_MEMBERSHIP	RISK-MAP-MATERIALIZE-001	RISK-MAP-APPROVE-001	036d293c6e2fa506922c53ffcfdd44476ec903fdc639e2c12b73815d4401f026	402b4004b987169e1cc5b9b0356061794218ef45ee473839b80b72a91cf1f9ed	YES
72bd552cc74166f43127566adbfdbcd7eb365286eadea37a53416c4522016aee	CIC_W	526	0b5224ee-1c0d-41eb-8367-a80e2762d7bf	EXACT_EQUIVALENT	APPROVED	MANUAL_REVIEW	OWNER_APPROVED_CONCEPT_MEMBERSHIP	RISK-MAP-MATERIALIZE-001	RISK-MAP-APPROVE-001	036d293c6e2fa506922c53ffcfdd44476ec903fdc639e2c12b73815d4401f026	402b4004b987169e1cc5b9b0356061794218ef45ee473839b80b72a91cf1f9ed	YES
34b2c899c401d5835c62d299f458a17bbcfbca1a79390bdd36494122b00d45c7	CIC_W	5261	23a1bffc-7e95-4d93-9e75-c94c1b2d4b85	EXACT_EQUIVALENT	APPROVED	MANUAL_REVIEW	OWNER_APPROVED_CONCEPT_MEMBERSHIP	RISK-MAP-MATERIALIZE-001	RISK-MAP-APPROVE-001	036d293c6e2fa506922c53ffcfdd44476ec903fdc639e2c12b73815d4401f026	402b4004b987169e1cc5b9b0356061794218ef45ee473839b80b72a91cf1f9ed	YES
3b8378a9d96ae37731eae907d31ece6861aa6efa8e18371c0fb1763c8c81f7ef	CIC_W	5262	ea385556-01e4-4f7f-b9bf-647a78935d14	EXACT_EQUIVALENT	APPROVED	MANUAL_REVIEW	OWNER_APPROVED_CONCEPT_MEMBERSHIP	RISK-MAP-MATERIALIZE-001	RISK-MAP-APPROVE-001	036d293c6e2fa506922c53ffcfdd44476ec903fdc639e2c12b73815d4401f026	402b4004b987169e1cc5b9b0356061794218ef45ee473839b80b72a91cf1f9ed	YES
0c4d91eaaaead0df7c4aff62bebaa879ce2b50f0b961a1914bda04f4c07527fa	CIC_W	5263	0130841f-94a5-4de6-8bb2-ff4bfc591698	EXACT_EQUIVALENT	APPROVED	MANUAL_REVIEW	OWNER_APPROVED_CONCEPT_MEMBERSHIP	RISK-MAP-MATERIALIZE-001	RISK-MAP-APPROVE-001	036d293c6e2fa506922c53ffcfdd44476ec903fdc639e2c12b73815d4401f026	402b4004b987169e1cc5b9b0356061794218ef45ee473839b80b72a91cf1f9ed	YES
0c9f546afed6dc84b0847a574930bd2a48fbedde932b66047b2705531e560860	CIC_W	5264	23cda004-8f02-43f1-8a9a-9cfedc4fe2e8	EXACT_EQUIVALENT	APPROVED	MANUAL_REVIEW	OWNER_APPROVED_CONCEPT_MEMBERSHIP	RISK-MAP-MATERIALIZE-001	RISK-MAP-APPROVE-001	036d293c6e2fa506922c53ffcfdd44476ec903fdc639e2c12b73815d4401f026	402b4004b987169e1cc5b9b0356061794218ef45ee473839b80b72a91cf1f9ed	YES
1bfd4cc350044d24f2cfa5a3b6cd1cf147502e9b84d7428f6817445b39bedc2c	CIC_W	528	283ded33-4df9-486a-b46f-1a739a0fde76	EXACT_EQUIVALENT	APPROVED	MANUAL_REVIEW	OWNER_APPROVED_CONCEPT_MEMBERSHIP	RISK-MAP-MATERIALIZE-001	RISK-MAP-APPROVE-001	036d293c6e2fa506922c53ffcfdd44476ec903fdc639e2c12b73815d4401f026	402b4004b987169e1cc5b9b0356061794218ef45ee473839b80b72a91cf1f9ed	YES
3fcbf85187e27ff3c2fdd50a8f75c2dd83db73535fca90135e300ef78b03e420	CIC_W	5281	0c751d96-fa9f-4693-a651-764bc25a83c5	EXACT_EQUIVALENT	APPROVED	MANUAL_REVIEW	OWNER_APPROVED_CONCEPT_MEMBERSHIP	RISK-MAP-MATERIALIZE-001	RISK-MAP-APPROVE-001	036d293c6e2fa506922c53ffcfdd44476ec903fdc639e2c12b73815d4401f026	402b4004b987169e1cc5b9b0356061794218ef45ee473839b80b72a91cf1f9ed	YES
96fbcffc4931beacdd61f01b1c44614e4a88d2ea4227472f9414cfcb85224487	CIC_W	5282	de4ed0fd-c05c-490a-b7c7-423274ee34b2	EXACT_EQUIVALENT	APPROVED	MANUAL_REVIEW	OWNER_APPROVED_CONCEPT_MEMBERSHIP	RISK-MAP-MATERIALIZE-001	RISK-MAP-APPROVE-001	036d293c6e2fa506922c53ffcfdd44476ec903fdc639e2c12b73815d4401f026	402b4004b987169e1cc5b9b0356061794218ef45ee473839b80b72a91cf1f9ed	YES
0c97ac8fe4547f9bab2dbf6cbcebd611f655ceff95e9b9167739503c7fb2ad55	CIC_W	5283	5d999bef-19c2-4d31-b4c0-1f96fac982dc	EXACT_EQUIVALENT	APPROVED	MANUAL_REVIEW	OWNER_APPROVED_CONCEPT_MEMBERSHIP	RISK-MAP-MATERIALIZE-001	RISK-MAP-APPROVE-001	036d293c6e2fa506922c53ffcfdd44476ec903fdc639e2c12b73815d4401f026	402b4004b987169e1cc5b9b0356061794218ef45ee473839b80b72a91cf1f9ed	YES
911295f44c32790228bf33db73a401961b254b5bfe6841f825dcea272fd72c9f	CIC_W	5284	8f0b754e-fcc4-485d-a2a9-ad999f384fc6	EXACT_EQUIVALENT	APPROVED	MANUAL_REVIEW	OWNER_APPROVED_CONCEPT_MEMBERSHIP	RISK-MAP-MATERIALIZE-001	RISK-MAP-APPROVE-001	036d293c6e2fa506922c53ffcfdd44476ec903fdc639e2c12b73815d4401f026	402b4004b987169e1cc5b9b0356061794218ef45ee473839b80b72a91cf1f9ed	YES
91f88373911ab4ed040b3d97ff732d5e17dde9f4bbd4f0ba4720e5af6593e70b	CIC_W	5285	50550de8-5ade-4ca9-9c21-41ba5048bd89	EXACT_EQUIVALENT	APPROVED	MANUAL_REVIEW	OWNER_APPROVED_CONCEPT_MEMBERSHIP	RISK-MAP-MATERIALIZE-001	RISK-MAP-APPROVE-001	036d293c6e2fa506922c53ffcfdd44476ec903fdc639e2c12b73815d4401f026	402b4004b987169e1cc5b9b0356061794218ef45ee473839b80b72a91cf1f9ed	YES
49471840fcba56a8a79b3e1c5f2f0606c781e6bbd0b24f20db627252907d5abd	CIC_W	53	6252654e-2025-4efc-8a85-29fefd286fbf	EXACT_EQUIVALENT	APPROVED	MANUAL_REVIEW	OWNER_APPROVED_CONCEPT_MEMBERSHIP	RISK-MAP-MATERIALIZE-001	RISK-MAP-APPROVE-001	036d293c6e2fa506922c53ffcfdd44476ec903fdc639e2c12b73815d4401f026	402b4004b987169e1cc5b9b0356061794218ef45ee473839b80b72a91cf1f9ed	YES
4da877b23ea07dd280d6dc1575f693f5b75cce1b538d51be339c8f80d3febcad	CIC_W	531	1850eed5-cd9e-4d3e-9bc3-d99c95102c33	EXACT_EQUIVALENT	APPROVED	MANUAL_REVIEW	OWNER_APPROVED_CONCEPT_MEMBERSHIP	RISK-MAP-MATERIALIZE-001	RISK-MAP-APPROVE-001	036d293c6e2fa506922c53ffcfdd44476ec903fdc639e2c12b73815d4401f026	402b4004b987169e1cc5b9b0356061794218ef45ee473839b80b72a91cf1f9ed	YES
43c813ff94f73fbc74c98eed5b9262c15224e6f4db19c1afd4a3d6a6ee8e0e2a	CIC_W	5311	e76378e7-0cd1-421e-b22b-b747e11ba5f7	EXACT_EQUIVALENT	APPROVED	MANUAL_REVIEW	OWNER_APPROVED_CONCEPT_MEMBERSHIP	RISK-MAP-MATERIALIZE-001	RISK-MAP-APPROVE-001	036d293c6e2fa506922c53ffcfdd44476ec903fdc639e2c12b73815d4401f026	402b4004b987169e1cc5b9b0356061794218ef45ee473839b80b72a91cf1f9ed	YES
91598f8eb689169d0412324c518514c544e42df476083178d0ac950b19fb8961	CIC_W	5312	1c90fcd4-5aec-489d-be5e-71d470acbed7	EXACT_EQUIVALENT	APPROVED	MANUAL_REVIEW	OWNER_APPROVED_CONCEPT_MEMBERSHIP	RISK-MAP-MATERIALIZE-001	RISK-MAP-APPROVE-001	036d293c6e2fa506922c53ffcfdd44476ec903fdc639e2c12b73815d4401f026	402b4004b987169e1cc5b9b0356061794218ef45ee473839b80b72a91cf1f9ed	YES
5da8794df901f655aa6fa04a5f0467f8d2d6c3a5e883add27333c5b084ee27a1	CIC_W	5313	05954d38-bef7-419b-87b7-ab18d9a4f1e0	EXACT_EQUIVALENT	APPROVED	MANUAL_REVIEW	OWNER_APPROVED_CONCEPT_MEMBERSHIP	RISK-MAP-MATERIALIZE-001	RISK-MAP-APPROVE-001	036d293c6e2fa506922c53ffcfdd44476ec903fdc639e2c12b73815d4401f026	402b4004b987169e1cc5b9b0356061794218ef45ee473839b80b72a91cf1f9ed	YES
7a04626985f0e81cd72d37f1f8d677554a8ea18bf28b47e4fbbe7fa56cd96685	CIC_W	5314	0af8704b-7d03-4654-936f-13a30cd526e1	EXACT_EQUIVALENT	APPROVED	MANUAL_REVIEW	OWNER_APPROVED_CONCEPT_MEMBERSHIP	RISK-MAP-MATERIALIZE-001	RISK-MAP-APPROVE-001	036d293c6e2fa506922c53ffcfdd44476ec903fdc639e2c12b73815d4401f026	402b4004b987169e1cc5b9b0356061794218ef45ee473839b80b72a91cf1f9ed	YES
1570297c8a46f5376c1419d0e105c904cbe15957c49dff76b7c4a655b0331e1f	CIC_W	5315	4d523a85-a823-423c-8d9f-9cf2f5d24d58	EXACT_EQUIVALENT	APPROVED	MANUAL_REVIEW	OWNER_APPROVED_CONCEPT_MEMBERSHIP	RISK-MAP-MATERIALIZE-001	RISK-MAP-APPROVE-001	036d293c6e2fa506922c53ffcfdd44476ec903fdc639e2c12b73815d4401f026	402b4004b987169e1cc5b9b0356061794218ef45ee473839b80b72a91cf1f9ed	YES
4519f2278b34537ad71ab6dc6566e231b49f702332d923a4217b451c88481c50	CIC_W	5316	436a96b0-af4b-4a7e-985b-a7e50753e010	EXACT_EQUIVALENT	APPROVED	MANUAL_REVIEW	OWNER_APPROVED_CONCEPT_MEMBERSHIP	RISK-MAP-MATERIALIZE-001	RISK-MAP-APPROVE-001	036d293c6e2fa506922c53ffcfdd44476ec903fdc639e2c12b73815d4401f026	402b4004b987169e1cc5b9b0356061794218ef45ee473839b80b72a91cf1f9ed	YES
6fa091fb188eae5602525a8f49a06a8912170d0c4eb84568eaa683a4eb643f82	CIC_W	5317	b93df523-7f96-45ab-b7ce-fa92b0bf4149	EXACT_EQUIVALENT	APPROVED	MANUAL_REVIEW	OWNER_APPROVED_CONCEPT_MEMBERSHIP	RISK-MAP-MATERIALIZE-001	RISK-MAP-APPROVE-001	036d293c6e2fa506922c53ffcfdd44476ec903fdc639e2c12b73815d4401f026	402b4004b987169e1cc5b9b0356061794218ef45ee473839b80b72a91cf1f9ed	YES
042977654178fffdc15a5b8ff5e69d846a5258048f34f8c1744d353a018d000d	CIC_W	5318	da972e5e-9d4b-441f-847f-033ede964ae8	EXACT_EQUIVALENT	APPROVED	MANUAL_REVIEW	OWNER_APPROVED_CONCEPT_MEMBERSHIP	RISK-MAP-MATERIALIZE-001	RISK-MAP-APPROVE-001	036d293c6e2fa506922c53ffcfdd44476ec903fdc639e2c12b73815d4401f026	402b4004b987169e1cc5b9b0356061794218ef45ee473839b80b72a91cf1f9ed	YES
eb4e2b286e544008d9f615bfcf739124adb754224d7741d5dd5905bbe0ae9f4f	CIC_W	5319	8814ab10-8f4d-46aa-8aed-a151a8b6feed	EXACT_EQUIVALENT	APPROVED	MANUAL_REVIEW	OWNER_APPROVED_CONCEPT_MEMBERSHIP	RISK-MAP-MATERIALIZE-001	RISK-MAP-APPROVE-001	036d293c6e2fa506922c53ffcfdd44476ec903fdc639e2c12b73815d4401f026	402b4004b987169e1cc5b9b0356061794218ef45ee473839b80b72a91cf1f9ed	YES
d013ffbd29945a59493ff65beabb2432e1aaab26fd6f9530223c21efabdd6ada	CIC_W	532	03597104-73d5-4f11-bee7-2c3162f7270c	EXACT_EQUIVALENT	APPROVED	MANUAL_REVIEW	OWNER_APPROVED_CONCEPT_MEMBERSHIP	RISK-MAP-MATERIALIZE-001	RISK-MAP-APPROVE-001	036d293c6e2fa506922c53ffcfdd44476ec903fdc639e2c12b73815d4401f026	402b4004b987169e1cc5b9b0356061794218ef45ee473839b80b72a91cf1f9ed	YES
4cae69744f46e7e407ab6f642e0cd162dc4de9c83504cfbb98395ac2b5221e27	CIC_W	5321	d40a2fbb-df73-44b5-9924-e89eccd1cd01	EXACT_EQUIVALENT	APPROVED	MANUAL_REVIEW	OWNER_APPROVED_CONCEPT_MEMBERSHIP	RISK-MAP-MATERIALIZE-001	RISK-MAP-APPROVE-001	036d293c6e2fa506922c53ffcfdd44476ec903fdc639e2c12b73815d4401f026	402b4004b987169e1cc5b9b0356061794218ef45ee473839b80b72a91cf1f9ed	YES
640d49a31f89ccf8c7caaa0be319a8b00ce80d6440fb124f22ac43a3e78ed4f6	CIC_W	5322	2d025eae-4b07-4e46-b0d6-523d60517425	EXACT_EQUIVALENT	APPROVED	MANUAL_REVIEW	OWNER_APPROVED_CONCEPT_MEMBERSHIP	RISK-MAP-MATERIALIZE-001	RISK-MAP-APPROVE-001	036d293c6e2fa506922c53ffcfdd44476ec903fdc639e2c12b73815d4401f026	402b4004b987169e1cc5b9b0356061794218ef45ee473839b80b72a91cf1f9ed	YES
385929749062bad742f0a806cf297a7cb454fa6ae00e7707abfc20421bbcd15c	CIC_W	5323	f4e23b4c-6fae-4628-9f47-209bc28affbc	EXACT_EQUIVALENT	APPROVED	MANUAL_REVIEW	OWNER_APPROVED_CONCEPT_MEMBERSHIP	RISK-MAP-MATERIALIZE-001	RISK-MAP-APPROVE-001	036d293c6e2fa506922c53ffcfdd44476ec903fdc639e2c12b73815d4401f026	402b4004b987169e1cc5b9b0356061794218ef45ee473839b80b72a91cf1f9ed	YES
49bde51a03ccd402e5f1c180c062ff4e2514dbc73f473276d3932e099638ad42	CIC_W	5324	5f023b49-df63-4eeb-a0be-240a7be0d585	EXACT_EQUIVALENT	APPROVED	MANUAL_REVIEW	OWNER_APPROVED_CONCEPT_MEMBERSHIP	RISK-MAP-MATERIALIZE-001	RISK-MAP-APPROVE-001	036d293c6e2fa506922c53ffcfdd44476ec903fdc639e2c12b73815d4401f026	402b4004b987169e1cc5b9b0356061794218ef45ee473839b80b72a91cf1f9ed	YES
bc7430bb05beda9ff4cf49a95bf8a919c3a8bcba40b6175e69d95c4583b6313b	CIC_W	5325	bad89edc-67cb-435e-82ff-34fc7726ad61	EXACT_EQUIVALENT	APPROVED	MANUAL_REVIEW	OWNER_APPROVED_CONCEPT_MEMBERSHIP	RISK-MAP-MATERIALIZE-001	RISK-MAP-APPROVE-001	036d293c6e2fa506922c53ffcfdd44476ec903fdc639e2c12b73815d4401f026	402b4004b987169e1cc5b9b0356061794218ef45ee473839b80b72a91cf1f9ed	YES
a18adf2aded1b205d946d46103859de7b3d965c245929301c3377beff3976e5e	CIC_W	5326	8226577d-7006-4d79-992a-d33bf592b30d	EXACT_EQUIVALENT	APPROVED	MANUAL_REVIEW	OWNER_APPROVED_CONCEPT_MEMBERSHIP	RISK-MAP-MATERIALIZE-001	RISK-MAP-APPROVE-001	036d293c6e2fa506922c53ffcfdd44476ec903fdc639e2c12b73815d4401f026	402b4004b987169e1cc5b9b0356061794218ef45ee473839b80b72a91cf1f9ed	YES
e81e56e0d337ac8bf81f781d2bc0215ca50f85902f14470b4cfb2a7c8042bc3c	CIC_W	5327	8f0c09b6-70e3-4f2a-88a4-44cbb488118d	EXACT_EQUIVALENT	APPROVED	MANUAL_REVIEW	OWNER_APPROVED_CONCEPT_MEMBERSHIP	RISK-MAP-MATERIALIZE-001	RISK-MAP-APPROVE-001	036d293c6e2fa506922c53ffcfdd44476ec903fdc639e2c12b73815d4401f026	402b4004b987169e1cc5b9b0356061794218ef45ee473839b80b72a91cf1f9ed	YES
b3073794873822d3e1afe9d5f8581946ba5c5831be7fe7d554204c04b875c1fc	CIC_W	5328	56b14de8-6d7f-4406-8997-826d21de7abc	EXACT_EQUIVALENT	APPROVED	MANUAL_REVIEW	OWNER_APPROVED_CONCEPT_MEMBERSHIP	RISK-MAP-MATERIALIZE-001	RISK-MAP-APPROVE-001	036d293c6e2fa506922c53ffcfdd44476ec903fdc639e2c12b73815d4401f026	402b4004b987169e1cc5b9b0356061794218ef45ee473839b80b72a91cf1f9ed	YES
75665bdc1b8fbce11420cea3bf968939c18b62c8ce3b169dd1d65a58a4f404d2	CIC_W	5329	41bb8e4f-ca4e-476f-8c3e-3f280ab5e6b0	EXACT_EQUIVALENT	APPROVED	MANUAL_REVIEW	OWNER_APPROVED_CONCEPT_MEMBERSHIP	RISK-MAP-MATERIALIZE-001	RISK-MAP-APPROVE-001	036d293c6e2fa506922c53ffcfdd44476ec903fdc639e2c12b73815d4401f026	402b4004b987169e1cc5b9b0356061794218ef45ee473839b80b72a91cf1f9ed	YES
0b6776a4d94e6354ac1d78db9084e8fa6e15e9fbabdce1c04744b8e2214648ea	CIC_W	533	34bee63b-6983-4524-83df-48e3a1012319	EXACT_EQUIVALENT	APPROVED	MANUAL_REVIEW	OWNER_APPROVED_CONCEPT_MEMBERSHIP	RISK-MAP-MATERIALIZE-001	RISK-MAP-APPROVE-001	036d293c6e2fa506922c53ffcfdd44476ec903fdc639e2c12b73815d4401f026	402b4004b987169e1cc5b9b0356061794218ef45ee473839b80b72a91cf1f9ed	YES
cdc32f2b9e7dfdb56cd3fc05968cf5b1b30d244258461185f3af445ed50fc736	CIC_W	5331	ebd16cf9-609e-4d19-a9e6-830660249d4b	EXACT_EQUIVALENT	APPROVED	MANUAL_REVIEW	OWNER_APPROVED_CONCEPT_MEMBERSHIP	RISK-MAP-MATERIALIZE-001	RISK-MAP-APPROVE-001	036d293c6e2fa506922c53ffcfdd44476ec903fdc639e2c12b73815d4401f026	402b4004b987169e1cc5b9b0356061794218ef45ee473839b80b72a91cf1f9ed	YES
da7edc8914f4d817ce8857f58cbbd25c08746109234d18f3ba75dcff580ea2f0	CIC_W	5332	fac1ab37-85d8-4d22-8d08-d584a263643d	EXACT_EQUIVALENT	APPROVED	MANUAL_REVIEW	OWNER_APPROVED_CONCEPT_MEMBERSHIP	RISK-MAP-MATERIALIZE-001	RISK-MAP-APPROVE-001	036d293c6e2fa506922c53ffcfdd44476ec903fdc639e2c12b73815d4401f026	402b4004b987169e1cc5b9b0356061794218ef45ee473839b80b72a91cf1f9ed	YES
caca6f777828a915fafb6391bcfa81712b505d7bd279300fb4b3517683803d2b	CIC_W	5333	9bf2a8eb-01eb-458a-9120-ec03aa27ebb6	EXACT_EQUIVALENT	APPROVED	MANUAL_REVIEW	OWNER_APPROVED_CONCEPT_MEMBERSHIP	RISK-MAP-MATERIALIZE-001	RISK-MAP-APPROVE-001	036d293c6e2fa506922c53ffcfdd44476ec903fdc639e2c12b73815d4401f026	402b4004b987169e1cc5b9b0356061794218ef45ee473839b80b72a91cf1f9ed	YES
7a8575afff327caccb369ebf640a6f814be9c5d791b61de962fd97aec7f0d8a6	CIC_W	5334	33f4ad93-61c7-4deb-a4a7-df11ad0d37f7	EXACT_EQUIVALENT	APPROVED	MANUAL_REVIEW	OWNER_APPROVED_CONCEPT_MEMBERSHIP	RISK-MAP-MATERIALIZE-001	RISK-MAP-APPROVE-001	036d293c6e2fa506922c53ffcfdd44476ec903fdc639e2c12b73815d4401f026	402b4004b987169e1cc5b9b0356061794218ef45ee473839b80b72a91cf1f9ed	YES
286fbdc8ee8f1617836cf1703f245b70d9f9e8cc454f45b9543e5bf3bbe6a199	CIC_W	5335	e8bb70a6-9568-4e84-8813-3107fac8d691	EXACT_EQUIVALENT	APPROVED	MANUAL_REVIEW	OWNER_APPROVED_CONCEPT_MEMBERSHIP	RISK-MAP-MATERIALIZE-001	RISK-MAP-APPROVE-001	036d293c6e2fa506922c53ffcfdd44476ec903fdc639e2c12b73815d4401f026	402b4004b987169e1cc5b9b0356061794218ef45ee473839b80b72a91cf1f9ed	YES
694ae09db73864519228d66f6ec274e9aa579d76eebdba9b3bb86fd216dac312	CIC_W	5336	195c65b5-c80b-4984-b817-7a360cf43c87	EXACT_EQUIVALENT	APPROVED	MANUAL_REVIEW	OWNER_APPROVED_CONCEPT_MEMBERSHIP	RISK-MAP-MATERIALIZE-001	RISK-MAP-APPROVE-001	036d293c6e2fa506922c53ffcfdd44476ec903fdc639e2c12b73815d4401f026	402b4004b987169e1cc5b9b0356061794218ef45ee473839b80b72a91cf1f9ed	YES
d65be8343ff232df676741bf8a4688454ef58b3dbd00f266ea935f7f9c265669	CIC_W	5337	3cfea292-3d08-4948-bfd7-0f51b3b523c8	EXACT_EQUIVALENT	APPROVED	MANUAL_REVIEW	OWNER_APPROVED_CONCEPT_MEMBERSHIP	RISK-MAP-MATERIALIZE-001	RISK-MAP-APPROVE-001	036d293c6e2fa506922c53ffcfdd44476ec903fdc639e2c12b73815d4401f026	402b4004b987169e1cc5b9b0356061794218ef45ee473839b80b72a91cf1f9ed	YES
211184e219f4063d07b6a54df2ab5cf4cba01a7ec9294e4d67d0f4529b1d08f3	CIC_W	5338	787b7ad3-2f05-4d98-93f7-91e90a3ebdfc	EXACT_EQUIVALENT	APPROVED	MANUAL_REVIEW	OWNER_APPROVED_CONCEPT_MEMBERSHIP	RISK-MAP-MATERIALIZE-001	RISK-MAP-APPROVE-001	036d293c6e2fa506922c53ffcfdd44476ec903fdc639e2c12b73815d4401f026	402b4004b987169e1cc5b9b0356061794218ef45ee473839b80b72a91cf1f9ed	YES
8e7b93a533296f3526c91eb8e8e3debf1818fb1edb988f16cb727632a7170386	CIC_W	5339	3cc30b81-6e91-4c22-a118-ea7f48dd7ff9	EXACT_EQUIVALENT	APPROVED	MANUAL_REVIEW	OWNER_APPROVED_CONCEPT_MEMBERSHIP	RISK-MAP-MATERIALIZE-001	RISK-MAP-APPROVE-001	036d293c6e2fa506922c53ffcfdd44476ec903fdc639e2c12b73815d4401f026	402b4004b987169e1cc5b9b0356061794218ef45ee473839b80b72a91cf1f9ed	YES
74c56ddb5fa85738c93f46fb8b84dcab818d747bac7fc9c574eea356e24c19be	CIC_W	534	525fab4f-8a50-492c-851c-f6f5a15be109	EXACT_EQUIVALENT	APPROVED	MANUAL_REVIEW	OWNER_APPROVED_CONCEPT_MEMBERSHIP	RISK-MAP-MATERIALIZE-001	RISK-MAP-APPROVE-001	036d293c6e2fa506922c53ffcfdd44476ec903fdc639e2c12b73815d4401f026	402b4004b987169e1cc5b9b0356061794218ef45ee473839b80b72a91cf1f9ed	YES
810738b26d61a6691eb14a2dc102e3c00fbcae5cc2ecab0a9555c9b75cc0f092	CIC_W	5341	95c52524-d7fc-47f8-8f5e-308ba8688285	EXACT_EQUIVALENT	APPROVED	MANUAL_REVIEW	OWNER_APPROVED_CONCEPT_MEMBERSHIP	RISK-MAP-MATERIALIZE-001	RISK-MAP-APPROVE-001	036d293c6e2fa506922c53ffcfdd44476ec903fdc639e2c12b73815d4401f026	402b4004b987169e1cc5b9b0356061794218ef45ee473839b80b72a91cf1f9ed	YES
30b8d2a1e0b2e4c131fddd6d2dca1cc1e86420bb2d5f1909a1efa13a44676f13	CIC_W	5342	56964d21-2aad-4866-bf84-3dbb85cf3fdc	EXACT_EQUIVALENT	APPROVED	MANUAL_REVIEW	OWNER_APPROVED_CONCEPT_MEMBERSHIP	RISK-MAP-MATERIALIZE-001	RISK-MAP-APPROVE-001	036d293c6e2fa506922c53ffcfdd44476ec903fdc639e2c12b73815d4401f026	402b4004b987169e1cc5b9b0356061794218ef45ee473839b80b72a91cf1f9ed	YES
18d812d77be3fa13456746d8266b59776b670d64de54616c4213e245e6ca235e	CIC_W	5343	371c30b0-0543-4223-ae65-11e6c6ce180c	EXACT_EQUIVALENT	APPROVED	MANUAL_REVIEW	OWNER_APPROVED_CONCEPT_MEMBERSHIP	RISK-MAP-MATERIALIZE-001	RISK-MAP-APPROVE-001	036d293c6e2fa506922c53ffcfdd44476ec903fdc639e2c12b73815d4401f026	402b4004b987169e1cc5b9b0356061794218ef45ee473839b80b72a91cf1f9ed	YES
d425218245f34546da1d61ee113c56433acfb06a12e999a86d04f9f3288f8603	CIC_W	5344	9688c88b-46dd-49d5-9b4e-3702674ac868	EXACT_EQUIVALENT	APPROVED	MANUAL_REVIEW	OWNER_APPROVED_CONCEPT_MEMBERSHIP	RISK-MAP-MATERIALIZE-001	RISK-MAP-APPROVE-001	036d293c6e2fa506922c53ffcfdd44476ec903fdc639e2c12b73815d4401f026	402b4004b987169e1cc5b9b0356061794218ef45ee473839b80b72a91cf1f9ed	YES
34d8af6e9c1d79bd7e4ee1cc80b00d803b72a450ed841343b1f7fada665b4507	CIC_W	5345	c73e02fc-05b6-499e-a43b-6245def56253	EXACT_EQUIVALENT	APPROVED	MANUAL_REVIEW	OWNER_APPROVED_CONCEPT_MEMBERSHIP	RISK-MAP-MATERIALIZE-001	RISK-MAP-APPROVE-001	036d293c6e2fa506922c53ffcfdd44476ec903fdc639e2c12b73815d4401f026	402b4004b987169e1cc5b9b0356061794218ef45ee473839b80b72a91cf1f9ed	YES
2ebcd7a9820883b2c2db4249114716ff4bbf8908630fcfa1109626fc114e1449	CIC_W	5346	98c99d85-880c-4c03-9524-b20a8556e426	EXACT_EQUIVALENT	APPROVED	MANUAL_REVIEW	OWNER_APPROVED_CONCEPT_MEMBERSHIP	RISK-MAP-MATERIALIZE-001	RISK-MAP-APPROVE-001	036d293c6e2fa506922c53ffcfdd44476ec903fdc639e2c12b73815d4401f026	402b4004b987169e1cc5b9b0356061794218ef45ee473839b80b72a91cf1f9ed	YES
fb267430b811520954f246983ae923e400e57c78e1291d974d5e0cf04d41cfb5	CIC_W	5347	5aa26cb9-16a6-4ce5-9721-b0bafcaa7ce5	EXACT_EQUIVALENT	APPROVED	MANUAL_REVIEW	OWNER_APPROVED_CONCEPT_MEMBERSHIP	RISK-MAP-MATERIALIZE-001	RISK-MAP-APPROVE-001	036d293c6e2fa506922c53ffcfdd44476ec903fdc639e2c12b73815d4401f026	402b4004b987169e1cc5b9b0356061794218ef45ee473839b80b72a91cf1f9ed	YES
4315faf3e68b640bfed59f8551716de5024b40ab31e8688e70b9b3e53c9f7028	CIC_W	5348	ad03eeda-8fe0-438c-9ba8-48282f69060c	EXACT_EQUIVALENT	APPROVED	MANUAL_REVIEW	OWNER_APPROVED_CONCEPT_MEMBERSHIP	RISK-MAP-MATERIALIZE-001	RISK-MAP-APPROVE-001	036d293c6e2fa506922c53ffcfdd44476ec903fdc639e2c12b73815d4401f026	402b4004b987169e1cc5b9b0356061794218ef45ee473839b80b72a91cf1f9ed	YES
de2bbd42e59eb0c104c70fad50822a37515dac22ebecd534c5638ec5db1311d8	CIC_W	5349	72d0a9ed-9592-4ad9-88a4-0edd4da1db1a	EXACT_EQUIVALENT	APPROVED	MANUAL_REVIEW	OWNER_APPROVED_CONCEPT_MEMBERSHIP	RISK-MAP-MATERIALIZE-001	RISK-MAP-APPROVE-001	036d293c6e2fa506922c53ffcfdd44476ec903fdc639e2c12b73815d4401f026	402b4004b987169e1cc5b9b0356061794218ef45ee473839b80b72a91cf1f9ed	YES
b57c3ba6411b4b73aa27232bda7e8689b467a827341d764117bf4800f53573e7	CIC_W	535	733169a7-62d4-4547-8ee3-bdc46867713a	EXACT_EQUIVALENT	APPROVED	MANUAL_REVIEW	OWNER_APPROVED_CONCEPT_MEMBERSHIP	RISK-MAP-MATERIALIZE-001	RISK-MAP-APPROVE-001	036d293c6e2fa506922c53ffcfdd44476ec903fdc639e2c12b73815d4401f026	402b4004b987169e1cc5b9b0356061794218ef45ee473839b80b72a91cf1f9ed	YES
d72630f3c553b65de57c3f1b1cd2c7b1d590ba727213dfebbaaa99919e9b5564	CIC_W	5351	c40ce204-ca58-4fa7-9ba2-0a3e0eb8ec09	EXACT_EQUIVALENT	APPROVED	MANUAL_REVIEW	OWNER_APPROVED_CONCEPT_MEMBERSHIP	RISK-MAP-MATERIALIZE-001	RISK-MAP-APPROVE-001	036d293c6e2fa506922c53ffcfdd44476ec903fdc639e2c12b73815d4401f026	402b4004b987169e1cc5b9b0356061794218ef45ee473839b80b72a91cf1f9ed	YES
9accec2539c903a0cf426f7e64530f38f1dd4cc43b167fe7f773150fd285ec8a	CIC_W	5352	99619801-45dc-4214-9f6c-e5fbc2395974	EXACT_EQUIVALENT	APPROVED	MANUAL_REVIEW	OWNER_APPROVED_CONCEPT_MEMBERSHIP	RISK-MAP-MATERIALIZE-001	RISK-MAP-APPROVE-001	036d293c6e2fa506922c53ffcfdd44476ec903fdc639e2c12b73815d4401f026	402b4004b987169e1cc5b9b0356061794218ef45ee473839b80b72a91cf1f9ed	YES
a63a841f263e44b3510e95b26b35f556a121feb5851e7960819e7419f3aa98a4	CIC_W	536	b1e5dbad-5462-4f82-b31b-f7c9bbf44a6c	EXACT_EQUIVALENT	APPROVED	MANUAL_REVIEW	OWNER_APPROVED_CONCEPT_MEMBERSHIP	RISK-MAP-MATERIALIZE-001	RISK-MAP-APPROVE-001	036d293c6e2fa506922c53ffcfdd44476ec903fdc639e2c12b73815d4401f026	402b4004b987169e1cc5b9b0356061794218ef45ee473839b80b72a91cf1f9ed	YES
80939f7fa1fd293d7e83c7f483f67c76847db89d621fc4ea143c26922ce00a55	CIC_W	5361	69381494-9a4c-4941-8ca9-c64d55fbdab8	EXACT_EQUIVALENT	APPROVED	MANUAL_REVIEW	OWNER_APPROVED_CONCEPT_MEMBERSHIP	RISK-MAP-MATERIALIZE-001	RISK-MAP-APPROVE-001	036d293c6e2fa506922c53ffcfdd44476ec903fdc639e2c12b73815d4401f026	402b4004b987169e1cc5b9b0356061794218ef45ee473839b80b72a91cf1f9ed	YES
0f3eb0b69ce8900691163c9288f6757c3ae2f924611acd4cc1ffab189b613cc6	CIC_W	5362	cdbf7194-0d2e-48bf-83c5-ea42c74698fb	EXACT_EQUIVALENT	APPROVED	MANUAL_REVIEW	OWNER_APPROVED_CONCEPT_MEMBERSHIP	RISK-MAP-MATERIALIZE-001	RISK-MAP-APPROVE-001	036d293c6e2fa506922c53ffcfdd44476ec903fdc639e2c12b73815d4401f026	402b4004b987169e1cc5b9b0356061794218ef45ee473839b80b72a91cf1f9ed	YES
92fcde2f6818886f0ce9f145046785c5e03542e90010cb6d1abe626a47c8fa13	CIC_W	5363	f9466a05-b8d4-4a05-808b-4beeb0fd2101	EXACT_EQUIVALENT	APPROVED	MANUAL_REVIEW	OWNER_APPROVED_CONCEPT_MEMBERSHIP	RISK-MAP-MATERIALIZE-001	RISK-MAP-APPROVE-001	036d293c6e2fa506922c53ffcfdd44476ec903fdc639e2c12b73815d4401f026	402b4004b987169e1cc5b9b0356061794218ef45ee473839b80b72a91cf1f9ed	YES
2395a398359cfe8ec42b275e898abbe8bd8009fa9258d77ed1d6faecbf4aedcd	CIC_W	5364	dccc5f5a-9612-4fa6-8cd3-0078f5758a94	EXACT_EQUIVALENT	APPROVED	MANUAL_REVIEW	OWNER_APPROVED_CONCEPT_MEMBERSHIP	RISK-MAP-MATERIALIZE-001	RISK-MAP-APPROVE-001	036d293c6e2fa506922c53ffcfdd44476ec903fdc639e2c12b73815d4401f026	402b4004b987169e1cc5b9b0356061794218ef45ee473839b80b72a91cf1f9ed	YES
0b9d511e50c922967d44dbf7091ee2aed6a5da4211e67a0958ada5a4aa630f5e	CIC_W	54	ca6f7bea-96f1-456f-be61-e96c129ab18a	EXACT_EQUIVALENT	APPROVED	MANUAL_REVIEW	OWNER_APPROVED_CONCEPT_MEMBERSHIP	RISK-MAP-MATERIALIZE-001	RISK-MAP-APPROVE-001	036d293c6e2fa506922c53ffcfdd44476ec903fdc639e2c12b73815d4401f026	402b4004b987169e1cc5b9b0356061794218ef45ee473839b80b72a91cf1f9ed	YES
f49a09611bc31564fd18f8444c0573a0c2306c7b3af7d7897356cde4e4c09d08	CIC_W	541	3213c0e7-55e9-421b-91b7-740057165b8b	EXACT_EQUIVALENT	APPROVED	MANUAL_REVIEW	OWNER_APPROVED_CONCEPT_MEMBERSHIP	RISK-MAP-MATERIALIZE-001	RISK-MAP-APPROVE-001	036d293c6e2fa506922c53ffcfdd44476ec903fdc639e2c12b73815d4401f026	402b4004b987169e1cc5b9b0356061794218ef45ee473839b80b72a91cf1f9ed	YES
1333de39b8fefd9c809020c2f0b28a70b9053bf60a206d536640178797b8fcdd	CIC_W	5411	06f54916-d26f-408f-90bd-297511825e27	EXACT_EQUIVALENT	APPROVED	MANUAL_REVIEW	OWNER_APPROVED_CONCEPT_MEMBERSHIP	RISK-MAP-MATERIALIZE-001	RISK-MAP-APPROVE-001	036d293c6e2fa506922c53ffcfdd44476ec903fdc639e2c12b73815d4401f026	402b4004b987169e1cc5b9b0356061794218ef45ee473839b80b72a91cf1f9ed	YES
8d129db3a758d7ebaddf8793216a324ea60ce1ebf23b8aada37e9157ec68c77d	CIC_W	5414	58ce5ee0-546c-4386-95fb-d1ee90d08f50	EXACT_EQUIVALENT	APPROVED	MANUAL_REVIEW	OWNER_APPROVED_CONCEPT_MEMBERSHIP	RISK-MAP-MATERIALIZE-001	RISK-MAP-APPROVE-001	036d293c6e2fa506922c53ffcfdd44476ec903fdc639e2c12b73815d4401f026	402b4004b987169e1cc5b9b0356061794218ef45ee473839b80b72a91cf1f9ed	YES
54a353545a68387d37e37fc6d8cb8a5730225115f849d8ddb359d69e38b20a8d	CIC_W	5417	b7984497-d014-471e-ac82-42f5de141088	EXACT_EQUIVALENT	APPROVED	MANUAL_REVIEW	OWNER_APPROVED_CONCEPT_MEMBERSHIP	RISK-MAP-MATERIALIZE-001	RISK-MAP-APPROVE-001	036d293c6e2fa506922c53ffcfdd44476ec903fdc639e2c12b73815d4401f026	402b4004b987169e1cc5b9b0356061794218ef45ee473839b80b72a91cf1f9ed	YES
d9b532de11a59325b4ddd1ea15f7c20f29e5cbd822e0e653e66e7dfb18b786c3	CIC_W	542	c948d983-8064-4528-b202-585025a072df	EXACT_EQUIVALENT	APPROVED	MANUAL_REVIEW	OWNER_APPROVED_CONCEPT_MEMBERSHIP	RISK-MAP-MATERIALIZE-001	RISK-MAP-APPROVE-001	036d293c6e2fa506922c53ffcfdd44476ec903fdc639e2c12b73815d4401f026	402b4004b987169e1cc5b9b0356061794218ef45ee473839b80b72a91cf1f9ed	YES
62b5973b4228e74fa1aaa665730dc6ba7d6d098f4e8994f73be83d666bf19ea9	CIC_W	5425	935ae655-347e-4ef9-b4a6-e90a353c6119	EXACT_EQUIVALENT	APPROVED	MANUAL_REVIEW	OWNER_APPROVED_CONCEPT_MEMBERSHIP	RISK-MAP-MATERIALIZE-001	RISK-MAP-APPROVE-001	036d293c6e2fa506922c53ffcfdd44476ec903fdc639e2c12b73815d4401f026	402b4004b987169e1cc5b9b0356061794218ef45ee473839b80b72a91cf1f9ed	YES
e14c59823685a24a127c218de90f0a7a9bea1184aaf989ab621182f726b86b57	CIC_W	543	ac2a3158-0c35-492f-8611-dd2c65d6aa30	EXACT_EQUIVALENT	APPROVED	MANUAL_REVIEW	OWNER_APPROVED_CONCEPT_MEMBERSHIP	RISK-MAP-MATERIALIZE-001	RISK-MAP-APPROVE-001	036d293c6e2fa506922c53ffcfdd44476ec903fdc639e2c12b73815d4401f026	402b4004b987169e1cc5b9b0356061794218ef45ee473839b80b72a91cf1f9ed	YES
78ff319afeae5c4d38545585224ac910be5755bafbc8ee375dddba9f88e82de2	CIC_W	5431	caf1be65-959f-47d8-80a4-b50a26bfc0d6	EXACT_EQUIVALENT	APPROVED	MANUAL_REVIEW	OWNER_APPROVED_CONCEPT_MEMBERSHIP	RISK-MAP-MATERIALIZE-001	RISK-MAP-APPROVE-001	036d293c6e2fa506922c53ffcfdd44476ec903fdc639e2c12b73815d4401f026	402b4004b987169e1cc5b9b0356061794218ef45ee473839b80b72a91cf1f9ed	YES
2d07095799f1b1997c3aeca2067bf894f729f4f995fbe9e46242b0cf4a24d6c1	CIC_W	5432	d58a82f0-4dfd-45e0-a2fb-44533dccd83c	EXACT_EQUIVALENT	APPROVED	MANUAL_REVIEW	OWNER_APPROVED_CONCEPT_MEMBERSHIP	RISK-MAP-MATERIALIZE-001	RISK-MAP-APPROVE-001	036d293c6e2fa506922c53ffcfdd44476ec903fdc639e2c12b73815d4401f026	402b4004b987169e1cc5b9b0356061794218ef45ee473839b80b72a91cf1f9ed	YES
9c06918ebca440221f0611c424879062d7e3a62b24bfffbbae7e605a779cee21	CIC_W	5433	cc37f2d9-e0e6-42ec-802a-dce98fe53cff	EXACT_EQUIVALENT	APPROVED	MANUAL_REVIEW	OWNER_APPROVED_CONCEPT_MEMBERSHIP	RISK-MAP-MATERIALIZE-001	RISK-MAP-APPROVE-001	036d293c6e2fa506922c53ffcfdd44476ec903fdc639e2c12b73815d4401f026	402b4004b987169e1cc5b9b0356061794218ef45ee473839b80b72a91cf1f9ed	YES
7fee508fff28519e94881da53e4d6f6a569a79d52039771c63279b384603504c	CIC_W	5434	06da75ac-d4c3-4b60-a384-d57f9b2eb6dd	EXACT_EQUIVALENT	APPROVED	MANUAL_REVIEW	OWNER_APPROVED_CONCEPT_MEMBERSHIP	RISK-MAP-MATERIALIZE-001	RISK-MAP-APPROVE-001	036d293c6e2fa506922c53ffcfdd44476ec903fdc639e2c12b73815d4401f026	402b4004b987169e1cc5b9b0356061794218ef45ee473839b80b72a91cf1f9ed	YES
f3fb71b0ba21db5860f25de1b417e45ff2f65763afd80d0f7852f391aeeea390	CIC_W	5435	900c0052-ab6c-4631-8df0-c8cf4c466803	EXACT_EQUIVALENT	APPROVED	MANUAL_REVIEW	OWNER_APPROVED_CONCEPT_MEMBERSHIP	RISK-MAP-MATERIALIZE-001	RISK-MAP-APPROVE-001	036d293c6e2fa506922c53ffcfdd44476ec903fdc639e2c12b73815d4401f026	402b4004b987169e1cc5b9b0356061794218ef45ee473839b80b72a91cf1f9ed	YES
552ee583ee93ff4e7f5d8a5138ae5ac005d30194d4705db5e085a8366d01629c	CIC_W	5436	cefa4a51-f586-4f29-96c7-2b511e749ee7	EXACT_EQUIVALENT	APPROVED	MANUAL_REVIEW	OWNER_APPROVED_CONCEPT_MEMBERSHIP	RISK-MAP-MATERIALIZE-001	RISK-MAP-APPROVE-001	036d293c6e2fa506922c53ffcfdd44476ec903fdc639e2c12b73815d4401f026	402b4004b987169e1cc5b9b0356061794218ef45ee473839b80b72a91cf1f9ed	YES
f070f9ad9a88fac90e56e12b1c91bdae010a383e0bda0acf85af7180eec65be3	CIC_W	544	02cd1121-108c-4ee3-89de-c83d73cda213	EXACT_EQUIVALENT	APPROVED	MANUAL_REVIEW	OWNER_APPROVED_CONCEPT_MEMBERSHIP	RISK-MAP-MATERIALIZE-001	RISK-MAP-APPROVE-001	036d293c6e2fa506922c53ffcfdd44476ec903fdc639e2c12b73815d4401f026	402b4004b987169e1cc5b9b0356061794218ef45ee473839b80b72a91cf1f9ed	YES
a371ec269e35d18f915f6959d4f6c62062007519996739538098ec2d9069542a	CIC_W	5441	78725ef9-b85c-4ec5-b7e4-f5a29136b51d	EXACT_EQUIVALENT	APPROVED	MANUAL_REVIEW	OWNER_APPROVED_CONCEPT_MEMBERSHIP	RISK-MAP-MATERIALIZE-001	RISK-MAP-APPROVE-001	036d293c6e2fa506922c53ffcfdd44476ec903fdc639e2c12b73815d4401f026	402b4004b987169e1cc5b9b0356061794218ef45ee473839b80b72a91cf1f9ed	YES
7c43ae090a1e848f0930bcd930cc76c03322f403fb76fea026eda98812202e37	CIC_W	5442	bee670cd-c633-441f-b15a-0fa2bb279a1d	EXACT_EQUIVALENT	APPROVED	MANUAL_REVIEW	OWNER_APPROVED_CONCEPT_MEMBERSHIP	RISK-MAP-MATERIALIZE-001	RISK-MAP-APPROVE-001	036d293c6e2fa506922c53ffcfdd44476ec903fdc639e2c12b73815d4401f026	402b4004b987169e1cc5b9b0356061794218ef45ee473839b80b72a91cf1f9ed	YES
cf6c92360777abea8af4991764086dd0da4e77d2daf859f1576f33f211facc82	CIC_W	5443	d297e465-7ed2-4fb4-a53f-512040462129	EXACT_EQUIVALENT	APPROVED	MANUAL_REVIEW	OWNER_APPROVED_CONCEPT_MEMBERSHIP	RISK-MAP-MATERIALIZE-001	RISK-MAP-APPROVE-001	036d293c6e2fa506922c53ffcfdd44476ec903fdc639e2c12b73815d4401f026	402b4004b987169e1cc5b9b0356061794218ef45ee473839b80b72a91cf1f9ed	YES
d3ee05ed21f79fa291de7b5e712295e8841324fc4463c4915653b20fbfe52ad2	CIC_W	5444	7269d84e-6670-4bef-ad33-9445339e0279	EXACT_EQUIVALENT	APPROVED	MANUAL_REVIEW	OWNER_APPROVED_CONCEPT_MEMBERSHIP	RISK-MAP-MATERIALIZE-001	RISK-MAP-APPROVE-001	036d293c6e2fa506922c53ffcfdd44476ec903fdc639e2c12b73815d4401f026	402b4004b987169e1cc5b9b0356061794218ef45ee473839b80b72a91cf1f9ed	YES
8682b5f2e0d54d52a2063f22f31a03d14ed5f3b739a9a2197b9ca922875b16b7	CIC_W	5446	3c60611c-319d-4805-a9b0-4c3e91730331	EXACT_EQUIVALENT	APPROVED	MANUAL_REVIEW	OWNER_APPROVED_CONCEPT_MEMBERSHIP	RISK-MAP-MATERIALIZE-001	RISK-MAP-APPROVE-001	036d293c6e2fa506922c53ffcfdd44476ec903fdc639e2c12b73815d4401f026	402b4004b987169e1cc5b9b0356061794218ef45ee473839b80b72a91cf1f9ed	YES
dbd814ced6a9166e3d34537d81c3b88b2f1f18af2ec2902162593c5449a4b1e2	CIC_W	545	addfaf62-3805-4680-9941-6e299eeed209	EXACT_EQUIVALENT	APPROVED	MANUAL_REVIEW	OWNER_APPROVED_CONCEPT_MEMBERSHIP	RISK-MAP-MATERIALIZE-001	RISK-MAP-APPROVE-001	036d293c6e2fa506922c53ffcfdd44476ec903fdc639e2c12b73815d4401f026	402b4004b987169e1cc5b9b0356061794218ef45ee473839b80b72a91cf1f9ed	YES
5e8f60fa5c06791bfcacfcd53336f12d604a14432e6632a4b41833de0229be70	CIC_W	5451	78752ad8-563f-40b4-b785-345e3ad17c77	EXACT_EQUIVALENT	APPROVED	MANUAL_REVIEW	OWNER_APPROVED_CONCEPT_MEMBERSHIP	RISK-MAP-MATERIALIZE-001	RISK-MAP-APPROVE-001	036d293c6e2fa506922c53ffcfdd44476ec903fdc639e2c12b73815d4401f026	402b4004b987169e1cc5b9b0356061794218ef45ee473839b80b72a91cf1f9ed	YES
f9c9077544e1a16ea290907a64545579f2140750e0d0bb5eaa0afdd43b99b4b6	CIC_W	5452	55522a2a-9ebd-4dc1-bc67-8ec7cdae2b6a	EXACT_EQUIVALENT	APPROVED	MANUAL_REVIEW	OWNER_APPROVED_CONCEPT_MEMBERSHIP	RISK-MAP-MATERIALIZE-001	RISK-MAP-APPROVE-001	036d293c6e2fa506922c53ffcfdd44476ec903fdc639e2c12b73815d4401f026	402b4004b987169e1cc5b9b0356061794218ef45ee473839b80b72a91cf1f9ed	YES
7f5bbd14a04275c4ba2b2509e8b7590112a081c7da7422af3916d6bd434cda1e	CIC_W	5453	1333d6f6-7703-4f3e-afcf-9ab03b758cc9	EXACT_EQUIVALENT	APPROVED	MANUAL_REVIEW	OWNER_APPROVED_CONCEPT_MEMBERSHIP	RISK-MAP-MATERIALIZE-001	RISK-MAP-APPROVE-001	036d293c6e2fa506922c53ffcfdd44476ec903fdc639e2c12b73815d4401f026	402b4004b987169e1cc5b9b0356061794218ef45ee473839b80b72a91cf1f9ed	YES
65915371a5f19ac3c8ca1080cd83fae9bcc97f5c9800ef32a054c62f2ef199e6	CIC_W	5455	9377e2e2-0199-4ffb-8a39-45eebe204ef8	EXACT_EQUIVALENT	APPROVED	MANUAL_REVIEW	OWNER_APPROVED_CONCEPT_MEMBERSHIP	RISK-MAP-MATERIALIZE-001	RISK-MAP-APPROVE-001	036d293c6e2fa506922c53ffcfdd44476ec903fdc639e2c12b73815d4401f026	402b4004b987169e1cc5b9b0356061794218ef45ee473839b80b72a91cf1f9ed	YES
60fc836d036071c30b6c45df900327a4c10bf1077ba6a3390a9e2f057077c9ce	CIC_W	546	f341a82a-d015-42a2-ba95-73222b9510c2	EXACT_EQUIVALENT	APPROVED	MANUAL_REVIEW	OWNER_APPROVED_CONCEPT_MEMBERSHIP	RISK-MAP-MATERIALIZE-001	RISK-MAP-APPROVE-001	036d293c6e2fa506922c53ffcfdd44476ec903fdc639e2c12b73815d4401f026	402b4004b987169e1cc5b9b0356061794218ef45ee473839b80b72a91cf1f9ed	YES
0fa3246e184944bd56662115fb0538e3a2d23b79b0a964f834d1dbfdb1acc5ea	CIC_W	5461	0a24f8d3-2f4b-4b09-a59f-5a9135709340	EXACT_EQUIVALENT	APPROVED	MANUAL_REVIEW	OWNER_APPROVED_CONCEPT_MEMBERSHIP	RISK-MAP-MATERIALIZE-001	RISK-MAP-APPROVE-001	036d293c6e2fa506922c53ffcfdd44476ec903fdc639e2c12b73815d4401f026	402b4004b987169e1cc5b9b0356061794218ef45ee473839b80b72a91cf1f9ed	YES
a131b9a1009d2cdcab12fe84a8c6c4e8ea37c621ef8f303065ced0e0be968c35	CIC_W	5462	2155936c-2027-4873-9d84-a369ff47b824	EXACT_EQUIVALENT	APPROVED	MANUAL_REVIEW	OWNER_APPROVED_CONCEPT_MEMBERSHIP	RISK-MAP-MATERIALIZE-001	RISK-MAP-APPROVE-001	036d293c6e2fa506922c53ffcfdd44476ec903fdc639e2c12b73815d4401f026	402b4004b987169e1cc5b9b0356061794218ef45ee473839b80b72a91cf1f9ed	YES
60473f1e32008ad8a9c09e79b26bd1eec7defb396d451d08a52245a88c21e59a	CIC_W	5463	31b9bee4-e990-491c-867c-6b6c23cce758	EXACT_EQUIVALENT	APPROVED	MANUAL_REVIEW	OWNER_APPROVED_CONCEPT_MEMBERSHIP	RISK-MAP-MATERIALIZE-001	RISK-MAP-APPROVE-001	036d293c6e2fa506922c53ffcfdd44476ec903fdc639e2c12b73815d4401f026	402b4004b987169e1cc5b9b0356061794218ef45ee473839b80b72a91cf1f9ed	YES
8706e3c056311bbc017518aee284aa778abdef09a7483390bbcd338d7567d85d	CIC_W	5464	d668e6e1-a5b6-4ba7-b40f-b1fd3e0bbd22	EXACT_EQUIVALENT	APPROVED	MANUAL_REVIEW	OWNER_APPROVED_CONCEPT_MEMBERSHIP	RISK-MAP-MATERIALIZE-001	RISK-MAP-APPROVE-001	036d293c6e2fa506922c53ffcfdd44476ec903fdc639e2c12b73815d4401f026	402b4004b987169e1cc5b9b0356061794218ef45ee473839b80b72a91cf1f9ed	YES
8517b4c4a788f2bda66465c4045e81529c4943ee49efd422a587507404e93158	CIC_W	5465	e284a432-5d1b-4e0a-860c-b1a79df76ae5	EXACT_EQUIVALENT	APPROVED	MANUAL_REVIEW	OWNER_APPROVED_CONCEPT_MEMBERSHIP	RISK-MAP-MATERIALIZE-001	RISK-MAP-APPROVE-001	036d293c6e2fa506922c53ffcfdd44476ec903fdc639e2c12b73815d4401f026	402b4004b987169e1cc5b9b0356061794218ef45ee473839b80b72a91cf1f9ed	YES
5f42a1a0c49ac7181c180b407461dbb7ac57b6437273ed7d5f225762a11e6a29	CIC_W	5466	22c5a852-db42-4bec-b3b8-03a4147f23bc	EXACT_EQUIVALENT	APPROVED	MANUAL_REVIEW	OWNER_APPROVED_CONCEPT_MEMBERSHIP	RISK-MAP-MATERIALIZE-001	RISK-MAP-APPROVE-001	036d293c6e2fa506922c53ffcfdd44476ec903fdc639e2c12b73815d4401f026	402b4004b987169e1cc5b9b0356061794218ef45ee473839b80b72a91cf1f9ed	YES
a07e7d7458f87baab1e0ea793a046c0624e89da2f7ba5d7b99a31b47527619cd	CIC_W	547	fa8cfc12-4cef-4715-9d5e-68472a822b8b	EXACT_EQUIVALENT	APPROVED	MANUAL_REVIEW	OWNER_APPROVED_CONCEPT_MEMBERSHIP	RISK-MAP-MATERIALIZE-001	RISK-MAP-APPROVE-001	036d293c6e2fa506922c53ffcfdd44476ec903fdc639e2c12b73815d4401f026	402b4004b987169e1cc5b9b0356061794218ef45ee473839b80b72a91cf1f9ed	YES
ef735e15fb2db826c7976649979860de38d30be4d97483c7ceb9da127ff47f16	CIC_W	5471	8f7050b0-0f96-4b56-83f4-c8c52ee529c7	EXACT_EQUIVALENT	APPROVED	MANUAL_REVIEW	OWNER_APPROVED_CONCEPT_MEMBERSHIP	RISK-MAP-MATERIALIZE-001	RISK-MAP-APPROVE-001	036d293c6e2fa506922c53ffcfdd44476ec903fdc639e2c12b73815d4401f026	402b4004b987169e1cc5b9b0356061794218ef45ee473839b80b72a91cf1f9ed	YES
3baed32846010fafeb1b1bfcc3f9917e04ed5f3f4a1a863459f7459f39537c13	CIC_W	5472	450fbad8-e272-4151-a2f4-c9dd17871d68	EXACT_EQUIVALENT	APPROVED	MANUAL_REVIEW	OWNER_APPROVED_CONCEPT_MEMBERSHIP	RISK-MAP-MATERIALIZE-001	RISK-MAP-APPROVE-001	036d293c6e2fa506922c53ffcfdd44476ec903fdc639e2c12b73815d4401f026	402b4004b987169e1cc5b9b0356061794218ef45ee473839b80b72a91cf1f9ed	YES
47044ed5952d1575533af219bc663de6e76fa9332f5755ad420fa2bd7f18392a	CIC_W	5473	cc808536-8587-4938-b905-be60d47111f5	EXACT_EQUIVALENT	APPROVED	MANUAL_REVIEW	OWNER_APPROVED_CONCEPT_MEMBERSHIP	RISK-MAP-MATERIALIZE-001	RISK-MAP-APPROVE-001	036d293c6e2fa506922c53ffcfdd44476ec903fdc639e2c12b73815d4401f026	402b4004b987169e1cc5b9b0356061794218ef45ee473839b80b72a91cf1f9ed	YES
1437d4fb2e15008793e80a6add85a1b97e021e3d47bfbffbc8ed67fdfb0badd9	CIC_W	55	32915fdf-e539-40f3-8e31-01c14e4d5a38	EXACT_EQUIVALENT	APPROVED	MANUAL_REVIEW	OWNER_APPROVED_CONCEPT_MEMBERSHIP	RISK-MAP-MATERIALIZE-001	RISK-MAP-APPROVE-001	036d293c6e2fa506922c53ffcfdd44476ec903fdc639e2c12b73815d4401f026	402b4004b987169e1cc5b9b0356061794218ef45ee473839b80b72a91cf1f9ed	YES
e7731b9086b0d96d550dee55ef3b4a15fc31ffaea38ad96a32531547ef1a170e	CIC_W	551	1c3217dc-73b3-45fd-9119-13508993a96d	EXACT_EQUIVALENT	APPROVED	MANUAL_REVIEW	OWNER_APPROVED_CONCEPT_MEMBERSHIP	RISK-MAP-MATERIALIZE-001	RISK-MAP-APPROVE-001	036d293c6e2fa506922c53ffcfdd44476ec903fdc639e2c12b73815d4401f026	402b4004b987169e1cc5b9b0356061794218ef45ee473839b80b72a91cf1f9ed	YES
8ef58ec9a48cf8a80ce03dde2883fc27105032aad1e21b6b6f8fd5480311fc07	CIC_W	5511	5751cb34-0ee5-4298-9f45-22a07d7007f2	EXACT_EQUIVALENT	APPROVED	MANUAL_REVIEW	OWNER_APPROVED_CONCEPT_MEMBERSHIP	RISK-MAP-MATERIALIZE-001	RISK-MAP-APPROVE-001	036d293c6e2fa506922c53ffcfdd44476ec903fdc639e2c12b73815d4401f026	402b4004b987169e1cc5b9b0356061794218ef45ee473839b80b72a91cf1f9ed	YES
bc833fde9ee82faa15d06543baa0e292e6e3429acede42676cfaac5e7bbf5d18	CIC_W	5512	699a7a8d-8214-4551-8250-359d4930b902	EXACT_EQUIVALENT	APPROVED	MANUAL_REVIEW	OWNER_APPROVED_CONCEPT_MEMBERSHIP	RISK-MAP-MATERIALIZE-001	RISK-MAP-APPROVE-001	036d293c6e2fa506922c53ffcfdd44476ec903fdc639e2c12b73815d4401f026	402b4004b987169e1cc5b9b0356061794218ef45ee473839b80b72a91cf1f9ed	YES
66c89e62ab1b2646ce888a8108efb9dfb0244e5c42abb858c4f8b97412ca591e	CIC_W	5513	720f44ba-565c-4ca2-b197-9558afa79332	EXACT_EQUIVALENT	APPROVED	MANUAL_REVIEW	OWNER_APPROVED_CONCEPT_MEMBERSHIP	RISK-MAP-MATERIALIZE-001	RISK-MAP-APPROVE-001	036d293c6e2fa506922c53ffcfdd44476ec903fdc639e2c12b73815d4401f026	402b4004b987169e1cc5b9b0356061794218ef45ee473839b80b72a91cf1f9ed	YES
2e14e4d066590204bef0d77d89411d933b397cb2cb5d79d289a77a34f817d84e	CIC_W	5514	ebde9eb8-cb0c-4286-9b69-4ded6d031c6d	EXACT_EQUIVALENT	APPROVED	MANUAL_REVIEW	OWNER_APPROVED_CONCEPT_MEMBERSHIP	RISK-MAP-MATERIALIZE-001	RISK-MAP-APPROVE-001	036d293c6e2fa506922c53ffcfdd44476ec903fdc639e2c12b73815d4401f026	402b4004b987169e1cc5b9b0356061794218ef45ee473839b80b72a91cf1f9ed	YES
751c8789e25e6888007194fae12d147862129e7a1d62485f131a6a5058bb7598	CIC_W	5518	3c9f449a-7220-445e-ab8e-f9d0c68a6ff3	EXACT_EQUIVALENT	APPROVED	MANUAL_REVIEW	OWNER_APPROVED_CONCEPT_MEMBERSHIP	RISK-MAP-MATERIALIZE-001	RISK-MAP-APPROVE-001	036d293c6e2fa506922c53ffcfdd44476ec903fdc639e2c12b73815d4401f026	402b4004b987169e1cc5b9b0356061794218ef45ee473839b80b72a91cf1f9ed	YES
4fb3137e7c4669b1262f25ef6ec4283623c347b8cc44c176120ebc37443b4d29	CIC_W	5519	21ceb6d0-5fd1-45ac-963a-89b946e6c95c	EXACT_EQUIVALENT	APPROVED	MANUAL_REVIEW	OWNER_APPROVED_CONCEPT_MEMBERSHIP	RISK-MAP-MATERIALIZE-001	RISK-MAP-APPROVE-001	036d293c6e2fa506922c53ffcfdd44476ec903fdc639e2c12b73815d4401f026	402b4004b987169e1cc5b9b0356061794218ef45ee473839b80b72a91cf1f9ed	YES
cc6aef7e6d690eefd7ee3d957121e0690a63852a41783f3053f272f2f9042c20	CIC_W	559	ce82c382-42ec-472b-b6f0-1ee17ee8d19e	EXACT_EQUIVALENT	APPROVED	MANUAL_REVIEW	OWNER_APPROVED_CONCEPT_MEMBERSHIP	RISK-MAP-MATERIALIZE-001	RISK-MAP-APPROVE-001	036d293c6e2fa506922c53ffcfdd44476ec903fdc639e2c12b73815d4401f026	402b4004b987169e1cc5b9b0356061794218ef45ee473839b80b72a91cf1f9ed	YES
97cd42935394e0fa0befcf910d2bf0c3fbb97dee59ebabd6e72e99fea91f620c	CIC_W	56	68783f75-c12d-4329-acb8-ad7d429dc65e	EXACT_EQUIVALENT	APPROVED	MANUAL_REVIEW	OWNER_APPROVED_CONCEPT_MEMBERSHIP	RISK-MAP-MATERIALIZE-001	RISK-MAP-APPROVE-001	036d293c6e2fa506922c53ffcfdd44476ec903fdc639e2c12b73815d4401f026	402b4004b987169e1cc5b9b0356061794218ef45ee473839b80b72a91cf1f9ed	YES
d736aa2d3133b6193f8709c7404c154e160beafe0c2a87fa0094c68e6cea6c44	CIC_W	59	a18cbef9-0712-4d25-80d2-4d27ccd5860e	EXACT_EQUIVALENT	APPROVED	MANUAL_REVIEW	OWNER_APPROVED_CONCEPT_MEMBERSHIP	RISK-MAP-MATERIALIZE-001	RISK-MAP-APPROVE-001	036d293c6e2fa506922c53ffcfdd44476ec903fdc639e2c12b73815d4401f026	402b4004b987169e1cc5b9b0356061794218ef45ee473839b80b72a91cf1f9ed	YES
fd34d69b03b9fc62b47330c5108d05cecaf3aae00c1f3e9decb77895f2ad4193	CIC_W	591	6be21583-e684-4d52-9623-37b1b6b22e17	EXACT_EQUIVALENT	APPROVED	MANUAL_REVIEW	OWNER_APPROVED_CONCEPT_MEMBERSHIP	RISK-MAP-MATERIALIZE-001	RISK-MAP-APPROVE-001	036d293c6e2fa506922c53ffcfdd44476ec903fdc639e2c12b73815d4401f026	402b4004b987169e1cc5b9b0356061794218ef45ee473839b80b72a91cf1f9ed	YES
38e5eea41a7b256b10839f2e371666f6b8f8300ee49b24e7fe52a9ce5872946f	CIC_W	5911	0a712330-9126-4abc-8a35-586d8b458fab	EXACT_EQUIVALENT	APPROVED	MANUAL_REVIEW	OWNER_APPROVED_CONCEPT_MEMBERSHIP	RISK-MAP-MATERIALIZE-001	RISK-MAP-APPROVE-001	036d293c6e2fa506922c53ffcfdd44476ec903fdc639e2c12b73815d4401f026	402b4004b987169e1cc5b9b0356061794218ef45ee473839b80b72a91cf1f9ed	YES
fa0ce0e173558cdb2aaee71f708a91683e367222de3e23a79b65a3a33f5f9c11	CIC_W	592	556d6799-5eb8-4626-8991-83953a8056ac	EXACT_EQUIVALENT	APPROVED	MANUAL_REVIEW	OWNER_APPROVED_CONCEPT_MEMBERSHIP	RISK-MAP-MATERIALIZE-001	RISK-MAP-APPROVE-001	036d293c6e2fa506922c53ffcfdd44476ec903fdc639e2c12b73815d4401f026	402b4004b987169e1cc5b9b0356061794218ef45ee473839b80b72a91cf1f9ed	YES
025944a1a63d2f21e1be815115583467013fb9268abd477214d9e7e9115dcfcd	CIC_W	5921	94847414-cf6d-4eb2-bc57-cd98cc7c35ed	EXACT_EQUIVALENT	APPROVED	MANUAL_REVIEW	OWNER_APPROVED_CONCEPT_MEMBERSHIP	RISK-MAP-MATERIALIZE-001	RISK-MAP-APPROVE-001	036d293c6e2fa506922c53ffcfdd44476ec903fdc639e2c12b73815d4401f026	402b4004b987169e1cc5b9b0356061794218ef45ee473839b80b72a91cf1f9ed	YES
144ece0e266e26edc335814a1044a58c3cf024d3098e641c31bade2a71a6ca28	CIC_W	5922	0e3987c5-2272-4d01-a961-025c0a4bd863	EXACT_EQUIVALENT	APPROVED	MANUAL_REVIEW	OWNER_APPROVED_CONCEPT_MEMBERSHIP	RISK-MAP-MATERIALIZE-001	RISK-MAP-APPROVE-001	036d293c6e2fa506922c53ffcfdd44476ec903fdc639e2c12b73815d4401f026	402b4004b987169e1cc5b9b0356061794218ef45ee473839b80b72a91cf1f9ed	YES
df514592434b99961a8a48772595eb0c3fb96c7bd0ae5da87d3ba7eef5bd1a97	CIC_W	5923	8b6a3fc1-a9db-4cc3-a346-04c12077b4bb	EXACT_EQUIVALENT	APPROVED	MANUAL_REVIEW	OWNER_APPROVED_CONCEPT_MEMBERSHIP	RISK-MAP-MATERIALIZE-001	RISK-MAP-APPROVE-001	036d293c6e2fa506922c53ffcfdd44476ec903fdc639e2c12b73815d4401f026	402b4004b987169e1cc5b9b0356061794218ef45ee473839b80b72a91cf1f9ed	YES
680aa0618f82c4aca6e518c72c7d313646dc759e43e3172b28aeb1a2b4bee278	CIC_W	5924	db7f7a69-75f1-4e7a-98f1-684805327b38	EXACT_EQUIVALENT	APPROVED	MANUAL_REVIEW	OWNER_APPROVED_CONCEPT_MEMBERSHIP	RISK-MAP-MATERIALIZE-001	RISK-MAP-APPROVE-001	036d293c6e2fa506922c53ffcfdd44476ec903fdc639e2c12b73815d4401f026	402b4004b987169e1cc5b9b0356061794218ef45ee473839b80b72a91cf1f9ed	YES
b45f6d2394cce47aedbfe49e8ff651ce2459b2e7884e265df48bb88fafd683ae	CIC_W	5925	19818427-27f6-428a-9cd9-b6659ea21ede	EXACT_EQUIVALENT	APPROVED	MANUAL_REVIEW	OWNER_APPROVED_CONCEPT_MEMBERSHIP	RISK-MAP-MATERIALIZE-001	RISK-MAP-APPROVE-001	036d293c6e2fa506922c53ffcfdd44476ec903fdc639e2c12b73815d4401f026	402b4004b987169e1cc5b9b0356061794218ef45ee473839b80b72a91cf1f9ed	YES
0210636c756f2c74a971d4c2497f88f1c65032177e9195d0900d5910778b80a0	CIC_W	5926	2b53ac49-f12b-4e66-a97d-1d2d8d1e432d	EXACT_EQUIVALENT	APPROVED	MANUAL_REVIEW	OWNER_APPROVED_CONCEPT_MEMBERSHIP	RISK-MAP-MATERIALIZE-001	RISK-MAP-APPROVE-001	036d293c6e2fa506922c53ffcfdd44476ec903fdc639e2c12b73815d4401f026	402b4004b987169e1cc5b9b0356061794218ef45ee473839b80b72a91cf1f9ed	YES
5489aa6a0aa8d5bdcb923cda2810a2c5f28cb8969b471f9ae40ebed27992ca4e	CIC_W	5927	19818427-27f6-428a-9cd9-b6659ea21ede	EXACT_EQUIVALENT	APPROVED	MANUAL_REVIEW	OWNER_APPROVED_CONCEPT_MEMBERSHIP	RISK-MAP-MATERIALIZE-001	RISK-MAP-APPROVE-001	036d293c6e2fa506922c53ffcfdd44476ec903fdc639e2c12b73815d4401f026	402b4004b987169e1cc5b9b0356061794218ef45ee473839b80b72a91cf1f9ed	YES
496462806c604d7a75a5e9b4c44a3f81763571bf9aa4858a8a2b140fe32cca54	CIC_W	5928	461f2858-2184-4d10-b72b-dc659a3b5c53	EXACT_EQUIVALENT	APPROVED	MANUAL_REVIEW	OWNER_APPROVED_CONCEPT_MEMBERSHIP	RISK-MAP-MATERIALIZE-001	RISK-MAP-APPROVE-001	036d293c6e2fa506922c53ffcfdd44476ec903fdc639e2c12b73815d4401f026	402b4004b987169e1cc5b9b0356061794218ef45ee473839b80b72a91cf1f9ed	YES
14e832499da23725260fe82f415e2711e95007e0a1c1f18e068ffc9312db4694	CIC_W	593	e3e9f2b0-e7f5-4411-ae3f-23bdeb4984c8	EXACT_EQUIVALENT	APPROVED	MANUAL_REVIEW	OWNER_APPROVED_CONCEPT_MEMBERSHIP	RISK-MAP-MATERIALIZE-001	RISK-MAP-APPROVE-001	036d293c6e2fa506922c53ffcfdd44476ec903fdc639e2c12b73815d4401f026	402b4004b987169e1cc5b9b0356061794218ef45ee473839b80b72a91cf1f9ed	YES
f1b881c43a3752bdd4ec5caa717841cbfd9b4319ea08d5853e5bbed60ad060a5	CIC_W	5931	6c6b7610-dd9e-4a85-88fc-0f6835c5a932	EXACT_EQUIVALENT	APPROVED	MANUAL_REVIEW	OWNER_APPROVED_CONCEPT_MEMBERSHIP	RISK-MAP-MATERIALIZE-001	RISK-MAP-APPROVE-001	036d293c6e2fa506922c53ffcfdd44476ec903fdc639e2c12b73815d4401f026	402b4004b987169e1cc5b9b0356061794218ef45ee473839b80b72a91cf1f9ed	YES
9096a2213d07aaeaeeedffde80daab5d1ae3385cb06946fcd26b7236f289738e	CIC_W	5932	de421c18-8665-4c82-9a90-24d24ecbf8e0	EXACT_EQUIVALENT	APPROVED	MANUAL_REVIEW	OWNER_APPROVED_CONCEPT_MEMBERSHIP	RISK-MAP-MATERIALIZE-001	RISK-MAP-APPROVE-001	036d293c6e2fa506922c53ffcfdd44476ec903fdc639e2c12b73815d4401f026	402b4004b987169e1cc5b9b0356061794218ef45ee473839b80b72a91cf1f9ed	YES
3676fc15d79f48a9fc7c510c384b35329449de31689e47fc8f726844386a8ff1	CIC_W	5933	b9eb9b50-d7a0-4f3b-b944-7f3cd39c6d70	EXACT_EQUIVALENT	APPROVED	MANUAL_REVIEW	OWNER_APPROVED_CONCEPT_MEMBERSHIP	RISK-MAP-MATERIALIZE-001	RISK-MAP-APPROVE-001	036d293c6e2fa506922c53ffcfdd44476ec903fdc639e2c12b73815d4401f026	402b4004b987169e1cc5b9b0356061794218ef45ee473839b80b72a91cf1f9ed	YES
451f6db8c2b4a0f80ff46b4aa353480a0269ce7e3e76423824ebaeb810ee7787	CIC_W	594	959ac92b-b756-4cec-ab82-048497113fa2	EXACT_EQUIVALENT	APPROVED	MANUAL_REVIEW	OWNER_APPROVED_CONCEPT_MEMBERSHIP	RISK-MAP-MATERIALIZE-001	RISK-MAP-APPROVE-001	036d293c6e2fa506922c53ffcfdd44476ec903fdc639e2c12b73815d4401f026	402b4004b987169e1cc5b9b0356061794218ef45ee473839b80b72a91cf1f9ed	YES
499c000d695c0141a5d1ab39a2084c3cebd9045048676b7850b9f39748431e40	CIC_W	5941	83515db5-647a-4993-b279-cf383cc682a8	EXACT_EQUIVALENT	APPROVED	MANUAL_REVIEW	OWNER_APPROVED_CONCEPT_MEMBERSHIP	RISK-MAP-MATERIALIZE-001	RISK-MAP-APPROVE-001	036d293c6e2fa506922c53ffcfdd44476ec903fdc639e2c12b73815d4401f026	402b4004b987169e1cc5b9b0356061794218ef45ee473839b80b72a91cf1f9ed	YES
d4f1140a535a91a9ac1fd41db02d8153750484b1395ac064af83f372022d0b3d	CIC_W	5942	5d610c6d-f50d-4673-9f42-c36b460c24cd	EXACT_EQUIVALENT	APPROVED	MANUAL_REVIEW	OWNER_APPROVED_CONCEPT_MEMBERSHIP	RISK-MAP-MATERIALIZE-001	RISK-MAP-APPROVE-001	036d293c6e2fa506922c53ffcfdd44476ec903fdc639e2c12b73815d4401f026	402b4004b987169e1cc5b9b0356061794218ef45ee473839b80b72a91cf1f9ed	YES
8a63043b0b1afaaf858f15619183544f3eafe9c172147ffbf446eead8cf6ddeb	CIC_W	595	b8eab2b5-cfe3-499f-8ca7-86d738a2276b	EXACT_EQUIVALENT	APPROVED	MANUAL_REVIEW	OWNER_APPROVED_CONCEPT_MEMBERSHIP	RISK-MAP-MATERIALIZE-001	RISK-MAP-APPROVE-001	036d293c6e2fa506922c53ffcfdd44476ec903fdc639e2c12b73815d4401f026	402b4004b987169e1cc5b9b0356061794218ef45ee473839b80b72a91cf1f9ed	YES
577ddb269f07e67a671f2ca61ee2282154d7057ac342f88b48a629699ea3d665	CIC_W	5951	fc232be6-65dd-4883-aac6-954733f4cb33	EXACT_EQUIVALENT	APPROVED	MANUAL_REVIEW	OWNER_APPROVED_CONCEPT_MEMBERSHIP	RISK-MAP-MATERIALIZE-001	RISK-MAP-APPROVE-001	036d293c6e2fa506922c53ffcfdd44476ec903fdc639e2c12b73815d4401f026	402b4004b987169e1cc5b9b0356061794218ef45ee473839b80b72a91cf1f9ed	YES
83839f05992f91d09f1f50acf03a8ccd6557304574888d8b120cb13813b1a82d	CIC_W	5952	4e52f7c7-12d5-4ae5-9e3b-accf1143ae9f	EXACT_EQUIVALENT	APPROVED	MANUAL_REVIEW	OWNER_APPROVED_CONCEPT_MEMBERSHIP	RISK-MAP-MATERIALIZE-001	RISK-MAP-APPROVE-001	036d293c6e2fa506922c53ffcfdd44476ec903fdc639e2c12b73815d4401f026	402b4004b987169e1cc5b9b0356061794218ef45ee473839b80b72a91cf1f9ed	YES
e88dab2acfb6745b47de142b122b61978a6e31a045c2f646682564552722c456	CIC_W	596	03e39a42-dde8-46e5-801a-859b93fed859	EXACT_EQUIVALENT	APPROVED	MANUAL_REVIEW	OWNER_APPROVED_CONCEPT_MEMBERSHIP	RISK-MAP-MATERIALIZE-001	RISK-MAP-APPROVE-001	036d293c6e2fa506922c53ffcfdd44476ec903fdc639e2c12b73815d4401f026	402b4004b987169e1cc5b9b0356061794218ef45ee473839b80b72a91cf1f9ed	YES
bac50c2c6059f096d3334350e667064a4fc89a663bf0d8bf088296d0bf4748cd	CIC_W	5961	3d7618f7-a54a-44ca-b609-46417ae66b6f	EXACT_EQUIVALENT	APPROVED	MANUAL_REVIEW	OWNER_APPROVED_CONCEPT_MEMBERSHIP	RISK-MAP-MATERIALIZE-001	RISK-MAP-APPROVE-001	036d293c6e2fa506922c53ffcfdd44476ec903fdc639e2c12b73815d4401f026	402b4004b987169e1cc5b9b0356061794218ef45ee473839b80b72a91cf1f9ed	YES
82d1f1a5ddff2254562bb8cbf61784cfd3f8ae0511ccd7c1d7a7e746a5ee91ee	CIC_W	5962	2981d229-7f15-4cc6-87e8-7b65fb418dae	EXACT_EQUIVALENT	APPROVED	MANUAL_REVIEW	OWNER_APPROVED_CONCEPT_MEMBERSHIP	RISK-MAP-MATERIALIZE-001	RISK-MAP-APPROVE-001	036d293c6e2fa506922c53ffcfdd44476ec903fdc639e2c12b73815d4401f026	402b4004b987169e1cc5b9b0356061794218ef45ee473839b80b72a91cf1f9ed	YES
e83921c43db80e99f1d70071f86758071980bb95eec5d11b1ec9eabbd10e489a	CIC_W	5963	3cd25664-1a22-40cb-9efd-d6d58b141820	EXACT_EQUIVALENT	APPROVED	MANUAL_REVIEW	OWNER_APPROVED_CONCEPT_MEMBERSHIP	RISK-MAP-MATERIALIZE-001	RISK-MAP-APPROVE-001	036d293c6e2fa506922c53ffcfdd44476ec903fdc639e2c12b73815d4401f026	402b4004b987169e1cc5b9b0356061794218ef45ee473839b80b72a91cf1f9ed	YES
dd821d6ddc35892e51a3d38e92c627bb9c6eaa5c39354ab00c6b45b9cfd9605a	CIC_W	5964	3de39235-8303-4e05-a6cc-0e195d7281a8	EXACT_EQUIVALENT	APPROVED	MANUAL_REVIEW	OWNER_APPROVED_CONCEPT_MEMBERSHIP	RISK-MAP-MATERIALIZE-001	RISK-MAP-APPROVE-001	036d293c6e2fa506922c53ffcfdd44476ec903fdc639e2c12b73815d4401f026	402b4004b987169e1cc5b9b0356061794218ef45ee473839b80b72a91cf1f9ed	YES
3f45c0c06c56445e242b0b3b51b674cbb6857539943e5cb4df7342fa44d2001f	CIC_W	5965	12247ee2-2e4e-43ea-bfe5-141d49c92ad8	EXACT_EQUIVALENT	APPROVED	MANUAL_REVIEW	OWNER_APPROVED_CONCEPT_MEMBERSHIP	RISK-MAP-MATERIALIZE-001	RISK-MAP-APPROVE-001	036d293c6e2fa506922c53ffcfdd44476ec903fdc639e2c12b73815d4401f026	402b4004b987169e1cc5b9b0356061794218ef45ee473839b80b72a91cf1f9ed	YES
1a57aa6c0a3b58439e788f8c79433f7fddc709886cd1f425419a22482f19f081	CIC_W	5966	269bd8c5-244d-4419-8174-4badca799cb0	EXACT_EQUIVALENT	APPROVED	MANUAL_REVIEW	OWNER_APPROVED_CONCEPT_MEMBERSHIP	RISK-MAP-MATERIALIZE-001	RISK-MAP-APPROVE-001	036d293c6e2fa506922c53ffcfdd44476ec903fdc639e2c12b73815d4401f026	402b4004b987169e1cc5b9b0356061794218ef45ee473839b80b72a91cf1f9ed	YES
d2c28f8ac95c391fa3ee717c59216b3f4aac6587fce991e217c3159816a5f096	CIC_W	5967	1371b33d-5e28-4061-ac22-5fbd27c3115f	EXACT_EQUIVALENT	APPROVED	MANUAL_REVIEW	OWNER_APPROVED_CONCEPT_MEMBERSHIP	RISK-MAP-MATERIALIZE-001	RISK-MAP-APPROVE-001	036d293c6e2fa506922c53ffcfdd44476ec903fdc639e2c12b73815d4401f026	402b4004b987169e1cc5b9b0356061794218ef45ee473839b80b72a91cf1f9ed	YES
93ef399c0e895b2a3011e36a3cd630d8c517c8cb1b4f4abee34de871a8957b69	CIC_W	5968	02304e5d-01c7-42de-b07a-97ab232db5dd	EXACT_EQUIVALENT	APPROVED	MANUAL_REVIEW	OWNER_APPROVED_CONCEPT_MEMBERSHIP	RISK-MAP-MATERIALIZE-001	RISK-MAP-APPROVE-001	036d293c6e2fa506922c53ffcfdd44476ec903fdc639e2c12b73815d4401f026	402b4004b987169e1cc5b9b0356061794218ef45ee473839b80b72a91cf1f9ed	YES
d8f0a68e06d0ef183933134d901f4918ad089b1ce66adf357012039fcf9188a7	CIC_W	5969	e08227aa-7eec-4ce0-bfdd-5b41919aaad2	EXACT_EQUIVALENT	APPROVED	MANUAL_REVIEW	OWNER_APPROVED_CONCEPT_MEMBERSHIP	RISK-MAP-MATERIALIZE-001	RISK-MAP-APPROVE-001	036d293c6e2fa506922c53ffcfdd44476ec903fdc639e2c12b73815d4401f026	402b4004b987169e1cc5b9b0356061794218ef45ee473839b80b72a91cf1f9ed	YES
539e67b5650bfa9055d15fda1c6ddc86f21e28ddd6a2456e0b0f2c90d16499f4	CIC_W	597	d16c487b-6ddd-4bfe-b650-b5c9d7fc5ecb	EXACT_EQUIVALENT	APPROVED	MANUAL_REVIEW	OWNER_APPROVED_CONCEPT_MEMBERSHIP	RISK-MAP-MATERIALIZE-001	RISK-MAP-APPROVE-001	036d293c6e2fa506922c53ffcfdd44476ec903fdc639e2c12b73815d4401f026	402b4004b987169e1cc5b9b0356061794218ef45ee473839b80b72a91cf1f9ed	YES
3b51e16d32a9e39e71a39e3c14163465103bad7e8800e8fe6e6f4c3cb002833b	CIC_W	5971	a7f51a9b-e365-46ad-8286-1596b2c0fc6e	EXACT_EQUIVALENT	APPROVED	MANUAL_REVIEW	OWNER_APPROVED_CONCEPT_MEMBERSHIP	RISK-MAP-MATERIALIZE-001	RISK-MAP-APPROVE-001	036d293c6e2fa506922c53ffcfdd44476ec903fdc639e2c12b73815d4401f026	402b4004b987169e1cc5b9b0356061794218ef45ee473839b80b72a91cf1f9ed	YES
ccae92244b0baf4558e00d14c0bd81f349e185a33cb442cdd53ed1018a7fcd7c	CIC_W	5972	465b80a7-2e60-4b84-9109-282b8aa67afa	EXACT_EQUIVALENT	APPROVED	MANUAL_REVIEW	OWNER_APPROVED_CONCEPT_MEMBERSHIP	RISK-MAP-MATERIALIZE-001	RISK-MAP-APPROVE-001	036d293c6e2fa506922c53ffcfdd44476ec903fdc639e2c12b73815d4401f026	402b4004b987169e1cc5b9b0356061794218ef45ee473839b80b72a91cf1f9ed	YES
271fc3a34c73f6ba779141fba9b37616af7d6cfc17208f019fca6813b0b8233f	CIC_W	5973	c30f3748-7e1e-4ff4-940c-6263913b5ccd	EXACT_EQUIVALENT	APPROVED	MANUAL_REVIEW	OWNER_APPROVED_CONCEPT_MEMBERSHIP	RISK-MAP-MATERIALIZE-001	RISK-MAP-APPROVE-001	036d293c6e2fa506922c53ffcfdd44476ec903fdc639e2c12b73815d4401f026	402b4004b987169e1cc5b9b0356061794218ef45ee473839b80b72a91cf1f9ed	YES
5df1f3e8ef32b2e4864c68b358ad522bf40c1182e54df836cbcea7af87b57f93	CIC_W	5974	25dea9cd-9bbe-4d6d-a0b1-d9deef4d3a2d	EXACT_EQUIVALENT	APPROVED	MANUAL_REVIEW	OWNER_APPROVED_CONCEPT_MEMBERSHIP	RISK-MAP-MATERIALIZE-001	RISK-MAP-APPROVE-001	036d293c6e2fa506922c53ffcfdd44476ec903fdc639e2c12b73815d4401f026	402b4004b987169e1cc5b9b0356061794218ef45ee473839b80b72a91cf1f9ed	YES
fdd9a8ca7ff32037b2a049aef28f6877fb5f30480af7adebd2176990a41b9420	CIC_W	5975	fc4a7552-a8b9-468b-be93-eaf98b979ddd	EXACT_EQUIVALENT	APPROVED	MANUAL_REVIEW	OWNER_APPROVED_CONCEPT_MEMBERSHIP	RISK-MAP-MATERIALIZE-001	RISK-MAP-APPROVE-001	036d293c6e2fa506922c53ffcfdd44476ec903fdc639e2c12b73815d4401f026	402b4004b987169e1cc5b9b0356061794218ef45ee473839b80b72a91cf1f9ed	YES
799e26a63cf402ccb31c41557ab64b611a1c52316a1640877b7bdf580181b886	CIC_W	5976	2afe7bd3-4a4a-4778-a53b-3d84e105e01f	EXACT_EQUIVALENT	APPROVED	MANUAL_REVIEW	OWNER_APPROVED_CONCEPT_MEMBERSHIP	RISK-MAP-MATERIALIZE-001	RISK-MAP-APPROVE-001	036d293c6e2fa506922c53ffcfdd44476ec903fdc639e2c12b73815d4401f026	402b4004b987169e1cc5b9b0356061794218ef45ee473839b80b72a91cf1f9ed	YES
e3c8f92860cfb506dde2cc6f053b3ce403155f3f302f7e4ecf22a51d2d09fe6c	CIC_W	5977	d850ac9c-366d-4527-a2e8-dbed9788ec0a	EXACT_EQUIVALENT	APPROVED	MANUAL_REVIEW	OWNER_APPROVED_CONCEPT_MEMBERSHIP	RISK-MAP-MATERIALIZE-001	RISK-MAP-APPROVE-001	036d293c6e2fa506922c53ffcfdd44476ec903fdc639e2c12b73815d4401f026	402b4004b987169e1cc5b9b0356061794218ef45ee473839b80b72a91cf1f9ed	YES
d9f0813b210ab5c8cf6b63003c6e7f553bc9696de2ced039e3c44917bf687b10	CIC_W	599	fe9c02d1-8b00-401d-b9df-6798476e14a6	EXACT_EQUIVALENT	APPROVED	MANUAL_REVIEW	OWNER_APPROVED_CONCEPT_MEMBERSHIP	RISK-MAP-MATERIALIZE-001	RISK-MAP-APPROVE-001	036d293c6e2fa506922c53ffcfdd44476ec903fdc639e2c12b73815d4401f026	402b4004b987169e1cc5b9b0356061794218ef45ee473839b80b72a91cf1f9ed	YES
2ea7fff06844d55f5e7fce1ad2e65ddc9b233cce7821d9d22a00bdfa8faa10b6	CIC_W	61	ffd6db74-ee50-40f2-a2f9-a13438cf9aed	EXACT_EQUIVALENT	APPROVED	MANUAL_REVIEW	OWNER_APPROVED_CONCEPT_MEMBERSHIP	RISK-MAP-MATERIALIZE-001	RISK-MAP-APPROVE-001	036d293c6e2fa506922c53ffcfdd44476ec903fdc639e2c12b73815d4401f026	402b4004b987169e1cc5b9b0356061794218ef45ee473839b80b72a91cf1f9ed	YES
d27e379efcdef97496dbb723426b7d099f482a5acba821563e5920261d871130	CIC_W	611	8e919d1e-95ab-440f-b2bc-f6788edd8ed0	EXACT_EQUIVALENT	APPROVED	MANUAL_REVIEW	OWNER_APPROVED_CONCEPT_MEMBERSHIP	RISK-MAP-MATERIALIZE-001	RISK-MAP-APPROVE-001	036d293c6e2fa506922c53ffcfdd44476ec903fdc639e2c12b73815d4401f026	402b4004b987169e1cc5b9b0356061794218ef45ee473839b80b72a91cf1f9ed	YES
ae50d99fbdccee2360899d1216d22d5591ef81867a974c0e7c0772e57b6d219e	CIC_W	6111	a81755e8-11af-471d-a658-ac569bf44b30	EXACT_EQUIVALENT	APPROVED	MANUAL_REVIEW	OWNER_APPROVED_CONCEPT_MEMBERSHIP	RISK-MAP-MATERIALIZE-001	RISK-MAP-APPROVE-001	036d293c6e2fa506922c53ffcfdd44476ec903fdc639e2c12b73815d4401f026	402b4004b987169e1cc5b9b0356061794218ef45ee473839b80b72a91cf1f9ed	YES
ed532d5ca7b1229dc114a552a554a578ceb4b936e271b18cf7dd4bb19cfbfd97	CIC_W	6112	3010f898-1e36-471a-b1eb-70bf6205aaf8	EXACT_EQUIVALENT	APPROVED	MANUAL_REVIEW	OWNER_APPROVED_CONCEPT_MEMBERSHIP	RISK-MAP-MATERIALIZE-001	RISK-MAP-APPROVE-001	036d293c6e2fa506922c53ffcfdd44476ec903fdc639e2c12b73815d4401f026	402b4004b987169e1cc5b9b0356061794218ef45ee473839b80b72a91cf1f9ed	YES
664f56e9fa35c8b31fa51744106cc56216505513ba9b03c28788f807d015b312	CIC_W	6119	8495a852-9e8a-4f4e-bf91-48a2e847e6d4	EXACT_EQUIVALENT	APPROVED	MANUAL_REVIEW	OWNER_APPROVED_CONCEPT_MEMBERSHIP	RISK-MAP-MATERIALIZE-001	RISK-MAP-APPROVE-001	036d293c6e2fa506922c53ffcfdd44476ec903fdc639e2c12b73815d4401f026	402b4004b987169e1cc5b9b0356061794218ef45ee473839b80b72a91cf1f9ed	YES
710e3cca924930e64a460976f93880eeb6a9944f4dd8335713b1465aa168f24e	CIC_W	612	14d55c47-2cba-46e1-96bc-4c3441858ad7	EXACT_EQUIVALENT	APPROVED	MANUAL_REVIEW	OWNER_APPROVED_CONCEPT_MEMBERSHIP	RISK-MAP-MATERIALIZE-001	RISK-MAP-APPROVE-001	036d293c6e2fa506922c53ffcfdd44476ec903fdc639e2c12b73815d4401f026	402b4004b987169e1cc5b9b0356061794218ef45ee473839b80b72a91cf1f9ed	YES
453bc97a943792830291a8a57e6ebbae44c238fbea5189b0ca13fea105b309cd	CIC_W	6121	85d48ec8-2e48-442c-8f43-6982e9e069fd	EXACT_EQUIVALENT	APPROVED	MANUAL_REVIEW	OWNER_APPROVED_CONCEPT_MEMBERSHIP	RISK-MAP-MATERIALIZE-001	RISK-MAP-APPROVE-001	036d293c6e2fa506922c53ffcfdd44476ec903fdc639e2c12b73815d4401f026	402b4004b987169e1cc5b9b0356061794218ef45ee473839b80b72a91cf1f9ed	YES
2286e5f710fba3baf684092982513cfcbcc41c6389ab26bca28ce8d111251578	CIC_W	6122	07f62a73-7c65-4eaa-9317-4dd7ed4c808f	EXACT_EQUIVALENT	APPROVED	MANUAL_REVIEW	OWNER_APPROVED_CONCEPT_MEMBERSHIP	RISK-MAP-MATERIALIZE-001	RISK-MAP-APPROVE-001	036d293c6e2fa506922c53ffcfdd44476ec903fdc639e2c12b73815d4401f026	402b4004b987169e1cc5b9b0356061794218ef45ee473839b80b72a91cf1f9ed	YES
350e3ec96969c73f595445d0fa60413c08ebe5f4f75a3fdb4bb0a36578e68d44	CIC_W	6123	aa466f43-59bd-4dfc-9e8b-c8dc25528441	EXACT_EQUIVALENT	APPROVED	MANUAL_REVIEW	OWNER_APPROVED_CONCEPT_MEMBERSHIP	RISK-MAP-MATERIALIZE-001	RISK-MAP-APPROVE-001	036d293c6e2fa506922c53ffcfdd44476ec903fdc639e2c12b73815d4401f026	402b4004b987169e1cc5b9b0356061794218ef45ee473839b80b72a91cf1f9ed	YES
13f5be0528f4a76040d8dc24ab64f341c446db62e16fe240fc05e8867afa4220	CIC_W	6129	498d7f11-76c7-41fb-9bf2-9b6a84d4b42f	EXACT_EQUIVALENT	APPROVED	MANUAL_REVIEW	OWNER_APPROVED_CONCEPT_MEMBERSHIP	RISK-MAP-MATERIALIZE-001	RISK-MAP-APPROVE-001	036d293c6e2fa506922c53ffcfdd44476ec903fdc639e2c12b73815d4401f026	402b4004b987169e1cc5b9b0356061794218ef45ee473839b80b72a91cf1f9ed	YES
a74c985d2f0db6f24ea44a20584864cbddf2d6cab893bf508fedd5784ce4518a	CIC_W	613	940f369c-9158-45a8-b1cf-bc74b74d0b12	EXACT_EQUIVALENT	APPROVED	MANUAL_REVIEW	OWNER_APPROVED_CONCEPT_MEMBERSHIP	RISK-MAP-MATERIALIZE-001	RISK-MAP-APPROVE-001	036d293c6e2fa506922c53ffcfdd44476ec903fdc639e2c12b73815d4401f026	402b4004b987169e1cc5b9b0356061794218ef45ee473839b80b72a91cf1f9ed	YES
581dd4d87c1a881bc2cd0f20d3081d3396d094a4e443e195eadc0f97e6ae183a	CIC_W	6131	9807ebbc-cb14-41a9-8e20-cf461920dc61	EXACT_EQUIVALENT	APPROVED	MANUAL_REVIEW	OWNER_APPROVED_CONCEPT_MEMBERSHIP	RISK-MAP-MATERIALIZE-001	RISK-MAP-APPROVE-001	036d293c6e2fa506922c53ffcfdd44476ec903fdc639e2c12b73815d4401f026	402b4004b987169e1cc5b9b0356061794218ef45ee473839b80b72a91cf1f9ed	YES
da509aaf91f8be114dbd7207a5961d3d54e85667ff2302dc35b4c9149b85c2ae	CIC_W	6132	f49a9338-3627-4910-ad15-596d1b64d33b	EXACT_EQUIVALENT	APPROVED	MANUAL_REVIEW	OWNER_APPROVED_CONCEPT_MEMBERSHIP	RISK-MAP-MATERIALIZE-001	RISK-MAP-APPROVE-001	036d293c6e2fa506922c53ffcfdd44476ec903fdc639e2c12b73815d4401f026	402b4004b987169e1cc5b9b0356061794218ef45ee473839b80b72a91cf1f9ed	YES
bcceeb5fe43f9cad5d6fc1da79645ee1011f99f216e9e2eeb8031607ab6adf7d	CIC_W	614	39ad3804-b572-4788-906a-b0cfdf5d0f3b	EXACT_EQUIVALENT	APPROVED	MANUAL_REVIEW	OWNER_APPROVED_CONCEPT_MEMBERSHIP	RISK-MAP-MATERIALIZE-001	RISK-MAP-APPROVE-001	036d293c6e2fa506922c53ffcfdd44476ec903fdc639e2c12b73815d4401f026	402b4004b987169e1cc5b9b0356061794218ef45ee473839b80b72a91cf1f9ed	YES
c72d797c370f52afb5d69afe9fc0aeebb784c9776fdbdadbcff91e79378afe69	CIC_W	6141	17396da2-1006-4c8b-963d-e8e26040c678	EXACT_EQUIVALENT	APPROVED	MANUAL_REVIEW	OWNER_APPROVED_CONCEPT_MEMBERSHIP	RISK-MAP-MATERIALIZE-001	RISK-MAP-APPROVE-001	036d293c6e2fa506922c53ffcfdd44476ec903fdc639e2c12b73815d4401f026	402b4004b987169e1cc5b9b0356061794218ef45ee473839b80b72a91cf1f9ed	YES
2f98f189c747675c41da36d60a53cc7544986a5f1e67261f823b2c1935c3c7b3	CIC_W	6142	1ced195a-74d9-4873-9eb0-293bd19cc0a0	EXACT_EQUIVALENT	APPROVED	MANUAL_REVIEW	OWNER_APPROVED_CONCEPT_MEMBERSHIP	RISK-MAP-MATERIALIZE-001	RISK-MAP-APPROVE-001	036d293c6e2fa506922c53ffcfdd44476ec903fdc639e2c12b73815d4401f026	402b4004b987169e1cc5b9b0356061794218ef45ee473839b80b72a91cf1f9ed	YES
98cb18afc0dff4e78339c981725efaa3fe126582ffa89378cd3f53b3b99fe1a8	CIC_W	6143	3ba92863-6c10-4c22-a7f8-4f3045746517	EXACT_EQUIVALENT	APPROVED	MANUAL_REVIEW	OWNER_APPROVED_CONCEPT_MEMBERSHIP	RISK-MAP-MATERIALIZE-001	RISK-MAP-APPROVE-001	036d293c6e2fa506922c53ffcfdd44476ec903fdc639e2c12b73815d4401f026	402b4004b987169e1cc5b9b0356061794218ef45ee473839b80b72a91cf1f9ed	YES
fb608f9f7b4f7ed2444fbd56270294e2bb8d76656c31084861c532003068a38c	CIC_W	615	23c12507-241e-4e79-a855-4ab96b1ce94d	EXACT_EQUIVALENT	APPROVED	MANUAL_REVIEW	OWNER_APPROVED_CONCEPT_MEMBERSHIP	RISK-MAP-MATERIALIZE-001	RISK-MAP-APPROVE-001	036d293c6e2fa506922c53ffcfdd44476ec903fdc639e2c12b73815d4401f026	402b4004b987169e1cc5b9b0356061794218ef45ee473839b80b72a91cf1f9ed	YES
3d5584c708df2e585518044c765afd3b5c2f44fc714587e8041f1806a0cfe303	CIC_W	6151	3f2b10e7-7339-4403-92b5-7d1dd6861cca	EXACT_EQUIVALENT	APPROVED	MANUAL_REVIEW	OWNER_APPROVED_CONCEPT_MEMBERSHIP	RISK-MAP-MATERIALIZE-001	RISK-MAP-APPROVE-001	036d293c6e2fa506922c53ffcfdd44476ec903fdc639e2c12b73815d4401f026	402b4004b987169e1cc5b9b0356061794218ef45ee473839b80b72a91cf1f9ed	YES
7b842d2b9cd866d58bf43cc3f6603f815ae8764916c661e18dbe00d49b188460	CIC_W	6152	90b74850-9db6-4166-be8d-b474d5ceaa12	EXACT_EQUIVALENT	APPROVED	MANUAL_REVIEW	OWNER_APPROVED_CONCEPT_MEMBERSHIP	RISK-MAP-MATERIALIZE-001	RISK-MAP-APPROVE-001	036d293c6e2fa506922c53ffcfdd44476ec903fdc639e2c12b73815d4401f026	402b4004b987169e1cc5b9b0356061794218ef45ee473839b80b72a91cf1f9ed	YES
c779750ca07239f33e770cd4c2bb6925304c98e68821ff292bb42c7022460dcd	CIC_W	6153	804a4531-1528-4e97-b15f-723bf118081e	EXACT_EQUIVALENT	APPROVED	MANUAL_REVIEW	OWNER_APPROVED_CONCEPT_MEMBERSHIP	RISK-MAP-MATERIALIZE-001	RISK-MAP-APPROVE-001	036d293c6e2fa506922c53ffcfdd44476ec903fdc639e2c12b73815d4401f026	402b4004b987169e1cc5b9b0356061794218ef45ee473839b80b72a91cf1f9ed	YES
ece77017113ca91c6bd13b39c4bf508bce11b3706413147867089ed257855de3	CIC_W	6154	b0ae0e8c-cd13-47b3-b084-2598872e730c	EXACT_EQUIVALENT	APPROVED	MANUAL_REVIEW	OWNER_APPROVED_CONCEPT_MEMBERSHIP	RISK-MAP-MATERIALIZE-001	RISK-MAP-APPROVE-001	036d293c6e2fa506922c53ffcfdd44476ec903fdc639e2c12b73815d4401f026	402b4004b987169e1cc5b9b0356061794218ef45ee473839b80b72a91cf1f9ed	YES
f5e7cde3b4f72262230d8be51aa65a979c33feac6b2564f563f7116fec66f25a	CIC_W	6155	00629e84-90c9-44a0-869b-bad577162cee	EXACT_EQUIVALENT	APPROVED	MANUAL_REVIEW	OWNER_APPROVED_CONCEPT_MEMBERSHIP	RISK-MAP-MATERIALIZE-001	RISK-MAP-APPROVE-001	036d293c6e2fa506922c53ffcfdd44476ec903fdc639e2c12b73815d4401f026	402b4004b987169e1cc5b9b0356061794218ef45ee473839b80b72a91cf1f9ed	YES
a51ed1f17633de64df895debe048e1a0fe975bb8c279b64019498c57fbcb0a06	CIC_W	6156	5e6b8f76-3ff6-4407-b2e7-3d51bfff09fb	EXACT_EQUIVALENT	APPROVED	MANUAL_REVIEW	OWNER_APPROVED_CONCEPT_MEMBERSHIP	RISK-MAP-MATERIALIZE-001	RISK-MAP-APPROVE-001	036d293c6e2fa506922c53ffcfdd44476ec903fdc639e2c12b73815d4401f026	402b4004b987169e1cc5b9b0356061794218ef45ee473839b80b72a91cf1f9ed	YES
f88f52b38ff836213bc42d0049fbbe40cc7386599a5eec6ef255c62edda7233d	CIC_W	6157	7e3429db-70f6-4228-a52e-fd2869b0125e	EXACT_EQUIVALENT	APPROVED	MANUAL_REVIEW	OWNER_APPROVED_CONCEPT_MEMBERSHIP	RISK-MAP-MATERIALIZE-001	RISK-MAP-APPROVE-001	036d293c6e2fa506922c53ffcfdd44476ec903fdc639e2c12b73815d4401f026	402b4004b987169e1cc5b9b0356061794218ef45ee473839b80b72a91cf1f9ed	YES
4b8fca8afa25a5d73cfa8cf8e01b4f883552c2d39b169b9c42eaa47a81991ca6	CIC_W	6158	2729e10b-6484-4f98-bf01-260a56335293	EXACT_EQUIVALENT	APPROVED	MANUAL_REVIEW	OWNER_APPROVED_CONCEPT_MEMBERSHIP	RISK-MAP-MATERIALIZE-001	RISK-MAP-APPROVE-001	036d293c6e2fa506922c53ffcfdd44476ec903fdc639e2c12b73815d4401f026	402b4004b987169e1cc5b9b0356061794218ef45ee473839b80b72a91cf1f9ed	YES
673dadc0ba30b750d056fbe36793b9c2b204b5134482f7f6c4f6fe70527241a4	CIC_W	62	73869123-c8b9-487e-ba92-1a6bea143b1d	EXACT_EQUIVALENT	APPROVED	MANUAL_REVIEW	OWNER_APPROVED_CONCEPT_MEMBERSHIP	RISK-MAP-MATERIALIZE-001	RISK-MAP-APPROVE-001	036d293c6e2fa506922c53ffcfdd44476ec903fdc639e2c12b73815d4401f026	402b4004b987169e1cc5b9b0356061794218ef45ee473839b80b72a91cf1f9ed	YES
b0b4d9d637c7e1c374ccc194a24c66411f1e9a7aedf1c014781b934bf094e149	CIC_W	621	7034f460-2834-447a-94aa-55d0bc9e66cf	EXACT_EQUIVALENT	APPROVED	MANUAL_REVIEW	OWNER_APPROVED_CONCEPT_MEMBERSHIP	RISK-MAP-MATERIALIZE-001	RISK-MAP-APPROVE-001	036d293c6e2fa506922c53ffcfdd44476ec903fdc639e2c12b73815d4401f026	402b4004b987169e1cc5b9b0356061794218ef45ee473839b80b72a91cf1f9ed	YES
228ad4139d4ad24929548632226bbc18add0ba37b2923de7db7d37de844e26e7	CIC_W	6211	53c0d588-2d5a-473e-8030-f5c475f37bf5	EXACT_EQUIVALENT	APPROVED	MANUAL_REVIEW	OWNER_APPROVED_CONCEPT_MEMBERSHIP	RISK-MAP-MATERIALIZE-001	RISK-MAP-APPROVE-001	036d293c6e2fa506922c53ffcfdd44476ec903fdc639e2c12b73815d4401f026	402b4004b987169e1cc5b9b0356061794218ef45ee473839b80b72a91cf1f9ed	YES
d93d20057bb3e141e46f7ee7409ff981f608b6bafcb8130ae02c3b56d78b66b7	CIC_W	6212	ffd84d59-8314-48df-b17d-cc2c3e693d0f	EXACT_EQUIVALENT	APPROVED	MANUAL_REVIEW	OWNER_APPROVED_CONCEPT_MEMBERSHIP	RISK-MAP-MATERIALIZE-001	RISK-MAP-APPROVE-001	036d293c6e2fa506922c53ffcfdd44476ec903fdc639e2c12b73815d4401f026	402b4004b987169e1cc5b9b0356061794218ef45ee473839b80b72a91cf1f9ed	YES
98d01cd88d129454052b8bc671fed29b146cb63c8821194c4e7a0fe41fe4a7b9	CIC_W	622	be5ace6b-9692-4afb-979c-682df6d6f49e	EXACT_EQUIVALENT	APPROVED	MANUAL_REVIEW	OWNER_APPROVED_CONCEPT_MEMBERSHIP	RISK-MAP-MATERIALIZE-001	RISK-MAP-APPROVE-001	036d293c6e2fa506922c53ffcfdd44476ec903fdc639e2c12b73815d4401f026	402b4004b987169e1cc5b9b0356061794218ef45ee473839b80b72a91cf1f9ed	YES
c2c2b123830f7ad1ea1890f6bb3139c4947b72dd17fb1625447a079eb1d18202	CIC_W	6221	7c990ac0-30a7-4f50-ae18-30b121410837	EXACT_EQUIVALENT	APPROVED	MANUAL_REVIEW	OWNER_APPROVED_CONCEPT_MEMBERSHIP	RISK-MAP-MATERIALIZE-001	RISK-MAP-APPROVE-001	036d293c6e2fa506922c53ffcfdd44476ec903fdc639e2c12b73815d4401f026	402b4004b987169e1cc5b9b0356061794218ef45ee473839b80b72a91cf1f9ed	YES
96ecbf3b66622e15aaf11127b3d2b2100feb41d71a674b3d67d637e9869c1bf7	CIC_W	6222	97f8d079-cfee-47db-a3ae-19da78d1c240	EXACT_EQUIVALENT	APPROVED	MANUAL_REVIEW	OWNER_APPROVED_CONCEPT_MEMBERSHIP	RISK-MAP-MATERIALIZE-001	RISK-MAP-APPROVE-001	036d293c6e2fa506922c53ffcfdd44476ec903fdc639e2c12b73815d4401f026	402b4004b987169e1cc5b9b0356061794218ef45ee473839b80b72a91cf1f9ed	YES
91960530c01883733ada4a12ecb2f18743a38fa5e4ffcd0db6300da7494041f4	CIC_W	623	a5ff5522-3e4f-4d19-b18f-4fc7afefaa01	EXACT_EQUIVALENT	APPROVED	MANUAL_REVIEW	OWNER_APPROVED_CONCEPT_MEMBERSHIP	RISK-MAP-MATERIALIZE-001	RISK-MAP-APPROVE-001	036d293c6e2fa506922c53ffcfdd44476ec903fdc639e2c12b73815d4401f026	402b4004b987169e1cc5b9b0356061794218ef45ee473839b80b72a91cf1f9ed	YES
f8aaf41e011fa43bd7a5bc439907d8cbaa9623a9ffe27666d8cb545d352596a8	CIC_W	6231	0e4930e1-242a-4643-b327-88a879dcdc24	EXACT_EQUIVALENT	APPROVED	MANUAL_REVIEW	OWNER_APPROVED_CONCEPT_MEMBERSHIP	RISK-MAP-MATERIALIZE-001	RISK-MAP-APPROVE-001	036d293c6e2fa506922c53ffcfdd44476ec903fdc639e2c12b73815d4401f026	402b4004b987169e1cc5b9b0356061794218ef45ee473839b80b72a91cf1f9ed	YES
e93c5518ed7b87c0d91e9146c3f076a93fb4feae869be968e5ec07e2a94e57ef	CIC_W	6232	6f0ff138-0d15-46bf-bc05-e2c2b02ac711	EXACT_EQUIVALENT	APPROVED	MANUAL_REVIEW	OWNER_APPROVED_CONCEPT_MEMBERSHIP	RISK-MAP-MATERIALIZE-001	RISK-MAP-APPROVE-001	036d293c6e2fa506922c53ffcfdd44476ec903fdc639e2c12b73815d4401f026	402b4004b987169e1cc5b9b0356061794218ef45ee473839b80b72a91cf1f9ed	YES
88762c462df2f0aaa85b3b4aa96780aca0587a04e34dc7d174131e9fd8611789	CIC_W	6233	89494215-9a3e-4f3c-926a-a0256d34a76b	EXACT_EQUIVALENT	APPROVED	MANUAL_REVIEW	OWNER_APPROVED_CONCEPT_MEMBERSHIP	RISK-MAP-MATERIALIZE-001	RISK-MAP-APPROVE-001	036d293c6e2fa506922c53ffcfdd44476ec903fdc639e2c12b73815d4401f026	402b4004b987169e1cc5b9b0356061794218ef45ee473839b80b72a91cf1f9ed	YES
09972ae27018c6ee9964c06ea2e35e734215faa17afc652227a78d9137ecd1b0	CIC_W	6234	7e6e9960-dfc1-4a89-9aaf-1ac81cd4652a	EXACT_EQUIVALENT	APPROVED	MANUAL_REVIEW	OWNER_APPROVED_CONCEPT_MEMBERSHIP	RISK-MAP-MATERIALIZE-001	RISK-MAP-APPROVE-001	036d293c6e2fa506922c53ffcfdd44476ec903fdc639e2c12b73815d4401f026	402b4004b987169e1cc5b9b0356061794218ef45ee473839b80b72a91cf1f9ed	YES
14e71cff0fca4513e1bd580cd46ca9b98b6e9ec98e27b07410a35ec5e8f545c1	CIC_W	6235	3785d762-a369-46f6-ae1f-9612e8e50c0a	EXACT_EQUIVALENT	APPROVED	MANUAL_REVIEW	OWNER_APPROVED_CONCEPT_MEMBERSHIP	RISK-MAP-MATERIALIZE-001	RISK-MAP-APPROVE-001	036d293c6e2fa506922c53ffcfdd44476ec903fdc639e2c12b73815d4401f026	402b4004b987169e1cc5b9b0356061794218ef45ee473839b80b72a91cf1f9ed	YES
0039a5ffb0e566a8168e4c3d98496e385482c39c8f5bcbd735ad7f4376329784	CIC_W	6236	f802efd0-59b9-4c7b-9d53-350f17727699	EXACT_EQUIVALENT	APPROVED	MANUAL_REVIEW	OWNER_APPROVED_CONCEPT_MEMBERSHIP	RISK-MAP-MATERIALIZE-001	RISK-MAP-APPROVE-001	036d293c6e2fa506922c53ffcfdd44476ec903fdc639e2c12b73815d4401f026	402b4004b987169e1cc5b9b0356061794218ef45ee473839b80b72a91cf1f9ed	YES
1608d5498abc81f623ee35bd8133c170c692d5600d788c029673fdac0c37cd4e	CIC_W	6237	aa1423f8-6dd2-4f8f-853f-0a276f3dfff8	EXACT_EQUIVALENT	APPROVED	MANUAL_REVIEW	OWNER_APPROVED_CONCEPT_MEMBERSHIP	RISK-MAP-MATERIALIZE-001	RISK-MAP-APPROVE-001	036d293c6e2fa506922c53ffcfdd44476ec903fdc639e2c12b73815d4401f026	402b4004b987169e1cc5b9b0356061794218ef45ee473839b80b72a91cf1f9ed	YES
c94151078ed1f17c89c25bc00d855b42aa8b0a9bffe1f6ac71228552b05b3016	CIC_W	624	f0bbccab-664f-4f1b-ad59-994b723b7e90	EXACT_EQUIVALENT	APPROVED	MANUAL_REVIEW	OWNER_APPROVED_CONCEPT_MEMBERSHIP	RISK-MAP-MATERIALIZE-001	RISK-MAP-APPROVE-001	036d293c6e2fa506922c53ffcfdd44476ec903fdc639e2c12b73815d4401f026	402b4004b987169e1cc5b9b0356061794218ef45ee473839b80b72a91cf1f9ed	YES
2cf0d905c54a496485af9c1f81320159355aec68116905cdb3448c7f738e9016	CIC_W	6241	4af739fe-85ef-4764-936c-b047676fc079	EXACT_EQUIVALENT	APPROVED	MANUAL_REVIEW	OWNER_APPROVED_CONCEPT_MEMBERSHIP	RISK-MAP-MATERIALIZE-001	RISK-MAP-APPROVE-001	036d293c6e2fa506922c53ffcfdd44476ec903fdc639e2c12b73815d4401f026	402b4004b987169e1cc5b9b0356061794218ef45ee473839b80b72a91cf1f9ed	YES
1580b79b0fec054a065d5319b2608d2b0a07af734bf647d4b97b02713d5e660d	CIC_W	6242	a1b62ef8-87e4-40dd-a45c-439c1c56cedf	EXACT_EQUIVALENT	APPROVED	MANUAL_REVIEW	OWNER_APPROVED_CONCEPT_MEMBERSHIP	RISK-MAP-MATERIALIZE-001	RISK-MAP-APPROVE-001	036d293c6e2fa506922c53ffcfdd44476ec903fdc639e2c12b73815d4401f026	402b4004b987169e1cc5b9b0356061794218ef45ee473839b80b72a91cf1f9ed	YES
ac75c86234a23c33ed63e57d2da746c110b1bfb3322a420549bc22cd51ba54f1	CIC_W	6243	33e51c5d-35d5-4d2e-90bd-f657a2c03043	EXACT_EQUIVALENT	APPROVED	MANUAL_REVIEW	OWNER_APPROVED_CONCEPT_MEMBERSHIP	RISK-MAP-MATERIALIZE-001	RISK-MAP-APPROVE-001	036d293c6e2fa506922c53ffcfdd44476ec903fdc639e2c12b73815d4401f026	402b4004b987169e1cc5b9b0356061794218ef45ee473839b80b72a91cf1f9ed	YES
9f2c4e6362d7ccb2e469e8ed673ffa2335b7987893b3511fea87af9cff0fba90	CIC_W	625	08d5a2b9-552f-4b3b-a159-9a0212fdd90f	EXACT_EQUIVALENT	APPROVED	MANUAL_REVIEW	OWNER_APPROVED_CONCEPT_MEMBERSHIP	RISK-MAP-MATERIALIZE-001	RISK-MAP-APPROVE-001	036d293c6e2fa506922c53ffcfdd44476ec903fdc639e2c12b73815d4401f026	402b4004b987169e1cc5b9b0356061794218ef45ee473839b80b72a91cf1f9ed	YES
2a3728d4358b06bc59fdbe0127963affe8480445e6f95e3c9955ee16f616a5e8	CIC_W	6251	966dcde3-7c34-478e-b024-ad6e2ccb4901	EXACT_EQUIVALENT	APPROVED	MANUAL_REVIEW	OWNER_APPROVED_CONCEPT_MEMBERSHIP	RISK-MAP-MATERIALIZE-001	RISK-MAP-APPROVE-001	036d293c6e2fa506922c53ffcfdd44476ec903fdc639e2c12b73815d4401f026	402b4004b987169e1cc5b9b0356061794218ef45ee473839b80b72a91cf1f9ed	YES
a477c370fdcb63f6b5d0fc925bd8776127528b0a738588c3f3ce2975b7328496	CIC_W	6252	678fda87-fe63-4387-8f25-fb4574e4d549	EXACT_EQUIVALENT	APPROVED	MANUAL_REVIEW	OWNER_APPROVED_CONCEPT_MEMBERSHIP	RISK-MAP-MATERIALIZE-001	RISK-MAP-APPROVE-001	036d293c6e2fa506922c53ffcfdd44476ec903fdc639e2c12b73815d4401f026	402b4004b987169e1cc5b9b0356061794218ef45ee473839b80b72a91cf1f9ed	YES
6bb9b8307de7fae37abb99199d47da11dbbfd540d6ff404cb826d2be4ceaad34	CIC_W	6253	1d62da9a-97a3-406c-97ed-f387fc3f52e4	EXACT_EQUIVALENT	APPROVED	MANUAL_REVIEW	OWNER_APPROVED_CONCEPT_MEMBERSHIP	RISK-MAP-MATERIALIZE-001	RISK-MAP-APPROVE-001	036d293c6e2fa506922c53ffcfdd44476ec903fdc639e2c12b73815d4401f026	402b4004b987169e1cc5b9b0356061794218ef45ee473839b80b72a91cf1f9ed	YES
3845279a048191565b61d14aade9a3755878017e2b1b4cba52b61cb27ebc563f	CIC_W	626	043f0c06-e43d-4982-8cc3-18517188cd69	EXACT_EQUIVALENT	APPROVED	MANUAL_REVIEW	OWNER_APPROVED_CONCEPT_MEMBERSHIP	RISK-MAP-MATERIALIZE-001	RISK-MAP-APPROVE-001	036d293c6e2fa506922c53ffcfdd44476ec903fdc639e2c12b73815d4401f026	402b4004b987169e1cc5b9b0356061794218ef45ee473839b80b72a91cf1f9ed	YES
d03b4df350dd2e44e57e9571ca0cb9c30718a2e75dc9966798a3d6a72315094d	CIC_W	6261	66cd57b6-be04-4dd1-846b-ae7e66d35828	EXACT_EQUIVALENT	APPROVED	MANUAL_REVIEW	OWNER_APPROVED_CONCEPT_MEMBERSHIP	RISK-MAP-MATERIALIZE-001	RISK-MAP-APPROVE-001	036d293c6e2fa506922c53ffcfdd44476ec903fdc639e2c12b73815d4401f026	402b4004b987169e1cc5b9b0356061794218ef45ee473839b80b72a91cf1f9ed	YES
e6d2171b03f9a1919bf67e001694939d61bd7b8cd8b3666f53dea54e7eccb842	CIC_W	6262	d224c847-f301-459a-b00b-552893d73dba	EXACT_EQUIVALENT	APPROVED	MANUAL_REVIEW	OWNER_APPROVED_CONCEPT_MEMBERSHIP	RISK-MAP-MATERIALIZE-001	RISK-MAP-APPROVE-001	036d293c6e2fa506922c53ffcfdd44476ec903fdc639e2c12b73815d4401f026	402b4004b987169e1cc5b9b0356061794218ef45ee473839b80b72a91cf1f9ed	YES
3343f74b0b8aec83e9a1554149821230644200d563ebbb856984d8de070d1f08	CIC_W	6263	043f0c06-e43d-4982-8cc3-18517188cd69	EXACT_EQUIVALENT	APPROVED	MANUAL_REVIEW	OWNER_APPROVED_CONCEPT_MEMBERSHIP	RISK-MAP-MATERIALIZE-001	RISK-MAP-APPROVE-001	036d293c6e2fa506922c53ffcfdd44476ec903fdc639e2c12b73815d4401f026	402b4004b987169e1cc5b9b0356061794218ef45ee473839b80b72a91cf1f9ed	YES
2332af94649a7922cfcf70cc148d503432a06bf004b5fe8396d535837f0610b7	CIC_W	63	fb4b640e-768e-4855-870b-d957c1e2def7	EXACT_EQUIVALENT	APPROVED	MANUAL_REVIEW	OWNER_APPROVED_CONCEPT_MEMBERSHIP	RISK-MAP-MATERIALIZE-001	RISK-MAP-APPROVE-001	036d293c6e2fa506922c53ffcfdd44476ec903fdc639e2c12b73815d4401f026	402b4004b987169e1cc5b9b0356061794218ef45ee473839b80b72a91cf1f9ed	YES
c259d344299a5541845d05c93da51defed6250a55265393cbbd531bff2aa2b64	CIC_W	631	425b84b0-62dd-4f3e-b2e7-09edf62b8698	EXACT_EQUIVALENT	APPROVED	MANUAL_REVIEW	OWNER_APPROVED_CONCEPT_MEMBERSHIP	RISK-MAP-MATERIALIZE-001	RISK-MAP-APPROVE-001	036d293c6e2fa506922c53ffcfdd44476ec903fdc639e2c12b73815d4401f026	402b4004b987169e1cc5b9b0356061794218ef45ee473839b80b72a91cf1f9ed	YES
f8dffdb5b66dd1a915f24ae96c31111d33c40126fe08148a3643d7a21190b703	CIC_W	6311	18ccd6e4-bcbe-4180-853e-ff87b990abdc	EXACT_EQUIVALENT	APPROVED	MANUAL_REVIEW	OWNER_APPROVED_CONCEPT_MEMBERSHIP	RISK-MAP-MATERIALIZE-001	RISK-MAP-APPROVE-001	036d293c6e2fa506922c53ffcfdd44476ec903fdc639e2c12b73815d4401f026	402b4004b987169e1cc5b9b0356061794218ef45ee473839b80b72a91cf1f9ed	YES
f591b26c14b3dcf8b6fb7642c2df1d7fb82ae1fdd484bc19f8dc0c8e5a6006e2	CIC_W	6312	18ccd6e4-bcbe-4180-853e-ff87b990abdc	EXACT_EQUIVALENT	APPROVED	MANUAL_REVIEW	OWNER_APPROVED_CONCEPT_MEMBERSHIP	RISK-MAP-MATERIALIZE-001	RISK-MAP-APPROVE-001	036d293c6e2fa506922c53ffcfdd44476ec903fdc639e2c12b73815d4401f026	402b4004b987169e1cc5b9b0356061794218ef45ee473839b80b72a91cf1f9ed	YES
2a104f1175f1d7afd263481700d9a00f4ba42fa957daa3d33d9c605222305ed5	CIC_W	6313	7ec6151a-4a53-489e-823b-9af09fbc5ccb	EXACT_EQUIVALENT	APPROVED	MANUAL_REVIEW	OWNER_APPROVED_CONCEPT_MEMBERSHIP	RISK-MAP-MATERIALIZE-001	RISK-MAP-APPROVE-001	036d293c6e2fa506922c53ffcfdd44476ec903fdc639e2c12b73815d4401f026	402b4004b987169e1cc5b9b0356061794218ef45ee473839b80b72a91cf1f9ed	YES
eaeb3f447501d2b518fdb2c9f01d943097e2e56df176174578d333eef44144c5	CIC_W	6314	40e8d20f-487f-49bb-ac03-a259dc2749e4	EXACT_EQUIVALENT	APPROVED	MANUAL_REVIEW	OWNER_APPROVED_CONCEPT_MEMBERSHIP	RISK-MAP-MATERIALIZE-001	RISK-MAP-APPROVE-001	036d293c6e2fa506922c53ffcfdd44476ec903fdc639e2c12b73815d4401f026	402b4004b987169e1cc5b9b0356061794218ef45ee473839b80b72a91cf1f9ed	YES
0a4c79213efff51173cb0e30bd79d5c3e2c071d2a53b10486338fa6a87bf83d0	CIC_W	64	3f8d918c-4dec-408b-9e10-709a374a689b	EXACT_EQUIVALENT	APPROVED	MANUAL_REVIEW	OWNER_APPROVED_CONCEPT_MEMBERSHIP	RISK-MAP-MATERIALIZE-001	RISK-MAP-APPROVE-001	036d293c6e2fa506922c53ffcfdd44476ec903fdc639e2c12b73815d4401f026	402b4004b987169e1cc5b9b0356061794218ef45ee473839b80b72a91cf1f9ed	YES
97345ccad3b85b28ade93f77788e785047cb48490088045b2a3e3d0c98870e4c	CIC_W	641	2250286c-d9a8-4e68-9898-296bb3d42be1	EXACT_EQUIVALENT	APPROVED	MANUAL_REVIEW	OWNER_APPROVED_CONCEPT_MEMBERSHIP	RISK-MAP-MATERIALIZE-001	RISK-MAP-APPROVE-001	036d293c6e2fa506922c53ffcfdd44476ec903fdc639e2c12b73815d4401f026	402b4004b987169e1cc5b9b0356061794218ef45ee473839b80b72a91cf1f9ed	YES
d15a2a67cd4fb09842dfec50664fe184f74fa89bd34b47c4a53bbbb094a1c285	CIC_W	6411	82c336ba-857c-4736-99e1-d921ed92daf9	EXACT_EQUIVALENT	APPROVED	MANUAL_REVIEW	OWNER_APPROVED_CONCEPT_MEMBERSHIP	RISK-MAP-MATERIALIZE-001	RISK-MAP-APPROVE-001	036d293c6e2fa506922c53ffcfdd44476ec903fdc639e2c12b73815d4401f026	402b4004b987169e1cc5b9b0356061794218ef45ee473839b80b72a91cf1f9ed	YES
82de1de720b656972807ab327e76cf67ab09ea2c475493f1c5f20e8311203cc3	CIC_W	6412	c377be69-6ab3-4048-9d38-05fa755a8267	EXACT_EQUIVALENT	APPROVED	MANUAL_REVIEW	OWNER_APPROVED_CONCEPT_MEMBERSHIP	RISK-MAP-MATERIALIZE-001	RISK-MAP-APPROVE-001	036d293c6e2fa506922c53ffcfdd44476ec903fdc639e2c12b73815d4401f026	402b4004b987169e1cc5b9b0356061794218ef45ee473839b80b72a91cf1f9ed	YES
b2d948e1a503c300f40d8d4f6a9c89f9e1eb31dd872b65255b1f72178eae4e6b	CIC_W	65	d703949e-0684-40bb-86f5-4c11bd329756	EXACT_EQUIVALENT	APPROVED	MANUAL_REVIEW	OWNER_APPROVED_CONCEPT_MEMBERSHIP	RISK-MAP-MATERIALIZE-001	RISK-MAP-APPROVE-001	036d293c6e2fa506922c53ffcfdd44476ec903fdc639e2c12b73815d4401f026	402b4004b987169e1cc5b9b0356061794218ef45ee473839b80b72a91cf1f9ed	YES
96e1e44ae1841ef3fbc2958561c7760af199471c56febd6db1e6e9f74352aee4	CIC_W	651	98336564-d693-4026-b357-a545e100700c	EXACT_EQUIVALENT	APPROVED	MANUAL_REVIEW	OWNER_APPROVED_CONCEPT_MEMBERSHIP	RISK-MAP-MATERIALIZE-001	RISK-MAP-APPROVE-001	036d293c6e2fa506922c53ffcfdd44476ec903fdc639e2c12b73815d4401f026	402b4004b987169e1cc5b9b0356061794218ef45ee473839b80b72a91cf1f9ed	YES
57403016ea4aca2287307fd35a477ad0bdab67f71ea86a8b9004467ea94f9d65	CIC_W	6511	0f67ac17-fd69-4cc1-8a6a-37bea42a0c87	EXACT_EQUIVALENT	APPROVED	MANUAL_REVIEW	OWNER_APPROVED_CONCEPT_MEMBERSHIP	RISK-MAP-MATERIALIZE-001	RISK-MAP-APPROVE-001	036d293c6e2fa506922c53ffcfdd44476ec903fdc639e2c12b73815d4401f026	402b4004b987169e1cc5b9b0356061794218ef45ee473839b80b72a91cf1f9ed	YES
c99f7114732644b71f5d8c84145d54f8f01f2b3dc440ac466eac882ba513d488	CIC_W	6512	10a63c24-c2a9-49ff-be08-1bf1db6f87b3	EXACT_EQUIVALENT	APPROVED	MANUAL_REVIEW	OWNER_APPROVED_CONCEPT_MEMBERSHIP	RISK-MAP-MATERIALIZE-001	RISK-MAP-APPROVE-001	036d293c6e2fa506922c53ffcfdd44476ec903fdc639e2c12b73815d4401f026	402b4004b987169e1cc5b9b0356061794218ef45ee473839b80b72a91cf1f9ed	YES
8aa911f9047467df1f8091808188e79bb99c7c889a45f4883e169f420074584e	CIC_W	652	8c831cd1-fa96-4c78-913a-a4b0d1c636fe	EXACT_EQUIVALENT	APPROVED	MANUAL_REVIEW	OWNER_APPROVED_CONCEPT_MEMBERSHIP	RISK-MAP-MATERIALIZE-001	RISK-MAP-APPROVE-001	036d293c6e2fa506922c53ffcfdd44476ec903fdc639e2c12b73815d4401f026	402b4004b987169e1cc5b9b0356061794218ef45ee473839b80b72a91cf1f9ed	YES
e398a34eddb24d0c9b815846066243690e817e5a0ab8d2595d15299a2b98ad81	CIC_W	6521	3cd47cb4-db75-4b91-b2c7-8a38f4aa502a	EXACT_EQUIVALENT	APPROVED	MANUAL_REVIEW	OWNER_APPROVED_CONCEPT_MEMBERSHIP	RISK-MAP-MATERIALIZE-001	RISK-MAP-APPROVE-001	036d293c6e2fa506922c53ffcfdd44476ec903fdc639e2c12b73815d4401f026	402b4004b987169e1cc5b9b0356061794218ef45ee473839b80b72a91cf1f9ed	YES
bc42829332f625409e7c322f367fd49482ccca94f25c6b940a39eab029bf65b3	CIC_W	6522	b12ddccf-08fb-4bc8-9866-419a99873dd8	EXACT_EQUIVALENT	APPROVED	MANUAL_REVIEW	OWNER_APPROVED_CONCEPT_MEMBERSHIP	RISK-MAP-MATERIALIZE-001	RISK-MAP-APPROVE-001	036d293c6e2fa506922c53ffcfdd44476ec903fdc639e2c12b73815d4401f026	402b4004b987169e1cc5b9b0356061794218ef45ee473839b80b72a91cf1f9ed	YES
1e81cca591aa47ce701172d6c78bc6fc8acac837ffa7d743b64594c8860eb338	CIC_W	66	218a19dd-a075-456a-8c08-cc1df02d3d95	EXACT_EQUIVALENT	APPROVED	MANUAL_REVIEW	OWNER_APPROVED_CONCEPT_MEMBERSHIP	RISK-MAP-MATERIALIZE-001	RISK-MAP-APPROVE-001	036d293c6e2fa506922c53ffcfdd44476ec903fdc639e2c12b73815d4401f026	402b4004b987169e1cc5b9b0356061794218ef45ee473839b80b72a91cf1f9ed	YES
1b4989e1fdc2ac0f44a6d2702325d31d0d5e6b9f2680c52d2010d01f472db1cd	CIC_W	661	129ad2c3-e7b7-43f4-abb5-cda5f2be067a	EXACT_EQUIVALENT	APPROVED	MANUAL_REVIEW	OWNER_APPROVED_CONCEPT_MEMBERSHIP	RISK-MAP-MATERIALIZE-001	RISK-MAP-APPROVE-001	036d293c6e2fa506922c53ffcfdd44476ec903fdc639e2c12b73815d4401f026	402b4004b987169e1cc5b9b0356061794218ef45ee473839b80b72a91cf1f9ed	YES
72a3a5f18ec1c913fb388e42a533f2a8045b32bbf76e85c81abdc9d61b096b8c	CIC_W	6611	06aae30f-a833-4e7a-a81d-2b62cbbcbe53	EXACT_EQUIVALENT	APPROVED	MANUAL_REVIEW	OWNER_APPROVED_CONCEPT_MEMBERSHIP	RISK-MAP-MATERIALIZE-001	RISK-MAP-APPROVE-001	036d293c6e2fa506922c53ffcfdd44476ec903fdc639e2c12b73815d4401f026	402b4004b987169e1cc5b9b0356061794218ef45ee473839b80b72a91cf1f9ed	YES
4d04b84504485471215e353b32415a6cc2684bc7931c95c631cc7d0dbb80ba87	CIC_W	6612	f87aa2e0-5e8c-4be7-b4c0-abf6229b83f4	EXACT_EQUIVALENT	APPROVED	MANUAL_REVIEW	OWNER_APPROVED_CONCEPT_MEMBERSHIP	RISK-MAP-MATERIALIZE-001	RISK-MAP-APPROVE-001	036d293c6e2fa506922c53ffcfdd44476ec903fdc639e2c12b73815d4401f026	402b4004b987169e1cc5b9b0356061794218ef45ee473839b80b72a91cf1f9ed	YES
d155a1f4d612df7df44b2ee2098905855264aaaefed6a1283a7c0cc062ebee6d	CIC_W	662	643b3672-fbbc-4538-beed-ecc02f1f1ab0	EXACT_EQUIVALENT	APPROVED	MANUAL_REVIEW	OWNER_APPROVED_CONCEPT_MEMBERSHIP	RISK-MAP-MATERIALIZE-001	RISK-MAP-APPROVE-001	036d293c6e2fa506922c53ffcfdd44476ec903fdc639e2c12b73815d4401f026	402b4004b987169e1cc5b9b0356061794218ef45ee473839b80b72a91cf1f9ed	YES
686c82fd584466466eb28cf3d9ae718dbf47d2ece5b54b615ca117c06d2085b6	CIC_W	6621	078134f6-523d-4146-8a85-edc514ece459	EXACT_EQUIVALENT	APPROVED	MANUAL_REVIEW	OWNER_APPROVED_CONCEPT_MEMBERSHIP	RISK-MAP-MATERIALIZE-001	RISK-MAP-APPROVE-001	036d293c6e2fa506922c53ffcfdd44476ec903fdc639e2c12b73815d4401f026	402b4004b987169e1cc5b9b0356061794218ef45ee473839b80b72a91cf1f9ed	YES
7446b4f5633139f8272d173e03c8e6913f457383cb211c3a62d5bef1b66c93e7	CIC_W	6622	65ebbaac-e584-40e0-8563-80c47d3cfddd	EXACT_EQUIVALENT	APPROVED	MANUAL_REVIEW	OWNER_APPROVED_CONCEPT_MEMBERSHIP	RISK-MAP-MATERIALIZE-001	RISK-MAP-APPROVE-001	036d293c6e2fa506922c53ffcfdd44476ec903fdc639e2c12b73815d4401f026	402b4004b987169e1cc5b9b0356061794218ef45ee473839b80b72a91cf1f9ed	YES
572aa512d8a7c84a995419c28626afdc02d0b36fd60e2e54e962dc9038a68d53	CIC_W	663	c23d53b4-6e43-4cb4-b165-532318204bda	EXACT_EQUIVALENT	APPROVED	MANUAL_REVIEW	OWNER_APPROVED_CONCEPT_MEMBERSHIP	RISK-MAP-MATERIALIZE-001	RISK-MAP-APPROVE-001	036d293c6e2fa506922c53ffcfdd44476ec903fdc639e2c12b73815d4401f026	402b4004b987169e1cc5b9b0356061794218ef45ee473839b80b72a91cf1f9ed	YES
151ce43961a9ce6e036261a326d100334e86744a79d09bbc47289b773aa7b8b0	CIC_W	6631	83668b5e-0c4c-4ef5-94ca-b0031052c6f2	EXACT_EQUIVALENT	APPROVED	MANUAL_REVIEW	OWNER_APPROVED_CONCEPT_MEMBERSHIP	RISK-MAP-MATERIALIZE-001	RISK-MAP-APPROVE-001	036d293c6e2fa506922c53ffcfdd44476ec903fdc639e2c12b73815d4401f026	402b4004b987169e1cc5b9b0356061794218ef45ee473839b80b72a91cf1f9ed	YES
22f12c1309a25dc094b8fe53521700120664f425445c51b40d07156968bd7a75	CIC_W	6632	014c927e-9bf8-45ed-817f-c3153f9c4a5d	EXACT_EQUIVALENT	APPROVED	MANUAL_REVIEW	OWNER_APPROVED_CONCEPT_MEMBERSHIP	RISK-MAP-MATERIALIZE-001	RISK-MAP-APPROVE-001	036d293c6e2fa506922c53ffcfdd44476ec903fdc639e2c12b73815d4401f026	402b4004b987169e1cc5b9b0356061794218ef45ee473839b80b72a91cf1f9ed	YES
69fe80e103f8d4e4af0bf42b54af2d6ab5ce89d6b9455d895d0573efe4421357	CIC_W	664	b5fa3df7-c005-4e6c-a2b5-844d831f9839	EXACT_EQUIVALENT	APPROVED	MANUAL_REVIEW	OWNER_APPROVED_CONCEPT_MEMBERSHIP	RISK-MAP-MATERIALIZE-001	RISK-MAP-APPROVE-001	036d293c6e2fa506922c53ffcfdd44476ec903fdc639e2c12b73815d4401f026	402b4004b987169e1cc5b9b0356061794218ef45ee473839b80b72a91cf1f9ed	YES
441c74542922fe88b3206b4eda348fd3114a197df26a3d0bb525d6e37234d716	CIC_W	6641	5a5c0f73-6ea2-45ad-9ab5-0b974d9f2b5f	EXACT_EQUIVALENT	APPROVED	MANUAL_REVIEW	OWNER_APPROVED_CONCEPT_MEMBERSHIP	RISK-MAP-MATERIALIZE-001	RISK-MAP-APPROVE-001	036d293c6e2fa506922c53ffcfdd44476ec903fdc639e2c12b73815d4401f026	402b4004b987169e1cc5b9b0356061794218ef45ee473839b80b72a91cf1f9ed	YES
09b0fe03432179913261f333cca2b8b0544392bd3aa410f0026ed99269e30b06	CIC_W	6642	77be337d-c374-4e80-a5f7-69dcaa249387	EXACT_EQUIVALENT	APPROVED	MANUAL_REVIEW	OWNER_APPROVED_CONCEPT_MEMBERSHIP	RISK-MAP-MATERIALIZE-001	RISK-MAP-APPROVE-001	036d293c6e2fa506922c53ffcfdd44476ec903fdc639e2c12b73815d4401f026	402b4004b987169e1cc5b9b0356061794218ef45ee473839b80b72a91cf1f9ed	YES
463756ad0754782c49c6cf9131d827fae2f5d6f0b2087c04f3f72637120bf9a1	CIC_W	665	3ade5995-a8f0-4e97-a31a-3edfc3b1e095	EXACT_EQUIVALENT	APPROVED	MANUAL_REVIEW	OWNER_APPROVED_CONCEPT_MEMBERSHIP	RISK-MAP-MATERIALIZE-001	RISK-MAP-APPROVE-001	036d293c6e2fa506922c53ffcfdd44476ec903fdc639e2c12b73815d4401f026	402b4004b987169e1cc5b9b0356061794218ef45ee473839b80b72a91cf1f9ed	YES
5fa1afa1611962edea642e741a324eeb16336c98e98c10c9ee411f94e5e4e831	CIC_W	6651	a074669e-20e3-4d2e-b9ab-ba38ec5c9521	EXACT_EQUIVALENT	APPROVED	MANUAL_REVIEW	OWNER_APPROVED_CONCEPT_MEMBERSHIP	RISK-MAP-MATERIALIZE-001	RISK-MAP-APPROVE-001	036d293c6e2fa506922c53ffcfdd44476ec903fdc639e2c12b73815d4401f026	402b4004b987169e1cc5b9b0356061794218ef45ee473839b80b72a91cf1f9ed	YES
f23438250a06706fe5628f33c4fd65f63ba9a249b9baf81c16523154068b3eda	CIC_W	6652	ce01d355-6b4e-4352-bbd0-4100be25265e	EXACT_EQUIVALENT	APPROVED	MANUAL_REVIEW	OWNER_APPROVED_CONCEPT_MEMBERSHIP	RISK-MAP-MATERIALIZE-001	RISK-MAP-APPROVE-001	036d293c6e2fa506922c53ffcfdd44476ec903fdc639e2c12b73815d4401f026	402b4004b987169e1cc5b9b0356061794218ef45ee473839b80b72a91cf1f9ed	YES
8011d8e6902787d970fca202f6ae69ef87fc16af5ae84e4fd1db5c3bec928b91	CIC_W	666	1a7e57c5-a04d-4871-8977-c460a1995996	EXACT_EQUIVALENT	APPROVED	MANUAL_REVIEW	OWNER_APPROVED_CONCEPT_MEMBERSHIP	RISK-MAP-MATERIALIZE-001	RISK-MAP-APPROVE-001	036d293c6e2fa506922c53ffcfdd44476ec903fdc639e2c12b73815d4401f026	402b4004b987169e1cc5b9b0356061794218ef45ee473839b80b72a91cf1f9ed	YES
16cf35b6aaf1ca4cfadad7458e6051e6e6cdf72d40f9a795d808f429f530e5c4	CIC_W	6661	d1230f58-603a-43b7-b831-fcdd0d87408a	EXACT_EQUIVALENT	APPROVED	MANUAL_REVIEW	OWNER_APPROVED_CONCEPT_MEMBERSHIP	RISK-MAP-MATERIALIZE-001	RISK-MAP-APPROVE-001	036d293c6e2fa506922c53ffcfdd44476ec903fdc639e2c12b73815d4401f026	402b4004b987169e1cc5b9b0356061794218ef45ee473839b80b72a91cf1f9ed	YES
d2c8b2459de7ad03022e44cb984a32d2ccd4fed211db1fd474ad81848765529f	CIC_W	6662	f894ef87-82ce-42fc-936a-5c2677b9d536	EXACT_EQUIVALENT	APPROVED	MANUAL_REVIEW	OWNER_APPROVED_CONCEPT_MEMBERSHIP	RISK-MAP-MATERIALIZE-001	RISK-MAP-APPROVE-001	036d293c6e2fa506922c53ffcfdd44476ec903fdc639e2c12b73815d4401f026	402b4004b987169e1cc5b9b0356061794218ef45ee473839b80b72a91cf1f9ed	YES
70a2d4bf12800ebd7099604a332955ee66feacc9be5af814f0bb190d7a0bbb3c	CIC_W	667	b7b2bc21-e66c-4520-951f-745ccad00527	EXACT_EQUIVALENT	APPROVED	MANUAL_REVIEW	OWNER_APPROVED_CONCEPT_MEMBERSHIP	RISK-MAP-MATERIALIZE-001	RISK-MAP-APPROVE-001	036d293c6e2fa506922c53ffcfdd44476ec903fdc639e2c12b73815d4401f026	402b4004b987169e1cc5b9b0356061794218ef45ee473839b80b72a91cf1f9ed	YES
840ff7465a38f97e22113b17fb48e738ab4de22a1abe1386a76f522a9a451824	CIC_W	6671	d165ed00-23c7-45c3-a0de-83f897a64401	EXACT_EQUIVALENT	APPROVED	MANUAL_REVIEW	OWNER_APPROVED_CONCEPT_MEMBERSHIP	RISK-MAP-MATERIALIZE-001	RISK-MAP-APPROVE-001	036d293c6e2fa506922c53ffcfdd44476ec903fdc639e2c12b73815d4401f026	402b4004b987169e1cc5b9b0356061794218ef45ee473839b80b72a91cf1f9ed	YES
9129c6ab2c809b2096f6e194bc55069dafad63f3cd5e29ab58f9420dc57acbd9	CIC_W	6672	73c33622-466c-471f-acda-cf6b9ee5af6b	EXACT_EQUIVALENT	APPROVED	MANUAL_REVIEW	OWNER_APPROVED_CONCEPT_MEMBERSHIP	RISK-MAP-MATERIALIZE-001	RISK-MAP-APPROVE-001	036d293c6e2fa506922c53ffcfdd44476ec903fdc639e2c12b73815d4401f026	402b4004b987169e1cc5b9b0356061794218ef45ee473839b80b72a91cf1f9ed	YES
a9048affa3d1fa0e869f89a109f7825c910e5d358d58b44fa90b64d8da12e1c3	CIC_W	67	365b740b-5b5b-429a-8e6e-d02c53977eda	EXACT_EQUIVALENT	APPROVED	MANUAL_REVIEW	OWNER_APPROVED_CONCEPT_MEMBERSHIP	RISK-MAP-MATERIALIZE-001	RISK-MAP-APPROVE-001	036d293c6e2fa506922c53ffcfdd44476ec903fdc639e2c12b73815d4401f026	402b4004b987169e1cc5b9b0356061794218ef45ee473839b80b72a91cf1f9ed	YES
4e25996a04d9946a3df4d5b2c0491f9e5ad3f8b2592277cb29f381a5d291800c	CIC_W	671	e39b9c63-fb5b-4881-9a37-c21bdec7692f	EXACT_EQUIVALENT	APPROVED	MANUAL_REVIEW	OWNER_APPROVED_CONCEPT_MEMBERSHIP	RISK-MAP-MATERIALIZE-001	RISK-MAP-APPROVE-001	036d293c6e2fa506922c53ffcfdd44476ec903fdc639e2c12b73815d4401f026	402b4004b987169e1cc5b9b0356061794218ef45ee473839b80b72a91cf1f9ed	YES
477d061aac110780b1c50219098f7d37dc6a6209dce119019fa17650e9476693	CIC_W	6711	e39b9c63-fb5b-4881-9a37-c21bdec7692f	EXACT_EQUIVALENT	APPROVED	MANUAL_REVIEW	OWNER_APPROVED_CONCEPT_MEMBERSHIP	RISK-MAP-MATERIALIZE-001	RISK-MAP-APPROVE-001	036d293c6e2fa506922c53ffcfdd44476ec903fdc639e2c12b73815d4401f026	402b4004b987169e1cc5b9b0356061794218ef45ee473839b80b72a91cf1f9ed	YES
f5c0fbcd21acba9d444bbb9825cdf27c24c0b30b0e7a3ce8d20213bf60fab3a4	CIC_W	672	396d437f-f04f-49bf-9bbf-b8bac113f463	EXACT_EQUIVALENT	APPROVED	MANUAL_REVIEW	OWNER_APPROVED_CONCEPT_MEMBERSHIP	RISK-MAP-MATERIALIZE-001	RISK-MAP-APPROVE-001	036d293c6e2fa506922c53ffcfdd44476ec903fdc639e2c12b73815d4401f026	402b4004b987169e1cc5b9b0356061794218ef45ee473839b80b72a91cf1f9ed	YES
58ae58ac26dfe5357db83748bd0980545e4f8cb516a95eba1e1b8e7e6a990906	CIC_W	6721	396d437f-f04f-49bf-9bbf-b8bac113f463	EXACT_EQUIVALENT	APPROVED	MANUAL_REVIEW	OWNER_APPROVED_CONCEPT_MEMBERSHIP	RISK-MAP-MATERIALIZE-001	RISK-MAP-APPROVE-001	036d293c6e2fa506922c53ffcfdd44476ec903fdc639e2c12b73815d4401f026	402b4004b987169e1cc5b9b0356061794218ef45ee473839b80b72a91cf1f9ed	YES
04b42edbb6bf2ab845a781d6be00b8f63b6e42bba23559486f4d76166dffad7c	CIC_W	6722	85e755b5-ec60-4230-a70f-fecebac96001	EXACT_EQUIVALENT	APPROVED	MANUAL_REVIEW	OWNER_APPROVED_CONCEPT_MEMBERSHIP	RISK-MAP-MATERIALIZE-001	RISK-MAP-APPROVE-001	036d293c6e2fa506922c53ffcfdd44476ec903fdc639e2c12b73815d4401f026	402b4004b987169e1cc5b9b0356061794218ef45ee473839b80b72a91cf1f9ed	YES
f4f2923d2dc4ca27b66e3c2b39cb705a090590fa2a244c15696dcc453a410619	CIC_W	6731	7856c50a-32fb-43fb-80f6-e0566f92aa98	EXACT_EQUIVALENT	APPROVED	MANUAL_REVIEW	OWNER_APPROVED_CONCEPT_MEMBERSHIP	RISK-MAP-MATERIALIZE-001	RISK-MAP-APPROVE-001	036d293c6e2fa506922c53ffcfdd44476ec903fdc639e2c12b73815d4401f026	402b4004b987169e1cc5b9b0356061794218ef45ee473839b80b72a91cf1f9ed	YES
ad5e0fbe8cab9825661144aef0cefa9377c18dcbccdf474cfa0c7cfd03271384	CIC_W	674	ed593b2a-6e8d-4777-b869-fd28bc3b575d	EXACT_EQUIVALENT	APPROVED	MANUAL_REVIEW	OWNER_APPROVED_CONCEPT_MEMBERSHIP	RISK-MAP-MATERIALIZE-001	RISK-MAP-APPROVE-001	036d293c6e2fa506922c53ffcfdd44476ec903fdc639e2c12b73815d4401f026	402b4004b987169e1cc5b9b0356061794218ef45ee473839b80b72a91cf1f9ed	YES
c99911e599ecc74041d08e8834cae257236fcf57e79b3dc64660c9d6929a4e67	CIC_W	6741	482ca0cf-a619-461f-a1b6-f9828435832d	EXACT_EQUIVALENT	APPROVED	MANUAL_REVIEW	OWNER_APPROVED_CONCEPT_MEMBERSHIP	RISK-MAP-MATERIALIZE-001	RISK-MAP-APPROVE-001	036d293c6e2fa506922c53ffcfdd44476ec903fdc639e2c12b73815d4401f026	402b4004b987169e1cc5b9b0356061794218ef45ee473839b80b72a91cf1f9ed	YES
697a6a8b3165cb7e59cd82acb12375b3818d5cb0a5e83eacd15c613df650f927	CIC_W	6742	8ad48fbf-a1a8-4bd8-a01c-64778e3bb928	EXACT_EQUIVALENT	APPROVED	MANUAL_REVIEW	OWNER_APPROVED_CONCEPT_MEMBERSHIP	RISK-MAP-MATERIALIZE-001	RISK-MAP-APPROVE-001	036d293c6e2fa506922c53ffcfdd44476ec903fdc639e2c12b73815d4401f026	402b4004b987169e1cc5b9b0356061794218ef45ee473839b80b72a91cf1f9ed	YES
2f434b909f6a32b5e224f85ecbba24f0af86bb88bf866d1e69af99b5b2eb3106	CIC_W	675	604cd924-7c0d-4fa0-a5ba-17adceb5b82c	EXACT_EQUIVALENT	APPROVED	MANUAL_REVIEW	OWNER_APPROVED_CONCEPT_MEMBERSHIP	RISK-MAP-MATERIALIZE-001	RISK-MAP-APPROVE-001	036d293c6e2fa506922c53ffcfdd44476ec903fdc639e2c12b73815d4401f026	402b4004b987169e1cc5b9b0356061794218ef45ee473839b80b72a91cf1f9ed	YES
aa22a6dab1c0987659ce6e7253490dbb137b331151b42f4492be6894ca808472	CIC_W	6751	573400f8-f9ca-4233-adf8-503d3c3516f4	EXACT_EQUIVALENT	APPROVED	MANUAL_REVIEW	OWNER_APPROVED_CONCEPT_MEMBERSHIP	RISK-MAP-MATERIALIZE-001	RISK-MAP-APPROVE-001	036d293c6e2fa506922c53ffcfdd44476ec903fdc639e2c12b73815d4401f026	402b4004b987169e1cc5b9b0356061794218ef45ee473839b80b72a91cf1f9ed	YES
1a7a87fa6abe86b98da35945aaad51005c88ea17fb5015141336ad3d56359963	CIC_W	676	31947f08-9ae6-4673-b57f-93e735bcb2bb	EXACT_EQUIVALENT	APPROVED	MANUAL_REVIEW	OWNER_APPROVED_CONCEPT_MEMBERSHIP	RISK-MAP-MATERIALIZE-001	RISK-MAP-APPROVE-001	036d293c6e2fa506922c53ffcfdd44476ec903fdc639e2c12b73815d4401f026	402b4004b987169e1cc5b9b0356061794218ef45ee473839b80b72a91cf1f9ed	YES
82850645fe73fb624008fd01b97e770645b282e7e2e903a98eae0cd5990e97c5	CIC_W	6761	c95e783a-07a9-4981-bd7c-abc445dac990	EXACT_EQUIVALENT	APPROVED	MANUAL_REVIEW	OWNER_APPROVED_CONCEPT_MEMBERSHIP	RISK-MAP-MATERIALIZE-001	RISK-MAP-APPROVE-001	036d293c6e2fa506922c53ffcfdd44476ec903fdc639e2c12b73815d4401f026	402b4004b987169e1cc5b9b0356061794218ef45ee473839b80b72a91cf1f9ed	YES
c350f17a7ad2ac39abac373a9ad55ea0a6ca0bd3ad1a8f01647f3d8d72c5e81b	CIC_W	677	30fa94d3-a3e1-43dc-8205-81afa30f5351	EXACT_EQUIVALENT	APPROVED	MANUAL_REVIEW	OWNER_APPROVED_CONCEPT_MEMBERSHIP	RISK-MAP-MATERIALIZE-001	RISK-MAP-APPROVE-001	036d293c6e2fa506922c53ffcfdd44476ec903fdc639e2c12b73815d4401f026	402b4004b987169e1cc5b9b0356061794218ef45ee473839b80b72a91cf1f9ed	YES
5cff6489d88c6ecf2f161f4f32ae56e3e80af5e3970c3928b1afbedbdca9b4bc	CIC_W	6771	6b1fa1a4-7ef8-4ce2-9111-84660d8f3fac	EXACT_EQUIVALENT	APPROVED	MANUAL_REVIEW	OWNER_APPROVED_CONCEPT_MEMBERSHIP	RISK-MAP-MATERIALIZE-001	RISK-MAP-APPROVE-001	036d293c6e2fa506922c53ffcfdd44476ec903fdc639e2c12b73815d4401f026	402b4004b987169e1cc5b9b0356061794218ef45ee473839b80b72a91cf1f9ed	YES
62e5151b1bd5032a9f846f6e74af541e0f2d45ef6e1691c3111697e5b6f0dcf5	CIC_W	6772	fd189745-c616-40e7-a80e-32e26e9ff106	EXACT_EQUIVALENT	APPROVED	MANUAL_REVIEW	OWNER_APPROVED_CONCEPT_MEMBERSHIP	RISK-MAP-MATERIALIZE-001	RISK-MAP-APPROVE-001	036d293c6e2fa506922c53ffcfdd44476ec903fdc639e2c12b73815d4401f026	402b4004b987169e1cc5b9b0356061794218ef45ee473839b80b72a91cf1f9ed	YES
7db92d6a9d54776fb22ab744faaef46a89fa04b60dff6c2c6e88e04c1e62e1d4	CIC_W	6773	31ad3b6b-cbb4-4287-a2f4-45ab8462dc5a	EXACT_EQUIVALENT	APPROVED	MANUAL_REVIEW	OWNER_APPROVED_CONCEPT_MEMBERSHIP	RISK-MAP-MATERIALIZE-001	RISK-MAP-APPROVE-001	036d293c6e2fa506922c53ffcfdd44476ec903fdc639e2c12b73815d4401f026	402b4004b987169e1cc5b9b0356061794218ef45ee473839b80b72a91cf1f9ed	YES
a165831a97557623a2ebc63c9cf866264c13a8e57a2f646999b461e7f9b4962a	CIC_W	678	e0aeea7b-2e93-4f9e-9a22-986dd39e3376	EXACT_EQUIVALENT	APPROVED	MANUAL_REVIEW	OWNER_APPROVED_CONCEPT_MEMBERSHIP	RISK-MAP-MATERIALIZE-001	RISK-MAP-APPROVE-001	036d293c6e2fa506922c53ffcfdd44476ec903fdc639e2c12b73815d4401f026	402b4004b987169e1cc5b9b0356061794218ef45ee473839b80b72a91cf1f9ed	YES
5da59c9eb10d7f2496bf563e9121d387183e8b1c52c217a53a7dc984795cb0bc	CIC_W	6781	1bc99b44-6b9a-41e7-a2d5-380888f0bf4c	EXACT_EQUIVALENT	APPROVED	MANUAL_REVIEW	OWNER_APPROVED_CONCEPT_MEMBERSHIP	RISK-MAP-MATERIALIZE-001	RISK-MAP-APPROVE-001	036d293c6e2fa506922c53ffcfdd44476ec903fdc639e2c12b73815d4401f026	402b4004b987169e1cc5b9b0356061794218ef45ee473839b80b72a91cf1f9ed	YES
9064a0638a4df36044a9ad583c4cb1a09e03a9bdab1237c9f3d211a998313e54	CIC_W	71	a74700b2-31e4-44f9-bb53-1ab477738d29	EXACT_EQUIVALENT	APPROVED	MANUAL_REVIEW	OWNER_APPROVED_CONCEPT_MEMBERSHIP	RISK-MAP-MATERIALIZE-001	RISK-MAP-APPROVE-001	036d293c6e2fa506922c53ffcfdd44476ec903fdc639e2c12b73815d4401f026	402b4004b987169e1cc5b9b0356061794218ef45ee473839b80b72a91cf1f9ed	YES
0c094b8d1fb66cc837f75de258b9f93f86941ac20f70606f5b3d0ae6be0f3321	CIC_W	711	6912c95a-376b-4657-893d-2569bb4f740e	EXACT_EQUIVALENT	APPROVED	MANUAL_REVIEW	OWNER_APPROVED_CONCEPT_MEMBERSHIP	RISK-MAP-MATERIALIZE-001	RISK-MAP-APPROVE-001	036d293c6e2fa506922c53ffcfdd44476ec903fdc639e2c12b73815d4401f026	402b4004b987169e1cc5b9b0356061794218ef45ee473839b80b72a91cf1f9ed	YES
7d07e1bdbf43141d2828bf17c530d7bc67858e697e07acd3a9909f01ce5928d4	CIC_W	7111	74e785a4-b82d-4d1c-9781-9ebceb6e64f2	EXACT_EQUIVALENT	APPROVED	MANUAL_REVIEW	OWNER_APPROVED_CONCEPT_MEMBERSHIP	RISK-MAP-MATERIALIZE-001	RISK-MAP-APPROVE-001	036d293c6e2fa506922c53ffcfdd44476ec903fdc639e2c12b73815d4401f026	402b4004b987169e1cc5b9b0356061794218ef45ee473839b80b72a91cf1f9ed	YES
ba3072ade930183bc3bc2b88aad5fcbb600828fa14a2c52696927a147d9f8067	CIC_W	712	5186e0fc-1ac5-407e-b697-a6956e0f1b80	EXACT_EQUIVALENT	APPROVED	MANUAL_REVIEW	OWNER_APPROVED_CONCEPT_MEMBERSHIP	RISK-MAP-MATERIALIZE-001	RISK-MAP-APPROVE-001	036d293c6e2fa506922c53ffcfdd44476ec903fdc639e2c12b73815d4401f026	402b4004b987169e1cc5b9b0356061794218ef45ee473839b80b72a91cf1f9ed	YES
827fa00cb013ae453c2bfbbd437def99417dfa7ce9a6aaf61d17974509e62384	CIC_W	7121	ec0582d6-f4a4-40a0-8771-a5bd193446d1	EXACT_EQUIVALENT	APPROVED	MANUAL_REVIEW	OWNER_APPROVED_CONCEPT_MEMBERSHIP	RISK-MAP-MATERIALIZE-001	RISK-MAP-APPROVE-001	036d293c6e2fa506922c53ffcfdd44476ec903fdc639e2c12b73815d4401f026	402b4004b987169e1cc5b9b0356061794218ef45ee473839b80b72a91cf1f9ed	YES
b5ea90cbe7f7bbb0a69a062e65db054ad5c257cd26720e93988a7ba3501d492c	CIC_W	713	63b9907a-9c62-4c32-931a-fe982ee2d1cd	EXACT_EQUIVALENT	APPROVED	MANUAL_REVIEW	OWNER_APPROVED_CONCEPT_MEMBERSHIP	RISK-MAP-MATERIALIZE-001	RISK-MAP-APPROVE-001	036d293c6e2fa506922c53ffcfdd44476ec903fdc639e2c12b73815d4401f026	402b4004b987169e1cc5b9b0356061794218ef45ee473839b80b72a91cf1f9ed	YES
68c6834218edac247dd63443562434a22cc388bcd49fd2f548f110aed9c98226	CIC_W	7131	f557a3dc-cd71-469c-8a7b-fc0f90627f5a	EXACT_EQUIVALENT	APPROVED	MANUAL_REVIEW	OWNER_APPROVED_CONCEPT_MEMBERSHIP	RISK-MAP-MATERIALIZE-001	RISK-MAP-APPROVE-001	036d293c6e2fa506922c53ffcfdd44476ec903fdc639e2c12b73815d4401f026	402b4004b987169e1cc5b9b0356061794218ef45ee473839b80b72a91cf1f9ed	YES
5dd63386de309eaf08476cafbcfae6a4cb3c6fca3e0e643e063d70bee75050d2	CIC_W	714	1aa3f45f-184a-47cb-b261-93d4bc5831a9	EXACT_EQUIVALENT	APPROVED	MANUAL_REVIEW	OWNER_APPROVED_CONCEPT_MEMBERSHIP	RISK-MAP-MATERIALIZE-001	RISK-MAP-APPROVE-001	036d293c6e2fa506922c53ffcfdd44476ec903fdc639e2c12b73815d4401f026	402b4004b987169e1cc5b9b0356061794218ef45ee473839b80b72a91cf1f9ed	YES
3753b35aac266909a9f2d1326ce96255d0a7659dadb59fc87384b457982f9bc0	CIC_W	7141	8cf7fc6e-ef3b-4c31-a182-824cd2216fe4	EXACT_EQUIVALENT	APPROVED	MANUAL_REVIEW	OWNER_APPROVED_CONCEPT_MEMBERSHIP	RISK-MAP-MATERIALIZE-001	RISK-MAP-APPROVE-001	036d293c6e2fa506922c53ffcfdd44476ec903fdc639e2c12b73815d4401f026	402b4004b987169e1cc5b9b0356061794218ef45ee473839b80b72a91cf1f9ed	YES
24448bdf8149008b77a2b52aaf2a3bf297cb39183a014b0dadd450deabcaf0a0	CIC_W	715	ed21dcbb-1042-4d62-831e-79a85944b611	EXACT_EQUIVALENT	APPROVED	MANUAL_REVIEW	OWNER_APPROVED_CONCEPT_MEMBERSHIP	RISK-MAP-MATERIALIZE-001	RISK-MAP-APPROVE-001	036d293c6e2fa506922c53ffcfdd44476ec903fdc639e2c12b73815d4401f026	402b4004b987169e1cc5b9b0356061794218ef45ee473839b80b72a91cf1f9ed	YES
eceaa8d249d59162e8abeabd4129f301f39e076ee0ba0340ec450569283df1c9	CIC_W	7151	70e91fe0-a738-48cf-af90-0d2ffe293e44	EXACT_EQUIVALENT	APPROVED	MANUAL_REVIEW	OWNER_APPROVED_CONCEPT_MEMBERSHIP	RISK-MAP-MATERIALIZE-001	RISK-MAP-APPROVE-001	036d293c6e2fa506922c53ffcfdd44476ec903fdc639e2c12b73815d4401f026	402b4004b987169e1cc5b9b0356061794218ef45ee473839b80b72a91cf1f9ed	YES
63087c1083993cbf2fcc02419401932593c812eb083a704057d0916039fbdfc5	CIC_W	716	e600773e-39f9-4dc9-9a94-512c43fddf2d	EXACT_EQUIVALENT	APPROVED	MANUAL_REVIEW	OWNER_APPROVED_CONCEPT_MEMBERSHIP	RISK-MAP-MATERIALIZE-001	RISK-MAP-APPROVE-001	036d293c6e2fa506922c53ffcfdd44476ec903fdc639e2c12b73815d4401f026	402b4004b987169e1cc5b9b0356061794218ef45ee473839b80b72a91cf1f9ed	YES
a802f12f17d011ff6fe62ebeb9aab5efa1c7d4a8e6fadfa7e370ee44ebe7655b	CIC_W	7161	48e89a50-e957-4c87-923f-3c644df93ecd	EXACT_EQUIVALENT	APPROVED	MANUAL_REVIEW	OWNER_APPROVED_CONCEPT_MEMBERSHIP	RISK-MAP-MATERIALIZE-001	RISK-MAP-APPROVE-001	036d293c6e2fa506922c53ffcfdd44476ec903fdc639e2c12b73815d4401f026	402b4004b987169e1cc5b9b0356061794218ef45ee473839b80b72a91cf1f9ed	YES
6c2a922714990e7f2fac21a9bce7f1cd7a2930f28e27f9750f0ea6ca0d76751d	CIC_W	717	de151d12-f494-497e-91fe-6f5b40d1196c	EXACT_EQUIVALENT	APPROVED	MANUAL_REVIEW	OWNER_APPROVED_CONCEPT_MEMBERSHIP	RISK-MAP-MATERIALIZE-001	RISK-MAP-APPROVE-001	036d293c6e2fa506922c53ffcfdd44476ec903fdc639e2c12b73815d4401f026	402b4004b987169e1cc5b9b0356061794218ef45ee473839b80b72a91cf1f9ed	YES
512b99dc6071100ffc10142ef8177572c02cf735089251a039e0350226e13393	CIC_W	7171	407b824b-915b-4515-8155-d51be3f20bae	EXACT_EQUIVALENT	APPROVED	MANUAL_REVIEW	OWNER_APPROVED_CONCEPT_MEMBERSHIP	RISK-MAP-MATERIALIZE-001	RISK-MAP-APPROVE-001	036d293c6e2fa506922c53ffcfdd44476ec903fdc639e2c12b73815d4401f026	402b4004b987169e1cc5b9b0356061794218ef45ee473839b80b72a91cf1f9ed	YES
8c400a01a9f526311dc7a6d637fb68a29d350d964dadb148f42b8048dd667a56	CIC_W	718	9d9bafff-1019-48f3-b2bb-cd5e9bfca11f	EXACT_EQUIVALENT	APPROVED	MANUAL_REVIEW	OWNER_APPROVED_CONCEPT_MEMBERSHIP	RISK-MAP-MATERIALIZE-001	RISK-MAP-APPROVE-001	036d293c6e2fa506922c53ffcfdd44476ec903fdc639e2c12b73815d4401f026	402b4004b987169e1cc5b9b0356061794218ef45ee473839b80b72a91cf1f9ed	YES
b419aecd7e98d316ea3ff71b084b56afc0d0240738a34690061700174dc4d12f	CIC_W	7181	a0d1e8aa-a7d1-4bb1-9ad3-dfe617e013b1	EXACT_EQUIVALENT	APPROVED	MANUAL_REVIEW	OWNER_APPROVED_CONCEPT_MEMBERSHIP	RISK-MAP-MATERIALIZE-001	RISK-MAP-APPROVE-001	036d293c6e2fa506922c53ffcfdd44476ec903fdc639e2c12b73815d4401f026	402b4004b987169e1cc5b9b0356061794218ef45ee473839b80b72a91cf1f9ed	YES
c6eeeba46004cf6afd07ea00d0204e2a1a917c1b23578513fda17bc193f6257c	CIC_W	7182	9d2347a9-2671-40e6-a7a5-76b9789f58d2	EXACT_EQUIVALENT	APPROVED	MANUAL_REVIEW	OWNER_APPROVED_CONCEPT_MEMBERSHIP	RISK-MAP-MATERIALIZE-001	RISK-MAP-APPROVE-001	036d293c6e2fa506922c53ffcfdd44476ec903fdc639e2c12b73815d4401f026	402b4004b987169e1cc5b9b0356061794218ef45ee473839b80b72a91cf1f9ed	YES
e382f4f3d0c63ee48a86994afdd3f5c84356c395185bed3cc684dd8206cedeaa	CIC_W	7183	177bc2b5-831b-4c01-8543-b4f518bf8f25	EXACT_EQUIVALENT	APPROVED	MANUAL_REVIEW	OWNER_APPROVED_CONCEPT_MEMBERSHIP	RISK-MAP-MATERIALIZE-001	RISK-MAP-APPROVE-001	036d293c6e2fa506922c53ffcfdd44476ec903fdc639e2c12b73815d4401f026	402b4004b987169e1cc5b9b0356061794218ef45ee473839b80b72a91cf1f9ed	YES
a02a2cf0e0a35c602e32e12f92a3f08a8a5f2a8c8eae381f862b2e09707ff28b	CIC_W	719	b40bcb7f-32a0-4f2e-bb21-4eaf050a7fb7	EXACT_EQUIVALENT	APPROVED	MANUAL_REVIEW	OWNER_APPROVED_CONCEPT_MEMBERSHIP	RISK-MAP-MATERIALIZE-001	RISK-MAP-APPROVE-001	036d293c6e2fa506922c53ffcfdd44476ec903fdc639e2c12b73815d4401f026	402b4004b987169e1cc5b9b0356061794218ef45ee473839b80b72a91cf1f9ed	YES
c893e32226516381f1eb784175254303c4685adb4ce289250e7d2b5732da66cc	CIC_W	7191	6024703a-e0c0-49a6-9862-832b64fd131a	EXACT_EQUIVALENT	APPROVED	MANUAL_REVIEW	OWNER_APPROVED_CONCEPT_MEMBERSHIP	RISK-MAP-MATERIALIZE-001	RISK-MAP-APPROVE-001	036d293c6e2fa506922c53ffcfdd44476ec903fdc639e2c12b73815d4401f026	402b4004b987169e1cc5b9b0356061794218ef45ee473839b80b72a91cf1f9ed	YES
31378ec83dcbb6b3c56bab1799638d81838630a893ad6ec208e93daa4cefd557	CIC_W	7192	205d51b2-5cba-403f-8a09-3e40e4b4f038	EXACT_EQUIVALENT	APPROVED	MANUAL_REVIEW	OWNER_APPROVED_CONCEPT_MEMBERSHIP	RISK-MAP-MATERIALIZE-001	RISK-MAP-APPROVE-001	036d293c6e2fa506922c53ffcfdd44476ec903fdc639e2c12b73815d4401f026	402b4004b987169e1cc5b9b0356061794218ef45ee473839b80b72a91cf1f9ed	YES
720e143da5e9db50b481e3ce14b1e3cc66a76064d7f65a117d01fe4d3f4e7ffc	CIC_W	7193	e70dd429-4885-41b5-8198-3b225b0af0b9	EXACT_EQUIVALENT	APPROVED	MANUAL_REVIEW	OWNER_APPROVED_CONCEPT_MEMBERSHIP	RISK-MAP-MATERIALIZE-001	RISK-MAP-APPROVE-001	036d293c6e2fa506922c53ffcfdd44476ec903fdc639e2c12b73815d4401f026	402b4004b987169e1cc5b9b0356061794218ef45ee473839b80b72a91cf1f9ed	YES
42a64c69089f1e1c2aa2f0990fe6ea9f4cfb3ae2b70971176ad207dcf1c39829	CIC_W	7194	fc8bb348-d8b8-490a-9248-6de5f43911d2	EXACT_EQUIVALENT	APPROVED	MANUAL_REVIEW	OWNER_APPROVED_CONCEPT_MEMBERSHIP	RISK-MAP-MATERIALIZE-001	RISK-MAP-APPROVE-001	036d293c6e2fa506922c53ffcfdd44476ec903fdc639e2c12b73815d4401f026	402b4004b987169e1cc5b9b0356061794218ef45ee473839b80b72a91cf1f9ed	YES
ac9c8009e1f116641bdc7828b5b464df8853a35207d097f3c67f5cd1fccabe99	CIC_W	7195	74f6a0ad-2a98-4e14-b316-a007aeddbc8a	EXACT_EQUIVALENT	APPROVED	MANUAL_REVIEW	OWNER_APPROVED_CONCEPT_MEMBERSHIP	RISK-MAP-MATERIALIZE-001	RISK-MAP-APPROVE-001	036d293c6e2fa506922c53ffcfdd44476ec903fdc639e2c12b73815d4401f026	402b4004b987169e1cc5b9b0356061794218ef45ee473839b80b72a91cf1f9ed	YES
79f02fbf41414129f2b75ada799764df2b17802bac7c1f1f97636144b726e0a5	CIC_W	72	ada6e963-c55f-4215-ab4c-991fd0add567	EXACT_EQUIVALENT	APPROVED	MANUAL_REVIEW	OWNER_APPROVED_CONCEPT_MEMBERSHIP	RISK-MAP-MATERIALIZE-001	RISK-MAP-APPROVE-001	036d293c6e2fa506922c53ffcfdd44476ec903fdc639e2c12b73815d4401f026	402b4004b987169e1cc5b9b0356061794218ef45ee473839b80b72a91cf1f9ed	YES
430c46020da9077108174a319e276f12e9ff3b185d2896566c7c1f36cf314606	CIC_W	721	81a226c9-f3e3-4128-acda-e5505db59ff6	EXACT_EQUIVALENT	APPROVED	MANUAL_REVIEW	OWNER_APPROVED_CONCEPT_MEMBERSHIP	RISK-MAP-MATERIALIZE-001	RISK-MAP-APPROVE-001	036d293c6e2fa506922c53ffcfdd44476ec903fdc639e2c12b73815d4401f026	402b4004b987169e1cc5b9b0356061794218ef45ee473839b80b72a91cf1f9ed	YES
f098da20148b14e08db1f9764364ba7a95de444448fa9df2f44ff84792075e93	CIC_W	7211	a5e357b8-07cd-4c31-8611-e2da4c4c78bf	EXACT_EQUIVALENT	APPROVED	MANUAL_REVIEW	OWNER_APPROVED_CONCEPT_MEMBERSHIP	RISK-MAP-MATERIALIZE-001	RISK-MAP-APPROVE-001	036d293c6e2fa506922c53ffcfdd44476ec903fdc639e2c12b73815d4401f026	402b4004b987169e1cc5b9b0356061794218ef45ee473839b80b72a91cf1f9ed	YES
e6cd75923f837c14f38552c841de81dde189361cecd70ee5a751810ac3543d06	CIC_W	73	609c86eb-94f6-447c-9805-e0ff032b80f4	EXACT_EQUIVALENT	APPROVED	MANUAL_REVIEW	OWNER_APPROVED_CONCEPT_MEMBERSHIP	RISK-MAP-MATERIALIZE-001	RISK-MAP-APPROVE-001	036d293c6e2fa506922c53ffcfdd44476ec903fdc639e2c12b73815d4401f026	402b4004b987169e1cc5b9b0356061794218ef45ee473839b80b72a91cf1f9ed	YES
6018f23ec12e0ec2e10e2ebb4ee545b9000f29f9a50d40fa3e8241318f8daef4	CIC_W	731	1e87d3ea-5e66-4d77-b80b-1d409e4bd52f	EXACT_EQUIVALENT	APPROVED	MANUAL_REVIEW	OWNER_APPROVED_CONCEPT_MEMBERSHIP	RISK-MAP-MATERIALIZE-001	RISK-MAP-APPROVE-001	036d293c6e2fa506922c53ffcfdd44476ec903fdc639e2c12b73815d4401f026	402b4004b987169e1cc5b9b0356061794218ef45ee473839b80b72a91cf1f9ed	YES
fb7ca1d0795a7f645c67872c37b601c04bf178fe9404701b28eb995e3089d0f6	CIC_W	7311	1e87d3ea-5e66-4d77-b80b-1d409e4bd52f	EXACT_EQUIVALENT	APPROVED	MANUAL_REVIEW	OWNER_APPROVED_CONCEPT_MEMBERSHIP	RISK-MAP-MATERIALIZE-001	RISK-MAP-APPROVE-001	036d293c6e2fa506922c53ffcfdd44476ec903fdc639e2c12b73815d4401f026	402b4004b987169e1cc5b9b0356061794218ef45ee473839b80b72a91cf1f9ed	YES
d2121bef717ff131412c14928a28e9b9ceddd4d6d6d1a17c94f7273e86ef522e	CIC_W	732	af67ec1a-0d16-4770-8ab9-3ca191ced81d	EXACT_EQUIVALENT	APPROVED	MANUAL_REVIEW	OWNER_APPROVED_CONCEPT_MEMBERSHIP	RISK-MAP-MATERIALIZE-001	RISK-MAP-APPROVE-001	036d293c6e2fa506922c53ffcfdd44476ec903fdc639e2c12b73815d4401f026	402b4004b987169e1cc5b9b0356061794218ef45ee473839b80b72a91cf1f9ed	YES
18179c1174cb03074ec768cb093f6e0bbb8bd605962a50cffafd47e2208adadf	CIC_W	7321	b1e90650-b549-4172-b381-01d80058bb93	EXACT_EQUIVALENT	APPROVED	MANUAL_REVIEW	OWNER_APPROVED_CONCEPT_MEMBERSHIP	RISK-MAP-MATERIALIZE-001	RISK-MAP-APPROVE-001	036d293c6e2fa506922c53ffcfdd44476ec903fdc639e2c12b73815d4401f026	402b4004b987169e1cc5b9b0356061794218ef45ee473839b80b72a91cf1f9ed	YES
e272eee6628c1ba899f63980f65bc692266180c054f132615bf1db42a15afa0f	CIC_W	733	2c79563e-d093-485b-acb3-5bf01c9400d0	EXACT_EQUIVALENT	APPROVED	MANUAL_REVIEW	OWNER_APPROVED_CONCEPT_MEMBERSHIP	RISK-MAP-MATERIALIZE-001	RISK-MAP-APPROVE-001	036d293c6e2fa506922c53ffcfdd44476ec903fdc639e2c12b73815d4401f026	402b4004b987169e1cc5b9b0356061794218ef45ee473839b80b72a91cf1f9ed	YES
75d85b6b658e29d7219b58c2b72d0e91c2377d5513bcfa354c18d3ddf6351df2	CIC_W	7331	2c79563e-d093-485b-acb3-5bf01c9400d0	EXACT_EQUIVALENT	APPROVED	MANUAL_REVIEW	OWNER_APPROVED_CONCEPT_MEMBERSHIP	RISK-MAP-MATERIALIZE-001	RISK-MAP-APPROVE-001	036d293c6e2fa506922c53ffcfdd44476ec903fdc639e2c12b73815d4401f026	402b4004b987169e1cc5b9b0356061794218ef45ee473839b80b72a91cf1f9ed	YES
141fdc8449bf03d97753d59ff346985c100bff3a3fa9b07694b4909de9a8fd0f	CIC_W	734	0197d0b5-8ed8-46a3-894e-1661194d4f53	EXACT_EQUIVALENT	APPROVED	MANUAL_REVIEW	OWNER_APPROVED_CONCEPT_MEMBERSHIP	RISK-MAP-MATERIALIZE-001	RISK-MAP-APPROVE-001	036d293c6e2fa506922c53ffcfdd44476ec903fdc639e2c12b73815d4401f026	402b4004b987169e1cc5b9b0356061794218ef45ee473839b80b72a91cf1f9ed	YES
9325e3bf7a610df98c45b48bd201a4bb1b3f928c0601565f5ff1d704bf4e27e0	CIC_W	7341	0197d0b5-8ed8-46a3-894e-1661194d4f53	EXACT_EQUIVALENT	APPROVED	MANUAL_REVIEW	OWNER_APPROVED_CONCEPT_MEMBERSHIP	RISK-MAP-MATERIALIZE-001	RISK-MAP-APPROVE-001	036d293c6e2fa506922c53ffcfdd44476ec903fdc639e2c12b73815d4401f026	402b4004b987169e1cc5b9b0356061794218ef45ee473839b80b72a91cf1f9ed	YES
25b43b99ed54297231352cf71d44ea8ef82ed13a8d1defb83ace30196c9a275c	CIC_W	735	c66d8388-51e3-4330-bd4b-2cbe4645e8eb	EXACT_EQUIVALENT	APPROVED	MANUAL_REVIEW	OWNER_APPROVED_CONCEPT_MEMBERSHIP	RISK-MAP-MATERIALIZE-001	RISK-MAP-APPROVE-001	036d293c6e2fa506922c53ffcfdd44476ec903fdc639e2c12b73815d4401f026	402b4004b987169e1cc5b9b0356061794218ef45ee473839b80b72a91cf1f9ed	YES
f39652c481ad718d692bc19c80fbf9f9ef0a4038abc91bd76458839dde0e1137	CIC_W	7351	e18fc4de-f3af-4a6d-927f-bb42cc28eaf6	EXACT_EQUIVALENT	APPROVED	MANUAL_REVIEW	OWNER_APPROVED_CONCEPT_MEMBERSHIP	RISK-MAP-MATERIALIZE-001	RISK-MAP-APPROVE-001	036d293c6e2fa506922c53ffcfdd44476ec903fdc639e2c12b73815d4401f026	402b4004b987169e1cc5b9b0356061794218ef45ee473839b80b72a91cf1f9ed	YES
1eeb742a7bf078af05c2620a4675a889a035352a03b831300525ffbe6dcd17fb	CIC_W	7352	66fa8cc1-4917-4206-9f74-384e782ecabe	EXACT_EQUIVALENT	APPROVED	MANUAL_REVIEW	OWNER_APPROVED_CONCEPT_MEMBERSHIP	RISK-MAP-MATERIALIZE-001	RISK-MAP-APPROVE-001	036d293c6e2fa506922c53ffcfdd44476ec903fdc639e2c12b73815d4401f026	402b4004b987169e1cc5b9b0356061794218ef45ee473839b80b72a91cf1f9ed	YES
c285380ae5af16cef6574aa70389d9c620acc3e4e91a1d81a24ca75448e28412	CIC_W	7353	4b2f3837-b842-46fc-8233-770cc2239ee6	EXACT_EQUIVALENT	APPROVED	MANUAL_REVIEW	OWNER_APPROVED_CONCEPT_MEMBERSHIP	RISK-MAP-MATERIALIZE-001	RISK-MAP-APPROVE-001	036d293c6e2fa506922c53ffcfdd44476ec903fdc639e2c12b73815d4401f026	402b4004b987169e1cc5b9b0356061794218ef45ee473839b80b72a91cf1f9ed	YES
034cb626f0f5df3ea2241594f7182e5b3e697da7ff4b815e833c76b94c1c2a87	CIC_W	7354	ccca4099-e907-475a-9f5b-0e993969d515	EXACT_EQUIVALENT	APPROVED	MANUAL_REVIEW	OWNER_APPROVED_CONCEPT_MEMBERSHIP	RISK-MAP-MATERIALIZE-001	RISK-MAP-APPROVE-001	036d293c6e2fa506922c53ffcfdd44476ec903fdc639e2c12b73815d4401f026	402b4004b987169e1cc5b9b0356061794218ef45ee473839b80b72a91cf1f9ed	YES
b3f8af00172dd01e159616fe82a7742b5cff92abbdd9b0904a2e1c956872db65	CIC_W	7355	e9cb977b-19a2-4a70-883f-98f186bf0fa2	EXACT_EQUIVALENT	APPROVED	MANUAL_REVIEW	OWNER_APPROVED_CONCEPT_MEMBERSHIP	RISK-MAP-MATERIALIZE-001	RISK-MAP-APPROVE-001	036d293c6e2fa506922c53ffcfdd44476ec903fdc639e2c12b73815d4401f026	402b4004b987169e1cc5b9b0356061794218ef45ee473839b80b72a91cf1f9ed	YES
ad87563b14b61fc1edfc2df21ac2f76e9d76090b215808646f99e17586e2e125	CIC_W	736	4c6e576f-378d-4fa6-86e0-9c616abd1216	EXACT_EQUIVALENT	APPROVED	MANUAL_REVIEW	OWNER_APPROVED_CONCEPT_MEMBERSHIP	RISK-MAP-MATERIALIZE-001	RISK-MAP-APPROVE-001	036d293c6e2fa506922c53ffcfdd44476ec903fdc639e2c12b73815d4401f026	402b4004b987169e1cc5b9b0356061794218ef45ee473839b80b72a91cf1f9ed	YES
30fadec5a4e0d77d1afa9f360b903850f0d163b33aa058cd83859e90daff970b	CIC_W	7361	22e25bbd-2102-46ac-9110-4eb16daa4f4a	EXACT_EQUIVALENT	APPROVED	MANUAL_REVIEW	OWNER_APPROVED_CONCEPT_MEMBERSHIP	RISK-MAP-MATERIALIZE-001	RISK-MAP-APPROVE-001	036d293c6e2fa506922c53ffcfdd44476ec903fdc639e2c12b73815d4401f026	402b4004b987169e1cc5b9b0356061794218ef45ee473839b80b72a91cf1f9ed	YES
3398eeac7a1fe6eccf0139ce516697074f6e05b24b0db115e9a539864422836c	CIC_W	7362	99b54531-e7ea-49b8-a933-a716f7611445	EXACT_EQUIVALENT	APPROVED	MANUAL_REVIEW	OWNER_APPROVED_CONCEPT_MEMBERSHIP	RISK-MAP-MATERIALIZE-001	RISK-MAP-APPROVE-001	036d293c6e2fa506922c53ffcfdd44476ec903fdc639e2c12b73815d4401f026	402b4004b987169e1cc5b9b0356061794218ef45ee473839b80b72a91cf1f9ed	YES
c0d5469c3bad694eb863bef06bc787429118cad2dcb6066083bdf9a209fdda5b	CIC_W	7363	d4f783a5-24d9-4da3-aec1-c0153108c0f6	EXACT_EQUIVALENT	APPROVED	MANUAL_REVIEW	OWNER_APPROVED_CONCEPT_MEMBERSHIP	RISK-MAP-MATERIALIZE-001	RISK-MAP-APPROVE-001	036d293c6e2fa506922c53ffcfdd44476ec903fdc639e2c12b73815d4401f026	402b4004b987169e1cc5b9b0356061794218ef45ee473839b80b72a91cf1f9ed	YES
524763beb2819dd3d43ac1cedfa25a6fdaf7c0ccfc8518ed805fd5c676d8323d	CIC_W	737	ceb698ea-4a98-4f97-badd-03635225312f	EXACT_EQUIVALENT	APPROVED	MANUAL_REVIEW	OWNER_APPROVED_CONCEPT_MEMBERSHIP	RISK-MAP-MATERIALIZE-001	RISK-MAP-APPROVE-001	036d293c6e2fa506922c53ffcfdd44476ec903fdc639e2c12b73815d4401f026	402b4004b987169e1cc5b9b0356061794218ef45ee473839b80b72a91cf1f9ed	YES
ce07806048978d5260ff87b39fe703f8cda57e48e51aa51f15bf0093ef756169	CIC_W	7371	040f1f75-2e76-4bba-84b7-8ea96215b6c6	EXACT_EQUIVALENT	APPROVED	MANUAL_REVIEW	OWNER_APPROVED_CONCEPT_MEMBERSHIP	RISK-MAP-MATERIALIZE-001	RISK-MAP-APPROVE-001	036d293c6e2fa506922c53ffcfdd44476ec903fdc639e2c12b73815d4401f026	402b4004b987169e1cc5b9b0356061794218ef45ee473839b80b72a91cf1f9ed	YES
5c2de3c88260c7b153988c7ff0ac6dc354cb7d22fb4f6c4d6faa859270a0fd12	CIC_W	7372	e1475038-f654-410b-af82-3346431b856a	EXACT_EQUIVALENT	APPROVED	MANUAL_REVIEW	OWNER_APPROVED_CONCEPT_MEMBERSHIP	RISK-MAP-MATERIALIZE-001	RISK-MAP-APPROVE-001	036d293c6e2fa506922c53ffcfdd44476ec903fdc639e2c12b73815d4401f026	402b4004b987169e1cc5b9b0356061794218ef45ee473839b80b72a91cf1f9ed	YES
3697fbf1d15c509a699922c2fcd75626765bc6274068e8ec6456c8a9a861f5ae	CIC_W	7373	5c9089a8-4350-4ffc-aedc-2a65002d46f3	EXACT_EQUIVALENT	APPROVED	MANUAL_REVIEW	OWNER_APPROVED_CONCEPT_MEMBERSHIP	RISK-MAP-MATERIALIZE-001	RISK-MAP-APPROVE-001	036d293c6e2fa506922c53ffcfdd44476ec903fdc639e2c12b73815d4401f026	402b4004b987169e1cc5b9b0356061794218ef45ee473839b80b72a91cf1f9ed	YES
a91725a0be4b67e457d052b2664cf0f9e637037e7a1da8cfa3f8dcc50d35996f	CIC_W	7374	b5e301ae-b390-4267-956b-5272ad4ed810	EXACT_EQUIVALENT	APPROVED	MANUAL_REVIEW	OWNER_APPROVED_CONCEPT_MEMBERSHIP	RISK-MAP-MATERIALIZE-001	RISK-MAP-APPROVE-001	036d293c6e2fa506922c53ffcfdd44476ec903fdc639e2c12b73815d4401f026	402b4004b987169e1cc5b9b0356061794218ef45ee473839b80b72a91cf1f9ed	YES
a9ca0247b46fd33e43d7cfd9a549444135e3f83f03b552bbd9f9fcada437a850	CIC_W	739	22ce750a-d007-4571-a3c0-04d1c068d2cd	EXACT_EQUIVALENT	APPROVED	MANUAL_REVIEW	OWNER_APPROVED_CONCEPT_MEMBERSHIP	RISK-MAP-MATERIALIZE-001	RISK-MAP-APPROVE-001	036d293c6e2fa506922c53ffcfdd44476ec903fdc639e2c12b73815d4401f026	402b4004b987169e1cc5b9b0356061794218ef45ee473839b80b72a91cf1f9ed	YES
daa4a1f4741e8624d7af72d4c0f0a43f32cf89041ab72d51522e33493aca7ee1	CIC_W	7391	559f0c3e-54ae-4c74-ba62-53ca8b6837b4	EXACT_EQUIVALENT	APPROVED	MANUAL_REVIEW	OWNER_APPROVED_CONCEPT_MEMBERSHIP	RISK-MAP-MATERIALIZE-001	RISK-MAP-APPROVE-001	036d293c6e2fa506922c53ffcfdd44476ec903fdc639e2c12b73815d4401f026	402b4004b987169e1cc5b9b0356061794218ef45ee473839b80b72a91cf1f9ed	YES
c412ce0b2225f78dc60a42eb19eca24a918253a5eb4a270125e0b278d46dfd33	CIC_W	7392	2ea4b06e-6723-4b5d-8a75-323571106262	EXACT_EQUIVALENT	APPROVED	MANUAL_REVIEW	OWNER_APPROVED_CONCEPT_MEMBERSHIP	RISK-MAP-MATERIALIZE-001	RISK-MAP-APPROVE-001	036d293c6e2fa506922c53ffcfdd44476ec903fdc639e2c12b73815d4401f026	402b4004b987169e1cc5b9b0356061794218ef45ee473839b80b72a91cf1f9ed	YES
8e2aa1d0870b362c2f029583b584cb23a254d777351c50b2de1726e4b648951d	CIC_W	7393	33bc4a34-d8c3-445d-98a2-c9e08c7f4e55	EXACT_EQUIVALENT	APPROVED	MANUAL_REVIEW	OWNER_APPROVED_CONCEPT_MEMBERSHIP	RISK-MAP-MATERIALIZE-001	RISK-MAP-APPROVE-001	036d293c6e2fa506922c53ffcfdd44476ec903fdc639e2c12b73815d4401f026	402b4004b987169e1cc5b9b0356061794218ef45ee473839b80b72a91cf1f9ed	YES
d76af4ada814528f3e13e522a561f5fe3442e4f4fa43f62e875954e6e99dd993	CIC_W	74	f0d11573-8ae7-43e8-a1ea-1c3596a54d06	EXACT_EQUIVALENT	APPROVED	MANUAL_REVIEW	OWNER_APPROVED_CONCEPT_MEMBERSHIP	RISK-MAP-MATERIALIZE-001	RISK-MAP-APPROVE-001	036d293c6e2fa506922c53ffcfdd44476ec903fdc639e2c12b73815d4401f026	402b4004b987169e1cc5b9b0356061794218ef45ee473839b80b72a91cf1f9ed	YES
84b30c8b4e403c6932a96e02388fbcc797886335b6caf8259998fde0b7d7c22d	CIC_W	741	438a638f-363f-424b-8690-eb259171d4a7	EXACT_EQUIVALENT	APPROVED	MANUAL_REVIEW	OWNER_APPROVED_CONCEPT_MEMBERSHIP	RISK-MAP-MATERIALIZE-001	RISK-MAP-APPROVE-001	036d293c6e2fa506922c53ffcfdd44476ec903fdc639e2c12b73815d4401f026	402b4004b987169e1cc5b9b0356061794218ef45ee473839b80b72a91cf1f9ed	YES
715674c919697851ca922aae5a83383d5e2274bdd89d026b9004b312eefbc44f	CIC_W	7411	438a638f-363f-424b-8690-eb259171d4a7	EXACT_EQUIVALENT	APPROVED	MANUAL_REVIEW	OWNER_APPROVED_CONCEPT_MEMBERSHIP	RISK-MAP-MATERIALIZE-001	RISK-MAP-APPROVE-001	036d293c6e2fa506922c53ffcfdd44476ec903fdc639e2c12b73815d4401f026	402b4004b987169e1cc5b9b0356061794218ef45ee473839b80b72a91cf1f9ed	YES
37886b9986bd333da38b7e541bc217fe412b6770787ceb8eb50e7f06bf30bf44	CIC_W	742	8b9af581-a78c-455f-af5c-77f3941d02e9	EXACT_EQUIVALENT	APPROVED	MANUAL_REVIEW	OWNER_APPROVED_CONCEPT_MEMBERSHIP	RISK-MAP-MATERIALIZE-001	RISK-MAP-APPROVE-001	036d293c6e2fa506922c53ffcfdd44476ec903fdc639e2c12b73815d4401f026	402b4004b987169e1cc5b9b0356061794218ef45ee473839b80b72a91cf1f9ed	YES
0934c2e18f07ddeb785d31363051627d5516b224182ede1d8bfe015b3390b7d1	CIC_W	7421	6960a7b2-9ff7-4cfc-ad51-5ea02591a7d9	EXACT_EQUIVALENT	APPROVED	MANUAL_REVIEW	OWNER_APPROVED_CONCEPT_MEMBERSHIP	RISK-MAP-MATERIALIZE-001	RISK-MAP-APPROVE-001	036d293c6e2fa506922c53ffcfdd44476ec903fdc639e2c12b73815d4401f026	402b4004b987169e1cc5b9b0356061794218ef45ee473839b80b72a91cf1f9ed	YES
1bebfad21971cc785522801289616b715977a56acdbea03243d0c1f576215fad	CIC_W	7422	d38699a5-00b9-48ae-95b1-1e3ed752c140	EXACT_EQUIVALENT	APPROVED	MANUAL_REVIEW	OWNER_APPROVED_CONCEPT_MEMBERSHIP	RISK-MAP-MATERIALIZE-001	RISK-MAP-APPROVE-001	036d293c6e2fa506922c53ffcfdd44476ec903fdc639e2c12b73815d4401f026	402b4004b987169e1cc5b9b0356061794218ef45ee473839b80b72a91cf1f9ed	YES
cc8b0039d73fa27603f07ea41273296a62d1f6cc14edb33762d529baf48e2cea	CIC_W	7423	fd90a62f-02be-4d9c-92e6-d81f477b90b8	EXACT_EQUIVALENT	APPROVED	MANUAL_REVIEW	OWNER_APPROVED_CONCEPT_MEMBERSHIP	RISK-MAP-MATERIALIZE-001	RISK-MAP-APPROVE-001	036d293c6e2fa506922c53ffcfdd44476ec903fdc639e2c12b73815d4401f026	402b4004b987169e1cc5b9b0356061794218ef45ee473839b80b72a91cf1f9ed	YES
40bb3db8ff2df93b2e2d29f9b5809b9f26f2e2e012995087e0a967cee988d69a	CIC_W	7424	52d972be-250e-4f78-9374-3a72e6d64c3c	EXACT_EQUIVALENT	APPROVED	MANUAL_REVIEW	OWNER_APPROVED_CONCEPT_MEMBERSHIP	RISK-MAP-MATERIALIZE-001	RISK-MAP-APPROVE-001	036d293c6e2fa506922c53ffcfdd44476ec903fdc639e2c12b73815d4401f026	402b4004b987169e1cc5b9b0356061794218ef45ee473839b80b72a91cf1f9ed	YES
3bd23dbb7941300cec3f5df51ef01351845d4f08a5347f0a8f01c4234c9dbf7c	CIC_W	7425	2f5f3c5d-b48b-496e-afc9-40e94bf91225	EXACT_EQUIVALENT	APPROVED	MANUAL_REVIEW	OWNER_APPROVED_CONCEPT_MEMBERSHIP	RISK-MAP-MATERIALIZE-001	RISK-MAP-APPROVE-001	036d293c6e2fa506922c53ffcfdd44476ec903fdc639e2c12b73815d4401f026	402b4004b987169e1cc5b9b0356061794218ef45ee473839b80b72a91cf1f9ed	YES
f8036917767698a3c2f760ec3cab55ccb6b70a77b511e84f0534e7030ecb8701	CIC_W	7426	541dc81e-26e4-434d-bd05-c19213384faf	EXACT_EQUIVALENT	APPROVED	MANUAL_REVIEW	OWNER_APPROVED_CONCEPT_MEMBERSHIP	RISK-MAP-MATERIALIZE-001	RISK-MAP-APPROVE-001	036d293c6e2fa506922c53ffcfdd44476ec903fdc639e2c12b73815d4401f026	402b4004b987169e1cc5b9b0356061794218ef45ee473839b80b72a91cf1f9ed	YES
9a18112a2e985bda9cfb8f009f82e9f6d182fe22b31c3f3b24708e5332f7f8d4	CIC_W	743	4056c15b-3a34-423f-b225-e2edfb91c15d	EXACT_EQUIVALENT	APPROVED	MANUAL_REVIEW	OWNER_APPROVED_CONCEPT_MEMBERSHIP	RISK-MAP-MATERIALIZE-001	RISK-MAP-APPROVE-001	036d293c6e2fa506922c53ffcfdd44476ec903fdc639e2c12b73815d4401f026	402b4004b987169e1cc5b9b0356061794218ef45ee473839b80b72a91cf1f9ed	YES
1bd71f82e1f31422637189e4fb871e909d87f81f09fc78256d98f4e26fbdedf7	CIC_W	7431	ce98fe54-9dd9-42df-a7fc-59bf1c92b4b3	EXACT_EQUIVALENT	APPROVED	MANUAL_REVIEW	OWNER_APPROVED_CONCEPT_MEMBERSHIP	RISK-MAP-MATERIALIZE-001	RISK-MAP-APPROVE-001	036d293c6e2fa506922c53ffcfdd44476ec903fdc639e2c12b73815d4401f026	402b4004b987169e1cc5b9b0356061794218ef45ee473839b80b72a91cf1f9ed	YES
4f3bc4d8410986fb7c2e66f0d1b1bf446eb931903b313e73a7324a6c5de01124	CIC_W	7432	b78beb11-fc06-466e-81df-7476f52c2149	EXACT_EQUIVALENT	APPROVED	MANUAL_REVIEW	OWNER_APPROVED_CONCEPT_MEMBERSHIP	RISK-MAP-MATERIALIZE-001	RISK-MAP-APPROVE-001	036d293c6e2fa506922c53ffcfdd44476ec903fdc639e2c12b73815d4401f026	402b4004b987169e1cc5b9b0356061794218ef45ee473839b80b72a91cf1f9ed	YES
0becc391ef7b7ac4e689e3342e998c878082a6f8ff533fe00d9bdb356955bd17	CIC_W	744	84b8faa9-b168-440c-a91c-f90b333226a6	EXACT_EQUIVALENT	APPROVED	MANUAL_REVIEW	OWNER_APPROVED_CONCEPT_MEMBERSHIP	RISK-MAP-MATERIALIZE-001	RISK-MAP-APPROVE-001	036d293c6e2fa506922c53ffcfdd44476ec903fdc639e2c12b73815d4401f026	402b4004b987169e1cc5b9b0356061794218ef45ee473839b80b72a91cf1f9ed	YES
8f2e51b51416431c12d89bfbd1931baa1697914919b1dcb8bb3e9c6fc2351ab1	CIC_W	7441	baaa9c3f-08d9-4f29-8482-182fa3da1a06	EXACT_EQUIVALENT	APPROVED	MANUAL_REVIEW	OWNER_APPROVED_CONCEPT_MEMBERSHIP	RISK-MAP-MATERIALIZE-001	RISK-MAP-APPROVE-001	036d293c6e2fa506922c53ffcfdd44476ec903fdc639e2c12b73815d4401f026	402b4004b987169e1cc5b9b0356061794218ef45ee473839b80b72a91cf1f9ed	YES
e00b583ca659779d71f297b44228e6eecf6169942708de4bc4732062e5f6b4d7	CIC_W	76	2014a58c-18ab-4f55-beb4-1884d9261052	EXACT_EQUIVALENT	APPROVED	MANUAL_REVIEW	OWNER_APPROVED_CONCEPT_MEMBERSHIP	RISK-MAP-MATERIALIZE-001	RISK-MAP-APPROVE-001	036d293c6e2fa506922c53ffcfdd44476ec903fdc639e2c12b73815d4401f026	402b4004b987169e1cc5b9b0356061794218ef45ee473839b80b72a91cf1f9ed	YES
f9a2cf5237dc3ccfa762cc782c9eb0410077d272eabfa7ab7cfc0534559a33f6	CIC_W	761	9400d13e-be80-4369-b2ec-801fdb3f2db4	EXACT_EQUIVALENT	APPROVED	MANUAL_REVIEW	OWNER_APPROVED_CONCEPT_MEMBERSHIP	RISK-MAP-MATERIALIZE-001	RISK-MAP-APPROVE-001	036d293c6e2fa506922c53ffcfdd44476ec903fdc639e2c12b73815d4401f026	402b4004b987169e1cc5b9b0356061794218ef45ee473839b80b72a91cf1f9ed	YES
6e796ed9e469827e22f7125f97fd0fb9a931cd703b60a93d55380503396978bb	CIC_W	7611	7f4b32df-840d-4aa9-b0f1-1614ad328921	EXACT_EQUIVALENT	APPROVED	MANUAL_REVIEW	OWNER_APPROVED_CONCEPT_MEMBERSHIP	RISK-MAP-MATERIALIZE-001	RISK-MAP-APPROVE-001	036d293c6e2fa506922c53ffcfdd44476ec903fdc639e2c12b73815d4401f026	402b4004b987169e1cc5b9b0356061794218ef45ee473839b80b72a91cf1f9ed	YES
52e726388f797c2a76732c693c0231b3ee2000c9ba689d3b6f9caa8d9c459fac	CIC_W	762	29e47a59-0b47-4d91-ae68-af1fc7ed9fdb	EXACT_EQUIVALENT	APPROVED	MANUAL_REVIEW	OWNER_APPROVED_CONCEPT_MEMBERSHIP	RISK-MAP-MATERIALIZE-001	RISK-MAP-APPROVE-001	036d293c6e2fa506922c53ffcfdd44476ec903fdc639e2c12b73815d4401f026	402b4004b987169e1cc5b9b0356061794218ef45ee473839b80b72a91cf1f9ed	YES
0e16b6aa38305708f0632a43d4c46987a19e070355f14bd16d9696851a34e2b3	CIC_W	7621	d8bee26b-c97b-4d60-a183-cdb4fd4a5e80	EXACT_EQUIVALENT	APPROVED	MANUAL_REVIEW	OWNER_APPROVED_CONCEPT_MEMBERSHIP	RISK-MAP-MATERIALIZE-001	RISK-MAP-APPROVE-001	036d293c6e2fa506922c53ffcfdd44476ec903fdc639e2c12b73815d4401f026	402b4004b987169e1cc5b9b0356061794218ef45ee473839b80b72a91cf1f9ed	YES
539da66d58d3bd8c329515bbe186ae50c5de3864517fd3bbbb681782273b94b0	CIC_W	763	420063a2-9d63-4632-8822-bd6dad312452	EXACT_EQUIVALENT	APPROVED	MANUAL_REVIEW	OWNER_APPROVED_CONCEPT_MEMBERSHIP	RISK-MAP-MATERIALIZE-001	RISK-MAP-APPROVE-001	036d293c6e2fa506922c53ffcfdd44476ec903fdc639e2c12b73815d4401f026	402b4004b987169e1cc5b9b0356061794218ef45ee473839b80b72a91cf1f9ed	YES
9d6e3281aa0b67c46420484bae6625e2042bf6af51ada90e67beb27c871ad5ca	CIC_W	7631	ab043a78-78c5-48bb-8998-2f6ae248404a	EXACT_EQUIVALENT	APPROVED	MANUAL_REVIEW	OWNER_APPROVED_CONCEPT_MEMBERSHIP	RISK-MAP-MATERIALIZE-001	RISK-MAP-APPROVE-001	036d293c6e2fa506922c53ffcfdd44476ec903fdc639e2c12b73815d4401f026	402b4004b987169e1cc5b9b0356061794218ef45ee473839b80b72a91cf1f9ed	YES
c21de9162122a0207633a15d26c1e6a33bd15e5fba6fd8032321d7ae0931d4b9	CIC_W	764	3e504345-cf05-4dcd-8e11-55a4b46ec34f	EXACT_EQUIVALENT	APPROVED	MANUAL_REVIEW	OWNER_APPROVED_CONCEPT_MEMBERSHIP	RISK-MAP-MATERIALIZE-001	RISK-MAP-APPROVE-001	036d293c6e2fa506922c53ffcfdd44476ec903fdc639e2c12b73815d4401f026	402b4004b987169e1cc5b9b0356061794218ef45ee473839b80b72a91cf1f9ed	YES
74065ef98bf70e3e9d376ae74a514afa72fcfc0632aaa60bad79bc931e9980b9	CIC_W	7641	e8b8cfc5-7189-4948-9556-b0fd771265b3	EXACT_EQUIVALENT	APPROVED	MANUAL_REVIEW	OWNER_APPROVED_CONCEPT_MEMBERSHIP	RISK-MAP-MATERIALIZE-001	RISK-MAP-APPROVE-001	036d293c6e2fa506922c53ffcfdd44476ec903fdc639e2c12b73815d4401f026	402b4004b987169e1cc5b9b0356061794218ef45ee473839b80b72a91cf1f9ed	YES
e261b95f6a2d8d11d94725c6666cbea1b8c18f890c23cef651ef80266ae435fd	CIC_W	765	8d41a0d2-2d48-4450-b1fb-3d0a14a1bc71	EXACT_EQUIVALENT	APPROVED	MANUAL_REVIEW	OWNER_APPROVED_CONCEPT_MEMBERSHIP	RISK-MAP-MATERIALIZE-001	RISK-MAP-APPROVE-001	036d293c6e2fa506922c53ffcfdd44476ec903fdc639e2c12b73815d4401f026	402b4004b987169e1cc5b9b0356061794218ef45ee473839b80b72a91cf1f9ed	YES
71e9ea1f938cf7a976bd713823b3f447a0dab05b3792e56811d92f0c607ca610	CIC_W	7651	90fd93f8-87e0-49d9-9821-73a2c89aea80	EXACT_EQUIVALENT	APPROVED	MANUAL_REVIEW	OWNER_APPROVED_CONCEPT_MEMBERSHIP	RISK-MAP-MATERIALIZE-001	RISK-MAP-APPROVE-001	036d293c6e2fa506922c53ffcfdd44476ec903fdc639e2c12b73815d4401f026	402b4004b987169e1cc5b9b0356061794218ef45ee473839b80b72a91cf1f9ed	YES
55f61a044abb89f724ca790f5a1017729ee3d1db36d54d351dc2b29f341a784c	CIC_W	769	55b0aa83-8f0b-496d-a8fa-5dddfd0f023f	EXACT_EQUIVALENT	APPROVED	MANUAL_REVIEW	OWNER_APPROVED_CONCEPT_MEMBERSHIP	RISK-MAP-MATERIALIZE-001	RISK-MAP-APPROVE-001	036d293c6e2fa506922c53ffcfdd44476ec903fdc639e2c12b73815d4401f026	402b4004b987169e1cc5b9b0356061794218ef45ee473839b80b72a91cf1f9ed	YES
29d48a1ae254ffbe46cbcea65be7a1f82bfb9527bfe9e72b4762c4d27e388b45	CIC_W	81	e79962f4-c455-4596-8a18-bf204bdb707c	EXACT_EQUIVALENT	APPROVED	MANUAL_REVIEW	OWNER_APPROVED_CONCEPT_MEMBERSHIP	RISK-MAP-MATERIALIZE-001	RISK-MAP-APPROVE-001	036d293c6e2fa506922c53ffcfdd44476ec903fdc639e2c12b73815d4401f026	402b4004b987169e1cc5b9b0356061794218ef45ee473839b80b72a91cf1f9ed	YES
659d20bb54636f9b52d6cf965f28995ae33f1eda754fb3a4b3b7a3db912ed792	CIC_W	811	6bf4dfc0-3fa5-4479-8b70-efa411acf4b4	EXACT_EQUIVALENT	APPROVED	MANUAL_REVIEW	OWNER_APPROVED_CONCEPT_MEMBERSHIP	RISK-MAP-MATERIALIZE-001	RISK-MAP-APPROVE-001	036d293c6e2fa506922c53ffcfdd44476ec903fdc639e2c12b73815d4401f026	402b4004b987169e1cc5b9b0356061794218ef45ee473839b80b72a91cf1f9ed	YES
25713f45e550f56f7e1936a705e3dd7a77030ff5b0091d42aedc9d1b883e9da2	CIC_W	8111	6bf4dfc0-3fa5-4479-8b70-efa411acf4b4	EXACT_EQUIVALENT	APPROVED	MANUAL_REVIEW	OWNER_APPROVED_CONCEPT_MEMBERSHIP	RISK-MAP-MATERIALIZE-001	RISK-MAP-APPROVE-001	036d293c6e2fa506922c53ffcfdd44476ec903fdc639e2c12b73815d4401f026	402b4004b987169e1cc5b9b0356061794218ef45ee473839b80b72a91cf1f9ed	YES
098740a4121c9bb4e628c6f0331977e60318bdb99482ade65c40b2915a0d6da0	CIC_W	812	fd0347d1-57e8-466d-8289-9776e6343cec	EXACT_EQUIVALENT	APPROVED	MANUAL_REVIEW	OWNER_APPROVED_CONCEPT_MEMBERSHIP	RISK-MAP-MATERIALIZE-001	RISK-MAP-APPROVE-001	036d293c6e2fa506922c53ffcfdd44476ec903fdc639e2c12b73815d4401f026	402b4004b987169e1cc5b9b0356061794218ef45ee473839b80b72a91cf1f9ed	YES
1c9a4f9b1327ea4902955d310d67aeac7c05af8c249cdf787cdd0923c2ace6d8	CIC_W	8121	fd0347d1-57e8-466d-8289-9776e6343cec	EXACT_EQUIVALENT	APPROVED	MANUAL_REVIEW	OWNER_APPROVED_CONCEPT_MEMBERSHIP	RISK-MAP-MATERIALIZE-001	RISK-MAP-APPROVE-001	036d293c6e2fa506922c53ffcfdd44476ec903fdc639e2c12b73815d4401f026	402b4004b987169e1cc5b9b0356061794218ef45ee473839b80b72a91cf1f9ed	YES
1b2e94b62345c4ec9bef07bf9a6d036ec42412243d3733e6ab3b030a9a2e7868	CIC_W	813	89c9da77-092d-400f-b40b-ae6c86aaad97	EXACT_EQUIVALENT	APPROVED	MANUAL_REVIEW	OWNER_APPROVED_CONCEPT_MEMBERSHIP	RISK-MAP-MATERIALIZE-001	RISK-MAP-APPROVE-001	036d293c6e2fa506922c53ffcfdd44476ec903fdc639e2c12b73815d4401f026	402b4004b987169e1cc5b9b0356061794218ef45ee473839b80b72a91cf1f9ed	YES
d97297fa973a3299c5c1f8d982c38e0210930a7c68d4d91cb4c7edbd730ece4f	CIC_W	8131	49ca37d2-4bcd-48b8-bf21-afcc06f7d6d1	EXACT_EQUIVALENT	APPROVED	MANUAL_REVIEW	OWNER_APPROVED_CONCEPT_MEMBERSHIP	RISK-MAP-MATERIALIZE-001	RISK-MAP-APPROVE-001	036d293c6e2fa506922c53ffcfdd44476ec903fdc639e2c12b73815d4401f026	402b4004b987169e1cc5b9b0356061794218ef45ee473839b80b72a91cf1f9ed	YES
d4609192e5fdc53378aecdd3ce826dc104939fa64e9ae0544e35e73407e181c6	CIC_W	8132	f49f59a7-4e31-416a-ac53-808f04de3787	EXACT_EQUIVALENT	APPROVED	MANUAL_REVIEW	OWNER_APPROVED_CONCEPT_MEMBERSHIP	RISK-MAP-MATERIALIZE-001	RISK-MAP-APPROVE-001	036d293c6e2fa506922c53ffcfdd44476ec903fdc639e2c12b73815d4401f026	402b4004b987169e1cc5b9b0356061794218ef45ee473839b80b72a91cf1f9ed	YES
4224bff514688ee55f3355b893b8176b2f7eb114e31d314c6fd39cb613257cf2	CIC_W	8134	e9ff679e-2270-4b59-a407-f7cf82f105b4	EXACT_EQUIVALENT	APPROVED	MANUAL_REVIEW	OWNER_APPROVED_CONCEPT_MEMBERSHIP	RISK-MAP-MATERIALIZE-001	RISK-MAP-APPROVE-001	036d293c6e2fa506922c53ffcfdd44476ec903fdc639e2c12b73815d4401f026	402b4004b987169e1cc5b9b0356061794218ef45ee473839b80b72a91cf1f9ed	YES
0961dfb5402862d34618352fda47a3996ca810a5c54308afc5d1c0a92336118f	CIC_W	82	283efb15-14fe-459f-afee-1142d73e503a	EXACT_EQUIVALENT	APPROVED	MANUAL_REVIEW	OWNER_APPROVED_CONCEPT_MEMBERSHIP	RISK-MAP-MATERIALIZE-001	RISK-MAP-APPROVE-001	036d293c6e2fa506922c53ffcfdd44476ec903fdc639e2c12b73815d4401f026	402b4004b987169e1cc5b9b0356061794218ef45ee473839b80b72a91cf1f9ed	YES
bdc3422aff416b49b9df44d22d77e2a689a12aa74d823d4381275ff95015087d	CIC_W	821	98fef6ba-dd32-4272-b518-e7694a378846	EXACT_EQUIVALENT	APPROVED	MANUAL_REVIEW	OWNER_APPROVED_CONCEPT_MEMBERSHIP	RISK-MAP-MATERIALIZE-001	RISK-MAP-APPROVE-001	036d293c6e2fa506922c53ffcfdd44476ec903fdc639e2c12b73815d4401f026	402b4004b987169e1cc5b9b0356061794218ef45ee473839b80b72a91cf1f9ed	YES
fb60d32ae433ba13c98b148733c648ec7d640aed506c4dde2f5cf35de3776545	CIC_W	8211	b27dbf79-deb6-4e21-8f7b-354db0631821	EXACT_EQUIVALENT	APPROVED	MANUAL_REVIEW	OWNER_APPROVED_CONCEPT_MEMBERSHIP	RISK-MAP-MATERIALIZE-001	RISK-MAP-APPROVE-001	036d293c6e2fa506922c53ffcfdd44476ec903fdc639e2c12b73815d4401f026	402b4004b987169e1cc5b9b0356061794218ef45ee473839b80b72a91cf1f9ed	YES
1c0e41f7d10b68266de8f3aa769093c1b39d9bc6fd8f5fdca0790362f8c462f3	CIC_W	8212	98fef6ba-dd32-4272-b518-e7694a378846	EXACT_EQUIVALENT	APPROVED	MANUAL_REVIEW	OWNER_APPROVED_CONCEPT_MEMBERSHIP	RISK-MAP-MATERIALIZE-001	RISK-MAP-APPROVE-001	036d293c6e2fa506922c53ffcfdd44476ec903fdc639e2c12b73815d4401f026	402b4004b987169e1cc5b9b0356061794218ef45ee473839b80b72a91cf1f9ed	YES
aebc85ab2d20b3f04f57660a9c353b08199ce5039679fabe0d5e3b066e9f3417	CIC_W	822	6b3c897a-bdae-4e37-ac77-5243c3d00a84	EXACT_EQUIVALENT	APPROVED	MANUAL_REVIEW	OWNER_APPROVED_CONCEPT_MEMBERSHIP	RISK-MAP-MATERIALIZE-001	RISK-MAP-APPROVE-001	036d293c6e2fa506922c53ffcfdd44476ec903fdc639e2c12b73815d4401f026	402b4004b987169e1cc5b9b0356061794218ef45ee473839b80b72a91cf1f9ed	YES
01254f8bb57576fe1d39ddde2e44a56d08cc8dfa82baf0d2501ba2c090f93153	CIC_W	8221	1ae33ea6-e02f-4daa-9179-d0eb2516fa5c	EXACT_EQUIVALENT	APPROVED	MANUAL_REVIEW	OWNER_APPROVED_CONCEPT_MEMBERSHIP	RISK-MAP-MATERIALIZE-001	RISK-MAP-APPROVE-001	036d293c6e2fa506922c53ffcfdd44476ec903fdc639e2c12b73815d4401f026	402b4004b987169e1cc5b9b0356061794218ef45ee473839b80b72a91cf1f9ed	YES
cf38fd4f1ccdfd8d8f3adbbd26d41c9de5c86f631474a927ab97e44b0bb28ea4	CIC_W	8222	6b3c897a-bdae-4e37-ac77-5243c3d00a84	EXACT_EQUIVALENT	APPROVED	MANUAL_REVIEW	OWNER_APPROVED_CONCEPT_MEMBERSHIP	RISK-MAP-MATERIALIZE-001	RISK-MAP-APPROVE-001	036d293c6e2fa506922c53ffcfdd44476ec903fdc639e2c12b73815d4401f026	402b4004b987169e1cc5b9b0356061794218ef45ee473839b80b72a91cf1f9ed	YES
ef613dc3b0d4fb3afff3089d467adf67a3430ab92b4609182ae3facb6c67d947	CIC_W	823	c9cb3627-109a-4e0c-8fbb-1abb31f759ea	EXACT_EQUIVALENT	APPROVED	MANUAL_REVIEW	OWNER_APPROVED_CONCEPT_MEMBERSHIP	RISK-MAP-MATERIALIZE-001	RISK-MAP-APPROVE-001	036d293c6e2fa506922c53ffcfdd44476ec903fdc639e2c12b73815d4401f026	402b4004b987169e1cc5b9b0356061794218ef45ee473839b80b72a91cf1f9ed	YES
32671636a17a83827c0d675598ecb757d521a54290f303e52087b55e2a3f6f60	CIC_W	8231	f0f12b37-301c-436d-8fd4-32c6abeb4bd8	EXACT_EQUIVALENT	APPROVED	MANUAL_REVIEW	OWNER_APPROVED_CONCEPT_MEMBERSHIP	RISK-MAP-MATERIALIZE-001	RISK-MAP-APPROVE-001	036d293c6e2fa506922c53ffcfdd44476ec903fdc639e2c12b73815d4401f026	402b4004b987169e1cc5b9b0356061794218ef45ee473839b80b72a91cf1f9ed	YES
b4f7efc7cf0619821baf1c4abde87c08a987fd790aaa5d15a94a165bd7d1142d	CIC_W	8232	1f9e64c8-7b6f-4fa4-8d1f-8d97211645c8	EXACT_EQUIVALENT	APPROVED	MANUAL_REVIEW	OWNER_APPROVED_CONCEPT_MEMBERSHIP	RISK-MAP-MATERIALIZE-001	RISK-MAP-APPROVE-001	036d293c6e2fa506922c53ffcfdd44476ec903fdc639e2c12b73815d4401f026	402b4004b987169e1cc5b9b0356061794218ef45ee473839b80b72a91cf1f9ed	YES
40902caa193eeed472c6fa08e99ffc414652cd16883f04382f9db00feb4e0d60	CIC_W	8233	97b2c731-9bd8-4c12-851e-47087561dd95	EXACT_EQUIVALENT	APPROVED	MANUAL_REVIEW	OWNER_APPROVED_CONCEPT_MEMBERSHIP	RISK-MAP-MATERIALIZE-001	RISK-MAP-APPROVE-001	036d293c6e2fa506922c53ffcfdd44476ec903fdc639e2c12b73815d4401f026	402b4004b987169e1cc5b9b0356061794218ef45ee473839b80b72a91cf1f9ed	YES
076a10f6601fc9d832a058060d02bd7af05a3e249537c6a2d75b2c331ef6d8d1	CIC_W	8234	fea8391d-48b9-4beb-a77b-be579e4864df	EXACT_EQUIVALENT	APPROVED	MANUAL_REVIEW	OWNER_APPROVED_CONCEPT_MEMBERSHIP	RISK-MAP-MATERIALIZE-001	RISK-MAP-APPROVE-001	036d293c6e2fa506922c53ffcfdd44476ec903fdc639e2c12b73815d4401f026	402b4004b987169e1cc5b9b0356061794218ef45ee473839b80b72a91cf1f9ed	YES
ef93d03e6db74173ab866352710f97f10d48f6b8d0be10070219acf3f34c0b90	CIC_W	8235	4b179a0b-127b-46a9-b034-b0447af8a505	EXACT_EQUIVALENT	APPROVED	MANUAL_REVIEW	OWNER_APPROVED_CONCEPT_MEMBERSHIP	RISK-MAP-MATERIALIZE-001	RISK-MAP-APPROVE-001	036d293c6e2fa506922c53ffcfdd44476ec903fdc639e2c12b73815d4401f026	402b4004b987169e1cc5b9b0356061794218ef45ee473839b80b72a91cf1f9ed	YES
d3f60b84707e5fbaa79c599949d05d466788411bb8a50a9b6ff1b2531c72648b	CIC_W	824	c805df85-b574-4e3b-a98e-0b4783f6b4c7	EXACT_EQUIVALENT	APPROVED	MANUAL_REVIEW	OWNER_APPROVED_CONCEPT_MEMBERSHIP	RISK-MAP-MATERIALIZE-001	RISK-MAP-APPROVE-001	036d293c6e2fa506922c53ffcfdd44476ec903fdc639e2c12b73815d4401f026	402b4004b987169e1cc5b9b0356061794218ef45ee473839b80b72a91cf1f9ed	YES
ae967e59685bf4e264cc09b0b4040fc45f9c174f01846a4c20def99e8c163ce5	CIC_W	8241	7b97e0a1-094f-4dbf-b06b-79f7763538c5	EXACT_EQUIVALENT	APPROVED	MANUAL_REVIEW	OWNER_APPROVED_CONCEPT_MEMBERSHIP	RISK-MAP-MATERIALIZE-001	RISK-MAP-APPROVE-001	036d293c6e2fa506922c53ffcfdd44476ec903fdc639e2c12b73815d4401f026	402b4004b987169e1cc5b9b0356061794218ef45ee473839b80b72a91cf1f9ed	YES
fba3f95ccefd95fbde92ae95599fbe9c7275759fa292209c08fe630ff2dbbcb2	CIC_W	8242	d5a663a8-a1c0-4797-a0fb-281b75c153c4	EXACT_EQUIVALENT	APPROVED	MANUAL_REVIEW	OWNER_APPROVED_CONCEPT_MEMBERSHIP	RISK-MAP-MATERIALIZE-001	RISK-MAP-APPROVE-001	036d293c6e2fa506922c53ffcfdd44476ec903fdc639e2c12b73815d4401f026	402b4004b987169e1cc5b9b0356061794218ef45ee473839b80b72a91cf1f9ed	YES
475bb4f7479102439c4b27e9ef82e30b3d08ea10a4646d3408499c2d3d5eca3b	CIC_W	825	fb896a27-ed87-4811-bd78-0bb2626216bf	EXACT_EQUIVALENT	APPROVED	MANUAL_REVIEW	OWNER_APPROVED_CONCEPT_MEMBERSHIP	RISK-MAP-MATERIALIZE-001	RISK-MAP-APPROVE-001	036d293c6e2fa506922c53ffcfdd44476ec903fdc639e2c12b73815d4401f026	402b4004b987169e1cc5b9b0356061794218ef45ee473839b80b72a91cf1f9ed	YES
a416903ab788c071779e24b99216b4e745e70ec1a54edf1edc422e7cef40f90c	CIC_W	8251	d8e4dd5c-6741-4427-aa5e-707b62f79a29	EXACT_EQUIVALENT	APPROVED	MANUAL_REVIEW	OWNER_APPROVED_CONCEPT_MEMBERSHIP	RISK-MAP-MATERIALIZE-001	RISK-MAP-APPROVE-001	036d293c6e2fa506922c53ffcfdd44476ec903fdc639e2c12b73815d4401f026	402b4004b987169e1cc5b9b0356061794218ef45ee473839b80b72a91cf1f9ed	YES
4f5a8fb9cf2ada78aff4f341e224938a178742f0f0c022b62da09a71161bdfd2	CIC_W	8252	01631d52-134e-440f-b86e-2afb09b6958b	EXACT_EQUIVALENT	APPROVED	MANUAL_REVIEW	OWNER_APPROVED_CONCEPT_MEMBERSHIP	RISK-MAP-MATERIALIZE-001	RISK-MAP-APPROVE-001	036d293c6e2fa506922c53ffcfdd44476ec903fdc639e2c12b73815d4401f026	402b4004b987169e1cc5b9b0356061794218ef45ee473839b80b72a91cf1f9ed	YES
091ae8d40e3f2248d54fc673e63bfe0b0ecaa4d82766c477ef05594883d07fac	CIC_W	83	38fbdf93-33bd-4a36-883a-ce824f7d1638	EXACT_EQUIVALENT	APPROVED	MANUAL_REVIEW	OWNER_APPROVED_CONCEPT_MEMBERSHIP	RISK-MAP-MATERIALIZE-001	RISK-MAP-APPROVE-001	036d293c6e2fa506922c53ffcfdd44476ec903fdc639e2c12b73815d4401f026	402b4004b987169e1cc5b9b0356061794218ef45ee473839b80b72a91cf1f9ed	YES
6ee44812118ffc5bb32328432cd1cba7743518cf26fc81702a361f40e1cd2eb4	CIC_W	831	45c5f84b-07f4-40b6-8ecb-81a71bf03545	EXACT_EQUIVALENT	APPROVED	MANUAL_REVIEW	OWNER_APPROVED_CONCEPT_MEMBERSHIP	RISK-MAP-MATERIALIZE-001	RISK-MAP-APPROVE-001	036d293c6e2fa506922c53ffcfdd44476ec903fdc639e2c12b73815d4401f026	402b4004b987169e1cc5b9b0356061794218ef45ee473839b80b72a91cf1f9ed	YES
5b9d5f3ce7ab97d5e1b2eb48b2a9e26a06d30c4303196738f4a82547187d4b7f	CIC_W	8311	45c5f84b-07f4-40b6-8ecb-81a71bf03545	EXACT_EQUIVALENT	APPROVED	MANUAL_REVIEW	OWNER_APPROVED_CONCEPT_MEMBERSHIP	RISK-MAP-MATERIALIZE-001	RISK-MAP-APPROVE-001	036d293c6e2fa506922c53ffcfdd44476ec903fdc639e2c12b73815d4401f026	402b4004b987169e1cc5b9b0356061794218ef45ee473839b80b72a91cf1f9ed	YES
c884a1a51ed3eab8dd9c9d896d50e73a61ae7828c9b0b70bae38aff72253b0ee	CIC_W	832	85cdd0d4-ec0f-47f2-a601-cacd5b3f3b12	EXACT_EQUIVALENT	APPROVED	MANUAL_REVIEW	OWNER_APPROVED_CONCEPT_MEMBERSHIP	RISK-MAP-MATERIALIZE-001	RISK-MAP-APPROVE-001	036d293c6e2fa506922c53ffcfdd44476ec903fdc639e2c12b73815d4401f026	402b4004b987169e1cc5b9b0356061794218ef45ee473839b80b72a91cf1f9ed	YES
4843a58e2e101747a42eb556b88876d97075e0b92b46f6d0cde720b03f21de5f	CIC_W	8321	e303e668-a457-4352-b8fb-3d1478a59e89	EXACT_EQUIVALENT	APPROVED	MANUAL_REVIEW	OWNER_APPROVED_CONCEPT_MEMBERSHIP	RISK-MAP-MATERIALIZE-001	RISK-MAP-APPROVE-001	036d293c6e2fa506922c53ffcfdd44476ec903fdc639e2c12b73815d4401f026	402b4004b987169e1cc5b9b0356061794218ef45ee473839b80b72a91cf1f9ed	YES
e8f05e0e202847cd5463b1d6d29717706b8af80d5082d6d8cd978da53a50c7b1	CIC_W	8322	261b8e45-3ba8-42b4-bdea-229ea34806aa	EXACT_EQUIVALENT	APPROVED	MANUAL_REVIEW	OWNER_APPROVED_CONCEPT_MEMBERSHIP	RISK-MAP-MATERIALIZE-001	RISK-MAP-APPROVE-001	036d293c6e2fa506922c53ffcfdd44476ec903fdc639e2c12b73815d4401f026	402b4004b987169e1cc5b9b0356061794218ef45ee473839b80b72a91cf1f9ed	YES
8778271d2432512ae7f88d75025067919908c0ae1466b3647cecdcdf1c1be36e	CIC_W	8323	7921b398-498e-43ce-b93d-b2a3f2dfea73	EXACT_EQUIVALENT	APPROVED	MANUAL_REVIEW	OWNER_APPROVED_CONCEPT_MEMBERSHIP	RISK-MAP-MATERIALIZE-001	RISK-MAP-APPROVE-001	036d293c6e2fa506922c53ffcfdd44476ec903fdc639e2c12b73815d4401f026	402b4004b987169e1cc5b9b0356061794218ef45ee473839b80b72a91cf1f9ed	YES
0e1e212dafb3edc79e9caad05a6a51d9be537436bc4f25be940276f71a22657f	CIC_W	8324	e0a23896-4d80-4828-8f48-1235e7db7e60	EXACT_EQUIVALENT	APPROVED	MANUAL_REVIEW	OWNER_APPROVED_CONCEPT_MEMBERSHIP	RISK-MAP-MATERIALIZE-001	RISK-MAP-APPROVE-001	036d293c6e2fa506922c53ffcfdd44476ec903fdc639e2c12b73815d4401f026	402b4004b987169e1cc5b9b0356061794218ef45ee473839b80b72a91cf1f9ed	YES
a387a102f1aef4d101d8720309db2247a82a0b12573eb240247f9e24c1019075	CIC_W	833	247db056-4c62-4af7-97b2-e1c6911aeb88	EXACT_EQUIVALENT	APPROVED	MANUAL_REVIEW	OWNER_APPROVED_CONCEPT_MEMBERSHIP	RISK-MAP-MATERIALIZE-001	RISK-MAP-APPROVE-001	036d293c6e2fa506922c53ffcfdd44476ec903fdc639e2c12b73815d4401f026	402b4004b987169e1cc5b9b0356061794218ef45ee473839b80b72a91cf1f9ed	YES
fa4158e734e380114241f4cd8e5614ad683693db4883d33d7c3510638ceb662a	CIC_W	8331	358d86b6-969c-4abd-bfc0-2c6fb8d3e263	EXACT_EQUIVALENT	APPROVED	MANUAL_REVIEW	OWNER_APPROVED_CONCEPT_MEMBERSHIP	RISK-MAP-MATERIALIZE-001	RISK-MAP-APPROVE-001	036d293c6e2fa506922c53ffcfdd44476ec903fdc639e2c12b73815d4401f026	402b4004b987169e1cc5b9b0356061794218ef45ee473839b80b72a91cf1f9ed	YES
2cb3d6b5900339542feeafb78a603fee712b605fbfa52613482866b8f85f426e	CIC_W	8332	ee92943b-96f1-48ee-9fa4-55b09fa87a67	EXACT_EQUIVALENT	APPROVED	MANUAL_REVIEW	OWNER_APPROVED_CONCEPT_MEMBERSHIP	RISK-MAP-MATERIALIZE-001	RISK-MAP-APPROVE-001	036d293c6e2fa506922c53ffcfdd44476ec903fdc639e2c12b73815d4401f026	402b4004b987169e1cc5b9b0356061794218ef45ee473839b80b72a91cf1f9ed	YES
634d89a39eaaa531f8c7fb24830f08d2f1121cd8624d9a460a5a123fc4c01264	CIC_W	834	a3c8740c-371a-4488-a067-df38ce0442e0	EXACT_EQUIVALENT	APPROVED	MANUAL_REVIEW	OWNER_APPROVED_CONCEPT_MEMBERSHIP	RISK-MAP-MATERIALIZE-001	RISK-MAP-APPROVE-001	036d293c6e2fa506922c53ffcfdd44476ec903fdc639e2c12b73815d4401f026	402b4004b987169e1cc5b9b0356061794218ef45ee473839b80b72a91cf1f9ed	YES
2248b24db34fbc29d62e43a8342304a8872a3e880211a103fa3a422add080143	CIC_W	8341	a3c8740c-371a-4488-a067-df38ce0442e0	EXACT_EQUIVALENT	APPROVED	MANUAL_REVIEW	OWNER_APPROVED_CONCEPT_MEMBERSHIP	RISK-MAP-MATERIALIZE-001	RISK-MAP-APPROVE-001	036d293c6e2fa506922c53ffcfdd44476ec903fdc639e2c12b73815d4401f026	402b4004b987169e1cc5b9b0356061794218ef45ee473839b80b72a91cf1f9ed	YES
2525a15153306db91ee8ebe822ce29f6349743b102d90bd2ee8dbd6aed577430	CIC_W	84	df727d07-1df7-4d0b-9607-451c8ce4ba7b	EXACT_EQUIVALENT	APPROVED	MANUAL_REVIEW	OWNER_APPROVED_CONCEPT_MEMBERSHIP	RISK-MAP-MATERIALIZE-001	RISK-MAP-APPROVE-001	036d293c6e2fa506922c53ffcfdd44476ec903fdc639e2c12b73815d4401f026	402b4004b987169e1cc5b9b0356061794218ef45ee473839b80b72a91cf1f9ed	YES
d2ba29e06f1a94d1d50d4775feacb588144d58c7d62a3a9b772beab8aba6724c	CIC_W	841	457ec8aa-6fc5-4110-b319-449bf3be191e	EXACT_EQUIVALENT	APPROVED	MANUAL_REVIEW	OWNER_APPROVED_CONCEPT_MEMBERSHIP	RISK-MAP-MATERIALIZE-001	RISK-MAP-APPROVE-001	036d293c6e2fa506922c53ffcfdd44476ec903fdc639e2c12b73815d4401f026	402b4004b987169e1cc5b9b0356061794218ef45ee473839b80b72a91cf1f9ed	YES
5de23f09bed27da338cd2a5ca9dac5063b24317187dcbbacbb3da27a84998d76	CIC_W	8411	3f4c15c4-18d0-4e25-9832-83182e6802c7	EXACT_EQUIVALENT	APPROVED	MANUAL_REVIEW	OWNER_APPROVED_CONCEPT_MEMBERSHIP	RISK-MAP-MATERIALIZE-001	RISK-MAP-APPROVE-001	036d293c6e2fa506922c53ffcfdd44476ec903fdc639e2c12b73815d4401f026	402b4004b987169e1cc5b9b0356061794218ef45ee473839b80b72a91cf1f9ed	YES
0e9d1b4d6d51b439177dfb1b636a696e337c9e6a8f57f6fb72685f27849089a1	CIC_W	842	492e4ba6-4b48-4745-8cd8-10546d3ceb57	EXACT_EQUIVALENT	APPROVED	MANUAL_REVIEW	OWNER_APPROVED_CONCEPT_MEMBERSHIP	RISK-MAP-MATERIALIZE-001	RISK-MAP-APPROVE-001	036d293c6e2fa506922c53ffcfdd44476ec903fdc639e2c12b73815d4401f026	402b4004b987169e1cc5b9b0356061794218ef45ee473839b80b72a91cf1f9ed	YES
73372463a846e2c2f7c15212b5aed6f4fdcab1f5ec6230185f9cf1274e6b967a	CIC_W	8421	48336231-12e6-4ec4-99c1-5a890a73180e	EXACT_EQUIVALENT	APPROVED	MANUAL_REVIEW	OWNER_APPROVED_CONCEPT_MEMBERSHIP	RISK-MAP-MATERIALIZE-001	RISK-MAP-APPROVE-001	036d293c6e2fa506922c53ffcfdd44476ec903fdc639e2c12b73815d4401f026	402b4004b987169e1cc5b9b0356061794218ef45ee473839b80b72a91cf1f9ed	YES
c8947c0c91a83fbec4421c41bbf22687e4c3c1d84ab95c60fe921640e355e871	CIC_W	8422	a650fad2-76b9-4f17-b8f9-da3cd1b5ce99	EXACT_EQUIVALENT	APPROVED	MANUAL_REVIEW	OWNER_APPROVED_CONCEPT_MEMBERSHIP	RISK-MAP-MATERIALIZE-001	RISK-MAP-APPROVE-001	036d293c6e2fa506922c53ffcfdd44476ec903fdc639e2c12b73815d4401f026	402b4004b987169e1cc5b9b0356061794218ef45ee473839b80b72a91cf1f9ed	YES
9ca2a666108f5fe725cf1b8ee6673b6299a69f0fba4ae983275fedbdd8e9f5c3	CIC_W	8423	47ca40aa-1e25-4008-abce-060a4c91fe68	EXACT_EQUIVALENT	APPROVED	MANUAL_REVIEW	OWNER_APPROVED_CONCEPT_MEMBERSHIP	RISK-MAP-MATERIALIZE-001	RISK-MAP-APPROVE-001	036d293c6e2fa506922c53ffcfdd44476ec903fdc639e2c12b73815d4401f026	402b4004b987169e1cc5b9b0356061794218ef45ee473839b80b72a91cf1f9ed	YES
6d6486c63039ca2f5ab89bfafa41e3c917861c1bd4dceabb8b76f1b8c83db552	CIC_W	8424	c890a1d8-4ae0-449f-869d-61638141e869	EXACT_EQUIVALENT	APPROVED	MANUAL_REVIEW	OWNER_APPROVED_CONCEPT_MEMBERSHIP	RISK-MAP-MATERIALIZE-001	RISK-MAP-APPROVE-001	036d293c6e2fa506922c53ffcfdd44476ec903fdc639e2c12b73815d4401f026	402b4004b987169e1cc5b9b0356061794218ef45ee473839b80b72a91cf1f9ed	YES
b972f7128ca6c71cf051da5daad48b7582beea08f80a44c86a91e2a8c220e420	CIC_W	8425	8b6b4368-a413-495f-b257-723574c93639	EXACT_EQUIVALENT	APPROVED	MANUAL_REVIEW	OWNER_APPROVED_CONCEPT_MEMBERSHIP	RISK-MAP-MATERIALIZE-001	RISK-MAP-APPROVE-001	036d293c6e2fa506922c53ffcfdd44476ec903fdc639e2c12b73815d4401f026	402b4004b987169e1cc5b9b0356061794218ef45ee473839b80b72a91cf1f9ed	YES
a61219f54943c9c6dae4e3c30aa073c8c879d6a680265e9bae50a12439fc877a	CIC_W	843	0abadfe5-fb32-4079-855b-e59d4de25376	EXACT_EQUIVALENT	APPROVED	MANUAL_REVIEW	OWNER_APPROVED_CONCEPT_MEMBERSHIP	RISK-MAP-MATERIALIZE-001	RISK-MAP-APPROVE-001	036d293c6e2fa506922c53ffcfdd44476ec903fdc639e2c12b73815d4401f026	402b4004b987169e1cc5b9b0356061794218ef45ee473839b80b72a91cf1f9ed	YES
06f1664b8b007b7d9a8b56e3487087dda4fa34f8d8a8dab603a2dc5e7aba2075	CIC_W	8431	91c5e9af-7673-4572-84b4-2078f821d4e7	EXACT_EQUIVALENT	APPROVED	MANUAL_REVIEW	OWNER_APPROVED_CONCEPT_MEMBERSHIP	RISK-MAP-MATERIALIZE-001	RISK-MAP-APPROVE-001	036d293c6e2fa506922c53ffcfdd44476ec903fdc639e2c12b73815d4401f026	402b4004b987169e1cc5b9b0356061794218ef45ee473839b80b72a91cf1f9ed	YES
42d7ff3798e2ceadb768edbd5533783b8de6934c96eac62a2f96f97461426895	CIC_W	8432	68b95b21-4946-4e1e-b05c-73ab5b69cb67	EXACT_EQUIVALENT	APPROVED	MANUAL_REVIEW	OWNER_APPROVED_CONCEPT_MEMBERSHIP	RISK-MAP-MATERIALIZE-001	RISK-MAP-APPROVE-001	036d293c6e2fa506922c53ffcfdd44476ec903fdc639e2c12b73815d4401f026	402b4004b987169e1cc5b9b0356061794218ef45ee473839b80b72a91cf1f9ed	YES
3de1440abc030c41cf9e96b78dc99c432d78bc97e49d9f3d660fdc91c8efb63f	CIC_W	8433	a86b32b0-7af1-4efc-b626-4fb87cc1c927	EXACT_EQUIVALENT	APPROVED	MANUAL_REVIEW	OWNER_APPROVED_CONCEPT_MEMBERSHIP	RISK-MAP-MATERIALIZE-001	RISK-MAP-APPROVE-001	036d293c6e2fa506922c53ffcfdd44476ec903fdc639e2c12b73815d4401f026	402b4004b987169e1cc5b9b0356061794218ef45ee473839b80b72a91cf1f9ed	YES
eef17d40b60a3340d1b18ecb2b63525fb8e83b6db10277729b41f380bae7d50e	CIC_W	8434	053ec79c-91e1-40a5-9b22-127052e6bf3d	EXACT_EQUIVALENT	APPROVED	MANUAL_REVIEW	OWNER_APPROVED_CONCEPT_MEMBERSHIP	RISK-MAP-MATERIALIZE-001	RISK-MAP-APPROVE-001	036d293c6e2fa506922c53ffcfdd44476ec903fdc639e2c12b73815d4401f026	402b4004b987169e1cc5b9b0356061794218ef45ee473839b80b72a91cf1f9ed	YES
82beaf77f1fe35c91a29b90f35b07eb46637f4402dd85d38a342c5c45593c02a	CIC_W	844	cb9947ef-ba2f-4bb6-a06c-da056563addb	EXACT_EQUIVALENT	APPROVED	MANUAL_REVIEW	OWNER_APPROVED_CONCEPT_MEMBERSHIP	RISK-MAP-MATERIALIZE-001	RISK-MAP-APPROVE-001	036d293c6e2fa506922c53ffcfdd44476ec903fdc639e2c12b73815d4401f026	402b4004b987169e1cc5b9b0356061794218ef45ee473839b80b72a91cf1f9ed	YES
2e31a6d120cfe2ffbcae19e2a0934450488eef62f05706fe42b78514f6ce6c5f	CIC_W	8441	d6426b12-f51d-4ae6-85fe-4839a620657c	EXACT_EQUIVALENT	APPROVED	MANUAL_REVIEW	OWNER_APPROVED_CONCEPT_MEMBERSHIP	RISK-MAP-MATERIALIZE-001	RISK-MAP-APPROVE-001	036d293c6e2fa506922c53ffcfdd44476ec903fdc639e2c12b73815d4401f026	402b4004b987169e1cc5b9b0356061794218ef45ee473839b80b72a91cf1f9ed	YES
bd0c1f1f76679204de1ba81c6aa0b907ff747deafb83ed031db5946dfb66245c	CIC_W	845	faf1109e-6943-41b2-a893-d43ff98b9372	EXACT_EQUIVALENT	APPROVED	MANUAL_REVIEW	OWNER_APPROVED_CONCEPT_MEMBERSHIP	RISK-MAP-MATERIALIZE-001	RISK-MAP-APPROVE-001	036d293c6e2fa506922c53ffcfdd44476ec903fdc639e2c12b73815d4401f026	402b4004b987169e1cc5b9b0356061794218ef45ee473839b80b72a91cf1f9ed	YES
c6bd7ec15a402e515a6c8981f29a5b91495898dccc83ebf9cd041fd7aa7fb053	CIC_W	8451	66bb95cf-e9fd-4954-8e92-6e8e13095f67	EXACT_EQUIVALENT	APPROVED	MANUAL_REVIEW	OWNER_APPROVED_CONCEPT_MEMBERSHIP	RISK-MAP-MATERIALIZE-001	RISK-MAP-APPROVE-001	036d293c6e2fa506922c53ffcfdd44476ec903fdc639e2c12b73815d4401f026	402b4004b987169e1cc5b9b0356061794218ef45ee473839b80b72a91cf1f9ed	YES
0a4bd90ae64a2c2717e09b418726b4e7ba07e4362ac5f1cb4f902674a943e05e	CIC_W	8452	f681442d-ee61-44e1-9ae0-c31e9d205b26	EXACT_EQUIVALENT	APPROVED	MANUAL_REVIEW	OWNER_APPROVED_CONCEPT_MEMBERSHIP	RISK-MAP-MATERIALIZE-001	RISK-MAP-APPROVE-001	036d293c6e2fa506922c53ffcfdd44476ec903fdc639e2c12b73815d4401f026	402b4004b987169e1cc5b9b0356061794218ef45ee473839b80b72a91cf1f9ed	YES
2cb48396950b27966b30815c294df20fafe414cbf9e088c7d00152ebe6843ade	CIC_W	846	66c7eab8-d6f8-4bc3-9ba7-dab1f7292db5	EXACT_EQUIVALENT	APPROVED	MANUAL_REVIEW	OWNER_APPROVED_CONCEPT_MEMBERSHIP	RISK-MAP-MATERIALIZE-001	RISK-MAP-APPROVE-001	036d293c6e2fa506922c53ffcfdd44476ec903fdc639e2c12b73815d4401f026	402b4004b987169e1cc5b9b0356061794218ef45ee473839b80b72a91cf1f9ed	YES
637bb73eeabe149e1b2238dda8211d63d30881d30afc1e2f01faf6c322d45e1b	CIC_W	8461	57e8ea48-db66-403c-be3e-9de20b32ab3f	EXACT_EQUIVALENT	APPROVED	MANUAL_REVIEW	OWNER_APPROVED_CONCEPT_MEMBERSHIP	RISK-MAP-MATERIALIZE-001	RISK-MAP-APPROVE-001	036d293c6e2fa506922c53ffcfdd44476ec903fdc639e2c12b73815d4401f026	402b4004b987169e1cc5b9b0356061794218ef45ee473839b80b72a91cf1f9ed	YES
581d087022b7a800d7e3a332e395caf223812e45802952812fd9ce28d34b81a3	CIC_W	8462	2f0ad7f3-dba2-4497-acb7-abd43f0caece	EXACT_EQUIVALENT	APPROVED	MANUAL_REVIEW	OWNER_APPROVED_CONCEPT_MEMBERSHIP	RISK-MAP-MATERIALIZE-001	RISK-MAP-APPROVE-001	036d293c6e2fa506922c53ffcfdd44476ec903fdc639e2c12b73815d4401f026	402b4004b987169e1cc5b9b0356061794218ef45ee473839b80b72a91cf1f9ed	YES
993973049050fa0673f6be55f20556e422008cb3003b14d844ab4c1bdb6cd493	CIC_W	8463	1e3c1329-a915-4f04-8c3a-5da46c11f301	EXACT_EQUIVALENT	APPROVED	MANUAL_REVIEW	OWNER_APPROVED_CONCEPT_MEMBERSHIP	RISK-MAP-MATERIALIZE-001	RISK-MAP-APPROVE-001	036d293c6e2fa506922c53ffcfdd44476ec903fdc639e2c12b73815d4401f026	402b4004b987169e1cc5b9b0356061794218ef45ee473839b80b72a91cf1f9ed	YES
e476b6683ceefc4eacffab57290f44383e458633f94dc94e55b2edb20188c561	CIC_W	85	38cf8fe5-03e8-4909-bc6b-f1b6e1c21b4a	EXACT_EQUIVALENT	APPROVED	MANUAL_REVIEW	OWNER_APPROVED_CONCEPT_MEMBERSHIP	RISK-MAP-MATERIALIZE-001	RISK-MAP-APPROVE-001	036d293c6e2fa506922c53ffcfdd44476ec903fdc639e2c12b73815d4401f026	402b4004b987169e1cc5b9b0356061794218ef45ee473839b80b72a91cf1f9ed	YES
31afc7e092d2d27b58fcdc143ae2b78959d07adca785962bd138a7c0884dbd9d	CIC_W	851	0ff5876a-fb3f-4283-949b-cad5d0278b91	EXACT_EQUIVALENT	APPROVED	MANUAL_REVIEW	OWNER_APPROVED_CONCEPT_MEMBERSHIP	RISK-MAP-MATERIALIZE-001	RISK-MAP-APPROVE-001	036d293c6e2fa506922c53ffcfdd44476ec903fdc639e2c12b73815d4401f026	402b4004b987169e1cc5b9b0356061794218ef45ee473839b80b72a91cf1f9ed	YES
34556185cf5e5d94240c3659496d9a7ab3c73097c85a9236ce486f02034e3210	CIC_W	8511	4de61a1b-43f8-4b8e-a920-97bbdc467fe6	EXACT_EQUIVALENT	APPROVED	MANUAL_REVIEW	OWNER_APPROVED_CONCEPT_MEMBERSHIP	RISK-MAP-MATERIALIZE-001	RISK-MAP-APPROVE-001	036d293c6e2fa506922c53ffcfdd44476ec903fdc639e2c12b73815d4401f026	402b4004b987169e1cc5b9b0356061794218ef45ee473839b80b72a91cf1f9ed	YES
b42e7bba65e302ec9baf919382375ea60703001ed5410d4b9fc0a4f77bde51a1	CIC_W	8512	f88cc1a8-e0d1-45ae-bc3f-aaffe484b99e	EXACT_EQUIVALENT	APPROVED	MANUAL_REVIEW	OWNER_APPROVED_CONCEPT_MEMBERSHIP	RISK-MAP-MATERIALIZE-001	RISK-MAP-APPROVE-001	036d293c6e2fa506922c53ffcfdd44476ec903fdc639e2c12b73815d4401f026	402b4004b987169e1cc5b9b0356061794218ef45ee473839b80b72a91cf1f9ed	YES
cbc9abdba3050c1b1ffb18723464f72374a57ae604a0e9d68759dc43229ed078	CIC_W	8513	c1bdd0f1-324a-4c6e-bcca-a5b7f4e5b62c	EXACT_EQUIVALENT	APPROVED	MANUAL_REVIEW	OWNER_APPROVED_CONCEPT_MEMBERSHIP	RISK-MAP-MATERIALIZE-001	RISK-MAP-APPROVE-001	036d293c6e2fa506922c53ffcfdd44476ec903fdc639e2c12b73815d4401f026	402b4004b987169e1cc5b9b0356061794218ef45ee473839b80b72a91cf1f9ed	YES
5c198cc94898aa542dc08e48a8a0277f8d008624e73f5f1fe51ce44645e8ed22	CIC_W	8514	a14d47f0-3176-4996-a047-c60ee9372510	EXACT_EQUIVALENT	APPROVED	MANUAL_REVIEW	OWNER_APPROVED_CONCEPT_MEMBERSHIP	RISK-MAP-MATERIALIZE-001	RISK-MAP-APPROVE-001	036d293c6e2fa506922c53ffcfdd44476ec903fdc639e2c12b73815d4401f026	402b4004b987169e1cc5b9b0356061794218ef45ee473839b80b72a91cf1f9ed	YES
1a0feb6ae07bfceef86eefa6b4b90a7b879059343d497e532d0a98177bbb32fe	CIC_W	8515	afabbce0-81ef-425f-9458-2a677ae4c89d	EXACT_EQUIVALENT	APPROVED	MANUAL_REVIEW	OWNER_APPROVED_CONCEPT_MEMBERSHIP	RISK-MAP-MATERIALIZE-001	RISK-MAP-APPROVE-001	036d293c6e2fa506922c53ffcfdd44476ec903fdc639e2c12b73815d4401f026	402b4004b987169e1cc5b9b0356061794218ef45ee473839b80b72a91cf1f9ed	YES
faca25e3f36783618f10b9eef68964a2bd219cc69c4044f74dd1fa2e8c5a2011	CIC_W	8516	c94b5056-20e1-479e-8d2b-5f294d0b1bd7	EXACT_EQUIVALENT	APPROVED	MANUAL_REVIEW	OWNER_APPROVED_CONCEPT_MEMBERSHIP	RISK-MAP-MATERIALIZE-001	RISK-MAP-APPROVE-001	036d293c6e2fa506922c53ffcfdd44476ec903fdc639e2c12b73815d4401f026	402b4004b987169e1cc5b9b0356061794218ef45ee473839b80b72a91cf1f9ed	YES
e3bd9312d418737f7aff270989227124b25ffc76fd7f6e62102dceac8ab1261f	CIC_W	8517	4c43b267-7015-43d8-9ebf-673ef376b1c4	EXACT_EQUIVALENT	APPROVED	MANUAL_REVIEW	OWNER_APPROVED_CONCEPT_MEMBERSHIP	RISK-MAP-MATERIALIZE-001	RISK-MAP-APPROVE-001	036d293c6e2fa506922c53ffcfdd44476ec903fdc639e2c12b73815d4401f026	402b4004b987169e1cc5b9b0356061794218ef45ee473839b80b72a91cf1f9ed	YES
8eb917fa41805db0e8e85b762e9447a1f831c6adaae7d402dc9059fab68e7d36	CIC_W	8518	f1e3dbfc-c439-4a46-a2ac-320a90ae031c	EXACT_EQUIVALENT	APPROVED	MANUAL_REVIEW	OWNER_APPROVED_CONCEPT_MEMBERSHIP	RISK-MAP-MATERIALIZE-001	RISK-MAP-APPROVE-001	036d293c6e2fa506922c53ffcfdd44476ec903fdc639e2c12b73815d4401f026	402b4004b987169e1cc5b9b0356061794218ef45ee473839b80b72a91cf1f9ed	YES
0764fc10c292aad5f672643201a1e92b4d392bc00f91887dd502b5eb633fce0e	CIC_W	852	911b5ce9-e3ee-4d09-b661-dda9e08b1554	EXACT_EQUIVALENT	APPROVED	MANUAL_REVIEW	OWNER_APPROVED_CONCEPT_MEMBERSHIP	RISK-MAP-MATERIALIZE-001	RISK-MAP-APPROVE-001	036d293c6e2fa506922c53ffcfdd44476ec903fdc639e2c12b73815d4401f026	402b4004b987169e1cc5b9b0356061794218ef45ee473839b80b72a91cf1f9ed	YES
d31b29c52dfa213c531e2240572ac91a6951dd1d956c8b79b4ceb7657ba23b3f	CIC_W	8521	89891be2-86d8-4a0f-a629-6afc50a404ba	EXACT_EQUIVALENT	APPROVED	MANUAL_REVIEW	OWNER_APPROVED_CONCEPT_MEMBERSHIP	RISK-MAP-MATERIALIZE-001	RISK-MAP-APPROVE-001	036d293c6e2fa506922c53ffcfdd44476ec903fdc639e2c12b73815d4401f026	402b4004b987169e1cc5b9b0356061794218ef45ee473839b80b72a91cf1f9ed	YES
e3226aa4c7582b93a51c1e437bf14c5a7fc12ae4c689fff549fc909e272ba4fd	CIC_W	8522	43fbb298-9c1b-4e7d-8e81-133392437b78	EXACT_EQUIVALENT	APPROVED	MANUAL_REVIEW	OWNER_APPROVED_CONCEPT_MEMBERSHIP	RISK-MAP-MATERIALIZE-001	RISK-MAP-APPROVE-001	036d293c6e2fa506922c53ffcfdd44476ec903fdc639e2c12b73815d4401f026	402b4004b987169e1cc5b9b0356061794218ef45ee473839b80b72a91cf1f9ed	YES
2e3a7610702ce7c0e455be25b762c3e7e6fb2a202560cb64f05698ed9787544d	CIC_W	8523	c1a8e0fb-ca00-42d4-84e9-1c4ad6457bba	EXACT_EQUIVALENT	APPROVED	MANUAL_REVIEW	OWNER_APPROVED_CONCEPT_MEMBERSHIP	RISK-MAP-MATERIALIZE-001	RISK-MAP-APPROVE-001	036d293c6e2fa506922c53ffcfdd44476ec903fdc639e2c12b73815d4401f026	402b4004b987169e1cc5b9b0356061794218ef45ee473839b80b72a91cf1f9ed	YES
379c2a9c03fe53f9a7e35c01bce13c89fde86d2391d33268ba7d1d64f9022b87	CIC_W	853	206135d7-4ac9-49e1-916b-0d3224e75a56	EXACT_EQUIVALENT	APPROVED	MANUAL_REVIEW	OWNER_APPROVED_CONCEPT_MEMBERSHIP	RISK-MAP-MATERIALIZE-001	RISK-MAP-APPROVE-001	036d293c6e2fa506922c53ffcfdd44476ec903fdc639e2c12b73815d4401f026	402b4004b987169e1cc5b9b0356061794218ef45ee473839b80b72a91cf1f9ed	YES
569e9ac8f53cbb0fe1c00ca497ce0fd53bbe2e6f15848efce5b73e243a1c53ca	CIC_W	8531	2e0c42ce-51c5-4cf0-8d20-f141d6422475	EXACT_EQUIVALENT	APPROVED	MANUAL_REVIEW	OWNER_APPROVED_CONCEPT_MEMBERSHIP	RISK-MAP-MATERIALIZE-001	RISK-MAP-APPROVE-001	036d293c6e2fa506922c53ffcfdd44476ec903fdc639e2c12b73815d4401f026	402b4004b987169e1cc5b9b0356061794218ef45ee473839b80b72a91cf1f9ed	YES
47b38555b3f18df01e31d511fab02b75fdf1ce905b690955cfa5800881d54dfc	CIC_W	8532	7ddbc537-f1dc-4dc7-9dee-cd9034188ef3	EXACT_EQUIVALENT	APPROVED	MANUAL_REVIEW	OWNER_APPROVED_CONCEPT_MEMBERSHIP	RISK-MAP-MATERIALIZE-001	RISK-MAP-APPROVE-001	036d293c6e2fa506922c53ffcfdd44476ec903fdc639e2c12b73815d4401f026	402b4004b987169e1cc5b9b0356061794218ef45ee473839b80b72a91cf1f9ed	YES
d3339f415c8b888d8db712168eeebdc01bc6267f6db4cf41f289569d47258753	CIC_W	854	359ea9e5-c3fc-4e86-8bc5-ec7c302cd031	EXACT_EQUIVALENT	APPROVED	MANUAL_REVIEW	OWNER_APPROVED_CONCEPT_MEMBERSHIP	RISK-MAP-MATERIALIZE-001	RISK-MAP-APPROVE-001	036d293c6e2fa506922c53ffcfdd44476ec903fdc639e2c12b73815d4401f026	402b4004b987169e1cc5b9b0356061794218ef45ee473839b80b72a91cf1f9ed	YES
1f94df5474b2ee4f35c70aa39c4fcfb0151825603bf53bd01a01a20a1b0e5583	CIC_W	8541	359ea9e5-c3fc-4e86-8bc5-ec7c302cd031	EXACT_EQUIVALENT	APPROVED	MANUAL_REVIEW	OWNER_APPROVED_CONCEPT_MEMBERSHIP	RISK-MAP-MATERIALIZE-001	RISK-MAP-APPROVE-001	036d293c6e2fa506922c53ffcfdd44476ec903fdc639e2c12b73815d4401f026	402b4004b987169e1cc5b9b0356061794218ef45ee473839b80b72a91cf1f9ed	YES
b5946afc42508d5cd0ee09f7d5366622b7c801004c7a7aadcc3bdccb4f196328	CIC_W	855	16a54b9a-344c-473a-898b-aecd435bca70	EXACT_EQUIVALENT	APPROVED	MANUAL_REVIEW	OWNER_APPROVED_CONCEPT_MEMBERSHIP	RISK-MAP-MATERIALIZE-001	RISK-MAP-APPROVE-001	036d293c6e2fa506922c53ffcfdd44476ec903fdc639e2c12b73815d4401f026	402b4004b987169e1cc5b9b0356061794218ef45ee473839b80b72a91cf1f9ed	YES
77872b9436122a08bd13c95f33d635660519f07d0bb28c295f45649532955309	CIC_W	8551	ebb1aa33-0483-47f3-922d-0c6cb61d0790	EXACT_EQUIVALENT	APPROVED	MANUAL_REVIEW	OWNER_APPROVED_CONCEPT_MEMBERSHIP	RISK-MAP-MATERIALIZE-001	RISK-MAP-APPROVE-001	036d293c6e2fa506922c53ffcfdd44476ec903fdc639e2c12b73815d4401f026	402b4004b987169e1cc5b9b0356061794218ef45ee473839b80b72a91cf1f9ed	YES
9ed525a5ab6958fb4f402b0e0b239efad4885c3e6887cf5b4841081df03b7c88	CIC_W	86	c4f888a2-ea91-4ccf-a236-9e3bb687f0db	EXACT_EQUIVALENT	APPROVED	MANUAL_REVIEW	OWNER_APPROVED_CONCEPT_MEMBERSHIP	RISK-MAP-MATERIALIZE-001	RISK-MAP-APPROVE-001	036d293c6e2fa506922c53ffcfdd44476ec903fdc639e2c12b73815d4401f026	402b4004b987169e1cc5b9b0356061794218ef45ee473839b80b72a91cf1f9ed	YES
e40bac420a8b6bae4d132c54c180ebe8ba020be20fd75dad264d9cb339184ca7	CIC_W	861	b59cb22e-8fa2-47ea-8abe-cb1a4165ffa2	EXACT_EQUIVALENT	APPROVED	MANUAL_REVIEW	OWNER_APPROVED_CONCEPT_MEMBERSHIP	RISK-MAP-MATERIALIZE-001	RISK-MAP-APPROVE-001	036d293c6e2fa506922c53ffcfdd44476ec903fdc639e2c12b73815d4401f026	402b4004b987169e1cc5b9b0356061794218ef45ee473839b80b72a91cf1f9ed	YES
d316294554cb387c5b9a635d2c0ddccea8d8fd1038ed4634253b28c347d76200	CIC_W	8611	44773eaa-a564-48ef-8e0a-c4ce2aaa12ba	EXACT_EQUIVALENT	APPROVED	MANUAL_REVIEW	OWNER_APPROVED_CONCEPT_MEMBERSHIP	RISK-MAP-MATERIALIZE-001	RISK-MAP-APPROVE-001	036d293c6e2fa506922c53ffcfdd44476ec903fdc639e2c12b73815d4401f026	402b4004b987169e1cc5b9b0356061794218ef45ee473839b80b72a91cf1f9ed	YES
e1c2bd56668c20200a538c44479b35a6b4aaebdfa15cdfc735509c11c3cb77a2	CIC_W	8612	25bf13bd-6842-4fa3-b663-d23fdabfb3c4	EXACT_EQUIVALENT	APPROVED	MANUAL_REVIEW	OWNER_APPROVED_CONCEPT_MEMBERSHIP	RISK-MAP-MATERIALIZE-001	RISK-MAP-APPROVE-001	036d293c6e2fa506922c53ffcfdd44476ec903fdc639e2c12b73815d4401f026	402b4004b987169e1cc5b9b0356061794218ef45ee473839b80b72a91cf1f9ed	YES
1d2b699935e8c0ed13357cb49be032f461c5bd677cccb55f628bb3fca59ab32b	CIC_W	8613	89982fc4-e11d-48e3-8fc2-10f137014ab3	EXACT_EQUIVALENT	APPROVED	MANUAL_REVIEW	OWNER_APPROVED_CONCEPT_MEMBERSHIP	RISK-MAP-MATERIALIZE-001	RISK-MAP-APPROVE-001	036d293c6e2fa506922c53ffcfdd44476ec903fdc639e2c12b73815d4401f026	402b4004b987169e1cc5b9b0356061794218ef45ee473839b80b72a91cf1f9ed	YES
95cbeb4fadfbb7ed1aae85bbfa8d45be2014fb86b5ff291abc42dcef27dcc4fb	CIC_W	8614	cf86d160-3ad2-474b-a94a-e51b2ff4b5bc	EXACT_EQUIVALENT	APPROVED	MANUAL_REVIEW	OWNER_APPROVED_CONCEPT_MEMBERSHIP	RISK-MAP-MATERIALIZE-001	RISK-MAP-APPROVE-001	036d293c6e2fa506922c53ffcfdd44476ec903fdc639e2c12b73815d4401f026	402b4004b987169e1cc5b9b0356061794218ef45ee473839b80b72a91cf1f9ed	YES
2e5246fe8942cc283ce1227f59a2278a870274469743044d1c583d4f20fd2b05	CIC_W	8615	5c299d5b-67df-4525-928b-88649796af73	EXACT_EQUIVALENT	APPROVED	MANUAL_REVIEW	OWNER_APPROVED_CONCEPT_MEMBERSHIP	RISK-MAP-MATERIALIZE-001	RISK-MAP-APPROVE-001	036d293c6e2fa506922c53ffcfdd44476ec903fdc639e2c12b73815d4401f026	402b4004b987169e1cc5b9b0356061794218ef45ee473839b80b72a91cf1f9ed	YES
691a53f459d8ee71415e5fdf392e609fb9c334753b41e3b2aed060c79ad1ea2b	CIC_W	8616	1cf68593-92c2-46b1-b462-aa0d2cfa1ae8	EXACT_EQUIVALENT	APPROVED	MANUAL_REVIEW	OWNER_APPROVED_CONCEPT_MEMBERSHIP	RISK-MAP-MATERIALIZE-001	RISK-MAP-APPROVE-001	036d293c6e2fa506922c53ffcfdd44476ec903fdc639e2c12b73815d4401f026	402b4004b987169e1cc5b9b0356061794218ef45ee473839b80b72a91cf1f9ed	YES
05adb026e77b01a7c03eb34da141fc1ef272ba69d3dbc6e26559e34ac884a300	CIC_W	8617	3203495b-962f-4be6-a97c-40995580d327	EXACT_EQUIVALENT	APPROVED	MANUAL_REVIEW	OWNER_APPROVED_CONCEPT_MEMBERSHIP	RISK-MAP-MATERIALIZE-001	RISK-MAP-APPROVE-001	036d293c6e2fa506922c53ffcfdd44476ec903fdc639e2c12b73815d4401f026	402b4004b987169e1cc5b9b0356061794218ef45ee473839b80b72a91cf1f9ed	YES
a499c7de380d77e88ca1be03351c3f53cc61976d330bd50d82d22031bbfe337e	CIC_W	862	09923e6e-8fc7-4e1f-ae2c-14c970328a7b	EXACT_EQUIVALENT	APPROVED	MANUAL_REVIEW	OWNER_APPROVED_CONCEPT_MEMBERSHIP	RISK-MAP-MATERIALIZE-001	RISK-MAP-APPROVE-001	036d293c6e2fa506922c53ffcfdd44476ec903fdc639e2c12b73815d4401f026	402b4004b987169e1cc5b9b0356061794218ef45ee473839b80b72a91cf1f9ed	YES
20ec2380b6fc0622c0685f47354e457f841cdc90b6e1b053f0260898baaeac29	CIC_W	8621	09923e6e-8fc7-4e1f-ae2c-14c970328a7b	EXACT_EQUIVALENT	APPROVED	MANUAL_REVIEW	OWNER_APPROVED_CONCEPT_MEMBERSHIP	RISK-MAP-MATERIALIZE-001	RISK-MAP-APPROVE-001	036d293c6e2fa506922c53ffcfdd44476ec903fdc639e2c12b73815d4401f026	402b4004b987169e1cc5b9b0356061794218ef45ee473839b80b72a91cf1f9ed	YES
b6b0d03b97c03da08d4f23850c7e600f26a1029b758abd016ca5bc89a828f66f	CIC_W	8622	655d9f19-f87e-4baf-9f6e-20946f7d0f10	EXACT_EQUIVALENT	APPROVED	MANUAL_REVIEW	OWNER_APPROVED_CONCEPT_MEMBERSHIP	RISK-MAP-MATERIALIZE-001	RISK-MAP-APPROVE-001	036d293c6e2fa506922c53ffcfdd44476ec903fdc639e2c12b73815d4401f026	402b4004b987169e1cc5b9b0356061794218ef45ee473839b80b72a91cf1f9ed	YES
eb940fc030593f15e1e26df6b924c21989c7be13781c4bbcb0ac659a4b50d550	CIC_W	863	c4f888a2-ea91-4ccf-a236-9e3bb687f0db	EXACT_EQUIVALENT	APPROVED	MANUAL_REVIEW	OWNER_APPROVED_CONCEPT_MEMBERSHIP	RISK-MAP-MATERIALIZE-001	RISK-MAP-APPROVE-001	036d293c6e2fa506922c53ffcfdd44476ec903fdc639e2c12b73815d4401f026	402b4004b987169e1cc5b9b0356061794218ef45ee473839b80b72a91cf1f9ed	YES
8178ae1df7bcc752bd987e384876f316f85e5bdf51187269fc8d73a32649a735	CIC_W	8631	c4f888a2-ea91-4ccf-a236-9e3bb687f0db	EXACT_EQUIVALENT	APPROVED	MANUAL_REVIEW	OWNER_APPROVED_CONCEPT_MEMBERSHIP	RISK-MAP-MATERIALIZE-001	RISK-MAP-APPROVE-001	036d293c6e2fa506922c53ffcfdd44476ec903fdc639e2c12b73815d4401f026	402b4004b987169e1cc5b9b0356061794218ef45ee473839b80b72a91cf1f9ed	YES
5dd781c0901d63246c0634e7f8d6350b98e6b05fbf32d22b7c28940be3386d07	CIC_W	8632	3fadfad9-ef31-4d5b-bfcc-f484557bda71	EXACT_EQUIVALENT	APPROVED	MANUAL_REVIEW	OWNER_APPROVED_CONCEPT_MEMBERSHIP	RISK-MAP-MATERIALIZE-001	RISK-MAP-APPROVE-001	036d293c6e2fa506922c53ffcfdd44476ec903fdc639e2c12b73815d4401f026	402b4004b987169e1cc5b9b0356061794218ef45ee473839b80b72a91cf1f9ed	YES
2b1ffd7cbf853547ee2f0ef41b180b791e2e8258d7cdbbb141ddec8963c18691	CIC_W	864	804e16b8-eb7e-45af-b6f9-2422643372a4	EXACT_EQUIVALENT	APPROVED	MANUAL_REVIEW	OWNER_APPROVED_CONCEPT_MEMBERSHIP	RISK-MAP-MATERIALIZE-001	RISK-MAP-APPROVE-001	036d293c6e2fa506922c53ffcfdd44476ec903fdc639e2c12b73815d4401f026	402b4004b987169e1cc5b9b0356061794218ef45ee473839b80b72a91cf1f9ed	YES
8744a566b13ca4cc3cd54332cf7d73379997d44dac590995dd47158e08f8feb2	CIC_W	8641	804e16b8-eb7e-45af-b6f9-2422643372a4	EXACT_EQUIVALENT	APPROVED	MANUAL_REVIEW	OWNER_APPROVED_CONCEPT_MEMBERSHIP	RISK-MAP-MATERIALIZE-001	RISK-MAP-APPROVE-001	036d293c6e2fa506922c53ffcfdd44476ec903fdc639e2c12b73815d4401f026	402b4004b987169e1cc5b9b0356061794218ef45ee473839b80b72a91cf1f9ed	YES
60ede8f032dbe82c69779285bfb7070a5f1e57e7aca5323ea8b0f5a26ff77cc3	CIC_W	91	5bcf0b15-5ee3-4f38-b5e4-d671d7d24197	EXACT_EQUIVALENT	APPROVED	MANUAL_REVIEW	OWNER_APPROVED_CONCEPT_MEMBERSHIP	RISK-MAP-MATERIALIZE-001	RISK-MAP-APPROVE-001	036d293c6e2fa506922c53ffcfdd44476ec903fdc639e2c12b73815d4401f026	402b4004b987169e1cc5b9b0356061794218ef45ee473839b80b72a91cf1f9ed	YES
5facb1b781242b1f786107e0d4d74223e7ea1f9c827c7343960ba229b2dfaeba	CIC_W	911	0d24428d-8d2b-4b43-b9d2-189481059c08	EXACT_EQUIVALENT	APPROVED	MANUAL_REVIEW	OWNER_APPROVED_CONCEPT_MEMBERSHIP	RISK-MAP-MATERIALIZE-001	RISK-MAP-APPROVE-001	036d293c6e2fa506922c53ffcfdd44476ec903fdc639e2c12b73815d4401f026	402b4004b987169e1cc5b9b0356061794218ef45ee473839b80b72a91cf1f9ed	YES
a83304e546f517203f914789e10a41a87abb09fc6a8d42b3d6df4b7e65a301d2	CIC_W	9111	7aa61aea-0c9a-4ecd-91fc-72b9d7be9e17	EXACT_EQUIVALENT	APPROVED	MANUAL_REVIEW	OWNER_APPROVED_CONCEPT_MEMBERSHIP	RISK-MAP-MATERIALIZE-001	RISK-MAP-APPROVE-001	036d293c6e2fa506922c53ffcfdd44476ec903fdc639e2c12b73815d4401f026	402b4004b987169e1cc5b9b0356061794218ef45ee473839b80b72a91cf1f9ed	YES
0879c6bba0019e31d8c199a605e31d57078829314c6a0414cd922da62b4fa28b	CIC_W	9112	6fe57b7f-7891-4288-97aa-d8e3663f0ee1	EXACT_EQUIVALENT	APPROVED	MANUAL_REVIEW	OWNER_APPROVED_CONCEPT_MEMBERSHIP	RISK-MAP-MATERIALIZE-001	RISK-MAP-APPROVE-001	036d293c6e2fa506922c53ffcfdd44476ec903fdc639e2c12b73815d4401f026	402b4004b987169e1cc5b9b0356061794218ef45ee473839b80b72a91cf1f9ed	YES
b482b057fe8132d34cad28172b90be20e6a8b67c0e4c261256835fefa2ca35ec	CIC_W	912	578fa119-5495-4a62-96e7-8d295af12908	EXACT_EQUIVALENT	APPROVED	MANUAL_REVIEW	OWNER_APPROVED_CONCEPT_MEMBERSHIP	RISK-MAP-MATERIALIZE-001	RISK-MAP-APPROVE-001	036d293c6e2fa506922c53ffcfdd44476ec903fdc639e2c12b73815d4401f026	402b4004b987169e1cc5b9b0356061794218ef45ee473839b80b72a91cf1f9ed	YES
f5d0fda6e326bb8c626457a7d7950ec673a3222fc4e3a27f258680ed84a27000	CIC_W	9121	578fa119-5495-4a62-96e7-8d295af12908	EXACT_EQUIVALENT	APPROVED	MANUAL_REVIEW	OWNER_APPROVED_CONCEPT_MEMBERSHIP	RISK-MAP-MATERIALIZE-001	RISK-MAP-APPROVE-001	036d293c6e2fa506922c53ffcfdd44476ec903fdc639e2c12b73815d4401f026	402b4004b987169e1cc5b9b0356061794218ef45ee473839b80b72a91cf1f9ed	YES
506c5cae94e0aeb6e522d1b302541fe48ab8cd39538769503b61f70b56fbf605	CIC_W	913	cf240392-c8c4-4559-a8ec-f76901439691	EXACT_EQUIVALENT	APPROVED	MANUAL_REVIEW	OWNER_APPROVED_CONCEPT_MEMBERSHIP	RISK-MAP-MATERIALIZE-001	RISK-MAP-APPROVE-001	036d293c6e2fa506922c53ffcfdd44476ec903fdc639e2c12b73815d4401f026	402b4004b987169e1cc5b9b0356061794218ef45ee473839b80b72a91cf1f9ed	YES
6dc43d837e25a69c660fa7b99dc9477e65c32452afe87a5a3f6f4e7e3999bfe6	CIC_W	9131	1f75677f-a89e-4576-95f4-908204ff9d64	EXACT_EQUIVALENT	APPROVED	MANUAL_REVIEW	OWNER_APPROVED_CONCEPT_MEMBERSHIP	RISK-MAP-MATERIALIZE-001	RISK-MAP-APPROVE-001	036d293c6e2fa506922c53ffcfdd44476ec903fdc639e2c12b73815d4401f026	402b4004b987169e1cc5b9b0356061794218ef45ee473839b80b72a91cf1f9ed	YES
0804f4710e5c7fcb03ecd30accb1434bc39cf3a8d39d267c7fe93ceb79e04c35	CIC_W	9132	ce4fb3ed-8cc0-494c-bcbb-5eb7e995ee78	EXACT_EQUIVALENT	APPROVED	MANUAL_REVIEW	OWNER_APPROVED_CONCEPT_MEMBERSHIP	RISK-MAP-MATERIALIZE-001	RISK-MAP-APPROVE-001	036d293c6e2fa506922c53ffcfdd44476ec903fdc639e2c12b73815d4401f026	402b4004b987169e1cc5b9b0356061794218ef45ee473839b80b72a91cf1f9ed	YES
8d18bc8ff92d901ec68d5232682a403d8f51247bef3cbfe61e5e3a84c775401c	CIC_W	9133	f3dc762d-216e-4863-8d77-8394f3c0d6a7	EXACT_EQUIVALENT	APPROVED	MANUAL_REVIEW	OWNER_APPROVED_CONCEPT_MEMBERSHIP	RISK-MAP-MATERIALIZE-001	RISK-MAP-APPROVE-001	036d293c6e2fa506922c53ffcfdd44476ec903fdc639e2c12b73815d4401f026	402b4004b987169e1cc5b9b0356061794218ef45ee473839b80b72a91cf1f9ed	YES
e06cc13d700109c29dec0a3f8b1702de42442e946c88dd4f4b47c71392e6a87d	CIC_W	914	c856b1e3-861b-461f-9b9b-cbd0540397a3	EXACT_EQUIVALENT	APPROVED	MANUAL_REVIEW	OWNER_APPROVED_CONCEPT_MEMBERSHIP	RISK-MAP-MATERIALIZE-001	RISK-MAP-APPROVE-001	036d293c6e2fa506922c53ffcfdd44476ec903fdc639e2c12b73815d4401f026	402b4004b987169e1cc5b9b0356061794218ef45ee473839b80b72a91cf1f9ed	YES
608e1131c65ec37b2b97dbfb1687faf5593bc0da0c78d9416f336eb4c53719d9	CIC_W	9141	0b5a28c5-1e7f-4c44-ae21-b4048569ffd7	EXACT_EQUIVALENT	APPROVED	MANUAL_REVIEW	OWNER_APPROVED_CONCEPT_MEMBERSHIP	RISK-MAP-MATERIALIZE-001	RISK-MAP-APPROVE-001	036d293c6e2fa506922c53ffcfdd44476ec903fdc639e2c12b73815d4401f026	402b4004b987169e1cc5b9b0356061794218ef45ee473839b80b72a91cf1f9ed	YES
9da05c0049905f7626dd7e47b69ba281d3d7a878d7f9e439a52317508e44b304	CIC_W	9142	730582d4-5f16-477e-9ae5-548648cccc89	EXACT_EQUIVALENT	APPROVED	MANUAL_REVIEW	OWNER_APPROVED_CONCEPT_MEMBERSHIP	RISK-MAP-MATERIALIZE-001	RISK-MAP-APPROVE-001	036d293c6e2fa506922c53ffcfdd44476ec903fdc639e2c12b73815d4401f026	402b4004b987169e1cc5b9b0356061794218ef45ee473839b80b72a91cf1f9ed	YES
54746ff2757e3ab58765a6e3097c56f15d0ca6aedd51749e9cc3263ca74e5d86	CIC_W	9143	d41ec162-affe-467f-8d3c-1ab73a6d30a9	EXACT_EQUIVALENT	APPROVED	MANUAL_REVIEW	OWNER_APPROVED_CONCEPT_MEMBERSHIP	RISK-MAP-MATERIALIZE-001	RISK-MAP-APPROVE-001	036d293c6e2fa506922c53ffcfdd44476ec903fdc639e2c12b73815d4401f026	402b4004b987169e1cc5b9b0356061794218ef45ee473839b80b72a91cf1f9ed	YES
d28806b567c045b14a59779b100b7b28cdfcd69fb49744f039978246e2d007b7	CIC_W	9144	6ce4eabb-8041-46ae-9359-c89ccd9e4cea	EXACT_EQUIVALENT	APPROVED	MANUAL_REVIEW	OWNER_APPROVED_CONCEPT_MEMBERSHIP	RISK-MAP-MATERIALIZE-001	RISK-MAP-APPROVE-001	036d293c6e2fa506922c53ffcfdd44476ec903fdc639e2c12b73815d4401f026	402b4004b987169e1cc5b9b0356061794218ef45ee473839b80b72a91cf1f9ed	YES
94718b0cbb994a01d70dd1918dce19ac009ad4938350525d52ebcd2519a15f4e	CIC_W	92	703804cc-8ce0-4eb2-95f0-62f7121dce30	EXACT_EQUIVALENT	APPROVED	MANUAL_REVIEW	OWNER_APPROVED_CONCEPT_MEMBERSHIP	RISK-MAP-MATERIALIZE-001	RISK-MAP-APPROVE-001	036d293c6e2fa506922c53ffcfdd44476ec903fdc639e2c12b73815d4401f026	402b4004b987169e1cc5b9b0356061794218ef45ee473839b80b72a91cf1f9ed	YES
977c7b0ce0b29a4f520ecbe9cbbaf2728edf499583b677dc41e0accc89c174be	CIC_W	921	77dc72e5-afa3-46a4-a88d-e8c9d00f7789	EXACT_EQUIVALENT	APPROVED	MANUAL_REVIEW	OWNER_APPROVED_CONCEPT_MEMBERSHIP	RISK-MAP-MATERIALIZE-001	RISK-MAP-APPROVE-001	036d293c6e2fa506922c53ffcfdd44476ec903fdc639e2c12b73815d4401f026	402b4004b987169e1cc5b9b0356061794218ef45ee473839b80b72a91cf1f9ed	YES
a03ed51ddf5fc35daa1808424e7e2838cec23b074a313771afeb8c0916fc25de	CIC_W	922	3bc516e9-76ac-435e-9d73-6741ce126958	EXACT_EQUIVALENT	APPROVED	MANUAL_REVIEW	OWNER_APPROVED_CONCEPT_MEMBERSHIP	RISK-MAP-MATERIALIZE-001	RISK-MAP-APPROVE-001	036d293c6e2fa506922c53ffcfdd44476ec903fdc639e2c12b73815d4401f026	402b4004b987169e1cc5b9b0356061794218ef45ee473839b80b72a91cf1f9ed	YES
725dc12cabfd650481ee0740f0d6f4900e2d21850eaf9450b7b99cee9f44ef10	CIC_W	923	b2a15d86-992d-497c-ab53-37b57aa663ca	EXACT_EQUIVALENT	APPROVED	MANUAL_REVIEW	OWNER_APPROVED_CONCEPT_MEMBERSHIP	RISK-MAP-MATERIALIZE-001	RISK-MAP-APPROVE-001	036d293c6e2fa506922c53ffcfdd44476ec903fdc639e2c12b73815d4401f026	402b4004b987169e1cc5b9b0356061794218ef45ee473839b80b72a91cf1f9ed	YES
9a4e3aa00eeb35334ee2529c8c2d9c2fd1994d1b5d6dd02468fdec119577d1e4	CIC_W	924	fe303fc5-21f0-499f-955b-adfe3c5cb395	EXACT_EQUIVALENT	APPROVED	MANUAL_REVIEW	OWNER_APPROVED_CONCEPT_MEMBERSHIP	RISK-MAP-MATERIALIZE-001	RISK-MAP-APPROVE-001	036d293c6e2fa506922c53ffcfdd44476ec903fdc639e2c12b73815d4401f026	402b4004b987169e1cc5b9b0356061794218ef45ee473839b80b72a91cf1f9ed	YES
c111d2bb88c45ac8b779df14ae00bc00fb488e937efb7c1731b1b872d0622448	CIC_W	925	fe8930de-b2d7-4794-81ad-2c37f5c6ef5a	EXACT_EQUIVALENT	APPROVED	MANUAL_REVIEW	OWNER_APPROVED_CONCEPT_MEMBERSHIP	RISK-MAP-MATERIALIZE-001	RISK-MAP-APPROVE-001	036d293c6e2fa506922c53ffcfdd44476ec903fdc639e2c12b73815d4401f026	402b4004b987169e1cc5b9b0356061794218ef45ee473839b80b72a91cf1f9ed	YES
0d672411d273a6fdb366a6e00363f18ef46856208dc3c6079ce2fbdeddc9d152	CIC_W	926	e81d12af-081d-4484-9bfe-118622e5ceca	EXACT_EQUIVALENT	APPROVED	MANUAL_REVIEW	OWNER_APPROVED_CONCEPT_MEMBERSHIP	RISK-MAP-MATERIALIZE-001	RISK-MAP-APPROVE-001	036d293c6e2fa506922c53ffcfdd44476ec903fdc639e2c12b73815d4401f026	402b4004b987169e1cc5b9b0356061794218ef45ee473839b80b72a91cf1f9ed	YES
