doc_id,doc_name,sector,category,law_ref,obligation,tai_grade,tai_difficulty,existing_data,additional_input,priority,file_url,required_fields,has_legal_form,tai_auto,tai_method,doc_format,doc_owner,is_external_writer,is_active,tab_type,submit_to,submit_timing,retention,writer,frequency,penalty,submit_org,submit_org_code,submit_method,submit_portal,fax_available,email_available,mail_available,submit_notes,registered_mail_available,submit_method_legal,regulation_ref,ticket_cost
DOC-BLD-001,소방시설 자체점검 결과보고서,BUILDING,정기,소방시설법 제25조,법정필수,D,C,inspections,소방점검 결과 상세,3,https://www.law.go.kr/LSW/flDownload.do?flSeq=158780695,"[{'no': 1, 'source': '법정', 'law_ref': '소방시설법 제25조, 시행규칙 별지', 'field_key': 'building_information', 'field_name': '점검 대상 건축물 정보', 'is_mandatory': True}, {'no': 2, 'source': '법정', 'law_ref': '소방시설법 제25조', 'field_key': 'inspection_datetime', 'field_name': '점검 일시', 'is_mandatory': True}, {'no': 3, 'source': '법정', 'law_ref': '소방시설법 시행규칙', 'field_key': 'inspector_information', 'field_name': '점검자 정보', 'is_mandatory': True}, {'no': 4, 'source': '법정', 'law_ref': '소방시설법 제25조', 'field_key': 'fire_facility_inspection_result', 'field_name': '소방시설 점검 결과', 'is_mandatory': True}, {'no': 5, 'source': '법정', 'law_ref': '소방시설법 제25조', 'field_key': 'defects_and_action_plan', 'field_name': '불량사항 및 조치계획', 'is_mandatory': True}]",True,True,팩스(팝빌) 또는 소민터 링크 안내,DIGITAL_OK,BUSINESS,False,True,법정서식,소방서,점검 후 30일 이내,,소방안전관리자 또는 관계인,연1회,300만원 이하 과태료(소방시설법 제53조),소방본부장·소방서장,nfa,온라인/서면,somin.go.kr,True,True,True,점검완료후 15일 이내,,정보통신망을 이용하여 제출 또는 서면 제출(소방시설법 시행규칙 제19조),,50
DOC-BLD-002,소방시설 작동기능점검 기록,BUILDING,정기,소방시설법 제25조,법정필수,A,S,inspections,-,1,,"[{'no': 1, 'source': '법정', 'law_ref': '소방시설법 시행규칙', 'field_key': 'target', 'field_name': '점검 대상', 'is_mandatory': True}, {'no': 2, 'source': '법정', 'law_ref': '시행규칙', 'field_key': 'result', 'field_name': '점검 결과', 'is_mandatory': True}, {'no': 3, 'source': '법정', 'law_ref': '시행규칙', 'field_key': 'defect', 'field_name': '불량사항', 'is_mandatory': True}, {'no': 4, 'source': '법정', 'law_ref': '시행규칙', 'field_key': 'action', 'field_name': '조치사항', 'is_mandatory': True}, {'no': 5, 'source': '소방청지침', 'law_ref': None, 'field_key': 'inspector_sign', 'field_name': '점검자 서명', 'is_mandatory': False}]",True,False,,COPY_OK,BUSINESS,False,True,법정서식,자체보관,자체보관,,소방안전관리자 또는 관계인,연1회,300만원 이하 과태료(소방시설법 제53조),,,,,False,False,False,,,,,0
DOC-BLD-003,소방시설 종합정밀점검 보고서,BUILDING,정기,소방시설법 제25조,법정필수,X,X,-,전문 점검기관,5,,"[{'no': 1, 'source': '법정', 'law_ref': '소방시설법 제25조', 'field_key': 'building_information', 'field_name': '대상 건축물 정보', 'is_mandatory': True}, {'no': 2, 'source': '법정', 'law_ref': '소방시설법 제25조', 'field_key': 'inspection_datetime', 'field_name': '점검 일시', 'is_mandatory': True}, {'no': 3, 'source': '법정', 'law_ref': '소방시설법 시행규칙', 'field_key': 'inspector_information', 'field_name': '점검자 정보', 'is_mandatory': True}, {'no': 4, 'source': '법정', 'law_ref': '소방시설법 제25조', 'field_key': 'inspection_result', 'field_name': '소방시설 점검 결과', 'is_mandatory': True}, {'no': 5, 'source': '법정', 'law_ref': '소방시설법 제25조', 'field_key': 'defects_and_actions', 'field_name': '불량사항 및 조치계획', 'is_mandatory': True}]",True,True,팩스(팝빌) 또는 소민터 링크 안내,DIGITAL_OK,BUSINESS,False,True,법정서식,소방서,점검 후 30일 이내,,관리업자 또는 점검기관,연1회,300만원 이하 과태료(소방시설법 제53조),소방본부장·소방서장,nfa,온라인/서면,somin.go.kr,True,True,True,점검완료후 15일 이내,,정보통신망 또는 서면 제출(소방시설법 시행규칙 제19조),,0
DOC-BLD-004,소방안전관리자 선임신고서,BUILDING,일상,소방시설법 제20조,법정필수,D,C,factory/workers,자격정보,3,,"[{'no': 1, 'source': '법정', 'law_ref': '소방시설법 제20조, 시행규칙 별지', 'field_key': 'building_information', 'field_name': '건축물 정보', 'is_mandatory': True}, {'no': 2, 'source': '법정', 'law_ref': '소방시설법 제20조', 'field_key': 'appointed_person_info', 'field_name': '선임 대상자 인적사항', 'is_mandatory': True}, {'no': 3, 'source': '법정', 'law_ref': '소방시설법 시행령', 'field_key': 'qualification_info', 'field_name': '자격증 정보', 'is_mandatory': True}, {'no': 4, 'source': '법정', 'law_ref': '소방시설법 제20조', 'field_key': 'appointment_date', 'field_name': '선임일자', 'is_mandatory': True}, {'no': 5, 'source': '법정', 'law_ref': '소방시설법 제20조', 'field_key': 'report_date', 'field_name': '신고일자', 'is_mandatory': True}]",True,True,팩스(팝빌) / 등기(포스트플러스),DIGITAL_OK,BUSINESS,False,True,법정서식,소방서,선임 후 14일 이내,,관계인,수시,200만원 이하 과태료(소방시설법 제53조),소방본부장·소방서장,nfa,온라인/서면,fire.go.kr,True,False,True,선임후 14일 이내,,정보통신망을 이용하거나 서면으로 제출(소방시설법 시행규칙 제14조),,50
DOC-BLD-005,소방계획서,BUILDING,정기,소방시설법 제21조,법정필수,C,B,factory/법령엔진,소방시설 현황,3,,"[{'no': 1, 'source': '법정', 'law_ref': '소방시설법 시행규칙 별지', 'field_key': 'building_structure_use', 'field_name': '건축물 구조 및 용도', 'is_mandatory': True}, {'no': 2, 'source': '법정', 'law_ref': '별지', 'field_key': 'fire_facility_status', 'field_name': '소방시설 설치 현황', 'is_mandatory': True}, {'no': 3, 'source': '법정', 'law_ref': '별지', 'field_key': 'fire_response_procedure', 'field_name': '화재 발생 시 대응 절차', 'is_mandatory': True}, {'no': 4, 'source': '법정', 'law_ref': '별지', 'field_key': 'evacuation_guidance_plan', 'field_name': '피난 유도 계획', 'is_mandatory': True}, {'no': 5, 'source': '법정', 'law_ref': '별지', 'field_key': 'fire_team_structure', 'field_name': '자위소방대 구성 및 역할', 'is_mandatory': True}]",True,True,TAI내 보관·열람,COPY_OK,BUSINESS,False,True,법정서식,자체보관,자체보관,,소방안전관리자,연1회,300만원 이하 과태료(소방시설법 제53조),자체보관,self,자체보관,-,False,False,False,소방서 요청시 제출,,,,30
DOC-BLD-006,소방훈련 교육 기록부,BUILDING,정기,소방시설법 제22조,법정필수,B,A,workers,훈련내용 참석자,2,,"[{'no': 1, 'source': '법정', 'law_ref': '소방시설법 제22조', 'field_key': 'fire_drill_conducted', 'field_name': '소방훈련 실시 여부', 'is_mandatory': True}, {'no': 2, 'source': '소방청지침', 'law_ref': None, 'field_key': 'drill_datetime', 'field_name': '훈련 실시 일시', 'is_mandatory': False}, {'no': 3, 'source': '소방청지침', 'law_ref': None, 'field_key': 'participant_group', 'field_name': '훈련 대상 인원 구성', 'is_mandatory': False}, {'no': 4, 'source': '소방청지침', 'law_ref': None, 'field_key': 'extinguisher_training', 'field_name': '소화기 사용 훈련 수행 여부', 'is_mandatory': False}, {'no': 5, 'source': '소방청지침', 'law_ref': None, 'field_key': 'scenario_applied', 'field_name': '화재 발생 가정 시나리오 적용 여부', 'is_mandatory': False}]",False,True,TAI내 보관·열람,COPY_OK,BUSINESS,False,True,법정서식,자체보관,자체보관,,소방안전관리자,연1회이상,,자체보관,self,자체보관,-,False,False,False,소방서 요청시 제출,,,,10
DOC-BLD-007,피난계획 대피훈련 기록,BUILDING,정기,소방시설법,법정필수,B,A,factory/workers,훈련내용 대피경로,3,,"[{'no': 1, 'source': '법정', 'law_ref': '소방시설법', 'field_key': 'evacuation_drill_conducted', 'field_name': '대피훈련 실시 여부', 'is_mandatory': True}, {'no': 2, 'source': '소방청지침', 'law_ref': None, 'field_key': 'evacuation_route_clear', 'field_name': '대피 경로 정상 확보 여부', 'is_mandatory': False}, {'no': 3, 'source': '소방청지침', 'law_ref': None, 'field_key': 'emergency_exit_open', 'field_name': '비상구 개방 상태 정상', 'is_mandatory': False}, {'no': 4, 'source': '소방청지침', 'law_ref': None, 'field_key': 'evacuation_time', 'field_name': '대피 소요 시간 측정', 'is_mandatory': False}, {'no': 5, 'source': '소방청지침', 'law_ref': None, 'field_key': 'evacuation_obstacle', 'field_name': '대피 중 장애 요소 발생 여부', 'is_mandatory': False}]",False,True,TAI내 보관·열람,COPY_OK,BUSINESS,False,True,법정서식,자체보관,자체보관,,소방안전관리자,정기,,자체보관,self,자체보관,-,False,False,False,-,,,,10
DOC-BLD-008,전기안전관리자 선임신고서,BUILDING,일상,전기안전관리법 제17조,법정필수,D,C,factory/workers,자격정보,3,https://www.law.go.kr/LSW/flDownload.do?flSeq=158557111,"[{'no': 1, 'source': '법정', 'law_ref': '전기안전관리법 제17조, 시행규칙 별지', 'field_key': 'business_information', 'field_name': '사업장 정보', 'is_mandatory': True}, {'no': 2, 'source': '법정', 'law_ref': '전기안전관리법 제17조', 'field_key': 'electric_manager_info', 'field_name': '전기안전관리자 인적사항', 'is_mandatory': True}, {'no': 3, 'source': '법정', 'law_ref': '전기안전관리법 시행령', 'field_key': 'qualification_info', 'field_name': '자격증 정보', 'is_mandatory': True}, {'no': 4, 'source': '법정', 'law_ref': '전기안전관리법 제17조', 'field_key': 'appointment_date', 'field_name': '선임일자', 'is_mandatory': True}, {'no': 5, 'source': '법정', 'law_ref': '전기안전관리법 제17조', 'field_key': 'report_date', 'field_name': '신고일자', 'is_mandatory': True}]",True,True,팩스(팝빌) / 전기안전여기로 링크 안내,DIGITAL_OK,BUSINESS,False,True,법정서식,전기안전공사,선임 후 30일 이내,,사업자,수시,300만원 이하 과태료(전기안전관리법 제51조),한국전기안전공사,kesco,온라인/방문,safety.kesco.or.kr,True,False,True,선임후 30일 이내,,전자문서 또는 서면 제출(전기안전관리법 시행규칙 제21조),,50
DOC-BLD-009,전기설비 점검기록부,BUILDING,정기,전기안전관리법 제11조,법정필수,A,S,inspections,-,1,,"[{'no': 1, 'source': '법정', 'law_ref': '전기안전관리법', 'field_key': 'electrical_check', 'field_name': '전기설비 점검', 'is_mandatory': True}, {'no': 2, 'source': '지침', 'law_ref': None, 'field_key': 'inspection_datetime', 'field_name': '점검일시', 'is_mandatory': False}, {'no': 3, 'source': '지침', 'law_ref': None, 'field_key': 'abnormal', 'field_name': '이상 여부', 'is_mandatory': False}]",False,False,,COPY_OK,BUSINESS,False,True,법정서식,자체보관,자체보관,,전기안전관리자,월/분기,300만원 이하 과태료(전기안전관리법 제51조),,,,,False,False,False,,,,,0
DOC-BLD-010,전기설비 정기검사 결과서,BUILDING,정기,전기안전관리법,법정필수,X,X,-,검사기관,5,,"[{'no': 1, 'source': '법정', 'law_ref': '전기안전관리법', 'field_key': 'business_information', 'field_name': '사업장 정보', 'is_mandatory': True}, {'no': 2, 'source': '법정', 'law_ref': '전기안전관리법', 'field_key': 'inspection_target_equipment', 'field_name': '검사 대상 설비', 'is_mandatory': True}, {'no': 3, 'source': '법정', 'law_ref': '전기안전관리법', 'field_key': 'inspection_datetime', 'field_name': '검사 일시', 'is_mandatory': True}, {'no': 4, 'source': '법정', 'law_ref': '전기안전관리법', 'field_key': 'inspection_result', 'field_name': '검사 결과', 'is_mandatory': True}, {'no': 5, 'source': '법정', 'law_ref': '전기안전관리법', 'field_key': 'nonconformities_and_actions', 'field_name': '부적합 사항 및 개선조치', 'is_mandatory': True}]",True,False,링크 안내만 가능,DIGITAL_OK,EXTERNAL_RECEIVE,True,True,법정서식,전기안전공사,검사 완료 후 지체 없이,,검사기관,정기,300만원 이하 과태료(전기안전관리법 제51조),한국전기안전공사,kesco,온라인,safety.kesco.or.kr,False,False,False,외부 검사기관 발행,,전자문서 또는 서면 제출(전기안전관리법 시행규칙),,0
DOC-BLD-011,승강기 유지관리 점검기록부,BUILDING,정기,승강기안전관리법 제17조,법정필수,A,S,inspections,-,1,https://www.law.go.kr/LSW/flDownload.do?flSeq=161367139,"[{'no': 1, 'source': '법정', 'law_ref': '승강기법 시행규칙', 'field_key': 'inspection_date', 'field_name': '점검일자', 'is_mandatory': True}, {'no': 2, 'source': '법정', 'law_ref': '시행규칙', 'field_key': 'inspection_content', 'field_name': '점검내용', 'is_mandatory': True}, {'no': 3, 'source': '법정', 'law_ref': '시행규칙', 'field_key': 'result', 'field_name': '점검결과', 'is_mandatory': True}, {'no': 4, 'source': '법정', 'law_ref': '시행규칙', 'field_key': 'action', 'field_name': '조치사항', 'is_mandatory': True}]",True,False,,COPY_OK,BUSINESS,False,True,법정서식,자체보관,자체보관,3년,유지관리업체 또는 관리주체,월,300만원 이하 과태료(승강기안전관리법 제80조),,,,,False,False,False,,,,,0
DOC-BLD-012,승강기 정기검사 결과서,BUILDING,정기,승강기안전관리법 제13조,법정필수,X,X,-,검사기관,5,https://www.law.go.kr/LSW/flDownload.do?flSeq=161367035,"[{'no': 1, 'source': '법정', 'law_ref': '승강기안전관리법 제13조', 'field_key': 'elevator_information', 'field_name': '승강기 정보', 'is_mandatory': True}, {'no': 2, 'source': '법정', 'law_ref': '승강기안전관리법 제13조', 'field_key': 'inspection_datetime', 'field_name': '검사 일시', 'is_mandatory': True}, {'no': 3, 'source': '법정', 'law_ref': '승강기안전관리법', 'field_key': 'inspection_agency_and_inspector', 'field_name': '검사기관 및 검사자', 'is_mandatory': True}, {'no': 4, 'source': '법정', 'law_ref': '승강기안전관리법 제13조', 'field_key': 'inspection_result', 'field_name': '검사 결과', 'is_mandatory': True}, {'no': 5, 'source': '법정', 'law_ref': '승강기안전관리법', 'field_key': 'defects_and_actions', 'field_name': '부적합 사항 및 조치계획', 'is_mandatory': True}]",True,False,링크 안내만 가능,DIGITAL_OK,EXTERNAL_RECEIVE,True,True,법정서식,승강기안전공단,검사 후 즉시 통보,,검사기관,연1회,500만원 이하 과태료(승강기안전관리법 제80조),한국승강기안전공단,elsafe,온라인,elsafe.or.kr,False,False,False,외부 검사기관 발행,,전자문서 또는 서면 통보(승강기안전관리법 시행규칙),,0
DOC-BLD-013,승강기 사고 보고서,BUILDING,사고시,승강기안전관리법,법정필수,C,A,factory,사고상세,4,,"[{'no': 1, 'source': '법정', 'law_ref': '승강기안전관리법', 'field_key': 'incident_datetime', 'field_name': '사고 발생 일시', 'is_mandatory': True}, {'no': 2, 'source': '법정', 'law_ref': '승강기안전관리법', 'field_key': 'incident_location', 'field_name': '사고 발생 위치', 'is_mandatory': True}, {'no': 3, 'source': '승강기안전공단지침', 'law_ref': None, 'field_key': 'elevator_stop_status', 'field_name': '승강기 정지 여부 및 상태', 'is_mandatory': False}, {'no': 4, 'source': '승강기안전공단지침', 'law_ref': None, 'field_key': 'entrapment', 'field_name': '탑승자 갇힘 여부', 'is_mandatory': False}, {'no': 5, 'source': '승강기안전공단지침', 'law_ref': None, 'field_key': 'rescue_action', 'field_name': '긴급 구조 조치 내용', 'is_mandatory': False}]",False,True,팩스(팝빌) / 포털 링크 안내,DIGITAL_OK,BUSINESS,False,True,법정서식,승강기안전공단,사고 발생 사실을 안 때에는 지체 없이 통보,,승강기 관리주체,즉시,1천만원 이하 과태료(승강기안전관리법 제82조),한국승강기안전공단,elsafe,온라인/팩스,elsafe.or.kr,True,True,True,사고발생시 즉시,,"행정안전부장관, 시도지사 또는 한국승강기안전공단에 통보(승강기안전관리법)",,30
DOC-BLD-014,석면관리대장,BUILDING,일상,석면안전관리법 제22조,법정필수,B,A,factory,석면 위치 상태,3,,"[{'no': 1, 'source': '법정', 'law_ref': '석면안전관리법 시행규칙 별지', 'field_key': 'building_location_name', 'field_name': '건축물 위치 및 명칭', 'is_mandatory': True}, {'no': 2, 'source': '법정', 'law_ref': '별지', 'field_key': 'asbestos_location_detail', 'field_name': '석면 함유 위치 상세', 'is_mandatory': True}, {'no': 3, 'source': '법정', 'law_ref': '별지', 'field_key': 'asbestos_type', 'field_name': '석면 종류', 'is_mandatory': True}, {'no': 4, 'source': '법정', 'law_ref': '별지', 'field_key': 'asbestos_damage_status', 'field_name': '석면 손상 상태', 'is_mandatory': True}, {'no': 5, 'source': '환경부지침', 'law_ref': None, 'field_key': 'fiber_release_risk', 'field_name': '비산 가능성 평가', 'is_mandatory': False}]",True,True,TAI내 보관·열람,COPY_OK,BUSINESS,False,True,법정서식,자체보관,자체보관,,석면건축물 소유자,상시,500만원 이하 과태료(석면안전관리법 제49조),자체보관,self,자체보관,-,False,False,False,-,,,,10
DOC-BLD-015,석면건축물 관리계획서,BUILDING,정기,석면안전관리법 제21조,법정필수,C,B,factory,석면 관리방안,4,https://www.law.go.kr/LSW/flDownload.do?flSeq=158958499,"[{'no': 1, 'source': '법정', 'law_ref': '석면안전관리법 시행규칙 별지', 'field_key': 'asbestos_area', 'field_name': '석면 관리 대상 위치', 'is_mandatory': True}, {'no': 2, 'source': '법정', 'law_ref': '별지', 'field_key': 'inspection_schedule', 'field_name': '정기 점검 계획', 'is_mandatory': True}, {'no': 3, 'source': '법정', 'law_ref': '별지', 'field_key': 'damage_action_plan', 'field_name': '손상 발생 시 조치 계획', 'is_mandatory': True}, {'no': 4, 'source': '환경부지침', 'law_ref': None, 'field_key': 'fiber_control', 'field_name': '석면 비산 방지 조치', 'is_mandatory': False}]",True,True,TAI보관 + 지자체 팩스/등기,COPY_OK,BUSINESS,False,True,법정서식,지자체,석면건축물로 통보받은 날부터 1개월 이내 수립,,석면건축물 소유자,수시,500만원 이하 과태료(석면안전관리법 제49조),자체보관(환경부),env,자체보관/지자체 제출,-,True,False,True,지자체 요청시 제출,,,,30
DOC-BLD-016,석면점검 기록부,BUILDING,정기,석면안전관리법,법정필수,A,S,inspections,-,2,,"[{'no': 1, 'source': '법정', 'law_ref': '석면안전관리법', 'field_key': 'asbestos_status', 'field_name': '석면 상태', 'is_mandatory': True}, {'no': 2, 'source': '법정', 'law_ref': '시행규칙', 'field_key': 'damage', 'field_name': '손상 여부', 'is_mandatory': True}, {'no': 3, 'source': '법정', 'law_ref': '시행규칙', 'field_key': 'result', 'field_name': '점검 결과', 'is_mandatory': True}]",True,False,,COPY_OK,BUSINESS,False,True,법정서식,자체보관,자체보관,,석면건축물 소유자 또는 석면건축물안전관리인,정기,500만원 이하 과태료(석면안전관리법 제49조),,,,,False,False,False,,,,,0
DOC-BLD-017,시설물 안전점검 결과보고서,BUILDING,정기,시설물안전법 제6조,법정필수,X,X,-,전문 점검기관,5,,"[{'no': 1, 'source': '법정', 'law_ref': '시설물안전법 제6조', 'field_key': 'facility_overview', 'field_name': '시설물 개요', 'is_mandatory': True}, {'no': 2, 'source': '법정', 'law_ref': '시설물안전법 제6조', 'field_key': 'inspection_datetime', 'field_name': '점검 일시', 'is_mandatory': True}, {'no': 3, 'source': '법정', 'law_ref': '시설물안전법', 'field_key': 'inspector_and_agency', 'field_name': '점검자 및 점검기관', 'is_mandatory': True}, {'no': 4, 'source': '법정', 'law_ref': '시설물안전법 제6조', 'field_key': 'inspection_result', 'field_name': '점검 결과', 'is_mandatory': True}, {'no': 5, 'source': '법정', 'law_ref': '시설물안전법', 'field_key': 'repair_and_reinforcement_needs', 'field_name': '보수보강 필요사항', 'is_mandatory': True}]",True,False,FMS 포털 링크 안내,DIGITAL_OK,BUSINESS,False,True,법정서식,국토부/지자체,안전점검 완료 후 30일 이내 제출,,관리주체 또는 안전점검 수행기관,정기,1천만원 이하 과태료(시설물안전법 제67조),FMS시스템(국토부),molit,온라인,fms.go.kr,False,False,False,한국시설안전공단 FMS,,시설물통합정보관리체계를 통하여 제출(시설물안전법),,0
DOC-BLD-018,시설물 정밀안전진단 보고서,BUILDING,정기,시설물안전법 제12조,법정필수,X,X,-,전문 진단기관,5,,"[{'no': 1, 'source': '법정', 'law_ref': '시설물안전법 제12조', 'field_key': 'facility_overview', 'field_name': '시설물 개요', 'is_mandatory': True}, {'no': 2, 'source': '법정', 'law_ref': '시설물안전법 제12조', 'field_key': 'diagnosis_datetime_period', 'field_name': '진단 일시 및 기간', 'is_mandatory': True}, {'no': 3, 'source': '법정', 'law_ref': '시설물안전법 제12조', 'field_key': 'diagnosis_agency_engineer', 'field_name': '진단기관 및 책임기술자', 'is_mandatory': True}, {'no': 4, 'source': '법정', 'law_ref': '시설물안전법 제12조', 'field_key': 'structural_condition_assessment', 'field_name': '주요 구조부 상태 평가', 'is_mandatory': True}, {'no': 5, 'source': '법정', 'law_ref': '시설물안전법 제12조', 'field_key': 'safety_grade', 'field_name': '안전등급', 'is_mandatory': True}, {'no': 6, 'source': '법정', 'law_ref': '시설물안전법 제12조', 'field_key': 'repair_reinforcement_needs', 'field_name': '보수보강 필요사항', 'is_mandatory': True}]",True,False,FMS 포털 링크 안내,DIGITAL_OK,BUSINESS,False,True,법정서식,국토부/지자체,정밀안전진단 완료 후 30일 이내 제출,,관리주체 또는 정밀안전진단 실시기관,정기,1천만원 이하 과태료(시설물안전법 제67조),FMS시스템(국토부),molit,온라인,fms.go.kr,False,False,False,전문기관 수행,,시설물통합정보관리체계를 통하여 제출(시설물안전법),,0
DOC-BLD-019,시설물 유지관리계획서,BUILDING,정기,시설물안전법 제7조,법정필수,C,B,factory,유지관리 항목,4,,"[{'no': 1, 'source': '법정', 'law_ref': '시설물안전법 제7조', 'field_key': 'facility_info', 'field_name': '시설물 기본 정보', 'is_mandatory': True}, {'no': 2, 'source': '법정', 'law_ref': '시설물안전법', 'field_key': 'inspection_plan', 'field_name': '정기 점검 계획', 'is_mandatory': True}, {'no': 3, 'source': '법정', 'law_ref': '시설물안전법', 'field_key': 'repair_plan', 'field_name': '보수 및 보강 계획', 'is_mandatory': True}, {'no': 4, 'source': '지침', 'law_ref': None, 'field_key': 'risk_assessment', 'field_name': '위험도 평가 결과', 'is_mandatory': False}]",True,True,TAI내 보관·열람,DIGITAL_OK,BUSINESS,False,True,법정서식,자체보관,자체보관,,관리주체,정기,1천만원 이하 과태료(시설물안전법 제67조),자체보관,self,자체보관,-,False,False,False,-,,시설물통합정보관리체계에 등록 또는 입력(시설물안전법),,30
DOC-BLD-020,소방안전관리보조자 선임신고서,BUILDING,일상,"소방시설법 제24조, 시행규칙 제16조",의무,C,X,,,5,,"[{'no': 1, 'source': '법정', 'law_ref': '시행규칙 제16조 별지서식', 'field_key': 'building_name', 'field_name': '특정소방대상물 명칭', 'is_mandatory': True}, {'no': 2, 'source': '법정', 'law_ref': '시행규칙 제16조 별지서식', 'field_key': 'address', 'field_name': '소재지', 'is_mandatory': True}, {'no': 3, 'source': '법정', 'law_ref': '시행규칙 제16조 별지서식', 'field_key': 'appointed_name', 'field_name': '선임자 성명', 'is_mandatory': True}, {'no': 4, 'source': '법정', 'law_ref': '시행규칙 제16조 별지서식', 'field_key': 'qualification_type', 'field_name': '자격 구분', 'is_mandatory': True}, {'no': 5, 'source': '법정', 'law_ref': '시행규칙 제16조 별지서식', 'field_key': 'appointment_date', 'field_name': '선임일자', 'is_mandatory': True}]",True,False,,DIGITAL_OK,BUSINESS,False,True,법정서식,,선임 후 14일 이내,,관계인,,300만원 이하 과태료(법 제53조),,,,,False,False,False,,False,정보통신망을 이용하거나 서면으로 제출(시행규칙 제16조),,0
DOC-BLD-021,소방안전관리자 선임 연기 신청서,BUILDING,일상,소방시설법 시행규칙 제14조,의무,D,X,,,5,https://www.law.go.kr/LSW/flDownload.do?flSeq=158780879,"[{'no': 1, 'source': '법정', 'law_ref': '시행규칙 제14조 별지서식', 'field_key': 'building_name', 'field_name': '대상물 명칭', 'is_mandatory': True}, {'no': 2, 'source': '법정', 'law_ref': '시행규칙 제14조', 'field_key': 'reason_delay', 'field_name': '연기사유', 'is_mandatory': True}, {'no': 3, 'source': '법정', 'law_ref': '시행규칙 제14조', 'field_key': 'delay_period', 'field_name': '연기기간', 'is_mandatory': True}]",True,False,,DIGITAL_OK,BUSINESS,False,True,법정서식,,사유 발생 시 즉시,,관계인,,,,,,,False,False,False,,False,서면 또는 정보통신망 제출(시행규칙 제14조),,0
DOC-BLD-022,소방안전관리보조자 선임 연기 신청서,BUILDING,일상,소방시설법 시행규칙 제16조,의무,D,X,,,5,https://www.law.go.kr/LSW/flDownload.do?flSeq=158780879,"[{'no': 1, 'source': '법정', 'law_ref': '시행규칙 제16조', 'field_key': 'building_info', 'field_name': '대상물 정보', 'is_mandatory': True}, {'no': 2, 'source': '법정', 'law_ref': '시행규칙 제16조', 'field_key': 'delay_reason', 'field_name': '연기사유', 'is_mandatory': True}, {'no': 3, 'source': '법정', 'law_ref': '시행규칙 제16조', 'field_key': 'delay_period', 'field_name': '연기기간', 'is_mandatory': True}]",True,False,,DIGITAL_OK,BUSINESS,False,True,법정서식,,사유 발생 시 즉시,,관계인,,,,,,,False,False,False,,False,서면 또는 정보통신망 제출(시행규칙 제16조),,0
DOC-BLD-023,소방시설 자체점검 조치계획서,BUILDING,정기,소방시설법 제25조,의무,B,X,,,5,,"[{'no': 1, 'source': '법정', 'law_ref': '법 제25조', 'field_key': 'inspection_findings', 'field_name': '점검결과 지적사항', 'is_mandatory': True}, {'no': 2, 'source': '법정', 'law_ref': '법 제25조', 'field_key': 'action_plan', 'field_name': '조치계획 내용', 'is_mandatory': True}, {'no': 3, 'source': '법정', 'law_ref': '법 제25조', 'field_key': 'planned_date', 'field_name': '조치 예정일', 'is_mandatory': True}]",False,False,,COPY_OK,BUSINESS,False,True,법정서식,,자체보관,2년,관계인,,300만원 이하 과태료(법 제53조),,,,,False,False,False,,False,,,0
DOC-BLD-024,소방시설 자체점검 조치완료보고서,BUILDING,정기,소방시설법 제25조,의무,B,X,,,5,,"[{'no': 1, 'source': '법정', 'law_ref': '법 제25조', 'field_key': 'completion_detail', 'field_name': '조치완료 내용', 'is_mandatory': True}, {'no': 2, 'source': '법정', 'law_ref': '법 제25조', 'field_key': 'completion_date', 'field_name': '조치완료일', 'is_mandatory': True}, {'no': 3, 'source': '법정', 'law_ref': '법 제25조', 'field_key': 'inspector', 'field_name': '확인자', 'is_mandatory': True}]",False,False,,COPY_OK,BUSINESS,False,True,법정서식,,조치 후 즉시,2년,관계인,,300만원 이하 과태료(법 제53조),,,,,False,False,False,,False,,,0
DOC-BLD-025,전기안전관리자 변경신고서,BUILDING,일상,전기안전관리법 제17조,의무,C,X,,,5,https://www.law.go.kr/LSW/flDownload.do?flSeq=158557111,"[{'no': 1, 'source': '법정', 'law_ref': '법 제17조 별지서식', 'field_key': 'workplace_name', 'field_name': '사업장명', 'is_mandatory': True}, {'no': 2, 'source': '법정', 'law_ref': '법 제17조', 'field_key': 'before_manager', 'field_name': '변경 전 관리자', 'is_mandatory': True}, {'no': 3, 'source': '법정', 'law_ref': '법 제17조', 'field_key': 'after_manager', 'field_name': '변경 후 관리자', 'is_mandatory': True}]",True,False,,DIGITAL_OK,BUSINESS,False,True,법정서식,,변경 후 30일 이내,,사업자,,300만원 이하 과태료,,,,,False,False,False,,False,전자문서 또는 서면 제출,,0
DOC-BLD-026,전기안전관리자 해임신고서,BUILDING,일상,전기안전관리법 제17조,의무,C,X,,,5,https://www.law.go.kr/LSW/flDownload.do?flSeq=158557111,"[{'no': 1, 'source': '법정', 'law_ref': '법 제17조', 'field_key': 'workplace_info', 'field_name': '사업장 정보', 'is_mandatory': True}, {'no': 2, 'source': '법정', 'law_ref': '법 제17조', 'field_key': 'dismissal_date', 'field_name': '해임일자', 'is_mandatory': True}]",True,False,,DIGITAL_OK,BUSINESS,False,True,법정서식,,해임 후 30일 이내,,사업자,,300만원 이하 과태료,,,,,False,False,False,,False,전자문서 또는 서면 제출,,0
DOC-BLD-027,전기설비 사용전검사 신청서,BUILDING,일상,전기안전관리법,의무,C,X,,,5,https://www.law.go.kr/LSW/flDownload.do?flSeq=158557031,"[{'no': 1, 'source': '법정', 'law_ref': '시행규칙 별지서식', 'field_key': 'equipment_summary', 'field_name': '설비 개요', 'is_mandatory': True}, {'no': 2, 'source': '법정', 'law_ref': '시행규칙', 'field_key': 'installation_place', 'field_name': '설치장소', 'is_mandatory': True}, {'no': 3, 'source': '법정', 'law_ref': '시행규칙', 'field_key': 'applicant_info', 'field_name': '신청자 정보', 'is_mandatory': True}]",True,False,,DIGITAL_OK,BUSINESS,False,True,법정서식,,사용 전,,사업자,,,,,,,False,False,False,,False,정보통신망 또는 서면 제출,,0
DOC-BLD-028,전기설비 정기검사 신청서,BUILDING,정기,전기안전관리법,의무,C,X,,,5,https://www.law.go.kr/LSW/flDownload.do?flSeq=158557045,"[{'no': 1, 'source': '법정', 'law_ref': '시행규칙', 'field_key': 'equipment_info', 'field_name': '설비 정보', 'is_mandatory': True}, {'no': 2, 'source': '법정', 'law_ref': '시행규칙', 'field_key': 'inspection_target', 'field_name': '검사 대상', 'is_mandatory': True}]",True,False,,DIGITAL_OK,BUSINESS,False,True,법정서식,,검사 주기 도래 시,,사업자,,,,,,,False,False,False,,False,전자문서 또는 서면 제출,,0
DOC-BLD-029,전기재해 보고서,BUILDING,사고시,전기안전관리법,의무,B,X,,,5,,"[{'no': 1, 'source': '법정', 'law_ref': '전기안전관리법', 'field_key': 'accident_datetime', 'field_name': '사고 일시', 'is_mandatory': True}, {'no': 2, 'source': '법정', 'law_ref': '전기안전관리법', 'field_key': 'accident_cause', 'field_name': '사고 원인', 'is_mandatory': True}, {'no': 3, 'source': '법정', 'law_ref': '전기안전관리법', 'field_key': 'damage_detail', 'field_name': '피해 내용', 'is_mandatory': True}]",False,False,,COPY_OK,BUSINESS,False,True,법정서식,,사고 발생 후 즉시,,사업자,,,,,,,False,False,False,,False,,,0
DOC-BLD-030,승강기 안전관리자 선임 통보서,BUILDING,일상,승강기안전관리법 제29조,의무,C,X,,,5,https://www.law.go.kr/LSW/flDownload.do?flSeq=161367077,"[{'no': 1, 'source': '법정', 'law_ref': '법 제29조', 'field_key': 'building_info', 'field_name': '건물 정보', 'is_mandatory': True}, {'no': 2, 'source': '법정', 'law_ref': '법 제29조', 'field_key': 'manager_info', 'field_name': '선임자 정보', 'is_mandatory': True}, {'no': 3, 'source': '법정', 'law_ref': '법 제29조', 'field_key': 'appointment_date', 'field_name': '선임일자', 'is_mandatory': True}]",True,False,,DIGITAL_OK,BUSINESS,False,True,법정서식,,선임 후 30일 이내,,관리주체,,300만원 이하 과태료,,,,,False,False,False,,False,서면 또는 전자문서 제출,,0
DOC-BLD-031,승강기 안전관리자 변경 통보서,BUILDING,일상,승강기안전관리법 제29조,의무,C,X,,,5,https://www.law.go.kr/LSW/flDownload.do?flSeq=161367077,"[{'no': 1, 'source': '법정', 'law_ref': '법 제29조', 'field_key': 'before_info', 'field_name': '변경 전 정보', 'is_mandatory': True}, {'no': 2, 'source': '법정', 'law_ref': '법 제29조', 'field_key': 'after_info', 'field_name': '변경 후 정보', 'is_mandatory': True}]",True,False,,DIGITAL_OK,BUSINESS,False,True,법정서식,,변경 후 30일 이내,,관리주체,,300만원 이하 과태료,,,,,False,False,False,,False,서면 또는 전자문서 제출,,0
DOC-BLD-032,승강기 중대한 고장 보고서,BUILDING,사고시,승강기안전관리법,의무,B,X,,,5,,"[{'no': 1, 'source': '법정', 'law_ref': '승강기안전관리법 제48조', 'field_key': 'elevator_identification', 'field_name': '승강기 식별정보', 'is_mandatory': True}, {'no': 2, 'source': '법정', 'law_ref': '승강기안전관리법 제48조', 'field_key': 'major_failure_datetime', 'field_name': '중대한 고장 발생 일시', 'is_mandatory': True}, {'no': 3, 'source': '법정', 'law_ref': '승강기안전관리법 제48조', 'field_key': 'major_failure_description', 'field_name': '중대한 고장 내용', 'is_mandatory': True}, {'no': 4, 'source': '법정', 'law_ref': '승강기안전관리법 시행규칙 제48조', 'field_key': 'emergency_action_operation_stop', 'field_name': '응급조치 및 운행정지 여부', 'is_mandatory': True}]",False,False,,DIGITAL_OK,BUSINESS,False,True,법정서식,,중대한 고장 발생 시 지체 없이 통보,,승강기 관리주체 또는 승강기 안전관리자,,,,,,,False,False,False,,False,통보(승강기안전관리법 제48조),,0
DOC-BLD-033,승강기 설치검사 결과서,BUILDING,일상,승강기안전관리법 제28조,의무,C,X,,,5,https://www.law.go.kr/LSW/flDownload.do?flSeq=161367065,"[{'no': 1, 'source': '법정', 'law_ref': '승강기안전관리법 제28조', 'field_key': 'elevator_information', 'field_name': '승강기 정보', 'is_mandatory': True}, {'no': 2, 'source': '법정', 'law_ref': '승강기안전관리법 시행규칙 제54조', 'field_key': 'installation_location', 'field_name': '설치 장소', 'is_mandatory': True}, {'no': 3, 'source': '법정', 'law_ref': '승강기안전관리법 시행규칙 제54조', 'field_key': 'inspection_agency_inspector', 'field_name': '검사기관 및 검사자', 'is_mandatory': True}, {'no': 4, 'source': '법정', 'law_ref': '승강기안전관리법 제28조', 'field_key': 'inspection_result', 'field_name': '검사 결과', 'is_mandatory': True}, {'no': 5, 'source': '법정', 'law_ref': '승강기안전관리법 제28조', 'field_key': 'pass_fail_judgment', 'field_name': '합격 또는 불합격 판정', 'is_mandatory': True}]",True,False,,DIGITAL_OK,EXTERNAL_RECEIVE,True,True,법정서식,,설치검사 완료 후 결과 통보,,검사기관,,1년 이하 징역 또는 1천만원 이하 벌금(승강기안전관리법 제80조),,,,,False,False,False,,False,검사 실시 및 결과 통보(승강기안전관리법 제28조),,0
DOC-BLD-034,승강기 수시검사 결과서,BUILDING,정기,승강기안전관리법 제32조,의무,C,X,,,5,https://www.law.go.kr/LSW/flDownload.do?flSeq=161367095,"[{'no': 1, 'source': '법정', 'law_ref': '승강기안전관리법 제32조', 'field_key': 'elevator_information', 'field_name': '검사 대상 승강기 정보', 'is_mandatory': True}, {'no': 2, 'source': '법정', 'law_ref': '승강기안전관리법 시행규칙 제54조', 'field_key': 'ad_hoc_inspection_reason', 'field_name': '수시검사 사유', 'is_mandatory': True}, {'no': 3, 'source': '법정', 'law_ref': '승강기안전관리법 제32조', 'field_key': 'inspection_datetime', 'field_name': '검사 일시', 'is_mandatory': True}, {'no': 4, 'source': '법정', 'law_ref': '승강기안전관리법 제32조', 'field_key': 'inspection_result', 'field_name': '검사 결과', 'is_mandatory': True}]",True,False,,DIGITAL_OK,EXTERNAL_RECEIVE,True,True,법정서식,,수시검사 필요 사유 발생 시 검사 후 결과 통보,,검사기관,,,,,,,False,False,False,,False,검사 실시 및 결과 통보(승강기안전관리법 제32조),,0
DOC-BLD-035,승강기 정밀안전검사 결과서,BUILDING,정기,승강기안전관리법 제32조,의무,C,X,,,5,,"[{'no': 1, 'source': '법정', 'law_ref': '승강기안전관리법 제32조', 'field_key': 'elevator_information', 'field_name': '정밀안전검사 대상 승강기 정보', 'is_mandatory': True}, {'no': 2, 'source': '법정', 'law_ref': '승강기안전관리법 제32조', 'field_key': 'precision_inspection_reason', 'field_name': '정밀안전검사 사유', 'is_mandatory': True}, {'no': 3, 'source': '법정', 'law_ref': '승강기안전관리법 시행규칙 제54조', 'field_key': 'inspection_agency_inspector', 'field_name': '검사기관 및 검사자', 'is_mandatory': True}, {'no': 4, 'source': '법정', 'law_ref': '승강기안전관리법 제32조', 'field_key': 'inspection_result', 'field_name': '검사 결과', 'is_mandatory': True}]",True,False,,DIGITAL_OK,EXTERNAL_RECEIVE,True,True,법정서식,,정밀안전검사 사유 발생 시 검사 후 결과 통보,,검사기관,,1년 이하 징역 또는 1천만원 이하 벌금(승강기안전관리법 제80조),,,,,False,False,False,,False,검사 실시 및 결과 통보(승강기안전관리법 제32조),,0
DOC-BLD-036,석면건축물안전관리인 지정 신고서,BUILDING,일상,석면안전관리법 제23조,의무,C,X,,,5,https://www.law.go.kr/LSW/flDownload.do?flSeq=158958505,"[{'no': 1, 'source': '법정', 'law_ref': '석면안전관리법 시행규칙 제31조제2항, 별지 제17호서식', 'field_key': 'reporter_information', 'field_name': '신고인 정보', 'is_mandatory': True}, {'no': 2, 'source': '법정', 'law_ref': '석면안전관리법 시행규칙 제31조제2항, 별지 제17호서식', 'field_key': 'asbestos_building_information', 'field_name': '석면건축물 정보', 'is_mandatory': True}, {'no': 3, 'source': '법정', 'law_ref': '석면안전관리법 시행규칙 제31조제2항, 별지 제17호서식', 'field_key': 'asbestos_manager_name', 'field_name': '석면건축물안전관리인 성명', 'is_mandatory': True}, {'no': 4, 'source': '법정', 'law_ref': '석면안전관리법 시행규칙 제31조제2항, 별지 제17호서식', 'field_key': 'designation_date', 'field_name': '지정일자', 'is_mandatory': True}]",True,False,,DIGITAL_OK,BUSINESS,False,True,법정서식,,건축물석면조사 결과 제출 시,,석면건축물 소유자,,,,,,,False,False,False,,False,정보망을 통하여 할 수 있음(석면안전관리법 시행규칙 제31조제3항),,0
DOC-BLD-037,석면건축물안전관리인 변경 신고서,BUILDING,일상,석면안전관리법 제23조,의무,D,X,,,5,https://www.law.go.kr/LSW/flDownload.do?flSeq=158958505,"[{'no': 1, 'source': '법정', 'law_ref': '석면안전관리법 시행규칙 제31조제2항, 별지 제17호서식', 'field_key': 'reporter_information', 'field_name': '신고인 정보', 'is_mandatory': True}, {'no': 2, 'source': '법정', 'law_ref': '석면안전관리법 시행규칙 제31조제2항, 별지 제17호서식', 'field_key': 'previous_manager', 'field_name': '변경 전 안전관리인', 'is_mandatory': True}, {'no': 3, 'source': '법정', 'law_ref': '석면안전관리법 시행규칙 제31조제2항, 별지 제17호서식', 'field_key': 'new_manager', 'field_name': '변경 후 안전관리인', 'is_mandatory': True}, {'no': 4, 'source': '법정', 'law_ref': '석면안전관리법 시행규칙 제31조제2항', 'field_key': 'change_reason_date', 'field_name': '변경 사유 발생일', 'is_mandatory': True}]",True,False,,DIGITAL_OK,BUSINESS,False,True,법정서식,,변경 사유가 발생한 날부터 10일 이내,,석면건축물 소유자,,,,,,,False,False,False,,False,정보망을 통하여 할 수 있음(석면안전관리법 시행규칙 제31조제3항),,0
DOC-BLD-038,석면건축물 조사 결과서,BUILDING,정기,석면안전관리법 제21조,의무,B,X,,,5,https://www.law.go.kr/LSW/flDownload.do?flSeq=158958463,"[{'no': 1, 'source': '법정', 'law_ref': '석면안전관리법 제21조', 'field_key': 'building_name_address', 'field_name': '건축물 명칭 및 소재지', 'is_mandatory': True}, {'no': 2, 'source': '법정', 'law_ref': '석면안전관리법 제21조', 'field_key': 'survey_agency', 'field_name': '조사기관', 'is_mandatory': True}, {'no': 3, 'source': '법정', 'law_ref': '석면안전관리법 제21조', 'field_key': 'asbestos_material_location', 'field_name': '석면함유 건축자재 위치', 'is_mandatory': True}, {'no': 4, 'source': '법정', 'law_ref': '석면안전관리법 제21조', 'field_key': 'asbestos_area_quantity', 'field_name': '석면함유 면적 또는 수량', 'is_mandatory': True}, {'no': 5, 'source': '법정', 'law_ref': '석면안전관리법 제21조', 'field_key': 'risk_assessment_result', 'field_name': '위해성 평가 결과', 'is_mandatory': True}]",True,False,,DIGITAL_OK,EXTERNAL_RECEIVE,False,True,법정서식,,건축물석면조사 완료 후 제출,,석면조사기관 또는 석면건축물 소유자,,,,,,,False,False,False,,False,건축물석면조사 결과를 제출(석면안전관리법 제21조),,0
DOC-BLD-039,석면건축물 조치명령 이행계획서,BUILDING,일상,석면안전관리법 제22조,의무,C,X,,,5,,"[{'no': 1, 'source': '법정', 'law_ref': '석면안전관리법 제22조', 'field_key': 'order_details', 'field_name': '조치명령 내용', 'is_mandatory': True}, {'no': 2, 'source': '법정', 'law_ref': '석면안전관리법 제22조', 'field_key': 'implementation_plan', 'field_name': '이행 계획', 'is_mandatory': True}, {'no': 3, 'source': '법정', 'law_ref': '석면안전관리법 제22조', 'field_key': 'planned_completion_date', 'field_name': '이행 예정일', 'is_mandatory': True}]",False,False,,COPY_OK,BUSINESS,False,True,법정서식,,조치명령을 받은 경우 제출,,석면건축물 소유자,,,,,,,False,False,False,,False,,,0
DOC-BLD-040,석면건축물 조치명령 이행결과 보고서,BUILDING,일상,석면안전관리법 제22조,의무,C,X,,,5,,"[{'no': 1, 'source': '법정', 'law_ref': '석면안전관리법 제22조', 'field_key': 'implemented_action_details', 'field_name': '이행 조치 내용', 'is_mandatory': True}, {'no': 2, 'source': '법정', 'law_ref': '석면안전관리법 제22조', 'field_key': 'completion_date', 'field_name': '이행 완료일', 'is_mandatory': True}, {'no': 3, 'source': '법정', 'law_ref': '석면안전관리법 제22조', 'field_key': 'supporting_documents', 'field_name': '증빙자료', 'is_mandatory': True}]",False,False,,COPY_OK,BUSINESS,False,True,법정서식,,조치 이행 후 보고,,석면건축물 소유자,,,,,,,False,False,False,,False,,,0
DOC-BLD-041,시설물 안전 및 유지관리계획,BUILDING,정기,시설물안전법 제6조,의무,B,X,,,5,,"[{'no': 1, 'source': '법정', 'law_ref': '시설물안전법 제6조', 'field_key': 'facility_overview', 'field_name': '시설물 개요', 'is_mandatory': True}, {'no': 2, 'source': '법정', 'law_ref': '시설물안전법 제6조', 'field_key': 'inspection_diagnosis_plan', 'field_name': '안전점검 및 정밀안전진단 실시계획', 'is_mandatory': True}, {'no': 3, 'source': '법정', 'law_ref': '시설물안전법 제6조', 'field_key': 'repair_reinforcement_plan', 'field_name': '보수보강 계획', 'is_mandatory': True}, {'no': 4, 'source': '법정', 'law_ref': '시설물안전법 제6조', 'field_key': 'maintenance_budget_personnel', 'field_name': '유지관리 예산 및 인력', 'is_mandatory': True}]",False,False,,DIGITAL_OK,BUSINESS,False,True,법정서식,,자체보관 또는 법령상 제출 요구 시,,관리주체,,,,,,,False,False,False,,False,시설물통합정보관리체계를 통하여 제출 또는 입력(시설물안전법),,0
DOC-BLD-042,시설물 성능평가 결과보고서,BUILDING,정기,시설물안전법,의무,C,X,,,5,,"[{'no': 1, 'source': '법정', 'law_ref': '시설물안전법', 'field_key': 'facility_overview', 'field_name': '시설물 개요', 'is_mandatory': True}, {'no': 2, 'source': '법정', 'law_ref': '시설물안전법', 'field_key': 'performance_evaluation_agency', 'field_name': '성능평가 실시기관', 'is_mandatory': True}, {'no': 3, 'source': '법정', 'law_ref': '시설물안전법', 'field_key': 'performance_evaluation_result', 'field_name': '성능평가 결과', 'is_mandatory': True}, {'no': 4, 'source': '법정', 'law_ref': '시설물안전법', 'field_key': 'performance_grade', 'field_name': '성능등급', 'is_mandatory': True}, {'no': 5, 'source': '법정', 'law_ref': '시설물안전법', 'field_key': 'maintenance_needs', 'field_name': '유지관리 필요사항', 'is_mandatory': True}]",False,False,,DIGITAL_OK,EXTERNAL_RECEIVE,False,True,법정서식,,성능평가 완료 후 제출,,관리주체 또는 성능평가 실시기관,,,,,,,False,False,False,,False,시설물통합정보관리체계를 통하여 제출 또는 입력(시설물안전법),,0
DOC-BLD-043,시설물 보수보강 조치 결과보고서,BUILDING,일상,시설물안전법,의무,B,X,,,5,,"[{'no': 1, 'source': '법정', 'law_ref': '시설물안전법', 'field_key': 'repair_target_facility', 'field_name': '보수보강 대상 시설물', 'is_mandatory': True}, {'no': 2, 'source': '법정', 'law_ref': '시설물안전법', 'field_key': 'defect_damage_details', 'field_name': '결함 또는 손상 내용', 'is_mandatory': True}, {'no': 3, 'source': '법정', 'law_ref': '시설물안전법', 'field_key': 'repair_reinforcement_actions', 'field_name': '보수보강 조치 내용', 'is_mandatory': True}, {'no': 4, 'source': '법정', 'law_ref': '시설물안전법', 'field_key': 'completion_date', 'field_name': '조치 완료일', 'is_mandatory': True}]",False,False,,DIGITAL_OK,BUSINESS,False,True,법정서식,,보수보강 조치 완료 후 제출 또는 입력,,관리주체,,,,,,,False,False,False,,False,시설물통합정보관리체계를 통하여 제출 또는 입력(시설물안전법),,0
DOC-BLD-044,시설물 중대한 결함 보고서,BUILDING,사고시,시설물안전법,의무,B,X,,,5,,"[{'no': 1, 'source': '법정', 'law_ref': '시설물안전법 제6조', 'field_key': 'facility_identification', 'field_name': '시설물 식별정보', 'is_mandatory': True}, {'no': 2, 'source': '법정', 'law_ref': '시설물안전법', 'field_key': 'major_defect_description', 'field_name': '중대한 결함 내용', 'is_mandatory': True}, {'no': 3, 'source': '법정', 'law_ref': '시설물안전법', 'field_key': 'occurrence_datetime', 'field_name': '발생 일시', 'is_mandatory': True}, {'no': 4, 'source': '법정', 'law_ref': '시설물안전법', 'field_key': 'emergency_action', 'field_name': '긴급조치 내용', 'is_mandatory': True}]",False,False,,DIGITAL_OK,BUSINESS,False,True,법정서식,,중대한 결함 발견 시 즉시 보고,,관리주체,,,,,,,False,False,False,,False,,,0
DOC-BLD-045,시설물 사고보고서,BUILDING,사고시,시설물안전법,의무,B,X,,,5,,"[{'no': 1, 'source': '법정', 'law_ref': '시설물안전법', 'field_key': 'facility_information', 'field_name': '시설물 정보', 'is_mandatory': True}, {'no': 2, 'source': '법정', 'law_ref': '시설물안전법', 'field_key': 'accident_datetime', 'field_name': '사고 발생 일시', 'is_mandatory': True}, {'no': 3, 'source': '법정', 'law_ref': '시설물안전법', 'field_key': 'accident_cause', 'field_name': '사고 원인', 'is_mandatory': True}, {'no': 4, 'source': '법정', 'law_ref': '시설물안전법', 'field_key': 'damage_details', 'field_name': '피해 내용', 'is_mandatory': True}]",False,False,,DIGITAL_OK,BUSINESS,False,True,법정서식,,사고 발생 시 즉시 보고,,관리주체,,,,,,,False,False,False,,False,,,0
DOC-CHEM-001,유해화학물질 취급시설 설치검사 신청서,COMMON,착공전,화학물질관리법 제24조,법정필수,X,X,-,전문 영역,5,https://www.law.go.kr/LSW/flDownload.do?flSeq=158959365,"[{'no': 1, 'source': '법정', 'law_ref': '화학물질관리법 제24조', 'field_key': 'applicant_info', 'field_name': '신청인 정보', 'is_mandatory': True}, {'no': 2, 'source': '법정', 'law_ref': '화학물질관리법 제24조', 'field_key': 'workplace_info', 'field_name': '사업장 명칭 및 소재지', 'is_mandatory': True}, {'no': 3, 'source': '법정', 'law_ref': '화학물질관리법 제24조', 'field_key': 'facility_type', 'field_name': '취급시설 종류', 'is_mandatory': True}, {'no': 4, 'source': '법정', 'law_ref': '화학물질관리법 제24조', 'field_key': 'chemical_name', 'field_name': '취급 화학물질', 'is_mandatory': True}, {'no': 5, 'source': '법정', 'law_ref': '화학물질관리법 시행규칙', 'field_key': 'design_layout', 'field_name': '설계 및 배치도 첨부', 'is_mandatory': True}]",True,True,ICIS 링크 안내 / 이메일,DIGITAL_OK,BUSINESS,False,True,법정서식,환경부/지자체,취급시설 설치 완료 후 설치검사 신청,,유해화학물질 취급시설을 설치한 자,1회,3년 이하 징역 또는 5천만원 이하 벌금(화학물질관리법 제58조),국립환경과학원,env,온라인,icis.me.go.kr,False,True,True,설치전 신청,,검사기관에 신청 또는 제출(화학물질관리법 제24조),,0
DOC-CHEM-002,유해화학물질 취급시설 검사 결과서,COMMON,정기,화학물질관리법 제24조,법정필수,X,X,-,검사기관,5,https://www.law.go.kr/LSW/flDownload.do?flSeq=158959383,"[{'no': 1, 'source': '법정', 'law_ref': '화학물질관리법 제24조', 'field_key': 'facility_info', 'field_name': '시설 정보', 'is_mandatory': True}, {'no': 2, 'source': '법정', 'law_ref': '화학물질관리법 시행규칙', 'field_key': 'inspection_datetime', 'field_name': '검사 일시', 'is_mandatory': True}, {'no': 3, 'source': '법정', 'law_ref': '화학물질관리법 시행규칙', 'field_key': 'inspection_agency', 'field_name': '검사자 및 기관', 'is_mandatory': True}, {'no': 4, 'source': '법정', 'law_ref': '화학물질관리법 제24조', 'field_key': 'conformance_status', 'field_name': '기준 적합 여부', 'is_mandatory': True}, {'no': 5, 'source': '법정', 'law_ref': '화학물질관리법 제25조', 'field_key': 'improvement_needs', 'field_name': '개선 필요사항', 'is_mandatory': True}]",True,False,링크 안내만 가능,DIGITAL_OK,EXTERNAL_RECEIVE,True,True,법정서식,환경부/지자체,검사 완료 후 지체 없이 제출,,검사기관,정기,3년 이하 징역 또는 5천만원 이하 벌금(화학물질관리법 제58조),국립환경과학원,env,온라인,icis.me.go.kr,False,False,False,검사기관 발행,,검사기관은 검사 결과를 지체 없이 환경부장관에게 제출(화학물질관리법 제24조),,0
DOC-CHEM-003,유해화학물질 취급시설 자체점검 기록,COMMON,정기,화학물질관리법 제24조,법정필수,A,S,inspections,-,2,,"[{'no': 1, 'source': '법정', 'law_ref': '화학물질관리법 제24조', 'field_key': 'facility_check', 'field_name': '시설 점검 실시', 'is_mandatory': True}, {'no': 2, 'source': '환경부지침', 'law_ref': None, 'field_key': 'leak', 'field_name': '누출 여부', 'is_mandatory': False}, {'no': 3, 'source': '지침', 'law_ref': None, 'field_key': 'storage', 'field_name': '저장 상태', 'is_mandatory': False}, {'no': 4, 'source': '지침', 'law_ref': None, 'field_key': 'risk', 'field_name': '위험성 평가', 'is_mandatory': False}]",False,False,,COPY_OK,BUSINESS,False,True,법정서식,자체보관,자체보관,,유해화학물질 취급시설을 설치운영하는 자,정기,300만원 이하 과태료(화학물질관리법 제64조),,,,,False,False,False,,,,,0
DOC-CHEM-004,장외영향평가서,COMMON,착공전,화학물질관리법 제41조,법정필수,X,X,-,전문 컨설팅,5,,"[{'no': 1, 'source': '법정', 'law_ref': '화학물질관리법 제41조', 'field_key': 'workplace_overview', 'field_name': '사업장 개요', 'is_mandatory': True}, {'no': 2, 'source': '법정', 'law_ref': '화학물질관리법 제41조', 'field_key': 'chemical_info', 'field_name': '취급 화학물질 정보', 'is_mandatory': True}, {'no': 3, 'source': '법정', 'law_ref': '화학물질관리법 제41조', 'field_key': 'accident_scenario', 'field_name': '사고 시나리오', 'is_mandatory': True}, {'no': 4, 'source': '법정', 'law_ref': '화학물질관리법 제41조', 'field_key': 'impact_range', 'field_name': '영향 범위 평가', 'is_mandatory': True}, {'no': 5, 'source': '법정', 'law_ref': '화학물질관리법 제41조', 'field_key': 'mitigation_measures', 'field_name': '저감 대책', 'is_mandatory': True}]",True,True,ICIS 링크 안내 / 이메일,DIGITAL_OK,BUSINESS,False,True,법정서식,환경부,,,유해화학물질 취급시설을 설치운영하려는 자,1회,,국립환경과학원,env,온라인,icis.me.go.kr,False,True,True,허가전 제출,,장외영향평가서를 작성하여 환경부장관에게 제출(화학물질관리법 제41조),,0
DOC-CHEM-005,위해관리계획서,COMMON,정기,화학물질관리법 제42조,법정필수,X,X,-,전문 컨설팅,5,,"[{'no': 1, 'source': '법정', 'law_ref': '화학물질관리법 제42조', 'field_key': 'facility_info', 'field_name': '시설 정보', 'is_mandatory': True}, {'no': 2, 'source': '법정', 'law_ref': '화학물질관리법 제42조', 'field_key': 'hazardous_substance', 'field_name': '사고대비물질 정보', 'is_mandatory': True}, {'no': 3, 'source': '법정', 'law_ref': '화학물질관리법 제42조', 'field_key': 'prevention_plan', 'field_name': '사고 예방 계획', 'is_mandatory': True}, {'no': 4, 'source': '법정', 'law_ref': '화학물질관리법 제42조', 'field_key': 'emergency_response_plan', 'field_name': '비상 대응 계획', 'is_mandatory': True}, {'no': 5, 'source': '법정', 'law_ref': '화학물질관리법 제42조', 'field_key': 'resident_protection_plan', 'field_name': '주민 보호 계획', 'is_mandatory': True}]",True,True,ICIS 링크 안내 / 이메일,DIGITAL_OK,BUSINESS,False,True,법정서식,환경부,,,사고대비물질 취급자,정기,,지방환경관서,env,온라인,icis.me.go.kr,False,True,True,5년마다 제출,,위해관리계획서를 작성하여 환경부장관에게 제출(화학물질관리법 제42조),,0
DOC-CHEM-006,화학사고 즉시신고서,COMMON,사고시,화학물질관리법 제43조,법정필수,D,C,factory,사고상세,4,https://www.law.go.kr/LSW/flDownload.do?flSeq=158959605,"[{'no': 1, 'source': '법정', 'law_ref': '화학물질관리법 제43조', 'field_key': 'incident_datetime', 'field_name': '사고 발생 일시', 'is_mandatory': True}, {'no': 2, 'source': '법정', 'law_ref': '화학물질관리법 제43조', 'field_key': 'incident_location', 'field_name': '사고 발생 장소', 'is_mandatory': True}, {'no': 3, 'source': '법정', 'law_ref': '화학물질관리법 제43조', 'field_key': 'chemical_substance', 'field_name': '사고 물질', 'is_mandatory': True}, {'no': 4, 'source': '법정', 'law_ref': '화학물질관리법 제43조', 'field_key': 'incident_description', 'field_name': '사고 내용', 'is_mandatory': True}, {'no': 5, 'source': '법정', 'law_ref': '화학물질관리법 제43조', 'field_key': 'initial_response_action', 'field_name': '초기 대응 조치', 'is_mandatory': True}]",True,True,팩스(팝빌) 자동발송,DIGITAL_OK,BUSINESS,False,True,법정서식,환경부/지자체,화학사고 발생 즉시,,화학사고가 발생한 해당 화학물질 취급자,즉시,2년 이하 징역 또는 1억원 이하 벌금(화학물질관리법 제59조),지방환경관서/119,env,전화/팩스/온라인,icis.me.go.kr,True,True,False,사고발생 즉시,,즉시 신고(화학물질관리법 제43조),,50
DOC-CHEM-007,화학사고 조사보고서,COMMON,사고시,화학물질관리법 제44조,법정필수,C,B,factory,원인분석 상세,4,,"[{'no': 1, 'source': '법정', 'law_ref': '화학물질관리법 제44조', 'field_key': 'incident_datetime_location', 'field_name': '사고 발생 일시 및 장소', 'is_mandatory': True}, {'no': 2, 'source': '법정', 'law_ref': '화학물질관리법 제44조', 'field_key': 'incident_cause', 'field_name': '사고 원인', 'is_mandatory': True}, {'no': 3, 'source': '환경부지침', 'law_ref': None, 'field_key': 'chemical_and_release_amount', 'field_name': '사고 물질 및 누출량', 'is_mandatory': False}, {'no': 4, 'source': '환경부지침', 'law_ref': None, 'field_key': 'damage_status', 'field_name': '피해 현황', 'is_mandatory': False}, {'no': 5, 'source': '법정', 'law_ref': '화학물질관리법 제44조', 'field_key': 'recurrence_prevention', 'field_name': '재발 방지 대책', 'is_mandatory': True}]",False,True,팩스(팝빌) / 이메일,COPY_OK,BUSINESS,True,True,법정서식,환경부,,,환경부장관 또는 관계 행정기관,사고후,,지방환경관서,env,온라인/서면,icis.me.go.kr,True,True,True,사고종결후 30일 이내,,,,30
DOC-CHEM-008,유해화학물질 취급기록부,COMMON,일상,화학물질관리법 제29조,법정필수,B,A,factory,화학물질 종류 수량,3,https://www.law.go.kr/LSW/flDownload.do?flSeq=158959493,"[{'no': 1, 'source': '법정', 'law_ref': '화학물질관리법 제29조', 'field_key': 'chemical_name_content', 'field_name': '화학물질 명칭 및 함량', 'is_mandatory': True}, {'no': 2, 'source': '법정', 'law_ref': '화학물질관리법 제29조', 'field_key': 'handling_datetime', 'field_name': '취급 일시', 'is_mandatory': True}, {'no': 3, 'source': '법정', 'law_ref': '화학물질관리법 제29조', 'field_key': 'handler_information', 'field_name': '취급자 정보', 'is_mandatory': True}, {'no': 4, 'source': '환경부지침', 'law_ref': None, 'field_key': 'leak_incident_status', 'field_name': '누출 및 사고 발생 여부', 'is_mandatory': False}, {'no': 5, 'source': 'KOSHA', 'law_ref': None, 'field_key': 'ppe_usage_status', 'field_name': '보호구 착용 여부', 'is_mandatory': False}]",True,True,TAI내 보관·열람,COPY_OK,BUSINESS,False,True,법정서식,자체보관,자체보관,,유해화학물질을 취급하는 자,상시,,자체보관,self,자체보관,-,False,False,False,5년 보관,,,,10
DOC-CHEM-009,유해화학물질 관리자 선임신고서,COMMON,일상,화학물질관리법 제31조,법정필수,D,C,factory/workers,자격정보,4,https://www.law.go.kr/LSW/flDownload.do?flSeq=158959517,"[{'no': 1, 'source': '법정', 'law_ref': '화학물질관리법 제31조, 시행규칙 별지', 'field_key': 'reporter_business_name', 'field_name': '신고인 상호 또는 명칭', 'is_mandatory': True}, {'no': 2, 'source': '법정', 'law_ref': '화학물질관리법 시행규칙 별지', 'field_key': 'business_registration_number', 'field_name': '사업자등록번호', 'is_mandatory': True}, {'no': 3, 'source': '법정', 'law_ref': '화학물질관리법 시행규칙 별지', 'field_key': 'workplace_address', 'field_name': '사업장 소재지', 'is_mandatory': True}, {'no': 4, 'source': '법정', 'law_ref': '화학물질관리법 제31조', 'field_key': 'hazardous_chemical_manager_name', 'field_name': '유해화학물질 관리자 성명', 'is_mandatory': True}, {'no': 5, 'source': '법정', 'law_ref': '화학물질관리법 시행규칙 별지', 'field_key': 'manager_contact', 'field_name': '관리자 연락처', 'is_mandatory': True}, {'no': 6, 'source': '법정', 'law_ref': '화학물질관리법 제31조', 'field_key': 'manager_qualification_training', 'field_name': '관리자 자격 또는 교육 이수 사항', 'is_mandatory': True}, {'no': 7, 'source': '법정', 'law_ref': '화학물질관리법 제31조', 'field_key': 'appointment_date', 'field_name': '선임일자', 'is_mandatory': True}]",True,True,팩스(팝빌) / ICIS 링크 안내,DIGITAL_OK,BUSINESS,False,True,법정서식,지자체,,,유해화학물질 영업자,수시,,지방환경관서,env,온라인/팩스,icis.me.go.kr,True,True,True,선임후 15일 이내,,신고(화학물질관리법 제31조),,50
DOC-CHEM-010,화학물질 등록신청서,COMMON,착공전,화학물질등록평가법 제10조,법정필수,X,X,-,전문 영역,5,https://www.law.go.kr/LSW/flDownload.do?flSeq=159735913,"[{'no': 1, 'source': '법정', 'law_ref': '화학물질등록평가법 제10조', 'field_key': 'applicant_info', 'field_name': '신청인 정보', 'is_mandatory': True}, {'no': 2, 'source': '법정', 'law_ref': '화학물질등록평가법 제10조', 'field_key': 'chemical_identity', 'field_name': '화학물질 식별정보', 'is_mandatory': True}, {'no': 3, 'source': '법정', 'law_ref': '화학물질등록평가법 제10조', 'field_key': 'manufacture_import_volume', 'field_name': '제조 또는 수입량', 'is_mandatory': True}, {'no': 4, 'source': '법정', 'law_ref': '화학물질등록평가법 제10조', 'field_key': 'use_info', 'field_name': '용도 정보', 'is_mandatory': True}, {'no': 5, 'source': '법정', 'law_ref': '화학물질등록평가법 제10조', 'field_key': 'hazard_data', 'field_name': '유해성 자료', 'is_mandatory': True}]",True,False,ICIS 링크 안내만 가능,DIGITAL_OK,BUSINESS,False,True,법정서식,환경부,제조 또는 수입 전,,화학물질을 제조수입하려는 자,1회,,국립환경과학원,env,온라인,icis.me.go.kr,False,True,False,복잡한 심사절차,,환경부장관에게 등록 신청(화학물질등록평가법 제10조),,0
DOC-CHEM-011,유해성위해성 자료 제출서,COMMON,착공전,화학물질등록평가법,법정필수,X,X,-,전문 영역,5,https://www.law.go.kr/LSW/flDownload.do?flSeq=159736075,"[{'no': 1, 'source': '법정', 'law_ref': '화학물질등록평가법', 'field_key': 'submitter_information', 'field_name': '제출자 정보', 'is_mandatory': True}, {'no': 2, 'source': '법정', 'law_ref': '화학물질등록평가법', 'field_key': 'chemical_identity_information', 'field_name': '화학물질 명칭 및 식별정보', 'is_mandatory': True}, {'no': 3, 'source': '법정', 'law_ref': '화학물질등록평가법', 'field_key': 'physicochemical_property_data', 'field_name': '물리적화학적 특성 자료', 'is_mandatory': True}, {'no': 4, 'source': '법정', 'law_ref': '화학물질등록평가법', 'field_key': 'human_health_hazard_data', 'field_name': '인체 유해성 자료', 'is_mandatory': True}, {'no': 5, 'source': '법정', 'law_ref': '화학물질등록평가법', 'field_key': 'environmental_hazard_data', 'field_name': '환경 유해성 자료', 'is_mandatory': True}, {'no': 6, 'source': '법정', 'law_ref': '화학물질등록평가법', 'field_key': 'exposure_risk_assessment_data', 'field_name': '노출 및 위해성 평가 자료', 'is_mandatory': True}]",True,False,ICIS 링크 안내만 가능,DIGITAL_OK,BUSINESS,False,True,법정서식,환경부,,,등록신청자 또는 자료 제출의무자,1회,,국립환경과학원,env,온라인,icis.me.go.kr,False,True,False,-,,환경부장관에게 제출(화학물질등록평가법),,0
DOC-CHEM-012,화학물질 정보제공서,COMMON,일상,화학물질등록평가법 제29조,법정필수,X,X,-,제조사 영역,5,https://www.law.go.kr/LSW/flDownload.do?flSeq=159736129,"[{'no': 1, 'source': '법정', 'law_ref': '화학물질등록평가법 제29조', 'field_key': 'provider_recipient_information', 'field_name': '제공자 및 수령자 정보', 'is_mandatory': True}, {'no': 2, 'source': '법정', 'law_ref': '화학물질등록평가법 제29조', 'field_key': 'chemical_name_registration_number', 'field_name': '화학물질 명칭 및 등록번호', 'is_mandatory': True}, {'no': 3, 'source': '법정', 'law_ref': '화학물질등록평가법 제29조', 'field_key': 'chemical_use', 'field_name': '화학물질의 용도', 'is_mandatory': True}, {'no': 4, 'source': '법정', 'law_ref': '화학물질등록평가법 제29조', 'field_key': 'hazard_and_risk_information', 'field_name': '유해성 및 위해성 정보', 'is_mandatory': True}, {'no': 5, 'source': '법정', 'law_ref': '화학물질등록평가법 제29조', 'field_key': 'safe_use_information', 'field_name': '안전사용 정보', 'is_mandatory': True}]",True,True,이메일 자동발송(하위사용자),DIGITAL_OK,BUSINESS,False,True,법정서식,수요자,양도할 때,,등록된 화학물질 또는 이를 함유한 혼합물을 양도하는 자,수시,,자체보관/하위사용자,self,자체보관,-,False,True,False,-,,"해당 화학물질의 등록번호, 명칭, 유해성 및 위해성 정보 등을 제공(화학물질등록평가법 제29조)",,0
DOC-CHEM-013,화학사고예방관리계획서,INDUSTRIAL,착공전,화학물질관리법 제23조,의무,B,X,,,5,https://www.law.go.kr/LSW/flDownload.do?flSeq=158959301,"[{'no': 1, 'source': '법정', 'law_ref': '화학물질관리법 제23조', 'field_key': 'workplace_information', 'field_name': '사업장 정보', 'is_mandatory': True}, {'no': 2, 'source': '법정', 'law_ref': '화학물질관리법 제23조', 'field_key': 'chemical_information', 'field_name': '취급 화학물질 정보', 'is_mandatory': True}, {'no': 3, 'source': '법정', 'law_ref': '화학물질관리법 제23조', 'field_key': 'accident_prevention_measures', 'field_name': '사고 예방조치', 'is_mandatory': True}, {'no': 4, 'source': '법정', 'law_ref': '화학물질관리법 제23조', 'field_key': 'emergency_response_plan', 'field_name': '비상대응 계획', 'is_mandatory': True}]",True,False,,DIGITAL_OK,BUSINESS,False,True,법정서식,,사전 제출,,사업자,,1천만원 이하 과태료(화학물질관리법 제64조),,,,,False,False,False,,False,정보통신망을 이용하여 제출,,0
DOC-CHEM-014,화학사고예방관리계획서 변경검토 신청서,INDUSTRIAL,변경시,화학물질관리법 제23조,의무,C,X,,,5,https://www.law.go.kr/LSW/flDownload.do?flSeq=158959319,"[{'no': 1, 'source': '법정', 'law_ref': '화학물질관리법 제23조', 'field_key': 'target_plan', 'field_name': '변경 대상 계획서', 'is_mandatory': True}, {'no': 2, 'source': '법정', 'law_ref': '화학물질관리법 제23조', 'field_key': 'change_details', 'field_name': '변경 내용', 'is_mandatory': True}, {'no': 3, 'source': '법정', 'law_ref': '화학물질관리법 제23조', 'field_key': 'change_reason', 'field_name': '변경 사유', 'is_mandatory': True}]",True,False,,DIGITAL_OK,BUSINESS,False,True,법정서식,,변경 전 제출,,사업자,,,,,,,False,False,False,,False,정보통신망 제출,,0
DOC-CHEM-015,유해화학물질 영업허가 신청서,INDUSTRIAL,일상,"화학물질관리법 제28조, 시행규칙 별지 제43호",의무,C,X,,,5,https://www.law.go.kr/LSW/flDownload.do?flSeq=158959543,"[{'no': 1, 'source': '법정', 'law_ref': '시행규칙 별지 제43호', 'field_key': 'applicant_information', 'field_name': '신청인 정보', 'is_mandatory': True}, {'no': 2, 'source': '법정', 'law_ref': '시행규칙 별지 제43호', 'field_key': 'business_type', 'field_name': '영업 종류', 'is_mandatory': True}, {'no': 3, 'source': '법정', 'law_ref': '시행규칙 별지 제43호', 'field_key': 'facility_equipment', 'field_name': '시설 및 장비', 'is_mandatory': True}]",True,False,,ORIGINAL_ONLY,BUSINESS,False,True,법정서식,,영업 개시 전,,사업자,,5천만원 이하 벌금 또는 5년 이하 징역(법 제59조),,,,,False,False,False,,False,서면 제출,,0
DOC-CHEM-016,유해화학물질 연간 취급예정량 서류,INDUSTRIAL,일상,화학물질관리법 시행규칙 별지 제44호,의무,D,X,,,5,https://www.law.go.kr/LSW/flDownload.do?flSeq=158959435,"[{'no': 1, 'source': '법정', 'law_ref': '시행규칙 별지 제44호', 'field_key': 'workplace_information', 'field_name': '사업장 정보', 'is_mandatory': True}, {'no': 2, 'source': '법정', 'law_ref': '시행규칙 별지 제44호', 'field_key': 'expected_handling_quantity', 'field_name': '화학물질별 취급예정량', 'is_mandatory': True}]",True,False,,DIGITAL_OK,BUSINESS,False,True,법정서식,,매년 제출,,사업자,,,,,,,False,False,False,,False,정보통신망 제출,,0
DOC-CHEM-017,유해화학물질 영업 변경허가 신청서,INDUSTRIAL,변경시,화학물질관리법 제28조제5항,의무,C,X,,,5,https://www.law.go.kr/LSW/flDownload.do?flSeq=158959457,"[{'no': 1, 'source': '법정', 'law_ref': '화학물질관리법 제28조', 'field_key': 'previous_business_info', 'field_name': '변경 전 영업 정보', 'is_mandatory': True}, {'no': 2, 'source': '법정', 'law_ref': '화학물질관리법 제28조', 'field_key': 'new_business_info', 'field_name': '변경 후 영업 내용', 'is_mandatory': True}]",True,False,,ORIGINAL_ONLY,BUSINESS,False,True,법정서식,,변경 전,,사업자,,5천만원 이하 벌금 또는 5년 이하 징역,,,,,False,False,False,,False,서면 제출,,0
DOC-CHEM-018,유해화학물질 영업 변경신고서,INDUSTRIAL,변경시,화학물질관리법 제28조제5항,의무,C,X,,,5,https://www.law.go.kr/LSW/flDownload.do?flSeq=158959457,"[{'no': 1, 'source': '법정', 'law_ref': '화학물질관리법 제28조', 'field_key': 'change_details', 'field_name': '변경 내용', 'is_mandatory': True}, {'no': 2, 'source': '법정', 'law_ref': '화학물질관리법 제28조', 'field_key': 'change_reason', 'field_name': '변경 사유', 'is_mandatory': True}]",True,False,,DIGITAL_OK,BUSINESS,False,True,법정서식,,변경 후 즉시,,사업자,,1천만원 이하 과태료,,,,,False,False,False,,False,정보통신망 제출,,0
DOC-CHEM-019,유해화학물질 시약 판매업 신고서,INDUSTRIAL,일상,"화학물질관리법 제29조의3, 시행규칙 별지 제47호의3",의무,D,X,,,5,https://www.law.go.kr/LSW/flDownload.do?flSeq=158959469,"[{'no': 1, 'source': '법정', 'law_ref': '시행규칙 별지 제47호의3', 'field_key': 'reporter_information', 'field_name': '신고인 정보', 'is_mandatory': True}, {'no': 2, 'source': '법정', 'law_ref': '시행규칙 별지 제47호의3', 'field_key': 'sales_facility_info', 'field_name': '판매 시설 정보', 'is_mandatory': True}]",True,False,,DIGITAL_OK,BUSINESS,False,True,법정서식,,영업 개시 전,,사업자,,500만원 이하 과태료,,,,,False,False,False,,False,정보통신망 또는 서면 제출,,0
DOC-CHEM-020,유해화학물질 관리자 해임퇴직 신고서,INDUSTRIAL,일상,"화학물질관리법 제32조, 시행규칙 별지 제49호",의무,C,X,,,5,https://www.law.go.kr/LSW/flDownload.do?flSeq=158959517,"[{'no': 1, 'source': '법정', 'law_ref': '시행규칙 별지 제49호', 'field_key': 'manager_information', 'field_name': '관리자 정보', 'is_mandatory': True}, {'no': 2, 'source': '법정', 'law_ref': '시행규칙 별지 제49호', 'field_key': 'dismissal_date', 'field_name': '해임 또는 퇴직일', 'is_mandatory': True}]",True,False,,DIGITAL_OK,BUSINESS,False,True,법정서식,,해임 또는 퇴직 후 30일 이내,,사업자,,500만원 이하 과태료,,,,,False,False,False,,False,정보통신망 제출,,0
DOC-CHEM-021,유해화학물질 영업 실적보고서,INDUSTRIAL,정기,화학물질관리법 제49조,의무,B,X,,,5,,"[{'no': 1, 'source': '법정', 'law_ref': '화학물질관리법 제49조', 'field_key': 'workplace_information', 'field_name': '사업장 정보', 'is_mandatory': True}, {'no': 2, 'source': '법정', 'law_ref': '화학물질관리법 제49조', 'field_key': 'annual_handling_quantity', 'field_name': '연간 취급량', 'is_mandatory': True}]",False,False,,DIGITAL_OK,BUSINESS,False,True,법정서식,,매년 보고,,사업자,,500만원 이하 과태료,,,,,False,False,False,,False,정보통신망 제출,,0
DOC-CHEM-022,기존화학물질 신고서,INDUSTRIAL,일상,화학물질등록평가법 시행규칙 제6조의2,의무,C,X,,,5,https://www.law.go.kr/LSW/flDownload.do?flSeq=159735927,"[{'no': 1, 'source': '법정', 'law_ref': '시행규칙 제6조의2', 'field_key': 'substance_information', 'field_name': '신고물질 정보', 'is_mandatory': True}, {'no': 2, 'source': '법정', 'law_ref': '시행규칙 제6조의2', 'field_key': 'reporter_information', 'field_name': '신고자 정보', 'is_mandatory': True}]",True,False,,DIGITAL_OK,BUSINESS,False,True,법정서식,,제조 또는 수입 전,,사업자,,1억원 이하 벌금,,,,,False,False,False,,False,전자문서 제출,,0
DOC-CHEM-023,신규화학물질 신고서,INDUSTRIAL,일상,화학물질등록평가법 시행규칙 제6조의3,의무,C,X,,,5,https://www.law.go.kr/LSW/flDownload.do?flSeq=159735943,"[{'no': 1, 'source': '법정', 'law_ref': '화학물질등록평가법 시행규칙 제6조의3', 'field_key': 'reporter_information', 'field_name': '신고인 정보', 'is_mandatory': True}, {'no': 2, 'source': '법정', 'law_ref': '화학물질등록평가법 시행규칙 제6조의3', 'field_key': 'new_chemical_identity', 'field_name': '신규화학물질 명칭 및 식별정보', 'is_mandatory': True}, {'no': 3, 'source': '법정', 'law_ref': '화학물질등록평가법 시행규칙 제6조의3', 'field_key': 'manufacture_import_volume', 'field_name': '제조 또는 수입 예정량', 'is_mandatory': True}, {'no': 4, 'source': '법정', 'law_ref': '화학물질등록평가법 시행규칙 제6조의3', 'field_key': 'use', 'field_name': '용도', 'is_mandatory': True}]",True,False,,DIGITAL_OK,BUSINESS,False,True,법정서식,,제조 또는 수입 전,,신규화학물질을 제조 또는 수입하려는 자,,,,,,,False,False,False,,False,국립환경과학원장에게 신고,,0
DOC-CHEM-024,화학물질 등록등면제확인 신청서,INDUSTRIAL,일상,화학물질등록평가법 시행규칙 제7조,의무,D,X,,,5,https://www.law.go.kr/LSW/flDownload.do?flSeq=159735999,"[{'no': 1, 'source': '법정', 'law_ref': '화학물질등록평가법 시행규칙 제7조', 'field_key': 'applicant_information', 'field_name': '신청인 정보', 'is_mandatory': True}, {'no': 2, 'source': '법정', 'law_ref': '화학물질등록평가법 시행규칙 제7조', 'field_key': 'chemical_name_identifier', 'field_name': '화학물질 명칭 및 고유번호', 'is_mandatory': True}, {'no': 3, 'source': '법정', 'law_ref': '화학물질등록평가법 시행규칙 제7조', 'field_key': 'exemption_reason', 'field_name': '면제확인 대상 사유', 'is_mandatory': True}, {'no': 4, 'source': '법정', 'law_ref': '화학물질등록평가법 시행규칙 제7조', 'field_key': 'manufacture_import_volume', 'field_name': '제조 또는 수입 예정량', 'is_mandatory': True}]",True,False,,DIGITAL_OK,BUSINESS,False,True,법정서식,,제조 또는 수입 전,,등록등면제확인을 받으려는 자,,,,,,,False,False,False,,False,한국환경공단 이사장에게 제출,,0
DOC-CHEM-025,화학물질 등록등면제확인 변경신청서,INDUSTRIAL,변경시,화학물질등록평가법 시행규칙 제7조의2,의무,D,X,,,5,https://www.law.go.kr/LSW/flDownload.do?flSeq=159735999,"[{'no': 1, 'source': '법정', 'law_ref': '화학물질등록평가법 시행규칙 제7조의2', 'field_key': 'applicant_information', 'field_name': '신청인 정보', 'is_mandatory': True}, {'no': 2, 'source': '법정', 'law_ref': '화학물질등록평가법 시행규칙 제7조의2', 'field_key': 'existing_exemption_confirmation_number', 'field_name': '기존 면제확인 번호', 'is_mandatory': True}, {'no': 3, 'source': '법정', 'law_ref': '화학물질등록평가법 시행규칙 제7조의2', 'field_key': 'change_details', 'field_name': '변경 내용', 'is_mandatory': True}, {'no': 4, 'source': '법정', 'law_ref': '화학물질등록평가법 시행규칙 제7조의2', 'field_key': 'change_reason', 'field_name': '변경 사유', 'is_mandatory': True}]",True,False,,DIGITAL_OK,BUSINESS,False,True,법정서식,,변경 사유 발생 시,,등록등면제확인 변경을 신청하려는 자,,,,,,,False,False,False,,False,한국환경공단 이사장에게 제출,,0
DOC-CHEM-026,화학물질 변경등록 신청서,INDUSTRIAL,변경시,화학물질등록평가법 시행규칙 제9조,의무,C,X,,,5,https://www.law.go.kr/LSW/flDownload.do?flSeq=159735973,"[{'no': 1, 'source': '법정', 'law_ref': '화학물질등록평가법 시행규칙 제9조', 'field_key': 'applicant_information', 'field_name': '신청인 정보', 'is_mandatory': True}, {'no': 2, 'source': '법정', 'law_ref': '화학물질등록평가법 시행규칙 제9조', 'field_key': 'registration_number', 'field_name': '등록번호', 'is_mandatory': True}, {'no': 3, 'source': '법정', 'law_ref': '화학물질등록평가법 시행규칙 제9조', 'field_key': 'chemical_information_for_change_registration', 'field_name': '변경등록 대상 화학물질 정보', 'is_mandatory': True}, {'no': 4, 'source': '법정', 'law_ref': '화학물질등록평가법 시행규칙 제9조', 'field_key': 'change_details_and_reason', 'field_name': '변경 내용 및 사유', 'is_mandatory': True}]",True,False,,DIGITAL_OK,BUSINESS,False,True,법정서식,,변경등록 사유 발생 시 법령상 기한 내,,화학물질을 등록한 자,,,,,,,False,False,False,,False,국립환경과학원장에게 신청,,0
DOC-CHEM-027,등록한 자의 변경신고서,INDUSTRIAL,변경시,화학물질등록평가법 시행규칙 제11조,의무,D,X,,,5,https://www.law.go.kr/LSW/flDownload.do?flSeq=159735973,"[{'no': 1, 'source': '법정', 'law_ref': '화학물질등록평가법 시행규칙 제11조', 'field_key': 'reporter_information', 'field_name': '신고인 정보', 'is_mandatory': True}, {'no': 2, 'source': '법정', 'law_ref': '화학물질등록평가법 시행규칙 제11조', 'field_key': 'registration_number', 'field_name': '등록번호', 'is_mandatory': True}, {'no': 3, 'source': '법정', 'law_ref': '화학물질등록평가법 시행규칙 제11조', 'field_key': 'previous_details', 'field_name': '변경 전 사항', 'is_mandatory': True}, {'no': 4, 'source': '법정', 'law_ref': '화학물질등록평가법 시행규칙 제11조', 'field_key': 'new_details', 'field_name': '변경 후 사항', 'is_mandatory': True}]",True,False,,DIGITAL_OK,BUSINESS,False,True,법정서식,,변경 사유 발생 시,,화학물질을 등록한 자,,,,,,,False,False,False,,False,국립환경과학원장에게 신고,,0
DOC-CON-001,안전관리계획서,CONSTRUCTION,착공전,건설기술진흥법 제62조,법정필수,C,B,factory/법령엔진,공종별 안전대책,4,,"[{'no': 1, 'source': '법정', 'law_ref': '건설기술진흥법 시행규칙 별지', 'field_key': 'project_overview', 'field_name': '공사 개요', 'is_mandatory': True}, {'no': 2, 'source': '법정', 'law_ref': '건설기술진흥법 제62조', 'field_key': 'hazard_and_safety_measures', 'field_name': '위험요인 및 안전대책', 'is_mandatory': True}, {'no': 3, 'source': '법정', 'law_ref': '건설기술진흥법 시행규칙 별지', 'field_key': 'safety_organization_responsibility', 'field_name': '안전관리 조직 및 책임자', 'is_mandatory': True}, {'no': 4, 'source': '법정', 'law_ref': '건설기술진흥법 제62조', 'field_key': 'emergency_response_plan', 'field_name': '비상대응 계획', 'is_mandatory': True}, {'no': 5, 'source': '고용노동부지침', 'law_ref': None, 'field_key': 'training_and_inspection_plan', 'field_name': '교육 및 점검 계획', 'is_mandatory': False}]",True,True,이메일 자동발송 / 팩스(팝빌),COPY_OK,BUSINESS,False,True,법정서식,발주처/감리,착공 전,,건설사업자 또는 주택건설등록업자,착공시,,발주청/감리자,molit,서면/온라인,-,True,True,True,착공전 제출,,발주자에게 제출하여 승인. 발주청이 아닌 발주자는 사본을 인허가기관의 장에게 제출하여 승인(건설기술진흥법 제62조),,30
DOC-CON-002,안전관리계획서 승인서,CONSTRUCTION,착공전,건설기술진흥법,법정필수,X,X,-,감리 영역,5,,"[{'no': 1, 'source': '법정', 'law_ref': '건설기술진흥법 제62조', 'field_key': 'project_name_location', 'field_name': '공사명 및 공사 위치', 'is_mandatory': True}, {'no': 2, 'source': '법정', 'law_ref': '건설기술진흥법 제62조', 'field_key': 'contractor_information', 'field_name': '시공자 정보', 'is_mandatory': True}, {'no': 3, 'source': '법정', 'law_ref': '건설기술진흥법 제62조', 'field_key': 'submitted_safety_plan_name', 'field_name': '제출된 안전관리계획서명', 'is_mandatory': True}, {'no': 4, 'source': '법정', 'law_ref': '건설기술진흥법 제62조', 'field_key': 'approval_status', 'field_name': '승인 여부', 'is_mandatory': True}, {'no': 5, 'source': '법정', 'law_ref': '건설기술진흥법 시행규칙 별지', 'field_key': 'supplementary_or_conditional_approval_items', 'field_name': '보완 또는 조건부 승인 사항', 'is_mandatory': True}, {'no': 6, 'source': '법정', 'law_ref': '건설기술진흥법 제62조', 'field_key': 'approval_date_agency', 'field_name': '승인일자 및 승인기관', 'is_mandatory': True}]",True,False,링크 안내만 가능,COPY_OK,BUSINESS,True,True,법정서식,발주처,안전관리계획 검토 후,,발주청 또는 인허가기관의 장,1회,,발주청,molit,서면,-,True,False,True,발주청 발행,,검토 결과를 건설사업자와 주택건설등록업자에게 통보(건설기술진흥법 제62조),,0
DOC-CON-003,품질관리계획서,CONSTRUCTION,착공전,건설기술진흥법 제55조,법정필수,X,X,-,시공사 전문,5,,"[{'no': 1, 'source': '법정', 'law_ref': '건설기술진흥법 제55조', 'field_key': 'project_overview', 'field_name': '공사 개요', 'is_mandatory': True}, {'no': 2, 'source': '법정', 'law_ref': '건설기술진흥법 제55조', 'field_key': 'quality_organization_responsibility', 'field_name': '품질관리 조직 및 책임자', 'is_mandatory': True}, {'no': 3, 'source': '법정', 'law_ref': '건설기술진흥법 제55조', 'field_key': 'quality_control_work_material_scope', 'field_name': '품질관리 대상 공종 및 자재', 'is_mandatory': True}, {'no': 4, 'source': '법정', 'law_ref': '건설기술진흥법 제55조', 'field_key': 'quality_test_inspection_plan', 'field_name': '품질시험 및 검사 계획', 'is_mandatory': True}, {'no': 5, 'source': '법정', 'law_ref': '건설기술진흥법 제55조', 'field_key': 'nonconforming_item_corrective_action_procedure', 'field_name': '부적합품 관리 및 시정조치 절차', 'is_mandatory': True}, {'no': 6, 'source': '법정', 'law_ref': '건설기술진흥법 제55조', 'field_key': 'quality_record_management_method', 'field_name': '품질기록 관리 방법', 'is_mandatory': True}]",True,True,이메일 자동발송 / 팩스(팝빌),COPY_OK,BUSINESS,False,True,법정서식,발주처,공사 착수 전 또는 발주자 승인 전,,건설사업자 또는 주택건설등록업자,착공시,,발주청/감리자,molit,서면/온라인,-,True,True,True,착공전 제출,,발주자에게 제출하여 승인. 발주청이 아닌 발주자는 사본을 인허가기관의 장에게 제출(건설기술진흥법 제55조),,0
DOC-CON-004,시공계획서,CONSTRUCTION,착공전,건설기술진흥법,법정필수,X,X,-,시공사 전문,5,,"[{'no': 1, 'source': '법정', 'law_ref': '건설기술진흥법', 'field_key': 'project_name_work_type', 'field_name': '공사명 및 공종', 'is_mandatory': True}, {'no': 2, 'source': '공인기관지침', 'law_ref': None, 'field_key': 'construction_scope_method', 'field_name': '시공 범위 및 방법', 'is_mandatory': False}, {'no': 3, 'source': '공인기관지침', 'law_ref': None, 'field_key': 'construction_sequence_schedule', 'field_name': '시공 순서 및 공정표', 'is_mandatory': False}, {'no': 4, 'source': '공인기관지침', 'law_ref': None, 'field_key': 'labor_equipment_material_plan', 'field_name': '투입 인력장비자재 계획', 'is_mandatory': False}, {'no': 5, 'source': '공인기관지침', 'law_ref': None, 'field_key': 'quality_safety_management_plan', 'field_name': '품질관리 및 안전관리 계획', 'is_mandatory': False}]",False,True,이메일 자동발송,COPY_OK,BUSINESS,False,True,법정서식,감리,,,건설사업자 또는 시공자,수시,,발주청/감리자,molit,서면,-,True,True,False,착공전 제출,,,,0
DOC-CON-005,착공신고서,CONSTRUCTION,착공전,건설산업기본법,법정필수,D,C,factory,공사 상세정보,5,,"[{'no': 1, 'source': '법정', 'law_ref': '건설산업기본법', 'field_key': 'project_overview', 'field_name': '공사 개요', 'is_mandatory': True}, {'no': 2, 'source': '법정', 'law_ref': '건설산업기본법', 'field_key': 'client_information', 'field_name': '발주자 정보', 'is_mandatory': True}, {'no': 3, 'source': '법정', 'law_ref': '건설산업기본법', 'field_key': 'contractor_information', 'field_name': '시공자 정보', 'is_mandatory': True}, {'no': 4, 'source': '법정', 'law_ref': '건설산업기본법', 'field_key': 'start_date', 'field_name': '착공일자', 'is_mandatory': True}, {'no': 5, 'source': '법정', 'law_ref': '건설산업기본법', 'field_key': 'construction_period', 'field_name': '공사 기간', 'is_mandatory': True}]",True,False,EAIS 포털 링크 안내,COPY_OK,BUSINESS,False,True,법정서식,지자체,,,건설사업자 또는 발주자,1회,,발주청/지자체,local_gov,온라인,eais.go.kr,False,False,False,건축행정시스템,,,,50
DOC-CON-006,공사일지,CONSTRUCTION,일상,건설기술진흥법,법정필수,A,S,factory/inspections,-,1,,"[{'no': 1, 'source': '법정', 'law_ref': '건설기술진흥법 시행규칙 별지', 'field_key': 'project_name', 'field_name': '공사명', 'is_mandatory': True}, {'no': 2, 'source': '법정', 'law_ref': '별지', 'field_key': 'date', 'field_name': '작성일자', 'is_mandatory': True}, {'no': 3, 'source': '법정', 'law_ref': '별지', 'field_key': 'work', 'field_name': '작업내용', 'is_mandatory': True}, {'no': 4, 'source': '법정', 'law_ref': '별지', 'field_key': 'progress', 'field_name': '공정 진행', 'is_mandatory': True}, {'no': 5, 'source': '법정', 'law_ref': '별지', 'field_key': 'workers', 'field_name': '투입 인원', 'is_mandatory': True}, {'no': 6, 'source': '법정', 'law_ref': '별지', 'field_key': 'equipment', 'field_name': '장비 사용', 'is_mandatory': True}, {'no': 7, 'source': '법정', 'law_ref': '별지', 'field_key': 'safety', 'field_name': '안전관리 사항', 'is_mandatory': True}, {'no': 8, 'source': '국토부지침', 'law_ref': None, 'field_key': 'incident', 'field_name': '사고 발생 여부', 'is_mandatory': False}, {'no': 9, 'source': '실무지침', 'law_ref': None, 'field_key': 'worker_list', 'field_name': '작업자 상세 명단', 'is_mandatory': False}, {'no': 10, 'source': 'KOSHA', 'law_ref': None, 'field_key': 'risk', 'field_name': '위험요인 기록', 'is_mandatory': False}, {'no': 11, 'source': '실무표준', 'law_ref': None, 'field_key': 'photos', 'field_name': '사진 첨부', 'is_mandatory': False}, {'no': 12, 'source': '감리지침', 'law_ref': None, 'field_key': 'instructions', 'field_name': '지시사항', 'is_mandatory': False}]",True,False,,COPY_OK,BUSINESS,False,True,법정서식,자체보관,자체보관,,시공자 또는 건설사업관리기술인,일일,,,,,,False,False,False,,,,,0
DOC-CON-007,안전점검일지(건설),CONSTRUCTION,일상,산안법 제38조,법정필수,A,S,inspections,-,1,,"[{'no': 1, 'source': '법정', 'law_ref': '산안법 제38조', 'field_key': 'inspection_done', 'field_name': '점검 실시 여부', 'is_mandatory': True}, {'no': 2, 'source': 'KOSHA', 'law_ref': None, 'field_key': 'inspection_datetime', 'field_name': '점검일시', 'is_mandatory': False}, {'no': 3, 'source': 'KOSHA', 'law_ref': None, 'field_key': 'inspector', 'field_name': '점검자', 'is_mandatory': False}, {'no': 4, 'source': 'KOSHA', 'law_ref': None, 'field_key': 'risk', 'field_name': '위험요인', 'is_mandatory': False}, {'no': 5, 'source': 'KOSHA', 'law_ref': None, 'field_key': 'action', 'field_name': '조치사항', 'is_mandatory': False}]",False,False,,COPY_OK,BUSINESS,False,True,법정서식,자체보관,자체보관,,사업주 또는 관리감독자,일/주,,,,,,False,False,False,,,,,0
DOC-CON-008,작업계획서(고위험작업),CONSTRUCTION,작업시,산안법 제42조,법정필수,B,A,factory,작업내용 위험요인,2,,"[{'no': 1, 'source': '법정', 'law_ref': '안전보건규칙 제38조제1항', 'field_key': 'work_name_location', 'field_name': '작업명 및 작업 장소', 'is_mandatory': True}, {'no': 2, 'source': '법정', 'law_ref': '안전보건규칙 제38조제1항', 'field_key': 'site_ground_strata_survey_result', 'field_name': '지형·지반·지층 상태 사전조사 결과', 'is_mandatory': True}, {'no': 3, 'source': '법정', 'law_ref': '안전보건규칙 제38조제1항', 'field_key': 'work_plan_sequence', 'field_name': '작업계획 및 작업 순서', 'is_mandatory': True}, {'no': 4, 'source': '법정', 'law_ref': '안전보건규칙 제38조 별표4', 'field_key': 'equipment_and_movement_route', 'field_name': '사용 기계·장비 및 운행경로', 'is_mandatory': True}, {'no': 5, 'source': '법정', 'law_ref': '안전보건규칙 제38조', 'field_key': 'work_supervisor_assignment', 'field_name': '작업지휘자 지정', 'is_mandatory': True}, {'no': 6, 'source': '법정', 'law_ref': '안전보건규칙 제38조', 'field_key': 'hazards_and_protective_measures', 'field_name': '위험요인 및 방호조치', 'is_mandatory': True}]",False,True,TAI내 보관·열람,COPY_OK,BUSINESS,False,True,법정서식,자체보관/감리,작업 시작 전 작성,,사업주,수시,,자체보관,self,자체보관,-,False,False,False,근로감독관 요청시 제출,,,,10
DOC-CON-009,유해위험방지계획서(건설),CONSTRUCTION,착공전,산안법 제42조,법정필수,C,B,factory/법령엔진,공종별 위험요인,4,https://www.law.go.kr/LSW/flDownload.do?flSeq=152467653,"[{'no': 1, 'source': '법정', 'law_ref': '산안법 제42조, 시행규칙 제42조, 별지', 'field_key': 'project_overview', 'field_name': '공사 개요', 'is_mandatory': True}, {'no': 2, 'source': '법정', 'law_ref': '산안법 시행규칙 제42조', 'field_key': 'construction_process_sequence', 'field_name': '공사 공정 및 작업순서', 'is_mandatory': True}, {'no': 3, 'source': '법정', 'law_ref': '산안법 제42조', 'field_key': 'hazard_and_prevention_measures', 'field_name': '유해위험요인 및 방지대책', 'is_mandatory': True}, {'no': 4, 'source': '법정', 'law_ref': '산안법 시행규칙 제42조', 'field_key': 'safety_organization_responsibility', 'field_name': '안전보건관리 조직 및 책임자', 'is_mandatory': True}, {'no': 5, 'source': '법정', 'law_ref': '산안법 시행규칙 제42조', 'field_key': 'layout_drawings', 'field_name': '도면 및 배치도', 'is_mandatory': True}, {'no': 6, 'source': '법정', 'law_ref': '산안법 제43조', 'field_key': 'plan_execution_check_method', 'field_name': '계획 이행 점검 방법', 'is_mandatory': True}]",True,True,KOSHA 링크 안내 / 이메일,DIGITAL_OK,BUSINESS,False,True,법정서식,고용노동부,건설공사 착공 전,,사업주,착공시,1천만원 이하 과태료(산안법 제175조제5항),한국산업안전보건공단,kosha,온라인,kosha.or.kr,False,True,True,착공전 심사신청,,고용노동부장관에게 제출하고 심사(산안법 제42조),,30
DOC-CON-010,도급사업 안전보건조치계획,CONSTRUCTION,일상,산안법 제63조,법정필수,B,A,factory,조치내용,3,,"[{'no': 1, 'source': '법정', 'law_ref': '산안법 제63조', 'field_key': 'contracted_work_name_location', 'field_name': '도급 작업명 및 작업장소', 'is_mandatory': True}, {'no': 2, 'source': '법정', 'law_ref': '산안법 제63조', 'field_key': 'contractor_safety_health_measures', 'field_name': '도급인 안전보건조치 내용', 'is_mandatory': True}, {'no': 3, 'source': '법정', 'law_ref': '산안법 제63조', 'field_key': 'subcontractor_worker_hazards', 'field_name': '관계수급인 근로자 작업 위험요인', 'is_mandatory': True}, {'no': 4, 'source': '법정', 'law_ref': '산안법 제64조', 'field_key': 'sanitary_facility_cooperation', 'field_name': '위생시설 제공 및 이용 협조', 'is_mandatory': True}, {'no': 5, 'source': '법정', 'law_ref': '산안법 제64조', 'field_key': 'workplace_patrol_inspection_plan', 'field_name': '작업장 순회점검 계획', 'is_mandatory': True}, {'no': 6, 'source': '법정', 'law_ref': '산안법 제64조', 'field_key': 'subcontractor_safety_training_check', 'field_name': '관계수급인 안전보건교육 확인', 'is_mandatory': True}]",False,True,TAI내 보관·열람,COPY_OK,BUSINESS,False,True,법정서식,자체보관,자체보관,,도급인,수시,,자체보관,self,자체보관,-,False,False,False,-,,,,10
DOC-CON-011,안전보건협의체 회의록(건설),CONSTRUCTION,정기,산안법 제64조,법정필수,B,A,factory/workers,안건 결정사항,2,,"[{'no': 1, 'source': '법정', 'law_ref': '산안법 제64조제1항', 'field_key': 'council_members', 'field_name': '협의체 구성원 명단', 'is_mandatory': True}, {'no': 2, 'source': '법정', 'law_ref': '산안법 제64조제1항', 'field_key': 'meeting_datetime_location', 'field_name': '회의 일시 및 장소', 'is_mandatory': True}, {'no': 3, 'source': '법정', 'law_ref': '산안법 제64조제1항', 'field_key': 'work_start_contact_evacuation_discussion', 'field_name': '작업시간·연락방법·대피방법 협의 내용', 'is_mandatory': True}, {'no': 4, 'source': '법정', 'law_ref': '산안법 제64조제1항', 'field_key': 'patrol_and_joint_inspection_plan', 'field_name': '순회점검 및 합동점검 계획', 'is_mandatory': True}, {'no': 5, 'source': '고용노동부지침', 'law_ref': None, 'field_key': 'meeting_result_action_owner', 'field_name': '회의 결과 및 조치 담당자', 'is_mandatory': False}]",False,True,TAI내 보관·열람,COPY_OK,BUSINESS,False,True,법정서식,자체보관,자체보관,,도급인,월1회,,자체보관,self,자체보관,-,False,False,False,근로감독관 요청시 제출,,,,10
DOC-CON-012,TBM 기록(건설),CONSTRUCTION,일상,산안법,권고,A,S,TBM모듈,-,1,,"[{'no': 1, 'source': '고용노동부지침', 'law_ref': None, 'field_key': 'work_content', 'field_name': '작업내용', 'is_mandatory': False}, {'no': 2, 'source': 'KOSHA', 'law_ref': None, 'field_key': 'risk_share', 'field_name': '위험요인 공유', 'is_mandatory': False}, {'no': 3, 'source': 'KOSHA', 'law_ref': None, 'field_key': 'participants', 'field_name': '참석자', 'is_mandatory': False}, {'no': 4, 'source': 'KOSHA', 'law_ref': None, 'field_key': 'signatures', 'field_name': '서명', 'is_mandatory': False}]",False,False,,COPY_OK,BUSINESS,False,True,법정서식,자체보관,자체보관,,사업주 또는 관리감독자,일일,,,,,,False,False,False,,,,,0
DOC-CON-013,장비점검기록부,CONSTRUCTION,정기,산안법 제38조,법정필수,A,S,inspections,-,1,,"[{'no': 1, 'source': '법정', 'law_ref': '산안법 제38조', 'field_key': 'equipment_check', 'field_name': '장비 점검', 'is_mandatory': True}, {'no': 2, 'source': 'KOSHA', 'law_ref': None, 'field_key': 'equipment_name', 'field_name': '장비명', 'is_mandatory': False}, {'no': 3, 'source': '지침', 'law_ref': None, 'field_key': 'status', 'field_name': '상태', 'is_mandatory': False}]",False,False,,COPY_OK,BUSINESS,False,True,법정서식,자체보관,자체보관,,사업주 또는 관리감독자,일/주,,,,,,False,False,False,,,,,0
DOC-CON-014,비계 점검기록,CONSTRUCTION,정기,산안법 제38조,법정필수,A,S,inspections,-,1,,"[{'no': 1, 'source': '법정', 'law_ref': '안전보건규칙', 'field_key': 'scaffold_check', 'field_name': '비계 점검', 'is_mandatory': True}, {'no': 2, 'source': 'KOSHA', 'law_ref': None, 'field_key': 'install_status', 'field_name': '설치 상태', 'is_mandatory': False}, {'no': 3, 'source': '지침', 'law_ref': None, 'field_key': 'collapse_risk', 'field_name': '붕괴 위험', 'is_mandatory': False}]",False,False,,COPY_OK,BUSINESS,False,True,법정서식,자체보관,자체보관,,사업주 또는 관리감독자,수시,,,,,,False,False,False,,,,,0
DOC-CON-015,굴착작업 안전계획서,CONSTRUCTION,작업시,산안법,법정필수,B,A,factory,작업상세 위험요인,3,,"[{'no': 1, 'source': '법정', 'law_ref': '안전보건규칙 제38조제1항제6호', 'field_key': 'excavation_location_depth', 'field_name': '굴착 위치 및 굴착 깊이', 'is_mandatory': True}, {'no': 2, 'source': '법정', 'law_ref': '안전보건규칙 제38조제1항', 'field_key': 'ground_strata_condition_survey', 'field_name': '지반·지층 상태 조사 결과', 'is_mandatory': True}, {'no': 3, 'source': '법정', 'law_ref': '안전보건규칙 제338조', 'field_key': 'excavation_face_height_slope', 'field_name': '굴착면 높이 및 기울기', 'is_mandatory': True}, {'no': 4, 'source': '법정', 'law_ref': '안전보건규칙 제38조, 제338조', 'field_key': 'collapse_prevention_measures', 'field_name': '토사 붕괴 방지 조치', 'is_mandatory': True}, {'no': 5, 'source': 'KOSHA', 'law_ref': None, 'field_key': 'earth_retaining_support_status', 'field_name': '흙막이·버팀대 설치 상태', 'is_mandatory': False}, {'no': 6, 'source': 'KOSHA', 'law_ref': None, 'field_key': 'underground_utility_check', 'field_name': '지하매설물 확인 여부', 'is_mandatory': False}]",False,True,TAI내 보관·열람,COPY_OK,BUSINESS,False,True,법정서식,자체보관,굴착작업 시작 전 작성,,사업주,수시,,자체보관,self,자체보관,-,False,False,False,-,,,,10
DOC-CON-016,콘크리트 타설계획서,CONSTRUCTION,작업시,건설기술지침,권고,X,X,-,시공사 전문,5,,"[{'no': 1, 'source': '법정', 'law_ref': '건설기술진흥법 제55조', 'field_key': 'placement_location_part', 'field_name': '타설 위치 및 부위', 'is_mandatory': True}, {'no': 2, 'source': '공인기관지침', 'law_ref': None, 'field_key': 'placement_datetime_volume', 'field_name': '타설 일시 및 타설량', 'is_mandatory': False}, {'no': 3, 'source': '공인기관지침', 'law_ref': None, 'field_key': 'concrete_mix_strength', 'field_name': '콘크리트 배합 및 강도', 'is_mandatory': False}, {'no': 4, 'source': '공인기관지침', 'law_ref': None, 'field_key': 'placement_sequence_method', 'field_name': '타설 순서 및 방법', 'is_mandatory': False}, {'no': 5, 'source': 'KOSHA', 'law_ref': None, 'field_key': 'formwork_shoring_pre_check', 'field_name': '거푸집동바리 이상 여부 확인', 'is_mandatory': False}, {'no': 6, 'source': '법정', 'law_ref': '건설기술진흥법 제55조', 'field_key': 'curing_quality_test_plan', 'field_name': '양생 및 품질시험 계획', 'is_mandatory': True}]",False,True,이메일 자동발송,COPY_OK,BUSINESS,False,True,법정서식,감리,타설 전 작성,,시공자,수시,,자체보관/감리자,self,서면,-,True,True,False,감리자 제출,,,,0
DOC-CON-017,감리보고서,CONSTRUCTION,정기,건설기술진흥법,법정필수,X,X,-,감리 영역,5,,"[{'no': 1, 'source': '법정', 'law_ref': '건설기술진흥법', 'field_key': 'project_name_supervision_target', 'field_name': '공사명 및 감리 대상', 'is_mandatory': True}, {'no': 2, 'source': '법정', 'law_ref': '건설기술진흥법 시행규칙 별지', 'field_key': 'supervisor_and_period', 'field_name': '감리자 및 감리기간', 'is_mandatory': True}, {'no': 3, 'source': '법정', 'law_ref': '건설기술진흥법', 'field_key': 'construction_status_review_result', 'field_name': '시공 상태 확인 결과', 'is_mandatory': True}, {'no': 4, 'source': '법정', 'law_ref': '건설기술진흥법 제55조', 'field_key': 'quality_management_review_result', 'field_name': '품질관리 확인 결과', 'is_mandatory': True}, {'no': 5, 'source': '법정', 'law_ref': '건설기술진흥법 제62조', 'field_key': 'safety_management_review_result', 'field_name': '안전관리 확인 결과', 'is_mandatory': True}, {'no': 6, 'source': '법정', 'law_ref': '건설기술진흥법 시행규칙 별지', 'field_key': 'instructions_and_action_result', 'field_name': '지시사항 및 조치 결과', 'is_mandatory': True}]",True,False,링크 안내만 가능,COPY_OK,BUSINESS,False,True,법정서식,발주처,,,건설사업관리기술인 또는 감리자,정기,,발주청,molit,서면,-,True,True,False,감리자 발행,,,,0
DOC-CON-018,품질시험성적서,CONSTRUCTION,정기,건설기술진흥법,법정필수,X,X,-,시험기관,5,,"[{'no': 1, 'source': '법정', 'law_ref': '건설기술진흥법 제55조', 'field_key': 'test_target_material_or_work', 'field_name': '시험 대상 자재 또는 공종', 'is_mandatory': True}, {'no': 2, 'source': '법정', 'law_ref': '건설기술진흥법 제55조', 'field_key': 'test_items_and_standard', 'field_name': '시험 항목 및 기준', 'is_mandatory': True}, {'no': 3, 'source': '법정', 'law_ref': '건설기술진흥법 시행규칙', 'field_key': 'test_datetime_location', 'field_name': '시험 일시 및 장소', 'is_mandatory': True}, {'no': 4, 'source': '법정', 'law_ref': '건설기술진흥법 시행규칙', 'field_key': 'testing_agency_and_tester', 'field_name': '시험기관 및 시험자', 'is_mandatory': True}, {'no': 5, 'source': '법정', 'law_ref': '건설기술진흥법 제55조', 'field_key': 'test_result_value', 'field_name': '시험 결과값', 'is_mandatory': True}, {'no': 6, 'source': '법정', 'law_ref': '건설기술진흥법 제55조', 'field_key': 'conformance_judgment', 'field_name': '적합 여부 판정', 'is_mandatory': True}]",True,True,이메일 자동발송,COPY_OK,BUSINESS,False,True,법정서식,발주처,자체보관,,품질시험을 실시한 건설사업자 또는 품질검사기관,수시,,발주청/감리자,molit,서면,-,True,True,False,시험 후 제출,,,,0
DOC-CON-019,하도급관리대장,CONSTRUCTION,일상,건설산업기본법,법정필수,B,A,factory,하도급업체 정보,3,,"[{'no': 1, 'source': '법정', 'law_ref': '건설산업기본법 시행령 제26조', 'field_key': 'contract_work_name_amount', 'field_name': '도급공사명 및 공사금액', 'is_mandatory': True}, {'no': 2, 'source': '법정', 'law_ref': '시행령 제26조제2항', 'field_key': 'subcontract_date', 'field_name': '하도급계약 체결일', 'is_mandatory': True}, {'no': 3, 'source': '법정', 'law_ref': '건설산업기본법 시행규칙 별지', 'field_key': 'subcontractor_name_registration_no', 'field_name': '하도급업체명 및 등록번호', 'is_mandatory': True}, {'no': 4, 'source': '법정', 'law_ref': '시행령 제26조제2항', 'field_key': 'subcontract_amount', 'field_name': '하도급 공사금액', 'is_mandatory': True}, {'no': 5, 'source': '법정', 'law_ref': '시행령 제26조', 'field_key': 'kiscon_notification_status', 'field_name': '건설산업종합정보망 통보 여부', 'is_mandatory': True}, {'no': 6, 'source': '법정', 'law_ref': '시행령 제26조제3항', 'field_key': 'change_event_and_notification_date', 'field_name': '변경사항 발생일 및 변경 통보일', 'is_mandatory': True}]",True,True,TAI내 보관·열람,DIGITAL_OK,BUSINESS,False,True,법정서식,발주처,자체보관 또는 통보 대상 발생 시,,건설사업자,수시,,자체보관,self,자체보관,-,False,False,False,발주청 요청시 제출,,건설산업종합정보망을 통하여 통보(건설산업기본법 시행령 제26조),,10
DOC-CON-020,준공검사신청서,CONSTRUCTION,종료,건설기술진흥법,법정필수,X,X,-,시공사 영역,5,,"[{'no': 1, 'source': '법정', 'law_ref': '건설기술진흥법', 'field_key': 'project_name', 'field_name': '공사명', 'is_mandatory': True}, {'no': 2, 'source': '법정', 'law_ref': '건설기술진흥법', 'field_key': 'client_contractor_information', 'field_name': '발주자 및 시공자 정보', 'is_mandatory': True}, {'no': 3, 'source': '법정', 'law_ref': '건설기술진흥법', 'field_key': 'project_location', 'field_name': '공사 위치', 'is_mandatory': True}, {'no': 4, 'source': '법정', 'law_ref': '건설기술진흥법', 'field_key': 'start_completion_dates', 'field_name': '착공일 및 준공 예정일', 'is_mandatory': True}, {'no': 5, 'source': '법정', 'law_ref': '건설기술진흥법 시행규칙', 'field_key': 'completion_inspection_request_date', 'field_name': '준공검사 신청일', 'is_mandatory': True}, {'no': 6, 'source': '법정', 'law_ref': '건설기술진흥법 시행규칙', 'field_key': 'attached_documents_list', 'field_name': '첨부서류 목록', 'is_mandatory': True}]",True,True,이메일 자동발송,COPY_OK,BUSINESS,False,True,법정서식,발주처,공사 완료 후 준공검사 신청 시,,수급인 또는 시공자,1회,,발주청,molit,서면/온라인,-,True,True,False,준공시 제출,,발주자 또는 인허가기관에 제출,,0
DOC-CON-021,준공도서,CONSTRUCTION,종료,건설기술진흥법,법정필수,X,X,-,시공사 영역,5,,"[{'no': 1, 'source': '법정', 'law_ref': '건설기술진흥법', 'field_key': 'final_as_built_drawings', 'field_name': '최종 시공 도면', 'is_mandatory': True}, {'no': 2, 'source': '법정', 'law_ref': '건설기술진흥법', 'field_key': 'design_change_history', 'field_name': '설계 변경 이력', 'is_mandatory': True}, {'no': 3, 'source': '법정', 'law_ref': '건설기술진흥법 제55조', 'field_key': 'material_usage_records', 'field_name': '주요 자재 사용 내역', 'is_mandatory': True}, {'no': 4, 'source': '법정', 'law_ref': '건설기술진흥법 제55조', 'field_key': 'test_and_inspection_results', 'field_name': '시험 및 검사 결과', 'is_mandatory': True}, {'no': 5, 'source': '법정', 'law_ref': '건설기술진흥법', 'field_key': 'maintenance_reference_data', 'field_name': '유지관리 참고 자료', 'is_mandatory': True}]",False,True,이메일 자동발송(대용량),COPY_OK,BUSINESS,False,True,법정서식,발주처,준공 시 제출 또는 인계,,시공자,1회,,발주청,molit,서면,-,False,True,False,준공시 제출,,,,0
DOC-CON-022,유지관리지침서,CONSTRUCTION,종료,건설기술진흥법,법정필수,X,X,-,시공사 영역,5,,"[{'no': 1, 'source': '법정', 'law_ref': '건설기술진흥법', 'field_key': 'facility_overview', 'field_name': '시설물 개요', 'is_mandatory': True}, {'no': 2, 'source': '법정', 'law_ref': '시설물안전법 연계', 'field_key': 'inspection_items_and_frequency', 'field_name': '정기점검 항목 및 주기', 'is_mandatory': True}, {'no': 3, 'source': '법정', 'law_ref': '건설기술진흥법', 'field_key': 'maintenance_methods', 'field_name': '유지보수 방법', 'is_mandatory': True}, {'no': 4, 'source': '공인기관지침', 'law_ref': None, 'field_key': 'emergency_response_procedure', 'field_name': '긴급 대응 절차', 'is_mandatory': False}, {'no': 5, 'source': '공인기관지침', 'law_ref': None, 'field_key': 'component_replacement_criteria', 'field_name': '부품 교체 기준', 'is_mandatory': False}]",False,True,TAI내 보관,COPY_OK,BUSINESS,False,True,법정서식,발주처,준공 시 제출 또는 인계,,시공자 또는 설계자,1회,,발주청,molit,서면,-,False,False,False,-,,,,0
DOC-CON-023,굴착공사 작업계획서,CONSTRUCTION,작업시,산안법 제38조,법정필수,B,A,factory,작업상세,3,,"[{'no': 1, 'source': '법정', 'law_ref': '안전보건규칙 제38조제1항제6호', 'field_key': 'excavation_work_name_location', 'field_name': '굴착 작업명 및 작업 위치', 'is_mandatory': True}, {'no': 2, 'source': '법정', 'law_ref': '안전보건규칙 제38조제1항', 'field_key': 'pre_survey_record', 'field_name': '사전조사 결과 기록', 'is_mandatory': True}, {'no': 3, 'source': '법정', 'law_ref': '안전보건규칙 제38조 별표4', 'field_key': 'excavation_method_sequence', 'field_name': '굴착방법 및 작업순서', 'is_mandatory': True}, {'no': 4, 'source': '법정', 'law_ref': '안전보건규칙 제338조', 'field_key': 'soil_collapse_risk_control', 'field_name': '토사 붕괴 위험 및 방지대책', 'is_mandatory': True}, {'no': 5, 'source': '법정', 'law_ref': '안전보건규칙 제38조 별표4', 'field_key': 'equipment_route_signalman', 'field_name': '장비 운행경로 및 유도자 배치', 'is_mandatory': True}, {'no': 6, 'source': 'KOSHA', 'law_ref': None, 'field_key': 'post_rain_excavation_face_reinspection', 'field_name': '강우 후 굴착면 재점검 여부', 'is_mandatory': False}]",False,True,TAI내 보관·열람,COPY_OK,BUSINESS,False,True,법정서식,감리/자체,굴착공사 작업 시작 전 작성,,사업주,수시,,자체보관,self,자체보관,-,False,False,False,-,,,,10
DOC-CON-024,흙막이공 안전계획서,CONSTRUCTION,작업시,산안법,법정필수,B,A,factory,구조검토 시공방법,3,,"[{'no': 1, 'source': '법정', 'law_ref': '안전보건규칙 제38조, 별표4', 'field_key': 'earth_retaining_location_excavation_depth', 'field_name': '흙막이 설치 위치 및 굴착 깊이', 'is_mandatory': True}, {'no': 2, 'source': '법정', 'law_ref': '안전보건규칙 제38조', 'field_key': 'ground_strata_survey_result', 'field_name': '지반 및 지층 상태 조사 결과', 'is_mandatory': True}, {'no': 3, 'source': '법정', 'law_ref': '안전보건규칙 제338조', 'field_key': 'excavation_face_collapse_prevention', 'field_name': '굴착면 붕괴 방지 조치', 'is_mandatory': True}, {'no': 4, 'source': 'KOSHA', 'law_ref': None, 'field_key': 'earth_retaining_support_status', 'field_name': '흙막이 지보공 설치 상태', 'is_mandatory': False}, {'no': 5, 'source': 'KOSHA', 'law_ref': None, 'field_key': 'drainage_and_water_inflow_status', 'field_name': '배수 상태 및 용수 발생 여부', 'is_mandatory': False}]",False,True,TAI내 보관·열람,COPY_OK,BUSINESS,False,True,법정서식,감리,흙막이공 작업 시작 전 작성,,사업주,수시,,자체보관,self,자체보관,-,False,False,False,-,,,,10
DOC-CON-025,비계 설치계획서,CONSTRUCTION,작업시,산안법 제38조,법정필수,B,A,factory,비계 종류 규격,3,,"[{'no': 1, 'source': '법정', 'law_ref': '산안법 제38조', 'field_key': 'scaffold_type_and_location', 'field_name': '비계 종류 및 설치 위치', 'is_mandatory': True}, {'no': 2, 'source': '법정', 'law_ref': '안전보건규칙 제56조~제58조', 'field_key': 'working_platform_status', 'field_name': '작업발판 설치 상태', 'is_mandatory': True}, {'no': 3, 'source': '법정', 'law_ref': '안전보건규칙 제13조, 제42조', 'field_key': 'guardrail_installation_status', 'field_name': '안전난간 설치 상태', 'is_mandatory': True}, {'no': 4, 'source': 'KOSHA', 'law_ref': None, 'field_key': 'wall_tie_support_status', 'field_name': '벽이음 또는 지지 상태', 'is_mandatory': False}, {'no': 5, 'source': 'KOSHA', 'law_ref': None, 'field_key': 'overturning_collapse_risk', 'field_name': '전도 및 붕괴 위험 여부', 'is_mandatory': False}]",False,True,TAI내 보관·열람,COPY_OK,BUSINESS,False,True,법정서식,감리/자체,비계 설치 작업 시작 전 작성,,사업주,수시,,자체보관,self,자체보관,-,False,False,False,-,,,,10
DOC-CON-026,비계 점검기록부,CONSTRUCTION,정기,산안법 제38조,법정필수,A,S,inspections,-,1,,"[{'no': 1, 'source': '법정', 'law_ref': '산안법 제38조', 'field_key': 'scaffold_check', 'field_name': '비계 점검', 'is_mandatory': True}, {'no': 2, 'source': 'KOSHA', 'law_ref': None, 'field_key': 'binding', 'field_name': '결속 상태', 'is_mandatory': False}, {'no': 3, 'source': '지침', 'law_ref': None, 'field_key': 'abnormal', 'field_name': '이상 여부', 'is_mandatory': False}]",False,False,,COPY_OK,BUSINESS,False,True,법정서식,자체보관,자체보관,,사업주 또는 관리감독자,수시,,,,,,False,False,False,,,,,0
DOC-CON-027,거푸집 설치계획서,CONSTRUCTION,작업시,산안법,법정필수,B,A,factory,규격 시공방법,3,,"[{'no': 1, 'source': '법정', 'law_ref': '산안법 제38조', 'field_key': 'formwork_location_scope', 'field_name': '거푸집 설치 위치 및 작업 범위', 'is_mandatory': True}, {'no': 2, 'source': '법정', 'law_ref': '안전보건규칙 제38조', 'field_key': 'formwork_assembly_sequence', 'field_name': '거푸집 조립 순서', 'is_mandatory': True}, {'no': 3, 'source': '법정', 'law_ref': '안전보건규칙 거푸집 동바리 관련 조항', 'field_key': 'formwork_support_status', 'field_name': '거푸집 지지 상태', 'is_mandatory': True}, {'no': 4, 'source': 'KOSHA', 'law_ref': None, 'field_key': 'deformation_check_during_concrete_pouring', 'field_name': '콘크리트 타설 중 변형 여부 확인 방법', 'is_mandatory': False}, {'no': 5, 'source': 'KOSHA', 'law_ref': None, 'field_key': 'dismantling_sequence_falling_object_prevention', 'field_name': '해체 순서 및 낙하물 방지 조치', 'is_mandatory': False}]",False,True,TAI내 보관·열람,COPY_OK,BUSINESS,False,True,법정서식,감리,거푸집 설치 작업 시작 전 작성,,사업주,수시,,자체보관,self,자체보관,-,False,False,False,-,,,,10
DOC-CON-028,동바리 안전계획서,CONSTRUCTION,작업시,산안법,법정필수,B,A,factory,구조검토 시공방법,3,,"[{'no': 1, 'source': '법정', 'law_ref': '산안법 제38조', 'field_key': 'shoring_location_structure', 'field_name': '동바리 설치 위치 및 구조', 'is_mandatory': True}, {'no': 2, 'source': '법정', 'law_ref': '안전보건규칙 거푸집 동바리 관련 조항', 'field_key': 'shoring_assembly_drawing', 'field_name': '동바리 조립도 또는 설치도', 'is_mandatory': True}, {'no': 3, 'source': '법정', 'law_ref': '안전보건규칙 거푸집 동바리 관련 조항', 'field_key': 'load_capacity_check', 'field_name': '하중 검토 및 지지력 확인', 'is_mandatory': True}, {'no': 4, 'source': 'KOSHA', 'law_ref': None, 'field_key': 'horizontal_bracing_status', 'field_name': '수평연결재 및 가새 설치 상태', 'is_mandatory': False}, {'no': 5, 'source': 'KOSHA', 'law_ref': None, 'field_key': 'settlement_deformation_status', 'field_name': '침하 및 변형 발생 여부', 'is_mandatory': False}]",False,True,TAI내 보관·열람,COPY_OK,BUSINESS,False,True,법정서식,감리,동바리 설치 작업 시작 전 작성,,사업주,수시,,자체보관,self,자체보관,-,False,False,False,-,,,,10
DOC-CON-029,철근 작업계획서,CONSTRUCTION,작업시,산안법,권고,B,A,factory,작업내용,4,,"[{'no': 1, 'source': '법정', 'law_ref': '산안법 제38조', 'field_key': 'rebar_delivery_storage_location', 'field_name': '철근 반입 및 적치 위치', 'is_mandatory': True}, {'no': 2, 'source': '법정', 'law_ref': '안전보건규칙 제38조 별표4', 'field_key': 'rebar_transport_lifting_method', 'field_name': '철근 운반 및 인양 방법', 'is_mandatory': True}, {'no': 3, 'source': '법정', 'law_ref': '산안법 제38조', 'field_key': 'falling_overturning_prevention', 'field_name': '전도 및 낙하 방지 조치', 'is_mandatory': True}, {'no': 4, 'source': 'KOSHA', 'law_ref': None, 'field_key': 'cutting_bending_machine_guard_status', 'field_name': '절단절곡기 방호장치 상태', 'is_mandatory': False}, {'no': 5, 'source': 'KOSHA', 'law_ref': None, 'field_key': 'impalement_protection_cap_status', 'field_name': '찔림 방지 캡 설치 여부', 'is_mandatory': False}]",False,True,TAI내 보관·열람,COPY_OK,BUSINESS,False,True,법정서식,자체보관,철근 작업 시작 전 작성,,사업주,수시,,자체보관,self,자체보관,-,False,False,False,-,,,,10
DOC-CON-031,타워크레인 설치계획서,CONSTRUCTION,착공전,산안법 제38조,법정필수,B,A,factory,크레인 제원,3,,"[{'no': 1, 'source': '법정', 'law_ref': '안전보건규칙 제38조 별표4', 'field_key': 'tower_crane_install_assembly_dismantle_scope', 'field_name': '타워크레인 설치조립해체 작업 내용', 'is_mandatory': True}, {'no': 2, 'source': '법정', 'law_ref': '안전보건규칙 제38조', 'field_key': 'site_ground_condition_survey_result', 'field_name': '작업장 지형 및 지반 상태 조사 결과', 'is_mandatory': True}, {'no': 3, 'source': '법정', 'law_ref': '안전보건규칙 제38조 별표4', 'field_key': 'install_assembly_dismantle_sequence', 'field_name': '설치조립해체 순서', 'is_mandatory': True}, {'no': 4, 'source': '법정', 'law_ref': '안전보건규칙 제38조', 'field_key': 'work_supervisor_assignment', 'field_name': '작업지휘자 지정', 'is_mandatory': True}, {'no': 5, 'source': 'KOSHA', 'law_ref': None, 'field_key': 'outrigger_foundation_support_status', 'field_name': '아웃트리거 및 기초부 지지 상태', 'is_mandatory': False}, {'no': 6, 'source': 'KOSHA', 'law_ref': None, 'field_key': 'hoist_brake_wire_rope_status', 'field_name': '권상장치·브레이크·와이어로프 상태', 'is_mandatory': False}]",False,True,TAI내 보관·열람,COPY_OK,BUSINESS,False,True,법정서식,고용노동부/감리,타워크레인 설치조립해체 작업 시작 전 작성,,사업주,수시,,자체보관,self,자체보관,-,False,False,False,근로감독관 요청시 제출,,,,10
DOC-CON-032,타워크레인 점검기록부,CONSTRUCTION,정기,산안법,법정필수,A,S,inspections,-,1,,"[{'no': 1, 'source': '법정', 'law_ref': '산안법', 'field_key': 'crane_check', 'field_name': '크레인 점검', 'is_mandatory': True}, {'no': 2, 'source': 'KOSHA', 'law_ref': None, 'field_key': 'brake', 'field_name': '브레이크 상태', 'is_mandatory': False}, {'no': 3, 'source': 'KOSHA', 'law_ref': None, 'field_key': 'wire', 'field_name': '와이어 상태', 'is_mandatory': False}]",False,False,,COPY_OK,BUSINESS,False,True,법정서식,자체보관,자체보관,,사업주 또는 관리감독자,정기,,,,,,False,False,False,,,,,0
DOC-CON-033,양중작업계획서,CONSTRUCTION,작업시,산안법 제38조,법정필수,B,A,factory,인양물 중량,3,,"[{'no': 1, 'source': '법정', 'law_ref': '안전보건규칙 제38조 별표4', 'field_key': 'load_type_weight', 'field_name': '중량물 종류 및 중량', 'is_mandatory': True}, {'no': 2, 'source': '법정', 'law_ref': '안전보건규칙 제38조 별표4', 'field_key': 'lifting_equipment_and_rated_capacity', 'field_name': '양중 장비 종류 및 정격하중', 'is_mandatory': True}, {'no': 3, 'source': '법정', 'law_ref': '안전보건규칙 제38조 별표4', 'field_key': 'lifting_method_sequence', 'field_name': '작업방법 및 작업순서', 'is_mandatory': True}, {'no': 4, 'source': '법정', 'law_ref': '안전보건규칙 제38조 별표4', 'field_key': 'signalman_and_signal_method', 'field_name': '신호수 배치 및 신호방법', 'is_mandatory': True}, {'no': 5, 'source': 'KOSHA', 'law_ref': None, 'field_key': 'rigging_gear_damage_status', 'field_name': '줄걸이 용구 손상 여부', 'is_mandatory': False}, {'no': 6, 'source': 'KOSHA', 'law_ref': None, 'field_key': 'lifting_radius_access_control', 'field_name': '인양 반경 내 출입통제 여부', 'is_mandatory': False}]",False,True,TAI내 보관·열람,COPY_OK,BUSINESS,False,True,법정서식,자체보관,중량물 취급 작업 시작 전 작성,,사업주,수시,,자체보관,self,자체보관,-,False,False,False,-,,,,10
DOC-CON-034,해체공사 계획서,CONSTRUCTION,착공전,산안법 제52조,법정필수,C,B,factory,해체공법 안전대책,4,,"[{'no': 1, 'source': '법정', 'law_ref': '산안법 제52조', 'field_key': 'demolition_structure_overview', 'field_name': '해체 대상 구조물 개요', 'is_mandatory': True}, {'no': 2, 'source': '법정', 'law_ref': '안전보건규칙 제38조 별표4', 'field_key': 'demolition_method_sequence', 'field_name': '해체 작업 방법 및 순서', 'is_mandatory': True}, {'no': 3, 'source': '법정', 'law_ref': '산안법 제38조', 'field_key': 'collapse_fall_prevention', 'field_name': '붕괴 및 낙하 방지 조치', 'is_mandatory': True}, {'no': 4, 'source': 'KOSHA', 'law_ref': None, 'field_key': 'equipment_usage_plan', 'field_name': '장비 사용 계획', 'is_mandatory': False}, {'no': 5, 'source': 'KOSHA', 'law_ref': None, 'field_key': 'access_control_plan', 'field_name': '출입통제 계획', 'is_mandatory': False}]",False,True,팩스(팝빌) / 노동포털 링크 안내,COPY_OK,BUSINESS,False,True,법정서식,고용노동부,해체공사 작업 전 작성,,사업주,1회,,고용노동부(지청),moel,온라인/팩스,labor.moel.go.kr,True,False,True,착공전 신고,,,,30
DOC-CON-035,해체공사 안전관리계획서,CONSTRUCTION,착공전,산안법,법정필수,C,B,factory,해체공법 안전대책,4,,"[{'no': 1, 'source': '법정', 'law_ref': '산안법 제38조', 'field_key': 'demolition_risk_analysis', 'field_name': '해체공사 위험요인 분석', 'is_mandatory': True}, {'no': 2, 'source': '법정', 'law_ref': '산안법 제25조', 'field_key': 'safety_management_organization', 'field_name': '안전관리 조직', 'is_mandatory': True}, {'no': 3, 'source': '법정', 'law_ref': '산안법 제38조', 'field_key': 'emergency_response_plan', 'field_name': '비상대응 계획', 'is_mandatory': True}, {'no': 4, 'source': '법정', 'law_ref': '산안법 제52조', 'field_key': 'stop_work_criteria', 'field_name': '작업중지 기준', 'is_mandatory': True}, {'no': 5, 'source': 'KOSHA', 'law_ref': None, 'field_key': 'debris_handling_safety', 'field_name': '잔재물 처리 및 안전조치', 'is_mandatory': False}]",False,True,TAI내 보관·열람,COPY_OK,BUSINESS,False,True,법정서식,감리,해체공사 작업 전 작성,,사업주 또는 시공자,1회,,자체보관,self,자체보관,-,False,False,False,-,,,,30
DOC-CON-036,용접작업 허가서,CONSTRUCTION,작업시,산안법 제38조,법정필수,B,A,factory/workers,작업장소 화기관리,2,,"[{'no': 1, 'source': '법정', 'law_ref': '산안법 제38조', 'field_key': 'welding_location_work_detail', 'field_name': '용접 작업 장소 및 작업 내용', 'is_mandatory': True}, {'no': 2, 'source': '법정', 'law_ref': '안전보건규칙 화재폭발 예방 관련 조항', 'field_key': 'combustible_material_removal_status', 'field_name': '화재폭발 위험물 제거 여부', 'is_mandatory': True}, {'no': 3, 'source': '법정', 'law_ref': '안전보건규칙 화재 예방 관련 조항', 'field_key': 'spark_scatter_prevention', 'field_name': '불티 비산 방지 조치', 'is_mandatory': True}, {'no': 4, 'source': 'KOSHA', 'law_ref': None, 'field_key': 'fire_extinguisher_available', 'field_name': '소화기 비치 상태', 'is_mandatory': False}, {'no': 5, 'source': '고용노동부지침', 'law_ref': None, 'field_key': 'fire_watch_assigned', 'field_name': '화재감시자 배치 여부', 'is_mandatory': False}]",False,True,TAI내 보관·열람,COPY_OK,BUSINESS,False,True,법정서식,자체보관,용접용단 등 화재위험작업 전 허가,,사업주 또는 관리감독자,수시,,자체보관,self,자체보관,-,False,False,False,-,,,,10
DOC-CON-037,밀폐공간 작업허가서(건설),CONSTRUCTION,작업시,산안법 제38조,법정필수,B,A,factory,장소 가스농도,2,,"[{'no': 1, 'source': '법정', 'law_ref': '안전보건규칙 제618조, 별표18', 'field_key': 'confined_space_name_location', 'field_name': '밀폐공간 명칭 및 위치', 'is_mandatory': True}, {'no': 2, 'source': '법정', 'law_ref': '안전보건규칙 밀폐공간 관련 조항', 'field_key': 'oxygen_concentration_result', 'field_name': '산소농도 측정 결과', 'is_mandatory': True}, {'no': 3, 'source': '법정', 'law_ref': '안전보건규칙 밀폐공간 관련 조항', 'field_key': 'hazardous_gas_concentration_result', 'field_name': '유해가스 농도 측정 결과', 'is_mandatory': True}, {'no': 4, 'source': '법정', 'law_ref': '안전보건규칙 밀폐공간 관련 조항', 'field_key': 'ventilation_status', 'field_name': '환기 실시 여부', 'is_mandatory': True}, {'no': 5, 'source': '법정', 'law_ref': '안전보건규칙 밀폐공간 관련 조항', 'field_key': 'attendant_assigned', 'field_name': '감시인 배치 여부', 'is_mandatory': True}, {'no': 6, 'source': '법정', 'law_ref': '안전보건규칙 밀폐공간 관련 조항', 'field_key': 'respiratory_protection_status', 'field_name': '호흡보호구 지급 여부', 'is_mandatory': True}, {'no': 7, 'source': 'KOSHA', 'law_ref': None, 'field_key': 'rescue_procedure_contact_system', 'field_name': '비상구조 절차 및 연락체계', 'is_mandatory': False}]",False,True,TAI내 보관·열람,COPY_OK,BUSINESS,False,True,법정서식,자체보관,밀폐공간 작업 전 허가,,사업주 또는 관리감독자,수시,,자체보관,self,자체보관,-,False,False,False,-,,,,10
DOC-CON-038,고소작업 계획서,CONSTRUCTION,작업시,산안법 제38조,법정필수,B,A,factory,높이 작업방법,2,,"[{'no': 1, 'source': '법정', 'law_ref': '산안법 제38조', 'field_key': 'height_work_location_height', 'field_name': '고소작업 장소 및 작업 높이', 'is_mandatory': True}, {'no': 2, 'source': '법정', 'law_ref': '안전보건규칙 추락방지 관련 조항', 'field_key': 'fall_prevention_measures', 'field_name': '추락 방지 조치', 'is_mandatory': True}, {'no': 3, 'source': '법정', 'law_ref': '안전보건규칙 추락방지 관련 조항', 'field_key': 'guardrail_work_platform_status', 'field_name': '안전난간 또는 작업발판 설치 상태', 'is_mandatory': True}, {'no': 4, 'source': '법정', 'law_ref': '안전보건규칙 보호구 관련 조항', 'field_key': 'personal_fall_arrest_ppe_status', 'field_name': '개인 추락방지용 보호구 착용 여부', 'is_mandatory': True}, {'no': 5, 'source': 'KOSHA', 'law_ref': None, 'field_key': 'opening_cover_warning_status', 'field_name': '개구부 덮개 및 표지 설치 상태', 'is_mandatory': False}, {'no': 6, 'source': 'KOSHA', 'law_ref': None, 'field_key': 'falling_object_prevention', 'field_name': '낙하물 방지 조치', 'is_mandatory': False}]",False,True,TAI내 보관·열람,COPY_OK,BUSINESS,False,True,법정서식,자체보관,고소작업 전 작성,,사업주,수시,,자체보관,self,자체보관,-,False,False,False,-,,,,10
DOC-CON-039,전기작업 계획서,CONSTRUCTION,작업시,전기안전관리법,법정필수,B,A,factory,작업내용 전압,3,,"[{'no': 1, 'source': '법정', 'law_ref': '전기안전관리법 제11조', 'field_key': 'electrical_work_location_scope', 'field_name': '전기작업 장소 및 작업 범위', 'is_mandatory': True}, {'no': 2, 'source': '법정', 'law_ref': '전기안전관리법 기술기준', 'field_key': 'power_shutdown_and_verification_procedure', 'field_name': '전원 차단 및 확인 절차', 'is_mandatory': True}, {'no': 3, 'source': '법정', 'law_ref': '전기안전관리법 기술기준', 'field_key': 'grounding_insulation_status', 'field_name': '접지 및 절연 상태 확인', 'is_mandatory': True}, {'no': 4, 'source': 'KOSHA', 'law_ref': None, 'field_key': 'electrical_ppe_usage', 'field_name': '감전 방지 보호구 지급 및 착용 여부', 'is_mandatory': False}, {'no': 5, 'source': 'KOSHA', 'law_ref': None, 'field_key': 'live_work_control_measures', 'field_name': '활선작업 여부 및 작업통제 조치', 'is_mandatory': False}]",False,True,TAI내 보관·열람,COPY_OK,BUSINESS,False,True,법정서식,자체보관,전기작업 전 작성,,사업주 또는 전기안전관리자,수시,,자체보관,self,자체보관,-,False,False,False,-,,,,10
DOC-CON-040,장비 사용계획서,CONSTRUCTION,작업시,산안법,법정필수,B,A,factory,장비종류 작업반경,3,,"[{'no': 1, 'source': '법정', 'law_ref': '산안법 제38조', 'field_key': 'equipment_type_specification', 'field_name': '사용 장비 종류 및 제원', 'is_mandatory': True}, {'no': 2, 'source': '법정', 'law_ref': '산안법 제38조', 'field_key': 'equipment_usage_purpose', 'field_name': '장비 사용 목적 및 작업 내용', 'is_mandatory': True}, {'no': 3, 'source': '법정', 'law_ref': '안전보건규칙 제38조 별표4', 'field_key': 'operation_method_sequence', 'field_name': '작업 방법 및 순서', 'is_mandatory': True}, {'no': 4, 'source': 'KOSHA', 'law_ref': None, 'field_key': 'equipment_inspection_maintenance_status', 'field_name': '장비 점검 및 정비 상태', 'is_mandatory': False}, {'no': 5, 'source': 'KOSHA', 'law_ref': None, 'field_key': 'work_radius_access_control', 'field_name': '작업 반경 내 출입통제 여부', 'is_mandatory': False}]",False,True,TAI내 보관·열람,COPY_OK,BUSINESS,False,True,법정서식,자체보관,장비 사용 작업 전 작성,,사업주,수시,,자체보관,self,자체보관,-,False,False,False,-,,,,10
DOC-CON-041,작업중지 및 재개 기록,CONSTRUCTION,사고시,산안법 제52조,법정필수,C,A,factory,중지사유 재개조건,3,,"[{'no': 1, 'source': '법정', 'law_ref': '산안법 제52조', 'field_key': 'stop_work_datetime', 'field_name': '작업중지 일시', 'is_mandatory': True}, {'no': 2, 'source': '법정', 'law_ref': '산안법 제52조', 'field_key': 'stop_work_reason', 'field_name': '작업중지 사유', 'is_mandatory': True}, {'no': 3, 'source': '법정', 'law_ref': '산안법 제52조', 'field_key': 'hazard_avoidance_action', 'field_name': '위험 회피 조치', 'is_mandatory': True}, {'no': 4, 'source': '법정', 'law_ref': '산안법 제52조', 'field_key': 'restart_datetime', 'field_name': '작업재개 일시', 'is_mandatory': True}, {'no': 5, 'source': '고용노동부지침', 'law_ref': None, 'field_key': 'pre_restart_safety_check', 'field_name': '재개 전 안전 확인 결과', 'is_mandatory': False}]",False,True,TAI내 보관·열람,COPY_OK,BUSINESS,False,True,법정서식,고용노동부,급박한 위험 발생 시 지체 없이 보고 및 조치,,"근로자, 관리감독자등, 사업주",발생시,,자체보관,self,자체보관,-,False,False,False,근로감독관 요청시 제출,,"근로자는 지체 없이 관리감독자등에게 보고하고, 관리감독자등은 필요한 조치를 함(산안법 제52조)",,30
DOC-CON-042,낙하물 방지계획서,CONSTRUCTION,작업시,산안법,법정필수,B,A,factory,방호시설 종류,3,,"[{'no': 1, 'source': '법정', 'law_ref': '산안법 제38조', 'field_key': 'falling_object_risk_location', 'field_name': '낙하물 발생 가능 작업 위치', 'is_mandatory': True}, {'no': 2, 'source': '법정', 'law_ref': '안전보건규칙 추락낙하물 방지 조항', 'field_key': 'falling_object_prevention_facility_plan', 'field_name': '낙하물 방지시설 설치 계획', 'is_mandatory': True}, {'no': 3, 'source': '법정', 'law_ref': '안전보건규칙', 'field_key': 'access_control_plan', 'field_name': '작업구역 출입통제 계획', 'is_mandatory': True}, {'no': 4, 'source': 'KOSHA', 'law_ref': None, 'field_key': 'safety_net_catch_platform_status', 'field_name': '방호망·방호선반 설치 상태', 'is_mandatory': False}, {'no': 5, 'source': 'KOSHA', 'law_ref': None, 'field_key': 'material_stacking_binding_status', 'field_name': '자재 적재 상태 및 결속 여부', 'is_mandatory': False}]",False,True,TAI내 보관·열람,COPY_OK,BUSINESS,False,True,법정서식,감리,낙하물 발생 위험 작업 전 작성,,사업주 또는 시공자,수시,,자체보관,self,자체보관,-,False,False,False,-,,,,10
DOC-CON-043,방호조치 점검기록,CONSTRUCTION,정기,산안법 제38조,법정필수,A,S,inspections,-,1,,"[{'no': 1, 'source': '법정', 'law_ref': '산안법 제38조', 'field_key': 'guard_check', 'field_name': '방호장치 점검', 'is_mandatory': True}, {'no': 2, 'source': '지침', 'law_ref': None, 'field_key': 'removed', 'field_name': '제거 여부', 'is_mandatory': False}, {'no': 3, 'source': 'KOSHA', 'law_ref': None, 'field_key': 'status', 'field_name': '상태', 'is_mandatory': False}]",False,False,,COPY_OK,BUSINESS,False,True,법정서식,자체보관,자체보관,,사업주 또는 관리감독자,정기,,,,,,False,False,False,,,,,0
DOC-CON-044,소규모안전관리계획,CONSTRUCTION,착공전,건설기술진흥법 제62조의2,의무,B,X,,,5,,"[{'no': 1, 'source': '법정', 'law_ref': '건설기술진흥법 제62조의2', 'field_key': 'construction_project_overview', 'field_name': '건설공사 개요', 'is_mandatory': True}, {'no': 2, 'source': '법정', 'law_ref': '건설기술진흥법 제62조의2', 'field_key': 'construction_procedure', 'field_name': '시공 절차', 'is_mandatory': True}, {'no': 3, 'source': '법정', 'law_ref': '건설기술진흥법 제62조의2', 'field_key': 'construction_precautions', 'field_name': '시공 시 주의사항', 'is_mandatory': True}, {'no': 4, 'source': '법정', 'law_ref': '건설기술진흥법 제62조의2', 'field_key': 'hazardous_work_and_safety_measures', 'field_name': '위험공종 및 안전관리 대책', 'is_mandatory': True}]",False,False,,COPY_OK,BUSINESS,False,True,법정서식,,건설공사 착공 전,,건설사업자 또는 주택건설등록업자,,,,,,,False,False,False,,False,발주자에게 제출하여 승인을 받아야 함(건설기술진흥법 제62조의2),,0
DOC-CON-045,소규모안전관리계획 변경서,CONSTRUCTION,변경시,건설기술진흥법 제62조의2,의무,C,X,,,5,,"[{'no': 1, 'source': '법정', 'law_ref': '건설기술진흥법 제62조의2', 'field_key': 'existing_small_safety_plan_information', 'field_name': '기존 소규모안전관리계획 정보', 'is_mandatory': True}, {'no': 2, 'source': '법정', 'law_ref': '건설기술진흥법 제62조의2', 'field_key': 'change_details', 'field_name': '변경 내용', 'is_mandatory': True}, {'no': 3, 'source': '법정', 'law_ref': '건설기술진흥법 제62조의2', 'field_key': 'change_reason', 'field_name': '변경 사유', 'is_mandatory': True}, {'no': 4, 'source': '법정', 'law_ref': '건설기술진흥법 제62조의2', 'field_key': 'revised_safety_measures', 'field_name': '변경 후 안전관리 대책', 'is_mandatory': True}]",False,False,,COPY_OK,BUSINESS,False,True,법정서식,,소규모안전관리계획 변경 전,,건설사업자 또는 주택건설등록업자,,,,,,,False,False,False,,False,발주자에게 제출하여 승인을 받아야 함(건설기술진흥법 제62조의2),,0
DOC-CON-046,소규모안전관리계획 검토결과 통보서,CONSTRUCTION,착공전,건설기술진흥법 제62조의2제2항,의무,C,X,,,5,,"[{'no': 1, 'source': '법정', 'law_ref': '건설기술진흥법 제62조의2제2항', 'field_key': 'review_target_small_safety_plan', 'field_name': '검토 대상 소규모안전관리계획 정보', 'is_mandatory': True}, {'no': 2, 'source': '법정', 'law_ref': '건설기술진흥법 제62조의2제2항', 'field_key': 'review_result', 'field_name': '검토 결과', 'is_mandatory': True}, {'no': 3, 'source': '법정', 'law_ref': '건설기술진흥법 제62조의2제2항', 'field_key': 'supplementary_requirements', 'field_name': '보완 요구사항', 'is_mandatory': True}, {'no': 4, 'source': '법정', 'law_ref': '건설기술진흥법 제62조의2제2항', 'field_key': 'notification_date', 'field_name': '통보일자', 'is_mandatory': True}]",False,False,,COPY_OK,EXTERNAL_RECEIVE,False,True,법정서식,,소규모안전관리계획 검토 후,,발주자,,,,,,,False,False,False,,False,검토하여 그 결과를 건설사업자와 주택건설등록업자에게 통보(건설기술진흥법 제62조의2제2항),,0
DOC-CON-047,하도급계약 통보서,CONSTRUCTION,일상,"건설산업기본법 제29조제6항, 시행규칙 별지 제23호",의무,B,X,,,5,https://www.law.go.kr/LSW/flDownload.do?flSeq=160112405,"[{'no': 1, 'source': '법정', 'law_ref': '건설산업기본법 시행규칙 제26조, 별지 제23호서식', 'field_key': 'original_contract_work_information', 'field_name': '원도급공사 정보', 'is_mandatory': True}, {'no': 2, 'source': '법정', 'law_ref': '건설산업기본법 시행규칙 제26조, 별지 제23호서식', 'field_key': 'contractor_information', 'field_name': '수급인 정보', 'is_mandatory': True}, {'no': 3, 'source': '법정', 'law_ref': '건설산업기본법 시행규칙 제26조, 별지 제23호서식', 'field_key': 'subcontractor_information', 'field_name': '하수급인 정보', 'is_mandatory': True}, {'no': 4, 'source': '법정', 'law_ref': '건설산업기본법 시행규칙 제26조, 별지 제23호서식', 'field_key': 'subcontract_details', 'field_name': '하도급내용', 'is_mandatory': True}, {'no': 5, 'source': '법정', 'law_ref': '건설산업기본법 시행규칙 제26조제2항', 'field_key': 'attached_documents', 'field_name': '첨부서류', 'is_mandatory': True}]",True,False,,DIGITAL_OK,BUSINESS,False,True,법정서식,,하도급계약 체결일부터 30일 이내,,수급인,,,,,,,False,False,False,,False,건설산업종합정보망을 이용한 통보를 포함함(건설산업기본법 시행규칙 제26조제1항),,0
DOC-CON-048,재하도급 승낙 통보서,CONSTRUCTION,일상,"건설산업기본법 제29조제6항, 시행규칙 별지 제23호의2",의무,C,X,,,5,https://www.law.go.kr/LSW/flDownload.do?flSeq=160112413,"[{'no': 1, 'source': '법정', 'law_ref': '건설산업기본법 시행규칙 제26조, 별지 제23호의2서식', 'field_key': 'original_contract_work_information', 'field_name': '원도급공사 정보', 'is_mandatory': True}, {'no': 2, 'source': '법정', 'law_ref': '건설산업기본법 시행규칙 제26조, 별지 제23호의2서식', 'field_key': 'resubcontract_approval_details', 'field_name': '재하도급 승낙 내용', 'is_mandatory': True}, {'no': 3, 'source': '법정', 'law_ref': '건설산업기본법 시행규칙 제26조, 별지 제23호의2서식', 'field_key': 'resubcontractor_information', 'field_name': '재하수급인 정보', 'is_mandatory': True}, {'no': 4, 'source': '법정', 'law_ref': '건설산업기본법 시행규칙 제26조제3항', 'field_key': 'attached_documents', 'field_name': '첨부서류', 'is_mandatory': True}]",True,False,,DIGITAL_OK,BUSINESS,False,True,법정서식,,재하도급 승낙 후 통보,,수급인,,,,,,,False,False,False,,False,건설산업종합정보망을 이용한 통보를 포함함(건설산업기본법 시행규칙 제26조제1항),,0
DOC-CON-049,재하도급계약 통보서,CONSTRUCTION,일상,"건설산업기본법 제29조제6항, 시행규칙 별지 제23호의3",의무,C,X,,,5,https://www.law.go.kr/LSW/flDownload.do?flSeq=160112419,"[{'no': 1, 'source': '법정', 'law_ref': '건설산업기본법 시행규칙 제26조, 별지 제23호의3서식', 'field_key': 'original_contract_work_information', 'field_name': '원도급공사 정보', 'is_mandatory': True}, {'no': 2, 'source': '법정', 'law_ref': '건설산업기본법 시행규칙 제26조, 별지 제23호의3서식', 'field_key': 'resubcontract_details', 'field_name': '재하도급계약 내용', 'is_mandatory': True}, {'no': 3, 'source': '법정', 'law_ref': '건설산업기본법 시행규칙 제26조, 별지 제23호의3서식', 'field_key': 'resubcontractor_information', 'field_name': '재하수급인 정보', 'is_mandatory': True}, {'no': 4, 'source': '법정', 'law_ref': '건설산업기본법 시행규칙 제26조제1항', 'field_key': 'attached_documents', 'field_name': '첨부서류', 'is_mandatory': True}]",True,False,,DIGITAL_OK,BUSINESS,False,True,법정서식,,재하도급계약 체결 후 통보,,수급인,,,,,,,False,False,False,,False,건설산업종합정보망을 이용한 통보를 포함함(건설산업기본법 시행규칙 제26조제1항),,0
DOC-CON-050,건설공사대장,CONSTRUCTION,일상,"건설산업기본법 제22조제6항, 시행규칙 별지 제17호",의무,B,X,,,5,https://www.law.go.kr/LSW/flDownload.do?flSeq=160112297,"[{'no': 1, 'source': '법정', 'law_ref': '건설산업기본법 제22조제6항, 시행규칙 별지 제17호서식', 'field_key': 'construction_project_overview', 'field_name': '건설공사 개요', 'is_mandatory': True}, {'no': 2, 'source': '법정', 'law_ref': '건설산업기본법 시행규칙 별지 제17호서식', 'field_key': 'contract_details', 'field_name': '도급계약 내용', 'is_mandatory': True}, {'no': 3, 'source': '법정', 'law_ref': '건설산업기본법 시행규칙 별지 제17호서식', 'field_key': 'payment_receipt_and_disbursement_details', 'field_name': '공사대금 수령 및 지급 내용', 'is_mandatory': True}, {'no': 4, 'source': '법정', 'law_ref': '건설산업기본법 시행규칙 별지 제17호서식', 'field_key': 'site_engineer_assignment_status', 'field_name': '현장기술인 배치 현황', 'is_mandatory': True}]",True,False,,DIGITAL_OK,BUSINESS,False,True,법정서식,,도급계약 체결일부터 30일 이내,,건설사업자,,,,,,,False,False,False,,False,건설산업종합정보망을 이용하여 발주자에게 통보(건설산업기본법 제22조제6항),,0
DOC-CON-051,건설공사대장 변경통보서,CONSTRUCTION,변경시,건설산업기본법 시행령 제26조,의무,C,X,,,5,https://www.law.go.kr/LSW/flDownload.do?flSeq=160112297,"[{'no': 1, 'source': '법정', 'law_ref': '건설산업기본법 제22조제6항, 시행령 제26조', 'field_key': 'construction_register_entries', 'field_name': '건설공사대장 기재사항', 'is_mandatory': True}, {'no': 2, 'source': '법정', 'law_ref': '건설산업기본법 시행령 제26조제3항', 'field_key': 'changed_entries', 'field_name': '변경 발생 사항', 'is_mandatory': True}, {'no': 3, 'source': '법정', 'law_ref': '건설산업기본법 시행령 제26조제3항', 'field_key': 'change_occurrence_date', 'field_name': '변경 발생일', 'is_mandatory': True}, {'no': 4, 'source': '법정', 'law_ref': '건설산업기본법 시행령 제26조', 'field_key': 'client_information', 'field_name': '발주자 정보', 'is_mandatory': True}]",True,False,,DIGITAL_OK,BUSINESS,False,True,법정서식,,변경 또는 새 기재사항 발생일부터 30일 이내,,건설사업자,,,,,,,False,False,False,,False,건설산업종합정보망을 이용하여 발주자에게 통보,,0
DOC-CON-LAW-001,품질관리계획(법정),CONSTRUCTION,착공전,건설기술진흥법 제55조,법정필수,X,X,-,시공사 전문,5,,"[{'no': 1, 'source': '법정', 'law_ref': '건설기술진흥법 제55조', 'field_key': 'quality_management_organization', 'field_name': '품질관리 조직', 'is_mandatory': True}, {'no': 2, 'source': '법정', 'law_ref': '건설기술진흥법 제55조', 'field_key': 'quality_control_work_scope', 'field_name': '품질관리 대상 공종', 'is_mandatory': True}, {'no': 3, 'source': '법정', 'law_ref': '건설기술진흥법 제55조', 'field_key': 'test_and_inspection_plan', 'field_name': '시험 및 검사 계획', 'is_mandatory': True}, {'no': 4, 'source': '법정', 'law_ref': '건설기술진흥법 제55조', 'field_key': 'quality_record_management_method', 'field_name': '품질기록 관리방법', 'is_mandatory': True}, {'no': 5, 'source': '법정', 'law_ref': '건설기술진흥법 제55조', 'field_key': 'nonconforming_product_procedure', 'field_name': '부적합품 처리 절차', 'is_mandatory': True}]",True,True,이메일 자동발송,COPY_OK,BUSINESS,False,True,법정서식,발주자/인허가기관,공사 착공 전 또는 품질관리계획 수립 후 발주자 승인 전,,건설사업자 또는 주택건설등록업자,착공전,,발주청,molit,서면,-,True,True,False,착공전 제출,,발주자에게 제출하여 승인을 받아야 함. 발주청이 아닌 발주자는 승인한 품질관리계획의 사본을 인허가기관의 장에게 제출(건설기술진흥법 제55조),,0
DOC-CON-LAW-002,품질시험계획,CONSTRUCTION,착공전,건설기술진흥법 제55조,법정필수,X,X,-,시공사 전문,5,,"[{'no': 1, 'source': '법정', 'law_ref': '건설기술진흥법 제55조', 'field_key': 'test_target_materials_work', 'field_name': '시험 대상 자재 및 공종', 'is_mandatory': True}, {'no': 2, 'source': '법정', 'law_ref': '건설기술진흥법 제55조', 'field_key': 'test_items_and_standards', 'field_name': '시험 항목 및 기준', 'is_mandatory': True}, {'no': 3, 'source': '법정', 'law_ref': '건설기술진흥법 제55조', 'field_key': 'test_frequency', 'field_name': '시험 빈도', 'is_mandatory': True}, {'no': 4, 'source': '법정', 'law_ref': '건설기술진흥법 제55조', 'field_key': 'test_method', 'field_name': '시험 방법', 'is_mandatory': True}, {'no': 5, 'source': '법정', 'law_ref': '건설기술진흥법 시행규칙', 'field_key': 'testing_agency', 'field_name': '시험기관', 'is_mandatory': True}]",True,True,이메일 자동발송,COPY_OK,BUSINESS,False,True,법정서식,발주자/인허가기관,공사 착공 전 또는 품질시험계획 수립 후 발주자 승인 전,,건설사업자 또는 주택건설등록업자,착공전,,발주청,molit,서면,-,True,True,False,착공전 제출,,발주자에게 제출하여 승인을 받아야 함. 발주청이 아닌 발주자는 승인한 품질시험계획의 사본을 인허가기관의 장에게 제출(건설기술진흥법 제55조),,0
DOC-CON-LAW-003,품질관리계획 변경서,CONSTRUCTION,변경시,건설기술진흥법 제55조,법정필수,X,X,-,시공사 영역,5,,"[{'no': 1, 'source': '법정', 'law_ref': '건설기술진흥법 제55조', 'field_key': 'existing_quality_plan_info', 'field_name': '기존 품질관리계획 정보', 'is_mandatory': True}, {'no': 2, 'source': '법정', 'law_ref': '건설기술진흥법 제55조', 'field_key': 'change_details', 'field_name': '변경 내용', 'is_mandatory': True}, {'no': 3, 'source': '법정', 'law_ref': '건설기술진흥법 제55조', 'field_key': 'change_reason', 'field_name': '변경 사유', 'is_mandatory': True}, {'no': 4, 'source': '법정', 'law_ref': '건설기술진흥법', 'field_key': 'change_approval_status', 'field_name': '변경 승인 여부', 'is_mandatory': True}, {'no': 5, 'source': '법정', 'law_ref': '건설기술진흥법', 'field_key': 'change_date', 'field_name': '변경일자', 'is_mandatory': True}]",True,True,이메일 자동발송,COPY_OK,BUSINESS,False,True,법정서식,발주자,품질관리계획 변경 시 지체 없이 변경 승인,,건설사업자 또는 주택건설등록업자,변경시,,발주청,molit,서면,-,True,True,False,변경시 제출,,변경하려는 경우 발주자의 승인을 받아야 함. 발주청이 아닌 발주자는 변경 승인한 사본을 인허가기관의 장에게 제출(건설기술진흥법 제55조),,0
DOC-CON-LAW-004,품질시험계획 변경서,CONSTRUCTION,변경시,건설기술진흥법 제55조,법정필수,X,X,-,시공사 영역,5,,"[{'no': 1, 'source': '법정', 'law_ref': '건설기술진흥법 제55조', 'field_key': 'existing_test_plan_info', 'field_name': '기존 시험계획 정보', 'is_mandatory': True}, {'no': 2, 'source': '법정', 'law_ref': '건설기술진흥법 제55조', 'field_key': 'changed_items', 'field_name': '변경 항목', 'is_mandatory': True}, {'no': 3, 'source': '법정', 'law_ref': '건설기술진흥법 제55조', 'field_key': 'change_reason', 'field_name': '변경 사유', 'is_mandatory': True}, {'no': 4, 'source': '법정', 'law_ref': '건설기술진흥법', 'field_key': 'approval_status', 'field_name': '변경 승인 여부', 'is_mandatory': True}, {'no': 5, 'source': '법정', 'law_ref': '건설기술진흥법', 'field_key': 'change_date', 'field_name': '변경일자', 'is_mandatory': True}]",True,True,이메일 자동발송,COPY_OK,BUSINESS,False,True,법정서식,발주자,품질시험계획 변경 시 지체 없이 변경 승인,,건설사업자 또는 주택건설등록업자,변경시,,발주청,molit,서면,-,True,True,False,변경시 제출,,변경하려는 경우 발주자의 승인을 받아야 함. 발주청이 아닌 발주자는 변경 승인한 사본을 인허가기관의 장에게 제출(건설기술진흥법 제55조),,0
DOC-CON-LAW-005,품질관리계획 심사결과 통보서,CONSTRUCTION,감독대응,건설기술진흥법 제55조,법정필수,X,X,-,발주청 영역,5,,"[{'no': 1, 'source': '법정', 'law_ref': '건설기술진흥법 제55조', 'field_key': 'review_target_quality_plan', 'field_name': '심사 대상 품질관리계획 정보', 'is_mandatory': True}, {'no': 2, 'source': '법정', 'law_ref': '건설기술진흥법 제55조', 'field_key': 'review_result', 'field_name': '심사 결과', 'is_mandatory': True}, {'no': 3, 'source': '법정', 'law_ref': '건설기술진흥법', 'field_key': 'supplementary_requirements', 'field_name': '보완 요구 사항', 'is_mandatory': True}, {'no': 4, 'source': '법정', 'law_ref': '건설기술진흥법', 'field_key': 'notification_date', 'field_name': '통보일자', 'is_mandatory': True}, {'no': 5, 'source': '법정', 'law_ref': '건설기술진흥법', 'field_key': 'notifying_agency', 'field_name': '통보기관', 'is_mandatory': True}]",True,False,링크 안내만 가능,COPY_OK,BUSINESS,False,True,법정서식,건설사업자,품질관리계획 심사 후 통보,,발주자 또는 발주청,제출시,,발주청,molit,서면,-,False,False,False,발주청 발행,,품질관리계획을 검토승인하고 그 결과를 건설사업자 또는 주택건설등록업자에게 통보(건설기술진흥법 제55조),,0
DOC-CON-LAW-006,품질시험 및 검사 기록,CONSTRUCTION,일상,건설기술진흥법 제55조,법정필수,X,X,-,시험기관,5,,"[{'no': 1, 'source': '법정', 'law_ref': '건설기술진흥법 제55조', 'field_key': 'project_name', 'field_name': '공사명', 'is_mandatory': True}, {'no': 2, 'source': '법정', 'law_ref': '건설기술진흥법 제55조', 'field_key': 'test_target_material_work', 'field_name': '시험검사 대상 자재 및 공종', 'is_mandatory': True}, {'no': 3, 'source': '법정', 'law_ref': '건설기술진흥법 제55조', 'field_key': 'test_items_and_criteria', 'field_name': '시험 항목 및 기준', 'is_mandatory': True}, {'no': 4, 'source': '법정', 'law_ref': '건설기술진흥법 시행규칙', 'field_key': 'test_datetime', 'field_name': '시험검사 일시', 'is_mandatory': True}, {'no': 5, 'source': '법정', 'law_ref': '건설기술진흥법 제55조', 'field_key': 'test_result_and_conformance', 'field_name': '시험 결과 및 적합 여부', 'is_mandatory': True}, {'no': 6, 'source': '공인기관지침', 'law_ref': None, 'field_key': 'nonconformity_action', 'field_name': '부적합 시 조치내용', 'is_mandatory': False}]",False,True,이메일 자동발송,COPY_OK,BUSINESS,False,True,법정서식,자체보관,자체보관,,"건설사업자, 주택건설등록업자 또는 품질검사 대행기관",시험시,,자체보관/발주청,self,자체보관,-,False,True,False,발주청 요청시 제출,,,,0
DOC-CON-LAW-007,품질관리계획 사본,CONSTRUCTION,착공전,건설기술진흥법 제55조,법정필수,X,X,-,시공사 영역,5,,"[{'no': 1, 'source': '법정', 'law_ref': '건설기술진흥법 제55조', 'field_key': 'project_overview', 'field_name': '공사 개요', 'is_mandatory': True}, {'no': 2, 'source': '법정', 'law_ref': '건설기술진흥법 제55조', 'field_key': 'quality_management_org', 'field_name': '품질관리 조직', 'is_mandatory': True}, {'no': 3, 'source': '법정', 'law_ref': '건설기술진흥법 제55조', 'field_key': 'quality_control_scope', 'field_name': '품질관리 대상 공종', 'is_mandatory': True}, {'no': 4, 'source': '법정', 'law_ref': '건설기술진흥법 제55조', 'field_key': 'test_plan', 'field_name': '시험 및 검사 계획', 'is_mandatory': True}, {'no': 5, 'source': '법정', 'law_ref': '건설기술진흥법 제55조', 'field_key': 'quality_record_management', 'field_name': '품질기록 관리 방법', 'is_mandatory': True}]",True,True,이메일 자동발송,COPY_OK,BUSINESS,False,True,법정서식,인허가기관,품질관리계획 승인 후,,발주자,착공전,,발주청,molit,서면,-,False,True,False,-,,발주청이 아닌 발주자는 승인한 품질관리계획의 사본을 인허가기관의 장에게 제출(건설기술진흥법 제55조),,0
DOC-CON-LAW-008,안전관리계획(법정),CONSTRUCTION,착공전,건설기술진흥법 제62조,법정필수,C,B,factory/법령엔진,공종별 안전대책,4,,"[{'no': 1, 'source': '법정', 'law_ref': '건설기술진흥법 제62조, 시행규칙 별표', 'field_key': 'project_overview', 'field_name': '공사 개요', 'is_mandatory': True}, {'no': 2, 'source': '법정', 'law_ref': '건설기술진흥법 제62조', 'field_key': 'hazard_safety_measures', 'field_name': '위험요인 및 안전대책', 'is_mandatory': True}, {'no': 3, 'source': '법정', 'law_ref': '건설기술진흥법 시행규칙', 'field_key': 'safety_management_organization', 'field_name': '안전관리 조직', 'is_mandatory': True}, {'no': 4, 'source': '법정', 'law_ref': '건설기술진흥법 제62조', 'field_key': 'safety_inspection_plan', 'field_name': '안전점검 계획', 'is_mandatory': True}, {'no': 5, 'source': '법정', 'law_ref': '건설기술진흥법', 'field_key': 'emergency_response_plan', 'field_name': '비상대응 계획', 'is_mandatory': True}]",True,True,이메일 자동발송,COPY_OK,BUSINESS,False,True,법정서식,발주청/감리,건설공사 착공 전,,건설사업자 또는 주택건설등록업자,착공전,,발주청,molit,서면,-,True,True,False,착공전 제출,,발주자에게 제출하여 승인을 받아야 함. 발주청이 아닌 발주자는 승인한 안전관리계획의 사본을 인허가기관의 장에게 제출(건설기술진흥법 제62조),,30
DOC-CON-LAW-009,안전관리계획 변경서,CONSTRUCTION,변경시,건설기술진흥법 제62조,법정필수,C,B,factory,변경내용,4,,"[{'no': 1, 'source': '법정', 'law_ref': '건설기술진흥법 제62조', 'field_key': 'changed_item', 'field_name': '변경 항목', 'is_mandatory': True}, {'no': 2, 'source': '법정', 'law_ref': '건설기술진흥법', 'field_key': 'before_change', 'field_name': '변경 전 내용', 'is_mandatory': True}, {'no': 3, 'source': '법정', 'law_ref': '건설기술진흥법', 'field_key': 'after_change', 'field_name': '변경 후 내용', 'is_mandatory': True}, {'no': 4, 'source': '법정', 'law_ref': '건설기술진흥법', 'field_key': 'change_reason', 'field_name': '변경 사유', 'is_mandatory': True}, {'no': 5, 'source': '법정', 'law_ref': '건설기술진흥법', 'field_key': 'additional_safety_measures', 'field_name': '추가 안전대책', 'is_mandatory': True}]",True,True,이메일 자동발송,COPY_OK,BUSINESS,False,True,법정서식,발주청/감리,안전관리계획 변경 시,,건설사업자 또는 주택건설등록업자,변경시,,발주청,molit,서면,-,True,True,False,변경시 제출,,안전관리계획을 변경하려는 경우 발주자의 승인을 받아야 함. 발주청이 아닌 발주자는 변경 승인한 사본을 인허가기관의 장에게 제출(건설기술진흥법 제62조),,30
DOC-CON-LAW-010,정기안전점검 결과보고서,CONSTRUCTION,정기,건설기술진흥법 제62조,법정필수,C,B,inspections/factory,점검결과 종합평가,3,,"[{'no': 1, 'source': '법정', 'law_ref': '건설기술진흥법 제62조', 'field_key': 'inspection_datetime', 'field_name': '점검 일시', 'is_mandatory': True}, {'no': 2, 'source': '법정', 'law_ref': '건설기술진흥법', 'field_key': 'inspection_target', 'field_name': '점검 대상', 'is_mandatory': True}, {'no': 3, 'source': '법정', 'law_ref': '건설기술진흥법', 'field_key': 'inspection_result', 'field_name': '점검 결과', 'is_mandatory': True}, {'no': 4, 'source': '법정', 'law_ref': '건설기술진흥법', 'field_key': 'deficiencies', 'field_name': '지적사항', 'is_mandatory': True}, {'no': 5, 'source': '법정', 'law_ref': '건설기술진흥법', 'field_key': 'corrective_action', 'field_name': '개선조치', 'is_mandatory': True}]",False,True,이메일 자동발송,DIGITAL_OK,BUSINESS,False,True,법정서식,발주청,안전점검 완료 후 결과보고,,안전점검을 실시한 건설안전점검기관 또는 건설사업자,정기,,발주청/안전원,molit,서면/온라인,-,True,True,False,점검후 제출,,"안전점검 결과를 발주자에게 제출하고, 건설공사 안전관리 종합정보망 등 관련 시스템에 입력 또는 제출(건설기술진흥법 제62조)",,30
DOC-CON-LAW-011,정밀안전점검 결과보고서,CONSTRUCTION,정기,건설기술진흥법 제62조,법정필수,X,X,-,전문 점검기관,5,,"[{'no': 1, 'source': '법정', 'law_ref': '건설기술진흥법 제62조', 'field_key': 'inspection_target', 'field_name': '점검 대상 시설물', 'is_mandatory': True}, {'no': 2, 'source': '법정', 'law_ref': '건설기술진흥법 제62조', 'field_key': 'inspection_datetime_period', 'field_name': '점검 일시 및 기간', 'is_mandatory': True}, {'no': 3, 'source': '법정', 'law_ref': '건설기술진흥법 제62조', 'field_key': 'inspection_agency', 'field_name': '점검 수행자 및 기관', 'is_mandatory': True}, {'no': 4, 'source': '공인기관지침', 'law_ref': None, 'field_key': 'defect_status', 'field_name': '구조물 손상 및 결함 상태', 'is_mandatory': False}, {'no': 5, 'source': '법정', 'law_ref': '건설기술진흥법 제62조', 'field_key': 'safety_assessment', 'field_name': '안전성 평가 결과', 'is_mandatory': True}, {'no': 6, 'source': '법정', 'law_ref': '건설기술진흥법 제62조', 'field_key': 'repair_need', 'field_name': '보수보강 필요사항', 'is_mandatory': True}]",False,True,이메일 자동발송,DIGITAL_OK,BUSINESS,False,True,법정서식,발주청,정밀안전점검 완료 후 결과보고,,건설안전점검기관 또는 건설사업자,필요시,,발주청/안전원,molit,서면/온라인,-,True,True,False,점검후 제출,,"안전점검 결과를 발주자에게 제출하고, 건설공사 안전관리 종합정보망 등 관련 시스템에 입력 또는 제출(건설기술진흥법 제62조)",,0
DOC-CON-LAW-012,긴급안전점검 결과보고서,CONSTRUCTION,사고시,건설기술진흥법 제62조,법정필수,X,X,-,전문 점검기관,5,,"[{'no': 1, 'source': '법정', 'law_ref': '건설기술진흥법 제62조', 'field_key': 'emergency_reason', 'field_name': '긴급점검 사유', 'is_mandatory': True}, {'no': 2, 'source': '법정', 'law_ref': '건설기술진흥법 제62조', 'field_key': 'inspection_scope', 'field_name': '점검 대상 및 범위', 'is_mandatory': True}, {'no': 3, 'source': '법정', 'law_ref': '건설기술진흥법 제62조', 'field_key': 'inspection_datetime_person', 'field_name': '점검 일시 및 점검자', 'is_mandatory': True}, {'no': 4, 'source': '공인기관지침', 'law_ref': None, 'field_key': 'hazard_status', 'field_name': '위험요인 및 손상 상태', 'is_mandatory': False}, {'no': 5, 'source': '공인기관지침', 'law_ref': None, 'field_key': 'emergency_action', 'field_name': '응급조치 내용', 'is_mandatory': False}, {'no': 6, 'source': '법정', 'law_ref': '건설기술진흥법 제62조', 'field_key': 'followup_needed', 'field_name': '후속조치 필요 여부', 'is_mandatory': True}]",False,True,이메일 자동발송,DIGITAL_OK,BUSINESS,False,True,법정서식,발주청,긴급안전점검 완료 후 결과보고,,건설안전점검기관 또는 건설사업자,즉시,,발주청,molit,서면,-,True,True,False,점검후 즉시,,"안전점검 결과를 발주자에게 제출하고, 건설공사 안전관리 종합정보망 등 관련 시스템에 입력 또는 제출(건설기술진흥법 제62조)",,0
DOC-CON-LAW-013,안전점검 종합보고서,CONSTRUCTION,종료,건설기술진흥법 제62조,법정필수,X,X,-,전문 점검기관,5,,"[{'no': 1, 'source': '법정', 'law_ref': '건설기술진흥법 제62조', 'field_key': 'project_and_target', 'field_name': '공사명 및 점검 대상', 'is_mandatory': True}, {'no': 2, 'source': '법정', 'law_ref': '건설기술진흥법 제62조', 'field_key': 'inspection_history', 'field_name': '점검 실시 이력', 'is_mandatory': True}, {'no': 3, 'source': '법정', 'law_ref': '건설기술진흥법 제62조', 'field_key': 'major_issues', 'field_name': '주요 문제점', 'is_mandatory': True}, {'no': 4, 'source': '법정', 'law_ref': '건설기술진흥법 제62조', 'field_key': 'action_result', 'field_name': '조치 결과', 'is_mandatory': True}, {'no': 5, 'source': '공인기관지침', 'law_ref': None, 'field_key': 'residual_risk', 'field_name': '잔여 위험요인', 'is_mandatory': False}, {'no': 6, 'source': '법정', 'law_ref': '건설기술진흥법 제62조', 'field_key': 'overall_opinion', 'field_name': '종합 의견', 'is_mandatory': True}]",False,True,이메일 자동발송,DIGITAL_OK,BUSINESS,False,True,법정서식,발주청,건설공사를 준공한 때,,건설사업자 또는 주택건설등록업자,종료시,,발주청,molit,서면,-,True,True,False,-,,안전점검 종합보고서를 작성하여 발주자에게 제출(건설기술진흥법 제62조),,0
DOC-CON-LAW-014,안전점검 실시기록,CONSTRUCTION,일상,건설기술진흥법 제62조,법정필수,A,S,inspections,-,1,,"[{'no': 1, 'source': '법정', 'law_ref': '건설기술진흥법 제62조', 'field_key': 'inspection_done', 'field_name': '점검 실시 여부', 'is_mandatory': True}, {'no': 2, 'source': 'KOSHA', 'law_ref': None, 'field_key': 'inspection_datetime', 'field_name': '점검일시', 'is_mandatory': False}, {'no': 3, 'source': 'KOSHA', 'law_ref': None, 'field_key': 'inspector', 'field_name': '점검자', 'is_mandatory': False}, {'no': 4, 'source': 'KOSHA', 'law_ref': None, 'field_key': 'risk', 'field_name': '위험요인', 'is_mandatory': False}, {'no': 5, 'source': 'KOSHA', 'law_ref': None, 'field_key': 'action', 'field_name': '조치사항', 'is_mandatory': False}]",False,False,,COPY_OK,BUSINESS,False,True,법정서식,자체보관,자체보관 또는 안전점검 실시 시 기록,,"건설사업자, 주택건설등록업자 또는 건설안전점검기관",수시,,,,,,False,False,False,,,,,0
DOC-CON-LAW-015,건설공사 안전관리 이행기록,CONSTRUCTION,일상,건설기술진흥법 제62조,법정필수,B,A,factory/inspections,이행내용,2,,"[{'no': 1, 'source': '법정', 'law_ref': '건설기술진흥법 제62조', 'field_key': 'safety_management_plan_execution', 'field_name': '안전관리계획 수립 및 이행 여부', 'is_mandatory': True}, {'no': 2, 'source': '법정', 'law_ref': '건설기술진흥법 제62조', 'field_key': 'periodic_safety_inspection_result', 'field_name': '정기 안전점검 실시 결과', 'is_mandatory': True}, {'no': 3, 'source': '법정', 'law_ref': '건설기술진흥법 제62조', 'field_key': 'deficiency_and_corrective_action', 'field_name': '안전조치 미흡 사항 및 개선조치', 'is_mandatory': True}, {'no': 4, 'source': '고용노동부지침', 'law_ref': None, 'field_key': 'incident_occurrence_and_action', 'field_name': '사고 발생 여부 및 조치 내용', 'is_mandatory': False}, {'no': 5, 'source': '고용노동부지침', 'law_ref': None, 'field_key': 'worker_safety_training_status', 'field_name': '작업자 안전교육 실시 여부', 'is_mandatory': False}]",False,True,TAI내 보관·열람,COPY_OK,BUSINESS,False,True,법정서식,자체보관,자체보관,,건설사업자 또는 주택건설등록업자,수시,,자체보관,self,자체보관,-,False,False,False,-,,,,10
DOC-FAC-001,가스안전관리자 선임신고서,BUILDING,일상,고압가스안전관리법 제15조,법정필수,D,C,factory/workers,자격정보,4,https://www.law.go.kr/LSW/flDownload.do?flSeq=157315269,"[{'no': 1, 'source': '법정', 'law_ref': '고압가스안전관리법 제15조', 'field_key': 'business_information', 'field_name': '사업장 정보', 'is_mandatory': True}, {'no': 2, 'source': '법정', 'law_ref': '고압가스안전관리법 제15조', 'field_key': 'gas_manager_info', 'field_name': '안전관리자 인적사항', 'is_mandatory': True}, {'no': 3, 'source': '법정', 'law_ref': '고압가스안전관리법 시행령', 'field_key': 'qualification_info', 'field_name': '자격증 정보', 'is_mandatory': True}, {'no': 4, 'source': '법정', 'law_ref': '고압가스안전관리법 제15조', 'field_key': 'appointment_date', 'field_name': '선임일자', 'is_mandatory': True}, {'no': 5, 'source': '법정', 'law_ref': '고압가스안전관리법 제15조', 'field_key': 'report_date', 'field_name': '신고일자', 'is_mandatory': True}]",True,True,팩스(팝빌) / KGS 링크 안내,DIGITAL_OK,BUSINESS,False,True,법정서식,지자체/가스안전공사,안전관리자 선임 또는 해임 후 지체 없이 신고,,고압가스 제조자저장자판매자 등 사업자,수시,300만원 이하 과태료(고압가스안전관리법 제43조),한국가스안전공사,kgs,온라인/팩스/방문,kgs.or.kr,True,False,True,선임즉시,,특별자치시장특별자치도지사시장군수 또는 구청장에게 신고(고압가스안전관리법 제15조),,50
DOC-FAC-002,가스시설 정기점검 기록부,BUILDING,정기,고압가스안전관리법 제17조,법정필수,A,S,inspections,-,2,,"[{'no': 1, 'source': '법정', 'law_ref': '고압가스법 제17조', 'field_key': 'gas_check', 'field_name': '가스시설 점검', 'is_mandatory': True}, {'no': 2, 'source': '가스안전공사지침', 'law_ref': None, 'field_key': 'leak', 'field_name': '누출 여부', 'is_mandatory': False}, {'no': 3, 'source': '지침', 'law_ref': None, 'field_key': 'pressure', 'field_name': '압력 상태', 'is_mandatory': False}, {'no': 4, 'source': '지침', 'law_ref': None, 'field_key': 'valve', 'field_name': '밸브 상태', 'is_mandatory': False}]",False,False,,COPY_OK,BUSINESS,False,True,법정서식,자체보관,자체보관,,사업자 또는 안전관리자,정기,,,,,,False,False,False,,,,,0
DOC-FAC-003,가스시설 검사 결과서,BUILDING,정기,고압가스안전관리법 제16조,법정필수,X,X,-,검사기관,5,,"[{'no': 1, 'source': '법정', 'law_ref': '고압가스안전관리법 제16조', 'field_key': 'inspection_target_facility', 'field_name': '검사 대상 시설 정보', 'is_mandatory': True}, {'no': 2, 'source': '법정', 'law_ref': '고압가스안전관리법 제16조', 'field_key': 'inspection_datetime', 'field_name': '검사 일시', 'is_mandatory': True}, {'no': 3, 'source': '법정', 'law_ref': '고압가스안전관리법 제16조', 'field_key': 'inspection_agency_inspector', 'field_name': '검사기관 및 검사자', 'is_mandatory': True}, {'no': 4, 'source': '법정', 'law_ref': '고압가스안전관리법 제16조', 'field_key': 'inspection_result', 'field_name': '검사 결과', 'is_mandatory': True}, {'no': 5, 'source': '법정', 'law_ref': '고압가스안전관리법 시행규칙 별지', 'field_key': 'nonconformities', 'field_name': '부적합 사항', 'is_mandatory': True}, {'no': 6, 'source': '가스안전공사지침', 'law_ref': None, 'field_key': 'corrective_action_reinspection_needs', 'field_name': '개선 또는 재검사 필요사항', 'is_mandatory': False}]",True,False,링크 안내만 가능,DIGITAL_OK,EXTERNAL_RECEIVE,True,True,법정서식,가스안전공사,검사 완료 후 결과 발급,,검사기관 또는 한국가스안전공사,정기,,한국가스안전공사,kgs,온라인,kgs.or.kr,False,False,False,외부 검사기관 발행,,검사기관 또는 한국가스안전공사가 검사 후 검사증명서를 발급(고압가스안전관리법 제16조),,0
DOC-FAC-004,가스사고 보고서,BUILDING,사고시,고압가스안전관리법,법정필수,C,A,factory,사고상세,4,,"[{'no': 1, 'source': '법정', 'law_ref': '고압가스안전관리법', 'field_key': 'incident_datetime', 'field_name': '사고 발생 일시', 'is_mandatory': True}, {'no': 2, 'source': '법정', 'law_ref': '고압가스안전관리법', 'field_key': 'incident_cause', 'field_name': '사고 원인 분석', 'is_mandatory': True}, {'no': 3, 'source': '가스안전공사지침', 'law_ref': None, 'field_key': 'gas_leak', 'field_name': '가스 누출 여부', 'is_mandatory': False}, {'no': 4, 'source': '가스안전공사지침', 'law_ref': None, 'field_key': 'explosion_fire', 'field_name': '폭발/화재 발생 여부', 'is_mandatory': False}]",False,True,팩스(팝빌) 자동발송,COPY_OK,BUSINESS,False,True,법정서식,지자체/가스안전공사,사고 발생 시 즉시 신고,,고압가스 사업자 또는 안전관리자,즉시,,한국가스안전공사/지자체,kgs,팩스/온라인,kgs.or.kr,True,True,True,사고발생시 즉시,,사고 발생 시 관계 행정기관 또는 한국가스안전공사에 신고(고압가스안전관리법),,30
DOC-FAC-005,가스안전관리계획서,BUILDING,정기,고압가스안전관리법,법정필수,C,B,factory,가스시설 현황,4,,"[{'no': 1, 'source': '법정', 'law_ref': '고압가스안전관리법', 'field_key': 'gas_facility_status', 'field_name': '가스시설 현황', 'is_mandatory': True}, {'no': 2, 'source': '법정', 'law_ref': '고압가스안전관리법', 'field_key': 'inspection_plan', 'field_name': '정기 점검 계획', 'is_mandatory': True}, {'no': 3, 'source': '법정', 'law_ref': '고압가스안전관리법', 'field_key': 'emergency_plan', 'field_name': '비상 대응 계획', 'is_mandatory': True}, {'no': 4, 'source': '가스안전공사지침', 'law_ref': None, 'field_key': 'leak_response', 'field_name': '가스 누출 대응 절차', 'is_mandatory': False}]",True,True,TAI내 보관·열람,COPY_OK,BUSINESS,False,True,법정서식,자체보관,,,고압가스 사업자,정기,,자체보관,self,자체보관,-,False,False,False,-,,,,30
DOC-FAC-006,위험물 안전관리자 선임신고서,BUILDING,일상,위험물안전관리법 제15조,법정필수,D,C,factory/workers,자격정보,4,https://www.law.go.kr/LSW/flDownload.do?flSeq=154220935,"[{'no': 1, 'source': '법정', 'law_ref': '위험물안전관리법 제15조', 'field_key': 'business_information', 'field_name': '사업장 정보', 'is_mandatory': True}, {'no': 2, 'source': '법정', 'law_ref': '위험물안전관리법 제15조', 'field_key': 'hazmat_manager_info', 'field_name': '안전관리자 인적사항', 'is_mandatory': True}, {'no': 3, 'source': '법정', 'law_ref': '위험물안전관리법 시행령', 'field_key': 'qualification_info', 'field_name': '자격증 정보', 'is_mandatory': True}, {'no': 4, 'source': '법정', 'law_ref': '위험물안전관리법 제15조', 'field_key': 'appointment_date', 'field_name': '선임일자', 'is_mandatory': True}, {'no': 5, 'source': '법정', 'law_ref': '위험물안전관리법 제15조', 'field_key': 'report_date', 'field_name': '신고일자', 'is_mandatory': True}]",True,True,팩스(팝빌) / 등기(포스트플러스),COPY_OK,BUSINESS,False,True,법정서식,소방서,안전관리자 선임 후 14일 이내 신고,,제조소등의 관계인,수시,500만원 이하 과태료(위험물안전관리법 제39조),소방본부장·소방서장,nfa,팩스/방문,fire.go.kr,True,False,True,선임후 14일 이내,,시도지사에게 신고(위험물안전관리법 제15조),,50
DOC-FAC-007,위험물 저장취급 기록부,BUILDING,일상,위험물안전관리법 제18조,법정필수,B,A,factory,위험물 종류 수량,3,,"[{'no': 1, 'source': '법정', 'law_ref': '위험물안전관리법 시행규칙', 'field_key': 'material_in_out_datetime', 'field_name': '위험물 입출고 일시', 'is_mandatory': True}, {'no': 2, 'source': '법정', 'law_ref': '시행규칙', 'field_key': 'material_class', 'field_name': '위험물 종류 및 등급', 'is_mandatory': True}, {'no': 3, 'source': 'KOSHA', 'law_ref': None, 'field_key': 'container_sealed', 'field_name': '저장 용기 밀폐 상태 정상', 'is_mandatory': False}, {'no': 4, 'source': 'KOSHA', 'law_ref': None, 'field_key': 'leak_trace', 'field_name': '누출 흔적 여부', 'is_mandatory': False}, {'no': 5, 'source': 'KOSHA', 'law_ref': None, 'field_key': 'ventilation_status', 'field_name': '환기 설비 작동 상태', 'is_mandatory': False}]",True,True,TAI내 보관·열람,COPY_OK,BUSINESS,False,True,법정서식,자체보관,자체보관,,제조소등의 관계인 또는 위험물안전관리자,상시,,자체보관,self,자체보관,-,False,False,False,소방서 요청시 제출,,,,10
DOC-FAC-008,위험물 시설 점검기록부,BUILDING,정기,위험물안전관리법 제18조,법정필수,A,S,inspections,-,2,,"[{'no': 1, 'source': '법정', 'law_ref': '위험물법 시행규칙', 'field_key': 'inspection_content', 'field_name': '점검내용', 'is_mandatory': True}, {'no': 2, 'source': '법정', 'law_ref': '시행규칙', 'field_key': 'result', 'field_name': '점검결과', 'is_mandatory': True}, {'no': 3, 'source': '법정', 'law_ref': '시행규칙', 'field_key': 'abnormal', 'field_name': '이상 여부', 'is_mandatory': True}, {'no': 4, 'source': '법정', 'law_ref': '시행규칙', 'field_key': 'action', 'field_name': '조치사항', 'is_mandatory': True}]",True,False,,COPY_OK,BUSINESS,False,True,법정서식,자체보관,자체보관,,제조소등의 관계인 또는 위험물안전관리자,정기,,,,,,False,False,False,,,,,0
DOC-FAC-009,위험물 시설 검사 결과서,BUILDING,정기,위험물안전관리법 제13조,법정필수,X,X,-,검사기관,5,https://www.law.go.kr/LSW/flDownload.do?flSeq=154220919,"[{'no': 1, 'source': '법정', 'law_ref': '위험물안전관리법 제13조', 'field_key': 'hazardous_facility_information', 'field_name': '검사 대상 제조소등 정보', 'is_mandatory': True}, {'no': 2, 'source': '법정', 'law_ref': '위험물안전관리법 제13조', 'field_key': 'hazardous_material_type_quantity_multiple', 'field_name': '위험물 종류 및 지정수량 배수', 'is_mandatory': True}, {'no': 3, 'source': '법정', 'law_ref': '위험물안전관리법 제13조', 'field_key': 'inspection_datetime', 'field_name': '검사 일시', 'is_mandatory': True}, {'no': 4, 'source': '법정', 'law_ref': '위험물안전관리법 제13조', 'field_key': 'inspection_result', 'field_name': '검사 결과', 'is_mandatory': True}, {'no': 5, 'source': '법정', 'law_ref': '위험물안전관리법 시행규칙 별지', 'field_key': 'nonconformities_corrective_actions', 'field_name': '부적합 사항 및 보완조치', 'is_mandatory': True}]",True,False,링크 안내만 가능,DIGITAL_OK,EXTERNAL_RECEIVE,True,True,법정서식,소방서,검사 완료 후 결과 발급,,위험물 검사기관,정기,,소방본부장·소방서장,nfa,방문/서면,-,False,False,False,외부 검사기관 발행,,검사기관이 검사 후 결과서 발급(위험물안전관리법 제13조),,0
DOC-FAC-010,위험물 사고 보고서,BUILDING,사고시,위험물안전관리법,법정필수,C,A,factory,사고상세,4,,"[{'no': 1, 'source': '법정', 'law_ref': '위험물안전관리법', 'field_key': 'incident_datetime', 'field_name': '사고 발생 일시', 'is_mandatory': True}, {'no': 2, 'source': '법정', 'law_ref': '위험물안전관리법', 'field_key': 'incident_location', 'field_name': '사고 발생 장소', 'is_mandatory': True}, {'no': 3, 'source': '법정', 'law_ref': '위험물안전관리법', 'field_key': 'hazardous_material_type_quantity', 'field_name': '위험물 종류 및 수량', 'is_mandatory': True}, {'no': 4, 'source': '소방청지침', 'law_ref': None, 'field_key': 'fire_explosion_leak_status', 'field_name': '화재·폭발·누출 여부', 'is_mandatory': False}, {'no': 5, 'source': '소방청지침', 'law_ref': None, 'field_key': 'initial_response_action', 'field_name': '초기 대응 조치', 'is_mandatory': False}]",False,True,팩스(팝빌) 자동발송,COPY_OK,BUSINESS,False,True,법정서식,소방서,사고 발생 시 즉시 신고,,제조소등의 관계인,즉시,,소방본부장·소방서장,nfa,팩스/방문,-,True,True,True,사고발생시 즉시,,사고 발생 시 관할 행정기관에 신고(위험물안전관리법),,30
DOC-FAC-011,위험물 예방규정,BUILDING,일상,위험물안전관리법 제17조,법정필수,C,B,factory,예방조치 세부사항,4,,"[{'no': 1, 'source': '법정', 'law_ref': '위험물안전관리법 제17조, 시행규칙 제63조제1항제1호', 'field_key': 'safety_management_duties_and_organization', 'field_name': '안전관리업무 담당자 직무 및 조직', 'is_mandatory': True}, {'no': 2, 'source': '법정', 'law_ref': '시행규칙 제63조제1항제2호', 'field_key': 'safety_manager_deputy', 'field_name': '안전관리자 직무대리자 지정', 'is_mandatory': True}, {'no': 3, 'source': '법정', 'law_ref': '시행규칙 제63조제1항제3호', 'field_key': 'self_fire_brigade_and_fire_truck_arrangement', 'field_name': '자체소방대 편성 및 화학소방자동차 배치', 'is_mandatory': True}, {'no': 4, 'source': '법정', 'law_ref': '시행규칙 제63조제1항제4호', 'field_key': 'worker_safety_training', 'field_name': '종사자 안전교육 및 훈련', 'is_mandatory': True}, {'no': 5, 'source': '법정', 'law_ref': '시행규칙 제63조제1항제5호', 'field_key': 'facility_workplace_safety_patrol', 'field_name': '시설 및 작업장 안전순찰', 'is_mandatory': True}, {'no': 6, 'source': '법정', 'law_ref': '시행규칙 제63조제1항제6호', 'field_key': 'facility_fire_equipment_inspection_maintenance', 'field_name': '시설 및 소방시설 점검정비', 'is_mandatory': True}, {'no': 7, 'source': '법정', 'law_ref': '시행규칙 제63조제1항제7호', 'field_key': 'facility_operation_standard', 'field_name': '시설 운전조작 기준', 'is_mandatory': True}, {'no': 8, 'source': '법정', 'law_ref': '시행규칙 제63조제1항제8호', 'field_key': 'hazardous_material_handling_standard', 'field_name': '위험물 취급작업 기준', 'is_mandatory': True}, {'no': 9, 'source': '법정', 'law_ref': '시행규칙 제63조제1항제10호', 'field_key': 'emergency_response_procedure', 'field_name': '비상시 조치 절차', 'is_mandatory': True}, {'no': 10, 'source': '법정', 'law_ref': '시행규칙 제63조제1항제11호', 'field_key': 'safety_record_management', 'field_name': '안전기록 관리 방법', 'is_mandatory': True}, {'no': 11, 'source': '법정', 'law_ref': '시행규칙 제63조제1항제12호', 'field_key': 'drawing_document_control', 'field_name': '도면 및 관련 서류 정비 방법', 'is_mandatory': True}]",False,True,팩스(팝빌) / 등기(포스트플러스),COPY_OK,BUSINESS,False,True,법정서식,소방서,위험물 취급 시작 전 수립 및 변경 시,,제조소등의 관계인,상시,500만원 이하 과태료(위험물안전관리법 제39조),소방본부장·소방서장,nfa,서면/방문,-,True,False,True,선임전 제출,,시도지사에게 제출하여 승인(위험물안전관리법 제17조),,30
DOC-FAC-012,보일러 관리자 선임신고서,BUILDING,일상,에너지이용합리화법,법정필수,D,C,factory/workers,자격정보,5,,"[{'no': 1, 'source': '법정', 'law_ref': '에너지이용합리화법', 'field_key': 'business_information', 'field_name': '사업장 정보', 'is_mandatory': True}, {'no': 2, 'source': '법정', 'law_ref': '에너지이용합리화법', 'field_key': 'boiler_manager_info', 'field_name': '보일러 관리자 인적사항', 'is_mandatory': True}, {'no': 3, 'source': '법정', 'law_ref': '에너지이용합리화법 시행령', 'field_key': 'qualification_info', 'field_name': '자격증 정보', 'is_mandatory': True}, {'no': 4, 'source': '법정', 'law_ref': '에너지이용합리화법', 'field_key': 'appointment_date', 'field_name': '선임일자', 'is_mandatory': True}, {'no': 5, 'source': '법정', 'law_ref': '에너지이용합리화법', 'field_key': 'report_date', 'field_name': '신고일자', 'is_mandatory': True}]",True,True,팩스(팝빌) / 에너지공단 링크 안내,DIGITAL_OK,BUSINESS,False,True,법정서식,지자체,선임 후 지체 없이 신고,,에너지사용자 또는 사업자,수시,,한국에너지공단,kea,온라인/팩스,energy.or.kr,True,False,True,선임후 30일 이내,,관할 행정기관에 신고(에너지이용합리화법),,50
DOC-FAC-013,보일러 운전일지,BUILDING,일상,에너지이용합리화법,법정필수,A,S,inspections,-,2,,"[{'no': 1, 'source': '법정', 'law_ref': '에너지법 시행규칙', 'field_key': 'runtime', 'field_name': '운전시간', 'is_mandatory': True}, {'no': 2, 'source': '법정', 'law_ref': '시행규칙', 'field_key': 'temperature', 'field_name': '온도', 'is_mandatory': True}, {'no': 3, 'source': '법정', 'law_ref': '시행규칙', 'field_key': 'pressure', 'field_name': '압력', 'is_mandatory': True}, {'no': 4, 'source': '법정', 'law_ref': '시행규칙', 'field_key': 'abnormal', 'field_name': '이상 여부', 'is_mandatory': True}]",True,False,,COPY_OK,BUSINESS,False,True,법정서식,자체보관,자체보관,,보일러 관리자 또는 사업자,일일,,,,,,False,False,False,,,,,0
DOC-FAC-014,보일러 정기검사 결과서,BUILDING,정기,에너지이용합리화법,법정필수,X,X,-,검사기관,5,,"[{'no': 1, 'source': '법정', 'law_ref': '에너지이용합리화법', 'field_key': 'boiler_information', 'field_name': '검사 대상 보일러 정보', 'is_mandatory': True}, {'no': 2, 'source': '법정', 'law_ref': '에너지이용합리화법 시행규칙 별지', 'field_key': 'inspection_datetime', 'field_name': '검사 일시', 'is_mandatory': True}, {'no': 3, 'source': '법정', 'law_ref': '에너지이용합리화법 시행규칙 별지', 'field_key': 'inspection_agency_inspector', 'field_name': '검사기관 및 검사자', 'is_mandatory': True}, {'no': 4, 'source': '공인기관지침', 'law_ref': None, 'field_key': 'pressure_part_abnormal_status', 'field_name': '압력부 이상 여부', 'is_mandatory': False}, {'no': 5, 'source': '공인기관지침', 'law_ref': None, 'field_key': 'safety_valve_operation_status', 'field_name': '안전밸브 작동 상태', 'is_mandatory': False}, {'no': 6, 'source': '법정', 'law_ref': '에너지이용합리화법 시행규칙 별지', 'field_key': 'inspection_result_validity_period', 'field_name': '검사 결과 및 유효기간', 'is_mandatory': True}]",True,False,링크 안내만 가능,DIGITAL_OK,EXTERNAL_RECEIVE,True,True,법정서식,검사기관,검사 완료 후 결과 발급,,검사기관,정기,,한국에너지공단/검사기관,kea,온라인,-,False,False,False,외부 검사기관 발행,,검사기관이 검사 후 결과서 발급(에너지이용합리화법),,0
DOC-FAC-015,보일러 사고 보고서,BUILDING,사고시,에너지이용합리화법,법정필수,C,A,factory,사고상세,5,,"[{'no': 1, 'source': '법정', 'law_ref': '에너지이용합리화법', 'field_key': 'incident_datetime', 'field_name': '사고 발생 일시', 'is_mandatory': True}, {'no': 2, 'source': '에너지관리공단지침', 'law_ref': None, 'field_key': 'boiler_name_capacity', 'field_name': '사고 설비명 및 용량', 'is_mandatory': False}, {'no': 3, 'source': '에너지관리공단지침', 'law_ref': None, 'field_key': 'pressure_gauge_abnormal', 'field_name': '압력계 이상 여부', 'is_mandatory': False}, {'no': 4, 'source': '에너지관리공단지침', 'law_ref': None, 'field_key': 'safety_valve_operation', 'field_name': '안전밸브 작동 여부', 'is_mandatory': False}, {'no': 5, 'source': '에너지관리공단지침', 'law_ref': None, 'field_key': 'explosion_burn_leak_damage_status', 'field_name': '폭발·화상·누출 피해 현황', 'is_mandatory': False}]",False,True,팩스(팝빌) 자동발송,COPY_OK,BUSINESS,False,True,법정서식,관계기관,사고 발생 시 즉시 보고,,사업자 또는 관리자,즉시,,한국에너지공단,kea,팩스/온라인,energy.or.kr,True,True,True,사고발생시 즉시,,관할 행정기관에 사고 보고(에너지이용합리화법),,30
DOC-FAC-016,냉동기 설비 점검기록부,BUILDING,정기,에너지이용합리화법,법정필수,A,S,inspections,-,2,,"[{'no': 1, 'source': '법정', 'law_ref': '에너지법 시행규칙', 'field_key': 'equipment_status', 'field_name': '설비 상태', 'is_mandatory': True}, {'no': 2, 'source': '법정', 'law_ref': '시행규칙', 'field_key': 'operation_condition', 'field_name': '운전 조건', 'is_mandatory': True}, {'no': 3, 'source': '법정', 'law_ref': '시행규칙', 'field_key': 'result', 'field_name': '점검 결과', 'is_mandatory': True}]",True,False,,COPY_OK,BUSINESS,False,True,법정서식,자체보관,자체보관,,사업자 또는 관리자,정기,,,,,,False,False,False,,,,,0
DOC-FAC-017,냉동설비 검사 결과서,BUILDING,정기,에너지이용합리화법,법정필수,X,X,-,검사기관,5,,"[{'no': 1, 'source': '법정', 'law_ref': '에너지이용합리화법', 'field_key': 'refrigeration_equipment_information', 'field_name': '검사 대상 냉동설비 정보', 'is_mandatory': True}, {'no': 2, 'source': '공인기관지침', 'law_ref': None, 'field_key': 'refrigerant_type', 'field_name': '냉매 종류', 'is_mandatory': False}, {'no': 3, 'source': '법정', 'law_ref': '에너지이용합리화법 시행규칙 별지', 'field_key': 'inspection_datetime', 'field_name': '검사 일시', 'is_mandatory': True}, {'no': 4, 'source': '공인기관지침', 'law_ref': None, 'field_key': 'compressor_piping_status', 'field_name': '압축기 및 배관 상태', 'is_mandatory': False}, {'no': 5, 'source': '공인기관지침', 'law_ref': None, 'field_key': 'refrigerant_leak_status', 'field_name': '냉매 누출 여부', 'is_mandatory': False}, {'no': 6, 'source': '법정', 'law_ref': '에너지이용합리화법 시행규칙 별지', 'field_key': 'inspection_result_validity_period', 'field_name': '검사 결과 및 유효기간', 'is_mandatory': True}]",True,False,링크 안내만 가능,DIGITAL_OK,EXTERNAL_RECEIVE,True,True,법정서식,검사기관,검사 완료 후 결과 발급,,검사기관,정기,,한국에너지공단/검사기관,kea,온라인,-,False,False,False,외부 검사기관 발행,,검사기관이 검사 후 결과서 발급(에너지이용합리화법),,0
DOC-FAC-018,냉동설비 사고 보고서,BUILDING,사고시,에너지이용합리화법,법정필수,C,A,factory,사고상세,5,,"[{'no': 1, 'source': '법정', 'law_ref': '에너지이용합리화법', 'field_key': 'incident_datetime', 'field_name': '사고 발생 일시', 'is_mandatory': True}, {'no': 2, 'source': '에너지관리공단지침', 'law_ref': None, 'field_key': 'refrigeration_equipment_and_refrigerant_type', 'field_name': '냉동설비명 및 냉매 종류', 'is_mandatory': False}, {'no': 3, 'source': '에너지관리공단지침', 'law_ref': None, 'field_key': 'refrigerant_leak_status', 'field_name': '냉매 누출 여부', 'is_mandatory': False}, {'no': 4, 'source': '에너지관리공단지침', 'law_ref': None, 'field_key': 'compressor_abnormal_status', 'field_name': '압축기 이상 여부', 'is_mandatory': False}, {'no': 5, 'source': '에너지관리공단지침', 'law_ref': None, 'field_key': 'damage_and_emergency_action', 'field_name': '피해 및 응급조치 내용', 'is_mandatory': False}]",False,True,팩스(팝빌) 자동발송,COPY_OK,BUSINESS,False,True,법정서식,관계기관,사고 발생 시 즉시 보고,,사업자 또는 관리자,즉시,,한국에너지공단,kea,팩스/온라인,-,True,True,True,사고발생시 즉시,,관할 행정기관에 사고 보고(에너지이용합리화법),,30
DOC-FAC-019,고압가스 안전관리자 해임퇴직 신고서,BUILDING,일상,"고압가스안전관리법 제15조제3항, 시행규칙 별지 제19호",의무,C,X,,,5,,"[{'no': 1, 'source': '법정', 'law_ref': '고압가스안전관리법 시행규칙 별지 제19호서식', 'field_key': 'reporter_information', 'field_name': '신고인 정보', 'is_mandatory': True}, {'no': 2, 'source': '법정', 'law_ref': '고압가스안전관리법 시행규칙 별지 제19호서식', 'field_key': 'business_site_information', 'field_name': '사업소 정보', 'is_mandatory': True}, {'no': 3, 'source': '법정', 'law_ref': '고압가스안전관리법 시행규칙 별지 제19호서식', 'field_key': 'dismissed_retired_safety_manager_information', 'field_name': '해임 또는 퇴직한 안전관리자 정보', 'is_mandatory': True}, {'no': 4, 'source': '법정', 'law_ref': '고압가스안전관리법 시행규칙 별지 제19호서식', 'field_key': 'dismissal_retirement_date', 'field_name': '해임 또는 퇴직 연월일', 'is_mandatory': True}]",True,False,,ORIGINAL_ONLY,BUSINESS,False,True,법정서식,,해임 또는 퇴직한 경우 신고,,고압가스 안전관리자를 선임한 자,,,,,,,False,False,False,,False,"방문, 우편",,0
DOC-FAC-020,고압가스배관 시공감리 신청서,BUILDING,일상,고압가스안전관리법 제16조제2항,의무,D,X,,,5,https://www.law.go.kr/LSW/flDownload.do?flSeq=157315287,"[{'no': 1, 'source': '법정', 'law_ref': '고압가스안전관리법 제16조제2항, 시행규칙 별지 제21호의2서식', 'field_key': 'applicant_information', 'field_name': '신청인 정보', 'is_mandatory': True}, {'no': 2, 'source': '법정', 'law_ref': '고압가스안전관리법 시행규칙 별지 제21호의2서식', 'field_key': 'pipeline_construction_information', 'field_name': '배관 설치 또는 변경공사 정보', 'is_mandatory': True}, {'no': 3, 'source': '법정', 'law_ref': '고압가스안전관리법 시행규칙 별지 제21호의2서식', 'field_key': 'construction_location', 'field_name': '공사 위치', 'is_mandatory': True}, {'no': 4, 'source': '법정', 'law_ref': '고압가스안전관리법 시행규칙 제28조의2제1항', 'field_key': 'attached_documents', 'field_name': '첨부서류', 'is_mandatory': True}]",True,False,,ORIGINAL_ONLY,BUSINESS,False,True,법정서식,,배관 설치 또는 변경공사 시공 전,,고압가스 배관 설치 또는 변경공사를 하려는 자,,,,,,,False,False,False,,False,한국가스안전공사에 신청,,0
DOC-FAC-021,고압가스배관 시공감리 증명서,BUILDING,일상,고압가스안전관리법 제16조제2항,의무,D,X,,,5,https://www.law.go.kr/LSW/flDownload.do?flSeq=157315301,"[{'no': 1, 'source': '법정', 'law_ref': '고압가스안전관리법 제16조제2항', 'field_key': 'pipeline_supervision_target_information', 'field_name': '시공감리 대상 배관 정보', 'is_mandatory': True}, {'no': 2, 'source': '법정', 'law_ref': '고압가스안전관리법 제16조제2항', 'field_key': 'supervision_result', 'field_name': '시공감리 결과', 'is_mandatory': True}, {'no': 3, 'source': '법정', 'law_ref': '고압가스안전관리법 제16조제2항', 'field_key': 'supervision_agency', 'field_name': '시공감리 기관', 'is_mandatory': True}, {'no': 4, 'source': '법정', 'law_ref': '고압가스안전관리법 제16조제2항', 'field_key': 'certificate_issue_date', 'field_name': '증명서 발급일', 'is_mandatory': True}]",True,False,,ORIGINAL_ONLY,EXTERNAL_RECEIVE,True,True,법정서식,,시공감리 완료 후 발급,,한국가스안전공사,,,,,,,False,False,False,,False,시공감리 증명서 발급,,0
DOC-FAC-022,고압가스 정기검사 신청서,BUILDING,정기,고압가스안전관리법 제16조,의무,C,X,,,5,https://www.law.go.kr/LSW/flDownload.do?flSeq=157315281,"[{'no': 1, 'source': '법정', 'law_ref': '고압가스안전관리법 제16조', 'field_key': 'applicant_information', 'field_name': '신청인 정보', 'is_mandatory': True}, {'no': 2, 'source': '법정', 'law_ref': '고압가스안전관리법 제16조', 'field_key': 'inspection_target_facility_information', 'field_name': '검사 대상 시설 정보', 'is_mandatory': True}, {'no': 3, 'source': '법정', 'law_ref': '고압가스안전관리법 시행규칙', 'field_key': 'preferred_inspection_date', 'field_name': '검사 희망일', 'is_mandatory': True}, {'no': 4, 'source': '법정', 'law_ref': '고압가스안전관리법 제16조', 'field_key': 'attached_documents', 'field_name': '첨부서류', 'is_mandatory': True}]",True,False,,ORIGINAL_ONLY,BUSINESS,False,True,법정서식,,정기검사 기간 도래 전,,검사 대상 고압가스 사업자,,,,,,,False,False,False,,False,검사기관 또는 한국가스안전공사에 신청,,0
DOC-FAC-023,고압가스 사고발생 통보서,BUILDING,사고시,고압가스안전관리법,의무,B,X,,,5,,"[{'no': 1, 'source': '법정', 'law_ref': '고압가스안전관리법', 'field_key': 'accident_datetime', 'field_name': '사고 발생 일시', 'is_mandatory': True}, {'no': 2, 'source': '법정', 'law_ref': '고압가스안전관리법', 'field_key': 'accident_location', 'field_name': '사고 발생 장소', 'is_mandatory': True}, {'no': 3, 'source': '법정', 'law_ref': '고압가스안전관리법', 'field_key': 'accident_details_damage_status', 'field_name': '사고 내용 및 피해 현황', 'is_mandatory': True}, {'no': 4, 'source': '법정', 'law_ref': '고압가스안전관리법', 'field_key': 'emergency_action_details', 'field_name': '응급조치 내용', 'is_mandatory': True}]",False,False,,COPY_OK,BUSINESS,False,True,법정서식,,사고 발생 시 지체 없이,,고압가스 사업자 또는 안전관리자,,,,,,,False,False,False,,False,관계 행정기관 또는 한국가스안전공사에 통보,,0
DOC-FAC-024,위험물안전관리자 해임퇴직 신고서,BUILDING,일상,"위험물안전관리법 제15조, 시행규칙 별지 제32호",의무,C,X,,,5,https://www.law.go.kr/LSW/flDownload.do?flSeq=154220965,"[{'no': 1, 'source': '법정', 'law_ref': '위험물안전관리법 시행규칙 별지 제32호서식', 'field_key': 'installer_name_address_phone', 'field_name': '설치자 성명주소전화', 'is_mandatory': True}, {'no': 2, 'source': '법정', 'law_ref': '위험물안전관리법 시행규칙 별지 제32호서식', 'field_key': 'business_site_name_location', 'field_name': '사업소 명칭 및 설치장소', 'is_mandatory': True}, {'no': 3, 'source': '법정', 'law_ref': '위험물안전관리법 시행규칙 별지 제32호서식', 'field_key': 'facility_category', 'field_name': '제조소등의 구분', 'is_mandatory': True}, {'no': 4, 'source': '법정', 'law_ref': '위험물안전관리법 시행규칙 별지 제32호서식', 'field_key': 'installation_permission_date_number', 'field_name': '설치허가연월일 및 허가번호', 'is_mandatory': True}, {'no': 5, 'source': '법정', 'law_ref': '위험물안전관리법 시행규칙 별지 제32호서식', 'field_key': 'hazardous_material_name_max_quantity', 'field_name': '위험물의 품명 및 최대수량', 'is_mandatory': True}, {'no': 6, 'source': '법정', 'law_ref': '위험물안전관리법 시행규칙 별지 제32호서식', 'field_key': 'dismissed_retired_safety_manager_information', 'field_name': '해임퇴직한 안전관리자 정보', 'is_mandatory': True}, {'no': 7, 'source': '법정', 'law_ref': '위험물안전관리법 시행규칙 별지 제32호서식', 'field_key': 'dismissal_retirement_date_reason', 'field_name': '해임퇴직 연월일 및 사유', 'is_mandatory': True}]",True,False,,ORIGINAL_ONLY,BUSINESS,False,True,법정서식,,선임한 날부터 14일 이내 신고,,제조소등의 관계인,,,,,,,False,False,False,,False,소방서장에게 신고,,0
DOC-FAC-025,위험물 제조소등 설치허가 신청서,BUILDING,일상,위험물안전관리법 제6조,의무,C,X,,,5,https://www.law.go.kr/LSW/flDownload.do?flSeq=154220699,"[{'no': 1, 'source': '법정', 'law_ref': '위험물안전관리법 제6조', 'field_key': 'applicant_information', 'field_name': '신청인 정보', 'is_mandatory': True}, {'no': 2, 'source': '법정', 'law_ref': '위험물안전관리법 제6조', 'field_key': 'facility_installation_location', 'field_name': '제조소등의 설치장소', 'is_mandatory': True}, {'no': 3, 'source': '법정', 'law_ref': '위험물안전관리법 제6조', 'field_key': 'facility_category', 'field_name': '제조소등의 구분', 'is_mandatory': True}, {'no': 4, 'source': '법정', 'law_ref': '위험물안전관리법 제6조', 'field_key': 'hazardous_material_quantity_multiple', 'field_name': '위험물 품명수량지정수량 배수', 'is_mandatory': True}, {'no': 5, 'source': '법정', 'law_ref': '위험물안전관리법 제6조', 'field_key': 'location_structure_equipment_specification', 'field_name': '위치구조 및 설비 명세', 'is_mandatory': True}]",True,False,,ORIGINAL_ONLY,BUSINESS,False,True,법정서식,,설치 전 허가 신청,,제조소등을 설치하려는 자,,1년 이하 징역 또는 1천만원 이하 벌금(위험물안전관리법 제35조),,,,,False,False,False,,False,시도지사의 허가를 받아야 함,,0
DOC-FAC-026,위험물 제조소등 변경허가 신청서,BUILDING,변경시,위험물안전관리법 제6조,의무,C,X,,,5,https://www.law.go.kr/LSW/flDownload.do?flSeq=154220795,"[{'no': 1, 'source': '법정', 'law_ref': '위험물안전관리법 제6조', 'field_key': 'existing_permission_information', 'field_name': '기존 허가 정보', 'is_mandatory': True}, {'no': 2, 'source': '법정', 'law_ref': '위험물안전관리법 제6조', 'field_key': 'change_details', 'field_name': '변경 내용', 'is_mandatory': True}, {'no': 3, 'source': '법정', 'law_ref': '위험물안전관리법 제6조', 'field_key': 'change_reason', 'field_name': '변경 사유', 'is_mandatory': True}, {'no': 4, 'source': '법정', 'law_ref': '위험물안전관리법 제6조', 'field_key': 'changed_location_structure_equipment_specification', 'field_name': '변경 후 위치구조 및 설비 명세', 'is_mandatory': True}]",True,False,,ORIGINAL_ONLY,BUSINESS,False,True,법정서식,,변경 전 허가 신청,,제조소등의 위치구조 또는 설비를 변경하려는 자,,1년 이하 징역 또는 1천만원 이하 벌금(위험물안전관리법 제35조),,,,,False,False,False,,False,시도지사의 변경허가를 받아야 함,,0
DOC-FAC-027,위험물 제조소등 완공검사 신청서,BUILDING,일상,"위험물안전관리법 제9조, 제13조",의무,C,X,,,5,https://www.law.go.kr/LSW/flDownload.do?flSeq=154220849,"[{'no': 1, 'source': '법정', 'law_ref': '위험물안전관리법 제9조, 제13조', 'field_key': 'applicant_information', 'field_name': '신청인 정보', 'is_mandatory': True}, {'no': 2, 'source': '법정', 'law_ref': '위험물안전관리법 제9조', 'field_key': 'facility_permission_information', 'field_name': '제조소등 허가 정보', 'is_mandatory': True}, {'no': 3, 'source': '법정', 'law_ref': '위험물안전관리법 제9조', 'field_key': 'completion_inspection_target_facility', 'field_name': '완공검사 대상 시설', 'is_mandatory': True}, {'no': 4, 'source': '법정', 'law_ref': '위험물안전관리법 제9조', 'field_key': 'completion_date', 'field_name': '완공 예정 또는 완료일', 'is_mandatory': True}]",True,False,,ORIGINAL_ONLY,BUSINESS,False,True,법정서식,,설치 또는 변경 공사 완료 후 사용 전,,제조소등 설치 또는 변경허가를 받은 자,,1년 이하 징역 또는 1천만원 이하 벌금(위험물안전관리법 제35조),,,,,False,False,False,,False,시도지사의 완공검사를 받아야 함,,0
DOC-FAC-028,위험물 제조소등 완공검사필증,BUILDING,일상,"위험물안전관리법 제9조, 제13조",의무,C,X,,,5,https://www.law.go.kr/LSW/flDownload.do?flSeq=154220865,"[{'no': 1, 'source': '법정', 'law_ref': '위험물안전관리법 제9조', 'field_key': 'facility_information', 'field_name': '제조소등 정보', 'is_mandatory': True}, {'no': 2, 'source': '법정', 'law_ref': '위험물안전관리법 제9조', 'field_key': 'completion_inspection_result', 'field_name': '완공검사 결과', 'is_mandatory': True}, {'no': 3, 'source': '법정', 'law_ref': '위험물안전관리법 제9조', 'field_key': 'completion_certificate_number', 'field_name': '완공검사필증 발급번호', 'is_mandatory': True}, {'no': 4, 'source': '법정', 'law_ref': '위험물안전관리법 제9조', 'field_key': 'issue_date', 'field_name': '발급일자', 'is_mandatory': True}]",True,False,,ORIGINAL_ONLY,EXTERNAL_RECEIVE,True,True,법정서식,,완공검사 적합 판정 후 발급,,시도지사 또는 검사기관,,,,,,,False,False,False,,False,완공검사 후 완공검사필증 발급,,0
DOC-FAC-029,위험물 예방규정 변경인가 신청서,BUILDING,변경시,위험물안전관리법 제17조,의무,C,X,,,5,https://www.law.go.kr/LSW/flDownload.do?flSeq=154220795,"[{'no': 1, 'source': '법정', 'law_ref': '위험물안전관리법 제17조', 'field_key': 'applicant_information', 'field_name': '신청인 정보', 'is_mandatory': True}, {'no': 2, 'source': '법정', 'law_ref': '위험물안전관리법 제17조', 'field_key': 'existing_prevention_rules_information', 'field_name': '기존 예방규정 정보', 'is_mandatory': True}, {'no': 3, 'source': '법정', 'law_ref': '위험물안전관리법 제17조', 'field_key': 'change_details', 'field_name': '변경 내용', 'is_mandatory': True}, {'no': 4, 'source': '법정', 'law_ref': '위험물안전관리법 제17조', 'field_key': 'change_reason', 'field_name': '변경 사유', 'is_mandatory': True}]",True,False,,ORIGINAL_ONLY,BUSINESS,False,True,법정서식,,예방규정 변경 전,,제조소등의 관계인,,500만원 이하 과태료(위험물안전관리법 제39조),,,,,False,False,False,,False,시도지사에게 변경인가 신청,,0
DOC-FAC-030,위험물 정기점검 결과 제출서,BUILDING,정기,위험물안전관리법 제18조,의무,B,X,,,5,,"[{'no': 1, 'source': '법정', 'law_ref': '위험물안전관리법 제18조', 'field_key': 'hazardous_facility_information', 'field_name': '제조소등 정보', 'is_mandatory': True}, {'no': 2, 'source': '법정', 'law_ref': '위험물안전관리법 제18조', 'field_key': 'inspection_date', 'field_name': '점검일자', 'is_mandatory': True}, {'no': 3, 'source': '법정', 'law_ref': '위험물안전관리법 제18조', 'field_key': 'inspector', 'field_name': '점검자', 'is_mandatory': True}, {'no': 4, 'source': '법정', 'law_ref': '위험물안전관리법 제18조', 'field_key': 'inspection_result', 'field_name': '점검결과', 'is_mandatory': True}]",False,False,,COPY_OK,BUSINESS,False,True,법정서식,,자체보관,,제조소등의 관계인,,,,,,,False,False,False,,False,,,0
DOC-FAC-031,검사대상기기 조종자 선임해임 신고서,BUILDING,일상,에너지이용합리화법,의무,C,X,,,5,https://www.law.go.kr/LSW/flDownload.do?flSeq=158967451,"[{'no': 1, 'source': '법정', 'law_ref': '에너지이용합리화법 시행규칙', 'field_key': 'reporter_information', 'field_name': '신고인 정보', 'is_mandatory': True}, {'no': 2, 'source': '법정', 'law_ref': '에너지이용합리화법', 'field_key': 'inspection_equipment_information', 'field_name': '검사대상기기 정보', 'is_mandatory': True}, {'no': 3, 'source': '법정', 'law_ref': '에너지이용합리화법', 'field_key': 'operator_name_qualification', 'field_name': '조종자 성명 및 자격', 'is_mandatory': True}, {'no': 4, 'source': '법정', 'law_ref': '에너지이용합리화법', 'field_key': 'appointment_or_dismissal_date', 'field_name': '선임 또는 해임일자', 'is_mandatory': True}]",True,False,,ORIGINAL_ONLY,BUSINESS,False,True,법정서식,,선임 또는 해임 시 신고,,검사대상기기 설치자 또는 관리자,,,,,,,False,False,False,,False,관할 행정기관 또는 한국에너지공단에 신고,,0
DOC-FAC-032,검사대상기기 설치검사 신청서,BUILDING,일상,에너지이용합리화법,의무,C,X,,,5,https://www.law.go.kr/LSW/flDownload.do?flSeq=158967451,"[{'no': 1, 'source': '법정', 'law_ref': '에너지이용합리화법', 'field_key': 'applicant_information', 'field_name': '신청인 정보', 'is_mandatory': True}, {'no': 2, 'source': '법정', 'law_ref': '에너지이용합리화법', 'field_key': 'equipment_specification', 'field_name': '검사대상기기 명세', 'is_mandatory': True}, {'no': 3, 'source': '법정', 'law_ref': '에너지이용합리화법', 'field_key': 'installation_location', 'field_name': '설치장소', 'is_mandatory': True}, {'no': 4, 'source': '법정', 'law_ref': '에너지이용합리화법', 'field_key': 'preferred_inspection_date', 'field_name': '검사 희망일', 'is_mandatory': True}]",True,False,,ORIGINAL_ONLY,BUSINESS,False,True,법정서식,,설치 후 사용 전,,검사대상기기 설치자,,,,,,,False,False,False,,False,한국에너지공단에 신청,,0
DOC-FAC-033,검사대상기기 계속사용검사 신청서,BUILDING,정기,에너지이용합리화법,의무,C,X,,,5,https://www.law.go.kr/LSW/flDownload.do?flSeq=158967451,"[{'no': 1, 'source': '법정', 'law_ref': '에너지이용합리화법', 'field_key': 'applicant_information', 'field_name': '신청인 정보', 'is_mandatory': True}, {'no': 2, 'source': '법정', 'law_ref': '에너지이용합리화법', 'field_key': 'equipment_information', 'field_name': '검사대상기기 정보', 'is_mandatory': True}, {'no': 3, 'source': '법정', 'law_ref': '에너지이용합리화법', 'field_key': 'existing_inspection_certificate', 'field_name': '기존 검사증 정보', 'is_mandatory': True}, {'no': 4, 'source': '법정', 'law_ref': '에너지이용합리화법', 'field_key': 'preferred_inspection_date', 'field_name': '검사 희망일', 'is_mandatory': True}]",True,False,,ORIGINAL_ONLY,BUSINESS,False,True,법정서식,,계속사용검사 기간 도래 전,,검사대상기기 설치자 또는 관리자,,,,,,,False,False,False,,False,한국에너지공단에 신청,,0
DOC-FAC-034,검사대상기기 개조검사 신청서,BUILDING,변경시,에너지이용합리화법,의무,D,X,,,5,https://www.law.go.kr/LSW/flDownload.do?flSeq=158967451,"[{'no': 1, 'source': '법정', 'law_ref': '에너지이용합리화법', 'field_key': 'applicant_information', 'field_name': '신청인 정보', 'is_mandatory': True}, {'no': 2, 'source': '법정', 'law_ref': '에너지이용합리화법', 'field_key': 'equipment_information', 'field_name': '검사대상기기 정보', 'is_mandatory': True}, {'no': 3, 'source': '법정', 'law_ref': '에너지이용합리화법', 'field_key': 'modification_details', 'field_name': '개조 내용', 'is_mandatory': True}, {'no': 4, 'source': '법정', 'law_ref': '에너지이용합리화법', 'field_key': 'preferred_modification_inspection_date', 'field_name': '개조검사 희망일', 'is_mandatory': True}]",True,False,,ORIGINAL_ONLY,BUSINESS,False,True,법정서식,,개조 후 사용 전,,검사대상기기 설치자 또는 관리자,,,,,,,False,False,False,,False,한국에너지공단에 신청,,0
DOC-FAC-035,검사대상기기 설치장소 변경검사 신청서,BUILDING,변경시,에너지이용합리화법,의무,D,X,,,5,https://www.law.go.kr/LSW/flDownload.do?flSeq=158967451,"[{'no': 1, 'source': '법정', 'law_ref': '에너지이용합리화법', 'field_key': 'applicant_information', 'field_name': '신청인 정보', 'is_mandatory': True}, {'no': 2, 'source': '법정', 'law_ref': '에너지이용합리화법', 'field_key': 'equipment_information', 'field_name': '검사대상기기 정보', 'is_mandatory': True}, {'no': 3, 'source': '법정', 'law_ref': '에너지이용합리화법', 'field_key': 'previous_installation_location', 'field_name': '변경 전 설치장소', 'is_mandatory': True}, {'no': 4, 'source': '법정', 'law_ref': '에너지이용합리화법', 'field_key': 'new_installation_location', 'field_name': '변경 후 설치장소', 'is_mandatory': True}]",True,False,,ORIGINAL_ONLY,BUSINESS,False,True,법정서식,,설치장소 변경 후 사용 전,,검사대상기기 설치자 또는 관리자,,,,,,,False,False,False,,False,한국에너지공단에 신청,,0
DOC-FAC-036,검사대상기기 검사증,BUILDING,정기,에너지이용합리화법,의무,C,X,,,5,https://www.law.go.kr/LSW/flDownload.do?flSeq=158967451,"[{'no': 1, 'source': '법정', 'law_ref': '에너지이용합리화법', 'field_key': 'equipment_information', 'field_name': '검사대상기기 정보', 'is_mandatory': True}, {'no': 2, 'source': '법정', 'law_ref': '에너지이용합리화법', 'field_key': 'inspection_type', 'field_name': '검사 구분', 'is_mandatory': True}, {'no': 3, 'source': '법정', 'law_ref': '에너지이용합리화법', 'field_key': 'inspection_result', 'field_name': '검사 결과', 'is_mandatory': True}, {'no': 4, 'source': '법정', 'law_ref': '에너지이용합리화법', 'field_key': 'certificate_validity_period', 'field_name': '검사증 유효기간', 'is_mandatory': True}]",True,False,,ORIGINAL_ONLY,EXTERNAL_RECEIVE,True,True,법정서식,,검사 합격 후 발급,,한국에너지공단 또는 검사기관,,,,,,,False,False,False,,False,검사증 발급,,0
DOC-OSH-001,안전보건관리규정,COMMON,일상,산안법 제25조,법정필수,C,B,factory/법령엔진,사업장 특성별 세부규정,3,,"[{'no': 1, 'source': '법정', 'law_ref': '산안법 제25조', 'field_key': 'safety_organization_duties', 'field_name': '안전보건관리 조직 및 직무', 'is_mandatory': True}, {'no': 2, 'source': '법정', 'law_ref': '산안법 제25조', 'field_key': 'safety_training_items', 'field_name': '안전보건교육 사항', 'is_mandatory': True}, {'no': 3, 'source': '법정', 'law_ref': '산안법 제25조', 'field_key': 'workplace_safety_standards', 'field_name': '작업장 안전관리 기준', 'is_mandatory': True}, {'no': 4, 'source': '법정', 'law_ref': '산안법 제25조', 'field_key': 'incident_investigation_reporting', 'field_name': '사고조사 및 보고 절차', 'is_mandatory': True}, {'no': 5, 'source': '고용노동부지침', 'law_ref': None, 'field_key': 'risk_assessment_procedure', 'field_name': '위험성평가 절차', 'is_mandatory': False}]",False,True,TAI내 보관·열람,COPY_OK,BUSINESS,False,True,법정서식,자체보관,작성 후 사업장에 비치,,사업주,상시,500만원 이하 과태료(산안법 제175조),자체보관,self,자체보관,-,False,False,False,근로감독관 요청시 제출,,,,30
DOC-OSH-002,위험성평가서,COMMON,정기,산안법 제36조,법정필수,C,B,factory/법령엔진/inspections,위험도등급 감소대책,2,,"[{'no': 1, 'source': '법정', 'law_ref': '산안법 제36조', 'field_key': 'assessment_target_work_process', 'field_name': '평가 대상 작업 또는 공정', 'is_mandatory': True}, {'no': 2, 'source': '법정', 'law_ref': '산안법 제36조, 위험성평가 지침', 'field_key': 'identified_hazards', 'field_name': '유해위험요인 파악 결과', 'is_mandatory': True}, {'no': 3, 'source': '법정', 'law_ref': '위험성평가 지침', 'field_key': 'risk_determination_result', 'field_name': '위험성 결정 결과', 'is_mandatory': True}, {'no': 4, 'source': '법정', 'law_ref': '위험성평가 지침', 'field_key': 'risk_reduction_measures', 'field_name': '위험성 감소대책', 'is_mandatory': True}, {'no': 5, 'source': '법정', 'law_ref': '위험성평가 지침', 'field_key': 'reduction_measure_execution_result', 'field_name': '감소대책 실행 결과', 'is_mandatory': True}, {'no': 6, 'source': '법정', 'law_ref': '위험성평가 지침', 'field_key': 'risk_assessment_result_sharing', 'field_name': '위험성평가 결과 공유 여부', 'is_mandatory': True}]",False,True,TAI내 보관·열람,COPY_OK,BUSINESS,False,True,법정서식,자체보관,자체보관,3년,사업주,연1회,500만원 이하 과태료(산안법 제175조),자체보관,self,자체보관,-,False,False,False,3년 보관,,,,30
DOC-OSH-003,산업재해조사표,COMMON,사고시,산안법 제57조,법정필수,D,C,factory/workers,재해 상세정보,4,https://www.law.go.kr/LSW/flDownload.do?flSeq=152467741,"[{'no': 1, 'source': '법정', 'law_ref': '산안법 제57조, 시행규칙 제73조, 별지 제30호서식', 'field_key': 'workplace_overview', 'field_name': '사업장 개요', 'is_mandatory': True}, {'no': 2, 'source': '법정', 'law_ref': '시행규칙 별지 제30호서식', 'field_key': 'workplace_name_business_registration_number', 'field_name': '사업장명 및 사업자등록번호', 'is_mandatory': True}, {'no': 3, 'source': '법정', 'law_ref': '시행규칙 별지 제30호서식', 'field_key': 'injured_worker_name_birthdate', 'field_name': '재해자 성명 및 생년월일', 'is_mandatory': True}, {'no': 4, 'source': '법정', 'law_ref': '시행규칙 별지 제30호서식', 'field_key': 'injured_worker_employment_type_occupation', 'field_name': '재해자 고용형태 및 직종', 'is_mandatory': True}, {'no': 5, 'source': '법정', 'law_ref': '시행규칙 별지 제30호서식', 'field_key': 'incident_datetime_location', 'field_name': '재해 발생 일시 및 장소', 'is_mandatory': True}, {'no': 6, 'source': '법정', 'law_ref': '시행규칙 별지 제30호서식', 'field_key': 'incident_summary', 'field_name': '재해 발생 개요', 'is_mandatory': True}, {'no': 7, 'source': '법정', 'law_ref': '시행규칙 별지 제30호서식', 'field_key': 'incident_cause', 'field_name': '재해 발생 원인', 'is_mandatory': True}, {'no': 8, 'source': '법정', 'law_ref': '시행규칙 별지 제30호서식', 'field_key': 'injury_type_body_part', 'field_name': '상해 종류 및 상해 부위', 'is_mandatory': True}, {'no': 9, 'source': '법정', 'law_ref': '시행규칙 별지 제30호서식', 'field_key': 'expected_lost_work_days', 'field_name': '휴업예상일수', 'is_mandatory': True}, {'no': 10, 'source': '법정', 'law_ref': '시행규칙 별지 제30호서식', 'field_key': 'recurrence_prevention_plan', 'field_name': '재발방지계획', 'is_mandatory': True}]",True,True,노동포털 링크 안내 / 팩스(팝빌),DIGITAL_OK,BUSINESS,False,True,법정서식,고용노동부,산업재해 발생일로부터 1개월 이내 제출,,사업주,사고시,1천500만원 이하 과태료(산안법 제175조),고용노동부(지청),moel,온라인,labor.moel.go.kr,True,False,True,재해발생후 1개월 이내,,산업재해조사표를 작성하여 고용노동부장관에게 제출(산안법 제57조),,50
DOC-OSH-004,작업환경측정결과서,INDUSTRIAL,정기,산안법 제125조,법정필수,X,X,-,외부 측정기관,5,https://www.law.go.kr/LSW/flDownload.do?flSeq=152468075,"[{'no': 1, 'source': '법정', 'law_ref': '산안법 제125조, 시행규칙 별지', 'field_key': 'workplace_information', 'field_name': '사업장 정보', 'is_mandatory': True}, {'no': 2, 'source': '법정', 'law_ref': '산안법 제125조', 'field_key': 'measurement_target_process_location', 'field_name': '측정 대상 공정 및 작업장소', 'is_mandatory': True}, {'no': 3, 'source': '법정', 'law_ref': '산안법 제125조', 'field_key': 'measured_hazardous_agents', 'field_name': '측정 대상 유해인자', 'is_mandatory': True}, {'no': 4, 'source': '법정', 'law_ref': '작업환경측정 고시', 'field_key': 'measurement_datetime_conditions', 'field_name': '측정 일시 및 측정 조건', 'is_mandatory': True}, {'no': 5, 'source': '법정', 'law_ref': '작업환경측정 고시', 'field_key': 'measurement_result_values', 'field_name': '측정 결과값', 'is_mandatory': True}, {'no': 6, 'source': '법정', 'law_ref': '산안법 제125조', 'field_key': 'exposure_limit_exceedance', 'field_name': '노출기준 초과 여부', 'is_mandatory': True}, {'no': 7, 'source': '법정', 'law_ref': '산안법 제125조', 'field_key': 'improvement_recommendation', 'field_name': '개선조치 의견', 'is_mandatory': True}]",True,True,노동포털 링크 안내 / 팩스(팝빌),DIGITAL_OK,BUSINESS,False,True,법정서식,고용노동부,"측정 후 결과를 근로자에게 알려야 하며, 보고 대상은 고용노동부령 기준",5년,사업주 또는 작업환경측정기관,반기,1천만원 이하 과태료(산안법 제175조),고용노동부(지청),moel,온라인/서면,labor.moel.go.kr,True,False,True,측정후 30일 이내,,고용노동부령으로 정하는 바에 따라 고용노동부장관에게 보고(산안법 제125조),,0
DOC-OSH-005,특수건강진단결과서,INDUSTRIAL,정기,산안법 제129조,법정필수,X,X,-,외부 검진기관,5,https://www.law.go.kr/LSW/flDownload.do?flSeq=152468091,"[{'no': 1, 'source': '법정', 'law_ref': '산안법 제129조, 시행규칙 별지', 'field_key': 'workplace_information', 'field_name': '사업장 정보', 'is_mandatory': True}, {'no': 2, 'source': '법정', 'law_ref': '산안법 제130조, 시행규칙 별표22', 'field_key': 'target_hazardous_agent', 'field_name': '검진 대상 유해인자', 'is_mandatory': True}, {'no': 3, 'source': '법정', 'law_ref': '산안법 제129조', 'field_key': 'special_health_exam_date', 'field_name': '특수건강진단 실시일', 'is_mandatory': True}, {'no': 4, 'source': '법정', 'law_ref': '산안법 시행규칙 별표', 'field_key': 'exam_items', 'field_name': '검사항목', 'is_mandatory': True}, {'no': 5, 'source': '법정', 'law_ref': '산안법 제129조', 'field_key': 'judgment_result', 'field_name': '판정 결과', 'is_mandatory': True}, {'no': 6, 'source': '법정', 'law_ref': '산안법 제129조', 'field_key': 'fitness_for_work', 'field_name': '업무수행 적합 여부', 'is_mandatory': True}, {'no': 7, 'source': '법정', 'law_ref': '산안법 제129조', 'field_key': 'follow_up_measures', 'field_name': '사후관리 조치', 'is_mandatory': True}]",True,True,이메일 자동발송(근로자),DIGITAL_OK,EXTERNAL_RECEIVE,True,True,법정서식,자체보관,건강진단 실시 후 결과 통보,5년,건강진단기관,연1회,1천만원 이하 과태료(산안법 제175조),자체보관/근로자 통보,self,자체보관/통보,-,False,True,False,검진기관 발행,,건강진단기관이 고용노동부령으로 정하는 바에 따라 결과를 통보(산안법 제129조),,0
DOC-OSH-006,안전보건교육일지,COMMON,일상,산안법 제29조,법정필수,A,S,workers/교육모듈,-,1,,"[{'no': 1, 'source': '법정', 'law_ref': '산안법 제29조', 'field_key': 'education_done', 'field_name': '교육 실시 여부', 'is_mandatory': True}, {'no': 2, 'source': '법정', 'law_ref': '시행규칙 별표4', 'field_key': 'education_hours', 'field_name': '교육시간', 'is_mandatory': True}, {'no': 3, 'source': '법정', 'law_ref': '시행규칙 별표5', 'field_key': 'education_content', 'field_name': '교육내용', 'is_mandatory': True}, {'no': 4, 'source': '고용노동부지침', 'law_ref': None, 'field_key': 'education_datetime', 'field_name': '교육일시', 'is_mandatory': False}, {'no': 5, 'source': 'KOSHA', 'law_ref': None, 'field_key': 'attendees', 'field_name': '참석자', 'is_mandatory': False}, {'no': 6, 'source': 'KOSHA', 'law_ref': None, 'field_key': 'signatures', 'field_name': '서명', 'is_mandatory': False}]",False,False,,COPY_OK,BUSINESS,False,True,법정서식,자체보관,자체보관,3년,사업주,정기/수시,500만원 이하 과태료(산안법 제175조),,,,,False,False,False,,,,,0
DOC-OSH-007,안전점검일지,COMMON,일상,산안법 제38조,법정필수,A,S,inspections/factory,-,1,,"[{'no': 1, 'source': '법정', 'law_ref': '산안법 제38조', 'field_key': 'inspection_done', 'field_name': '점검 실시 여부', 'is_mandatory': True}, {'no': 2, 'source': 'KOSHA', 'law_ref': None, 'field_key': 'inspection_datetime', 'field_name': '점검일시', 'is_mandatory': False}, {'no': 3, 'source': 'KOSHA', 'law_ref': None, 'field_key': 'inspector', 'field_name': '점검자', 'is_mandatory': False}, {'no': 4, 'source': 'KOSHA', 'law_ref': None, 'field_key': 'risk', 'field_name': '위험요인', 'is_mandatory': False}, {'no': 5, 'source': 'KOSHA', 'law_ref': None, 'field_key': 'action', 'field_name': '조치사항', 'is_mandatory': False}]",False,False,,COPY_OK,BUSINESS,False,True,법정서식,자체보관,자체보관,,사업주 또는 관리감독자,일/주,,,,,,False,False,False,,,,,0
DOC-OSH-008,유해위험방지계획서,CONSTRUCTION,착공전,산안법 제42조,법정필수,C,B,factory/법령엔진,공종별 위험요인,4,https://www.law.go.kr/LSW/flDownload.do?flSeq=152467653,"[{'no': 1, 'source': '법정', 'law_ref': '산안법 제42조', 'field_key': 'facility_or_project_overview', 'field_name': '설비 또는 공사 개요', 'is_mandatory': True}, {'no': 2, 'source': '법정', 'law_ref': '산안법 제42조', 'field_key': 'hazard_factor', 'field_name': '유해위험요인', 'is_mandatory': True}, {'no': 3, 'source': '법정', 'law_ref': '산안법 제42조', 'field_key': 'preventive_measures', 'field_name': '방지대책', 'is_mandatory': True}, {'no': 4, 'source': '법정', 'law_ref': '산안법 시행규칙', 'field_key': 'layout_plan', 'field_name': '설비 배치도', 'is_mandatory': True}, {'no': 5, 'source': '법정', 'law_ref': '산안법 제43조', 'field_key': 'inspection_maintenance_plan', 'field_name': '점검 및 유지관리 계획', 'is_mandatory': True}]",True,True,KOSHA 링크 안내 / 이메일,DIGITAL_OK,BUSINESS,False,True,법정서식,고용노동부,해당 공사 착공 전 또는 설비 설치이전변경 전,,사업주,착공시,1천만원 이하 과태료(산안법 제175조),한국산업안전보건공단,kosha,온라인,kosha.or.kr,False,True,True,착공전 심사신청,,고용노동부장관에게 제출하고 심사를 받아야 함(산안법 제42조),,30
DOC-OSH-009,안전관리자선임보고서,COMMON,일상,산안법 제17조,법정필수,D,C,factory/workers,자격정보 선임일,3,,"[{'no': 1, 'source': '법정', 'law_ref': '산안법 제17조, 시행규칙 제11조, 별지 제2호서식', 'field_key': 'workplace_name_address', 'field_name': '사업장명 및 소재지', 'is_mandatory': True}, {'no': 2, 'source': '법정', 'law_ref': '시행령 별표3, 시행규칙 별지 제2호서식', 'field_key': 'industry_and_regular_worker_count', 'field_name': '업종 및 상시근로자 수', 'is_mandatory': True}, {'no': 3, 'source': '법정', 'law_ref': '시행규칙 별지 제2호서식', 'field_key': 'safety_manager_name_birthdate', 'field_name': '안전관리자 성명 및 생년월일', 'is_mandatory': True}, {'no': 4, 'source': '법정', 'law_ref': '시행령 별표4, 시행규칙 별지 제2호서식', 'field_key': 'safety_manager_qualification', 'field_name': '안전관리자 자격 사항', 'is_mandatory': True}, {'no': 5, 'source': '법정', 'law_ref': '시행규칙 제11조', 'field_key': 'appointment_date', 'field_name': '선임일자', 'is_mandatory': True}, {'no': 6, 'source': '법정', 'law_ref': '시행령 제16조, 별표3', 'field_key': 'full_time_or_concurrent_status', 'field_name': '전담 또는 겸임 여부', 'is_mandatory': True}, {'no': 7, 'source': '법정', 'law_ref': '시행규칙 제11조, 별지 제2호서식', 'field_key': 'outsourcing_status_and_agency_name', 'field_name': '위탁 여부 및 위탁기관명', 'is_mandatory': True}]",True,True,팩스(팝빌) / 노동포털 링크 안내,DIGITAL_OK,BUSINESS,False,True,법정서식,고용노동부,선임 후 14일 이내,,사업주,수시,500만원 이하 과태료(산안법 제175조),고용노동부(지청),moel,온라인/팩스,labor.moel.go.kr,True,False,True,선임후 14일 이내,,고용노동부장관에게 증명할 수 있는 서류를 제출(산안법 시행규칙 제11조),,50
DOC-OSH-010,보건관리자선임보고서,COMMON,일상,산안법 제18조,법정필수,D,C,factory/workers,자격정보 선임일,3,,"[{'no': 1, 'source': '법정', 'law_ref': '산안법 제18조, 시행규칙 제11조, 별지 제2호서식', 'field_key': 'workplace_name_address', 'field_name': '사업장명 및 소재지', 'is_mandatory': True}, {'no': 2, 'source': '법정', 'law_ref': '시행령 별표5, 시행규칙 별지 제2호서식', 'field_key': 'industry_and_regular_worker_count', 'field_name': '업종 및 상시근로자 수', 'is_mandatory': True}, {'no': 3, 'source': '법정', 'law_ref': '시행규칙 별지 제2호서식', 'field_key': 'health_manager_name_birthdate', 'field_name': '보건관리자 성명 및 생년월일', 'is_mandatory': True}, {'no': 4, 'source': '법정', 'law_ref': '시행령 별표6, 시행규칙 별지 제2호서식', 'field_key': 'health_manager_qualification', 'field_name': '보건관리자 자격 사항', 'is_mandatory': True}, {'no': 5, 'source': '법정', 'law_ref': '시행규칙 제11조', 'field_key': 'appointment_date', 'field_name': '선임일자', 'is_mandatory': True}, {'no': 6, 'source': '법정', 'law_ref': '시행령 제20조, 별표5', 'field_key': 'full_time_or_concurrent_status', 'field_name': '전담 또는 겸임 여부', 'is_mandatory': True}, {'no': 7, 'source': '법정', 'law_ref': '시행규칙 제11조, 별지 제2호서식', 'field_key': 'outsourcing_status_and_agency_name', 'field_name': '위탁 여부 및 위탁기관명', 'is_mandatory': True}]",True,True,팩스(팝빌) / 노동포털 링크 안내,DIGITAL_OK,BUSINESS,False,True,법정서식,고용노동부,선임 후 14일 이내,,사업주,수시,500만원 이하 과태료(산안법 제175조),고용노동부(지청),moel,온라인/팩스,labor.moel.go.kr,True,False,True,선임후 14일 이내,,고용노동부장관에게 증명할 수 있는 서류를 제출(산안법 시행규칙 제11조),,50
DOC-OSH-011,산업보건의선임보고서,COMMON,일상,산안법 제19조,법정필수,D,C,factory/workers,자격정보 선임일,5,,"[{'no': 1, 'source': '법정', 'law_ref': '산안법 제19조, 시행규칙 제23조, 별지 제2호서식', 'field_key': 'workplace_name_address', 'field_name': '사업장명 및 소재지', 'is_mandatory': True}, {'no': 2, 'source': '법정', 'law_ref': '시행규칙 별지 제2호서식', 'field_key': 'occupational_physician_name_birthdate', 'field_name': '산업보건의 성명 및 생년월일', 'is_mandatory': True}, {'no': 3, 'source': '법정', 'law_ref': '산안법 제19조, 시행령 제29조', 'field_key': 'physician_license_number', 'field_name': '의사 면허번호', 'is_mandatory': True}, {'no': 4, 'source': '법정', 'law_ref': '시행령 제29조', 'field_key': 'specialist_status_or_specialty', 'field_name': '전문의 여부 또는 관련 전문분야', 'is_mandatory': True}, {'no': 5, 'source': '법정', 'law_ref': '시행규칙 제23조', 'field_key': 'appointment_date', 'field_name': '선임일자', 'is_mandatory': True}, {'no': 6, 'source': '법정', 'law_ref': '시행령 제29조', 'field_key': 'appointment_type', 'field_name': '위촉 형태', 'is_mandatory': True}]",True,True,팩스(팝빌) / 노동포털 링크 안내,DIGITAL_OK,BUSINESS,False,True,법정서식,고용노동부,선임 후 14일 이내,,사업주,수시,500만원 이하 과태료(산안법 제175조),고용노동부(지청),moel,온라인/팩스,labor.moel.go.kr,True,False,True,선임후 14일 이내,,고용노동부장관에게 증명할 수 있는 서류를 제출(산안법 시행규칙 제23조),,50
DOC-OSH-012,MSDS,COMMON,일상,산안법 제110조,법정필수,X,X,-,제조사 제공,5,,"[{'no': 1, 'source': '법정', 'law_ref': '산안법 제110조, MSDS 고시 16개 항목', 'field_key': 'product_company_information', 'field_name': '화학제품과 회사에 관한 정보', 'is_mandatory': True}, {'no': 2, 'source': '법정', 'law_ref': '산안법 제110조, MSDS 고시', 'field_key': 'hazards_identification', 'field_name': '유해성위험성', 'is_mandatory': True}, {'no': 3, 'source': '법정', 'law_ref': '산안법 제110조', 'field_key': 'composition_ingredient_information', 'field_name': '구성성분의 명칭 및 함유량', 'is_mandatory': True}, {'no': 4, 'source': '법정', 'law_ref': 'MSDS 고시', 'field_key': 'first_aid_measures', 'field_name': '응급조치 요령', 'is_mandatory': True}, {'no': 5, 'source': '법정', 'law_ref': 'MSDS 고시', 'field_key': 'firefighting_measures', 'field_name': '폭발화재 시 대처방법', 'is_mandatory': True}, {'no': 6, 'source': '법정', 'law_ref': 'MSDS 고시', 'field_key': 'accidental_release_measures', 'field_name': '누출 사고 시 대처방법', 'is_mandatory': True}, {'no': 7, 'source': '법정', 'law_ref': 'MSDS 고시', 'field_key': 'handling_and_storage', 'field_name': '취급 및 저장방법', 'is_mandatory': True}, {'no': 8, 'source': '법정', 'law_ref': 'MSDS 고시', 'field_key': 'exposure_controls_ppe', 'field_name': '노출방지 및 개인보호구', 'is_mandatory': True}, {'no': 9, 'source': '법정', 'law_ref': 'MSDS 고시', 'field_key': 'physical_chemical_properties', 'field_name': '물리화학적 특성', 'is_mandatory': True}, {'no': 10, 'source': '법정', 'law_ref': 'MSDS 고시', 'field_key': 'stability_reactivity', 'field_name': '안정성 및 반응성', 'is_mandatory': True}, {'no': 11, 'source': '법정', 'law_ref': 'MSDS 고시', 'field_key': 'toxicological_information', 'field_name': '독성에 관한 정보', 'is_mandatory': True}, {'no': 12, 'source': '법정', 'law_ref': 'MSDS 고시', 'field_key': 'ecological_information', 'field_name': '환경에 미치는 영향', 'is_mandatory': True}, {'no': 13, 'source': '법정', 'law_ref': 'MSDS 고시', 'field_key': 'disposal_considerations', 'field_name': '폐기 시 주의사항', 'is_mandatory': True}, {'no': 14, 'source': '법정', 'law_ref': 'MSDS 고시', 'field_key': 'transport_information', 'field_name': '운송에 필요한 정보', 'is_mandatory': True}, {'no': 15, 'source': '법정', 'law_ref': 'MSDS 고시', 'field_key': 'regulatory_information', 'field_name': '법적 규제현황', 'is_mandatory': True}, {'no': 16, 'source': '법정', 'law_ref': 'MSDS 고시', 'field_key': 'other_information', 'field_name': '그 밖의 참고사항', 'is_mandatory': True}]",False,True,TAI내 보관·열람,DIGITAL_OK,BUSINESS,False,True,법정서식,사업장비치,양도제공할 때 제공,,화학물질 또는 혼합물을 양도제공하는 자,상시,500만원 이하 과태료(산안법 제175조),자체보관/근로자 제공,self,자체보관,-,False,False,False,사업장 비치,,물질안전보건자료를 작성하여 제공(산안법 제110조),,0
DOC-OSH-013,작업허가서(일반),COMMON,작업시,산안법 제38조,법정필수,B,A,factory/workers,작업내용 위험요인,2,,"[{'no': 1, 'source': '법정', 'law_ref': '산안법 제38조', 'field_key': 'work_name_location', 'field_name': '작업명 및 작업 위치', 'is_mandatory': True}, {'no': 2, 'source': '법정', 'law_ref': '산안법 제38조', 'field_key': 'work_time_period', 'field_name': '작업 시작 및 종료 시간', 'is_mandatory': True}, {'no': 3, 'source': '법정', 'law_ref': '산안법 제36조', 'field_key': 'risk_assessment_result', 'field_name': '작업 전 위험성 평가 결과', 'is_mandatory': True}, {'no': 4, 'source': '고용노동부지침', 'law_ref': None, 'field_key': 'worker_approver_signature', 'field_name': '작업자 및 승인자 서명', 'is_mandatory': False}, {'no': 5, 'source': 'KOSHA', 'law_ref': None, 'field_key': 'safety_measures_and_ppe', 'field_name': '안전조치 및 보호구 착용 여부', 'is_mandatory': False}]",False,True,TAI내 보관·열람,COPY_OK,BUSINESS,False,True,법정서식,자체보관,작업 전 작성,,사업주 또는 관리감독자,수시,,자체보관,self,자체보관,-,False,False,False,-,,,,10
DOC-OSH-014,밀폐공간작업계획서,INDUSTRIAL,작업시,산안법 제38조,법정필수,B,A,factory,작업장소 유해가스,3,,"[{'no': 1, 'source': '법정', 'law_ref': '안전보건규칙 제618조', 'field_key': 'confined_space_location_work', 'field_name': '밀폐공간 위치 및 작업 내용', 'is_mandatory': True}, {'no': 2, 'source': '법정', 'law_ref': '안전보건규칙 제619조', 'field_key': 'gas_and_oxygen_measurement_plan', 'field_name': '유해가스 및 산소농도 측정 계획', 'is_mandatory': True}, {'no': 3, 'source': '법정', 'law_ref': '안전보건규칙 제620조', 'field_key': 'ventilation_method_equipment', 'field_name': '환기 방법 및 장비', 'is_mandatory': True}, {'no': 4, 'source': '법정', 'law_ref': '안전보건규칙 제621조', 'field_key': 'rescue_emergency_plan', 'field_name': '구조 및 비상조치 계획', 'is_mandatory': True}, {'no': 5, 'source': '법정', 'law_ref': '안전보건규칙 제619조', 'field_key': 'attendant_assignment_plan', 'field_name': '감시인 배치 계획', 'is_mandatory': True}]",False,True,TAI내 보관·열람,COPY_OK,BUSINESS,False,True,법정서식,자체보관,밀폐공간 작업 시작 전 작성,,사업주,수시,,자체보관,self,자체보관,-,False,False,False,-,,,,10
DOC-OSH-015,안전보건협의체회의록,CONSTRUCTION,정기,산안법 제64조,법정필수,B,A,factory/workers,안건 결정사항,2,,"[{'no': 1, 'source': '법정', 'law_ref': '산안법 제64조', 'field_key': 'council_operation_detail', 'field_name': '협의체 구성 및 운영 내용', 'is_mandatory': True}, {'no': 2, 'source': '고용노동부지침', 'law_ref': None, 'field_key': 'meeting_datetime_location', 'field_name': '회의 일시 및 장소', 'is_mandatory': False}, {'no': 3, 'source': '고용노동부지침', 'law_ref': None, 'field_key': 'attendee_list', 'field_name': '참석자 명단', 'is_mandatory': False}, {'no': 4, 'source': '법정', 'law_ref': '산안법 제64조', 'field_key': 'safety_coordination_details', 'field_name': '작업 간 안전조치 협의 내용', 'is_mandatory': True}, {'no': 5, 'source': '고용노동부지침', 'law_ref': None, 'field_key': 'improvement_action_plan', 'field_name': '개선사항 및 조치 계획', 'is_mandatory': False}]",False,True,TAI내 보관·열람,COPY_OK,BUSINESS,False,True,법정서식,자체보관,자체보관,,도급인,월1회,,자체보관,self,자체보관,-,False,False,False,-,,,,10
DOC-OSH-016,도급안전보건조치기록,CONSTRUCTION,일상,산안법 제63조,법정필수,B,A,factory,조치내용 확인자,3,,"[{'no': 1, 'source': '법정', 'law_ref': '산안법 제63조', 'field_key': 'contract_safety_measures', 'field_name': '도급사업 안전보건조치 내용', 'is_mandatory': True}, {'no': 2, 'source': '법정', 'law_ref': '산안법 제63조', 'field_key': 'hazard_and_action_result', 'field_name': '위험요인 및 조치 결과', 'is_mandatory': True}, {'no': 3, 'source': '법정', 'law_ref': '산안법 제64조', 'field_key': 'joint_inspection_status', 'field_name': '합동점검 실시 여부', 'is_mandatory': True}, {'no': 4, 'source': '고용노동부지침', 'law_ref': None, 'field_key': 'subcontractor_compliance_status', 'field_name': '협력업체 안전조치 이행 여부', 'is_mandatory': False}, {'no': 5, 'source': '고용노동부지침', 'law_ref': None, 'field_key': 'corrective_action_completion', 'field_name': '개선조치 완료 여부', 'is_mandatory': False}]",False,True,TAI내 보관·열람,COPY_OK,BUSINESS,False,True,법정서식,자체보관,자체보관,,도급인,수시,,자체보관,self,자체보관,-,False,False,False,-,,,,10
DOC-OSH-017,점검표(체크리스트),COMMON,일상,산안법 제38조,법정필수,A,S,inspections/법령엔진,-,1,,"[{'no': 1, 'source': '법정', 'law_ref': '산안법 제38조', 'field_key': 'inspection_done', 'field_name': '점검 실시 여부', 'is_mandatory': True}, {'no': 2, 'source': 'KOSHA', 'law_ref': None, 'field_key': 'inspection_datetime', 'field_name': '점검일시', 'is_mandatory': False}, {'no': 3, 'source': 'KOSHA', 'law_ref': None, 'field_key': 'inspector', 'field_name': '점검자', 'is_mandatory': False}, {'no': 4, 'source': 'KOSHA', 'law_ref': None, 'field_key': 'risk', 'field_name': '위험요인', 'is_mandatory': False}, {'no': 5, 'source': 'KOSHA', 'law_ref': None, 'field_key': 'action', 'field_name': '조치사항', 'is_mandatory': False}]",False,False,,COPY_OK,BUSINESS,False,True,법정서식,자체보관,자체보관,,사업주 또는 관리감독자,일/주,,,,,,False,False,False,,,,,0
DOC-OSH-018,사고보고서,COMMON,사고시,산안법 제54조,법정필수,C,A,factory/workers,사고상세 원인 조치,3,,"[{'no': 1, 'source': '법정', 'law_ref': '산안법 제54조', 'field_key': 'incident_datetime', 'field_name': '사고 발생 일시', 'is_mandatory': True}, {'no': 2, 'source': '법정', 'law_ref': '산안법 제54조', 'field_key': 'incident_location', 'field_name': '사고 발생 장소', 'is_mandatory': True}, {'no': 3, 'source': '법정', 'law_ref': '산안법 제54조, 제57조', 'field_key': 'injured_person_information', 'field_name': '재해자 인적사항', 'is_mandatory': True}, {'no': 4, 'source': '법정', 'law_ref': '산안법 제54조', 'field_key': 'incident_circumstances', 'field_name': '사고 발생 경위', 'is_mandatory': True}, {'no': 5, 'source': '법정', 'law_ref': '산안법 제54조', 'field_key': 'emergency_and_reporting_actions', 'field_name': '응급조치 및 신고 조치', 'is_mandatory': True}, {'no': 6, 'source': '고용노동부지침', 'law_ref': None, 'field_key': 'recurrence_prevention_measures', 'field_name': '재발방지대책', 'is_mandatory': False}]",False,True,팩스(팝빌) 자동발송,DIGITAL_OK,BUSINESS,False,True,법정서식,고용노동부,중대재해 발생 시 지체 없이 보고,,사업주,즉시,,고용노동부(지청),moel,온라인/팩스,labor.moel.go.kr,True,False,True,사망즉시/3일이상휴업1개월이내,,지체 없이 고용노동부장관에게 보고(산안법 제54조),,30
DOC-OSH-019,산업재해발생보고서,COMMON,사고시,산안법 제54조,법정필수,D,C,factory/workers,재해상세,4,,"[{'no': 1, 'source': '법정', 'law_ref': '산안법 제54조', 'field_key': 'serious_accident_occurrence', 'field_name': '중대재해 발생 사실', 'is_mandatory': True}, {'no': 2, 'source': '법정', 'law_ref': '산안법 제54조', 'field_key': 'incident_datetime_location', 'field_name': '발생 일시 및 장소', 'is_mandatory': True}, {'no': 3, 'source': '법정', 'law_ref': '산안법 제54조', 'field_key': 'victim_count_and_damage_severity', 'field_name': '피해자 수 및 피해 정도', 'is_mandatory': True}, {'no': 4, 'source': '법정', 'law_ref': '산안법 제54조제1항', 'field_key': 'stop_work_and_evacuation_action', 'field_name': '작업중지 및 대피 조치', 'is_mandatory': True}, {'no': 5, 'source': '법정', 'law_ref': '산안법 제54조제1항', 'field_key': 'emergency_response_action', 'field_name': '응급조치 내용', 'is_mandatory': True}, {'no': 6, 'source': '법정', 'law_ref': '산안법 제54조제2항', 'field_key': 'labor_office_report_datetime', 'field_name': '지방고용노동관서 보고 일시', 'is_mandatory': True}, {'no': 7, 'source': '고용노동부지침', 'law_ref': None, 'field_key': 'industrial_accident_investigation_form_link', 'field_name': '산업재해조사표 제출 연계', 'is_mandatory': False}]",False,True,팩스(팝빌) / 노동포털 링크 안내,DIGITAL_OK,BUSINESS,False,True,법정서식,고용노동부,중대재해 발생 시 지체 없이 보고,,사업주,즉시,,고용노동부(지청),moel,온라인,labor.moel.go.kr,True,False,True,재해발생후 1개월 이내,,지체 없이 고용노동부장관에게 보고(산안법 제54조),,50
DOC-OSH-020,건강진단개인통보서,COMMON,정기,산안법 제129조,법정필수,X,X,-,검진기관,5,,"[{'no': 1, 'source': '법정', 'law_ref': '산안법 제129조, 시행규칙 별지', 'field_key': 'worker_name_birthdate', 'field_name': '근로자 성명 및 생년월일', 'is_mandatory': True}, {'no': 2, 'source': '법정', 'law_ref': '산안법 제129조', 'field_key': 'health_exam_type', 'field_name': '건강진단 종류', 'is_mandatory': True}, {'no': 3, 'source': '법정', 'law_ref': '산안법 제129조', 'field_key': 'exam_date', 'field_name': '검진일자', 'is_mandatory': True}, {'no': 4, 'source': '법정', 'law_ref': '산안법 시행규칙 별표', 'field_key': 'exam_items', 'field_name': '검사항목', 'is_mandatory': True}, {'no': 5, 'source': '법정', 'law_ref': '산안법 제129조', 'field_key': 'exam_judgment_result', 'field_name': '판정 결과', 'is_mandatory': True}, {'no': 6, 'source': '법정', 'law_ref': '산안법 제129조', 'field_key': 'follow_up_opinion', 'field_name': '사후관리 소견', 'is_mandatory': True}]",True,True,이메일 자동발송(근로자),COPY_OK,EXTERNAL_RECEIVE,True,True,법정서식,근로자,건강진단 실시 후 결과 통보,5년,건강진단기관,연1회,1천만원 이하 과태료(산안법 제175조),근로자 개인,self,이메일/서면,-,False,True,False,검진기관 발행,,건강진단기관이 건강진단 결과를 근로자와 사업주에게 통보(산안법 제129조),,0
DOC-OSH-021,작업환경측정결과보고서,INDUSTRIAL,정기,산안법 제125조,법정필수,X,X,-,측정기관,5,https://www.law.go.kr/LSW/flDownload.do?flSeq=152468069,"[{'no': 1, 'source': '법정', 'law_ref': '산안법 제125조, 시행규칙 별지', 'field_key': 'workplace_information', 'field_name': '사업장 정보', 'is_mandatory': True}, {'no': 2, 'source': '법정', 'law_ref': '산안법 제125조', 'field_key': 'measurement_institution_information', 'field_name': '측정기관 정보', 'is_mandatory': True}, {'no': 3, 'source': '법정', 'law_ref': '산안법 제125조', 'field_key': 'measurement_target_process', 'field_name': '측정 대상 공정', 'is_mandatory': True}, {'no': 4, 'source': '법정', 'law_ref': '산안법 제125조', 'field_key': 'measurement_results_by_hazardous_agent', 'field_name': '유해인자별 측정 결과', 'is_mandatory': True}, {'no': 5, 'source': '법정', 'law_ref': '산안법 제125조', 'field_key': 'exposure_limit_exceedance_status', 'field_name': '노출기준 초과 현황', 'is_mandatory': True}, {'no': 6, 'source': '법정', 'law_ref': '산안법 제125조', 'field_key': 'improvement_needs', 'field_name': '개선 필요사항', 'is_mandatory': True}]",True,True,팩스(팝빌) / 노동포털 링크 안내,DIGITAL_OK,BUSINESS,False,True,법정서식,고용노동부,작업환경측정 후 고용노동부령 기준에 따라 보고,5년,사업주 또는 작업환경측정기관,반기,1천만원 이하 과태료(산안법 제175조),고용노동부(지청),moel,온라인,labor.moel.go.kr,True,False,True,측정후 30일 이내,,고용노동부령으로 정하는 바에 따라 고용노동부장관에게 보고(산안법 제125조),,0
DOC-OSH-022,밀폐공간작업프로그램기록,INDUSTRIAL,일상,산안법 제38조,법정필수,B,A,factory,작업내용 측정결과,3,,"[{'no': 1, 'source': '법정', 'law_ref': '안전보건규칙 제618조', 'field_key': 'confined_space_list', 'field_name': '밀폐공간 목록', 'is_mandatory': True}, {'no': 2, 'source': '법정', 'law_ref': '안전보건규칙 제619조', 'field_key': 'pre_work_measurement_result', 'field_name': '작업 전 측정 결과', 'is_mandatory': True}, {'no': 3, 'source': '법정', 'law_ref': '안전보건규칙 제620조', 'field_key': 'ventilation_execution', 'field_name': '환기 실시 여부', 'is_mandatory': True}, {'no': 4, 'source': '법정', 'law_ref': '안전보건규칙 제621조', 'field_key': 'ppe_provision_status', 'field_name': '작업자 보호구 지급 여부', 'is_mandatory': True}, {'no': 5, 'source': 'KOSHA', 'law_ref': None, 'field_key': 'emergency_action_status', 'field_name': '비상조치 이행 여부', 'is_mandatory': False}]",False,True,TAI내 보관·열람,COPY_OK,BUSINESS,False,True,법정서식,자체보관,자체보관,,사업주,상시,,자체보관,self,자체보관,-,False,False,False,-,,,,10
DOC-OSH-023,안전관리자 선임신고서,COMMON,일상,산안법 제17조,법정필수,D,C,factory/workers,자격정보,3,https://www.law.go.kr/LSW/flDownload.do?flSeq=152467853,"[{'no': 1, 'source': '법정', 'law_ref': '산안법 제17조, 시행규칙 제11조, 별지 제2호서식', 'field_key': 'workplace_name_address', 'field_name': '사업장명 및 소재지', 'is_mandatory': True}, {'no': 2, 'source': '법정', 'law_ref': '시행규칙 별지 제2호서식', 'field_key': 'safety_manager_personal_information', 'field_name': '안전관리자 인적사항', 'is_mandatory': True}, {'no': 3, 'source': '법정', 'law_ref': '시행령 별표4', 'field_key': 'qualification_license', 'field_name': '자격 및 면허 사항', 'is_mandatory': True}, {'no': 4, 'source': '법정', 'law_ref': '시행규칙 제11조', 'field_key': 'appointment_date', 'field_name': '선임일자', 'is_mandatory': True}, {'no': 5, 'source': '법정', 'law_ref': '시행령 별표3', 'field_key': 'full_time_or_concurrent_status', 'field_name': '전담 또는 겸임 여부', 'is_mandatory': True}, {'no': 6, 'source': '법정', 'law_ref': '시행령 별표3', 'field_key': 'appointment_threshold_basis', 'field_name': '선임 대상 사업장 규모 기준', 'is_mandatory': True}]",True,True,팩스(팝빌) / 노동포털 링크 안내,DIGITAL_OK,BUSINESS,False,True,법정서식,고용노동부,선임 후 14일 이내,,사업주,수시,500만원 이하 과태료(산안법 제175조),고용노동부(지청),moel,온라인/팩스,labor.moel.go.kr,True,False,True,선임후 14일 이내,,고용노동부장관에게 증명할 수 있는 서류를 제출(산안법 시행규칙 제11조),,50
DOC-OSH-024,보건관리자 선임신고서,COMMON,일상,산안법 제18조,법정필수,D,C,factory/workers,자격정보,3,,"[{'no': 1, 'source': '법정', 'law_ref': '산안법 제18조, 시행규칙 제11조, 별지 제2호서식', 'field_key': 'workplace_name_address', 'field_name': '사업장명 및 소재지', 'is_mandatory': True}, {'no': 2, 'source': '법정', 'law_ref': '시행규칙 별지 제2호서식', 'field_key': 'health_manager_personal_information', 'field_name': '보건관리자 인적사항', 'is_mandatory': True}, {'no': 3, 'source': '법정', 'law_ref': '시행령 별표6', 'field_key': 'qualification_license', 'field_name': '자격 및 면허 사항', 'is_mandatory': True}, {'no': 4, 'source': '법정', 'law_ref': '시행규칙 제11조', 'field_key': 'appointment_date', 'field_name': '선임일자', 'is_mandatory': True}, {'no': 5, 'source': '법정', 'law_ref': '시행령 별표5', 'field_key': 'full_time_or_concurrent_status', 'field_name': '전담 또는 겸임 여부', 'is_mandatory': True}, {'no': 6, 'source': '법정', 'law_ref': '시행령 별표5', 'field_key': 'appointment_threshold_basis', 'field_name': '선임 대상 사업장 규모 기준', 'is_mandatory': True}]",True,True,팩스(팝빌) / 노동포털 링크 안내,DIGITAL_OK,BUSINESS,False,True,법정서식,고용노동부,선임 후 14일 이내,,사업주,수시,500만원 이하 과태료(산안법 제175조),고용노동부(지청),moel,온라인/팩스,labor.moel.go.kr,True,False,True,선임후 14일 이내,,고용노동부장관에게 증명할 수 있는 서류를 제출(산안법 시행규칙 제11조),,50
DOC-OSH-025,산업보건의 선임신고서,COMMON,일상,산안법 제19조,법정필수,D,C,factory/workers,자격정보,5,,"[{'no': 1, 'source': '법정', 'law_ref': '산안법 제19조, 시행규칙 제23조, 별지 제2호서식', 'field_key': 'workplace_name_address', 'field_name': '사업장명 및 소재지', 'is_mandatory': True}, {'no': 2, 'source': '법정', 'law_ref': '시행규칙 별지 제2호서식', 'field_key': 'occupational_physician_personal_information', 'field_name': '산업보건의 인적사항', 'is_mandatory': True}, {'no': 3, 'source': '법정', 'law_ref': '시행령 제29조', 'field_key': 'physician_license_number', 'field_name': '의사 면허번호', 'is_mandatory': True}, {'no': 4, 'source': '법정', 'law_ref': '시행규칙 제23조', 'field_key': 'appointment_date', 'field_name': '선임일자', 'is_mandatory': True}, {'no': 5, 'source': '법정', 'law_ref': '시행령 제29조', 'field_key': 'appointment_type', 'field_name': '위촉 또는 전담 형태', 'is_mandatory': True}]",True,True,팩스(팝빌) / 노동포털 링크 안내,DIGITAL_OK,BUSINESS,False,True,법정서식,고용노동부,선임 후 14일 이내,,사업주,수시,500만원 이하 과태료(산안법 제175조),고용노동부(지청),moel,온라인/팩스,labor.moel.go.kr,True,False,True,선임후 14일 이내,,고용노동부장관에게 증명할 수 있는 서류를 제출(산안법 시행규칙 제23조),,50
DOC-OSH-026,안전관리자 변경신고서,COMMON,일상,산안법 제17조,법정필수,D,C,factory/workers,변경사유 자격정보,3,https://www.law.go.kr/LSW/flDownload.do?flSeq=152467853,"[{'no': 1, 'source': '법정', 'law_ref': '산안법 제17조, 시행규칙 제11조, 별지 제2호서식', 'field_key': 'workplace_name_address', 'field_name': '사업장명 및 소재지', 'is_mandatory': True}, {'no': 2, 'source': '법정', 'law_ref': '시행규칙 별지 제2호서식', 'field_key': 'previous_safety_manager_information', 'field_name': '변경 전 안전관리자 정보', 'is_mandatory': True}, {'no': 3, 'source': '법정', 'law_ref': '시행규칙 별지 제2호서식', 'field_key': 'new_safety_manager_information', 'field_name': '변경 후 안전관리자 정보', 'is_mandatory': True}, {'no': 4, 'source': '법정', 'law_ref': '시행규칙 제11조', 'field_key': 'change_date', 'field_name': '변경일자', 'is_mandatory': True}, {'no': 5, 'source': '법정', 'law_ref': '시행규칙 별지 제2호서식', 'field_key': 'change_reason', 'field_name': '변경 사유', 'is_mandatory': True}]",True,True,팩스(팝빌) / 노동포털 링크 안내,DIGITAL_OK,BUSINESS,False,True,법정서식,고용노동부,변경 후 14일 이내,,사업주,수시,500만원 이하 과태료(산안법 제175조),고용노동부(지청),moel,온라인/팩스,labor.moel.go.kr,True,False,True,변경후 14일 이내,,고용노동부장관에게 증명할 수 있는 서류를 제출(산안법 시행규칙 제11조),,50
DOC-OSH-027,보건관리자 변경신고서,COMMON,일상,산안법 제18조,법정필수,D,C,factory/workers,변경사유 자격정보,3,https://www.law.go.kr/LSW/flDownload.do?flSeq=152468123,"[{'no': 1, 'source': '법정', 'law_ref': '산안법 제18조, 시행규칙 제11조', 'field_key': 'workplace_name_address', 'field_name': '사업장명 및 소재지', 'is_mandatory': True}, {'no': 2, 'source': '법정', 'law_ref': '시행규칙 별지 제2호서식', 'field_key': 'previous_health_manager_information', 'field_name': '변경 전 보건관리자 정보', 'is_mandatory': True}, {'no': 3, 'source': '법정', 'law_ref': '시행규칙 별지 제2호서식', 'field_key': 'new_health_manager_information', 'field_name': '변경 후 보건관리자 정보', 'is_mandatory': True}, {'no': 4, 'source': '법정', 'law_ref': '시행규칙 제11조', 'field_key': 'change_date', 'field_name': '변경일자', 'is_mandatory': True}, {'no': 5, 'source': '법정', 'law_ref': '시행규칙 별지 제2호서식', 'field_key': 'change_reason', 'field_name': '변경 사유', 'is_mandatory': True}]",True,True,팩스(팝빌) / 노동포털 링크 안내,DIGITAL_OK,BUSINESS,False,True,법정서식,고용노동부,변경 후 14일 이내,,사업주,수시,500만원 이하 과태료(산안법 제175조),고용노동부(지청),moel,온라인/팩스,labor.moel.go.kr,True,False,True,변경후 14일 이내,,고용노동부장관에게 증명할 수 있는 서류를 제출(산안법 시행규칙 제11조),,50
DOC-OSH-028,산업보건의 변경신고서,COMMON,일상,산안법 제19조,법정필수,D,C,factory/workers,변경사유 자격정보,5,,"[{'no': 1, 'source': '법정', 'law_ref': '산안법 제19조, 시행규칙 제23조', 'field_key': 'workplace_name_address', 'field_name': '사업장명 및 소재지', 'is_mandatory': True}, {'no': 2, 'source': '법정', 'law_ref': '시행규칙 별지 제2호서식', 'field_key': 'previous_physician_information', 'field_name': '변경 전 산업보건의 정보', 'is_mandatory': True}, {'no': 3, 'source': '법정', 'law_ref': '시행규칙 별지 제2호서식', 'field_key': 'new_physician_information', 'field_name': '변경 후 산업보건의 정보', 'is_mandatory': True}, {'no': 4, 'source': '법정', 'law_ref': '시행규칙 제23조', 'field_key': 'change_date', 'field_name': '변경일자', 'is_mandatory': True}, {'no': 5, 'source': '법정', 'law_ref': '시행규칙 별지 제2호서식', 'field_key': 'change_reason', 'field_name': '변경 사유', 'is_mandatory': True}]",True,True,팩스(팝빌) / 노동포털 링크 안내,DIGITAL_OK,BUSINESS,False,True,법정서식,고용노동부,변경 후 14일 이내,,사업주,수시,500만원 이하 과태료(산안법 제175조),고용노동부(지청),moel,온라인/팩스,labor.moel.go.kr,True,False,True,변경후 14일 이내,,고용노동부장관에게 증명할 수 있는 서류를 제출(산안법 시행규칙 제23조),,50
DOC-OSH-029,안전관리자 해임신고서,COMMON,일상,산안법 제17조,법정필수,D,C,factory/workers,해임사유,3,https://www.law.go.kr/LSW/flDownload.do?flSeq=152467853,"[{'no': 1, 'source': '법정', 'law_ref': '산안법 제17조, 시행규칙 제11조', 'field_key': 'workplace_name_address', 'field_name': '사업장명 및 소재지', 'is_mandatory': True}, {'no': 2, 'source': '법정', 'law_ref': '시행규칙 별지 제2호서식', 'field_key': 'dismissed_safety_manager_information', 'field_name': '해임된 안전관리자 정보', 'is_mandatory': True}, {'no': 3, 'source': '법정', 'law_ref': '시행규칙 제11조', 'field_key': 'dismissal_date', 'field_name': '해임일자', 'is_mandatory': True}, {'no': 4, 'source': '법정', 'law_ref': '시행규칙 별지 제2호서식', 'field_key': 'dismissal_reason', 'field_name': '해임 사유', 'is_mandatory': True}]",True,True,팩스(팝빌) / 노동포털 링크 안내,DIGITAL_OK,BUSINESS,False,True,법정서식,고용노동부,해임 후 14일 이내,,사업주,수시,500만원 이하 과태료(산안법 제175조),고용노동부(지청),moel,온라인/팩스,labor.moel.go.kr,True,False,True,해임후 14일 이내,,고용노동부장관에게 증명할 수 있는 서류를 제출(산안법 시행규칙 제11조),,50
DOC-OSH-030,보건관리자 해임신고서,COMMON,일상,산안법 제18조,법정필수,D,C,factory/workers,해임사유,3,,"[{'no': 1, 'source': '법정', 'law_ref': '산안법 제18조, 시행규칙 제11조', 'field_key': 'workplace_name_address', 'field_name': '사업장명 및 소재지', 'is_mandatory': True}, {'no': 2, 'source': '법정', 'law_ref': '시행규칙 별지 제2호서식', 'field_key': 'dismissed_health_manager_information', 'field_name': '해임된 보건관리자 정보', 'is_mandatory': True}, {'no': 3, 'source': '법정', 'law_ref': '시행규칙 제11조', 'field_key': 'dismissal_date', 'field_name': '해임일자', 'is_mandatory': True}, {'no': 4, 'source': '법정', 'law_ref': '시행규칙 별지 제2호서식', 'field_key': 'dismissal_reason', 'field_name': '해임 사유', 'is_mandatory': True}]",True,True,팩스(팝빌) / 노동포털 링크 안내,DIGITAL_OK,BUSINESS,False,True,법정서식,고용노동부,해임 후 14일 이내,,사업주,수시,500만원 이하 과태료(산안법 제175조),고용노동부(지청),moel,온라인/팩스,labor.moel.go.kr,True,False,True,해임후 14일 이내,,고용노동부장관에게 증명할 수 있는 서류를 제출(산안법 시행규칙 제11조),,50
DOC-OSH-031,산업보건의 해임신고서,COMMON,일상,산안법 제19조,법정필수,D,C,factory/workers,해임사유,5,,"[{'no': 1, 'source': '법정', 'law_ref': '산안법 제19조, 시행규칙 제23조', 'field_key': 'workplace_name_address', 'field_name': '사업장명 및 소재지', 'is_mandatory': True}, {'no': 2, 'source': '법정', 'law_ref': '시행규칙 별지 제2호서식', 'field_key': 'dismissed_physician_information', 'field_name': '해임된 산업보건의 정보', 'is_mandatory': True}, {'no': 3, 'source': '법정', 'law_ref': '시행규칙 제23조', 'field_key': 'dismissal_date', 'field_name': '해임일자', 'is_mandatory': True}, {'no': 4, 'source': '법정', 'law_ref': '시행규칙 별지 제2호서식', 'field_key': 'dismissal_reason', 'field_name': '해임 사유', 'is_mandatory': True}]",True,True,팩스(팝빌) / 노동포털 링크 안내,DIGITAL_OK,BUSINESS,False,True,법정서식,고용노동부,해임 후 14일 이내,,사업주,수시,500만원 이하 과태료(산안법 제175조),고용노동부(지청),moel,온라인/팩스,labor.moel.go.kr,True,False,True,해임후 14일 이내,,고용노동부장관에게 증명할 수 있는 서류를 제출(산안법 시행규칙 제23조),,50
DOC-OSH-032,산업재해조사표 제출서,COMMON,사고시,산안법 제57조,법정필수,D,C,factory/workers,재해상세,4,https://www.law.go.kr/LSW/flDownload.do?flSeq=152467741,"[{'no': 1, 'source': '법정', 'law_ref': '산안법 제57조', 'field_key': 'workplace_information', 'field_name': '사업장 정보', 'is_mandatory': True}, {'no': 2, 'source': '법정', 'law_ref': '산안법 제57조', 'field_key': 'incident_summary', 'field_name': '제출 대상 재해 개요', 'is_mandatory': True}, {'no': 3, 'source': '법정', 'law_ref': '산안법 제57조', 'field_key': 'submission_date', 'field_name': '제출일자', 'is_mandatory': True}, {'no': 4, 'source': '법정', 'law_ref': '산안법 시행규칙', 'field_key': 'submitter_information', 'field_name': '제출자 정보', 'is_mandatory': True}]",True,True,팩스(팝빌) / 노동포털 링크 안내,DIGITAL_OK,BUSINESS,False,True,법정서식,고용노동부,산업재해 발생일로부터 1개월 이내,,사업주,1개월이내,1천500만원 이하 과태료(산안법 제175조),고용노동부(지청),moel,온라인,labor.moel.go.kr,True,False,True,재해발생후 1개월 이내,,산업재해조사표를 작성하여 고용노동부장관에게 제출(산안법 제57조),,50
DOC-OSH-033,유해위험방지계획서 제출서,CONSTRUCTION,착공전,산안법 제42조,법정필수,D,C,factory/법령엔진,공종별 상세,4,https://www.law.go.kr/LSW/flDownload.do?flSeq=152467653,"[{'no': 1, 'source': '법정', 'law_ref': '산안법 제42조', 'field_key': 'workplace_information', 'field_name': '사업장 정보', 'is_mandatory': True}, {'no': 2, 'source': '법정', 'law_ref': '산안법 제42조', 'field_key': 'submission_target', 'field_name': '제출 대상 공사 또는 설비', 'is_mandatory': True}, {'no': 3, 'source': '법정', 'law_ref': '산안법 제42조', 'field_key': 'submission_date', 'field_name': '제출일자', 'is_mandatory': True}, {'no': 4, 'source': '법정', 'law_ref': '산안법 시행규칙', 'field_key': 'attached_plan_list', 'field_name': '첨부 계획서 목록', 'is_mandatory': True}, {'no': 5, 'source': '법정', 'law_ref': '산안법 제42조', 'field_key': 'submitter_information', 'field_name': '제출자 정보', 'is_mandatory': True}]",True,True,KOSHA 링크 안내 / 이메일,DIGITAL_OK,BUSINESS,False,True,법정서식,고용노동부,해당 공사 착공 전 또는 설비 설치이전변경 전,,사업주,착공전,1천만원 이하 과태료(산안법 제175조),한국산업안전보건공단,kosha,온라인,kosha.or.kr,False,True,True,착공전 심사신청,,유해위험방지계획서를 작성하여 고용노동부장관에게 제출하고 심사를 받아야 함(산안법 제42조),,50
DOC-OSH-034,작업환경측정 결과보고서 제출서,INDUSTRIAL,정기,산안법 제125조,법정필수,X,X,-,측정기관,5,https://www.law.go.kr/LSW/flDownload.do?flSeq=152468069,"[{'no': 1, 'source': '법정', 'law_ref': '산안법 제125조, 시행규칙 별지', 'field_key': 'submitting_workplace_information', 'field_name': '제출 사업장 정보', 'is_mandatory': True}, {'no': 2, 'source': '법정', 'law_ref': '산안법 제125조', 'field_key': 'measurement_period', 'field_name': '측정 실시 기간', 'is_mandatory': True}, {'no': 3, 'source': '법정', 'law_ref': '산안법 제125조', 'field_key': 'measurement_institution_name', 'field_name': '측정기관명', 'is_mandatory': True}, {'no': 4, 'source': '법정', 'law_ref': '산안법 제125조', 'field_key': 'attached_measurement_report', 'field_name': '첨부 작업환경측정결과보고서', 'is_mandatory': True}, {'no': 5, 'source': '법정', 'law_ref': '산안법 제125조', 'field_key': 'submission_date', 'field_name': '제출일자', 'is_mandatory': True}]",True,True,팩스(팝빌) / 노동포털 링크 안내,DIGITAL_OK,BUSINESS,False,True,법정서식,고용노동부,작업환경측정 후 고용노동부령 기준에 따라 보고,5년,사업주 또는 작업환경측정기관,측정후,1천만원 이하 과태료(산안법 제175조),고용노동부(지청),moel,온라인,labor.moel.go.kr,True,False,True,측정후 30일 이내,,고용노동부령으로 정하는 바에 따라 고용노동부장관에게 보고(산안법 제125조),,0
DOC-OSH-035,특수건강진단 결과보고서 제출서,INDUSTRIAL,정기,산안법 제129조,법정필수,X,X,-,검진기관,5,,"[{'no': 1, 'source': '법정', 'law_ref': '산안법 제129조, 시행규칙 별지', 'field_key': 'submitting_workplace_information', 'field_name': '제출 사업장 정보', 'is_mandatory': True}, {'no': 2, 'source': '법정', 'law_ref': '산안법 제129조', 'field_key': 'health_exam_institution_information', 'field_name': '검진기관 정보', 'is_mandatory': True}, {'no': 3, 'source': '법정', 'law_ref': '산안법 제129조', 'field_key': 'exam_period', 'field_name': '검진 실시 기간', 'is_mandatory': True}, {'no': 4, 'source': '법정', 'law_ref': '산안법 제129조', 'field_key': 'attached_special_health_exam_report', 'field_name': '첨부 특수건강진단 결과보고서', 'is_mandatory': True}, {'no': 5, 'source': '법정', 'law_ref': '산안법 제129조', 'field_key': 'submission_date', 'field_name': '제출일자', 'is_mandatory': True}]",True,True,팩스(팝빌) / 노동포털 링크 안내,DIGITAL_OK,BUSINESS,True,True,법정서식,고용노동부,건강진단 실시 후 고용노동부령 기준에 따라 보고,5년,건강진단기관,검진후,1천만원 이하 과태료(산안법 제175조),고용노동부(지청),moel,온라인,labor.moel.go.kr,True,False,True,진단후 30일 이내,,고용노동부령으로 정하는 바에 따라 건강진단 결과를 통보 또는 보고(산안법 제129조),,0
DOC-OSH-036,건강진단 결과 통보서,COMMON,정기,산안법 제129조,법정필수,X,X,-,검진기관,5,https://www.law.go.kr/LSW/flDownload.do?flSeq=152468091,"[{'no': 1, 'source': '법정', 'law_ref': '산안법 제129조, 시행규칙 별지', 'field_key': 'workplace_information', 'field_name': '사업장 정보', 'is_mandatory': True}, {'no': 2, 'source': '법정', 'law_ref': '산안법 제129조', 'field_key': 'health_exam_institution', 'field_name': '건강진단 실시기관', 'is_mandatory': True}, {'no': 3, 'source': '법정', 'law_ref': '산안법 제129조', 'field_key': 'exam_target_count', 'field_name': '검진 대상자 수', 'is_mandatory': True}, {'no': 4, 'source': '법정', 'law_ref': '산안법 제129조', 'field_key': 'exam_date', 'field_name': '건강진단 실시일', 'is_mandatory': True}, {'no': 5, 'source': '법정', 'law_ref': '산안법 제129조', 'field_key': 'exam_judgment_result', 'field_name': '건강진단 판정 결과', 'is_mandatory': True}, {'no': 6, 'source': '법정', 'law_ref': '산안법 제129조', 'field_key': 'follow_up_required_persons_actions', 'field_name': '사후관리 필요자 및 조치 의견', 'is_mandatory': True}]",True,True,이메일 자동발송(근로자),COPY_OK,EXTERNAL_RECEIVE,True,True,법정서식,근로자,건강진단 실시 후 결과 통보,5년,건강진단기관,연1회,1천만원 이하 과태료(산안법 제175조),근로자 개인,self,이메일/서면,-,False,True,False,검진기관 발행,,건강진단기관이 건강진단 결과를 근로자와 사업주에게 통보(산안법 제129조),,0
DOC-OSH-037,안전보건교육 실시기록부,COMMON,일상,산안법 제29조,법정필수,A,S,workers/교육모듈,-,1,,"[{'no': 1, 'source': '법정', 'law_ref': '산안법 제29조', 'field_key': 'education_done', 'field_name': '교육 실시', 'is_mandatory': True}, {'no': 2, 'source': '법정', 'law_ref': '별표4', 'field_key': 'education_hours', 'field_name': '교육시간', 'is_mandatory': True}, {'no': 3, 'source': '법정', 'law_ref': '별표5', 'field_key': 'education_content', 'field_name': '교육내용', 'is_mandatory': True}, {'no': 4, 'source': '지침', 'law_ref': None, 'field_key': 'target', 'field_name': '교육대상', 'is_mandatory': False}]",False,False,,COPY_OK,BUSINESS,False,True,법정서식,자체보관,자체보관,3년,사업주,정기/수시,500만원 이하 과태료(산안법 제175조),,,,,False,False,False,,,,,0
DOC-OSH-038,안전점검 기록부,COMMON,일상,산안법 제38조,법정필수,A,S,inspections,-,1,,"[{'no': 1, 'source': '법정', 'law_ref': '산안법 제38조', 'field_key': 'inspection_done', 'field_name': '점검 실시 여부', 'is_mandatory': True}, {'no': 2, 'source': 'KOSHA', 'law_ref': None, 'field_key': 'inspection_datetime', 'field_name': '점검일시', 'is_mandatory': False}, {'no': 3, 'source': 'KOSHA', 'law_ref': None, 'field_key': 'inspector', 'field_name': '점검자', 'is_mandatory': False}, {'no': 4, 'source': 'KOSHA', 'law_ref': None, 'field_key': 'risk', 'field_name': '위험요인', 'is_mandatory': False}, {'no': 5, 'source': 'KOSHA', 'law_ref': None, 'field_key': 'action', 'field_name': '조치사항', 'is_mandatory': False}]",False,False,,COPY_OK,BUSINESS,False,True,법정서식,자체보관,자체보관,,사업주 또는 관리감독자,일/주,,,,,,False,False,False,,,,,0
DOC-OSH-039,밀폐공간 작업기록부,INDUSTRIAL,일상,산안법 제38조,법정필수,B,A,factory,작업내용 측정결과,3,,"[{'no': 1, 'source': '법정', 'law_ref': '안전보건규칙 제619조', 'field_key': 'work_datetime', 'field_name': '작업 일시', 'is_mandatory': True}, {'no': 2, 'source': '법정', 'law_ref': '안전보건규칙 제619조', 'field_key': 'worker_list', 'field_name': '작업자 명단', 'is_mandatory': True}, {'no': 3, 'source': '법정', 'law_ref': '안전보건규칙 제619조', 'field_key': 'oxygen_and_gas_levels', 'field_name': '산소 및 유해가스 농도', 'is_mandatory': True}, {'no': 4, 'source': '법정', 'law_ref': '안전보건규칙 제620조', 'field_key': 'ventilation_status', 'field_name': '환기 상태', 'is_mandatory': True}, {'no': 5, 'source': 'KOSHA', 'law_ref': None, 'field_key': 'post_work_check', 'field_name': '작업 종료 후 확인 결과', 'is_mandatory': False}]",False,True,TAI내 보관·열람,COPY_OK,BUSINESS,False,True,법정서식,자체보관,자체보관,,사업주 또는 관리감독자,수시,,자체보관,self,자체보관,-,False,False,False,-,,,,10
DOC-OSH-040,도급사업 안전보건조치 이행기록,CONSTRUCTION,일상,산안법 제63조,법정필수,B,A,factory,조치내용,3,,"[{'no': 1, 'source': '법정', 'law_ref': '산안법 제63조', 'field_key': 'implementation_status_vs_plan', 'field_name': '안전조치 계획 대비 이행 여부', 'is_mandatory': True}, {'no': 2, 'source': '법정', 'law_ref': '산안법 제63조', 'field_key': 'risk_improvement_result', 'field_name': '현장 위험요인 개선 이행 결과', 'is_mandatory': True}, {'no': 3, 'source': '법정', 'law_ref': '산안법 제64조', 'field_key': 'joint_inspection_result', 'field_name': '합동 안전점검 결과', 'is_mandatory': True}, {'no': 4, 'source': '고용노동부지침', 'law_ref': None, 'field_key': 'subcontractor_guidance_training', 'field_name': '협력업체 지도 및 교육 실시 여부', 'is_mandatory': False}, {'no': 5, 'source': '고용노동부지침', 'law_ref': None, 'field_key': 'noncompliance_and_action_plan', 'field_name': '미이행 사항 및 개선조치 계획', 'is_mandatory': False}]",False,True,TAI내 보관·열람,COPY_OK,BUSINESS,False,True,법정서식,자체보관,자체보관,,도급인,수시,,자체보관,self,자체보관,-,False,False,False,-,,,,10
DOC-OSH-041,위험성평가 실시결과서,COMMON,정기,산안법 제36조,법정필수,C,B,factory/법령엔진/inspections,위험도 감소대책,2,,"[{'no': 1, 'source': '법정', 'law_ref': '산안법 제36조, 위험성평가 지침', 'field_key': 'assessment_date', 'field_name': '위험성평가 실시 일자', 'is_mandatory': True}, {'no': 2, 'source': '법정', 'law_ref': '위험성평가 지침', 'field_key': 'participants_and_assessors', 'field_name': '참여 근로자 및 평가자', 'is_mandatory': True}, {'no': 3, 'source': '법정', 'law_ref': '산안법 제36조', 'field_key': 'hazard_list', 'field_name': '유해위험요인 목록', 'is_mandatory': True}, {'no': 4, 'source': '법정', 'law_ref': '위험성평가 지침', 'field_key': 'risk_determination_result', 'field_name': '위험성 결정 결과', 'is_mandatory': True}, {'no': 5, 'source': '법정', 'law_ref': '위험성평가 지침', 'field_key': 'corrective_actions_and_result', 'field_name': '개선조치 및 실행 결과', 'is_mandatory': True}, {'no': 6, 'source': '법정', 'law_ref': '위험성평가 지침', 'field_key': 'result_sharing_training_status', 'field_name': '결과 공유 및 교육 여부', 'is_mandatory': True}]",False,True,TAI내 보관·열람,COPY_OK,BUSINESS,False,True,법정서식,자체보관,자체보관,3년,사업주,연1회,500만원 이하 과태료(산안법 제175조),자체보관,self,자체보관,-,False,False,False,3년 보관,,,,30
DOC-OSH-042,위험성평가 개선조치계획서,COMMON,정기,산안법 제36조,법정필수,B,A,inspections,개선내용 일정 담당자,2,,"[{'no': 1, 'source': '법정', 'law_ref': '산안법 제36조, 위험성평가 지침', 'field_key': 'hazard_factor', 'field_name': '유해위험요인', 'is_mandatory': True}, {'no': 2, 'source': '법정', 'law_ref': '위험성평가 지침', 'field_key': 'risk_determination_result', 'field_name': '위험성 결정 결과', 'is_mandatory': True}, {'no': 3, 'source': '법정', 'law_ref': '위험성평가 지침', 'field_key': 'improvement_measure', 'field_name': '개선대책', 'is_mandatory': True}, {'no': 4, 'source': '고용노동부지침', 'law_ref': None, 'field_key': 'action_owner', 'field_name': '개선 담당자', 'is_mandatory': False}, {'no': 5, 'source': '고용노동부지침', 'law_ref': None, 'field_key': 'planned_completion_date', 'field_name': '개선 완료 예정일', 'is_mandatory': False}, {'no': 6, 'source': '고용노동부지침', 'law_ref': None, 'field_key': 'completion_verification', 'field_name': '개선 완료 확인', 'is_mandatory': False}]",False,True,TAI내 보관·열람,COPY_OK,BUSINESS,False,True,법정서식,자체보관,자체보관,3년,사업주,수시,500만원 이하 과태료(산안법 제175조),자체보관,self,자체보관,-,False,False,False,-,,,,10
DOC-OSH-043,화학물질 관리대장,INDUSTRIAL,일상,산안법 제110조,법정필수,B,A,factory,화학물질 목록 수량,3,,"[{'no': 1, 'source': '법정', 'law_ref': '산안법 제110조', 'field_key': 'chemical_name', 'field_name': '화학물질명', 'is_mandatory': True}, {'no': 2, 'source': '법정', 'law_ref': '산안법 제110조', 'field_key': 'storage_location', 'field_name': '보관 장소', 'is_mandatory': True}, {'no': 3, 'source': '법정', 'law_ref': '산안법 제110조', 'field_key': 'storage_quantity', 'field_name': '보관량', 'is_mandatory': True}, {'no': 4, 'source': '고용노동부지침', 'law_ref': None, 'field_key': 'handler', 'field_name': '취급자', 'is_mandatory': False}, {'no': 5, 'source': 'KOSHA', 'law_ref': None, 'field_key': 'leak_incident_status', 'field_name': '누출 및 사고 여부', 'is_mandatory': False}]",False,True,TAI내 보관·열람,COPY_OK,BUSINESS,False,True,법정서식,자체보관,자체보관,,사업주 또는 화학물질 취급 담당자,상시,,자체보관,self,자체보관,-,False,False,False,-,,,,10
DOC-OSH-044,물질안전보건자료 교육기록,COMMON,일상,산안법 제110조,법정필수,B,A,workers,교육내용 참석자,2,,"[{'no': 1, 'source': '법정', 'law_ref': '산안법 제110조', 'field_key': 'chemical_name', 'field_name': '교육 대상 화학물질명', 'is_mandatory': True}, {'no': 2, 'source': '법정', 'law_ref': '산안법 제110조', 'field_key': 'msds_training_content', 'field_name': 'MSDS 주요 내용 교육 여부', 'is_mandatory': True}, {'no': 3, 'source': '법정', 'law_ref': '산안법 제110조', 'field_key': 'hazard_risk_training', 'field_name': '유해위험성 교육 여부', 'is_mandatory': True}, {'no': 4, 'source': '법정', 'law_ref': '산안법 제110조', 'field_key': 'handling_precaution_training', 'field_name': '취급상 주의사항 교육 여부', 'is_mandatory': True}, {'no': 5, 'source': 'KOSHA', 'law_ref': None, 'field_key': 'ppe_training', 'field_name': '보호구 착용방법 교육 여부', 'is_mandatory': False}, {'no': 6, 'source': '고용노동부지침', 'law_ref': None, 'field_key': 'attendee_signature', 'field_name': '참석자 서명', 'is_mandatory': False}]",False,True,TAI내 보관·열람,COPY_OK,BUSINESS,False,True,법정서식,자체보관,자체보관,3년,사업주,수시,500만원 이하 과태료(산안법 제175조),자체보관,self,자체보관,-,False,False,False,-,,,,10
DOC-OSH-045,보호구 지급대장,COMMON,일상,산안법 제41조,법정필수,B,A,workers,보호구 종류 수량,2,,"[{'no': 1, 'source': '법정', 'law_ref': '산안법 제41조', 'field_key': 'ppe_type', 'field_name': '보호구 종류', 'is_mandatory': True}, {'no': 2, 'source': '법정', 'law_ref': '산안법 제41조', 'field_key': 'recipient_worker', 'field_name': '지급 대상자', 'is_mandatory': True}, {'no': 3, 'source': '고용노동부지침', 'law_ref': None, 'field_key': 'issue_date', 'field_name': '지급일자', 'is_mandatory': False}, {'no': 4, 'source': 'KOSHA', 'law_ref': None, 'field_key': 'ppe_spec_quantity', 'field_name': '보호구 규격 및 수량', 'is_mandatory': False}, {'no': 5, 'source': 'KOSHA', 'law_ref': None, 'field_key': 'wearing_instruction_training', 'field_name': '착용방법 교육 여부', 'is_mandatory': False}, {'no': 6, 'source': '고용노동부지침', 'law_ref': None, 'field_key': 'recipient_signature', 'field_name': '수령자 확인 서명', 'is_mandatory': False}]",False,True,TAI내 보관·열람,COPY_OK,BUSINESS,False,True,법정서식,자체보관,자체보관,,사업주,수시,,자체보관,self,자체보관,-,False,False,False,-,,,,10
DOC-OSH-046,보호구 착용 점검기록,COMMON,일상,산안법 제41조,법정필수,A,S,inspections,-,1,,"[{'no': 1, 'source': '법정', 'law_ref': '산안법 제41조', 'field_key': 'ppe_check', 'field_name': '보호구 착용 여부', 'is_mandatory': True}, {'no': 2, 'source': '지침', 'law_ref': None, 'field_key': 'worker', 'field_name': '작업자', 'is_mandatory': False}, {'no': 3, 'source': 'KOSHA', 'law_ref': None, 'field_key': 'non_compliance', 'field_name': '미착용자', 'is_mandatory': False}, {'no': 4, 'source': 'KOSHA', 'law_ref': None, 'field_key': 'action', 'field_name': '조치사항', 'is_mandatory': False}]",False,False,,COPY_OK,BUSINESS,False,True,법정서식,자체보관,자체보관,,사업주 또는 관리감독자,수시,,,,,,False,False,False,,,,,0
DOC-OSH-047,밀폐공간 작업허가서,INDUSTRIAL,작업시,산안법 제38조,법정필수,B,A,factory,작업장소 가스농도,3,,"[{'no': 1, 'source': '법정', 'law_ref': '안전보건규칙 제619조', 'field_key': 'confined_space_target', 'field_name': '작업 허가 대상 밀폐공간', 'is_mandatory': True}, {'no': 2, 'source': '법정', 'law_ref': '안전보건규칙 제619조', 'field_key': 'oxygen_measurement_result', 'field_name': '산소농도 측정 결과', 'is_mandatory': True}, {'no': 3, 'source': '법정', 'law_ref': '안전보건규칙 제619조', 'field_key': 'hazardous_gas_result', 'field_name': '유해가스 측정 결과', 'is_mandatory': True}, {'no': 4, 'source': '고용노동부지침', 'law_ref': None, 'field_key': 'permit_approver', 'field_name': '작업 승인자', 'is_mandatory': False}, {'no': 5, 'source': 'KOSHA', 'law_ref': None, 'field_key': 'rescue_preparedness', 'field_name': '비상구조 준비 상태', 'is_mandatory': False}]",False,True,TAI내 보관·열람,COPY_OK,BUSINESS,False,True,법정서식,자체보관,밀폐공간 작업 전 작성,,사업주 또는 관리감독자,수시,,자체보관,self,자체보관,-,False,False,False,-,,,,10
DOC-OSH-048,밀폐공간 산소농도 측정기록,INDUSTRIAL,작업시,산안법 제38조,법정필수,B,A,factory,측정값 측정자 시간,3,,"[{'no': 1, 'source': '법정', 'law_ref': '안전보건규칙 제619조', 'field_key': 'measurement_datetime', 'field_name': '측정 일시', 'is_mandatory': True}, {'no': 2, 'source': '법정', 'law_ref': '안전보건규칙 제619조', 'field_key': 'measurement_location', 'field_name': '측정 장소', 'is_mandatory': True}, {'no': 3, 'source': '법정', 'law_ref': '안전보건규칙 제619조', 'field_key': 'oxygen_level', 'field_name': '산소농도 수치', 'is_mandatory': True}, {'no': 4, 'source': '고용노동부지침', 'law_ref': None, 'field_key': 'measurer', 'field_name': '측정자', 'is_mandatory': False}, {'no': 5, 'source': 'KOSHA', 'law_ref': None, 'field_key': 'remeasurement_result', 'field_name': '재측정 여부 및 결과', 'is_mandatory': False}]",False,True,TAI내 보관·열람,COPY_OK,BUSINESS,False,True,법정서식,자체보관,밀폐공간 작업 전 측정 및 자체보관,,사업주 또는 측정 담당자,수시,,자체보관,self,자체보관,-,False,False,False,-,,,,10
DOC-OSH-049,작업허가서(위험작업),COMMON,작업시,산안법 제38조,법정필수,B,A,factory/workers,작업내용 위험요인,2,,"[{'no': 1, 'source': '법정', 'law_ref': '산안법 제38조', 'field_key': 'hazardous_work_name', 'field_name': '위험작업명', 'is_mandatory': True}, {'no': 2, 'source': '법정', 'law_ref': '산안법 제38조', 'field_key': 'work_location', 'field_name': '작업 장소', 'is_mandatory': True}, {'no': 3, 'source': '법정', 'law_ref': '산안법 제38조, 제36조', 'field_key': 'pre_work_hazard_check', 'field_name': '작업 전 위험요인 확인', 'is_mandatory': True}, {'no': 4, 'source': '법정', 'law_ref': '산안법 제38조', 'field_key': 'required_safety_measures_done', 'field_name': '필수 안전조치 이행 여부', 'is_mandatory': True}, {'no': 5, 'source': 'KOSHA', 'law_ref': None, 'field_key': 'work_approver', 'field_name': '작업 승인자', 'is_mandatory': False}, {'no': 6, 'source': 'KOSHA', 'law_ref': None, 'field_key': 'post_work_site_check', 'field_name': '작업 종료 후 현장 확인', 'is_mandatory': False}]",False,True,TAI내 보관·열람,COPY_OK,BUSINESS,False,True,법정서식,자체보관,위험작업 전 작성,,사업주 또는 관리감독자,수시,,자체보관,self,자체보관,-,False,False,False,-,,,,10
DOC-OSH-050,안전작업절차서(SOP),COMMON,일상,산안법 제38조,권고,C,B,법령엔진,작업별 세부절차,4,,"[{'no': 1, 'source': '법정', 'law_ref': '산안법 제38조', 'field_key': 'target_work_name', 'field_name': '대상 작업명', 'is_mandatory': True}, {'no': 2, 'source': '법정', 'law_ref': '산안법 제38조', 'field_key': 'pre_work_safety_measures', 'field_name': '작업 전 안전조치', 'is_mandatory': True}, {'no': 3, 'source': 'KOSHA', 'law_ref': None, 'field_key': 'step_by_step_hazards', 'field_name': '작업 순서별 위험요인', 'is_mandatory': False}, {'no': 4, 'source': 'KOSHA', 'law_ref': None, 'field_key': 'step_by_step_safety_rules', 'field_name': '작업 순서별 안전수칙', 'is_mandatory': False}, {'no': 5, 'source': 'KOSHA', 'law_ref': None, 'field_key': 'required_ppe_and_equipment', 'field_name': '필수 보호구 및 사용 장비', 'is_mandatory': False}, {'no': 6, 'source': 'KOSHA', 'law_ref': None, 'field_key': 'emergency_response_procedure', 'field_name': '비상시 조치 절차', 'is_mandatory': False}]",False,True,TAI내 보관·열람,COPY_OK,BUSINESS,False,True,법정서식,자체보관,자체보관,,사업주 또는 관리감독자,상시,,자체보관,self,자체보관,-,False,False,False,-,,,,30
DOC-OSH-051,비상조치계획서,COMMON,일상,산안법 제38조,법정필수,C,B,factory/법령엔진,비상연락망 대피경로,3,,"[{'no': 1, 'source': '법정', 'law_ref': '산안법 제38조', 'field_key': 'emergency_scenario_type', 'field_name': '비상상황 유형', 'is_mandatory': True}, {'no': 2, 'source': '법정', 'law_ref': '산안법 제38조', 'field_key': 'evacuation_and_rescue_procedure', 'field_name': '근로자 대피 및 구조 절차', 'is_mandatory': True}, {'no': 3, 'source': 'KOSHA', 'law_ref': None, 'field_key': 'emergency_contact_system', 'field_name': '비상연락체계', 'is_mandatory': False}, {'no': 4, 'source': 'KOSHA', 'law_ref': None, 'field_key': 'first_aid_equipment_location', 'field_name': '응급조치 및 구급장비 위치', 'is_mandatory': False}, {'no': 5, 'source': 'KOSHA', 'law_ref': None, 'field_key': 'emergency_response_roles', 'field_name': '비상대응 담당자 및 역할', 'is_mandatory': False}, {'no': 6, 'source': 'KOSHA', 'law_ref': None, 'field_key': 'drill_and_inspection_plan', 'field_name': '훈련 및 점검 계획', 'is_mandatory': False}]",False,True,TAI내 보관·열람,COPY_OK,BUSINESS,False,True,법정서식,자체보관,자체보관,,사업주,상시,,자체보관,self,자체보관,-,False,False,False,-,,,,30
DOC-OSH-052,비상훈련 실시기록,COMMON,정기,산안법 제38조,법정필수,B,A,factory/workers,훈련내용 참석자,3,,"[{'no': 1, 'source': '법정', 'law_ref': '산안법 제38조', 'field_key': 'emergency_scenario_type', 'field_name': '비상상황 유형', 'is_mandatory': True}, {'no': 2, 'source': '법정', 'law_ref': '산안법 제38조', 'field_key': 'emergency_response_training_done', 'field_name': '비상조치 절차 훈련 여부', 'is_mandatory': True}, {'no': 3, 'source': '고용노동부지침', 'law_ref': None, 'field_key': 'training_datetime', 'field_name': '훈련 일시', 'is_mandatory': False}, {'no': 4, 'source': '고용노동부지침', 'law_ref': None, 'field_key': 'participant_count', 'field_name': '참여 인원', 'is_mandatory': False}, {'no': 5, 'source': 'KOSHA', 'law_ref': None, 'field_key': 'evacuation_duration', 'field_name': '대피 소요시간', 'is_mandatory': False}, {'no': 6, 'source': 'KOSHA', 'law_ref': None, 'field_key': 'post_training_improvements', 'field_name': '훈련 후 개선사항', 'is_mandatory': False}]",False,True,TAI내 보관·열람,COPY_OK,BUSINESS,False,True,법정서식,자체보관,자체보관,,사업주 또는 관리감독자,연1회,,자체보관,self,자체보관,-,False,False,False,-,,,,10
DOC-OSH-053,중대재해 발생 대응기록,COMMON,사고시,중대재해처벌법,법정필수,C,A,factory/workers,대응상세 시간순,3,,"[{'no': 1, 'source': '법정', 'law_ref': '중대재해법 제4조제1항제2호', 'field_key': 'serious_accident_datetime_location', 'field_name': '중대재해 발생 일시 및 장소', 'is_mandatory': True}, {'no': 2, 'source': '법정', 'law_ref': '중대재해법 제2조, 제4조', 'field_key': 'victim_and_damage_severity', 'field_name': '피해자 및 피해 정도', 'is_mandatory': True}, {'no': 3, 'source': '법정', 'law_ref': '중대재해법 제4조제1항제2호', 'field_key': 'initial_response_and_site_preservation', 'field_name': '초동 대응 및 현장보존 조치', 'is_mandatory': True}, {'no': 4, 'source': '법정', 'law_ref': '중대재해법 제4조제1항제2호', 'field_key': 'recurrence_prevention_plan_status', 'field_name': '재발방지 대책 수립 여부', 'is_mandatory': True}, {'no': 5, 'source': '고용노동부지침', 'law_ref': None, 'field_key': 'authority_reporting_documents', 'field_name': '관계기관 보고 및 제출 자료', 'is_mandatory': False}]",False,True,TAI내 보관·열람,COPY_OK,BUSINESS,False,True,법정서식,고용노동부,중대재해 발생 시 즉시 조치 및 자체보관,,사업주 또는 경영책임자등,사고시,,자체보관,self,자체보관,-,False,False,False,-,,,,30
DOC-OSH-054,협력업체 안전관리평가서,CONSTRUCTION,정기,산안법 제63조,권고,B,A,factory,평가항목 점수,4,,"[{'no': 1, 'source': '법정', 'law_ref': '산안법 제63조', 'field_key': 'subcontractor_basic_info', 'field_name': '협력업체 기본 정보', 'is_mandatory': True}, {'no': 2, 'source': '법정', 'law_ref': '산안법 제63조', 'field_key': 'safety_management_evaluation', 'field_name': '안전보건관리 수준 평가 결과', 'is_mandatory': True}, {'no': 3, 'source': '고용노동부지침', 'law_ref': None, 'field_key': 'hazard_control_level', 'field_name': '위험요인 관리 수준', 'is_mandatory': False}, {'no': 4, 'source': '고용노동부지침', 'law_ref': None, 'field_key': 'incident_history', 'field_name': '사고 발생 이력', 'is_mandatory': False}, {'no': 5, 'source': '고용노동부지침', 'law_ref': None, 'field_key': 'improvement_and_rating', 'field_name': '개선 필요사항 및 평가 등급', 'is_mandatory': False}]",False,True,TAI내 보관·열람,COPY_OK,BUSINESS,False,True,법정서식,자체보관,자체보관,,도급인 또는 사업주,분기/반기,,자체보관,self,자체보관,-,False,False,False,-,,,,10
DOC-OSH-055,안전보건점검 체크리스트,COMMON,일상,산안법 제38조,법정필수,A,S,inspections/법령엔진,-,1,,"[{'no': 1, 'source': '법정', 'law_ref': '산안법 제38조', 'field_key': 'inspection_done', 'field_name': '점검 실시 여부', 'is_mandatory': True}, {'no': 2, 'source': 'KOSHA', 'law_ref': None, 'field_key': 'inspection_datetime', 'field_name': '점검일시', 'is_mandatory': False}, {'no': 3, 'source': 'KOSHA', 'law_ref': None, 'field_key': 'inspector', 'field_name': '점검자', 'is_mandatory': False}, {'no': 4, 'source': 'KOSHA', 'law_ref': None, 'field_key': 'risk', 'field_name': '위험요인', 'is_mandatory': False}, {'no': 5, 'source': 'KOSHA', 'law_ref': None, 'field_key': 'action', 'field_name': '조치사항', 'is_mandatory': False}]",False,False,,COPY_OK,BUSINESS,False,True,법정서식,자체보관,자체보관,,사업주 또는 관리감독자,일/주,,,,,,False,False,False,,,,,0
DOC-OSH-056,TBM 기록,COMMON,일상,산안법 제38조,권고,A,S,TBM모듈,-,1,,"[{'no': 1, 'source': '고용노동부지침', 'law_ref': None, 'field_key': 'work_content', 'field_name': '작업내용', 'is_mandatory': False}, {'no': 2, 'source': 'KOSHA', 'law_ref': None, 'field_key': 'risk_share', 'field_name': '위험요인 공유', 'is_mandatory': False}, {'no': 3, 'source': 'KOSHA', 'law_ref': None, 'field_key': 'participants', 'field_name': '참석자', 'is_mandatory': False}, {'no': 4, 'source': 'KOSHA', 'law_ref': None, 'field_key': 'signatures', 'field_name': '서명', 'is_mandatory': False}]",False,False,,COPY_OK,BUSINESS,False,True,법정서식,자체보관,자체보관,,사업주 또는 관리감독자,일/수시,,,,,,False,False,False,,,,,0
DOC-OSH-057,근로자 의견청취 기록,COMMON,일상,산안법 제26조,권고,B,A,workers,의견내용 조치결과,3,,"[{'no': 1, 'source': '법정', 'law_ref': '산안법 제26조', 'field_key': 'worker_opinion_content', 'field_name': '근로자 의견 청취 내용', 'is_mandatory': True}, {'no': 2, 'source': '고용노동부지침', 'law_ref': None, 'field_key': 'opinion_collection_datetime', 'field_name': '청취 일시', 'is_mandatory': False}, {'no': 3, 'source': '고용노동부지침', 'law_ref': None, 'field_key': 'opinion_submitter', 'field_name': '의견 제출자', 'is_mandatory': False}, {'no': 4, 'source': '고용노동부지침', 'law_ref': None, 'field_key': 'review_result', 'field_name': '검토 결과', 'is_mandatory': False}, {'no': 5, 'source': '고용노동부지침', 'law_ref': None, 'field_key': 'corrective_action_status', 'field_name': '개선조치 이행 여부', 'is_mandatory': False}]",False,True,TAI내 보관·열람,COPY_OK,BUSINESS,False,True,법정서식,자체보관,자체보관,,사업주,수시,,자체보관,self,자체보관,-,False,False,False,-,,,,10
DOC-OSH-058,산업안전보건위원회 회의록,COMMON,정기,산안법 제24조,법정필수,B,A,factory/workers,안건 결정사항,3,,"[{'no': 1, 'source': '법정', 'law_ref': '산안법 제24조', 'field_key': 'meeting_datetime_location', 'field_name': '회의 일시 및 장소', 'is_mandatory': True}, {'no': 2, 'source': '법정', 'law_ref': '산안법 제24조', 'field_key': 'attendee_list', 'field_name': '참석자 명단', 'is_mandatory': True}, {'no': 3, 'source': '법정', 'law_ref': '산안법 제24조', 'field_key': 'agenda_items', 'field_name': '심의의결 안건', 'is_mandatory': True}, {'no': 4, 'source': '법정', 'law_ref': '산안법 제24조', 'field_key': 'decision_result', 'field_name': '의결 결과', 'is_mandatory': True}, {'no': 5, 'source': '고용노동부지침', 'law_ref': None, 'field_key': 'action_owner_due_date', 'field_name': '이행 담당자 및 기한', 'is_mandatory': False}]",False,True,TAI내 보관·열람,COPY_OK,BUSINESS,False,True,법정서식,자체보관,회의 개최 시 작성 및 자체보관,,산업안전보건위원회 또는 사업주,분기,500만원 이하 과태료(산안법 제175조),자체보관,self,자체보관,-,False,False,False,3개월마다 1회,,,,10
DOC-OSH-059,기계설비 점검기록부,INDUSTRIAL,정기,산안법 제38조,법정필수,A,S,inspections,-,1,,"[{'no': 1, 'source': '법정', 'law_ref': '산안법 제38조', 'field_key': 'equipment_check', 'field_name': '설비 점검 실시', 'is_mandatory': True}, {'no': 2, 'source': 'KOSHA', 'law_ref': None, 'field_key': 'inspection_datetime', 'field_name': '점검일시', 'is_mandatory': False}, {'no': 3, 'source': 'KOSHA', 'law_ref': None, 'field_key': 'equipment_name', 'field_name': '설비명', 'is_mandatory': False}, {'no': 4, 'source': '지침', 'law_ref': None, 'field_key': 'abnormal', 'field_name': '이상 여부', 'is_mandatory': False}, {'no': 5, 'source': 'KOSHA', 'law_ref': None, 'field_key': 'action', 'field_name': '조치사항', 'is_mandatory': False}]",False,False,,COPY_OK,BUSINESS,False,True,법정서식,자체보관,자체보관,,사업주 또는 관리감독자,정기,,,,,,False,False,False,,,,,0
DOC-OSH-061,통합 산업재해 현황 조사표,COMMON,정기,산안법 시행규칙 제4조,의무,B,X,,,5,https://www.law.go.kr/LSW/flDownload.do?flSeq=152467537,"[{'no': 1, 'source': '법정', 'law_ref': '산안법 시행규칙 제4조, 별지 제1호서식', 'field_key': 'contractor_information', 'field_name': '도급인 정보', 'is_mandatory': True}, {'no': 2, 'source': '법정', 'law_ref': '산안법 시행규칙 제4조, 별지 제1호서식', 'field_key': 'subcontractor_information', 'field_name': '수급인 정보', 'is_mandatory': True}, {'no': 3, 'source': '법정', 'law_ref': '산안법 시행규칙 제4조, 별지 제1호서식', 'field_key': 'industrial_accident_status', 'field_name': '산업재해 발생 현황', 'is_mandatory': True}, {'no': 4, 'source': '법정', 'law_ref': '산안법 시행규칙 제4조, 별지 제1호서식', 'field_key': 'writer_and_submission_date', 'field_name': '작성자 및 제출일', 'is_mandatory': True}]",True,False,,DIGITAL_OK,BUSINESS,False,True,법정서식,,4월 30일까지,,도급인,,,,,,,False,False,False,,False,지방고용노동관서의 장에게 제출(전자적 방법에 의한 제출을 포함한다),,0
DOC-OSH-062,안전보건관리책임자 선임 보고서,COMMON,일상,"산안법 제15조, 시행규칙 제9조",의무,A,X,,,5,,"[{'no': 1, 'source': '법정', 'law_ref': '산안법 제15조, 시행규칙 제9조', 'field_key': 'workplace_information', 'field_name': '사업장 정보', 'is_mandatory': True}, {'no': 2, 'source': '법정', 'law_ref': '산안법 제15조', 'field_key': 'safety_health_manager_name', 'field_name': '안전보건관리책임자 성명', 'is_mandatory': True}, {'no': 3, 'source': '법정', 'law_ref': '산안법 시행규칙 제9조', 'field_key': 'appointment_date', 'field_name': '선임일자', 'is_mandatory': True}, {'no': 4, 'source': '법정', 'law_ref': '산안법 시행규칙 제9조', 'field_key': 'duty_performance_evidence', 'field_name': '업무 수행내용 증명서류', 'is_mandatory': True}]",False,False,,COPY_OK,BUSINESS,False,True,법정서식,,자체보관,,사업주,,500만원 이하 과태료(산안법 제175조),,,,,False,False,False,,False,,,0
DOC-OSH-063,안전보건총괄책임자 선임 보고서,COMMON,일상,"산안법 제62조, 시행규칙 제9조",의무,A,X,,,5,,"[{'no': 1, 'source': '법정', 'law_ref': '산안법 제62조', 'field_key': 'contracted_work_information', 'field_name': '도급사업 정보', 'is_mandatory': True}, {'no': 2, 'source': '법정', 'law_ref': '산안법 제62조', 'field_key': 'overall_safety_health_manager_name', 'field_name': '안전보건총괄책임자 성명', 'is_mandatory': True}, {'no': 3, 'source': '법정', 'law_ref': '산안법 제62조', 'field_key': 'appointment_date', 'field_name': '선임일자', 'is_mandatory': True}, {'no': 4, 'source': '법정', 'law_ref': '산안법 시행규칙 제9조 준용', 'field_key': 'duty_performance_evidence', 'field_name': '업무 수행내용 증명서류', 'is_mandatory': True}]",False,False,,COPY_OK,BUSINESS,False,True,법정서식,,자체보관,,도급인 또는 사업주,,500만원 이하 과태료(산안법 제175조),,,,,False,False,False,,False,,,0
DOC-OSH-064,안전관리자등 해임 통합 보고서,COMMON,일상,"산안법 시행규칙 제11조제2항, 제23조제2항",의무,B,X,,,5,,"[{'no': 1, 'source': '법정', 'law_ref': '산안법 시행규칙 제11조제2항, 제23조제2항', 'field_key': 'workplace_information', 'field_name': '사업장 정보', 'is_mandatory': True}, {'no': 2, 'source': '법정', 'law_ref': '산안법 시행규칙 제11조제2항, 제23조제2항', 'field_key': 'dismissal_target_type', 'field_name': '해임 대상자 구분', 'is_mandatory': True}, {'no': 3, 'source': '법정', 'law_ref': '산안법 시행규칙 제11조제2항, 제23조제2항', 'field_key': 'dismissed_person_name', 'field_name': '해임 대상자 성명', 'is_mandatory': True}, {'no': 4, 'source': '법정', 'law_ref': '산안법 시행규칙 제11조제2항, 제23조제2항', 'field_key': 'dismissal_date', 'field_name': '해임일자', 'is_mandatory': True}]",True,False,,DIGITAL_OK,BUSINESS,False,True,법정서식,,해임 후 14일 이내,,사업주,,500만원 이하 과태료(산안법 제175조),,,,,False,False,False,,False,고용노동부장관에게 제출,,0
DOC-OSH-065,안전관리전문기관 지정신청서,COMMON,일상,"산안법 제21조, 시행규칙 제16조",의무,X,X,,,5,https://www.law.go.kr/LSW/flDownload.do?flSeq=152467581,"[{'no': 1, 'source': '법정', 'law_ref': '산안법 제21조, 시행규칙 제16조', 'field_key': 'applicant_information', 'field_name': '신청인 정보', 'is_mandatory': True}, {'no': 2, 'source': '법정', 'law_ref': '산안법 시행규칙 제16조', 'field_key': 'institution_name_address', 'field_name': '기관 명칭 및 소재지', 'is_mandatory': True}, {'no': 3, 'source': '법정', 'law_ref': '산안법 시행규칙 제16조', 'field_key': 'personnel_facility_status', 'field_name': '인력 및 시설 현황', 'is_mandatory': True}, {'no': 4, 'source': '법정', 'law_ref': '산안법 시행규칙 제16조', 'field_key': 'equipment_status', 'field_name': '장비 보유 현황', 'is_mandatory': True}]",True,False,,ORIGINAL_ONLY,AGENCY_ONLY,True,True,법정서식,,지정 신청 시,,안전관리전문기관 지정을 받으려는 자,,,,,,,False,False,False,,False,고용노동부장관에게 신청,,0
DOC-OSH-066,보건관리전문기관 지정신청서,COMMON,일상,"산안법 제21조, 시행규칙 제20조",의무,X,X,,,5,https://www.law.go.kr/LSW/flDownload.do?flSeq=152467581,"[{'no': 1, 'source': '법정', 'law_ref': '산안법 제21조, 시행규칙 제20조', 'field_key': 'applicant_information', 'field_name': '신청인 정보', 'is_mandatory': True}, {'no': 2, 'source': '법정', 'law_ref': '산안법 시행규칙 제20조', 'field_key': 'institution_name_address', 'field_name': '기관 명칭 및 소재지', 'is_mandatory': True}, {'no': 3, 'source': '법정', 'law_ref': '산안법 시행규칙 제20조', 'field_key': 'personnel_status', 'field_name': '인력 보유 현황', 'is_mandatory': True}, {'no': 4, 'source': '법정', 'law_ref': '산안법 시행규칙 제20조', 'field_key': 'facility_equipment_status', 'field_name': '시설 및 장비 보유 현황', 'is_mandatory': True}]",True,False,,DIGITAL_OK,AGENCY_ONLY,True,True,법정서식,,지정 신청 시,,보건관리전문기관으로 지정받으려는 자,,,,,,,False,False,False,,False,고용노동부장관에게 신청,,0
DOC-OSH-067,재해예방 전문지도기관 지정신청서,COMMON,일상,"산안법 제74조, 시행규칙 제90조",의무,X,X,,,5,https://www.law.go.kr/LSW/flDownload.do?flSeq=152467581,"[{'no': 1, 'source': '법정', 'law_ref': '산안법 제74조, 시행규칙 제90조', 'field_key': 'applicant_information', 'field_name': '신청인 정보', 'is_mandatory': True}, {'no': 2, 'source': '법정', 'law_ref': '산안법 시행규칙 제90조', 'field_key': 'institution_name_address', 'field_name': '기관 명칭 및 소재지', 'is_mandatory': True}, {'no': 3, 'source': '법정', 'law_ref': '산안법 시행규칙 제90조', 'field_key': 'guidance_field', 'field_name': '지도 분야', 'is_mandatory': True}, {'no': 4, 'source': '법정', 'law_ref': '산안법 시행규칙 제90조', 'field_key': 'personnel_facility_equipment_status', 'field_name': '인력시설장비 보유 현황', 'is_mandatory': True}]",True,False,,DIGITAL_OK,AGENCY_ONLY,True,True,법정서식,,지정 신청 시,,재해예방 전문지도기관으로 지정받으려는 자,,,,,,,False,False,False,,False,고용노동부장관에게 신청,,0
DOC-OSH-068,공정안전보고서,INDUSTRIAL,착공전,산안법 제44조,의무,B,X,,,5,,"[{'no': 1, 'source': '법정', 'law_ref': '산안법 제44조', 'field_key': 'process_safety_information', 'field_name': '공정안전자료', 'is_mandatory': True}, {'no': 2, 'source': '법정', 'law_ref': '산안법 제44조', 'field_key': 'process_hazard_analysis', 'field_name': '공정위험성 평가서', 'is_mandatory': True}, {'no': 3, 'source': '법정', 'law_ref': '산안법 제44조', 'field_key': 'safe_operation_plan', 'field_name': '안전운전계획', 'is_mandatory': True}, {'no': 4, 'source': '법정', 'law_ref': '산안법 제44조', 'field_key': 'emergency_response_plan', 'field_name': '비상조치계획', 'is_mandatory': True}]",False,False,,DIGITAL_OK,BUSINESS,False,True,법정서식,,유해위험설비 설치이전 또는 주요 구조부분 변경공사 착공 전,,사업주,,1천만원 이하 과태료(산안법 제175조),,,,,False,False,False,,False,고용노동부장관에게 제출하여 심사를 받아야 함,,0
DOC-OSH-069,공정안전보고서 변경 제출서,INDUSTRIAL,일상,"산안법 제44조, 시행규칙 제50조",의무,B,X,,,5,,"[{'no': 1, 'source': '법정', 'law_ref': '산안법 제44조, 시행규칙 제50조', 'field_key': 'existing_psm_report_information', 'field_name': '기존 공정안전보고서 정보', 'is_mandatory': True}, {'no': 2, 'source': '법정', 'law_ref': '산안법 시행규칙 제50조', 'field_key': 'changed_equipment_or_process', 'field_name': '변경 대상 설비 또는 공정', 'is_mandatory': True}, {'no': 3, 'source': '법정', 'law_ref': '산안법 시행규칙 제50조', 'field_key': 'change_details', 'field_name': '변경 내용', 'is_mandatory': True}, {'no': 4, 'source': '법정', 'law_ref': '산안법 제44조', 'field_key': 'post_change_risk_assessment_safety_measures', 'field_name': '변경 후 위험성 평가 및 안전조치', 'is_mandatory': True}]",False,False,,DIGITAL_OK,BUSINESS,False,True,법정서식,,주요 구조부분 변경공사 착공 전,,사업주,,1천만원 이하 과태료(산안법 제175조),,,,,False,False,False,,False,고용노동부장관에게 제출하여 심사를 받아야 함,,0
DOC-OSH-070,안전검사 신청서,COMMON,정기,"산안법 제93조, 시행규칙 제124조",의무,B,X,,,5,https://www.law.go.kr/LSW/flDownload.do?flSeq=152467865,"[{'no': 1, 'source': '법정', 'law_ref': '산안법 제93조, 시행규칙 제124조', 'field_key': 'applicant_information', 'field_name': '신청인 정보', 'is_mandatory': True}, {'no': 2, 'source': '법정', 'law_ref': '산안법 시행규칙 제124조', 'field_key': 'safety_inspection_machine_information', 'field_name': '안전검사대상기계등 정보', 'is_mandatory': True}, {'no': 3, 'source': '법정', 'law_ref': '산안법 시행규칙 제124조', 'field_key': 'installation_location', 'field_name': '설치 장소', 'is_mandatory': True}, {'no': 4, 'source': '법정', 'law_ref': '산안법 시행규칙 제124조', 'field_key': 'preferred_inspection_date', 'field_name': '검사 희망일', 'is_mandatory': True}]",True,False,,DIGITAL_OK,BUSINESS,False,True,법정서식,,안전검사 주기 도래 전,,안전검사대상기계등을 사용하는 사업주,,1천만원 이하 과태료(산안법 제175조),,,,,False,False,False,,False,안전검사기관에 신청,,0
DOC-OSH-071,자율검사프로그램 인정신청서,COMMON,일상,"산안법 제98조, 시행규칙 제131조",의무,C,X,,,5,https://www.law.go.kr/LSW/flDownload.do?flSeq=152467877,"[{'no': 1, 'source': '법정', 'law_ref': '산안법 제98조, 시행규칙 제131조', 'field_key': 'applicant_information', 'field_name': '신청인 정보', 'is_mandatory': True}, {'no': 2, 'source': '법정', 'law_ref': '산안법 제98조', 'field_key': 'self_inspection_target_machines', 'field_name': '자율검사 대상 기계등', 'is_mandatory': True}, {'no': 3, 'source': '법정', 'law_ref': '산안법 제98조', 'field_key': 'inspection_personnel_equipment_status', 'field_name': '검사 인력 및 장비 현황', 'is_mandatory': True}, {'no': 4, 'source': '법정', 'law_ref': '산안법 제98조', 'field_key': 'self_inspection_program_details', 'field_name': '자율검사프로그램 내용', 'is_mandatory': True}]",True,False,,DIGITAL_OK,BUSINESS,False,True,법정서식,,인정 신청 시,,자율검사프로그램 인정을 받으려는 사업주,,,,,,,False,False,False,,False,고용노동부장관에게 신청,,0
DOC-OSH-072,석면해체제거작업 신고서,COMMON,작업시,"산안법 제122조, 시행규칙 제181조",의무,B,X,,,5,https://www.law.go.kr/LSW/flDownload.do?flSeq=152468037,"[{'no': 1, 'source': '법정', 'law_ref': '산안법 제122조, 시행규칙 제181조', 'field_key': 'reporter_information', 'field_name': '신고인 정보', 'is_mandatory': True}, {'no': 2, 'source': '법정', 'law_ref': '산안법 시행규칙 제181조', 'field_key': 'asbestos_worksite_location', 'field_name': '석면해체제거 작업장 위치', 'is_mandatory': True}, {'no': 3, 'source': '법정', 'law_ref': '산안법 시행규칙 제181조', 'field_key': 'asbestos_removal_work_details', 'field_name': '석면해체제거작업 내용', 'is_mandatory': True}, {'no': 4, 'source': '법정', 'law_ref': '산안법 시행규칙 제181조', 'field_key': 'work_period', 'field_name': '작업 기간', 'is_mandatory': True}]",True,False,,DIGITAL_OK,BUSINESS,True,True,법정서식,,석면해체제거작업 시작 7일 전까지,,석면해체제거업자,,300만원 이하 과태료(산안법 제175조),,,,,False,False,False,,False,고용노동부장관에게 신고,,0
DOC-OSH-073,석면해체제거작업 변경신고서,COMMON,작업시,"산안법 제122조, 시행규칙 제181조",의무,B,X,,,5,https://www.law.go.kr/LSW/flDownload.do?flSeq=152468045,"[{'no': 1, 'source': '법정', 'law_ref': '산안법 제122조, 시행규칙 제181조', 'field_key': 'existing_report_information', 'field_name': '기존 신고 정보', 'is_mandatory': True}, {'no': 2, 'source': '법정', 'law_ref': '산안법 시행규칙 제181조', 'field_key': 'change_details', 'field_name': '변경 내용', 'is_mandatory': True}, {'no': 3, 'source': '법정', 'law_ref': '산안법 시행규칙 제181조', 'field_key': 'change_reason', 'field_name': '변경 사유', 'is_mandatory': True}, {'no': 4, 'source': '법정', 'law_ref': '산안법 시행규칙 제181조', 'field_key': 'changed_work_period', 'field_name': '변경 후 작업 기간', 'is_mandatory': True}]",True,False,,DIGITAL_OK,BUSINESS,True,True,법정서식,,신고 내용 변경 시,,석면해체제거업자,,300만원 이하 과태료(산안법 제175조),,,,,False,False,False,,False,고용노동부장관에게 변경신고,,0
DOC-OSH-074,석면농도측정 결과보고서,COMMON,작업시,"산안법 제124조, 시행규칙 제186조",의무,B,X,,,5,https://www.law.go.kr/LSW/flDownload.do?flSeq=152468057,"[{'no': 1, 'source': '법정', 'law_ref': '산안법 제124조, 시행규칙 제186조', 'field_key': 'measurement_location', 'field_name': '측정 장소', 'is_mandatory': True}, {'no': 2, 'source': '법정', 'law_ref': '산안법 시행규칙 제186조', 'field_key': 'measurement_datetime', 'field_name': '측정 일시', 'is_mandatory': True}, {'no': 3, 'source': '법정', 'law_ref': '산안법 시행규칙 제186조', 'field_key': 'measurement_institution', 'field_name': '측정기관', 'is_mandatory': True}, {'no': 4, 'source': '법정', 'law_ref': '산안법 제124조', 'field_key': 'measurement_result', 'field_name': '측정 결과', 'is_mandatory': True}]",True,False,,DIGITAL_OK,BUSINESS,True,True,법정서식,,석면해체제거작업 완료 후 지체 없이,,석면해체제거업자 또는 석면농도측정기관,,300만원 이하 과태료(산안법 제175조),,,,,False,False,False,,False,고용노동부장관에게 제출,,0
DOC-OSH-075,근골격계부담작업 유해요인조사표,INDUSTRIAL,정기,안전보건규칙 제657조,의무,B,X,,,5,,"[{'no': 1, 'source': '법정', 'law_ref': '안전보건규칙 제657조', 'field_key': 'work_process_name', 'field_name': '작업공정명', 'is_mandatory': True}, {'no': 2, 'source': '법정', 'law_ref': '안전보건규칙 제657조', 'field_key': 'musculoskeletal_burden_work_status', 'field_name': '근골격계부담작업 해당 여부', 'is_mandatory': True}, {'no': 3, 'source': '법정', 'law_ref': '안전보건규칙 제657조', 'field_key': 'work_condition_survey_result', 'field_name': '작업조건 조사 결과', 'is_mandatory': True}, {'no': 4, 'source': '법정', 'law_ref': '안전보건규칙 제657조', 'field_key': 'symptom_survey_result', 'field_name': '근골격계질환 징후 및 증상 조사 결과', 'is_mandatory': True}]",False,False,,COPY_OK,BUSINESS,False,True,법정서식,,정기 또는 수시 유해요인조사 시 자체보관,5년,사업주,,,,,,,False,False,False,,False,,,0
DOC-OSH-076,근골격계질환 예방관리 프로그램,INDUSTRIAL,일상,안전보건규칙 제662조,의무,B,X,,,5,,"[{'no': 1, 'source': '법정', 'law_ref': '안전보건규칙 제662조', 'field_key': 'hazard_factor_survey_result', 'field_name': '유해요인조사 결과', 'is_mandatory': True}, {'no': 2, 'source': '법정', 'law_ref': '안전보건규칙 제662조', 'field_key': 'work_environment_improvement_plan', 'field_name': '작업환경 개선계획', 'is_mandatory': True}, {'no': 3, 'source': '법정', 'law_ref': '안전보건규칙 제662조', 'field_key': 'medical_management_plan', 'field_name': '의학적 관리 계획', 'is_mandatory': True}, {'no': 4, 'source': '법정', 'law_ref': '안전보건규칙 제662조', 'field_key': 'education_training_plan', 'field_name': '교육 및 훈련 계획', 'is_mandatory': True}]",False,False,,COPY_OK,BUSINESS,False,True,법정서식,,근골격계질환 예방관리 프로그램 수립시행 시 자체보관,,사업주,,,,,,,False,False,False,,False,,,0
DOC-SERA-001,안전보건관리체계 구축계획서,COMMON,일상,중대재해처벌법 제4조,법정필수,C,B,factory/법령엔진,체계 세부내용,2,,"[{'no': 1, 'source': '법정', 'law_ref': '중대재해법 제4조, 시행령 제4조제1호', 'field_key': 'safety_health_goals_policy', 'field_name': '안전보건 목표와 경영방침', 'is_mandatory': True}, {'no': 2, 'source': '법정', 'law_ref': '중대재해법 시행령 제4조제2호', 'field_key': 'dedicated_safety_health_organization', 'field_name': '안전보건 전담조직 구성 여부', 'is_mandatory': True}, {'no': 3, 'source': '법정', 'law_ref': '중대재해법 시행령 제4조제3호', 'field_key': 'hazard_identification_improvement_procedure', 'field_name': '유해위험요인 확인 및 개선 절차', 'is_mandatory': True}, {'no': 4, 'source': '법정', 'law_ref': '중대재해법 시행령 제4조제4호', 'field_key': 'prevention_personnel_budget_plan', 'field_name': '재해예방 인력예산 편성 계획', 'is_mandatory': True}, {'no': 5, 'source': '법정', 'law_ref': '중대재해법 시행령 제4조제5호', 'field_key': 'safety_manager_evaluation_criteria', 'field_name': '안전보건관리책임자등 평가 기준', 'is_mandatory': True}, {'no': 6, 'source': '법정', 'law_ref': '중대재해법 시행령 제4조제7호', 'field_key': 'worker_opinion_process', 'field_name': '종사자 의견청취 절차', 'is_mandatory': True}, {'no': 7, 'source': '법정', 'law_ref': '중대재해법 시행령 제4조제9호', 'field_key': 'outsourcing_safety_health_standards', 'field_name': '도급용역위탁 안전보건 확보 기준', 'is_mandatory': True}]",False,True,TAI내 보관·열람,COPY_OK,BUSINESS,False,True,법정서식,자체보관,자체보관,,사업주 또는 경영책임자등,상시,,자체보관,self,자체보관,-,False,False,False,경영책임자 승인,,,,30
DOC-SERA-002,안전보건관리체계 점검기록,COMMON,정기,중대재해처벌법 제4조,법정필수,B,A,inspections,점검결과 개선내용,2,,"[{'no': 1, 'source': '법정', 'law_ref': '중대재해법 제4조, 시행령 제4조', 'field_key': 'safety_health_goal_policy_check', 'field_name': '안전보건 목표 및 경영방침 점검', 'is_mandatory': True}, {'no': 2, 'source': '법정', 'law_ref': '중대재해법 시행령 제4조', 'field_key': 'dedicated_organization_check', 'field_name': '전담조직 운영 점검', 'is_mandatory': True}, {'no': 3, 'source': '법정', 'law_ref': '중대재해법 시행령 제4조', 'field_key': 'hazard_identification_improvement_process_check', 'field_name': '유해위험요인 확인 개선 절차 점검', 'is_mandatory': True}, {'no': 4, 'source': '법정', 'law_ref': '중대재해법 시행령 제4조', 'field_key': 'worker_participation_process_check', 'field_name': '종사자 의견청취 절차 점검', 'is_mandatory': True}, {'no': 5, 'source': '법정', 'law_ref': '중대재해법 시행령 제4조', 'field_key': 'outsourcing_safety_process_check', 'field_name': '도급용역위탁 안전보건 확보 절차 점검', 'is_mandatory': True}]",False,True,TAI내 보관·열람,COPY_OK,BUSINESS,False,True,법정서식,자체보관,반기 1회 이상 점검 및 자체보관,,사업주 또는 경영책임자등,정기,,자체보관,self,자체보관,-,False,False,False,-,,,,10
DOC-SERA-003,유해위험요인 확인 개선기록,COMMON,정기,중대재해처벌법 제4조,법정필수,B,A,inspections/법령엔진,위험요인 개선조치,2,,"[{'no': 1, 'source': '법정', 'law_ref': '중대재해법 제4조, 시행령 제4조', 'field_key': 'hazard_identification_target', 'field_name': '유해위험요인 확인 대상', 'is_mandatory': True}, {'no': 2, 'source': '법정', 'law_ref': '중대재해법 시행령 제4조', 'field_key': 'identified_hazard', 'field_name': '확인된 유해위험요인', 'is_mandatory': True}, {'no': 3, 'source': '법정', 'law_ref': '중대재해법 시행령 제4조', 'field_key': 'improvement_measure', 'field_name': '개선대책', 'is_mandatory': True}, {'no': 4, 'source': '법정', 'law_ref': '중대재해법 시행령 제4조', 'field_key': 'improvement_implementation_status', 'field_name': '개선 이행 여부', 'is_mandatory': True}, {'no': 5, 'source': '고용노동부지침', 'law_ref': None, 'field_key': 'recheck_result', 'field_name': '재점검 결과', 'is_mandatory': False}]",False,True,TAI내 보관·열람,COPY_OK,BUSINESS,False,True,법정서식,자체보관,유해위험요인 확인 및 개선 필요 시 자체보관,,사업주 또는 경영책임자등,수시,,자체보관,self,자체보관,-,False,False,False,-,,,,10
DOC-SERA-004,재해예방 인력예산 편성기록,COMMON,정기,중대재해처벌법 제4조,법정필수,B,A,factory,인력 예산 집행내역,3,,"[{'no': 1, 'source': '법정', 'law_ref': '중대재해법 제4조, 시행령 제4조', 'field_key': 'safety_health_staffing_plan', 'field_name': '안전보건 인력 배치 내역', 'is_mandatory': True}, {'no': 2, 'source': '법정', 'law_ref': '중대재해법 시행령 제4조', 'field_key': 'safety_health_budget_plan', 'field_name': '안전보건 예산 편성 내역', 'is_mandatory': True}, {'no': 3, 'source': '법정', 'law_ref': '중대재해법 시행령 제4조', 'field_key': 'facility_equipment_provision_plan', 'field_name': '시설 및 장비 구비 계획', 'is_mandatory': True}, {'no': 4, 'source': '법정', 'law_ref': '중대재해법 시행령 제4조', 'field_key': 'budget_execution_result', 'field_name': '예산 집행 실적', 'is_mandatory': True}, {'no': 5, 'source': '고용노동부지침', 'law_ref': None, 'field_key': 'unexecuted_reason_and_follow_up_plan', 'field_name': '미집행 사유 및 보완계획', 'is_mandatory': False}]",False,True,TAI내 보관·열람,COPY_OK,BUSINESS,False,True,법정서식,자체보관,재해예방 예산 편성 및 집행 시 자체보관,,사업주 또는 경영책임자등,연/수시,,자체보관,self,자체보관,-,False,False,False,연1회 이상,,,,10
DOC-SERA-005,종사자 의견청취 반영기록,COMMON,일상,중대재해처벌법 제4조,법정필수,B,A,workers,의견내용 반영결과,3,,"[{'no': 1, 'source': '법정', 'law_ref': '중대재해법 제4조, 시행령 제4조제7호', 'field_key': 'worker_opinion_content', 'field_name': '종사자 의견 내용', 'is_mandatory': True}, {'no': 2, 'source': '법정', 'law_ref': '중대재해법 시행령 제4조제7호', 'field_key': 'opinion_collection_datetime', 'field_name': '의견 수렴 일시', 'is_mandatory': True}, {'no': 3, 'source': '법정', 'law_ref': '중대재해법 시행령 제4조제7호', 'field_key': 'review_result', 'field_name': '검토 결과', 'is_mandatory': True}, {'no': 4, 'source': '법정', 'law_ref': '중대재해법 시행령 제4조제7호', 'field_key': 'reflection_status', 'field_name': '반영 여부', 'is_mandatory': True}, {'no': 5, 'source': '고용노동부지침', 'law_ref': None, 'field_key': 'non_reflection_reason', 'field_name': '미반영 사유', 'is_mandatory': False}]",False,True,TAI내 보관·열람,COPY_OK,BUSINESS,False,True,법정서식,자체보관,종사자 의견청취 및 개선방안 마련 시 자체보관,,사업주 또는 경영책임자등,수시,,자체보관,self,자체보관,-,False,False,False,-,,,,10
DOC-SERA-006,안전보건교육 실시 결과기록,COMMON,정기,중대재해처벌법 제4조,법정필수,A,S,workers/교육모듈,-,1,,"[{'no': 1, 'source': '법정', 'law_ref': '중대재해법 제4조', 'field_key': 'education_done', 'field_name': '교육 이행 여부', 'is_mandatory': True}, {'no': 2, 'source': '지침', 'law_ref': None, 'field_key': 'result', 'field_name': '결과', 'is_mandatory': False}, {'no': 3, 'source': '지침', 'law_ref': None, 'field_key': 'action', 'field_name': '개선조치', 'is_mandatory': False}]",False,False,,COPY_OK,BUSINESS,False,True,법정서식,자체보관,안전보건 관계 법령상 의무교육 실시 여부 반기 1회 이상 점검 및 자체보관,,사업주 또는 경영책임자등,정기/수시,,,,,,False,False,False,,,,,0
DOC-SERA-007,도급용역위탁 안전보건 확보기록,COMMON,일상,중대재해처벌법 제5조,법정필수,B,A,factory,조치내용 확인자,3,,"[{'no': 1, 'source': '법정', 'law_ref': '중대재해법 제5조', 'field_key': 'outsourcing_work_scope', 'field_name': '도급용역위탁 작업 내용', 'is_mandatory': True}, {'no': 2, 'source': '법정', 'law_ref': '중대재해법 제5조', 'field_key': 'safety_health_measures', 'field_name': '안전보건 확보 조치 내용', 'is_mandatory': True}, {'no': 3, 'source': '법정', 'law_ref': '중대재해법 시행령 제4조제9호', 'field_key': 'contractor_safety_level_check', 'field_name': '수급인 안전관리 수준 확인', 'is_mandatory': True}, {'no': 4, 'source': '법정', 'law_ref': '중대재해법 시행령 제4조제9호', 'field_key': 'hazard_information_sharing', 'field_name': '위험요인 사전 공유 여부', 'is_mandatory': True}, {'no': 5, 'source': '고용노동부지침', 'law_ref': None, 'field_key': 'inspection_and_improvement_result', 'field_name': '정기 점검 및 개선조치 결과', 'is_mandatory': False}]",False,True,TAI내 보관·열람,COPY_OK,BUSINESS,False,True,법정서식,자체보관,도급용역위탁 시 안전보건 확보 기준과 절차 마련 및 자체보관,,사업주 또는 경영책임자등,수시,,자체보관,self,자체보관,-,False,False,False,-,,,,10
DOC-SERA-008,협력업체 안전보건관리 점검기록,COMMON,정기,중대재해처벌법 제5조,법정필수,B,A,factory/inspections,점검결과,3,,"[{'no': 1, 'source': '법정', 'law_ref': '중대재해법 제5조', 'field_key': 'contractor_name_work', 'field_name': '협력업체명 및 작업 내용', 'is_mandatory': True}, {'no': 2, 'source': '법정', 'law_ref': '중대재해법 제5조', 'field_key': 'safety_management_check_result', 'field_name': '안전보건관리 상태 점검 결과', 'is_mandatory': True}, {'no': 3, 'source': '법정', 'law_ref': '중대재해법 시행령 제4조', 'field_key': 'hazard_control_status', 'field_name': '유해위험요인 관리 여부', 'is_mandatory': True}, {'no': 4, 'source': '법정', 'law_ref': '중대재해법 시행령 제4조', 'field_key': 'deficiency_and_required_actions', 'field_name': '미흡사항 및 개선 요구사항', 'is_mandatory': True}, {'no': 5, 'source': '고용노동부지침', 'law_ref': None, 'field_key': 'reinspection_result', 'field_name': '재점검 결과', 'is_mandatory': False}]",False,True,TAI내 보관·열람,COPY_OK,BUSINESS,False,True,법정서식,자체보관,도급용역위탁 안전보건 확보 조치 이행 점검 시 자체보관,,사업주 또는 경영책임자등,정기,,자체보관,self,자체보관,-,False,False,False,-,,,,10
DOC-SERA-009,중대재해 발생 대응조치 기록,COMMON,사고시,중대재해처벌법 제4조,법정필수,C,A,factory/workers,대응상세,3,,"[{'no': 1, 'source': '법정', 'law_ref': '중대재해법 제4조제1항제2호', 'field_key': 'serious_accident_occurrence', 'field_name': '중대재해 발생 사실', 'is_mandatory': True}, {'no': 2, 'source': '법정', 'law_ref': '중대재해법 제4조제1항제2호', 'field_key': 'rescue_and_first_aid_action', 'field_name': '피해자 구조 및 응급조치', 'is_mandatory': True}, {'no': 3, 'source': '법정', 'law_ref': '중대재해법 제4조제1항제2호', 'field_key': 'additional_damage_prevention_action', 'field_name': '추가 피해 방지 조치', 'is_mandatory': True}, {'no': 4, 'source': '법정', 'law_ref': '중대재해법 제4조제1항제2호', 'field_key': 'cause_identification_action', 'field_name': '사고 원인 확인 조치', 'is_mandatory': True}, {'no': 5, 'source': '고용노동부지침', 'law_ref': None, 'field_key': 'response_owner_and_timeline', 'field_name': '대응조치 담당자 및 시간대별 기록', 'is_mandatory': False}]",False,True,TAI보관 + 팩스(팝빌),COPY_OK,BUSINESS,False,True,법정서식,수사기관,중대산업재해 발생 시 조치 및 자체보관,,사업주 또는 경영책임자등,즉시,,자체보관/고용노동부,moel,자체보관/팩스,-,True,False,False,중대재해 발생시,,,,30
DOC-SERA-010,중대재해 원인조사 재발방지 대책서,COMMON,사고시,중대재해처벌법 제4조,법정필수,C,B,factory/inspections,원인분석 재발방지,3,,"[{'no': 1, 'source': '법정', 'law_ref': '중대재해법 제4조제1항제2호', 'field_key': 'serious_accident_summary', 'field_name': '중대재해 발생 개요', 'is_mandatory': True}, {'no': 2, 'source': '법정', 'law_ref': '중대재해법 제4조제1항제2호', 'field_key': 'direct_and_root_cause', 'field_name': '직접 원인 및 근본 원인', 'is_mandatory': True}, {'no': 3, 'source': '법정', 'law_ref': '중대재해법 제4조, 시행령 제4조', 'field_key': 'safety_management_system_deficiency', 'field_name': '안전보건관리체계 미흡사항', 'is_mandatory': True}, {'no': 4, 'source': '법정', 'law_ref': '중대재해법 제4조제1항제2호', 'field_key': 'recurrence_prevention_measures', 'field_name': '재발방지 대책', 'is_mandatory': True}, {'no': 5, 'source': '고용노동부지침', 'law_ref': None, 'field_key': 'action_owner_due_date', 'field_name': '대책 이행 담당자 및 완료기한', 'is_mandatory': False}]",False,True,TAI내 보관·열람,COPY_OK,BUSINESS,False,True,법정서식,감독기관,중대산업재해 발생 시 재발방지 대책 수립 및 자체보관,,사업주 또는 경영책임자등,사고후,,자체보관,self,자체보관,-,False,False,False,-,,,,30
DOC-SERA-011,중대재해 관련 보고자료,COMMON,사고시,중대재해처벌법,법정필수,C,A,factory/workers,보고내용,3,,"[{'no': 1, 'source': '법정', 'law_ref': '중대재해법 제2조, 제4조', 'field_key': 'reported_serious_accident_summary', 'field_name': '보고 대상 중대재해 개요', 'is_mandatory': True}, {'no': 2, 'source': '법정', 'law_ref': '중대재해법 제4조, 시행령 제4조', 'field_key': 'safety_health_duty_compliance_evidence', 'field_name': '안전보건 확보의무 이행 자료', 'is_mandatory': True}, {'no': 3, 'source': '법정', 'law_ref': '중대재해법 제4조제1항제2호', 'field_key': 'recurrence_prevention_evidence', 'field_name': '재발방지 대책 수립 및 이행 자료', 'is_mandatory': True}, {'no': 4, 'source': '법정', 'law_ref': '중대재해법 제4조제1항제4호, 시행령 제5조', 'field_key': 'legal_duty_compliance_check_evidence', 'field_name': '관계 법령 의무이행 점검 자료', 'is_mandatory': True}, {'no': 5, 'source': '고용노동부지침', 'law_ref': None, 'field_key': 'submitted_document_list', 'field_name': '수사기관 또는 감독기관 제출 목록', 'is_mandatory': False}]",False,True,팩스(팝빌) / 노동포털 링크 안내,COPY_OK,BUSINESS,False,True,법정서식,고용노동부,관계 행정기관 또는 수사기관 요청 시 제출,,사업주 또는 경영책임자등,요청시,,고용노동부,moel,온라인/팩스,labor.moel.go.kr,True,False,True,즉시,,,,30
DOC-SERA-012,경영책임자 의무이행 입증자료,COMMON,감독대응,중대재해처벌법 제4조,법정필수,C,B,전체 데이터 종합,포트폴리오 형태,2,,"[{'no': 1, 'source': '법정', 'law_ref': '중대재해법 제4조', 'field_key': 'sms_establishment_status', 'field_name': '안전보건관리체계 구축 여부', 'is_mandatory': True}, {'no': 2, 'source': '법정', 'law_ref': '중대재해법 시행령 제4조', 'field_key': 'hazard_identification_improvement_records', 'field_name': '유해위험요인 확인 및 개선 기록', 'is_mandatory': True}, {'no': 3, 'source': '법정', 'law_ref': '중대재해법 시행령 제4조', 'field_key': 'prevention_budget_staffing', 'field_name': '재해예방 인력 및 예산 편성', 'is_mandatory': True}, {'no': 4, 'source': '법정', 'law_ref': '중대재해법 시행령 제4조', 'field_key': 'worker_opinion_reflection_records', 'field_name': '종사자 의견청취 및 반영 기록', 'is_mandatory': True}, {'no': 5, 'source': '법정', 'law_ref': '중대재해법 제5조', 'field_key': 'outsourcing_safety_measures', 'field_name': '도급용역 안전보건 확보 조치', 'is_mandatory': True}, {'no': 6, 'source': '법정', 'law_ref': '중대재해법 시행령 제4조', 'field_key': 'inspection_and_action_records', 'field_name': '정기 점검 및 개선조치 이행 기록', 'is_mandatory': True}]",False,True,TAI내 보관·열람,COPY_OK,BUSINESS,False,True,법정서식,수사기관,의무이행 입증 필요 시 자체보관,,사업주 또는 경영책임자등,요청시,,자체보관,self,자체보관,-,False,False,False,사법기관 요청시 제출,,,,30
